commit_id,label_AGSZZ
fa20147591fe2c8545106eaa70d4fccbe54750f4,0
9d2d9d9fccadb8bb0405f9949e178f4f4cbcaa29,0
90f2c624c452206f348417314d662924b82a6d51,0
9b76a1a302cc5356bc86e22d51208086b6522f34,0
4390163b87f556c3c3c6fff22613d323909e5aa9,0
4107624de41aeed37985d2a069fad41992fd71a2,0
4abc176e0217478b8019c0e5c92b582eadae2b40,0
cf2568b08a52f525e458ebf126e1101c120a43a6,0
ddbe07377c8708b62bacd52c1e9ad68484426f26,0
b8b6a1a8811be61416fd310044c5df3e1a0652ae,0
994b61f8bd5f95f0d5b0b0ebf0a161b610c6022c,0
1ca43cddcfe8227fb16f4b7b2ff0977d88bee590,0
ef519685cb0deb4bdeef89003a4505fad9c9b0a7,0
8c01d5a6eb79583895ae35203250c0287bfafba5,0
6ee9dd78c79f367dd8e3e1655e4664bcec960ad6,0
d58a5e3a1258877bd94ba79db9f8a5f90892624b,0
70fb49dd20955245f40a92a45a7be548554aafe2,0
b8f567cd08223b2199d862cee1ddfe4ac63dd3f8,0
3003464aefe7f1a81a106d7d19092160703b84e8,0
0f41461457a52661d596adcac637f68c8244f72c,0
9c272cc6615522afac1a3e6d2c8aca529f08d429,0
acc0f404d190ecba14dbfa20d18dccca1842e18f,0
a2512f0b1dd197478060a8ecf88f154f316d6412,0
3c77e2399f9858e48014d67074a20424c7f439b0,0
59cd8f9684f64f4eca68afc3bff683a58e1399d7,0
99deb3028d4c5258576cb87d2ad830220103e413,0
e41107dd7a7759acfbcd3ba973b24591473bce15,0
a1496edc75dcfb0b7987d1c3dee433ffa1888b1d,0
9eeb68018295e259744e283910a57587ac5caa8a,0
688bcd32acd9ea55cf802f9c86fba492f5c2344c,0
181eca75d6681f095e2995b5b494769d423b6b62,0
88d8b2f618ea46872ed01a839259a3ef3f7f31e6,0
7a27229ebc6f1ed543328614b35534c599921ac5,0
95754b9b9ce56d181bd31b4e5901f210e104ff73,0
be300233b2afcb8251d0e702163de49b118de819,0
8b2f1e0f94f36313a6763a5cd05ba6d098792262,0
ad63069fba1452a8662ffffccfa4e9eb6a773039,0
4c646f57c3f931038040b5c6e1838347c1043010,0
8a8d68813575093e3075a419bf51987eade48486,0
f1947d87c7f3d7177e42a6cce49a3553374ed3c2,0
fe8eb4989392cb436438978b151aa800b70195b9,0
dc4d1c92c2c68d1e7b74d20e73991f751eec64f1,0
5d0895de5bc00c5a025a17dbd51faa9398a176e2,0
940edc77bb7a90ee564621cc6c362d4f743f56f0,0
b10db075a89ca4d316aed61a27af484e40284f73,0
b834ef212f138f6889d6c70a9d189047f6158c19,0
cf8608b7d3538b91b12f24ffdb42ca8af22aa934,0
45b83533d64a2033f341e07fb8d68a62607660ae,0
0d9831cdb5ec668218b69dce29f22c5d3242929e,0
daddab8ed667c609c9964d860784996f84eff9a0,0
f2b8c2e198e37130a077d44512a0466db91e9134,0
5b7ca64b122fade798413a14bfb5276a770aaec1,0
541936df69ca55bd7981b1e73d95fb9fd6c2b7e0,0
670382189c3f6a692deb3d658edffae245a91c59,0
14375bdba38421c174d646c40b8b757cce52dd45,0
68a3c306d81dffe5bad59443dba3a7f5513178f4,0
3099308e4bb0155da6e8f4ea0d0455e06985a91a,0
21c7d050043fed83dbb27d818bcb109c87efdbdf,0
4c7abcca3a14ecd6f7ddfaec3af94a39469432a5,0
110e7d1d38183befdf9449b5bb877502e38f8b8c,0
6eb1ecc870a001946954751ffcb872f804640399,0
e572c54441e9ab72ebd53ddef1e744be071ec6a7,0
c3e939501d2ae7c1fa884b3ea1ef666f84ccd975,0
887ddba9cc9ce33d941dd7a1caa81739a26e33a7,0
0b935ec51f60121602211612217932e3b7e6b376,0
9b0f41f0ffd2a2e358627a0752c9b937b92b5d81,0
2d93ef7392295b792eb2e82c80156842d8a521f1,0
c889830940ea028a9657bd825871707dca2e8ccb,0
572f9be73d743cc3d360581f18680859c6a45b96,0
f0ef31b687d1ca15c1a1487d34de5c81ae193920,0
3dbd6861bb32d2a41520514f5c2ded7b1a830245,0
4b1a3b0ce818ec59e8e1316efcbf12ae645c8087,0
8b2c819e679f57f3a843cce177ec939df282df51,0
39cfde6cf1d4ca5be37261253c1552d7e604ac9e,0
3dcb47ac1f9a1e63d32c6f9dfb31a821cdb93d87,0
c23b20d0842d5a18f312b7417444058c27abd966,0
ad382383e6fc2c16af5b5eda4c5c97584a0767eb,0
fb2b164569a7daf193b40542a2705fc59ebfed5a,0
fddc1438fac940448017da26f1559304761dc55d,0
1b74c8259e2c76e0a18e4a3409e604a5519b4a7a,0
3e47482ab6ed6f7d7b97d8c9d566ad87e49dc0bf,0
cfe620965d13f9ecdf6e3c3128041c19be89a3d1,0
4b6537bef358900aa6c7375bb8dbe9e1795eba9b,0
cd9c09ac9150292c7f54fc20e0b1c77ef6616fc3,0
487834079eeed9444ae25b232e902e6185f82ad1,0
aefeb34f9d59d6120a71897cbdae7e1ce6fa8b68,0
8b5dbb8bab26ca60da837f0099f010720601c72d,0
fbf71b74369874329460290b406c5837b1ee4728,0
875aa03739b76b127f409d5328b837bd1d7bd6b7,0
4566cdaa4c25e84f568ddf685fdd95b0d4446f3a,0
14250d644d92f456989136f13d3aa52e6dc52d90,0
79e771c7d4fa2b9560c0c4f1520ba5d25bf01f06,0
c4b50063a53c8c141801983c25d9201aa0461f23,0
6343b5dae5cd210a33cc303650118df2e74e0ceb,0
a922663b1da00c10eeb7fd352b027e2d37ea7d96,0
db49091f43e363df492183ddccacf0396e477c51,0
6a0a90f58acac6de39feed806f266737b5bc9847,0
abaa952d1fc8bd3570d815975e13b4cc108e3eb5,0
0dcf60c39941482f15efb23aceb1f8c23e7bd635,0
ce58b94fd0d17a196565c6c1836ae133a8ca843e,0
e6398e58884e76ad64af0a1b3ffe7d0c24dbec31,0
22b084710e0413249150202064e1f5ca552dc1bd,0
cd4ded3913ad6be01a31d0a575505cfa3511467b,0
604b11e19b0fb08e91cfb88e81debda0e4b24014,0
9274f7d22840d3e732ba5a61a39de27546bccdf6,0
3bde84b73342b4546526ee904923bd6bb27bddfe,0
541f38a30dcf16c2f209333a3a61253219e51937,0
772843b66840da84edb796a158cecf92c81bd0fe,0
5a4fd8bd95d0d9dd975f02615ad509a4b3b55ad1,0
379517a95df31aad925a1a662a8dc5d7f1193caf,0
8c314877a61804c0c8dffbad0c91fd1d8d271a43,0
3aa611c16af125d364b0f2fbb96a7fbe2337297e,0
4bcf30fc459169836a527f76af66440b7c362ab6,0
f5db77e1bc27ec55f13f95da6edcd583b6faed1a,0
b9775182f9c3472174f8a5f64c51c31c5315b18b,0
9d86650610f8aee99424cf1cfc7b48cd3bc71efb,0
c03e4856f79f895de8169dbe3332af7c564d85fc,0
6c16ca019f13cff5d8e07ff3f5b4bca8fad34dbf,0
fdd801e1a2dde86a617f6d018c7c3bda81a35e2a,0
af6d2953620c20908026f628d95f0c4b379ff54c,0
f5e158b7c5590e8112b675ace2cbc042af900e1a,0
b34feb65a213cd15498b8d5097f04f6b1efb8487,0
3414ef9fb4edbbc6c0c89a1e34ad76215dc854ea,0
acc63f4675b03a531fddb7e51a26c4f99916cc1a,0
2ff93fb8c69cade981ae981ac4d3ab2ae80274d3,0
a550fb3e0924a852acb451aa93b73502a22f4403,0
bece60af19b57a842eef99db48d96066c6326c31,0
44ad5537f5b25ede073020a47b9977ea692477ea,0
19785746c34a147b4f8afe0676644bf42f65c6b7,0
6dab3336fa38d04d789f8cf41858fd6815780b0b,0
eb43fa67a974dd87b5796d9385ccd95c49518ceb,0
4fc131d11d8cddac06403442d5475bce53952fa3,0
b6d5d78eb95efc938785775e6d7aa58a7801a0d2,0
be7f08a4bf90a83d303942f7fb572ce9e4f9ec4c,0
28a7cadde738ae3129981ea7cfeb126e00e1af9c,0
5a72bab9a548d220e5a0b2e0910f3a6fb416680b,0
d1271db6921300fe3853f9da1fea9f19730f3a51,0
09048c1b6b76063630196e58afecdd10f15a4ab5,0
3de90d29a135bbece9bc12ec009ed3ba472ce2fc,0
d291fa4b7263b215b2eff47d20c8ffee85d42069,0
4059c03076ab4113e7376769a7a12b8b1bea5640,0
ae1fc705abf54c1b740aaf6b7afb7b09a20bf58c,0
6171ecbb1dc89f3e2d3bae659b6364995fbc6027,0
b219ccbe7b95250abd3ba3143edf340b7fad1943,0
491fc77589f1b262d19f5c109fc42794edfcb36e,0
e78f814ec86f3a85cfa1b0f5e07e4fbf2ed24a97,0
707613ea1e36f228ce0fd90a6580ca9024c7ff18,0
70bbeba44d9898e63ca5da3bacadcf69cc9cb07e,0
3c402b4b36d2752ac36c7ae2649c26317d95794e,0
f5de5d9b8ca7cff5a48a3b4b87f062b246dddfb6,0
751a9868cb995423355ffe2d76c90109df20a7bf,0
4db4327796f9679b9e57f6788d1d7bb2e8459360,0
b2412b2b30968b6ec323b78e06928115c68bb44a,0
e218502f9f82237404bbce8e8ba5f81ffb467198,0
a70ffd614602fa07d2429d76f77abcd1816d0be9,0
c119c75f6ae460ec152ea30ed2d1cffa09bfe738,0
440aa821c372acec3dea6f0de5cd55763a096525,0
dbf599d62866a28f7d6ca7d054575b68beaaf55c,0
1ecc3b70724833e0db92c730a255c9f1de05db2d,0
ed9219076c47d6fef661375f81fdb2ee6261a5a2,0
4c36fcdbc5b63f6a78fe97ad6708fce71a91de2b,0
d7d7a1f8f311164a21680a3b39156634c735cf21,0
e8dad3d5f7558b1dcb405ac9c1be6547fab95976,0
95283b08ea1ec83b09b4bb8ae0c8004da5476b8d,0
970c4da2ad02562d82a6047088e1828e13413ca0,0
cb4886d6fd6a23175558ba93ef01b420b4556a5f,0
a7f8871557d6082e0708ef0505fa13c4257b83c7,0
167b284e44bc969bfe91a31cedb52e45d8da3f7f,0
399145ae9fbc841d6cf521c1619c12e71a345d83,0
428f930a31378ac85147a431683104ff12aaf469,0
2e3ef3c8675c9b4b8ccd7f8ca3497817f415c35d,0
d64768f4ea849e1ce6fc422e571abfa3a72f2f87,0
ec02b85f040b894cf5365cd9ce34264ad4c59d88,0
0d5bbc2d96636041e67f8ad332759193ee92ab31,0
31253fefffb4410266191d57d5340bd276bc8b99,0
e9d0c275f93cd7c72eb7a24e809a4d40e874a8b5,0
943dd8da8c4269fa48446935bc64ab5d7929184a,0
43041f0d13feedddd1b72043f8b928006d3e4f3d,0
eca074f6e218df3a1da6da24e302f6d50914870b,0
e776a1cc9ac10a968c34fac26417fe95435c3ed0,0
4329beecfb4947bb7b8ec7418a7033dde41181a2,0
0cf09633b39e81c0e0a3c8d69bff2f7005169e14,0
101894671c8830f915c4c03d6b9512f7f0034a2a,0
7daa5afa9e9cfe66f35043e1927a22c40735c9d0,0
0c2441b3b622d43a0f0acdf356c9f3c71527c1c3,0
5dd287cd2850e30968713b330641e6ae36aaf5ef,0
9b59357a14f547402f5e536f8a08525c080b5a3b,0
50241a5fbf40ade88c05c50ce096d3436daa18a4,0
a8ee6f4d8c4b62175a3069af8d0cae600cd63551,0
e1ce56f243f14dc711047a61a9abe0305e1412a0,0
737ab8d6fb471fb544a90373860d5210114c600b,0
84a89a5b6f29c82dd04b154cb08157f3f17c07d3,0
3cb647e7eadba3f9d6dcb8a566d52f78134061e9,0
ca83f8699e10403be6987b92fb1a877743df8262,0
dad2ff61e516a601da8179708959263e38af8d68,0
5974e618e61e5abe7ead57488c76c741c2e3e5f7,0
42bb20ffd14dc23dd9db264b3ad9b37bf6f71189,0
6742fee39960967a679468e118e4185dbc9aeb2a,0
267158997f4af7d51b31cbd0704ea0e9aaa4858e,0
e827e7940fdbfb369ed7319066029bcd81006172,0
6cc1adac1596cd9324aab53d8f31eb5c2d610d8d,0
ab56a8f7f5cf940260a80aa1234c889a944c4904,0
75699fc1c5e388ab06f1196cc9bebb078d30f1b5,0
e57e61235e47bfb508d0cb3fc9fa59d6913ac3be,0
f24800fa4565482581053a3d7b767ff84ee44a82,0
87fddfbd0934482364b293ec7ca5c56cee8dc128,0
4a56d4b8544c284fc4a80687a314657817b6a103,0
362976168fa5b3b066a3daa722a4629480bad267,0
a30140839238bead6bd90def76f727ded8d7f013,0
ed0f834ae3484a56b9eec63e1ac53156454c968f,0
6d6ea087f18772b8638bb16c47994c7921054052,0
91d325b10ab5e74ded6d5cad94a18930498a23ca,0
57bf6e4144a8bf7c65cbc5453c2e4fd8af0f71f2,0
5ebef4f69a4c558e5e16303081a2be0de0a45563,0
291ecb5af0ac5299fd18ba3070636fd426bb82d8,0
8ef7b7e4fc1b671ae2875d30b5c27f85097801e3,0
ddf3bebbe6a1b9b19e1b7352bb8f075e4f700cec,0
72ad8db3763a488fa22a5b002a3f64d3ad44791c,0
17efdd33627ef7f08826989ba85f65fb81708a26,0
0892eec5471b5c235c795cb1c16432ee7e7acb98,0
6203bfba4c5f8c64ec49dc856a4517afcab4fcbb,0
e2a9c541c020d2a77e4d75e3661b3b339928f71e,0
031bad87322961a4b8f4a104a5fe679d136bcce7,0
9851cbf254cb900eefac81101d5acb1aba7c5962,0
02ce5bc21e5b5691029efec3692f74b6d837dd03,0
9b6be97bfbae90b6251ebdab64915367d5396ad3,0
54dded70be00b36586f5846941bf65d352da6949,0
c7a30f3f0242cb1a4fe95f7c1024f1faffc11465,0
6e0991e3ade7508a69fefe330d68ebc7e7ff6c50,0
041ee5a33253f170158fff2851cc1ef452c5e165,0
b5a45e7def2c6fe76c8bc9e3834612aaa757bfcd,0
ac7e67cdf65bbe44d3a22587093de238e7eea2f0,0
cb861853160556da2e5db9305cbb63f72dbc21c3,0
f8547365ccabb6ef1a5ba9b5f1f99b20ab9fd06d,0
2800e029895274ee2651a4b545122c3c2a3a2cde,0
558f5c794d35512bac6ad27cfd59c899c737a3aa,0
9258f65e9e2d41cfbbc2b08dba4c42060f26b308,0
79ec4f2570130e922aa690e5e200b56c0acc5eb0,0
2e017a94428c2f8a5c8f0b1304aaa5bdb69c5b32,0
52c8d445bc18778e42d20d41329abda8781ca4f6,0
968f3ba45a44d8e3c649bca3d77ec9961b356826,0
bf664edc4b3c192518ebe09d419109fc0479c4c6,0
6d4b12467b6289484d062f346eca2f870f4bcb3d,0
4e365e3c083c0779e78fab24c2e3d064b55e87e4,0
7de7703695a52a520a953585081fa2a0a79634bb,0
b533ad6c0527027ba08d9a9891b09d7eaf1af98e,0
f453fe10412048fe48141aa5c6ff1a4c5b1c15e8,0
8631ca30ef6222cbafbbca87ca5a5d6123354263,0
6a58b245ccd99f47ec417b84685b7e93606bbbde,0
3b157d054b51e9bf72bd7555fb4876e0fa003d66,0
7fa73f037691af3120073b7bb4e8463762b34af1,0
e5f1ad4f74fbdb2b47c4018175e2bbbca53f7fb7,0
700a3c88152b800e6d227eec367b5a641b148958,0
ddbf65deb890f2a9d96c6550f2bad15e9bb139ab,0
7f0ec2c9e89085f819d150608739fd98a3de87ef,0
9791af338f5c71a82d647cc0ae5613baa5d1ab76,0
17e40fc20d63311dfb3bb8ce3a97403619537771,0
05af07abafd8fcc80550e92551cde8ab72533b1a,0
8f00daf0f280b50efa7ecaf749e8f2957f5aea09,0
8b9fe3c43fcca2d6a1964e9dc6e1e036dba5d3e5,0
3eea73760c4fdc9e1445b2486df9b8909d9abf91,0
1e15aaf1079a08706816816091d9ce761e6386ba,0
3affddf334682434304c1ee2cd75bc2d6274f405,0
022bd5081f8d938942a48829690c6680529b6404,0
77e6d8c2e483e8529f5cb961bdcd891c834b9426,0
9bbda635b609e6de971a8510f5c7f98683e1148a,0
0fcbbe5b8794430769c60c9e89bed1577aa02b17,0
0f0abefb68ad4475f6fc6a7b7e9326a0d5f535d7,0
1009964df2bf7d7e65508da1005f22e4a50bad8a,0
0d89ba26f8127b4bc9134177d4dd2f352570772e,0
3272cab7ed300d53bf40aa0073dc49d2234d49bf,0
d6af2a7dad1728cdaf6efcc872f0f039f0be904f,0
aefd2691e92be194f4a134df67979dc41d9ca925,0
4d9e0bd33a050cef05b0f65289770d8bddefad3e,0
b780c2989ebc3423ead8637c48afd20cbf9f805e,0
3e713212929fc5e51793203c40006c57eeb0e9bb,0
33930cf1a3c3ca30b25bfe75d15e49de4aaa85cb,0
6f2ec59aef95b6528d1a2818d381fc19a82c724a,0
be6b6e49c2a9facffb534b921a37a3b948fa52ac,0
c1d1aa92f46b22879bedcb9cac4d19c413786e36,0
5aa50717a2ab16b987260c09fe8db9bec26cbaa9,0
b249c17b30d4f71ecb9b659faca57e0b23997a10,0
f42a7af2662546b4a7f8a7166c1c0cbd2b638980,0
40c0cb45fd93f33d6168c9c4ad8346528cd6b2ba,0
ba48e2013f589f86b506a312093d12128160e2b6,0
9555b493b23672f48e1b089db0507590e8619a61,0
7f1374e7a9d240fb5c0ba3ab4076b3c97432a917,0
d4319d8c301821e86bfc1bcbebcc138e1ed145dd,0
c08e9a90c1d1fe20ded8399fb67b320840ac935d,0
ef212d1f02c73b3336dd7df793ee43adf77e0c81,0
68d0075256ec676f4fc480c9d925a62994cc205c,0
4907488764038d2bd8d33a4e5ee8aabe95f11e37,0
fd8490aea221b82dbca26e462f4e7fa161f45e95,0
3d5ba81e85f6105ddbefec1c4dd532acd0e9b495,0
76d204c89edb4fac9990876e664185fb0f8011ea,0
5de03cf773b915d0dbea097162996cb018d03009,0
99c8a4d11823b554ea9a28015d224ae8bdd4224a,0
ca3d5dca50e9114f60b8b75b00cec37b23d48576,0
b9ad3bd7728ed41c1c258ab7d3df4ab8bbaeeb7a,0
86e97e6d336ff00b8bea697041da0a4d7172e0db,0
e74b48b03b275b6d8f6b7d29c9bd4c4c6d14def6,0
9213396e69133e8ffff41b4abe44d6ffb8b59999,0
2bed7c70a2cd38cfc965079f7273888e46ca54b0,0
9f34893fb78269c3a9a9a89576bdaae676b66729,0
268ee340f0d0be4fa6f65ba1571fa7fd1c6e88e4,0
7209aabe965d128b3c3372d094a75b7558ea5cc8,0
879d274971eceb8aace62f44ce6201516ac53038,0
8831944e5c176688a89d6cfbded8dbe1951cc8a7,0
84000199ea2a1c2e90761e4a96e3fdc9fcfe9694,0
561aab8132fc8b12077f22850402c272d8821268,0
2228018be1d88154be329327e295558e197e5cb4,0
f0cb3c97857f4b5bfe364d49f07e29d6931f2ad8,0
c292567c96daa9a48ae0eb7a33fbd907497457d5,0
7f5cde16eddb67df2927abfb1ab3105cfba37b74,0
9b122c48770ef1c3403864a88006d864e66f6520,0
fde741e259c9b9d37664303da01524aa2ab01abc,0
c4ad5f53ad36fcb249fb7683e09d6127a9484dcd,0
c1f3cb2382c6edb6324ab50e925af8ef52add786,0
1fba2968f86adb5a140f2349b63cdce36fd63f08,0
fab8020385737d57c66ae1ca4164dfeec039741e,0
e605b5863156d9c15e17ccc01cb5a1df7b33fcb1,0
d7a8201d50f1a5c291d64015200a9648c6eb6ac2,0
a60ee0c714939816cbb44833b11ea263a1defa23,0
de7f14bf44c9eebf1314c69feeabadb4759c6261,0
9949ab1df31c4bf5c6c3ae51c1831ffbdb2fef9a,0
5fbdf9222830b82447f0ad2acf935c0cae350039,0
1e126b3078f40ebabc215a5cc0f24d47b0b0ddd4,0
2c314e01706b5ebd2424e28ba4f04a4db210f6d2,0
24aeebfcd49eb97568aa6c395fdfe3e37f68593a,0
74478b79a6e9f9cfe9a32121bcdab88ecaa4f963,0
961711d97d7ccb0831c2969bbb93f3bd81fc04c5,0
555894976701d77bdab8140c4d9fd2a853ed7b5b,0
1c8915dfc7017c89418c612c9003872c5151133d,0
102e9a51f72f6f538f9e34276e7171fdbd4f964d,0
41c23d70e58990d4d2eb87a6aac3da438861de62,0
d451563b2df97b452b69e378349bda6b70320036,0
8c13b51989cf11391323b290c340807f4bcd6f13,0
8b8b37bda53b73e444c3254bc8f10ebdc6411c66,0
3e2494f4129118607042a6e52edc10334eb07e03,0
54a49398d10c0f667c2f0e2a03a353ce327090ca,0
3d1ee7c87a3508a476ba8695e037c1d2a278b6b9,0
213adef368a73a01926b01313a2eda7e9bf78e6c,0
426d8ddb4b2cd155ca7a4a64ab1281b66ec36549,0
f0665d960f472d24706e7c9baae26d9e0ca34bd5,0
71a88316b737a06d86949f79951ff3d5a010e31b,0
28f3fc12585d577e97834bbaf1f569643c14d717,0
405ccc2330b0ee274a525d2a7e80c1b4d3477f42,0
32c419c02d623a0effe44af671eeaf89c5e1a24f,0
d641e0418d3512f56812a07076e74ecd63879ea2,0
b4f7e12167abd64fdccd14bc0a532dde935eef1b,0
ddcfe11bbdba0b502b7ad7c6693d9035ab8d3a3b,0
8bd0ef15de287d6bd444ba8daf15370343634980,0
6d7d150b3a03bff6e5541c073b857f21b8c08a74,0
9fdb5479771eb45281e9e0040894170a5b602879,0
e96986a5c61e8fc9e7a180579ef793253161b7c3,0
114470864d0b87e0d7d8705235da325f790e4600,0
f4d2b39ad102343126030ce68f698c274585db89,0
34d04aa00560e50c8dca25da5af7255ee8b33626,0
d469f16829068b8060b867187e5902cf197d17f0,0
52c12b34d7a6a8f2a28bc0055e5937701ac1f23a,0
08bccb31444955ae3a29e345df205fc8d979df29,0
a01e9528bcd95f98183ac08bbeb57cecd98d7ca5,0
673adf914cef933cd648e7d2e1c71c0ced7def4b,0
512b27f237fd0da03f6a5b7eea9a481d9b5d1bff,0
fda5b967b89870bee3677e5029eacfc2c3ce8ddb,0
5204efad64e41a595a3ae43020b89971f3e02547,0
43be18fd2f306cd506a190d122d679963b34bdca,0
a8a7cb8195dc851b71287a639e9440e3144632fb,0
564117249327549b68872a530d9fd5d3fda12296,0
93e23919b9152a35e1cc93c6b78d527e1e65e0ae,0
5990c64b9fb3bb4c4ce2c3cdd1090170e87e8e06,0
fe1d1a535cb19c0cb50ea4ce818d382483bac9c6,0
0244eef9ab31d2ff48b9518e3abd14d6f88d7171,0
43ed57c3bc4740cef31d80fc26afc962a64d167e,0
0680c66f3fb73bac377c0043f618a4114c2ce00f,0
5bbadab330e0f645f5c8176a631248906785824c,0
494d5e99d35eefccf60a8a6e03df883e84ed2e75,0
9d9f159a5836eb9eee248ce0bee07fdfbdee412b,0
8c9ab3d192797067f8edd45c077e16e863bddf7a,0
3ed2a3af9addafc70999922081ea3131ed10417f,0
66d35440640cd371eac0d961d5ccd6048b6e21f1,0
415a24f56dd24ad49538f3116f50059e67a1e852,0
19119be9ab677d1b4b3b205fa03f5f0b28c93e9b,0
bed78c121f8854abaf6e384ba58d1437f42613a2,0
d7c097edb8a2f4565cb7c7f9588861da655628f4,0
8f97f577618cd12e02b7dd230c3effc3200813b1,0
93dc17df6644ec74209484423a63bb2abcc0db3b,0
40dafff5b8d424965a4166b7fee5e0fa321f33b8,0
7bc2298faa8047b758acadd0bd549819959551d6,0
7a96eea5f34e5a6cc754abe35945a70175e05316,0
0d26cfec2e9ca351ea99bf60f98dc46d767990ae,0
d67b0490bc6802fc3b66b110ee33a0b9707ca1c3,0
62dd6a27729148e7fb5d6f8da7a897bc4bbf56b4,0
cd7c568e3884081a66b46feca088b5adc19c32d2,0
a4ddf7e47ee6d158290e0a6b52227aab1a7b2919,0
84681eaac838ae3b99e5b8619970d0fecb5bb93b,0
b561f9373ef96dc771c404ebe4a41d96eee33006,0
6b23943c130f7242166abd6be0b20d8a896ccdb1,0
6141828b524cac0f89f3bf12ed60e1449e521124,0
ae71969c99de537f2d71843c55164f4d71605012,0
b39304bafbfb6019bfeb3a5b144f3d3b1c51cf31,0
ddef8cd637d7331d19ca099828fc67864a8d404b,0
923cd00d620838dc9ec4128c94c6156844773bde,0
756f53cdd4dc403173398015a90358d3649f3a15,0
4a8ecfeea9683e0d04fa14bff25ea75b95fe6015,0
5ae4fb9b954f2ec15e304c6653edcef9104f4723,0
7ab92fa0c5ed356b4f395320724c096a063425b4,0
845c0e5400c5a804c972bdd9d60e6852f0c268f9,0
ec38f6fa7f867000eed81791c3078b327a451d89,0
3269d994cf03117bc0b5c22c0ee59ccf5efd6263,0
5bd00c1f8f444df176f40b9264656869cc4c4737,0
ecf5444f665a7055baf79c0e5613b0e53fa65163,0
87408a08f812b88b73ec5732c2cae1204c69ad01,0
d8c59cdbc79d41b1309720d745a39735b334ae86,0
835a6effe3f6e7b9c5b8f5e80a7e731d0874cfd9,0
79ca330e5bdffe080d2bd6f4d18c43e3d1cc53f6,0
fadb565dd31c083b9abb0a91902842416402ae20,0
a41f78960adaa726d49b54fe025977b1da604279,0
410c5db8dbc547c3971e1366274e0b2d53bf2357,0
2a427b09048d9b5534a9b01f3417113f5c7f2025,0
ca46314b21922ecd42c03810ffc80ce62f502ade,0
8284b529c10d9cb82439d0bf316304a3f61a156e,0
62f29d9f56d1a9c7c68250a18035f62a00ba5429,0
8ecf4213ee4719fa99d6172ef8d0d3e42a9ee571,0
40f0f4acea61c45c2f986c0b1f0a0dc5d8f2ce28,0
fcdfbc31a138d7c1e292baac6df81e37a1ebf7e8,0
c7649734f7f716086ebea6125c615795ffe55dcd,0
7c4a3ab0823017ff72b7bf7bb5cb0ed1148a2ce9,0
6de0e31f066e93d14e137347da0870e31637f6ca,0
a636f7e956befa14a11a570ad8160744627d6961,0
35ac195f137922ed64a8ff959a320ec6aa072006,0
a056026a26ef4e5cba6ccffa47fea0ee499fda4b,0
13c099492ab966d8e1f0c2f829d33e8d2543089d,0
8ba3d3445cc382f27bc5cf23213afab872f35dc4,0
44a4c030601e3fef334295b547bb48668b71347d,0
ff551f7c4d92c02e5becff2caf567f1dc47f5b36,0
a951781b6c03e323de960c5e845d673bd19ad33d,0
3d737b007a970fec976beba45ff196a84566006f,0
48afb43fa43d17b909e07a15e7c7509147d6440c,0
d1a4c56c32dabceb9afa4b5ad5fd1e0a9f99cd42,0
c648dfa0c56b9f7652709470c8944695efca2d28,0
0f71c0626c462a63be7a0b74d799baa4760213c9,0
bdb6bb271b39d72242257b3ed22f3512e1ef050a,0
3344bf3306ad5c72223598bc920c0433fe2e14b5,0
293fcb194cddfc74c37bc8cd975832a0796840f7,0
6af02cebee8f50591a59b8b613684ba7272dc742,0
600df85659023a5df2f8dc3aa60ae5f94ddf20c5,0
f2d66865ef8644312489e57cb32ee31fd29c4d97,0
fad2f4378f1a28f6a02d1d272bc4c60615f8710f,0
8ee475dcc3358dda4364159188ee66c060cfc659,0
cddb12761b17b7ef27b80c0aa854e16882b07a9d,0
de8665ef31eebdfb4c51fd518d97281400dc0ed3,0
bab1f6c2fd31363cc63a068cb59534255526eb61,0
a4c49649d9006d03eb390eab3b6633e807e32dc2,0
ed043d8e1cf624ca0e37805ee6717b535fdab19e,0
0f2e54d6529c5622a9253ee83aa67441946fde9a,0
e4157fcd20506a80d13f25a38f216a2f6f4c9636,0
914efd51370f9cae54e3f20585092d60638c390a,0
e05e6dd24846a608ce486b8b58a2ab1d0415e107,0
583231ad3d8e00f91e880cf4e0fd29528511c479,0
c6305c49740b118d8ca40a8bae53ef0211424f48,0
a4b0e7c799b86dc791705c0879872b752a324d46,0
5097a20dcf144dcef67b49c50840cff7d011c118,0
142a2048b2b7c45ca4ec36c0d82f8051d997ce86,0
8199eb3e9779587fcf33150b08a2128b1f24dafd,0
28e73009424e7f0b5a3009c04f7a6ec5e1a2da36,0
c410d333d6b0923953de461f37d0eaa25e0a4b11,0
b01ed8d1c7e54332fe8587b2c4b223bafa397a46,0
759efd9238adb8e48c2f23576d4fca22870fb9f1,0
a3dca96b37f728aa191ca4b077b6604f2e3d2daa,0
6544482b908082fa204f9e15c8ce77fbc0af47aa,0
73aede3d753d3ec557d3a0e6eb29b2f9e41d36e4,0
b1d848e50cb4fcdc3b05b51cfd62b8bf5d2f139f,0
7f7fb0244abc940a2e9dd28b67508c0483a58c3e,0
cf1e3df7e69a142e926d0cafe162a87d6322bb41,0
e32afac39cdc4834b4db72d905e17eaaac841d78,0
4f810096e6fcee0ccd29b9657d8d38566ab413d8,0
9f1ab2afaabd3e808e462d97160af355ed64f48a,0
de1e00acecf6d6c86b57776a05412aab79f4df82,0
32f59e0493d3c2bcdf9415c99e2dfc278f3b2927,0
725986d9e7f27a05ccf95c02f6e9802757ce7966,0
643039944db847f5162ffa28fe9a9651a6f41fb3,0
c264391eeccd785c64e8a17f876222f4f687054b,0
cd8af14ad3ce620e20195b21458f01b17e84025f,0
022030c55bb065e2d93ce3c7e043264b8f74ab33,0
79a761815b6b1f9f020c1a577e9f1fb14c54811d,0
07e4cca7a18d02c24cc7fab0da4654688f9bdb0e,0
b8d0a7fc32263ea136e6c857c61609b308b26282,0
a67d0764b8ae0e8833ca6164e68ea7b6030ee9bc,0
4dcdf5e375748a428670ca486cfdebb08ad7b68f,0
592f1b0f243a0b2ad85fa4a8e57615e43d5c82dc,0
4d0a42f6e1e144c6b816a9bc18ee98169c95ad21,0
db64c016492bce850b76a5c5818ca270abde595b,0
e468295fcaa2697f46c8c5c97d347bd1b723c94f,0
e76f13f41970ec1d8aa9922037368d1177b2f71f,0
765dfc27c7d0deba9a249f35fb7327d88ff622dd,0
40def9bee604501f56a655683c85c04795e535cc,0
3443beb81390e166c47d1e23c8ba89b33c28e178,0
a01687df7636f8b62feec652d1e9864ca24d41c6,0
3d1c985232d3fe8fff803379b3dae55f367d7163,0
acb8f7240f25ec37b547703946163225010521bf,0
ec0fb90e1e0ef0501b0eec6e777fbb7481f11ffa,0
f1fa5fafc71d665b36a8480ef87315aa5e721ae9,0
b4e7ff365c5b9db4adf829e8e5a200f12347e6f8,0
ce868cb4cd47e267e20f87518d65b8bac1e54eb2,0
f921d7c0909fc3b4813d3faf0e49543826e267b2,0
c8f950067c05d582828fa6e2b7b5b0bbefc72f9f,0
dfc9fd81b7cee061aadb7a25673dd81bea0ac6ad,0
c0fc3b72b8e9267efc6380c9866215960a286a5b,0
3e22618df9583fa3e8716768d76dc738b8710564,0
ed0030fa2e9fff43aa3b754c96278887a696f726,0
bf840192b20f1d3240e5b36265f5c799ae0152ce,0
2c4eae4897d2376e3ce810aeb357b6e9636cd9f5,0
7d15275d74b71be1fd366afa7a670b966b0d4fef,0
3ccf6db7e5474bb71830df436dd97a9132b5fad8,0
9af3341d89888c81939c9a62413dc1ef326a757e,0
9ead80ce22c6816bdc4d82b7d895fff284bae944,0
e859703b742661d5e971c9ac00c56ef44fd7e0af,0
bdfeabead12e72ad379dc368606ffd0b70238f6c,0
2d05318815e85452cd5cce44d3711c4ee3dc3bca,0
1d1dfcd85ba7ef567f1442ca809bbd502b0115e0,0
8ce913d9f568b579dbae58edea71caf2f8914555,0
b040e6d038e870740de0918417a97cb4ff136e9e,0
42daa879e3e2eb41420b5cecfdf3bce09d364b91,0
105413ddf7ec57a35870176fba8911f3150be17b,0
5870ec73365cc11bcde0a9cdd2ca5055423eda05,0
2821c3fe0fd076fb6a81330143c3c6cb3158ca19,0
25969078b5f1ef2942e9c00113c46e50b7fa08a5,0
b0f126809969370c309e2b5f91951d4676f81bbf,0
c446d250c54f17fdc6b0a0fb444fa1f01e45d3ad,0
0cce8df410b8399df6db792ad78f496648eb2e1a,0
bb2ebee5ec86c659a078fb983c4efa04435da9c3,0
99ae265fbb247a4a005d5ab68dd5688ea4aa4986,0
4bb493225b409c4018696790b9beb510df15d7b0,0
0afd0b35bd3116a2c8d34baef7cdd01cb8727819,0
eb6561d2104e8cbc710585bfd920dec5a34cfc71,0
153bb2256c2a7b114c4cc1edc2c916e1b619a7a9,0
e97ed28266faf2fa632e860db27bfe32168d4f1e,0
c6305a5d6330d848519a9362de573365eab8d915,0
2e0cd7ae3c2e54df210fcc6587167abc34621ef1,0
8e408017aef3894d15d535dbd17d5f49c07e34b0,0
90852da344c3c5f6ce13349b9d62665d631eb1a4,0
8addbd6f0fe963c56d9f561950e516fade99f2c9,0
106808e20c6d5a60e09aec0c22412131412f835f,0
34705e73cf113ec03e3e5d4a826a446f0ccc6128,0
7050b8add0e4d825744184bcdddf964c9236c96c,0
5d32fdf3c3f5d1710f618741af9541aed998510c,0
30c8cf47b3de67852b45309063ed4d8eb2e76e37,0
9af5d22d839c37cd3f5b30d821d2b593703e8762,0
b4e41251df5b00bd22c0ba5e025731a73f02d1c6,0
44d74ce255fd65d00b38c15cd75dfd1295ff505c,0
5690be041c35af8615b05d9e70ed5e1661234748,0
a0d7cb569f2ae507b95f66553bc35f3737bafd2a,0
0082d8a8e3b0ae41bf7d558bbdc9cc96a737a7f1,0
97331ce6ecd2979924c2b90742db102c7c816601,0
bb6e12f4d20bc7ca917cfc4eb3d92912c93ce857,0
abe64adbfc283dd855cedac0f8f8ebfeceab4749,0
4bb08ab0aeb3ecf99eadce689a34ffad4bf2a269,0
af658507afca4bf66ab19e498d7f156e5e7e7621,0
cf4a1e1270a253bedb32fa2f411414bb0c11833d,0
924c2b2c2dae47b8a27816fab28cc17056086781,0
ad711512a77fdecd9e5bdba3aece9fbf9ec6c1ec,0
0ba032b6dc232286deb5a021478a6801ddbf9ede,0
92f21ae630a87dc21766521a3887d6459e7044ec,0
b90831d52c890cf035be050fbee7f3898b1ae730,0
302411ab0d0c70d78c5565de98665f3834d8ed2a,0
483e85c7c21a142c10a2d226f0160e5d0b24c666,0
20b38280877458cf7f0b7e3b0e9e5f4cf9469bd0,0
809716595209f130b93eabdc504ce0aced7c2815,0
ecba901b45fd799f3a6610aae1d442b091231863,0
6bb20d5287c0212e14d36d09849438399b02196b,0
bec1ce61ebfaadc9843063b2ff1ef06ad834a2bf,0
3851d44bef974f5643aa11b53cedf8cf5b759719,0
c61f84a0c5444ec86057c5e7ba4d6b57a996f4ba,0
cac694d5c377e3b4f3e86c24e04ee0ef0e437802,0
b4346ecc6395a3bd69e73e5994be42cca0feef57,0
baf26fa6107b666acd21f906e1e2b7ec8b60bdf2,0
d24d7a83aea5f85f21a47a25b0901b6c757598d1,0
8875dad1bfa34c70f8ea75c5cca91b9404d62710,0
e87cc8277ca21e595a5b275212080ac1c6525beb,0
b0281bc866357c0466219f0e4534a1793a096f50,0
7be11635e040e177a0f3a879a851939321040f7f,0
5aee6ade729771f33c736ebcf7a77fd257e254a4,0
a67032e0e9d159f27a9ace79cf0ca183a881ba7a,0
303d9e75a51d058e7df6c222a15b7639b8ba42d0,0
44da05d45ec6ce3c54f0a96c05e82c4cad0783b2,0
0153f0e8f447f93b360323c1781604cc2f06e8b3,0
ffe1af2585057dadfd013ab714ff2ceefa8b394a,0
6b9aa11a038b42b456549fcc670768a175f7a568,0
84cfe34d807f3b51d9b491e7d0f06411506935c9,0
752aaa433bccca1f285d8f5d18bbc64b5a2794e8,0
de4b7f8bbe3a31e58255e79e0e740bb26e907857,0
38f1346176d439b0446dffbbe95fab484c24eb45,0
c147999658b94e48163a0887388f4740d84e388e,0
10d1ced784f873400a59e0c34325d2dee15ff934,0
e39c712757a85f5cf6e4264e471616afa051ace7,0
094bd78efdff674efa404f8ec97eefaa81657234,0
9a9f834fd12f0af04730ad4c2c44c437876660cb,0
165c4af02c7f0e8262eec1763ee1f5743e0dc599,0
bcd79739983c31fb4afcc4ae90a540c8d862be60,0
bdb26ce0ad8e6cc2afe4cf15e78bcd0e876b9b31,0
bfc30ef5bbe7ebbe9ac5db194e1237961085b307,0
49e67c483a70e35a995adaad16c481aa7ebe711c,0
cb3494e9c7a5e3591e99b7c570ff73073453ab9d,0
a169ca685e14f18aabfca375027bda6fffcae12d,0
732614a54cafbcdd774344017c0959428105d515,0
4615864f2c913b57b365c9b862578704f79d65ea,0
eaeb88e1d601eac3b3991eb3060b3283e4559acf,0
6ab507dd8126f47ed30dd05593c72af541209e0c,0
2f9dabe9930c4849e1890f72a2afdaded0d6aad9,0
47b67acb3973785e37e540d665d7409c89641633,0
0867499e10d246d54ce003e14181dce3f3b36a09,0
95673e47cefd2d01e073369616c969c19a282176,0
45cd71153959904562fd95be31b440923c770354,0
70c7a2acc058e70703c901227f0419fa951d7788,0
99eaf9d34da88be90c1674d898e17b7bbdccd5ab,0
a40650c56b851e1dd6214eb29c0ce6c664f5f50f,0
47a0c8cd618ee33d091aafbfde5584ad4fcdfe55,0
e1f7b4f567ff38d3815329941c8a131cd643c689,0
9e7f5ac132c31f2f4a6e8171b051a382519275a9,0
474de2bb1f4d4e6c1e5d8fd36e09a5371e9749d8,0
b29813945d714ee8bc2208d802bad0e9a701f83b,0
aa13ed385ba9c697c2f594e2aac5fe10d4f512f7,0
d2d894e3c414b1c32fd1907db0d4f24f8a6f622b,0
92ebd29d23d7903cd350f9f1f26e9e7585e452d1,0
05c73465ccaee47a33337ef8783f9e62354b626b,0
0b698389abccf4f3864d65f7367dbf20e8bcf5e4,0
3a22be2c1c2c92354b10874bfae8c4b46fdaaec2,0
139d797da4e781ef6b7ec38f1a1963c062a591ce,0
15bf5fc344f3514ca1c7a358fb7623074f9ad809,0
59a602cd88baf1b30f982c30b1854b4bccfc031f,0
53b84f99d90223c8649cbd7da25ff377ef8ad6f4,0
2d0b85ac657c3c2058b402d3000579b5877daf65,0
d04b8e525cdf2c35ddbfa929098c710021f128d2,0
064530e1e0870b6dc2821100dbdbafb08cd415e3,0
d591c85785eac742e3192d133a673c0a58baa9e7,0
c4a0d4c27eef624ab6edfeb7e8f2e672644d2c5e,0
a0172c8ddaced42a152f89913feb958e1eda4471,0
023f497842a9311d6c52fe2cd95756f85a9f8e13,0
f2db58ec4083f35ca473476d0cd2fea5bd099ca9,0
3322769985ed472a9f7927e019113ef3755d1d1a,0
2a0f86a94d1a6808d12f04d6bf2d5ef8257a33ab,0
cae95de4e3429f9fda7840b872faced67f34a8ed,0
0b9ced0d8bb1fbfbf26fe4c95fe562f197893b3d,0
1e8b3cbadcd19acb0554f7aa7cb36197d51579ca,0
7d24215db1ab92d8fa6f13e847bb6bc8b4e1389b,0
2817281db97345135af69d49c5af1cbf2a42ca05,0
a67d21878b81c39de6028ff7032d18d74c87dcf8,0
d3997dce988ef3877a59432fb751d555964d1412,0
7f50199820f1e128ca787d38ce5de5d70a12d42a,0
6804e0e08b697dacf5b0cc947d18485ac07a6941,0
c67b897c8ab41eb736cf0cfccc76a4c22d20ecc8,0
554f1a6aeb883066ed6bb06cfce32d286f11d5c0,0
a6e417ca01ffd98adb758499b8d5c7d558b9072d,0
70728dd60793c4325851749d52acae56ec57120a,0
dd8d486d43874378e36a01b89f230b225096020c,0
d121ed3833e212ec79656da139b9605958b697c3,0
877f16140d697d6279755317f9a5ba297ecf21b6,0
a910ebd82fabcb6ac2715f864908f75508c3253b,0
c7fc724f235f4a0f8611dfdedb412b78e3d923fe,0
e5c805091a3c97845c8b54a1bf5485c478564ea1,0
f7ae1720cc5e7da9feb9ceef56e80cc2b29e46c0,0
799ef3db1d1e07cb99d452727fad485962cd8dda,0
8a9e5e52990db7524c759f449bdd6af56e02611c,0
b5f662ee140b26424bfa60f90d607807737ff171,0
98f607cf0e209bc0b6e9ec70a3307e42cd294bf7,0
346c8e7e9e63f70a90cd4d17be567695a4826468,0
96763c2612a022266f102f4daca055370e22a47d,0
bde0d12c51278f1c214f170fea4f804699d92329,0
e4eaa0e815ad1c2de35627b53d7f976df49b61da,0
161e1f11fbecf2df7ac082f73c5ba568ac2dc795,0
2ceab701ebeaf4ced807d8423f438eee84cbb8e0,0
0ea368660286c856bc21d8891c435d0443393f23,0
4754807f4aa6c0befaba6ecfc58d5b159e6b10e1,0
f05568bc9b9b13219015b1056fc7a11ad3853db2,0
589e18eb2f3fe8641f7f1a31417bd763bbd7bdb6,0
6d007a5311bc0c2333d7d31fb619551552b29cfc,0
01655058b0e85b85d4eabfae4be9083ec7557985,0
a7e92888fe920f3d5af3ce6e14c8478a3af7d151,0
63d30d55bfbc7203621c0443086a59b874611c0b,0
77e10668ab0d2bac83ea5f561b48647e04374a8e,0
2673e5dfae5428e29751ec130f50643872a33999,0
b8ff7e3e267dad214f9db9259d0fa12f78949b24,0
91baca5864f43b3521fbae4ddb1c6d0c1aa01d6c,0
d6e14a6b2298c4f8115d873b70e16284d2fbb375,0
c8cd99e4310e25dd595adb199f70a5401705c53d,0
74e207eceb14e52016d2d1f6f2b966c0afc10d9b,0
bb3c5c863f551b6d6239273c09f38dfa8221ed24,0
f898f031925ce81a1bb750ee0017fd49b7c638c2,0
d3f5d7f6a84e3cab22d89744e0c9905b3ecb4474,0
648f993f56090a93f061a3351a3e45fec31cfa60,0
99f65a305ef29c0af24d8c67e013d3612f3f4877,0
2d8ad42bdecd27a2248876876f489725fa0fc5b1,0
649a39b9fac9539d53a1fd8050a5a7c7b8b42224,0
5f23d725ee40b0202f4e6b15482417f060cb140a,0
b3d29d56d8a77cdd10eedd3b29e8bc9f7a23cf20,0
2e48bfd0b3b8994844b5942631453ceabb0997bf,0
38ecfdc1973859e08bf6ee4f1f9d780f3699449e,0
4a44d66b73003a47585ac3f70db8d116a498ac47,0
520967d5eb73e6a5d78ea6c95bcc44fee1f544ea,0
ff0dc6032dc9396877a08cd3d4b122389c7f61cf,0
5f09d49ed5f7f54dc2eb490cf963eb5b98ff043a,0
c11ade2fa153243b7d6a45beece6f0aa49015175,0
5479a7d765a3c5431eef56d90d9767666f39e89c,0
32a0b7783a62bf1e3bc802e2ea829e9799480dac,0
01f5fdd0a9fa01aacf7a17910e942b9168b1998f,0
4a0136049495778b8cb90f667d47bbce6fbccbd2,0
3b1775be904c48f9376047d6d2630e72957f3d54,0
433a50e3ea4364651b44b9a9038322464d130f93,0
1448ec3d44de8fc287f018acd8c31f21f8e1bce8,0
78648c4404f27d3521914c9a41d981508516a50d,0
cc94a9d4338fbb0677150d762762deb18792d981,0
45603c08d9c4561b34990440b2ca5631d5d90ec3,0
5e0e9c9efe24abdb883641baf90fef93282fc934,0
4b4890914fd44e3d98784286fca9fbab0a065ce3,0
561327f43729cc5c6da279e2cd8e1d9006d28297,0
7bbd3917a39f2a99170e2843d7c81b828aeb0583,0
33bfca5d679bd33ccf8c1ce9fe474e1efd1aa7de,0
56ff54825b51bed619cd7c12e8bccea90d46883a,0
e1016b78664c78ed91f84119066cd7018c029139,0
78f687b67bf54377b31524a5fe3156f81d74be08,0
37a660d2b40d3835831ab3c8c5381a3fa14af8d7,0
80429d43032fa642a3802bb786a0272d38cb7ac4,0
fd1ff1d862dcbf136242b6fd21728ba588b3c991,0
7f7fa0faa674a4683464e319076c0ac6b24863ac,0
6d86b4bde64ce967b8584e2f6fe7210109dd1277,0
caa771abcd5e0e6b4278c8c606747866a1c76b05,0
730d972cdebb13dd3a896eb5b90ebc9e1f594d5b,0
1f7cff826ca892def870d161cdc4d6d31279fda4,0
43a4719d23e64b5217d60991509f1d0002f3e5a0,0
653fb5a87997477ea6dbd3e45f34d9d65c233a3a,0
ba287b7c22c8d876d5291007d5e04e31687178e3,0
c5e5f978dbe89e5e318f861b9638d6b9c3e23984,0
4b5ba114319c378b8a2a82320837ee307bb498e9,0
7d42c3f961620b7a9b9d82658e87c99b64e17fda,0
d9d94e4631c7bd1149b9950feb0c7e629731659b,0
2191713fdd2d41a5b92f38624b2a6d90db92ab97,0
327bf8b59710a8491b681558082f73990ccd1e3a,0
6d9978ee8c0dc3675206225726ba356b34c9d0c5,0
23379c1ff9f5e5b66e381c4b64b59eb4cc51d9a1,0
43e3abc02d8a1c67fac836d614be9baf5bb19dec,0
6f016c52a207b3aaa90dcb608b50a1d89fdba26a,0
fab4178a521a9be46d03045b4fd21ef48d318dd7,0
b4def014b9e4aab52a890c94be8ec9de95d2f8f6,0
5c2eb48be654c97d2bd13e3901f23d0f9e88fbd1,0
1d1bab626cda444d05295dd6ee14059b9c915c30,0
8c34a14222cc08e32fd4c59ce8f5f16534a28d1e,0
a8a0bba75e0dece3bbf97dd8a652bae428c982e7,0
0dfce09f26c8b8b4a8e39f19e2bfdea1649f3ee9,0
6b7e51a6e48e4dfb08890539d247361a459c0f70,0
706178d022a6d87e01ec61a93f5dcd5198441f23,0
3db85e7ebcd4f914eebdc563e8219db503c9d897,0
f92f427c71abbc42b17f3b204e8591d49dbadb18,0
08b4cdb8841a7bfb172bd750eef17ceac59ba968,0
a685fae36f64ed9701f1a478bd1fa1822ddcdf2d,0
563034f78d38bc9ad0e0519beaa1cfaf3a5e565e,0
65ce14b7572d79d85f51843889d9e82b7c3568ef,0
25ea554df8f0da8b474420d1ab7dead1c0b61694,0
7521b9ce2960d697fa452213ce250b5b99b4d57c,0
7bc8ae8650bb6aef0744fa9ade3f4271c5cd5133,0
cb2a91a29ebb6609f8db0ebed40922fd1e3e9ebd,0
5711be7809f1350e19b9413c778b6a1d33432972,0
20a877f04ab1864dda210d26d9a2745e85fc3e8e,0
0cdb2212763ee654a43b5d48c0b399f702965cd2,0
4bd1ba717ed66001bfd8d8c65c97877464023a1e,0
79a11f43f34307ef0cda88d4da0d2f9707c5590d,0
89e5f460708c7fadf5d28bca09a3e711db9feca9,0
1fb78dd2bad90001d469bfe3cdce37323b7a4e4d,0
0fa7d7323fc1d516fcb5fb7ae588cbb93341f6b8,0
6d188523fb7acc9864e67959678187f5a09e365a,0
c6289711f2c4f45785cc4cadb5ba2a061051eefd,0
d1c8366e033b88786d184ae0cade78f1080e8bb1,0
350fe49c8fcad34988bdbdfeea23d0521e9ccd46,0
d1686fd03683ffd74d2fc771e7ff8f720b4e5f72,0
d31b40b4b48e64f787caf1b66b07430b4c5920ef,0
ec4984c920615f3055e6defa4e9a2e180d46762b,0
607a2b332e11d802fbdc5199f1375b57b1276547,0
0574446b3041549f9aac5977c4b426d3cc60add0,0
786ab2344f741f636d6894c90223ffca04a7811a,0
c96dc7a92491913ac7e234de875c505e01cd2ec1,0
607edcdfa7288e0b75ec6f60cfc14d7e8609b18c,0
859433fe837fcfed606a77a8ef46f01ddc1c9119,0
f4f3e36a12438c7bbadae711fbebd27ace464ca7,0
18c94780f1104c64262b14b5d049eed2b175aaa4,0
aba168c4971942514ec5842db23494b4be4971c4,0
8d7a701b09c21650cd4fb2ee2206f910d2ead02e,0
17aca847b15e5264e9628ce2df58f92674a1198f,0
787ad1af764ea8640142768195159f7e0af05195,0
867329a18e91222c84a3dea528884486923d83fb,0
cc8038578e11cf359f9152650bc968323536b960,0
516fda076b3732e1dc06cc145c90a7495d52b1b8,0
1f23f8ed61912068fb14076eff29e95b35160dd6,0
c87e608bd26a2090fe5c03c9afcaeba0bdeba102,0
443b387659df2062d467789c3ddd66380a13c344,0
2e8c8fc5d4e393bef7505d64bc192278dfbf5047,0
98b7926b283936eb8be88d35243c8d4ede430f2f,0
14684f2b34369b5f25f1ebd31969027c9aa2ef7f,0
8dd0cc14bc5a3a15e538ba16335be8163cdab9a3,0
4b2e8e9396adcb76210adc146791e8d4cb7db101,0
5c614f1eba5a17814f82f36050e77216868a6aff,0
94c168dc14e7aa006c1d9ecd8f4b16971294c4e3,0
fc65a4c49abf22fa80199383bcf8182c08506625,0
a09f19cacb0e7a7a93bffd64e9c80acf807e64a5,0
7f71697d347f0a7c9d411d7ad64f5b8755374824,0
d980af67c7649bc47ce65c81c644eb2a97f2445a,0
da9a4698fb0aa50b2819cfa46abc417c0d5d80d3,0
d8fc85b953bc76c99bcec9eb5af9d5d1d9e9a71d,0
956eb47745e740b39186c706ba86dba58b3a6441,0
9fd81b8cc087b259ec46ed4af40b523e880255a1,0
4f0b0f8a6e79300b761b0bbf88736d3c1da4969c,0
c2a2819c8ec458300827ee238ed6939bc8f2c541,0
9b867c15b690b9a94e22951da42c97ff8d48106f,0
675af448692e2013ab7e28996b7900afa9878117,0
290f5f9a896a6aa128c49aab2e5fd75224113d9f,0
5db9d7cd23a64cd5465259bc338ba09f6cb86dee,0
03e5b0ee3bd2c92c87982143a180acc517059422,0
e205e071bb217e3d00379048bc2ac9e08e3e0f0d,0
8f121670d492a77f3d782823500bc6bd2c377ef5,0
d408ce68ac202848af85054a11097b754f65f775,0
98bf6432ef39f98aaacb904866af1278b997f442,0
3f7cb39b6d1828c02ba93c0622ae4fef1f29dda0,0
7e81d81962a8d400cd908fdc5ce54d146292593c,0
a91ae587a27e6f6156bb368c4e3f832695fd1d80,0
e99c2aeb9f0edabab8c139f4d609699f783c1d59,0
94657f5b9131d83985c0062e440cf9c84bb6a9eb,0
a751f3458955d74af1366bf23b3b6ffdad204db7,0
77faa5be8f9a35b2757271f934d85729714e017d,0
fa76c00a4f4342eb5e4cac42d9d32e4228e64704,0
deadbda8b705ed16a3f28d1ac9a9a863a7dcc448,0
a80bffea20eab26b6a01719fd98c4b2c9477df18,0
6fd07ca044789bc99d07eeac7c7108f6063f143e,0
e319d10a549be6bbdfd7c2c15528c65a5c2f7ef0,0
f552ac7c715b74221fdc8643f2e6b0f0943b05f4,0
b4c668d306d0298b33966c42c08c711bd3f8dedd,0
f5337f18c9af48058912504f5f7fc68cba4e3d60,0
edcc524215ee7fcee714be5243cc4ff7883c4254,0
c61faccf9c81ff36f0d037b954ff620c97b0f8a5,0
b2cea54a2c5e758fcb7eb616cb9df4b0da79cd9d,0
7bab3d26f2e54bcc51702647f2e50124feb7a5e5,0
d3271b9b3fdf2c144e1cbc02f4f3b8b3ed1cf8eb,0
2790d5c2679e2cc9087b5f3423bc89cb0f618c14,0
e6b8bbd08faf0f37c7d79a64117f52f6d414a98d,0
a496f93aa0ce3336d73d619c2c56feefa1bd5bf2,0
2ae865abc2a70e5b7f6af99374d2c61ad5646814,0
a06dee1b3958b12714e5e92dce37e7aaac81102f,0
d243ff4fdef913842a108aa48abc0d48dbbcb018,0
bd0dc26e35264c34ecbd50da2814679108d07d8e,0
e1068e8c7a6cbade8a8c887932d2e2f70c04029c,0
552c114d4b14225011df938051bb135e38dbd0d8,0
7023b20fbe3be4c795e855078fd92ef6ad2bd434,0
e75f6553adad17dbee0f1e665532d99e3b5f8882,0
e542eca84af464343bfbc016472658eba36fe7c3,0
c788e536a964bfc6112df6f2ae204a93dc25e820,0
6ae173285bac5d7bfe0c563292a641d58f894809,0
6181baa557ffca4948cdf33a06d7af02f5226e5d,0
1e7d65036e9d6c770dc832d8b4b3502febf84b3a,0
1ebd229a5e1a7f9a28f759b4364aa99c4fec1b12,0
38fa685561be9230460afcd14c79b6c0fb6a16d7,0
e80a249d7ea652da870d041339ab7334e483e013,0
30c198f3ec58707e82b7511d36bc1537d1718efb,0
7cc63bbb24e49e2f975fb9ac015ed385a5af5781,0
351fef1503ac4a1c33aae107598d05aab8c6e49b,0
f0e85bcdecb65de85b76443729bbd3fc1619ff63,0
a85a7f78e11ab6134071ac9c9a990e9126ded830,0
24f2ddbc21e396c80c096b0271fd1b60b1261588,0
5434e4744422a97efcecde9e3932cbe8fbb9dee8,0
df594652fea82fdfb96a8cad6919b4cde38efb3a,0
e4d60d5a82e4102a56830a02aaba46009a3ca008,0
75e9c77ede896c8342cd791af57b6c89b37dc240,0
00ba7237d5aec492ec7a8b6807f7fc6a5f30112c,0
0aba74d5c3b4d9683a73d5c434b2f47e5ff64f24,0
caa9dad9965a2d4edf86ee7c1cadceb1eeb89128,0
f30de86599fccdffaa95325205334cada5b38c1b,0
682e1412b77873f178206386fb42d0930ff904f0,0
9b475c56f5798f47bd483ffb579c83886185d315,0
b1571cb080d8814f7de3526d7f7072474730da17,0
6c2e479630f03b405c3309fe0c10ff667fc5204e,0
f6311982d47b443deef065f677d2b3130584dadb,0
6078669ec9453d62aa62df1c940dedf4e362ae56,0
a39c7965b7a4de6030c236ff3b80182447e419c5,0
0ff5384fc89663ba2689eafbe0d7db11c040d26b,0
9f10a543c466172c94acd92c946a5abef31077dc,0
6c3bba1c236caffb9eb5e5799d53cab01346f688,0
7ad893360d4889a5e10a2dd44ad14dfa72d2b47a,0
7111a7007a4e6a3c6a39da9efa1279a3ad817dbe,0
4a73b69ab3255054029d6513b80af34f844fc4ae,0
0177e7588efc68683b874cbe783abd8ec3bfd00a,0
f0ba8b1a5367c6e951c7fb20e2f514c4041e5c03,0
cd6bf08a7de2f5e804b7ceea1f1d343e2f62e8d1,0
39c5f26f9946c238b706b914115854af75521ae6,0
f0e4253195684758fad8e5d4411678a60131d782,0
70daadef22fc2581e9a2bfad6d40b7cd14378a45,0
29b780d9e47fa20bee11c80d324f739457f08b10,0
53e58ad41babd88b249a16e1566e6e8eceb26000,0
7e96acbf58d692ecd3819e506fab863cbae5d44e,0
3a6db2ec8fd0ebade5fb81feea4267354585210e,0
f5fd3c7ca381061fdeea139784e4e6cb072f9416,0
9c5bf7a5be105acf6ebb1f397e4dc1d6d270ce0f,0
d97bab862a75b2d5be08bd10c155d5fd1d9fb4f8,0
f46a46b535fa6e24687fc902c31034a6b51fd7aa,0
30e627659ace7d64b7518c4568e6af179228467a,0
54cc2a9c7733519f3c725abf4b41bed7dff655a0,0
7ec4e0c3e9fcd2e69d4e73099b87f63f58336750,0
bc8ad80ec6dd9d76b4c32d8e07cf2b5d59390be3,0
ed01dd2d0e98c1c9c0614b53c3a4e97e3efc3535,0
7183328297d0e3ef0d7f73e09945dfc7cc60c0c6,0
78e7c8f2da39bc3c6e9171efcb5e1b78ee88362c,0
e42f60b041188e487b2c3df613eb44d6b1f70026,0
ee307055b7b84317a5f0273f425dfb146918e78d,0
68c0814f23a9ee2d3560e453bbc467d88fc9fa3d,0
54acc7a5d7151918f3dc1bfa1dd5f7dda3752342,0
3618193221ef4ea40640930ed18285a56d6b174b,0
d5dd6e446864022acf7d65970ae16beb272d8fd8,0
2965ea14841565916dee9da0d3fa9cc5509c2fb7,0
0bfe65b691f97d64ba0b97546656f68d303fe2e6,0
f84c8d6ea124f41cc8077fafde012fdc1bed6b4b,0
c5037c97bd1ecbb44cb6ecf8649b5deb521cc7c4,0
c55dda383c1cb5e4b1957d49ff3377286e56e972,0
95eb7bc598639bb81cd129b5b2ae890271140154,0
af16097417712d9d26b7ee6d6a89ce6584f2af2e,0
14fa6cab97ab60fa688b4703b7fa22457af8c66a,0
71a3d088c4868c0c88f62bd12ea20c8f53933cb1,0
4894606d6d515ac93c9af0421f1a56baa07a1cb7,0
ceb03e0a57e475f23e97f97144ce8a946d7bf24c,0
81253911656a0723944e686efe5e634a9a5f59ef,0
2894cd42190fd51bf6fbde94407b6076e6277a80,0
55cb3eb683af50ac8d0cf981ef58093c88ede7b9,0
77bebd27654c9b256109469b35a95aab2e1d1deb,0
9012c8eb836ccc05127e1679d00f081a67da8a43,0
9e7115f6811c14b8909bf74f15401c2b7aa3e170,0
b20e34808d8ad5be8f834a32414474de13c0a6e0,0
a2dac490ece6f6a3a8dc7091c18318826f63a5ce,0
38963b1de845d8893799b8aea6adf41bda796971,0
8044ecb3104524a6046d5d10361c337bea16d9d8,0
99f9847f011e3ef7970b74b721dc0e235541c1b3,0
a782bc57840c5f6914742f500b7bcc61a339749d,0
b534cfed3c93331bc655365f6829e580a178844c,0
c40942ccc01193ff94f93289cc7373911619369a,0
82fa166cf247ad5677eb4e4c4663db4124fa4ab6,0
506edf60c37e4009c368964eebc5f14da472e8df,0
d5a000ce4d4bd08397b1c30072c93bd7cc081f51,0
0d949116c0cb8b31a8483ec8468e722a304d4373,0
9581d7a0e31c025ccc542c7c6d7d8586ef284d4a,0
b0b42adce694e6ca75e55196bb8e284d055fd68c,0
082871c8344389c183349bffe504bd21a64cba59,0
aa86cdaafd330f9b3dc568407227095657ea1c83,0
d23e7f6249e7cb06b42a69df3866409c9313452d,0
4ab7fe2cb3d8e0bdef448bac7d7c22e681dd0b1d,0
1305d40e8bfe9ff01d65d6fcbba2e2815a317eb9,0
ae0f4584ff23889be621998b3477d33f72c2e2b2,0
bb989c4ae4489a352284ca8ce99ac6cbad20ab6b,0
89e8cad6c995511a052f3847674a1e366fd1da7b,0
b59254b0ef5ddd0bd89dc0fdf799d332b50bdadd,0
7002d3ac4b971c13a2167ba32f9be3348c8a5c85,0
e82dbe3512800b50955662e56089787ef276fd2f,0
8f76fc2055820dbe02ac1e0272b983a9a96fd452,0
4018f8820a57ad5f2d379eff5c4903c7680cb1b8,0
2eb2f2673c6dd0d39dab841024c962e878c43e8f,0
797cd365de8421582b3ded5bd83bac745d8d6b2b,0
11ed37353810394c68558b8f57d64f00008adc6d,0
2014c2685cd514c113f733decf93a55238459ede,0
cdafa7435e6145e74699c0167cd602f8a91f9ca5,0
dc1ab6114501d498ed2a7d22aff6033804705211,0
5069d579ea5b148e6836845b8f7c2493354d54ab,0
b71475deb72fa42d285d54f7be3cb38831e67178,0
a32aa575c565e6b784f0b8ca2d7f016c6df2d8fa,0
f52de4a192a263540934843556a0777f9140b19f,0
4f9ec9800d5b5010315de30966b8140e01876e00,0
67014df9da60f52b96a0c8f3b681ec07439d21ef,0
603b2f708442cc8cf4e7e6766d0044cfe60c564f,0
58192615319e5e1621c9a60e7af81c3d4269303b,0
04fe0aa3b6175dbf6a0e75b7e8d7923200429872,0
41f0521bda2f0e684ed5e5fbe97a7b6139884375,0
f82f0657fb64c6e75cd588d7dcd87616052fc30e,0
019151f016c91430317cff6254626e35f9b128ac,0
95906016108089e2668c9fa40bcf85f97534a180,0
3ac74343e07e7a1c7cf5480d58fc74cd732e1108,0
d78084265eca1b3a1a6a04c2ca9268a748be6191,0
7b3dab212346af1d879f82481501a5829feb2fd3,0
c3debe88d9ef3440f754a8615baf751c677959bc,0
ba4cabc4227582780f5eb89a0a08044ab247d28f,0
dacfd649222885db956c584c76ac91a9a24dfbf0,0
d94d5c2b12744766a90f076612e70a7f0feb65a7,0
b32379cefea19ba107d0cfa6f4660cc50b398678,0
108bac12043ea49864d5a7ead2ba7d921f493350,0
c45b53e294e04bac2acbd91468a0226e539eaa68,0
01736f6097e6e6cfcb27d43642b9eb6d6d1a3933,0
a4ccbb5207f659670daa947ab10422bcd126d69d,0
0d3544b5eaffdc8446ffd4d119cda98b803c8b40,0
47f02555da7e08a6b55b12889b564ded626b42b0,0
c1287cad61ff4855139937889aa85f4c44817163,0
5121479f3972c6230a0172a325c4db1cc00e1975,0
50cdd26c003d676f65ebe11197f605ffab9c63db,0
39b3e09bfe19fa5b42f5d88b758dc24a53cfefcb,0
6c11a3422ad4d75cbd3cbf89e3b7a6820066c864,0
6b1e2fd401d86eb5c9de8e1d6567888da9cf4304,0
9fa70d9459cf57caba592252718f1d21cd139c87,0
dc6c4b24cacdff9ac2a6c960adffab0bcd796382,0
d010f1df60b1a8a7b383dd7e62f1d8be07783908,0
5c1206fc23ab8ed8686707a006e10c0026c3f3e0,0
6de20f9ddcc9e7aa8b6379ebd6c50f5950f98cd3,0
e713a38def66db6b30dd4a0a8e39fa1bdc79c5f2,0
0add2eabc9ea5c9fd6fda66fbf4174f132d348ab,0
09c6038d0ef35ec07056bc63e47848ba6150acb4,0
967921444eaff94299daa36e56433a37d3bfcfdf,0
695f2fbaa3f1ef14cb2922b09a05926964306623,0
aab82d37d1bbf7e2fb234d4076b47cc605ee4fff,0
f11f3699e8f8cb01ecbabf7aeac8c626fb94f854,0
d074c2d87b436b6e9fe55841c5d9979813ce0c62,0
237fc0bff6658279252316f976a7f8a4c5d74385,0
685fbc851fbfb479fd799d617f113aa9e7089b2c,0
1de53c14096ea858cc152c22ec6a620fdbb42e2e,0
24cc228ca6d879f2c0044880c1bed518e5294f96,0
09854e889bf6821c8acee3057a976aaa5088dcfa,0
e8911d736541715b5e108d11ad6b1cc279699318,0
9da464a2a74f598cf3d43c50a6c7eda65baa2e66,0
400833e7a7684fe8f2f31d494ecf5faef590ae0f,0
f132cd0649559e49b9919b1928b1d688660f3615,0
ac53015f84a44f93bd501479a82a6d1a1e393ec1,0
9c8db3524d417eba00a14b86b90d723f519aade5,0
67a5466bda6ab7e3d2d4b6dc1c927cbb2292b0fe,0
0893f056d0c393ab441687e1980fe7c7953f79e5,0
c30df24ff608a6f5a01f4ccea2235f58c1e4d84d,0
6c609f0d76a89cbf2a333d0874f2e4b1774f4630,0
8eba18b3e9fdafbb52f05ba2a74c2bb6c2d60714,0
094521f776d3f05f69999cb01b6822066e9d7d97,0
1182f90ae64ba15cd303afe0eaa269d4158f0343,0
1364973ff27df9cebfc386e7910ff25ba54de596,0
0e3f2d3de510eac3a48b20c3c5d7ab84b91860b4,0
640b5e1c61bd49ff0fe0cbbc6a4a172669a96d4b,0
5ebd823ae30a51026cf48f68710573c066a32c70,0
f55d552c90c06e0be69dec580bb6ab8324347e07,0
f5e0f2c0994c6f25c23e1cb6acdd84dbe23c166b,0
de1d2732ddc18485ee2632ee968c07860baa1cb4,0
6d4ea100ff53310fcb1f5cc6a51078e1fd3afd42,0
1835a52a8e425eae88554195ac7db9212f57375b,0
7e152d493534617ee7e76ae2b587243102a7be84,0
c40ad3a39d0a7906e289a257f67dc51ccf48dee5,0
422f26fe6ba524a7e18f16d44762af66021d9091,0
daa1814bf340d5e218487aa35545314ca47d9e45,0
9e6fcd3f8ca85ac76df20155d0955270a89db3dd,0
d51fff2bddfecca83c5231e50ec30772ddea82c3,0
3ed0b64c5de7a22c6d204c2d5a30f05b7c2b6e70,0
f42bac45854b149735e8338f25c19c91ca4ecd0f,0
913f22c18ca1a0bb6a4a7c2f675456714e5686b0,0
535a5e37af40cd0618a595fce46b42e375228d22,0
152a57aca123b4672063162c9528f732c8ce0563,0
e68c2ce899e156117c06cd347af3dcdc6ec07392,0
904e4739f2e7bea4ea8f2817b30d527e187852b2,0
deda8ffe694f71ee0c597a1b087421ccb24a8689,0
e0684042f1c34ad803f7411bbfcfa871ac575238,0
83694e78b5ae825601bd17da1da4e151de6d73a3,0
2f30f6f32330e6ec9868701c3b7925dc7075318a,0
bc99097b117de44dc4ecb473ea0dcc657a479bf8,0
541300f23a6bc059f55fe902dc9edeeeda1cc706,0
6f24ab1e6b81597f75ce77822b60491823e77535,0
370da7382beb9bb686748304a4e754b5f3bc6441,0
2adb0de0ddbea4e73d37fef0156f24ff5c891f8d,0
1a10083dfaaa50bd9d0470ae5049440f26b8bd7f,0
405ad435e5bba05e43bc72e5b2a270d1f56d8ec3,0
acec0349ef719904d94d5f78b73b6f6601cd287e,0
97acf62091d275188c71a841fb754bbf978a67be,0
6b4395088e2e4d7ad5777036bfcd246ccf7bafe8,0
2b29deb2de60431a7b1d922a6e45872ef405ab41,0
5417dba33c581ca5cfd92fe87bf87b59e5a15385,0
f82b597b7505a5ee652bdeec241ee10e41107f76,0
969bfd2fe7f55bb8fc6effba3bf888af2967fb6a,0
d9d6f2098ab3cbaba538de9e6e0b4513d27d9b22,0
daad236c89819f0cef53760cad07881cd9e2c957,0
294b820b02529004e84b5e6899c85e26ac0a9073,0
7c32ff7dafe0ea5b0421e86b0bc7739d7e4d724e,0
48b04658ea8758479a114df487efe1987d9d3638,0
3fe6d20f7b9f5841dac513a709d5f5a94e0dc924,0
d5c0defada3b61966eea9cb26303fe4884ddf4f6,0
0843ca103aabefb12e924832f93bb7d04fa66587,0
0be038790dc0de3478887728a636a20eb3eb1a2c,0
191e0e81974e70edf1309563456bf3657c9d6c30,0
8e13a5022b2d40eb9f1c5a7909c2ac1119183760,0
7c9e046d417296a2d46bc2f960ba3d355351bf60,0
26e733fec01a7edaacbaf4e1651deeddc99b2b85,0
d61cf2132de3b1caa74c5279bfba65065f499ff6,0
f7da1ace09df34c61901b64f88f48cf082595da2,0
07b0dda837ad6b59d20c5256ea94fd937632d241,0
c92828a71367a4208d380e614f633d0196b5ad27,0
f028b114d030edf497b3fa8e0072645579c5b89f,0
5578be31e2bb45d3171b4fe77e5dd30e5c58db64,0
c1e02af670c41ca30625491776e532c405dba71c,0
08f7ffa0c1cf531ea4db35071914a6eec25d5973,0
8c5df0bf8eb67b0e3b9cb259a825bb3274eb7d30,0
44eea4df10ed90a767905fdc9b90cffaf91c431b,0
f22b1ffe9579e18a6b7f744358270bbd67d91592,0
82d209b58efcd5b9ba7ed93b051f6dbb163b0783,0
4897d0c7ae5b5554e0dd7950dd0d448ff1dfa841,0
a277a2a65d82fde20870a1e1c6163bf36a33473a,0
3fcfbcf72a81353d1729c2b1101b810e63eaf207,0
032a944362b785f6cf5ad2395e41641383b17857,0
d1e2f0339efbc05a0413aadf88687a04ce879797,0
621ea26affc59b881ee49096d4bf20ac117a3205,0
f59075822be96094129521ff831271b23ae67b64,0
21c5ed6c03a36ee0ef05f524b2de150adc264c1f,0
d5b6ade33d5d6c815d29d29a6b79de253e5422e4,0
380c45cd06369186c1cc27eebea1545b41f58eff,0
66e2c57640aa198cab6b4a39e7a09c9b9b92a9de,0
05aef8ef7b93fe5f6b0f96ff91ead0b0cfc12c2f,0
4a2aa76d4bafd3ac7992844aa15dbcabd76b26d8,0
2e2cd9c0b15e2e92483ebb90372d5950d1e7ea4b,0
5d93e5e107743e4fff5fb3dddb574956ebb90d57,0
88b8eb26bc5830e1d861cf6972238acb194735cf,0
c1d10c472d1df71295d6ebcb47f6889d8630ebb1,0
3218cb757999cd6952674737ef9b30868b4c08fb,0
545fe4030943d3bdee5f7f6b8e92f345ba08d542,0
77c25370a5998a5f9c069a2dc7e5e71f228ddccd,0
37f68320a1942682b72acf76b2abad4ab9beaa61,0
8761442447e5ffec228c9008dd2b23f13ebf71d8,0
69d5e72e563d7cf29d745c5be37d9c6d5eb42119,0
520fe0c7a07ddc30ac555fde3ce10c200cb25bfb,0
b604cd4c9850623df3992561597d88928715c5e1,0
1fe47c017425f1b131b0a44d00058783b51b1a2e,0
941a9ff4b652d503c891f21a765dc72c1a481186,0
a68b8ab03ec818cf45cdbbd274e4a1d5d43c5d7d,0
8c1939abcc7654aefc92963e6b6715a3b5bbd663,0
7880a99f5e9f83e71690dcba20d68aca9e4713fa,0
89f734136672d829cee51d272a7768c775065055,0
fe4fff6ab040a654611c2996357d28ef078b79b1,0
3c7d8215626152f02721d8a746bf8f612a58dba5,0
91bc42e7f4524ef63a1d4d1e1f4769c286ee392e,0
57c9348430907a62a593f8ab4785d75cd3c6f8f1,0
55b831050d144964745f69b17f128680263df64d,0
1c65a3d2b15cf9724d1f1401695a19a255898635,0
d3b0090fdae5039bda6a461e1c9deeec43732633,0
d9cb522fde6fd3785cc6b450bf82354b495957b3,0
94c4c7c6678e8540e277166c65759b6d16a514cc,0
f4ecabd9ac81f37fbfefc403f6c85651663d8719,0
765f381bb1933086a9d35c4305375fad49da18b4,0
138468805f94372916994262828f6fe590d86fae,0
c2f6facddef9c50450c612821e5a564b87ce62ad,0
248fcd7d8a739cb8a9936e751783fbe3f6e7ec6c,0
97c5ac99f03137864627c97e04f454051cdcb9ff,0
eb382fdc6f837859ce60a9740a87da6d7cb8a894,0
e5041ec95c8f486e68402ab92ac615c59fc3b011,0
be4e3f85d377e635888e8f010a264cd1e760a708,0
740603072a4aab513006e390ada0e0d17e537242,0
88972f1fe850ff973f7c5024dc32b0d0513161e6,0
a65009931559c013b708441f6a032222b46e4a61,0
75159111ff72b6bdb4b694ee0b55be99c0d080ce,0
43214abc7958e4fb8d6e8942c4fb51c7be9501a4,0
de059262b96b5c0a79cd2aa578e27a752f8e9ff1,0
b87d212629fd41fe8138d6fa74134c22542e5d90,0
5051dbf0b5f773943e9e640937ee6eef6d28c6b3,0
1a9ff2f6bad93aa544bea60b0b02aca099be5c49,0
56da86956588b45280938180b40eb3aac1d16a86,0
bd8e9506b3b85bd9263da88e45b6ad05d022e9fa,0
8f026cb565c6949683899b8ea4e68966c985b731,0
1d1632820fd5f38e228c8babc93dc8a36bb4b0d0,0
98e543a2d50ee984a04c83280c2b74eff13a585c,0
634b23dbbbaf64816685b168aedfcfec2dbe00c1,0
4d40c035ab25cf97cf2604688c5c72f706292a29,0
56c91067ecfa22eab3803c45b94b3ed4627a4b36,0
7d4777829377ee57a8397d6493fa2f878444b04b,0
2255d8d851e63d9970186da3a453af0f60bd7f79,0
1dc530e6fa2e0c87e9bf1f377834312169a5fc3f,0
f84e48c4d5cc33a9ca84099cfa650c90178de183,0
f17fbd5033af65b3be782b62f58dbc1353556dd2,0
c208c4adde093f930147c037852b67076d7a117a,0
e5c3d7ec1215c2ae6a3b28fb83fbb98ac922fbdf,0
c17637259bdc4e3bdeb2dfd2ea89fca1149a525d,0
b678b30be6f64fb45eaa5c7f5a3b61bf5b775c56,0
ad4e2e013e954cc0d7a0ad0fd820894cecd9811d,0
8c4f33b76ede53f05ea61da9b421bc2d884dae39,0
e282ae578671c1ba829e98e3edfe05e48ce8af5b,0
bd8992a10ede659b58e9899b4a40705ab4181d4e,0
d886f613effefb04655fe71f6c3640d05599e3c8,0
f4e21f04db14742bff2fa0afbdd7d8e2e196f71c,0
720c9e5c9630cecb9e8267029de86ea23a3aa2c9,0
c94d3a4061b30b6c57901f995681ff0a34a82008,0
cb47bc8c5a00c887b168befa3f499410deba5289,0
cc651b2db9eed97e9e02ee2bb521c3c47807f4a9,0
de05f5f126e39a0e907abbcec68ee2554eece779,0
2c35b9c1c9bdad91c4ebba47eb506692faab3400,0
ab492c7c6aee12078114ead6e81a771edda40b25,0
d192419171ce61fc81099f559a2d8463bfe1c4d9,0
de7c51e3093fad1a56318f7612952b9c2d1fa3f2,0
068461964912cc311ff5d2baa135f463f57afa03,0
59c5183f1cdba9671ba04a61a87b788bc8a5ec03,0
bc13212751eb281f53cb17c0bb004eee16114a82,0
760c8376d5dcec114f046ab96f814cfe55f9af15,0
a48c34d6e26354e6feb55a4da443d45c00d86605,0
550134bb0a75ff3cf604bbc9c64a96d07c3a2df5,0
2f8305d6a268d51e4b41e183f6d8b61c3c1ef99b,0
5e6708d78962868480c172ebacc4402eb2475715,0
4cac454dedb6072ac614bfe560c85f02d5618ea1,0
b04024463010aaa98782af33e78ec71a4756eb7a,0
8992d2bbd9147bad77df061a6791c9f9d20fc45f,0
2d65b844b5d21cccad35c9166327f82a1ecdf84e,0
a6668768bf420d2aecfa73b10b44d324c1e0f127,0
42ae7b98c2f6d39af844b7bd48d0a71bde3d308f,0
6d3740fb48cf043d307f44d046ec87e3f3b0c785,0
eab18e9851b46f9e3778c414155acccf5d775823,0
e5c95c28d268cd2103be68d306a38afa41926e17,0
31b411685817d85dd96c931874e0aad358f1d773,0
8cae45185329a28d2f27bc96d6e7d94659f7b8c8,0
cff3638a87e87bf0ee5773ac0183a7b62a37ef81,0
70c708a9eec67692f6ae11d471c805940daffa95,0
dea79e62f188ac408bee0958e1f9e8700bf2ebcd,0
450ed7118e2bc0deb73f73b220d0920fab7916bb,0
817180b4da7e378d12fd918fdf0ae97cf7bdbbd8,0
52cdb17e69bc21a3ac7554a6c7eb5c7357064f7a,0
19b621029e438d00bee6f2b7ef26d0534e0376ee,0
13e7fe0bcf7110e72057fda29dd952b9190c2ebf,0
c47f52c1ecaee52390878780b66f7524eb6de6c5,0
5e8368dbd53debdf373b46c46ab3998b5e491a73,0
8a8c87c4dcd4c51a9709d73123c58a8a6b42667b,0
feccdaf51174980c46900f42491b128cdfd77951,0
896d4a01a3a21d5727de575810e6f92d4a60e4c2,0
2c43a617705967e830923416c2305ad857877551,0
28520b61522ea349e34baac69099b32a746672e4,0
c4d9f8552b99243292d6ee7f1e7191d5c314b147,0
d6efe402e81c0e9a35fd81e45f737f920e42f98a,0
21200b69acbed21906a337376a057dfdf125d94e,0
38359a00ad66ef3bfcb83356d096a51c22bbbfdb,0
fa729683785b5942594ff7cdb20db696e8e4884c,0
63954df8a828a4f01e0ce0812d3ce994a94cc6f1,0
f4fffd40e21859bdd2d1581f065f99f29ab3be15,0
1b7d1b77e643ff4e476bfd12e3cda354163a01e5,0
26d28b208b256764b3f3fd48c59b36a1a2962df8,0
d01e5c95a29da8b9d1dacbff9b8a9bccc48f8b4b,0
af7ec9379dc5a49f179d2ab7819b70cbad841140,0
fd1748787c73037277ea4f2cf04c7ba957375e46,0
31166a10a0900ad6679034835969db31790212d6,0
d424e20b83135164603e9920e2d1608c056ade60,0
94eb396573a40df14195482fa92474b40be22f18,0
56248b218305a21a3d931d49ee47928f687dab1c,0
25a7bef54692eed256eccf44700cfc1c6601fd2a,0
cabf2c335f3564c635cf0633104f5b2c9ecec6e8,0
d569fc4061f6e9d3918cfac2f3a0cac0d9c11430,0
762efbd2c3876689b44c2c83c34ba6a89955d11a,0
792399c91a1e622aafd00990a281287c217a4a68,0
1ecc38b59dcd5f7a4d632fbf7eb07f8db443ec21,0
d6c24580b365d928ce8557e7991d33f86e74d06e,0
ffd00c35fc2f057e5067e9b06e8fbcf9d4b5b099,0
d2e3c633e909ef6bf309dd0e85b57ee4563c4f55,0
9d13951390ca454cde3c972344c195d1000d706a,0
51cc646755c2f6a599debd2e2fdb3c8f6c7dbcca,0
e8d66eeaa17eed9527dc91e58294532a2d0f76c1,0
d56a062019cbb97658771b7d64ce006b1fdb3b4e,0
229425c302bae631570b0a6172beef8ec0bfc606,0
ead758cf4dc3ea9e55cee5e8e426776d95e9d6a3,0
b580420c73a5cf9ac62852769dd1b15a3c3b7feb,0
8ad53249533b2a848fe5e0a59729fef9dd7098f0,0
8e5940ca950ca128557a8f3c4e8f99533e634f39,0
d96822d3a8db410aa382f926766aae27b2250ec2,0
86d1f5d0ddd0e3ab3da8d640fee5a997970c7a81,0
3fce6dbb00e3dc8b8405385eda5e940184766b0b,0
09dd28409ef1ccc1182108274575087cb40b1a58,0
497153c7439573dfbdf20e940c7aa98790a066ca,0
e167d11815bdb56ee5b1627a0ab9565918a0056d,0
70fa5ec3aa57ff38131173ae9ea2d1a3a4caf19c,0
47c5862fb09a2dc1fec802f700c051c9aac64a13,0
190815d4e1e608f88817b14329e7e3a8a6bf81d3,0
01bd494f071e4389f2e078fc6f08ba0ea8f67002,0
708b1e10ec54dcc98182cd89ca0e94ece8003119,0
10cf18310e2728047855dc0d1aa376b2988da7ab,0
7663a113b45c0bc488c6a262dbb197d4e604a2e2,0
d28a7fba0b7197356100ae3cdd4f26e61ca9ce82,0
259a834612d9710a9c4147697a5a41282638de04,0
4eb7906e50af0fe09a90838a0116ae2acb08da2d,0
4ae3ce293b008ad2739cf11a573d997ed9de1c93,0
0d082a84b533ed0295e6b84c22a8cbd0cfd0a86c,0
f9ff5e1324e6426a30d7982a0cab42cf57ccdadc,0
c66d84b8b41d4d4077750c13680e313f06749003,0
bd83aa09a9bfb00c4c7e0d48ecab2638f5ecf73e,0
7c9793acc3959c06c1f1d3218c9a195936579caf,0
dbb8a25e9806c32288026398bd360148efa1c49e,0
bf87b02c5533a060040b9832ed946834f967508a,0
915398c7660d47c1991ee3152909204e5fee138a,0
69f63428b3c390361382fa7a5f8f6da6263baed4,0
02931bac6d39d2ba9b4c04af898d5c76f06de114,0
e1ce1e46299c4954595cd1614e548bf239e97bd8,0
a30b5d7f6afabe06b24944b0853976b2cfe415e6,0
f8909eaf90ada2998dbd5534b3a0c9c607e7ecf5,0
fd914cf9aa6e59cc91d555e8501987b94c536088,0
bf9461bbc45eaef73ac85f898cc1bdef82277c95,0
0438edead9e4f766e2de0021aec7868425e0c8c6,0
3b8dce444c969b109739452828841e99a0ec5ef2,0
2c5e66197e4901efdff90f83f3750dd16d936642,0
876419b5a4aaa6c87abf62b627f441896fc115f4,0
beae5e10fd6da98efd6b9276ae6c9519e4757e56,0
6bc25655422243ec8e3f2df905c42bfc4b85e145,0
f97b841f5288b94763d6aa49004c1920a829f218,0
98eddc3301696ee4a4e5449ab251db312873a0df,0
fe2a01be4c5221d2d5a89fa87bc9e8defaed8cf5,0
908a79dc8c728c9b989ed92c957bac96a5434b03,0
8e0bc678ad8aeb7b589098c73382e932629751f6,0
ae7219445dc063e9cc090e338fae1d7ec3bfcbe4,0
0913090f2d7f2e8b3869e1646d5779b6c58b0fa7,0
f73fafb105061c427c39bad0bc1dd2a38234db46,0
33d58516c51a8d9ae0ca9816fca8ade3df04260f,0
be5f416ece3a1cb49be6ab369ed7802537134f85,0
36b23c5455d607443e740d935463a2279c9a00c7,0
2ba317a339db98b5a2b2e705d9e7400fadcec35a,0
c3ecf963e42c7c7ba7c3fbd4d4ba74a8b4c83d08,0
d1c5fb852eaa27865a8089a191aaa5dad2dc029d,0
81dfadfc8016f56110e71d31f298d1de48d22bd6,0
42c1a587e49fcd45a1c00c755b55a84982e98100,0
cbb1f0b2adc6e0d3a2968a50934e7e42cd4e60a8,0
ced89f524f4367e217f733951772444ff7b915fd,0
d0137526d14c7dff27b2882a28ef17bf35b46522,0
1df5606b821047e9cda52b728027d7ddb8e6fb4c,0
a3c8e94365a528e5630b203c4d30790f342d2c4a,0
de9523a9e39d538f553d865f80437c77c22a7053,0
ac05d8fdbe62bbfe051e3b502e5f0fcfbba56c9b,0
32c68b7e8977785bc2b450a5ed5c8356ff21e4e7,0
c9004298cb224049c87e3719fb9be3620bb6bdec,0
07967afd4bbdb3f7bb8b3c584aba26ab6afd0b8a,0
aa4a148bf0f2ad9b991ae9ad43715097e61eebd3,0
eba4b8cbc51969d2d3a6baa6078a883d6b353fb8,0
2f3d800fd6fa5335c99cfce31d5f8dd25ea888a7,0
06ce80f114e19d66a403cd505d1974ca648ff325,0
cbb98b0f29082a9f1626317ddd5c9edbfe202692,0
78a83e662b2f5c491e2a05b572cab3991d3eb3e4,0
ce4d2c8b17923ee2643df36e2fc103109c5e53e1,0
fccb6fc0ce31010a825fd25c60412e55522225c4,0
54330844138d2495914c6b7124cf75d15a0aabee,0
315bd2645d52234c85d593cb92751e6e4e874044,0
bc38647d52cac739bdebaad9c805b24e0ec9bf10,0
5624e99371ddce20143fdad43271102c93a413fd,0
6975d428369d006539bd971297cd251576cb5aa1,0
fce46cdcc6fa33ba9472921d4b3ec3f548d8cbcc,0
93a992657a4cf5a0a21ecbeb42a8b9967e5377ef,0
8d48789ea5315443988bb8a09d04531caa08ef09,0
700fc2623b4c7183924c1903a4564171d6ad061f,0
e7c993b64c0c0f8967a52fd9ce48e837d8264930,0
4ecf2a67e568e33a480a2d3c2ad8785d03c635b3,0
e40cb665062128a6657e86004cdc8c862c4079c2,0
f88c5b750fc7481881ae734bcb449a792694daad,0
aad4315279723541c1257ec36e782485d4eb1205,0
506a58606379289c1b8920dd80c79afdf49be2ad,0
bb99f201b174a64a0eaeb3a5b115ac8a1a2e38d1,0
f30607f6b7fe1deaa09e833b9f39b4eff248fb31,0
66b30fe3f3c65efcf22a2fb222b356e55f4ed127,0
290d6d99a8318fe19b274424873008fb71534d32,0
b2ab60874a6f175515787fef0dd88c91afb54b96,0
12047a30ed016b8f0e17d53df5f1760a422bc04f,0
35e408717379eed0085cdb29e879209dbadc1ead,0
dc6d9f824906b640bc6590772dcfa455b5814793,0
0e3ce9805641208d81b49404caadac71517f273b,0
114b6572c6ac3b9e7d433b944d123822cc789f95,0
c182f65613c8e21100a1b272940e08b23320d158,0
b776c258b371ac9d16930b4a8e9d15c14993098a,0
6bc8cf38b668e2c1906bbf8ba62763950868f2d8,0
f9f282214975810638580db7f2d6e5ec570d2d14,0
d9da87e4bda69a5b6f32685246919f3362d3063a,0
c8fcf25493e0ce6387a2d863bb61d320c4411b5f,0
22e1c0d0107f190994798ce0d2bc69535b9ff692,0
5869350568abbc6ce51d6a3337950ea5d8a9a320,0
f1df2d6f1b018dfb82d76a83d3157e08d8823f25,0
c5c4194ae5eaa340bfaf45f1a49dd9971decf541,0
9d3c2eda3efaf351139c988d197abea211f55608,0
5c7056603ee4b09cc45b6e68f6696fefcecff999,0
af6fff168cc253e82b4b6fcf17be04ebfd6e2b44,0
ea78167069837f1b84b56029a5b12e7218e5a524,0
265ca720b556ad1ea7a1f8b8c926c2f98262fd27,0
488393e60081b89fb1178bd93a66f414008ea6e1,0
1e9abf1da5736070ef276ddc509d6069b1598600,0
8600d5b1149041ad9f49111b9b9c240fc4c117b5,0
14215e5bdd1aeea699da63ff2b2a6b7d2c663bef,0
450f9c748f91a32885e7a8ca2475bb27e6da007f,0
bd06a52cc9656354efeaea0a62275b650c929ea0,0
33bd5d12c2f9c3e6c5c67a841f4f2753aa08ba0d,0
8a0d6b0da50f6dbedec4bdb3c30d4170ff68263d,0
b9cc9709f5999bd19336cab2b4183faf6446a101,0
32ed9e2c1721bb96d7a377c04214cf82c47b907b,0
97013d03b5a5033013d59c1c2f6ea33ea81f3fdd,0
f503e0c92ba613f29360546fd40eb7d6aa3ffa8b,0
66d6b9e2f27c370ca2cc73d300858ad6f15877e8,0
99473dfa205a7c476a22190ee01f0b211091987b,0
f59447dd4ff348b0d232934aef88dfb86951ca83,0
21c8c53418379bb5354b64c2248e2f3de1abc168,0
cc2eb1a4e2a52c53adcac4b626b8d1a6cf55c0c8,0
452533ab6df70e537be714e9745f446499395fef,0
d3dbdc80d48db8c2c096dd26189062569a7baa23,0
d1a86b37e551c373489133e9ec26faf4314ecf5f,0
638533869cf60675806863b284cee45087e6590d,0
32d8bdfdbbe9cdfa6d0a969208b25f4ca08058e7,0
fb7dae4909282517eefaae925bd1527173679fbe,0
3a4e2ec3ed295514067f8e2ea82aff8ce7e69c1b,0
f52319a39b3830c0f3e1e0a339f6211444b666d6,0
eae7156c56ac22103f6790f4cf952f3a8196166d,0
5e24a6fef01dec41f0d5e38285b57a078c8ec835,0
9341624dba912786895b2de0231cf2b0f14c0608,0
9e59bd6a0fc82ecd5288f94dad0c959154fe15c6,0
16712804c04c8e8ad57751815244a0c5fb37f208,0
916efdb503b241f870e91195bfd8ad9e086fe8ff,0
df71a7f4034e313135575d291820d9bde2781803,0
5b668d23c6a980290f35a848fcac05191bc23488,0
1624bdb89eab7a9a0d9018982ca62d134b12af95,0
81834a637df3cb09f582dc7fde6372eefa709fab,0
1d07ca40667849742d8712bf55770c559cd6203d,0
98e2fc9683819df667abaab3ce74939ec2e08c33,0
ef43f56dbf620b309a652210a8ced50f65732661,0
754a391b8a50c7b1eb98890ff0a01f01ab6edb0e,0
9e9fb1bcda2d777f9472e45d3f4e866b7db3a224,0
5593fc3ef1a422d4128a8bcea9fe244a3abdebc1,0
ca9e41cd54cb73f33df2d345ee853e3518431e1f,0
756fef521970a13612078190185d2de46c9b1c84,0
68ac136b2ca75366cbff6d1adc3e3c8a8e21cf0d,0
960b1470c9074fcad26ce34b3ac76deae02013f9,0
974e12ac4295febc45c6f7488b636fa7267f7ec7,0
01190c61ea101709bdad43d5af37cb9bd4359754,0
dd10e5e0e6fbdb513ca6efe63e5ebe9b3ba91ba9,0
e9dc3ebf607c14fc2de668ab8f00d14ff00af200,0
3839ecf4619c7ad00ff8c1e041aae833355f8045,0
457d44e95570bbb8c3fe8b95ad2e51e9f245580a,0
918874b842cc20af07a035d126d5d498adccb9f1,0
34f0b1cef5b355e1512ef5ef2d8cd098d5e439c4,0
8d77ecb0b3a0ae75c2eecaf8c288aac1f0a5eef3,0
d9c8708d6786966089ea991fa0c621854cfe9644,0
171e33e8fd5c4f9e710fca297cc806b9a385398b,0
41c9c4f7f7084ab969e72dd298f407363a5ff82e,0
68f3d6bf57a907616309730acd2aae44165b39e4,0
fccb54d3a019ed263daadfbccdb5348a9f2bd233,0
ca8be1b82f72aae1fb5aad0f007fa40c1d2583a1,0
1efeb335291a8994e669ba9ddd5699661d20379d,0
9a800cc8c1ffb282ad5743995c99cd7d3fa6d76e,0
66b1c480a84247c76e153da522b08500c77058d6,0
ed63e2e17a56812af8f5f7937ed03055230cfff1,0
8c7208c405acd47fd68a55d7d0611b546db4f8de,0
a351f8e83ff501813d0be4af898f2d34ffda9ce1,0
1f297c969c774a97bf72bc710c5e1e8a3e039f79,0
ed897b2450385080d48d953e70064de72b1627a3,0
503f0704279587fdd75a930d1e52b9d23ebd61d8,0
99e3091280da94393602cec942e4ba2e32af551a,0
cf517d13da90470126f3cd9a1e8ed66c6eca4c1d,0
774c8d21f17faa0c094d7f86c83ee8d4c1f6e434,0
e75ffe7090312425887a60e09f83eceb01ad83b2,0
e3eaa8599e49253d9af6b6d81d6470086827612d,0
576fd975013768a5faed84bce323497b261c5264,0
1f1a684903565acd5b9e8d4701b9b602731bbb34,0
ae870195ba26e67152546254dd415903d05dd3c1,0
a48c70325e1877fcd8b7c5ced0e1da46fdce0074,0
68e045a35e3be69ba9f1e79b97bd3d259768c3b5,0
ab63565359c59875fe540c8ed7b1371bea02ca29,0
84529c91f54800f6455dff6c9fb3b1d2c2b94dcd,0
bd7ef831cb8ffaabd7ee6ef97459246547ef8c31,0
096c5fe67199a9b4f46e9b826d17a0297d57e110,0
1054f287e5ac470569814355fad6026ad911a2c9,0
8d70f0fffbdd0b3a0f46955a46a8dd7b0245f53c,0
d0ca17815fe9af64bfb5d38e451bbceda69ce380,0
8b501a1dc8832aa30f6bc9f1f6cfab1377372403,0
b56cb91d83dedb4e67860febae65b8d9f2caa433,0
652db4a1229beefb661d4da2b3b55e1833f2c855,0
944a25ef84ea70c7d36b351d4f432ddee871ccb5,0
19fcbd27294bb77a4c3b020abf42d7be323031e0,0
8b98fe3e40775d051d2b16977994d60121601fbb,0
61256f4b7616159059f02af43fd67ec49409ac34,0
1fb9183c706a8d660b856e9d8e66525525327418,0
575d2c6a40f7bc4ccd5d8ac9f15c0454b1388a65,0
b860d0ce3aae5d4875336e9cfa023ab73be24d7e,0
511d171516b8575a4aec55924ec39be64ccd6974,0
a8b2008f2907bd7fcfcfe57d485d56d79c872ae6,0
31e2dcb9da0ef248e75b2396d6a86283bd45a1ec,0
084af338a9d49f8a38e535aba21919383d4e5c97,0
34e9228ad80581fd7996b1ea7db9a75dcfbfb2be,0
65b50fc7d149163db8a6e5fe851c10a145c5bf40,0
bf34d0a564e5a13ca4e300d3132771a1e4e2bf34,0
e4430a96131fa48a62729651c10f87309d4de3b2,0
37218b8c85b073d07314fb4b47132ecd5f93e24e,0
cfd5b6e56792a5143bc305832b674448b70be1d0,0
a1de787172664a63fd172571fc9779137568ece4,0
5bcab481f7e9673ef56bee333d90ef1b11ae2579,0
d879329cd339e2b52e283de14233aff30cd83999,0
23677eb23ed30593aa378cc40097584be104fbfa,0
64ed061e6a2a89f251ebd26dd52650d56025b5c1,0
7b2c1b2b3ef501e03ec5bf1de31754836a2e7a07,0
954d222aa675130d006e3968ec76ea4ea15af09f,0
81a498b116ea84b986e0f13a849294f356815baf,0
8279d9ba4618259536a9cd16edbab83723a4f4b3,0
8d99d5f9bb44eb07f8799ae2ca67aa465b82dd5c,0
6031f5395b8da5fbe1c566094a2bc528aff3d4c6,0
a8c0df14ca2398e7b5cc40549775e352a143ff22,0
5a5d0cb5ed2ebc9c17cf28c0b654fd5a2ac42025,0
37cd2d8dc1ed51a562ccc46f8520b8a9f08226ac,0
d4a5f9f5f56d104bf1642a37f731663e8ed0f58e,0
69cad46a9249d7f0308547e2a0bfd5c959872feb,0
9bbfad5db3a0dc5a7f354e014249ecce5dfb3a60,0
fd09ecccbdfd1beaf372deeed956df2a61b814ff,0
2b3fae5aaa10111799447dc4ba5aaf78a370fa53,0
d5b38edf52f7b016f9380d9c563b98467f16a4b7,0
882f005452f40e8b7d6fabbb42f20bb83a77b5f3,0
12bdb33dc0185c8c9c034f380fda5da2d9143055,0
b9c22565fe0ee270f434a982802fa489ea075c1e,0
fe28f8689e3aabb08074ba048896d80077bb09c5,0
d22eb8951b761cd6afa03bfed74d42f0462467f8,0
e84ff4dff079d843f0aa710afe298091ab9adfa9,0
5848c936b7ddc4a85e2a171ddf350e3adb933ada,0
17db5ba533474e2ca8e52d9ef9fe867cbaab06ae,0
8e300bdec22021243d6c0d74a7527ebfee8213cf,0
e377b46bc8e6f1730e7893b388d77dc2fbfa1b0b,0
4033393aafcc8a4163f55fb065850b6e2aa29012,0
62b1cc63546b155beec7b63af8d10bf6f160bfa3,0
8e4c50f92848f91deaaf8060e3067272a67bad9f,0
0801d0d4ca2ae1c9de9ace2f3b194ca57c26a139,0
e37d375d8321a757a47f20bc1933e1126dc37237,0
8618b108f89c6135cf80e3b631ea7a8ae9cf2437,0
5286ebe2c6f57f2db368f73b90c4834fe6e68fe0,0
3a5c5c2838d0dacbed2722c4f860d36d0c32f325,0
b66b6cacbb461e66a834a2f44a17f5b62e5104b2,0
3071aea62de6caa0416e873b3930d08f3c703cc7,0
a251c18dae1d88491889e5cc36fe07bf58a87a03,0
9a6665af3657bf548b8bbd62b82fa12cd39e5af0,0
f4d5690ca80619ef8ac56e17ae4d66cae950ea38,0
14d7d98e7e3c993ac2e0f8b32ccc3789eb7ecc14,0
9582007123799dab2f1ddb38aa8654c26867da3f,0
d7343b729c6223f5621818542f8e94000d12d9ff,0
b35efc506f5effd43b575d0870a74813cd991202,0
92b7532213951b5288c5ac101ce1bb57cdb064c2,0
107fbd6c1f2062b525667845d47fa20a4d27d4f0,0
a3889838df65d583715907973240a8efcf40e993,0
a8688157322ea0a8a9c45df51acf8c679a9557e1,0
dca05e593e4fe6c5546f37994f818ab8a15d1380,0
96fde9937103e5830cc4d54bcb279e38516dc1ea,0
ccc57821e971efb3809cfae5816418627becffc2,0
304a1bf3f37abb1740e5a1a378b69aa8bd70acfe,0
8c91a515467826ab1b75b516cea7c6a3303e590d,0
17bed2b5551c6489264d47e1009f45c27236f71c,0
06cc4554b52af26bdcb2a2e43bb6022452db87ff,0
463d2cc57bf3377c9b654607ceadc48f010aeb0d,0
297f7af4af21da68285238169f319475d7b6f425,0
c4016fe93856a390ad911108b9f85f3f13f239f3,0
3c75a1d08cded636d0eb7035da6488aa726adb7f,0
4a398f54ae96f391155563a10227eed4d904ddbe,0
6033c9d66f620c85c3a300ac5d682a08d0232251,0
3187cc0575e80ab464c85dd2ac2faa6e936273cc,0
e1dd9678e90eec534f55e75fbe2b1510998d8a76,0
2ebb95084824f57b32e1f0a670c848c0d56034b4,0
c5649f4d645c6c8458343675f730c77e049d46a8,0
28c74518bc13bf6ddaad6fb24911cf3deb361521,0
917cdf1bf8ff40392099ce80272a0ac02064c629,0
88844fdbdf075b7521e349cf793e6a8f5a7c4199,0
ec55b1adf17f283caeb3fc6d2787c3d35a5b7ba3,0
983e1824a1e54f746a8db526096bbe03f9794efd,0
474713f727f49707a4ac77ed737d0205d22152ee,0
6aaab7da178fd0fc599cd9934897f981951133d2,0
7a8975177d4abd4492de65a78d7355daafe12d28,0
611b2b9cfcee27f32bb6e08839b9e047cb012122,0
b284bc8e20c3802c9888956489bbbcfcc5845b51,0
c35d8c6fd1ae28680c9912acf031173db389b80c,0
30a9ab835dadfde94d0daa15e9a8447843076abf,0
16710abc9a4d4bb27fa2a2affb493a9ec2b03d47,0
47690503b776da84acaea5542686c650849d8b4c,0
79077e8efd4c0858ce36a710469958bb28496759,0
e84a76918e9025931211dde9619f0d22c74efc4b,0
42ce1e9d0e2e1e4296babd2ad4d8e2abffdfb5e5,0
a6ee7188d09dd34b4b23c2ea9e784a155f0e1e39,0
d64c9f93e5be90430134a1a06be8b2ec72e36bf3,0
3bc37dcd6b7f4a1b77ee7ce64d5cf916681eed6e,0
2a6ec0fca0ae2098bf48306d98575a8ebee6ad9c,0
5920f32cd83cdd06048b3d25cf0334b36e4a9d9d,0
9a58c1bbdf7c65e71b33ab1ba406f1de5a8191df,0
879d382703540632f34e957a54b1b4c561d6bc00,0
e20aad075354a2696d06a081bc4678ddc45dbe82,0
49c399b143ab07273558808450689f211e85941a,0
d1f0af5f4b7e9f0c0a612666f93f254d9c57a2cc,0
a6e20efe6282738c9eec63c2b58d31ac77a27a89,0
594d772a937ea1f194f5ded7a311f50e8f714a5a,0
94556b87d89dcbda77e5a6628b1d03e9b60e3deb,0
bac2d7545f2aec47444169439ca2a437b504e3cf,0
84fb8304818c978e451be330fc944b535fb6a99a,0
955f7ab1eba0823adcd37fd9b574ce68d2586fa7,0
b605686f528963a590a87abeddccd9cfc2dc5389,0
0f3ad2284e318071a2bb62a088977895234d1251,0
92f9d4b863739fbd401d3b4a26a634af7e86b27b,0
6f74aef97bb67250debb68a5f3d380f77c5dec3d,0
25328b27f9aa7c6e504a52c81cd72e731b39ef13,0
7bf71f59b8acd1338cf4e19b91f8d0b1814f2fc1,0
33489b9114653eed2d10cd7c0e7fa3e7c4762c44,0
d7f2a7a37766e96cb4869cc58af48ebf398aa962,0
bf0970a71fcd0a1ceb88e68e4868bdc8ccd9dd93,0
f1e2c878b8df2d8794a58956babdcc8fa4d74f9c,0
6ba199c691d1789c60c449c35cb07ed9a89f63e6,0
bf836c8df0648eda397e0df8114e35b2e7bc8938,0
5a31023eae4bf2bd621fa8613699f54842109402,0
fe783da49fefeacbe6910190ab4f27575f77d7aa,0
9999261d2757298739a7e5d92ce282ae21dad6b7,0
032e0eade04855ec2ebafa8d1718fe7486b4843b,0
2af77aaa6b5c39af49f18e8c1014f8e7e3958753,0
df091173cdfabd5ecc852f47c978ee9bcb2b7059,0
a43e0245ba6f3f39f51aaac41df4a4e547f4372f,0
5b970c8c452d891332c4034bf345b44188d73ddd,0
b12db43052010f404d68b555ee33a2ae2cbdc0e6,0
1d02aa557218d29f8c38450e81432b6be4851fdf,0
0987f105e94d0a4c5da68bb1310497029bc32db9,0
1c8af3f622b32fbdeb9723e7340621de7f1f5d6b,0
ebc66db42635b901a5dce7f5286ba3b2427fc119,0
ef728ec96bde5cc7bd5f4c4947720fc972b742a1,0
29d79003ea73528796bed63bf81b1cc508b1f215,0
c811f541aa74d111cb731736bdfc6071a2084c7c,0
57b5be9cce8a30aba1d653e3627c1730a7fdb776,0
711ea2248804896edaebabf15eb34d7310dd4c8f,0
fcbcb2e746eff38cfb3fd84b6b85b57ba5fef2b2,0
20b035704827b1c95528bbd2bbb65efc0cc0d50e,0
224e51d51f7a2f07a6e57e5156113ad8dde0fc16,0
ea539b2d05c82b113c44cfe9764043fdfb23b892,0
a89f3ec293655f2499d885715bbc8c7cbf5182a8,0
5390be21e56a93ca87b520a5d33fd4514ee9bc43,0
750b8797bff0c23d3df5d61bada988b98bfb3f73,0
788120b2493cc7121161915b986926b7bc39787b,0
8bad223f22d01e282575e2f9cf8dcad56a4ae2eb,0
d83704ab30de5799fc88e82bd0a1db10e152d57f,0
c104fd492412fe681dda239f91d4713aa663168a,0
a79ea005b1ec4ad228067a9c5f2e10dcfb324c5e,0
8246b4e6fafc7a32499c700fd35e510d9d62c38c,0
87647d0812f3ec8f10ead3d2059e60801f7538b7,0
1e6ccae88426aa8c2d257fe0f42c382ea9b9c14e,0
6aba9f02fd7a5d3911e8db72883824320f848581,0
e0f75108f2612288a1e04552d88c1ccc64049eb3,0
45b7ba3825c253f58f8e642e2737ecef3f9cd374,0
06f7b6fbb42fd86d78d1e027c07898ae3854df39,0
528699431c0f8dd53d72da31e15ff26a451f83c3,0
5e9b391ce2581603a19ca8fb63a9bf96471e8b31,0
b279e28dd6197c37d85fe9b6e1df9e05b5b7aa25,0
c94947493c2f742718d1081f354ff934a8f24888,0
e85e26e7bb433d38d7e383361f6f42c1a8d6aa50,0
4ae79d210fab15cc5fe1cae427f6e32f56d3f0fc,0
1e0646ee8d160e2635be9c8bea1be019873e5efe,0
fecc3b3c3464d16feb2fafa0ef2cb18cc03eb295,0
1677daceab74895fdf5056c9a48aa94f9e709fb9,0
bc326f8ef5b0d424f4e527e1a05d7cd36d147ef6,0
51813d040cc883cb2d1c385fa5589e33a8e536f1,0
369ae6b7d004c6b8fda5e9f6fb31f254adecfd0f,0
3d88221be08530da9dfff374fdcc2ba168c7d0ce,0
4ff81f4fe4d77cf1cdda5cc4c9ef8987ff7bf61d,0
5c86028948db2c0c06df865ae7a95ce1b1fdcef2,0
ac7633ebea79463d0a43893134dd0cbb858bff89,0
c6a6d8321ba505f32e2a34adb5c74d54bd9fff28,0
a1f7a125eaf3e16fd746bffad9bf69fce4c59664,0
43e23dd6584ba81ef1e57554248441f35bee0195,0
9df6f64b7ea729fff5d11fce6407cba249baafaa,0
56f7d9f6b0c4f11c12253fbef044bdd408bcfc14,0
81e41da39d6f558f7525b9ea80bceba03493f903,0
3aad6efa37194ccb67d664683ae521bcb183a7a7,0
fd3bcf3b301aba7e73b972a369a4128d07de606e,0
5827d6a4278ade6269ad073da05cd010abe8fb88,0
af2f6ddd98ee16a6cf13d0e51d8d4eabbd496f62,0
d8e5038876ff196e38472151563c2484ff10eef5,0
1b30597c2dc8b7174f59330d967549bca105d61e,0
72eaf4db2266b444865d945079886e6e16c9e7c3,0
4a473e6120c6242a6c9448d289bf212431cf3b93,0
c4031ebd7a66e43f04114f6170773b6058b360ad,0
b4edfcc866170e01889f20b1fb9944d9ccfc7c28,0
f55268b092dd63e0a02900623881ce7860261a19,0
eab0aa0b093efbafa3d188226985e9c2dcbd13c4,0
7fe2f39a108c0a5c2be5695f731e0ef91a45eef5,0
99bb546524e7db07e006f5358074de10724d61f1,0
93510caf35b0e912d7445092be5eaaaad76d5fb3,0
f93c7d5976550881dfd5382e7bbda89d8c997f6c,0
35a6778db8b8b2abab7e41a5b11098df1405de15,0
dd69e59fcd2bdd552ae36b0b35636381569c7184,0
e30b4d37007c27ac866983c5be14551d420dd15d,0
2431972cc031127c5916734ab79509f9f5fe4190,0
5588a9bdeebd5a8a3f4010eaab8a6a4484d6b71f,0
505722c303e78e4f6bdd36f55940cd4659d3219c,0
2a2a534c02ac6c400f0c6d16c349a319e83d6d0f,0
4d06b47d5527c5242a177b7ddc88a19aa0e05adc,0
e113297085e163003ab65c25bf674e608f03acee,0
f4c041ba949403ad6855a3811ad00fbf240255ea,0
4e0fb4f8091088d7a331a1f29835463209f62fc0,0
5997d80100314261d401a9cf5e2a4b4c7a1987ff,0
2e0cc9dee389ebff75c8749ae5d9fb2d8ce39e71,0
5b003939f61ec49b989c8ddf54d138689eba35b4,0
72f51a601db03fa0d41ffffe3b6bd3a0b69a9574,0
83acfd3cb95d59e8d33f58680d7cc15f1ea0929d,0
de46d49f4e05abc57c83ba45c1c35089ded75fd4,0
b228aea7f7494a42e60382004ba6cd381941bc4e,0
5f30d93b32acc5b7a35568eec9eaaeac47a9d549,0
240b638e619bbf35e2a1d5b8808f6ede66113cf6,0
4c2a9744ae52b76a9aeaca15c90e68b672aa81e9,0
8ea386b864ac8cd603eadd25c60553195e141e2f,0
4984c960728eda95baa4253748e96f2d4ec9fac9,0
1151960efae79dc5f9c7a8758a7ee1fbee08588c,0
c68c4b2c72b9c1dd00a93d7bab402fad9ee73e26,0
56d15a469df88d4e4b59169701640277b5a963a7,0
6a3dabbee080400f0f3eb25fe8b2bca531d449e4,0
108ff1b3f3e94873079f9a7c352ee479b44162f6,0
8abaaf8c06ae79c7def19c48e11b76af47cd3106,0
14048e3a91e143aeeae6f03b2ed5adfbaca0e075,0
c859f528397259ea8c052908ed1410fa1c8c9304,0
e46503056123249bd60c66d2cd5ac4f60c1f1705,0
799820816a92e44788bdb88d4e97d52ddcbc6a93,0
bab8c9fd3f02fbd9960fa10219e32255f2ba1ff5,0
3ba6407e22ac0cda36e6260f058d38871904aad9,0
371313a2e4d1da5e0776419ce94bb8b644158a20,0
8873f3801c7c3efa442d99add6124003bb4e5cdd,0
7ab4e4fe994ed51da0a3aed39ce2500c49a50195,0
49d56376ebcef39b6b3f8e6f7c8b6798764427cc,0
8a992cd90b4f8d16e4d960c8b59ae645007652c5,0
ccc8f421b12f6aefb8d5309c7f5872ab2a3ce763,0
cee61e4b761cf57eaa12629ca875c6ca7ae46b38,0
ff0fabd09c067a8b54e9a5ccd5a1a12c800bdead,0
71aec3377df3efa7964008d9b8a49a46265de5c3,0
699abc8114a408224ce9db9ae0ca7f4b75f1b95b,0
01413dc53b15f966e6f497520f93fb1c5c077664,0
5b0f22a750450db1b84da27a927147c90630ffd0,0
e6f72fe910990913401173e02ac33d5b85b5d775,0
cbc5db55408dae5d8744307a5eb379df36d55427,0
dfafc5d723a381838695fe39e2b605880856144e,0
3fa1f0cee8b5b2d0671230b3d4f565a5e716a3cc,0
ffd2a02d8559428e6f80a54a77b3b8d76b7762fb,0
14291172fec33040c4200428916b9cbb5fe7f37d,0
23f2d363c5935cac57b6b41938dc662ad9f3463c,0
f8115aa3016ccbb5fb341976009f5be9905fa8e8,0
0352f34efec1edbfd92f6c12c45f6141031a5399,0
c1f262302cf6984865066f02d1e76e026ceb4190,0
a18086f23be65370e36c90cc5dd213b9ec0b1b3e,0
78c4b0f865100d29b47cfc9a5f6acf07e8fd83ec,0
3664d88dfa66380e02ba4ab65c3feab46e7652f1,0
09839108e113292714ad01574e8146ad96216557,0
1136118b1e7fdeff25034448dba39a39a42baa6b,0
1cba0bcef28b3be54362648bea1dfe0721f12a2e,0
87a028621f8c20704cdb50bff8f03bd17f9e2917,0
1e29723663b26be406ca073608a5bc4f297af947,0
ddb4f78cfffc3392d897f7d59b75db946bf3a055,0
115d2b76e83945eadca3cbb908f285fd8c435b14,0
6328258a29ecd9f838ba1b17cbc5c6c8ffef71a3,0
dd140af5e660a6afabe238692ecae276846099c4,0
2905b8535265a56dbb89d4bcfcf0eb464b416267,0
911814e49c024c070e4c95149b2cbf83842deaf3,0
43ad2a44f4b6a6b257e00cd6919a0605b9a03268,0
e77c1d875ef3ac4a07c967e88c5b46a4597339c0,0
52b9f8c4c864b3f15072f784f95f6896889bfb22,0
f4ac82113dbc55e3df015d6f7fdd76309dbd7765,0
c48cef5d5ffa96c60d5e760e02cd0ea63e70a4c6,0
bfede0ea47eacb2e9787b2d98dce4216c304bf46,0
09d8151cee874bf72adf524503f9e8adb57db2ec,0
90d2a9bcee6768e0c18ed1b9913c70aef8ff12d6,0
fc99d0908305463cc7464d661d28b6d5b0ce94b4,0
0b365e4c1833bf55648ca34b9dffd966c31cc69b,0
3cbb1dce0b10f661329a2e016e620ef373d4fd82,0
08b0dd116e13e8e1ae399a849b4c41dda7b204d8,0
756998ff11bca20d339271b7204d3e4d75931631,0
dd048a4cd064909265bde00ae2f66ced6e6bc1d4,0
bdfbbcdca2e5487caab92743bff4c4ae8fe86eee,0
ee7ab6a24fad87938be9a9491c500c66b2e9b822,0
591612e3c171be085faa0a2a1641798d77684c54,0
7d8b97961263ade3e64b819248f35fdcfc922c81,0
0e27058997afefcd01061db193c64929cdf0d4d7,0
0f54cb20903e75d43da9383464093a827e19b2e9,0
d87dd86c21b5a76299e57f1577dd433abf8685ac,0
73257bdb3bdf9b391353173411ab7e2362c6534a,0
d9fd960179547ae3509dd9b790f5fd0d0f872a59,0
8da2bb7ee4bc64cf46611779d9b5c3e7381be7ff,0
e0130c7aeac1c37c97eb2d1c0f1f4f02bb038aea,0
a95f0eb816e6b7bb3736ffc0c083912a22e9cee9,0
6ff944f038666efb7a53b2c3b7ffc86763d4f566,0
ba755a29ba1edf1c1cac9650914c848988ac3a77,0
9d987a3a5d5f5bbf55269880c1718089d48b53ab,0
d4a3e0c220c19a5c85c86aa2046b84200fc26d56,0
728e7e5f3662fb8e8b8bbc44e3851a69d1781935,0
e1f23b035d7caeab8333e8df6739eb143b64affb,0
9a3d46be1134addf78eef21e42909ca06398e051,0
e34291f9f53f4a4390983d52643b693505ab7d37,0
675e195fb97ab592a40f3ec8378ab0a3ecb4ca2e,0
e4e605f3918c4a75bdc31ec764803b8eb5aa7d9e,0
6b2df66b77c770527991d06b4cfeac80cb64deef,0
f8d9cee723218ba5943dbf00ed7519d5be007511,0
db54d7b2733cde7fce7f714a76f36a02c1d4bf7e,0
924a27330db7e0400d7bac1b1024af0733c07572,0
3c625dd23fb459da28921183b624013960de936d,0
3aae82cbaaaf539bf3f54cd6a0679efc123f2c8e,0
26b0f41a09eb02d222c5d83b87fb38b18278ef63,0
86733aae3af073d10c70cfcd2c9b0d99b33cf7aa,0
bd67f9a7b51863c3529052da6d3fba5b7130a690,0
331ee240c2674da40afcec2a3c458c9809230c94,0
7ea143a0f25791a23f73c34cab42977664f15ad8,0
b57f40a25a929a99e811db68a53639e9332ca7ef,0
33366c4d44c0f3801e656f95fa75c349fbad073c,0
aeff8e20bb92b7340142bd58fc3d96f17d662e65,0
ce7496d175cb0cb7e8773a67db33a821caf03f23,0
11eb27dfb0cde14d81fb6c90ae4cbd82f4129743,0
4a845dc8bc2debd59d2289a7a58fd1f4d5a23607,0
fdd78dc3e532ea8f60cbdce36dae0238362b5fef,0
203f3518b8b8c642ba4a9cca78a76ce8532620b2,0
9414e73a7b8c5434b7cfcc5a65fc9baa007a1861,0
3391af41ab093d9a1648e8cf8a814fc3282ba6cc,0
0b39f1a8bb0d1d80659247c0aadf6f6b1e5ca8a4,0
235ae84a997ba823e9b18ed1e2e2336cc2abc714,0
52a7e56d0261dea173a1341a33348a57d897c1a7,0
8bd274ae0c044f66bc6c6dc18d929614c5d1615a,0
a82fa15727eb59117635b25d318383021e210092,0
b43d8a1733f6439d8a57850c413de99750144e45,0
d3cde9c181cb0c361ac7cbdc094e1ed1b2ed1169,0
b1d1e1583484bd247ded173f124f5b91a86a91fa,0
aa0b0e52bb2544501fed9990c0db37391b705481,0
c996e27be17b03fe8442f444627aa7ae3da555f0,0
af2e247545176c8a9160c1f495f3494d18f20316,0
dc01c2583a6d77242862f92b38908d1fc28e90de,0
23730a0fb858372095913db1ab998964e32d5240,0
2b23b7add8dfb9627e5e76ee5dbaba6177b58399,0
6b0d7c4898b4e78c8fa35f80000d6b2d105e7fbd,0
6f9b16da5569378d884702a060749c05c75285de,0
dac0330c159eb508996191ab5e799a484df4eb95,0
27bd0dfd13b653b1b453994a61cd7e4843276c02,0
563d2fce7d0efeda34ed335e8d20854fc20ff1fd,0
be2e330dc2388c9dd768e75ab2184b5d436efd25,0
9691a48354d1a97d470b9184bb98da088c97e9d9,0
76811d12eaac308d2be65c1cf890cc525517db95,0
230076f1f4df9c861eeb080198a909429d48c269,0
b84f8d695c7517173e8239e6653b9e3d18aa5278,0
a5ec5605d75813a6a12a9392e9b47070c60888f0,0
4b8b5c7163ac8f16b1343ac3133f0feb7faffb39,0
7e392b90934e29435e7f6db4e6c417bf302a5db9,0
a9777b53f0c1232eac0857ca9d38a1eceaddb26a,0
c99634621bdf84a3a8fc30a9bea12baa587ca906,0
a803af8de661dbdb436b85d4797c44ec5f3e72fd,0
e21ed0b99bfc9fcb4b90fe06bf74b95e8182e507,0
473bb29aea2ac42287a755ac65f0488d11766de8,0
3a66c79e725295194eaa82fba3189be60c8255d1,0
67224814f6f62db72cf20473d4d3f4b55abfa6f5,0
8f1983c9829945567be711b6d6cfd28d47d52a14,0
5a0b58139db4a403aef14c61ecce25feddcfe3c4,0
2e492e94a56f2548bd57c49461c5aa525c500fdc,0
3972e83317260316cf81266d82057cadb7d4baa7,0
d18eb37fc299b6abfc906366173200b4931dc47a,0
1826012c2a8c5bbf407ae8fab8443d06e5f9c462,0
69f06d60f69ada39ed211f590fa6a963d20fe3f5,0
2f18447ed598383bac5475ec3936c33ea36a3abb,0
242918e1595db4914640e7e3d76acbb59b388a3c,0
6fb0b1ca56e079bec2c1e2575772c802eb98c59b,0
f717078a2c05b253172fdd497146428f739f3f9f,0
d2e567562f8c364abcab9a094ec090229529925f,0
d9f86645d9b180a6f808c47b165c697a1bcfc977,0
36b9fa53d295b8a105c5c98f5da47ec7fe634c40,0
a8972d5bcdd819e4a35789a37ea9189cc5a7bd5f,0
4a980fadc47e1983a7435ec4666763bd8bdea205,0
283b1ba587b51ae582cd6eb123de69a4b1643a95,0
ba85c69b536e667566266c1f12116c6e32b2b885,0
1c7ffa63facd6017022c2ac32071fa3415f1d4fc,0
743af0bb1f3b5a101de4f219064ea824f462d73e,0
ad99cf8c17eb31a09edf4e9b623eb600c355b2f6,0
7c4a4994cbb58313f8d6f7a39ec79b435f3b8b93,0
979d2727ae8df615292524b0b0ae0ff03ab261a9,0
8d4fa45a381e8700f150c04a522d0cb8d2228569,0
e013bd8d77014d5f7db81ae477a6181e510abd86,0
12e9e5aae3c55d8d9db1288951d5ec75328cc701,0
536566350c3213a38a483119c34b350a859214c9,0
1ade1ce39493589b2f052ae73cb9e26addfa3e2d,0
7772907e3a1c379261d7614fc53d3a6d24343bcd,0
057ab56f3e3b9bf999104f29e9b1534a611298cc,0
080a393b4fb33dbdfd4292c219fdce30bd5c19d5,0
8ce3f9a199205105556c1cca5c0e8f8e84d3ec3f,0
ac932bb6a7f8fc137616a07970aa1e5e42cf424d,0
ce0cadd5e23c73b9f775a302460bc45e77d30f98,0
bd9d3873fe80dd16f7f2db6fe1a2f5e21aab8a27,0
4bd1b5aec683be03834801ef2e39c0d1eab7c8cd,0
84aa4fe4f067d72aedb54cf8c331bb37f4e52b3a,0
e7f0d1372fdd72f38736116d7ba52eb15c4dca14,0
210b461d24a92be239bf81df12c9421c39911148,0
f6b9e3cd8e02597ab42d56802519b6f673c97b6e,0
0d10d917d71072dacba090aa864090523ff5502c,0
70fba6c8e0f82e247c04cb1fbba1233241a081fa,0
fc5a2b2c7251f3340d08452483bc1042db72b55b,0
35c8d1647be57df9dd9e41da064bca21a4b1abef,0
28f5832fa2d06e9ea8f88d2fe498cc19757f6c70,0
949939727359c5e7b973f810e976452c6e7e4ff3,0
14ff6fae576085767045bff074c35f2b0220b317,0
91b999cf634522614a8d30535184b8e8d72342a1,0
1d3367b642db8775ce06550ebfa28cda87155342,0
8a1f3ee315fe1e955e7ee9338b5ebf0d7bf2db63,0
cafb8895b5a2ec800417fbb47ce524f842e5820c,0
49701f35458372b7286b340bfc4a11cc6c042ecf,0
f51e6c61ed591b85525a2a10adef1fba834d5007,0
7e953fd6dd0d35e19239169edf72298be02d550e,0
e52e38bdbb8d6a6a37ddaecebee7e498f55dda12,0
6c35a010ecebeec30275df1e0727dd4b29778370,0
2b888431575e50f714fdb0b01b94bea247c4855b,0
8db7f684d30bf8df1e34d92e09ef83df8bb876be,0
6f9cab00b57c3e41a175eb0567540603037bdfd4,0
fb3dc8d405eabed156549b59f3db01ccf96cbf1e,0
8c3c818b1c6ab9503cd2c16213caae8b8c85e5a7,0
fa11e5702bafb392b20633a0e8c9617cab9a0276,0
ad345a4ac7110fb487319a24964cb26056e5de78,0
e447a928da706e445bd4bb28c956d82888032914,0
862b37628ecbc5c879b0c083d50ffac0be3f725d,0
7d7c8fbdee62cb563f124dffe207b84ba916d5a0,0
72c92a88b2bec3a7b99886369a64d60b17236c77,0
81e3a7ec0492148724da4512fcefcb47ba82894a,0
c85424725e732852d64a0b06bb5ad9c2be38bb73,0
2ccfb90d3c1e098f0cf508d82d092ee107f17523,0
bdf4891009087be1a630306fae0c76454ff7d7bc,0
5b298f0d1471635eddaf603b7710846345ec1b6f,0
2b30a7b600ebc0c71dea40ec4f517abaa3534382,0
ed0ef13a10a9ab9a784927774460d9d405f90e2f,0
679d515f646ebb0d42fd17bc0bf0bcb15cceab2e,0
6234fa132f98db2530372b8d6457dfa1d18eed99,0
cec45f826fad9e0eeccfcb1805300e75c4dfe5d2,0
8c45b86cb8a1cbdb6654ae0473fda645bc6213c9,0
a60636f5f3dcb9bacdb3ac641e7ef071d7efbb02,0
aa2a29f92d9785577ecbf312a2f3c2dc8847ae81,0
c9fa43321a953c2b20d472e3b70a04312bfaa5a3,0
0fbfbfca658ab7e3c80a2d7ad55eb8b41e9ebb4a,0
c82461d0d2305c6abf84af721100ec469cd21efe,0
7b92e562abac1d96abf492a3e91918253d6db39e,0
ac61e06bc174b3571364278feef3a6973d98d0c3,0
d5de68c2d1cbc68043605ee5286a4f8d08965053,0
28bd7432bb7bd6c093fc837935057ba4d5f73d61,0
8d6f5ae3bdf24c1a924d58efd5c8ebac89daa36a,0
d0551d01b3d7e97aa5d8fb1ec91e648a93dab929,0
62febb3ffbd6bd55d5601fdc137f14e708179e0e,0
f1f3d8bccf56f008056f11de090cc5a5fee178cf,0
235e98c036d02fe022d7b529d9d87dac7c59d192,0
dbf543b1451713a7e50c58912ec7ecfeb47cf0d3,0
9870779bd48aa8a22b8cad2ce3e60e325a7b3fd9,0
8ff684c038a774ef7da55fec56a5a8d72ce8352a,0
65562f5c0298ac88f964423059c8b0d6e26f08eb,0
27a78c961b9edc7461d4d5d0844cf95731939092,0
7f39d68d2efb53d949be5a66cbbd7f5d0ac756cf,0
1ca39ebee593c81915ae4626497825068679d00e,0
7bb7395c0e76fc798dfa6f709d19fcdb1d67bcd5,0
956efc847a5f8bd161731f25c67fa68f046ec79c,0
9bac1bbea87cabc70d7843aa273aaf7c62c59b8c,0
c3e6925cf9a867361f8dbe9e5b3d7f1bfd3d5967,0
a7d5a5096352b13056d781fbfad3731d2af9e723,0
7b187c62e6b3e9151c4b409f0370de1b6bb9c31a,0
fd704c8ea91e66e7fa3e4cab748d50d79acd059f,0
21d33cc9c9d97282be220595dd652feebc8f27ba,0
f2842e66da968f1fe12479ff7b7ea46878526bb6,0
cb7c2cba92a23601b8eed7265b551a9ae48bba2e,0
fd462c155b0484a0ae918dcd1ebd44f351636ea8,0
1b2690e280cd766c300274af6cfc2ffed7b57742,0
10f1f977ddcda9a10dbd69ce0e461e58227d6f16,0
6b4d75f725d9636b3ec6d5c24d410bece5e2fcc7,0
de4b95a7c8f3b78174b7eccd1d6249c812695eea,0
b682afed876e608c4d91a2892ef8f439169617c8,0
6786996d38efea2d90485c4ea4694af2d3870787,0
a9dd82f83e751022d1a7f8e6fde246d9082aeca5,0
9f37668d9243fc71178f0e94a2b560ef861a639a,0
04c121ade62aa29fc3f4c0e2245c00236e7f45c2,0
a3eb3be4b0063351115a02f56c884b31a6cc8bff,0
48503198776a6b9534495444a03bfdc52b7059fd,0
7e32ab455466c1ffa4ae0a47ebfbd5d8571bd1ab,0
5d71ff3d29d63e677dfdaf53e08ecdf086cca665,0
f9f99ccfd684d1fd79747586e4c7b77606963774,0
23bc4e7979d3876ba6c4e68b4d3787188364197b,0
8a4f0de5574e016bca79441d5e8a7102f3fe64bd,0
c1082d5316a5a35bb6b14597bd8ec5ec2e4d9249,0
a53127e3a58bdc2d730afa1dd918e47a4c19a0c8,0
bd8e77d6079ce760f157b9368302a5cc0df1136c,0
8eebabd48114ff33b37c6edf51bd9d8d4fab8b5f,0
0c39fbd170b29753af28807415ac5e3644603352,0
aab2b832f9a1c56dfbfae3e4d797660f25395532,0
558fc3eb460429b4e5d96f8d9e061599f3a09437,0
477db84c1fc808b7f5ef709fcc114716ecb13fc0,0
e22691f8108abd2a7a45f6ac3fd61b3e2d0affc3,0
4d4caa6a92797835ed46d4f8aff361ecf0ad1a18,0
5907d36b262c9e696c32c5ec942535e718002432,0
ff178a3b63e777408f712f6039c07441f307ba45,0
30f48c3d1d89937b03d1ec84544ee14ecb77b90f,0
e3aa7625b3914b17b091044847260c8a81ea8135,0
9beb1e0b115cb56b02a3baee4fdb2cdee2bdddb2,0
a31740689b8fed9324cdb67e3f4cea2a0d57f20c,0
e264482529c54dd2bc4a3495e6b218373fe9e9e0,0
0ba5024a3dc6e836f28e5cec0778c3d495f8cf9a,0
6b1e2eb08b4fc15427dab246846438bde2139a09,0
1d7c3d21f1fbf53990e75f13826fded0efb25f9c,0
7eb78290c8d7d1fa379536700de0bd4a81320bb0,0
b2b52ef972b14e6cf340d3dc3c55a0612151a377,0
e691ad7c23c518b7437cd023727c8379e369b8c0,0
5819a966c7709b111d2c0947d266e5ef50414502,0
a6d53a7649dcc82c44738a517b44422b61696b1d,0
cd9789f7795846abeb499b7a67823087f7913f80,0
6600586802667427e8bc4a54f40add0a56d87eb6,0
9d017c5617e3fe3319873b17bbfa4aad1993f9d0,0
1bdc82ce47f7bfdb12eda1c81063685e4bbef355,0
991e24da58900ccbdbbf1b5736a950abb2626722,0
45ea11ad15cc4d4548d1ac130c99697688922aac,0
5e140e5c9e4fbdb3cd17ddd91e59c839ccf77dc5,0
3d8d96c7d2343a64c823f933b11fded51f4970d8,0
e20e373fe08e76b2698b2ed4ed8b4f964b0e1e57,0
4a662289d3129a102096e77cc27d913f3f2b4594,0
0a9dccb7bc8014d67962a6dd0cf07ea537d517ce,0
f9fb07955d2baf965f1d6079be950c3b894eabe1,0
a02a0e699379242f91964354adaf8c44a65d03dc,0
092959ddcb73ec1fc761217a1c59c1ae0e24e2e7,0
fbc3c06d787e1c4e594f1b661ec24adcc43255be,0
e70a21d7cd8dfab9bfb221e7ddd1aab2e2c5e91d,0
514c2eddfcfe99f114b14e5db510af9f6daead51,0
a7973b8d30927e11ea7512658c90f57d641e373b,0
39aef5978586b0c344daf4e84a508895722e7f49,0
bbee9fbd9b7d4a392ea2a43e8413065195d1823a,0
a34da7bcf532488860e9fc4e56c228df95d62b61,0
f157196e0005dd6b79cd8efb530b272de5e10354,0
00408690a26587b45f6efc819553c02126b21c25,0
2cbac58f7e3b51a4f2f3a6672bb4380e18469c50,0
70947b1767946a665337969326fdcbdd0049537d,0
ac2c7f22065673ce737674691fa448e43a9f676a,0
0feeab0820ff7d01681dab897a0d428eca3de3df,0
976d64583525e604c4e04ac57ff4c600d2c61bfe,0
f00daff8c8474a76f489b51584cd687894961fd8,0
d6eeceb01880d970517f31dec9a81e0a3846360e,0
a699c8b9ba8e3bdb8bb669f844a3e5b3a150e8b1,0
142d53a6a52f7389a5494b466b931c86f2d4a6b8,0
7b15598da0d4c3da6fff8a9c77ccf4f4f3a7abbd,0
9de28a7b622972df1b32311ae605dc97761499f2,0
86bac5e60207934937537fd78b7313f634352137,0
22d161a25b54065a78d0f82dc530bf36091a0c23,0
fe88827643be091df5ed11d89d5f2e2ec4c61892,0
fb358a5c80a33e2e4ea46bba57a31148bc710f86,0
9f4953f4cbb0963f838c004eda39847e55e3f219,0
90f705e73270ef0c2c21bd14daf998bbe0d5ecc3,0
e3484deb5125a284f0250b7c8208fdedeb3cafe7,0
a1dd122342036e28ad5bd29e71b8d5a0ceb535f4,0
34a5a6f0c50e9075391780f4a9478607f4181d34,0
32a730d964689a023e654133099dc633b7fb3d0d,0
7b22b4ddc69e5b957067853322e03bc829672014,0
3a981a01b7637635025d2dde7d9f1142e25da07b,0
391d91e3535cdb370d6cc69e04aef506813cc47b,0
8fb518e6a136d6e8c38f5e3f81589c67599d7b66,0
33d6ddc7f997a8ebd84e282eb3e2257b59bf1d1a,0
9f2271334d3f76c1d76d64f8edf5e63e82e13bd2,0
a51c96520a73dd3d2655267e07642ada49a109ee,0
2a9bdc00981621c21e95e2bac474e64384efacd2,0
eda601dd041591c1af90c638389a06091babdf5d,0
cb967680c315504871a9e7bc2c7e31123c705e8f,0
03543e5f9b5133d4026a080b62839440bebda7e6,0
0964d5bf19ec97c8588cfdd8c02e76a7e71b047d,0
cb88c4ed01fdab8045243b122f504c87261e7421,0
90ed5343bb6248f2d3c9302112666a880962ef24,0
c18cd7b86ef088d0591b395b71fc1d521148b5c2,0
9831773447456466ae93b07e59ea76c8cce31787,0
8b4ecbc084eaf8e61f002612f7ca156fcc1e107e,0
24ad759b3100ef2026381fcb4065613a9dff6117,0
9a496dc61cee95257b3a266a4d52138bea7f7e9a,0
e08f0be55b9e17d9e03e6f311b76044cb786cd7a,0
ad04fff90d0107ca4182eccbaeeebe55d90a68b5,0
3aa817726b845666460f7f3ce342aa0c273ffbc5,0
9bc4d0bc614734c50f20267824b4ec13042899a4,0
de469797120c0cfcfe738dcf1dc107df41e0923a,0
4797acefbaf24044f401868743c99362e67d4274,0
72f45156d33680ccc08168b7da7fbcb960d8c4ac,0
6ad69bedd3436a75883e66bd130c77df884be98b,0
0f78a9c9e806221f101557dd1b03bb4f0c8fb326,0
4ecffb5feeb308adcf070a14c47d38e66b8a7602,0
6215948227b39308d59c624ffa2221e841fb0909,0
55cb720ccf2138dc230f27f5db123122a0388ba0,0
66b418f3e9df348d784398d33d406ccedc08cd83,0
39f09559200e0fad71c6f42756f3900a1d270cd4,0
d31ebdd0e4a7da2d8eb6c7ba54d317af5ab872d2,0
7aaf396c836e4aca4f252053c9540214da376a60,0
1f17189d535898d12e045604692eb0f0eefae86b,0
4033ff63c5533a1d1d30667c73c065cb2a3f7a0a,0
373a241752e97897f55ad75e0a5919501a25d380,0
fa028268a8b637706c887c794868e6e191edd667,0
b377f59613947a311a2fc3105dc7ae14b9343f24,0
5f7094857020a308ae494422eecb026e8a5252da,0
82273e966e17f1d6df1651c7ff964a898d1859ef,0
2a0e867744a5c52f105992e2ac42ecfe808c92ba,0
28b381008e41875139be04edc27a0d4187454171,0
a3e2ea24439d0b35de5809e07c98e221ab921436,0
d5bf76870f507944d5e0e68ce77d8ac974968c03,0
87497d0fa12cd389bf0107fe13c5f6f46de4f340,0
a1ce1c21212b0bdf6168f8d0ef3824bdb9c7574e,0
7d06bd77e9ebda68c79eac20075560d488a28364,0
9fd080442c35d58d5aa6b5aeed387c304a6b1d06,0
c665cdb28aaf71293dfb6c6d8b0f12f71113d627,0
4d6946c43a46c9b20932251277c5ab8520829166,0
38c36b568551c18f417161951145d6d53e2717ab,0
f95c8526ade8061b0a86da802af9df221a0c4455,0
c5348397a96a4c1e906b83cc48799b3168dded63,0
433229fd228bed96eb89d8814982b84541c600eb,0
f416d453af9c7b6f6a64003d439050c47a065cbd,0
7b1a908a8c527ad4f830e83344860fc09f353fce,0
acff58db5acbf0c6807cac01c316db643aef4836,0
181fe9c708624f9418777c885eb1653a05708294,0
8f906c08fa0eaf34283f2dad8a508158c3332981,0
0bf44ae0404307e5dcaf5fe02cb6b1ac34341d5d,0
ee282c7c6b6c6fb78e8452fc7ddda16893e009da,0
13b132450cb63b2739e1d3a42abb6efea188dd73,0
b0fa61893ab292d6833402313f31a5b23ba920f9,0
15bd5806d5960dab675f0c52bd6cb502954e6da9,0
1a193e4f211dd529a280471033a410c177548515,0
1e57244dc1de94b87a89408c4495c49b826f21af,0
9675e6c794ad15bd5aa85026633e241e2898fa3e,0
1d26ffda9302433fda227c5724d2f5cd499b0148,0
5639a5d7903374b922dcb70a9973b76430ec6a8d,0
d61b83be16d27fd37b3a45d7443ae202b99fcd66,0
469c04b14c393a9725cb10e9d22429870bb508a3,0
fde8c8618ad6fa603dd836438fe2d099021d669f,0
22560c3077cf042f546428db6462c371bf9a2fa7,0
45eee00385886461b0c0538496a9777c69637de5,0
a963a123f73a0dde67d7c8f0c6ebb88a1e43aac4,0
de7cb0105b574c98485f2f230a882000fc5f1480,0
64420e34cc20b08d4386cfbfec5aaa3f49973c10,0
04c59168baf640912aa039e9b17661ff5a0e770f,0
7b83356791fd6f3df04eeef615cdd4e122ebb590,0
ea190a8ae3b2b537df5d3914eb3d3f74f310de3b,0
888058b629205141dd31aa3fa4cae8be94dde069,0
f6eba479b40e6dc9ac7be3ba1f0016c10e0cafc7,0
33428eb9eb9ea3a27574ee2b983dcd158518b5ae,0
be28c1d647223fc123c0e25084ebaea68f45cd66,0
b901cfb6558358e6f22cf0af42a4b5b3fd4040bc,0
8d595f3840c663e3d56ef311d9186a2293a9437f,0
5e4944286e430d36f5d2e31570cad09585e247f8,0
8308cff798f36d82bb1f8d5fb8718d47a466708a,0
45763ba694a6186bb9feada08873892bb35fd662,0
c7701470fe51a77b5fd1982c948d4df67d828ab3,0
7baad88e488e82fef2e9d15d2fe1a7b1e3d14cc1,0
fecfe442b577fc730ed679d796f60a8544b2a53e,0
b337febe27fe070081d570d3413a24187e86d4ef,0
dc1aca9ed9bb17cffd546f5bd3f93077ce2f8457,0
0eb36e1c78285b95d0ca7303763aabd19ff8f75a,0
513ae545ee2b333f62f8ff989e1da161d807d76d,0
212750768acf1a87e08832450c5fb3be3595b14b,0
152390a5a329eb34128df4ee7ce2b7986dbabaff,0
dd69cc72dc7bc269dc36b46f9cc8225aabd2ee8e,0
e7d3a1039271a56067e932dd59a31b8c5eebed89,0
45080bed9948079bdff761da4617973aa79f2de4,0
45b6865b59d344910dd8cf09b54e6ea91347752d,0
f08623354efe4d801e4c1e29c0eb970b166b2c8c,0
98293b24bde29f0cf76f1f52d30b9519c11f5686,0
861df7a8230548ebfdb4947b2e706fcf1b92695a,0
92ec85a129c80bcecf2c8dbe33e0c72fff279441,0
4551c3df10788775da91edabc843a0e1fdb0f48d,0
fbe9566e128a039c7d857576127a6b4702f37c77,0
588b5f9abe870d30330df89a6f5a57891c21c628,0
c30586294f4fdc9a542427a86f30a4241d8ea2c9,0
81adcf9238a33b1a9337f0970fc388b68d24bd82,0
f7e2465c1c687a29a89a81a2ac32491a16c7b790,0
b78b81bc46222d70040d2a27ef2799f3f47a4af6,0
b398b82c7f5cef6f54a34dbf67d7f48cc8126b1f,0
8c563f2b455cce3fb0948af369cc00ff93dc335a,0
6b2407207443aa3679a417535b173b697ce9ab54,0
7b7512c4dea3c5b2f9aa3ac0103c6cbb30efcee2,0
954c29f969beb1953343337130da4286bd92402e,0
37c770f29e5f5c90b2f00629847dae2891701354,0
334941d06a1bd58aa0af8b16a8fd67cb5e4752ed,0
843429515ba7537c28d3f6d2a0adde259676b455,0
c423a9964fa8e17028b378abbe47a50907e6d189,0
5a797cd62f23a4976ac8d04c956a6bd4ae0cdc75,0
210e3f907612c2e4c9566b7a9d14789c394217cf,0
68bac4bde05f5569bf8b48abcbf1d4e44fab66d2,0
869993da9790cc56c0597fd18012498f07ad292a,0
c6f4b84c7d0a7669370a07fb4a7ec72de9cbaed2,0
455ebc0aecda79b86784ee0a0966b56cd7615e15,0
ccb5e1a6023a86f4f0dc8d9a0bdf503f43448638,0
448c99e35e438ef0b38e544b293b59d3174d185f,0
97b02e64df80404795fd11920ba11948fbf14fc4,0
c4de02ddfcf5280ecdfe35cef74d680ae2b4d9c3,0
3d7f5ba67e39d9d97a88c14ec555a4f6d743270d,0
543e8416f7553bd5ef842f3bb945d47f3b887c70,0
8f3cde34a916d7e95fa186f54df02611b16da630,0
5db17ee055dfba5674c67f58e5c95abd05e3d4c8,0
a6b35a4970a1473382ac847b42fa8ea5080fa217,0
82cfa665a054310fe1389195896a35a01cd536ba,0
d29377dbfb817aff5bb6749cb0687d4d6a07c9b8,0
66cc90ff1d3e346c8771b8f8e520f97de15405e5,0
3bb76c2da1524c41132715c50c4f2a3647a4fae4,0
6e1443e3b11712ea9c7298b34a02747567ded6c1,0
c184745990c576343870f4a9371092683f5ea486,0
24539d8cd4b1ec96fd727c10a8eef6d1c9e48aa3,0
16a7871c7da2a1dae057bdd621e06e36552e94ef,0
92ffe081ad3f9ef29f85b6c54d51ab5f726d8315,0
32f2d4a832b7aac92e470991dddafff6608f0179,0
bbedeea78256e746e75dfb211391879f30360a87,0
ea548e01726b5d321bd987b0b71ac28442be5b39,0
99ffb47b6b802d9505570778440bd2c79f281217,0
a2c789233b566a0fdb42b8b39030156517831ee6,0
c86c01a2e278c7977be3acffb88cd14c38005aee,0
3fa9e323af135b489f9f15ea161ee065d8a71897,0
f72f1ae330ea61e0cbca0832e4e32cee024775ac,0
8f39771cb53207fd447e34571ab653caa2e5b762,0
6834b1791c30488be63f2d77484fc9ae2dd21b4b,0
a2317f629915a2553a8a7bc8ee7a136cf12fb8d0,0
b29bae05ae39d4a960a0b4748e0a87cbfe3ddc88,0
7b716934583ffb5d4111d1ffa2f4b1693506bd48,0
eb0e5411ac48c5353a57af318716701d8248a34b,0
b3499dab794234449d52c7a402582849b9387e63,0
1118a1ccddca5b8f982c4268e70a7412a3269cff,0
041fdadb42ab63c43cb915ca905b42689e457bdb,0
5e13762caa30d0f5ed3b9d2d132bd2796ed745cc,0
616dfe531474d163dd63987bbfa5c974be02067f,0
e0b5e624a7aec6d787b91770b6c2db43ddbf0d85,0
b1511c79aa749a245b48f5bf18c22e9c203882f0,0
77c4cee3435220c26873227326dab9b70edc7812,0
fec2e657ccc6dd79ad392c1ad7a03bd8d76fb6a5,0
ea072640428c08e664321451838e7cf31f44c2b1,0
f823985339e59ff09f604a8c0b6dbe9c8942d0bd,0
c9c0008a8ad0975cab0629526019a97ee8386bbc,0
a17965688bffad008640d19a28215e2b5a28d15a,0
3927b6ca1e4ce7db5df42c232856836169c4fcc5,0
966adc068812bfe94773252e7fc0afe4646e424b,0
42909f82d9303d12fb85b041c4c093778589a15d,0
842075f0a97a5ffed48b7c0a6f7d3769ed983015,0
07b82f6a698dac3f2e6c9f6407776566763be11e,0
8cbb4fd865a81b4d856cd87ebf099a91dc6fe2e8,0
011ae374289292a46f8cb4feb802d18ee1498a4d,0
bf5e45885a2d01010a7b9299feb44c72495fa6d9,0
cab58b3a8093a2f6b84f12783a3fb358747310f7,0
34b8bb25f15d33d91b7e62460ce74e5cc23949da,0
73fad758a03a89e0f6bb247035d9cdc6d95bcdcb,0
f446cee7dc35e50983c4238a34adab4b393bafe0,0
71d41b4d48772c9eb61efb1410baf170ca825bb9,0
ab9e84c47a06b3110378fdc7f33b2e29272cba5a,0
dd41aa800cd9467b9b6e2a805c5ce3f0f5d88f65,0
670dc76cf575e1af4a9e8886f07dafd6ee73e2d1,0
4ddee8a0ac7531f6bfe6b38a736dff5cb8f9b97e,0
a434957f70fcce4e4c853240d8db64d2fbf22867,0
291414cd574c3d7610574bb90bc5d2640ce3785c,0
f12470cd6cae4abc55b08cc49b0ef2d437f3432a,0
0117ba7a88bb6af2b6f6a3be84adce984f0bebf9,0
28a1b8b4f7e74f8927003553483a61c63f68f629,0
dea6dfa6fa27acd4a8e6ba5ae3103f27ae891885,0
2b967b82fc85b57418f938555f17651eedafb965,0
d88810bd10937b592bfe28e646a9f8372852ccb3,0
7b101411e591371ea3c5ca08db970567abaee6a5,0
0e25c94e3a49f3341e49fe31cfc373472873a4e0,0
f8641c711432dc053efac327794bbdfa5c49c302,0
38b8a8975fbe4da63d5ed0dc14ebcc3af17ab394,0
7db45d39714e7fbe582dac0d49c149d4e9e82ab3,0
cb57e04fd6648ebdedb10b80c36fcf51a38f1b29,0
ea9b4b51b0811114c006e18c841f0493ee826014,0
4a298809509b85709a0873de1da866f81393b447,0
8ed5f6df652de166dc85f9b12ae47f54f840eea3,0
252170f2de460f6d40b62cd4d024458d200865bd,0
b150dc8860a7c44ce027f4f808ccfbc544d481f3,0
f4cc9984c3ea0cb85db6c30c3bba6e6dfdc0b677,0
6c3f7a19af0f6483432f10b96fe71c334e68f7ad,0
398090b539ec89eb55a6e39fe834a16670123850,0
b0b5759d5ac104419d084a20f9c5a6dbfb0a81cb,0
0d489086a3eee8f2194e0fedafe3dff7f9743497,0
8688bf734e82b722befd8c7113e1dbc70e4f2507,0
bd76c282598967655d12697b6b1aba90b1da735b,0
ca6851e3ecff84f5a5148e26caed6e113f444198,0
223a248fb7fd4c8a6611084cee47c0ee4e04db8a,0
eac7bf76e8c56f0a5b25b0881a3314dc7e0d5a0b,0
68948279bc8d54ed5f54ea84243a9182d868e016,0
bb0781551c7f1d7ddd28733acff95e1f130e766c,0
3b9f72be23c7f8c396af4c945a046a73c1ee0bd5,0
5c3315374083d2984597b3fd5f69934ae6a64a81,0
9f45dc09e3a899971c24a4438f676110af71f24c,0
2da1b2f60d0bdc1506c7232d083b6f42d4a32abc,0
3742db4b28a622986db0dc2711de502e898802a5,0
61049275b0404443e4f4d2243b589c0ae0b19f0e,0
0d892c260a5c598f83e635b5e4fc794d2cb121f6,0
342b03d1dd60209b4fe17df492cf9a4e9c3242bd,0
c46666c5ddbc14bfdb910949de49ac353676f03f,0
036bbf34d2742af78ff2c44f4223e1b268e1c12c,0
b97da105fbccac149223327e49d29ac9024913fb,0
b4ac43e113dfe723856fe0186ef46923ca5ba573,0
0ac8e7cd912df288f4e0cd28db6e84fd872628d0,0
a5347ebe436c298b04171a632f53ede89461d827,0
896334a1e3f2627040a0240debc0ebd4593df916,0
05939ff5479611f67b50a528567d2f5e2c9f6429,0
40d6ffa381760c6fdfd8bff41704270be3838653,0
89008f2b154a48545ad36ec9c970ce35f3327ac4,0
5f0df4bf5d8dfc9e79fe26148e2f76d07701f9ce,0
ea11bf98b05e47d747f634e5d4a479c9d970ccde,0
441dbb2e2520ea644be89274a46823b901096f23,0
ba66f76a13214ea6b7a78f7b7f3e07143dea3847,0
66a12849c7b9a59d699b63499c2af18d2a8808c1,0
26676947327f9b251dad4bcb2c454282b9325dd2,0
77e37dbf238d26351edb29e95391e3df75095d01,0
54fb18ac541e76bd01100a9c7a3576d22f781b63,0
5f959fd8e77bf28f6286cfb4d1e1fff27167f803,0
b3cc99ca7d2ea093dc63c8ce0e5eb3848ea28f3d,0
e6743fb61de173de62ab0eb2d1b4aab0d8027287,0
75c8ade02e53bcf18ad85ed96586ad55d4fa9706,0
15a3044690a7e7aaad9f241927c71c22c51f0dc4,0
26bebdafe451c5992398c8c69e06de11845e6666,0
c15be5398fa8582f39d6c9b51dd943f6ff926450,0
1979a6e31067a18c9ede59ad4518f738512eba82,0
dc828f8b16a4e34d474b2470041eb0d757853a09,0
2ec7843b940424bdb7e0cf0093062dff67946d5d,0
a424d2ff172aa3be9eb5155e732e6f61915d7b5e,0
d8fd53176635bf531184bbb16701d779e096b490,0
b5585aaa60dd317dacfbd499aa6331c5065f3a60,0
6b9e6419fc944d3b5eac58187a6cd56e97328c2d,0
43b7fe30ec97dea4956887ea23dd3598d1772f71,0
dc9032be284c70f53d8f9031cc90e01678a0e55f,0
74ad2114700446837ed451f36107a056301a65fc,0
d6800c606c502bb7c1de180dc9ac9686070aad37,0
23747116069c150e26e0dd42d61331b1108e1e01,0
ad442e3c7368034c44616c96690c4525876dd6cd,0
12ba7bd76946796fc865f11bb760724278c08ca6,0
0dad34216c390614907f26c88790acc899c6f1d3,0
3e7d4ff5a27bda7caf264f0277b43069541ca8f7,0
d0954e2337c75ccbbd8e70e53419f3277ec010ac,0
b1c45ac691d46a8c609f2534d2adfa59c0599527,0
ea305b08516979ff3e5688cd5268e8f7a7a1234e,0
e12b9fac5c0f2ecde282dd30e7c0350158bdd3e6,0
9a6e25230eccfa131d40eefbc4f48a13ac31d640,0
4bcd8c12ed2cd539b84b5f2bacf00a502949d19c,0
1750ac9848de5799508fe2887c0915f7661727fb,0
c4f4528b35aa3639c1e47a6ff357399b5a530f10,0
80238cd1c04af009b04b4eddf54660dffa9b2405,0
734f7f3dbd0fa0e9984aa157a1ad04bbf2c7f09e,0
482762a13f739631f94d03642b0a55a9b7214c44,0
46932f034f408a403dabb902c1a392f705771398,0
0dc16c204912af6045f10a323175d2236d31f9d1,0
6bb2ca17933a54a757a652cdc60d51e1820cc551,0
8cb8ac83721f54e41039e29e5c406693895b69cb,0
483cbbbf5a8b3c14edf3e6563e8f8ba380966d47,0
03a9b7e5ef26fb117ef943d544723b193fb73f57,0
37a7c44093839f4c21e051cef1099db6b1ef088a,0
d83572be94ee5a332ac2d2f3742e37a337dd80b9,0
bd50a518e0de7db55943e52d842cbe8a135d11c4,0
42548d57b723697d4544b38752787ee9b33a3df1,0
70e4cb8b3d6cd8da5d22b3608bdbe29b6d4e48f7,0
f5d8bfdcb51e4d05de0bdaf77226d2281a518b97,0
35a1503978a96928db1594d53163a96f74bc4ed2,0
5b26a6d2e28a9cdb1804556adff4f3eb3b76d089,0
71140f3db62a5e79fa1bfaf3191d429daa268a35,0
333971caf33dcc05b6f714fada447e9417f6fdc0,0
bce159a0c905f673b8e0e4c9899543a812fb904d,0
c4190304baa18d3a376c3c2232f45f63c479a5b8,0
a528bcb1ebafb1eeae14fd3e305f3636d6c04717,0
525d1fd7ca383b3426341c58ba9e2d2e886a59ac,0
d86509b09672b874de2f933a511a1f74af6814f7,0
9f1dabed562e5953af25369121fa7fe221a20276,0
e22859d0934dedaeea9de0962b446e6310a37dfe,0
d42cb86f2f1f8fe1c40e0308b450b39074a03d08,0
8cbe8675525f15b8999b9c4d3a47265b65d85079,0
0062fe65d1b53a143a9d387c3a65163fcfd645b1,0
51186c1def4ac732f7d8ac6efa553e676fb7b8cd,0
11eca16f4a8b2e22c7271cae1fe9f23608bfb98e,0
3ec21db2659d454de0f5ec1b76b5ed72112fd0cd,0
c232564c61976a68b4077f12c7c7b3f8ee7c823b,0
775886ba0cb54d700268f236796c86603037951d,0
8f9e66fbf060b219ca810e7b8d1153699e410237,0
949d74737327f114ae97a18f9bb4a4f5626b59a5,0
8312673aa7984dd65d171eb7eecbe71edd386f24,0
b88b065aa955d7a7d8f74c427b05d2243eda0779,0
274c9c1d37a47ae9bc1cdec1b0b0e4189dd44845,0
56706c8203ed023a3d21784b6e7fab40375eb9d0,0
bbf65339023bf627a1843073cab699ca1831aa96,0
6dbc3b396f25640581d12c2a5e5f5a340e52437a,0
75e87fc76aeaa105fa57394d17dec11090725cff,0
e63c5361937cc2598a3cd030f79733cc8c22b6fd,0
13467cbc7f319f7f7e9e9185a673714736e77b83,0
13ba1cc91ea441ab012fa4e9724fbca397f1b1cf,0
7aff78974c9441dd65113029196f18fe41f2867e,0
a047296d3ea56144e5a118c0cb79adcd79fa5edc,0
bcc005a0fd6b99637adf46a04dc2d02632a0c7f0,0
97842394dcaf445266e5d7e56e9fb34299f8e0e8,0
feeae120516d601a68ed4b5bfa5d62f6176832e1,0
0ca8f9b9feb2d74c6373d1762b1eb4a6b1f7f4b8,0
8354ffffce024a97ef5e05b7cef4a82c263fc07f,0
8da9a65b6398931af18febe082299c5c4b932924,0
96eddd6ae1427222986eca344b898b3332792a01,0
2dd7c4ad8ee6a051fce8edb5f64dc904c9514217,0
864fda4370a8d1bbd942400dd899653fd5d85244,0
8accf274ba10b7ed0a6659c7f34bb45d72d7c4ce,0
68747912d250cdb8813b941ed65356a0bcc92135,0
dee97c3ff1c9746282fae7ed39e16993cbe9d3de,0
4a9bcd0f5211c91c4c2f47313c8f8013d0dfe03e,0
1e6435ec103c1d52b119602a3aa48bfa5775d01d,0
22daa5f1dd4396e94224841b3bf0e9f226e86695,0
b5b45d3260bc83d2432566dfbf22f0897240bece,0
db136b93dda101b819582d9461751e8aacbb8147,0
598ab40a59f575b12aa2122b7136d42a5b865e1c,0
059c468f73aaf76ee7118e0167142d556dd9453b,0
9e62a0e998eed0b5f7c0d7ba32c61b5efd287f54,0
c6dc370abbbf0b487a13bd7f564287a41755bf71,0
611c73889b772dab7315c952902d5c649635126b,0
5723ce72d04c8ff7af8f245518cc48291701db0d,0
2fd2a76110af7ae07712af01708cc00310af64ef,0
45f42120a6fc01455dc1e58b4441200e39a532d8,0
8b6dc36b3732419de921c9205f9592c52dea220d,0
6044892b8817841714cb79200b944611a9c22944,0
36d33722c37417b2fba57106fee185a5e422ee47,0
5d756cebd7b99af057133befc90ad33d7f89b316,0
8e09f5f538db789ba72b52b39c56e7b111f142d5,0
8b66a577f44a16e259ad5ba11695d20e7c3a9cde,0
92c5e6f1e103a23ad8ba8eaa42f5ff37537dff47,0
2288112664e3f7c3b10176441d9ebdefe095e75f,0
9639ccb2fc13032e21a1e898dff805482a353270,0
5023b45c003e240a90e6a702c53cb3fda61365f4,0
0b1460dadb5934ebeb0c1c6ef79992606cdb91f0,0
94cfcc6989af75eadab26041a484bf02ad374578,0
be6789ced66778415184f6d36bf662704cbbd911,0
b9522976f462687b0693b7229ba5c7faee0cb74b,0
641aa1c663ebead0189bf001a06ee56463070ddb,0
87417154f28ae944243ae2bdb9d9ce0d31f5c892,0
b15deac11af9ba749f3492f62e49e5e4ca63edc8,0
07de4dd578727555bb94ed421498f455838b317d,0
1bcfa1cc87889cd97e62a9402079f5bc70a0f563,0
b9e2a97758ba6c007fcda160c4d8b0528bdbfebd,0
eed8a7adb3de7441751e846f4a75d110dd205f23,0
b5eb4fcc8d325810297f10c595961d4eee528ae0,0
992ab3c9f2855034f24ee3f7638f57126bc1cb93,0
712ddb1e193967c27f5624485938e7de5d732c6b,0
cefe846e3e4a239dd568623346160ad41d7256ab,0
8713af90d540e7bb01f8ba1fd99f6c04e41a7433,1
1d21a49c27d9eab8d02785a783fcfba387a3e8e1,0
9d4f2ba886b003980f2c37a4de7a3e6c3c701820,0
1cdad51a01ed767259016b5f6e34f873943e3c62,0
c8bdf60d1d0be609094e14054be0b9af0fb05521,0
6f356338786c4243a21b0e506469d2e3a71148e2,0
afebe421ea7317f084c2bfe19145c0d640e1dcd8,0
10ad95330b5f15a1780deccc95d8f91b87e4ab73,0
2064caf1e18d1d02dcc0a042c4cd33dcac10c8af,0
6e096e9fca58b1bfd01a0f048df10976d488b948,0
f283f43af58b4632d115e07b0d923bafc0f2f2d8,0
85e963aa79cc90fe55d93c2aaa5e0396e067e298,0
80ec288ee76bc278d70aa234cbea407a2c9e82a2,0
d95543d8187af69257f9c0f334bff3f90e6dbb4e,0
44985a1266edf1fb6ff391b23e6441c126e83b74,0
d2eeb6404f3c568b1f420ef3ac25797fae00acab,0
b75d948dab0b588f3522ae0bcfeaad75a551d98a,0
e736f41062e5dc4227fd5874b0f4e0e30ccad8a5,0
1081b725bea339fcda33d70c71b9eb1859d60d8f,0
1068d4cd6a97a700ae5c7ecc312f9aa172fd4840,0
6a10051a7b5b3c615180413fe116c61780754969,0
9ae946c7daa09b20f4089f01202c5e73c5afb471,0
55e8eac25d81f07bebb16d812c97edaf1393083f,0
49a5c0a4eec04e5f372c8a6c07d6a5efdc17122a,0
29d2e93966e7fb99a888a58ab43480e485dcdfc6,0
8dceb1c85f4c13e1688206d540932ffb96e2e162,0
f98ef6d3ba19643262f5538bc5fc93249a75cd50,0
3633bbd32c07cb36039c9a1a1d5ca27a2ae3882e,0
1961bdd3e6f0a134acbf95cee59ee7dd7dd3ad08,0
41cec319b5dbcc7cecb7dccb7015f138705a77f4,0
df6474ed2be7220dcc650d8c417a241e18bfaebf,0
7166644ffca595662286636102aa5e7190fd53f7,0
e5d0c9df84b59ff73840ddaa6c47c607bb10b77b,0
eef8f1a0aa2bc6083dc5d0ed5458c830816c5bad,0
f4a63c4c72770fd099dbe11bc56d6e094a62c93c,0
ee851e403b5ab4b6b33713b08f9568e966ace052,0
ee512ca286da5937f5f168f882091edbdbdada57,0
1909ca32485ae8cb05b4f905ce2dde405c90baea,0
b002903af214fdffd518f9e9a967dc3db7b585ef,0
c25a3efe1b8a9c15c1eac91bc9d64348238828a8,0
f0f364fd9d946483f947011a3557c1e6f2e5d8ee,0
dbd1565df975c00e32c78f8eb8089287045580a5,0
a2609356e0873d316c190ecc14f795118cbbf200,0
441df91aa12956103304f59a6a94b473c13bfc9d,0
8f346f9f1263b2fd5923abc0956134df15fd9325,0
9f0d58985f4588981eefaca0408e767eff1bef73,0
a26fcf58e4404186c8af82920894a8b98af377bf,0
117d7e80dcc139723190744e323c654af28853cd,0
30b2acadc2dfe67fe90f7fb6e0469f38c5389b47,0
ff51fd17848144f1f760355abe0a470bfb393459,0
3c1867e231093319b1bbbe5b0362d4063517cf24,0
edf3867212b2075696ee2dcf7cc8c7c4733d4d31,0
c2c01cbb859a3eb2b08c3ee8467ff9cb32df1a6b,0
a270ff62852e62b5ac0f943a7e57292a72b77271,0
796114ea4a9cc57ab17170536e1caa5933520c47,0
1792c34603cc5e9cb4aba1b97d27bba5a255b349,0
1f94186fa634873c5ff183e6a1908cf8e61b0cdf,0
7f0185bd3d44b9e1b2439d6685a418e7a91cac7a,0
876942fc660632db3e45841cfa264313697c5923,0
ec9b71b95d74f1c8a977bcaaed9cbeec8581a60a,0
4d4611671c85137f7fe57e149d21dbce730442a9,0
7fd216b4729f0cdddbe9e704f14f98462bbf1092,0
2ce582ee66e1d25c2e3282a92f53d78ee2de157c,0
6cdf7f92d9ca0e89a37b0da422754266a048c754,0
ff4f018553ac76f48e0f832e996812e95eae5cdd,0
5187b217882875dcd593538eee5e985b3b9a7ffd,0
930015a137f6bc34127d7646b36d0550842fedfb,0
64c5aec863e1dddfeba4a47feb7b1c3367290811,0
42abaae120fef06da2018bbf417e572a995bdb64,0
979a93d7b67e794f92a94a3ee776e5e553c21696,0
b4207ef10605d1115d0510bca62955444088a445,0
c62ad3c0154a13666438ee1aad1c2ed8978fd761,0
6870c3363a50c117c586a451ff661a921f39c238,0
42d42b2397bd4cd96dcba38165f59973cd04cf69,0
5250fdfdf3720a96366cac57fd216e8fa6c13cce,0
cfffa7138c04b971d119a5da94b9a71d610bba0a,0
3d058406e28083d1e65a97926a3a5f1babc5c0d8,0
634917ecc8e3d8046cae12cdc7017441843323db,0
76d7c4078f31674bf646100ba75e2d17d86b0c15,0
0af167483520819e6c3377e92c58087838a92a43,0
a0721ed91ba36cbd32bc457c57062b8f1d6f1754,0
5627d22fdf75ace6dcaaa8a370271210b07409af,0
33f04b39debcae2599dcdcfd23af4fa7f9aad9ce,0
2db76b17741f298af0ccfb6beca583790d390494,0
7c390648ab339f6f340630bdccb3d53ce61a251e,0
123ed9c90d0e1569012a982336cc9bd515a277b0,0
cb157163d7543f942a1391f3ef752ebea1e1b349,0
1ce3b3e546300e8d66c2a1cda687beeb23fa1304,0
6541ace008e47a0347ea11935f6144694437cb32,0
703064dc07354e9047cad9b6f1d8f03be2c3e0c1,0
51fb010651fbc4a1ca7ad7bb3fca8820eab49a7e,0
637836aee0db887ca4fff77379dc695550fe5b30,0
132622ea0e798d6ca958195e168f6682a6e818e2,0
ec24f7bc01cc7baa96486b356d4fe9b955398eb9,0
a0dd675fb6dffcc0bf0606685360f75b98789600,0
a7cbb44991c12265c5219c6308c18b37fa2a6692,0
3e7cefa2b17b378a856e507714eaec8b6e9e7e84,0
3825a0ef30d7401f8a5617e15f616944c39b4320,0
17c56dc18ca9211027c1752ca451d5ffcfbc1e6a,0
2117c51d75cc0d0afd16b51824411a08feb72b9a,0
13acbd72b60688f6bad3e0be9c3ce18340fcdfd8,0
597698749d1302335834eafd51eea1e6ed3cb4ee,0
4093753248f6ecf983ce0a6dee91df89bda4c0d5,0
a0eff4bffd88d6c0428c3a8132b3709d893142cb,0
64e8b87291e229df32a43922fe74c3c96502927a,0
64aa0558791501126ecd1bce65924874c5297f8a,0
c2e5d20928933f08cf9207447e258ed76d055693,0
6920d4697fc83d6b65006f8c03c2491eb064bae2,0
dc77a0915d9ceaf940067780ca09aa2fa09ef81d,0
838812ec27845a1a4f0d9c50bd65073a336184eb,0
42dfee86e39492a46e5dc47d5685cfaeeb6332bb,0
d323621656afd9c1a31ba8f607e7dbd3039efa51,0
dd3ac288b6143ce6c3ca9cbf1f3bb93bd1e6e782,0
e85e91a1c6dc7bbb3c9e741681a6488cfc9f2938,0
dceafc7647353063fc8eceacf0c00790ea30632d,0
ad71baf2c413ea3b1fb1412287e8e008645945d2,0
33ed8578f0a9c9bc11fa26fdd04ae0d4fad58e6e,0
d471da930cbed656eba9167316f809fec2597bb3,0
ffe13cfcca913a3eff9cec27f0a3ad2b6dcedcc8,0
52372e8f2b33596c1c5644808d4f7124830e3713,0
7d2507ee16424e067fc377e9337923611aedf045,0
c64fb87ebe4f33650398cdeb1fa9dd07099ca5ac,0
313babb6e2f64dcb6c224ae63527cf79207fe5d8,0
b2b8f4adc557e4ef1ee2fe5e0ab46866c06ec55b,0
ccda2db1619658077a07d577b7892d88f70c2d43,0
8ed80d9d68fb4c0219563a99f8026d8f8dd67462,0
76f0eece9e109135a8a31cbf8c46074303f225e2,0
ebd02bb33a0da9d65f435e7a45434e07bf6ed1c7,0
a5e5edfef643ed03c313d347ce4994f1196067a9,0
59c6e94d52eae65060b30fe9210da71bcd14665e,0
e58963b51e0f4f04750ebfe3662df4611d89292a,0
78d47d4d098ab814a7a00a0b1c81646b27f050cf,0
3eee44cf63b1ebb0da6925e98b3dcc6ef1e4d610,0
7a72b1983c03f7b33e397cdfc5e8f0636bcd924e,0
3a5df0719a45ddb8b8b159bcc68f3615e856409a,0
8e217b44a763565f395268be20e7cff1dedf747b,0
0d1c6168f4864891c2997b09ce014e986a649361,0
eaea717cc623285a0200ca6f38ad19be24d048a9,0
d153d6bffdf5f90aebd7389921b4ccf3d1459124,0
adf63bc15a8955c247ba2f4a713f936561926869,0
da1a5fe00d79e1840b7e52317933e9eb56e88246,0
e585cd0433ae4cfbc56e58572b9869bd0c86b611,0
af8a30c2087aab9e24d79d5bbda0497511c2120b,0
ad0f9faf5e2ad4913c205ffd2db274dcd5baacaa,0
6e60cb6177f287957b4219feaf3c55a5f17e84f7,0
6a3dbcdcd73667646931bff57bc230d1d4c2a1a5,0
cfceeb47e124052cdc747b92e0025533641dae70,0
d5947341fa2b0748c07d1ee7a591061aff7feba2,0
8377f587ed364cf7fdda8092bf43addeebaabfda,0
c2413184717c83d0a39a93dc9b270d9172af9231,0
753354073b2bcf0d134d10f18e9a34cc09343a48,0
d9a00134f16d685bea11b2b12de824845e6473e3,0
bce4d022f27a723fa0e0b7484dcbf0afa2dd210a,0
52ccd2c137572f5c961c1ed3213a3b24e93e930e,0
b6870e41bab809632a278a13c006534e33642c94,0
d74b0b0aded099a1caa2b1380b6fa61c74f33601,0
27707a836e9cc3016d2e81579bb3f8a3410b7d40,0
034217267eb716d8666ab75aed5175a059b242e8,0
ee7c5166899523d5df90853e154a98bfb13d5eeb,0
5dacd2e7e6b827d15281467249b199832510b60e,0
c68f934a1e3ea7af5896ce16838a8574ffe95ee3,0
46fa2cecb6c0c773567df2befc30e482f53a032f,0
68f0be9bff6e6cb3d9876b10c34f7c9389e0fd69,0
1a094a45970c1b2b21b660cc8a77fb8f5cb28edf,0
3d997354aeb9dc0e8a073cc3c6d51a3408358239,0
b56c25a619587d5fcea1aa01c5cfd7a9e11cf28f,0
20655b679a65f2891e5d23411311ade952e5a871,0
78c2d67826d2231f94e941d50a2fb2bea4e8ba8c,0
f526e49ec226ea46c3fdbd90215b52b6d9b51434,0
348e7063203429070850418a453e41202bff15a7,0
5ec476b0b756852db865b2e442180f091f8209ee,0
fd61086df2f169190db670553bfee2ebdc140533,0
7403718668df80f5d04b789b6f16f09572159226,0
1642b00d67b96de87cad44223efb9ab5b4fb7be5,0
be67139289c7167ed393537543b29041f88ca086,0
7f947f938d92eced2988d971e38810e74608467d,0
81af3aaa9a03e503e29799b9c3de9f3ddb3e875b,0
d75768a4b2e71f88bf47ee45163fd671bebbd7e3,0
6a7d35dea2a34069335126aa7e9d54b44c91c8b0,0
46e5a83207196e5ef5f97fc123b8862190429931,0
c0da312f34de79f90ea44de52c250e0d6d88b0b0,0
eb693a74697659d226b5e4058d3c0e0313e46d07,0
c2748821619691f38e447a9f180af6823671fcaf,0
1908baae60e4960730f92349776b5681b1133bd6,0
fd1790522e7dbb407dc281eab2d79c088d43362e,0
3afb3cb3452fa78d629facfb2d29d5d4f5b06dd7,0
9876243087c38d583924cab592a705967860f67b,0
16b1e26bd1399779a6bd7177951c0770631a6cc5,0
a2ddc7cdd306bd1d074c3cc66b6b62563fe27ae1,0
e709ea82aa3ead7468e7c2ebee85cd3a51d82061,0
6e5ae530b3a0478dddeb44b54ea7546093e82b02,0
a5740d87c3c4111ba3d084eeda6c5b20e3dce6d6,0
69defa1e8eb1004abcedc7dbcfcc43d6a815a493,0
935e13edecd18b6547f13947460e915baa1f452b,0
3b691712fd2dc7251907912124de0954f0652f6c,0
f8bd75d37ca12c5d49c1b628c33c0b45e2d082eb,0
3a9c4718ee0fd2eeef8b3ce151ee829fadbef5ae,0
c87eeaa4f710f07c004f7e8e7fa087c1daa5c1c9,0
92406348dbbe03884a626dfcc49b3a1d51d735af,1
0db8c22eb19a52d4f22cfa9413e677ed3d53428c,1
74199bc2ba3737891964c77fbeaccebac0b30711,0
3ac225d9a5e0273408650a2f0ba9e1144614e45a,0
9314193c8c6e08b1b6ec1f8d8ae1380c4b7d0585,0
90509ce84e7d1c9f78ea0aa919ac373159fb28ae,0
68bbd2cf4a5c0eff498d46dddd527cb06274f852,0
0acb702f3e6a6a3900d75f2b1df2aca76e853f11,0
9f363c0dae340911f0e76644f1536bf94e2fa212,0
68b92abce7b614fbc2c6852fbe8124c67ddbd4e3,0
1954a51bb5aa0ab3cf762c07b961ea8fd873f17a,1
4f5a854b287fc4cd24cbd316c704d15d6f3d4ac5,0
fb08d55cbe50160fcd7184845ef723f813b7ec84,1
eced8829bfbc81c2e6c5b2272ecff0470af9c53b,1
f188400b229f7a108d590cf85f6f33a1fe5ad5d8,0
bb7ddb5396d05f0baa1ad9c5300af045e654f05e,0
b653182a8a6340296aba0b62bc0309489d5052f7,0
be1e92fa7936b62c044e274f2f44cb7fd43d71d5,0
f4693f0adf5c9994127890877d018c4ba7bbca06,1
a049083c8fd6cbb8129ebe9f1c0c65725e8b5d57,0
fd7506f4d78a5710f4a34145e6a9d55b7b01eaa4,0
80b08f8c3ad0c9386447ba54e277ef31041ebf86,1
ed1d755babdeba49bf3912d2e3788d777293bea2,0
6c8caea3311ce08b6fa1bd2eb38054494faa2949,1
5214f666185e28be8bb6a19bee96f174d62025ff,1
ed39f93348bec6fc6df694b54bdf9b70503404b0,1
8d7848301344861aa8c05d111ab25517d53e1abf,0
c33d3969a3abb36b8bce7a8f1bc0596612868f6d,0
2403bf65439fff338006d76c1add0210693ba815,0
bafb7096f0518bb2dfc845564e821c94c9f7cdc7,1
d1270edd9213cef83f22c5248197864409da9a28,0
73d69dfe8677210e44049bc1a2a7d1ff85bc1ca7,0
7c99c6234c7b403449420b2688fff3d516662591,0
2d00ed4676f637af5d81333d750c74e3ad185313,1
ee1a5f5639d46b6ba3821d90845b80cb117770f2,0
6937f0de2a232a11db00bf78b028b835f147294e,0
ad618b7af93994f0f597b98ed41a299902250c3c,0
7727c1cc080b9f9f1c082b7e8c050dedb992a33e,0
e3edcb934930f79aa7992bf5d4d4073b92a6ad89,0
0ec653ec42dd2e81de51614753c5cbfad0d814b8,0
6b323f0f53f2018f83b070d7b3a21f16d2f6acfb,0
1c0b6089f44a08ba6447263b6f9756a98c26cb54,0
d4fbeefc52919ce6a50a95e80eca04492d1734a8,1
d684f950c4a29d10097590cbe4346ad6e82e5e25,1
2eb1586bf77efcacf701df14ad98d1d6a704a35e,1
8b04e571945fdeefb75a6278c4a53c493054c928,0
b3fd2560172abe0a7cf78c89b461a50d97413fab,0
121dba83e0de318f3b878d6a66f18ab347bad60c,0
4c818fb356563d9bb0cc01cfde94825aeef33ffa,0
159b36e66e6bc64039294c7c04bd147a9888fdd6,1
8b328d838ebc3d378c42f7e5d2100ae99ffc789b,0
6ed868d4d0a48a7f8d086c16e3f6c45c5a973a3c,0
1a3337262c7bff09eae06e3b4247f6c7133f8fee,0
fe95eebf7d6d34e843679b5b9368d9cf953f5002,0
71d8237307da002389eba114c1525363b48a485a,0
ba72be98b6cfad5268ef8208f21c17027e726973,1
b1e21c8a6e008439d69785e2244591b664ceb6ee,1
c193f6556f7cba0fd7efc000653050457f09b9d3,0
83e81cb270dd412dba8609bbdf79f3b12a658084,0
9cb3de671396635382b6a5052a67a12d752a2b01,1
e57282bd9cdde1c4f707dbe111459b4f8e370bde,1
db0582a60e34c0a143eeadd943d3e034582bf5f0,0
eb5e737f8fc9640b948878ce64f1ab84455d982c,1
27a92653a00658f76f91752f1fd88b93d8dfc7f8,1
1918bb005e33c134564c4eea8531cc5fc78880e5,0
0e11402b986da1eaf4a96a11c8c6318c51fa47f8,0
289e7a769ec9ab110f85848b281c4c143ba84e57,0
140f9c1e28697b994c866f8caad17efb9932e535,0
12a803b8d96d2e665762a7883cb473ac6a2355db,0
ccad4919ac034927ebb724fa59b226d64b2c4619,0
df22e0c5d2752a6d4540b4bcf82c1eade03ac6f7,0
0f4a98cfe1940e3f7b341ef6d6dc87fd951e6e58,0
640670bd862d008990c442d2d7cc26d7fb3b6e86,0
ae97a498d192a1fdc167b6b768961188eede17f9,0
2ff3914b3302916b6cb2f5f76faf8cf77e8d3f0d,0
583d96b0895beafad326793c0cd0d273013ff137,0
39513f9142cb82b84181a11905b3866a49d5a3c0,0
2db7aa771a4ee5cd0cae28fe54d7d89fa62da81f,0
a3b3b74ec6325cd19169fdbaea26f27a96a72fea,0
1ca637930fccd475b3966db8ec76c3c5ff4b7287,0
dd5e51e5b31f36b66431ea6e4b5a2a6bc4dcab34,0
5d42c95c33cd0504b44fc28be817f278630ee703,0
943e710f7c65cc6edb58e054bb418595129b64de,0
30e5023265aa76e6c32d3ba43952aac964112ebc,0
32155107dd982360e813d10d0c76f6f7cc2cc7bd,0
6975b0567df3eb618ba30e245bc988f5c22d5bac,0
9e64a3cb81d66793e0147d1b6f4b39a6caa24f62,0
f59e419683d69e83bdf58139ed47fb0eeb74563d,0
aafa5bb6a69e2e4e7d885c7591099d0b79998624,0
161aa07d8b2312d9143c7156fa529a4a1e1e9909,0
6180e44ff32c32092c0f4bff6b81236c099ff113,0
f30855735a40daaffda15794d7abbc6ab8c699d8,0
9dbf8388c5bfa0c7beb15e835b3a5e6fc74ecbf8,0
9acc3e824e2efa2e496df8458d207b5fb5722e6d,0
67c51ed7ef1d7acc4010e45eaf8088bd91cb702d,1
90f4139bf75c94aa1ed62c5f64c3ffd78a1441d2,1
8cb5cbc601f464f77432064c94acf9a00e6704fd,0
e6c2735e952c4972095afcd9f286d5c5c6f933a7,0
45a0337e1d9d23126dcaeff9c0ad96c5b4011957,0
f0b18d27f01492af6874baa8415ad17511eb5d4b,0
c61154272699761265a1f2e5282ff1bdaf714b6a,0
c0e4ebfbb0f8c38ef672394015f47fd72ba06cda,0
276552d5e73525cdd29d9e809659d35f34c5250e,0
115198b9c94bc66c7a659a04d0e2f65959ce9297,0
c460996e75df489d6bbcb732763c10d01e62516f,0
e6cde856d76935ce2ca5323579d2557f5412c774,0
9843210e5755d2584efd3496d59e50e721187842,0
2edb7a20f3856723fc715f7c72e10e72ea7df385,0
3adcd2103d1be4feca870536e8f7a7549f6d492c,0
26e77ea86294f5a9aa929f9acf7dd76a046453bd,0
2ed5c6af23a060b57a24d23d66d426dc534b85ae,0
939527bcc5b80a1788d876d7e47fb45d71d21424,0
b9284992ea3c8c484893517ee9df3b2274296959,0
a3503a1b569977dc6f8f136dcdcdabe49b8249c1,0
e317d17ba323d62071d2d4b72dce0c4f84b037f7,0
ef70e7408fb01c164fb0f1d4f45e4d9ae2d284cb,0
f453d6d13f9e78d8c1cfbc00718ad37fdf2e286e,0
ad28a3cb5c5edae55fb7b0f4642ccbf14f3065c1,0
ab82b11ddeba2161018a4ed2be3ce28c06408ff6,0
8834c8e380b7278fc37a4e6b80a9198a895d8280,1
5310e25a6cb79eafb21408fabd744f9a76c2a020,1
a49283d4088c5e4b07f6eaa417aac153c4eeb656,0
923580c0b47cd35329a6b5326a05360a2acb5c9a,0
b5ffdaf94addeb20f1a888b374e8ca847a0a52b9,0
a1596786787f37150a9b1b361e5443c7124b13fe,0
a6ebd452861c75542ba70922af15053053b2c637,0
b0580d508bdee2903f05d95d59e6e9a1dc9d710f,0
0a7871a1411b64a7c90f4ae62f9eb44dcee31181,0
bb0a4b6b038bf912873d10fc0f124ac3238d3e32,0
0a114bbdb01548a69c7a8c155bbdef7785ecb389,0
d3d48f834749a31459a3201fa33b89d72eb42fe5,0
527213decc04c4b45393cd0f67e96cb7a67a8f66,0
320c0acf89acb5950a10816ca7dd083842ff739c,0
a85fe84ce63f873b760e311f27ec42e05f1b3f42,0
62e56cd3884d224e42cc8b449ef631a0909a19a3,0
23c6db1db65eab139c13d2c3f889cf15687597e6,0
d61e967badf734499ccde4750729662b20d6545c,1
c48007f44b05a445122e7c425e869b7ac479aa85,0
0721f49bf0d8b954c8a4b8d75e5375de43af981e,1
bc85bab7a53a1569b4740c5b142b4dae062062de,1
a431ff8881eb8ac70af70af6483b03e3579574ca,0
86b584313f572db2ba042095bd7f35d09ce6cf10,0
fc4bd9b4d0f05c0706f19e20c0fa6cfab852b719,1
82b547ad25147df44f27a3534a5b618755217378,0
b0e7365e0cd233ee93d05f620dc141992efdfcdc,0
56ff5a3481b8fe8f8f9a4bd0973ea10af9ad7f8b,0
00291db47614bd0926f936a2b4eac617f505e19f,0
c7599fd2a84b3d58473fd16c5df4034a8658e925,0
76d073f5a805ff16b6ff9345696c13201c5603eb,0
b68202aa29dcb89eba268d4b156fe6b12facbd00,0
649f160522326ae0163f1d4755867372337108ab,0
a00d39605103741ef5fb80c2652bf76226f48c60,0
2ddd54a7ddfead528f2b1de92dc8dd16be7f5f89,0
d172c62418267d2331d2916da98b9fcf18b50aa1,0
e1527d3cb90c6afc1cda58143c69016aef8124bb,0
3a1d8e7db0e13a69fd1bd272396fdb48a31fbbfc,0
6ab22a7df124928be0c603e029cbfe831c5dc4c9,0
ba8758326c28cad8411edb42a30bb833779d0f05,1
59899e1c820cd3fb8789b9cf8648b269b97763be,0
393fa5df9262c339e004e061809c73d7637a909b,0
d0ca1f6e1b1bb9c812d7b0accbd76aedf61a4bbd,0
47cafb82d7f2a542b386ddc7a086ebe7dfe1ea59,0
fc336df7cac64af7c04e77c2859a8158d4971b27,0
db189926f7415b9866e76cd8123e40c09c1cc67e,0
111dd6d8f7590a7ed22326d5908217ded321fba4,0
5950eba7ef1ce7cf8a6e357e04e53e2ce5d842c5,0
db058c359ece2c7b7e158840d88cdc458062b06e,0
c00465cc99e5704a0da2d210512b220f4ba105f1,1
35d4fd2ae778b4c3415b7ea63d2fa7c806ce0033,0
07d54f167694d14cd28db703ee2eac99aa74d2ed,0
8ca8d6823b97d14bee1248a644d2dd7fb19b928d,0
d990feb36764cda778e6b4ce9469654229ac716f,0
6cf4249650d72cf21ae3addacb5202089923ad91,0
6df343df2635e7e0518a09c374532ebf22a30529,0
84daf6aee0175303801e710dd2d326ce252d2f88,0
233746d8fdb7e71a63b5cddb55421eec87bbcc4f,0
dc8138a8a9b022d156c4d04b2491b269661db396,0
5f84693e1db2c35b9b797614e17136655c433335,0
82c1bee3f786f96fda51243f4cc6d50995bd90b6,0
5bef000847001240749e50239a25ea69485c849b,0
e7c8eaeb22b322108d6cd77118998f5429726f98,0
6d908d014c25ef3da000789dd56de0b6e7c9ea8e,0
e48157a0de54d6b82137d62dde9cdbb4bf5c6f40,0
c2bfafd4bb8ed95e30dce29e65a9afce26a7d860,0
c779a5ddb807f1a84e1e6a5e43a0f1296dd565cf,0
60a8028d22b88ee2f2d7cf7657ed35f4046efe79,0
ce1f9e29288cdef4fc295ec2d5b4f846f0b732d3,0
7419cdb1fbff1096edca78bc5db34f7fdb3b7342,0
e32f477085a9b6f658463bbbf355405980c515bb,0
81d1982c3cbf56f77e2edf3f063ff84e6e748549,0
3fe52d0cd85c01eadc44933df5596d177c3ecebb,0
f27cca133f9a28899e00488ef56b2f8a2700a68e,0
cd78c96d225752e3656a2f1a302298370b55a4c9,0
6602d00afa7a5f32218784dc54975cae5540a255,0
1d1cb74151d6fa0272d607d06ffb85ff4a50e972,0
4d8331ef9c3993ae1d3c091a758b24cb9a037fe4,0
bae09b4838de43ab6a8be25ee25d0d11f0fe7477,0
aa0c114ac9636012a941ebee49d69cbd6f6291e6,0
584a10fda56263ec0ed555f9866a1a82851a83b0,0
bd861c0d8009bbd51137bb97d15d5aeb8902eb2f,0
53c08a37ef81ed2aa3ab57f5933ebbc5db68328b,0
fc3d530961ce4f23fd2c8310f82d6d1fdaae6c16,0
6f95e26fc92e929fde30d592e7572493d360ea3d,0
84a844af5d30ea41750071dc8140a56e9e146bc8,0
6607ad4329efd056fb38cc87f2c84ae775fd4a1b,0
69aa3946d2a6da812c44a4e7e7fe45087afe1cdc,0
b1834e87a6d08358cf42cf4402fec5b8d3e5ad7f,0
657f71108f09156718c6bb41da6c7684bd225308,0
03dc6dd356b651b80fbce3f203038e5fbb3fe9c2,0
15ad7824efda1e1632d24f4c273796863841c537,0
4f296da76cb2faeafebac39435a14b5a64aa258b,0
04af9bc8eec8397c0a5c3502145db66eb0c87ecb,0
8cc80dd1a449f98924ca9e74970b35f940d43800,0
61e9a3e4672985c5514f007fe611b462c223ae4c,0
d73ff41fa177ac154aa01c67ee80411c68696790,0
b34856498ed290a4883b077db0d4df2991ba190f,0
0f5b35aa8d60b03f1974f1ebb784fc85054c67f3,0
ebd76f24ef77aa0e67157468acef7f71ecb80683,0
90559c49bae582697906598c735385c19daa6da6,0
5a87d98aa1b85f6ed33275135ab4622bcf1974ff,0
528dbde3d2311257877c58bd8a2e72fb51d15168,0
a06a726acf59ec624fd65f73dab3051962a71adb,0
539be680cd2b1a8f6833b28ee0cca22a88161466,0
72784c46f6a7d7644398db5c7ac8bd3822c523d4,0
15ee56bd0f91ef807a3e729ab3410a834ef3fcef,0
49452d65050f5a55d165e5bc3dc1894045968994,0
5d975f576c73b2ca45adebd7d3dc3676bdb16a33,0
fc330e25a4d5105d0ed0710fe52e8e52a2efc2bb,0
9e8b370391f5b3e71cc349a2ff556d8a3cdf1232,0
11ddae0a3570fdeaa421e4e378ae14bc173598ba,0
81a4b4ace74f8f496b42316e07fc1dde1f92f3ac,0
dba769313d59432a474813c0e6b91c9eee88a473,0
648a21eb5ddd2b74d5267919c6c84c5b7ee97934,0
1996cc6875fef9a6481722ea44b6368e352b0088,0
aa81b5ceffe18b83d6dfcd9991db407b4f4322d3,0
ed7710f41c594c030188917cc773adbb6107383d,1
dcfe8f4a37527bc1b084b0e3033b5e7374dcacc7,0
e8dfe7c8ca679631371b0aac6a60512d087b1ad9,0
9ccda2b31ef7d2fe7c366a306ec5b7f3e4028bb0,0
99f82c97b44564474d4ef18a022c5efbd6a74c24,0
0e3033df282f86f644abbc03cfb4987b3eea8683,0
105e3d4ca96053794b0b727a0b99584aa0db3588,0
13ecfda6e80b7f36bbd3ac81575803075114470a,0
894fd838fb695d794fbd28cc66c82b80a9688c91,0
f0cd4f84b79c1b9abd55c1274fd7f8427ce32724,0
f4d27681d5333b3bed7efc0d730c92a5faa7f267,0
ff2eb55fe9712e137b8e0b9a603c30db090ab175,0
4fca8268a9c360795abf143452c8dfa06c442d78,0
ba1e716261e055f84baa9a47f9ae2ba959d54390,0
a4d444d9de192ddcb1e37922c5f213760ff3a24e,0
aa94cdbdd36d74ae56054d1ca2fd68dc4d3021da,0
c151913ae25d55814c40b7f922886d52c7086787,0
88603ec5bb01c977721565f253305c9be0cb721f,0
4951344fb2ce246e0cc5a2dff90d24cea6eb3a75,0
d639a9b43723053d63756fd4a63b50316a8a0e05,0
4f6a713a810f4b6fe254103e39c9377a6a742b91,0
2355a5ffd00669f2b190ed0c8687fbb330529900,0
16cba287b4ad79e5d0726028b3bdfa009b4e7d0e,0
6d661ba6d994ffe0d3f9d797c64a8c1645a001c6,0
030d636359ff718c8b6a2c0ab8476136fddc7153,0
95650a6b21a8aa0cde4da66ab8f151ce68b4bdab,0
b64ab1ed0ea578e97c5f2f9f5f6374ec701a3b3a,1
719d0c56036111d07c46ab5b0f379f62f14ecdc6,0
eebbd0f73ce72adab43db3512e52d037b9050210,0
cc9aea70b9c9f9ccbe12ec11ef79b8a4a5a2f60b,0
77180fc617907659d2f7cf21cc7f15a74d4f3448,0
4adba2b88b957df9ccb2a60854a4460d2f4ca7d2,0
fe63f95fbff43495e57ebc37350798dee024cf9a,0
7df57879c92a467cd71860e6cfe14a04a49fd031,1
62e69cf4f2fcb3ad8bdc44f75f8a9e3e20ca7337,0
a1e9baae9f6d88dae3912c1fe50d7d226eddda63,0
74818aa847bb27980df7887a296a5737e5925ace,0
6b41e50c2d50bd43b5624842467dbcc2658c5b2c,0
f36d6870f2e1feef7f1d6fffeda056fa72c051f5,0
834a75f8eabcce9e4362b998476194d5662dd546,0
680752e1414c07fe4357d5b6fe3052f3d9dfa374,0
4f00c553897cc3342089c4b40f7bed5f36e924de,0
3361a74940a991e924073d882bc72f4d307422f3,0
0cba84e103773cf86b8691593e9d8a0d8afec1fb,0
74d39c4c4fcec53f91ef0a9c213b2909af440260,0
125c820e8d43df150ac09c9da5b38dcc1ea6e03e,0
b1162d812eebc9298b7fd62eac1dac119ae5f271,0
cbfea0420024e7dadac57603989ff954ec0ca35d,0
da4f36e8bdefc65da4525de2ac2171ec281cfb54,0
a02dafa47d0b28996ee52d1cd442673aacced572,0
c5cc3a04e20671a114d4525c5cf068c29a0f4c24,0
7725a72c7322d3e3628ced092082d1b76baeeff4,1
1c8fbeaec2ee80d45b78742d63aeec0c9d0c4e9a,0
f8186792d1ab2fcd69ace1ce74fe8cfbd9bed5d7,0
68c0a80d17688d6d56644deaaaec5d3575042587,0
20619b096cbb250518fd99eed15a4ae81345ce9f,0
f9930aa9f3827267cc23e4123135710950237963,0
99c63edb10e945d466dafcbacbb6fe930f2a31ec,0
ce1dc52becc6c0b93c5a041cb527e945a48795c0,0
bf07b37e9aeb2f81e02880d94d5567c0b09dc069,0
b1e8bcec97b20b322b2e62d86fdec26d62819e9b,0
136b96c803ce4353f2cca2b24171ddbe74345fe6,0
56e4fac908852e3a471848d0caf89e6cffb7a0c3,0
3639533ad62966c3c626064a0c02b9fa82449d08,0
75bac6a355c2b4f9736a04c4a60f269fdc9c9041,0
1ee5fd53b51439be0540dd7c82c15975d0a68fd0,0
0dee0324f694b1e035b9c3dcc6923278defe1d3e,0
157aa8daebcc6a464cfb350de346cc550ac13d15,1
0eaf4db681b66c3d4e1f62728f8a726313cf4b55,0
d5f763bd9e7793a4e9becaf6775f417b7933111b,0
4a025d3f8e31bc3e944399990b3a4baedb90e630,0
83226e162de60bd22551b1a37cc3e513811e1449,0
ed085d064c0f80b0bcf382550d10fe6b6fc9f283,0
8e34831a654ae57e29dba7a99211a36549e53377,0
81e47470cc76677668dd8f44c99d2e7b1071834e,0
467d516b9cd00c1aefd2569b41ef43bc187d1312,0
edd64cfd822ae2ca2faa8dc1c73edc38a6e19f0f,0
8f5e319af8b310df2da9ed30bcd133cbcd6f00d3,0
ee1c540920fabd3cd7a4d2b10fb23e2da9fdf8b3,0
2e36e5e9088a5e95956ed24709b4245f95b0f80c,0
3b57c46c76d5d655ec56869404539d56ef74e69b,0
ee7ed6e655c08774387f9ee60ce11b84d7901cd1,0
cdacd4a987755572bd4d6d328b371644ac07ecd2,0
556ac8b0add3da972d4fe59b4aa54af97dd70aeb,0
d9ed7afd9e64e8137561403784c160ff6592dadb,0
a86de44927411a8b30287f41bacd3ec91dbbd7b7,0
709aa7bf9c998cc75f6e0be7d258aa5a07ebce8b,0
1194c69fb122709872fd634ae9890cecd1d83e90,0
1fe64733a2a28b795bddb152e9adf7489b6ea7c2,0
54bbca89040ed195b89478713fa4a181cb2bca3d,1
d16f84288740404034dac663df339ad647cb6f69,0
73dcea01b19ed9fc9c0d5a8c38e752bfe071c801,1
278eed3e1f7cfef2d39a25aba53f4478c3ad8c58,1
fbb81a37f80fab1d1e21435782e034eade76114d,0
c68c274bfa036bb0c2c44bb5ea774ae3dd0451ac,0
0fc05eb81d9faebb84b38aaded7fbf3a7ac4f836,0
fc502e2479c05a1be53bf510bc9fb331a52e3862,0
9d32f4bbfd98c4751ec9587a687f73487527d236,0
27a02f3d576383fd8aeb29e3e0b7e0344ee2a201,0
6a957e410a3b902a424a436af5246de02788bbd3,0
b9b45674bd742e5d0a7e2b58166205556fe6e37c,0
583ee805bd8a77ddcbd0bf6916db2be0cc7f2eaf,0
077913c7e9eb8e4cf8863b7545bf53c2923066cc,0
081b62ef8d3aa6a8a4ab257b3b351bcd39f1f1f5,0
a5e94c1727b2520e47e66c7e144853fa009a2cab,0
94cfd56bd9092e0fd8579120630dba0c857b7777,1
9687cf07f34bbf5f67c17e75cadd287b9f6662cb,0
67e443370e06288fb2702d62c0206221413ab852,0
ace5ba00f7067d517a35713f439344f24144fb79,0
ef70de545e5047965935440b1dd07a7e00caf7a4,0
4b2709eb5a760f95db3d6c7ea311dbdf5b0d878f,0
5878adfaf37ce37e6988956e4cd5c833c6ec61be,0
8283d966f47280f682a1407d499346a383d1b1a5,0
afcbced8ef5cd36ed74180af1ec333f13a158291,0
2edf0b06a940b0f1e4f1ed9046c48cf62556c896,0
1436aa0fc7be636854e0097ff17a2f19c883ebf1,0
0966609407f78a8c37c199363b437f5c3d2c4bc0,0
ba78fe4a6d7c778ed0e9c75f4efc8c06abd9dd94,0
43e4df85bda71ca1500112912a83d3ed19868c4c,0
05f3b74fd581ea5f8946c64edcb293747b4d9a71,0
10a5e1c6985cbe167798130f787e999f11aaa556,0
9f0af0bfee5a92e67ee54c185f49fb7c771c15ff,0
4b2778dd4ae5541465175d64881000e73209b3d5,0
7d54ee797c49148126d8fd99729a9dcf74fec278,0
810250d7223969842dfb20812f0a715b5edbcd4b,0
b7a0c8d3de5cd7d01cca7f434853dea8d96ac0f3,0
88564caa20e4bee55287b258543cab35e9d3adf6,0
9af55b64790072e5e82efc067a01bd8f2e38bf93,0
d31ea317a5fa6cac0e281bf0aec5367ebe45a217,0
d40336887992ddd75697d957b8bfcf09b5881ab4,0
46a1c86ab3f4e2068023a1faf1c704443f3f36e9,0
cf4d2789901be233792839384ba76b94dbd25888,0
c635393fb9996ec9d33b32ca27a720d6d5593255,0
5d83e4deb81aa7e06e4587809642e70ef9a03662,0
b7430de759bc66fcce9c5becb7dc0b022606d8ae,0
0ba5e75432717181296459b9bdc98f9cc3cb2c7d,0
b979fd11e1753823021b9d718398167497415b47,0
eef240cfdf77df4d3ec55c2f03dc52112dea7553,0
6ee118d2a12a4c0bde2c5b828e05ea9b18d4be2d,0
274aa78fcdd50e045eec8394eb4f2f5d84bd6ac2,0
d6b40fdbe9ead76ca40d81b0e7bfe568fbbbdf6e,0
315b0c786f8f64623c13789a842153016047a031,0
7d9196da0ef3889ca60a5dd90e9b9eea77bdb01b,0
53cf9ed7f642bb2055c54d41c77cc2a252fc2da5,0
3b9d20636abe88e0eb40bcb66d85ad177a592b53,0
75e7e311080d3366e3db853bfe138fb30f749d94,0
2565d0950246935eebe4a954015298e1499d4d69,0
9a2f53d2d56fc58617f2bc7e8ce7f488dd05d47f,0
361b73775230d91b4ad9ed588d6d57f3a049e907,0
1e6dceb8ccfd2c97379f78066ef4ad2b9a17b1d5,0
bb3d861fcde210e45f3d3ac59d8ee6e1e4086cb9,0
f7f4b909d0961528c9b02ca5492b2a57a8df8bbe,0
5df60bb0e65f30d0c79615f53e988076ef1bfb96,0
30f5f14baab2392c40874b5d9aa4a852ea9f7136,0
c4de3dd2bb8afb3323fc3aaf394a463aa4222768,0
83119a80aa1551bea003ea6b9e65b616b7795246,0
d3aa5b77428d77f5954e30b14e7385c15f6f398b,0
d5b16405c77037e37bd180843c1eba79117da7a6,0
8fe95aaec201acc964ffca80954e60f7c57d7413,0
b236d5259f95b755aa5e1d955c8f835312047d77,0
1f5e68b5612053cf35b31a13c8b5e8341d892f93,0
7f0046cf4e2161f0145e0e59a1b9684b04061916,0
cde8451d6395adb24f66bbb1ae0e4176c6fd6718,0
8041ccfe10b1a619d32b83ae7552a7c64bc0097c,0
c7f3ce1ab6f16b8f976c5b9e2fa6e39e034a9c20,0
b222008978560449d045cc2d76f9217748d30dc3,0
35e45cc127515ae7a38b978ea31b3d0af03aafa2,0
5ce18d64877a7412fb00180605db7ed1f30c6c3f,0
63252b4946731f92d6b137d24272c45be961cc4c,0
16d5b09656f810c313eb9f4e2284a5a059e29445,0
2bed7ce3f71b9be7b53f9cc98dd059094ab29a1e,0
80e96213397b0ae37ae39d918fe15ff65fce47d5,0
c41e8317228ff3d1a916bb324ebb4c2a7dcd9428,0
40ad5dc2dbac4a1e76befb2f77ea5044321c4cc9,0
44dc835e0a40b57fbb505c30b3ffa6adb8663493,0
4fa2b6e3ac108b4b07d078501d962d3f5f51d940,0
fcf4320023d468df672d9773c3a2755b7857b296,0
06cec18d4a99e5a0ffc54a49ea4ef69cf9ac4b1b,0
969ffdbb984cdd60e1380702e9b61d23a0fcdc14,0
72f33c83d4c322869f1af32309ccf0ec86830e7b,0
6594da9e364bc4a168a8710bb5bb8493cc8acb36,0
e55db317f2d26f9edc253771b9f983693d47f3ea,0
4a64a89920cc65389b9a93455defbdb4678937c5,0
25d443fb05849e7fde8cf7ada12847b63685c95f,0
c1be92fbfb6c0492edaeccbbdac2639363cb362e,0
f86c69659a514119012fd7c14ce3fac06f39d157,0
05afd18933fdce69c011d34cab337afd05771228,0
90634a969a74772fd2362afd0301871e4c117404,0
f2b49b393c8ab160a236af2db6cddd545fe4f941,0
feb7b2fe0cb315bc6f0d38dcb3fcf30462055347,0
e7ae9283baaef264903865e8538dbfd8f98cdb1b,0
9ea429c9778fb0dd32d605d41317feb6b2dbeccc,0
ce86f3f8aa7ecaa12f2c62737a801a73f6e386ab,0
842e39bef6569fbd837704442db7fcb321c8baa5,0
22ed893d2ada518f9681c8214ba4e047371c8409,0
2803f385e6c41a22d7c791d3c184a59af79b7a07,0
2a5a1d0d7730961f2046098ffe337cf1ee067f5b,0
153f33ea77ca0cb75373abfa10704a5419a08b63,0
c71a9e8c2b1baa24e133ce01b0ba91df9686ad61,0
696c7687162c70ba9de930af0327639b03680995,0
1377fa84d78751f3271a9ef51170ce810f2fe112,0
790c5068f71644fb6b80727f3da83de628a5a512,0
047b8fb527010439594f7af5ca9d3452a81589cd,0
bca5b3c0fffc469faefa71fe61f6a28f3d24bda8,0
cca574ea06ca9bc364df1f04cda71ef9854bb417,0
fad4f969df9c90a425851b66363dfea9c8d3b5d0,0
bac0bd081ecf08e19f544eb14cacb94f5f02d79c,0
d574dffb1ff61c23242622e9e5a3252ed419b42e,0
803a9c6c17efbc98bc9513e6bf7e6900d4dbae2c,0
4b9c68b55a6f82942d32c5149fa0363b8b6b39fc,0
c9e1e5c8f51ec51e2927561fdcca2cc40d6893f6,1
50bd9f108b59f69d73eb8ca4d4c8a917895743a8,0
8641a2e3d5c95946dd69ac312aa8ffe52adfffb4,0
8157a72408922697fb720b5529961ca6fc08ebd3,0
0f32e037b95e182deeadc19d002286548010d02f,0
7d2532b86bf796f108f951c54a8854e544dcfa1d,0
0c05822544b44a44883f057e47232ff8ce79bbb3,0
766d9add03d4bd3dad2d23cd573de873854d045d,0
b591dacd5c8efaf14f467874cd42ea860cee6f1d,0
cb3b31ed238aef9755ef50b911efbf045cb3604b,0
f7c4d60cda8a8015a7bfe1cb17414fd611888200,1
5663fe652a7fbed7c1140053837bac062e3825fb,0
100be782286e7dc06ac753de03ac3b3235b7a3b1,0
59d26337708a87b1b6a9f4f2fea52fb4383d02ad,0
c429128e8fdcb4f12b8d170cc848d096bb855ef1,0
ea15ac123ac62f440113336d82ce00e8c64e33b4,0
19c429783a5d7db7662d8901511d9b9bd09f4027,0
0751f75c4c9cf8448cc36433c9defe59fc66774b,0
6d1945c8ed7bc55bae62c9dffe2399667c2dabda,0
b555f1d12732aa465755869c09b36930baa78d7d,0
724fa9400f0f3b3333a7f95ad90e3549df36643f,0
a183825420970fafafceecf6581c31e1982c7405,0
eaa218844aa19ae099699b185bbb23ae512c766c,0
461141c88b3308ca8ea912710610403f9d5af4d4,0
212ac51aee3250cd2a5e52d7803a05ed1d3b567e,0
1df5607ba739c5692aaf24cf542af8409375a8b9,0
afae3dd81da5b7518514ffe828428ac0d05d8fe2,0
3058d1865cf7041fadf418b99d94156082caeea9,0
5e01d361f02d8e0d21edcaf8587eff133d5681b3,1
a48cafa52e5744638d6a8cfc37ece9c8f71430e3,0
0574dfb035bc8e9f1724dce6dc5bfd788a2b0c01,1
df593b1fa5853636af8edc9381111556b4df1767,0
6e8052608a8214a50c45c5b450e2d3a287fdec83,0
9bdfac0fad10c1947768aec9c1ac3645511f6ced,0
c143260d76cc78d6897741ce6ef84c1f3a113c61,0
7b6903f116952bf4b8532200fb7d8afabb6d630c,0
5ea7e3a7d4cee4110927fa5925ae14c4e8df5391,0
fd5c46d0800c2e3613c193d4d238384b5d260991,0
73bf0ef0f8fbcc10dede8286563fd6592f0420ed,0
8be0b4cfb826bcca815b772bb78f3d768d33aa86,0
2e2789cda4b0aaf024930f78b8dce73d1f794597,0
6f42ddf1baa4c6f5f385684dd03d57eefce38406,0
2067c96f3fc0304e2a5e3e165a339cabd569b0d7,0
f7a557a38ad44c819fb139203f99c188c0e92604,0
9036c09662238064160d6f38950c8feab7b756ba,0
af567c6e2bf841fed72c94efc1f6f19e27762063,0
4cffe07904f97151c24dbb3b769c99eaeb668b90,0
ebfe1112be66386fab6f0a5ff28493b7aeebfadf,0
4ad246d52fb9df00b3d2941158e0b73fdee84c6b,0
bec3a0f79e49156d020bcb9d5f5372d9dea5e531,0
a8d1066b5ec6b8ec6db6bdb47d947fccaa7d07bf,0
6a12cf861dc449eb650009078e0308f7da89ad61,0
7dfbf675cb14d6b8f9c5a68a924a491f48781aed,0
bb684e96524145b16909a3feba59fcf60f496ad9,0
b8eee79ccea3a5e1ebf9ee3fc4b8e1a2dda82a69,0
d2280c28ece3cbdc32aa24ed2ab652b1ec3760a9,1
8961704ab437c5b1481c40e65fe440d52e00a3c1,0
d9a537edb92076c6e2891ac64b80c55bec37ec8e,0
d68281f1d570cb97e676f6385e0704b810a47957,0
cb3c2d5f796141b47276f2c207c74a00ee1805d6,0
95ec15aac07f3f32407428e07c36fc211f4c1187,0
e7e13dda7ee8b0584f40940cf3498646711f4ef6,0
04c5912e9432d69e6027407feb068083c4016d9c,0
583b468a98d7cb532f7a142db26e833d2a263c33,0
06dc6445954c9685786a22674733cf8c2873cea5,0
d1ac98db17f5ee42bb82f08e11c310c4227e1ac2,0
8e9347eaea81bbb9d0e09c17fece9ae926560d0a,0
cce4634e79fd3d74d6086ae09672fc716509c4c9,1
5dd750e7454aaec16f78b5ebf45d805392b2164b,0
24e0cf268b566fba6572ef7ca56369b2bd6fa83d,0
e230b2d40e07bd875f4baad4c9702ce8aedd348a,0
8f672e373e2e169477ad886b2893ffd178d5ff2b,0
18ba121c56b9b2a899d07de869969f6631cec19b,0
b5f66526a416e42d88744c518e2eaacaa4e9e530,0
30748db1e25c90bb37a5a97a0cae3cb3869c5c1a,0
dcda42acf58030359c5c966c311734abeed45875,0
0de81d9e4cb2db0f7a0594a6a06e8d255139715a,0
0a131d671cd6582c86be40768ba0d7574eb00c77,0
8194aba1f48ff118289d6d2c38ce572e8b25e0d9,0
492288c34f3afc66ee4a0126e8dbf763cb22fb80,0
f704906d20cca1247b10cec728aa60ca8110678c,0
6cf9d485abe2400e69eb403d58e00eb00297a5a0,0
c340a74c7ecfdef96ee5e1407f40d026cc3f12f1,0
3466da1a67c9b089bf6996da56a613257754a2f3,0
a2be810bb5f1d66473b6c30f1bcf7d0944156ccc,0
7ec6ca6814db698bd70a45a1ee05192b530347e5,0
a1179b9c7d9de6e7efc14d46851ff56fc59c437b,0
0ec35de2c5bcf777230d2254c00f4a030da2c440,0
0f0b8710e24160576f29504ef3e3bcbe34f22770,1
fb7bae91d7fbde40767195dc8ea8166abd1bcb56,0
2bafac38a7f8f2fdf6379740135899460f67821a,0
83371b380d27b7073cc8b244568c7132ec0f534e,1
8b9a79d0870fb3b90ba9c54a074c3f675353f0d0,0
d5d29b625fef0a6b6c69fca9c03330d85de585de,1
88ca4cdf883e2a4d19b352c5faa7cdd02ba09aed,0
cdfd6b7a6784246360fe77fe3789696b8b93d877,0
0ba8b8194e91302e9203ca6d3dd8646b0aa9946a,0
22b85223d20e3bac35f602ae878a2c0b75c6b7df,0
e15f419b0c86047b1c689e6bb64b7beba180e4e0,0
41f5524e9260bdb8771d450c51ee91764ee30ffc,1
5f2a8837c0dfa7117ca9e30ed1bd5ccc27b2fb83,0
b88692f83a938e31fd5f703c99db2a5720cd9f3e,0
89ebfe8f921be807d40b3cecc504b05d56c0d898,0
bfc6d92fe0081603962342595bf959805c79c80c,0
fc8e866f6792bf294e08f210b087b67766319222,0
9d80646a923f659d0d0eab16dedef1a325277f25,0
f2e3a929eafa9bfd91e1d496db9926ad6818d3e0,0
13808248c4420c3f172d8b0429dbde7292c39473,0
d1ba17365fd8abbda6d08768da270022915baec9,0
77309d9e0d4c371f2ce13fdc58481c6f08a2ca5a,0
428c1938aacd146975d9386fdcb178e175bbd5fb,0
156bfd38deb2fc51c7abc9f13c8117c4d6c0d82a,0
ea5a810cba965692f80afd8f0a75c641707d5479,0
c651f277ead6dcf31dab2f1d4c7f3c8a2ecbc07f,1
dba1cf8e7978cf19da1a9f36bfbb183333ff5c8e,0
20fd724646523a99c029505ef82763b0bdef6ef4,0
33d7ef34755059e51637dd5d07df400780b1b94f,0
4898823d3cc9bd23b182a21b8fad203c73793e4f,0
71839dd264dba2f9537b9f8099326f652b4a25a3,0
139aa3660c77c3bae5574a46fea4a8bf17882dbd,0
090f04d180211a52e073811bd26067621956dd23,0
74a09f9cae185be5939dc4a378a9968590e11501,0
bd175c86fdcc3d4f6a6a3f81abc5dac63b6fd523,0
680979f72e639b2f5fa14c4be9527957f0b28473,0
65eea73e74c90940ae9e1ec9bb70b393dc83e7eb,0
8106e483345dc343067d22d33a2e6bbacc141c47,0
bb9952dbedc77f25fffda32d96e6494e2246bab3,1
89d8791f05f0d28199820e87c683696f96d42f40,0
6dc045c4edd02c1be5772a73ee739b4107d5123d,0
54f7f356a46bac149c844f522eb1031948f54866,0
52aea960376e375048d53da5a879484403fd81ed,0
e55274ada72805075d5daa2b1b45ad5badfb0e04,0
d8f82999867749bf38351074d0ebefcbd6878f08,0
c07f213114cc5c3a1fac4017a14f3290a2b53544,1
34b43799deb48882596bf5d2e91a8425b71d74fb,0
045fda850a92afb51ab48db9d242aa45676b2d25,0
add3a934cebc5374bb56d54a8a54b81d9a698e82,0
c6f0df6546279edfabae2755713aca33798fa19f,0
84117970281c1b332b72d500d6c68daa826b3ebf,0
7fbace5ebc252fbdbb77bc17fbe075b55158a0bd,0
3493b11dde195981f01af326db534c184b3f28c3,0
6516216f09ac380163e8e98d77178af81bbae6cc,0
c2b58d4ac760fe0b3df9f895fe73d61a4d15110b,1
5a31eea7b400adc91ba253426b892d9aa2e185e7,0
bb7c2258436e41a08e6be083da4c5a9a8e3a11d9,0
9fa82c7fb4272bff2bcdc8492bee5f3230891ed0,1
71ac99b4e92a05cff97a7adbd38478ed5510cd94,0
52d194465df20f0165073900cc3249d0a4ad732f,0
f1e16229112917bafb1bfa82d15d9d5132f22372,0
4dbcfeffbfef90f72a2cd5439128dd7cd6a89072,0
31ee36d162634c1ec4d3678dd108b6b6a55f24c9,0
e1bd0cbfb53ca74a2336871c91f2a8d6eeda2394,0
5011f8cabdadf7a125e1a9f6dcf05edd2a667cab,0
4b8889d152686a9e661f36ca1797374809e4deb1,0
ebb7cf69cf0516e21ff0001ee9a429ae9f632aae,0
3e5d03e527d82e239f7d09620c6ab9b9fe725d16,0
2f58e684dcb64562f11907b759c4063cc31377df,0
858899c92f79625e833daa422859bb9d7bd39d15,0
8550de1c17174238e38941098962438598cbfb91,0
1a5a24da2d9abeb62ce2145979c09f8c1829f627,0
c683446d5b5699b80d4c73ead1b15ae6c0b50ad8,0
38e3a7435f31c08445b359f130c4bb123061a1e4,1
f3fff979ca2fe63bf4bcc4174206f1e60c346e2c,0
6b5042cb52cea6b28c1e626bfb3625db61c637b2,0
3712f1a147a1e72c577f371d4a71853a5d068ebc,0
230597979a6017bf3cece47628a86a867efedcad,0
e4c40331b4d8b99cbb9d48f5f82f1f0bcac6b4fe,0
74e291a6a1b044ec1fc164a3e22c37b0f27515f3,0
ac857ee1e7833139f57964d3176840235d26a5f2,0
f99ac98da4f1cbe2710348ebcc5645c5364e6d27,0
9b11d27cd3d668e059cf63f1442ddbc2c0017879,0
0d49f31370f42c7afdcc2fe1a696950a19c1506b,0
076c6b723c22fb0bf394a8b3877d327e167d586c,0
b3d25eb72145d06d9ebe26edb454825737f04703,0
8f9bbcf04925593c28aa31e3e8d05f40a6dbb7f0,0
1615f44ddddc4319be60c98f1a32e5f2982539a8,0
76d6a4b8e4403a99bb670fdba799f3e03240cdba,1
5954027e47cb99c95e672f93e60a712501577bbd,1
9d6a3eb828b793c170c29e9efbdccb581dd470ed,0
8864189257d1f93ac867425082e8280d97c54162,0
80ec6a5e29bf3686abddd468b4502dac28e47b2f,1
bac08c04d4bcd15c20979cc9a37749247467a054,0
550d30609fc3fd600be4e73c5d546660988b69f4,1
2c82062b7ce0c2ac36e7e52da1a22295a67d9edb,0
aed4c18c1385ffc77ea04de60423555b62675315,0
8747f6eaab8545b18ff530e4c26be8fbc02537f6,0
8aa8f5e67f3a4ffc48b3246e0974bf92cf7aa0a9,0
df73c74f8836c468e3cc89bbe48e54ec72773d61,0
a2e56d388be9c40b3368db183edb89e167c83990,0
5546efd9f7cb1055d30af938f5bf22b2977a5ffa,0
1b9d8b4b3e48f41b6e448a8b55c6d84cb13df44d,0
99b53bcce882a486f18fc7b6acc00d0bd0cac0f5,0
cc4ab3d647e16eec9f37fa685bfabf8a2272723f,0
a693840aea25b20f2f560c207119676c45b6f2e4,0
3041d5ded5dfcbe6b7e69b1265064bd7080f859d,0
837e75c49aba7103be0645722b7128ed381cf908,0
9aea104d8abb2269d032e13b70edc9d94c2cb2e9,0
4f43347950a1f6d61223f6e78b2376ada764b3fb,0
784f4752fc91354286cf748d9f5294510a26748a,0
49501d2f3c0489e53e90513f9dcfdab202005e85,0
12d9e8743dc8290838fc74f650b16c27f7054111,0
af2d6e62f3f524c90d25bfc831d5b14e001a153b,1
745dd6673f3f40ae080d9c27501cf1452213d96f,0
e79d3ffa4ba57a26375dec2c7644f2340122d960,0
67ef15f8f9c6141ad2fd4b3019098cef1ee0683f,0
d6516f2c8aa977249f56fdbde3a7e52fc5d4b465,0
e965e69f1b12ddb12e42c6bd2f11bf5ae57e6676,0
6130eb8b28df132364c4a9b2bc912d20fe9af845,0
e91de1800fafeea9b03cf34809e91139a3594c1d,0
d876421b75073d09ad376005bd186915b8156882,0
244fe70119386f5363b08f32f44fb0dbc941ac24,1
806c1d78d570c9e260c7a11f63ce07c5f5aa716b,0
23e3b0f0fcc4220a9731d56012143aabcad94b12,0
e97754ebfbe42bd60634a2053d621b8808e968de,0
740344661c7eb5f819f45d9d0f64668624e9e00e,0
60591597c506504145a805b74ac1b638346c3afb,0
bd74955a0112644bdd4f01d964d0e1e96c76c65e,0
f0974d3b28d1049018ad2fbcf4b3284eff6b9f20,0
5409f76e35c6d654f7c73aa1b42638875da19ab4,0
161ea257226ac3ae4b1cb9e80279de9ff885cf8b,0
0d9e0821e0101abfa719b042b28a3286377e732e,0
02fadfb56855365a2f203644ad5663d2bbfc6307,0
ce4113cb92abf6145299b466bdb3c13484f68097,0
b0649abda44dc185097d32bcc768906f1570f7f4,0
1f969bbc340bf4ceabce28ee4464d340338f2d3c,0
7349963217549336428c67a19707b0e4130bd64a,0
73d8eab106e709ab9310138ea7167370d3ee2094,0
dbf6b5ced094fd710202e496748ec26104ce348b,0
66261f908f42e60e112a9853ee72e29dbabc805d,0
b10fa43d3e29af6c6e79577c305fad99df01dff0,0
38bb9b4ac534abc95a83c75faf5e87cfe25319d4,0
25ebc315595a490dd6651bff4286806379c77425,0
8338b9a252c0c4965ec2f63daaffe2edf055dbed,1
dec0641e2f189c89e931b4ab59a06384582316b1,1
677f9b4e26f98a2f42ca9304e8551c6a21fc3794,0
68768dbe425462f0214f33b0dc7768ee40a34983,0
6cbcb9ebc66d4036d486bf002a2371291b2ab5fa,1
e1f8cea8a6815de8a3ea277728dffb0909dc13be,0
a20cd3e0dfc0a6de4ac25097d6bbaf5f5debb4cc,0
33fa40b72d3059b82b920ff6df21a77b6c60b08b,1
2f87b3c187da860fd22bdd30af584e20b9a5b045,0
c39fd281b7319fd1dc54959f13991605e491eb3c,0
da525f24ad598164d0a4b63af392235fefdd25ba,0
dcb64284ef6baed186379189d030e43f87982d6a,0
056d81fe40dbb2481713a96f94dc34ff143f2e54,0
578a598fa7055331c267546b8412f14094192972,1
340cf440b961ae6f82396a430f680fdaf1ff0d0f,0
b5715ec19d7c9b0f96a41cca42c080955c6b3f51,1
a5c92724318f385fc2c82fe7c1bffe99e399f525,0
3254e85306a614287311447ec68da5ee47249ae7,0
6ba3818153e7d8d8cc166c0824a4931ef625e4f6,0
f7e1b02c9fdd272678ecc32e8462f3d17e5462fa,0
320336eb789d3a0eb2d4bf3335c58646154abb90,0
5122c2adf2ba9eac78e3e1dd50f5122ac48f2c61,0
56b7b77babf73c0b36fc0d6e106603368537a889,0
0d02fbe8beed14e1210147501d84d3659a282666,0
6d5d858b17b986e27f011abf64c68d2227007ef1,0
bd169e674c6a17768e20dfcfe61be2f75995ed42,0
319e56ff45a23bf7d9e630698325bceb236e8a71,0
452822535dbdb134b633629cd6c96bef84f1de2b,0
bdea1ff900435355a26f622c3549d2a7808854cd,0
c8b641ee6e722a64ef72f34b14b09d2e4758a075,0
614013ae31c57bcd322ce2f2c2f997d94c332d59,0
cf940ca4037a412bf9cfb47df8f14f3f14ec2629,0
f70c2a72ee7308b51b0140dbc338bf4c216139f3,0
230ae8f1f5f9249496924888416eced31f74faad,1
dba4df56e4eb2ac4f6a0ca7c736d770382184439,1
1f09f103a847b176ab427dbe9081cb56d8a15f6a,0
ab32bf1d78f1f67cb03d590ef167f713d213bfd3,1
61fe60ef9db30f810b7afc743a6a2a3cf45a7dcf,1
cde8c81a4e2ce979f2f7e4101f9a1be2ea89843e,0
febf9698e510f01757e22081a2f082d46444a0ea,0
a9b7c29bc70c3250f7aa3b70673c8cad75a755fd,0
23405f00a38d7e0d28863621f7f4e7efb6e2a629,0
d3ebd16c4295917f6b271caf219650a6724a9edc,0
922da12f3f7d84355755082351e488575736031c,0
e5f105dab917b15f0f61a86fe13f3588e2f59abf,0
88b7b4b3a07390db01c9fe2ae15581ace220032b,0
4303c163b15bd43cb34626c0cd2c7984e5644297,0
bc715edab37df7003cd6387f93715ec797fd4d49,0
459f14b33c02509a4b9cc5360f3ff2f4edba9284,0
bb72bc51ce46c102124d09ac862860f44d169cb4,0
fd5f2734a3c62204bd974ba5462f2a5fa6f54c58,0
30bbfaf6d6920bca647889026339a13dd63d6736,0
b7327a42da0a48e223dd7ce014439a36f1850929,1
09c256dbb3c3a3f39234651635cc814ec57cba8d,0
14eff09f2144f2f1b5d77f875e325bef950d346f,0
af26dd95c28b55750a5ebe260eb6fc744a839f70,0
c5e2cb5c2e7746f4618f5d0b9e8958af4eacc004,0
ab7f253ce528d3898211cbac9597e7095b355613,0
ff79ffc8262b796be4e52d37e6da1a64dc7abdfc,0
c57a9af3e746273815932edce5cd2a4dca540d46,0
15a747624f40be5ec11ee093f40cd0bb322070cd,0
db3e08d2b748aa2db68fa10605e19abb4253f2c8,0
a24baccfc6a4c88fa6bf8ccadd9ff771aa1449f3,0
867e3a47dde845618e46514f59ed6a1705a9094f,0
bb3cc3de88a070dabbe63f2c06fcdb03de516bf0,0
846c7e27333ae46ceb8f7e306a4b0f1996bce5cc,0
4c8451321d323a4f1aab095f52c4974921b1aa18,0
4159df5ea1fcbe979adaee5425c8bb4b6b41af6d,0
6b73b4d72de6d4b5adea2431c467765734643dcb,0
44bc5d58511cbaed9737865c4a6870fa349cbcfd,0
65e6819a3defe4a38cd28e6e0a657fddcf916530,0
eb1e54d9910f8b15779177e9bd1d6cd77da9bb60,0
3c233e4caf44aabc28784d90db1fc3f3f1e84c50,0
b1cabc671892af9babe5586d5d7dce68ef53f1bf,0
5387e5ef4db8febaf7689bba0d6d0a375b2a88e0,0
bb8bb80328af3c418e0db641071243125958d9dd,0
203a81890dab734f6f58c536f3b25dd82aeb736c,0
f8ea63dfdfcadc3a5f7b5beae51f78a296281709,0
5486a179db84a4fff5250f061fe0e491e5755f5e,0
20fdf174fee023f6d816771300e034d5f13947f6,0
37ace6950e0c63b4bfe3bb602be1fac9176ab1ba,0
cb9dca74d3deaff6eeedc4cfc9bd248c3cd54e4b,0
adac97557392145d360644f3c97a44ad991642b6,0
2f86207b2d6579a81d6859fe042ecd72fe4bb66a,0
2f4d235479eabab92cddba408b56d6abf943ad2c,1
60a3e7c07aa7ac8102ee5b31fbdebb2c6c84f609,0
335f3c48020033d2e0407949690e9f409b660c1e,0
b24253a157fc0860dfb2225f3eb35f54d96f188d,0
a9b11e2cf29b824a638f0a03b662d412d2c7b140,0
c94dfb59c00ea9a6aa72f4e4e46e2bb7aff342df,0
f2086a2105b489f58228e3563d3134bfec243787,1
2de4064e0e8dc015485da294c99941ad0c513dd5,0
6e8a14adda301eb1aac25299093848b37ebcfc7e,0
9979f0c49396693386b6a943409f77849d04623e,0
43a7d2aa27dffe30d46d69544e9377d4068db90a,0
352444404d1ffffdb4f23abb9666770e557458bf,0
666c39a321362ede3e6bdcc80162e567d0243881,0
1dee765d2d158830df3cb733bc257f9729343046,0
7c8c58f1468023e4512d13a0b9fc60df9a3b15ce,1
5d40178770c705d455b47a335d8b0125d465505f,0
c7e9e83f831de261eefbf0e29380fff125eb9eb3,0
3293227598815108545fbe6b915a7db477b20215,1
7f0c6e905a5e9b9b060dd7a0d135dfc52d2185b1,0
5755bebf5ddd0ce7b844c12734b9b20efc680807,0
b6aac639d99f2900f9b542455ab9f1142ae50121,0
d3d5e3b6df610a0fb8135904712bfca974a2eb99,0
8ebc1a038c2079a3139e52705dd2921389201779,0
c2d22264b029c47fb14d39cc9c4c397401e304d1,1
b0d4ee92448266211da9d629b737d51db0466a8f,0
44709d8b2a99a9ac12619ba0c65196c06178e53b,0
902ee25dcfb3f2a14d3dd8a9778f16b68611baaa,1
36509cf59b159aef7d3cf5c71def3104160d92e5,0
7c55e29e3ddfbebde9e57695274c3091b203b01c,0
87d923f0d72c5e81105e6a1f8958e7800b79ef07,1
6db6aa496f268b7f7dd846ba7e01b69402794172,0
cae889f3c01cd6e022d98530e867eb48abc03427,0
13c8e44e6a57f7abd0699ebc9ee4245b37abd918,0
07d84c5ebae37d7655fd35a01608211ef25726dd,0
a753ba0a0340dfab360d3932ea1e45de93689586,1
ff9488b31ec4a6056f55c32ad3629de31e987ab7,0
37da8fcbc2c7ca2c0a2d420bf1adf137f7d26f0d,0
cb9f11c0c3342b3b3cc4453a174fbc0eddffde78,0
bd2f3bcced1643373ee910dace2320674d2cc09d,0
f3e93a52db74730aeb06ed4e8445d12c61d9f193,1
19de811cafeb55fb519965cd89427416798e3040,0
c531834764c31d56332b0918d404c3dbbf02ccac,0
eb88ae9669fc36a4030b5f6cf27c2ea8b8bb15f8,1
2fa3c8c5f00cd98753aaff76118a5cab8733f62d,0
6d8659cad56170303f40ff5db2e5c857536a02eb,0
41d170f0761d21b3cdbb0ae9ae96161a1ba2d4dd,0
970921c2196d804d7c2d8203881cd340a4d0df3e,0
0b83241a1ac009cd6f95d57209fadc05b6b4d268,0
b9b6f31089fedd0e3288b5ad80771a71ee1a65ca,0
68673c6c52ffca3a87e4ec6a8f2c11849d6d458c,0
f806874001b00b04d91192bcca7b5d4093f3cee0,0
e441f8ee08e6eb081d1e7692f1cacd4844af82f4,0
716a128f2a6662142c13f9ebe15702577811f696,0
0a67f04278a15c35fcea9d6108c108f6360b7911,0
028f5281943340ad6afc54bb79d360af88c404b5,0
0499117ad4cccb06c4503f65caa9c8048c39b47d,0
792a4303bc6fdf5f941cfc52f6aae00116a4388b,0
3545b25d595b770bac5586007e7fc54a39d24ad9,0
829da75d826e71c7e73188fe67dbbd314929e387,1
bef3b732bdf2733faf0fb50013239b9e4ce36c58,0
dc610733dd575111ac98ba96c944ba86368bd8a9,0
a5b3f83da2f98e7445cd901fa8335ee5275afeb9,0
392cb361bef96797c2ce57f98397585646f5578d,0
be5f48ea4f7884e50be8f5b9e226d787fa8d58f3,0
a3003d79bc46539af00ae905d79187636c03a484,0
92e8f95b6ae3c3ab76f7ea3b3d60def984ad7740,0
d4747e7edc8eebda778930e2b1d68fbd668ffbf9,1
8b374ab6ffa8427de43dc5ea94ea22f20105d683,1
260d7d376b1a348e21c95fc8a36b57c9a01af724,0
703c40396defe946bcb1219ef290b8f843bc3bdc,0
e97b1bbb02ad54da0a34528929bbc201246cce08,0
28d5e308a1d3746f7ee6656ddfa3a8817477fc73,1
42899fe63fbd31cd3de0bacfe44a74bf3ef121dc,0
8ffb78ec50a5d3a79dbd0e76c36c50f3263594aa,0
e57889f7fc125b6f10203fa00d15dac81f577a6d,0
0af3ae8f26388bcdec42d36bf66a1000a9221754,0
d51a9262f2a11ef3a555adf36a9eb8bd0415289e,0
f47898012324ba183221713ae20324e2a72930bb,0
db21443715ce5b709f07cc6c50c8438c6405929a,0
2ad95ff46e750522e364576358c6a5be82a6dec0,0
5a2fc907469754e2c2a4ef2a9cad3df6ad94dd21,0
4499cf08620c412556a9721f98451d5e882d2c80,1
936fd069c78b100ac9666b17b55d0a1469b257ad,1
000e2fed2d0d8822685adfa092a5d0283d2d096b,0
99be993a400eea807afe8bc0441c5c95ac88cca2,0
0543f907c1387ef775068d5c03a4659457d046ae,1
07947bd69ee6d5e87eb4ef11cb0ff1d44af49e0e,0
501b94143a4c0a40c2bd44499a3e63c361b056f0,0
1f3d2b96a094d8d8209f620dd5fd61518bb42baf,0
d95b0a5105b77cd133fc78432b30babf408f2d55,0
7b19ef8a345b4440a93a04931949450cb5f1017d,0
a0603b1547ca7ad946b8d2ca87cec7116158a4c1,0
cb19f2d73fb6ff6cbad5fa568534d1d05a5d47ff,0
ef4dd46dbd48992830a94fcfc0a6d15f85bb1beb,0
e4ba77b3b117b17efbbfd8f67ef31a5b76ded65a,1
1c23c026ff3d37408364c9e4a735ea2970b96770,0
13270785019dfc2866403df4c376c5621827771f,0
a5f5ec96d1dc13f0a2c4b307dc88c0154e2b6be4,0
76cca602d5bbbfb4b1d1e2d6ece32cdb4495c065,0
470db289c3fead9f22444232ef28c1ec4c32dfe2,0
bcc68d48bb2990d44adffd9ba9e29f155b214d13,0
0145c16a6ff8dced5e3cdb899a250dcd49ef780f,0
f4a6f21360811bde57d9abfdae928f522b803897,0
152588c28661b0dee5d9456baf8b8d0035c3739d,0
dabecd278bc5b8a59f318b2692911156ef8b0da0,0
09ce7577d0d211fac3ee8b6811ba275ec40b46cf,0
c346a58b07a35c1600f449665aaba630fc8a8d14,0
2aa374f85ab3dc8c8ba3b96c510a6e1e4adfa502,0
d1016f05a57caa01ea3c3c0ed59d12d492e6aaef,0
9a24ed01f79153d1e0ed85abf15547c76f2f0491,0
e658fb9b50e7bea91890caad1ec4c215696172b4,0
ed3d9ab90be17fcf527b79ba140d5b5dae5c4310,0
a6d51b8d2f124b71d420e2b1c5f901c503da65cd,0
9b3bfe2fb931bd862046137492bea6c3f1e2a268,0
0e70e26a11b5ee68590957326702aaabcc183f5b,0
7d1c0ab0904c43eef9c20ff38fb56f7215e5743b,0
b5e8745a419f27eff18a906bf3acceca6d6eb792,0
a99c022fbb9ce7c5da00992a125fc0e8ae848509,0
1ae185053497f35a9fd6802d35d8b7f7cdc9dfd8,0
f46321a44de6a601f5729357bbd91719eb6a01f4,0
8fc1425e8457726e2c1477700f08d330f658d55f,0
6f7691f90be63491d1d368e9d9dbed3dabd18d9d,0
19fcdb297171e29f9bd14c2cadd6dc6945fcb25c,0
898a12b6bf181edab185206f6dd413204ec6ab08,0
7a36e60c96845de37b88083f7a01d2cca696499c,1
c81f67f5a8b757c3505c682ec2b81a757bc95e51,1
b8e474dbf0ff926ea007a1e201505400bcd32816,1
f6ac90fca9d2545d9e3fe26b7ad1f9a9e9550a34,1
2d69bd58abc09938a7d0d9e19e15351d9fc50082,0
a75a36299ddd1edeb525f241064d0c51211ca7a1,0
32860a32cdc8df75e865518a2841320c176b31df,0
6a849937f5c587a7522bf184c008df3411063788,0
db079b02f614f25b44eb89b1e3315f9d984f0d3b,0
95e20438a0c5f2469f5abdf3274c0bfabcadb31b,0
94645dca6585e066ccbf8fd9bc9c990b905a39d2,0
a6e67175e053c731e07724f1e663c17e71a95010,0
e6f8d11ba96e59db86e3c54512a6f38d79366b12,0
452e51e94915d474e0c90ce3a2d62c17e5dd3911,0
b2152cf62766afacdd711ddff1b41b8f5a0139f6,0
ff8d2b1afdc9535c29c1a335256619000a263d43,0
73623d108ca8c7c3c4b3319012a218634df96f7f,0
bc1660101609fd4861d20a07b8a05cdfb57c347c,0
bf15307ea1a80a4a79561a6f9b32851a77cb5447,1
d4c9c2c7bf40044db837f1bdf55d87d27c047221,1
8f9fe40f7c9456b67bfdb5fed4529135fd7385f2,0
b29dd0968df4f4d116ff92faa5ef225a9238ec9f,0
fa805c373231a57149dd5b7ac2fc49a85f09eea3,0
4675fcd99f34abcbc008713c991aca602db8efa7,1
a68c67c121f870bec52b6a869014048bae68d808,0
218ba8fd3b62f08f2f74e4be1fe25416b60c7662,0
def5d54ebe716598f1c2649ced4d6c06ef819889,0
3a00afab89711c0b946fcbb7d70831e0f0a0acfb,0
5acf983bd82bb9fc18c1896af6684e4b913b233c,1
759f45057a80e58503fe8e0153f4b8752a00c133,0
0c73a54d143d873992cb5e6a559be841873c4806,0
8d4d6cc5d495599dcc05848e287bc06b07dba61d,0
2e2bca346b68c935dba75d8eef762c3da7e66c26,0
d0f6869a56165fe4bb47268294d8305b2c50064f,0
0e024cabe1b36772942ff4ec8486118009a3ddf1,0
1fb865ca56e88cae4bec20320c3e3717c8d77ffc,0
28e8ba547607a5461173b24a69e1bb9b1d3944d7,0
f3941347f0ac51b56fe5911797dd94e8fb7fc2d9,0
9519790856963c1ecc2b0c9ffbb2dc82ac738ce2,1
1c949d0a7104dbb7c0f266765bac87cc33cf7eb6,0
3057736c79d4ade4c6d45090d92631ae5a1e0b3c,0
0a31bb5731464cb3594cdb25fccb657e576acb39,0
342ac1462c364646387dd37f3b61c713645c42ed,0
c41056bff93754e7346cb27da6cc095f67668715,0
fcb2f44382253bddac8daa4a9b821bdc0ef31708,0
17be7dfd95153d8be068e4827794e40945e159d0,1
9dfb8286f3b430ff163c687b568fabf2e238fe2c,0
7de09a809c86de7d16cca5f26a2919145e9b0d71,0
985feca469bf5a602c267ec2734c9ff4dc0df00a,0
ca154e181530cc455324f1c3b07465bb138af732,0
55b3265e69ed8ce5899aa0f09f96697876a4d7e2,0
8836de67a8fa5a67c17d6048a33b2701be0fbcc2,0
aa048da715d8605f1ecc66d60ddb8d0c17323456,1
6cfa5daebc99c4b6c9a025675ea6b94cf2024b1e,0
9976cbe48dc4e3fb5c9cb6b158c070ba8bfdb8f3,0
24264d13ed739634067f65dd5fb9a8d9a50ab55f,1
218be52809a06a55283b5338f9b159469cbddc5b,0
6239f7ef140eb3fade06cfd9342375923ccd8652,0
767a23ffdaf53b9e02da651ea2c4adeb3067caa8,0
2d2aefe3613c2b80b24d55331aa806ddbeca6b09,0
fb3daab4fdded1c8dd1a4c645e5c864fb61f4d25,0
3d86019dad8664114caa0fe7a50ec9caeb68526a,0
5cabc0f86f8ee622f22fa5b2a2f04b083e22e6ad,0
9601875f69776a9b7ccb6d562b0436af35f03208,0
c9e19ce6cde755b4f6c03002d1ff99010e364063,0
da5a378c4fd1757393fa599f7e6766e48dd83ce2,0
a11dc6aa1d91106577c75a5986b691b41b493947,1
ca34318ae2fed482b75f0b4cd1a082bb17d4b9c9,0
bcdca8e6c9930f0ab2b40f1b752bdaa00914ce22,0
ae77247f974afd10f06b54889d868c6699b1c1d6,0
f208babdc092ef6de26126fa81f20f47c49cabc0,1
304203ecae413e27f0a6972be42b18efd86f0753,0
256c1e365d91f00a3cd4bcfee372eba38874ca53,0
74cc4d8330a3f6901c114802280bc779b1e1d48b,0
c37d1f6d97c5d0b6954eb840995f68d5e90a14d6,0
7b17f4f95892dc1b16f984d573c18b25a0552079,0
4113c4d3aaae9c66fac8d47f5c787e724b7c74c1,0
05c946a643f1992a65b081324a2516c5a95017c0,0
6204e925014995985c99946b98e116be5b760f05,0
308918a83a1e1cc3480a60d52a89e2f5760aeb08,0
f81900ae082c13e3acdd3c4126dbd7ca463dd0ac,0
7ef30327367ee2600d8101ca843ca3fa9e68cc82,0
b115a00e62b8da79c9f08db114d631586e03c271,0
84ce7253555245d02a77e5ea7c377a358d84a680,0
38ceabaac83ca0ac84b4bf5ffa7b8e622eb47170,0
dbfa4f25c2fb02f080294be2c1726ed52099a814,1
96925c7a40b83c7cd17fd9bedac43181c7a79d12,0
4e6e6a8e07f3c2b595daef083d6f50ea99fef4a4,0
eebcb74fb5e80592aab80f6bbb756026c7812f19,0
4016c8eec992ab62747a55dcfb4be1878ecc232c,0
aa0e7d0a9285f272a811990e0cc9cd83d240adfa,0
73579cc5ef885911645dcb65b03ebf16afdf628e,0
2e29ad2a8fd33955b488c1edd0b312a6837b7cb9,0
ac4f8bf346d344326a986aa16000db69b2fb4ffc,0
d1eecac1f669da8282f3f36219ecb8ecc8522ce0,0
2c5a64eec4deb32f95092279ea35d613762357bc,0
4d02b5469002f429b3c74339667b10284ddcbb82,0
2273dfc136969a09212c25971d568b64855e995a,0
6a2b7c9831df1491673d882758d86af52d0aa8ff,0
d0a75294b425a48115cbd199a97c6e7ccfe78219,0
f260eb5dc46a6d0b82a367b86510698183bbe21c,0
bc1bc3e88322b63a9f48fada8b211c23afe08a0b,0
40a3bb822169a9d80cb9bde4bf087a34dd1e5be8,0
4086f8bdd0ebe8fab5319e2aa5583c7e4b71be79,0
646488dc7e05c19a36398a0386df99d60375319b,0
8bff63974981e2e68068d2ba577b72b14662c46d,1
fa2ac96916b525220b65724f54045a4a7ac19d98,0
5497aca53a82d40f5084637fe2ca45898c1b52a7,1
1cece986b54391c48c737adaf90259168eea1562,0
d6175c00076792f4c415f959f203a6df1b1ea60a,0
68ca4c2cb8edb1083bede992848977f90b636100,1
3d40d443d8b76fd0daa327a202f24b8b54bba46e,0
9153c914d1bd97cb779d501a89970ec1227939ae,0
e3984b95bd6d70ecca4dbf675c9dd71d55aec356,0
4fa5c89910ff50cda9b88e12f1edd447aa46db16,0
352f016239039fd8a6647cd14c5d24a60caa8193,1
ed32276f0deba39ba9a33eba4b31114dbd541445,0
403f770bf12a98dabf11842d36e42008e39121b2,0
eaa246e46c3424e3c456fbfc9aecccf6133f203c,0
1e7b7fc64c68111899f035228fdda98357b502ee,0
9e8badc3be3a80d91596a4b817341799e60a72cf,0
7ffce465db78cc7cbf86d666687534988c6c0842,1
a5422f9b401355039ab224f4ce8325adfcb41aa1,0
6f76f2b2054c480a43b4465fa06b4d8790d462d0,0
68b58062583a7bace4b4ed7f76dee6cb48ac4ad8,0
47abb18690ce10639f45f3e63830bc48ffd184de,0
78bb9be97786c161654ca57c8406d72b767cbc2f,0
7035d2262465172d8cfcebeaae800aebe9e1273d,0
71dbf4de18bb1d532f4e788fada4bf36667aa78a,0
cb130f80563ad8e46eee238a9cb2bec70d943e74,0
039cffde35c919479f1ca914c0f29283321b991b,0
8ab1957756f394596d64ec9553ba38dcf46bc969,0
59de6795f74271f526c9124820a52e94702d22b3,0
7777f1c6ee582864f3093d36022c65c663f45025,1
5e234b76ad6057fbffa7a28bfd3f467dd77cd15a,0
628bcc433a22037a88b4b994105ddeb259d61f42,0
7b65bf844ee8a98755da63de8dce5d2ff31bc3e4,0
90e210c1c0ebe5f394340e668f30d9a6da7266fe,1
a037b479d680054b1d2ead4cf5da49d309a1e25a,0
6b383d07ffdf8da6c9055e04f41944d2a4f3890d,0
2282bf731f8fdadd5cd8b54451e5424d559a436d,0
23653563933d8cfe49332ba44c2961952d1f00af,0
284c7bd060c92f4fe0a1bb8db0f6b6f1c11fb37e,0
0156cc7f5c86a0b1ee3833d56d1613e9bc0b9a76,1
f283478c81d4de3e3b9e0d10e180d59150fc2048,0
f0ef1c8d0e63738b13df11cb4e3ac0bced206509,0
116ed1136aff669b5e0f7b219bbfd2d6d1f6b443,0
a9657224d749f6a3d18b6970fda6c747bc48a861,0
e0b80a4d9be708a4c06c3333ba218b9f564a1b4c,1
5b9591ae0eef7c7b548ca25d8be86da7dfe87ad5,1
43f9c6f97f6d3ece6c847643a74319ff1eb7c8d5,1
9a80db63ccf0df340a5cb92a0641a11844d44ac8,1
2a90a1d77264b8581b8e6a064c06c4906c62a2d1,1
be26bc6f09b66e3aeb09fc0485a24b7e73c588f6,0
ede856f90cd99a96b195e9421f429d6feb3ad26b,0
bdfea5682bf3331a8102a8f6b44b311a6a6ef023,0
e5cc68b926fd076d7b08a3bcff2241e45b0d82fc,0
c33b575cfca19782da1dcf6e3d587e8f2f7bcf87,0
60425a423fe4cc430c13b10687dd34a2fb12b14c,0
3c1072a711dbcae3eff59a99d7412b3c4487af4e,0
51ed546f9c880b8e3a5088626e0ba892564c36bf,0
8c9bf23bf6ab4481ee350c0d897352d837499eb6,0
1f5561a76651c9e33070fc92db405a52d25b22d9,0
80eb808cc1a2c5250bbc46cdca2eee5aa994f8bf,0
c4306bc80df304af28caab135d13a74f9f76dc6c,1
f39a8763ea1f5cd85a63bb5b9315376caf132a31,0
1849be9c791b6fc23ca2a4a0906f4ae047eeb078,1
8749df8fa8b60492a9bd185e0f3718af6230293d,1
80eb00cfc5a34c33736309d051770f568320f017,0
cb26da928cbd3b499f0a56b31a70d513ee085246,0
51a2b9eae0ebc9bdd22f7483ff8bbb59c29df4af,0
ce592ac8173af1e768be6faf7444010b454cfd8e,1
4a1e68e1b8ceb367523a8492000d05f6772803b2,1
480b6ed7b7bb1e6a0823d37cf89a9f11fabe516a,0
8d92a78bb64c9e36e5ab92377081d6a7a6072e1d,1
fd3dc7c7dd10eb3358d12b250fd4018b3b17b77b,1
484bfbe25535134e011d72dcdc3ea7cf1154ec6e,0
f4847129e4aec0165184a1dbed14c8042fb4a268,0
77013660403480fc70ab9218c9191fe157b6bae2,1
027b776f7ed02ee144f52275615310885366d941,0
ff9ab0abd69f98fc67739c7e8f365006ac0cff25,1
da436314a90182dafc50962d408c9111c03a235d,1
2fd0de757b1fdb02bbc3d9ac7250553e4cf0d10e,1
a9447a7c7213f40318a0f3f0ca78da9d56654d69,1
e61486f5dc02ac96af52166f0ecf17e58ee1eddc,0
fdb0ea56f950e31d2187c47a4010c67446aeba0c,0
a2811d7b9029423f84204b234ab9802f971e4044,0
97850dae192aa9542547808a3304c8b1bcaf4a95,1
9c4574b68df5eea6d0b1d099d21b546b85b45604,0
1dbcde91cb0dc16af92db6f483e6cd7e10a84493,0
6f353fd6958f9c8aa7dd46cbaa790d2a8ef40027,0
2b9145c38e2022ca4f2c7409e585dbebae5d0a69,0
23c5be297b5bd2df14a73a35c9bf559510c125a1,0
936ba654ac3f91d11fea7b309dd2c4068e404815,0
eed98b46eec3c4e3e98a0f2c2760e5ae70bb3707,0
c301ea06f5f32d76b65bfeb920ce0eadc13cd702,1
ee525f8000f7127095d29b0a5eefd774658885bb,1
47518afaad9774ff8891141fae6d52abb5b265a4,0
0dc3d1c283576a8678467f5768244316853dac18,0
8c6e10da8c4a6c89c4bd80fcd7a0f4ad58fae9b0,0
8aff2c25f4d7ef3ab2b1c63c7c5a345d03b352ae,0
a9de01c772b26086b5bcb17fce67c54adbca6f73,1
ccfec5967db1a041ec7899ccb95c21a0ea32235e,0
8fe2b4eed010b2ef1134c63cfd8a0eea0b2b75fc,0
79efcdac2a39ebd854810a65b2ed6f5735706461,0
454ecf2fabb074e460ec5b43da5d1326435d02f8,0
11f0510299f61d2d707baeff210ed1dce8d52ed9,1
b9db60ade4ca7d02bbd9b530e12221e5f44e227e,1
e47b5cf5409d61daebdab77d308128c06ec7ec2e,0
5362395fe9da9badbc7d63d208f9ee70bf8cf715,1
4d867468ee83696991edd0b8d5608a1f74fbb6cb,1
bdc35b5beebbd3c8f4249a97a60e2ffafe31ad3b,1
b3884fc241038ee6c76692c19558db117984ac6b,0
5dcb6c91bd5b7b9c579d104f16d47863a0615cca,1
914f0907aa52acb325886426b2f5cd674c8d532a,0
d0072e5872215dce1b58316230165a05205b681c,1
c5ad6f0e0807f07768c6d22da4ea5c717e719743,0
e82b822e1d6a5172e6d948c35860be3787a34037,0
c0aa4fdd160aea3a60b51fc78b4cbabdf2675b32,0
4e301976076d2512cf31011cedcf551296e3d80a,0
10af29350dc0b3f79ce6f05fb062827d7eaef415,0
8fb4813c012c1ebbc0c04f7b7b0439c1083ad201,1
45240293533636c8603532a3ac8b05ecc7df03e6,1
23c8ad066a4938711aeb9c192911c6a5d8029560,0
0cfaaf89e545f27fd66bc0b113485f349dc26361,0
18b81f0c317de53a0539ad1dbd191f36b64f6cc7,0
c02d4dfcbc346207d1db0c91f532fada020fea6c,0
94fa451d9523564bb5523bc06661ddfedaa25a87,1
59526a13499cf79e827119d0e1ebbbac89016c61,0
ab847308ebef61c638dd53815068da542de6a746,0
fd10e94049444f29c626633608272321f89210c5,1
87bd27bed1319fad083aef0c6bed37703e4739d6,0
c1c3b44d084f0e35caabc54d7d1cdd2df42a0b19,0
2854004d91d5c1d19945b97a40d904227bc91e47,1
8bdb5613124bd42c4e0d2baece3cca5afc8bb8ef,0
7941b5f452eabbd1f1e2c5988c605104f7af07f3,1
3b29dde3b5f8eca019d3bdd3e7304986f113982e,0
8416671c320e7f62228ba4c8f794ca5bcf75df46,0
6fa2bab941a4e0b919615182bd8a3a84441c7ad9,0
8d2b27c1d5a5804250de9ed59afd67437f8c6be6,1
bf0713069513c012795f62de8edd535c2f6d5d0d,1
ae565ed8bcc93389b30e2ae5fe2f934aab50baf3,1
4b28267c17729f68f875426697d89425ff1e2adf,1
cd935e5ce42c3978a02aaeaca0da4d08d40611cd,0
1258f14c7acba0afd9ef7d978263c31339e29df0,0
d82e7ce3920ceb1d79a9dbbfbc10323f17bf53b7,0
de0d3728b0cecfa96ab688b2c1484ee95a12db69,0
76d2beab1ab337c3344e3bad056c4840b3200a71,1
1645a0014eee2fa26760d30e6090f89a29cecc69,1
1e1d39521c02ea61346fe87fafbae0ff26027d13,0
d8e1279d0f7ccedc9bfe4161eb5df9ff2900913a,0
d16bc8509fc423540a131184552649de1bbcaf98,0
1eaccf9ff1f8e961d22b249e5fde288ed458ffdc,0
fd48137bb242906742aecb8731ea038d466be77a,0
9af237ecbe3261689c042d22158a4f339883c849,0
50053b6474029d0759dd91de75834c5b7cd50012,0
ed205c04fc8f9c95bc498d51e6fec3a6a052ca11,0
c10ea5b94b00834a37cd7eafe02afd0151334183,0
3c5c5def0e1c34e3705d5d9fcc1a6bd67dd4c41d,0
4753b2cbadebe584d7d7898bc360c7b801b5f10c,0
2b056936e6cea3f1ed37fcd52b38fdad247e8aca,0
c673ab5f4e38463fe210eb141678206904f39505,0
bb91d002c26389b8d1a025e019b3746e995a6b01,0
06cccbce5fd72dbea8f69cd1d49b2d55652bbccf,0
8c2bb85d468aaa4fdf06cca4f9cf49a916c62e3a,0
a944755f6af8297ca2d6f540da44a236ecbd2a26,0
0a52bf59a788abfd5cc64c3cbe0cc73cbbfb4cfd,0
dabd2401bd294bf33ffef9fbc10dd732a4ac4bf2,0
df940e08fb179603eec565bc12a3c22d48bac23d,0
0e4c0880cbc5d23fb6c39a513d73fd9169db26d5,0
1d665f225e6c48e026d2af873cadcb9d060f37c1,0
117fdf1a6e53c715f228e51cead16861fa9ae5f9,1
e5e367a2b28823db9e2e31522bd6e67cc42dd7af,1
2d728c3f228ccffe795b69ef37dd59d3bc5c8e38,0
a68a9322bca2b7dffb6ae8bfdba0aaa5beb414a3,0
dd13ad78b2d0300aaac737a2e8d9d382850c7bab,0
4da4d2fd1503d9855fbc2df24579dca6c2baa90b,0
36c89a8d429c786470229fb43c29926ff6e3d43f,0
f9c99b66296804a065eb9eadfeea09a892dd22b8,0
6afdaef410ddae973bb8ef15b386c0a07ab13a14,0
92c2f2173e15f5166f9ef311a587f9329ba1182c,0
66e6a751fb2b5857304611d8e3da82803dddfcc8,0
338c04c85f4b0c1d4a4db9d3d5bd9123b282a2f1,0
b606e6ebd5fa7a164c4f37f6cea78e458e035193,0
a189afc2a232b26c5ec56eba10e947075840d035,0
e91ce569e5bfa47ef4df44d5ada0f3fbb46bc837,0
8127bda2194dcf7a1b066f3d0bd29a7bce474c1d,0
b631e94a24b0b79095826f208f77377704e9f86a,0
29d833d3b21b1e8411b2a8b16e856ab7081102c2,0
d099dea55f3ec6ce83cef2dba39400937b9ea882,0
d61d9a999f364fe394128eb6fa30eb39420afe80,0
b8f86a82b340996ced4274148c600e4cb6f2c0bc,0
88ed3327cad49aec3686400abac8b06e11dec2fc,0
d67d7ecfa661aab5a76cc4b6b4c5fd9d1838a51d,0
1d0b9abb31faf211192c9866e3ec5dfe86c41e1d,0
b12f9d60a20e171cbaacbad9140a9fd238e10f3c,0
b97f293f22b2dbdea95b1562d086f5b2c451e7a5,0
3b8d7e9f9be9dbb3c1b2b40311b25952b37ed474,0
4053626d03007408a540c2f6bd6c72f1a3ea54b2,0
bd18aa0b08fea02573671d670b44ddb608cdae9f,0
cbe9abee3668ecf40e127212b61114b6f6dfbfde,0
4c9e7ce15d9d911f3964ee1006bf4b46aec87f13,0
ed9c43bc311b7061610a0b35404059c195397307,0
f2afc0a2a8e763cc20bfcdb6d87eb52814f2af9c,0
93ac7629e9be9dd4f30dc46c554df9c95492195a,0
669dcc8c99bf8d3620dd18052eb40871e6b11412,0
3e05de76a429740098a8b152fa81ab42f9813534,0
0efa8095ce27a953fde092b1fdff9d66f10dcda9,0
1ec0f42390a9ec680ff2b37fc986d545b756f520,0
9d0bfcc80ee2d1c410aa74c222d158f84e45c0a1,0
d47350ad86923ed2bef29223b85c9f179a1fb086,0
ce5d208b9291f4655f614d4674af38314cd7a6e9,0
46f3c54c56742ad3333efd964d31720b2df88869,0
f7a7f8145d15d1225945f376072837d1679f3279,0
b8a191f6b756bc038bc1cdfc34986515e6703953,0
24921ebe3e93a1d77f2cc4725d1eee66f68a856a,0
ab6e5256d88ba65160635fd813d9af63100774f6,0
91796da5b22843acb2e2d72af53fef816ef982ad,0
e17ccdb8192ad05c14db24d138e5c63ba6f2dc97,0
da23d7095cdfc22e860c653f6266eaa969fbad93,0
87ac93908a02d75dab464f400b9d3887d3c0e04b,0
86b30a0eff32757a52b7ea7cf1c58dab92566289,0
7cb8edcf895ee4c2a54eb4b978ddb0d051eef930,0
3338e25927741c0a8b02225723539c5d1007e84b,0
b29b93afa7393d411e2ca094fb82b32ed81abba1,0
68e12b979ee37045a152805e4165acaca896a585,0
783aa51f14cf9dd79826401f0e627ad2a47331da,0
4306110cd1ac98b9c19ce979f89dd37212e61529,0
3d5f3fec054fdafb33f2eb2cc4f27109929e6508,0
613d1acbb10c9c0d04f94eaa9b3686c2e357f1ae,0
e53e8f2fc4f6d49ed7ac4c8350cf138778896cb1,0
afd5d3f1c5ce22ef248f9d312a8a3ba8f44c4198,0
28228c8a834715ad6f7284d63ccdde25a4f1a4e7,0
65eb026acf37ddd40baa50eab331a699f29b9a7b,0
2acd5aabef9c990a8c337d47523fcde124026cd1,0
1d0cc957493816105cc847c578b507c27b7a1d36,0
a5d598f6a6e7ad91899d1acd514892addc5eaa95,0
d72026d956a191e34f7fe02a9a3571f1fb005218,0
7595bbaa6da978b84f01fae5e65a4c4f45f6b68a,0
f02e3b24fec12175eb3fbf0e49ea86ef05ce1c5b,0
7d55bba9d86cb55a98a56420c7ba9b3a8ff21a35,0
3994416eb51da431dd2e146e6d842acb0fc5b63d,0
42d47cdee01e0290059f8d29d4a997b0de9e75b3,0
8f0040c149f8bc33f0786cad9beadde57fdd3de3,0
653b3779ddbbe9b77f127f5cd31935437ac1e7e8,0
1bc525dbb7034700479d8f74b08e962b25846572,0
243e27cf065ec44bae10fb682597472a66d72559,0
2aefdf6a5346e234925760d551ef216802dc608b,0
dadc033aa4f54261d755ae011fc1bfc477d8013f,0
800616b2441505b7092ce331cc9014f5be030943,0
049562110777529a3d4efba4b2197e3c29dc7935,0
bba9e0ca5a09f7b7f2451ac77428cc7d6432a1b2,0
0b64e12df8a9b778c3fc86b4a8f90e0b542b72a1,0
47fe5009e427cdf85b5b3b396d5e1074051115ad,0
884baf0ddc6b869d9d4340b6fc9b1ff4d018e7c2,0
b1311a218cc96942241873061825aa02ad4cc4ae,0
7d8c4caada49a9f9128e2ea30851698525ec5c74,0
3290bbc85420176f53bad1968611bf53798b2770,1
b8a5292f3b7782f7d78292716c30cc132124e741,0
0122245f02ba7b22dd40f38c98aa2f08984707bd,1
0725e476d4cc66e6331bdceb4e29a54a9ce7f462,1
f3eaf2ceae5d49c329ce8675d06b3003eb1ba389,0
79ff10494b90ba99c339aadb87f6281c97aea966,0
441ed780ad999caf09ef5522983764977c8be45d,0
70b446cba65ca49c2058c90b842364776a23921a,0
8636d860171751a59409ec28f3cc75a180c975ac,0
3948e9611a6d67f7a099959357ea766f068378d8,0
25c680c5fd6e896efce20362845ccea77a31a15d,0
b6ccf7415cd4809069d080b782c0f8e5e8e4f3b9,0
d887c5913fddcecad8483ec9a0cbf407ed08c157,1
7873bd62ee22efd0c32cddd94e388a80faab81b2,0
fc7d80e70bf22698236f18de96faeab09a6574b1,0
cf197bd0e08199840e7d045c9a1aac68703eeb4b,0
015f5a8724928f3086354e37d9887ec1edc2ce80,1
e6d4f465446e5645f1a68f3d90964a6ade82f59e,0
5bea2c62968ec41132b56331e79c247e2f76bf1b,0
c1351569a7184caee4ed7eacdf948f6a79db160f,0
07d5abf4a07ae2b6151b6366053a10eab590dfb2,0
68d2beaf425ed0ef80df467d121e779f60fc4b63,0
6965d41836b7c55c708a885a6cdf94106047c070,1
4ac9d2bf8c81629646dc19f4d840293754e5cb57,0
b02d2167edbe82e7b1eb4a856a9272df63b96dfe,0
d72bf81d8bac03ee15c5b6a4a3e0aa289674fcf1,0
c5995edad0473c3cc25e6503c1427ad02cb8188c,0
ad76d4face0ce5a5ee4addad8c21043ccabb623f,0
86aea3465106a872bca272f6fd033f7bef82e11e,0
8434eec4dad83dca336ce6fdfb06f716dff7311a,0
a612b48e54ff50f63c6a80d124558110b2bc6435,0
047cf337b59c7c2c35482d6a0f83580517f814d0,0
2acfde1ecb5692309af98e139bf0c99cae3a7312,0
bc0620d95106c5a865f41177c9d7ea46ca48ecaf,0
4421639f98b9d3dbf80960296b7b9365aeb1bd3a,0
e3bbfdf4913ed0265a5039b0b6e45bf4e365d9a6,0
7d97c86498f238cfd0746d5ce778dc2cf6105495,0
23b4e59454fbedd08a8537c3a9080ec857c39d10,0
cba26a1583d8c2296a82ad647c58cc5698171de3,0
c34c46965fe08b887814d52640d07a98b0d874d4,0
2cad4a1e2482f549006e86e32a908a7fac807437,0
2619bfa66cfc84e009d8c0de6c0deb6567752f1b,0
d9d85d17a169480517b2fb5180afb144bec0c964,0
91e368d0b759082c87eae8f411633e3de6de86bf,0
392d63a6ebf58117b1df243e35721e27937f9b8a,0
2a5aaa6378b1207b4443f07b31482276b8124736,0
4ee715790b94b02a6f4c22e13ae4938d420a18c5,0
78a97e830e650cf1600579c3c3d927409c7bbf4b,0
6fea805908c9d1b2232b103578f3c47597d09edb,0
d0cac4dec772c1e05f3151239dd3141cdff19c6f,0
a1c541d9b4632fe8ad71c86601470b2f1f294e73,0
34bc1b54db9d78b983e9d48a0f1a5a1156393a95,0
2ff40efc5418306a0511db86632f1528c5b74dc1,0
a4658d58346f2e6fdbf74d7907be74e85642d85c,0
eb5966d8dd8623ba28f5351f1cfa0c20442e0683,0
88aae2856c7df1f60514a3d81ca7ed21c9fc5dc8,0
975baeba6172fd711f2a13db791464e6b272a120,0
5a3a0041a059031eaeea2558172cf01f19714c6e,0
700e4e9a684954aca95bf75b1b6623638a3972fe,0
0d948ddefd4ae96d5b55109bd4bcc0f9e2370490,0
cb41a3c01cfe965740c83ffa612327408aa3e527,0
cb0983a3ebed20f7b77cf24bba53467303128211,0
6e202826cfc75572b44dc02899f699a8ffccdbb7,0
8af1be8dcc80cf64b0e69ca320630e207bd9ce87,0
cfe724a9007adac4d204ba50f41faacc885ee610,0
3ff264983398dbd55f78ba2078231c2c0672e208,0
a202e9ca191f5d5b5c7720a634247266d59dc8ce,1
f7eadf09d7e9e89be35a2b61d717d9f2b57ccbb2,0
1ef83170fec123b6c29e250cf299c8d01685735f,1
eb9cff359ceefe9bf4d06b2624e4d751f41aeff4,1
8a5d3acab88bb2ef7416f3141d63f10b79d318cf,1
7cf943172b154019d7c6a66f4290272b2144e29a,0
b147d16e647c9fa54b4ad14a76fd532906cec558,0
e6a4d6910fb0bfa13d8f7a7233e415921efdb2a2,0
3a05a2c626a2db7b8973fac67f36d79834b4c165,0
758f57b704348b06a49ba0349035a2eeea5e9c4a,0
01086ef5b312d7aa5ad231277950618cb93664ee,1
63b2ac8cbdd39511b9372380851a5e661c637c1b,0
142a6dd5eedf83e9bd5f077d64977969cc4be40c,0
e3f8817527a5e267ae63839ba10de2ea00e46d5f,0
473e66380ae88dedea5f37dd0e7a2f7fb9fa9636,0
220655c5fa0629c53d65eec3677856fcab3ab5ed,0
972a10cef41da346b6c731f78b8bac9da21eadb3,0
aaddcc69472c2b239c2c3741dc61693fd7e34576,0
273191c7c3db65231e157380ece30d015ac6a0e5,0
7741aa9ccfef44bdfb66759d080cf91c07b2992e,0
e59565488c8894e3917de86588698095d401e91d,0
dddfd60c4a1d351081e84048dc75235cc2d572a7,0
7e99128b78b0885561b30cf1d51b51471b1cd395,0
1f4abd8c900979ffeb4be55c8f0fd72dac584dcf,0
049dffdbc6cac5cb6832b87aa06e4611df8ed83f,0
ad4e89087883b009b366b773fe7813d3f77818a7,0
c493bb9126ae25bd9f1f20bf94931cfb671482f7,0
e8ee245bbe1ccca30ce72f2e718f9223ce9b4949,0
7e5620622812c404c91e71f75b117f4477d80d2b,0
3ec2bc2604c9f2897266de31b9f901e24d81a12b,0
6165d355342621dfe6c5c5eb02baada49ccd7248,0
586ad483ef820a893efe29c1d2bb457ca72f9618,0
e7ab1162c237f96bee0c2cdb0318c3b773a41657,0
c89f4d25d80b58d4f5e041351369a9356745caf5,0
f1fbf75f8117921de0dffc0463861195ee709757,0
f913f600ad12d6728512379337c2d7241d83b95f,0
cf3ddae273f089e77cf0a35947fb4bc8a462fca0,0
3d70b9cc190765f3c8edc85d47cb44f50d668c30,0
8357f61e3d872976034dc7710799fe53aeee6cb8,0
3af55cd334f9a279aabc5924583a769f9301448b,1
a8f01f53c119575d8f16499394929eb3dbf6a8a2,0
aa66de500cf19f9484000856624a4dd38960f2ad,0
03d2fa1c8a5dee9d43d3e078bf4c7b26cc9ae751,0
d0df8e55b0d1a8e4a838fa522286963383f0b0a7,0
b2939e2c473cc2ec0906e2a37a9bb9a65ba94321,0
683959a47192c61fac6f2aa7c415c477cb23ea67,0
fe17d78427c77ceed4070383efe56404d8eef904,0
f51f23917803a1c1e16be489f3b513e3fdb147d9,0
70f2da7d579e95c27e88cb2f2bd6d51fa6584f03,0
7c260a6e48a23792b87e7eb65b4b6a4e0dd913e2,0
436e98dfe764a44d98dd678fd98886cb0332c57a,0
c4253f47d57e2eec96da3ccd31f8c366be6ba051,0
1d5610521f5846c1d6f7d0a65f93c384dbf33e8d,1
95a3fecee0f7a87624e490f0026b391188f9aceb,0
a93c64409f70100bf172015eb8a279d343b69db9,0
39896a46698e3bc94bb229c0dc637124eede58ad,0
bf3fbb66009cdda57a2c52a237866e2f34b2005f,0
ddddf08a59fc8ae5b66da496c96738a2ec324099,0
f0c0dc260075a254a0226ffd2e791201e6e989ac,0
03de806d19299850579a570111bafc47f8859112,0
49c65f0f8c4b5400be41ce741c03dada559227bc,0
1f746ce144e94f7e6ea78f7243d7634030587387,0
b3661629fb187d27236c4f971219add23cdd9a18,0
d7cd872c2a0bf619e92bb902f43070e936e44c5e,0
25e63dac01b68cc5a7da2b56a90b3ba8084f98f5,0
79f14a89074b032f9d2d3b4b454de2bd7e79d9a2,0
374524907c64477d889b9c549dd5c27b7438f09f,0
88d84e95ecdb1188a9fe07ca9be8562a7a69e1f5,0
d6433cf41f7cf284255ce0ddbc78efe96a36fc71,0
180a5f8c729342dfb419bfcc5791b83794f8f2de,0
5e62ebe3c43f62ca5b58d9deac70154991ce0924,0
658dea9545701b813d9bebee1171c508392e472c,0
88186e85e517ff14f5f77b92f03a4f0b01939e36,0
a9715c315143c33af61a87eb3f75b37d6445ab90,0
e0bf28ca084483af9d50e972651841936f3c427c,0
e0687924eb6b13c02bf55169396840c276f7e8ae,0
ebdf7649e49d164d33c98cc6be4fbfacbbfc4220,0
393b2c0bb574bba1588fa0e4b570a3612829df7e,0
326a1c172f5857709299bc77bd73402352214bbf,0
8792072a213366605161b2f6e315024711da7eee,0
37c73cd18b44d106da203f34ee2dcbb79b36757d,0
21875e563ce073c4787c3f4d1f377dd99db8209a,0
820fb1e910020ed077e33ff0f1d0d0c04e3bb8d8,0
61891b813f4695c7b6ed3d585cddaf0386640e68,0
2159d43ce4e13eaaaae41707bb0bf6081299c0b3,0
6d519f993207c3205ac97a00bca6dbeab4063b74,0
b6eff1d9c83fc07d63c2d0d755371b3f5fe4cce8,0
d278aa7eb23fef4128d7fcecf26f6e2358720ce0,0
bebd89d0a4ef5e5ff327d14c75e8a3b21d0cc77d,0
8e712055dd960efbdb05a17530e75384a3def6c6,0
a09aacdfefd4c81675e75bdc5f0b6b37056ec143,0
446b7f659949ea4704d9a8cc0faab4b26f1e02d7,0
2604401a371809996788f29b2b7a060a174eb2bc,0
ae8c0fafa6ef68539f753d9316e104a385a9190c,0
395288ea6efda3830ef2b00faf8358b1b9adb6ad,0
bc9b24fb79356a3580f424e87b27f57842d63021,0
bc03d47c3c9205efa24129ea2ebfdc54e66b2961,0
61d1c7b0556746483d03310cb8abd6ac7e08f2c6,0
a56ca05b53dff9f9f67ae7d041f9e5cbab2975d1,0
f6f10be306e408a6a45dc162d8d62f506a552d7e,0
1a1ae23aacf15f25b237680c1ab10ab5abc28050,0
564b2635fb3b2ecd08d0ed407749acd1d4c37dfe,0
6f273bf004216836d027a6e656b75f4f092ebbf6,0
52cc222c63f9668d9f7662a98a2412091e1ad889,0
eb64ad901c5e2bfb4e992f6a9de439ce55e43ee9,0
3d5aeb1c19c114902f83aff73f64acfd8579843b,0
d829069d4189860e66ec9866a528629657ac86af,0
d1c789a6b5fce23da89b425a66aed9921d9fbe47,0
da42da2e98f914854eb70b4c0e43e6dfa4ce2db2,0
b0329d37985a420fa87f4b2e0159ed943e5041f7,0
b2e630f2a7362b71a9c2533f7a91c0b6e01bf4c6,0
0fd6c1aa4c08e4ed4230d93545d80a07a744be12,0
02fe16c0137be363e003dcb5ef5234465af757a4,0
edb6737c2a5b9a8350652e0bfdf9b55733e3f476,0
307cefe4a459ff310b7db62567a7c1e61c3ff818,0
997294774d5ae1edc650ad8d9977b4bac6e215b4,0
867b5bc637cbdf3b870204d814f9ab4c1b6a9fa3,0
e44c37fd8961e9fa74c0982baa4147c106b7bca5,0
a5d0130cc5022ab0edbbb735c91478b4ec3d0525,0
0df455f9b4337ddb42698d8363616b63360d203a,0
fb011b18b498fd370c9d7693096c264d39b079e9,0
80524f0220d40d36b7f7d8ea0c72eefa6f7ccec5,0
28525bdb034b7c8f521d66f137d4dd8d3ca35e78,0
7c9ec14395d3a8646da435fcea83a063c306c3f3,0
5c142f11aef59fa001512104905d48cd982848c8,0
0615470c9535f8dab5593b40134d20f97e48ac59,0
870f121fbbea1201789366bcb63232ed95d53144,0
7d8797c9fb2ea25f02a2d85bca5c43f2dea4fac0,0
7417c3d37407a8312572960acb94629e9a52e323,0
39ec212448ec89337651703a6093130a08b3e685,0
90ab8d32827ab6025bfc2359e3e6afb1a7902b79,0
32ba5e8f663c51b400a26f657581b8f1be10ded0,0
841a631f3307d0ff6dafde960420b9ec83afe440,0
8ce5daa75248381d45c5bd17c36d3eedf5d39776,0
e404540a0f08b4a412e44e78996d73dd0c0c494e,0
9356d53b49d71e05fb10650d6514ba1a7435b80c,0
8a0a119991581e2229625cd739cafbe086120f72,0
45592961316cd041fee082b5d8c9e320ceeea37b,0
715c566515a93d02eb664aa8ba579d44063ee334,0
42a09ff6041a600ead61939c8b568435ca7e6a00,0
ccc0faaad7ccad308131a5a13b3f44763245bce6,0
41fdf4d8b741043f55429c363733223af3c7eee0,0
86b3c6fbfc96272b2479cc18599d006840fe04cb,0
2d66ed797a8266b5f52dae436a797a0766f202fc,0
cd1118eb022f7c90dffa9fdd973985974c890d46,0
efb5f7c9592bfea344ebea92c5cdd1acf384f641,0
d6f637fbf983760bb9a3b7237838d25a81fa58ec,0
54739bcf92e87f8a36ad922e89a6b875f83976e3,0
ab308f04de08a3c7994a495c34c58ab308091d3f,0
5494aacffbe35fc360e76b9fae6627df7d9d365f,0
bd9bab209978152a8c7835a6bb7d112ab758c710,0
5ba02fbd9c7103c2b0af20eacbdb7549b4f4395f,0
33703f1b91a7d8bc076640e9f750e7513108e0fc,0
f43e0a53c1f4d3335e720131973dfc8e1103f5f9,1
d0128142ff08d9a9dc5c1ca483594abb21f90353,0
b1b7db133210d5162c372b3fee1596c04bbcbba3,0
c7ed0a2d1d2175e2f34404467de48b0c72042b59,0
76f1e437e203520f374c7907dc748685c73f86de,0
e3034f529a7adf4805761fd70c60448bd6581bfc,0
c84f3df8b58ae9e10750e6f97498accc35a59bb7,0
b5f8903b887117e33bc2dabe4d2f771efb42a9a6,0
9088be6818d5087bb8cabb3a34faca856f02d81e,0
f1eae325cd0f16b82c0ddc34af8bc1ee9c8d31bb,0
75483c7e3351b7a21d68382197bb676f7ffbff60,0
7451b6f70d0bb7589fef95ae780cfcd13ba6ffa7,0
445bfd7a0d3bb00020ae8930edca6d59c085bf88,0
14dc740fad9e466c5c54d02edcf051c4b0aee866,0
85b3f4faa4d712a4dec471b91dd2e349d5228bde,0
898be70eaad06d7cb90b5559f29d3251612a7460,0
52674fa23d3fccdc85fd07240f9c342a74582e15,0
8eab22e729d4b44fc5d315a2d5bc08c86e476f8a,0
937e261e65818c322cffcd1171d304001962cb6c,0
9b78600daa5dd69928fc50b5766ddf6fb71ff533,0
d855890756909bef41e4b25c1a8c874f520513f8,0
f2ae841af6fd4e25ce7d7fe82304cfbc061aa6ed,0
6b1e3197b517a3afa488f7307e18659df5c4feec,0
5212b14250fc292bdd32ab24ca10fad608c37835,0
0992eec7a21b3f9cffbfa3225a45e521f3f66192,0
f38f7bfd621ce8d20db10f1b6f5e7f5288a034d7,0
21c47cc13627cb06c9c5d7a2dbae6e1c8d903ef9,0
6677c859866813096917ddb540a8b461d782bb0a,0
88cbfb72368285f1f10d949bf45e5f9c5dd032fb,0
dacbc93ded7a9f70307b2ed32be5c52d24be3ac2,0
cda4ce8d78863699bb2713417a0594a38711223b,0
ad8a09a5e34cf8fe5434e83413bc86ef6de4f5a1,0
efd41aff4722a2a8d023e21517408680a5864309,0
c5a502a0842fd41cc44e3ff1a8b8f2b5612bc331,0
5e313d14b2a10ce0aea529ac4db50e183f0b1e49,1
c440b250f2a9bcb030a0a64f41f7de2436788417,0
58e2c7f9e8933896dd684c49706ef904ff6bff37,0
4cbed97e05283549fc53a9a1aaa704facde7b799,0
33651d5651c84944a41b94ac7037049ebe277b7c,0
decf5c8da9b92df54c19920c40318f90364d3c9c,0
139636b502dd144b7f6070a8f30b46913ef6965a,0
66c4b99ddc7daea806c1318a40736d0f5c8fa7bd,0
3f09772b742d7886c5a18427c9838fb267cc335b,0
f8aa3e033c1fde4a434864f666315b433498d32c,0
b1cd358495cae3df8e0e32147ef433cce83390c8,0
667547d919278faa766058b5e0804dfc01f4b9fc,0
db70873bdd9f13aa8efbcd6c5284d29cb966b872,0
e9c3c73e94efcf83ebc0b250fd3da942b185ba64,0
789b8bb85471bd7ad129fba42dfb989f3c7d80a5,0
3d06f665db4256bb9949c5a96fa6d2cf5b474cbb,0
5c8a283e154f71878d6388677bd4c1e270a33566,0
069b7f4d489b3fa03ee99a5410a15b7590f3ce3a,0
31c54205f526dfff32dddcb37baa9d3d2bef0bb0,0
08beceed357284c824608bec561cad00307df25f,0
eec39dc95195ac551698b59f195d0821233fd793,1
4b6411235e6953ad65b4cb0e16ff6ad09581247d,0
a200aef6b3de6c64b16d768cef9522c67f91648b,0
edcac60af46bde6cb42a71bd11dcb06836326837,1
68bc9c193ca1f1ea7a697f3aa911d8d9a5b7bc86,0
5c54256a5acd4886698d2aaf5a43979d4c088a9b,0
64687984620297f2aae3b9da2a3205c561557a40,0
b64ab87b5c0128fc4f5016ded7ee044cdf0451d8,0
6185b726ea69761196e2da4bf147bc505331ac36,0
9d46da6c8c8283f6e8dba892a7ff08dfc433d0b0,0
242b938ec38688ce1278e9348bf29df10beee7dd,0
c6bd07e5abe1cefa183e136faf7ab43d55c55327,0
e13c0688a5f674f522637e79d7057049edbeab62,0
c51dc2bb95d2b00bc70e582b4edfc307c92ff607,0
4e52223436d88c55a067b88b9c8b94a6f4ebe685,0
a202baeccdc0adf4ac209c23c3abaafbed351f85,0
a9c42edbcba77030689b8d21034f081ab38b1bcd,0
50071f17acbf3c79607ceee97da7177d42b0e075,0
324ef991a6b927c8ca2164bc4f5786b22af41c0b,0
2b0a51fd954ac3d60370501baa61123c3afaa9ea,0
a9db1350ad34c503edef9cfd6a8de4c6c4c51f80,0
cfc1b177ef4365a5dbabc54cb5fc11b52a640387,0
daccd005b34ddada8b41c191cd0985abb75f4e4d,0
0d4cf5780b759008459451307923317c8512e85a,0
2e4cb41f9774924c7a7c4d10e918da7f4f504f05,0
3e434a4c611547b1210aa5da9593d46161a2be78,0
2d85e5f319a9a66c83819ad9712c3ed8cc6cf435,0
892e210a8f58852d2a8634ccc75b4817c5c2f10a,0
7ba0499d07b41419b1b04b3bc478cd77ce1a9138,0
f9588d4debbe6651633483f61ea1af607bd097b4,0
17e59448eab3c2ba34512a110cb39efe03195953,0
232af59948165eb5919421fc5a91e6b2e7d19e3d,0
7440726c44a3da14b7dba3b5d59d2f8ee1c83a66,0
c56039ade9e9bb21a5e02755e1f215ad097e9895,0
1c8ccc351e3bae92378818efe4cdb19ea8343c21,0
63bb55deee694668158e6e72fc217cc1c36d0df8,0
ecd01ef9aaa7f2924588d8e54b929dc3f2b0d7a7,0
bd35fc566d1b5cd6d299f0cf558c61f14f4b65cc,0
22aec774e65a6d14de4acec3a0ceb1fbc49bbaca,0
28749901a9705b49ca77d88a5b8d5b41e69227d4,0
ad2987c5ade6a7fb4f87682e888ef1d521b583f0,0
8ee4f391d044ff3569e5c43990d071c25cf01f87,0
ce1f5a129b1e543333aff861da43afa17e1e1bb0,0
32769fd16904f052ad19c4164c9784bd2a665787,1
0f2b4643248a342f333ce45d680b4f5dd2246828,0
115c961ee4ec4aa47e154c80d242e1995c338f3f,0
8de0ec34818ece35005f712111cdc157dbb1cc3f,0
3121915ee8a69e4479323571c568ad7a3324f2a3,0
c67b1d895f02e525c073b018b62198dd986df5b6,0
3bedf271e87bef32b672252a1d83ef4466579207,0
420a1017eb0e5eb8e0f1486e9f413c69f03d1b39,0
050c817ad5a377a2ab60a51c2f44dad6ce90e106,0
5c2298877492934485e0f8ff67910f721eef591d,0
28631ec8adcbbb67553801eb727c18d5635d9087,0
33bc85197d367dbb28dad79edb402be5177d408f,0
6002d32a4c3ecdfb5fb6a05a38749079ffa32d99,0
298bf03c22a48da5ddffc23fa3935410965d2784,0
8e19f208fa12de951f5cdc8b853835ef17361d94,0
e2f27b8f90bae93cec93144b4cdef828925c8a6e,0
6c9fa119f5488b12020c9c64455efdd56d9c89e1,1
2724728c2c875c22e093503b893c873eb1e5c1a6,0
73b6d48549518d10fa4e0c71d24647c84fa142ed,0
d29ce53657c0b92b0b90143e12956c2bed503d13,1
e6c681f115373770a640719ae7d06acda3aaf871,0
0d0a25fdfb20069255ded96d6858eb93f1f6de8d,0
ea2548e01ee89318c9f2aedf738ebec72f946ed4,0
de2403930589dfb45b1d52482e3972ffb22ded6d,0
ff9453b8c612d3d3d13c466bdcc60d1eef989718,0
aa6de68e3e044aeed32bd7a138b5f81c460f4921,0
a60c74f75ff887f13e12a5bd6edac24cc47f60fb,1
01bf1138f9ff44024cfe081078ea6dee276d3743,0
e76bffaf9634b2f69c1c85fe39b3c26c68cee461,1
bd94ccdfa58f51cbb40ae0653c6654f4b4943db4,0
c9b89ca55d5983c04fa311bc18c6f06ad6733afe,0
567778ed77ffb4173c81b52646411f77a057e036,0
19df64e80f33ca3327d940e151b0313b4c4fa46a,0
7e3f2dfbee952b11d78bc4c07690a0b1fd1ac41c,0
8e3968cd11c98e0c8db30b225164474d00d2b32e,0
5abcddb1d5e8dbfbca00ebb8f9ea4a080f3a8480,0
7de8ea1ed82089fb7e8104176fbb87fa249568b3,0
c0b4da26f6fa20598d4f2bdbf504ffef82b2c6af,0
16cd754b197377103f0b9d6d4ed5b32f0c668f2c,0
4fd151ac2da59b35c9039cfb0299dca4c91c4933,0
f836ff09ee26537dc66be22532c9baf21beb0cbf,0
93724da6350115a28045ed9ff5b01f99a22641b3,1
ee245946f730b5cc1661ac58ee42895ffa96aae8,0
9f53a81368c44b6b6ddb3a7550710959b645f3e7,0
b915fdc02a08e70933a27ea300c446346e8aa14b,1
2cdf3b0ba885f3b800ae475ebadf551729036c15,0
6adec6b8d4af09e7d5be3f1e6f3a11a6701f71aa,0
e1c5f7fb49894fd2c839f54289436bbf90fd975d,0
1fa2dd8d1246b0590f2a73b4427d66615a85797c,0
a4fd44d404f2752d3d030fb4d3e6a64b1cde142f,0
557c0cccf47f680fbb75cba3c93061cf927693f7,1
2923c2de86cc179c978cd9d6eff4096ebca0fc72,0
b3e0e25c3787736a4d5ed824e6ba70d4a5d4ee74,0
eaf850538a66f6ff2dd311d7fb83541e68e64694,0
273da76edc0b0bc0426704a2997fc4ce880de8e1,0
d90c123f2f93634d3d9afd216369792b3daa2d94,1
c9a30909deabf4a2d45db1e122130bcb5e565227,0
0fdd5982c32528e4b5d6913e0cd4ce62c0c68bdb,1
f1f92df311836e66336b4b648600a567f5067fb1,0
72b387b204a493235b41baeb1618de3926218c55,0
dc805aee2b7ab57d8c358abc5bc9aa16e903e8b0,0
4a6212148d12150d4887d25f440d511edf983d39,1
29d3d6ec8726f472d11515f9d2f7ba56256c0f51,0
266f67e232635a2da4f642f43473f9acd92a182f,0
f9045aedf369299cc82048ff592ab510853ae2b3,0
2b68e826ecc92a046e9aa8632626ceb16a93bc57,0
e6faf4b4a60727acff04cc6999f15a9a67afd8f4,0
9072508ad03b97fe1c34b97b48ccd44360a98b93,1
92cee86ea24bbe90cf5288d0c77053a8ebd03436,0
245554d88898209c2de5a6bef686d83ba4e42971,0
45f7b88bc6f7fae1ee7de3a06ecaa0a22ee59ca1,0
61173f58aa10b6acf8a352d12b1fcb5b43a15b09,1
e297d23839647ba6c236af5d694610a35b2e7b8f,1
51c9effb791416299f32d45b84a569d201be9618,1
d65e2938fc05738f7fad6d035921a99574713979,0
721bd10564f2c65e699c4228554654085169e81c,0
1a806b1f2a8563b50646c2504329f36915ef1074,0
2e08f50b6f46b1426e83c6b089e0780a060bced0,0
f95865f481e52d438ebd6ea6f1af886333823508,0
e52c4c50e16cec8e99055f717a78bede32b29d4b,0
d9796b6160167999a85212caa343ce1488eaa7bc,0
decc437cc736d77c1076d9557078c22452635337,0
37b6aedcd013f7f01502e46f0528c9552dc52d96,0
4b460152a1115701ae0ed23ce22dd84f09813da0,0
e7860db9af3f8c2fdc0f7703c2ee229a8b59251d,0
74f2c73b6de16f3476fbc2f935132e0c5e7a1891,0
4c282328c8462b49b8773481251abbd8443f46dc,1
d6b6fe90bc9fb53389973d9d11deb21fc63ac3c5,0
c286b8023fb79a2c25ef1fa6a0a221e7a19d2ffa,0
49da0ff2c6dad8547cbfe4a6da4a54b57d702cc0,0
dc1d0beaa08c626bff3bd9b3c4cd4b7b7ee303a9,0
dd68558fcda5c9dd316ede288d18e91d55410a90,0
8b7f8f1a5ccd84a4de2994b2b0cd0fc40035135b,0
21f8d17711a75e420d2b547c8c9c881326dbea97,0
560c4ee8dbb1d38e3e6a2cd0a94e291a06088dea,1
1da9c06f4dbcbeb69f01ca24d9a87094312701e7,0
46d73eac817f0e68122443ffa09c82da9d5d2ddb,0
33e4e28a60ea9319cce2b8b35950915e429df4ff,0
0b4f8f99f774accc094eb39d44d5286d4a38f5bc,0
7b420d714506687c69236ef5b499856a1b1f8b80,0
92ec7a0d75ecf94106ccefee9d08d76f95bfa961,0
2e5990892810c5b34ee0b9b67d6832daef56096e,0
6367b6853cfa4086ba60afc30df76d64552e4046,0
f484d0395815122896083e72399bd2af4e28a2d5,0
14906301a12e4e1651f5abd60ee0264a6dfb61d1,1
962f0f1b2be2cf59a27f2d9947263ba516118232,0
51fb664dd16bf9fb54605cc30369c6d7d453441a,0
2e2ac4ba937e08effb258a3ff61fa3c1abac2f5d,0
6a8e5d538004676bb661b57f540fb0fbaa3eef93,1
3b1498f6cd41d810c4111caffcfceb0b6943c956,1
f9188963a8ba0d9db259a34a505be036fec0f3c3,1
dde27ccfcbca5ca433b83af55cb0104bb78096ac,1
120e4a6b44d89b1ad08f007035379817b29df5dc,1
c970798db6cafb6791a5d53cb6788bbe0a494e36,1
2a8f6db0cddd3041d78bf13766a993d464f821e4,0
2fd95f75265f0daa5ae0eeb9b9ca963fc3cb9046,0
a162a7925e68fc661bb6d535d4a6a67ac7fa5fe1,1
fe0a89a0bb44a988bb72c3b2ae14a482506b05f4,0
079c661ea4a0ef3ab1a6c492efb584231feebc2a,0
a324ca7a63e09e3f85029e95e5b98df2f6639c62,1
80850c330ddc0a9acb78da35eb03a935bcff4636,0
ee2a47a0efda63c01960ea550d0d33c2dcc57b91,0
228637706ae170b76f9ea2c205a7892d1e238057,0
612191811eeb91e8cf3458e5ab4542bfb8610883,0
3ae470ee2816332571c89968c4cf26b60f52e99d,1
df3509d39146031bff7cceb94b57884764921642,1
7da91cadc49d72b97d1c0f1225eaf3e9beedbbbd,0
487621cb99343c37f66673879f4af5d8d644e541,1
74f6f169c81a83bfc72e5778102544278bc9df65,1
19db8dd20150cb3cb1cbd62df3e1bffcff647b1c,0
2c48c7ff06a8b14147d950aa4955d0864d77914d,1
416ad1d8b50d06548021d42abb1fb22942207125,0
27bc1f9d456f001730efff6a613df430eb8918c0,1
ac06284e5a7c43b27aa5a5346f9e31590e0b82b3,0
a472b7f2bd9f185fb386f9fe33170f2c5de87543,0
72ed906100f09139429b9ca2531430a1e2f98e8e,0
4bf90d6356dd7c7c49ccb6f041cf06f1c2cd91d9,0
f71a560c8a52b7cd4652d0ad24f617988d935796,0
1d72d4a31b6f4125a526e1914ea00f62455d3972,0
d3697544eec1ac7c6dce0574ff6949495af9e170,0
ce5177e51a964c5cd615e67f44770d74f40a9edc,0
cbfd9aba68078ebfe1129331b41a447be82ff8c4,1
2ab16c65f69418b901cedc5e15780e72e094fac6,0
57a6f158f4f804a6fa37b892761062f2c58fa9b0,1
50b6e166f79d25c79b0481944d6c16e69da578d0,0
2f568d53aa11367be71aca552e3d9e6108336b46,0
46fd2cb39419e67585a2392d9daadbc3b772e9d1,1
b03a47129283461602420aeb3b90090ccecf3e98,0
c39712cc372a94b0aeba8bc8af55b453bf0a908d,0
0a76f546ead215eda317268ce21449073ded62a7,0
867a5619a9e2bf6cf5d5f52127f7bb7669ede7c6,0
730d3e5569e083fdb3d07bce60bdf669dbf259e5,1
196a8151b77bde5946921aa261f0220e8b3419de,0
6e6f18d27e094d5d439714da05917000ae6c9d26,0
1cb568a03fcef611d5ad2af26896f6720187a8bc,0
27b695d55c3e2dbac19617e4c222b5f62572dd85,0
328e867f22718a082a539e9cb9cd50e03967c1f4,0
f123eb4877eaff9851ed92994275767cf5d1bc33,1
a16728cd306f86e69263512451328d370eb61d99,0
cb39538c27f4fb7a0d8949998861dd2438f2b1cc,0
e81125154e245ea4340515121c9b8d062565ffc7,1
a6cf8d4ecd2d80980349c34d0369c69fb0017aad,0
b72b6f471c75e9f979fe867e4f958cf0438d57e4,0
f95988011892b70a7ade6e3f3be3484d2755191a,0
f98c8827f62fa80e73ab196d0bf112b058f87242,0
068412733722b84313a1904de3a827997c043f35,0
457467bbc430e5b8357a2430b762d4b63db30055,0
e43b66781546c964eb50f45fc25ef49bb7e2c7c5,0
3bdfa558f2644392899d954554f1774065d26209,1
e00f903d7e4e9005d6042dde29b3152e06658efa,0
e96040f146cbcb01d851d62b14a6c2e232a52d21,0
1093d39c115aa8bbfb35682f1ff06e3e1a41a9d4,0
424c8d6655b2c07ea5ea34e662bb592debc7943b,0
96b3668d4a1fa4ccc1aed51a7e1fb412db42c7e0,0
60a4d56b071ef3f6bcec662b8635118f4aec882a,0
936f931fdd590b46006244015637052661e681e8,0
42b98477bd4866b759bab1dc0e4b7ef8537762f1,0
3f58c1e6f0c2499e34d18d6fe34351559919069a,1
111e7b39de04177a37ab24d90c3fe8010a6ff0c2,1
145b19acc4e6b1a2b1812e49a93c4285f2e79c75,1
82db8c71956aa485c61f661b1f954df57265bdb6,1
457b48b89280190624ea49371bb606423b2f5724,1
19a707c06ded92cd315cfd2b4fc78797f2395050,1
bfd55bc3ad365e7a2925123471bafbeb12f7031c,0
a04f82b5a70934cd2f7c8f8313e0782a6a2e16ba,0
91d751cc0c32c9aef45f1b0ec1cf8dde9e2478b5,0
49c909bea066f28aa5785b8984106d0ee20c5a6a,0
c1fae967af0213315c3c6baee4caac2163a779da,0
bd97852ac2e6eb17101b20d5d61da7221f572409,0
e8d90ca11e797f48a68cac41e93e1d113906e1d5,0
1d86ca16dd0a92af7b7f55f83848bfd79f257ada,0
93c291fa5d7b3b7c8c1b75c850f26b0946cbb62a,0
57c49ee8df28edc4cb410da4b9cdd12529575af7,0
a9b8e2dd7a950eaa44325a113c7d3594a18abf1a,0
837de2ceaa6b1c070fd8d7d611f5014bc7389dd1,0
a4094fd0c4b158825ae1922c51b8bb0d56b04127,0
6e41136a144f22f7ad983d318d51ecf480d6e52d,0
4cf2858b20192055e3f698f31b3deb8a9bb993c0,0
ac138ae0a27169f9fd14ed4425a9f416aba2b78b,0
79816f89fb7945c39c14e06774d3c2621e7085a4,1
bc4bf9046295173dfbaef31833b96da07ca19fd5,0
48a8545611fed091e1cac00b4be7ac7e0d7e767f,1
90154dba4b967aa5c71282ec5850b49b823a24e9,0
7cef0e520b4f15e67f018f83d6d01e88950afbec,0
ee70aa120d63a394872a54d63a94fe3eeda72587,0
a1ef86771ca97c5752cabbea192d6458049543dd,1
2666222cf40e7888be513232dce13da85739c8db,0
f32d086782b91076dbbc3d446ace15542ca9697d,1
418089e1636e0c79f107d7ad813c3515fd02a228,0
b04008f49f09095c0bba86dd3e8bc9a327abdfb1,0
f99d6d6d41f0731013adfac0666c4ffa38924c16,1
9522bd7085204a99402c9aa33c919de0de0a5d24,0
d7321ef14da783fa0fda9c0d25300a1a436b3bb1,1
a916e81cb2e7c61f394f380693599cd69db614fe,1
e55c203d547b667466e7a47705f998e9f9831d40,1
2bf26f1d365160ece54dba75583d0d96f05e189d,1
fbe5ab65e595ba03f3295f41b673d570ec43ad36,1
b13cb3b3b406f58331c1e36d727e89a060b73343,1
7cad661cf1a13da80a6deabfbf956a3906572739,1
bad1d79b7a3edfdea1d4cfd46e910acbe985253e,0
5ca563790b3797560d4107a83dfa01b6fa2f95e9,1
c95ade5f5cdc734d1c136e4a3bdc0a935150f87b,1
785cf45daebbf73c561fa8d3a27d617e277b8c50,1
60d03cea8f3bcb80e364099acc0b8d2598d51d11,1
26b4fbb7d779a9f268a7105ca9bd9d1ca9895f75,0
eff482b531967d9edb0a0d8c96b20b7379fd52c4,1
ec49504b41e4effae6c58ddc2990410188ffe932,0
17f2f14e8e93b2d4fb9e38d1ffe1451056f703f5,0
7d044b046a36f44540cde696f64add23d16a5854,0
28ff2455d823461c1c58c45bfe8b44522d5a932f,0
9f992825558cd8602eec5f223ca75dfec56e6fa6,0
f95139faac9c7ea5be51eca9a8bca525fd1733e0,0
abfe51e356408ed9425fa7d1e398ebdd26a9ee65,0
d56568acdf754d024152dc7d40f965d8cf5b44f4,0
31f6d2ad65600861883ad07594bd3a0cf631222a,0
9632130599e3d458782222f7302585f1100429fd,0
486a169f5ecbf89b7f4106401f124096e90f9281,1
07a0f5c7778d9960e58e05bae1db2240f6f5d48e,0
45f6b5b2171c35b5c9e8e0323443bd0fcf29b023,0
2182a43da2f211c7c696cf2f4d2c7d2d9a865c5e,0
da463d13e77b62020504efc172bfcbd7c1e3ca9d,1
08756b758af8ead5b105dc2b53cfe0ce79703050,0
9a462e3990117a779ffa8e51a99863152807f3f8,0
4eee185efdfd5ba82c3e92576a2384e0e62bfa13,0
987911a4a592cf1f25be890cfdd61427b67a3e6a,0
e4a05654656ce0e7c9e87145a6707f846ff287f8,0
c1576044be2be84ff3a2592206d29ce30cfcd81b,1
39ea52a45061dff7b527e56a997dfabd69be729f,0
6f57c5a1f7ceeccd138d1b9c4ab2fc952c11e328,0
51c209801fdb7c051aa035adee2e6162e74fa94f,0
640d3a7b30c9a214fdd896352cf70b6392865f4c,0
3680827881dff24372240fb237b2bf94b683da97,0
a803d3b7b6b41d91b8eac1d227aca995cffa1eea,1
6f10e417e131456e0ff7c4e65fcb24dac055ba7a,1
c748ff1b56735fd8a6b950ad16770c63ba347610,0
b2c7419e38a8aa6e7769154a612403769ccf0b32,0
d3077d07ae1bfb9e09e4e9b2cfd5182526387204,1
a249eba720ca2b9430aa23d7091724659dcbbc0b,1
730b224f370cba176c68d99d202038027cdf2177,0
156ebc8e093de06adf28224379b9286b1d3004df,1
bc680b3f482ad4d671067d14f8183d0db48784db,1
14e6c1795c85eb32547669cd99d503f4dbffe683,0
491e48297b8c50572e97f2441d63d7e68687d35b,1
cf68324e1b0580cb745fb9d2d6f096efeeeab24a,0
a99be038ce40b3929e58ae1bb06dc85a3d9c8e70,0
2199ec2fdf22de3e75fdc821b80b2528c49d0604,0
845a2177dbabb1fce23183c9d6fffa2c44456758,1
2c7a9427eb878dc61a1a5472487a63e0697924a1,0
6aa2539dbf69a018c06778fb1b0a37f1962b800d,0
94d5227bbfa390b56d0ca33a5aa280376194ecdc,0
834641d84a6d8090b01455733bdfb4fc42deb70e,0
9cfe01cf6d5cf0a6c06f2c30910bb4a3b5d6c2bf,1
07a07686640ff6f1d7c602260cc9555e971c109e,0
3ecf858e1a503e288446d0719d15ec1b547251e3,0
47f1e810f56bfb6fb301e0d76a014f10a7270512,1
7374b1b7c2d1a7b92c04881966311a528c70615d,0
60dc88188c76f2f4b7f26585d48cd14c47fe6330,0
f655a04d2d735ffdbed75c6e8503bda191c13e26,0
2caafbc11f92c6591fda388b4c6ac20dc6c23027,0
2edcfa07f82c2172b51bbec8cd8352d77971b343,0
0571aaf5e85f792013cf91724144a5c8b3c6db17,0
bd3cabe93487279ef553e367fe872ebe5426ef7d,0
66004f0f14516a9a79b13f2231af545d94e63266,0
79a39dac13db25cf3f33eefcfc6fdfac90f046ae,0
e2db31cf7861842a386cd01b333f7505bc326adb,0
4433733ff18fe814d1c4de8e8b3902c797ac5992,1
4c37a65e9220081687d5ee9513f18e6c2accdbac,0
b8f869dcaa4723c8cd5c9550ff0af6a40160a484,0
64c1bc3bb0466682ed85b4de224378c191e04c63,0
a61511a01ba848dd5505604a8ecc2c9d57ae5235,1
a32505290cdc661d9caf0c9e5648224dac195bef,0
d759d4214bda7255e3e15645bc34167f214d06fd,1
194c96f33bd2d5a4bbe952c743afd3849ecdb4e1,1
41660b5d62a217ffcdc6c6fec0c6be79af2ea876,1
c2a8216febe9e03bae9c216b536e672158e6a737,0
56d551feff30b2610d8c37f78a35b6ee53e927ba,1
8900470578a3bf1364aec0335df8763a02ac26b3,0
94fff264aa1768c4781bd0d1701eb31864ace47b,0
3c1749c51b1aa4ab029922d6f4d2129b15fab9a8,0
ac6c18f0901b3d678efdee7a0df10c5f1ad270e9,0
a05ca20552c8f03eb09660d0d045493a70e42097,0
dcfc9f4ac2781153a56be6715d1c2f3ce12de3d4,0
9511ce8dc1a2e95da166ef247038f235e4bdd59f,0
15cf4382a67312a13348d74859236a06ba83037a,0
4509092213185c000fa7258de79ea1ae5648359d,0
ea2aa40945005e09a9ced13e41cdfbc670f9dcb9,1
70dc4fb1c3ea7178c1c1731b95f2a6d8f9612e23,0
bef34f2326b7ae0a80c0039b7d3211993b877d32,1
2d1415ed14e21332e5a9b7f1d28c57bcf99ce962,0
b3c30a8d9790becc24f0e8bf6110f50ffc59e690,1
daa11bc5fab05495d20b062fa141ab5fc1d140ad,1
9bd92c2f243aa9ec93567e68a6e119218915da27,0
b09e8a2033b4e0602677f28aa0b71b8b634cd904,0
c0b68181f8ace1a13e8da2e148d1e2b167903fe2,0
5f9f0b259effc21f1cf95a0fca91c9f3cead4a33,1
199716c53fd6c27a530e2ca3250e8a88b16aafac,1
f34f3d2cff90e87435be431a85aa4691a09647a9,0
6e220f8a84f5f26808c1e22ec7d4b6399db33fab,1
dce4319552e773fb98e794d09c23e8e6bfc0cfb9,1
67ce6b98534a4e2bca3d19d07e77f90de23ec5c9,0
8ffdacacc3101c7744e21215693d57370fb1d352,0
2f9c5a08391102e575b0eab980aad0c3d69b228e,0
bf7244b7c43ba47d2196802a1c3d9cc88d49ba34,0
c324046a543ecb0661d1860404f8218426707e9d,1
c1d10f003e532100ef2f96a9b6dfd95d987ee4e2,0
90e7aafdc5e2a07f82ddbb3c881c49f6344c3dce,0
b31704e939a9baead8c8a1c348f2bff1ec563626,1
cc8f778554ca2e941bd74fdfc3d41ef88ba3aa3c,1
43923dc65c7e62dcd5c18ed541bc613d33926c6e,1
17e27dbcd3cd8a3701c1af5029024ea8da8d1f07,0
5bd1ed25de6233520975d9a2aad855bf09d90022,0
a02862092ab040ea996cfcb4a0aa6eafd9c3ab69,0
78238bdc125dfcb77c3342f13ccc32a6d998dfc7,1
d877995019c3a2df3791c5f43c41da818d15c54c,1
320589dca3811998a27f505bff9f6faa6fe21668,0
564212f7eb5863708c18dc8c2bbeb588a3b45d77,0
5ecf769b320472bf7ef38d9243eae55ffe3e33ae,0
6eacac77dc33fab4b320350906168322882f5217,0
137114ee9f51c1af4fa20aa20806fd513f51323d,1
5c255a657eb7c33e5aea88c03f65b5b7287eb2df,0
227cb6a4a108a801b5eed5670ba37a1c75997358,0
34c19673f20825f314acd304b56f539a7819b551,0
730ad02d0ed720cc6020d0a2403fa2251b86c586,0
8b8ed1b86e83edc46933adc49f8b9bd7c92d2b6f,0
f04376ca51dcfd6de6518838137493c9756f442e,0
726d0fc946aff939b43c224ebc96069c11411548,0
0e7ab4e9e75626e581f0914528b9430c6ec7ec65,0
a6b4036c12e7b7cd3e5b9ca9299f365b9049ce87,0
f571f8b1cdf85e0a0a03b63c89d4f4c386082906,0
8696db2a2a8c9bf5496ab47304acef8ca8a0a809,0
ee97a10604dd59598549b6040b4511ff9d3da7d9,0
827bc37832b3e17f9cdd287ad9f547a3af1abb20,0
d05964c012cad9b8750fdd5c5475666c6119c74d,1
6a60645c40570dfb51e6b0e397c5e1964d608c28,0
5267bb8fcd1127ca85ec535e393764db118b8e92,0
ce3973869e724300fb3bd7f483b62a11a0cc01cd,0
b730495d6748604b5a10ab8f6bf4302ff710e1f1,0
40d58bc828f8fbaa6851ca5623a0a749c1a6a13d,0
9cd2cfb039258e1f7bd96c596af5ed59ebeb9e13,0
bca1ab6844242ccbebf72e114aea1bef6eaee08e,0
c9ac0e22a3098de9e11de753b0a8f30b5226a7cd,1
746ba6748d9e937ee441067e058296afddb60d22,0
49db3959971feec6055ad2bbbe364a012e367a85,0
d630f80567c6ecbd5d9297d3a20a4497edadb26d,0
25abe056905c71f4a8fe43b07e4752453a5c1e18,0
c7c3be448bcf8cf05fe9a148802ad8836808e5db,0
fa39feb5e56a5887662d9b9f6c0447025598f915,0
3c803690fc81943432cfd2aef4b0133d2aaa9ace,0
cf3c20b70f2ad801c4d0f29b94c749829f0f011c,0
f668b23e8c2e263a72c20160813445ac4e546dea,0
246605f228c11a18701ae1b53e35b23b18c71307,0
34dd7bdffc1192f0691c96b906531157e9fed501,0
6311fd060a0939a62755af282fc5ad0b88ca6050,0
bc618fa8f9652e3bf304118e863180f34d55b708,0
43459ad8a0b82c9ac7b013624092b97dd6d38efd,0
f10289d80a0ebadccb1553e3d1ead991568c853d,0
9fb47f2f284867d657164cd0a1f7a1d6a86ae347,0
c478c094fa78df64c5e13829063e24d8e85597dd,0
e0580a4bd7455cd42f5f87a14b8abb9041209953,0
a1136763b958c64ac3c649ebd51df30c2d75772d,0
5cf3be37890a31e1286fce2e4792f26cb97e1135,0
30946b7d9405a9616be4840fdbe60e67ccaceb09,0
d78ea735b059020293ce5244ff6b244472bc3524,0
3b3729b25eaf3ff62a40837ba777e531ec360b88,0
68d314c2e9a023bc93c4793ff05acad61fff2305,0
5e7f42c825ef5e92384cc9b1189eab12f393c093,0
28933bd53310a475fbe430dfaaf013c30b11bfeb,0
32a06e106779dbbe4cf0115dbd0978c5a97f0cce,0
f2b7804f1e9933a67df3c7ff78841e9eb6cd7e1f,0
7c32836556d58275de4d8a9f420cd1a3d4c06a0d,0
9a8ec49d5d03c795915298f4ca2c09386ba6ef4d,0
8f5b7694106511d0274624c5e1090847a47917ed,0
5d954d5fe751feffe119e1c1d6a2e9591fb8a062,0
1cec5c930e7953d4dc50136e102a48aad15077bd,0
258463ff5b7cc8ba500db00c9b288ef35222805a,0
f7ecad06bbc763da3766c0404b47ca43f7432226,0
56c02cbaaef8c930bcf0a856bd400fcd2cf57802,0
e97baa4b4aaf468afe1fe44b5d30a374754eceee,0
81cf8ee877875e201cb6905dac2a0b05733c4f29,1
d343099385f6d814837c64f631d23e5d8e1f517b,0
1549d5cc129dbdd562c14eb895419f0476906331,0
e3f754bec1c3cc213543e1b983954f74944f6463,1
afbb53b75540158b8cd873733815c56ccf51d3b4,0
1672bb3ee0a498338094512cf8902ab158306874,0
a0182a05b5b114761c32606d10ad0b141c0cb097,1
f9c9bd31cc7130f3d509a0432aaa6523cd978bcb,0
37777fa7df38175745175d8a05faab26b1c4a8c9,1
2ebe287c9b6f497fcae8337bed3442f0a2e319bc,1
fac886756a08ca6ed83b3bdc325dab2c681daeb9,0
fc0303fee1abd815842cd54c3f6bb0d3986b7479,0
797b45682f7177e817dbd5832ba52a6b26f7c10d,1
d25ba061659968fd0da9d1b4d58f9d3a2e6ed99c,1
a1eb25eeaccc8e364e6210915b7321ba77475fc8,1
e092de9763e7aaabb6c40d72b863b8fd7133772f,1
05b6c75bd3c51ec7092fdc453434f2f80dfb035f,0
eedfe8bd88ea14a326f599bf8819e30745e7f0e5,0
9b1843b10dbd62adbe29b244da55a39bb04e98a7,0
16c0a94d683a8b96bf6780193ac4dbafc0f612bb,1
eaa0f07c75d0ff27ff8d7a6b20bc65e388804881,0
e8a27d81e90073f2ac84b1a65d51cf03001c246f,1
a278beae5bdaf45bf61fcad08d92d587a60d6adb,1
a208743f67ce3645b678463c52e2211f93897b1e,0
ae265c0ad2208e00f5a97167951b2927c59b803a,0
dd3ac36b1bd9c61e77868ddebfa262b798824ac8,0
abf6af4735763bb84819902a7656c8b6a675ef17,0
220b87ff784bf09d4c9d5289af586a49b7798078,0
78c075b6197248bbae4d75d58695038d1ff1e4cd,0
c2d1c560e7af66bb0c8b0534be094cbd0bbbe5ae,1
274b6c5b5ba959c8c27778fd6ad74cb3b7db568b,0
79c48c8ddf1071d38c1df68a93bcc55b9622d4a9,0
7525add3f49231ca357c2f2eb09913c15904327d,0
61cabf18f1609f0b504d15c57bcbb954cd1a63bb,0
b06e515b6ee255c6d7a84ae529951348f942ab91,0
fc80b143e8009f9419247c5db2c524b9f911c962,0
0038c2a0e9b682d381c969f465db2ff90593f6ef,1
88eabf6d422af77a8af12a8a7ee4cdc098345cb3,0
c645e510d82b2c15897a4bbedef47bb2ad0747a0,0
00f8c54647ae08549ff61d92a700cc9a98a995e4,1
61c237e3118d563a5761db13f36e6f681868064c,0
08a95179a6de09f575f30871dcf540b0d5f5278a,1
75a4b6a411641a98c78eb800df7854060f5f2033,0
6c12ca3818972ce96847fefa48791989376be47b,1
6f705a723c6def0265ba9989854266887982bbd9,1
d83c7839e0e0198cf183618954d124d5804fa0ea,0
acd90426b489325d1656c0c48816d9d84e3cb5cb,1
23fcdc1e0adcec177d1c7da3245e9483481a9b24,1
e655652e3d0a7c82d49d7ab66da26ef5a50935aa,0
a717f3a9479b796bab653f478a14750e01e5d7e1,0
b0ab65b7429adada283fc0ac23153119a0e92af0,0
730cd956f6396fbdd673839d5a8c0fc719fda2f4,0
ea06456646943a6395a6c90845dba54e2bb7c176,0
32f76d564e103bfe3406d97a06139239972c6f9b,0
bbad255add10209fd7690ce3ed0f44564e862b50,0
87c879e56fa2db01b09e18dc8f75017a40bbc954,1
b8fef8dfe71f0186494a6b6e70b93364dc16faa2,0
5215e27ed61c4b8423b26b8a97bd786ec6a3a859,1
e6d11cfee8120a83426ec51d63ef8cf3a144b702,0
a7f9fcfb60d4f04a6ec19a95fbb2352d1266cb2e,0
1408f0635a0641535296278c632437dbb57fc93b,1
a00293d5083ff52a0c6d721dfe0947f58a03c9d1,0
f2d99d55bc70a6f456b30346259e887a40d39d9d,0
80036ff8a1c8b2d0fa74bb5a841fec91b8dfbf8d,1
b146eabd9a56b075ffc13801d633de67921f63ba,1
5244676eeb250eefe90f8a91ecd718a186e60afb,1
25f0cd5818794d58d525b6b169c124cb9d5fec22,1
5f7c041ae08986d535106c4faa891ea7446d3317,1
9fea39c078c0d92807d1b5372aad9af40f1581ae,0
d15974e5d5b71050907193fcc70d2da65151e7ee,0
76d2a092424d840e5107da99865dfd0e4b19caa3,1
08af31b36035c5025142b9071448186970596f32,0
c553298c3e4f7191fccb9eac428a5b8f1b8f40dc,0
850cdd002914b23fc97fe861df381d6babab779c,0
df7cafe5781f73ca87bc83f364da52108f0195e2,0
ac7b2ec52721ca43b66b38592af926fe6064e78a,1
b8bb52254dbeebca3f950df1fbc38a10e86fb3ed,1
dccae620fe97024289b97d98ca55d6197626c111,0
b7dff141280e8fea224057c3d5e9057901c04f24,0
67bb56b13be998b2c87acd5096ab985d771cf59c,1
4997325aa01dbff83bdb634d48fcc2f1df73e9ff,0
2af965bdef98a8af2d12cab34464163f7dce4896,0
80f62bd7a6968e0d3b0831c120d58b4822e83515,1
5c1a8d15f0e705754ba908993917ee8977b01914,0
32200eb896ae3e8ff31194568657585a198f71de,1
ceb49988b8fd59fcc14b6a2715afa84ccba69dcf,1
ae60862fd63c00004799e02ca5f1c930e1752970,0
7801d453532a694ff4d728b66a409c5ef35a7e6c,0
8d031df1a01bc03b746e15ac9eadb5ad35b8f858,0
cbca9a20569f7ec695120fe617795aaca046f96c,0
0b9cb552be0203407c0effb2e4df46a7eed96f4a,1
abb9990e0dbf49358d70da7e495824b94882fd09,1
2794a98e3cecec8a9231eb6a4b5b5d8465bf06e8,0
7cdc68b01b66a36d99081a227d7ab8c7ea80b5d5,0
fae8897bc45e3d91b11eac67aa792869e2025f1d,1
d9883f168e2aff7822e58c2227334a446766e7ad,0
344f977b6314dd2b25c71f0de4bcc98feb33a372,0
daff346e09a28752c352522a172b7dd9cd92b4f8,0
c45a13dee24e5c2e90cac99548c84e3c3f32b4f5,0
f3eec92e788c986c59eaf9741f29f0cd87a98816,0
47f07189d482fa2e9eddcacec4c9edfb924ef988,0
41deb399a2036859780037caa2e994b531d2785c,0
6b8aad6314041f606c4250c3bed4365b76bc8422,0
4ac240368a8080faf7a2032fa4aa9f68fb2c27f0,0
a9bee7354a578d8b23e38801d1f7bfc2e819b235,0
6fc38cb3bfb3be2c65f6f6b750f3ee84ebf0496b,0
c41b34505b934a7db21a5eaafdbd41a2ba568a4f,0
f0f4b38270857694450d7e0a6608210ce5b8fe1c,0
568475490875982dbd4fe8cd59ba9aaa5406acb2,1
95f17c0843e6ad5f336253a51c5c31744aae268e,0
78bdfa296259cb83fc4f0bc5c1731cce6ca28bb8,0
797c2809f818d5ba21f6762a5624387e6b3d137f,0
ba1caedfd916130cd80925a46556953e92c4e3ef,0
2ec031411c73af67b145d37c8011dc4de9db9d9f,1
7feafdc4de0d51933e837e77e51525cd061bfcad,0
1decf8b6fb10004cf19e48f5fc947c444a02c415,1
c784488a2c9764a20f57dbfce122e44515491f19,0
9e9b4858b12e4c960e3c92feba42d2b417ddac9b,0
c9fc511b34bfbea760fa6feb9311b1a2009ca615,1
c32add28007bd63082db7c2339ce970b2d75ee17,1
4f699c8628035436b233929f77fa30bae150ff96,0
cfb3754d15bfccea0a709f1b6c1d5fee69c676a0,0
5b9d61cdbde5162cb3f3bf06e9c89e69d52d2771,0
570ddedd98dc1f5c640eade7048d67a7c1b97eac,0
5f8fc2f9740dfdfcec6ea63022405ebebd80565e,1
5457ede14f77f8915ecd65b2769c3927c22a0c2e,0
f381962f525945e1da129607894008c27adc96ba,1
e798e2b7a766016cf8e0c014970d91e3eea1ffa1,0
a932442109df1e24501f22e613772c1add595a3d,0
9fb3ef3b2b722af7bff948cdf2e98dfee5c2183a,0
81a3a4f457ec71e94512224341043001f8c0db61,0
cc584dd49a8406dafe95c1f48ffae1312f17bfbf,1
399fad2001612b85587dcd2e5639e4b299ff9acf,1
982ce83646071a1670bd959f849b85d95918031f,0
7af9515a22742475bbd42312b1664b4f1e96202a,0
165764ef736e526944b7043579bf2e8aa14a4e0b,0
ffc9ebb3c629c45e5dd581c1d381f29c8bf28912,0
66ca5337e6c850b2756e477c376cbf2c801dc881,0
7a58d2f1b81e04588a872b73a56c77c443583af3,1
aae1dcdb92820bc9f5a5f88243a6f34cc2cd61d0,0
3c5ad2e9ae648de0729d9af6dba2147780e8e55a,1
1064cdbedb6ee25295a2d40cdadbacd8f9740a02,0
39a29b486d82a799d8b8552b5c90e753e96568b4,0
75443cb0fd1f8517a6706f0ba47e70bee6667c0d,0
c87c643b087fe666b6e4c6345f6a7f617232db35,0
fc487af406ff644e8e5b99339a722f34fe013797,1
2e14c5efe844465c5a32cacf174b1caddafd291b,1
4f0d77bc33c573f8f3df296c38711ea2ab4c28ed,0
5457921e7e74af5b7677be9f65bb697f225e6429,0
ae8ad94a2436e0ea1d90d690c9cc94512e5ca1c6,1
b67ef9b93517ad2488363d6b7c25a79883d46aec,1
145e6c8a33c68109ce436ddf4da37f8aaf2cbd08,0
cb78386402dbc3a6145ae9c53e1d297710cc428e,0
d5da5df231ec4cce1e738e2c1d87775ce0898c04,0
b473a5d290736e6e598235085abcc65fa59d0387,0
4610c1a96cd96b75626131c2bbf7903a777ba528,0
1740d58606e227ed46b0de9fedbb1e14fc94aeb0,0
3ee53ef957b0ba5f1b3e0c8b81fe077951b7319b,0
e078c03320bd3443fe180d419fe80d7f51a4a96a,0
b1437124f8002daacd3666b32c0f1a37f7af9b92,0
52da69630a595db33120fa7c7e9a55a811923b2d,0
ac0e661a18e52e61e167eafaa099bae6a294c329,1
0ef38d17d93897ba29f3d75eccc363c81e8544cc,0
921ce7e57536109cc10dcc108fdcb1279e479df7,1
fb9ab16883261eb2f584eb2b0bf2de107538dfb0,0
dbd5cb3ae82e0226eb2f050e63376f3d274452c3,0
84f48d54e1ef49c9dac532e30ce04785bd6f70e0,1
ab2b44981cd5413f17cb0575d3f8b4696d0b01ec,1
29e4020d3fe2a44a5f88551b7d9c8e9a13abc1b9,1
c63ea40c908e58b6bd9663b1d0d412bb982971c0,1
3c81ef8c393b09fdbc6f284d68ea686fc76c6080,1
cc4a7e8a16c9303b525e30e8daa8b469e598c443,0
8e201c426ba1132b1d1ec5233dbd30f01916fbfc,0
6f2969899490c904f022e7fb210a302a9b76f6fd,0
87da39f9cc14b7a898c09ab1a0bbff822e4d1072,1
5a0b3842e4f8973e31e13f130f7b0a8483828c05,0
685b0bfe6127163cfce84784ae4e7e01b4d5f934,0
6c62213afb8ae3f101d18d7a1ab5d46adddcd68d,0
71488d10223c32949de97d21020e7766e1c2d6a3,0
8f1bdde3d76caa4e67f91727d9d1ab4f26873519,1
fe3315d3c00ed48711d1a5fae2e098b68555ef64,0
257ef4a6d4f66985e2caaced5a5802874bc60b8c,1
367f8710b058fc40f79392997a63ec467d329ca7,1
40e444a3e886acc1114f7b7ed24aa92aaa0121a9,1
f32272a4e505f98611de487709ecaf1e5377a339,0
8a93f7c4523002a3e43877ea053b417160383eec,0
473cba8ee35f432d207b0aff48c33d60ceae1ab5,1
92450f814100fb9a45f46a96b7a953360559b4cc,0
6bf2ec4c869b053b2fe2a8365f8b6f43609abab9,0
bf2681bc5b6aace2d61945aa2205f4710fa43a84,0
8b313fecf6264311f3ede29f5b6a227e99fe3bea,0
9ccb68523b8839e03924980c4b3f9ab1ceb5e0c3,1
fc74d8d13d8a5f518ef3f65fb1df3231561e05ca,0
1b8c22a7df14a4d660315791deb2b002a2ac0a23,0
335945a34d62b9c90139158a020533f91c5c4f35,0
1057e36acf5dac49b9c6166bf9079bdbd918d068,0
9bc0e82584952052f400efccc9640bc0e68d34fb,1
6941ba1b29e13db3209ec70e5f5d68545d25c4ca,1
30a04d30cec945131b69b3a3aa36ec5bd5b42def,1
b43554de6ac956256784b3313bdc50e7783fb93d,0
0b990513eace271d680e4ccc8d88485071f18a54,0
533ad6c8433401df2d412b1fdfcf5ca1a6a070d2,1
64f3f8e11bef42726d4306b433e6ae5b2b7a65d4,0
c34bf0a54c1095ef60479fc90d07b49b969dd5a4,0
0615ee2d58d5fc47720e53bd885a9e47ca03071f,0
f77526c9b18d283501b239251fb196763d051b7a,0
8d8d9ed8a299515e358f8779e843393c39ee6919,0
715e28309f18027ace98eacd272f2de9909ec676,1
5419c63de8318043ef8b3007872d4e2323b9ee3d,0
7e42e5fed7a0d31ba8b10b3bd749e53bba800f8f,0
99fdf11f8a96b57660fe688a590e12e52bbaef8f,0
429c850d430a4df052beb07ea3c3e2dc3ec6898b,0
c72a7267db6074353ca8b27c632f63c8c366e614,1
37e9c49744ba1dc578e55639514c9799cb8377dd,1
98b5e51dfa929957a4f64b43c1e098b46127140c,0
559db22fc253f3ec4690531fddbed457773d053d,0
1bec2d62d76e9ca47236be297ff452ff850dd3f8,0
792b248c3c191ea4a379df1af89b649b5244428a,1
7040e31845c68e22d6528a070936ddeb47add391,0
623af3b79dd06cdaf36c8ef28d7600e9fbe09fcb,1
b4f545f3f3243d2aac169342f057ae42db8f9c2a,0
60fcc4fb8d0bc353f7878e464a0d9537e86a17e9,1
e1f52a47979eac9299dbaf4de34ac00fe2b5d6f4,0
c4b3f3ad024da09b78e06e208623f01b79a2ed1e,0
4b084fad6e5e056ed0a37ec1abd011139ea9e3b1,1
d3248e36130c477afed9151132f3b65840b791c3,1
ac2fee884533d3c44acb7a1241b2fefef2da5fba,1
3ec38d1ba2780cf17cd98f988fc602d23ef73bf1,0
be74e690e04d42335fc1811e228beff9ef71f831,1
5acf38c49a77be82b78f0ef89289229a07ed94d0,0
869d20576b79a76beb7d274b8144a90186d1aa1b,1
27a00be12e89983e7ebafc698991c2f9cfbe3f42,0
2029f95ea2a4b09d82a57839fe6a2d80d31110f6,0
27a4c259220a0451b6e7a4c342f2b5db64bbbd59,0
165f6f675aa8b9bdf1ef3ad70287a6ea0b35543b,0
c0968cfcee0cbd37871ffd2f15a2b231df3681dd,0
2e53e15a14285a526363870d4fe962b71670313d,0
eda112cfac4da0ac058cbd1dbbe07a170e0a0b26,1
fd398f99d8f72f3eacfbbd889a9dcf0c559dece1,0
d7b20360c531ec75b4ce9f4afec798db1643724d,1
a49995ec8f092ebc2fdd0c7d8a89ec5d6995c28d,1
7465a2eedb75a7d2f77a5fad0bfe749bac6f480a,0
94d7692231e2f644a74a36fc8ed74b41d3fd00e6,0
e288d25eda90a0250f02b6936880df99734b22be,0
1c03fba7d3836b74a8ce153726868f367c17a5b6,0
7b2c75144d728e24cbe544f0c1fd5b461369b45e,0
3441c43924c2321c48a0a1302d2cb1fd9cd0fae0,1
7defd9bed665744933da9ec2a3edb3a2ca630792,0
76c1efb61c1934c99bb3743d34c17384598a9f29,0
3da5b8508b37846a2388842bb44f96eb8c2393f6,0
594977c2f2fc8393e9042c5c6c1f906deaaacae5,0
a1e36e8823215b10288fa4243e52de917c8ae9bd,0
e614a8f8032ca23ee142739a2f9134f597c8f791,0
83401f530a2418370f8f585aff08ebc5ed4e80a8,0
cf4a4761aadc38408f4a246a7851e3ffb70942f2,0
dea6e42a7ca70f5d5c0b0212f032caa3e289bb77,1
dac6d48cb0dfe0c94671ea58f155e16a47be4162,0
99005c4da01fc6bf920a67f5d3a6db6c22f850dd,0
2092e39906039e554c6c1aa356f1a756628e9029,0
1544a5daa0ab0cb9887d3fa32f29f4addcb2ca8a,0
6526be25d18fdf6009ab75bc51e30489b24bfe36,0
1557ede9977e6bbd0b91502046539494b7ab1247,1
7f40c668194e6d5a6ead3acfe60311cedfa374d7,1
ce07bf068f682c58d096ae2b0accd01d3a8c98b3,1
28e0d76b3ac99985c05abcb4a1bad71624114735,0
f06da1d194182d2704a1c259840de4d997685b75,0
29e063ff3f765ce97088a4cf71162855d1f24e3e,1
92c225051180f931479da11fc42df740ec040028,0
5db7fd697622ee56a4da46034db63eb1f8d0431f,0
0deed47b72830031ecc3a87ebdf0e98657103568,1
c676de25d3a49f143b99a6998dad22515415238b,1
2f1df4d36ce7a5dfba60795d37891a613909b91b,0
69d1866233e9ebbd3397623e9a81e89b37911fd6,0
8cb3e9821b4b413de07cca62cf601f0191a498e4,0
8a083ab8af46eb4f4bb9e0796b1d62e35b1441eb,1
96e2ca244e0e71af5dc4523279c460fd80867ecc,1
7b2af5cff145d15c0ed0e80860592a05845243fa,0
0f57fa8e8c9a2f3803987886c21d0624dbb6a09e,0
8dbaeed44c26d3fc856a4e4d73fc020e06cbf34a,1
4a1340c1d9898f8f9f66e69f005b2918e4273c08,0
287d11999f48b1ca67b17aa92fbbc7fa68993c62,0
a18bc1ca436c895cd7e2a914838afba0dba0c706,0
e7ea37d1a7f1d3ac944226198ec4003cdc446e29,1
b943acfc64147d49bbb97b4c1903dd4707a96774,1
8755bd9684f747aeef3c4571a162172c75d18070,0
3525c9cc59d62c67f80279992d0a6f1d31c27c24,0
5f31d8200674e2f782b671f1e2deca4ed6f7d481,1
39f52a2f79d2558efad83964344546b1bd7fa9cf,0
396286ea1e062bb2db714b87b6f719e7d250e048,1
f05bc240acf3150660b53818fa87ce7e18005356,0
7b415049592cfce8f77c376688e1b4a0b68f2b32,0
19d811d68ecec7dffc1375b24d1c0da6e04ece82,1
5dc2c46e26e0e843a4e3cefc2da90ddb8a6ca6ea,0
2e1a8cb3f2b5e891c2d6157489262c2ea25db333,0
7621d6e135ab313b432d50c3332210a6ea577fed,1
96c2adf196f8b3c7eac134d94e007ab3b9b40e53,1
0672fd080f106f90e4be9f61041f6825170edc75,1
b1328e6ce50be303750fa6e2c0489422de4c5c1b,0
74d94493870f192cce2ef7b8b7c1ad00b1ef43fd,0
999d7f34ccf59d8c2e0eba61da0a2f78c916a0b0,0
a322e63163c669a657473d765daa7fca759d450e,1
456adc335431376fa4c81ac8639668a946fa00a4,1
4b2811d1c4060e04e231d3288b26105ac03490cf,1
03f4174238120050ae33705b5079458540dd13cd,0
f8acd98e116824549d77c736a8cf99657b3f7406,1
9be6a962ed47c681a14f9d613d30e15e75018c66,1
69ebc9f4acf543b4dc2008974aa617ca7f4fb07a,0
333541bc3c4935741a6ebd8bfe98909ed03f299b,1
3b50d3cef8aec1f3b0ec8387802659f64b5d80b3,0
3a5194a37a91ba9f1d65913d2ca33e0e215eecaa,1
79908ade0a7bca01ff15715cb8f3b7630237bdf3,0
9804521d1dc97397738236069f26fdcf1e2455b0,1
5c8de4eb74ddcdfb1a4bba50ce6cbdb0c1b7af45,1
f18bec87112fddb4e5480ee59b858a824644ca26,0
7c3480003d60e87d922f95977a783100f41fb826,1
6318d9964cde84e1489f7fd68dcf74f87ca276d1,1
e4766479533905145ff9f25a1d541398e1c87a6b,0
54f2a8e85b06925f943f193b7261e036ee1abdd3,1
a3155911c27ec3c4268aee6369dfa15c4acc4708,0
03fe3cdb91fda84d1456bed1db865822589081c7,0
aea2f2fa32751f36a80be062aabdacf335627fee,0
e7eba5076aaab22b3503be225eeea901053b09b0,0
105c1ac930befb218f3b2f27c4e59c7bd5ad293a,0
62543d554df8668f4fba169a9cd1272837cb30c7,1
63a4d98529c64cff9ceb01880b26a0739e32c220,0
0b58a2fb6bb3e866d8bdd1fd05fd81472605c754,1
513ef0ae75350a33395f251bc04e088e01086954,1
dd7f7aca14919ee039612fc3ee29a694918835e6,0
21fb588f46f41a191d2573175e925a6cee3c8a44,0
927cbd80c0adc807d03951c91c22df7cfb22d54e,1
36e0dc40a12b546ae1e04d9fcdf3b3627e92b5ba,0
28f121b39babef2fcc10c130befd2f253f780f5d,1
1088244314d5fb7a5d197ad5d15cf5a85a821f3e,1
22d14c1895eac7e8cf37bc6291cd7928751c371c,0
b6d03843b25ea61b3fbff5d90ace7e4ceb475c46,1
4bdb893378881dd9bdb517084a6f3c2ff14a467d,0
1c4942acca1441065ccb714de38a05eb71db81dd,0
52f05aba785cce6845a03ee4852812b872ffdcb5,0
8b6040783b5e6b1741d156cc7a3b616e5f854d8d,0
f236265e32b5ef6b449bd60e7fc3919c8013ebe2,0
f68637922c8be4088ea704597ad9996276b69b3e,0
0720c33003c9877ecec01cccc8b5f208684c3d50,0
aaa866d0d6b1f41e955ba6334386846029788afe,1
007d3e3702b22b1593eafa42856f867b9c92eb37,0
04c90229bb4adcdfbb254384f1a7e3cdd59558b6,1
43c1bd31e8ef5dbb6bd0be62c4caf1f92ea029da,1
224b2834733f6fdfbf12c6455b351d90fc0553f7,0
491b06c0a61baacfdeeb8cf12a7687ccaf41c43f,0
36d6f4b3b3a7e9926607c11bd047f49fe4bae749,0
e28dab2be37061764d6071a81e58b592b092b005,0
ea34dd7a1e2da42fd60c008085e411699fefd9a5,0
afe7736f6241cdadb1b634530bb513b17d47ed8c,1
03b59c24694a912b7f0fb528031e13356db2025b,1
949b9ffcb0c999130a85c96ad72d9f5f759a35f7,0
129cc2869b859fb3141009973a41a97bf4e3375f,1
deffdc372cfb8480e9011f6b0ab37ac89700680e,1
957094fb79d1279546f6e9bbbaee98cec841a200,0
21cc633fdeb3da6ac5ce452778d20dea690a6b48,0
74e8d90a8c3b879b5aa27c4544cab7c23f3231c9,0
93534d81244fa42adaa167ea316e4937533f65de,0
0a0b14cfaf83383a5b3ccab6f4c52de246d8bf0b,1
b37dddd8673559b48ffb9d9847e4c7c80783857b,1
3ce63a9f1dc00779bf2804727b7e6897dd67a14f,0
b53b689032683c35f10fac00f7fd69fe8358746b,1
341361b38b9211bd8c82861875b9e8a14ca47376,0
c3c28e3daeb3ee747370ff6c7a859744f8e85859,1
460a6e5b8bdd07e0e6ad13256e2dd0ebd59c4f22,1
d4b4a8f7bf33bc2020f844d683b529e7fbf6b4bb,0
be72e12a5dc0b35b4ef668db91d960b3ed641e9f,0
ea5ad586aa575111d47951b655f1ed82fae67c23,0
3e9e81696aa968a258c9759127aaa5ecb84dfba9,1
1ad748d9aa088618c0d52c1628461184dd446f7f,0
c18b0e1e5e412ba5b62be72680a06c925437cd3b,0
ab33c74b1e778bff83f01d60aafc0806533b7c7a,1
2daa7e098e489c90d7ea92d17b8ae4720ad24acf,1
c9aca369b712627b472578fe01c41301a63b8ccc,0
9f3a1ecf83930ce42e6b43ade7f28f4c7e656943,0
c3992caf1d286caff85f2b1519c24f06c72a556d,1
e41abcddc68ea014aac8126b2171f9a58c2aa90a,1
b15a189be9ab03367cb23254d5c5dd204a381ede,0
8f0c4405c79cb44837ccfd88fc3cef15ec37a010,0
c26f01fb1c9a7c8f27814a6b2fb1ffbaf35abea2,0
3fa63e40d4627790aa0ac7391ae341dcacbbb951,0
19045cb424a84f3f4c94c5607e59c5fad0bdddea,1
3ae25b6189301638ff5305d1b0bbb98c2fdcd719,1
67ea7c77421096fed1e1bd147613015d3b2d3c13,1
df02176925218c2f0311011ac9cdcc8637d75fda,0
fc4c3af2c56b4406d1b6eb58be602274b40391ba,0
c4d88de091541b05ceab5a591707a3b5fc3bf534,1
90e985280f6ae5e4be3f6b7b4cf16417e78a4220,1
b7db6423cb0d332178f39db3c6e9a1e08f43a17e,1
9c62f649f47d6eac316c6376b9ce47e6037f32f5,1
abc443ff770e25ee31649aad3dc5466b9e8da05b,1
36e71afa22ddd780505793036acbf073146b49d0,0
ff9345bae1512e398400fd8c81f7a69cd6c9d135,1
3c6542af60e6dc9fe170d6ccdf4a0ddeaac3b3e9,0
fb1a16e4ccad80b8cd58ed26fe108001cdff9bd6,1
6fbdc9aaa7108d788087cd71c0cba31b75284a89,0
6abe8f4e940caf975954877adf4aa11438d28f57,1
dff90a587e35e39fe276f4f5735bc00df32f54e2,0
9547b0caa64373a6494995cfc7eff5e2ffe613ec,1
8c3f191d5bc8ec86ad020dd077a4fab53b50693e,1
a4eaf112dd9e2d5bb5a4c3efbeced6b99534736a,0
21a690adc64a59343cd2b7c63ae9e86fd0ffb4a3,0
2c106dd4ead8780fe11b0f11cffb030c6b1a0b38,0
541dca188deba5264d8cb248f75edef70cdb4fcb,0
4c0753a53eab80555a822e128ffb6df328f72d66,0
b8dba646f144e9c975f5cc7de3e93b941f346b62,0
75f96422de3ec2af64827c34d8c9a13e38bb597e,1
3cdd77231754fd4628e801d981653c57fb437c21,1
ca7f9fb3e3c1732836c62a75504fb8803d74d135,1
fc34848eb30707ab283ac0b95d80438a23d1b4e4,0
43b14025a5920c6cf64c66c39e6c2662e35ab9d4,1
13dcac086ec33626017b6fd8a8f9e6bd09865baf,0
d4161435036785aa029a54c3b5855de614862445,0
ced7246684ec14419f29a46f3bc6aec9a79d99d2,0
ae1beff727b57c9db2aaca90172eb1b869091c78,0
4e9a77e4e7903416e6a461a7881ba98c60c9578c,1
8fbc765987448f1f8a3d47d7f7d793b50ec9404d,0
8a92b6e5556e3db9f033d7d9c77ddc8310884991,1
858f6564be614446ee78ee6e53df659b9278bad5,1
bd5708f488770404ef82615704ff070011f28a92,1
9c45ea86bb37bbd5bdc460571069706c625b8d70,0
7bbdeabc0539c560e07e2272fb92185e17986587,1
084754f692073f308b2a317e333607b3182ba58e,1
b4c112216008491b43a090de189bf6ded4ad0bba,1
421a30912d4ed275180f2fec8c1043cfe733d31a,1
ea355ae4e45a6b1e21a5390edd4a48ce79512cb6,1
3439cce20734adbe72f3aac58aa1f731e52986e4,1
f51f08a1fd745210d8719a36ce53ed3b3e2691e0,1
ee78317bba4041fdc05217771f9a488e1a544880,0
0809aa66f5a532d0a246f306492522475c6a8e23,0
778435a3a01707fe1dc053f784c5a6dcde0af5af,0
4154ccff856b5af5870aa6e945d604cb2fb8ace4,0
5be840a7f74a50d7fe2bf3898cc9c82c3737e1b7,1
ebc90b8f603a2cd2fb14ffeb95702cc3e8e75f58,1
fcacf6126e0917cd4f606df15f944f1d13502b91,1
d8b1a452bdb1cd007f2e9d9d5be2db31d05f23b3,0
d74454646d05b5c59dc7547d458436dfa388c1aa,0
813df07aae44a42ae4a9a22039e36b6befd91c9e,0
c8501226e81e521403bc742be8b374733b166ca5,0
3104a7c8a330c415ebfd401aecd05f41c4f3c438,0
7bbd45c3ec5049199e18a729de230a9cc461386a,1
d10c1d32072786294e994b0843a1bbfd9f264281,0
17c05ab02e24a7b1f16e261f61c4ebd60befb3d3,0
f22de4bfaaa0ccecb229da6b500ac05877ad5dd4,0
55102a32c1f80c4d9b1844f4eca84174cdefe39e,0
13d49d73418974a7f95a41c73aedce8a4057931c,0
be37e32a8da885ae985d3a839bbad1693739cf46,1
06881249a65c4d9c0ff189fc875e4821cb800afa,0
bfdb6621e6494244fb85878df1cedda003e294f0,1
91559cc1c99041933514c475c6eefce3d8731d53,1
332652dea3e5f500bb0fc70ffc1f73362b45e229,1
4bc51a6634f3a51cb7c11d2a5517d7b4fa6cccb6,1
c16a5e8ea51e80ad9eb1e3cec6a46ac967513d8a,1
edc53fb910de6cade3ea0a1330ca941bffa7ebe9,0
0d7be3b2cf1a7b345fe4b7a50b63f01fc03975c8,1
20be12841f4b1ced6a5a91510f3d7f593f1adfa8,1
17cfa3461b1c34ab5072d0409d0c9bc8fa9f9bb1,1
0d490de07c54bcdbdad6961270c4acf22a89578c,1
92c30814a91eed6452de1d13db8e26a6b4120e9e,0
0519ee87a770664d9e4adae21d21cf62ebf6a444,0
86fc29dc965be33e1f45b0803e6ea7dea485eee9,0
d10f7f4bb3b2c783c7421b5dfd64aa2ccf4208a9,0
6e9f2b17d2abee288fbe9152c21a3f9efa32aef0,1
611120275cbde0749ee29f7b04b0457fc3c4fcbc,1
530e458fb76c463a926dac4b67fdcc88c641307e,0
340c5f0af9d7fd86b665f03aae56ee76053a4c41,1
c9feea13e4750cbbc798d89ecd26b20ab74a5b24,0
036db10ba33213f6da2a88f46606b78b2f4e4148,0
3630409f350070081242d9d452776757bdd01389,0
9f14cf8d87353d99b88cede6592fba3f7c81a11c,1
709b314cde0f298c807c1b8013d9f7a0f3197622,0
b6b248608d6791e60a8e57a2bd7d60204af484b7,1
a1ddcc456c2a9b66f0765fdb34328bee9140b202,0
d934c4d0f574b1b8f4701c7008b710a9a47f605f,1
4eb9212972062d863a5c0e71dff202a7d59ed62c,0
4ca59779e7b9e7a8dd6c5ee08f8a7ea081710560,0
ff648b6cda5c6d2979c7494d036274cd8d8cd366,0
9f2689243be2e10d39af83e7ca14f47ff699fc6e,0
c9718d0e40ff95c65e7ca1a69387931502002e5d,1
5535332edc98db13602bf3d12e0b89429ebe1c54,1
c284d5a192ebe724100310e32c43c8a8105cb464,0
ebc5684efde6b30b45b15d0b37c0f48071e5a0c6,1
1c77aedc23f1c7f7d75079df1a3b86817330c205,1
da665c0d95146ace028b2b5a5e52cab132853935,0
ba9cd0f5449bb77042c2a4028a633f075376f96b,0
645063548a80c756d460b4516fc9df8c8e3f67d9,0
f3d1e3c0700d8e0f91882dae933936fd877161f7,1
0124ad25ace9cffa8d760764af6af6ec4f450e21,0
51ace983265d796fa76b5b113a9ee797fd250b4d,1
7eb41b7cddeaaf01e3b8eacd70a2827ce69f9945,0
db5765e6bebbb34d41680649dea934e9b2cd242a,0
655ef653bc0b48bb5397ecf95062120248b15455,1
ddfce4943f05b3353be4c0a893b83deae78e068d,0
1ebd856d1f7097598a57b9fef6e466be1bdafd81,1
9e9541ec69fd53b6a7cf20c67e43547af43b1a9d,0
1907fd5d4b8c1f4dc76b6dbb200dd02b04537bef,0
0960f86b172c79524f23bcb15a4acbace7246181,0
4e1cd68bc0dd08246149d1189a6612e5d1f04e42,0
8f6ef49683dece62d35de2522b210abee9154d19,0
0eaab38ac25904dc0d1b3d16fddcb4ce8707a758,0
de09f923b00e9bd1fddc36d1aed858852b784e0d,0
c491e7f4f5b0c4fcebcc19dff336f1170cf2aa1c,1
046411c42b540cbd203931b33e0af0f8353d6864,1
76fb648c5cd28ac54805c532654f5db9f668aed8,1
4658bffcb6969cd17fb29c11cb4b3dc763657680,0
ad8bc0e6d9c71bb38324132794b2536789fde78e,0
48b7814cf6df78242c47316bc716ade8f8a0f692,0
36cc05ca3537737a51a67feb76ba801694152946,1
fa44d78ebc35d1b4f0ffc64bb36d7eefaab3d032,0
70a7e6a6a81eb1461a2fcba4b5952c2da2b7a99d,1
ee342121c5c26312e344e4bc38550ed8068ad6e0,0
cec1f64b00a23664fcbfea4cf5a1950529278cda,0
2429ea3deba637a75efce893b20c163e653cbe6d,0
06e3ca2d370c00a8c557b7408c88159c77bd951f,0
9fb7c3164072ee995846ea8e5ae19cb99cd204a7,0
d73e9fcf941b4671421d33dc49e49765eab0e282,0
6a5cf652bef07d11a06c3afd0d844d89b01a5f83,1
a17d133bb2ede9ef195bd3f17cdb988286aa2170,0
70598bf5676008a8964e88685d8960800b989b94,0
1da41c0b711e178acd3e8843ac3d12fb33828350,0
1df7f75362da96b40c50db6feb9e5294b92b0932,0
68890c535b09eb92d9ad27813185a60307ea6e96,0
3171e5c1e7bdb07eccd5e395219a1aea75580161,1
b2528188aa4bd7310c6e542f66e2ae2bdb47e091,0
71a2dba44e31bc8d0f4a1967b9061ee52eb82cb2,0
cb320f7403f3676b403084da986777911a12cc0a,0
969a6804c161c259005a99cafb4192cfa888d92f,0
f2328ed4c07c599622d5e110359a391b8ffd557f,1
f54ad7f89efb2e90e6374f5358da9520b874947d,0
95df194b8bb9b40de9126bd26e0a5a7290bb61eb,0
54a201398966d33ad632bf5c495d6e951a4d742f,1
37b4ba113594d163c0c51ace74b9c02e9a1fa3ec,1
45ed5c01f774751ca079dff26cd222230cb1b5cf,0
6f8c285fd62f7404c836ae6abcb41de914ec5f70,0
66a915ccb5938503bdbbb5a8d9076b384fb5d251,0
aa46c524392ceb3b62c74327e6eb3b4c8ceba3c7,0
9bbaba8bcd87b02b63c3c20e46283924b005ead9,1
8d77ea4efc1f97700e6eb3cfb1c2f02ed7a174c6,1
32a08d40389c8e22210166b68f85955d15bd7169,0
3766fc5ad2c7f45201de061242b52779cae2f2da,0
57e5d1aa0802bb8c26c92a05c523ee5a37bf2824,0
af6d9f164f338b3b2cccaa875b7fcabc3e0e9818,1
7f942e98b6709613dadb377a6b87aa76f91b6e7d,1
95c52f129bf53b3c029778a60741b3b6801af6e4,1
7b7011dde6e9c4859f4568ee826ca857f46be467,0
de8be58655c199c3edebde6dd4ea9220f327db75,1
a73594a4b20a499fd04129021ddebddff91cd901,0
2c36de79a9d024c5f24dcbba4ee0f52ff44f64b3,0
fb7e0d9b4484de5d2986b43c73a3d47f1f353566,0
aa7cc64c4f784b98299b16af08f5df093616bf27,0
2298039999ea4b56eb70f686c119974ef94bc95b,1
1a2f50cb2676637c572ac0d66c47651f7f66a9bd,0
487ccad39653b8cafe826f7e36294cb7c0c054b1,0
b9fbf5945b45fd1da455b486a1422e7527bee04a,0
02687ec175ca69a7df32c02b8ed13b0f56bf9dfe,0
9697e648ba705d2a9666aa35db8f1e3f17f91f3f,0
d10b146e18ccca360c1aba293275ab74fe895c93,0
cec79200d7863cf47ffbf32aa42da2448a08f4a8,0
4b88bc49c15c64e2de02fbb85ef3a625c4ac8765,1
fa08d185aa2886392b05b8777ec913e5927bbb63,0
a1dc756f64ccdc6dd02e64f98f76c54f71162d4b,0
dbee289a008bba9fad1d4a316493fee7a1e7c880,0
a3ff1ee25bd280778b33d2af50321f8e80069d23,1
d7e506ef8ed8449a9a9c2ce06f5eb43dc3e7edf8,0
b02bc40b7ce02d0a18af56f4f54e00223ef681dc,0
ae4e06600705eacaacd3ddfd2c9aea02a47aefcd,0
389ea88c76ff867e27f937696ea34dacd73b5401,0
74d78a6d46da0b19d54310f905783e654587f6e5,1
597f6553d0e258fde5f199df8f7d9f6282e426d7,1
775f3598fdd02c7c1589f18d8869036990082942,0
2d6bc87ba8313c825da5aa75f0395970201aeeab,0
5069664f183c2fdbd05df8f649d579d7016b40c8,1
a164d04789b150a9dfd9a3689d1173944029135a,0
075ed28c88e7500841c5c7663c981218628ed149,0
ea11630b2d18338e21b27fb3d434395e1339fa83,0
acf5ebf5a07d7089af1895d7edf9b39087918fea,0
2b91f90172cf148dd567d9b6caa682d318fe2b6a,0
c07fc446f6a77142c1f05fda2dd5d46f294927d7,1
a790423ef11361b58f6c52b7d5eaec024b7c630a,0
2c15f6008092297ef89e29bbbfcc44765abd882e,0
5cc930c282b706e1e8f72df8f3887ba3815ad455,0
4f551403227531dbc9ac498494a6ffe2cfc88f27,1
7c3665288a595610f86f4c5526bd49b4f11497e5,0
9445bdcd939b5ed33a4083a935b5df772432971c,0
55178c1244565d2cb1fd6efefe14cd253652d76b,1
c08ffff306e7d68d46000359767d6469e36dea59,1
d8af72c54400278d1a11627c484ed016a1057797,0
9340ca5e760a753988fa6f50e3ad0b1e633e9445,1
60aa1d0752b5855301f033ae6cd061a32e58fd4c,0
993d3b50e2f7718251be107b22d147f78765d516,0
0b3070cdc0d445c860b63b7ab0f5da5da8c35053,0
22ae5553ac7a63538a6e310959b3921a378ba09e,0
ab1cf8de16226ba6bbdd857266c69557b24d9402,1
4b47c895c4fc8de988c3fe5807a9d98b739cb9bd,0
799b3be413b43d3108beb77953389d438058225e,1
dc7995810d77783e329db6557ce80ffd80621e0f,0
c40e37a0189fa4db96eda3428a19b57c714bfc05,0
6d2d1970fb921c278d90dbc4bf04505a0ffaa59a,0
ce4f5d6bcb8682f706ffef67a408da029528f070,0
e887366de011fdb9ffddd7b5d0e3077825e412b2,0
fcc3dec6f090126953af189ba6753921a02d0990,1
43e7d538398821eb7869657d66d97f9cacf8c6a5,0
58e491f4b40ed75fcaba6b0630a507c22a8814e9,1
e648a45b617b209fdb42b06720ad3bae397de6ca,0
40a2554a07c4d59f1c45eba0bbe101a3a67bdcc4,0
abd1fe5068b1f86f60bc6531f0800eb4d80b8c9a,0
3a44e9291a1435df665b43d9510e7b9f0144f6e8,0
0f4975fe3657ee6c5f01a8bff7950a6bc8fdb628,0
8ae042650080b943eb5da91eaab1986ea61d02c6,0
d1b9647e25c95b0a879101d16e94de9193197438,0
69c423e40f42f488a817ec39f8bbe2d3075a2aba,1
c97200ea71f4943a06c8250e0f5b06be0af0f465,0
8f5eb39aa46a107ad4cb13aca3f9c10a49a1b684,1
a55fe3e9920ba949113dc129d11fa983a478a26a,1
a11c82f3bc899de8b69bf69bf0103fba6a3d691e,1
b5f981ff98513fb91bcfa34d7ddff830137e5cfb,1
3264047c67ea87caeb2186ba37ab00603f69b8e3,1
57335290f7b4552e5f36a1f94bd23cc1581ad2f1,1
f1501788472baf1f5d4a60286237da3bbaee1f14,1
4c71dedc3a7899f7233b7bbdb6b40535f685f66e,1
f146a43e765f7a22ec0e2eab8a8265443c9afeb3,1
37b1a1287610ae4e92d1ec4b53f3bb0d2a9528a0,1
8f77a02066d791c25454a5c19d24e471c4678c20,1
fc65ecbb813db74373ca045e83e1f1dc99476066,0
4f633bcf7f1cb4b0c6adbc813637dd04f06a0994,1
0ff5503e9737f57040a68c4a3dae00a9542b037f,1
6572959b5239e518b5a90b15188177be8de8a612,1
5bf91f7575a4c60ab8dbd7c6802ec58977e45abd,0
4149f26f94b925e9557b0fa74b6881f108aa539c,0
f6c5790d9fa77faad846578bede98ccba6e39b66,0
5cec4b2b960ca5156a0becb948740afcdcb47c68,1
6ce6f9ccbc8160daa828e41336c563b54cc59178,1
2c7a674eeacb2e76873ef297be0551d33e592f13,0
5033cc375862e46d1bd56319580c8fa074dee1b3,0
081e3fcc15aca3663511949b39a65d3200e124cf,0
8922bd8321be7cd335dc7a7792f4d7825723a46c,0
9262cd48a034407e314ab8cd8a08570214d12f4b,0
456a094e3f460b4a14c2a19758bf07c3c44dee77,0
44e2acadff842044954c5ff5bc5893ae8c8ab0eb,0
8302eabc7bc4901a9ba945c3f30d3adda2570b70,1
ceba1806c3ce625ccfa456632b7e8be0b3b2d84a,1
42f142840e78977182632202109e06a8d794fc3a,0
07112b1f60081508f5ac3ef4a7557a2a09937847,0
968607b9c5f94ab3b36c7ec4fa37f6512d0a0d2f,1
7fe55f624be83ab0e6dbab1a2d7d1ade2424c3f4,0
93b9f67629d8a953834ee9c7d51156003c7f87b9,1
3f3e957206650b926a00ec05772a1c6510f89f94,0
a84170e095e5c6f81e648decbd3f588b03b669c0,0
4ca0da456acaf415c6076f90e1e13c7f777c5bfd,0
50a45217716aef9a244cd446593f358e17c9c8a9,0
ba27ecd2d4645dcf3e3f0d6a04c23a42af1209b8,1
257fbcc0a50e2729abec5aef7ea42722c94f0251,0
35041694f498c8e4b9620f33d1eeb04c2cbe528a,0
92d67a604d5e7d71c9b0d01e883b99607f1c46b2,0
0ac46dd1c3e0bd43c2ecd66f3386b2e90f016435,0
aa139cebf08b63d745af14904e24731d2dceeda2,0
607a1f84180c537e36d9c066ac2f7df4fe80d23c,0
f6d8876a41cbe4d7c32e29509983d1054eebc772,0
fe74db761c73a478c4e1c1c7e97efc6b98fe31c1,1
9770d8be10fa92535f0f19f13a3cfb9909b34b4a,1
0cad010ce89ae51e0f382536e82b0b22d5c5c4b4,1
c8de9e8066bd95b5d3ce7f90364fcfdf571e69fa,1
7c12e16836562889cd20a4bb01a5f9f876bcb762,1
12f98e4bc4a79e0e07f826e294bd8011865b596d,0
e02e9818cf3e5c125e5fbc8417afd892c8dfeed0,1
9edc197ec3af1daa9540ead5562ce38fe5221d60,0
9d123df763b5f912a4bc9a33dbbbe0457deaa5e6,1
af5dd4d71add2f707026ed1e68b142f3e22f2677,0
e28052ee7602958fe67918ed163ff9e7894c76a3,1
4fbfa16c6e5240ec05317a766a713022a670bb0f,1
7510ff1b6d06b3bb9bd21f44390c8071f4e3fdc4,1
49f5da622f9133f3f4a47d6c188d0875aed9e354,0
827fe6c6973bafea530a6cef15dc2e1ec8392e93,1
db708754f61ed6e39e9b4e14aa0c6dab669ab959,1
fcad5944ac08932c1a6f8deebbd72153f6d432c9,1
aa959e46cf7f24967641ba57a1927449b21f5e0a,1
0cb8046cd31e101f146451a9dcd6920f9149a197,0
2c0e5353a8df94de7542137ee6b919a5d0fe02ac,0
86379431cbe911ebc55f155a40b60ba7fa351538,0
05c0b3a792892ab667261c53738dfa9b63fc8c2f,0
93e25a6291107faa452c562bf21ac5e3bf673e33,0
52cad22cd6926739aabb5b4bfcc1da1e7ed40e39,0
8ec363d30404c12b352396352c84fa0add4a8d43,0
8fe3197c5626ca3312bb7245679ddc36abfe3eef,0
7c223490bc5d82a058973a95f02ac3631ac7d1fa,0
628285d5a70c9d656afc5fe4f7ebcff9f4831193,0
90181ac222ecd0c98997234a2f739154addbb507,0
61b6d91e10638d798bfde28453cd2ed9a1ab0188,0
2afabf6d7d1a3461eec369a365c8b11b9d497087,0
a992a67bbc1ca0397c33b01398540258374b874b,0
d2369cf6d4c6aba1be3e01e3e1c5656cf520a006,0
be483b923e6ac1efd098ceca6b197812bd9da464,0
b92d5e054f91c2a3f513e20837d5a012279f06fc,0
f23b6410edc61b64cc183b87622f58052b8089bb,0
fbf05cfc64e26c3c695d4196f61b4825f0f796b9,1
c72d7c78f27892e63ce605503ad63ee4c0127812,0
345f35c51addf6fa9ff334eee74956ef331306d1,0
6812b9777c70c34420f00afb95c1be7e75e2cbb6,0
79490f5903cf605e355906f52db449cc0419332f,0
04765f1d417dcfc004ed7e89157446af416d7fdf,1
1883abdaf057faa80d477a99aeacf029b8bc8b30,0
a7598c02def119a0d3216b3773dfb0556500e3c4,0
7b54609df85d51828f83322aad5008167bab54cc,1
86df16092ee8c24cb65af518b509aee5492d37cc,1
de7c3085ac9b4cd3dcf057bf2ce3f56b6b53f337,1
30f22f1ba9dde709875878a4eacdf28a8a4dfbc6,1
f6692b29e618b32597d282fc2f2aca2d664de241,1
49d9fa86a6fc1b30bc7cedd65a226fececd17b11,0
3aba1278c34b6b9eff2989fe56602e44f3e1ff21,1
0f488205332a7b12a6b3cfb32b0405a8d3eb2906,0
374e746bb0743dade1fa9e7583e1999e9f6df064,0
69fd9cfaf16ec0273abccc1bedf0cef1d552e1b3,0
472cf4f5691b4988ca18ea3ce251609931591536,0
4e2452d2423f4f650e5bdac0b7352f6e09c5d03e,1
332b8ff8d82b35152b3acca9dd77ab4ff8223da0,0
9a451b11ca0026c359e90e3b8ef4a0db60e173b8,0
3b553f88ce9e1cf06f808300780dff1e15bb6e7d,0
febd99c162f9529bb7436175d6f459914068924b,1
121bedf741a324033e17bbceb14d56a1d1dbb32d,0
9ba0768cf5f073aa54a5e53c996b4ccffa9679e1,0
f93b13144b4e9989b7b3700264a01e5b9cb60b66,1
3f22cc8398ed70465088649ff852a5e998296e8e,0
7c564f83e33beee340bdbfa538b96769419a7a20,0
a47d25a4ff3241b79ed53c705bc9f86b3e14fe3d,1
034ec419eac8321e962048f8db637e95d448cd12,1
52cc5cbef29cf247626c829eaa274bdc30e3f54a,1
3b4a0501484111ac4f3ffb171b593a3e493bc065,0
cb3d67cf61f9c3a75b0cf74dbb26830f9d137093,0
f7e4fdd91dce2bf39fd47b6ddcd54c01ee9b390a,1
ebdaf3cb688b5fc90a94eb4cf1af36e325f07ae4,1
7617bc52cefc61053fe3ba88dec8f7de1c69ace6,0
ab21cb546c6b38a455b7f4c357e7a5e48e5f7edf,0
32dc4757e670a253f04fb41725051cfce40bc3f1,1
cddf8c5c663b450c68d86fdeb7d24cd1a309deb5,1
f9d36a36f4f2ec0e4fbc2b3f49ac7e00d591ad00,1
03d33d8323f4faf43c489115c15bbc54c619666b,0
fb639bca7b8aaf235e812c9b5ce96e9b10ea8f8d,0
901deeeeff22a4ec34c842c7bbac4d2205426cf8,1
aee5310dddabdeea8e3dd04c77f1db8b0b1f28b0,0
41be9cbfa9d08e476a8a18f69f713e13ed2d5479,1
844eb0adcc7781dbf3b2c9bb1dbe796626c93078,0
d72a2c144298cfd8740530878e2c8a254d38a860,1
5b1e83924116780c04ba5fadcb2673cb318d812d,1
a24ad64d19e1bb27e0dadbb9c68c925c8d7cc249,0
db484419cb32f3a63ea7b9b1a0b8e94c1df9e55d,1
49f3fe1be6fd692b6b8632d62b0bfa34f74e6308,1
5578341679a8b0d68c7ffde6351dddaa401ffc9b,0
481fee312dfa5cfd704f48adac430902aee427c4,0
8e2ad0efd541e3ce9110f535fd328e6a2cb20709,0
702882dd7686ce154ec29a063436d37e2a31366f,1
babbe098f8dc329846a09591f34c77559b8beb3d,1
ed1a9d333d2c4afd3faeba8e3e379da9ed9659a2,0
cb996e1b9858ae03c328448dc7cb920563d0b57d,1
18c63e1eff6719eac21b55a861d700ad56a00711,1
14603b3c262ac2444d4d294380c1233a77fe7af1,0
b2a9a5423c4f451b7198ae79649aa3871220b609,0
21b77034c45070651aaa7ec65fadffc04a7bc9ce,0
82a5501d1c874a57943c86ae733365da8a583da4,0
f26c68bf7bd4f73f1c21eb9d1c197bb2ebf08f2b,0
fceaa29c48dcffdf53c5c0f6360d59951b042251,1
8ab071ff5dac65b2587b20940490a3bde4d132d7,0
8d61930eab91d9772e54911ffda1a2b9142ad9b7,0
869725582cf892d11d2903dd177dcd4df4ccd94d,1
43c829d31814e587f8aa5dcc80ac537fa30c10b4,1
642cb02b2587fbbc25097d2114d7b9b93f421367,1
7230a4e5eab8ea1054a1a1f09aa8a049fe932328,0
a5e5273b8de63e919a89f784d96f89377840527b,0
d3f3a8aa3df03aa859dc0de7fdb7060c65d21c39,0
6b7155d174f184675739d7d5f46f21f4b4f61439,1
8191cf918f169980549b0551daf0b407393aceaf,1
e18f4e691a54a18ebb9e14a00c914155c855522c,1
60434941214ae34cee2e1c5c703d9c2ad2f04eaf,0
dcbca14341c6dd91ba484b1804393ed3187eb9a8,0
5462527ed38283fe22169ea8b0f4e6b728088b0e,1
19538d067175b5ae74cd271002336096040c5bea,0
81f6b79a484d2821fc5acb3fd679e5953845c269,1
2d82372ff5a9d14cc6ea2dad57894c84b0a73096,0
7e650946d4f898b655e152bc86edf1cd01f657c2,1
f246be2eebd08f43084e127cc3d8fa9169c423b0,0
9adb578a2346073ce54f553c7a50bc7ee7cf77d5,1
560c0963099f2ea8ee8f311e7d934bff972e48ab,0
df79bf3af4b8304694b67944e9e090dce92d8af2,1
b73b147176d2ccfbd3eee96c86e0ce1b7b0cc4b2,0
26712251ba8d58a006f6a8f630cc26f676916561,0
4ebf207d4db8d93feb0146a3cf7366349d3e9fb1,1
87341f198430c057649a4f792ed797edab9068b4,0
62a4ae05ab8a748621cbd466e194d473657ad992,0
693659db990dcfe3b3eb4f9271645af9e27ea174,1
2d1bbdb5aaf2219c8db6b5195cf6c4594eb0d8af,0
84fbbbcef182bf7bcce27d418580a0a66ea7bbd2,1
32487bf55bb0e2ed7945788e79c0347813aa400c,1
cee7a2c322b8c644462a1cb9619877868ca6e3f9,0
5248e3fb4a0b7f2288ab08a3da2e4916dd584a8a,1
c2307801a09fe3620c3f1e94bacf8ee3e7814dd2,1
6cf2dc519e6a877becaf3f3aa80e324ba129539f,1
9f3b7f5f436f9a24c3fe2e0204ffbbe192d0a0bc,1
6f35a6f718bbad7f196f8e449b5720fe47c963eb,0
8c2174786799881f53c8fd68153a37940c1f4c91,1
69c5c0e07f834c83ec4e8f6f90df321d0702fa4f,0
39dd7c6f92e66d07842fd8a517cb750d4c912126,1
9752389b61ba5e615ed04bee77e98f0ed27b3958,0
c3a859c1cebce436cc3a29a63b138e8ae8fd63fd,0
f96c2305fa880dd21ffa115df2addbe96f701316,1
831f19ee7349ff9373a8f8b921b39f3cee855c11,1
5b3f6003c5bf0d4b95fe503a2421c94189d6888e,1
4ab1ffccbe4bdd1a76a3731f131877cb4264e01d,1
f405dbaea6b68e5954a750ec0c2b144a2d478df8,1
486972dbc72b061e1e4a839b04b80f1fdae49890,1
02c0d12fcad22a45999be86e3119988377bcf298,1
326f500bb3e288c361bbe80b41c0e22397ba3ab5,1
be0b62cfc3ad7b247399e159a25929eb69ad98a1,1
6b825d40c24b28afdd97d48710797b206a5a1103,1
45b1116ed9b89100ecae74f5ef3d5b98b363bacd,1
10e245918f6e23756cdaa02380a687f0a1aa01ba,1
b79307f302f6a976e84510faa24bfa448b43e931,1
aed28e1dd2ad228450481d3d9456e5b48bf6cc75,1
d74c53cd0d72ef2526d877e2347d4ad9d8a080da,1
c28176cb140ca51d36abf84476c75925353639ed,1
e9f2bdc6a5cccaef012d43372d771dbc96099066,1
5fe503ec59eafb0e4c864933bd974ba4f2364fe0,0
404ad88cdc2e837b357fee85702c020403af375c,0
b8766d82a6e1b45653a34c8c5a4a0659f16dd6ba,0
b8dc22933bf624fddbf404b61731212fb61fcf91,1
8fdad7215b319b1111d97d567786b60680ecd733,0
c8e641739ab15ead01a8c130d920adf5011f97b8,0
e02e3543009140d78595dd6d35ca2864b7b8ef6e,1
c1cdfa611ce2cdd186426f73f41e43f344f2da06,1
bde0d09c4c62ddb699016e159a0e774cf907f067,1
d7f1ac38d086461d150f2d10174a8afef2215219,1
61cf43c0e7ccbc5c11e1c8ed7725241276a79481,1
26fbf885776844497e652b2e00065001bdc9367a,1
2dd5130b2c1955992fb5bab55f58cc7f9ac1f1db,1
1e22afa5b0084252003b658c5568fb178b12b1f6,1
5d8832a059b383b32ff07c3e9930ec9f10fae128,1
e2af015a2f9a11cca79daceca7efe61c1c0f0dc8,1
6b320e8afe59af6abf51e1eb7c974c7c7125089c,1
09e7a4b86e885aaf1e9528416b01c6e84e7f82b8,1
33f0ab0d4650450b148311b63f7769ad9125a07f,1
a62220afa5cf336641a2d41180c716a0efd76651,0
b17194ecadacd15070a774a86ef1030fff834745,1
86bd2c4931c3014b727c6700ebdb951c1adb486a,0
2769f6c83a05115183bbe5b92fcb55359f16187f,0
bccc0cbfa2ef33051372184a0e3e92aea59224a9,1
f3eef9b91d5eebbdf32d28fe2fcb31d2f0e890b9,0
fc2701212dcf8e74ec8d884d658e37bdf8e09d31,0
1f59eea6bc2e3e0c968b7247ac8782a0662d8ad7,1
6c21eb2aa179bddd80030066cc43c4a68af3d741,1
134caec9ec35f8b26e73586d8e9b066df5c3a315,0
38e0a5c241f1ffe1bf2b72fe09c88fcd27fcb007,0
baf631663d00f588693e2f4cf5ae2b630c9d7bce,1
cf75b03503630f9d49dafe220a7c95d7b62a21a1,0
80c60d68df58af5744b1a521cd68777e62d12312,0
a414bb10148ada181221ae5ded8c7bb13f94f003,0
bb443f34a4b563bde6bd4f160f293b896dccb33c,0
f1319b64472170f077b8c3455667509f6dba756f,0
fe753a3640822667e3d8071260e99d00222f8a0a,0
d7b8588498c2a293bbec90fe74ea0ef13bb2cc30,0
fea6e61ea1f65fca038b79086e881f760c09112c,0
9b81356c3987cec0789a43b7db9ba88dd9c604cd,0
59a50d1b9b3706aa6cdd60b4a348019dd30208e8,0
80ea89fd05deb7cf51ba37f8b6d3f4758bfb7c90,1
e25229d271c20c4858fb6362efb7c5571bfe793d,0
63cf00bf0e331ab087a6a3180df02d0c20b3dc56,0
302cc6fd284b76839d86531698f2b2c5d89be4a9,0
6d367b97f70e44bbb0cbd158a893197fbe52dfb7,1
11328e166e2e68213fa66cda80e11dd0c9117c0f,1
79b299a70cd71a24bca87f0b251c503e20850514,1
f62b8ed90016db2f48658405108b347134379400,1
d0d74a4e1a39a0a461efee5322c235a046187d33,0
96cd122c69baa8fdeb54fe3b8c0c75ec82739d67,0
54c23b2da3b97ba926d81500d28bf6f0b4ae62af,1
fedb45760005ba58b28548b4396c8109a1ca9213,0
742ffb2d8d4cd75932144adf192f8cec12d7fc9f,1
ea8731a37449bd7fbd5050372c85956160aea7e2,0
d5ca0eeb3c5966d89f4036500768f1e59ff6df76,1
94a2ba779b30344101d09f31e965dd42d324051b,0
d6a241858292c42d08fca1668483e3b7805974e0,1
96b336fb95553ac01346bd9b00bb84bcbd8bf3b4,1
67282865fa8825e91a40017038d2c8302c57940b,1
25e0dd13fdc98cdab72850e61a54c55b50647158,0
655353ba07ed0d98b4b0ff600fa4a58c7e6dd00a,0
236ad31fbd4c5214efb56df7b88cf2d1ebc6c5e5,1
00be90bccce64117da87082c2112503479320858,0
6c8d4b8fc7a654011de6dbe967ec2589394dafac,0
09451a1f93fb400c4422ba4885cb0fc0d4b2076d,0
9bf049746b8acd6fbd8683e2784956cecd9b64d4,0
46d1aa3509c4823989fe754e09a2ac38f8ee0fa7,0
fd18f108afcf50ca7a969c49dfbd628dc333c17e,0
fac6539a560330eb621f06b8620b1a07e047e744,1
312f353b21960fd9f7fa8bf6bb0e4ae9670b3356,1
a9131afbd5bec9f1ff59de32b91520c3b7ecfffe,0
fee42d41886bf903263ba6fbecf28483fb367a72,0
976b14463e4b4125eaaa56e9af6cda8e5e46da83,0
008dc5f8dace7f6df92dc9e6405d3aee54dd99e8,0
cfb9865f41626ae2ee3ec512af0b27611a627bfc,1
7733e2f193d39986c2d1314becae3b484ba04a06,0
f35291ee5cb5d65943d7b0852d96d47e07ee81b6,0
33ac6121a5f3925d761586e7c135561805fe465c,1
fa43060230d50ff802a9052b6220e4080d63085b,1
ae71f5d38604c78a2f31cde5ffeefac827ddecb3,0
3c49cc5368edfd89d02fc613da2e5ffbb9a58d8f,0
d3eae5cb3e28eefdbc3c1d343deacf30fd021630,0
5155b93eb014f362c97801bb377cb194a31bf7f0,1
f247986918494fe62fa901ce3411dfa9fd7beede,0
c55fe26ab94fb11b4d1d867b725aee3fa510e66c,0
21c62eb49ca6093ebb4b8525eee810a96fb29fd8,1
8ab9293c64f6dd519f2f8d0816b3d33053bff9bf,1
5ae848724e8b54d5b9965912d801341078cb56ff,1
ad88fe8d45dde84d083fafe8614e2a71f03a5759,0
f8d081df0d8aa5537316e95866e7018283074702,1
61445ae5596b642389f71365f44acf8a51b20255,0
520dc72714bd71f8c067f9d7f69f250b0bb226b9,1
410d5470281d1d8869ab9fa4ead91d5b1e08eadf,1
663401641bafb906697118419721bc93654bda2e,1
28a71ba3ba2f2798fb809246177e7eb5e626edb4,1
0d95977a69e1236ae244c26f733b2b5caa0a8b34,1
1311750c188268a976ea18964e4f81de6b8bb295,1
468110ea08d3a7e3769ab18fd8e8ab00dad6db65,0
5e06b23d56c2bbc6d5cd11ce09fd66186d197b8e,0
c095f1aac131a175e8dbca8e670b9179bebffec8,1
361f3483b59f1fd55d8233ddf546eb9bf50e15df,1
1391e31e550f4910df8e83dda1c22e6b69d99472,0
17ce3e46158984bd298ac682df5239c493d6d772,0
aefdbe058a39e43d01a9388eb61c8407ccb8edaf,0
a3e632a65f47f220d4951d18b9c991b05a23d7ca,0
363300f5873e262577bdaffe555461260470310f,0
8d390194970a534bb8a2ae44c2acb3dc8e665132,1
192f96d50584a6c7733682783acb9f34641ee524,1
9325e369ac9375bf4b54a8fc87376e75e7c812a7,0
cc2033e325f145f167b599e10d734317acbb5c1e,0
a1fdbead61b7ecf4b2db39bcf13e750114ce1847,0
ff7c2c630c1999f838b68d303c8b7f85e96f2e37,0
37f759c0a87423d53444f8454df7ab11e801befe,0
b94322904e5274b239889d41d0352f54cfceebb8,0
26630ea34c4686ed72715bf6876ec1d773f77d1f,1
4d219cfa3040a036deb1637a6c9b493e815ee7f8,1
224a627029a7dc3175ebdb4ab5b81b7f2fff5e07,1
95fbcee471db9a7e6fbea1097f19ba2953598304,0
f3645714a1ead4ec32adbfb9f890a871aa023ed3,0
d15d67b3e0932e9415ed01e0a4fd81eb3c73c7a2,0
84e9b7d19d9a5681da8dac716abe5f109daf48d1,0
97c3230e8332fe8ca9e0667b356eda0a128f2727,0
141176948fd644eace598e9a5ea705720212f7ba,0
205c1a3f340b686cf5e239c0256ac8a706c2c013,0
03ef31630037d07ad1e89c7fe7fb98e5716bf0db,0
6a2c9bff5d2130a06b077472a37c35d334725764,0
7696ab2d1413b17a9dba462f5d3c8154301d8c10,0
30a05494f33d78e5ffe3b0ddd9ef9f7754b2ee74,0
5e5a18bf2ffb670e429f737b40f98851b2c32ac9,1
fa381f7937a233c5a3d7abbc79bbdecfaa0b16a1,1
e01b230f256aeacf91873a67e031e3c58ac5ec32,1
3c53553bb2efc9d038dbe5b510823d9c67d51f62,1
d5ab2edce129e07d042be653d4122bb5d01a0e21,1
e238eff5de5d0ea30ab7568f6e703986fceea732,1
2f293634b9e9e7df8ff17441cd596a0a0f9e92ae,1
9e1b45941d63a6b63e58132031e58bbd4c7ba3ba,1
f592daad059a41f56305305943372c846eb8e2c9,0
d3a61e7648609d365ac04814829515741f025ced,1
eb9884cd916e3e1c9e011e6ae6a3c582264cb258,0
230fb16d83eecdb669b6d663995b5d3fcba5ee99,0
f9c4fd7f26771c1ecdd411144fa6d8f813dbfa35,0
d3bc97b77e11819a925e32ef625fe591cf204684,1
c7ec7fa5ef36629fa6ace1556c2abfd088236d8e,0
52133cc2ef7747e1e81586027a64b13001e54e8b,0
b7713ef8243dbdb3fbfc824695fcc98e65723c0a,0
2bd797f65d4c8dcb26578892cb28c9bde120e8c5,0
e4605e7a79b2a6634d37197af7b908db719ba001,0
32bb853f401e49aa1c0de4c34c66f26765a058d2,0
dd7f71e66df8f54e312e5a0823d4abee2757c88f,1
eaf794f2cbd7b327b7f26bfed792ad42929077a7,0
3da4cf1ead7ee8c86d70cd5cb50fda00c888ce98,0
afa55cbd80275e2e92c874021e593dff3b84ac80,0
4f2ff1d666b95dd47fe7332484f27edaf74f99bc,0
94c4dca82ffb5687398065f3523fc887a61dbabc,1
884b3a50e0080d2d54474bf044b5046f6af945b0,1
93951f7a9d7d11399f2e13544f8f7795e7ada509,1
13d014655aa4b6cc5160bc9609c69c6a4ba22b9f,0
4d9246c82acc85eb1714ec2ad7cb929d5ba3eae3,1
91e030ff08b6ce7012145591081571bbd19f40c6,1
5bf548140840d3a97aaf3eb9cff7572510f16132,0
6bb40f40862ab8fbeb2ba1de32e1e202072dc5bb,1
2af7a322ef47ba2573b2c2313d335c1d304b3e40,1
ef5aa20db3883b23e82575fba7a4553325d9935f,1
95ccabfc7c69813848c52fcb84fddd32b3eb7828,1
a87ee3a6f51ec8b55d7da11879bbb42f8944bf37,0
fa1659955372db115213206e83d98eeb70d78f66,1
8dc203d0337ea87a9958c2fd3ca710f5eab93607,1
8dddc7ac42a8af6e065acbf2823fc38c4f780dc7,1
449753321fbbc7da7694c2d1e41d9c3a2606ea7d,0
90646843f9a8969a819763f01a84b4309dbf4fcb,1
31bc597e4254cc9cd826e111c597382555c5d443,0
c6be081c1d73c786bfd7e346d73dac147f847e48,1
970864439933a1e3ab9785563ee1684dcd78b036,1
787edf0f3486b395333816eeae0194428b33ba91,1
e4a9a024e7d6b6c67557f721f3ad81d90cd4c675,0
ce5559b6d41adc73379d585b8dfa76c6c580d83a,1
cc0da9db95cdfc3aacb82df3cf347672a31228b8,0
7b2312f7965922c2b3774e18bcf2b2fde414d72e,1
cd6254ae22c56d648a92d7c149a56a84e6debbed,1
ca6c97a99afa8c3941dfece7b2c963f8f77bfe15,1
89417ef747638c484a20472cf5032a500e32694d,1
b5b971bf9f483f396922d66fcdb64ad9ade9069d,0
37bb856fff9c20af977ac0b92dfaf8526a1486e2,1
3b9b229b367da4470e51fab2fd1b7511eea33643,1
b688f162ace0bbde395edf5537589de1e3a2d4f5,0
1fe14f43e157aa772a63852c58204f35c855ed84,0
6c42be5cd0d239a1600c957c82f9d7088eeaf973,0
f05739cf891dc2458ade103ed4ba28807ddf2870,0
948a0adeb7168bee4a8117ca9a538d7e09b207e7,0
4cf4e68603c495574efcfe4bbe7ec78fba2606ae,0
d27ed7fcc3ad94a20427313c6f4703c1cb970111,0
ce972ca58f0048992962329eacff1dbdc6b70d2e,0
c9cc92c63ed12f1abbced294abdb0c6f0ec63a3f,0
f22d9bce8c560fcab3c564a8acfabd7b2f53672d,0
766b98572a9097ae353b1d45d51dc8d6e159ed09,0
b0a305ab056fe78fdfaff28ede3931f6c4b640e6,0
832be0e38fb09e845666ad2461dce6bb2bb6f49d,0
02bc99224205418ff0c43397662eded1cc5cc893,0
5dcc5d87476df4e4e8cce45e024918df8a974fa5,0
4733a995ff0b99a5b684a1879025182a85b38688,1
c5c64c02d3651b54b959e0107c434b057fd0908d,1
e71840e0bb7ddb9749fc1b59d4e71c4552ea8917,1
97f0e7ff261281228615eaf15f8eb22f7f29b2c1,0
328f30989e98db21269bcb41e9d7c6fbffca9ace,1
25c1cb6b4a03f167c9d010bc2bc6b4111a1603db,0
4b266ff8bcfb1dde9f65f0e8a41ca4d21bbfd659,0
6a5c4a72c6a74802025906c1d9a256d50cefc8cb,1
3d6c8c5fabeeb9e5c30ab4ec1339e242b2e4e145,0
51a5b466321a9d86679631fb02cbb31dac80ea32,1
e91adf11910d51153ed181d09097da838d6009e8,1
21500f60e71e45540b5f0b69e3185575b2378fe0,1
d2d3f62e25912ab4dce035bdac6f98eb64487b84,1
30a8d35e54aa57f8a3dfc31e394491b25b171a30,1
71a401b27b731b6437ae873fcb16aebc09af8bd5,1
40bdd8fe80d882b1b76c2d26d26bb69b032e86a3,1
f9f92677a92ef76f92c90521904c20b8512b05ff,1
a10c6b01425a9c21cf687294bac43a63de0a0d3c,1
d08fa6d71e51dda58f265635ce344d272f228552,1
66c451d618577c1a1e1bf964ff990574782c3bb5,1
530049b41c9f42e11144fbad4d1fec65ff0956e9,0
ea64efd6dc61cd9c9b1207d2da37fdbea14d6b50,0
74abd625bcaaffccddc3ca9faa1402b179c251e7,0
8c44a71208f640835d7a205a7b6e58dc065d8dcc,1
54345a5c9127da2e6150b2a67081ad1cb68dd3e6,0
e549ed5b85dad27cba3b1f5ea267b46739808656,0
5a75bf8e7abd6428e1e88bd9f794bf39519c605e,0
3f06f58f1602a11de8c8e976b95265bca2db7e1e,0
90e83728aca598a545159168581f433e1ec1b234,1
4a2e49fd8daa81cf2ce331c3a3795844e79814b0,1
2ecede5902f9a132a632b8431a35daf5174e1a80,0
a36442f0d08bb1a5b964b4c77d4c64eaf251c3e9,0
3761b5514470d3f06c9076b0821430d0c2cb2da7,1
3639ababd2923106d7b004bcc384d21a6da89558,0
ffe28c43e0486d443234701ab9d791e703c88071,1
284b6f5477838fce398036497e1acc206b1eaaeb,1
8ab1fd163341e13cc3b580db262d484d6f6b6575,0
d247416c2d34cfe0bf39f48524b87d959843d633,0
3360db7c9ae2bdd416f1d4e3e47db1b3c51d66d0,0
0d472357084d9a8d781c93239845175c20ba5439,0
b19cac11f4dd80899017e620ec119534e81f781e,0
6c322b7ac3111890cf7f970d59babcb72def4eea,0
1688a5a2444b3b636741d5675646b0b74820b4fb,1
a971c4055ceb3b459e493cba910e74612fcf29b6,0
9f673d4da60a889ad5fefb6fadba1c40bb3e735d,1
485615107d09a9e83dc88dd4f89e6358f2351ea8,1
963757362ab2ff0f1636008815549322fef1148c,0
2a069edb7e7c46ef3c1f56e8fb6cadb779ed2e42,1
3f66e516a7f5833be9c87911952465220acef149,0
bfb870a5c0e00822e5a5260a102d3311e8cadd89,0
c0bca891ef683d15b12a07d60a02ab9796de493a,0
1dd1fbab64d4469013936bd7aff612a3a1b55236,0
2974356e33107e2f6708540710cbe988530ff21c,0
9f70d9beb8e056503042f250a308b8bde1ea82e8,0
074d2757db9df3273954fa08de4664582d74e036,0
d2320e8c8e9a0367e292a83a58aa11aa41dc6bd9,0
34f64a799de4325934533fd2249fb10a294113da,0
2d218714b97d1f6534f07da9d8edf1d4a99f90db,0
866f4cbfd9b44df3e97c07d0d011271fe156576b,0
32080b32a4eed0719b79f4be332ff5a55468ab7f,1
2a491590568140349f776b2a63bcb4ce74d147ce,1
7ddab292179c84e1a370eace2dc5f1f1346974d1,0
2d79319a8d4a3ea256ba1bb6364c1330518134a9,1
1e8a31f417256b9f555b537a09c13f1135addbf6,0
06e7d46a49c5d31abca644fadc2e3ecf6f9001a9,0
c4161ee29051c6e44773fd1837d2080489727dbf,0
256420016e2321dfd266f9a2ebf672516cc936ac,1
2f826db45bfb347d88c3453110820594a75eb590,0
b8ed8bbd5eaaa6d3e463bde3accffdf3dcbb77b7,1
422c02c9e209bedd289034c5c83cd7be0ee08af1,0
b1f949bf50950e0af4eaafc4878d77e285f6c911,0
6f129ef861152c94e953c8151b2d09ce9482dc68,1
fff00791ed30f338ffc085f099be5517dc359261,1
a784206a3ada24c0151d6c5f5c25b095fc260dfa,1
30681261f39988bb5fa28ded714bf52c21a60731,1
73733206b943f8a03d18574eb7585285eeef05b9,0
77118d48241d1638105d3d179510ac1261cc7822,0
57c3d3102ca68a8b809199f342ea9751fef0656e,0
596afd4f5a73c7fc756d9bdc12c6613856ca27aa,1
b6b59b189c1274ae43e844863c7a2468c0e16b4d,1
004d5e672e9b2734a4c27f0e20504fc615da3476,0
807f3899187fc83a20c8d33ab635e857301ba134,0
538450d5b01093b71e2acd0307d7a67f4fceb9f2,0
13a119de0b5709d50214458482f249f5de2fd4b6,1
6aff6757955abc3fc11ed3f1ee10e6e1d8351e34,0
