commit_id,label_AGSZZ
e8bbb0aa15049bb5565078d5a438ba4cee6b1e5f,0
664b0d6b6aaca51d6846957b79b9b2db71161698,0
6ea0e286f397abaea7bf002a8c8ee29edf03bb79,0
7a520bb6b604f590d71704c0876e7461fdf8e423,0
bbcd151de478d58fa082dfd343dbb10ce150a99f,0
5ff375071e7a84875d3921629b19b29add7de789,0
9e8e0e708437541d6591fd902d442a7f89c1dfb6,0
144ce65e4ee3cc2aa5b2020dd664b20b1c7fdff6,0
64ee9ac2bbbacd431b98cd5af46db1c119159637,0
7f252039726d24b9e12f00e429424218d3da6ef6,0
af6f50b10165eec656eb84d65b70530e4b427d05,0
5dd45674449d1a395fd08990aa77e8c86eb0202b,0
20bb5a1df9a5925490f902697e8b39114ba43405,0
4818b9a58de47a18f0c9868c73e32f9f6209e23f,0
d850481b81a4a4a2b0df34081ed88a6739c57062,0
0cb7ba358ad3bd0b8a6b4059cc46d20f03a3d720,0
e3cf45e0b147712dfe83b408392f5075c6baa789,0
10565868055df56d3fb77a92070742a44f020245,0
8a809ec13d2e22d3e4ec501e27c6823f3cd1aa41,0
49df7c1342ac37d19b71a9e4f32b84d475fecc5e,0
b016de102785d9fb2c8425e477be2437b74ad0a4,0
6d30dc4dcc65f9d3866e33fad5f2b4deb88d19e7,0
76d325ed14291719911853ebe3bb3bfd15ed5ee8,0
8ce82ba93563722018b1a78c3e9066466850ccdd,0
b4097067bd70cc80e755a2fe5fdadd3b661293dd,0
0755be16f6e9915ede68c80a729d93838bbcc7ae,0
c4b319d76b6ad5be63529bbefdda23d02f8da9ac,0
c1bab7bc162ef41f48aa988f0d68182dbf240049,0
c16deaecf0ccbce2aeb2af5bd89c3c2f11acfa50,0
a280a5e4a8585c13ef84d84033c8a645efbeebe0,0
2263bbd154e726865023422d588d58806a793354,0
64b8ed052302b592d2499966459db14758371fb4,0
72bfcd80e55face1dc28a2ecf3dbf73fd74e737d,0
854c207d379364fe34137559cf359d5e60422292,0
7dc95b226b89cceb8856c43ed21b302ad87d75b6,0
6146c0cd860ec6280c4a4cd2ef95135959cd45cf,0
d238e78a8c2ece36fd30680428a4fde8417b326b,0
4c3b4e6e9889f2cdcf51c0c4fb96255e61a66a7b,0
6a82c317589e4465e04c13bcf1a9de27f1917964,0
54a96ecac9baabf27c7ff666e56b3133c2d4af14,0
3a3e48e32587b8170b2a24519943a9316a11cfef,0
cf9d9662be32f50a37f6e9d2e423c1af2189a071,0
244cce2648715b322439a32d907e02d93766624e,0
f14a1b3afdbd4c5c038be1b5874d529ee0aa8659,0
cce85db901abb0e136d83292806b0cd0a702807e,0
33da95ee8dd7f0ee6f80ba3602ae16a892186cd0,0
96d0a87e8a951d3f24e5575b666734cefb3b1cfa,0
5deab2506348198543bbd4f4bbd6d0e5ade78b4c,0
ab9217ad823f2e177147edafe11679f9d0d9ef0e,0
2ce615f1cdf01a1d47ef62314693935885260c99,0
87cf60c9b0bb365629b0cb56a7c792d2c4b536e0,0
9fa77b27ed4644adc0158bbeb504bbfd0f29c08f,0
c012c5766d24739244d3b25a1736ec5d77a95d8a,0
3f840bfd9a9e4a64b8412e75223f6ba40faea8f2,0
de65971d4a36165c933cf1038619f35be8c41871,0
3173bb17042c5b86d05f5732df1b91f467d3382c,0
ff7657ceecbc330f7f5292bc78cfbcad992a21e2,0
964cf681349cc51bb24c150a0ec5935bc008d43c,0
7082e6f1d6edde13b1324d53df4679a3efd83200,0
0755291747caea5903dde109cc19f4f6d79d9697,0
11fa962449660ac78777338dee9a3133d8e8a35c,0
5943d16f574cfcbe4201d95744cadbc3bf0bf884,0
8efbc8b94d729fa234b32ea4e2c510160bbe1a8a,0
0de3be1efbd3ee890421f28bacc12b764a2b8dc0,0
cce1eeecb1df31d3c781cd4499bf14da9a74edf0,0
8a917a586982e7fb687acdf608efcc2d770b6524,0
8a90b468072ac6f8d73584a09e39ec98b55350bf,0
2bf53273d105cd47c3224b45a0c1754b940e8575,0
c929e71ab039c09a53c123741d8ddc08d841a93c,0
37b337fde13a5d3e3772f742f666476a32bbe93f,0
ee1b6be7767326cd919e7c0eafcd0d717be43e8b,0
de24d49f0be2591d62d77755373e867f5d056d15,0
9df7210f7194b4b953f272b572a55888064579be,0
adf58a60bf188cadd937af589003aa91fab88e62,0
5ea6a512de40e552fe6bb562dc1ee1145f1cf539,0
4d1b0512872cff71d8892de45c3816d3fc520d37,0
5d56300b81a0e1eb0967b97c7152ce13a9aa782b,0
b189682b9cf1acc3bd3bae33116bea9b210c688d,0
6f1e607ee32d2d956a074b8aa806b8cd341409d8,0
31036eaf29b9ed04d41aa8875ca42326fad91a22,0
1feb5511d090a1625776fae04f4f70fac61e3200,0
b737eb1bc383d6804595b0ad139a1df17bfff7ba,0
2f1d30d42ec60d0aa5a507fe108a82423449b7d8,0
29369065bf5005810bf107e07be489ce95e00290,0
8fdbf6df7b7a1c9b1669a376bb6bfbd1b26ed889,0
d6b49d3cda0c0dfc5c9141bbf0ecb7e3e7436f3f,0
65ea806c495140981109dc233b1d2abdfa35e27e,0
3cd1fc9ba4089b0a6f23c80361635f40bd0f5254,0
e9b0607a9ee6b865de21a01b7dc770667abb239b,0
82d7300072752d7be02169399598410f276acd76,0
12a0c28efd16c4324a00ec865b312af1c2e90125,0
d82c14a8ec52971ff42b23dacd9a178af3d713f2,0
542bdcfd06d0eca9499cb4b6a857082806cf0102,0
414f411ef7bd542e96462bc930c759ccc9a578a1,0
eb818970599021314f1ae84050bff2133650ad37,0
d961fbb9931c6d79be86ddac0b64fd46a350a753,0
92c949a7d5cb15ae1d59ae10091da6a6015d0820,0
de2395f4885fb11639d0e591e69475504abd8b9a,0
e1c84c33deb00ed267145812214592403b8e513e,0
e4f1accb0ffe58f89e56475d19659a3849d408e8,0
4260cb2e93274a2fcc35421a5c755a4223599b0e,0
1aae52b0b0b80879385e8ffa966a33236ab7db71,0
353686562ba88a48a10e4bce8dd2589f5114e91d,0
e194c0cab6e3523145c095dca4c60108979d9df4,0
8c45359d768761faa632a622d3bbd56655b305a7,0
703bdcebdaab75dce078f761963f0414a8f7acf6,0
e3eeb1d85466816a289b422447b76ea4c2cae580,0
0145f64cfb066a5c107d2d2a1f2bbbe0146598e6,0
2ba47a1d2a9bf1af1e190278f2728ed85df0ede2,0
08158df07c8969ef2db4107743a5c577dff9ae8e,0
ec4d6e037ef853ae5edb32edd045009ced1ac8d6,0
2f72fc69a3df7e96c1a4bcf28ba58eccffdd0dbc,0
f16075305b0c91bbc2744ac430ab1040bc10221a,0
1b086474b0d49e7174fb0ef54c9956c66423229e,0
619ad88cfa1a318712eb468e392f11892489392d,0
1903057eeea2ea7f42cc55abd148a7c4ba48ddb8,0
d1fa505e54b36b968f160cb71908d0ce1d4c0c1f,0
8188b99f0efbcdc44ac6efaec0791921a7c2c9c6,0
c7bba263be557a2768e9f88f8135672da1e4054c,0
db8216d13ae5bde934574455a74c7edcc521d4db,0
87c63afa46ccaf217a4713c43349a5a3563461f5,0
5bd38b8541ee2787a93921e682fa5c074fd6823d,0
c4e21421e74bf0a0b0afec0bf3fed74832e7baa1,0
3a220b9d4ee032c6a6d7f87cf56513758ba4de55,0
7b55621723b3cfc61da8444f6e824a72ec59c73d,0
d7593c7deea7f4c3945556e78ba95b08f145a6b2,0
b574eca10f55623ace1080ae9f2cbadc80725440,0
4dd7b8743c36c81f1d97e9dbb864021094637da0,0
12869436f4716c4d9fd8f5cb2fdfee32684c18de,0
aab361bfa9307e0c6dc9a4766857c8384d37f4b6,0
f835c33f627fd75a8be5360569f1663cc6635a94,0
3f573420806b1280f5336497f449c6ad02ac0a0e,0
bc99e45d1e81728c95a88a29fdc863a7368b38b1,0
fb73f8fd9309a5b32f302a3a0a98c47c9bee1860,0
74e9d9ea9e51410c89faa19f9cf58cc31c0141fa,0
cdc2d9c448825c0e0de4df50184384dadc16e0ee,0
69b41bd0f7306ee254c5c5a0091f2c5918137a7d,0
1968c19dddde2cd99f48fc29df5ab5f23caa64fc,0
063087d9f745e22695a044c95013d872536b7402,0
54faf158eeb353e07f82d7094572b1e0011c3905,0
b3f380b6a252f0030a3cff25c30a83d6f1b814f8,0
2c261d0cff74317a1b7455b54e4051801a028dd7,0
4d12a59f848c2203c8f7033a30cde940948c8627,0
c2f572332bdcaef5f104c62dd8b4c78a782fa820,0
0e385889575c2ea7677ce306273a3980aa078a08,0
a99f24bf8abf13a05782d0f34ea482ee2833d189,0
bdea3845b85490b373251ad93063b9e2f23d0a58,0
27adbc7d382a7d9ca1f3429f09cff109ddb570a1,0
e0c8d98b475bee50dc319a8b7ea4998a3b1b4f05,0
ae7ec7bed40560b0684ac9b67727d1d5bdde0ca9,0
48a4268b4d36160ef2204e3d3b9688f895e2b105,0
d79b567e0a9d8b6c2a7ed15b8543be300cf1a827,0
816986acda0a4e0a230cd24f94c38b38f279579c,0
60456c3818af5c2d8bdb549cd865d266a199133b,0
09d9506552c997dad3e31e4c60aae758d6b84593,0
ba428bec138872e42199fa7ff57345a22c86bf70,0
07ec605b54e8c8151f11a1ad2287334a677100c5,0
2149a549205b82f52d6020f702ebc40847455ab5,0
7aa89c6fc2c9502ab1b66f7b615a032a820760d9,0
5174d56862260660be92ee9fe3dec6b2ed7fd213,0
bb6c18b2d72a99605b466b60640215c06162b91a,0
c8f7196f57b77ca39ab5431674ea46a35d7af830,0
c84a191af4497d28f21f35093216b0484fbaa348,0
00cd163cfb5a861e125eca93e70e9fbca6cc2d2a,0
94a84de02972f61e41ee9eb42f9eb7e435829f3a,0
eea70e09c42ec4f703a63317ece90e9622518861,0
163042b773609521187979d9fcfa64afaf353434,0
58967651525c93ec1b5ac09de0e577dd4fc1893b,0
2b72ce55a90fdbafe27398ebdb09023220e58f0b,0
ff54d2d51b4e830a38d4dcc2bb8f83a5ebddf766,0
a20006ab788d6709626ae6d791146b14eea792d1,0
f38c0e0f39805d34004bff61014169f40c003de2,0
b41dae0ac625ed081c46a8e0f1b25b174a3250b6,0
395e79b612ed44cdfc478de8a17678dacd7bd98c,0
16f5391f2e7c10bb1de871364e4edac47fcf9ca5,0
a7f64f7b50e8c615d5a3f61ab3867473bb9f3728,0
fe0b33c62177dff7c31248d08dcf7aa01b2bdb03,0
d220241750bbb55ebd698cdaae4afd5089b4fb77,0
e79d51c2a632b25aa356143ba505265434380738,0
8c23aec0ff6ab838abc92e5f00772d0c2849864f,0
15bf2c68dac445ef96577778e1073960f4223c28,0
45a27236235178e64bb8b58b1fb6670f7109e99f,0
7b1e415eaf8d6c40d59997c0019df1b436254f3d,0
6d58965d8ab7b4affd5220d3769b71ffebb889b4,0
220f2760a80a9b6dc693cb2975ae4822a3dd81bf,0
3dfdcbf17f96f4aadaa7ed73786128ef14e9db22,0
044461ec48c56123c08c416f2d9eb640100df14f,0
d6148424135efffebc78e74a314cb576794f0450,0
bcfd534647779ce9f52a362c79e5068cc93d91dd,0
7e049f0af07a7d2f37f362f180a60ce811060dbe,0
5af9bdf9e86e5a867ca667b63c8fe04ae3a4627b,0
7d0a622c1d8fe0817aa1b2f4083774870bf3c7f6,0
6a4d657a070cbab4c8d12b5b39e030801a0ca29e,0
338f5195f67ee4dd23492963bc15739fd4ae1e13,0
36917167ce2946dfb661e4d069d61341bc46a0dd,0
6a112e147e326c3d01ceee876e578aa502ca8537,0
31c28f83a66cd1b0c60eeb8c5a3b1df4b149fd8d,0
80105c8c34eafc95b5145baff4db9ff9ce26af66,0
7154f63ab8a617f7dfde461a54711ae0b47f6408,0
a8a201e10deacfb36efb53be86a2bb991683b01c,0
1211aa23c183f3a355679cd6fa34bc0d20de0c4a,0
a8dc834a7ac6acea29da7e00e219c5885f0fa51b,0
f4380a10a5975d33a61d070010fb0dd88ca9e16f,0
b663fb9e09e8e154c656dbea8fd083e52a099747,0
4edb5a9e1b7726ae94773aa3338789effdcc7bc6,0
bece4285fc289c7c99ac0a6df7af213d63812ad9,0
e9cb5efcb722dd95ce55519a57bf17f03450693e,0
83434e7bd9db3ca4325b04487cc9c8ea342f2907,0
41140a1ad9f5ee9d1babae26f345d6dd1dad2d61,0
a49dd7ffcef8a9480ebf7934acb52376cb9e20a8,0
bd730b62b082d4febe4e9c1f29d4ab8dc56fb962,0
d0d5ed7828e09be992b899b08e17aeaf1690f04a,0
3051cc7a2cb2155adc2e195df8eec73887e45719,0
d765640dcaac1db7f1a84284a2c7d692951b02ca,0
141eac9fce87b966767bc1b3b2407b75dacf430b,0
9d415e5de9f03ac2af97b237d37afdaf0c716cb0,0
605614d8ca14bda5d047d4fcb86c481c8e718490,0
d2b4f32d4f0376a09240a9b2b636ee7f59826ddb,0
670141d8b0fde87865996527525ba8275d0ccb8a,0
bc45190f1469c2ef69cb5c51551b12d6bc260a68,0
75e048019eb82ec1b8c40acf9ec2354fd7123e9c,0
dadcfeab342a0ddd2ae8006e9410f01d7ade0980,0
2a3f24c0efd8d9fca9b22ac4ae7332ecebc8380b,0
9a885ae52be85d5f518ddbaff3f16901b87059e0,0
18f81c0cb454c514d71a1872d25933e8d3f9c5c8,0
487cab6bd56323423c3460ef9a1100e23b419238,0
8643ec23e70d4eaeebcf2490fc7460959c108a92,0
c79446c4f2163cb0dd5cfb4089a8c030ad2024e8,0
8cef75651e5dd27f9d14f9d02de25b686466cfeb,0
8583ab5c9dcaf3f5c195208ecd7a83abd8d0bfd5,0
52bc0fd97d84977cfa5cd9a7ea88bb573517e0fd,0
82cd8e14dc5a1c63bd305981dd4d31b93727901c,0
3d305256af880a42c1916dad3d17db87d254974a,0
8370a80fda1589633fe2309d9dfc7c6eb1958278,0
25b6b82d3fdc41b3930c53de0e9ec03ba96b2897,0
a6e99d5a7b28e819df119cc50bbbf6fe37c1d9b2,0
50f29d1ef5c691cba5b9d34330eda1cd417326fb,0
04d3a213d7931ae1cf2814b387d9addffa5685ea,0
c05bb5aa49f36ba642868ffbf82434feccf09ffc,0
a64d693186bb236ed3d163e44f36d4caae473ca0,0
6d001231833d35cc595058cb33eb6478bf41e69e,0
06211ba06136f84d7befc89d2b58cddb9a95c797,0
a7b571ab8836f8ebe90964e4779bf2d7c09510c2,0
0a6c0c14e5c526979e41388db66ed48a89c91a3a,0
74b7b61669deee2dac8ccb77b6f4483c44968d54,0
58eaff732c1d67a6d3d035daf09bd2c9f47e0913,0
c10c3040d0e13c84873494b95fb7391109893049,0
f2642451051932ec15ca19b611204f40b8edafc2,0
e2c10b894b08da089968e00f5f8962f483d1e4ed,0
23ca9f813b8f66fcd498121a2d5dc4f49c046260,0
08f752b3b08f412bbef41fad817db66f8dec5f2b,0
7e0b846834d0531f5d2a71ce9cdb1a390010cd8a,0
3e795f8acb06287f95c6c9e066aaf7c6a6d025e4,0
48f6746a75853c8e62e567d2937da88df9006d67,0
ee7d57dc3dbb5e026b46366e75955f5d315415c6,0
ac8c46a182ec2989cc98cfbf769466d91bfccff2,0
90383f01bc11a010103c896c0f7d86c85150fe30,0
751b655ef301f42c07b7a4bd1174e8e018c826cc,0
1fd8a4f073e096ddce4d3aeedb8dbe4da781225e,0
a8927fb81a7ca97b8c5dcfe269b2cff95cbbf813,0
8a2a54bf02120fef9b5a65b509f1d1d60457414b,0
a445490010b9f8a5acbe6c537522ef4fb60d7a6e,0
01643b6200318262173065781fce7bc17a7d85c5,0
cc3d1d87588e331597fb1bafb225ad808eea0412,0
688dbf4d1f62ee471061391f604216f57a9aa728,0
0e44a50217076edfb70760a5464c81ab8f25cc43,0
798edf33241cafddd1a2b8c793815273b8e48633,0
76f57299dc620754c91c547bd4f180ef0522307d,0
d8a535f8b342f5213ca2c728cce1eaea43a6f652,0
2a27109d39643a9d5db3e9a81e7322a93702c9c8,0
d500294e00f4ceadd499261232335d7f4d85853d,0
e439928835e816bc2b38749f101967e3b8bd30fd,0
15f45bb93fc2f5bfbe4cca27a49152243b73ed85,0
1ae7936b00f162853df1c1db688747beaaca7b3f,0
88c01b5c4aeb6816567dcd2a92e5d2b12c7bcc36,0
0fc2e001a13b5d6feb3a9501430d355fe1d0427e,0
6799b2b0b5e7a85446676e0f66566b14d4133057,0
0972ed55217b157355e65c476feaba6b9c3bf08b,0
7dc5537d3b393817783782a44202940e12dd8b10,0
8ad795d98fe0bed542ad41045891de22224dcf6c,0
15371ec93ab6a7a11f6c5d152958a6eb3cf568dc,0
dec0bfae630e5fa9c4bd87ad971b9f0993e56d92,0
085867cebe5cc9b9537273c330c33a0dce32454b,0
32ff45ba087d43541629a1697aca66d76b076869,0
f6026bb39b944450215167d6a3a777d76f06fb34,0
db7fa00e3f34ec40a9991f6863b85aeb28f8d050,0
b5acc55d28c62c91f400f51ec1465f5eef9b900d,0
1fc3c6c86cfb08360b03e81cbe743002443a741c,0
278b43e8d655eeb7f5b053615158592873db382e,0
2b2eee7141746ea01a0e2ae13dc9beddb76862e0,0
712e86002eb71b6d21ad4ae01da52953a0d9885b,0
7f00eb7b642f445d3314f9cd08ee994d6cf70b09,0
6aa17747adbc5daa2214bd53f9ab087a255c1b28,0
e45ce8896351e0a11e14a3cce3a33e1f36441a98,0
7a1f9786efbc38ec0f1337b6b17d025344d9d5fb,0
14cb96d9cfe9a0ef22efb19b638f293e184264d9,0
615519596cb36f2bf75945747194ec7d15bd7f70,0
e82ac76bbdd05a1d642cbd552b0cc851080182b5,0
d59f60c486fb121d73e67008ffd92b4d5419fd04,0
092ef1b92f7c90dcd64a87b137ce98577c0c242e,0
02bbca5641c9d4fee15e4f7134222f88a1c6af20,0
eff1e3a7b2e5ad97d756692d0f3b1d42b57db9c5,0
67353f0994a2a531c6f0951219220310f4161517,0
2075f48a393b1c163be1422f12bd76b5a6ae6c91,0
6e0b7e2b75c118a63a4c11fb83f58a103789610d,0
3ed296d0702452c31f36cbd772695df36342979c,0
3e2779997aa3501ed8feb9eec359e0ac050f49e8,0
bebb2de19d27fba1796db4b37002358c56f37d23,0
98242d59606e3119fc87800e5176a598772d2094,0
62599af62778af29a0a049de9c8ad6e8380fb7b9,0
e213e89b3fdde54ebe5341be52a1159f8affdba9,0
27f94bddd400207c8d482d17fb155e1c4bb28bd9,0
70b5325ea8f3069efb4ff628f150f2a5509aa134,0
7a501e7017ed66be8fe5bd8c79989f0cda8c4436,0
e2ef19eb2944f2321b6f5bc8228abebd75ab97eb,0
0e29eba03bc0af1021c1ab9c5f9d17b2ea08f8a5,0
511c644ba25780b1d33c9d366840707dd6dacee5,0
30a13ca2f7e1972352ee9ad2e798304de9fa03e1,0
d77338ad30f30dd159261cefa28f1869e27ebf7f,0
b7fbeea2198b896777c22ba04d09bca6ce0a72a7,0
1949471111efbdcb7b0f2623c7e5dc058117d7bf,0
b3d763531ad7bfb9612a5f12a9e861dfa67d22ce,0
6dc1dbcbc08d61a535da0d0f7d39089afabee6a1,0
fe4cec49e2f846c30cd6651eb672d7792a77efae,0
b622fb7d24a1ad88111b8464c39242a3e1f6ed84,0
5122d43ebab2279119cc7e93f00d9d3455dc20f8,0
68c35ba24555ec69efae2cd44389aa594d4fe285,0
b6e7420b639ee7e2103874e881f2830ff0e0f524,0
d81e1fca962afa84ea4d361c51f59fc74a08ef0a,0
2025350631888972ecf65f0d35a2b5bba3318b48,0
5b2fc12510086ff7df046f59a9b12328bc2a35d8,0
68693dfaabe2e0304c1449c788ccee2b24ac3d9d,0
afc0ec32631c9cbbab3d093e950243b4d0284c48,0
e21c705fd1be61944cc588d583578498ac7d7631,0
fbe4eb8aedf1eaf91acbcd0c14245117b8ea0e87,0
213f263ef54e6f2e02fb23581662bfff963f381d,0
6dec6b85e120bf9e737d30c293f1aa6945092b66,0
94a9e1be7b8b60efc24c712024c248b021828f8a,0
97e9d123a2a281996d309a82bc82827b84908333,0
0bb800c5384b7e57c41e8888f9809848a8ae35ea,0
9cc5144a27821c6d473ce117b6b3c748be7c7723,0
4b6af241f529b1f16645076d69f4bab67e7b0619,0
f8bdb88e7ad36177f3eb05dfd52a900d0fcc1dc3,0
e38d33ef2424a7c0f3307b3cecef60839da98124,0
f7f1425499234a9a96a6260b16144311e67460f0,0
8c6792523aca41eed81978c4a1fdff8a65cf4575,0
6be2e995a3128c89b9af24bfeee1c0ff6feed657,0
5bb61e8eb1192dbc711332985e71fb7da605a6ad,0
4756b0c158d3ddceb7d28669ec093f3d4c26e911,0
e6c6419e6bddc905ebe76f673c876ca909dc6ff2,0
44f340d72d34a987f33aa59c23fccbf2987e6fa1,0
b5064662ce47e5f32524d6917b9d0b9638da8488,0
2265400158eae30462c42334e23eeb5944569983,0
9bbc146230e0cccd067a7d6a70dc1aaf8b54bb48,0
3de8bde353208ffc4b2fb5b9116b6d7770c4171c,0
623ca83ec9fb7750a7e013d46cabab2f18172dc6,0
a8efa6cdb57d4358d9be489be9894ece085ec14b,0
986e7d905d179e6488aaa516ba1488f752f9dcbc,0
dc2a021d7b5546c7faa27b95db4d49b196299933,0
1509b5bd08b5295a961031a299bb450971ebdbab,0
bbec738a2061088e916b9ff4e249ea25f00b2f9f,0
02fe76c1f066a0d24016b3645a8bab8cbfba4d90,0
065521570601b8b68c07f139f706f08a8f0f5506,0
c53d60f0c656ad109d0e1429dd4d396323c11ab0,0
5fd22dbaaf90ca7726772dbd8b602f57045592f8,0
a096e18c940bc711bfe5637fceeb2ebcce90de05,0
75c65430fda6191ac4001b6d82937d51de57a4fd,0
0d5bd1a9bb71e2d40a38d48a2cdf51e9480e4b3b,0
31e237182b6f1fe43f8fc9a07db455f944029693,0
f89923550cdf99cc9e4dc0e2268d888873ac5f35,0
e87fb41742828729f3b8eb93d0c5198499b1d46d,0
a025f30bfff33916e43533a443d66615da7e487e,0
ba2a7d965867f9e501c19040876ebf6a6075884e,0
19fd91ba9fddca9d7458cef39a5964ecb6fc0379,0
c0cdd58ff6077f03062542ba3e6ccfee25f86951,0
2839d6ae9343d5b0224926b6d70d9de5ec675af3,0
4bc0e6f96b3b0f847a3dc195fcb684e468a67c83,0
38924b3242630acfd6717eab36db73f52496aba5,0
f7d1d1db0df9fa57b3415ff76c6dc80d63965d1a,0
551424a5b027070f646396016368ca3d5115a76d,0
6667ade4a205113d21b21f37212aedc6735cba2a,0
e79656a4b2884b0964541939346f2b6ff304dec9,0
f7133f3ae4c7ac0bd8baa7aa38891ff883c7908c,0
fb54a199a327cd73b6c25eaae7f3a7678413b9b6,0
ec715696c25b1eeff6fbf1927d0e901ba8671929,0
f02d55bb1e889107a7825b22d1e7e54f1f26820f,0
3e8a654839ae64ad9c304177785f92325f2e003d,0
85d715b0ed17dd54f0cc2b37a70b3d2609ce978c,0
b7c613d86d904ccfa75ec6c866a8f2e4678177ec,0
36020239d8bafa50695c9a7310ce8fa51640a1c6,0
15c96b7450e80818a0c431cdcf4a1b0e898b59a1,0
cedc6f822d9dfe2be26c1f0c352c528ca86dc0bc,0
c6408dcf82b6779ce90bfc52785b7f03c3a16ee1,0
ea83555af383f6e8cb06c0444c4622086111c2d9,0
843d495fdf23493748758d43fc1f11b36e3977b9,0
3c1b5f2bd20d5b63c3801cabf52d124980592729,0
60aa3073c894816f525b6e0953fa9de68559919b,0
9b7b20770710874d828b44d389e3e5c0b5271941,0
cbd8d613ab8dd70d3eeeba24f4464328877dbb19,0
c8ce8aa8b178603c273136e06819bba4c41b88d9,0
8448068bb5e1a3dfb2e67ecfea371689e90371b0,0
4a7c483e772fc6493fa28c141faca1a71376bbf1,0
af0785475988e27a83f76558d2699fcbf38c48c2,0
888d99075a310e21c262fd3c095b6bc2623475ae,0
12cb11a25cb25d1f1a628dfc22ad9328ced5d495,0
807cb8669d3ee6d534a74551f368f92d20f2dde1,0
27fbb259f1548b822af1f75a96ce1fcfbe94d84f,0
70ebaf448def224644c11a4f6f9591828cfb5374,0
cbd9e39836b762b9166e82c3440aef813b70a836,0
06414992d519c5789a692109eadaa3953e17bfe6,0
c43651d815f0b78d4cffbab52315aa4adaf84cf9,0
9926b55a449456ba8c41962ed1b64ed586e019f2,0
32e108cc5f4c7128a4c83d09ba91c1214ed78590,0
c18295984db8424aec5110ce4b6b53575300f7e7,0
d69b376c3bdbb9a362ab51ddd7cfa8b53911e35a,0
ca78c495d17913fb09bd89a55ee24ecdb5a88925,0
4638f12c25134c27536370074d3cf6ed94a596fb,0
338dc9b3bffe9f31b5c38944e8386a519e981abf,0
ad01bf7c4a3e98b645207f3724a9feb9edaca803,0
1492de514c193a48e8b5d3a7eeb365b5d37f3f15,0
efb5a07af0eef354f334a66f12077d4f3dd159b4,0
e59597e619332ee995140875383edba253ca3917,0
eb926c32af5864455a07601adf633173678b1b23,0
45e4bb730b661d1b1440e83279f4edce051b5ea9,0
427dc6414a05155acb4fa5f0bca0e66aae143fcd,0
0ba03d1b26bca18b7a09d69165ff6c81c6565b64,0
99904edba2a471b46e804ace36fbb6292eb2f6c8,0
200fc91d20c668c03f9e917c83977dcaddd8ddcd,0
a3e1d02763b282a1394fa44e1217be249ee86ab3,0
aa1cead6563a9ff0c5c22e467adb9e3439ecdc62,0
faa23c92c55661f85fb2e1300075a5a9a22ea804,0
1f87d66b95aa984e6e8e051000f17ef86581e94e,0
10b1b49f05bb4246bdc38275b368e8adeaef0ce8,0
8f9b4318aeb5fe79cb914f028c250fb8eedc666e,0
f361fcb07aa1f8604f4dd1645b6fcf2dddc7353b,0
74570de4d1a6bacdc535dab299a18e31f1811265,0
b1a0e46066aaae793e362a494d33bfec6c51a2a6,0
13a44c33622830f8399d9b0738846dedd16794df,0
a44da903911ffe9093080b02d20c09c2c9427a5f,0
be86c6d4071e71346c0e9919110f9dab498e60a3,0
bd898a729c8e12b4736773e2736b28b6240773f6,0
c348d7915a9565168d07278fe2d95cff0326f9d4,0
6a30885d5eb528a7bf3accf9c1d33e19728410e0,0
03f289af403d87817959b04d0d3625a4ee164d0a,0
61be8830569eeb64ce8d23cd0b0a0dc1ddae3143,0
544ba6b95e26de7a76128b59e2ab0294dfe13afe,0
81cf88cb7932b90093b6620ac4f507e36c0771d4,0
b708554c32eefd544a53581f921bf4adedda1219,0
6507bbe4a93db707c733e3201911c75810f93e1d,0
ebf859bdc61c8ece33aba2b61c4eeeb8b7ff483b,0
3431d82cebd2eb1a7b73ba703f77908dd5964c23,0
c963a3820554186daeecaed6a61154d117c6208a,0
67c68ba76620962a400f3a85fa488f605a04aa09,0
cb319dffe29bf8dd316985876e8d170ada883924,0
d7dc5633b9061eb2913a29569d3522f878e5a767,0
e5cd009085f00cd02af234b97316527badba5fb2,0
f91658e2f1bafd67228e54f6c3c5c0ce5747c9a7,0
bd5b0c9e7aea82611a1341e0657b67936c7a7e2d,0
db6d0ceb7d0b6095b2770399ff747f0ac808e4e4,0
55eb7b7b9502fc8e2eaac11c713f3f8d7a7a48ef,0
9ee33303c53830bd12b55774b9fd801d8d3f8902,0
d444feec47c73c601b91648162e94ee186f75fad,0
96482d2b6c936385e4a2e5e56a2d08c55de9a667,0
7af35b46e9889bf681643ee9894570ce9ad90232,0
ccf605077053dc204f0347808a8dddd94348b8e5,0
73144035e0ab5030b98c6c2fa5ad2601df8616b0,0
6c5b286f680016adf4b524464ed5b8eece3e4029,0
5d637bc1d71af16665a272d591457c5de0a42311,0
d85c569b69ff354d93d16125d398076ea1aacf83,0
f099aa1d4db8618a2328a09f86848bb4de9f2eec,0
41d13520c28740c38530926d995a4dfa06b01fc2,0
c11dfcd6f48dec08c72d2c13def27feb4e02122a,0
e0919631a02adec553a4f97ceb5ca3386551e783,0
def317db0500e17925b108b59d33c63a41f7ec9f,0
4556ce098ce7deb912d0af2dcbeac9253d85bd80,0
1cfe29eeb3ac794d415618242014484deb244909,0
82f7eb82def8a3353dc68f109856e2621b3cc64a,0
b10cd583b2bf2ec6a144ffb6e1cd39d7a2850174,0
caecbdcbcc672657c88ea2cf5d27ceebee8c7de1,0
d44ede6bdf6662babfdaf2d1557d1689495076ab,0
8700eb6b3fa407caded2bf25645f9d86853110f6,0
c638ed640661f32d523f0aebfbdac8c2ed81a275,0
3f6c02d06ea5427c15e5514a50640f37eeaea692,0
aec7a1ba98f0b36ad5eb52fa4a1181e8431e7ccd,0
c2889d93f53f44e603b9b29205f8f7ab10fb178e,0
03fe3101e02b822361bf29208d34d9967b0ce327,0
34db4c41c8c52542c2d93fa84be6a2fcbaa58cbc,0
71ea636aad7df74ad5beabc22cd3a05541f7dfa3,0
e226ff539a3ccc725283ac964d3234719051f300,0
c0e5707a88e266d8c4fe379d05b58c47f193aaa1,0
b6d6a51178e8b4643d5fe58676edddc837f4002a,0
0ac57264fe49fc24dc9da2b38c3c43954559469f,0
248028518ff7635232b78da380ca1ccd68f5609a,0
0600078a7cffeb094d7d4a26a65e8a5a39d8fdba,0
cb4a62cd07c52f38c900a47e364032d49377a277,0
51ceddd4cce92d38ed90258ac13a9b6227332df0,0
ed3cbaaff1e33a5f9bce32ca732cc633f33100e8,0
f2e9022eadfa43d3eacf20d2a32772d9ba650671,0
4a16adeca4bba7b3f67233ad317e16ca7b8c2e79,0
df15125d4f346d145618690f33c505b95c31874d,0
5c639fc2083e66837ae1a77d75f617e82f508c5e,0
58e98685b1a8babba6050c530a3ff48c15ab5bea,0
7a8d007a60258e96b18d9b812e88a132638ed60f,0
a5896148601f8a9cee85211e2473e432ac6ee8d6,0
6f6d94418825d095f5b3610238f9ce86191db66f,0
f1be36d3341bba9b40fa6269b27f4477ffc9aa31,0
88f525d005d0eaea37c6691058cf07c507576e92,0
3e37b1c2d41789fec38489e5da219154338b5a07,0
d3d807d1e2be8678d1d9a7612fa584cdb46c9782,0
b453223c1bb8abe240be062110f8dfa663568e22,0
31c10d482650a42c2109b6c02b37f292ffdd4534,0
5297c3eb2595c309499e2c68a1cf94d7039621f2,0
052822b47b1f3c48277d608213481b1649daa29b,0
17675ec4e6962fb7f41ab2be391546c1d6e77435,0
b1a971d4a5543c7774acc8b421e616bec28d55e0,0
465204af767f1b81f741d04df2b4f5a4b5fed819,0
52e16765cbb10d32a765fce17324df47ac00bb2f,0
4980b968ba97c8d7846cb7c51baa50ea635ac1a2,0
465fe105c9dd3f36fbd1190b8e307dd3febca6fb,0
64397b93be9ea85dd93e9ed2acd6e5a5426fc856,0
094466d308c61a3d4af3a3851fe739682fad8fb1,0
9fcea6b98357aadbcde50c2eb9aec71eabe28619,0
8ed7b9d6ef704b664718c8b307146489c274d26c,0
9de432e35d61fd9e04884aab590c23c8e5840884,0
166331b791a7c9c978104a0efe49365a2cabf8be,0
9f0df3c0a96a7b753a45561e8aa932e5b82c3343,0
fe02c72c3c8ea61d8c3c9c531d82eaa2d759f63e,0
212c53933a8940bc34bc448af5ea4cf48810258c,0
3fe8e1a33e151145b3ebd8c9ddb578ff1b9a5b09,0
4338ef19e5e27dbdb5a89d0c9623a429a307151d,0
801741a39968b77934def56645ea59f7d6c4bb94,0
29c21bac371c3d6397f482e084a6803f88bf28d3,0
c8093419b8dc4dfcf84884ae258b4f83508039c8,0
dbd454815483aedb13316e11613ac9335b5966e1,0
46c75af9bf6d48b959db0f7a6bb894eec86dddee,0
0c8fa838c75dbc38c2c6a52651ca871da81b3a13,0
7a36055cac3984c9336d49a6fd6a9a8d1db32e7b,0
24b8ef41f492822960d285ed5ebb57c0ec279fd5,0
fa86a548ab64b742e12cf43969e9aec3357c92bd,0
945c19ecab89dc218012846b8253bd2aebcc1a3b,0
e3375105e7ab2b823e544a43a47c1baad4caec45,0
20d5b5ffea876ac96c4fa1243f421f8e5aba1a46,0
6bfc7307362c75b8c172ed43163913c9540629a4,0
dfd271c1f36121a98cd85ba57d2c09334d04ea5a,0
924a91e41cda8a9007cb914c91d43f199dd3685d,0
d3b28efa1f91ca83aa19924625ed4fb27e94179e,0
11ca35865df62217ab6c819ee4ffe14fb3a92b25,0
1b1f45b627e24f8fe6ffc7033a77c3d13340e22d,0
e1744eebc52b8167de03024dd12516971d83195e,0
7c743e4132a3362cf0f3f416c635a25c0bd60a86,0
d28032735ed1997c4e4cdcf9ea73fe0501dfeb6a,0
b588e5a8d315f88dc1ab65adefd4c207bb83772a,0
e6b5fae5ff03c5b1a9ed555b68d86bf4e7a8761a,0
35c8c1b8e45038c4038b6e6db68ca8b2154e3d60,0
beb00a3573a9e5e52f7dfaca60f9a31d809a8167,0
7ad7917d71e6746a6e2f806fd7984a5544b36353,0
4f4666803301a8d49788eff0191fd914b2faa9f7,0
e132e70f71a7fcf65706764ff21849544bf59b2a,0
8aec439aa6084e8ea89b7b926ac0eb5b64b2cd56,0
21f9c6a6f7da0b8a051d61b04bd2debfe35e974f,0
ff3966839bf1a3f2c021ddf4a4550b8396174d6f,0
1a76361ec40b37afa084240e6efba34b514c9bcb,0
20785c9619edaa099c072976be94b51317455e17,0
1c43d95850ca9c1f7b58e35a35fe552c689a16ff,0
38aa213063108d3a8afcba0c6faf172ad6c722f2,0
33a5d53fa13755ca648f54f3e323e6512a097102,0
4e8aca897d978442f732f93de34fe1c7d7d2e630,0
081e92bae4a9c29e359f24bc0e4f01fffe38065a,0
983cd746b069191beada09073ca7dbdda4a2de99,0
3a7e38d694a8826f7c6fd582890ffa146679a48d,0
0f61692420075cf0b8b2f8a0ee08d4a22fb2271a,0
a7d4d39be2c16c11dd286a914104228e7c626a33,0
9bd6252fccab2a0d838af2af573f49a6d5e12681,0
42e0b50497bad4166faea9fbc961ad758ce911b1,0
201d43875726c1740187702e619580a8e2dc2cfa,0
9d8dadada62e9e1c85687220530d92659ee76681,0
116a59d3d1124c37de55cb8d3a754008ad0999c0,0
fd985b678f8f33f65df055191574f86178983238,0
fbcda85f6c998ecbbe5106afcce8b80360ae9b05,0
85283af1fe8022eb1db1b4364c5a92c3efebeedb,0
80be7c1d70f9f538c22e5606b52ebb7b3b69dc1f,0
9636543d475fbb68a477c53c4ab04193213864d7,0
3e35d3f8f163e57f9144bf703ef2e2f3e2782400,0
901a765144835d1e995a0588c318e81289a0a7ef,0
a66f91aa7c3fd105a61463e0682e0b0f38b8a2d5,0
91bf7716200e8d9b048db538c3bd46358439c265,0
fb4f80745f71b3606c093e60cffd307a4d801105,0
22f30ba747b61c66c1f8c723fddd96e438910d22,0
f039f9d0b32ec23e6c686d1cf8ea7f26ee2663f8,0
b12ccf1768215d6fdc59e07c687d69b41e520d5c,0
a6d7ff032c472a709d6f132c250561f82b8324f5,0
213b5701fb7aaafa9e3a897f02aee28403eb52a4,0
9ff7887d1ac1917f7b946a6d677ba0fe32e7c3fe,0
3afc9f5e059834ec62f065e9cf55204b2f8e9dea,0
6a120c950e8234eab027af3235498245e1a51532,0
ebe46b94085fe453b9a32a933770eb897d7eba89,0
7ba9c3115509d3966ea24ce75ef916b36f1b56cb,0
4cf0b09fb984e0f3749e179801f0841d9008a9f1,0
43fa95bc011e0212019156c4c7153c84317a5486,0
f417e797c43f3ea5bef61242523b5999252d53ec,0
4ae8e93cfc88db54b2232fdb7c249df7e85b9c5e,0
71b4d563e6f030c9d06745fbc0c3ac72c791dced,0
60a692809ce3e0eef24da2fb21775082dddc4f46,0
1e839ead1f29215d8ce90208ebb6fe7814045b61,0
fc0ef890a6463fa56511a08b8106a5a7b6551240,0
06db8ab5d4a7d1834ed03bf1855a7e731d29849b,0
a80ce4e65100e0c7e48350e7a197d7b94c6d279e,0
0a6d1113ddd28149ad49f774844af40c1c62a9d4,0
c67eaf260b5691a4971a110627193d12df947e20,0
7d28dffe0c56d22790f04636b24f2db874adc6b5,0
6a5f52b3fa5bb022a4966b045aa12875a2022021,0
88f6cd80ca5c831f72ccb1aa91adedc21eaaa162,0
89e0e1597dc7a51c90115a4ad13e05e6cde61c7d,0
5e0137bf2ba4f64829e5ff91dc8718022a835e5a,0
4b97a6becab5bbb48dceb327e254539f22f67634,0
a9bb4cd2fc7b22fdef42746474ada1818f080347,0
00ae6fc2af4da6634a161752ce65524fd9f334d4,0
62abdd078df6101606ef3228cbed1e13330604b4,0
de3db460e2f3722583b6402932d0ab97c4c48034,0
328a2f60a15dfd15864c212254269488bc0c14b3,0
57e6203e6f54e5702ae82fbc006d0e7a0aea1e45,0
8b93e688af76de46042c6f417f807e5388e93de0,0
2fdd32a830cbb1f9bd28ac644fdc4b3915b64cd8,0
19d1789f2e1b979bd19a084fde206daa89e2e8d6,0
d913b4eeb5ad524e9977d018f7dcaa70721eb6b6,0
28d8ca71ff00fc9c61087af2b23c392430bba5ee,0
0414d8fd5b0295a5a5b2be0f7ea06abf685b3524,0
dc0fa6216211d1ccf939cc7ef8bf94bf4c6f3259,0
46b1d77c73c18563ffcc53c07647a26f1d1c8095,0
5d24fb7618129afd9995554c18255081fabc3bac,0
a015e79ec139655fc60199f7c95ba44b0f5b094c,0
c9dc8967a3890176cde09e0312eaf6ddb1b7b94e,0
5305eff27ebb00cc2d8e1572ee11c2ccd8a6f23a,0
135e82165ef88605251dfe4b7003d5b2aa0c64d9,0
6b23415e7f3e6c1e74a9e3c187175b4d159cc533,0
1f7843f3c2759bc6781d853bfc23fb38c32c3924,0
811ab98028f28ab1cfe91263b80f2d1d99f2715c,0
eb1d9f33d00be61362ebd51dde025e0893bfa2a7,0
febccf130e0d3c70697d8f8868f2a13c70eb51e3,0
a512b8fac5278df83d50befc1d75a21eeb3a5ffe,0
67ff30d7e1140cebb711542ed9e23f745e765747,0
a25ef03155e78a2333a8c27feb06c51d6cee4ba2,0
e2873802dc8b3e1be32bf0399c74dbba797dbd65,0
4ade2616f422bbc9531167ad92a6768f1e192add,0
8d0a1c2d104c7ab6b9e17d06350ec78e72e18c3b,0
e86c2418590bb7a1e4c9bd6e8be1c1d6bec21443,0
8d984f6e3a4e528dbabfdd900d8d7d521c7232ac,0
3719960b1de811224bbb038331584e4882728e96,0
35743c469ca98c51023a7cc8374f7e8af918fd95,0
17293882052ce86543b830fb5dd3fdce0585185f,0
dd06aec20590fc3445306cb646eed7c66ed63533,0
5b552b4e05cd508eff7249d14b7f956c81169fda,0
571762dcf834f52e14588da38a8b735f7b517014,0
2b0b4d0ffc2b591371e30bb88440ec64dfb1635b,0
2cfab5bc8087df41f84e280177afb5e1a7950862,0
3b89fa068d5962967852c75a7cf3f29a3d41e141,0
2d906d3daecc08f34c642864b543d450f655f36d,0
e5418be17ca7614abec4b9b6619eae46e7737c88,0
16160ca5203055f2bc12cc7a70b246a3409f2b1b,0
aec72ab7428fdd8f20307c97461774f617577517,0
2e850bd10ad1d0777819d24e258f9ae76490dfed,0
56ee149d2e4403c54528fba343add8be15922d32,0
b5b6f59258d7bf9723fcbc7203e6c5614286ffaf,0
aea25addafe3a43bc078eb83a674765b4b738837,0
8e2b7968359ce156f7c412a3697053244e3d538f,0
69aa2f7ef36c5bf6b5f9afeeb52158139b9c8a14,0
8c9576dcc48878c2a70a22e4d3c7f526d3992619,0
ccaab010ae1e298bb300ade6ee80194609c1929b,0
0931ac5d5fd4f131e154c946fe2e0a50a94a490f,0
630fdfd9901a38017293bd352342a97a18e18ada,0
30dd1a1d8f88db2abc498e3936e6bdacd5bbdda2,0
361412dcaabb579f1569c3c10e7910f9578ac904,0
1e95db5b63e0039b7178bd057e6018b9a346386e,0
679f0290a1301d47614fa8502936b4d9e6ff6f02,0
31fac45a7a03703bf82ea0e784d0d9f2e9bb8282,0
07b20564d3e4e0c9839549332e6381c33c8aa2d7,0
653e9cfe19e6fb7efd4e091564c32b0f1ddf02cf,0
9665a19930ba469b654be01a53797266adb83d0e,0
35ab37e94c9abf48bb14c28f92f08b66e5baaf8a,0
55b8c9166b684c34a7755a80483a5ee91aab60bf,0
70b152fb9ae5be5025e8e19e6d70fe386e4bdab0,0
699db1ab4d52eddc5bfeef122a564d1a5c4e004a,0
37a6a319474b7cd645183636d84ac54dee4aa063,0
9c47bcc149c1e096acfef771679d1506d441b1a7,0
308235c5d4ae3f71e216477fac680c3d0e0df7e3,0
45df03c426350df1d519d656c3a7a4845be4e402,0
c0d947366be581bdfb9667f5c5abb2c3c6e2bc17,0
64411c884e87dd7bfcffc1d78f5d1984517f33ae,0
9fd6ea28dd3eabe76d8860a147d31a4e2d78c92f,0
a369e033cc6e7ee3093e9a9e8bb36753ba85eff0,0
31db02fe6b0469c0fa0309d88f7cadd5d908bb1e,0
28cebfa28e13aafa198559a3e32abcabd2c85d28,0
e110fa2297c520e46fc50e93472226af86f0c5da,0
2d2196d22d5f0fa7d32575872da30485ac395500,0
9745793bc20f647001aa2cf9e57e437446ed1c6c,0
631a4bd216f9965370f3be5fae0c0f90dd088bae,0
d706937bf4bf49dcdf16660f5e99397955d9532a,0
cb80a72208e6a186a7f78e6b4cca5e5b3b50c9a5,0
1eb2a1fbd6c77051f308ab0345781dc2e95e0e35,0
9b206b8eecd84337400016999074a72e14eb5aa2,0
75c2cf8e8cbe9c2ca384bb5e7d277d9a6ccdb5f4,0
c064128271edc83f454256ecd1aee56e0a160128,0
18fd3c77bb414c354320d75e79bc89b403661692,0
5ae9b66cf06bebecb2f085f036674d2ac4fee02a,0
c190cf913e114b85382e60dd556a8cd48fd755ae,0
86c12d076ac97d11329f7c27721308528a9f2535,0
04a169018f488942e4ff9c4b6096fba00b1c40e0,0
2f2eca33882b48211e48230ff0c097fe161e851c,0
a61f13ba4a3083d580f8b2fc1ec862cc3cac552e,0
48b3fe3a88eb78100bf400a8a5db5c4421695196,0
4ce234efce45574994b5cec64a40ae0c66546187,0
6cb250fd09195520a90393fbcfc83371b8cb7798,0
49334710bdc388e491e9eb155ac6025c80e77bfc,0
90095c6fb95fdc8b7ddce4b5d9f1fd5a66446b4a,0
2a3df7ec51b97292883ac1f86ad7a9e604c2d5fb,0
24c7ebace21073df014179c7c5e7030b38d482da,0
4381bcd6de6b4cdfd23845b3edeb745504d9bc0a,0
835b67f1bdf47e383405bd2fc7a5fa843008eb78,0
291021787256d40bfe3fb1203a1aa8aacd7be847,0
973ed5f0a59de72723310d1629bc433a46e3a774,0
45f38d6cf274221b394cdb0e902a8df167bd9796,0
cc9e4cc60a9bd2444f1ba95442c553121e57a766,0
f31242beee11b21f40f53f71a9153facc325de70,0
c8198150f14d3c16942282ff9bbd3548f496bba9,0
b02d25fd5bb0660c5f3980ae676e2e5e720142b4,0
17bd5c89ae47ae7398f5ff7241c6f5f398612afd,0
989fb0005d7e1bafc114d73d1d414ecc1220ba09,0
da9336d529023cb00e2a5f9430726f0949408e38,0
68feee95910697623c061c3d6dc68741860b9a50,0
efa6d21dbd5c6b8bb1ab9a5d6b25feec7fd965b5,0
557a64aa5c3551daaed5573931d5feeca96c5e65,0
46621b27e1ee3853fddd93818b33f07bcc0c38f0,0
1efd424100f111d398924fa5e28abe937a4b9306,0
d6cde3a09ae90f3156376c45087baf14e91f9419,0
100fda9d9673f1b8a5b533d759db9be406574dcc,0
bf377c40884bed7eb159da834d3a833fb1c21561,0
a677d0e8672c6af026edb2fedf78403f9436aca7,0
ceb5921865d1d8c8914713db85e211ca8999acd2,0
6f0de4a835c27255a9d946e8b7a56b7958571425,0
b4879e727555d5e8d02bc04e31a35e0eb79ae184,0
46703ea4f4910b663752e06b53cc6d37ab9a578a,0
8a13c94d021d7ccde560887aef9c6e670b874f48,0
1b464fca95c2399626a89ef6e855b8872ff64df3,0
54a1bb585bb0541c180f32724354da1e7f37cc13,0
994b0cb20ed6bc2b84b9752e928fe70bac35c4f2,0
fa0386cd134f0e3b9a5e6835f8a0b7b03e7c0d94,0
2b60fef09ea446fb0a2f4998180b2f091013db6e,0
481d5e66168275a0ce885f947d185b96d1747270,0
5aea2841a5a2a5da31c12fd4c61c72301f9f614d,0
7e683041cfb226f345ff586840bf350ca282a5ea,0
014371581de2e69089eae73dbbb26194bea420c9,0
eb16602fa23416077df53c2e01d91c31b84bf704,0
08af120b9b764f4e3b55715ab646d9d92e828033,0
31d552d60012d277bee8ee3083856ea3df4976c3,0
07af59f1547d3b720eda0b729747c08131cf5031,0
b3cb4dd5d0839b2f756ade5f2fc1ae4dd3a1a45e,0
21a97436d650036459ca8eea065c298c6926c509,0
052836c00e70914fe6b9792237502af1c1fedaba,0
a830f97eb57163b4f3d5106ed668785274a65d67,0
8335e507e6c15ea1c26e65a21a14ee99b4319780,0
f855b3556c4b9816435c7a992084a49087ea2a74,0
e0455d6357a5a9a3ce48bbd1869b4ac77c017f9a,0
0290586fd0373b2e21e7ba1c1fca35c7025159f9,0
aa82d5c44d4986975a98e3f6ad9fd32e00d23266,0
da406f4b39a2d54346345242d50f99af9f9a8528,0
721bcd7e8f6fc43e84ed38f790ff9fde05a1dd40,0
0eb3a0862bf98d2029ae8fb81c9b7a8bea8fa8a2,0
1c3b3c6964e1b03a741a999b1e4db54b844ae974,0
c3bcc61ac95f4b1711fefe05a1275412f6cc5404,0
8cddb46509b210c2492eca0a7d72a5c0418db6da,0
73709f6288993a0b80450bb5f666980b755bbce9,0
14c871e04b9d7b3ec2c6b689ba79bf1442847378,0
009084303335741771c6ed7683e8bbd85dd25cae,0
0550e6b60eec3e8e843e3e1e6c991c69affec180,0
db48a1414873de041f8db8c2886eb9a723a5a0cc,0
dd4ab70e22cba137609edb043f6344447aa9471a,0
7ff3d0d6480db6ac2cd2d27e0c67763737947d88,0
3bd3ef717e2a424108b1072d7e152a463d16b659,0
b373a63923e1a171e67f95594e84bde1c3243346,0
ddd7e1e0edc2561603be8be388bffd1c8150e4b9,0
660a5476ba575a7abf1d01d0a06b4801162510ef,0
f427a343cb8bd221cf7f7f8020f058198192efae,0
11c82b48d3e16d3442e925a842cc2ac770d85b90,0
0b4d51ed073dcd9de39d93cb6777771880027c3f,0
f4eb40c5fe9ff22c074fe9d0a8bd481b7f96d90f,0
b39caf1a98039ebdbc070ae1881cc54460b0409a,0
fcc86ecd954c56e6c4dcbb4e6dcbea5069915f5b,0
3fb18ae3051cf4cbfb50f3da607dd84f334c5c11,0
2225da07b3e11f6ed878c2a75e36bbd4f92617b1,0
060997b2bc1b621253f3c8d41338ea91dd9f013a,0
583e241f307214a366a5d66ae068956f185de742,0
3b6957f0d97dbb8cb7aeaf3a46aa313ff96c9edd,0
109de0f24053e8e600f55bd04fc1419cd158f21e,0
a2203a548f53751de9d6162b0da09ed48fdafdc1,0
d1edf7998c9ae0ec74d8cd427ad150a31d58a4cf,0
313ea9120ab7a627929479afd52b28517280907e,0
d9d5f2bf4534da8a30b58768622d2c433a263b19,0
7b85dd8ba95f5d384e214dea3bd3993012a36c24,0
86a8f6590b41013c14b5d8a73c361c39c8c77faa,0
7a1e38a141052e2137f0108124a1ad79fd39875d,0
8505413162e0106eb1f1a152adbdac367206cfc6,0
4b835b2f3a7fa464dce38bfcb91140a0268c3bb6,0
19647da53b656035bb3cf3146b3dc941048230c3,0
2b31f85d4854cb190e4b5c18681e35899643e3c4,0
0d265f6e0c8d7267b9276e310f5be551d1ad0d7b,0
d2ae492e81b10745f13d04fd74f0f88e1e432385,0
1ee57dcb175ea0dd0df184992582954c62a47223,0
ac47216f59344ef992a9f5dc9098ddc5d280ab5b,0
3fabb487a7f6e8a82b9fcac0432c9d2ef4b9fef4,0
f6023b30d573de9c2543962e7233401afd67367b,0
e5b2c94492d2bd83edef0adeb504416aa96c603a,0
999e65f1e92a3dfbb50afa707e9b0187e1440dc0,0
9b66903faa3eb334b0b65398bb17aa2ad84fc8f2,0
717a953621492ddd1124d1e002aafbbb1da0ea38,0
3dc4fc4c9e0a739cc0263e76b01ef11be7c326f7,0
83b65ca6b43c332252cef378d15b528877dc0567,0
55a773a31d5390e7aae23a5fc38bf6d90d1b984c,0
18e471da00d0a94adb72e3bb0edf38c2b873c123,0
ad22b7b75acb73a7e0ccb72042135f393f806a1d,0
f00406b895a6b2ad1477dad732f90b3ff3b9dd37,0
a7397fbd5efd675db970e3aeeb27424954f4206c,0
a5189571d92a4d3f14742fc5b5f1b9101b8b1936,0
80be0d38d934ec4967099403ee1299be37f96307,0
5a01544eea636989acf27d9214bc855ce65c1f81,0
6b436a5c6cf4330a7cf18c6f48818d75d695c0f9,0
9e1c8864ac73e61f77c394c7f4f7c7506228fd00,0
6ab7c2b676f4d229588b47144da7e03e93d6ee67,0
b366c248b1edb29f46e469d7a22246738150f882,0
68f19b502109c5a8e4ca72c883cb3092d9f80c2a,0
c793f3dd88919dd117ca506b42f66a7500595d0b,0
73445e9172bad65ec82756f96ff08c4478c5f4a7,0
50f1d41302ca79d3242abc8d7a54a21a686cdeb7,0
ea952861749caeca743a4e4e1560158c831f7ccb,0
fb9b0574ee9a9553c0d5ea548ee9e41d7e3d1369,0
59d5e9cc17a5df75b3800e13da352f48d07ee7b1,0
cb7ca847b4f16e4d11bf837e9700ac545343af2b,0
452b3e796d6ddbfa1825ceffd0cb955b69289d7f,0
9021617658a51d373e7ac1f8deced389eeebbdca,0
2b6e07d9f3ac06850a160391d4284ea42e3b4342,0
831916db59e1bf22aaf3807bc372db2cad119871,0
7653af98c318ee890296d9653abe4f8a1a19cbf0,0
74587f2a556ccedbaaf809e25a7835c76871966a,0
f9795aeb507a61c2f4ab81e78cab69abb6ab2cac,0
51bd9554c53a965f98d13d3b44cea33265c6bea2,0
26aaab7e1ee89a382b8a33d7f248e5327c703e94,0
a470027ce1e8ac85e625d94b9fc6ddbfbc2d7a55,0
b0c9fddb3996e9282ec7273803863f4aec8bcda6,0
1a3e6ea71f03c5e996e7b01e1bee114e835129a4,0
16b60e7a0d5153f990ce60670586fab38969f5d2,0
d5a8bd79977181647d49236e8cf674b73f85cfa6,0
64887e80bbcef1aa29e733498c5de82d738c09a1,0
e9bc5fa1c09d8b00fd1d474d8380d3aa781a0a4b,0
cb4cfb4774980c28cea3cc3e846bff8e3f9b22b1,0
4c0abaec8c1b69b1d41cee61d4da1876672b2428,0
eb68867ee990bc1cd7edd332a7a4d10d5831ba5c,0
3f83327db2ce2bfb1115aaf9d2aabd0d0fccd946,0
8b7af93f8c3c9f110c293dcf7ae15476fe99c578,0
dbd1bb6c12721314476c3cc7cc9eedc5b92cc894,0
e3b6ce92c64992c497b1104085516e40f345c303,0
a15105ccc6ae16e0286f66d370eb04f7905c2847,0
a5b4b61db6fcfc87a54266e65539686162629862,0
368fba9163d3b8ab1a0038945d2c0d7da1f23aa8,0
6fc490dae37f2fc40373ce4ba4309112da9c4be2,0
691ee0ebcbb452ce33b7ff4a0157573e5e067eca,0
0030065f97efb0cc2956bbf7dd64c6911f5522a0,0
da5da4620fbdd783bb82155c2844f0023c209fb8,0
2b98326c215a7fcb1d760013fb76d5a2da31b6b2,0
0f655f76d227e5fd186460cda44a5bd1ffe3bbe9,0
5d0378a948cafbb26f453741452e538e4c499bbe,0
4c1884bd3f96ddbb56d53ffab61e845ddaa628a1,0
2a89327de64b66a42aad4e9f2c6f53e833cb4155,0
3b6dc56d97877c53c3de843a59f557da98679ccf,0
d36abc3b2e6721cf8493560d894ee25d2e33e8be,0
b4165ddb229a4c40c57da1351af4f9653fac44fc,0
e591139dfcbebb87c6b00968bc6c96956d27d577,0
32d10c47c59232b3331dcfb42eada2c6298d5a90,0
ad122150868800929b394f9eed80f9008f901b38,0
bebee6ca269d463b25181ac4968b84aa56011969,0
16683e89980eb563ad5d23f8d1f209043caeeae5,0
0d0df05ab20525f43bfbbedeb0a940fc69f9b73e,0
db4266eccb004e68ead1523601e0ec59efbe8307,0
bf8a4196956e09d4b44077a7bf5541f58e51430f,0
ffae59f505d184845b46069ccc37fb3faa43bcae,0
b417668347bc2301705951a848b9da36cbe93f93,0
1a39dff24947b3fdd1027fb611f91b8cfe7d1d56,0
c1d0e563339faec040eb036ae97a7b7bf07ba865,0
23cc0ea22911ad746259b61589f7a75a4e34d4ab,0
0b2a0c2cbe511debb4e7d884f0262e8d40abaa97,0
f9b202d5fc01551828216a11b6ff2e0b0e24f976,0
c0b874406621ebda3c44029ffdf0f6017d6d8c22,0
ebb6a96a2b7be2cd2e7bd55f4af329b41e0b5b0d,0
75f3013abe5a6b2e2d17cbfdfb13ca00cff44854,0
9ffaaa8230720d8160827830f0833b7ce0590f89,0
9dd60a821d8b98b3f0f3200f227f9aeb8bb09d3f,0
b0fd14305b77ac404807ab5e1e806955f2ae7129,0
d94c6cc4022057b58efcaac7965b90a7548c05c6,0
3e34cb50b5068a5f8d9e8d2161119dd5fc7492fd,0
af807b2fac32355215e7f2a5fc72016188db854d,0
e93538305e7b0c34faac3e28025404f90e9f2451,0
1b115c68db543bed6016976ce43bdbee97ae7e4c,0
570f8dbab55ecfc163624e5e0b01fa74154121ac,0
3f6037349e56cfc0e2307f621c8a05faf96601dd,0
88d16b6dc0b91baf13b08563289643616fb5f8ee,0
8015cf2f447d4810be80ab702737397649a275ff,0
57a73c58416436738f70ea5673e3911f805114bf,0
300e23ffe81d13b0fa34328278f5ab0b203681e3,0
c88611b38955a5ba8bfa3b83fa823dd46419a4d2,0
497c15639ccd16a79e5ebd7915bb9eb69e22a74f,0
f30ff9e6f61b91810698d869048c73bc7e6aab23,0
687e188d166f3f11b39f8d72657e64486ad7ab11,0
3365143d5dd014f2d6c2f8b353b7f6acd1cdbf7f,0
4fbe76786cb48c5fe09c064b6912befcf16f78ef,0
04a3513ceb31c8fbc478c1d44e8c98f00b6c80b0,0
6f7f07847d71fb3125eba80ee9eb6cb0f5710687,0
a47961a30d9bf9ebbb3f45b5de4316e4a6351150,0
8965c98af551c6aa7597e56d06255437f9e682bb,0
e0605bf35f395b5eda017949fd79be9b18578392,0
ae449819f4f117f675792720e185f27b41b70fc0,0
e8e58e97320dc18c57bfd3e54abf425731448ac6,0
5344f4fd90e33cafed2ab2ff765087ead07813a2,0
d9f322deb9dbed9f54345739e02773f542a00541,0
2ff6a3304dfad4b2813ea2af4ffed312ed81ffc6,0
4f763eaddc51f3df9f30bf4ee876b2b3d6330114,0
2355dd0361109099f719db1bfa3f560ccb1348d6,0
1797f6b90e7ef13692fc6e301cea9e3db3777700,0
f848a328a50d436542bda186c42caab6ab037341,0
950ea068d18c68e2509d57def0be0cd63ed20d62,0
669e109d323214987cf16d744c3206b68594bb42,0
d00d54f8f181b1101ebd2c6c616f44e8ebfd8f17,0
cf0e5a5364d13c840a8a21fd23ce87410266ea8b,0
0345aaace8773fc0eb7bb0c4cb8ea76155a66f7b,0
72859ba23e0e6b91f8224deec9a469ae446e6551,0
0bad65144636803b91aa0610df6352298fe08c40,0
255c2fb6a13996e2c42d29c24355006cdedb82a7,0
7177608175b331c73c78a1111b0ff9f82ad94887,0
5b8a1da763d387a7e8e2c7c9c0c2c1744e579601,0
67bc6ba3f34a4b98d518394df45f6e68e513d59b,0
0c5de32c657ad3b1e2f2ab6a0949ecc2c354092b,0
8f8e1d75f88de42a4a92b67081ddb397abd24ff1,0
a7edb263f4755ebafdbb2d02083a92b29f8b5e1b,1
a55db0bb64c0f943d5ad80c2761e33da86d2e594,0
ceb088f333ac5acecae1b8e80a7ec9a81be530a1,0
c002c76720bcff54ebdb429bfce3d75d6a7ea6b2,0
304e8e9186bf4e543f3c6da1a5f51134e34e573a,0
47072b3835089fe58e2abc3d17146557e2adea12,0
7c3d011b00bf62a8e8b0663324ec8f0b65370cd1,0
a38302c6c21a7d9739933b0637ae51ff2e29d42d,0
a16c159f7b7d329cf5533d2292ef08a1d398c587,0
0119cc87f7518cef2c9af49c87a7d17623f36535,0
9f4380b6c2a7479097d30985cd5a079625da0d90,0
a587059e6c72704964a0630adc1249be0db3faed,0
3f69e986780d65fbc791b530d5e80a0b29fd3a07,0
feb3d5774144bac43bf03608e9156244deae7fdb,0
d61995f60e8deef0a8baf9712c3d3033e2a8f6ce,0
34c4e30709a057ec34b58415a1ca2cd75909edcb,0
513a8483f47099ee72bd256e4055b623b6f93af2,0
64d683d90020e517eefa08dc4ed5b123e6cf6411,0
00e2128980e09636965a56bb76fb81be389b30b7,0
856f110f028e0ed00f20cd711c67dd0369c6eceb,0
3c5212670a01b1f6640a7f1786656632d707fbde,0
6f5c56ebbe4c13851f115071b47a8fee89d3decd,0
455db0c85c13d4d3f62d35bcfc60483c7f56db15,0
637d107d1b3d4952883333f27b101226c95e21ef,0
d98161380e273e6360c4a73ba9d4d41111c76422,0
b9a2cd846922536904c71eed878deb327e318f21,0
55c2ef2fe79d24677becaf2430c6015ffa0ba52c,0
007901c19daead0f9b76fda63f4fa67518206d1f,0
754f43703ab3e4c9b0541222b5df47fabe148e13,0
46641137d0d0925c07541a5af66ce9a29c42ab6b,1
a7cae8ff1a6d3f406f2533b693cc574fa238ff27,0
4ced0921710d931f6157c9d6112ff02d25860406,1
8cf0e9dcc4e448ad2b4ca747053139a1283fa1a2,0
569732547f45d01a5b3964f376442b8c7baf3c84,0
b0db2fe8cb84ea18f1d6d3fec6843d9a07d41b13,0
d2be84e088e52642b667536946dd32530493b708,0
945582d7b04fad8de4e6e9cb8c761b6dce6da1d3,0
6418f0d8f08cadf2cc182d94b6d750323edab3b0,0
3d51f8e3df413ff487bc4ace382cad5e22a9a1f5,0
53aab7770cd3f4d590e8d61d4bddbac77f9bf190,0
2cfb3727ca60c2e02bf91a9bc82ee39cf4e0120c,0
71dd92c686e224881a315ab28eb3e6b467f14aaa,0
9dde88d2f4a3b2b2d4ead7fd7f7a982c5aadc023,0
05dba8e7adb9ea2b95e76945c60f2609b2def829,0
37b11fb8dd380cba5d529e074a541f82c6770c51,0
b54a105040d938867c24def517c8693320a4230b,0
bd2bc79a10ec8db7d06b75b0c56202a57d06edf3,0
12ca079f326dc8599b95b8d6b0caef5a4f6a265a,0
126dceb404c1b80bb9580e13811a0a0bccb07812,0
a1cb5cf0d4e554c534cf31376f728191225f8187,0
e9c8fc4bdc3108d946d561af2e2eb6ab2f564efd,0
24427b3fd8bd8f107d680c02095ffa91b4c40a78,0
5843c5ee21187c92bbdcb542d00b80a5535fba28,0
8053a44ca174969c67d7a5b268edf06230613409,0
9a01934ea88b08111cf45c7ba919bced96205d8c,0
04de5c309aeec6c386011c71e76b0e74112e0caa,0
d980b8cd15cd6247545544494456395a21479e43,0
766ddc58d159de0a69d26c9e4641d753392ac884,0
9f0355d072adfc1009a87baa135715038ba874fb,0
7d73ca9bfd8b3511193396e1378e2f0ef816cd86,0
ddcb1a03b567673ababc8acab9b789c8a9bee9f2,0
fc4e509dde5091ac878b855dd798a273d8aa1110,0
36fc6aac4bca8587f407b02b15c23cf0cfc361e8,0
9f7ea8cb649ede137f8c9c37a77c67106f5f7435,0
990b9af59973f78593db26886702d4c0290d5ac7,0
8217d4bafa52424b98ad89040056a5c2eb4cabbf,0
6f7e19084444846c61347540aeb2f1876a95bb2d,0
2bfd22e09c0ed14ecb3d6d93af19f7daf3d2ae72,0
e5d9b495607bbe9b85e94e449f169ac8bc76bf0f,0
ec75748096c8639be7b4998d99c37bb2e3a9c206,0
9c4d30c0274536b2976ad417229586175cdc4f57,0
3fab6f4d4dd13aac67c4d11bd4ae588d5c40083f,0
7aa94b4d64d22c3d86768ae5985957ca36b1c85f,0
d3e2dc21f1c61909581e81781d67e2d5750ee762,0
3f70e984000e24c908fe6dc42fd532f911de25ae,0
e78fb016c3fb27b4152d4607ac85bc4589eccb13,0
72def6c98669cf78405097a275ac8553feb3a6d9,0
caa1fe47b9baa964a055e60dbb0b261baa838025,0
7ebeb29c3a2eeb12f61609644fc5df470fc9b7d3,0
8cac24a7ab87cbb7138d6ec87d205c6563937f69,0
35b4b443e160cad9e8277179a793ad0f57795e53,0
418fc28923b73867566bdc47699b22a278edbfb9,0
ddcec3a5bd9e1b397e6c5254e85969805e9ce0ec,0
ab71a8f0ab2afb569d9467dcbe12954e52456f64,0
5b5afb3b48c646a26cfdff62bdec44ae44f20d15,0
4a4c07caeeb53b3c5a27b081ddee56015e703971,0
f568436033fac9fe4dc9b38342a029f20c79dc96,0
a61f3728d4e2c6454dd0069148397745b6b3a5bf,0
8ff705130a6c360e7d2009cb9f1a4d0a307985f5,0
43119143c0f832ba304e7a8deba8d4eb17d34a3b,0
174f3ef3f43b680468d7535d5fa8ce3fb3a4d113,0
1fdb3a719283209e417d57b2d77ce93540de4cda,0
cbaefd73882a68046584d5dae95b63983ef09db3,0
78e629518d00d4cd78ddfc76ffc362cb89d5f86f,0
fab4950dbb41101e33a8640a141e6ed71ccc7e40,0
92c641e1ae6e9c976eb94bed94a2736f2d9f1090,0
e1779815e13f010ce9fd1c9f9a363bf3467266d7,0
1f6659e7a68d2891f62abf08c102f33921a7e16d,0
e7d95545344891c452985e8174a9380e5c0e989e,0
e19354bdaeab86e7fbf0d27082853de1e1b84873,0
672ca5c4e97861e662b98ee108c777791f94c4dc,0
8e939308b3c461b48c976daef70196a9dc25d806,0
757ef0564b35564e7f997e820068e1f20e22a827,0
5bd1b0b79da128aa203615173d060b31ecdc19cd,0
1a414182cc4a6017ede285de1bdf360439210658,0
fe40ab8615039ec42d13ddc65f9a21e89be5a091,0
01a37288498253b6795c139f91c7633437ef3f6f,1
2c6b479642bd0f3d4342eb84712be2fdf367deab,0
6d376a4fd1015c436a7d52a4040fa32e1d2faa77,0
b1be0560f9cbd7a84c364fd695c8844030ee7ba7,0
edba43abf4f58ad70db6893ff9a0f0d2cac9ea9f,0
163f8bf061ab0904e2849cdef273b95ff24ea151,0
fbdda17ba982c5e4d7a5384629c5c370c975af4c,0
c0aeaba9bf2b86fc636c32fefc50e9d973539ad0,0
909f2c048ab6f46dd9115ae8aad4298f6271844a,0
8d61a03f0a0043813de73e33a1fb1dafe477d83f,0
cbbf7bd1bfc22276c7491d9dd23b31593895801a,0
2b65e57aa69e14f62084310af3fb711571626a0a,0
f5b35d8ea7dd3e36fdb5e934fb28b0cff5b26959,0
215ac3d7536b9a50e0de482f3b9feb5634910188,0
f3c6c411fb06d98353e8d74b571eae765db809dd,0
3005d8431672dac30abb8c864d56ff9987d6f219,0
fbe6c2efe450d306ddf00c45c2679ba9806ec30a,0
7b3d00204acb1e1917f0ae2bf3c2c3ac0a646e0c,0
64f15329caf0ad73379f1a45aaf2f3cd721e5ae2,0
6924c7f0059dee174bc78c73afcb81081759607d,0
971e5f1d2388f380bbce0f1ccae5f914227413a9,0
f88cd3b647cae3983ba0ccf6c63b83d9696f702b,0
e822e3c61bb9fb799941d95f0fb13f42cc72a949,0
f30165f1bee7e1979bec54b0b0003b9403707ea9,0
38fc00aa8db401eefa934c9ebe40c0f0b7ae1eb3,0
a23b9b9942380dec975758091348657052114425,1
760e2d59d84b218746d93ee3212a980ed04e5da5,0
32337da242a95a4923b797d4c9d710ab3c9964b4,0
c6b9dd719bfe8edd92927a6853c05f19d3171f23,0
b4f65c8cc11f062a52f61ae0bcdbf86d9ee69f3e,0
8262a735578ad84638e36c8597ea55a91dca4bfa,1
dcd4b69905294286428e17fbc1f344308abe0d9e,0
5acfcd51b6282e3d8378a49032da149519bd0350,0
4f65001ed266b95cb46801d6c4b789110a0ecb2a,1
06c38617a3b7e708688fdcf2f001c82f5d1a2f2a,1
7e1836c22f4497604ab6450726b8f366b306da06,0
1e725084aa52844723cfb65662d54ef2dda2f135,0
16563e052948fbb1e91005dc62b4c516c23b3c4f,0
0a3856f85ee5b651680fbf107f00f99a24f131e7,0
7d8da058e4963d2e8f92717de14108825fe6792a,0
72a6bde63237bb1ad3836df48b34fc25f0157174,0
5893df78bc679834004ea94f074ed7b33d2c92e5,0
47e9ce67f70955b69242246fd4c595193f115bd5,0
fa8689232f77a6a59d6f872edfd1817c06d71239,0
7ca7cc60c1ee1941423d3eacd06ef471fc84d944,0
75d8364771414b52179e7084cad838b6c0a0660a,1
2efa6a56c3f0def45359eaa34ca0ca8668f75b0c,0
b49f070b7458bf7a3e4b6f3775061a2264fdce12,1
11143a48f3942794365840c46ea0c07814442da3,0
592a745893adaca307a7149a856606c9ac093ef3,0
c9960cf37c0a661b3b9b1751867619a61668f12b,0
94fac6b113e3eff446696f3b6c18552f51d5fa82,0
61c742d6f163ef99db0924a8ee180eb0510bf8fc,0
67062e3abcd5aa6b478e6d48eca55129b43ad8f9,0
7b59b611f7e37982267f94ca4fa77df553d94f78,0
d2a8c9d0861ed496a64fb0a8f5966cb2c021e0ba,0
c7420ab7f7bf74dd6769b99f02f355807e52d6a8,0
11ef15804d3dd93cf77b78e87a5074921ef96633,0
51c28e617000c69aedf42581d88d0e5b11541a50,0
63ba3995fe16a2af9e9b1b206d3bdc517310f53e,0
57032215010f22ec5b16a5bc457c70b6b9b83550,0
124fd4291b03b174f98446c88b76fef3990d0ce5,1
7421420ed83f6eef1419a3a6dd57703ac97f0842,0
77d03d6a7547d3693f8fbbe2197fa9ad9aaca399,0
fdde4f153ac777148e7f675088037ee244bd631d,0
6e69504483963f61cb6b3884d585edc4935c862b,0
82b9d6622d86320e5b856f88626561a12395801d,0
ea7e0dacf19a9845ed9fe0942ced12ae28245633,0
fad107b8d66556f915e75b4d0f704dad409b054a,0
97580b149c07c8eeae884e22bc527e2c62d6f5a2,0
8041679c3873bd35885f0d2c42a8921e2be2b448,0
2cb55f53037f151fef27bd7cb6345496e6d4cc21,0
0ca7daa08c08940e1d6b86d113b07cc315b842bd,0
8bac77bfa839cbf02b313a9e1c9c45f2955a3475,0
98f3525b97cbdbd3629c4fadcfc7e4271d230b83,0
62c390ec02e55b7a4c8df9ec11dbd0db9ad4f0e6,0
226504b69e7fab8f56d03a05c652081c123b85bd,0
f9c4d50a7c1a78f4443024ad2b23c7624efe7e2d,0
b81d7f94c0e189edbc1cdc8af8f2f9013ad7c914,0
5462527dcf1e36c40c397dde03686887e8539fcd,0
11b058aea1a8ee430416e908a6cb04df699fbe05,0
b4d3663b00bcc1be84e689b9470f3c4995e44243,0
3b7eee34674d63088077c1ce9e7c9f836f0abb72,0
16697df6cd0170deb51497a8a8969a2c050b1dcf,0
6cb134123aeeb63ac036d1fdcd3f7194655bd489,0
613074455600ca29c046f4243b8864c69e52fca6,0
c83f5919085272101ef8ba7d53088b53f2dd701f,0
05edaae8dede448ec6aaac31adbd39571299027c,0
0ce005b856eaec0c086802898ed2bfee884517a4,0
09ab989d9d1f545250a32b3a16fcce16a028b3f6,0
b8d1e586e865966b0aae29b57dadd139c6542d16,0
d8f0cb041e4c49bee724bfb4c51c56b9e88aeac1,0
f9d8dc4d24e534a4d50782ba1928961265c32c8d,0
6793302aa766e658fd79650b918969955b764df6,0
f563b393a5c36fd7ab9726064b35dbd150015c7d,0
aef1b5e0eb1ad3a6fedc191c81f7075bb3dbb367,0
1d5d8d1aa5d7c3d7582e9b35cef2c298a722677b,0
3d3647d56c3ddc4a8398c324434832b692378aca,0
c20739983c7fbffd1a1d9fb70a7af57d3a86bb39,0
ce8b01c6ad4511b5a7c5fe62353cb80e8364f83d,0
f6ded9634e69e8c7fb7640a03085a331e2f8e383,0
6b48c9f6e5d21a7668539a17b8d0930db020452c,0
778822c197e81220fb223da5e720b77f4eb3b8b8,0
067065a56242f22f8f43a0d86cc2368b796b718c,0
2f1434570ebe5ef553690bf424ddab5243bfbe69,0
340b0c197961b232e4be453937bca9e6c97c2603,0
84b3dd7c3bcec0bca656e0f67865f53f5f287297,0
bed5642904ddd8c72bd0c7a270e7e7a7d584be55,0
28a93844fa217b3cf0715a5998006a6428c7dd0f,0
a10bf27e0a559da049d1195a8d5be2439625f207,0
ad7c84c9b91829d9e4a379d508b5a69a99e73d12,0
71e857ae5a31dda720f96db6fca1a6c3f131a396,0
d95b0237b34dd7aee0def1e4d61f0f3ac6f642ba,0
e724aec5d5b47a4ace316dccac36bfc50ef2cb0f,0
cd31a3a581e4db94524ec3c5f1faa6ace5eb6ba6,0
cbec31c3ccfb3efe29737043b869787362410d7f,0
4aa3ed5af3f5eac61e03c9c6224a53757370cb5e,0
7a281b2bc6ba1e9ce04c829a3afe0cb842554a9a,0
1a29a937960c96b1038e392292a2d60381d86bfa,0
9a42431326f97ef401b8957972464f4ec05ac58b,0
ea9f1e1e3bc9c934e70557e8423b2b2c77b4bbfe,0
e906bc57bd1b3f9e1b488a371b8a71e806744f0a,0
f69288a2c280f3568c4293c619a968c5a6750492,0
815b78a4bdd8c982b2e07f1c350ca95bc1ae9592,0
dbf69032adb8896f95bdd8fa2949f8fff0ebc293,0
4d581f6e834f7a8b2e18a87b22de09a6a02f2d11,0
0ce2519b80133433ee9a465efa0bf06fb67511fa,0
6cb84a7b4f9774df4b69ad8a3c1cf4731d2ad825,0
713fe2cb58ead05d6f01cfa0bb108f2ead2487ad,0
1d7098a6dbc247a1483facc2638c2b7873df80c3,0
f2bb50871914ff7ea63594e8f56461085a659513,0
1bef44f26f9dc176365dd9f911fc3b103543ea8f,0
25331d1b07599fa48df9d442666db96a69834c40,0
8725ba6db84fce34907e5d5ca9e1ed6f6dc68cf3,0
df776077d7537e0ba318c83c2257a4f52e356201,0
685c05dbe5377e2b7bf2f5c585ea5e2d52298b86,0
9297d9d3e908fb294521b6c163a524042292d97a,0
c544f26583172d98492e8e9999167a9d9de61b44,0
9599af73728c2641e32505eff2bd4221674cd49a,0
aede7314a5283c7ffddf9a481d95bf7cfd87ee0a,0
06e772d3cbcb18d4a7ed2f1dcaa8c83b6001fa80,0
2f35921900d56288b2ac2825e57e7403efee2d2c,0
fe641f45129d8100d939a556747a3963166f5c15,0
2486f7ab28b0d8ae92cb322d8942a2a127badc18,0
fe594a74cd4ae7f9aaaeabc35102952cad5977bd,0
8e6f40c4d643bf40f533ce0a7cbc95687115e3f7,0
60449e3f9fca4daae628a9832871831e6fe6f8e0,0
e8a31d9d4b4377cfd635eff5906f621bbf2b39f8,0
48a877cf7201e2903fe932add19998fb8563d986,0
b95e4bee89f398f744d62d13ec11242e0d954895,0
894abb412282eccbf43cbafaa2e1dfba2f5e08e1,0
6a88863cf37c790924f7c9be5605889fe8f1fccc,0
fed2743a2e68493965a6bec977d460dff619aa67,0
49c189d5cff46e8ef3e4ad2a87e00eef0838511d,0
947a4f50d12103c948ccc7dfb38315496bb1e619,0
4dd4d1cf731f9051964e11b0e24745c61f97b1ac,0
28724ccbc4f699dbbaa38dd3084702a5ba6735fb,0
e40673b5b03a48734dcf50fb7a8c2fa6720afc7f,0
0504f2fd8633425a0282986ed97a7e00001b554c,0
89e033d78236edb9344a9054545c1383a355f2a0,0
d61e80cd9de01d03d9ddf55eccdaf9feea777e6a,0
5799116806a415777225a19cee2b48fcdab1b538,0
62b5b1b46440ce673a5711e32478d4acc67d4352,0
1b7dcd32a50bcf5ee4e1a4219512b8a9534180f2,0
b0453eb7e124deea03cccc0b2c1a9fc4d3486a6c,0
4521c75a978f2504e85959a01c1bf1cf13c835db,0
0a5cf03d5301aabdcc9698242a9ef8dea3225774,0
55bb875fd2da5dc41c90b45df7c82376bdf9e791,0
3be5902ee68a3d1773d06ef5b7452204104967ad,0
113ee8b2c6ee3d17f51c8f2fc272c1ac81cf97e2,0
2b2927c3bcad0df29fa29a3f79def01ef7c26cf5,0
1659d9ee7ccfa6c470af6e33ab76cff8dd48f890,0
331bee4f9b38454eefd39e0c4189048689e36e99,0
12a826c315b0c331231bb1ba1aad97c5cb593176,0
6d36feaf65aff0be037e14f37e365a7059626b71,0
a5e782e1caa27bea1720b545adf4221fe2b55e8a,0
8c7b4229905a28f360644d00be07a7ac9f84599e,0
0db94306270fd99b6c1fae904a2c1f88d4e68f29,0
95c73afbaf62bc986127dd068aa0cae8ade360b7,1
05ff0b084ac60b499903ed55cc224ce225598eb7,0
702ebc10bb924843e44ac05c0b4e7ec22cb4e7fc,0
3526158533320abd4ff2ebd5993192332628e5da,0
f89b7c7993b0885bc6b45677d8e8fa6b60280d68,0
5ca7e28fcda1639145c28a136286e26ff66d6856,0
26c9b855afc1fa0b10fab9416f80f1a1f3ee1b2e,0
1bdba701ff9068cc53acbd015a27636359fc54bc,0
9ede79daf83881ed3631a21e000505c519878750,0
8a8c545d7d338585ce634e35dfeffb9882987487,0
ffe5f635c89468c0517e3aaafa41e15137e7eb57,0
0b4e7766302d7302450140b5d79841fcef1c0a90,0
da24eb7d921b7c2c65bf1c075c01d293dbe87a48,0
8077251e2648036ec0ce7940c8b62e31d727c3d7,0
21f56d7df0764e1438078226ec33277398bf69bd,0
816b33e80e0909ff1bccefdbaa82f49f0f2730cf,0
a148a36136451f766c02cb0bb5c831d8e29f7c15,1
bd967d9696df3bb2ef0e8f31dbc7de3d5b600b42,0
be8f0cc6aaeb992f29b7dadbf5b8ab3e62ddf51b,0
6f5c09abb86e7d5c1293c5ffd297293003648be4,0
2f5db1d3025623ac021027436d9e58db6073cdc2,0
ad52331fce912f0dabb893ef529be21798c8466c,1
223ac6f560b0b61baf7cca99a22c9ec57a6d63b5,0
5dd5c37408d848fdfc41da77fc0f21698c0057a0,0
8ab36ab5aef477d719b3881c6ecab8d962863411,0
3257e941f29fe08b2e0ce85f0ddc033cb766c498,0
d29eb93a9cebc2739f9cf38a375fd61cfe0fb3fb,0
c8bbb9972eb3e847cac6ec666edea55402d7c05d,0
a7c5c7655b63b6c1229132e5f13d736a9b10f61e,1
9aed7c7008cacbc80cf7a15054309533bebcf628,0
cac31013313b965d223890daa1798fc9b1721303,0
5c66a672f4d268990de569f226eb0c4aec57268d,0
5e4b91b1451aed5f1e78d1d8b93f814867071900,0
e8dd72a8d0d7052afebce70b8a5585d3799fdffc,0
7685c211464325ec39e411d817935b8ffad85ec9,0
1ba90db5907aaa205dc2526b098aa68c843e0b45,0
ae4d7b35b67875485ad07072db30146042092799,0
d3312d91b2407ee05eb2451d4ec01371b636dc82,0
81ce781c3e996b359a94660bb55efb6761c06dd5,0
a5a0a319d897ff312dc418401a37b55653086444,0
61c2eb076ed1e058eff3c0f2e6bbce01408dff7b,0
506135479f5798763a22daa0601514697ce4d15b,0
2d068c2ff39abc7168cf36490f7d9bd7aeccc7db,0
a9acfccd9530a62b7b0e2072bce49a20f11e882c,0
e371736377312f392f551dbcfbff82971b6db096,0
2b0fdf8fe719f234635f652bce0a5b2abf03bc4b,0
459af4924bf419c7f8b854dd42ab132171bffc78,0
dd2d86c283df3adc19f878371bb69581ecea506e,0
61421cbac85f093cd21709559aa4f6fc01d7e26f,0
89f4eda5b14de59b31730a435e9cc9e89684577e,0
e7c5f1c356d7305e2ae9f96ba3f08a9301150fd1,0
3a07ffb8f4b74c2bddd46b30ddb943c0626d445b,0
c0e1a2f243a73a5d55dd58d385eb926482244024,1
a0a6575b0fa98ec5c01d3367602d099972c3a8d2,0
7e2b4101a3ac9a19147f3bafeb88c950ccd3e2f4,0
6ddfe734c030856894a482fae921ed13232ffb93,0
a474b0e6de99919be299b1d42133047ba386749e,0
4d0b02bb03c6335cc0e9f628c48a89027b891f6a,0
e67e5d75b411591c00cbe9da53c0b60b156af312,0
eacfe9111042a24b92828dffd78c025e4fe73b24,0
b28c49994dc2d6a8eeed5502097ca450832d020c,0
7d5357324d0e68098bd835bdc2af2753ba6c7478,0
0c3856c5de9d4b56e285ecf8e4b076729dd72fbd,0
47ade52aa3ab0b642acd782021eeb2dd2d611c56,0
53ff1658012cb1605894f739ebe48e598fe81f38,0
c271c38d52735b00a5f456e949d404043410cb1d,0
a69e31a0cf73cdab253c23513cf6f56a530bc14b,0
8c0af4007a7d0f616e56181ac538f36383a4349f,0
8e15ea1a3ae8effd6aadad442cfa3543b537eb1c,0
c0535cf4590667532f933d299f9cd7301f6099f9,0
e6d3ae0ba939c8a1e6ab4809925b1c3272964cbb,1
e7c0c08c113a777c3cd30c5c36febad05a93b372,0
ca9a41a2e2ed0f7261ef1155d72ef56426c23398,0
1f65c02700d11936b8e0d06d98b8287a95639468,0
93cc70bac5ace95a49580f073bf83289638f96e3,0
59363455391537370e9f50ee8b79ec331a3c6900,0
9a5291443670f104543901281c387b54bdb42e14,0
22ba7881ca318263d3ea26cc05ca2b83548c966f,0
822d90595dca92a9c1a9c9ea0cca7ba9c637d819,0
26feda73b3abdb2e9e9edec433c9508dabad92d1,0
7b345fffbfb7b7782e4046675660238b147c523b,0
552c3d1f4b7d055919d7a0d22fe75756830560db,0
b74bbe45ad4ec45ab6cba89eb1207e25d0d74ed1,0
f7b2b4bbb9268032579bf3db5d7a774e6c489fdd,0
22dcda388b1e2adea294040f4f0bbc74b37c1f9d,0
ac00d204c3b659ba38fc26644db04ba806d64a2d,0
0ad25a094c9c4b33be62e497053941fb63d01a1b,0
98398234beb832dd2d4121cbe20b6373ba4c8e69,0
bf1941aaf7595835abded012c7e2bdd1aa9dd9bb,0
3a08f8bc299f0a4af5de2b78398077a034f585b3,0
fd8293492bc7ffccfa46da9be77350be30f8f6ba,0
54839bf41f6756064f68c11bfb05826ce3b7df49,0
6f7d17c0da9750ce1bdecaca3d75945ab32c8cbd,0
98862be0277f02e56ba0c3bfd7ad4136c7a72d30,0
0c72f23c7cc98133f14febabc8244d5b73a47cc3,0
44c2d38b51e9b50061ace7f63d8f638feaa1df63,0
4bcf6b5a16b73d050a588449fe5069ecb18119d2,0
b87e20a74bd92060c842cab9d1bc6c385d602385,0
7a34dae3e818010b6998572a3600a769ed5d6fd7,0
21bca1c47c693a605273a6e68993d12fcfae8289,0
d8bf0df4550f35b6c3a4e3e7f37bb5e1c98d436d,0
79a1f3ba3c2a8e5b868f391a4c1d53e245304551,0
167cc57d7eb14c95ba84597d6edfafa26ddb7012,0
d3108035ad56f34a6e46196b13b11bcd06a05cf8,0
c38444bfa790ac5a19c53d478d21c6285bab4080,0
167bb9c19d3988e4b0d66e33c6ab7eb4fec69e67,0
7d99887c7a94827aa193a1fe87a2900048277592,0
ad3284eee10d21bb7f980077472d316bd0e63ac8,0
46ea87e3c2467265a9bdac0719bbf179618d73cd,0
2da6607568b7e8fd35b5324864c4d57d65b5a666,0
a4b65de30cbd2f1bcde59baead019687feab1616,0
1ec8ea2843bbe767c7f8ea360cbb977c6204f94b,0
22e56be593e4657024c82b3a5d26357862a7d673,0
66825becc51cb9bb79b6f7aca7592aa7b3d38b84,0
e23acd222d708e85b7880e5d75ef0fbfbbfd7174,0
15d9fb8cd52edd96b972bc8d56269b207fd64d81,0
31d5c5b2a5991a77ccd5a62d718a334e2a679bd7,0
9696a20f9c5226bc8290568c048b9eb80fda298a,0
e21f63de01a75bef3373db4e6513b7c94282fedc,0
9605353c9b9a5c7862c85d9a94581fd289449d63,0
5e8c49b40801f9e6abf7ac2f4ba770fd18e4ff17,0
fe01a77ba87909e202738f1bc2061e93d30df4fd,0
3313c825ebbd630126287e52b99c5f883b3cc8db,0
1207a117e8fcfce2e85088638b47f11d4496fda1,0
59099c3bb3e95eb46d2307795aa27c3a02f29aca,0
17039522e978bba2ba22666b4dde67eae99aa149,0
a70846ce52127c749a938121dd950b024e128f68,0
5f20a730f6d950eee88511107072c9759199bcd8,0
9eee1aa8c4caec50d32fb9eb77a0745d84f67339,0
9ff66a01555ce3d9a20d06f15f5b3a8885c904fe,0
e3a9db20570a749bf3c6e14437a0c7bdd8399b01,0
d8b1e555f7830bacfd5ef9ddd3650efaad057c4c,0
f31a8af9dcf5ab944e6650dfe5420648c23eb5d2,0
32c2a858385ce6e4926270e02aceb8ab0760f363,0
8eafa31b724e03854b546bf28944dab65f452ee5,0
aeb06ed6224c5b5d334c031f5f2091ca59c0b311,0
c737c5f7408ad6f5e8c3c2f53c62abbe5c3722a7,0
f39ed1e056442992e953658f4e5687420e9c5f3f,0
ed20ebc6ee70dc2f0da14ddf43d5ff08c24a48b2,0
bc9080d41e8359f60a332a94e1d0d23d113f7d1a,0
52b595b88a2c1ff80ee50716a35769c902640137,0
dc442a0dbbcd573adb8b8a5cb0db77250c8048e7,0
cc20cd302cb2a1b29bc766e6ac68c16cff22cd17,0
a4222c7aa3a2bc5bd693bfc8d39026243f80135f,0
237c79aa984408bb97fe6f1d243d21dd7296ff4a,0
5700d639e41457da51e9b6abbf21ee106f23aa2c,0
9d2ae5ff4f33f5a55a3674be1230e4b16fedf6ea,0
2301a5012d782d755246705bcead4f4a20b54cdb,0
5b2f4431b4180d84b580b7dbf21ad67b698565dd,0
d7d2387bf39cbd6ed95ef42e2e53fcba45891138,0
b8224422885ed51ba596cfdff1c260e70befac46,0
7e541e380a928e638220d95bbff730be3a4d4167,0
c17a3cb704ed8cbb94149fd9a4546c481a56e855,0
603b6720263b7b69703a6ea49ff191699e3dbc47,0
1c7ffe81e249d770055db374466bd4d90cd110f4,0
a8a729b1565a9f69df45dc34fdadae108d8ec3c1,0
dd37c266c3e56d7780c3486dcb7976fe19a0faaf,0
7777e06fce051c6da545e0122ebcd073b057e4f6,0
5f3189b772e16cb1d0c0b963d7d1eadf7497d063,0
78b52868f742a990e2311b97099ce910e2aac327,0
b4d5de9009c4e72f1a580e58df6790da4f70b0b8,0
41f3fafaed593c8ad8366f1bd7c89e289d9690fe,0
58cb3879bd517608178769989495c710eb6407a4,0
afe99d6528232b63f83e62407f94cea2f0be81f2,0
02fade36cf37770f36c640de49422a2b8c247e28,0
6605cccd2ace95169dc6a40ca3e6fbc2a27a232d,0
08ba21f3fa3354f6bac9de4ab113fb16f1916910,0
28dd863dcf997a322ae14e119887eeeaf44a725c,0
e1dc566b551b9e493116062077b0e59cf71c9743,0
9eb4eaa54e4e27ab3ad5ab04f908038aaae3027f,0
aef4a59164e839021d9e7084c4569ffd7672ee89,0
326f273b907d5faf74dd5d4ae05b8797fb63ef42,0
598930287eaf9a4a665c552c4d28c16e4aa07bd5,0
335d7a343feea938da0dd049f50090994773feca,0
dde988b4b54dda5110432dbe2c20dadccf331ee7,0
040f39aacf053db74ed0dd02981654ccf0987b21,0
94b993112b57eac65295196f273880afcc3cc06a,0
e96d9b25b0bc974a03ac423e5f8b351b99a58910,0
c5c507e151de6c764ddb926b5a253f0506d6fb5a,0
e474082d2c347305721a2c3cc8bd4daeef5c0f5e,0
d7821379f8d71c92546d79fe6b0cce4ffde17ad6,0
c18119eb9ba1882c7b2e2252eb7a866870db14a3,0
fcc37aef791a9420fd79a4d0973cbf1f8f0e5125,0
e8cd54d32dd28e7b151b30d0aa1651556ef578ea,0
71edc861a354998323ae12889a933226d8fa203e,0
8ac3e23e10d68c3e45a99aed549b8df960d171da,0
a92b569eb3e63c68736f8bc3c3bb11f407080d61,0
530e7755f6638f150bfadc78a8d314ef6d2f93ee,0
936b3b8d524852bc102dcddb4e7aafc70b8d68db,0
f21a037cd1ed8125bc935864c33c4e8c852ccd0a,0
43776e299ae7f828d7266882dc089468387f0ec9,0
88638111ed00e116d1823ef07ac23bfcc68c186b,0
f4700405641fb1ab4ada0a6a2a0319535013afef,0
63f349dccb031201aff214c66d8d0826fb3c80f5,0
22df7325d9ee450a1135d72671cfbe4b0b834b70,0
cc1c44e53b3f50bc63ac4c65be727517825dfb29,0
05a4ea748de1ca42db5b8338d6c8b1a2e992a5b3,0
994cc6be139048a1ca576bd63890c9e0a8df5429,0
704588b2d20d6df6790b4740ff1058c2e60b17f1,0
105c91f2f3a475cfb8376b0e81f384d5eef389d4,0
4e3697a9f06cc91aa268e9edbb9212cc898af4af,0
356fe8728f5d6a1f26f3ed32816579dada179c9e,0
b2849afd6ba6619ef81b0216d02249099192ac49,0
e1eb8cb71a28bea64a642c01ade4b9c2de0c6645,0
b4607dfbd5286476288c62e3c797c4548cb27650,0
3389eb875144d80653eef8219212025e98edaf2e,0
a0c2617d42a07a1bea117f238cf52160a7e48214,0
99b4918578018a0fd3c69bdb971d56ea38ca7925,0
14cde6decc8ceb8616d1ac3f9dfba222af3ea167,0
eff78d5c04dd4e49f057ca67529aa9e0378b9da4,0
3af082d6f24a6b6616e8e76ed8ae4b5fe9d0be2c,0
13b9ef181435e8d9956fcd8f0fec13c7ffd1fd57,0
54b14b81732c21ec1b4cde26b4e538a23ab49bb2,0
51602b82008cfef74f7e0caff6ff69f5b21e7f4a,0
a7bd636d59e27ad53a3a4a4e584ef90c1509192f,0
7817cf78be6bc8cf337b94f6a58a6c1c504588a0,0
7671b412b255ff9f189c74f5c57423ffe5621422,0
6cce2c0b40471dadf84b2765f5964a85b3388ab3,0
e1ef7bd16c4648767f69fc0b780221716010bdc3,0
b65e0b55748ff10488cfbe7c28e4131e7d7d9eb1,0
4c34e8e566cf139b64319daef05dec0f1a450afb,0
3565b13da50f07eeece2ed2583a9d5d0cd65f061,0
b0abc1301d2bbb6d08d373d69b529247cd7981be,0
afd337a4d953de48f2423d116a013f2c9c71dfb2,0
aef9da0c3ad956a032ae69c31c82f1b65375f851,0
ca084194eb48031bee12afbfdcf45b75319c186f,0
aad9e041b3b1abe91bea8dd63cd92af26eac6468,0
f74cc56fb7c2b3a427d271ff98d4c5f7eafd5534,0
1649fb0c1b7e9de11ea8aff03407948d7a4f1cfa,0
11d54dd041261a72633df2dc4ff10c042041d92c,0
666bc463ac8f48845d9c7e2d9865b1bc8f183bf9,0
d347cd131f74015e3fcdfa026230fda73b58c58b,0
c319291a6a12a1c058d6793259c41729f6c0bdf9,0
ebfe8de94c603ea2de39e97347a4cb396ad92533,0
a285ed1de33de7a3f1b71e9017f475337c03f572,0
c7467149e1a47379ffdee97e9b2a9fa0048ceef3,0
36908913ceefb752c5c884c4e27a828e5025ac86,0
dbfa388b53e9d2890c5343ec05893022e85b991c,0
8b9531dd0b52024e5b225222116a7647a94d901f,0
7552d325c630d8c723148708b440fb938bcef2ac,1
dea2919573d6ef3d0223eac5c51161e019a1a013,0
2d8703a5e8e46ef0927b82da1d633d848f688018,0
1bd03c0b130cdc4c032deb7ae862c7261a0f7f9c,0
326429f43e646ea5a3d449fb0a484fed24ce0afe,0
021c8cb2c6a15d3f90ea5ecd32296d33354a146c,0
02765b64b64891cadd0b498facfa227164449ea9,0
ffc3602285619c4d1fe470e10aec7cd25e06ebfe,0
4cbc4169d34595b860c7fec0b44cb7577b4f9c02,0
909c559dfdae558f76f454334630e21a024007fe,0
b2576c5880644f366b1e9f2d3dac4a0f037f6094,0
170323d999d66fbf6a2ef2e975c9c8a75c1a3c3a,0
1a53409127e21f9595b1716fe97680108a1f5041,0
c60caaef6dcde213d16b39e8dbe9c408b63361d8,0
25f436bbb06d31b5f3c6dd19fbba37edd3fe4ce0,0
761bac32ee3ec6c1578431b716e4dc0571f88af8,0
b0930d5152e0961ac9c9d69e0dbb0ee83d95b0d4,0
32c64a649cb2d3399965ca55c90d3cc64599db40,0
738d609eaef09e5c8fb708f38e3265168d27cfc5,1
3fe77c23e77f52514f24ad58dd8bf7932c3d131d,0
8e4538461516b0ca15d02db3e641f198875c77b3,0
a89b0abf83da35bedd409ed9147d624c9b37abe4,0
179e999e01acaa5a542a85e2392bca522562386f,0
d29a439fa8c89b7431a72ae84c7fc09bd45ac70a,0
f823e02cde71366aa86b4bb17622ba6be39811ae,0
dffa670e4417acd412c42c5e6b3dcc063f5f9cf1,0
7496f97bc71a44ccfdb6c5cd84f54ced53bfe674,0
00630733f00e6eaa4c291350f50256c0c6a8d120,0
b981e74adcd5c5fac9316e67c4f59db9c3cfd2a1,0
4fc630e2bcb155ac3708788b76f7ba1db59c801f,0
04b4d6de9cead2ab5dda9f68267c29e78dcd1497,0
08496b8067d46c9f64a01155be597037de6ad0f4,0
e4777779cae2487c72f62f1ff4f7f5c7c2890610,0
ccd9f6acbcabe67b56b811954183e57d5304db49,0
fe6793f32113840d891007a393b9421468a44f2c,0
19b60afe2adad09a74377147dcfebe5d74d33ef5,0
370c99d4680d86786aa0053f49ae5ef7f28c7729,0
b4e51d89f5305eb456488a090dace7136bd2357f,0
4986686f1014ed209b861d26825ff4e3014071e2,0
7dc7973936d25c0e2d77e845ec5660e6ce96e826,0
682d704ccf55629a3f27f0b2c7768dba3812e2af,0
acda08256a571ccc99a567d2e3b175bace71f015,0
94651f415577bcd4d294172ddef13866cb712328,0
79ca1572f28803941a45d7dd74371279e71ce209,0
a2f800df842b5ffd61d204684c14366826049850,0
767b67e5791f58f7c41930e9cdae893e710e2d4f,0
3181ec6657a2db39e7ee7715fe6d6fc66caad0c0,0
aa8add13d4a0576f89c0797f2bbcd3ca8e9271d8,0
62800106ca377ea55f3faed9caa63dde88734ce2,0
282114769b1900a031b13abe49fe435e07986234,0
8b04547fb7fc41c5a270e3219a8c4752d037c200,0
5cb4b7cdcf21f6ff75c483b9bb6c647fef2b2cb2,0
e63962e225671f8896cc15698815e003dee6ecf6,0
2bc240ab1086301198998cecd3af332ca6460ede,0
c5209ee79c3f951288457175ba17a3e19fc859b3,0
54634819c166a2eba5be1a1398c8d7ec95c77e99,0
66410368404c5bb186edca026308919e82a66b68,0
fe8c25a1b4c3f1652d38eda3ff7315892abddd01,0
9fa2778a9d814471356d7916d757837031fe0901,0
394aa044f1515b9843b414cfad056a947b3ab275,0
87b9cacb7ed009b401f204fba1de0921aeac7b15,0
6c6c3e13d6379797e16c6440fb6f4d4511b1f7aa,0
8964d6fd05f23ecf015c613c5ad7a1a2a454f716,0
a1c5edd666c7d3bd08fb030156bf4c0d94e2e7c9,0
106ec436ecdb1e6e9600944f4c9fb0ff8cdf6b1e,1
46f788a12df80dcdbea297813a120b9b55874467,0
8b9e3ed03778099ac1cc524615777fec13729606,0
e40d1943feec49d18fbea1482d0ffe8d4175ac49,0
16824036530e250f2d45d990126a4186cd2d5ea6,0
ec01d6023efbc0c1aa48324b9d88ab3ef7f76781,0
24e36da7b7ff9a0120b5b4941037cf5be2b23790,1
ead48f6427bba39e94cb3381a6f12cd6b4d71d14,0
fcdca27a6b3c3f9eff11ac789f9dabdc59f352e4,0
2d28a33da2f388ff289dd6a0a34eab9993c7747d,0
f2ad61d66e8ec72adf416715ca19c22d05a39478,0
19d39304c57cb246f9d55ec2b86b6dfd233bc062,0
352ecebcd97ba7f24033813e9a5f8e14cc074e4e,0
cccdfa3ef1413f14f0ee94a236cbb0f3bbcb13fe,0
8d1aab8a7c7d4ca1690d0a04725f7fa033db54ee,0
46537793c7ca35ad65cb87b3f807783d2b81137e,0
e5116a904b644185c7dfa3eb81fea93e2454430d,0
fad37fef07d24eeb7c0172d02cb8ca2075685f55,0
393ee30ff3b9fbc02adccb123d90d850b4b04e74,0
f6fed41f71e06158c3670752bd5cdd50a4f4ca54,0
97d37977795ef991e67e9b20ef6e2dc96ca7b420,0
58f72207d374673070c58af051bb5fea4911d1a5,0
52c6c77b60ffd8f7e58defe53254f98930056a6f,0
54cd44f226a4f01a8755f9bd6be3a057603f10d7,0
55248d0ec5d1194e73d4d9673fbe493fa4ec9532,0
a6a101bcf4e1525edfafe42a4cb96daa61097c14,0
c66fa57045272641bc0470894de2220fd833b736,0
eba41821c9aa05d156e3b5fe250eee356a814e8f,0
ac9ca9195822c744995eca86fd944fcf6a59c81b,0
c4df42cc3644557a74c088f65dd2d4ce37f02d45,0
481f8c47ef1628cdadf087f64783ee4f0abbc7f0,0
0a0faba13a531eba0ac6be68aee47e67528c6b35,0
7bb479b13dc9d729385fcd120911d0ecab727889,0
feeeab38c3b719d0cb36e18d4d21ca89cca33ada,0
9c87fe89f5ccf07cbd4ab45d2e9e348fa85c5d23,0
b2fb876301ee3e650df47d6d8a591c54a386fe31,0
23ef48156c7317715b2337b9ba5037c177de45fd,0
6dfc576a6c25e71cb2399a94816b14abf3dae7c3,0
5223ec66897cabba9dd8e5cc82f0c15056742d40,0
b90803fdc00d60435fc2f03905ae8977fcd59bfd,0
038c0fad78ce847a2c6e1dffe6f17fa15b004cea,0
7c977af45982bd4336d6498eec8f5e7d34260f3d,0
edb17e8117d96e1e19e286b42ebe73d28bc13a95,0
950e61000348e39328803fa2a3883b8ab5a2406b,0
382987c3fbc6e8baedc54e8f0bf5eef0ee681936,0
73c16f9000b9638a808a8f3ff9fc37a5f84c1c9a,0
84a2088026b6e79cafa1db0fcd421270abbd3eea,0
932ffa70fd59e4ef56ff217e3e1005979c1b1354,0
702a19500be8c20e24e8a92219ba031ef3ff8a47,0
cbd3b03e1d0b9c15b7091aec7d5395defbb903f6,0
92ce752544bc4677d8ab15840fb3e1ed1cd4853d,0
ba8f31cd6cb06ce3606d1e5c1f186b473044062a,0
603046901e6abb843992c5837dde3a3d52891ce8,0
07cb859413776e054d84b3c775f0c71bcbe2cd65,0
989e3690186fa842575ab7f361f98c53890565f0,0
07a507e3255afd0f9f8fee976a8ae17c430ff6c4,0
83058236fb3ad66930cccbece5f5e1415f4e65e8,0
bf94dcceb02cc9dce9c22450475a7773b479e5b6,0
0f06f1367264e74490bc7b66722a3c09a46a2144,0
6c23cbda45e40c2885508bfc1760a11a7a334f1a,0
1cebbb81e9500193b9f3e83b0b5c4c5b73db0ffa,0
7359028bff02151bd5b80f198eba364c93588abe,0
adbf9ff1edd556229a4a375dd089a9b40f7a6872,0
cfefa054b535f568cf80826d0034dcf24e3bcd4a,0
9ea6009375b8ab5e97a64bfb8ddc70beec0cb2a6,0
4b572cc4e909c6d04805c8a49af7250e44ad3008,0
d8bd61aa8d03290a060f55ad98665ae3cd2a00ba,0
ae2dde243cbf813a2050573aecbb77fb7940c98e,0
0d4f765fb612428e1a69986917f7639adace6730,0
2504eab041d90ab8436cee1bb04ddf23d4b6e9a9,0
76c0a5da0889283e00734d6944a962f4d700205e,0
aab4ffcea4d756541033849c079a7a81621543dc,0
c06777119ac99e471c086ea9aba76d9521df396f,0
a97fb0cbe80bd76f267450c36948f1f0660bf6b9,0
0dcafa1bac720628eba0fce332c0896345388a96,0
933b730d2bb2e36f536646a4b9ddc3636f622111,0
14fc8a761f8323b1209bb961b9c9bfc181a5944f,0
94d9ecbd0ea81c957d6bcf83d934a7dc744b473f,0
5ea6b74043e5d8f515c6c334a7b1f8695073259b,0
b9bcd190e43a007f5ccd4a9dec95c5b653b1dd49,0
a7a22e106a846e0dd5cb2d32d52e030023cdeef5,0
1903b34f42d059d951baf292b89d2e8e35e0ed36,0
3c12c67a14fd1826008ddd3851a95918dfd905b0,0
25669ab83c093318c0e86af3f0d1f3766c088d07,0
b640f7fabd3a0f17d782870093c74bd5b2e187e9,0
5e836c7a6b6e0c6ca9978222eb3190d37f737dff,0
e44358b074979cede821e24efae78f02c95690d7,0
d2f8c96259e9db970ca50b88b090bd41245abe33,0
1e0cbee313d0b0b2512248fd0d82e9ca938a7ccd,0
8bcbb052a7f1906db0a1fe5c014788cef891a333,0
e07d8e66e2b6fe67a6bc2a35e59a8beed90edce6,0
2824dda863becd461536f52d6bd6825570a745ef,0
d26f110a9a1cfc6f8265b63f613884d8f00f6bcc,0
fe6d4990f73530069a39d495b7b6d465b61074b5,0
3387b65d7f59a542da59216258293f094a738347,0
b9ebb620888f548d53686aeb895def63a15225cd,0
7f7223389a07c144b9c6a2609bfaae4707b5b52f,0
ca8069e642ee9b99ca3a5c8cb9c9840a9e176043,0
e683803c6c9a1561baa3b468d1ff78bc255e922e,0
5428c0de6cc9f320e8c0572e0c391cdc5f7d3f2e,0
46b19ce4115f3503871ba21d6884765108186de7,0
e83cb1622d3abe8ab9f3c66f24de946bfe7f4356,0
d914fd817d7cc313d52d086a116b6b6901ecbd51,0
f9530921ddc741bd3bfc0a1e0bc31b314d9702d0,0
0c2fd093b5137cc566698f06d55a6f280605669c,0
621e660faef385eabb067a7bc5e546f63d33fc94,0
8e760600024dd7a315fe51c5f937a5753b71cc12,0
277a380fe9485f35ffd40ce7f149858c7ebb38c7,0
8e53b2c63d4dfddaca61054a5118d6ef3e1cfd8d,0
1bb1678e714911463c443f0c047087cc659b124e,0
fb0369b2c8ee7a5cddcd6d8369eeb1258adc5640,0
d188af069bc52dd1def56f37d8f0f96ac4071ee2,0
67e9c4a7f45d43950b02c16131680dd32e9a8f4f,0
a88a5dd38a31b1ceec82cfb3c14831bbc4b40ca2,0
2bfbbb93df215bc66f8e1cd331d58aad619352fb,0
832dee496a6a69e734362e77bc0da4d4435d321f,0
7898e2a57077e82e1885c5614357a6575572cafb,0
d57f5d0d58d1022c5cd7e202e2730d24296e7b68,0
795aff450fe0163a06c9530bd9662af4bec0a888,0
54e1289e24556d2db817f36e072d28cdc3ba4da9,0
3d63087e5b7a6b56687e3943fc381a65f738d3e3,0
5651e99726969e803368681fcb1072e8d9dda87f,0
244cd45637dce6e7de2413842a2d11434403b2de,0
ac5dc7687be50b5ed267c12128efdc70914e087e,0
b4d1d80dc35142d391ffc131da3ca1c163544194,0
119849889841aa90496539b5474408f003e10667,0
655930a8e91170b9d615f73809f62df16a645f17,0
cb08751b048f0c5c84b16755390039f3ebe8040e,0
6d06bc7aaa22143054102a55882c3ab183ed001d,1
9e47e01afcd977baafa4fc2de6d7dd909d926349,1
9618ec936e0612c3bdb480676619d3f93fb467ac,0
1f37e9b43a9800117863a8e808feb9e0d12fa72b,0
473b81bb0c09a81db54d4d9c833473b65605d36f,0
9d8756e13b0392dbc2cab2c3190bfb04330e0951,0
506ee616ace618329ee5aa6b9adb4461490122b6,0
43798d66c048a1a634a70508e269af8d90a146ed,1
145c359a4857ea6dab8151146167c4aea6aef603,0
6ea9ed8cb2dbf133730858e41779835045242ebe,0
af94ed2b7a16e393b0c025fb8765d0c863417e92,0
aed529b8030e59223a2dc667fdde24bae2df71b1,0
f0bc6754955682b81f1c4118f0b37f540bff7dc8,0
733417bea39c423092e77f7dc5b703d1099dbccd,0
85cf5f26d29da83c86b388bd257446f96c9a77be,0
ce5a7031c725fc6e1ad220f4291ad857968db9e9,0
c9375d14c0003c09012803cd96bef78b746a64ab,1
cbd7351fcf37b003e7c3a99a9621c2ef9ac32357,0
7e49f9f52c0390b2d59324c117770decec4f129e,0
69431b6452e87915f65ba34302fb1bfa8daf5d55,1
e4ce92db0a0c9bb21f73391793e842fabc7b14e5,0
fa658c47c6fe57fd8d13be4f409b2e9250c492e4,1
6b8bbbd50346d1bc1167ccf09942478303ed36be,0
9e5a504996eaf60a592e8ae9fb00d606f5d6bbbd,0
1a2ff178b74b507252726248e3bf9881da674ae5,0
386eaaab317f50bbf0c467351d3a4b573fcc44ec,0
d6210185b64357812502dfbb0d539bb46b8ce849,1
7bd5784d3441282f980c4bab33bed5ccac988437,0
73b7642b3ddfea81147537d79d7a10a095198d9d,0
8fff7c6827bce19a5ec8e1dd56910a556274e40e,0
c8b85d90cf36a70ddf6671e3b3ee0cc8ca53499f,0
35abb9dba034abe9ee1442a6e3d120bf43ba09e7,0
4c70aa1b0c6b12af2d08754211c9e9b925e2b821,0
69d1e03a416072b880ecf0d3556f6d6fe5ef95a0,0
bc729e9791bf59c51aac4efef1fcdfd5e665ff13,1
d52209a25266642ccf8fdff24ec9dd66564f773c,0
a87bb0122bd4c3175b1a206494d1ff49b276211c,0
eb22e245a8369147333569415e5e9bc009dc141e,0
bbfbcea7ddcad715adb5800920b8a56f04c38455,0
9d161a105c385693db2bf5435514e2895dc47bf1,0
9bf5581ff3d290c10f10d8759f27aebd0dd0bac3,0
42439b7f72d04afcceb7696f299cb64ed2319e7d,0
a7af0277f83a727f222107d09df83e34ae937ab5,0
5b1fa0bd4695e0063ccb97db481acfe1fe165e04,0
b23cd16dc930586e27cb007936c7b0ec40182dcd,0
94e45516537f4f5a3df55db6c966001348922aea,0
fa2e6d681e11b81393073264e7ff9ba277df3476,0
79a17b961cbe723e24a7040609b430356aa362a1,1
c04c4610e097739abb65b9fc7d2ba45da8b64511,0
bb6b04d96a6333ec95248880f2e0f985e9dd1dff,0
10044784d76df474a7c1ebe96b05c8d72ce7759e,0
8f1be428d02d576405ba53c2affd05e5d321f84a,0
cd3a7c8906cf549d7b39ee08f5a1f5a088b1e69c,0
ca145a79831eda3e1b57536bf35bff6f8a25decb,0
a94ea8df19e6893df639eb4fbb44e37dd1fde563,0
f3aa537126c5bdbeff405196b855f0c5f180f134,1
9ef472e8522f03f76131ff41432e009a54187e7c,0
81a2ec87951783f57de716e2520602ff57617fff,1
cf09a6a70b17a4786078d97cd85ad31f1c808d89,0
13698c21a3bc6e70c5684f68c0da5c706b60a1c5,1
b5645b6657abc57b3a1285f60bc058aafa250266,0
be27f36e70140f0c310f5671b8e0333b8d5ec2f7,0
bfe9a5d23a501a674b506c3f8e49e6cacfa22ff5,1
3fa28b90d71d651f289ec9d3966e945272bd178f,0
5ddf5f279af4dd0c1fd7bfde6269143ac15a5c83,0
b3bd90184d2e4e8a8c2a2099648203eae36d1b0d,0
d4c6d3c7399f96e43d70b96eb5ee6eec623ab600,0
e3dd38e8ba8a22b08d0240cbac8f285869d37912,0
13b28340af3c39716fa68d2505594356aace4717,1
70b1b3674d32e59c5d6dc270adc039be186cc805,0
a5719211476f4ec7f764479c2b52e7eabf2d7850,0
310a104d8c3a786a5a9b5a4f69237c6c9b6c7f4b,0
ef0375aa2c5b747dadf2b9eff4ddbb3502a01120,0
d50bc1d7d34f35da80f0504ae3a8a38caf36810b,0
cc45413b485cabc9244b5becf46cfe75896442fa,0
e9b9186348e27cd8e26161ccf13e9aa8f62fd643,0
ea4bcc4a9dd5899ff50f7473f7cc7745f943dbf0,0
55d17a83c24f69f1fb6357e128dcb3bb40d90370,0
78079a326abd749d6906b5fe72228a64988e62c1,0
e25f6f045fb769c39910312c1bb119f8ced0879a,0
a4aae4b302c94bbe7a7ed54a71c796e409fe70a5,0
5c95741e3364a1d4e83715b177bb8820617a842b,0
e672c65af40c10ced63272b9dd66ada9158c1d7a,0
e8d9d4a8a8e86bf1e6bfb5a6fd7d116c8358d78c,0
b14efd082f92666e808cc0016182db55dce5c0eb,0
1c4f22fd54f2225f83f61fca5ed7ea1cd7d98c53,0
ef531622ea352635ff7f94f03bf209b0815ee464,1
ab916fd6d2469be54b09c8de111df2fc08db29e0,0
eea9c54904f9bce02c035437224284c6c4b0067c,0
0572327b0f0fbb0e8a3ea8a294d8bb384602ebd5,0
f506192425d07e4d964730e43bcdb82ceb4137c5,1
89fd4f0cd36ff7b644cf326eb6e76b5b18f0aa42,0
734a3e8c070f64ab7787ebec411d17d42599e972,0
484bddc4880ba0c9a25bff49cd5f1a505aa9ac60,0
94df72d260abf0270f30bbda064f0246b54b06fc,0
0302abc91093bb6d2e5b5a4797714d9c5d00fab3,0
226df5c5ea3b077d52f6ef9b901994b0baa2a74a,0
efae0500db6f2a5669c813cfa5416b4a06275288,1
cd49f626aacb459ef94ba5f4099fd6f0cd3fc448,0
12f67974026c581fb06aa993a45736c771f07bb3,0
cb55fadf4ae1845d77e3fdc87ff1e1480cd3a84a,0
25d441a0325266342ed6553dccb04f1f1fdf257f,0
e3c68f848cbd846370d152dae987a16a3c35ccaa,0
8b714b8c5e5c441f2a02c3e45ed715796d9073cc,1
951ca8474cf48689f9059ebcca6a173cda07a2da,0
2f550d1882e500c3b47e65e204031ab9ac1a603a,1
e50ca095adafcacfa391f9b5c1cbc58ab239a81b,0
d4598299c905aa502a021db1730b06f37a550c29,0
55ea0a293c919fad6986a17021a1ff1e970fa623,1
8b03db00c076ce6decbe0ce174a1debb7ad860ed,0
8b9ce6a246fdf34df8a2cab3660e0e006919bf50,1
caec733a5a014efffe65b3d7af3a57fd32b99f67,0
c9c6eb482249c99c04356ad74351fe5c684bbd4e,0
ddac4636e128f24099554594858f9bfab3c9163b,0
f40fd2ecf0d0a1ef34554d8a0d05506101effc18,0
197370e759e128753a67d024ad6fa2b367851a45,0
5cc7520e49a26547fec73ce704c91c9f7c4de782,0
de34b1429b546101d779601b5b3e846e288fa6ab,1
2b596bbee37b99e16c9930d729a75d195f6ae42e,0
009d633b45d9e2404a979dbecec81fe04de8b038,0
90b0882a64cb21f849a81149ca90ec688036c062,0
b4cff4ced67b130eaed550ac84d4dc804a74b2ae,1
3abf0dbc309ae4bd35265b83eeea0a336add47c0,0
ea6df2a75db44e6c7fb7480d6a32cd72a41a8c5b,0
614fc7d4c708ba58bdb73181a9b4f276844329fe,0
f35446928567c3c4d2a28a1e513f88e78ea35fff,1
7b41324f8b915a1003a4383513c1a9eb0742ec32,1
f6735a20cff0270843e06b428e2916bc8a68f745,1
05b7822a07f827b563dd9ff358282160cfd42071,0
031e32aefc3cb9b56d26465985336256e8708311,0
74b1befd81fcff1e1d1656ade44fcda19d464a23,0
1e8d6cb103ac7d1c91d2741e7852c9039e0cc0ed,0
f1b825ed8ab69393a64d3f77813d486f273318b2,0
6a89c74defae2529d871e085ce02a92fbe3bd8bc,0
7489726cde33fce3cbea6d318ec1f7980729ea2a,1
bc93382c6551fe7aa4c77f673dfc6544a7497df3,1
68a02385f8ef973e57f0b7e91720e57a66a7174a,0
39fc7c3b7f04a926845ea9ece897f2c303b0b1c3,0
b4af6cdc8390fb577ecd79c3d3c3d2e56131fa8a,0
07f3c86547d34d61e8293d0cf630a901565715a1,0
8856c9d3c6c3ff9f60fed42c5125106f6507d6d1,0
cf5e5d60e5cce06e22960a74eaf7d08628175a3f,0
81812f94022665b1e9cc07efa130ee7c2a901f8b,0
706b65ee5a164921e5fec8bf41624ea3901941c9,0
3f15ba239d3a106e8b695d42a2b13303b43c6fbf,1
18e5639bb82695c0adbf0fc9aa41b8ccfccf178d,0
bb8aeb11a9f833b95f08cbae309ced3b06f8ebdc,1
e5dc92a0fb5832ae0d37744a06067e2e796be83c,0
0d32182914082ff524b213932658de2660292a47,0
56b6e8a73f88782ef33fcc3724f3f01569845ef9,1
3b55f12f94eba9a897d82574a150bf1d248671e1,0
f1dde092df6848e264ab6d82fbb673afcc8ac544,1
c4d2db558990aa245ee91fa75681138322434401,0
9d981c5cb958b3ecdeaaf63dbde9c3b01939b0bf,0
988ba33c578d898ae3c5a89637daae5d1c879fc2,0
e868de3a3dfdf4105c6bd26049df137a32e88d7c,1
603b5fd64b85a869c58e48d4ee878cb5726288e2,0
93e6f9ce5463b433ab661d4290fa99ac68dd59c9,0
d36187422e9af4775073b5cc1b770142aa69bcb7,0
547dbc435bcf23d7e0927d3e02f51b8bce405c86,0
82644de21715b4c636913ebc26f1a66f8fd72eb3,0
018320844a77400a55e5835c320b278a247a144a,0
02b31b3d964fb0be70418627694ce2c0f43cffec,0
660c1461709010526ec7efe36add5e91b8bac4eb,0
53c4a01e3210c720e7746455e3428ad881ea05aa,0
88bfc2945c68978002856bf4b6e550a7acc7a7a0,0
bb7f8f5e9eb084c317b4adb8536dd73bc99b9c6b,0
32c9b50234b354b25be33f3afe9c00cb60062200,0
4e13c869cceaf5ac9b3af916e158b0ab88cec9ae,0
7564a0f02167a19755fe45e119dea9f5ed4f768e,0
d4deb539cada49f1742c8a6f8d7c02c1c8764b5f,0
9005f059bb100d1251eaf9e53976efabdeaba793,0
ed186cb9faff88f878b84d2f2e2cca613e27bba3,0
ad106a0c2405fa9392538c6172d0334caa75ec01,0
84892f7f27a56ee5a8ad15ade25fda06ed84ee89,0
72c69e307b9eed00f441a86f6147047b122557dd,0
6aed2660d074a1b421e6165587983cbcc42dd625,0
198da2db4cfb3d066ae2f909f2545ae3099b8567,0
87d1400cb9a02b52b41384d4d409d0e618bfe089,0
a7c49fb0b73d22c10911274c064322148b5ebbbb,0
09b64eba43c855d75f017e61ebb862222c144518,0
3e464eb101b2dec0518a0d3eb51c6277ac7fdd04,0
6e58521cf579adf62f756d9a4d33515fbecd562d,0
557864c669aa64c5287a411b9aa0137aa39f947d,0
e85031d98fc880f1ba56865e379d4fb6137e8430,0
cfabc95a1c1cf2dbcec38ec42feb03bed51e9530,0
078a6a7f8a74eda4800983552da04db23bae3c20,0
5b74baf60a2a4415ec5349af0e384212a597077a,0
e066ef1f06abd7674a608833702cb6b8f17fe91d,0
60b30f89bdffdc4108c193b683a57ae3d9203277,0
78350265f0da4c5795d4958fb59d96f3a9272c14,0
9c662e882cb8c48c55fc7683846668a81a34b75f,0
dd16e56165c79cfd55b85f9d9a4a4a6ec713071a,0
2a79b4a9a66cc1c270bf3c98fc563daa4102a9da,0
c627638d47617972eab6b51411f10f3905054193,0
1a4941e3f978b9824d9721ab218061749ed4a8a7,0
ee336194a578bbd46345ade553fd47d5551d19a4,0
a0d893bd0f0b54f928c03b1efb4a1dec3dce3faf,0
9cfd5825da229725a60cf56aa7068d6e3c0c52c4,0
502c36905dc0b463ae7108085a314b14f353a7a2,0
a61f5ac37ff86b951885163502c94a65d3e1bdda,0
0b151799cc5e4270cebad7670636f3596ad07d0e,0
5fcc486cef904121adbbd7022d4d0c8dd9dec352,0
7a1cc90bce09a0acf90f852f7e3e97e2ccdafa94,0
df1146dd8754732b2529b1233be21c18a7951ba8,0
a40a136939696cc882df30160a6af40aab2ef611,0
0721f429ace0d648e1807c641c03f7fffe5f6f2d,0
07f33ae4f070097e63cd84aebd13ac553c8d3d63,0
be51947608ad19274ac71a3b738ce6c378cde72a,0
e46a01f67209763930a913029ebc77c15286170d,0
50feb1c19e55ef9a2850279220187f04246e6513,0
8ed44e599551e5841660c55b56658d98c1f6a043,0
5e156d6261ac81408f9bb9dac27786d472679fa2,0
811820ec88bca6fe8cbacb538389643434a35ae9,0
f2a43e8afe6e4eb240f47a831dab86eca4c1f896,0
39b6793b8303ce8910cf1f157c15b81572c807db,0
80b29ec506530ba02b0084a7eb521b27b30cfb6b,0
b9b2bacab8417704bdc5e5864c903adfc8a017a3,0
7e30f0c179e32baef5fcc8c00c25418e35cbaf44,0
25641f5e6789c061cb63f6ca24cb568112a4f8e6,0
e1d60c08b0e502718efabb592d7551e0aceea16e,0
87d8921be61772c8386683eb8d739dc014aa6f56,0
bbabca7ef962afc3f43b98a1ba7dfc3fe01008ea,0
0de011bb106a43d8a7dda98c5f6bad6d912f03fe,0
271b0b8acaca1711a38feddffc52eebe7ad78b04,0
f46795d20f848db6c66d892ea982bf298a999795,0
56c340cce47e0e504e41aabde256d9c215a8c9cc,0
d11f5db51da7bf0025c152d16a6b2120f2db277b,0
b9aab0179249e94d5855da96525defbd48d4acb8,0
d5d52708f521aa33ebe6c0cfc79b379a52c29588,0
ab71b2e8f2a4869885e4c2cd33a51c5c49a789d3,0
1789ebff5b6b2525f242c202623ffb9a01a49be1,0
440cb2b4f750db14cadd98f08de3bc5790782482,0
41b539aff2e7cd468248c19485f5d59f637251ce,0
3cdad63ff9b204ef1690d315d43f4af46c85fc0d,0
be4afd300161c2a72bf8721f291f0f272c9c2be0,0
1ddb43eb48ea32e07a15e7679eb4269fc62a09e5,0
7b96dacf30a769243340686dc3943df91fc0b077,0
2b08d8ea441a3ac73f66754d309ce1bb9a04d639,0
7852f57b62e49d77e71d66f0ef082efbc8dbadb4,0
5f57ceda18c444e9206cb18842bf57733560647a,0
49b3714dbb47b9c2b0e470f87e230530a99c8bf6,0
23d364a294226f816748bf1a8afda802890cfe76,0
ed6f70584db1ca4abb19388b6231bee7628d65e2,0
156aeebf249b8e3660c0e526d929d90849cc4122,0
9e3966b212c2c146e48bd6ba8f8f5be8229aff85,0
65aa02aff99e9af677fb2fc54a37957045e05df9,0
7872c811bddc41a40f55c61150ce523931528db0,0
7143fc66cc43f2a80cd5d383e44b1d7bb975979a,0
b7c8291089840653d7cfb4b24c818ee7f8382638,0
012d221f12e0672aa4fec786b493b835b308ac1c,0
a1280b7a7fd7f93caf260664bf094d6c3396d82a,0
23dc3cfce7cb00fd7873701e0c29512ccf96c3f5,0
cb386d223e18ed5162996f4a04d951773c8416c2,0
4aad9e52b84a43c6788a217efb369bc018b467ba,0
07dd207305cca420409e0a16b453dad8916d9e3d,0
6cc7de9a6c90db775f348fd59c9423bd6a4b2d5f,0
63bb5da6e49ec74e133f6d1a72a5dd91c8171a0e,0
b1e075caab343ac6b0e95629ec0cff928e31e9cc,0
9fa011c4c198ac6972643730e3055c9532763e8b,0
469843ec4718b80f5b89c9059613488e069c52a5,0
d2340f44cecaa54405adedfbd2edaede02b20f60,0
d1d1bfe9da852ff047bf4b8c13bdbf5979ed869d,0
a118f1386aa253a8fdd8563816bd7387e166f142,0
72a3b35eeb4c3b94bfaf26c804a094082616ab64,0
e31e059731c7cef54e64855bb6bef1727ff5d69c,0
2e2a4c5f1952929da76e2d14296713b48836ff73,0
dfd2de874cc395346d3afad25333ec39f87f85b0,1
96acf3b89d68e78529cca12273da294d89d7b0b2,0
de04cc3507754fd3581134ab2eefc527826d61d4,0
cc9872ebe0162a538a3077af36ed7d90e0f93b58,0
ce550ed98e03f88019a42fa095eaa10e97639bb3,0
aeb123abab7aa7f321e469de345d3b0a790c768d,0
e017f152fdf87707e730335a11e208c998e6ddd5,0
52bb90a230ae1d0056a711baaa7a0d597633f341,0
7de9ea82fdc540ff137f90871dbac88d61b772fe,0
c8c11e33c370700c75cd9930d76bc8ba4cda41e5,0
ebcc3addd20eee7936493a7d0b4eb32c273d19cc,0
3595d49b34e37d8206844f1e9f6140b8b418ac7f,0
fc56614b70505336379ba04dba1b5971de062d03,0
e21d84ebffe0c4a6545e6e2ef91c83e9af19e44a,0
3899828c55ff25b0745cc1b88f5247ff9e4aecf5,0
95d3263dc9b297efda2b6d361940018600a52e66,0
ecf791e7469386769305654885bf47eba4bfe122,0
07e3cf67ed98af3a207492be276762dc44063140,0
6fce66c4b286243ba6f5cf87878d6665c3259f65,1
af47179cdf11b7f13e16192171609ed58afc9e9f,1
37904c859c241aa1e2571db3e956850f920f1532,0
a4c6cc7ee6b6d4df618f4c55f96181a2a21c18b5,0
1a220b9802ebfee4ed1829011d1f1b3300ade9e7,0
10d81e64fff2e0f291de1cec217b32e8d2321de8,0
ad03b622f73d9e68762cefa04c6df698cb40a82b,0
70a21187c779146856ed03362baaf309d839649e,0
5fab97494a8a1b03486f770d5613341cb25deaae,0
b1bcc6612f02e0c1042ffad8f14efb7ebfdcd4bd,0
87c1b527951a6984b3b80abef2c1e1efccb2358c,0
ae9abd4c9b42b620fdd4e9731eb7d8993dbd1a0e,0
a9b6d02be22932098fcf69a47aca620e4c0b5c72,0
4d984e2a2000231a67777208e8215cac13a64022,0
abba62066d16e64f3c291deb7c5b0a3f31480e3a,0
82be2fece81193f43f76aef80258d760aca8b171,0
c478b95dbbde40c239c857fb6b9d555358e199a7,1
9ba0bcd522ecd9deb682db405b33a80c4beb76c8,0
221a53161e0abaa447463fdbf14bde4e9291addc,0
8d0b6bb7815f287c8eba9b89b7d6edc5a48638f1,0
baf1e388e3ec03df6c04c9506d81319624bc86f7,0
35fc3aed141435934c9f01da72bb508f70d0fbae,0
6096958823b1bb4530934dc4d50bb5a72f53b525,0
b317ab6520f5344d17469468f276a2cd442cfb89,0
6ad7b4815f482791db52a0bb8f3954b0d50db81f,0
f31638a350a6ff96b18014333316ad8c3011980f,0
3677ef953f0e45b730dc856d7b4e78b0a3c73897,0
922a26a9d752cc053e0b857f7bb9a27640c586e1,0
e9132a0037c3baba945833e92fc96236334dec91,0
72340bf301cd9ac74a62c65625b5ecf491ded1cb,0
329377394d690cd8a8dd4a45b7f237f02ec1b870,0
64ba4643d97e3158164ea92642347d8fba40e08f,0
13566f74d4e94f7c7d227200acb37fbc19320470,0
2aa7f3c3aca55bdae4264ad7345f40e00de64d9f,0
d3cbca8909a87c73b51538f2fd1842fa0dac8d7a,0
b3c867ec4380f5396a8b978d015e69fcb64f01a7,0
29d0a1b3bb268269dd415767c58f100a68aa87ab,0
0eca25d92ae88cf47513a704b091cdf34243654b,0
9525739443012aad87be56298e93ff4a788a9385,0
ef6fdc5591a8ac7841fb1274c82487324091f979,0
4e3a6c79c39bcf33338a770f9d6afe329325fd57,1
48909fe254d60ce9ea09cd64f71c3f855bd9d8d7,0
1d07f40023730bad7d17bd09c03cbd3be01d9163,0
2c9efcb4d43d014992f4d19c302f66b6243fb2fc,0
08b32f19df5de17c1c60baf35b91d6daea8eba45,0
c4fef84a1f9c4bc77c0a31cadedaf542c70e3706,0
179edbc239b33dda06db1f5082fe7868f1111512,0
facb10e1ca8a6f994f1c5562c27d506aa3dd2569,0
1677b5a14a16d261d459bae975a44f268fb85492,0
0fd2d9d624b4a0b6f7cc01413a3c6fbe16f15254,0
c108340f64c580ddebef91110be5b426924493ec,0
e90795cef0bc9e68c1ecc2c7e3798b7d6b300816,0
22b9696a68834332f9eb63976678610cb3610354,0
d898a721191a41c818270ee3c91f76c218cb8e3b,0
8e62992097f24c7acd39dffe7832bb91f7286d81,0
aeff56884d870af7600280e9db950c3130e6daea,0
8664dc3cc84cedf3b06e7711e7bffc0119a83566,0
5aea5032c52dbe01377f70f382eda6fc4dc73505,1
c60a465da66d2576164b31a1505c8ac6cc54476e,0
eea6fa51b77904a525e2491d533fdda1665450f1,0
01eb572c9febfe303339af6b45c1295b24b6eb05,0
f4c119baad6690085a6ddead38c12c35e1e56996,0
1fda7ca4635c368eeca532e4a4581d1675fbbc5f,0
56407bbf5353d9f4af5f502d1249e5f34f88da67,0
6fbc07f596aa012853d1985228935f8744619a5e,0
377d9646b64f2919e8c4103cf5bf49a412b17cf9,0
27597b0696ca558ae3c74be0e932a524d24da283,0
871426fbdfcc6b59236509b1f932c989733efacc,0
942cb8288f1f3b2403f57b21e227aa812ad19ec0,0
92a1063beb8912f2ad65e0876a5146958193029b,0
f3c5520b669fc3b5820db3e6ee90794c9b953b2e,0
d0acc862f3e6f506f338fd4600297e9f9f62c2f4,0
6364e6385f6775b0285a808ce78241455ab95466,0
9f505f73192ecfb7fdc980e59f34c925ffb9f20f,0
ca3c0d06455788f80696f0325f33ff7649f95770,0
63d67cb01ca965109e3c665c3a029f3a4d357484,0
feaa3ab61c0abf5a26f87dce65e000244f0d74f1,0
6951412958f8a664270e16f3a18c784cd3937132,0
3bb70300f31a23a46b2865eedada8f16cfd0ee19,0
454ff6dc2c440d54037e551e7352a60e65daef99,1
86e56647f8ce734a85ef9fcf71e732dfc241a444,0
c61ecb033ce0c10381d8556a0eaa54cc5b27cc95,0
d4fa86ac9489dc68bbd32f5ebdca6a4511ca074a,0
3db8eaf3d99fa9e7ddd06821d4a0c8d039b5ff4f,0
1b5395cfba68b7af94369c14d5e6cc2e9b77625b,0
e58a39a70e4b9da2d31bf9f57330057b3a8fce4f,0
ccdcb38c89b672be1cc790c7ae47c22b2aca8a03,0
9b58ee412a16eaf6045ff2572eccbdab9c2c0bb8,0
d717963097112fe15c619ee28eb34838649ab198,0
22eea98340172484f9c218a3bdc384ddd672b3fc,0
23aec5ef241732d2d1d3bcbfa9d3536dcda8bbf1,0
e17dc517e6baac5418c22cbbea30167ba2471cb1,0
f98fecbd257b82ea67328776621a6476f141e84a,0
5d15e1ad293047194f66f7b75b95567dae4d6246,0
36a7a2cf895e9ca6eb085b67f2c8282b5f0af7d4,0
27cc4d2c01f31ac1f509b3e1ae74269bff84bf41,0
394418e03c7141c773753aa1aba967bc9b05de79,0
6110d802a97bdc7816450ebc6d009a603a24dbac,0
493e9de0917564812d2a6ec2674a014ca3ed9e96,0
14119433f7dd9ab5bb65eba1a8fd0418cc4b81cb,0
b7f0694c6f36c25b615aae736b201223bf40914b,0
277786d5c2a668ddb18c3674b9758e2f45ebc7f4,0
df265900919886392ca5d789f5fa8fb44656361b,0
984c7c79792ced47b4f3a0dfbed5cd9dea783339,0
cb0b0f1180a71e345bcbb50ef7f8dd8d6e660d2a,0
bb3043411d4c59ecb997294efbfeef5eb5509d61,1
7a14f7fa850b59a6b13796e015a69ef2beb75a81,0
c4afb0fc9aa2e746bea781bf9305f4b345423a74,0
c215f274bec4e1094c0cd28ef9eb9920248ea7a4,0
03b5440e01b17d4f5444c498055b7a394b08cbfb,0
2dd1008c828234c978fc2afed876268055aac48a,0
57bdfc3a4e6d94b8fe952dab35cea745f6aefd4f,0
a30b916c11c28b5c2f78d262df8fa8d518570aef,0
eebe3c03f9651c24a8e6e9964e09d1a69378d4d7,0
c75edd1030901e7b8273202014918165f5e3e1a6,0
2d75181bc64c33c8d31c6b6aeb11ea8d9b4245f3,0
da9e77060c522bc711665717c9b514755865a603,0
47cef7d64db722cbaaf557635ad465ee2e4cce1b,0
524ecabd00878f9f2d85fcfcfcd19247201f7a95,0
09ef7cf66a1a0dae7e49c258f8296a1192b44e7d,0
90077ac47a11d5faeeb7a6aa2694357c4beedbf6,0
26f48be4d1600a42e8738669f42473b9481a5831,0
704d9a100b377a31cd03e886e857b3225820c8e8,0
c65349a008f0cc2f1f3f9779087a6d7d9bd2317f,0
cac23ff9bab9b118273c171f9ee27e0b1a5ecf57,0
9f6a05ce706c00a507c61a1f90eb421cdddba9b2,0
7aff644e1242055c90e473c890d08c6a56b01219,0
9f7e571b54e059f13c436a65b2accec0783714a5,1
7ac08216c6c0429d330c14ba003df93ecd775ddf,0
2a35f2b1527ac4b5447060907123de8a1a1766f4,0
771f5f5197919aee49513da570cf5b01cc916a9f,0
35533b6572737c2c5f5b7188075547aaeb4936ba,0
31a4c0744be4830192060a0036fceb9e52b24db9,0
29bf09cbd134cea56b3e3e2a496219d65aadc14b,0
92996b02a1325b200d217998aeb6c6a078f252bf,0
c0bc1ab28302efa0e7ee6b1f7410af3b471046ba,1
6b3ebc8fc797ece69efa5c30ec9d5d28c26550c9,0
885f74ee29baf5f1708dffe8132272e59e1a827b,0
f00308c13a0c41d660692d2172a8e2b6999771bd,0
ac0c5344653f658f21c2fcbdf1011f18b0b3da39,1
e3031b1b716e859d678ef67c30f65de44d0a2cdf,0
7cd00780ceacc667f12c225599e9d6360be746dc,1
3f773e370898d1dbd01e7ff29f297c96e109334e,1
c5b8992f86db2f8dee147d31a6e6e862026a0f72,1
11242015381e04911954da0a93c29eab30ff0253,1
cf467bbe30c28bea3caef13a2c387d16f89b46b7,1
906a625045e3624010d68a7dc8e96a171c9f0437,1
43cdaa38a6eb93a3263a9c21c690dc160b891830,0
54c9ea50e3bdd350fe0619635fcafb8bb0b63792,1
68ca711ea5585bae65bd4c7aa9fd066636b303e4,0
710f5e0cac1b4e78f0a6fa590b0017d7d9d23f36,0
809bde4da3e83bb60e893d465396105899d1c7d9,1
be7fa5556119b8b994fd88dbbfbe0222e058d581,0
9802f87c3a438b61c7fecb43f05c461d643304cf,1
f9db4a2278770f7d0b9e90f9a0e943c0d40d481c,1
4472f0e276edb5761f60b100372ba4b0ac19e8ed,0
aa2530a02f81c28fbbb80d72113b28b76ee88454,0
8f53124fc4ccffebf7845a343cebb8265eac2d21,0
1a80f6219edaa002d239a25f46a9b446bcf830a2,0
336d9112e92f0d4d11ab3ae472cb2b1697802f1c,0
52edcea302e1ec12ea9585f7d25c41efc72cdd15,0
a5b59a42ab30469a164758110bac05daeb80e54d,0
fdae9d49df10da452591e50036b48c03f5fa06bf,0
47b04e5787caaeca7ab803da18214229d09f6003,0
de6b2185323925acb5cdcefb460b71c78c28b12f,0
e694098a0e1e59c99f396db8a836b69e204ab145,0
db844418f0cc7381dc206a65b6f9d221b5231ec9,0
58b2d51d71f04c16e9f1592ad998ea4d952600dd,0
7a3f2789413b7a740db920482f4542635f6296e3,0
d602c2d2a8a8c5311dd028c72f89403abdc24b4d,0
b07ca3d435b571c11ea09402551c679de1af3374,0
1f157d671453db18468d4c0a8ab89ff8c402d61c,1
ab336423e4f4898925c8f7ad93e3ba35f3745488,1
1ffeef46853a09b99d89e9e0c6b20a9590db114e,1
32f40f42b3bf976c9b23177e8283af281a7bb546,1
49d152bd3787b88354f4725c1b6184439b3b971e,1
37dbebd8de947dc4cf8ca88bf0c9d2c7fcaa6be0,1
ae9bd12a5cfe8ff59de84c5df8e957027ed1bfeb,1
48daea93ae28f63445ad7a4c1978682e2d8108eb,1
66d9e413475f144063bf9b56105b3997a7e7c139,1
245e4a7a87c7f0ff5fff0081f9a91a818569c903,1
d1d1fe3c17b572a84cd4110ba524883a185431a6,0
181ab3f238b259b2752c2aec7967b8534f45c8cb,0
17d63df0ca2ef5dcc1c0e939bf748ac59913139b,0
20056c01d8a97e5f1100685f1d3ec0a50f19404f,0
8aa4330e9b5edc23bcc8d01c10a49053403033fc,0
ef76170d36cbf3745142ce1e821e5f32ab487945,0
5a847ddd41f65d86a19e4bb5dd350b3082b8124d,0
5fae3ef82b156e3af67be98f3f7f66023b363877,0
115edaf12a152cefcb381b5f05391de766da8220,0
2d55c1c473c437d54723ae9f6a97a1333ca347e4,0
49d2160b7f33c2b792d3e6ce5973071ac7b21088,1
bebea24a4ca84458363dd7c336df4cbd53905ac5,0
7ca0f964eb8b26ff80e8fdf79d7c9ea7d3f7072a,0
68a23a38649faf2c9fdeb561fb63b92ea699b46e,1
1703e3cc0fa2c2bcbb4bc4399c8bac666e1c7e51,0
d85f06ca387fc028d1dfa88650f042496ec392ef,1
11ef902ec8b0c63a7645caa52e2bf466c67c1ea8,0
c1a3094fd91ba48ecd38915025e776de60d5462e,1
5a811e9df1982e4ad33285677f5660cb0be7b2db,1
429a89fa0573fdcf6fae995a53bb86c05775d1d2,1
3a4fbf880ebaefcb015712f712335b5e23e72304,1
13eb2cd3147db7e6ee3a4e07caff96fdca059096,1
eccbdc000ff6d6c97c7566640bcc05b2132ff4f8,1
328adff3596935f016d12ec514a29bd0a14468a6,0
cd46440fdd2ff31dde45bf009501c6f49cb00956,1
adc017b52926bb170833a2209e8466a5f7b47e80,0
7a48921a22db1411c10af6980c5b77e5b7766d20,0
4d1c4e91b9438e223b3648a6a112007ecfaead1c,1
a066e9230e680fbc6f48d60a3caf4bd69b96ee8c,1
d32b25c4ab5d7b2798a00d3564b96682850c6ce3,0
1d3f8e27f4faf6eaf20365af773c20e440fef833,0
97f4461fe359d45cbe50b106aa29a5b7ace7974a,0
4ba767a35e262e22a5087e7b908744bb12253b3f,1
62d62478b1d50bc09cca6db0a46d6eee09cbda8a,0
8c64172c9ff38a2ea09b26c5b89e548e7d0dd970,1
e36f70e2ddfdeee1d26596268283c9578f4af151,0
0184b97b2306af52c0d111158f0682be6093cdab,0
ba25cf87a1f0eac76e97328d0ec91a357babc214,0
957c10c4d854294d3c04bab939ce99cec3d91d4a,0
5663cc50d277e9645e16d7680aec7e1732dbf8a0,0
bc7c34b42f43d14e16d2f7af466f0597e55a750c,0
5d57f3c6ce55fb92d57eeafcf9c6fe19f2999b00,0
b9967b08e157e05399abf0a80d479e720c181a98,0
c455b46e4376a17392aab7b1cb67ed2135abd6ef,0
5e66b3ec68279b9d5ea865ba83191b6681a0dfe6,0
7ac0b2b2e389cd47086c5bf5df5f62d3d77a7a0a,0
07cd2d8652a21fd4b4e6a8feca233a00ffe84a4a,0
fb4e04e843b55d96aefe3822a8071c68dc64bf5e,0
992d410afa743d3216897a15dfe5e9ece0599992,0
f0f4add75878bf2c0765371e984d1e84dade788b,0
d5534a75ec25b84a6d47c7708093ebffced212f6,1
48835351f4f607ba039e01143b4afa40449123ca,0
1893b33814e6f850c5a5fe3f70621d212642d87e,0
4a4582df56c1f70212c955a842687ccf89687f33,0
afc8a74416067aeefc0ee0eadb0f5246a49ce3fd,0
d312f2c6cf9b08daa96641a236c731a41d0ffd01,0
11c3d44631c7a71ac1e7b0927eba7370709da8d9,0
627e536cb3c126616ae279584d2dd7d5137d8dca,0
20e42bbaa3cc4d366162b5b91a14ffe0dbabf5f4,0
e6f1ef8ddad9d97d2229fecedace735c93d36e0f,0
6b5ee824cc1462ef37ff22d58c01c0003b4cc1cf,0
d7483f0a141e1e069e76ce96601f96f094643553,0
b7a91471926c68f92d8fed750d44a193972a2225,0
6d0c67a940f7ea07cc6aee207e55f282091a53ee,0
2262e826cd16dedddd4416a1f03fc03e141427c9,0
0ed72c2c6a604c550e12c2ee2af59ad77c6e1bf1,0
9e98c071c0067b189af5478c95d91238721c4d14,0
b602aff8eeb05bbdf7f9d90c0692e6b1d28c1a22,0
0dfea89d56a53112412518654d792824c4163acb,0
4fc2448b45a1069b5c9654ae2d054e947eefad07,0
73f76c13613ee1ee37ab386a2e1d5a5c0b1ca62f,0
a82ddbb1a88d898901b48f3e2d9995792a56441e,0
15e922437bfc4a9ab7ad646162b805613bfbf0be,0
25a2d11eb530a971f5d9f7f4f6ccf34ea8b6e786,0
857e943822c4174ab5d8b43b2b1bcf1fe6f6c1fd,0
580bf7921dde24ba67dd58bcd4d953a7694b5b08,0
57869e0b025d3b05851c6097c5fa695712f1e533,0
7eccac5ccf2fe7d1c3f639b77f54a1625c94fb02,0
f3d4ad3239cb0de329e8b2bd3187b1e0e1d9753a,0
3899c10d67327b2656a07ebb0c6adc51fd73de64,0
8b1fa360b40bcfff14d6619217a2e2a4e36ee085,0
6e3a9a260716d0f43e119943eed8884551f501fa,0
71d24107d80ad169252c79ab114466a29414f0f7,0
760314e1bbc2a2c0b5b3b95d1279fc9cec6f66f4,0
05ed7fd3043cdf86f602a9a77ce8c8594ac853ea,0
b7455ef9584caa6ba0331bda0e1cc2db6511de55,0
e2a59fe9a72cf9a2119157cd6859b09230835ba9,0
b35f937f48354c628c91ae2f9a8465b307394780,0
51941062e20d1175cf7639e27d2c8c317d99c99a,0
1741b90086365e25ae12aa3612ad9c79107b3e19,0
2be215a920aaa42433be874273f736ef518545fc,0
4a79f036e7ce095564e1d82e2499b32ee12711a4,0
dc001e057837c6ab2dd9c5785f7354e9c4daae8b,0
765cd36ad4e3e9f17c52489db21916155b247985,0
dfca2be017f396b3067d1b826449d55b6c5e660e,0
125634df97a9f36984f797e0b8ef9ff45e2b8161,0
91c82ede4c8dec6f4735c836501aaec3b5817cec,0
1d8eaa8716c156fdc03c3b4153279a3e2374867c,0
f0d4b2c2565c869254349dee89abbf108c472fb7,0
6ed0ab3413c035c5b9d6ab8f00a3fded77efa559,0
bd33039a59e8073a7cc2f604c38bb2b186d8cce8,0
58c11bd85f110575f2ce54e26a3ea40dd2fe00ba,0
f1a9781cbe4e8f5993546209472902f86070c8a7,0
92a0d741b86d1cee315c866bf98447ea9703ec2f,0
e08a61053298dccd472a95b3eaeafd90e6914bad,0
2af94b124bc264a4dadefbf9900b7df7ba6f912f,0
07c71564bc7cf34181d2402c9c10b3fe79f4a24a,0
c9cd98dda1fa10c7e27827032da96f700bc3df0b,0
fff2cdeca236136e814a00e7cd63130c6176768b,0
6046777b8c136223141f1854fd5f26a5e8c6bfc5,0
7f8b5e6f4d5b81a487800209c6e471bef8a394d5,0
1d7fd3d5a5056f4924d07254b9420035c5c0905b,0
bacf8d94a7777b04a88080b790125a98b24d78fd,0
79a1439a7dc339f8a3a0221e3bd6d1a3eb1b4108,0
d8cd071cb1f6b3e26586c9a85d6b60c5e0b46268,0
64c893c8a02ae62edcc7bed056e545d98db0628d,0
10a49e4693358d229584c0725d1359ca1b98d0d8,0
0e266ab547d673ab6a803a24945281c6f8bfe22b,0
aa67a8a00c0b4c5a18c87ed03b38d8bd94680a91,0
37f702bae055af0854e5db1112ecab83e72e4883,0
ec739b1c252d46dad9c06c3ed8aaf1b169769f68,0
4e2fffe9cc2b6e23f79822e01814e0fc4bf6b5a5,0
c72a1cf9f3589b0d4492e8449d6eba96dd07ccb4,0
f3623405862da0109c5fd1c7c468e92c3f53d8c9,0
5e8c86a2417130b558d31d50320986c6bbd4a5fa,0
4cd718d9336dfe4305b68fa800422a8b14b56f31,0
ed9042b27216e3b7c4f40aeda24a1e0648c48165,0
6be9e125b75c5b114eb25fc6f321bc63bb48f5ae,0
d865c93453505424bc73fd870ed7872bb96e09f0,0
f784fd79e593027760953ec3aaf2c1d9b2cba5ef,0
d4e250d8e5001fec580a6a2fadf93370b850f0fa,0
f27373049e349492bf9392abeca7b8f18baa4938,0
232e913cabab56c8295d50b6e068ccf4a7cc5f47,0
f0555a0247521edc4a839094af5c5195210d6500,0
0d1fcbe933edacfc092998ceea5600db7a634113,0
676eaa5bc4d1c99ce78f387fdf49b47368c8a535,0
66dfab5b488312756fba042f81cf06b8cb252580,0
c153e7fb92072d984e464be199165284589d6e0b,0
8a89307d1c57f8c445d279cfa50683df08c543b3,0
07c47bcc630f92b3b1ac772ad8bf230ccd605218,0
7abbfd232d6a6ff7764e6f38a8aff521cc1ee706,0
7e734fcbd9de5a71905ae8644df93e587e960088,0
3fde49b7365163939c69476219f2c3766bdfe595,0
63735b02d41efe980b8cec0c2e4cb791901ec227,0
2e3699b324064e04bd4c02e1de3923b5630baeb6,0
f9a2e74af5a1ceafa6c0d91d4775130a47e322b5,0
05f076ae6410b3c7f789c238b9b8f8c5a25e4206,0
04a0c33f677e143e0aba2865692e550aa9d7a03e,0
04e6295f6e218cfaedc30123ffb672e04c24c96c,0
25158251f6b7366a78e7318193f60055721ef565,0
b14c46fe8d28df384e09de344191431170c1eac4,0
edb2a9d7cf07a4741cec551f6b8543dd066a0593,0
37e1a29ba21f7819bbdb0582a1fa9accd7bf1523,0
1a24dfecf695191636ad97428889fe13b1b7acb6,0
b51edac714d78f1f6969f18ab641828418b8958b,0
ef1cf52c245b048ac56f603d12f512de8b7d232e,0
5b828d605f3c3d195200fb2fc810e99ebdf05ff1,0
f2944d4d3f736a4227dfdaf479619f75ac91f5ec,0
84849be84444741a204759ea53911c0608e24dfe,0
bc5a6cdae040694024eb161f00b8e43f1b426dff,0
ce9eecd27823213f7393be9ee765f7ccc6a2288f,0
fbacd1add97e648af61abe887f62cf166441ec39,0
08aca5f31e71b36f2254fac572933359ade38a2f,0
fa39352efdd65acc0cf5f3929a363d7bccf53d0e,0
b441555447804480ebfa1f778eb53f4dcd698466,0
6746d02e48307cc24e9d5fe579d77098af358fd1,0
97fbfbfb71b812a4e6bdd80a2ac3b7ac5ddafcb7,0
33da15cfc1fb4c1edb19203ddbb89e4d36eaae17,0
8c8a63066b12c3c84620affbe00884f4fd644eb8,0
ed46fabf9edcb2770abdf57450ad54ad9f4ee55f,0
766cbba8b2b78b95c6c86567eb58e7a151aa68f6,0
a1be270ddcfb97b0d965b82624b0d2c4a54caaa3,0
7f561fafc7e1711db64c7c276c7929c2b7959672,0
4b1e52c0efad5889c144cbcc00f116a988f300d6,0
19e51376fffcb78bb161cc7adb8e4a0da4d2cba8,0
4ddaff6babd473f67fc385805938f931d829f722,0
14d7fed1dc2e59b29e1cbaa932b3d25492a780e6,0
de0110ce8153e5b4fccf8c2704cd6ecf1406168d,0
0c4c73e83f1f5c90b8d3754fb69a159427e51a63,0
95923ecfcd642f40bbd6facfedeeca9f198ea8ad,0
485f2956db0f0c3bf73084079168446c5d0c470b,0
64830ca71a400519d71b16571b476a2d99939113,0
ecdfd40027902759c90cba15d9ad2f03aa3d7e89,0
f67b752cf995bdd4c785f79ecba6c4af1b28d752,0
59f1bb2fdcdc33ca20d49c257025b0482a5eafb0,0
5896235498ebcacb8eea2678f2adc06e910dd682,0
fdfe4d588cb66acaca072c57d913ad5004c61920,0
4db16854dddb5a2ef6aabfa055d6cbf98f414f71,0
8c1b80fe7cde693aa33a1ed68e37338032147ba7,0
27f27a9b73c3b1847ef64c4cd80037535ef933bb,0
af67f27890fbad706fb977f20460e32d7b5d5f40,0
0811f8e5522e8af39e295a798704daee7de91f83,0
d7808ad9400bd0e248e3b8cf876c70891c5308c0,1
66072bf6dec8b3252a4a0aecff0e3bb362effe7c,0
1c58ccc927d7bb7ce8c93b1fb69ccf1e69eb250b,0
5c0b5692914ace0711faa5696f314d95f22b3648,1
600bfd16d046f75f7cfcbf0873b94cff323dfdd7,0
12bc06bae020759657c2d83616d14e6749f3e8cd,0
5255016a3450d00915d51c7adf5b97ef899d2f3a,0
b62360bccb29baeda33271036e243dea84f0a4e6,0
a23e8cdb780778b982081b0efda0a1a57f1a7a1e,0
2cc2db02684d20c02515c4cefa589fa2fb4b546d,0
74afbc90bc9a91b16aea18553df80f0d190ba42a,0
c35895d88033b1a63eaa1afffe7dd994869066dc,0
6af2d667de25222349dc916299c1cb202587cb8f,0
957d7713005ae60a0ef622d5b2c46ff6118bc87d,0
7c5bf95387b465addc7aa3ba893013198b0feaa5,0
26b0bf678f195256b843452161ca8a55b0d0ca1d,0
5de8185d68c3db1ef5d64e4357244e2c60f3db5b,0
030f16f2f851e9c8bc65d53ba1c308718eb85ca1,0
2d854ed61f078449e05fed90a14329d199d166e3,0
71670ec9178fb2380937dc1e291c55277acef124,0
8d91b13b252ead2745fba1fbb67bebf5bd412d90,0
905668c5ec0f76e7bc8dd9080627c727f5b8a6c5,0
cd92ed20872dcbbabe79676e57122dd9dfcc8774,0
da61f25c909848d48d9c3609912a7ca2b40329e2,0
7b296bd4281da483a76819fccb0953df5aa2ffcc,0
d96df22ba107677ec86d644d60c361d01113738e,0
57c6364b0361db78a7194a7c2a8e40ea23f6f42b,0
b6986027e9658141e59abd3f6abcfba04a7e4e79,0
2b1ae0a624d866c3f88e2dbdce64252d5f830bb4,0
c50923638f97e4222cf62f3900dc9afa7b538976,0
d4124fcf122dc07a1a8bb4ebe3118416b55a5b1f,0
29ff57a457298b3d296722159b840905b90f3463,0
3425c874813dea807b21954276c281b50c55f8d6,0
aa6f5e47d9bf00f1fe753bf7285ec73d2c08549e,0
68b62438d2ea191b93562db52e6e351244a68e89,0
300200930f6f355f065ca28542ae457619f7f17a,0
93214ce0ffb3c6d2402cd9d500d4fefcb830cd68,0
ce915ed187a73b6110d83bfc3817154a255ddb42,0
4c1e0865f955f1f40faeb7b31f211b2a53f5fb6e,0
6fb20ba8ee53dec02fdd5edea57ff7f029f6ea55,0
d4dd6b9d868b912a682759ae6c1ce40b294d7835,0
9fb541b5c5f9daa2fa6677914727cc3953515488,0
485fc1f5c8a34a10456ba7e8a0d6abeadb76926f,0
d31ac2985a6ffcfbdfee92b5182f38e196366ae2,0
5800e9880f2d60beb254c12c6c58638e1e03f171,0
08637024675ea562b0067d2442cfad24a6e920ec,0
9eff44d5b7e8226037309c331d7607bc57c4f4ee,0
a8b455cc18daf453bc032be1712387e02a4afcd8,0
6ed39ffdd0ecc31279615b0b949ce27fc2b8b75b,0
642f59d900b5f589f8e8d28dd051ab8c033983ff,0
2a6418fee5f6d52a5c703928b96df72a15756423,0
cbca449d43118e9194e69417c4120256587b0fbf,0
7f27a121e909afe8a83c77174acdd3d1f32a6fb7,0
7ce95d523849b4f579ca4c0acc8a7cd3ae36e44a,0
199bda4967e3cad7cd7678eecbbcc3bf803c94af,0
e9d9870f8567c719f0c63b29c0c7910f5221da6c,0
417db3d1d583f001f6ede4be46c5a540d79c3af3,0
c26c2fb931652ede67d73d9552f8296644bd8470,0
e7054a231f830820cf0c037341ed281e0f649243,0
69e89d4c6834d495b9c3f85575f79df14a2bfec3,0
44fbbececc6a017d34e3fe484f6fda97481d31f8,0
a991de824a09308a3a074c3988afa125bb736bf3,0
6d300fe4a6435be481c2e20b51800865d01b5b5b,0
0b89f84a3f4695aed6d9b0e1a38a2234715656aa,0
4cadf6660ea57f12f783f23d06858149feb66126,0
f8aaf7def60138681ff1a8756909970977dd4955,0
95a5b04f4186bde3732e4b723d5820742f71a4c8,0
46ba928e8755bd812e9404bfd044f790dd50ce62,0
fe87a7050d3bed6de63d9e809cd47cba511f57f4,0
e40e6fb284f3c7890a96721dd726306b8271e926,0
3cfb8b823cc93e21eaab89d9dfc2ebadddb19124,0
508f3ee1a3aa3f4a50f63ba1f79ef8db503bc7cc,0
11a20ca557bd39c02c057d81bc84c8329ce7e14e,0
0e7788d5153f682ba097600a75ce1edefba71d2d,0
78b38df8e32d734673d01b851ad5aae4404d1099,0
ea394425c6658b0e0971312353586540e5408243,0
56bfa1db0aa2e27f8944d207e2035a957029a1d7,1
f9135711ab78ea01b4f03c3cc5bc18495fe65f48,0
bf59dfb3826d6c9532838ac312bf3d833caf8bc2,0
e1d8430464163f3e84ad5d27882cea18a7a4d090,0
978040749ecd507309d3b3fc818cc06aa1e7044e,0
593abfd6a6fd834145428d6933714dd05d42e781,0
5129b98f19fea8f0f126b20d61188d190f9b6889,0
5448d6868139114cc304422a957bb686a6eb8082,0
f44b566a32e8c7a877d1526828243e3d33d296b8,0
b9c9003d3ace092ec5c6eb42423bfc61180588f6,0
b061b0b706d3bba925042ac7cbcf188f1384351a,0
646ad2278d251fbce77b2ca09b80e85e41f07ad4,0
436a4cd64be0caaf3110e8bc9941956caf0971c6,0
7dceb18c280828dcab9a63a1b7e7e9d37d52a99b,0
615ef0ce3b0c09faf48ed8ab26904c33e83d576e,0
512c4d25fd607b67faf9037d261aa1946e07b9ee,0
48b0ee3f3f7dd1e4d5deae3ab0d548abeb4de5e2,0
06f160cae8a33b7f13e67e9c0e7a42b061fdfb9a,0
4ebdebf54c16804db83b38993702d677d89baa73,0
d2daf93dccbc100aeebe602fbd07dbaa8a00bb76,0
51e14d1c19e6e3dde68de51c6483b90f6e53ed9b,0
01f73194ac9d6f35d80453e49dbce74aa065a548,0
af9ff2c0835fb4e81bbfd26e863c1922059c5a26,0
d456e77e3e00734e5c74bc12fc847bf0b0bcae64,0
04f2a0125f65b79358bc492eb727e1abb54b392d,0
a473a7d96a744259f3ba9f1699123115b0381915,0
fe4d375e5a632a4dbdede5a685b3f432d73ec1fe,0
15c19336b318f9c36aa01662f835eb26cb426519,1
f4b289ff3b7cdd84f6206768f2abba6165cd5040,1
30ddb575485ee7493684f0aaece8b90fbf62713f,0
aa36610cf23b951647f2cefe9b218abb8810beea,0
a59686f1e71feeb10cdeb4964674f98041576260,0
3a1fbd8f818c41d5980f7dd991bb90e5a1aad459,0
b31765d1cbe470291662cbb1f0777759df9ea9cd,0
8c1a2c0c636f3e72d54769f40ded3c6778e891cb,0
59a70f391c9a27e6380d367cb008e51156ec1cab,0
c3efca20f493cec97550d1ec7bc19e440c3e1520,0
34c13d395a698726d114cd008d50143fcb642705,0
a57a52df39a6a0924ab0424fb00e49f29e57d0d3,0
2791d24a0b6ce4b5674ae93d2d4c45fde6cc7e8b,0
b7b603c15965fabb5236386b6c055180162b364e,0
59c3da7fde88d082b98cb35f43e31caa0b02167f,0
aafc93f9cf6893083bfd73d13d3daa0de00bb559,0
1c6b4761a56cb5a2006064d93d4196e47c432bab,0
6d65751686b50fe723c689b3b1ea36aa019a5de2,0
58d1afdf1ca216b4028750697e0e64c173f628d3,0
a18694508a13933d1475d4e525caa4a6a6438720,0
6a5bb19c3e703d479af6a01e66d5714418d7c732,0
d04bbae9f9aa61d980a5f753521ef2f36dbffa44,0
feec0336a835deb38981a31e543b63e13f9f0edf,0
8a3c5894d20d8bc61faa1a5eb6b934c356a4258e,0
c6ed030f22ef9632b6323389c982a672ae0451b6,0
225b61e5c4084402e5c130531cefbb6f9a2a69f5,0
de95050486b9b2bc610b16bac232ea63f7349176,0
faa7b0d1f9df297907cd48c85db8479c45ddc2f8,0
9b8f0ee40c62ee76fc3792172911179cacc0cb41,0
41021806a9b0c51dd1a703b863c7b3124a5547a1,0
660c08c4eaf9b34d596253217b5ab2b2276853da,0
b29237f9e43f247ceac6f9164450e746492a6fba,0
a8fdfdd5124bf96837a17095ea8f0e000ebbce42,0
c634387534994964a3aba0e2aff9b38d563b165c,0
4cd328275bfdcbafe413b6f5ed8aa17eba9a2cc8,0
751803bff21015a5734d61adcd3e27409c2de4e9,0
2bfe8e99672ce4bbcaa1da57312e6f4b0b4fdff9,0
93ac7cbded9b0b956e3219215c496769fcfb4d78,0
8e5bad7ba7086748d961086946456d35d166a98e,0
67a4466d2bec6132d4e2ff1e4dc8c0366ae4cc98,0
ce2ae1735b3c63fb0947a020a1e058f8789bae70,0
0a7cf4287e6d603e3533c0693e5b179a08d32397,0
bbe1b4fc0ff958de97aad9e2a9af89cf7ace7f35,0
2f6ed0ad1c20814d31548678abfce4fb88510847,0
2217df6bd6d744f822870a58c62148e12e7c0e9f,0
92546199dbeec2829b1201e363aaa9cc724391e7,0
ae3ab2d9df7f9756ff6fd8d51ab4cf1919a8f6b6,0
48134be3d9f56d5e3695393482d7a17e39fe426d,0
33f375d0bec48f053d406a88385465ca09e40724,0
38b506bb86e9c9d14c3c178e6fd64f1e2c074ded,0
92525969644e9d72b1f4e818760c4fbe6121770a,0
69def91b7d8815fb648c62b4d6fa77764ae38a26,0
00977b825c4a45f10806a93aded62fe470125b79,0
16e870d854916f0ed8e1bc3e0147275ab2e79f72,0
6f2db92e5eac5b25765607d5bb990cc9c4092a95,0
5d10f29da7105b549dd6873e5781e4a4b2bdbfb9,0
ffda3202c2555b67f26e8cc17e7a2005a2705f4e,0
385613458aaa23d7e35c8c81f03e3d666e85ec6d,0
522f50e75b344ebd22343d9b5442f70249e8cabf,0
48bf1c84c58429c545f00446a31d938f1f6b3f48,0
7ab573d65e66312d78e41f57c29e1268c10f27e0,0
e70e9c320edcb261f535493f358aa04e8c46c769,0
7533ab004572c33ed076c1137839779c6a00d9ad,0
b8f283f82988e616047fcb0b64700f14f7eae3d7,0
c2c9b9b9819b70f3e765642659823719acfd5041,0
117250ba378b4ba8b66998e14eec048f3c675ece,0
f1636fe17a6135df751bb315f762364b93a3103d,0
4b778ef1af3ebb8ced1687fd904d2bcf33fcca7e,0
bc1256a1878ce7ec156edb1d29b6a0884d9b7ac8,0
619c9da5b28984d736b5d1d12828d17e5c164cab,0
232da9b0dd4779320fd447668de4a1e94cf97a30,0
cb3a1204b126a18e4b1a913eb4e85d33aaedaee1,0
6b775f843092d51f84dc33233ff72d9220ebe3d5,0
8ba78460da9da79b15ff11dc37720722512246e9,0
d62041f6bf04f80e9a298fca7b0889416869f4b2,0
8ff0834cbed4fb97f9cf1426993b50342983adeb,0
237e6d915329cae533d3b0b942a7861fc647f488,0
dec1f11dad9cba354d75d0c6e826d8ea66ce86ee,0
839bb56f22c53a80446a221fc10ffd361a9c0be5,0
2b8d0ef9e735389e7f64ec566527d75ec0cd92c6,0
e7dab483749d02a5c5c57cc62967a2354fdf66ca,0
9f1179eb72deed8a6e854cbf3786ba331119b5aa,0
cc31c4e425c9cffdab50564957d88327c666356c,0
b8d3775184a9de6f92b8828e5a1e21c72793fadd,0
1bc22fd828b5f804731e4120038d2b303d87a482,0
c633c2996899f8886d49f67f156fdeee9ff9a0b6,0
56ce21cd85d09e47dcf76cf4f5047c75c836515d,0
22c74838f085c68e77171030a48de5447ca42d41,0
d00acae5cc667ad5eae302db1a7352f1ca666267,0
b6416079317d29f12bdf248b3344db54abd6d8ee,0
ae0f944393c7a2df835c9fae7995cd46587e03db,0
23af7b2fe85e90e279868f525dc2d5e014a71f1d,0
e20aceb126a5a124943952c3d6e85bb8818a38c3,0
1d0422f8e4727c7da20c14d3369bb6b9ddc1f03e,0
18796ade0933ab3ee54834fbe2c8ff0b376b4413,0
8ae699c783600aa6ede0e80f4e1ce381bbd74534,0
39016bb16030ab68977293c190470783ba54772b,0
45402076a6ff988b452f391ff70df871d32db9fc,0
c5c04ef12aefbf0fc6b6920f61160ffa8e701dab,0
f3d56cf0ae9c6f9a45ab8f3a5ce81623f7433f58,0
8dc88de25025df2c204c639fcd236a6d962cd2e6,0
ae90658d2a9ed93f218957aaa20a2c137b31ccb6,0
c26ca586bf921263d4000a974d6b631996735a27,0
47715d50ad8635c98d61c988d006d274a784f63b,0
a2bb6424e28512f39a9500825d35727ab2086a0a,0
9efebdd31eedf831ea890c55272cd918f58f898b,0
7cc269013a9dbf22b1a546e027be29afc89afbb1,0
5337726731211683dbeb2854b9b3270dc5699a10,0
d178d98968f63c4e62e313680c1ac13cdda8daf9,0
2d85a9243a58f192ff09335b90b223d633dadc77,0
041e67b6251b26844eac0c07779fc5af286efefd,0
2bcd6cf6f0262155d02085ea3e10974933d3f42d,0
9551965cb874199e85f1de9435836b5754284728,0
ccc3fc676a404e1d0b9bd30a6caa5c6249d1f925,0
a5932d9c5ba03f0a5e779b738f0d72f43d04e876,0
7efc32400e7cdd8900729eb8cff39c1d0970871c,0
e8cdaa9c1ba55ead6f91e42f018c9805158b3b8a,0
42fb7be1768b0c5f8d25f3ea346f348e7c171dc9,0
fae9d4a4f2486f896f30c910c585165b7f99cbac,0
026d018d6ff15478cde63f33eb12864e2f47d7e7,0
2fc1d926a4a6c87cd1c7557ecdfb484d079c1c48,0
d8b6d7821e4ba48160e1ca9960a26932eedcf62b,0
0338f3a136f1f163cfda620938bb508e1ae737ec,0
4bb9a75abdd7d4b8c85adc3526eb0a319c0ecd14,0
ccee1b11c42187204f3bff25b8d853dfe5c6fe44,0
e0eebaf187b17235d4af7f0c139a2b2a0a6b619a,0
fec9c81c1d21a5cee99bd285b4a62e0bfe765804,0
b30f39aeefb584c97eb545f5c8ad689899805ff6,0
df4d782eb0b4eea49c850f4e8a182c14d02f1bdc,0
09ee1307fd9da3d3f26c771b2fa9fd7f6d881ee6,0
df4815fba98eb97fab5098b1599e52be71393e1e,0
7b160842b3423fedfbbd14843bef7f376eaf6964,0
9e11a6ba15bb91a1ef52ba94bdbe21056b78a91b,0
a954f26a67a41d6cefe85ed6f77a0e83410f7bdf,0
cca1b6b90eac9517374e17100c6a670ad95476b4,0
65898e9142fad0fc7605b2c8278e3891c9dcaa10,0
fd048eb9a52e7076f4fc8891ae29988aea83e359,0
63ea9f0cd3fcb0d9f48a2be08c1071dcab234642,0
3e59ab91fd7f068d7738f14dbdf3f60243ef8658,0
2fe7417a359f25d28caf7aed70a4066b20ae636c,0
a251834b716afccba271d57a8d510dcaa481305c,0
a2be3ff6188058a648d74d3b5ca569aaf0cab85d,0
f6dba8ec3af7ad3b8f3ac429cd0f244e3f8812b9,0
02ffa1e2eaa0aa6b879cdb15b39eacd152c474a6,0
a31ed3a70d50f3b6be92ad637989d50055a51720,0
0278b422ed62353397d390480285028964263258,0
868deab0bbdf0a02867276a323ea164f49113a05,0
ba28f16c43b20f0fb73c90ef113fc1e8fae30ab6,0
44451f420f80b7c02c3fc29c3e8649d422db72f2,0
53c66e55766083561a3f8b4913a225d41e97525b,0
b21aa28852809728a5a6a131e3982518ef682f1c,0
bd116c93be8ce15303616f181f4afa8f6c2da547,0
fd55691e15f944494b27026d2d47da0fc9a00176,0
be20f890628744033869a4d3d40d81720a53794d,0
b486177fc02190f2ef574df14ad6dbaf9b812aa0,0
2423a5bbe46653a3cfb0519eaf335ecd88e5c775,0
0729ea274562311f14f66f4fc8ac6a0073bf8116,0
97be31e90d06bdff1c08363e5c811405a5f0cb46,0
b2b658088870003e0a10603e516593fa85e48873,0
570732f6de592ff5eb717b1ca92ef5e79f5f6e3b,0
94051eb5e74f13108e0cde56d28f6cfafff020dd,0
a89d83e3362956abe42fbe995ea008263b72eba0,0
a66196b00bdb5daa3042aec0b4283adda04f1685,0
b1d85f6a470faacfe347d10d11eee80ede0c9296,0
342791bd1be89a926bb1dbc77a9ee1b46bec3907,0
366b7bd1fc8604f4e99a5be7e37ca0d6e591139c,0
19dec2dc0c8724f69a7e150670fd2360250d77d0,0
ae4c8325152c51f89a69c480888b79339426bf97,0
273b20270c53fbee871858634b362e03736df6e4,0
836ef3410a647eae11756744fee13adef992068b,0
53451b990eb3a407340e5210e81e65718d8d4abf,0
bb05ace8465452b46410ffb2604af9c1533a4ed9,0
07c5251e006d0f00a87257b7914ada578c1d7af1,0
85ada11c674ef4cb13bf39c10c44a41845055407,0
b79c5b61e140e76dc59453e1b2bac42e918245e9,0
3a5a3f0a29c43bf77a1417361b55ac6d7aeb8d3b,0
1453add6976e8fb1c484b6f8856fb59cd25b8b0f,0
671f6ea8a7a51c79485fe90ceeaa1efb46ba4d2a,0
d56a0b577d2e5250b2a4745c1ce4b0d948745b0d,0
3cc6457b4f86d629f4cbf41f2945d7840f795b79,0
15f5588d552d62f3d8d334235856940f45f9627e,0
50d11d675feeb2830e5d7b4df858eaf0621b9335,0
4784b690e10346eb6880d65d70f354eb6e95ec16,0
77a30cdfdb615390dba43130b5967bcc1efe9ede,0
1061e26bdf690c4561d73927607583b600a6a9a1,0
825b737808ccc54c811d82dd8750f7e5936c2dec,0
a218bda0307a8f1c68629ce382a5b07ab7fef26b,0
9dacd659d6ee7e9da2d6f7c44fbef59d78c293a9,0
2001a8f13f683e6c42043cfd98fb92322457a4a5,0
c90f7515bb7cec8286baeccfa68ffd82f3e64654,0
265833650c2a26eed8cd53b7be5e3dbbcc076516,0
3150d0f531238958c542686e267248102fee9e00,0
c91c3d25c840e7f87b32d241780678b586adcd97,0
c58160df73460c094927504ddddcd3c6ea593723,0
dab9425fbc57cd342a454440dfb75cad44eceaa8,0
52bf213d3f260aade95871b4535b0e820a87b9e1,0
aaad8221e6dcb230db61336987679303ef59a3de,0
851c36e705c04c9c35fad4046423d22ed58a3e29,0
7ab3e074a3397ad49d979124498eebad0d075e02,0
fc4936602a660b781c47d4bf4e0d3eb897d9ad8d,0
34ea681a18722c0b314edc2c99ea55c220ee0230,0
2abb66664765596df7ddc22769d77a09473d7818,0
207e47304c7cf258e4f2b5f13f05f94248f9c018,0
7cdadc897834b2cd6196fb14c65e986585e42f19,0
9b9b68826fb25b6620a6a4f8dacf5c1e5bc7737f,0
8cc5e6c8dec70fc1e1492ab4a7d4b3bb2f0c91cf,0
6fbc38ec49ea1b6e318b0d8e4558ab12c81c777d,0
c5a2efc810dcf2fc6f691d99d1134b84ef643254,0
bcecdb3ff70cd92000ca3f793bc82d16d67fd030,0
6f3c459c5c52c1a5bf531b8688fc79f9435456da,0
75fcdbbb15295c1d952a1c70c2e920cdccd176a0,0
d554331f0c5de207d0f07562aa8a80df405b9bcf,0
1b2cac292863c007c0cb41bcfdfecccf53a38e7d,0
87b7890ef196d11b393b1ffc3bd38807b88bd812,0
a952f5045be349464a12dda5aa5fe26f67787aa1,0
07233ba30930c00506555a829d59b29ffa8186bc,0
05b3ffc988d8dad0db461bfb35598a244e32f4f6,0
80b271495d3a925cf06c8cfda41e9d55034bb38a,0
db1248dbf106a6c7f6e71c9a711d7aa10d396067,0
0d2259bb2bea63bc9487ab7a02571d0608dc4a42,0
484f1fef24b81b8e3b2ee1023a57cfdc7fcf56f3,0
a1f0894b9eda805a84f633d60735c03361d7cfe5,0
eb51979518258e5dbdabf5f634152f3f776747a0,0
d6c8bdfd5ab7a37c36bd2c15c9761c4b70d7442c,0
18112acd0d93d908d86056a052664861f8240ad5,0
85ae64247516d81669ade2b315db746a03f51743,0
77f4456518f1ca56be5f32074b260eeb579a04d6,0
a167e9b65472ec4c796e0bb505041414a4c3db36,0
736462e64d3a99bb7541c570341e811ff9913997,1
d078bc2774e4a629c367e08dcbfbc842d04586db,0
0a8bfe09edff6fedef23844304557924b9ed0d07,0
ff9d5435fd9e7c0bb56f8dba72d01396b94ff0ec,0
2da1db2f98087b02446f18f65a7eed95da819ffa,0
b0050744f16e76e85ce5b5ff5052101ebfdd4232,0
1add65bafec85e451d091522126dd50a46f8d0ea,0
a35ae09f683fed633bb0c83f059a5718d7433fd6,0
1fca5dde22636c4f30d88ffbfac468ae2b9d750b,0
16977f953cc1823301a7efab814901983269a886,0
cc553ade2fdc6f6c6a12012b23322f32f31b2dc4,0
73b57a9a3b42248abec3964ed2bcde07a242be49,0
7ff5b3cf30b4f831e4169c39ec4bb713907ea84f,0
915c899b6cb28013a7c1d2bdc5a8850458be90df,0
9cfefa762979a821df5819c8f8a5026ce44e8e4b,0
6bb4fe06d3bf06cf4da718d66c6237bb4b4a4ac5,0
ac72327dbb089f96887f7a4f28013cf45007118a,0
32ff392131c708c97a4cccdd136197158a8bd31e,0
ea354f7070a46991067b6c4945ed6f8122f9aa43,0
9b861fb970ea5830c38a8067b556d7e6226b26d8,1
2452615b5a5c47af5e0780a0239b8ce41ffc4e32,0
982c2f71ca430e41fc1749f78df07d7749b4f99e,0
9aba600beb3b4faf7204e58ceb0a9f0d7c820cab,0
ba777e28f414e0f2d82de2988a6e4f6332f7595c,0
5a4297fc1ca003a45592e22c9f10823ab21c4182,0
0992367aa26d44ddf005143bd299f2deda641ad8,0
6f8bfb8de074c517c05e2b386b9d9cd355ccc29a,0
fa3891ca134756efe63837fb1d612918c0809a20,1
611125e05f79b19525bf58bc35626c64df503b1d,0
4ab29c33decdc2fde9620ce11fa5be9692cf4f5c,0
e809cf52717f21e7e51cc60eba785bd8cca7aa88,1
b653351e111964a3b64bf1360339d75c8260d866,1
c42a929ba7c8fac508fcec3b4c35c1934c395135,0
91b3a8e204835e4ec6cf5c5fe7ff6b56cf84590a,0
5209be6d9a09a34dfba5bb1856d9b44aab57ebd3,0
8dc8dd10c19118292b2a480b2d9742a3582469ee,0
0733804d32002dd56ec4fa28c90790fb32d46d82,0
b2541078a6c41c89efb0dd8e6589e9327f1b7ca8,0
7668f9454345aeeedc157faef2c35e55fe7bb944,0
085d9995ee1e12dde208906be59c4f1092829b76,0
fe073423f8eda676c866a48c4e5124eadd915ae1,0
ae76f52ec7ce6fe501a34c3c3bd9e4d6ea14e67b,0
2f3bdc64373f64570b9522ca4a73e51c14a94366,0
ba276a6ec1226d4096c60992698abca9a6fa55ae,0
a5c5e3b53f48c16dd577e8594fd492c70c68fedb,1
dc4c9ec7b38c22d661449ec8f2bbd4add9a411ba,0
96a3ae43e3c1ccae774a2075815c2e75336cff73,0
f1f0a68a276d5b15796e7e4e415ffd7e2352aafe,0
61449b2d02ddc0829066ceac6d413d0ee29178c3,0
938d2574963fe495feffd10b62486eafec79cd0e,0
75b77bc27d558dab988da87edf2ec395c4c8ae28,0
4c96a115e044eda2b39893824ab229c70515139b,0
d06d6507e6702aae8cd3a45e3f3bbaf03a8ec152,1
b5a2e6a24edfb0e08e5dc813a25390170e0c49e4,0
1e768283c446fd5ad2db664ea68b91fc2b9e555a,0
9abdc23ea10e619df1079f1cab8dc77682127720,0
11fc02d6c8f83c56286a8c0acab577de352536d2,0
d6e524a56af373dabea5d048d756086a0bf8f255,0
ceee6da391494380901f944e36e04827e8e03a42,0
16a010735bf881cfe0478552908c871992ed969e,0
190c61c69027578a00a85a3e612236f460b8bf05,0
23d1d381c4ba61b54aaa34f3f48bee1fca8db9e2,0
2992c15ebad42c409a94bb4906afc7f4d518f26a,0
deef89dbf606ea03825b6724373c89c57e0275c8,0
0eb06bd5a55add06bfb4e1996028a7d573904b26,0
1b932db7a2278d771caa0f0c553b51219199c1d8,0
0b94bbcfa46227d2baa211ee3b30977649f87820,0
c11979f89ffcffeb225d15356ff322cb4c22d1bc,0
a4d643fbaf387f6b0fdfe084dac5edf0474c6762,0
ab9a839ad397af939dd62779bb58922d370a25d6,0
5f79f8b2ed892a8717f73b03e57ae24a34be96e2,0
f77f09c3835db0eebfbf9b56e4b64daaa2004e53,0
c014be6a3b8cd7ba3923a6be4fc2890f9aca7906,0
c76b048bad8802ef4d449e311d26fba8ea3935dd,0
686de0779d86ecf24e1ed99d1c258d09150394d0,0
8dbce04e3640b3db765e14c481ff014196d990d4,0
65d69ded0f119e085d0a04c9b68910c728044918,0
e00bdc95af5f58022bfc5e1c8f5ea4dda1edeb89,0
73f54f53ed59ac2c5b3da83b4d899bc63d3c6ecf,0
82eaac82696bfca9664d03901d0309ca8b9a0f4e,0
c1765656f328fc0fca375dc4e3dd2b7da33df7c9,0
c2f77ead4417095e67678fd753009e8a1d42b095,0
b08a292e2d95586123f9c86b4e7e0692f550b5e8,0
fb561eb0660dfcc57316dd6dd10094a93a3f2b93,0
a993902bb652c0b028be9dbf5e87a21f5d3319a6,0
612b3c014acb75ceef387f6e0255681185902465,0
7ec6b25abda2c2cc1c00b657725501bc2ab2379a,0
a5de1d623de288d79c9b0b49f0eb44aeb14d13e4,0
48a4a2129fa023af3e131139ef3029b56378f41a,0
a5606d3ac5acdd261e17c33a1ea782613e9a3be0,0
9f7ff52ca2a44be87beb73cd0df9b77c63da742a,0
088765273eaabe27b32900e04ab5cc692b0f5729,0
84722714ac25f62388c57de53beb6e589732e790,0
b9c2666964ab4fb91dba722f4450909fde6a8cf9,0
84d65f6dc2ca55ceff337e8a68d4f2b17c693fa7,0
cbbd010ecfa3f933c925a2397f60b863ad9729ab,0
829b44728b03de1ba239e51d373cb56fe0153d74,0
aaf63c74e6950c1de125ed5d171f86946969e4c3,0
8157ccd69f6eeec479a48dd89ef7db1fc73ca81e,0
40e74679b7239f6766003861b9f4e12299891e2c,0
084920b5c5789bcca969a471254a0e99ebd3dbfb,0
990eb9a3728308f0ac6b7e54d20b7589d60d6d4f,0
a983839641c76b955b60a1472b4a1aa0388ca520,0
d630f95d9b810a7e99929880ba19a0edfbec9a98,0
ead5653e88ad14fcc0b49244961ceecf085ae082,0
725cf582de4e3c5ad9dc7a6c65608beed1662f06,0
142b9136bf7f59f53ab2c11a4ff8945c98992bc5,0
1d1b6b1f2983caa0ba26ba3014148a2db9a80bdd,0
251c4743bb66aaae8506a1cab6f62dd5d0845b71,1
b5b5b123711eb759135893667928e00e6ea3e38a,0
b7193bc4da939b26ff996f4d3c4bca60a6565d07,0
df49a7363a223512c18d0cd248bc5265f5974328,0
93f9abc2cccb4da86b49c05de8fadf5d22f7fd78,0
3d8d37ed3a9384f38f0d7627bf65ede4a8ff251e,0
e98ae2bd83751dbeedf1c5784e00bc30b8d7c47d,0
971eb239c285e0c10471bee71d8f959f1ff6d097,0
3957d80135c28ace351e61f7a479d00f392e4232,0
ebd850e6ab1d2e53ec7ffad8ad75991128f07c5d,0
f9b675f0440c128dc6c9bf15bd59bc4e25f91ece,0
7b8f3f871a32f5eaeaebe57f46e38caca32f0c47,0
308d872bb2eedbed2093c47ce47996e58359b156,0
cb8b90c7b08a021062a256c267cc76708b7193f9,0
908b18f33c9c9d4fdf2da6ce8bf056c067b8fcf5,0
8d3eab72bd37d9465b46543703a4305b77b4fedc,0
2eab3948476c4972d489bc70d9cf01bcfc34f43c,0
452256f5408788254e07d77aab85c38c0fce1ee6,0
9550a3d94ed02e6585a3015dc6a26cc3bdf750a5,0
4bb882c61bf09cdd95f6e3bdc874050d652124ed,0
43ba974ae75d3c4fde28a75bac0d4d4856c55403,0
14b009c813af5d6cded913add511c894ade90627,0
121f9422df7ee2d11895b55764b2ecc5cbafb618,0
debb5405eadc962850fbbcd7c64e46791196b28b,0
1bd0a85fb9ecef611b9d2225e059f2cbccc044b4,0
ca172648eafbbd6444754d71bfa17c7beeadc4e6,0
8e06a9575c437c61ca053e616da281374aa731c4,0
08de94cc0d4545541827467652e6a6d65f83a0c4,0
8a625912bed640abf54c550b9563f597884811d5,0
4a46920e57b89513d3317689c3c48e52729b9e68,0
d9397e257734b0e0261fa0ffa2edb0c3b160cd55,0
f5ce196b2e5e1c5b5a9d2e016954314aa0658969,0
58525cbd8e6e85e13c2e114dab565a9b795534fe,0
87e987eef442d8711a856c47b4e6e75540bad461,0
1362e9dbabbed27c757cacb675a8de9230d9851e,0
c9462cc7a7a12a94724d0dd6b677e7f1e9e5bc56,0
d4275723b225eb84a50f320e1c8f58f37aa48867,0
abcc0fc02563f6fc8695f017c8917bb094cc9f8c,0
0edb587f2a2ae0a97fe8442cbb32d6a9efb635ed,0
ddc764ce3f057f77c75bbad2d641516dcc8791de,0
a9846d97dc396b53ff51c95dc536db8a9c57df97,0
8d50681dd7b3d82f212f2bef02a33608bece364e,0
3f648d4c3dc3aefecfa3d4626ed975a68e701096,0
1f643d7b2d36216429fb19421b77d661cd908e6a,0
db528686c4ccdae090a0484ab18904046ac0578e,0
01ecd08ae9ac377d9bd1739162b5804241471def,0
eb20f1c6e5db000bff140908c5221edbd2bd9237,0
5523fa921b4b5832432ba18f47c1555fb1af0cdc,0
153de3001312f3c029d34ef3ce71b10545726f95,0
55c9290e9a9784dbaccb4088d48f9fdae9cfb402,0
feadb68c0ec8233b5aa40168a4e1b750337d0df2,0
d22d6ed93c43d637b5250e105407f09113dd3904,0
73cabf66e863a5b60ff68fa5cd765a3dcf09b576,0
55b19486fccdd8d8964da9b59629944183315aca,0
10e972b774e03c154c2e60f134098c89008a28b8,0
17d1ff0ca619cd5fe5e8c3e8fd7f90c8efe97060,0
9aa271827688a7dcc98bff54f137d6a50f3eef86,0
e0b176350fc746052c4f7e2e65060b1efe3d727f,0
1851213fc03d06b9a2b3e054e01cb50445ed1ab3,0
91eeb97bd3ddd631e8b4912a406eeb2e941c9c05,0
cb32397ee00a367bef7eb307e42b80ae295fed34,0
ba0825deabad552e5c3441f4e7a237e25bbee358,0
4af89448ca24a0130781556121dce3e94d318e34,0
8c9d0dd70c918498769e9b2ee9952e1d674c85c2,0
6707ca3a6eb522d5eb476ae2fab1345f5995a79c,0
dc054084187ed823f387d2baf3a92bc28681e000,0
aee8a5a7390cd8697bfc974641f0210137a7a286,0
a2e084627f2ed81253a69ae3135941507628f6a7,0
bbd9ede70adcc6adb5d90b005372ced4682971fb,0
14943ab3c24238384e774c3a3a7c7f408e2fb12b,0
5f37f590d5b170c4bfc6a3fe7a6ce39d5fd13776,0
ec39b740e9b9ad6ee79af8793e6833248218eb08,0
2618cc4d378ba0890cc19124c1df115bb3d42a4d,0
fb74afa2031f1ef2cfa08a6bcf8c2bbb562ca1cf,0
90709631e148dbbe356c5f3ebe766b86ccddd7fa,0
81d68ecf0edd86254082197a715049f6637ea5e9,0
e436c1030c8e954f2cc4a2fa4341f6fee85ac05c,0
51cde769069f6ba20bc4f8f58b4f05f67ee337a7,0
b0ea8b3c9aa315d1753e1952be1bfea89a606010,0
7f3a6b6dee41dbc4fa3e17fac70bb3d2feaa9d8b,0
df7b19b696ccd336b39eb2858b86ed997d0eea6f,0
734437a164fb5092c001f071e2ae02731fc5957a,0
06dc8d27acc39900e47854e3b937d1b90538c72f,0
aef9d843a2f1415ed090e0575d3bc3f46d406f66,0
8d39ae9f99f25d1177673f3f87140a0a2bdf1c27,0
e9df7c02a80f3e6aa8877372afc429ef502fbbba,0
8c7cef7542c773c03621ed7cd33100b49400155a,0
e1dbe6c8f8fcd5bf89cf79d1e60142f85eb4bbed,0
b80257b61a1281a46b3b9a991e82310a108b3fa5,0
d9c03bbfd09f7c6103e79ba23a74d303431e65bc,0
0ebf394a80fc8fbaa4bb65998af6c728ccc2baa6,0
a3c91eeb83a70e0c5de81875f0263be7d1e68be9,0
f024b88d41f6d8607fc09993ced4f15c10bfbf40,0
c8ac51a7f2a550caacd7ff60c6f9dd976f43f480,0
fbf62bf3b745f91153d8f660a735086391fcbeff,0
34516eb82510668a1369bfdebb34b0552549e247,0
5e080c582b5a719bf572d1538fdc954dd7b3cb52,0
f9f348c80be92dba93157b9719bebc0a8c5a252b,0
17eaacb0ff416ae6558fd63e5e67142ee7b96972,0
4e4966cdb287a76a3ea15a546767cbd13bb8809f,0
2adf5afd95e0fab3c12406b8c27bbc4ea4532e34,0
54c0b2cffa2f695281bc67f76cd0a86cded60c9b,0
93151731511294593eb202601ef995f40d4a4363,0
e94fd6540008e50036a809ece3d5f372880bc079,0
17fecc91c21688c3f0e7d6909ce3eb3d3e63f76d,0
16b2a105f6431b3079bc8543d682480b01c4abab,0
770b53593a3fe14b35c9b8b49e5d81224478eadb,0
c595cd4191bb2de4d65559a5cf9329d7e8539c85,0
8d04ea6b501caf8092c0e5505adf1f563d2429a0,0
83efffce61b2fb81b4256a9444924ece8ac9f12b,0
78c213c2decf498b1d66ab858124409a882e8bd4,0
5a7ec3c89c8fd34e5986165268d47f2a9d47e6b3,0
f8dd8e67dd73bb1bab7966914ad968216cadc848,0
0691722d36fe1a25b8597703512d526baf7a24df,0
32f2508cc84bbe90017f33608952ece006352b3c,0
ee6c7e7f088d3f5a7163a18f2734560726588cdf,0
37a153a5f1c3356888ab76fb29a983f04eafb0d3,0
5fd4cb841bd8420e8bf0b58fe99865318347ec2a,0
7e6fc084b75968f478f8aac598fe9c612a3f544b,0
11aeda90eb3ad2a043d9935c3421d5114a6d645d,0
854ae61cb346296127378c290c3f72ca51fc333d,0
c57933762c7a0e8768e0f41b3d82e510a2a8903b,0
94b3b9149294e1e0745e5706178d6f53a0da8fbb,0
f4dcfeea567544483cab12cd314dbe883adf68ea,0
d54e770ef838a06d12ccaeada4dc622b536d3f3b,0
4e76dad0d468024092880cfe1b5a5a275479fd2f,0
46bd129629d845c4e3404409fda724b9fd4dd591,0
6d00ed09f48e9574850c32495b302266c6e1a5c4,0
ace5115bdf9b5832602b3b37f244b57ed58565d3,0
20e4a50976da1d83affd090c4ad74a31c57470a0,0
d5cf6112ba3a587f9627c85e01e012cfc25e1a32,0
3984d883754af63329064cd28c5710f2ec33c585,0
bf1a1c06e7cfd847f2ed024565905f5791784c64,0
54c0208268da81927b2fd9d93e39625bbec73730,0
f1bbc5a70c4a0afa6566a28ba5571f64e68990df,0
58b3774b4b520d21018912ce3f60d481daeee307,0
250c66a75a3783e182611cfb328a7e20d1dc6a61,0
849b06af3a9af6eaa59cd1ec5705efdba1d14a39,0
471e86ca98bbd96d38226fcfb4dd72d1ca0d2bbe,0
a6f50cc1aab4bb3af197592d4c389d4ccd112110,0
8945c321d7cdd0b53d483b63ac828b6cb9532714,0
0a5448a3817645d1cb64b165f263b2f407002520,0
ba34f350c614b57ff4071325d37ed6cdd64e12d3,0
ff23b05957d26231ea431cf958db01ffb22ed6ab,0
1cff8ea091212e94a28cb65a6df4eca86a19d2d5,0
fcc27c85c8dc3d98bf11f9bbb4742560b7253966,0
e75c155a8b63e021b263a6618d898ec194ffa2ac,0
d47b858979f477db00ec4a7cbab26f072456f362,0
a9e1d5fb57037250568cf446919e40bbd964d0cc,0
4f11b4a8386d9f152da49c872ac852f356dd91ed,0
46631f362747c95e41b27b400459f4ff2445b379,0
2c90768f2ad34a4dee08cd5c9ac758b19f776acb,0
8084d6d596316db191fec825fe19e34b0eb15cd4,0
4333b48d0cff21e0e3560a28638f7a8c6c3ecb57,0
f04ec3020f4657375b8478d3a27f15b982f33aa9,0
9a49c7d037e4c75cf328cac90b255a258c7617cf,0
ffe976262556127ad466ca58807ec8ca81c08441,0
af4dff24474b70005070868f84539d6312d6b581,0
b219ee86d6a15122a027a216d20c3577516dc0f2,0
1cadc675a3f9c8cf24414ba8729a7726cc03c834,0
7d04e4aa47e74938b27c18ac783c88867421f99e,0
a8a42e63f465875e6d6f1b2dadae1f54c28d88d3,0
6e057a10ceae41f8ed442a863a026441ce611ba2,0
7227632d341c45f3b799624cdc7e97ac71900392,1
ff95ff9163bdd5df429e095e4402e6535f496b44,0
1b3c4c80799194cffe96b8f23a58c3912932c9e4,0
8bcad03c94ace818ca7279d56687b07ef96175b4,0
77330c67970bb518adbbc488fba6a4c38369a60c,0
2f7512a120a9abb563133ca44054c65832f1b3a8,0
d23295888c0f816ed928721ab958f4ff89b87a21,0
39d38c532ccc4acc339cc979a9fdfd164072d093,0
9459a5cbf2c6e5e0d01e324ff225e95de141840d,0
0b56525295af74a2a0478e511ad162cc020c9aa3,0
31078f79e0d3512b511e29d2ada523c5481e2cf4,0
726782672904b463cc80f350c848c2512b945dba,0
605513f83c690e42e42f026a662cb8c41e242be1,0
29cc5c664f21db92def03624b78ad312179b334f,0
bf88d8caa2e88b8d2d15255bd3f634bce75ba118,1
9c2d7e63534df692a595d21b6bf0ba188471e31a,0
d83f71cbcd494a7798c54cdd34839da85bdbcdd0,0
cc8332e6181145455275541772c388dd303f5f18,0
b2a04cdd490dd03ab7664ba705b736a500ddcebb,0
f24af389973d89a113b5e8ee249375905a7f91e9,0
b9b2c56c01f4113a681893520370d677ebcd6e84,0
191b9c050d9b00294850b5d4d711954fc522fba1,0
91c5de35d893c3320bdcc6210b7a1d960c1ed7af,0
0f7e2dcd6589e8928999fdd5c44b2a5ff60e74c5,0
54b2db70258f62c41a8aea439a5c48bb3077a98e,0
ffdb489d1aded6b9bd58b0226a521a867ba640ab,0
23b3c1f501f027986e2380e394e8cff8c0c48cbd,0
3ab477486c679e16b1823afd1686a0973232cc28,0
1ff0f8a2dba1f9f8599a3b7bce5a0b5f38c24711,0
830eb57699f98e0f07076a80c208b3cec436a516,0
2066251911f76764a2456037ebc1e5a3c22a895f,0
c9008da3180c94c8269ed6f768b064500abc55a6,0
9a9527626695ad232816697a83be1da4e5e091f4,1
3b8978249b76c791685939068ad6221b54db3d07,0
bf10d967352daeff7e5c5cad65c6d2e45dc01beb,0
a9599becb81fb374b48584794cb5890adcf4dc18,0
aab8b3d8a12de94cca3c9d2ccfb29a6db2c829c4,0
5e81c8c89bacec70671dcdbb6799190c9352871e,0
b5d04673fc9aa9c5852317bb55f75e4f24ada222,0
579f80b8e28d94764ceb2fefe849ceff0ce5f0dd,0
27a23d677fd0e0d852bb8f4cfc967c9301af89a5,0
d7cf8a883cd7ea1aa7a8955eeb195b37648a59e2,0
e4c35e342ff126922756adf9ef3abd1eab086bca,0
c53d482fd947cf1c5f9e6b6102fe9bda612f832c,0
0a92d78033a20a94c23cc936c03bf6c27d1392b9,0
0ee8473c365bc69aba6c79e58fc838a1f756d520,0
87a291ff83ddeaff98ccec49a54208cfae686de8,0
9a2b1d71e50873ab6c808dc9dd2db0166d44a70f,0
f9454070557549ee6b481256258c1fc443933820,0
14289244a5cacbe9dcc88f811dcbfdacb395faec,0
11ac928a2ad03db03a2e011f21123ab12e651b67,0
f1621d08a4b9be49189c2b4320ff076286ab7703,0
14bb0c0cf927bec7e6a923b0a2a132892d89a940,0
b90ac2e350ffef77ca778853e9e8ab42c131519e,0
3fdbe79b054614d643adac4fb84423db459f02a5,0
ab5932ff4836e645a7d2d4e6f3239888926db2f1,0
78b4e02d4c56cb7fc056942b14486d74e21db15d,0
2f389572881b8556dc1d41ad15d55edab5ece52d,0
559922d9121c0d39936c7e45b4fa89f560392064,0
88e0b77215674711207b662a01e970c4ba4a828c,0
3000bf98386004caaf6687956576c342e3e64f21,0
02f2e59a2356d636a39964868d8a9526ef338598,0
7c471869c6b22064567a1d75a02c29652b8f8e97,0
8cbd8a3c09e4a2ec8fff78ecea64f0c9f66969b2,0
e140b894e966f8eeb827b9a97ca3b88eb471c0e3,0
3be24d7d21db329f1af5fb663a889dc98cfced4f,0
0f88d49466dec4dd44758c54b036e273a6edbd28,0
d5a8c1f2fad2c9a2d5b573e2a7e38aa396527cfa,0
b9307ce3aea5082e88e85576d9300a97a1e30512,0
851f05e10e5e6b9b5fd59024f9beabde38cee4b1,0
5e5490300d38e2f79ed6da94d343e33ce6362371,0
0826b4dfb1f42286f2018944aa76dddfb4a1b9c1,0
005a9be1231de55a4a60a53937eb93048b0d4e74,0
3af9b1bd2f631d4cb6f4a4ae23d9216f3bed2071,0
b41edc48f5e358f92b3a44774821ee69ba2150f1,0
b692c2a0e7c2bbfe46e5c8e00d718500dac887bb,0
fab8fd04ac25f672a22edcc57cd1a31c19124e06,1
bcd9cd06a6c0a5d0eb3b89e55406d959b9177be1,1
d46266ce269507c27643b9a8aa19c5d3c86fc87c,0
810572ec5aa029e5706541145983edafbc7f623a,0
399c0b5f69957c401741c7113ae13a84fcba0016,0
9229f0a1a925428fed3751b55ade2941ac6bdaf4,0
cf10e92db1677e4de34d8df03c6f8d241b300eef,0
37bc63ba281f8aacd2c5dafe39e0d3038b2f7015,0
e9789ca9f22e2ae2073439758e1e5ea7cbe6c748,0
a2c931caa9b3a8673c513c45cb79c55a4c4a7dbd,0
3b34ea86fca614772e2e16e24bc566b7ab3e9e87,0
5fb94dcc16b95a5d454965a7e9ddd11bbfdafd2f,0
2c6fce915454be743a3d3da68143c215bb295ea7,0
78c68e3752703307952d9125b596f5869f34bc96,1
c9f433b684d7158ac1acd425f41e692e8baa1d9f,0
ec929a7ebac11b1ad62541ca3faddf4f2dfd579a,0
e0721d1bc1b4be423492e5d5599f3f1aa3070c24,0
938d4175f7bd6e2f237b4229eb325df2d56a9b14,1
e32e65e3602c4665d01db8924dd1d21aca6b4300,0
0f03470f32a6e2b5c6a3101cea5b3153f1705044,0
852752070d819f46d16be575d9920a5f36329b71,0
52c64d6119e3a2869956e8434b8672f5209d22cd,0
ebc50109ae8579be44e265166c0fc4790f2661ea,0
9e50c2d81d339b01332c96687ec633b7de0d9bed,0
82ca3b2241ebe20d4a6ce5ec1178bb43aa6af934,0
6d9fa2dc9f2a9b30d092e188cfdd12254d82e676,0
da798fe4542ebd74974be71bf6d630c050737705,0
a8f77f1a0b21986309ec5ffbef39ab70eda4d21c,0
359170b327669473a63e87d87d43718b80510dbb,0
cb0a29e90a104b631b2b2ef9376fef1c7d5399d9,0
2b14ef95c369c10edaabd036467be40fa69fcccd,1
522f752702491574698bb5a02db6f4b28ef876e3,0
b7f6b4dc3c7c5441d1f0e7e3f355a2d0c285fa6d,0
bce36769f79245995711bc69b739bc7eb99c0c12,0
2ecce776ce4f206f103b8c536bbddcbd0664eb8d,0
ed0fb082396fe18ea42937df2158eca4a5b112e9,0
85603ab308752782c3384579cb3c9094f2ebb577,0
4c5a0c06200252f007423320c78eef228679e8d9,0
10928332ede53c9412d56dfa5398e97f8717bda0,0
b4e7de586eaf492bf8267e60f99600cd598ba69d,0
dfd99fc53c03065262463d945dffd13e726eafb1,0
db12dcfec2194c35fee2516c17f70ea046c77f2a,0
486bc679bd359818ad2e79abe59a2583053f7148,0
414ab229c36f49b44c1877bb63b85b795c38d750,0
aacb079dc7afdb59e6d7300f4f50f056efb331a8,0
28a814a4ac4dcaef68d6463a1e651f7be50629be,0
74dc399508c47612706d1999005930448d736b0b,0
5f389433bc214dec6be09b60b7ffe94d8bb6c375,0
b5b8d597e2d8d8192da72da267dfeeb2037fa1d9,0
2074368c2dce4613cb18ee98a05d11725fde0906,0
e856c57a4e44f8731638af55798e6a29b008148b,0
7e7e7281b23373176ec36141f92780015528be5b,0
1ea23375cd506e44a2a01bc719cf6cc89444a189,0
e5de7a89ebbb2d63acfac1d5bff5f740039355b2,0
a12e29ee4312e4efb4e0901a50f4e182bb40c1c2,0
3e56c6585fc893aa862437ca40e9cd9988a1322e,0
024f0e72bff23cce8880f117f94246004ca15ca5,0
c50fa1625160817e6da48c5041e5189203a7a4a0,0
6b4ef773c76575b12bea583d46d308ff2cd8789a,0
2efb5e0f7046661628894cd75b19e492358d136e,0
ee9839126bd4cd6e767535bb39ced3e5fa79b6f5,0
a9591edf6a06862a1e978fc98ea1120ac1bf2ef8,0
8f62012a85eb297ea9e7e23327ceeb2916d1ead0,0
4df2c9160827d1fc63bec730f769985d4452fa45,0
c67a70af1a2203eb20162f9e29d4712eeb5e7372,0
684e0384361f3a89dbe6a2a58187f6ae9dcdfd08,0
813da5c8cc68ed14a49ad23ef17e6d941880b79b,0
db281649468908d46c8ce5e8e4438f7f87e6c205,0
ae0111dad8445e191d645d4a6935ffffc655b4a2,0
a6f269f38b7ad78698b9db33a44bffd248419d5c,0
a5f161de6c30537e4efc03641d0fa78fefc9c8a7,0
595d92433e4473f534ab58912752b11ad45b1d7c,0
7a4fd52ee7d1c0eb6f7a74d963b267bdd5a4f520,0
2db62594c54a7048f278b8fbdb9c5df83cdbd76b,0
b464d67defdb6f03fb44474e4565ec9f830132da,0
b8d63116db2ce9344be42b0f8c62078ee7a062ae,0
4ddcb9031a33295da5cbf83304d69869a671459a,0
7b52db50d633b7b647be6311c2441f05db34147b,0
6bd6295ffc64a436da98f8205b26d852595791c9,0
a4a96ba71397dea20810ea7b905cb4f282d52dcb,1
39f5439aedbd3e2276cbcbb18aaff869c6682944,0
61fad7b5b9a83201759433ae2596750495a4eef2,0
185feab3a67683e069c9cc470a3c22acaa6aad50,0
32e563519617dd274005b79055bc4c4b5ff87b68,0
584e618c64402f2763e9ba3d7833fde9a325a864,0
7a98d8fc2923a57cb1c899ee8ded7865d41ab550,0
4ca4a8f7ee022f0d58edbf4cc19d181b7223bf06,0
67519263209e825299e0ec925571074f421d2fb2,0
4c1ae1780fb1bde35ed5f9990a14d248ff7b6e7d,0
c678a66f8d2d33e0dd02829075861ead66714b01,0
28092376e0a6780d87cb660c1761befe04684584,0
81400a6c20b05aefafe33ed435bfe2676a5931c0,0
8fc848d93b4f1b1d52bd9caf217dab7abe9939aa,0
fb3e243d44ee0ae6a3b884d9663edb3fd97590c7,0
43c65910ac20a035e1880e235ebbccbf37f77405,0
246699759a8284302b8aa98fb2bfe2fef5644ee0,0
443393d7b6ff2835a3232e3eff845d9bfdcfa988,0
944709c1d1c191488bca2190cb7bf1a0464bd394,0
ac92b29277b07d23785041177baabfaf31ade424,0
b218bce174730e0495763bd2312dd37766a8524c,1
735e08319802deef1b4999f7d6fd1b087e83a69b,0
7df69b59de54d82e9d64c60484061c4f709cc471,1
1ff212c405c94f7ef55e0db7cdac486412f4ae15,0
8f126e70220fde77f607975051b5622943ab7c71,0
56845a995436ce798b3d6482eceea5af552b4ffe,0
850994ca6b57eb9d9ee34206a9e18a319673768d,0
6317ff5f8595c44f50afdd40c0871e07b1aa8f29,0
0084bf4815f138f3de490b76f19d91ba4b5e70c6,0
e47b38cd2df0d839e5fd8d955e5ea08e25a2c141,0
e656273bd2c1443e37106f3d929ed91b68aee228,0
d4cfcd97ee6d4a2f800a31513eef83f7efb4ac9b,0
5e3f1fbc10b0a90584f3b76c44f428bcece74662,0
3096588f12c9154f39921f38963da23cdd27a969,0
02e462ceb7d1649e88e39801df79da059fa6a6a0,0
7f299fc38250ed8725a711cf61a972b8da2ff818,0
820da353b5889ebef6a38fc376ea37929aafe734,0
1dbf48a8db96678a934a169321a2b3e1bdae58c3,0
5cc3480261ab52f8e74abd8e41db5e3af3a486a3,0
f509a33c84b2864e89993d3df6449baf0ad69144,0
703d49e1dd0e7314122993b866c658913b89df7a,0
fcb8997f5f41d1b2de22dffd760ae9ca1f5357ef,0
eb745f42fc74fe9ab91bcda519b42faaef4fe5fa,0
67376b34560885928d065819c18bc0ab393ea94e,0
27884a5c016ed81d682360b53fad305cbf6b5c3b,0
4b2ac0a42ceed2b79a9813db1663c3f975328315,0
469eb7da0dabd07c101e0595c0001a646c8be634,1
c3970dc443083bcad6644e3d786a94662480bd23,0
e58a379843c39a5aafb6925f913e79388adeb406,0
f4ce8bc5e59fb87e2d3dd00f92eef2d499bdb607,0
4899c5aa9547deb61a8930cbbe775eab79115cb6,0
00f00e0882a3e04d280774e238cc0401c850a328,1
25b2209d17e6ddb15cddbce29dcf03ed1e5d97f7,1
aff687b4be057b424ce313648ac71fae48f00550,0
7766a13a0d76b80911e3249aa60b605cab644914,0
0b9af82a930f030adf30b30fce837b1493917944,0
c21643b8e84ba34f24a7023c99539c6311b7385d,0
680b0065ade2b87eb7b29694990a09ddcabdbfe3,1
2f25af9af0b12c48ef5aebfd64530b9223740ad4,0
ecea388049bae3212883382fd642a84624142016,1
6afe734be18d56b88ea72d60ed72d3cc18010e17,0
56412c30490fd10e81186ba85766a6421d619269,0
cd7cbec0bf4e51878f5d14c095b24fc42cf0e4cd,0
c82ceda3054e6d77d2e43cbf199450bf5a09fc69,0
296fcba47b0669dd5c8a22a65013109c4c1f0f9f,1
0760876587f1a58d284da26cd28c0685d5ebcd5d,0
9896abb4e25a66677e7ea84a2d33db4bb8804b09,0
4f6c43c23a76387778c66e9b05af9fb85ff4d5b3,0
ed30e11886e625d86a3e4eaf3ffbafeffd4a9843,0
f2fa66b3662e1521b00841588e62b2841453e491,0
74bb65fb81210b823e19b42d453e4d086b527a11,1
759d40aa3d31ecf621d95b37a721cf5ccbfe2d14,0
792d475773b12a22e2cdfa810057c945fbb4d155,0
702ac808da302f41add5b1d3f46daa2752c71864,0
b31f1292aa4695221f7d8920eecfb3d50f08b93c,1
f3d8493df823841488e908c46a746bfc200cbc7f,1
6b3042e7665c3a1f1f95943d4abec803d66f0946,1
c5057cbc33891b2ea9361b063486b08e8e8d1bec,0
34b77c4b63d916790b02b245d5da080da32bce12,0
e2caf8fed7ff4d9e7dcaea634e842f6c44e8b754,0
1887fe3d164bdf9ddaf1a8f85dcf219af9604e4f,0
29783b164f80fc510ba657f62dc9e3eaa041807c,0
d8f4d50f67054addb956d27d2811caca8cc88868,0
4e3aad8ea937b739750ebc6e8a6807df3c77260e,0
fff7411a9fc625d6a240c7eb3e722473a6e10c99,0
c9fc009f7f93e03792d10a29a245b82cbbb5ecb4,0
f58e1b5eba2dc9419091e2df0a28376c6edeaca9,0
502cccc444ce4cc870f8a30cee8baf90fcc40517,0
352c82c38a0cc0c54f1071f90270c7aeb26713b9,0
1553dfc0c1a45686a43515f318a161a166290e96,1
294d7c70d11f7de6fdd240ae686651010009e1d5,0
9da82a0023068e6c6fea6fe18b649761dafcbea0,0
bcf1eb388564a2fcdadbee8f34d7e7a3ec8fe0e2,0
a0a8789bfff3da7896b0cbf6e80b6056764eeb9c,0
91e6cae97f18cded30991fe9540439b6dbd8b811,0
3259286ca60b4e624d1606ec7673e105de64cd0c,1
9284c612574e05242af2a38cd7e8ce90bbdb96fa,0
ff4ae74d09fbdd78f7c3e8f72014700f2ae265a3,0
6805238a9dbe79c0ada3d330cb06122d9662cef2,0
6c30b9154f4af26a3e83d4fb52312dd02b4e3fbd,0
d850a67169b4b3ffd59124ceb0392d7a29bf5de4,0
aee90de741494e53a2d6957238b791b9d697ef5c,1
d7315df719d64937c3b5838838cfe7470da18f25,0
3f590ff7bc3d82ce6f428c71e18504b854fb7e4c,0
bc2ec262a46ab0e41a64244fa4ce29f8c5ed6e8e,0
c0c3464253b6c2c501e8279608b9dafbb2eb4fcc,0
26f15fa87111b705c5439f6ae6e6478a75ecdae4,0
12190bc0dad92b1cdf97403311c59c93ab16b092,0
bffbe83428ee2a1d2f36dee29065867dfbc51ee9,0
09df7c3a513576e0d9461479912b9c9601af71d3,0
8311ce2669f52383c3ba29130a96a121922f099d,0
bddaa8e8154ece84b6e86b0b4619a3c14eedbf4f,1
3dc7b33413782b35d72cbff9a79047f7cac51041,0
79eca7b3ba703f075efa53d4b8bbf3efc594abc5,1
e0368d4858acdba359e51ea614ce21aae6d9f1f6,0
e5d2cf650dcaadc6ae0d623851aa10be396d8bff,0
254a43106b50424154bb7a26cea06defcdd34487,0
46f3ba39542a7f1ba9bed6591c3a115dc09fc4a2,0
05702b56930b9844daa3dea4c2ce56c8341a7000,0
6b8ab6ed8f31dd32b9b16f9c72f29f6d6c5f04d9,0
3cc9ffc6f3256c12eae06179731def06efe01d2b,0
9ea0de867579fb8316090b4dcab736b5901c77e5,0
478f06a214876cc76cf57d0ea641eaf8f0fdbe1d,0
e8d099c9e7edb78b6750754c3c7e16f8d0325c45,0
d6a1439704474cdd1a2390866b43e598aa8e3e44,0
5efc2e9aa7fe5850846599594eb8afd77ac14c6a,0
fef3ef28ca3eaa04c9e2e7fcc279638d3f1383f6,0
c3858ef8768365418537f3e835e3acc5360d68a4,1
10566f49974d052acd25bff2831615f33bc0cfe3,0
d4f72159e696161f97da211f56dae8f20035ecc4,0
b1fc47fe043860c55ccca3534b0f88bc6b9ccefc,0
6a2bc1ee03f391cdac2ec854e4e67dc1c0ebf1cc,1
4cfcc423a3361c2db9031c577310ff01d2f2ee8f,0
abef5bbef90ae6ad1725415eb229f3d33d0a205f,0
1f21ba018de646b718ef54b6443a962c99471ef3,1
bca08dde5e6776086b158e7330d079f799b225fc,0
f36a4dc98b5dee3f267d638e38f8ebeca5219788,0
d7381f55bbe6edc40cdd6c8e5956174529ee2d4a,1
a8f91cd34709d271f499c339919cefc80a4bb66e,0
51bebc8f6ed5b3fff5e21d17ef0b7079661f026c,0
3cf97319a149bb1b67969cdcfb2b7c7cff43df60,1
81eb48663a088db9d5baf1c3779a9423b7861a61,1
b1133a4eae2166c5c3418ae19cb731d0caa6d6f3,1
34b06d0d090685a4fc8edfd69a7ca53652104d53,0
961c83b0e2b36ede689fc88e9ebc84e1031ad026,1
b81f577706fbbda8413e1792e1725a48c909734d,0
31b8c969fc3ce340fb241e012eaca948f7085e80,0
567166920e2153427f936791938bee1732253de0,0
ddb360ef61504dc17cdff864579f098782bfd8be,0
c140567cd7884dbd5431a3f2d7a198072566ca4b,0
851d55ef6feef1f0b2d805ca996a998c2b7c9efd,0
774e906ece03106324b92ab9076678e343261d9d,0
ea1d362c1398e0d0bd70f1d6058f93a66543826b,0
28e36c81523387bb5c2a77c869cbe26c5a576e87,0
3dc990f3f97629b9a8106c64e47cb28daf2cfdc5,0
5c1fc28025cf20c1a76272863e4529b4796ffe8b,0
7e6a897b5b1b65b833b599fa36ec30669c4711be,0
7f64d72b70ef4b7b5d23631bf8d5304811d57997,0
12033c5a1efa90d615c17a9dea84e575b6fc23da,0
3f96f970fa3235a30f984566c8316ef0cb824592,0
6e47f805f5245fa7a0f88e423ba5df27bf7c09c6,0
760ca2a390ec26e4fd5fdd136a51313ead540417,0
cc630849434b4c4ef00ff3cc68bfb6d81b03ea0f,0
cc75950b8dfa8daf8ea8b56364f14fef489299de,0
d6991ae51d3d490587ceb601738fd7199cd5af73,0
4e845fd02d24b8bd8e75af6841ea6093f2b24223,0
badc673cdb8eb50211ddc1c9a6026ed6beb69e74,0
4fb91de8c37facd77af6cb80aca4c0e6b99e7884,0
73c6b3527dc3a119e5cb4978dbe7f0c17c78745a,0
3a1f39dd975285aaa61b4f29863523c122a02aa1,0
32c8681e09e49be634987d751fdbe909088a8aa1,0
cbec41cc89f8fea160054bc833a1e679143d56e1,0
9486a112f13ab9a184fa00b757bebbe98256d05d,0
1cb2fe71a2e31d2b2b2b5076751eced11b507ebd,0
bfbcaca90628f7d7cbba20b1e3b6beefabc5576c,0
1eafb82e240e0ffa640cc3bf29111245a82e234c,0
434b4a62c2fe073d13bbcedee860b1518a44a874,0
e85ccd641563d233b71c06ed744711485f79793c,0
22eb3ef8bf206469800644e4a63ab2fa30bce067,0
e560dc4fa02d5aeecb784cb81c6c4a1b52b17d10,0
e5cb9c43d39d3b83a617ac3c73377d749cfe70b8,0
0f9771c76aca3ec9fe88530d9a46c3a925bc936d,0
5673b3ae2c20851ce5688197cc7bf05d31d2fae1,0
f8caa53f9cee6302dc2e42b8d1ffb8e4cc6448f4,0
719c8ad3badc94edf19c13ceefdb10dc3321c9a6,0
9fd45316c06276a19d64c2bb82fc447925f4222f,1
9c82eacfc756e9118da00fe71eeea999de2c84a8,0
b6c57427959f99e112da93d036776849291a3d0c,1
c01b932449094548cfd2ef9875d1cb03c9bef207,0
28723b9202054747237d6f5e4ed61371096b58f7,1
d320faa818c5c1282d039c2e4254af78e8f0543f,0
23c689b642eecf6ae1df5fabb7441b12204f7acc,1
41dae1da655003f1b02a6023f38d10c9709d287c,0
6e4297d53697e3aa9501613a19a487d3c6a52cf0,1
8297529e7b47c332004479aa8540d7bd76671f06,1
16ec1f8f95b5038bcbcd4f2be9ce6ada7be6b369,1
c2839de7fb8c0cfee77c047c35fb1c9fa4a5185d,1
00f875675bd3f2460d53508149bf8cdee4268cbd,0
615d0f8ee095b5c8b763c0587617dbb856b0e806,0
c0ee6f8c41eae914bdb937199f12ca2a484e5934,0
db04a200c7cfdd181907c9d4647ecc4536fb3ff7,0
b8ca77b9c5b5030cf166aa95ddb972ca0392e240,1
21e5cda63410860bfd7b65239a4e598d6e055dc0,0
769f5f7039efd442ac6619f47dc4b488ed5f3774,1
e5cbf524ca40f9db27569e8161c5d5f29a4ae4e3,0
ae6010436efc8f6901ab1988eb2a94d9ae090312,0
8dbda1157d79519e70a06eca779ec8f464b16fcd,1
f1a483f00de86e21a9428ce3dd98551b58f9db13,1
6b339e4795c28439f69abd1335bb05ce84c085ba,1
28ce9deea5adbe5c6b78a12eb716d9674406118a,0
0c2b3913764c47b5f7c0abbd971648d46ec2b0ab,1
750d9583a42f024951c11a73ba84ee4319e77792,0
1c50b2e36b906ab55e88861cd7796fe9b8c1b4ee,0
a93d9255c720008b58912247ad71756c5a39d924,1
ab5e00ca5764830eaf162471e14e14e47136c33e,0
b1ccbcfcafc6c2b159873bfd49ee16904ff2f63d,0
4f25af82c8e31ec76626ca2ea8086a581774944a,0
e961f67db05da72cb76c75935a14cc918e4c153c,1
ccb76b0d4be18921266250ee75f482f1a95ded05,1
811fd197de7990ec7f4a4c4808e5b9add7411971,1
3067d599486767976d21db1efa4785fd6a526d2d,1
f9aa93a77a1f39391fcab87309b5a8c73ebe9217,1
db940d2ffcdbbf28c54159c04d83ffe80c4b0550,1
bdbe429fde0482fab9a9bc2637b1fb27d794d6a1,0
c23dbb43418f19d80878c54f8494cf079b15a258,0
21255e428189e5c54205d1623077fae3916db9c7,0
09d73104f46b7b747a696dd6f3c405694ca555f5,0
d3c57ce3f8ccfbb32241735717b4e8767ce02b92,0
a2163e665509f5dc038de4cc1536e52099e17e0c,0
3942a6e448479a1ed09792b0ceac6d81ddcf8694,0
e056eb80b93258c05b8652d6fb55aec0731a7f53,1
550d16c6773c2fdda85ee739d1838355b825bdb6,1
588e66ebdf52747f64113c5d59f2b93ad7927f13,0
0e62ae8a83b1eff8fc7801bd415c9b35ff3557d8,0
b0de9055ceab4d09275e6e33df9e7187f3b2f5c7,1
56d8e87064dac88e60cb7257b306bbc1beaad97d,0
fe8a972f16103b34c47997471eb3519624ce2c42,0
c716477ebf2ddf16d90561bcecc53d0d2f3105be,0
743a92e54a3110bd12b4835f6f2877a8161a1817,0
f1211364eab2c6258f58b186781b528176ec4c65,0
2f1686b1d292bb4cd14620d65bc56403f663185b,0
72dcabc177d83dfcd26db7d274a7706005669003,0
cad615a6d9d87f4b7b034f996701eef266393238,1
f11d216e088b27005ec1095a121bb9a88018dd76,0
b313bac57034f138c01418530d1a9042f51d046c,0
b70b48dcea9dabffeee032fb119c1f91e2a1472e,0
8957d6ec9688455ddc4e9293544c96d5056582db,1
f6df60ead680110fad982cc845c062344c958d47,0
3a1bd9f93e1dd1c3da794f6255752cdfa30e42ea,1
c10873f7649a4741e2f1e0735117cc483427bbb7,1
c85d4f2ac173de3b5fd508b6e7f02fd9eccede03,0
1e301055a4a534956e064790deadbddca3b35529,0
41a7847f77f4818244705b855d47290653aecae8,0
0c1938c1d580b181b27c4cac6b48152c589fb3d6,1
d152bd6421f8cb7d3957ec8c364bb79d8094a20d,1
3f7152344b034765b113a8f9fc7f3b8f3f8c7c26,0
eb50e6e7ab9b2062ef35dc90106ff22020d5f9e8,0
bc92f0a594f893c230e03494f4b8830047b6dccf,0
43a31d7dc8e81dd2bb55e619bb9dc431c9d3b138,0
bb8baf3c315d97b108b6771a520e1f9039db0d27,0
5e2c294284018d0e0a325c8e3e508bc6be8ca57f,0
747536ac96e214e5816b192956c9ca9b8c03f6af,0
fb6c29cace52d76e65e1ec45fcf737ae85789a42,0
c875f1164e41dbdc13e78ffea508f122f4a13d42,0
bceace9043d5f71e30ed57620c7f2f853683a3ad,1
e34d642249cf73953664f1bd825d58667fa5f922,0
cc7d54b56fec484322476f0ee73c29df957f5b08,1
49ae83e1fbb5a08c160abd2f0a39b76834130127,0
eca999c5dadc3f7a3307fc7a23340c0e916f0727,0
ffd4e8ef1c560443050854e55cd149f2ad45f447,0
9dbd7887eeac4b067ccba10040ca405112c9fcb8,1
99553ec4591f5f9a92896211c7fa81cef257ffbb,0
75c5040f727c8546f9f94cf79e1655be68c6d328,1
690701ce1004a6383902266290f817fc65ebda9e,0
70e7d4e935be6ae71a6d38f3548853865a80ee27,0
ac273fe73d63b03b16e8470d907c488be99b3b8d,1
239ba87a2e49bd0b67ea2f9507bb950c43f8e4c9,0
20e81338dfd35a06f47715fdf26041b4daf35d21,1
df291986605e27eeb9edc21e32e5c5331e0e9251,1
3de8ac9b35fb890a95af60c760b5e73993c9054a,1
586a4e3faec54848e180895336910cf663bd794e,0
bfe4d17dd307fbca475153b7febedbcce680c720,1
dd8d91371cfed10daf884d4b4a0fb65a38c3f5d8,0
dff4ebffe95cc01791c6fbc22c68c5879fe84640,0
8bda2b28d87a17f7ed43cb37bd9cc70b84298e7d,0
b7c07c590e419f40eb893da3bb30ce7d50eec102,0
824f08d47f34acc0c668fd57bfdde43b3a379f57,0
9f7ae0d45b24cccb06de92cfe33ed98cacac388e,1
43f8a4ea70ff1ef90c22db90ed00c49ae61f3cb2,1
b76ebdfe18bb3b0c986643d2d3458da00be278bd,0
11c5a3e29ebb788ede26227c9e5c9e6082900df6,0
758b537f05fd8a482e2718913dc16ab7882c160f,0
eef24dc7a8b920e877f4ca19e5b9f0cbd6ea2346,0
60eb3cb9315ebb0cb97b2e8d7bc3c43124f7deb5,0
eb3d5723f8f836236be392b440de9b393b9b4aef,1
82b9a61942c7e5203ff48257ed2da210246c5e17,1
ba8dea6537aa99ebca7b44e45329cfda3b62e1d7,0
439f5b3123085f5243cb8990445cccc12c8c4c38,0
8112e90ca2057b575d5b61da615148899db96f79,0
b780177e987948d877fe23c5cc22997ab6c7fd70,0
2b782a5a4a11ad4c3ddccf1018a8f2185877c514,0
a85bfde6cc32a996170c1da1734a0a33ba584b58,0
1597d12febae3c46215fafd2c9af8576d7918222,0
fdda83a25fc7ce803ed333180ffb406663768750,1
31b6e2436163b9d40b30fee21778ae7c889afdd8,0
8931d77f298fe446e4992a2927602e127f5a8c60,0
76f20c3e053e1f23c64a560fc4ce3298302822fe,0
98d7b28de2376c1555a4dce7fbb22df9ef5d358f,0
692be5e1d4326c6e505c10e8dfc3adeb7958bd74,0
8c12ad11eea80440bbe691cb50531c70f53cce95,1
13ce8fe63c8972c54ca717055c231bdc487d479a,0
4a5aeb1abe8ef10eeb5488e04e688e2daaf4eedf,0
dad7386767de599295c2845cda7072e048d2e021,1
ddcfef13549be8395d2c9339632b3ebe80363d49,1
7f8236cfa274504e0f59b95285e7fbf2efecda90,1
e25b6fedefdb1967fee9f64e0d0242d6472ad828,0
ef50c3cb525acce69dcadd908e998ca6c3fa2862,0
81e60b1eb541557f5be44e7f663d5a816fa90227,1
0e6578069293282865a3dd4843d4f80f52476e7a,0
5184d3d390f3c77fba1f05f83a8965b4c398dd40,1
9c24b00d32acfba096d8b3fc12168bbe0ac4ef55,1
8152cc7a1a7e56e4e4a4e70a1f552301f576857d,1
167676d596bbbfe82a52f0dae6847cad025dc095,0
bf173920db761927c139f86745df368f45c4e37e,1
7e3c917567dc3163c2228dd01e4ad90dd0b76320,1
6d1c4002aad95031c84bf3bfa777852492d23fa1,0
f56aab06534e643ab1e413c36e367fa25e24621f,1
07c01318ea4ef19ede234484ed102f94391cdcbe,0
00c3c8dbf20322d372ebdc28c2b9fc25926a766d,1
1c27e851cac4d6ce9fba0e8226190b7011c5a0f0,0
7ee877a4db8c6d6871444abab28e95e9dad7c932,1
3e6117dacd54430e555a42a5fb8177f4553fdab6,1
f79ba553c602c9cd1a673c30db79edb6b38f0db6,1
ec3d2af993826b57cf47446d809db2c8b49c7a77,0
defc228f51eb834ca85c17dc4dc7ffa1b433e1e3,0
3ec04d06cd96131c7d2a508e1526a07f33efb490,1
df23105b45017d8ddcef78efa11cc7b4be9b258a,0
79fecb6e7fcdac7f854332c07f7898e7a3f56d62,0
fb60c747cb393146773d7fa6bb3dcafd030a5bc8,0
060cfeb90df4fda2d572fa63225c63e304c8615d,0
24c8eb250b9c7dace0efe91fd1f36c799b174606,0
1ffdfd2ad15f4f62b9474a2ae72f2ad0a42c6a98,1
27f467b4eab7864a4ff799fb2289cddd2c45d30d,0
8688adaee68dce1c54c05b44946635973b37fa06,0
52ea3c337615e386507dbafa686d1f02c03a4c82,0
2aa17a48b2b1e3704f7c3230e5a418509020ced2,0
e638690b0ddcd63f55aae62e927cb2292f81ed84,1
c88f616b7eadb92b04926ca97c33488c804c859c,0
88c2ecccc5d0c5272c9e5b6af88888b71bad633e,1
8be4d3dcbd5ae5dd1bb802bb795bf805cb22d6f5,0
