commit_id,label_AGSZZ
be48191ff1a20c3fa4e6fdc3ff743c28dfa2212b,0
ffd9ddae6e637c0be9ab63e3dfa5ca98f2230bc5,0
717a145aca192f9342b7ff80fc28e8756a15dfe6,0
fa572ae84bd7e9386148ffa47964d82516158951,0
35b1e026bb7836c0ab695cbe505843b22d9cf6f3,0
dbb9ac0cc366df8655b7a5c7c43a869990adc06a,0
0b15afb855d52875f222fac1bf521ee7cef20f2e,0
a17d7db28f71f3ea1d023bafe6706ac49a27b4cb,0
4635acb00a93d6f83f61e7564141540dfb098c64,0
adc61686e3adcf66ff3fafe00cfc356f23d4c58a,0
88630f0177ebfc12d4ef5cb57e47b228e4b6f8ff,0
eb60bd516b2ecf8c0c75c1dca2b5428d6d927cfe,0
b7ffa6bbb7b3de46c2f6f0444ecb998c5d4958a2,0
774079888218e1c4e433699a9391a6abaa74bb2d,0
274cd956de35dc664a2caca200c2d73b2b37efdc,0
ba52e00bfb5dd9df30cee55bfef4d404b4383c1c,0
a2a736efdfaa93eecf86453a92456a212b6545d9,0
95e2a4b2423a18b699a09b854f01932e6c202a3c,0
1a574449f524e452d6bd2670d291c7ff0a6443be,0
16f628a91a1f7a98d753367d2da2193e462e2d44,0
997bb689a586b3f5f9915a3530421206a94b02bc,0
797ae600c80b69967f703c2165866b656ed8e808,0
00ae5f9b182ea9895ffe8973a31588271ab4b4b9,0
61b5ff261ed50a8e2009cd4f4c7a493e670394b7,0
5e43c8c976eb266b43d1b1aad0429fd5ea50d67e,0
29ac3a88d71aeeac7a45f38a86704826ca1c0760,0
370f1553e58dddfd8dbeaca0f2a2dc01eecc81cd,0
ea4d55077d8abd8151f533777166bdfac35b8904,0
5641a387f9e1a7706f68b647bd426e1ab7fc4af7,0
bd6054c595d80cdb0fe802c8f22edf0aabec7445,0
a5b67757723035a09826f237ef3024f5cd456fd4,0
96874f8d2397c2a1c3524ce3b1609b437d426c41,0
1338f29439f2d73b6bb0cc6ebabd580122b8fa44,0
fe1120220f5db924081c8311200ef506092e1f23,0
87e85de1e9e9056f92868c3f06f56f2dbb911df4,0
a07170bf8b29f2399a46afa94364856e58b4b5d6,0
5b7a6fe89a9a393b6ef0b0c23e416c67800d7968,0
5f761c227be894d6b3c487373697ac77018ff53d,0
70908ae91cfc91cab33f85909aad484b0eee7714,0
77d4fd7c8bf8e4d743c91ed1725295b5bd84edb9,0
5d1b0278cd390645fa4b6902a3812ddb6d5b1e5f,0
06788e34df60510eba14f534c6750d542bd5fbdc,0
61d1b931825f221ae0a6019eb9bad72c01bce6b6,0
c6206b8912894942b77db61d42fb53c63252cb46,0
11795636d6a5f69258ff51c1dde7e774008d702b,0
b0cb5edb828f437a6db06c2422972f28dee66571,0
6c9f737d9834148da8ccf77c7708ccbe6671a531,0
913cb004427aa072022750376c3fde227b886a20,0
f207d5d7cf10a0cab331fb48a4b20d791dce8991,0
0daf9ec7552e43f7d8588e8b7a1906785b60794c,0
bd21a5c1a727512119e94c8f084585a023c1aade,0
82513480531ccd1b4cd9d4be9c76aedef8f76ef3,0
c1e41dd586efe9a180c3df475e43c22e6d1fc2e1,0
25143b7b5a25799514fa5416a5028449bde83eb6,0
e806e6b5926993ec6348a78542b1e1377a765e88,0
cfe19ad9dcc9d0c7308e2dc187b2f8b57de21af0,0
e100c754d9922e9787fed65331536ce8acd947f4,0
1298619ae11b0a2016f0d6d6c601a3dc54eb321f,0
9bc45cff767cc1cf6d729175f3aacb3e21bee180,0
dfcf093d75184c128ec426e3b2e03ad6d252e9e6,0
fe2f64c66c578f1e0b203f8946070019b0abb7c7,0
28c9b28aec973f1ed512f5a4d8def7c3bbb2eeff,0
0c547ad99c6d7ab84a72d60462867cc4edafd13d,0
f729612edfcaf17dd8b81e2735fc9a76e09791ef,0
057d3b27cc464a760988fed104cc2f265908a0a7,0
581b44fd648cdd696717465a5d22d403133ccfb9,0
25114c8c5b658fad570ac728765f410f0afd21ae,0
eb7e99c4f24c62357839c4abd12a232b679b4746,0
e62d949d5aa540e48620a1800226d498ff82c20c,0
f651fd2979badfd93875af503949a5033c0bd5b6,0
3b5c5e825a0f02d24ee1f9e19ab037f3f7f82803,0
a27e4e3a6f7683535fe85943a5312c713d6a0978,0
77c4e1f19a047cb455d070f145dccaa6888d303f,0
cf5f9a20c3dd83251d930386fed226368e61c0e7,0
85044ccaf6b0fb247058ccc9c9920db2507fbc9b,0
08d40c39a9612aaf6fca698d79af9d4620bf905a,0
2f03cf41a93501f738a8add7e6635776ced26a77,0
c1184e0ca789df4398dafc1d1a4ea94e398775f3,0
d5ecccec67c96453994ca5fe393c7bf11f08d21f,0
fecdad4bd6a8b6c62568ba70ff237211a82aef70,0
60602c2cee872a07d2f40cd241ed878c21902547,0
2746c147b40b237e4ac1185c10c14f58b470b852,0
2e2dac7300a507adca8354c434cb1aa05965ee93,0
99ee9f2933f8e94960078efdd9893a218fc2262c,0
4570048b8a64c139f286e5678cc819a7bca4d385,0
7a7e8a5f42686947f57f252577699c430970194b,0
bcda39d722f4f274733d171c59f2c80f7a255a50,0
4829bf9d2c28064495fc640067d914f4ee22395f,0
662ec3967a48c901427ac3d3c9216da91d53b17f,0
088779afc8eee78bda8523591d39dd64850eac18,0
26a6fbcdb0bea8f3bf80efb686bba52529e0806f,0
9c5c0e50776020e05078c8173e00f994d16a52c6,0
0e4e8e1c87eaaf1fba8a6302b63373703c51897f,0
250ac3893ee8dd7ad0d6c4f9525bfec2d8d77fe8,0
5ea874ee07d081a69e4ff2971d3d8fc8cace9179,0
92d64cfde8257212234ea027c1646d79e59a9e1a,0
1e0815254613fb6e749254ac4aebbb00f9bef367,0
4c5048b35d092c2a5c9629f6e4ae58a7c2ef435a,0
a68a9f1dfa696b78536de85a42a32fa5c1d0d782,0
c9f54fc130b761c0f21f60cd575fcfafd939b7fe,0
45249446623a6b7544b9dafa21788ecb0cb9110e,0
7c3eabb081ae69f1ac47d3c57b947ae54bbff40b,0
7c1671ca942db3076cdc6a6fd168890f370f3b28,0
2c143a25128b38ad6db190fcbe2347d39791bca1,0
83fdee10f09dcf064d80e8683db06a75e13990ec,0
2ccf3b6bee9e04a7a06d7c217b11329fbd1603e0,0
5b80f8b20c08fe26d74b07115bc9bd66996584b9,0
1dd706c09eb5236888718d0e2cd86d8a42539d1c,0
da2cb0165768047854953ac3fc8251c107f8587c,0
d01032f1abea37934687f5a81d19e8cef3744b13,0
cfc7a99f43d3fee6c347b534b66c3f4178181cc5,0
9f42a554a26d58a7400a25a490ecaa75a9192255,0
c14acc16f73e44a75b2062b17aacb26c4feda746,0
8b7c018ab76e517606b98bbf239a7e5a78e4f577,0
43b99945ef3ddc50171e1b8fb9bffcb62ad5aab8,0
d9184ed63b7264a606b9d32a0222380f565d0790,0
7cc1ede58f4f9dedf4763c38c47a3ee3e19f7889,0
d4d257328c225b1576cc111bae863975d28e9e79,0
5ee4bc4617c71f375b3c7cc12e4b904fa3af4777,0
a7cc1bab758df5cca95b412df91640b45bd18651,0
354e37c791943a147183009f189bfdc44a07f572,0
443f21dafc3b6321444ff54e2394e1cfa6ae494f,0
6857f385822d65862f2b3fd06e661c6435588d3c,0
61e347b6f63eec1e4fbcdd513d10c2a671db6141,0
738d8eddaee64f23c9437beaa52a3f85baa9c082,0
db99d023875451addffe1dfafbe1646f9e49575e,0
01de46e5b7792be6b7e7a6f11f9d034248a6b9f4,0
f96d650e966be02af79dfce0f5a728e58b0d9951,0
ec308acc23279f52e53c6989fb3e499165528eb3,0
93de0e4eb84c1f14ada1cd168d6edee61aa99ade,0
2ab33b4c1e00bec1b6b5403ac8d806917e276eac,0
530e346bf63455d0f5ccdf1cbc2daad8aeaf7b2a,0
853b91cf6be036c237e7ee9b37454a1c1798c41b,0
3d1b9dc1c93ca1792dcd4e68dd1a9638cbcb37bd,0
8b947091ba79a9cbb8a7905a9dbfedb8a57d7c0d,0
25f00210e408c6d0a6a8376abdc9bc2c1642fead,0
0d8768b6e21bc29153947c5e1d312b311f2b7017,0
76feb708d7c9596c44bb2bc94c4a0ad506883d86,0
38150616a9093e5a69a4454ad026bf36e68f288f,0
d4c40de7ea8904752b7789cd4273a715b39d58c8,0
8259e6ff9f2262b30635d762491c1a8aafa514a9,0
144edb722535d54a4af64e57749b82fa9d9148b2,0
6a4d8677e76b472c072e52be6b347feee9f3fde5,0
c9fd28986c4bc5bd2a29d154e08f0cb1e2d7268d,0
cb7951167b9712a816c3225c1002f4106c31f4d8,0
d731559a8e341385c9511a0e13e95c50f81cf60d,0
e734b307d184e76792f1c2bc89484e42c9ab27ed,0
c778bf76e83998762c992ff8a038ad549f59ad58,0
022a83ec0ebd1c2bde05a895a40253512b7e3d45,0
09477eabab6ef3816d7a2f656ff1406e557244a7,0
51271bfdf1af9a177e261460dc318f3ccb802885,0
8882df3d5131712da242eae25ba98dd9c85568c0,0
736cd53735c35a5c8422b03046fe7317f5ae3b9d,0
e4d8537671c99c381134dc03c54fb2952da3d243,0
248e10eb7403d353f602fe953c37a01900e1efdf,0
9dc9e5983f002f839f9f73287d093c66e531b648,0
5fe20568179961cfe4186f0b6e4d3fdbca17e13a,0
039033864834a0c3a500e740a72edba011a502a1,0
90469ef8693f1ac53cbc38c12a61c2ccb2fe83f6,0
53a338abd8259c307072c6fa88aaa905fc199de1,0
066800bdacc68ca8e1db1944feb446d40ba5f889,0
3a47f39276bb2d0900fdb47c76c80ec32aae17e7,0
cd5765acaf753c730b47f6e545235bc4af9d05a8,0
6fde09261a092313bbb3c07d25c486742c52b42f,0
bfb06f8594776c6c8c68ce98891135f648f415b7,0
53c5c357932033c5777070f578054dc8a610d7f6,0
da9055b947261dd8d572e12491f2d078db646616,0
ea8c10de5912d6f67a3f3dc49e682dcfbfbf4990,0
9248954fc6fe5f82e53595b9744c25e1812285d2,0
f47d9346a897ab09ba4352af18a96aa11309fa08,0
d4bfb6f4213517a800ca2eba79ce3772e39ec36b,0
a49555745be5c35b466532b33722c4afe70e73f7,0
84a9583fbbfe7b6c635688b27929d4573683456e,0
3e462135b9ed51c0fec8320ed88754a025d3b39c,0
1b611a9f5ef9553150a3e092f7e96c6b198eaff6,0
a58bee3c99048a9c25674a0ede329c737d66cc71,0
368a3991e03a6caf022a148b3eabb8a9100a9b9a,0
b6f03df133e4b29f0fe9db4f308ff15aae7dbaee,0
4894909618f6ed6d1b21d908706a37215758484d,0
1534ecf7376a113190be4d2c5a0914631848f587,0
af79add64463a90193dd8c3d85b476a4fe80cfb5,0
be9252459b6253276d483cce7e2fd7c6d83055b0,0
fc19e67274c64374779365f22bffa537448676be,0
0e74b70fb17dea292325c66795b223a5a53135e0,0
1f4332aa64377f3b5e1bd5d56ab48b038b7da70d,0
350a4bff8e17bf549300307394922ed8a9c7e158,0
faac3725ab5829fed1797a50d9145d8b5cc16d4d,0
5d98b952ec1d08cd58acccd5a04b77030c2f39f3,0
a475675f296f1a234f5ba5f8e5f2f9ad12bbafc8,0
8fb3ee7cbace8b9b622f17261051a3112bcd6efc,0
f115b105414c5ae81bc7aeef036147801b4fbd12,0
c5b2f7c57a0774ff496fa0669fb9c38b39207476,0
2ab3e9c374e437d18c594a9f0cca456f23273540,0
56ab3044720d20bacfb32d522e441f69b7358b40,0
1daddcf711e2845f000bfebd854ea283495db8dd,0
5edc4f31b15d55f367137cd91dc3f818b7e26032,0
7d389e09fc1b5975f192e2837c63b5b924e53267,0
54b29bf04f1673d5ce7ff8666fa6e4ef458a273e,0
6e463b997c378b456428cd935169dd477d3ed9eb,0
4e93f50b398b6e339335e3109f810b53044f9d9d,0
23005542ee98b2e171c0aa1ca56a446f3af3859c,0
92c4ec4cce0129c971ce56ae3c09fb150b557eb4,0
d4032376f0103c3e31a884e2358b58978e183e5f,0
744db000dbe71be190de129971b690b4c30e99aa,0
9eef094c225a51d732321f9c5d552cb21b85920c,0
b6092f60196c6b110bd0bf9f840553681e60fbeb,0
2dd12489df2dd9cfd387dea6360d8e3cb7117c36,0
2aac01048ffe7e8afab581496dd934e8ced7c82d,0
d355890c4bc4ed75ddb9fc606d84c63bf4c777bc,0
c5c152e0504fa0298db3dc0cad5db702b053a730,0
b63f1f5582ce39d528ea9721a27e6338068bdc47,0
d817d8820508f7400a790929128d02790dddae54,0
dd6266db655639959f566a2592dbff1cf07886a0,0
5fd2bb382ece17bc836eb88d601da6beb8ae9d6f,0
206dfdb2b3ab7549a1436cd4ecd214170b6f3d8e,0
a6e417f4358f0740acda92ce63d583d1b85a959a,0
f8c9f5ba94e9a433a57d428b30de58e15ed470a5,0
01641e812a8d7702fba405268882af906d6d5c98,0
723ee034bcb050509638c5e090818ea83a702968,0
31149134d8f16f9d64a7b9d1f94e5715536c9548,0
32716754c7bb826191c0129c7f1c879e45457c80,0
511a6c35ea35248f348349b15a006009feb5740b,0
d7f1943aa86948f67015c1f18818882539ccebf2,0
3cc801f261a5a0dfe20ff6e3e03afbd6f265ec53,0
3163c625b4ff00581364e6e6631ae0135916f5b6,0
8df502d23606a66e7553c3cf30e21b97b7dd4b31,0
4708e989cb6f1e4961ddc365a6c3e31a60d704ec,0
239d136bafe6acbd8533668945ab0d35bf9aa174,0
e2f7a3e2bbeac1b6f1b0325976513df52e4c3c9a,0
29392cd5516b2e7003acfe37b831f8ae24fdc768,0
2d56ea59c283c55cb710cce74d897f9c287e3dd7,0
bffc7259a327e8fd16d60cf16ec0085f52a4cf64,0
7a86d112b49999386f8cffd7f47afb466ace2212,0
b398cc0f1b2f89d5c4201b4bc44b032dbdbecfdf,0
cf1246f4dd021c363674ed0f45ab5e94eb0d0e80,0
b467896257726e62f4806fb158c9bf484e9192d8,0
61216e59bb305f3218be3cd06c9845bb285752a6,0
d199660118c3588ae87294cca768de3c545ae860,0
ce78b3c7554787ca299b1923313964e076ce814b,0
9489237114d774a065657dddfc435ecc51943f6d,0
61fd1a57d15346390393290826a9b72797ed9c5a,0
66d299a2803a72901350909b184f4399cb9b2881,0
107ca91f7844097532473470d14a93c5c33c5d25,0
6eb4fa0788649cc467d12d377f6a7e0b01431655,0
b44a564196068839ac48d4465a2c9ac7e4731820,0
8bae73649f6b6edd1411a65d286edf82bdfc8e98,0
58909e8e30168362b8cb54ef2d26253ab0d6eda2,0
70ad75d7128755f315062de95eb4318c4549d9ad,0
eabcbf5e9162aab4eefbc1bc1d699e3e93077948,0
9df1e7ffa5eca5d4b802d21b3f45481f4a79445f,0
12d849263336a405c31593ce70764efeb4084e9f,0
e69cedbc38aa0a07afc5994a80131a7ee1e4f541,0
ef2c5e3c5aaa30b8d1ba209ba802c5d38a338e7c,0
9882f7d94ecfffa53403af7d3857762d5c0bf18b,0
b6629582f0d6f60285093dee4af8f48d3c9ab726,0
ada97446544f9132fa4abdcb4b0e693a977ccbbf,0
b83664fabcae8236a9e9c1223f9b00ecfb1b1f93,0
e061d95bbcd89896ac3423dbcd7e94020eb0617c,0
82a97a54728e33dee2deba6836108efd5c8a4598,0
a2f3ab9dd6e293ba08e765e0f37f71199c5143e1,0
c1f13a50321380feb488d9de164f5850106dcc4c,0
e6ada97797a7ddb234a17192d1c063148c8308f7,0
c9e7cd7480c7eeba3fdae458352e8801364bd7e9,0
a1ed47cf6bf3555238eb27ce094509a7e04d76f7,0
dc654295195c4607e58a332cf20e13764d8b5b51,0
35cf21faeba0f2f992134b99d24e6158a6b2250a,0
ec8254e4681ef184e4cc625c1cea1b62f30f9189,0
e026bf9cda9a8b66e0c47b5fb4e7a2475fcba880,0
2eb4ff6a65563254689ab6b49f4124aa00bd7391,0
40b954f7ae975cb59b3e8c2b37e01824401db53f,0
994da0a267a81709b66a9c81560828367306ee75,0
9c6ed7a9eac10baa9b124fd9b9938dee7514cb5e,0
60a5f989182d9b07d6650457b81764eb4893a240,0
f8e233273f7775a77a435b246cf8147c2468a802,0
a9a571d2729c1556e906810bc60af09357c0793d,0
7bc386f86cf10469cf39d3b5a96508208ebe924a,0
3901b51c00f481a691ef292a8b78be63d089c6c8,0
283db9f375ca9cd015fc986394639bba23ad2cff,0
a207334e26e2c0b34f93929ff7d421ade35d644a,0
1fe472cf10ab38797830ea6943d7eb3e13393d98,0
2862268d9024d3377f9dc50b50a5b29b6247ab17,0
ed2de75357c63fc57c62cd1ab87447aefe3acbaa,0
7874bc8ed44ba661830b114b0505c08d5f359ad6,0
5e39dd4778d58bf0c6314eae3da3781b809f5285,0
3ce2774594c30a5154680011a1e1c2971112f85a,0
3f79f1b03ed6a7975e56e44bc315227380ef2c9f,0
3434b046c1c068ca97ecad691ecd7dfc827431c4,0
d886319e56c9bbdd7338590e8acb88496f6191c7,0
e156e77a2c7d6560e1775a913dcaed9937d7be00,0
c28ac9ad3cfb1a0a2d009a330715f4c4c4c8986b,0
bec4d9b10c9f197a59544101f83c7e6d2c801f94,0
4cf10f99352a6ba1b58a4bb58b88caacf85619a7,0
7246479f92ea4dd0988090c7e4f2d3bd4566e088,0
8f4d853bdc2f794cb7c9f724235466203ff6df57,0
b36ebaefc2c356202658b5f67ec2d119fee81434,0
8279b7fc3b697fc72c2b0f7b8bc80ec14d25a3a7,0
b53aa6e46f52b7f5bccc6b61f831db899f2eaf38,0
ddb72e4a52e6e3ddb2635ef8b47c70e95584aea2,0
f156ec05903f143bd6ae9cf2bdad04e8474b4afe,0
4a950c11a8d922e2602d53ca18442406b89bb923,0
575c111cd3f9102cad7ab0056ee793ee6a321393,0
66528578e20275834b3c58dc8e90032738b4c969,0
64e2ab4416c3e14ffa4bc947b064768d24a027bc,0
aa9110f23badd011cf2676525b8363b6d9a50987,0
930f1fbc6c272eedab8a8c35e344f009c44c15b4,0
e6fe8dc0b32925071361be7d175b6b6f2962750b,0
09e6e3687bb734f34d1a0bc479b50591aa3feed3,0
37d17bc8a483e47b8fb5c3fe3aca0aaf7c0418c7,0
90c9d3936d5169637f6aa3be0cf5900211620612,0
c5adbaf78f9e4a730d43d410c441843dac6e6d23,0
6f2b06b9719fe6cad6e6e9f6ea3f8155ff43679a,0
8e88c6e0d847cbaa6068be98705cc2bc61b934ea,0
21ac35863b7677c814f4d34405f237dc5df2c069,0
65f8e5d55d02c2503e122a1d35601eba3c315e73,0
1f80529bc386e0b32e7674caebd83f8edb0eadfb,0
a053988297aae0447620080d54c553ae0eb4d7ea,0
42fe06c330b4899aad0d4851d010017d600e3f7c,0
56f1f77c20f696058bb265a4a43ebbef0fc8d27a,0
b953e196138234f2295b0a4e12d9c3d8a00520ec,0
11c0562b0b0159484fcb412339914f7de498a289,0
5e08e76bfe410a731eb5bf5ef2c7886873390fdc,0
85ef57b1a7292120fc231a4e5d389fc173ea5197,0
55c6b20a7e3af19a59558f2b4042f16eb8ebf2a7,0
6b20316b827099882b34252d0f56ac91a9d3ac42,0
68be2fbbe46d26a854d6a8af6e38a8f60a4b49a0,0
8f66b3212c3d35c74cc96e7d0b3258f0fb9305f1,0
208887b4e351a3e2ef3cec77238b0677136fb051,0
3557766ab48bb876008b0a2cb9bd1933275a306a,0
d0af7d561bf6da3261fafbb6154c50ead2d32326,0
013aae21a9ee35f903ab13bb350cc2e15ef01f28,0
d2e39b6453de8b030a701bd5bbdbb02fe839abe9,0
a6652024d2d3ee4efd32c96ba9ba862bbe28a1ea,0
05e49560b95bad6b1616675316b72494b08ea605,0
0309fe36b77c4fd309c6e3e3ec2848224d6fa89e,0
62d7cbe88f283a6f153a00814a22727d870532d8,0
313950c10e4ca997d0e29fb697af2aa4d82a663f,0
4e6c051a0cf9490437a98f04c2dff5a2109b464a,0
6678f81ae4f7be0f2b74a42c923eee135c65d712,0
903b4d414b8985faaf4e4037075f47cde5cc48e4,0
7001cee43f800c02b4409cb59d2c26d7b55cc9f6,0
dcdbdf33b2880156d4ca9b2f034b8de19df9ecac,0
e9aeb4c4b43eca6033f8e1b394737a9d198a09d6,0
a47e410203492a1e6725d3541c3ecb8f92bc8b93,0
ffc72994dd9eb20b9065746dba68f38b30130042,0
2758094c62ab8cdf806bf68d1c8e8c210806604a,0
7aeb468d30704cf3a59da8fd0a4a2b62e0bdfb21,0
0e5b109650c0fca710ccaa5bd2c9371f8768abfc,0
2227467038e8b1c44ed9b474136e60ad15d609c9,0
adf79ee11a9cb8ddb14fcf67e1b21f6a0e652248,0
6a003a616cdc99b2111b13b36208bf5809eac57e,0
6c44e829ff0a10726b8f3b0fb04026f895e2e395,0
60f411cbff62725c484d1ab6b4ded5cc9298431b,0
baf2c57bfebaf71e356ff1c71a7e32a737bc4c3f,0
524ab6dd60b0b5f553352b1d58dce846c9a7c971,0
3c659ecd0b8be87d8e60d437da1c08d7a170da1d,0
f07af41b6473660bc489d9d299b708ed621cf04f,0
ccc02e73813fc6d25ef83ffccfdab00dd207cf2f,0
3f6d4ff1300b8b94f63e0322dd8a966ad30c7d28,0
0071af06884917f81974b53d5d9718406b70b25a,0
f107caf609366f1033ac9812628f69aeefb73d05,0
b5bc19048c8de0dd9f813bbc0592d76983fbb18d,0
e6ef23e6325061f732e8261c4b08fa63bed97a48,0
ae5e7be386644ff4d31917da6452c283f9c3ac74,0
7c357c162f48dc1f906332f9c98ff9ecb0ce4119,0
764a439dedc5d77a6693cf19667a4e86be27b2bf,0
54073d3b5fdd2985b98a48040ede95eb59c7ee53,0
f141f09d91368543e4f0754cbd649c484768c55c,0
adcf1350152faf4dbd8cf53fb2f2649f25dbe227,0
0f499d060adbd4b36bbd9f47393a7ea6af8149ff,0
34a961c3ed58ed96c73836db154ae50f0c45110f,0
9e511181a03096b77c3a4b9c6077a4ac0b56b510,0
d715865ee705fdb8ed786582bd6bd4ee996b0665,0
3d6a7e113633e1a33ca254d744c3fcbab61663f3,0
ad875d566f273f54094b6b872bf9433be9fd86a7,0
bc01dee31ec0ff10aa0841ff245b770fa1ecfade,0
e81bb0a29a1fec17e5a628c8f0ac3ca767b0f0f3,0
f11570f1b1373ba2cf25845e45ffaf5a88be5eda,0
8b290be602ce34e58ac72e2e79340241d1b7c765,0
f92f7a063a56e6da6bece497d665ecba8c0d6165,0
d92ebcce0bcd403b286ee59882dd65a577846242,0
347d1dfbf33c0dac42b0415f286f1eb212765874,0
5954478cab510f332eb29e4f0143b9f1070d8739,0
5677c9063d5808819de15ef7febb50df79705a22,0
1cf65a66e793a9e4cbfc0d0cecc29b7df341e1a5,0
af17dc6ce77d47ab57ad484f5d936004a5bf24a2,0
d9714be2115c66ac241ae9d1cd8e03398ac76842,0
ee8dd0679c60c67599260a3c653b4bebb3b137f1,0
73155fde9e0f1217f067a9efad9287a6f9c14423,0
2707d1fd70e22ae3675508d294bb93046e02b209,0
0698bd9eafb2d20fb85f4ea4f695db1b702dcef2,0
3925b50456ada7a4e23ec89ccfa34c04d03b95d5,0
9f758494636d8b4ed12ca93841e3148fbb9bd59b,0
f76ee129d348f04c540d205856853e587ae22766,0
3c5166e34e19efe35b522badd08e5e7960d9c49e,0
5a5c6aee83347bd90cc60a5bfe4645f1d9e7f28f,0
c28dc1bdc28cc3a47ca3a897ce31cac1fc9592c2,0
13c52f99be0cfc604080723ac96e2ad10b9bcf36,0
08573a672d6b24f6340e7111324a85d15c1542ea,0
f51d19cabad7b8c67e2992a2ab22465658249485,0
5c6a2e60b9a2b1aecf6765f8dfceebc9d58153f9,0
a0a6db8d55928b02888351fe40257bcd0d871095,0
2542ebc485b095931bb9215a1715554a2bfd77de,0
b95cbfa29df2928578a133b395a3e03dd05658fb,0
e19519ad1a61ec6852601d28ffe94a8967e4e3e0,0
12084ca7597f3e35f7d6d2cb8f6de646eab54f38,0
5ad31b0c1a3f670b2eac34747218a25d493d7bc8,0
806ada585296d5bd1043d581e133242c29072a7e,0
c174b656695569f6817f0d877447ce9ec555d98b,0
eed5803bf23ab83b6506cfda48fae7c351d51ef2,0
66706b4961259d7a5b2e4c32783ced10e12a3402,0
26e5aa9661a72bfd9697fb384ca72f58e5d672e9,0
d190051aceefe8ba4eb1b79aa69d4ee8b502beff,0
6b41b2efbcf7e7dac52d2c485c9e1f5d0873c23b,0
8178f48ed70b7c023f741a602b493e110880aa5b,0
45578a74f54886a2e2b4b72f8faeda0728146f14,0
07d2cd9c493baae1e82553b3da420d17a6093c05,0
ac2d382eeaa8b1d630051cdbc8dd302372ee4f21,0
c2ee341e0134df62c967c6f03741894383ef83a0,0
028dd621009cb0cca677116cd0acdc69192d3d66,0
533107497ee74b3cc8dce16f419da1a525c3d11a,0
f6683b81b427bf4a0b6772db99cf5f09a7891772,0
8b486d47d8da83e5caec6716e1cde7e5030ed7f6,0
4e821bfc822820681c3831734fe221c27d076f6b,0
3dd65cb58925cf1d45d6b6c9a96299caa3687261,0
733daefa27322b5a0554c51394753b733b430520,0
1308bbc633dc1f23811fec76df44e1c24335dd07,0
6d3ce61418fe49031c6b75f58253a2d5a9eceddc,0
13087b25ec3fd5af0bce5e0220b81b4620991291,0
8508dfb25252bca91c33dfbde75097702cfdda19,0
2207f9a8043ea35d58186aacb79b2f2520372238,0
158cc292da3bf9c80d56f001d92a841b04ca6ca1,0
671e63b084c2cd20b4df491e1e3cb62adcb0ddcb,0
8d874ab3c86e917d7410fbc1e63d255c85aa7ba8,0
d61a06ab78d228afe68949bf0c296223e0bb1ae6,0
66db0c6610270ad58f93cf393fe2359f46d395b6,0
4af36d89534d7c116746ccdb1ba6bf7c40c3bb62,0
ec73c854fa0547921581ca9408bacb8aa6132b88,0
ec6d80a1f76e750702b25b2a6164617801460404,0
e8d0dd0e736ae885d4f68a75ba3170897ebf7db7,0
9ff22e2c19c996bbe1fd392e10e73031093c7247,0
563aa2c8846bf13fcd560eed7520cfb7a46618a4,0
361cbac2cf7d0fe83c098e63d83863eb45e5b573,0
e910218be04f8f64161e39949defb750896dbc12,0
8080c7cb26b357598c636fc50f52a76995d2949b,0
2b755f3b94b673f53fb858a48db78384361c9ac2,0
ecd2af72f4cd086cdf8e1557ce662316c86fd8a8,0
505fd4de9aa44e963d046fd1ec1252ac300d44dc,0
886ebfca609d813d7199497a26606f209e607b07,0
896a4417df7f6860f62019377680b8672a89cd81,0
d76a0b2fae821f2b02bd110150e8a7185c9d29d6,0
e34706d2b8aa9507bd74c38a4a261ebf5f967c12,0
37cab2b8e2adf24fc5493812cb9dd41b90511098,0
b6d09eb723a2c34bc0df7e42e4e13ebf718687c9,0
44cd3a20eea718045e9ab9fb668af5e44c5f7302,0
3e736fe003da6b1f9f617c9174728eecc3688730,0
0ac8b64c362161b80f3ca45a9df592a38e7c75e8,0
3c0677e8b7241a81e27d02791f0cf57fd1ab9a78,0
8fb7cbcb4317361547140a3c4220ec9e6beaffb8,0
e9e4a31a559c7a839f45e35aa47555ead20e0bb4,0
83f63d8fbeb386e10409b976025a516c15586f21,0
61caea1f3c9276cd3a0d7418675fe28e941ac752,0
73c1a3137a869e9e7e1fcf2639e7c2de6e225908,0
fb917b5e6f090e9a6326615d6d826b18f65a4d54,0
a96ae748c00343eb5f09ebf77d1dde77b733be2d,0
9bd6a06cd6a6dd2755a28b8a8fa764d09313d765,0
dd0ae243eb18529fad9a7d0889c3bee36502d99c,0
8e1b2ee8b80402b4bf4630016adb2e9f5bd949e3,0
80c82bf27d99192430687b66af721d0cedd7cd20,0
cfd3ab7bd860143f71fa29f42955c5d84f80091f,0
b366503b8aaee94a37894fcbe0108ddea732e829,0
9c77a653725a7c369c54acc6ad7a4340e389901c,0
b4ee32c53c0036429d64c0d6fe82a62a0fc6dae2,0
5edb34cd9c3ece680c21b35cd290f67cb3293175,0
536dd291a5a157620a6cf061ff761ef0d8d2a8ce,0
9842fd2280ae0d17403e6bd5add136bdddb7d4ac,0
2594bb5551d3d23d79bb7e6737379bdf67ab5c80,0
5664b114c410e9ebf73857222b1eed7b3e3205ad,0
b94efd0b61ef518716a8a48ef73d9b4cbd84617f,0
b17162ba43dcf7898d6fc7c6183466d211e0bf43,0
eda0565cd1bdf420b28378fb4ee5004c5623f196,0
5dd1dff2e9dd42274235ba502c81c026f31c6b48,0
de59d977e6dca56970b65222b53cad0d662aa189,0
f2b68bb02eefea6787cf5412cd124c80b9dbd209,0
3af80526c9ab7cd340ac01814a6c92f6f9329bab,0
ce348801ab416d9e97159645ff4d6949ab91a02a,0
781032569517808bf7f17ea253b545fbbb4b30ab,0
cd20ecebc3facaf3c3b3eaba331d40b289ffe3b9,0
44593a4db847870008c6bb7b60324b778b546762,0
2330b086d661d22644defcdfdd9355c3a126b638,0
aebc9bcae3f149d14d52740e82dc4fe0c95b5635,0
54bd10b7ceb81c6de1fb76eeaa63619bfff19160,0
4dc17b6cb8c794cd15acb2bc99fe30d63306d5f9,0
d93aff59c1aa8269ef4a15c44cb3a0e2be6a9f93,0
a5e398f1a5f743e3dcab7e6d79e7eb8b5f4c2a97,0
d5becc4732eb583177b0cca0d08d000e2aefcceb,0
1227f20a2bda92482cbf8b9a537527d29c53b10b,0
86119d3c33770a2b8381c5dddb752ca5f29a7568,0
51932fe8861c2d79a357ba7cfe909856f514a610,0
28873d13364509716b0ac520f31081b5f62f3263,0
e205fb9e0dfe29fefa62060ad88ef586b12745ee,0
c7e53f772f6fc1e2d6d3bb7477a48a9123b9686e,0
860de720c663776d7b9de091e8699f6276950169,0
bb0304cbe239c8f956649655850a949864fe7486,0
857a3d1bcb857085da90ce3b27d79dcdb84b3d04,0
aa93d6be275f3e26079ae07253a32ff053f1a20a,0
4859ac25a06b1b69b5ed41dceb57098624665862,0
809c173c64cea583b329f87ed4394d68114ad1c2,0
774841f3dee4d650387e3c33db8899042ba26ede,0
dab5ea12be3167ead7deb3a2ed41dad96ae5928a,0
1b13003349de95845b4420b18c7e1110d3942707,0
3e7b58c22007239e7758d30a8053763acdbe129e,0
c4acef88b04802a24c8927ece25dffaff57330eb,0
e3f4e069fb34da2280c6bb97a0ee0767e8c19db9,0
95ea86472ac9fad3c7cadd4a03bac230fea5b95e,0
8771d171fb98308df3460f6c567ecfec3c8c0cfc,0
d0b580a8c620980674ddd2fe81b472dbed26748f,0
a478e88a28d9187dba7902890cfb7cb626ba4ecf,0
73349f6bd8708d544a1b53e1b1e49238b09648f8,0
34bc00c21e26ad29b08a68c1abdf0ae36852b046,0
3a5688507f2cb56e4fc78181b8bf93babf4e4664,0
4bceaf61889684e6a830689a833d58fe87311d3c,0
687742b011cb2a7586e242aa16f5d4a949336e75,0
fe16fb4de500cf45b4c80dd30b763467677050e0,0
5be3ba40d5cdc8fb0c4424acbcbc253b6aaa3ad8,0
f130a805b580eec1727a6df790e080aa88aa9baa,0
fb54abad67e3212f98cad4bd47d86f2fbc5c0487,0
ec5e2e12fa1b98086a22d777f5e471da69f2244c,0
202ffe2ae9f483ede9b6adfbb6c2b20c7cf8565f,0
fab1b2cbfdc29d3b94dd2914cb284cbb945c1de4,0
441115a4b5cd63ae808dd4c40fc238cb52c8048f,0
4341fc8152d28fd069fcb5be249f91f3de67f466,0
d5f5b24aa58cc09e959e71f74b944622b42ff2e2,0
121db2954f1dfac4ea1300a83d3f9527e8e28fd8,0
8342fca8d119d74c5e60c005f94023c5371c274c,0
2780f18c0738e87f685906d4639bd13651078c19,0
2599cba0bbb301ac84f1ff0ca6c1c5191fe8f4dc,0
d73c07fadc86ccdcaee767130adf0229a077f4d7,0
a0754044103303fa8f1d61e91e2c628af526ec29,0
0bb79faf1590bb9509fa3c819e2dd3624a9d1115,0
9d9c47364eb68c0afeccb39a7e07d72c059e63c7,0
270ec1740709fb15f3014d5a33ad426dd1e8727b,0
e53dddc9233341be456463d343ccebd2d7785337,0
43ff9047696d91680fd25efb737cb74df98dc9aa,0
5688edd0f7e21b8f1ed7f1ee0615946f01f69e58,0
7038644f0473e735ddb072b71e6e0f93367d86b6,0
61fb45321a72d4817e2a2c73f0a7ff20c74b2e4a,0
ea8ba68c8839db85c2db17e9414c806f1085462c,0
4d43f640ab75b21031cde605acb6996e0179ab2f,0
63da0aabac5f8b52deaadca66b470e30baf8250d,0
04cac4a5bcc2a7694df1318dd45a85a272553196,0
81203bd8b95f0737ec14622c4b9eb976adedf5b5,0
d82220ab259801af423e3468642ab7994e3b84cd,0
3dd9995c577afe499cd01b30c89faed53c0e872a,0
a199a0db017f4cbea814f072daee5507db4ff733,0
9a9bab0eb3058a15ece1a43df3db4c5926174b9d,0
5c3dbf9d93659c3564ff517d397d8226085a2c98,0
85bd72a50a469fd5bd8696eb0fadb3f077da3852,0
2350e6d82d86f8720cc7edcbbb114f35cfd67176,0
deca133f607d9b95d3ade593817441d9dd8f79f5,0
f3fc080f5b4a5a79b3924445eb19a074e7059fcd,0
c224bce839494ed651e5eba320b27c73ce8d804e,0
8981a5c9664574003f5d7620cf5133325161e543,0
4ef481f14220c19f6114a3f793df2202bb1336a6,0
d23228f4a94bd070b0505e5a528da1413915c8a4,0
5d2737ffe489b91c4af7ccddfeda93d860750729,0
e5c80d6eff29b9a3b2b917356345d90237e84e57,0
2017ac063c1cc284dc855265a15a4e2dfdc653e4,0
07ce798898b6c6ca639e6ad0e2beecf55cf00d7a,0
a828efa09f5b32f80485c2302caf78b8ee3c857c,0
46bd1c2955a29d676bfbc3fea6cce84918ba6ac5,0
f93d4212189162e28b47087ed333f5666da65efb,0
a3e33e1d61d2dc4bf08da05c73c26f36ea6dbf77,0
4c8226a9d1f9afb60bc443f4f0b05ca289e34d63,0
5f63b1e0c594bee55ef4bb6f9342dbde58ab1073,0
a46b7598485d830aff2dde6a04ca334026f7fe59,0
9db6ef0ef49e9a029c4b11830e783110e458cdb8,0
60095a44f0799e0b32b6a1be72943bfa17f33840,0
9d90c9b5ba8049bbf0cc87ba7b300e44f290332f,0
ac96083b517e7a48c2bcd5d90bb15476ec6c7ded,0
2112fabb37477aa1a40edecf5b6299f36a722d98,0
a75744861057689bd10eb5a98cf6bb1826bc4aad,0
ea6d7ca2dc764907d87914a4f22c20ffb9514473,0
8850c799ffc72f77ad604934f4b37b6a8e46ae79,0
91cb797f117d7f0d5cfeb8f8c11c1aab4a2a9d0a,0
7e58c97d03ed556380d1258f567e8892f1e01001,0
fad33fcc7dd30a8200005e2a33f72e8c71c88fc4,0
71c9fe3c79b12a32f8d882f1581207c1bc7a8e04,0
28fad63b4204be7a4d8ad591efc8bb77128cf60c,0
513e45eb71752df8317ed6c598a8a02bea9a1453,0
d251f4b3fe548373d34b0c763ce674e9bf038c8f,0
6063322406f9a888b708fbbb7c349a6dd86f0c77,0
f3bd9091a66c4a8c4c7085e1daba6c5a0e1da654,0
96c63d33092c5be37f5fa67444f123d752594bab,0
e15874ee8777c45c8b140dcfddc568e14c198d67,0
7b98850486edd87940f1a7b01f83390623ca0052,0
5835ba21bc22efe6464fdc54ab1ceb2dde4e91ae,0
474b4f990584b3b8c841517f400fa07fc47713c5,0
114f43ebd5c0c1d621e9a2c0234e7f3966cf9b1d,0
aad135f68b7bcc25068cbd3b06e6fe481d5058a2,0
42a86bdc21e433473507c6c701cdcf09cbbc4161,0
0db0fa6f5cf81ac3a311d3d593607aa2f9c18c65,0
3dd04b659bc7e635a2bba672203aaca3e1be8ab1,0
e8933bc7bbe1a7bf05fd8bc45239c8e6a2577f15,0
0accfaa6bfc5be4a0aada228aa5845ae1b74d3f9,0
359ab3c626419c595c324e7824c2c2f8a4b08362,0
4fe3854a6bef9674ac9fc1062fdd1ad8614dc7cd,0
ac3556bb53d55c1a54807bf777d3a4a11a6d4866,0
7d7f44815de6d28dfbf43c698962c0db3943310b,0
9c6a84ea6cc7c50e07dff576d6bdb9da12364dc2,0
11e8800e5d14921e93f1600d5d2a5c9457c0f77d,0
99aad6d3d3de10466b713fa88a1e4e8901bec38f,0
d8a0c4fc369112befdc74f30ae71c928559812d2,0
809e1e9d6c04d9b0b9d89b216eb798fd015da0e8,0
05f64acc1575af7085f305c7e789c1921c12a965,0
df4cb9616149b0d68f638f29d64a9d6506e64d28,0
5cabfc7e8ebec323f3d565555aec04238b32544c,0
f7f3e7d988dcc8752cb13dee5d7b31b4d33b691f,0
5754cc596d060f0a230708c4deafd073f9df9360,0
50b972ffbc6f806af6b4a68eb5daa392f84bb7d8,0
53371a208d4215c26d0f5f3b3aa960d274ff5211,0
c8e7252b13d4268b17668a6cb3a5d825fed0e54e,0
c525669fefff37ebb7869a0730e83876958cc4e6,0
89acfa3a4a2ce70bbcf4e8fcafdc7c1d2a83c4c9,0
a9414074023cda72a1f72198872ba1127bf78e79,0
d3cf8b0de0acd84e46217ed4e47409fee690f5ca,0
d83805d7f78d446a514198e0c65ed8fa3d6b4b73,0
8184491c97d7b34f12822f475f8ccbe97c125f8d,0
edd22771fc850808aef2538ed39c82cecbebacef,0
dac23e2d0165cb246925c331f6882f47c27564e9,0
823af9516c9c212ca260e35343a86cfed4ebf346,0
ca04c4f9e6cf125a5ed480f0a38b75a407140abe,0
257b01585c5c12f9d88afa6081d813ac74d7b302,0
7b15fcd3eef259311ba4235d7cfe3ff15d95c306,0
bf6c0cb30a29f70db4d4ef5178a740dd02a4178f,0
516baba0da8cae5df9b749192781aff8ce026bdf,0
121e33b83c471d0f5e0874e7e5540c9ecc07d2bb,0
72f5b7ef174961f2f626baf4553a43e305ff1ab6,0
cfe4477d64c127f65aef2d196db98f7f594a2ab5,0
a60bbf654ce82390ee6c4fb8ce30feee8e9fd962,0
7f7a0515e9cb4062f1fd8159152abd9785aca926,0
909dc0f9aa1874aafc2c6f54d11946199983a0d5,0
8bbd528cb19b93c93cb0b687dcc4f70e2edf8cbd,0
a17e95039cb73a5d9587e713df43c9abf9654c0d,0
0d170ba7ac69b39fa5ef1e62e020bc6df5ec8f32,0
4ae0a45dd4f79451a36fcd112fa7adef978a15bd,0
40e3e7a80ba01ab87f50a0e0aa1dcc106084356d,0
c20dd3555ccb34147e3fe6bffc7ecb081497b2cb,0
550ceb4d89bd7094a19a7785a592effb603daf99,0
91f8e5bbd4b7e4e6026edcd503be6fe1ead0b684,0
b51c10600abd8f0aa8374f92311844d3deebb084,0
fd10fed8ffd816f8e52fba0328f3522693cdd2e1,0
7629b20af0609787e478a0c246b83eae38e95b40,0
bb24f0e7b2a84fbace6bafc4e639c1ce9495e19b,0
ed956cba15c5833dfa5f4e75d9b6f581755cf1cb,0
bc321099cd30efa7c55859b6b3a3a70b19921d05,0
ec1e8223913de2b331d1c559355a15bc48720e2f,0
55f89cfb0c68e9730ed87d0a4e6806ee180301c0,0
c03b67e332031de9018850ae8be97f83df2c06af,0
6019b4a5fe34342ec8fcb12b415746510c7f1f18,0
3f14d07461e80fe3c39223ba300751261537ad99,0
5080fa310dc19c20f9631bd18cfc3a5a63ef160e,0
30e0fab1209d7d60b2ab94ec1c1125d1fda30095,0
1be195abc9a614d8c6d088b1ac92b6d3c00bdd42,0
d31247ecef37fe612b02a8125bce169cff5ffa8f,0
25569a2c6403f6949d9b7d3df9a5bf05f9079d36,0
369a3477139df6263914b7e8cc452f8ec166141f,0
ad492adf5f0070edb87519e94a100b0b07b3bac1,0
cb826f05b5c596091065961fc679c18c05aa679a,0
073905ccf02215991e94788916d222bc76337cbc,0
2c573456e2ed1fb926a4a7c135ee432c10e7e4cc,0
638b71445b308cb081d4039e05d3d8c10f6dc468,0
e28f97685236891636342d386b63b7dd116fe846,0
2094aed41832a7a39538b954a5f95e9ee1c149ab,0
32d229e3af2b5ee938c6b51664d03ce81697dde7,0
9f5d73aaa4964a308a39bc41da3e98753594178e,0
99ae92c0070435be5f87791bd03b1aa5876a92a6,0
b75597ba800ae9ffcd2f00a95532c782646f0d72,0
82393b18150c8521b43c52267a3cc7f8487181f2,0
0bd8d290ac180349369261d5acc8becb556fe823,0
027fa08f4269cfea0a09d31c3dd67c1667c5e8c3,0
a894c74c91dd09513f9271c986429d7a0eef9f79,0
e9853928810ff5ca1f8bce2b555c37fc27be94c1,0
cb76dbec8e8866a686b4bf4f89034b98199eede0,0
41419d10eae6306c902499102eef16f5e3ef2939,0
4fa9d428b4ccb8f1add7e384ac94ce98704c76b5,0
5bcc9a8890ccb33b1615ac5e0a74f56bc7c01037,0
039230a14b6d20d7ab17d22e9ef17f602eb564bb,0
06ab33e632e79acc31268b7c0d4637d3ee73728a,0
9dd91c408062cf6b297f6d1048d61052c689a6bd,0
b817f91c0d753d39dae15081666c8c88d650dd0b,0
6ddc0834e63d0924ae1bca939058ac749214f2fb,0
6caa7c3c4d97dc2a176b0d9986df1ba414fec0c8,0
ffbddaf6fe7c46d5cc6ce8fffed4c966b0f86ef6,0
ba3ab56a3acb43f34eea8d62fd6591a8979e5966,0
dbbe7eb2ee255b793027029197ca48c7afbf2763,0
4e2320ccec92ea06ffee4774eda0970fae372442,0
ab21dfeeafd0e4434703763a8bb037e5c2666ab4,0
f9e9de2509da6a2b972d6158fb95ec2bca36bd03,0
95c194451e4c1c7b0c578f02c8c15f2ca0908007,0
8c9c59cc9ace3e530aa26f9b320769b62de0d5b9,0
fa07b58f1c6611cbcf45679beba5ca635795e57d,0
5d854f34cb0c602b119f1ff95ffdb6a812fdcca5,0
dafd2542557489a78c90450cb675e9978159b806,0
537872155b757a6bcc1771e9354402e00d1c0a24,0
d5086d256f5cad0dfb45494d4193f7c69e469e41,0
2186f41bbae123ed355a77137e9be10c0b4c4630,0
c9a2b48b448ff6fbb7a4ef814affff04bbfaba39,0
c722fe80b9df938cdb3d949428ce51fe12ee88a3,0
b8e788a0875789303a957b077bef86e98cb83af3,0
c83f296060ea19b43be7f45acadbaefc3ecf842a,0
55da87da9c60c6b78490e18c96836272323a8c9e,0
e48e3e3fd06995078a1d1832124c5bc77df28969,0
819afc8d494741ff8bd05f36d43af813b6f6b04a,0
d528fb5809e99b43a95ab01cedf97025290ca6c3,0
bf503a33deb1d3d2fa8fcf89fbee1c61c5a079d9,0
d3edd85e440566a795f4206877fe3be25ac109d9,0
dc1df1d4af4c2672f472663e18616297ed9adc46,0
ce3a2bba5b7eb850a4d90e7ba9cf61c6f779255f,0
e097fcf144ab65619df0148382cee7eed99698df,0
456277b152d14bcea710f4a495a2d2c39be88467,0
9121d65055362d073cc0f975cb7d35933d2d5e13,0
30f8dc50a2f30a22dcd5d2ef1ab216da66ed9a29,0
95cb90dab5a3220274fa9dfd4ad4219f9ddba200,0
94da6dec7476abf7bc6929537637e2f4ed640cc5,0
4e45c01df64f9f4df04657f5037e98cde96442f8,0
4efa8cf29a9f4a35bc6bd347bfe50070e2916b1f,0
864caf4dbd3991e1518a2faefbb05e673df80b32,0
31931fbf0edc365977ed780791777c66118049da,0
1dfa5367620b7bdf88c28add555c3ddc2be1d187,0
403c9b1f69b8a9692c687505d3d81863814b47a3,0
0ee29cea53f9f541b9921cd8fe2ddfa75ce10277,0
0850166c81188b44dac5aded8d0110ca6bf07fe5,0
549d808dec64380633e524063063ae6b79917cbf,0
7eefcb24fe5ccc42f5a72738ddcfe5051893b21b,0
36e15d1ce9ad21252b93de2d7b19146a171aeee1,0
e0892e0f565141d7769e69b4490b1c0b4ffc0a73,0
b95421c7cbc03bd60a11975f6203e59d15f3786b,0
64945d5dbc74452c49cbb8e18025371ce1066232,0
32e881a31ac960871c8362c190bee964602efde4,0
72ae92deb39d4ce1586b9bf25ed2fd4104348b7f,0
5d011f4bf60e799404dedd4a47ef3917cbe146fe,0
616e32ae08e0d6223d45f2d070fa6c8671ef4c3a,0
f4b721c63e9e1db2f72dbf44d2c651f380391367,0
e5c4d1476380fa92cfd15a4c14cc446df4ed2770,0
57d47cf65af65a4ab3e2769ee991ec685a0117c5,0
63a32f364303c6e2158c43fb7f516cfb6d84e680,0
dbba1ff6c4160c83aee6f0ac37b8d133bbf5e221,0
1d4ede072a7729b6e4267f25dbaddc0b3b456fd2,0
02e5f129706a9c99b5c10fb9357ba7e623aab623,0
f12779cb2a0e1a1260d4ec5129990c9348c49e6f,0
aadc8c9fc6fcf1e7c7b681834bd5703ef7cec498,0
e60e010c786885402fbaa72cc2fd33fb3cd0da73,0
2d10582ad100ede2172a1eadda6371282958346a,0
72700d7ba257e4c0307bbc44ae0462d8ddb59aa5,0
2dcd1ed28b976eb4d1ddbb1775255196696a5fd2,0
41b5e03fdb0c7358e922ab1dcb9d732af04e9a8b,0
092dd26db67b2fe3936fcfc093d1da67b9a5e1e2,0
23f25c399a98f695f433fd47e4c361884e58e945,0
709e8cd8814d403a4ce47bc248f53f52986b4976,0
369baf282f879857ab8c90b6f63bd5a87b70bd4a,0
dba71ae22dff6aa1d60982eb7b0340504653910e,0
1f321b6ad6c26269763d247453b8889e4dd81168,0
f40b64c8a8c34d5d9740955384585df03be7d8a0,0
f360508db2e95fed6050cae71615cc5367647641,0
2ca87c10c6849c891ef7d698b511278fc51dfe77,0
ae9920e4f81a631d67aa4ccb6d15806f694566f1,0
63b58cb5742f894fd28b049d7e02a70cd70690b4,0
76d0894fe59150a37a8e7cfb38240e7b89762f50,0
c194433a7516f35f4c5c89348c75d0d178fb2eff,0
bda102e36114d1dac58504c03b658f43a295c662,0
ddb6c580cc37b703436a13887b3e108dce343877,0
dde1d39286644be95dd6bf8cfdbae5f278a4be99,0
c2e18c6d02f07c7466b29caeb5ac94aa04c4957d,0
7815650ada4f27dc72c8c470d626481282b13dab,0
3efdfd7efda04b8b3272377bb557c92e0a8589dd,0
142aada22a661019898696e12bec9b3c9d1ab91d,0
ca7ad565651a04bca18079eceef11b3e0097b156,0
0d41d2fd958f28a0c4eb21afb6f34be8efa0e4fb,0
a92414022d6b0b3b70ad9ed13e8137ce8b38050a,0
24142f99b26b73dda55309644c22a93ae5157869,0
6f0d8ed8f188fdeaa01c52027731f2146a0ee2f6,0
929a59a8f2dda1242b9841b4d9c667f2e5130b12,0
a03781d3cbc57c0327c289b943997129fee98f9f,0
21a1a430986ecfd5579827503cbf7cc1922672e9,0
c832eb20796b25d8ee2437a8663616b1112cd7bd,0
e09033cd6084e7d80e95542177c9520e9e538389,0
5bd0af4ebe54e526fbf7e91c588c6df193d8a6b2,0
38f0cb9c10ef7b5a6d382c354435614be15ac63f,0
06338c4481fb8b2c824361f22b994a878ac7a3c8,0
46e99a439a6d67eadad60b351922d63c1892e71f,0
ae70118ac7e95d910e90c9f1b1893f593b5e2f67,0
77a191563d80a53b6c972f53415bc30f306819da,0
e7a7542658d016b30b7b0ef67ff8ef5b5b687230,0
a7cf506dd5ca19d522c2a87470ad94f126a5537b,0
454e73db216abf1cc8bdb87a10879781fbc78dd5,0
d821156cad6859e14c34e140fa918fad290a8319,0
bfeb7742079211da527a3b4ce5444215e0b179ba,0
904d352be1c45ec50fc80f94608eb5dd97d454bc,0
90c87a4836c4267b4e5c50e5d21c129d6e2e4a4b,0
53674e924c22fc1dca8da42596ba06d1616d00c2,0
5d3322ba11a0541894ece9e7def5d45634eea1d2,0
95ec048d7c0370f020c40eecf28eb8cc759b67fb,0
6ca84c08bef64a754021613c64fc2b95e606cc3f,0
5aada4c51232d9e93e7f337696220dd8fc40ef44,0
6b889d83c9147082deadbce256bbcf4867119ee0,0
0029e2955579a8526cc1a155b14162a7d235f50f,0
22a10912c7019b93abc9f701ca43a02e1fc47203,0
d4ef922e98dd046dc45b1525503dbc004da0c087,0
63591f2a333255a75cd7c02be0c2ec94712bfda7,0
0e7af4dca8e66cef56abaff693f08d0866bef2ad,0
9bf57e160a8cf63c6c993db5005c9fbfde5465a5,0
9b0f78e89e5bbf44319307737c2480cc29e26a70,0
8e6feabadcd709b2dd9fb0075e97d8232ec820f8,0
041c4f57e614017581224ebc6f68597146971cb1,0
1d2019f2a32fc5388e955c5a3a7fa4f236538d4a,0
3b77766e7ffa255528c1b189bfa94ba4f1006945,0
e24dcb1a4499236fb0f4d1d48a34e97608812d59,0
a93b30c9181aa47ae794bd57f673d5a96914940d,0
d3e51a9325780a622f41b304145eab539e60828e,0
969434f0d4946b6f8129aff097a3fde698568fb5,0
e45b048fc36b7e9cf07d2a278061ffe36f5a8c5d,0
0a71344031cda9a5ce5e444a82ec42702885da37,0
526b3154f14c833b7254080eb7de2d3c348b6fae,0
27eb9a95cc4dc3186caf74d5ecf2cf76159ec258,0
9c8dabf7f4da273707118893053851c8010ebc9a,0
777e8562bb33f9c7996ca70462bcf915c7a8dd5e,0
4988e4b0697f6b6bdead3f3465c1e3c16fe2e33f,0
b0c4fc11f44c1b5d1e6c480c0a924aa4f01faa73,0
ce20c6acc3f82b73597b2fdde3b24ad42edc3c9b,0
025850a680eab989dcfc0536cfdecc00c57d566e,0
00a39a9250167e2ebf951c57f39d19a99bed4dde,0
93309324edd2e1f6397b8ec145e79a9b87c8b44d,0
73327b4d5ca8ddd15205200d3e10fe8709449788,0
2abfd535c3ae16faba22f976440faef9f2d2962c,0
1bdbb60ddb88ffa78f7f1a724fc4c7aff45bce20,0
dd38ca572a74591c9cbb2240c9fa6e5068d01932,0
654994673572fc8489d07dc93c5c8ae08f7d8825,0
a0e069db94dd2c0a407429dbac37c0ef06d215a7,0
42d0c36226af2c3f9a8b93151377f89e447546aa,0
5915128b638d28139235b503573d363c7ab50195,0
32d9f41fd3bffb69595c71af250c43ba990b9163,0
3986ba699e5af89e9dc1c71570c8f6db9720e086,0
a2a165992f8322bc5850a8195268d0e3ce04912d,0
894c98093001fdc578c74a42118475413412e86d,0
0ed4e1f1a66883ce4a7aa366f260e547803fd62d,0
ab4b2ce457e5f7bdc7ff422226c7c0c629056816,0
be4a0a31992c8778156a3abd1ed9f911e17917fb,0
d30115020d77802ed896c1aa2310ca0df92da82c,0
cdcf55b64036bbe4b8b7860d38697270fd753420,0
a870d4f337859e2493d2c049de31190836641c3d,0
35601cbca1012108ab24eb64fca1698f25b3b905,0
d263618302826ef8106d0f19364eaaf1b599d54d,0
77916b23ae39e9fc855caa1c6eb25cafafb40e6f,0
dcc5feba0914dd359fb029ee3d62ff8f97472f68,0
164c8b9cbc014b441241029e1d479f475e287c98,0
9dde9e3e94ccab163043ddc6667db7bbf29191b6,0
63f9b48abc67c17537b6e79b5c6f1e3d2917d9e4,0
a6f63a4331a693f49011b2a7adf7e4e6841c72df,0
981b37a09574a971a38716f49cdad313ed5d1a16,0
67cc9af37821beda2cc35f3200ca5dea44efbc97,0
d1766304cf5109dab6b5d549beaa26a3d9b0b79e,0
d1f83ee2b5dc60be87bad39a06947aa711e4ac41,0
a8e01087be694ab1a1af316c4cc7a5b88f65f960,0
2e2ea0801659c954449a1013650003ddde035d25,0
8b0b9a6a61930e184b2e4c98492a8609a0b9a7c4,0
73a38a14d37b1a59f4fcea36a3cbf8e8b58d02b7,0
74dd3950b0f7eb94ebad11197a1a316475ce0593,0
480e81322f6e8f463cc2e7a9f2417ae723868f88,0
82248cee944fd2b5885be9c0451f912e3ae46b6a,0
9c67368c7719a5c58a085d1f48b44da4bddb38fb,0
c20dacf8a42d0962b44ee7cd7f69a2acf3248c20,0
ed8253c1014c315d8a312de503dc09bbf7a8a68b,0
58ef141840ea1f40136f1c104afe27c443f70550,0
2743c64896f1ceb33d096aa24fec55e8f74f249c,0
6f58ee5859846ae418fbda9176a850a6172349c6,0
c00374e3db00648a23c92ecdbc2a78b8e2ec3e86,0
3ca717b0cbae1a0bd82f33cd189d5c02dd33d264,0
341d259da21e14f44e9444199fd7efad3ee20d23,0
49fbdd09f13c89ac529e9331ae162d1ff27425e1,0
746a13b54f1d85a5cdf8ff9cec0b3613800bcfe6,0
b6de8b22c61486f2f81ce52d426119401f74bfa9,0
8ed011b60b4638dea129d077379c557c5e813de3,0
e014cb5708b33ca0833f65539610f37dcd956d43,0
53c0be2d542b3a954a340daf69b10325bfe45edb,0
719e8c54a1ef9df02ef14062e47cb844348ced87,0
2a95777a0d631bbc58832ace717ba7944566b12b,0
3dc999374cea396a311deba16b89faf721c8ce62,0
fecb87694dea712eccc56f3d343622534daec351,0
bbdb869a267c50b7d652efb960e24f435fd571c4,0
d6c336ffe76a430b59ce8a1093b7983471b0f7d3,0
d67af31fafa928ff637859627c2d21698ba6b652,0
2da6d8a060e469b6d40e40f7269296eda6b4559c,0
e03af147fabac5519976f9093ab7c30236bc71e3,0
2be9a93d28ef4b87d3b5bc7616becaf1e9072f36,0
97af8921a062b85f7d1559b7d3b897906f7b426f,0
66d21a0a46c7b36ff7b1663da19605baeca08601,0
9a94ba79f82783247ac452766f80b71c60c7baef,0
a016740288c44f750a89bb80f0fb266f27cfacea,0
549a0340456a49129e84341753a824efcd3e7901,0
3bae4fa3db0657c5b7323d0f6e2b4bdd2a7feb32,0
b4f1c809686d4107748bd98a71d28b90b6cde460,0
4e0f656e1c0fbe714e25136591bc69c3e8e8355c,0
85342f39c4bba8022566667f7b8c55abcc38ee8c,0
db2d999da8066db14b542626087e0f3e7cb4373d,0
c6ac750713e4c66fe0f55db8ee752b922e3297d6,0
6e452f40635b866c6f657e84b9bf028d681f293b,0
36aedd51000574f75305bab8f5e76d21014baaa6,0
adc6574c2125035fe95a5a80db08995f8d60459c,0
4b89cd3e53f51cbc5b94c0b7df3bc17580374000,0
94a6d100c17edd70b8e0d6ead93343028ce254ae,0
a019609ddd90757e9e9edc31f5dca6f78aa285f1,0
a9a6fd607fb4c8def8e0f781b9ee45368efb5120,0
a2dafe8c2573d73d9a71b0739383a182ef92ea0e,0
6e3dd0d8f41528a144e14c025cc192ed5c20553e,0
1a68bdc299d8c8d6b264f00b7c7dda6cc081f239,0
2fc4ffb122e2088ad38653c700e884a3229a1d86,0
2b7412d3107dce23f36c2ab82647d97bd4eae11e,0
ea12ff5725a333bf35b3a0ff0f61cfe8733780d4,0
f29c460b5ef1ade718f6bc9a4ebfe95b999c657a,0
2ad1a7854b9398a601b3d9b47fac4fc591374951,0
9ab7155681a5188f222139f74c9db5b8e3dc7f78,0
f0eb9b9ea84bef8e1d9d6b9dbed0d2d120861f4f,0
07ad1b3cb5d16fbc49e4d46927c93b102f71815c,0
f78f7a2565a7cd454196719eb11e02a09401e0b3,0
2077753f0644e447f1c97faf1d94876fcb6001c8,0
e7983775255c0a680c6700062fffd77cc0ddb179,0
222fd91bad53f6719d49373472abf305edeaa19d,0
acfac751d49d8cb415188169457a4d7d4c15706a,0
07fdd072301b119072bf20bc8bc6b438dd9f23d1,0
4f00dec262c37366e81956f3c35cb5938671d278,0
c92b2115d3d2cf191bd69979715095fe522b473f,0
ac4507ed905d9c544ec580cee8612f406825ff2b,0
01195766af57bdcec05a9f5174ebf911dae309c7,0
c19a27e1679d9b5025c3b2f5058398736c382e3c,0
24d2d05e8b98ecbd3c03bfc87f1972c1e0fc11af,0
7eca9034d8e2878b1a4b4ddc2d9150ee975f54e3,0
608df3cb11a207909f9d3083d7cda68dd0f8ae01,0
6c95d8c1bf88e26dd1485847575da2fe9471d887,0
4aabd68164ce766d2d2ea918791b59a0930c14c1,0
1c84539e0c2ebd85cdc6dce831573f768508a83c,0
daf770ae1a938dde942c24a2400670f564f6e89d,0
b1c3d9d676c39512b7bbe9a02af57bfb2ef3dd15,0
9e8cb866041535b1007afa7f1db451d62f8a4cf4,0
53f3d02fdfd095761a24dd3ac5b3a1c852bb68df,0
8d34ffd7aba07f264b8f54e53470bd498a0f2f2e,0
6ce2028bea59ebecbec2e32cfcb36991fcd5d8d8,0
d29a7b709e978f361862804a4b9532929e15b8c7,0
3a5588b3a3dfaeaece546b66c82a32482fbeef60,0
26f03d3ce62898d6a6f30b56d2466189f2c07bb3,0
ce894b21480087d5f6ceba10b992a2cf4127d726,0
ec7904be9edd2e75da0b1e470d7e76cef4b74f17,0
44b355fca0c21f2e8f40757ee6a78a37d2807a20,0
935fb384a783f45144e8bf2dbfd1a93916481350,0
0af0d178ae6f7c4772afadf5bc2251c7805e75d0,0
21939d0094c76da6796a3a46b64373d20dbaca19,0
c873adc94be61eb0a2edda56a70fa218dfdec066,0
73d9faf74cb7624dac275add35b99e47890d7f43,0
cd53b72a4c16f2f28973338d9492c6c949c37842,0
a5ad42cd6f6340c6c548f599fc4e286e921a6d5a,0
832f899778561c36e0b9865ee8d6677900fa29b3,0
b626dc945bad8e307d305562341a0617f7e7ad8b,0
eb402e33c6ea6b256b99a325ea76063edb1a273c,0
9e224a5f0690b7aca841bbdc9ac46151a1f907f5,0
ee9c69d9d21ffb6d748a6ebd7026c7f9fc7aba15,0
e454fcee4bbbfb7782a45cea98ffede23022bfc3,0
b27a9d01939e101942527ddffacf994a43413b48,0
024e4b645d73622d8aa1881931b2b0a6618aec16,0
b52268122ec69e1bb2e4eeea2e3512cc320c1744,0
2224df7b9de1dac7f1a809668c72b35412633c4d,0
1dd8108a9bf22a95613e56fdca24abdebf842ce2,0
a1f3055e1361998fd5f41ffef6f0b0622b057550,0
ab1a29ab3de512a811c65aac020d005efe52e8eb,0
d5380980e436c9fd83c8acace07fc3f5f19d20dc,0
d9370d4e82327882c67d75fc457fe13461732d30,0
be0b1eaea246aba841510807484a6ddd6ee5fcdb,0
f931824f693ab79344e4e6432dbd89417d36ab88,0
963986fe5399cd27680f2af3b12d2699360ac610,0
ccfa06df607c3e626552d8a8d8c5723288ca4f49,0
23b4ec6b9b787b23db96366190c2fadf35628a9a,0
82a8ef1b14a1055f777d24fac855080ca2893ea0,0
a9636bb83c6d328495910b06d4aeb0a19ec38cbe,0
0d4f2bbf2a55d99cd0e10a0a847b35702e83ffce,0
3fbb4f311eb4128436e8161fbf03a03230d286f3,0
e313a622d41034ec601cf823656c0ae0cddce029,0
0390d812488ce50419cad50d970167f32fd42cfb,0
644870b748e432d107c759e35c847ffc905fbeb3,0
0be56985e1e7d42f9ad4396e94a735530e21a305,0
3a61904851466ed70dd4346e1f645d6a90388ab8,0
79efcff87c0db645582fffbcef7305aa489cc6f8,0
8662f8992d2c0638e3d3444de219cb5ff8c3e384,0
d7975e6698cf994db6653b982ba5e510e753a7cd,0
75305579aee64e47520e00c82b114dbe44d2a97a,0
a79528302c0dc4ccdf96f66412fe081901bc95b2,0
dcf0197fbb04019d66c47e8db47a869cb3bf51af,0
dee58ac01224a6ef9bc1285627f0c27ebdf0e083,0
ef07344f4e57c39a254fafa27c33905f3f7fc0ca,0
a88ab5ae113159a595e3001a6ff0646eb618d390,0
60e796fb763fac1d2ff82a83f07ccef72aadd415,0
bd7c576c0776edc766d91bab8c8b688f2b759cf0,0
75898bc6502d288bee95fa42229cf3fd4666691f,0
be60e48c4c673fb9a46e24ea4ade6bb45f44691d,0
eb3a874b3938abd7a7e5cadfe522c12bf84b80cf,0
e1ca2d664aaf2db7793d642f7e79d557594c640f,0
3e314721586b099f83f553da15dc77e7a7290e69,0
b56b9636c8c94d6e1e50e6f8a2ef978f94eeed54,0
8dca0f4ce98b3c9ddc2fc1614919d23df2c7dabf,0
2f18e22169757096469d693dc73db53825168a06,0
df09ef85346f60b10089a485d212e97bae82cdab,0
6979d1a465f1881f75278934e18f6683e5b06bde,0
0b9c657cc0b6dc6571e27b7f41f6a548db7682ca,0
851825558beaaea131d4261bcc079f454227ce02,0
4c14c0763ffa7a2f42549afc7b034a67322781ed,0
8dff97ba754359ca10029792ad519d60840bfe49,0
d5d22c3dfcdce921380152987cedc56d924c6beb,0
d34e6419875c1d79f483abe6cf4da58f19c676c8,0
b59bc1d61d53145387501236216a43bddf8f838f,0
92c5e8cc785d476a82322fbf5b23afa77ad88cb8,0
62643af540d47afc6e03680ea867a47aad0b943b,0
2ee3a773ce3baf1549ca55dabe1deda5d0fababb,0
f31b2f3c9b0dba00b2e2a1d0b56885f4ce0a9e9b,0
f79a3d66a3ac6d84ff0c757c9b18f7c91cae5811,0
4c1e1108e999a4883939e34cf4da8a9891ab947c,0
55aa76a0cd5e259714a307cbe49462a6afa16c09,0
f48c5a6d27f091365bd969049b60627ac458aef8,0
f830a4acdf1d926a251606fdde6fb687c0c9d104,0
0ad02f84986f7fe0341410a37a8e11a9a8a8cda1,0
cf7ab247afdada7b973d65a62c3744f4a6e54192,0
b4d74023d2dfa8e723936b103958fae0f8eff45b,0
4652d42440009f4b335393e61781daaa3a847401,0
86631315076f5d435c6c16630093ff78be15e39d,0
ca0aa2ba44b558656a33497bcb0bcf25647767fe,0
ccd77e496b6bc5990fd1dd9affd5f390d3f49559,0
c14f508b53eb668b1a844fa1c2712656f8a07f85,0
e21cd026e0aa86665fc0e0f0bed5da676c70fe85,0
152e4f18e8aa94cf0eae1a8b4edda04adf9993df,0
d8bdae7ab8f837a4d3aff966e044871ac5e4a82f,0
cafbf32a40b78785e545a77bd0b6e66320397123,0
f96918b064b599d8f06c92e2e7ba5a98cc6f6305,0
7245fbd82735eed3fc5510f8b468b77f1e984fb2,0
d2a80a5c28f3bf72e86b3c084badaad891f03b24,0
e05a334b0d02f9f29d03d4389177fc1271a15414,0
fc244bba808d2f00c30e230bbd180047fd6947ff,0
fcf3b4f9964635f8e66be94ff12d934fddc3ca2f,0
112399c7fec8a881f5b8180c8b3dac2822e9068c,0
822383f2a74add26a0274593d9beae33e9e1c0e6,0
694b2935d83c3b6ebd4820dfcfbb75ec8fba0b8d,0
11f74a9e96dfac95e15d768540f6a3b5fe60aa09,0
a47c6e1019ba35bfcc8e5ff74060824ad0ef22f8,0
3bb036fbcc56c8ba3ef26d1c66fd049d902166b9,0
aa20d63896f51b5d30c0e5620c35389690128d9e,0
95fc70c5a698fb6902454e5fb7bd3c8bdc834f56,0
2ed9ad341043a05463a5e6419033dcd1a44287b1,0
1d130e7582392dd3d08a411e24d440ae3634001f,0
a3c3a4ac6a97bfa86760076c601aa88608084f2f,0
ec0fd2c98f0bf94d6d87c6adf237430e606e2e23,0
0a89a4c68d9dbd744a4b6b707918b6921080a3b8,0
26668fb7a1917926884286b8f92be152d398cc96,0
dcef16f3ab15c4804ce1f2e04bc64a3da5494a3f,0
aef2fdfed2f86b8c1359cfd2fe777193a79abaa6,0
bcbe1c591ea45826c4e60f62a6972cefc52d3c1a,0
dafba69838649f7ba605032987d9c26d5507365f,0
57ab3cdef237c72f7566c96ae2a631f2d20117c9,0
d6877f494fc801bf95655a73a35c15f425908c75,0
84aff3fc77162a9e0a590b1ce927436b4d494c3f,0
083d0034cafdab34d56245d8a3d86e5e2c13018f,0
d16a762057c7837c57d030d84079846b754067a7,0
6df85e8e0b81f99c422b3700a973e758222c37ad,0
6d48b5f380acfeb138581e213efddedaaf9b7262,0
9e8bae68323e6eb2a752285e767612e7d0d431d8,0
7ee0f0cdb079ca000b7e612d65d2087e47efe1ce,0
3af23a84cd950607fde5e4eee1fcdc3f454e639c,0
36c76ed510bae162d2481e68ed41bb98f4d17de8,0
8f757d9ac86532cca0941c084d82186ee7b27fae,0
0e7fca648f1743eb7823c5d46ad29fb1b1f471be,0
306ec3b13ac5335ac9205fd7fdc263659e4868e4,0
4a0f46048f9775b2b34c8d0cac07a7b6392a9398,0
ed2b28f4e982357f6518388632a43d351b34c333,0
4d9694e9a99a5b232dedadf00567988149bf2b8e,0
03f7ca8a801920a2a92d78b56891ee636e4c6a36,0
70ff7e0322e83d34d7b3900f914e040fcc3eec7b,0
c4aeb7b9c8211bd055209fdf75372676ec2d7963,0
a0a6991aeebd75bf229abc942b75ad690dd13ca1,0
50a78b0f1a29c2b2f39aca5a912bd546c47c6ca5,0
7fde444d4ebd4b8c9ce38ebbf19e8706262d0288,0
dededeff4a7ece9c0d8fb552af91f97fc5e90748,0
5d3a82e6843f046a04a109db4704e6537206e9aa,0
a8fe69dd58e15b87e4f48cf89b7747e0e60e4656,0
99ce6f4ed0d43cddf183191af6ed913b8be06e89,0
f01c32850373d7c80fa77165162fdd8c22f15b96,0
1c29a154a071b307b30e095440afdf446f27e7ba,0
d78a47db4fa9b5f74aa126d6f1065866fb67473b,0
7c45a2bd9e17538b3414c07abeaec6ce91fb7a3d,0
27d044112b3701bab48a7bc76006c43a24a66a38,0
fad225e3282297e8d79d660f2aa52caa88e824cf,0
d75998eda53b36df1cce4ed6fe61de871286737f,0
b04c9f533ebc448c859a42128f0623e03589fb00,0
6855914e95d567d5e34bf9652d0cfb9062a18059,0
ca0c655a9bd0be7b94f52c8efe235a23595ce4d8,0
8e95ddf100070a5b85942649cdbf1d28aa97e619,0
640f3d8fcfdc888d9443e4ddea3e895078b90f29,0
d12bf64ae02cdf7e60078f1fe739502174298420,0
42abe84b246493030191ea61e317e09cdc84ae6c,0
a587c1ecbdbe43a0cc29aeeb3dd8c7e933cdbebb,0
06c4c4c88f7200e2a65ac591b4790576170b16b7,0
e0612a204d4d73fc373e87ae148c0435124388d3,0
13e78bcacb50759c91994d40ed66a365b1098417,0
ba82fe6714f36e244eff230add077a3157ecff1f,0
a8dc9eba937e00d82157851218318d2cff18b2c6,0
0ba92e16bf45ada759cb316c4c674cf333f38bd8,0
1745d9459f61c204ba024055ba7b653be32400ce,0
84eba9b4f1edab08cad249ad7a7582763f1d82eb,0
430519e46be5bc084d13ed28c7e93dda8eec9dab,0
594c26954bc779e1d89d7eb79feefa8a0938846c,0
0c2558a4ff126e1d7544d629e41c7d780abe1b3d,0
e90fd2a41b5937d928673339a9d17b266239dded,0
d7a8000c91e2df3007b93a01e68b18de7c6a6a62,0
448a30637c989c564190a50b124c80793b36baa4,0
608608217257cb8d3b087d8043bf0cd9a9b6952c,0
5564124808dc7440828f5517bc428dd7f4f53a2f,0
31eb70f5ddf6bf3ff782107b943d785b1163c212,0
bd9f47a4c123dce69e59462a0833bf848b48f47c,0
c20e212f581f07aba5fd263d43c05337cebad34b,0
4652ef5bec8a4243dacdb88e502316490ce906d3,0
fee7bb8109d6b7afda32c8dfd2e670204b868d88,0
831088bc224fc391b079edb2a3abd31062746cdf,0
8ad6764d1e79e81ed37997706564ae28d268986c,0
71a251cdb90471f825c889ef6f55d159b4dfdba1,0
a63fe0cba12e75fd092659d4c1a7b316cb9d354f,0
a96b3d73270977cd8a0cd2cd89b32850d02d8308,0
2105dc0000dd6ab4273e5e83151b946e43070bbf,0
3a79ce2e7003e46bc5384685b45221b650cb8feb,0
cb021a37ad41f6cba637761c1ae14038b599d560,0
02537981ccb1e7675b312457ad69d1a404edc41c,0
cb2d2364994d484d8164b80ecb48231e42d180c6,0
a0b0011f541805e390dc4b378f7501d4fa2c6542,0
7b5c3ec3ddcedeb764fa79f29e9baefdd3444163,0
fa00f5ebcdbd5df625e2fdbffc1f7bc74f0d9ba7,0
473839ffbea1fd101a3cd7d45fc7c8a82e54dd77,0
e9d28f723a60991f0601b076be67b1354d6836c8,0
abc2c1bfc68e2c8cbaa21aa3adc5092918121033,0
6d6f65d9df7959a60cf342b633d6983ddb2bae20,0
2d2bb26ba9cc3b91500b2c4cb245d85649bb98f1,0
c44fb516390012f9c9e9996ba9162331f8fe7ecb,0
7d0eedaa825743cfc9896b5fd9f64728cae769d9,0
65a56eec502b53bd3866354e96244e7cce90bbc9,0
09b3f0215c65613a4e3c33763c701378440fed7c,0
24e5af4917c0f23651c727aba9773212dd4a5db7,0
1914fe38c09e62c764e05022e5aabba6a0314183,0
6c7a8fb29215c14ce04fef69f2c0a4ecef12949d,0
fb56c0eac86e91e69e5207761a0da27151e5bd7a,0
d7905cf09ae010c1c2e5e8e008285fa8954e7f5d,0
fd05885f00d471aa781c976ac1a934b18e79d662,0
3277a07532c1d6941d8cd6bfc8e368ffda5b805a,0
6b2c217d5c2366fe439e3e1e98ea15c70c83a627,0
0ca75f34cb43cb5c83dfb8b0e3e2d8f11cdbc832,0
e8b2bd2705392c083287b9cc33126d2bea169055,0
fad382af447cda72a80893ae65889352b90da97f,0
dce6509d25e58f9c7724fda20ef3043e2d6c50ec,0
932cfefa7ec4e77985770235ba941732dd15870d,0
60c933abe485d234c7be35e9c816893c2954704c,0
7fb8eb730ae03fc88245d5e6d25c24df5ce43e18,0
a47d98fafc6c1af5c746d738d3ab247807e75be2,0
690fc7a79986d3e27a248784772bc18f33c55f57,0
45c71e3ee1632cda1011ff9672f3479a544ee12c,0
52dbc4f07118b51cc967ac38b334cee6addd445c,0
c3544bcf4cf63559ec38d3a269b57d45ac6d6c32,0
f63e56d20e4ee3850fa70d3ea68598b6706a4982,0
f41dc2b5715b670d4f014daa56bd815145717d08,0
26b6d0e3d9f87e83f8dd0d585c13c46d31770a55,0
035552252e1e47cf3bb8a4b12fb74237553f3ba6,0
065acc9ab617757a65f9b017672a3eea86e3bd84,0
64af3bfbf82ea9381c0155bd00471a42719c24e7,0
3893be767c88b701482882b6a70d0ed9edbfa5e0,0
c34a0540699ae7bffe08020c00beb1f0f7e17a5b,0
c5cf169267355de8774aa95fbf6245f3b0db8cc7,0
c8015e0e3fb436ae69195858189a4eaa66007381,0
1bd223752ef3467e70d1c16690b2b867173b24db,0
0680b0d06e8548735bcd86bb9286db839f4a1b1e,0
efe9c63fe046751972bbe519c46247094b6f39e9,0
bdd804d2eebaff9b9e42d698fd0c0831e6d16333,0
729821571aac3b88966cade2a8814272423ddf17,0
5a6ec8f39f96cebbbcdd914da8181c417d281be3,0
fc6790179d54db9849ba91b9f09716900d139a05,0
cc62ff74731a880cd7b5f9cec8f011d20b3e9af3,0
075b3f69c5dd5d2d57f969e4d4ee1e210559b0e3,0
fa49cefd9a41fe45eb8b8d664e7c279fd19f3461,0
a7e7dda39ca8b09fdf3bec388b3eb39a454370ce,0
3ee38babe6aa3ceab8c80a5d735bcae9522a6cd3,0
07f1df648bf3e77ce2d07d7dd8c0cf2e87545440,0
a1ef0989fc04d05e02af5c96e5c1c9e37965958f,0
8056c9a4cc2140854f318006d36119bd8be59dae,0
27414737ce71fbe81b8cd3e9be6be3512576c611,0
54bbab7d8862f16ef1945da6082fd21775cd3796,0
cb0ccf943b3493cf8c7e5f071e302c64cd87d6e6,0
4a7bc11e0c6f576cbee1746c3a44ead59bb7695c,0
10c506d35cf0511751c6193c3ff0d76f6cf1cebb,0
1a2cfc8dc357fc9a6ac96d119b99dc2237a87580,0
fb5e549da7e51a7d2c2616b7bd702efdf7d928b2,0
5cf329a028cd11abe669c1ba96568964009f4f9f,0
40751c773ac06fd55e915f067ba66771eb1e9b47,0
41cec1284c3ea4e7f109befdf9512b72dcc52737,0
2ab68275871c94d7864ac7038acc5f7be42dfab7,0
ab165f7b7f24074faccb2e54feba617e9fc21f15,0
aa43f4f9f31a49d06a6860d6b6569ec751a6d707,0
9ca6fbb5c3d1220c9b582eeac3b68d1049ead8c6,0
7d5fb89811d2e2955111b66eefc0a29c28bb22d4,0
8e65e2b4e3ce333f9a74f8268444228a494ad817,0
ebb0a3c2ad71d49314494dd4017dc88d30d97e41,0
c155293776f49eef93547aca9cf181c8a0591cad,0
770c32f3147b6b80406adde6c591f5e6cbfce276,0
08bbfe4bf79afa5602a64ae13230db6252c5e061,0
88109593cc4961ff2dde598e2fd4add8a501d05f,0
8d08a0f171c85a17107f830b81eedbeb59b4768f,0
28ffe6b7a4493f7fcb4fe1dfa609656ae147da89,0
412d256ec8f14c03c4d91a574dfee91b3d6030b3,0
b91a48074231ef813bc9b91a815d77f6343ff8f0,0
d438916ce9e253b42f7944ec6b091d33c0377e28,0
f9db0532d6d912b5cf56bd2a3789c1f45341be1b,0
27620875b84be06b52b9e754e64cc5f2767532a2,0
db248f01550c9646ff1a81e7f08f7f8af51cfc55,0
5a68e208189ebe1b8a9f2eabea94ae0b8a0d99ca,0
9dd7f2d99a4af326a9249f9538fc6910cc98e37b,0
ce73e0d90f4b529c40eb0f272839f0d7d61aaf34,0
12fe11e5814c17475b791132cd5f6636ccb52c21,0
a17cc99de2f10874fc8b9b161d75781bca47dfbf,0
8fa1c0efb7d3268bd73b23089fccba17e72bc24f,0
62e2df7e238ae44cda0dc21deb535b20aee05dd7,0
db86ede346d17b32fe3e0629d960864d79ed79f5,0
5d26b46c3d1dfa9c3a4b4b2a770a2f324e623ef2,0
93db6bf480f9b502fbb9e96d18c5d1fe3585a0f1,0
4ccb68260145bba2cfc1e5ff583483a3f4427721,0
6cd780ae1a81beff8c32c5ac2ca2d3ff35a5e2f5,0
7fd8d4c2e135995a3aa8344bc92596ee861358aa,0
cd9620dc21145e186a522a0419f1a203c92b1b21,0
d09e68b0bd1183cd19626a01c077ebd20bf64784,0
54770589b1e02356093981ab012b9f34c1439658,0
ab486806edbf01059c156747e751a0e8e380e943,0
7f183752c45d974e1b59f5fef5e4bd78330e2f8a,0
ac226897fc60c2ecc00653fdd0085a7d0064cb78,0
cb0e601a51ea13e36e68b095abcd89d3d6848838,0
b52680ce466bc42af19a0eee1587b4e02d437f73,0
c73545aa9fc379336721cda906d9c52418fcba44,0
4e8c2df9e9c18774d890ffdb53bde77da4c4a2a7,0
96a2ebf0ab5d138185d0e15653bafd1aab80dc77,0
bc11cc03f231cd7e945d5e27835dbd51a1bf841d,0
933e3c435e6a9014c1888a40520cf891ea3cf69b,0
b89b74c672a77654da18b07a21cb66aca3737cf1,0
30434ed6438b20692a84d797c30e80a10ad47aee,0
15ab5d4658a5bfd2b7152563b99113ad5c46d885,0
ecbef7805adeea6bd5f0a2b25606bc0b22c10a8a,0
2e0e13ce8072edd5c66f9d27f22db0e42f733879,0
4b46905f1e401558af6f0f750645cd10ead77416,0
e2c722930297af3edd5a277ea96fc38f057a1d46,0
c2b51058e74236729f85dff3fe529054b49ed47d,0
c209ab47cbc6a69f4d4067ceaa93bdcf637a6e26,0
275e7679765b5b9cb30c8f3829e98847b69e9979,0
24511345b0d7708966f971c6e354daf4e447401a,0
305c003f1cc19a87f32e2dde081e906d3d318c45,0
f03363e242e1544f530f42b41ff06207c3770cdf,0
f20c01f54186d05fad4db46f7a0391b2f829403c,0
7ef6378cfb3dac1bd966d96eaa400dffd8755526,0
a987fa8a2dd77f09b17008217a694103a581eb62,0
c3a92cb05cff5115f0d70d11ad3db95607b2a21f,0
d13acbde89754c2acb7354b983642768166de294,0
220fe6e2ee5e5e2564756cbead3a2a0be0d14985,0
78b2c5b8a2abdc32e9e993fe80da07a6f35560fb,0
77ac672b4fcf430a428a9172b0a08cee47c993dc,0
a51bc332b02c19eedd0c2c02a0dd411f4d0dc564,0
e2fb56b7c731261ad0c819e376ed8aa63a524244,0
1378842f9c5bb3657449679716f9125dcbda6336,0
f448f97af45a5e4dcbb8937499076c1538f7c81d,0
99673666d9defb2c64df9bdcf6367710670ebdf7,0
fae5ae925458595a5248029554a42e1d2973d97f,0
86b5da5ca37345b624066e878ed5f9e2f1f26bea,0
c553b0b4045142e7beb0338665da581762c1e482,0
3f01818d90dadfe8f32488464b940e2459ad3192,0
5d937c9f2223ae704d0477c504797ce988155015,0
12bb45539d8d972b694790702b2702a217bc188c,0
a45fce8ef6853906d2dc4ab98a8401d494ce895e,0
b923a69ad6b87794bbe46cd573210f82d4a8a1be,0
0c9358a98c2f41fb6a52d22e7fe333de09b43a89,0
4d6c246f36a687293576bfb3b2f5031a9a772d7d,0
17eed67a0c50f9ee4266e3f44d95e0bc201f6965,0
fe4f775cdfe0cb13cbbb3766580355002ccde60a,0
22b287f60145eba5a78702322000a8bf9bb97627,0
666f8ed402668dd9a6052019509700084e4a0e0e,0
de6da09d4d9faaf2f28daa48b375e23f0ba2df84,0
665cf316d91267687d9836fcff20a582c5ca5fdb,0
bd706ae09ea8fac2a83a8cf8c97267b0828819f8,0
31fad244fb843da99fc64cb4845d9d890c9f3314,0
55a8ab74ad4eaa47a150d1bb09af7938ec87aa81,0
b5c10499ecbd38b4e03dde074d15866ad0ccee0d,0
dfd2a06029ec744bdde0bd430afc0ead342a8b99,0
016caf5476620973c6035a7ab3a15272fdadb562,0
6a625e954eb5934913316b9b15e58e8a759a3153,0
c958b3182ff2c57b44fb34069e4c519b68e81707,0
a3d1c9837b64fc611546db38ed485da1e0553478,0
fbede3cdd14d1b775bae66bf3ac52b0a5dd5b26b,0
48be3f94dbdf792abc67d16e23fa551f15dd28a5,0
907fc90f83c59afcff1e3fc0896aedcf1d137139,0
0b07ef3834fac53c9ff774b68de0a6343a2bad12,0
e0e69af621294fb0d9c665666d20ad6f421cdf06,0
9e14f9604bd17a061560b30d63571db4420df44b,0
0fd437d1db3870cb55bff32cdf7d0c854c29e77b,0
10d74fc18a076ecbfe7bac6e3b5bd46d504ea75c,0
2432b1b35e9b564b27e80ac06930346bac50a56e,0
1040e74d4c05930a7ed8864c87a5578c10bb9e99,0
91de8ece1e25c92139a7b54dc9de1acdaddb3ce8,0
fe6d3c934d69e55ec720c6b0f0876cb6a3dce54b,0
12dbeafe93f7d63512db1c07cbe7bd9bef985044,0
52c7157de1c8053f7c3f931aa91eb2081653a346,0
f04b16accbc4d6fec4f15945e60d7a455ddfbabd,0
8f750a231c6e04b2767a92427036abfcf173e744,0
32ce4d2d0b5afd431841e435b84c8bc4e6202ecf,0
1be67cd66bea03a490377d0c574702af3475e526,0
4bb3d2322efff53abedbf8ed5d382505b7dc15fd,0
982949dd6c7e9d6abf90b2f422bb4105c943eb64,0
b7d896016f499711f77ad65631466a1aaa71a95e,0
c9fd7fc573055093059b87618b1c0b9b758f0f86,0
ec512f0d71707aefb6fa7fad4a02c97e0ec7d600,0
946db1359657aed6fd45f839b60968ba185f212d,0
3d8020ead9da3bafe352dd6032df6445235b009a,0
b0b49492e08dcb0eb86facd7b74360175d221cfa,0
99357c726c1efbe03b27c9019a0442c4dafc8637,0
149f8b08ee2fcfdb72231ebe504dace6527dd6f7,0
13fcfce246a97ada79a3bacf50960a48cee7c0d3,0
008983cc8f277f531472f08fc5e09781caf32338,0
00a8ac720b856f306a8c637f6b79dea57091166c,0
828650e9eaa3df2bc28260f112f8753436580952,0
6311f9a0bfd00e1a949a55330908af280f4a8b75,0
2e58ad64d04e9c162a6cdf4319db2a25ce530e64,0
97c4803e1c8f100756d24eff4fdfd631a08534dc,0
6bace53eac91519aed5fcf38728aea1c3b41778e,0
a0c1482ff3eb8bcdc7fade8ab56982c03eb13859,0
27b09430298efde3bd4d73de75646de0b336bc28,0
756ea1b16adc695e244daf0e7afffb5f883b79f6,0
d29270a793d3e7ddc762edd825e7b2fe20ee14d5,0
9a7a963bb278f5a768a4fed83bb029c31474f5b1,0
cf12941b7ada487ac625df9851a34317cbfe4726,0
19e9918d57985cc564aad4cdd7a82e3e2e1ab508,0
9fe52e18131a05bc431c47b05b8ca5624b381bd0,0
d5c1ee3c028ec9363434f979e0d681f626cab4d4,0
a8a6ffd9409082671663831ab1fc752e62afdcdf,0
e66e31a122c130fbb574475331191d4a812e13df,0
f3bb798a6381e9967e1dfdc0398c07ebaf7a7c4f,0
b8babecbe42f2585c50f0dee7bc42b1201557151,0
1bd12b55b019788c0cc58208ab7fde34d3d6b589,0
bb2e646803092c522c6cf6d6186fb80618e5792f,0
0159cf7b457a5b4901323e8916ceadf0821ab2d6,0
5920a2d0864f7fae1246013a4efb4540e780fc12,0
89ea5ea3eec92a3b0768dff8a222832a2a239f9d,0
30927730eacc049190d9521583c1e82cd0e3b24f,0
87f73e8ea0a33110b614d352fd330c7fbdddfa43,0
f1c46c3ad050c504f50b93390efdbcf5cf58307f,0
938362c7c7f79ee506187a24effa41c043b68293,0
f026f956941a56aa4481d79feb083f44b9fc7d74,0
8171873d27c8298ca85c9aec371a9a63f4109506,0
664994e9ea566185d25dab7005826c7ce9a24b6d,0
3fa5723a91c64aabdc14231a12280c203e8ea03c,0
bd2a8e63d0a522ac73bd902486f93f6cde678721,0
0a1c2fcbbe42e42b440d382c1ebcc887bcefd4a2,0
832d7995d1d3759a81887d3576c34d816a4853e3,0
c162f3e7a743eaf53d49e4ce79c057a38bf8463b,0
5ccc44c5e067a6a272a72c46113ca2af6996abcd,0
6d8f485e27a1a1c4101a27ac15314f05bbcfd747,0
a61015c944ffa27891b7b0d653280cfef1dd7963,0
3d412ccc0826a5eaaacb32b735909ce4e44e6c91,0
edf8c8b7e42d4ac478e700a4454be78349cdebbb,0
519883d65c6466a69f1f6d581b66a6d6b67b902d,0
618c806dbf8bd2193734f864077e221bb7094cac,0
573b9e0d990626f11a481d5dacfac83d489cccfc,0
e55ee57d404abbeb3d0797081623fdc595a8b5e8,0
b98b804d63e8e5460668d635e3c92de09b0982a2,0
3ddf1ad58f2e0744ec866eaea37eca9da169f7f4,0
4de7c718db1859fb395e1c41d5146698d83c841c,0
de0e987a58faf09a1081ef9958259f620f17cec5,0
be1d4e1114737ce714b0f2523ef0b02e41dcbc8a,0
1ad715e80c3923a691adc9ef4b548c9ae49a6d80,0
28c12f260c6c40ce63ee77e14d34559da53158ea,0
032152ac33edec432a746553ed6f7a031078bdc1,0
042964cd40f5368498eb31bf7ddf9cae2e918efa,0
7df58926b00e29c78a6df607ad9f75fada4b5ab5,0
c5f02cfea93c33ec1a384b9f6eab7a7405a6c7d9,0
741c4d4e4f3451bfe35e46d4f7d9e04aa6d14de0,0
0dbdb1763c6fa4ed3968e0de6de5cc3325d28f36,0
613e7283bc0c58f3424986eacf3d333c295c4402,0
5d7e64f35f14532cc486c8bd3bfec70d1f6b7267,0
bb361e48754f28af34c601fdf82585ece2185e2f,0
0bc1f48390191e5d0450da13e1582eb97fb9a8b4,0
72419b8817a5c6351d6f088e13bbceda03a89feb,0
09894423a87675aa8dddad0727bfd64f2f990749,0
4b10ee6d6971b529977acdbf5c9991f36ceb5ac5,0
89559a57d912f8b3b1ab09c32078620ed725424c,0
5f311e02ce342e4c7963f4bd5ff947e128a32776,0
458fcc75bc0bfbaa78ba452e45577f10a7da5959,0
8b580e423bd819edf310f32a3ba881bb30c1ee16,0
ab8eacf644fd13799a11249cc640a844db64104f,0
c28eff3be60085078fcd6bce5613b266c3907274,0
d34090bf299809e873e1e8c8eded81fa6f59f6d7,0
9cea7e89d507f940906149a50361842ab9000450,0
8fddcb622ff52a9928d78b0e424e2c04259e7176,0
b92ddff563b40dd9e4f4c22b5496e5daa06414fe,0
9f72cc5263a163a6be8f4dd644970d104d021897,0
56aa3a52422fa65c25f64615b9c2cadd64834799,0
c3903fd391a279a829d1a1ee7efd50d3f552f626,0
20c7b0b16386b97ec42a27861fb1f16ce3f291fc,0
f852ef8ef99f9e35e57648540635748719c45e2c,0
2cff235482f49572ac35e173dd73a5db2789498c,0
1c6fc0de00028562291b7cdd4a72c47c57071a66,0
abae40a74a3003a94d8f0c1d9bc90431459a2e22,0
dac0f0d4f712e525fe49afec426d1dfabb4a43d3,0
b910607e48611eca60c720bc77e240d155a3a2d9,0
31d63eab5bc349503325857dff452daabc1baa88,0
6f5a7e8bad98755625e7e1a40c7bfff1210c6bcd,0
8d58bd952a3d479a0caaa3c23a35ed135641eac6,0
536084a2c1a2dccb62cd0f14a9a8f12bb6a3f727,0
7fd8ccab2d5d472da4202d3bbef6e43bcee21e4a,0
88bc82996c570c4242a64f762b47b811bf846d9e,0
d12543656e4ad2f7cd5150fffdee9d85a2bca0f1,0
eae89f51fe08ae1a161fc397af85ff82b5cd6cea,0
e751e2f8c34a4913f612fc42ced100b37abe2a4a,0
dbc4ec6ae444a184bc89dea12792687c5af7aef2,0
b77b5071cfa7d6b9a2aaf16f0d1176eb2faa3ed5,0
290d72eda9152d1e11b79d48453908ff3f6b9897,0
bbd279fe10fd2205e95c294e6ac3a15ecc1235af,0
a66cb84a1fcfdc060f38f57674bc80e3e4485f35,0
1a824eca1485f6106d8c5e439fe5fded6152a35b,0
49611a12cf17d4c5777240304ae58d898384f52c,0
34cbeb1981a1ab54d11e007482f90ea71cf32f0b,0
8159b8f98d0d707cb17cb3d4cbbd40cafc061cec,0
6d36827cdf894d9506924737269f08492e4096a1,0
0194dcc6f280949bb44b20696cf143102f873064,0
ed1a62bab67ca716b313d754f85ec03f06da40d0,0
1873ea228e49ddc5c7fd0fbaf0dbb2996c404d46,0
39df9602bfe0cd609598c58e7e77762dfa337ce2,0
e7bd0142f6c899b7fa2c65a83778cabc3d25d498,0
1215693fbd6bbc13e2a09a22007a536cab5467f7,0
08b3ea4ed7c09b65260d1929d42b9a5c39d5007a,0
e72d0107dfda56e9bd243886eb494ff7a1bbf40f,0
39fd7bc988b36f49c1164480bbfa88c26bd9cd4e,0
ccec7187986e3d57f88609bd51fce4f1a46cd007,0
34e9365f2bf8b58333518ec5c5dd7691ab2b7d14,0
2884155647561a68992d12102dbeac8d3e504a70,0
8c9d8d7956730b1a9dad6a005155b869b4fb99d6,0
e8be82425b7c8017eb3282f8bea2d9c8120afc46,0
34fa965a93b79442585a11770fc3f46a23e4b1bb,0
2558a64939d4786025a23dda34fff4634fe05e57,0
9850fc6c703537f6e92334369844df3138e7bf5a,0
d5243e25605acb5de9943dcee062b0deaa63857d,0
4c9e658c97fde6bcdf3e9a3e563480c363699f8e,0
f7c43343679d65129200f88aa82744dfe43d2d76,0
3bd18268a4c2662b5352c98392ba5ab0e690ebf1,0
8167452d31d2e41deb4b4071283250a242b4e688,0
82d04b0dbb1e68851a5e2eb1d59fdbe42c0f48fa,0
88915d305124dd186376a915b26235fbc1f9c028,0
a8ceea9a22cfe51dbaa170feb4ae63182db31254,0
616a6a225f38caddcf666da77e8ac4457a6c20f5,0
4e928266f807fc4c567f7a83e9d9c500c3fcb384,0
7cb909bc30b209b01d9fbbd27e86b3bbb4f2a772,0
3d38f31d75e2094a6a25a58f7ac8c9b4ab9aaded,0
59129bcf283ffa5a46d0872e173a4e037575c581,0
bce1088fde529389cae8ebc619b9d0274e3a45af,0
439c297baad59b9e42395502db793c9a172ca1ea,0
dbb9de85eaec0d6bad38353e19e4050e9252a947,0
c0d44bcc782372980c9e6881537c801e6d84219f,0
e81f5ac7b5d9f324ef35debf7df10ce24f302c25,0
836b21dbaa68033bccde68f868eea479352f12ea,0
29570a504714937b9f0f58ff6354036346faa9e8,0
8cb945a7736813b7b822400b4807545cbd3b8ed9,0
3e19ef62a07fd94b3febdf2d5c68fc542d56b7c4,0
4b47b44bc0b10b456d03a04cb52433c15df21496,0
f6b8c06559524003d001d59002749c062aa40757,0
eea124865a1fc6920fe26f2c587e2da6e09d2edb,0
e02c47887d81e342ed83e23548d0bb0a47faab5c,0
e168e7d6fd99bc92b7bfc64e68fdada820ac0aa6,0
d1ff1830af1f4b9865a6728db95293b37d4ffd36,0
3f3943b2e574800172dd0e95bf16277743921028,0
5a7cb327253a5642007b88c21eaf481a7c272857,0
3da7eb16c88178e59390bde2139cd8a2e9089d09,0
f8bf5fa771138d8ac30cb9dbcc1327a270346f07,0
e8c2774e0adb62e38899262b2a1ebc4fdefdcc3c,0
51dd8f5d3cdf72f63b1b156021f284387811a08a,0
a01ac042ebb411836caf13fb85d2fbfb65e03c14,0
5bc8b1ebb9af813e06d8dbf9c765e99eed3d338a,0
f96e07ef33ad433246e997dcdd23e5ae41f51579,0
4ba57c4acb84249553e7e9383212a89590e12b53,0
0e3f808bc6e35791cc910d2e96b368d5f8d15fb1,0
ecb4ec718a6c53fec2d189f34ce49751839da5f0,0
71c067a6c65103b3313461b935b6c386e85233e7,0
99b33da1a46bccc406280facc13a352533eba074,0
bd22d7517a3dc71389f7d12dad341c6534e5563a,0
b91ee38fa899ff6cee4635d78091d895539846d2,0
f36d53f15589ac1957a9b50ede7d2c410cd2d720,0
de74ee96d621302ad0462b239c83e47ef3721696,0
a5d3860039c94c0a1119e08b06d41dcfa30cf574,0
0e534576858b07e0301157f2a8622c8934672cfc,0
ee6534933beac36240a1c720f436412939cee8bc,0
a7c488bbe958f612b2ea890c5320911919edf9f6,0
d57993497417b9d2fbd4e5718e7fd189398e5d32,0
81c01e2665b857b748c7f8cd9154f5ce645f406a,0
f97228aabe549ea0fb73d9a7281c417291af8c53,0
3541cee5c82df7a01408f81ec35c3226e8c0136b,0
81677aab7d2db3572d4ce02540ac301b4fbfb422,0
d0253b09576aa1df5974bbd7863179102862ef68,0
a3c2a4906410e584c2d038918e52980789ee00e5,0
6088f691e61ae3e18dccd6d654510218161e3bc4,0
812d8a4b53d9758b4f081d9b98a70ea9ef131a0e,0
2c927dc1eda4e7ab2a9f62a7ced02266cd02949f,0
d284ba45b19cc58d25a2bba5f37e382187b70647,0
017e6442be37fd1430165e1b698d9f2c3a33b5aa,0
b8b5ee16fcb469aa0abb0dad7284c14cffefaccd,0
828fad620dac253148ba11cdf995e2e79627dd76,0
f9022686c25a18d7c123f1a652cbfb928fb02073,0
46cef6bd49a060b0d021ad6691d9d6896a62b42a,0
a1ddbcc758cd034aacb32af59ef3a33d0b62651b,0
5b2cf0d7409e3b811e828e85c320f8687bd8b0e5,0
a5cbb2ff110ebd527b268a2492f8b25cf31d017f,0
4f144cf02cfb5f72184bfef40efd8f99a4278ba8,0
dc3dd7c15fdfe76f7c78f43f8e48cc9e8f3744dc,0
4acc361378d5537126fbd83089d59f21086a3a51,0
fe21d5c83dfade3b2629829ed7c664e60125960e,0
cce15a3c9df83b78d19eeb8ce6190962a8a4d8b2,0
a9b7274c5acaa687dcff29d90599ee1e04bd2746,0
80474fe0b0c7e22fd14844bf325498dead775fc8,0
3eba72bd1ddd0fb23a4ab2bcdb35b9f02a7e0d73,0
06a83e98da85978a56f28b9419639278295dc2df,0
7a7d788754b75e360d18b7fcff3c3231f30b2eba,0
62653dadd92a3d7c487a7b52ecc3e4f700f820c7,0
babe0c8731bfca0bfa8d40170945430f82f92f0b,0
6fa4cdc8351c5d33386777af4cb2d68017af6a6d,0
aabd209bb6b34049564d71da3b5127b1801db55d,0
26654b751bb372952a638bd6789b1f682eb420c0,0
cfd4d86033e5cee159dc869ccb61aa3afe5fa015,0
52971e4d675ee8828ef6458ea877fbeb6b765960,0
858f5cf238259e50923482d11fd17b315233fa23,0
1f419c7bef9beedce5d62ae00bbd273096833adf,0
18e85dee3afb4f5c762da562830db2960dad7773,0
54bc620d6ea3f261cb66ccb2756046c25b1b8584,0
1589db4ed21f4262c84f4cd6fb0779b98ee1f388,0
ac62df0d16ee3ca94385f23f69ab089e5b1d382c,0
436770904553f2ef46e3bb31519356bddf74b597,0
27738f0c2ac48b3001dbee36e21e383633a7de6a,0
9ccd4a54a55e561d5a71acfee0ed305f6cdf6c95,0
57ab49f51f16dadf6ad246dbbcaad18fa3dd7a0e,0
89ce8c14a24969cde0d155aba77c3ad8065bf5f1,0
58dce3d5577ddaf91995ba033e7255cbd048dbab,0
d9d4929c50c812e1fa4cdfa96cc7251432ca5aba,0
062eab5a0a7dd3e18e69c26899133e77bb4dcfad,0
5c304f9fbe5abe12ecfc9382f35099dbf07ea4e6,0
3f66ba69e6a0a8baa5402c5f3ca6e8ab0fc8ee1d,0
1db41c9adc44781ec65700e30fe9e966ab678b3e,0
8bf6807f2173e8bb8bdeae4c37e9ceafbad0507f,0
2addb4e0138ced2f67d5697f7648bd32366d1709,0
4ad9b41d09fce3e01a1119bd5178d1b6e4e78574,0
3b95c8c4987955b2f3bedc37dc217cb2e190b63d,0
5e3c7e8ff7ebf048f2555028a86732a81d2ae7e1,0
15b2ac6c6e84782e55d99208d5112a4a890c5d1d,0
6dbf49738607b107497e89b483bacf905337c7bb,0
b5de1f755ef1c714e47a17c792d02a872f012bd9,0
f376f3b613136f751961341d1114ce4b6d04e168,0
a4619d8c95ce85d53d9255bb2329f470e58b6f03,0
a2eb0ac0eebda2eb7c5f4ba9655236586199180e,0
7fb1b50b917894f5a14117c3d61573e4537c3c6e,0
47ae599469eff5381d45ce7a7afd184caed861b6,0
fcc43a625263bcb8facefc98a542c41fc39e509d,0
7081079bffab704d92e293abfbf3f9333200f0c9,0
278ca074ac80193b7ce0abe1377fa99701530c1f,0
546a4d229c331ad12c22da814bc8ea28fbf0aaac,0
96de251ca6e367297c477fd55b2e97bc806e69f2,0
600d6ea95f15edfc3b2bcea7864f6beb86de3ba9,0
4dd5e0e903132fd6e2cc376c832aff4cc00176f4,0
e99c56f1e7985576af0d2a5943459d70bc6ab85f,0
b389b9040c5325b0a706298a1963f594ef465d88,0
649585e6e512bbfe49b1967ab90fba1f0660bdb9,0
a8c441d645eeca0da4e0b5e6e1ad8e2d15f2c9e2,0
d46786c32c9e238d64476813798d9e2ddc9f6b35,0
5b72e42e4fbfaf1e27cb70fe67ae53b34fbd19e7,0
55ffd6b3204081d315fc1b29f298489796c57511,0
945040ff6e8b9d59ce5a568aad7dc106ae624f7a,0
cd9f5602310c219b3b5c7a9a807641cb2788a66d,0
93497c5a70e03d05bd720df942bf3b330452a180,0
634cb3d3cb555202ac7173ba596b482241258fca,0
4bd93ec056640bc973c9b80c33b12b162a96f9d8,0
786c7d1ce0ff8ae19b537021637959b887a9a86d,0
4f71ae00a52bd6617f36654730b260417b75f98a,0
5e8fdba2cf5dc5b9d70461bc01f7334201419344,0
e53504e95dfe870f6b925d30f0e544eb0d85f14d,0
9d8a87ceea65728f02e6ed4d107de994ac02d056,0
eb76a34731a7ed9e72833a2cfaba7d270f77be50,0
18e62be6384459b0040c6023a4eee052bf3db097,0
8ab7259ddf41450d7f49e3defea9c4dfe0b3ba28,0
0b26f32d010a3f561af32507f67f39d214eb5bd9,0
a0615c64eafc83d4eb14e4d148da70fe622010ca,0
d23f3e970949fc89a2b09ca4e8f77c945fdb04b0,0
86e44f00465f9b8c90d00ba89e831e41f40ad1a1,0
b7b8ed9d48f5e8451c433aa2fa38d36fce54a7be,0
3988bd01a740da50c48320a89d625c27a0ce15d0,0
ec4144b01b4107d6b39f5f4d784cf05217ea4dfa,0
e8a073978dfabdd517508121ccc9e7bc0a08728e,0
876e8c34b1a2fbee5481d867ca9261d5fbe77738,0
4616d0f03d91e53ee8b760abeec1c42a1c0c8b01,0
b519c7e618ca05efadbe35b6b3505d6e4e4c8198,0
1a6c3318ef48c64e975a32836539312ef011ae4f,0
877d3404c073f31dcc26d0ae44905c28f860a5b3,0
ff6c3ec5ea4a08c590fa2135430e6f5265790b5f,0
f94af4ae6ed41d379a3dba10d389b6ec1a5394fc,0
52c8bd0f7bfd6e20d145e8dfc00f920dd3c4f618,0
1eaf0e4478202015e3481cb4f3c90c238c4fc598,0
f9666004412a1d8b78d9e853ecc89e4effb47d68,0
4c4a803dd9446047143c4dbb6d7012d86cca5558,0
83a6d8b85a3bd1b705db5791fa2a4ffcbc174a21,0
511a95ae0fc92a10be6276cb029b1bb4275e9120,0
d53a5f39fc6966062180f24523caf2f5f50daccf,0
aa307b34026872ea3cb88ba94459b6217cbf6247,0
46892fc4754cc4bd8c98200422e75cf955b5afb3,0
c54c044227038b18b1eac935d741dee2633e34e9,0
129eb40c2a2b3fcfed1d73b313a1a79578b79341,0
2d2a4d280b289038005dd1462ea60d0c485fbbed,0
bbff10dec4c6473b219fc715e78963dbdb1b5e09,0
17f8b44d50372f4b540059232ed0ffa189eceb62,0
555647f9f2c05db97f739ffbccab532c4b9262c2,0
f8327c74d3cdb4b43ad34d50693caf2497337037,0
b51f3842ffe396e0d12b032e4ffc0739b354e3f5,0
ccfee1dc17b055627e3eec1f5bea185935d0c4a7,0
653fd9100718b20ba6ccd8981a5adb2bb714c5ee,0
fccd86175bb9cf34bcb34fdd83b982a6cd6e961b,0
33551deb15a3fe312bb75ce991275d1683bbb48d,0
8e37c6518eea71499ffaeff42a08b1a45353aff6,0
9e0b5174f34477cfdf60c2127fccf88f6ede8837,0
0fbae67fba0a39cf0d96712b71b3afcc713003bd,0
a229f90c3fd9ff814827821a5b234a57bc4570e6,0
9975dd46c605b0fc47209346ff64882c5dc6d98a,0
a765aef88158df883e20e8ff7e942133f5390a36,0
cd5057aa5075541d3f12cd8e763dde02e8828802,0
063463f51f401a9b31c2e1a795590e650f4a223a,0
2515c195016aa709e0ce5f552b870c73df1d5114,0
d05e9cc0e72f0b095e947e0d24abf064f0a7a3dc,0
64f321bdcd7c3294247cba29143658162cdf3024,0
245509b54c0b10c117004c69d539cecabfe6d840,0
f5056ca63f49a117607acc13584e57d5090960e5,0
b11083d53d754fe3645d4c55ae6b6100ca477807,0
b3ea80eb421788367ebf0e60a722d1f1baa4aa3a,0
7ea97b34f0f75e88773947e71120e8e75165f781,0
3c53c39c453b73af4971c7654f31b10bbd674359,0
d428a080db16298ad1daa63a205e7c4f0c5bd932,0
fc8a044fd013505b6af378b15942af875af949df,0
4114db4a2ef8b214f3d4b794307c0c72c075b1e9,0
f43cc9c12063b4812f271cbf8d896647300e7add,0
242a10d85afeb1665f0909a9f77b9bacdd013aeb,0
98fb7eb5e9c6fc60a46d04c23101d8c0a0545975,0
3ac3e28d1957d382b6e0bcf25fed7e1d72a3899c,0
9293f5f402e7c22d5526cc1df7aa180318ee640f,0
52fb5b2b77fd9fb6afeeaa2afa43c94e11444411,0
53d22fd7b75c15b45b8814ab45e65c69e3c880ce,0
abaae750a652688a9ecffe534c789900d404364d,0
ccf663d8dba0954dcd0975e6104811a848bf4e58,0
99702ec5ce4c25a909299c4f4a8be616d8ce04dc,0
713e964626fdcd9c9c99490d5e89b4b1211e46c9,0
d0c53cdba912bf259bf0ba32a5940d820dde4ec8,0
e28584c12e27715fff093c643eb8b6cfd11e4292,0
d57f3c7e2dccde72cbcb6849481f27feaea49401,0
92266f4cb93811571f40566fe7b77605c97726ac,0
75750db98e903c48e24f0cefe827b54c90160770,0
34571f72513aacdd9d3d4a4d2ceaa3daee3edbb0,0
11b7a0ed58b8e46994f28aa1a5e474bc104e81a2,0
98e1f3b75a7ea22947da318bd8f664fde6703e88,0
3ad3bdb8dba2bc4275666e89553f767f565ead6e,0
703b283970e375d7651e093e389989482f5bb8c9,0
f7bd5f9915955d26f35eaa06dc2762371b74020c,0
1f8fb97d396a484d4a8a9a1bd5868b89a3cff4f6,0
c017a77043e8f7ea02142fa8e8b436828b8a4174,0
7806142dfe5dfdc2e1ff84d07b716da6ad926da9,0
85945ac5ca162699fe11744eceef70b3f2059d24,0
4a0eab260015ed3028307f91cb98d8cc77735e7a,0
72da9c20951b420854cf38dce415b9195dedd5a7,0
a9cab986b8014cd2a4a19599b79e80b40ab9f30c,0
95e16820c9e95bc3183a21b1afad06be1c075140,0
ce52198bee990f3c4742934821552b403a9ac0eb,0
b059cd3a8d327f210df641c07f811a5ae94b5df5,0
89ef7726adab095ba700b3c6e48c9cb962b4f502,0
a01bbfbe49203c91003a611efcb6eff673400b0c,0
7d41cb1a0ac95895226b2924ca02a868bc3be061,0
1db65f599c5f09fa06e65080f16d98e005007b08,0
d5898c1cd599bb8053f26d3b4c95906283d04521,0
cae58ff44df32ce2bd4e6a15d7344c06eb8b7932,0
6e615bb8ca57d6dd62928fa134192cdef7c7b08e,0
6813e574c56f205c1fa1a41b6c7008f49cbdb4b0,0
e3f991ed516efa7eabf39f8145ec41d6339d0803,0
c24c48ccc9b9916057e647ffae1951eb0c74bfd5,0
6a94260c273216b3901e1f55f6a15f5e7324cc66,0
cd2e52306353e0276e990750bd97f581df6e0c2f,0
0bcfe53afb1463796fd3f41a0f03a2bcedcea345,0
e778286df5a7025f1a5777d35cf5ea0d54f4313c,0
258173faf164224e57896e750a0b5a1da20daa6a,0
3c13a07575642aa8ddbb6ab5c75b8da7b2f8e56b,0
b8fdf4e908fbf4e44c8f2796e0442b29576fa0d7,0
bcf8fbbc36eba7dabfbeb88af920f0dfcc6de355,0
87ef9556055b6b4f970f89deac4e0592eb569de1,0
7d44bb77c7a541f51b8c784c006b36f8d6b206e6,0
08bf6d00e4e1566fb67a2e06cc63e3f31d0aa171,0
9aa8ef35d805df0e2c0b635c62c31c0eb5fa2579,0
035e048708b8f64fda49810289a8f9fcdd3dd116,0
da7490242f5d281e92c0ce80e22b282b1de0e3a5,0
c91701c4b72b6d3007787d0ae9034212d13afa8b,0
79ab99bad493ffb80f4e2694ab34cc63cf7194d6,0
5ec8d5e2db47b79357cf751e10f13dd204e6843c,0
dd63fa3b53b4029b026d276a3c5564fa5aac42d1,0
eee328b1bbbb0b65eaa272ed7e6449d5ea751939,0
33db63489777c9782f054f50b434c70a528527d7,0
29dc5ea043959aac66829275641e48b89e9b4be3,0
12453a3a65ff16a9f860b5465e78a2933195d03b,0
64a2059eb64e5131738fc5ed9541ed6627c0f3f1,0
aeffacde1f2518aea5648225cbb86670c4e8c293,0
6b0ed87f7bbcd807b30436888de445f36b19ce9a,0
9bcaf436f339d7c6d2dced2710145bf3c49613c6,0
00df1aa0869c0431f8a54cf8bab95f429a1b5107,0
85fa1643234d02eecff19dfd25ae5675059a7d4e,0
52c92156c2cb7f748e3fa9385f41912f7700505f,0
6258b40a1832cd46379210737ddbaddaaf6a1d28,0
350123f03434251e88a8f0fff32b9155426b4b3d,0
e73aa1d6c52b3bd98af679af50a15c0803bf60e6,0
2a0c2c4e8337be1938984f6bfb71cf4fe37acd33,0
a8ee7b9defba5ed7c83c1fa06b4020930ea5f00e,0
40af9d674997f20cfb5f1820b3a77d46266aadba,0
aef6472063ef272b282caeeeca9b9b2925b30456,0
0abbea9f296fb65c695fa79fa7e196547f610c50,0
88fc0f0d8fe4c7e4a3930a1fac0730082f0249ed,0
5dff9871190c40edaeb9ec08ead1340b58679f46,0
d087240556058a6871556ff3afde4cc9bace9c76,0
273a50409fcabe3fc355a9a9b3d83c628b4aebe3,0
3a17e346e9828838eaa5e6b9c34cfb1b49633850,0
bf291ec2f482fb11df855305e80cc98992d8291b,0
0ff8aae970c64b961a93bac4d76c407085d1c3d2,0
c0b73ce84011d2d06cb624e80485ca929f064b83,0
8a44c3c13304914d42bb513f3680d81dd6cc4a5d,0
6b6e350e1dee834762270a40a8e7490dc45943fe,0
50cfd1498d887a49bd6e305ab8074f0e40cdaf5f,0
f33582acb8cf7c0d468e2c4a1cb315e6b54e2054,0
c819db0dc744ac015993413e44dfb79840389e19,0
afcf3ce399d152f8fd26916d34495fa7b0d09f54,0
3e7f57784c2fa8190fb3c75c977920ba6022de66,0
dccc7011046542e9375b6a4f90b24ca02b01a890,0
7bf7432fd7ee258bf5589624eae7fb0d45268a89,0
a1f310897972f9c7babd1c15533c6cab718f0491,0
3dad2461112ac2697e708f4a42d3a71597464b59,0
71cb8cce4c7eb3830d4a670f93ddde28a18b2e43,0
7bd05817d027627a85c73d68566fbcebf8b70670,0
9b9aca6fda5b6b7ccd5a991cfb9948ed89e5ad76,0
ba99721008bf36733dbb0fabd7a3e88fbbae8b7f,0
7ca6a79dd390d21947478114082b93903fed76bc,0
980b2049b5b75f16d509cb619c6f1da7fcf63b28,0
d18e81487493ae6eedd03dbe27ff699f7f410523,0
4b194a59d6b91afd632a110fca00f89b8b3844d2,0
5e8d3f489d8c98594e2e58cbfd612b9581f21791,0
dc51644d5adbb0c461efb58380ec51fbca10005d,0
fe620a6a0466d54921cfe638db87e7d78eb21480,0
b7d681259e12d95763152af4335954c155466a19,0
e2821b9561bba84cac95fce3c8fa4aa6d16b1552,0
b54ac951c940449709ed25d1f908e008bb56e28d,0
f68d095dc4a3e57a5d5f002666d6e7fa0ab986c8,0
9d15384876478092994a29f00f7b5568f16a8523,0
cd423dd7c36bb303448a11ee48da13898a2e601a,0
632f2554b68615f35f7ca2ce9774e32dd1d220a1,0
2fc580ca108c2ab721ea6e5e65534abee03b1539,0
55731e110f0151e04406de70971688046e279727,0
607d55928c83d30b8f8707156cf666559f300f0f,0
c070fefba1f8e4e9725dcce9da67ce3edbb76743,0
bc51547e7c8619163078ec81938babf6733777f5,0
3a0bf1c32274559d2dfa52da5b762b71ad8fc291,0
e539867f5912a565d88d843bace0b9f429483723,0
4a3e4f284477ac6a43fea2f0c2cb0e210483c627,0
05e745f77e57475832c3fdc3520ee14dfb9412d2,0
c39be8e39a24198725a105170464b74c40ba1083,0
7fd53e9f0a8b2ce09a1a5f364e8838c74e292b7c,0
509395d05399509715c63197437fb307ae76e647,0
94d36ef673bdd58b53da0f0283b22f1852adc7ca,0
512c183dc9eae68db766ec6cc432efdfb259c911,0
0783bafeb0fe83221d516a595581c589aae6b198,0
8c7a2313277bb67d6a0c872786fd81a2cb1a1e9c,0
dd44d7d170674295c667fe899b6c78a4c6142308,0
613ab48e700fb97aff8ee078fd102979dad532c2,0
5ecbd832178716307d4f9e3fe03736461d763452,0
f223c0c9b43f66282f9623678833360d591459d8,0
c78a2329bb86d97bae2e961e2e1405d6c3d1dc9e,0
4edda9230c2f6615acf671e67679b8417d95c06b,0
7142289424e9dafc237a5539913132b0defa19df,0
b258f0a509e6b946f056320bc6923f16c51850b5,0
0958a4629d70bd2a60548f56395915fcd7ce2ac1,0
f0093ffa7394d121a23c0b1649bddd41c0b6dcaf,0
9db61cb276bc8c77346ccebdf987911c6f563046,0
151372229977222b4500a749279ff78d4581f63e,0
6c338fd78a97428b815fa169421b8c7973431ced,0
31c72cd29af9c3f78f547268daea02766ba69cf3,0
2209fbb36c1714328a2a09c60d13171fc584f531,0
d6c14418c44fea1b783ec32ea683a78cacd6deec,0
a106199e52d734ab05655144b382db272e3f2c6c,0
de0a108b8d44a0c98dcfda791f75f5084262a5c9,0
196ab82c1aabf334edcae29ccd70c998c38057f6,0
8aa04184f63ed7e14bd7f8500265a3a85120ea17,0
283e53e54b9ab23c888f9e502c7e504bc6c58653,0
0079663587cc58d109dc584cb033796847067506,0
9be735e1df854438f7ce9f59f60a43de2cbe1ed8,0
064eecec6ab19cd8a4d069714c39ef702f1aaaef,0
048403712c51f747e30b493ae9434d7e65f46754,0
7f31d000ffa78aeb281f3c0b9db61ef4200d3547,0
59b3601ef62d28378b654e3f8a35d89a219c86c2,0
c36106a383a24c356fffa53bb145629f4293ed89,0
d7298a85fb91e4a702fb3bc46022a57212d14413,0
11c9abdd7af848717fa403eee4b082b2bfbe834e,0
505ed1c5854945a92d0346a87d5783ea6ba99f59,0
36995cca0f86ab8ad9491e6a18a283d668f75015,0
2d3b856a746c3be587bedcbabefe63d7e2844221,0
0bd7175401b880b9796c06d0041c2f2bbce8324c,0
b8dc39ae6d8e3bc97069580aa7c882a168f42c0d,0
77c6f91a7d6ddaf4fd4136782f58c36de9065361,0
caf36b02ee717f255edc036155c95892749d1e6a,0
a28f806cf0144748d08da8e1991a0f4f012c7a33,0
88edc665731714cfbcc9ea5c7f5aea2025f245c7,0
8247e9562e969128043d030b1cc555a1d0a150d6,0
346b447976cd5b8f66f231205ae94893ab97269d,0
c52aa525768d195bce3e9b04df2e99d44f5c678b,0
d53bdead13519d4793e43b5a3be3d1475e614bec,0
45c7e4a92b40611c7b669f69582f6b875313f17e,0
a19435dbb54d66dbffb849eca7fd5b49cc5064c3,0
5256d942d19bfdd5ebfda384b06752b111537a31,0
9cf6f6b376efa3058492246087231e39c64d041a,0
63df6a5ac21d64932e3964e080fa378fdc5821a1,0
872db158a2e806c649122ee47d33ee5fd97c5e59,0
a3421e79394690d7a1bd78ead309bb9f8103b20b,0
6bb8020d40f1a4b947ff26949843def5d60292d0,0
0ac3dc5d57127131bf9308fb1ae7e10af8f1fe7b,0
43d3ac6cbdb419a1929870b04be181da20be7f03,0
bf638cebd513cc27ac4b5ff734d2e54dabfcd4f5,0
b993f6a62eb51dc4041184bef3cd0edf9e54df64,0
1cd45aeec8acde7ac6ecd349b16fab4cff7b346c,0
41817d3cea3ae7ce675ef9129b03229d738f68f5,0
cb3b495921619174845979240a6c754261bc8546,0
a4b936dc98f8d7e44d18493d7ddb5931bbc801fd,0
ddda75a71a61e6a281932be816292b3449e423af,0
ab617a06226c650b131cb17e646c48858849d714,0
2372cc72dc16820e81d3da8173505241649b841a,0
6149a3dd5bba52d477248ba16c5b357d04e40662,0
120ba0ccf0a61908cb852b1001fb4b874ac23f5b,0
71fb1f2dc146a13fd5fb50323fc9f8543b63272f,0
2d4caea4ce7406d5b0ffefd73f1c3104d92e0aa1,0
269f9921cb022c04672e54f81ba4fb9e139ea277,0
f388d71bf8e25cb04e9e62291376e3853f561a63,0
0638102d06892314e2a0ecb5198b108907bd52a8,0
76e8beb1bf546edb3acf64ef6a937af9de470127,0
02f7601a2aa815572e2c2cfd2c6350b929406415,0
f237c712492f4dc08b1e93b56cb1fe54c76b671f,0
819cd6e03cdc90a018efb7b4299a88c66d416658,0
fea0ee82d6a143272a570d094ef08af67144005f,0
11e722f4c6fb959d5647df56bd4c3c608ca2b9be,0
3244c54ebea34dff6b1d0f37da19bc469ed52614,0
7d92032a68ed017da54b65f2525c4073d9f218e7,0
c7c71bf603c2c4117aa3ae02db8efc5e56933ed5,0
a36b686be27ceb8dca15b41c9dd7ad15f0f052d3,0
50e2d770f98cbcb709dcb2a981cac53ea70b4f45,0
7dd7e4bc469e4dac5c0cc869b52ab1bdfd494ae9,0
c9dfe728534bed57bfaf5988aa76a114a1c86a1a,0
8b723bbb512a0ba2ed7675e2c60a39b224d7cd72,0
872ed3cc48de0cf5618c3821e56d8ed1a0a5817a,0
5c0703a591d863853a260baec9e691fd4dc00482,0
7ec9b573c4a9503a8b3673146455a1369cebcd0b,0
61cdcac93bfcef37f6774d7ce0ef1cb3bfea30ea,0
92cf5613f9ad171df8d6c150e920e09286fa20e3,0
a9c5067b5892139559234ff27ed63c10cb48b511,0
79a7c25a20e5ad37c00ce5d1f9ef025c265d513e,0
190c343ff7287cd78cae30eb8472be7e8d6204ad,0
74c562eb855b8dfc3972a92d56490b07435f4717,0
7cfa40d69c0ffa789b0e527f78b0c7c5d38ffb61,0
20d8a001fe871d5a30ae07c7aea8b70f8704ff8b,0
9f08cc4d610a0b3e24aa3940b8c7c131b40b146e,0
be4967e982e88c9236199528cfa50bdca1fe30c6,0
35f5058ed2700ae74098965cc8aa83a4d0a56f04,0
b507d7e60b3593288990dd9f570ab87bfcc65e17,0
e3aeb380b429dfa54b757c4ac6077c173e885d93,0
f3b44601abf9b79ba90780b963b4b8f8548bd9b1,0
529fce7a110a617bf23aad17c2d928f097246c11,0
ae02268b005c03435b181fb44f2f57046b94609f,0
8bee364340a1df8337d341aad531d4173e277b6c,0
4ee3e8585c10af7449693891e45ef0bf9dfc9c87,0
2486ac990d9e69b89d6016537db54f81dc30f543,0
8c124a62c43c2a353bf9e4aceed0a11d47bba613,0
2a0718fc784753544e294f66a56a83eef7a0ea5f,0
f59c87524acbba36dea84c0cbd4683f061695199,0
b11a2404e6a845a522d3248f1e228ff764a6f308,0
405c34ae81675eb9fe4580e64ea9d9c7f71823e9,0
72cf47982f69bd73581473819eed7b2fa992a194,0
633d663ab03169ba62952eaabc2f10a58da4c36e,0
a9bff5f8d886d42280d950c55c6ecdbbeb500e2a,0
e58675b846fb9a4d2f2b1a6466f306377d5d5af0,0
dd93554b692cabe884e7a097e431f475397a3b48,0
67bc02cc74ffc3ac6f50afb66ab02c99b8ab29d8,0
43594ce6f5d5286677233442bf06b68a67874c3c,0
914ca791f6696be814d7a13d4135fc57f3adc25e,0
604e55ee6e9fdc54c62ed51147f5b130369d5ff8,0
33225fa2759163c61abdead4ae891b5e75e17fb9,0
469ef769dfda5da478bdf802d883bf28874ded79,0
3d85ccc2b27fc984dbff90f6d04ca6008ad747e1,0
606e72f4f85075828ac1014c318d222c35372d26,0
877b9e3f5e553f8ad988b89b8adb6b93fa97a964,0
e47f5ade7f004ef404e0011b7ecebccc65c29da6,0
aaad426aae8bda4e7b2978829f1bd1b1219df944,0
cdf60c96f6fdc3050eb75325601b386f068ae0b5,0
9aa8605b1821170e1dfe03960139902d2313fea1,0
d4701e67894bdb2d4dd696ca21152a1d12b46e84,0
3580a4a3d79adb4e19d0b955713a5c67866d1ef8,0
d3e5bd6de8bc96abbadccea8b934dc038a32e90c,0
841b5fafe13683389d078ec7a7adf736c05e038e,0
18fa7cd6926616b4098be2723379e858ef92e432,0
2dc4f3fc103c829713769ec32d444b18f9988c3f,0
247c8e7d85a8df293011c7e9c94fd50bb2986fb7,0
ed6055663af12ee7a863cc94073d0ea2e60d09af,0
0d164eba090ec333060d8147b964481e65905027,0
893935edde49e1c240dac6bb92c1504948ceb4a0,0
3799e501560de416ba40856dba12067d6aefbe90,0
2c35eaaa64d850a386d11662058810bea9ce6f98,0
5fe1506634ef939bbf59a28924eb29714aca2b37,0
7f1cfe4504a2e889d1ee1fa772a07182e2a2d8ad,0
6f4089eccd2632efc9e97162ae8ede8d43f2c4b6,0
25d9e7f54efa110624c4a8c45ed3a108a1ecef22,0
3c36b08a449da579bd86d6b0c148022ba62de4eb,0
b0b958959ae312d24ed49d819242a0288fdee778,0
bd2da34795854786571447f561292bf173c1ad32,0
18bb90097a6bef34ff9c62987d26bf9c0d397fda,0
e6e1d251dd95f9b0159064d3cc9a55c085f29c05,0
3c4f02586e687f9e3177a6c37d262b18684112be,0
46b608aae56426a75e76de6cc14ec5f1d9e44b95,0
b1cdc129b7f097ffcd0d5a05d03c16d6b8d0af80,0
a44f4133c4f3e28a72c5a934c7feb929da2f8a54,0
6931ffe48094e423a1d137eb8d6ac0c8d107c5e3,0
bec18930208014e25774e38d88660ab379c07634,0
50e743458ac8ea66cc0baa739438f08255d0d192,0
1a8fcd01226b7cd547f0e9897d217ef381a94e64,0
b7cb123abf61d0d11bfe0ac93f053184e3d24af3,0
e67946c81a55069dcd32dd588faa57dd1532455f,0
4079f5f21572f662329ea6519f0e51a98525310d,0
dc7ec2c552faf2f8a20376ebfb00511e90df3532,0
8b2f029c0659f0f0c5b38735cf38651a9cfa9737,0
3121f2ee39d467bebd32367da313713040a0828e,0
258ea4d207ea200937621c9ef671a04ccc29086f,0
82250a879112e9b58c58d289e166d66942d77341,0
7686e90a8de42ed56dad79741fcb3d8f98ce7bed,0
e6b39f68bce71fc2be12d06312d85d789a65e4f5,0
3a17f5259b105e734c8adce1d06d68f29884d1bb,0
92b8a1f1e152ad98390ad4ca59795af2c051947d,0
c2b11cec04ff60490b6b1af9439ba29e95089f7e,0
631233639ac429e9cfe9d12e3470c84913f6c45b,0
d36381fbba8c3f106dab55f9a777c21632a1f2dc,0
2d27d9514625d3e695d4ff35a33ae4e61c9711d6,0
0163d2483f0cb3d29623044b02f57129f0853698,0
313f3c5df3753ec20d68c4791bc7fb3c699ca075,0
fc69738eeeb8796961304d2ca48fa303411389af,0
45cbb668affe9884510181553ffea8b4b18ccd7f,0
530c55572948ab2d1343298ac2a2f95d9d80aed6,0
ab9325e1555ef01625e46626ab8b60064a918d44,0
59c332a7fa218413af899efa73161cb6e3357ab0,0
ec3410ae50dd2c7615ccadb35561b68e0a9bc607,0
dec88cac5b77a98daa58f7e876d4440dfeb42aea,0
adcb56a89c7ba546aa97228ea98df7be6ef9aec0,0
f58664d316273858a6125b881803d3998e161eba,0
3fe80bb5dfda2d26abfa95291442e12d67813a4f,0
1e84a779275fb05f701eb425e07c4ce6deda18af,0
d3b9984317e3530af6b657ba7c7f9526e5129644,0
044c850a2cfe42c8cad90f2f3d516a08c4f3c90c,0
62369354734faf07cc0fc61420a830a4723ee081,0
dd6854ab6097b37a593e334177a97050c4f26fd9,0
c632f2092ad30f2406f5c667ee054664c59f2f43,0
80a349e37deb63fa430e9c222f3bca3512454c9a,0
5168fa5e9de9dd2ff6ace3f34226397a4faebc14,0
5e5f4abd68a932e9de8ea894b55268ebee1886ce,0
06fde31494c279ad940149e1a3d4944040c73c0d,0
3c9d7bc18c1c0a4bd2524003c8c1db1c9eb112c2,0
72b1f88fb722def136ce87c9b2bfdd3c9126bb3d,0
c511d15294d1a406a177368804014313948e2601,0
525cb87aac83c65486959da474b9e29cdc73ead1,0
f0971f8af988df7ced7b8fd1d0379f21e30f6e79,0
6c01d24c99e16c2fa02faeca75dca632c2a1730c,0
4a298b781b5d6b007f39f5ff5661991ed6c9b889,0
b57c42a521b47fa5718ae92df057cd39262368c7,0
0f3a88d0e598962e94fa4dc36bdf382275c2b264,0
f9d59dcfb42633c60ca0bd6f1b5e48aed6d0f59d,0
0f2c3bc176a303ab47647d3a0d46019ddd3939de,0
5035e97fa05344aa3193fb2d916939e4988d38eb,0
ba967e37989bf21a3f2244f2b1b104cbb5b7b22a,0
18e1b6e000479bad57054eb42ddfa2a90bf77401,0
50d8e9c3fa348787cb889721eb2bcfadba753ddc,0
186d886a64ceebe43fe7d1156f85869b3da599c2,0
a297b9b07337114b00a72be8ee18c2929799775f,0
beee436fe8041eb4b458a178af32687d123f00d6,0
3609deb3580333adb22e17d24c38233e7a726db0,0
3f39f4fe6ad2d494dd3106a0b877501986bf4bc4,0
fe02b59c254edf6d46f7b666e314724840971bda,0
c3471687e0dd5065ad7ad3878a71fcf5a921c9a3,0
4d1ded4b111e25ffea2fbe3c02b4c705cd06d2d0,0
d96a21b3219cac955bf15d3926b05be66c54f8de,0
cee49cf5581480f4052862ff84df4221f845ddb6,0
fc55598500b678bef559c74dd3a277c3a6868a57,0
dfc986295eb0b0c73033317f2244110c83eec10c,0
3b8665b51c3bad7188f589ee2a31ff0a7832e3e0,0
d3b51407b3cbc3709d077ee43fe5c699b421edb1,0
6fea8f40e4af6358d11e4cdfaad57af23f1c7a0a,0
c6d891ec9368bda27544d1fda8d534a99cf068e6,0
d6e836d453c75d3ff5de3860fb863ed7277ddd52,0
b4caca0c89ff116ec1b2c0012cc00a00821d19a3,0
5f6432f9a532752a6aa16b4c4cb62604720814b9,0
06daabe5bea1996d4db7177ba3f9b1da81eec8e3,0
43953ce681c3ef8f99a8059aa6b6bc0bc20ce96d,0
746d28e2850df47680e491c5226b1131e54336c2,0
23460adf8c5e236d2c4e291fba8c09c556ec1868,0
44876fcd5aa96ae451d0e481ff010e4faf95d8da,0
c9c9cc02dc4432c788394dfbe85d1f9eae635c42,0
40965f18d4bb06180d20d3430fd95c2def17153e,0
a8969828b82220502de785cdcec9bfc35861b048,0
a6774dbcc4361ff0accec0126890acdbb458338d,0
fcb1ce52f8662c9dda205be344ab02721c00aa99,0
283c50bcf6a3dcaadd606dca05f0a5a8e51981c7,0
37ce4d5b702285b1c5178ff0256a01a5f937c6d1,0
0671c86b0af8a4e604ad3da465ef1a88576a0fb5,0
32d2f33884e510e59130c68485ea35b2836367c3,0
8d8935e0d6118b35eb744f16b4ad819758d87218,0
5bee6abef2405e5ab6aa7c001bb41e79ea68b7bc,0
38cbc659a21038fc357f961639fc2b4875116eb3,0
eb3ab126cd831a19792de6d7b2c001bbd0eed9db,0
b9efbe5d2667fdbfbe4edd8ce6df5aec29ab215d,0
d3910a914787db46207886bc6cd3c3ac803a4f76,0
916cda638f507ad858f8ca819517b53117dff34a,0
058de0546c14c309b7323b5f063d8faf85cdfb42,0
60392c9a957e32655712d328904a4573eab888d7,0
c2f23c5ae6ebd0acd3e915f75a839b00f5b0984d,0
5e3a4f1c172479633cb681f36c857473dda14dd5,0
117e21958322bbeeef73c37cc3210317abb4bf3f,0
8cc157e22e1eaef233ab44e9068abc4a5ef7007d,0
b96c1aef383fa4d514dcd1ee3125d5f2121cb8f7,0
fad416c82d764dc1d7d75534a6b14970030651f2,0
c8fc6c491bd5534fac90645b2c1cd880d2b5b3dc,0
6a187cc3c7d852670a9fd672da1c5fc6113c1523,0
5c87fbc9b9d3e956739e2acb601df8e1db26ca35,0
ce3d52e1303b8d04e10dca7b8cd76c5a8c336548,0
5ab69e7627a5f1b41c95b8e5e4b07b5f939d2988,0
d20d8681437c5b3cdad739e254823bafe427230d,0
8b9e574becb51ec69be715bf9401403f9858b990,0
faa09372493ee5f2533cbe2975c3845124d26535,0
87da2aad791c595843d26fe81e8fd1a760906ad1,0
12a19412a7373b5415bd1f9d79dc4334c29434b3,0
c7d957d7eaab0422511aa17d92b44c6c3fd05134,0
3c352e208d90c37ceca371920ead1bb80fa83229,0
d6da6b2a0661c5ee8d819d7eb000a9ca8ec4cba6,0
99e44293e6ed797733c2148de269342b8e5f3232,0
39b501a2c297df0344ff0a6963a3180a051488f5,0
49e6b3d64e895c2d52d502130ac4fef5e04ad818,0
80118e507787bdb80def60f807e37003ab9fb65e,0
2628fd32224f4ac6394fcc845bd898533c45a061,0
ec50f2987e0fa7f7503154eca25666d78c75a549,0
921ad0779e997658e86d62a788974616ce865de1,0
f4b22d54fc20cf5f7202725493b68a5f978d043e,0
4cb3d2999e573cac5d41792e18a45cd2e0b2a9c7,0
2365a1ed44046f13d8ee51b930ea9a9e8ec209dd,0
bebf1ffa3906b560bc9f27f5606c77ee9153ebf9,0
00f284bd774a59ac8db4c67d4066d302edc01b29,0
e5a34caa99bdb5c4bb5aa0875433d1e78bc387b0,0
80125ee2b66b4d33c550d8e0aef5e3fd3c74dcc4,0
c5fead728420d626251dffe7756ef9897a299063,0
46c2aba6d9cb59e8072ee83499bd7835ac244559,0
6a7104223ef3b4f43e62ac3de0bb6126ed522964,0
4e606b3a3bd9b541e6dfb792a26e2a9e19767373,0
2d85109920c7115e12567cc0b636fd322ee46b88,0
e32b436b188ad6e1aafb85307b50322012d88c44,0
7b9ad18b6f99cda629c32d12727e26c28dc06daf,0
ea38b48204edab840a8ce3065d70fa92662987e7,0
8acfd4c594eb9838d7de38eeb097da050c149a80,0
6d29faf9ed6c0eac1fa1aadd9ec71a8eb4bdf0c6,0
256436e90a62eb7394b2962c0fba7b4f6e8ab3bf,0
011270eb378d2dff7151b19aa8d6fcdded5e005f,0
f64dd1d46dbe52e8c14a7846fd060d38bef2589f,0
342f7094a383f01b7bb4fc27c8832360ccdcb6f7,0
fb78f68fc4edae1290f609b9ade0cba0cee52d6f,0
ff374017b8cebacc6e8ef2f00a6ac8096766ee45,0
1c0f6fe7c0a70277f5c7932a7f565e17c552a3e5,0
7267e6cd1cf25ff61ce495dff8089a6d86d1c9eb,0
4ae9a0955adcf77ff0d9a753eff1c2cf4c5be039,0
e23680f118cb009d14f777f1c152d97dc6c53b95,0
4e8284a67b7b184c5da9e237178258eb4ee9273f,0
ade8cba11c11282dac641cb3d484987540ebcfd2,0
09ce9ed005fbe3a2140ffe67d6cb5cdfe2d1e1f5,0
c9322a81ee33c81b806a26bfe4e373a5be5d1ccd,0
1d28eef7064c7336d300ae7a0e1bda9987a4b4f1,0
f55f6a090af3dcc8030f3c85e3d694c0d8047a9d,0
368ff234445a182c88fc5b1c42e2d550c096c559,0
193f7d07ca459a3e88aba0b457d4caf4b1cd11e6,0
ea83e8cb19490634ee811d871c845af709d0d2d0,0
b1edbdaa95ac635039b62ab8b422cfbccc845d29,0
465ce65403ad4abfbd33d641b64a7b6953751ce2,0
e29e5d730148c0ee20ed2f13cc51e94d83fa5823,0
8e18451793430a7b18594bec92dbab16379bae92,0
301cbd4b7ec5d9f97fa424b9ddc0ae2327a1b317,0
06c39695bbc9aa329dd4efdd456d360a5d4ac466,0
184c7095680baee90f5390ff113616d90d03ce39,0
b0ed879e6d9210a7b0acdf9083e7d6d646f57199,0
a2ee490e88a2d07978059ac1859d4eb20ef545e2,0
46cbf45aed72973f3467f61a28de8da2a31a8f4f,0
18331dbcb6e401f7a30d5bdb9441610ca377dd41,0
b80f8726758198ed5aaacb1d1c1c9ede067499a4,0
57eb3004feee23b99e373840c33142f69c3f6281,0
5db9871cc2f27e84f8f5d3a501876e3ff5c33ba6,0
f03c2ace65d15d21b06d2ceea01dc84bf1f6feef,0
8828e667df823e2bf04e5035b414bc2f4b162a31,0
92352a75c0b85c93a083b4c9199e8cae0f050ee5,0
6cbfdca9c228be416af8742d755cb910b2fabe32,0
9bf29a7683d44b6082ddceed2796afaf862886a3,0
ed61330777212b0fea23785dbd2bbceee69aeb49,0
940a6523a0d6617b2128c4643d5bb036add6ae3b,0
bd3c2d9ba9ab3834277fba1b7995dd3b2a308bcb,0
a02c526f48414d94910d8eb080c2c6020ac61108,0
0bd02aeb528458318cb62c072b5192a0a70aae40,0
bfdcfc0ca5d4112642c955de30ac41ac90c2ccad,0
2c57a80aa4fdb7ab7f4cbe067ae5f45b8b4c0373,0
2c50e67499d41d9067493bf2f2b463a946ceae1e,0
ed78419e801a5ac040410360e8a09225522b4dbe,0
2655f26fd6392666c86d9437cd5dce3514072ee3,0
570c7969ff402de05f8024b9799ddc14e30e24ae,0
a040bc60b3e54f5e87da64dc7965b030a96648e6,0
b3408278f79cd107368364ffcd6dd329891fa226,0
cbdbe648e4cf615824e168f3946c2da68bc56929,0
d2ce428861721beef0d37a1c6ec1b42b9d319496,0
efcd0e7abf40f95882ba433f432a13e877809c4f,0
4c46df1dccc544332e212ea3d8e51e7adc23d1f5,0
598ac655967af8937fed81fa88d85ded13a48878,0
87e6728b401cce27380b6aef1f0625e87c74a220,0
8d0f1b93396affa396807727f2cd7499dc28e8bf,0
7752088fee7e383aaa6598c9b282495470eff881,0
6921f87e35cfbd5d725011883b9d1c492f26b31d,0
3c1ac44df678618f3ccff6453be38bfbb6a71a08,0
9600e9afca238a447547f11cb9bf136ce0c5a663,0
b51d763f59882d5e93846e718759079e21a74c86,0
266bcc4d5d0fbd230756539f93acd9fc5ddd2c5c,0
9fdd41b17dfffd16d2ce566bb95287a2ed2a5bbb,0
6ed9da6fd56538f0d0968b142269cb1ff4942f54,0
5dc5111e924161ec1246fb65fa4ad264c967c894,0
c91d0898d57e93121251ea0c2ddd34de58b3768c,0
e5fdc3812ec613f259976c22351902e56fef650d,0
bb6b3d3a3d3be53edb1b204639127753bf46d3ac,0
f476fd528b6782246cfa314ab0516ba0b74343f9,0
8c0385cb46d72c55d33b05f966e75649a80c5036,0
4afb45285e60b5fe519e66f0687c737b5d7ae210,0
04103a26c376f984234b655d7dbf9d45b9333683,0
c9089843e92bf74180ac7967ef9099c29784f1af,0
681d84dfeab6006dc3218323dc66f426fc2e13f6,0
3b7a0aacfc4f898e3f9d7da3ebee8610b29899c6,0
b5abc78e7ac91ce269a5be5097aaddf1d9847b2e,0
c12eaff7f747353a7a9a97df735fd3301f42e313,0
8d8be23c6bd56eb22df04878fa81549007f3fbc3,0
b08205bd8cdd45bc36d51c03effe860594dd5f08,0
ce20baf6033cc123f9732de59ec09d83bb4ddd43,0
a56fcff406b30ce77b9b327a4770f31831f92f08,0
8ec68f42fd2763e67232e89558328ba5cf933d44,0
8814b6d7efa235fc1410c9699eb136da780d70a2,0
c93030ac0d20a7bc455207cca04b404187b310a1,0
9577adbc5fd701c84087bb3b627bddbe10bea420,0
0f6f414b8e80c0d38b12fa9d949ad9a0e9a2e117,0
c40c0c3989a6261db8615a217dddba41a9d05c3b,0
b85b9a3e46665b32cf8a09673307ef6579b72ae5,0
6a9cb38eeec6df877aba4fc6d06e83d7eb17a684,0
9ce4c8398bcddd0c7db96330162d470c5a4c061e,0
c209dfe0bc037384a0a69e2e06ddd79cfad5742d,0
7d3f6df7fee9e429988cac0697249a1ddbcf0cd2,0
b7da64c9e7778d9ba42fa27fe312f3927191a7af,0
408ff3897ede725f897cd126e2e10460bcd1ee9b,0
0d59a4148e86ebb84fe405077fe7f2609b267fd1,0
1440a3018cb6793a20fe9fba971f1a6f939afba6,0
def5b298d3d1f6532a674ebb59656b152fe08129,0
dba4132fdf77e66006f407a82b4ad6705bbe8a20,0
1cc2913eea3784532d45235c0d2fd474c4e8f098,0
55b6211bdb0062365aa1f96d002d42e669b7614a,0
53507ac6fb2ba5c52292af7fef2687ea8df9db51,0
b9300808f21d09959d35caf9e2c0d7bc0f0fd5f2,0
bdb9f8b9095004703666675591c3c3de30e7c03a,0
4cb04246c0946f70abd40eaf047d8d95587543c6,0
c55f63801dae4b23c8e0bd05c7e607a8c06ae153,0
314303297ac913b62335979b6765b0527fccbe24,0
40d6c56e3f1bbcc7f4bd73363e1e7c1ad0652bb5,0
49c77de3c80dda10de4d40dbe1addf8edd1f980b,0
73bca3d798e8450556d6be491786a0b3006cb5fa,0
875ade802f248897e4f27ada74e21840c58da1ae,0
7001911155c6606974c8976b3d0489614874e4c6,0
920a132460afa733fde62f0380f66391c4b305d2,0
00ccf1ff6432822e957e5d58007651769f18e4fb,0
02d782c20c44673d5ddd6771ff6298bb7ceee89d,0
2134c69086195278ca424f2e6a7ed17b0551cc6a,0
fe13122f398ecb9bbbeaf321908e046fe11b6c43,0
d6eacc4fd01a8f7fc9397d84703884e0095ca4e2,0
16afcd1115c1d6ccc8397fb87aac03c06a321bce,0
7db957b7ec41a2daf18a9754f6e19ad1aa3fca2b,0
565e215ac0b4faaa5914821bed722dbd025b74f4,0
94708ef6d316d7c3b6a059125cfd58581675a1f0,0
dee1d768ccc5479c11ea59e8ddcdea055684c258,0
9e74b834425c734a51b982b8f547705a88651a7d,0
8accd0d266c0be9a08e1aaa1ae8200ba913a2643,0
a116fc26b9a22930b0f9978046d154b9cc87bda1,0
613654debc73dbb721c01a29bf9fe20e0a09515b,0
2a730ab8e1605fe88df4a219ac6b73a5c3bfa333,0
29a63fda4cdd19a13bbd675116c88785d38f9a2e,0
fb41f50162ee5da4b515fe5dbc786de5fe721722,0
febaf104e5cae831db100ae539ffe2c724ca061c,0
e5d0ac9b12f8855a79099a78c30336427c528bf0,0
9ab951b125d40abe0000245398f487edb9716bdf,0
db4364457a21dd20d44f97faed864b32eb5344ad,0
cfb8f3c6eb1db354d4dc24f8d88ca68134392b41,0
494c5a2cbb8bb00e31032b7a600fc7914b21d041,0
e2b6f89d73133dfae8b6751e2647d3516ccf2a7b,0
3ec3fd03bae58f100468170eaa11b71dfb25ec78,0
c780ef616bd6c7340f1d8a5dc8c209376a76451f,0
cacdb00f9d812d31fc8e9eb4145151fddb461822,0
edd44758630b55bfdbb7771e4696041587bf716e,0
6d5d3afb89dc70db67c2ecc8b5c1a9d8788187e5,0
98017a2378d74d5a0a3c7fdb8c60a2d9b476efef,0
6c2b3ef6090b9f69ee6330d169ec0a908f6ec63e,0
2ff4615e7a9d777aecfcdd588004facda586b860,0
85dcf0bace207235071fc4a452e05cc5384bf459,0
b8c11df6c016067c19211fdfba2a28d1cd599be7,0
0ac2e28a2e9913eb32b197d77305c20ce5bd9499,0
954bd4409e6420294a48031764c65b9bda1e83be,0
4d8dcd264fd700c96062d661ac3b0bcf87164467,0
0a74dfaeb62e2c18dba7a02c53b56b89c6646acd,0
35dfd15a172bc67a570a53698a0120c258281ef5,0
17383afda326b961bb86113765f0454ac480e783,0
372423224532edfef0afd87046e811cad8504735,0
24a1ff9d2badf1d658e1e31295cbb45aacd40c10,0
9783da6aec863974d2ece215add89bff944f8455,0
4ba62929ba78f8a01818ffea6f230f04809c0ceb,0
7be5b5921b7b65e6d50413f73872341cbb557e6a,0
07466437c4b691afdafb1fc4a9a28300ad45c94e,0
df770deffd9917b06da33cc547fea22ebfc29226,0
d7a027c32cdfa2b8724225eec7d4014c2052156e,0
0956418820923f30b8c498820fa02e0cdc329acf,0
551f39bcab991cfef7bf893efa223775fbc88bb3,0
150ba4af81b71517d3b44c0669b0da0f445e6ac3,0
d6224c77d4e5df844bac8058ccbcea58b27a9541,0
5f64b1b7257ba069e57004c55495055294284263,0
c9ed8dac48e4f9fd15b07fe551b6851baade8042,0
22f6525588afe563a895d6c7a70e03ede86610d1,0
a6de42b9c39a861a5efc8721c610ec8c58eefe37,0
4117033f858a142b4129d9e1d0ab33a265a7558b,0
b21c2ac4009a31def29055468e05f290b1019bb5,0
7b53642c1854617f8ad91b46114c27dd02fe807f,0
7ecca22f175c644da3096940a4ce899be5b33740,0
b51e41938ea794f67223c1414c9e6de8a04c17b5,0
9a70427dea06b0cf09cf8665ebb816f803e4757c,0
e75b97347d00d526e4486817a84fccde89846bcb,0
9a98747c682a7b14b5ab721fa80a59cf7105c46c,0
b9e4f5e6e718ec8e4156e31bef733874700d7cbf,0
58957e481aec0f24930449d71b01bc1528d2523c,0
459431e0ed005e782b2ed147cda9cb8c6ba05357,0
bd72746581fec8bf4218bf7c4bf91c5311b2482c,0
cd95305f2bc0c4d5c58dd8bfd68474ccbe7a0ea6,0
f7e0f2c05503e619a64d026e30d6cb08c4917842,0
1010f48b0cdbc4f824aefcd654de74d520a1f44c,0
d1e2a8e2d9d5408a4bf31c0a172be7d572eddd5e,0
5306dda079a55e430ee0399b3ce244f39f8071cb,0
d88bf1ec3df278c0e98e1501b56be13b4ec635ca,0
bdd46bea61c64a57a48223cf8309fb3d1448dad2,0
c649d3dbfa5e2c819cef01bbacef5dacb902c6fb,0
eddaa31a9d632e7144827a4b8a08b162947fcf25,0
d51704fa1cda6794482140a829670ec1a85600ae,0
e22fa74760b8b9f1378d18cc4004c569d43b5269,0
ba19189f8c560a7fb0337b34e2d91be13771cdb3,0
fda06ca497cbcd1c6da2e3860fd9a00408b128f4,0
7972af75ce489759050e8c3afafed96520f8fed5,0
6bfed1425927ae57173be573a6f0877345360874,0
46627e7a3adaa333fe314fdfd7e1c174b75b1c3b,0
f74d5bd8d5a41e439d3d4a8fedefe032358ef107,0
78a7211ba1daaa1b9e142bc8c02c24fa1870aa4c,0
26a6ae567b720125844a79be59dbdb23aaa27b0d,0
a5fece40e5ee7082089922aebef7441571db7282,0
9e08e9e91976d2ba1607011ea01ea8b53f8a1366,0
b15c8207c188e957c92ce71c55d083075090d866,0
d4d53a56a9cb13010ba703cf9a8c9827416642b0,0
d20fdef283733243daf6d3f70167e75a3e787ae3,0
bd49ebb7031b08728e8bd0136b7b889ea7f4a8c1,0
e7ad0af879dba8fe1aae2a5aafcba82dbf2eea2b,0
fb7d4b109124a5f0b38b3ee66df77c1cf2ebb3ae,0
1e7b2925a24e99d6cf092b5adae136bf055a001b,0
7323c8b3e3a4e6a9f2cd26ca63724290ce25de5e,0
b894d66cf07f8ab76f048779b8dcb91f7511f0ce,0
48c3cc5ac4cac73ce769b4e313b6442575f5f166,0
a8c3027f993f5a9c9a82681a56fa6c1b1df4bcf3,0
70d16028c81a8eca15093db794c51f00c97527f9,0
41b12cd04eb9fb47ff5d05a92aafc5a0c16a1ad5,0
fcf8752f87aebbd5fa729e042a1bfa48882972da,0
f71d338bf9e4e564f1fcb655252c94623c592e0e,0
8eae25b7495bbd9782850b8453de639176803ddd,0
be3a95ef01ae873d77b55048a2fcf6e8285847cc,0
151f0c91348f75f75d0cdecab4b750d89c34a8fd,0
3289f9853233bf4e2b2933a029a1cb668dd0e399,0
db5991132ff6390b53d6ef1c250ae082a7a935cb,0
81e3e06353e3796d4c1bd06cb3fd4154d831e04c,0
9d1f2cb7c4035059efddc7bc7e1e39774abd7306,0
100f3b5edd2ac77feb3269ccc83814d9924646c9,0
fd482bf485ddf8460d873419477aec2f2a1b49cc,0
076635512824786383eab36ee4465bd664b6faba,0
ea3c485ba90bc512503b375d3a06aaef48afd806,0
4d8201f871fc106f002c7ed9906450452159f196,0
99024f9531a906d56643af6ed0afdd941f216f78,0
446e99777613a7cddf5df48ff559c0b62e19c87c,0
e98a933eb3c323aa65e6916daff3533f83fe487d,0
dc476cfed08bf52732171d10068295bbb159e0cf,0
62700d48c9fc79db968f136ec1ea8c98627481ac,0
e9e610dc11b663157558635f3525f0308fee7df4,0
7c9c5e4de6b103aab49cb6a7c38df766ba0850a1,0
3c216661d1815e0fc765dddb813c2e7c4c0eae69,0
e84d987e4eea9311e5037f86c1f8b0b7389cda58,0
9810f558724a1a83ed91bed3240f36c8acc21bb0,0
7ccf989e31b81ab9d21cae35cf24ceb661e94847,0
3bd9659002d88405a60e21231cca78c3da7a7ecc,0
613d90b0444f6641d508738dc8ea061a948f16a8,0
13b58b28984d618f4bbbedc7cbcfb837dacfc157,0
be3f92e0cf0451b404a2af8a0234b74cafce7c61,0
28156ebe53e57e8270ca251335d79337cea8af56,0
4a534829f46b442e59884cbd46daaa6e18b70488,0
f352da3bbde0b04d7e86d147626f4b849436eb97,0
ae8a35d6c4a569d5e0c85e5b2626ddcf2080e396,0
a72e03cd53c6ca302df95462e39a88a91d2a73c9,0
5e771e8f4620432a9f7ff8cb4a0b7b4194fb5051,0
aa6d12e0dae19652b612a3a66a6247c23e1ed865,0
567f6d6e8d7e1adae8eeda5b7b6e945903244914,0
a4f4b9eb863198312176102dfd4369bfc7be91c7,0
b2f249b14cd9f8b7da592946b957e72beff78c80,0
b8c6f0ef5763187476bb1992149d468840e22b00,0
183d30f91fac36212a4d29053bc858afa991a373,0
5de925f10f9f983e634f781ec9be40f26e4e621f,0
d3ed6c8322f9f45a41de870652fd3ef178af9025,0
6c2f92b0ec2f598e1dd5183f558392b9ab93cdaa,0
eea7a60fad00f17853ba7795edd4cc3db27ddda5,0
b4829b90e6f70295abdf773734dc8b69efaad5ea,0
87296b2a10b844408ff8388b738ab87b3047ae3d,0
3e491d9035f9f88a7c389b7bc22eb63142a36dfa,0
c15f8f90c01cd95549e4153dba4cd751c835c0ed,0
4e9beca2ad10172d8ef5a5d648204dd6c576ef18,0
37cad9653b46ad4f0b2da2ac570546e5941694c1,0
972e017663452eca31838756ed391ce19bd3b6e2,0
3c4d92836ef16046ee3d52c2f5c656bff40f3433,0
afbe958f7076af12283bbfd28a5393bc3368c58b,0
68e2af75bf16eb2a01fce959bcba794e6932da8c,0
fce0f94d784e7542537d9d6e71c9371a877ef7b0,0
10e0addc9c41b661d027a9eb12a837520838de4d,0
7264b2607235065aef98f12ee0e3c0d3586b9b49,0
30775ac095efae0780cd93d7949c8a3d6d9a48ef,0
b1842c0e0c5af94976ce6504c78e7ef6200abec9,0
7b13b4db7cec3fbf0709df90e51404345b7ad07e,0
4ea623b67ba06f00a70641eac95ac60a222e04d6,0
8b13282c2449a885ba6f9413746a59cc42900c7f,0
ea0954cd6ecd507fdcbdd3935bb471875d573801,0
6aaa732bc7e959e85fee24590f87493c936e55d5,0
4672c22ef2976d5d890dc9e9941fd984987cc15a,0
c1d9f7f7a99ec33e28c0bd7073e1423ac23e3dec,0
3ecba56218e42c623f6e197ceccb467dd28c0fc3,0
f62bc91596d4fe9290ce022b0479cf1aaf5ef4f8,0
fa851ca751b6aeaaf785f2f56808812be9cdf56d,0
e4c77a3a327ec66a6c3c5487da0ec04e16f429b5,0
ab1bd667e25be3a6b621ab342f09f374fcd9a3bc,0
bc68bd28a1cc3b41c62ce99d4a0805957a8e473c,0
1c6de0e0709255599c8788a28333075f4f300b3e,0
18d07b67c376f7ac9f0d6affa0a667a1a7a67b03,0
51894ebab6d260962caacd9e33394226bbf891c4,0
21013dfdf140186ed064e0d05b780d51ec00cfdc,0
4f3b7101a26431b97f3cbd4b33b6b2ece2f9c18e,0
cd63f78f80e1fce218cb33a768625f7f1e59974b,0
d503c604482d27f1bb4c6d7d30d5d3280c665538,0
4ea91d20dfa730bf2ce2120f7bdfbe0384d0c29a,0
ed9c1ea302bb9fe31f2b3b6bb8abe48c7ca8b9e9,0
d752f904feb7539228d73b0abbe7de6ef3aef237,0
9c5b65b1b7999af8f225015b562945c245053c11,0
3639b2f6a433e4948bd00bd9f027a459e9f829c6,0
f46c153a8b8194c7674cb975b86a6f1696189317,0
be656d35fc0e248a14248ac47857bb7b2bbfd5fc,0
55841cd2071917be628778de6f03dae9e3a349f0,0
88e2614726c85d9082bc43d5fa45dbbd5b50b128,0
153a91c1271f4a07d56230670253e94c5ed94683,0
a41b4bc8e70b206841f4d846be10cf8612dd81e1,0
1ba3cbdd8451a600f5c1fd802639041b198e1ce2,0
cf61b419a81f7b3ccb4e5391f15ce0d682654619,0
7d9189db0f60f7e6fc206090a2c9c55f8f18f8d7,0
c81bb87676a99af173aaaf9f84f267f97fd04b84,0
a8376ccc20e2103864926f4dcff4cd23687c58ad,0
18ff1a50e4829b73987ac25942bddc48971ab8f7,0
d259b21ca24cac31d78a305d60429d96e1789ebb,0
04f32cf6205672140fad5f4e60e8d997957fcbc6,0
fecf8589975e9dcfd12cb46e56378c51599f2da3,0
014eeb028b412daa199e20bec2d7f6c8128b1dd8,0
5e0998b9f1ba3b3975cecd18b4285540b02a9749,0
93228aa10a06b6cb3f38c18aecd0c5eea867a16c,0
63af628e71da85841b48cddbc2ae83d180a040d6,0
f984567112e03d4b6e420597b8bbb9db2c70230c,0
d89f71cc85fd2aead18c55f86c747c691fcd2f97,0
a9a477779c9fa2caad2034dbd8a02048a38bafaa,0
81e7e01c5be43e6cae064d7b8098989e5b3db1f3,0
e1a042d561fe3562072ad9d6d0bcad3a1e1d260c,0
cf6beed92a6680eecffecb7ab40b18fa7cc55a81,0
e138ea9ee451f024031ae7276daeee22e9081d1c,0
2ffd9af125d7aa8cbe89f8f140c99b34518fbf76,0
be4c8f8a2e8af5fa78c69ead9675f4de3531aaed,0
066c3acb4b385091436580d58fb627c4fba01bfe,0
0bd02948a94c9030f70b0abce8e5e40c45ca6b2b,0
9fef1d44e9525c728e5757163203949fa0db1015,0
1022f3b36189db65a5abe4e3e5c52d2e3757aac1,0
45db5751e776663382f60cdb0885de8bc18093c0,0
af11eaab4e828593cb8d4f50f815995fd956e0ed,0
5bca44f3d2a9bee032afb831537a3f5963874212,0
c8e7b467794a0173409752933085ae20e15bf1ef,0
03e67ac74579aa6ea6536b76cddc06340c75b70a,0
9af099e4bccf0bbe10bec910c3545098355be75b,0
44b36238fac961cfff8ab59538f0c53dca0b0f6c,0
08152eb9ca23e6b7ab8731171f92fac303ecd04a,0
44a21854a442ad798abd54eb29197d9807c4a9de,0
db158e5aac3405ce19cf41335a791f0d9043878a,0
a92fa3802f0d2c474b13c5fa1cab4777e1dd8318,0
81aa2b9ec8b97bdfd035e3fc0e19b02c4c6d9fd4,0
f77517984af53db3b1626da12ac16dc188fee41b,0
c35345fe4e00bf719463beed7257d9098b8a6071,0
6b4e35dc7fa1993983d48f32cc7def314cb8d6c9,0
e7d5de73b8315cf0aaa9f120db6a9b4312573d28,0
2d6f819b0141a6fbf25bd956edd2bb827f0e816c,0
4fa1b22680b852e0dde4f3842670b78c5c438d39,0
8e072110e9d6ed0f81039929f4a81818c515439c,0
e5683eec11d4b81acc50e0cd17902f23a789c6fa,0
a86bd6c62fd716360586f17dcc62cd91976fae48,0
0a175dd11f3d82c650c0b5b524d640e32c8fe229,0
e7e5ef2321c26eb34b0fa17f746a69ca4bc85c67,0
de2f4ed5e0ad37778c6726a090f6b8dc59ba7b3c,0
679a032cc548d0fe8c3888e33d0782f538ba1a50,0
7ced1e8575ce73271d43f16480e6edca28bb033b,0
f22a4227401855ecbfdf8184bbe37275c3aeb5c3,0
fc1e53506ecb0f97b85034a8628eab31278824b4,0
01714daaf4b8bac9add5e3ffa1b23bfdc3e321d2,0
663ea741e498b94e9e5a3e4a282e56d283f15826,0
905d07ca7bcf8f2399b161f47a09371e617a5ae9,0
d9fb09170f381a80a400d93d8c7c729590f59d5e,0
cb20853858c39bf80482a5a59da5dff8988d58d7,0
a0d22bafdfcd2eecfcc0ce39879e6808ef952035,0
279a4c462618e0455d35cb53b84afa3c4ddad9e6,0
563eb4288f07d6d6974c40c4caa513bcd1ebae80,0
dc69289cb83c10c8e7f6759dd56f570be142c6cb,0
77a67f06433e8561b70fecc14b6ce93ad0cf5e5f,0
3facb4e0f3720c9b534a244b76ca21ff2d480b19,0
ab687c99046850c08a7bf4dd5f14eb6e3aa43051,0
7d198e4bc3c42fc63ac1acfafa6d76c9ed71b1fc,0
596902ccaed90e0f1d72945e7eeb5c928dabfec1,0
4ce3d39b065db87c7b8e9ced1bbf897deec6b4ce,0
aa219e0386da5136a31ac6e3afafe530c9266b6a,0
29b990b330bd63f17deaee9714885381d67cb4b9,0
07eeb93ab23e3498de26a0d1a03b3fc98e3ef815,0
32821cfb0cca7640e53791b2accc377ed5eb82dc,0
857a8a25fa85bf8ca8cdd99ee63e1e1a97b17edd,0
5dd71e34ee54036ed7d15d1c344f1a59481ffb85,0
357e12c79f32e85c9bb9b74c120c13b55aa8f344,0
c3c7e80ddcc40cfb380f8531aee4448b53a30f2a,0
16acf1695f1258dd069dc63bafd35743179010b3,0
39ca083df40e2dad795607e428da8d0ca13bf269,0
15995ca7865e38251d0ffe04c06c56c519ff541a,0
c24bde0d76d3e9e87ae177c0589390503e17ff83,0
3eb537cbc43bab888803a0ca8dc249bf05134052,0
5e552a1e631bee1c60b6925ecc453b70f6ad29da,0
783f2b47bc80dcaf8b704ac17aa82dde7030b350,0
73a3f2d08701ba8d222ff2f9e023428c46457311,0
c5e8b7b4f8fbd03e3e96098030409fc9edb56bde,0
28f639e720ed32ac17bbb4eb90d8fff68305d0c8,0
35a3084010e15334219b176c62432d6623698a3e,0
dda40c55847eeeef9a9c414825f12718835b04d1,0
e9815c819b831e8568c3eab2f3492f497609e484,0
00e8f11182be0253ceed7e51fecd8d8a72ed67b9,0
17b7581a70036bb955f98f8eb06c48ec20fba6d6,0
4b0b0179da996fd2e81417fff2bfa313e12f484b,0
e366fde1c8b4d26852d1ae36e666745ce411b8b9,0
83ac402ffefbee8adf33843e81c4cd5bda35b410,0
08590bdb52cb69c176d9f5960d792f2f1f524c55,0
99a3ab7b71ce63d8ad608c1fea2ba8e4ec50de83,0
027475dd1e22665da9bae8ba76563bd6ac1a27d5,0
7387d242272dcae8392f49826a3825096c687708,0
013b67adbbac20040083350c2b0c7fa630dc8011,0
10079fda26607ce4591fe65e6e0447ca1bd10900,0
c885433b8f50345f6d003e69b10f4caba9651e39,0
49c73ef409fa357ac6465f49dc9060853a3352e4,0
42bbcd0d34bd9efab0d85169441486762a54187f,0
7b003afc65109c26da0f31e24d03841556ebc6d0,0
a62237f21723e27165f9c6f388f7cfeeb089c9a3,0
7a3df40b4383150b334f521ebb5dbf7e4f44ea9c,0
b375ca51cb40db2f4254c8c6e4a9f7cfab468da2,0
00bf113076b3d4becc949a2744af6c0a22614c2d,0
252f2983fd265a6ea8d9f4999e47a8533b147597,0
e1f2f4a70352b0eb1388ac0b6cb320413100b5bc,0
426a7930066e0325843482bc30dd3c62b4737d10,0
ecde1877108a7d27aeb40d537b65f4592f0e1e54,0
22bd091b24f645207c52c55df00a9a73a3749226,0
52c8a27b1b4a22dab65032d621adc471f89bfb08,0
af77aa87ed4550c4def24b766a7969a35f773286,0
b0955d612f289710beaeb15e8c0aff97bf8e2006,0
2cf9118b96761bc5f2105f7e9ff2c9a319afc505,0
7db39c030d54d8de18f267f7ae121bb77502690c,0
cc42f81bc3c5b3462cb910d4b88d69ba7e06f302,0
cc1bc3ba48707bdbe2f86063efcf82813498ffc5,0
31d8461ff38b81056d2f22b031984833a5da4b64,0
5f2b3d36322f754cbe3fca0cbec88532f381b8c9,0
3757a2e5a2e9a5d581423fb1553ba12015d5b945,0
57e4a9a55115032371ed6a4eeba51e9007edabb5,0
e92e6c5d1d1330e4b5c1b89947a8e38aead6185b,0
85d5318fe1dab0580381e51e7ccfaf6c36ef9995,0
7adb12218adbb643d24546fe630f1d0c77db5cfd,0
3ec3315571f70f1d371b958fe1308a0b316961e6,0
8bc3e236c5efa8331b257e6761ad48bf26d00462,0
717239a144bab80be463723d5a9b479daf26fdb8,0
5be182dc2a3dffc035120c206ebf87198178bb7c,0
b5fecb3d3c9afb5a04ac8253cdab73222151c1bf,0
0cdb6b3aef0b90df5c0d7a35da09a1e32b4a5e71,0
b2415886d263d2ce514c53aefb97a7446b6f1740,0
d012dff1ef6dcdfc4b852d6a249e692442bfbe8a,0
1c0a9c0dcd650ab38bb7f6df2ab0d24f077f0d42,0
d82b04ff533fbdd9bb95a16e0990febc6615a651,0
5609a7341a0c75e7cb31d991a6be18938b1837e6,0
8e63832a16457ca919cff15b140039d8e9543a69,0
da1ec5581a5f0e2a6f8542b22ebd41b77eb61534,0
5fcd310b2dd60c148590ae49afe15a961841540e,0
bd2340a83a3585819a1bf23fbfc8f1e2e7c3c409,0
15f250e7c4fb81d6a7d2719ffb9b24c9cfc84946,0
7949b8480e6fd968ceadbf5ce6c3c255bc97e2c0,0
e03ade02cdc214119032a15a5fb52b767b0aaa9b,0
3d54ed8bb361b4d3392d350859d0c82380f73af1,0
3dfbff6100776d2ae352b6eb08160f557203f725,0
0b1cbfdb39ee2cfc1071b97918b1b3e9bba5efdd,0
daa26885ffec2671fc6211f633d912d3174bef19,0
aa73cb8c3c95038daeba90b5b43e5c63080a8f8c,0
63771b3f142c2ac42aca8b864d3df03aa2a46b94,0
3ddd67183a6241ee628251bb60d37a7d304963e0,0
9a35bb0d07849486bcf92c74a8e24574f34aab14,0
45c16094561b11a078645f007e98d82164b44666,0
71cbc700f73b5184994638740461958151919b63,0
9d5523504d1263f7c683dc396fd8c1930a7c3a3a,0
495f4651046e20f6cc3ae19789e8aff6017d808a,0
323d376b4a934a5a6ebdc552dc923db9e267e569,0
166dea37e810fcfa9c72cf1f107fd38cfb432486,0
cb6f3aabcf872aeab3bb4c975d163f340b93f051,0
b4e5722cd85cc7dcb3ec54752289df8ec9ed1873,0
c8dcd5e9c64b0cbd98b4028e0529d7af2ac81a83,0
4e2453500299951e6a2ee3aa62266b35baac1786,0
67d980343fee071ef3fdd4a0fc0b7e7208309c93,0
6327a1ca621637a72638f4a42258f984470aeecc,0
9327a98ab6eb01f594ec2f13d945a34b3aeb8315,0
1cf44ed9a6da6f86374e73bab64778e826027489,0
b4299f74ec6281bad1370938f9a11fe5fd22a4e6,0
6cf14df952b17b26dc7c86f2b6f38138998d88eb,0
d2e4f2e814cbabea2f5cd31399a311e1b0cc9173,0
8e233da42772ef5ac95a0590f8e5605bb94b9534,0
38ca4e12fbebd34901303a69ecb7cad868550555,0
74254643a756bce6c16412cd929ad9e5c0808b29,0
b7ba2ecd6cd2039a3b7b350da0547d69da1fd364,0
235a2433eaa45f2a44019b8e8fe04106722be4b1,0
0d84f279d6dd6486b581acf2ea2ad212530e16fc,0
ad875c4f23baa813aff91c22cd5b670993e10a73,0
4b48f6366e3956681d31d717bf2b7b5c80fe3837,0
b7be032eb5ede77e79b8ce49ae2df223fd76ac68,0
b80750b47a2f0f8da3929c3aaf976d994a374356,0
12aff370caa2bb63cb948e53a46119466085b536,0
2ce0a112df85f88e2891384076ef74ae1021b506,0
9a2571827af7fc47565a716fada2807d20d4524d,0
a2e012d5486becae451ca837273ffebe45d910b3,0
12b97b145355b381863b6fd7a7f0ab9614f74ab0,0
94f0f7880b9ea9b3e5221db4f34b139bf544b907,0
84886836fd37de2b7cd291ba7b5e7c88a4654b17,0
57313b3ed3b356d9a81103f4dbcc1eb38b9f2c0b,0
3620e8e42d205efd1440a3f54928a1963d151673,0
fdfdf5c7249bb6dbbec0091e29574f3b067cb6e0,0
5a33c5ccd8e1861edd5efe3962d8a5e860fd6af8,0
4b52a6f541e9e95714fb499232169e0faccfb642,0
7a6d0d59c67cb0e8ebdff8bdd7d7b77eb423653b,0
1adda8117345fd8baaf998c268e253f3eacb0ad7,0
4a3f5edca499f145459562dfda5723ab13a979d1,0
fffa8406955ca838a53e5092a6300df4d579baa9,0
eda19377969aa38a88a5ea989ad7170172578f82,0
e2d4476418ec53037fbbf0c36ff35f5185ed1895,0
99106fd1670193815411b931556bdc39f86ba9bd,0
92a67fccf7396845b27801cd07480cfed30589b9,0
950fc0a47428d64dfb01c62099af30ea30de6cb9,0
42574b3b442e42d898ea8304f42e66b24e0559f8,0
f2ee0df41f31bebc2694e55954e8dfd2e9787603,0
751e7bc1d5c85969189cfa223741db50ce1b1639,0
8b47fc56a3a286d96dbd4537ea48efd65b9316c4,0
e7bbb248ff9e7e677ad3b8c286eec63c911bd9b0,0
cddd19d0826091713993727fafff11ac3849b088,0
c0d254dffe7e39eaf219f6eb9dfba9f9369f435b,0
9d221a222f605f4feb8828efbda95de75bd352f9,0
9366e1dd3cd7d5a91cbcace40baa32fbc0f78a60,0
f5b26a975a54d51b2a5c7250d9df0ef11e1d16f6,0
51c66c94808d850fd5227ca1e7ceba276c46410b,0
a6f188edaf20796489f6fede3f4b25ffcf35956c,0
cddc925ea8ec7b37d86df5a067a65035e0892d6e,0
bef96f6e68d3745dcb1961a993cfd307d608c9ef,0
7ff44d7d702e0dc3fc17f2356885264cb8443325,0
6bb30b07e97876e832847bd4ec282cae19212e88,0
2f35040972acb3ffd499b17194024f38fbfb2769,0
e043fb8ad1e7677cd888170100fae43ae24f66c1,0
860ed6ba033e7b11ea257d1599e4f759d133d805,0
5282d7d0cc5a0993da02eb35cfcfdd94bec8c7ee,0
56983f6feab4674b57fe5cdfcbf446b516cd6960,0
17f64e0856ac2d407462a0917ee6e2a5fa9ab92d,0
5577e8b5411b53905dad6b0d70601cef238baeae,0
7c72b4ba3071a12e98b5ba62c2b757de954d7c93,0
0f11f8a42a5d978f130d8f23152c3cabf1d2f6cf,0
87b6128c3ce27f363d1ab11e114c895c0e9dc3c5,0
80550ab829dc2e2af969e943d11ed88b50c2fcc9,0
9a959d6b1564ceae8efd75b89d53f3b6353f127c,0
d2371b61d5be1d35603394de331ef16fb4ec0556,0
c639fb350922c89495f6756a7babeee33d628dd6,0
78b5a4a1371fad7eb98aa29ef2f9a2bf2c9ecd11,0
7566f557c2fa172d7677fcde06514e8a68356f81,0
7ecddab7b73b932efc7c30bdc44ff7c432ebac17,0
f022d77c73f941df1ed80439df776d2bd5b026e2,0
30451321618e4e915092a38d7030719717c1c404,0
7ca5c2a348a5fa00ed1a1f0a3710915b3bac0a5a,0
021dbec0aee5eddfcd2a4b3b9ad0bb87ff3cc8be,0
e2ddf45aa76ddfc05a6b54bb50714dcb98dc8fba,0
0fb14b1db8006e82fff3a10c2885bec469beabe9,0
26d7770afd1e54048276f56a08e68d2237734de8,0
6efad7916c68a34258b1ea2c866420fce23d529b,0
885c8a481882d41c685a363e8274adb007e411d9,0
1bd3a1f35ea95d4847aef44fac5cdb60f366c328,0
6d6096f9b12887e89de4414bb5d5432cf3834d47,0
62ff89308f8efd326b84c79aef0531bebdc5ac2a,0
bc73e5bde0a1ab0c08040b7e1a32cce753f5ae46,0
4947b5735a97f965bf37da1c296398cd17664ec5,0
0732b44ae2706681a0bc4b8e9d66f0040ff3b3d7,0
73d32811ce6b6d6fc84a5d62071058db60b7f7dd,0
9b3c039d17a849209be76620eaa361a544a3069e,0
35ee18cb5a6bfa3dfaaf70b584247fb46386dd0e,0
e647176bd167ad77816e02b718dfab5027f7fc0d,0
dcd4f5505e3aab7957029adaa3d2aa365ca9e612,0
fd7c8182d2117d01f43ccc9fe939105f834ba672,0
cdc97d86c6079af77f291f12191482144c40964f,0
c59effc336d3167af55210e6098a213b361af4b6,0
a6593edc56271073c820ac7628fbe8c03336d777,0
7f351abd9aa51e7bdb104d14bf8533decd3ee170,0
aa65025e251369f75acabf19dd42968a0e870e28,0
af54b61efbb57be145ef4d75536d2cc0e43a6202,0
64fb4dda76ecdebfd77ab4df5928f34e4b2dc486,0
ea1cbedd64cfe97fc98f6ef58baaae1125e0b0cd,0
ac384c597cd79ae5bb7096b4458c62b4022879d7,0
b1de8e7225c0dd5d42f6b79566d43585acedd390,0
de2ec26df98dcaeabe09db9b3703f15cbcbaabe7,0
d0e3878799bb3f34191640ac5017b67cb7dae855,0
d929d05991ca677efaedb3d51abacb40dd1464d0,0
6320b11102599812b4d8915b7565750f16c1f619,0
b7cde0ede67b438701e536b8dd8ff5b858c03364,0
5c63a41fdf5cb116f4786e6e610cfa9922139663,0
3a15a75b58f451cd30d7a685d586a29300e0a28d,0
a3f9c8e97a3463b76a2ccb0adaba246388244553,0
5dfe7fa4e28cab0b2003d4bc3a3b430b0da78c44,0
1cfd1abebe1c743de763eee3fe67b0a22e0ec1a2,0
6192beccdd84d791ed2e32476b767191e69aba8c,0
761658e3bc3d04aef04d6d3bb56d43d67deaf5e2,0
6bccf371aab516dc9020a8c2f0ff9f60f3c97cc0,0
585a0eb618f0fd899f8a92cd1d4dab14b68be8f2,0
d36b67fd366b4af9249a3a6467b9fd9a51ff6c28,0
da88ececdfc583b7dde88bea1a9140ccf0397309,0
13258ce2d07aa0e764bbaa8020af4dcd3a02a620,0
4aab769c3279ea63b7bcdaa163c50761bc540f8c,0
495abe13df04c96eed0d690202d1c0e053bef29a,0
0a97403d5e2fd5e836d1b241555ab062fdd7492c,0
5fe73a476796427bc9e097b1f9b6f552b97bf7ba,0
e890599830c483d960d742dddd00938efec04012,0
261722cd2eecd179244b14def9ca37c3891817d3,0
8f328a49c705aba8a1ab4ed88d55661eaa1ff96b,0
dda61a905a90d2c4992cfa3f3b296d6a767206f5,0
913639da3f08178fae4f0fede76dcb7d9a25cc1d,0
fa9f37331c26b10bb2f5f3d3b404a432e263c019,0
3acf2cdd76d96ad84b97e11c67ebda2f462d0470,0
78dc29c19f405fc6445e1bb7f3747c54499ddd87,0
ef3c3515b1324c0c51371598fc6950d01a1cc803,0
c53f06c81839dbba5ef0b418f5f11d3e7ab5b7fd,0
e816ebb5a858e4b354af52fa141edcfd55d8a3ed,0
ac67071ac8ba73a363e2a9b480da9934fdfe6023,0
c3026e472ab340e792847dc08fcd7a41ee346c5d,0
9009c0019af6175e9d57669f29ca044e58a3549c,0
8bab31a155e76d638b84116f0bd7812cfaa03d74,0
3301ac887a4676a754ca9b286ac7a95def8c388a,0
d76cf38ad7296bf8eb26ce792c13d65f81c0e29a,0
a149541f412eaa87d9d8d6fcf1a8227d6f2aa04f,0
a86e5461fc7f17ee1405e9a595515b4213849d57,0
1d8900e34459714bcc77591a64680551b6de7e03,0
ebf06ea477399a778564d2bc60422f652b89989f,0
794658337ff5a74ca0accc1f14530c82b0d9e55d,0
d095eccaeb58e0708812ce1ff953227ece186d4e,0
b2b4583d247e20ebdc60da15501b1c737f767606,0
419a05f960fcd40574378a4bcb117b8296a5e225,0
81fb94cdbfeb3edd6e287c9d58145b365c911bc7,0
0789b2bd4bd554c6eac1f822dec0259da06d7d51,0
a72b4581f01252b541f0497a317e5cab55496d30,0
60f3e6f48a0a22ea0011ca5bbe8662781cbd59e2,0
72e3fbe4bacfabc230391551aaf16d2e1139d347,0
635a08856dc8037b28e9cc08b80360582cdd6077,0
dbf0cdf07a9e1db846c74133a1b7d1663cd8cf40,0
7002bf2892c2f3c4108cac50671e2e98725adc12,0
a3f3f075253b0f3cbe714f3f4e4e78520d4d8e0d,0
99e66c05ddcbd1ba8ea2a7c37ed7dc1438b45a3b,0
9d70e61fea0aa79e74b372e84c0c9f52f6fc8407,0
44469bbda8c472bb897a006f22fc9dc151a5f7b1,0
dbaf49562407601cf63639f0bb718806c9605e97,0
f8e63a0a7b01cc1feb6d00b48b5c5e68eb209046,0
dc9c6749d2322f4233bd79b6ad45d3085a5bfca9,0
6926849b1dcfa31d1e4c521c8554d66cca31d4ae,0
05d531ab18a349fce2cc3c93356912e96b3f04ac,0
41886f5b1546fc6c252ace7aef66a0870c8f10e1,0
4b5db3488c0e2e7ee65fadd9ebebfd681dbdc23a,0
7f13b6720530a3daf40420a91cb0b9e632558154,0
2de6ab23f56216862071a49c58c2c8d7484d4552,0
6f9c53281f9d6e1180bcd5b031637be5bd62ccab,0
80798f623b16207543e2f3a60f3015ebcfc98217,0
f343ad16bd789330b315837f45927e68336848e5,0
3ae5d2472f420ddfdadd598a09173ec557d59fb8,0
5f60db15f78bb04a1c901b5c0b87ec8c5a37267d,0
20da0fdac5ed1172c17284429ebd0ff22f5cacb4,0
53a81d04f2bc1eede5250e833a26492a68a97f18,0
d8b480793e9337e5a72125a73bdcd4c5c8002684,0
ef1ae84803c7006472588d972cdcbde1a9db9073,0
9400501cfc581471017d65b0e6ca77299db9f5ba,0
c7cb67f5862b3b419c362285e9298955d328e965,0
d36c1016cbde3e69438e64a7aaeba8d8467d6363,0
ce06c1fe1d6cbe125dc832dc7d4854258bae545b,0
4a26a4a6180545a53b499c54239082ab274720b4,0
3f9ff10c70ce9068571d131d2b4cce7d38fab7d3,0
5a47e1cbffb299f74502a9125bc94bf97757e109,0
ccdf6f23186c6cd2cb8f00a7141c10928700f416,0
6a2c2c23f98a45e73fbc47f5c5a9fd432bc9ae34,0
0a006a7b01a066165bd183b9a9126a32fe0591da,0
cb70c935f172e5a863ee775eff7418bde2eaf5c6,0
05db6387aeef464bef19b54ad86595c3b35427bc,0
50cee63d827e1f916ffd427bd4c144d5bfdfa500,0
aad6583bd2c18da84dd85bd61197c578febf388f,0
abf2ba81b9b2bfffa6ae750e46b376980f30befc,0
08b8b853709de63706440b97181ced19cdcee624,0
39b61a422e6bf87c47f15883a5b2f0d785e560fb,0
60319bd7332a3ca2e40d621e31db0dd0417be311,0
f739c1c0d81fe396fa5b39418b0ff8e115d8f8d2,0
3da2535d8b145449f6c35c0e29c595bcae73e073,0
78d2e752465f0cdb7e7049f75c9fc7c9cca22608,0
dff41615ffe07d8f93e93bd5aab384c550f532e5,0
334a046205de3d5b9c5882395fd05d57b44852d8,0
331b0ea4906f33cdcd36bf23590c0151767cf82d,0
8700501e96cda01753587e2ac40ea2db35ff4129,0
146f0dbb23a09d75bae2cdcc9851b34d4dfd036a,0
a2f2c7363afa7602e245bfd4405c42d89f6bfd2d,0
aafcd73bc4835342064636f0ba19e08c10453a4a,0
8bb7a3144abce26ca54e218449e5095348b74b2f,0
359b1430396e98b9b29e309e1cba9edc77e64860,0
3dfc0110222ceebfd7e34cbb2bf769638f3b0911,0
434d4fe2c7611dcc47346680b2449ebb915ba765,0
cce26318253e01ea6cc65a95808c16491d7e6a5e,0
4848ddde2f1e11bd83efa2ec624e1624a7191c4e,0
2adf0f089dbb0528056ffc6d9570756e0bbe2bce,0
fc3b9c319dd609ad1dca0c309379bb34cb1d5df5,0
02d280b423051935726f65dc3c18346732ee59d2,0
65d70c1e55845225899feb411efe893325dc70a9,0
4cc8f4f922af910f5dc28bb8ccf4037c35bd63bc,0
ddb6bbe02c67f41f82cd76cef31bd4284e59378d,0
498ed661d01f174ef9d6a7730db90aa9b6fe720a,0
2a60e3a6a7ef81da9311cb1f11d44110c024f1bb,0
1e746932257af3589c187cbc72e41ee28a9b3c78,0
f8a80699363e4a1d749b0207d566f27b193a07cc,0
f94e12b6c599cffc6f3e5d0b5f67d320fcd841e3,0
2ac1743f467734e7f7e48818f142527c981af40b,0
eb8b4fd88b246a363824880768e7ba5b194dfa76,0
bcd5c9ba0cd1607b286ef0c116f119983e3f8a15,0
baf44e5d09fdc461ebd9701abae115cd28059319,0
01b482a1b3a9fc2c60e05d996e1a446f129d7da9,0
403d8b837d64e7ce7a2649e00fdc07fd453ad436,0
b6a22186d8246d973c6dc9b7fd2aaa84f34cccbf,0
4810d9c57276b584942cf93ae297f10a12ab128c,0
750ec08f68fb45000d4f9c2592f43352bbb2e5f2,0
a02108f5f98673db026fe316e02e51fca4d30826,0
07c05a6363eabab0242a7638f34c631d43e40f65,0
e444acf4a0e9696e6eb04de0f9bf655a5a653914,0
ae2f2cd88c0df5276ebbcfba0bdcac5b16d003dc,0
29aa7cfe58017dc691d02242d4d7c6e0ec30dc75,0
31af606444524c8e16ed625490119bafa5f50962,0
a6b9c68cd7f16d2bd4ec991436c9b31c6b17cf8c,0
0fedd7a15871f28e77328c888d91d6da51ecbba7,0
f3823cb310c3409c87d6f4979f616c8650381766,0
da09365587fa86b488bcbaecc5abe5bbdc62afd5,0
5444ad3de9d01d8a7f6999472f9b973ebba02acf,0
240eda8bd8c1165def702bb53f749a3c42158d87,0
932ca4bcc178372388f6f64089c211a3daf351a0,0
02782f5e735ec2920ec163e6750e5d9f64b15660,0
e6fb4794603ce0ffced5fd5115a4a2302f3d754a,0
7ffb81b956ff2c148cb27a1b05635a9ea7a98a6d,0
b4720f388fd5a2650babcf2a75600b6439d607b9,0
6369d6489ea93d655d2f38f799d94c5a255bf1ca,0
0e6daa7a77d5a2fd8768a7d486b3f47e96bb542e,0
f8072dfa743c3693b211bf29bef8ccf327654918,0
f27f6323b978d9025c93148dd33e9a754867b911,0
113e8798c024816b1769d9f92b02536aa91465d4,0
84628e28779d9b1f4d0b43d83c5056168085f096,0
e3909dcbd7b65f2bec14005ec812b523317b0550,0
7b0ada9f035c4efcf0fbf9872ef15e1aab75958b,0
843494daa452ef9ceba14ca1ad34cb505d4ca8d3,0
30cf7c7f292b86401cadeb5da1a9171953c4a134,0
f197f6d7150c68d075e1807a6335d25bbfcf3211,0
223a4706ad9844f5d12f75477ec50274105f9c5c,0
99c99b6e78383748b24e74fa72d69aea7126ec9f,0
be834471b11a98b42002cc129fc2c07e6a91b95c,0
a8ae408b28dcd867af6b531cf73925458abdde52,0
a15f294c3a0fce84ba37101b1199a330ebc3d70c,0
078ca89559f18f08b78240e6b847391a1fcf28fe,0
ed84dc3b0a6ccafeb36f3a82baacb486ade51b0f,0
d5257997e8923257432dbd95189726b739a48607,0
7eae9a2344ee57a8c1954f9efd3b68d20dbcaa9e,0
73bd880e9aadeff507b068f67408a0e1b76d1f48,0
ff387016c2d95162aa6bf6735be47c559751b530,0
15051332e265447cee03d39374c3329b162424b0,0
dbc2de2b5301763068b960c17410fd21f3b2dcdb,0
79b16f0979881d7f8961d59f5b1e530c9598573b,0
567de3476c426698a5e68b96de5868d366f68737,0
44a0dfececaeef7d1e03ed10d2a092725bf028fe,0
c53cab56e5f078e2500970a01bdf1c7bf350fdaa,0
47c5057870e5411866c8ebc05a6b765f2e215893,0
ee75fb658c9783fe884576d4c0bd71db7e445ed0,0
6dad3ad431985b091d0586bf56a389612606e211,0
7aafc6730b5e256685c2d2abacebe8a7a123e10e,0
121aa64f1ba8b3eda93af4c3770168cb4470656f,0
f04c1ec1c1f55efb79c82b83792e725c9c3e509e,0
cfceb9e867a01bc388b6a7bc4fb7f842028a8d92,0
cec461c2ec5352ae691611bef9757eb3e1dcec7a,0
975ccfcfb5b09450218dba2b08c8d150af11c202,0
e5cf469caa6a77b5755576be12424c48dd6c7d83,0
7ce5d730ce302eb88344e0996960e74009669b7b,0
1e9bea8536e5a62b7647f90a39492e90a40bdfbc,0
67e91dab54700ea9e6a149e0a4058b8d17a4e8d6,0
4d81c42e8cd0ee752a9695889d01e04fcd04c378,0
62925e3084c9e72ae4659c00364a490252368326,0
884e5ecee572856804a2303e0bb53ab15f1a7543,0
5300267aa9d13ec0f800b221e3086e835be697be,0
10dfb3de21cfec1346210119cb88ca72f5626398,0
d790873fdd9f8c39475812d5ade94d08675ed722,0
e32e93982dbffe726652f8bde8352e096ae263f5,0
5463aca963efb2c3a6da018df0941e82bff1a824,0
f126b022a8e15632cf4151d334dc77b9e63b4496,0
c525935dec0f4e66ed264adadbe1530de66659c9,0
2c9a10d864d2208b8bd23e5fb5a1c520c1520be9,0
5b4b0380528000f7c019f71ef1e144ab2bca5a8b,0
d3b043a2ce926509fe4ed04160db7a73339a2964,0
03ebf60ce026b22c3874ad77a912df03dddff0d6,0
49b13ef698bf15e57bdff66c5f67887e8e0eb865,0
1ed363e2f8d30dcfa46ad212362ac7e30a2bb4e2,0
3f97206b8878c028c64c5edd798d3cbf0e49d1a4,0
9641f7eb5076d9180763a6eb0a93a85d4f9b0fe7,0
bc80b9ae48bc4e74781ef485e389f08fa5b788f1,0
e70e0599488e21f611927bbd6e448c47113bc471,0
42e76965c151d6c2be0fe3359c837e80bae9b3c2,0
375921d265055ec0cccaefeb7d4d3dd07ac1cf0e,0
d0233bf238e571a9033af3c1c184852ad697d1a7,0
d47d625275b05643459d47ea9862e827bd672653,0
5648a9dc560c760792b61e1ac6d5c00e1206748a,0
6b7f261dbd035ebb3248eb75f012d48444e69003,0
51f4de0c25cb1c9cf8402b9c6c0f20e94112f7ca,0
4c7a0d16f336fb76e83c85a726fc80a5a8b1db2b,0
a44315ca04288248df8f9392ab29df7811760b2d,0
40cf7ce7dcac85d73115862590291bd99dac35a7,0
aac69176c55014d765cedc3949b87fddc4f12383,0
8827b4e0f00c4ce57bdaffdaac1a3d72ac38a48a,0
81d825517ca90c2ef8a5e8d10ecf36ed95aad984,0
668ade94749b31169b9cfbbf3f84f4b9e0c443cb,0
5caa3d611d29f1e7dd646f105ce1fb5ec0cf238f,0
26889af2d54cbe094f75b23bc5ae40b5fbec6417,0
e49cbb31c4c0551327eb8ee3161490c80214cf2f,0
a7319d27002ef5b71e0bea932c59ebcd042ac8ff,0
b11df64cf201df70433a72dc9f786603f92762d2,0
8f7a6430d535b0227fc25cb917af94b9339c3b19,0
3c20580ba7533e15957a1b5c431b5c589d266cbd,0
276bd98be670c7271814023d5306fe4838d49b93,0
bc53cdac20a0ad72af09ffc8f11504feee850f25,0
931dc2483e8c45284aea3b8dcdf4d7ee5c07f1bb,0
7cba8ae576cf34b260450e076519ba197553ef4a,0
f9225c549de4f4c819bf9f925f04df3941f27f2c,0
515c005a006dc16a5ea268b3abf370251a5e5b42,0
83762f06f16eec137b0da1cfdc9fd9803be95570,0
0b87b98e8d0e466885ba1eb1e043da9f586001f5,0
ec8e71073d3b80c54ff3ad06af16d1e4b6a9a4f9,0
719a3edb60513ba91049f0239d0180e72f424438,0
92c5d8d36b1b37af85d9dcd214138b7f72cb2eb2,0
af228dc8f9923d5799d1dd3e6b3382310c7e150b,0
5911ca64d08c110bc7a612dbef2f278d5dd2a9ab,0
584c1891cd4fbc4e8154d161c3eeb9917e1cd59d,0
ad84630f10fa4a2ce6bfaff0b32b2bf071db0eee,0
cbcb88af9ab389b595b06f3a60111192e56c09fe,0
8da2830deb11e2d3026ebee6691e77bdb933ae0f,0
299be6383ddef3472aed05427ad6dfba64abc17e,0
496d9dae44d420889690e526e4d3968e5571c560,0
b241c067196cce06d5362062e0a3a08832b34af8,0
ccbf29952e16a304164b9d93d54d26dd79a6eb1c,0
c819ca0c3fcdbb6641faca23b7920d1a5bfb917d,0
e90866fcd5de46216f30def7704b8aaaf0a801b0,0
2f6284a654caec50a227b9dfa6d87af6913b77fe,0
0c008628b502f14482c0094269653cdd80d37d15,0
25305df79ead0dbedc52ee6fa334dfb27c1a4852,0
f93174149c61b78c7a3bcd7f669a18073bc20439,0
a94056597c1152386a9b5bdff9fa7f585fa42c70,0
545aa0ee21889bd57f2afc5ceb3416f7adccf844,0
26ec2c8f5606fb4e8f549dfcc539b885d019628d,0
4163ab3c377bdb1fa39a562242250df2055f04eb,0
f02b85a1d305006029055b4e7e7b6aa36896d8bf,0
ca12f41a5448bee7725593dfcbcdecec78503233,0
46779065d258bc6429d330843267f1ca3d0ce99d,0
e3cac4756acac4a961955f0312ad545ccd569e63,0
dd9e526625d9b98bd56e1401c95faf645982c86b,0
d97a7c4cc12bcb413140b62508b6238b4920fc5c,0
c5e0254d88863d6e0808269a5e9bd3bd98e225ac,0
ea11270dbe18ea9bd2bfe5eb233b93dce904e546,0
010299c21811b11a41c8d5bd73023f75eb29058e,0
3ca55e92e8493429317554ff220e71bf0125cf7f,0
7b4a50a3612fa04300c7427f94917d9eb85b039d,0
d9c1ddea713a7eb6c990c8996c850c8758894759,0
c7817acf1e125d459af7f3a4aa161fac8454bced,0
5f22162d13b5d4972181491e6bd943b334e09cf7,0
ff6fd46bf45e6592420c095e506168a9366c16f0,0
d32685729a31874319aa6cb59c7636b8c7ddae52,0
73c3f9878622204982962cfb492a74c563e8903c,0
85e029c52ab339c150f275cad25be9e494e31c4d,0
bbc482331ca99a517108b71c38b67f8c52a2cf16,0
50583f2d0a3217f1bcc579c257f40bc1a092fc1f,0
cf231634b510ad9f1faebc26adadd182ffdd316e,0
f191b33d7275f1094d8d82184b44de674c3b849f,0
d09bfe7a017be24f1e6ecca5bd110c900fd0723c,0
99003e7ff307c8a43b49e9097a5d77ec27ffb9d0,0
7ca537c9b3ea994a2c24f2a116a1f60e20349ee0,0
af8d2670bd5b649651a1f7ef0415b77e7c357afa,0
69fbbdd1b5d341d3bc75015e474ef378efea71f6,0
ddf008f5a887116ffde5ef288cdb95e32b1c047c,0
7202d097c5095e0597678beaf706987d4754119f,0
704e9d612f9bdf9deaea7d698ca74b517f966955,0
d6228ece8c2f8d5a4bc07119b2a81ae14f297452,0
b146decd943bf24a609b2c5cdb52e86afca26869,0
7e3d46d21d6dea98ed34e97e6f40a085a75d0451,0
c8ac9f66c0afc43dd912a173ebd82d9e37988666,0
369cc8619329e11002e609944dbf0fbfe58d1c36,0
5e103b46a3ae581a1da7eaf3fced605aeea9c08d,0
fed5e4a48bbd11e49949b51b3dfe420de0b92770,0
6f096b9fa3b078cf051e6db78828c31e2d5cd4ac,0
deb092b09ef8f1b59c7000a75d20b7c3f6909c32,0
948345efda88103d9fcaf75c3be121adc318ac64,0
547e8c9ca7e6900c0cdfb9fa2fc3df9f8da83d2b,0
dcccdc8e491585c2ec5219a78b4e6663c21b1336,0
aeedc132e209b5515e8273c15643893f6fb9867f,0
dacc8c6409faa6bceaf2d44f971d2909ac1d726c,0
eb40d8ee6a342429918dfe6dc8ae0591c392aae5,0
a463f1e85d7481d71ffe7ff3671cb1798a462296,0
8381e957f53777530555da51c059adcb7af5625a,0
c22eabcf133e71323c986773f90091801cbe220e,0
c38fd92bde5503b8c8f08fcc739b13530e0ac3be,0
a2c00095e52e9d9da2e68d0b6c0709e618dac0ab,0
900ae54efca7b438b79847311a8bb07773309e17,0
c5dbd227697de296b2d9963a15328cf111dbe1d7,0
2ff9462f0c74d6ea2c4574e5c43f659213989d27,0
28103ed74bedf5ba971b54e25d599a2ff6b2b94f,0
09649d5724367bc7c954e7d0b5f6f4ee74942a8e,0
7247663d5341b4768441c9ed3a0b1e4ab7bda234,0
72b45ed0cdf29e646fbd417ad4802650f225bee7,0
ab4c73db0269881dd0a7497dcb58254221b41791,0
84bbc86a9409e4ee76dd9334876404cea842bcf4,0
aec423b48428d64dd582ddac09dd0f86256c2e31,0
b325618c7eb9148768f8798c7c894698c8dcb712,0
f70a18f58e44241bfe684e8794b98454c772db0c,0
bd0ff5320e9b9eae53d1137538bee2d7b33f87ac,0
e8a98318d92113b27d0afc0114cc66158632874e,0
60b61dabc7927afaa4a7205046d889a2daef2293,0
eab7b6b7a8c2005bc1889cfdf70f7a1d1e391a49,0
3a88ce3085a32dc09a23afb362860f1d2d3950f3,0
220a42bf62089c1cd2c9ed3d8d3652529d432f61,0
940cc1632242810d3aeafa534da43e50188cec27,0
6597d8a77f38c24565d4120e971dcab28d46cea4,0
d8cfcf647ca586bc1901f0892217f17f4d3fe667,0
f9db450e5281bb4845e361d01174b618bb4cf843,0
19df5f983929dc07af9d5ebabb571585dd214c0b,0
69e3b819a154793128ec7c0336d33623f6cc8a21,0
d6d99a689c628395240827944d488e5d02222af4,0
66d358343dc86cb6b909aa17ee97a8da92dcffdf,0
e14bd086b068ec6b622d6aab86dd4769ecac53d3,0
e95c77c48c15243128da550f068b8c25cedefb0f,0
218b5e7b7d76654004f4122c674308f78c87954e,0
ac7a751ad4bfc056371a867590c2c33bc6ef9af2,0
19512f49dea3b0bbfae6ac41d811a70521b6dc4a,0
5ec079b9687f213488ae4ac923d8da4a73c95478,0
87fbe85cadb7a1b04b1a739df1716438bfe1f8cd,0
6aaf6f581f63e4de59cb1355197dd452a47c0c2e,0
c146a948b515bb0752047339afe0c94e4234c2a8,0
f1d9aa944ea42bba4718330c74e0a7f4867d62a4,0
9c8d2885e21781dc702f2b507269d4dada235767,0
f22b42618d704a09aac21db143bd7ee8d957e13a,0
5b78256f6036c2f1ecfb2f8ad4ce3fcebac09e76,0
1e73dd92a2224828dd45f47ae8e96a8c0cd2d3d8,0
ec04050569d11efbb6d793493631613ecd74ec0c,0
8febcd116820b805fade97271f07d87f64fd2ee3,0
e424603cca03723933a68a4946f32e637ec2ff13,0
82d4f46e57a41a498065a5521ef65bd2fcb7e92c,0
7eabae5654c276f0315e786dd6707bd1f3b1f56c,0
4ddc11c9fb4f64adb45b46645ab8c8d226b81c13,0
32646f31867ae47ec35d63e0e5bc45037e3e4c9b,0
1fe7494a03eb5fa8a9f0702cca1a066cab658e01,0
23c837f830724a342bbbfa3ae9061ecf48cf4a3b,0
17bb2a7b54d379082d2b2df290c4d1bedbd02220,0
dcb09db922e1edbd6dc6cb1531b827451d58aa83,0
d6d5d0beeec5846e61728a950bf52c916ccad0a9,0
3cccfe604fa10f065d0ebb9c8fc3a2c1d21d6f45,0
4bc551413812d56c804baa61ff57959bb9308981,0
f281d132aa48091b4a659cf8306a1eec6d130c6b,0
eda810191244f0f18ce27e4449f3e5206c427ee8,0
d75027d357838e4a56ff43a233169942b12ef7a1,0
040a649d19cc8f61b846592d73ba584193c6fd74,0
8d108f00343c315c73c5aac3a9e841619143dcc0,0
04ab5286843bf3b8194aabd9371e43277bc23189,0
ac4517b129a907ffad33ff53bd667f3bd4904962,0
6c97a6d2621009426156a17ffdf248ec74d630bf,0
7854f800f471ba4752052ead4ea02f0d73c786ec,0
414979f36b521d7ea2d13676384516b612cc40eb,0
319a5404b657e3859bad4216fb6ca499e072b18d,0
31cc89e03b20ebb066e581f0491b87e80259805f,0
302c9d1ae9d44c677fc9f35cd9b3bfe2fe77bf08,0
5baad77bb367af4c1ba95d5c6d76c842fbc5e100,0
e14c5cd63c8913abd1106baeb69eac84b4970f49,0
6cbbfb5d2dee708a7199c66788bef2d660df82b6,0
5987bab443d3e9a74af16cac76b69071fec2745b,0
d35a0ab5fe770903ef9742749266d109fced6ebc,0
d82131ca63ccb4d5d40e9e8aa016e165d492c238,0
e7b0b9231cd815ef4907f65c43e676fd83ed38d5,0
3d1980bc6dce0fd80ccceb9cef807ac36d799de4,0
ddb1b10c4c61c0cb8692dce73a58bf1ac4fbda94,0
9b781b771966625b2748ceffb58c87526546232b,0
d990ec36a4d3b570dba499834bbdb8bb22dd659d,0
18a24066db1c1e9f71299e9ab5e6b1b193f77720,0
42c823c551631e5fce88562c358798141beea9a4,0
914060ec41c375144054b993813a7f8aff1b35d6,0
5d3da80947db25ae8e7311e40f567c542fa31e0a,0
5115373b2afe5062afcb1960b9ebf0e35af72d35,0
c63c6c919d482bd53fccc44a3a8599976ad71911,0
2279c6bafa26c93801dd44cfff6f3b50ed7ea154,0
cce11736b688378f8b610a7a06ea2843fb666129,0
077c9a4c3b0a9f320208dd8c2f0155599fc16c97,0
04d3c37897323b077db2817ac52832721bab5668,0
eb119aaa711e8e1c205aa31fb5413936eaae34dc,0
b048a59a6e351ef44521ad770fd39afa73639632,0
8e265178364e412cd00721b4c164c25381001d7c,0
ac36a6df85bae3614acba541520dd90ced329816,0
27ed17bf75e658d1b4b96be04345cf9892566425,0
957a44372d4cf325311a1718db601ea4a4a3884d,0
d28e5d59c0366ddfbbdd05d6d30f39f1df99e300,0
96463c01fb7614e2afafbafb7045b2a5b86fa9a6,0
cdef9c25186964e4d9774a5b84c6095cb44074a0,0
4f966c5c6b8a814b0b50a3a479b47184d5e20834,0
a4b281be07c1830a161eec70b640771f32b0cca6,0
2eda2a41464ef8c4155c80ab68d6e4f51792ba67,0
6dd4c0850cdc0c92a8171efbd98649bb3993a8c8,0
af7596cc099de224d1aa789035e0c90385a0550e,0
1c7c64dfd85974ebe9198940c8558730f442a851,0
d42b9286eb7a534f1b2b6243858ff7ef6fcac14c,0
a873e46f90891bc7963133be8eac94107e5cfbb6,0
3418d095f20a856f9d4de5bb1c976a8104acde45,0
a8184d6407bd49cb8f86680f4d906b1e4884c47b,0
a1fd31d3350350b54dcf4b6e35bcd19c0b2527d7,0
1e01f7eb64a57cfd56dd9183ddca63a34b6925af,0
072fa707f7cd41a70bcec644e1b393e3955dcc75,0
d75f7ebb92df6348117e8dd99683dac1dad07bb5,0
086e34b9516beaffe82aed5d93da074ad7a3b1e3,0
70f3ce0b23de3180cb7e821e6792f086616e951a,0
3d04d5723fc1c596f05768e6bfefa1b35ef28c1d,0
971d4f25cc4c34f87798c80f1185e35670ab9154,0
537fb96c23a8a79dab5ba808e56d44bc183945ec,0
ba27ca6a09ab983af71532a2501db6523ef61ccc,0
364f84538f4c8bde1b1428c0f4508d233a1c386c,0
365a8c29174515698c5a349ae4e7729570e2f0a4,0
624bb572d8d5d35465fbab0bf6b0b1695d110bf2,0
0cdd69f633bfc644abe4597a0f0e932fb86421ec,0
b0347ccf1ee6b70eed0b2e8266bffaa25ec6247b,0
51f6b70b8370bea5b92796cc12b9b016e9415051,0
c8130d72529c1b845c7f10aea7b6ef7fc2788c77,0
e1796ba6cfa3156498f8a71b953dcf94388515b7,0
54559aefdb5263d1d5e92353befcea40ad87d3a3,0
181f996c902a0fc1f43679fa9fec67ba3da27450,0
9f23065e7efe869d8080172ac3fd528fc3ec8246,0
8eafd251726dbbda309b2103d374cf6d50fbd1a5,0
08d413f6337ee8f46182c6a6019feafba7d363a1,0
5111e23b01eb9e8e44361438395658d815aa0d3b,0
2e8281f0965b45853065422633841291ed996c48,0
ea365f263d7dbd2481ce6be8712026fa3d02a3bf,0
a8938c9f32e03c5939fe29fdd92c78dd8244e6de,0
b43c74a3c36c4b1472936f4c6632d88c00153b91,0
a8b3ae661ea2f0876d1ac1b6d2fa3500c531d1a0,0
3ca05905e4c18d3f26ec4b3ae51167da84c4619a,0
8a49feb88ef048d6d763dde0d0b032ad5a18c515,0
f98df7e385d91175f223d0459a652f166e7a12f4,0
b38cf8a694f97a511a4eb50c058fc5d4789cafee,0
a4373a8f286efe498191df3661dbbb4b2afde4c7,0
6659feb9ffbd20c1cb1a0f27b0dc6ad7ef195de4,0
3cb5fd7b5a6349fcf27e9025e4a42d812a492b43,0
1c668e0658d03e52c7b8e9255be33385d8789ac6,0
9a919d0e8dba7e7cdda2a05bda60b096c6c67e84,0
c7716972b26b7238f1fa6ab1f4d9af056ef406a3,0
a81454e9b8afb085750a4490b81729be6ed5abef,0
555ad20a763943ccb4eca2edc9822a268921649c,0
4cbd50e7514957852121964e53c11db6d8731088,0
25a39e4ce66e67b061463a50d39ff82d7df98881,0
b1d167fc5bfc7d1eb5f090b50b7585d8e644df6d,0
c9d544360d8d055bdeaa16462522957db35bf5c4,0
3e12833304902b64f753d8b08869edd0adec2c87,0
82cb5d493c066f8500548996ac78ead9e94d7511,0
2bbb935166f7ba218c0464c2cafe81e3d5687f7f,0
9b30cd46d199357e4141c96247d866c312095955,0
41dc1a22d6964cb7d6c04c833930b39555bdde6b,0
947b0743568a3973cf05f25ecb3a1ec53406e102,0
282b9f97e04d78e4df1d085716af71154b00caed,0
22487c3cebb4d2dc41db60ccd3b20e1dd8c14d48,0
9373a1828493ae647d47b992aa6b56e70be19502,0
a41ddc56c446a19debfb8cf063e4ae3efbe1249d,0
9ffac9e5b30b1474610d5033e0e6c16903c1bf74,0
cf139a3d1eae1ce5eb72222e530f4f18108c7eb0,0
9f68c1f22ed9f9b7abb5f70349154d4557298404,0
89675b658065bb3460993e6995a3d1b88f08f545,0
96e3df8a44d2c6baa0de90560cfef5aafba6b176,0
0927d2ea1970b495747e5afeea5f2939be0b3c7c,0
1b18ca1f91aaea8f730a335cb49ebe406b996d4f,0
05176a75580307404fcd91ac380175daa9048fa2,0
761ce3e8c804c9b6fa328ea6b612539ce924f2ac,0
46b07ec45ef7e6753625f08af73472204fa54d19,0
b58b082bf9662b647092d4ce91889227392f76a7,0
e95992e4b45b104b640947a69e22a7ce7fdbdb91,0
bebca6b615f13970523ae04669da636767c4f076,0
e51f61d6234fc68b65111a51c08f35dca54c22e2,0
f3b4f678a2cfa572fa2c6c4a0ff357125b43aada,0
f0fba1b4546894df3e7ef826cfd753900bdbf83c,0
fbc646fda1cc0dc4c81d172e0679ea91f5881c9c,0
16a8d5ddcc4fae561891f8a237c4d8ff364f71bb,0
ac5b3bbedaf6890cef4a81c50c6ecfa22c945300,0
1362797db4cb5a54477c8bf9567b51f150e25654,0
2838749660e9ebd9a00460c824532333a88a1061,0
0ca143f845441880dd7e3f3c87671512373cf6c6,0
bf17c076263b3cf56b88a148cd76ccd53998956a,0
01e1b45895c175fdf7a14789323a1d3b1c55dc68,0
6a65e0d93c86b1b1ba2e7d642687311a30a26589,0
982bc5e64d86aa9cf6da99bd66d74e2b4d855d6d,0
b8b07666737afc667af0aaff7016ceb2cdf75fb4,0
93228b37d348f8aecebcabb64228eb41bd1d9947,0
61c1b0d16a65a0a8d414b46b470166a7ffb35b28,0
018eaa55f9d6cf353a40f86e51aab6a0df348bd0,0
dcb32251fe4a80d4df2e7000be54334fd7e5f475,0
45af6de12461c2836e16e5a6e5884adac8068891,0
95248e3798a4fa4091f735cee9e540770e057cd7,0
38b7b491d9403fa70e851253b30f9e9af27fe77f,0
3ff59a713a300675c19173f37f45ede331ab48f8,0
9268f576df22c596d1b5082cbd3abfb78eef78b5,0
d269f164b3e24a92cc33d759d8bcf3eedb37f576,0
835a8d4e1eaf880b7a038405fb1346d9dfa2106c,0
cf3ebc73bec7f131342eb4e6a631424bb56ac22f,0
5abe7b15f8ad26c5eed2123a8716e55cf5d81d72,0
b785d75506cf29863a1b333a99aa914ca4d6af4b,0
a2a8172f383da63a8681689ed165699ea88dc5e2,0
2ab600cc854ee97ec666ae44b91db76ee953e76a,0
864fb60e4128345b81a443a5bb6c3f972f0e1e9e,0
e3a960c1ce98dcaebef1ca42ce79001608fdeef8,0
54279207f914d6a65c0477038f2f0f1cdfe3769f,0
ddab28ef677171ebda331edd1e22f62ac6310f39,0
7c7cf31eebf482bed30a53d5322b7ebeb84e4568,0
fe79ba22ae07f63831d19cbfe0bcd420058eae96,0
d7e33898bc0b33f7149f77ddebd32dd8f5c37b63,0
e8f50acf5d9ca5f2b4a1350c6c26bc1afe2cf590,0
56881bbdb5bfb2e5c663be2356a0a006b9bbd97b,0
04143814ae84043c989b279ef2ca55cf65b758bd,0
456f72a5453c1719ff931ceb8c8bc319041cbd8d,0
8f8e48dfb5b1361128e47c64ee960a700f940f10,0
bbc42830e58e706c7d99315f8e2620ca57ef51e7,0
de8899a8155e4e2f02639e46334369be00c398af,0
8985de8fe74f6622a419b37a6eed0dbc484dc128,0
914ec632e09cb92266586563771844c101ad0e7f,0
ded7f2237f29a7afd79fa574703714b8f928fd26,0
083c58432d8bb169f350cb8936e59883f7dd448f,0
35d78434cbbc206a0ccede1566a33cd8dd3c7bd1,0
4654ca291f017323f04e547936b70949e2faf8b3,0
eaf44e440db100c5222be7988ce4f14fb0aeb55c,0
4d9c487a902699b6b485fe6ecbacf570eb50bc56,0
4d5da0035a077f75a4781b145bd0020ee351c80d,0
5a39a78ba69f39cd1250c7a2bcab4734d576c9d0,0
fae4dd30857c309be2153e146703e9d910456b1e,0
2108506c4ec8300a3d1b8a2e3a8691cc7c7fd8dd,0
39a8cbe4336da28b0791d6c0834cd7e7b0a30074,0
8c5d2357db4c9c2924df6a96f3996b219e10dcc5,0
3b9447d667758454f3b23ea81bab7afb632f5956,0
a8d564fc4904a3678d0bd41d26d7dc7c5907aece,0
a71e1292f14d4db4952c10e7f9020c7003ace830,0
b2811e866394085937c910c084ea37edde53ec35,0
5a0096d9b8f25b271a6abe717f57693235272d7b,0
407032ceefc5c90d851d14a8c5fd0548b1f57ab5,0
726bc4e23547df79ecf0b52e538ec6dc8116281b,0
4fcfc45c548a5a3dbd701492fcdf9d5e36a0f700,0
8dee5918ccda8bfa1adced614d75391d967e2e56,0
d6ca8197ce8a3c7b5947ca4ac50a474995d66d76,0
807b46a1360255283cc3370a8c1d2751936ad1ed,0
369e45fe3b179bd44af9f19bc22187b3fa5a7fd3,0
f56427e0412cfcc5b477d56d4e69edaea5e0a999,0
5c1a230684e583d8058807caf9265c5cfa821080,0
b8690c086d18f38d86a06080422674d317e33f71,0
5babd2ac5d30a3505df4b628fe1291ace0c1b85c,0
dc5d811e259742705ba259e866f9f6f3bca0da48,0
021879c4e8a80da4d814d6777d9dcbb215357e67,0
c0fc8165d3d06788b3bd2ecf4fdc74e3f075c690,0
ff0237315321bf9e01d0df3aaf1b4e6a4d3b1618,0
498cd03984bd0cd191a38ecfc03c46520df83f6b,0
a73895fbefd57c23595a5e9e85f0649993c59080,0
414e597e01e02ef1714fc0f8524eea8c836f315f,0
3f807da57af279e2a83be7df9a5c1881a5c46f6e,0
47f2593789aa72701afce199c60b70eec58c4a91,0
c21b875569fb7f696df17803d062dd4602e5287d,0
b10969081c7e9a8b8529167ccfb10e6be14e9a94,0
e4ff4a589b7c00bd9031de54270f050cdb2f2c8e,0
6bd512de0838e236811db737e7f893acb7a984ee,0
fff6d7982f9230c5ca24410db158e67971ff049f,0
9bd24e6a804ca67a6170384847b239d4a558b863,0
ae299e3583ed31322e3a5f246b4a79252836ddfa,0
61d5459230d97432790585f3a738a804e7923119,0
8b1435d7d0793aef7f9da89a861c48f6a1edc3f2,0
49f7d941d7d45d0461c11ec4422d09d94adb215a,0
1259081a530644c53a9d1fcc505aed2e9311997c,0
4cd754cfcac47ed0ab57359d8ecb425ffaead5ef,0
3bba1beb8115dac754bafca7b45e424a7b35ba1c,0
c08b58707c8969266c833eac1233ff585334d2ca,0
91bd06a73ce3b404b58948e011b3fcff342b8ca3,0
a41080e1284ecc2ebb967852c5cd13be5660be7b,0
480ab122a8ff2634f366e25e387b7cd3b29afbcf,0
94be75e45726aeab75681b0b8570ecc4826a2384,0
15b1ca7086c7123a9128e3cda509b2e91b0a03a6,0
fd1bbe601f89a477b38308de40b7473bb4e377d5,0
75f20dca72656225d0dc8e7c982e40caa9277d42,0
651496937d094d5dabd166897136f934ed573c7a,0
44005b29ee76647599b1df52d259cfdfdb708e2a,0
e25c9e9df09db6bd802c4f3a1d4a7e663a6a58c2,0
b698fb9ae351d892b09a178bd3a3884498091959,0
86fdbb2a420064c0c6b33bb2466ab8bd4df080a3,0
a740a0425e79e5ca902d5d41d38de5fb38a2afd5,0
3a67213d2e297a8cab9e18860e344de51931f268,0
e2fa612820267dcc1cc110ffd311dab2fb7957e8,0
cd2f42d8f3768c817dd01c74d1bd07da8038b9c0,0
e569d0f76924502007ba838dded7d5fdfcedd578,0
c98d4e899b3e3ce68784ccecd3479587428720cf,0
f52b5e3e6019b4e00640c05534798ebd8ae75aa5,0
40a0443f57c5622c29a3f308eacac60a4517f556,0
16f90c71f338f7034b4fb0bdadc12a3215992d2a,0
1c1f6c3a570797ad43e89f15e5133df437dc956a,0
f66e48dc9b4c5f4a422ba92234c11b906f363d66,0
4784a645d272d9b66d8bf4a2ebe34243435619e6,0
50bfa728a8852149cfe33bf7e53136e269ec9b74,0
e2d4dcbe74a32771f243da87b66b081c91422ebb,0
26a83206edb5f9e33787fdcb7471b1804401f127,0
fa0dca6fb8fb2237e6387fe5ab0306d78b01de95,0
01e63c28a8052c71bb2a095f628464f524872f4c,0
1cbd3dea3f49859c3b7756dea74fb46d53764147,0
7e0d317ac61427e6004372622df4014c1e602487,0
3f989cca0632d5c4091d5ff8a29646ce811a8f4a,0
81ba7d7c10c38a8e09ac72b2cd4fde366a883c77,0
587a0354f0581fb6e32dda0ef14ca8f07c945c2d,0
b7df6fbbfa9bbbf230bce5680bf4d656056d6d26,0
d8c1aa12c61fa0fb0a015139d129edabcdd3518b,0
9bb9b04e6155ab292b8899b86d75ea486edb047b,0
c89d9daed4679a5169ce8e2442ddfe78e12ab43b,0
e1933483fa783dc163070f4336c902923b9a982d,0
bae40a557de13b3f0924a13a24715ee78b65de1b,0
18d7310c05beb4af066a4493991199b129407060,0
e8c94c4b40eaf11b530902b2fbb9b94aec802d89,0
51611dd94de124755942970b886c357a1374dad6,0
423e986ea2194386a98e775c7dd2caa0c2e76c1d,0
7c01096772cd3a17f30cf91edaa112e0b56d5efa,0
6793d56440d0809593cddb97424d1df66d5cfc84,0
fdbb2cb2cf60598567da04b8c18f01ecf22c9acd,0
544f060994fb05e547730243ee1157cc83b0d3e2,0
ce8d7e085909b3ced31e4d99cc2b0dc6f77377af,0
8a681ea4bc91b3f58e44042d4e6eb23d996e0d76,0
4b7cc53f1e806d2bd232482a6b060e685509f53f,0
c6170b76c9c7384b7282294404eedfe585989612,0
672dc80a1ce1bb0cc07c667304c737483ad13889,0
5bb8843eed570fa65f71751310ff3692282ca56e,0
d8b2927cabf029cfc0baca6b920eaa3f22b0e256,0
3df0e820cc3affaaca63fcd94a04e7780c943645,0
9d443569d728e982bda9c0645ee62facf0b49c87,0
6bed50266e67c5264cb22b9545a2379acf11f332,0
36b4895fc61e5bbc3ab1861749944e0e733a9e37,0
0f6da4475714d869feab5768f34536f8855e3bd8,0
f1a143b1840756ec9c739fd090b2ebb107a8641f,0
0589d2627873a5c917ee9d1d16bd18b0745304d4,0
8d754928573f04101e2624a7719571b2eaa6ca07,0
2b028680ca52689581454ba71c1cf5c23c988a7c,0
50f28a2c8b6822ebb93718beee76b9c4f95b7267,0
8365dcfb75c4ca70266b4b472fb622e78e5dc14d,0
fe7543eee5cd4b2f9e78aa44c31031b68eba204d,0
f5de47f2fda3bb8a3fd2daf06b431282f40e3fa8,0
c1ee77787f74ce9b660bf377462059d084458fef,0
2d238d87dadf2860f9488133f9d250946bea3eb4,0
240db9dd881c55da3cb4e068ac77db4f289033da,0
f4ff951d1309f6cd4d556b5aa064a4b5ef959f44,0
180bed6bd8365cc57be0cba2aef086980090cb89,0
cd6b9f8ef2db6c6549619c1e836b9fccfcc66e4f,0
ca855b767357cfb46365a2f48adda6c841fb5a80,0
cb2acddb70380051b3db72f15007269eaef28bd3,0
02c1b678a50501cbbfcf1e584a99ebeac4832c79,0
a08f241ca008d93800b2e4af350a9716eff77b5c,0
dbbfa753e0e4e8345314901d63f3e2ea92437b69,0
0a7b4f51fd69f439aee960780e39d8110c50cd7e,0
72b572e479b45be96998cc8506c8c6be8f0afd28,0
6db5a0750a4e7f82ce32e61d9f9c94c75080f3c0,0
57aba9817498082fc7b56d146e0733beaf6deb22,0
d9147fd8ef5c6e392024d8374b7ad431bfea48f7,0
87da775d2f0aa9d3382ac30b9dd7e793c3c6f9e5,0
ddbfad9b0b11136c2908e00e22732c0bc7369e83,0
5833b831ffe2bf8cdb74ee5567c8ae33abb0c7f4,0
0d83a9dbfb8475b802036483d3ee95bd705d1e86,0
c54bf688e94b550c3ccd4c0789e0b3e00cf1d0ea,0
ea7ccc5ce9a089b75d512c7c511473bd27be2a79,0
65868e5d7674e7a0a5769c8aed1d26a6e98a7ed1,0
394158da4a719ba6beb56692145124d9d2f00583,0
daa5d8cd8bb18327d84fe8815b842a57ce3c3f5b,0
5c3971765186c596659dd81793c2b6a01cabf6aa,0
9f0074839bac413e75c943b2619d9a07b45bad1a,0
7a7b1418528a05e4633955205d4fffca451b8c4a,0
91e2c95b2c7d9b6f23c08b871c5cea7d4d950941,0
2d7fef18c6ec90bd30d7e29a14a5967011a2fc4f,0
8f0db4d124d89f19b0e8f45b7fafbaeb9a9f449e,0
d22227e9e7ec7981785ee51c3c3c53d56b5d2c02,0
74724f57848b8c506811670c3aeb11ada449e9ab,0
fe0badd97f38bf068d5da32ab7cd4bb5fe1df5aa,0
9cbfdcdacf298eb4ff450e8c2f68650dad91bb32,0
a68536cacf9ce9308d83dd63c63c7811bcdeb887,0
40b9af504c8c9cb313869786516348775443c086,0
1d39856e13b0b7cf739b4dcc59418d266bfa986d,0
06741008dd0771b04c6ae3e72f91543c28abeed3,0
29b70e156f9241b0c3e25896c931d1ef8725ad66,0
af5f764aa3eef21f4bd7d8b404c5d6d3b7c02eab,0
29e4f8548e86c9a78b09f11908c0d8815f985d73,0
e59563dd94b435849a8fdf9270c7aed79d7e58da,0
31668fded0153d70f74e763a9575d4ba40aea80b,0
cb77242d24ffeb1d5bc315ed7a55883aa3e03dfc,0
c1fea088d182d1ac3e9ffb4afd596d27d72088f5,0
772d7c44f1503b969897712f7c111fb724e73aec,0
85517c8b805a5969409ff3b95266ec4a3033d958,0
b193176b952233e9346aed695da32f5f50267e0e,0
4c3d9bf41bb4f87738630f2bedc644a6384b0936,0
54fc0e384ecbcea9fa3e74851b6ca41cc81c397a,0
5682b29e01da5bc64399053b0160ecf77a5532f6,0
b195401da81c4660ddca825d375c6c31c10af2fa,0
591f798ebb097737295a0ed7c7f90a862b331deb,0
49953ef7e671441aefc1890d743df3e1ba71e713,0
2ec5e0acd3d3bee16d9df3f78aa6746f68928bcf,0
27085271e9b881c2001eb70fac80e32c2f778958,0
e3dcc9d7a9927530cf75b2293fdfde9e92c1c750,0
59cf9efdb1c35269b463973ada9945f0d6d7747f,0
bf61795e155bf2476ffa75faa177024cc8e39b38,0
8665a70d1ea00939d12c7a22ff6c8a8124924acd,0
a304a37c7f8c4f745bab92393b08f11c4b403830,0
0852cfe3030cc861f0c0988ebc9319c7c787d767,0
b47d312ad8689841983e0548569b28dc40d31157,0
c09c054a29ae1fead7298203a07c7eed1b8ccf65,0
2abde6902e20ed4f6e83ed0456a5ccc50eddc32d,0
6cad188fba5f5af4027f262a1d704e74fac0ca7c,0
6d831176b7555438eefaa0757b2d957d88cdc48c,0
ebdaa4a9f1ada278abbb726873ed94f0ce985bb1,0
c48ccaf1e60eb91b7849cba8d081f71bb9da630d,0
ddb119b95d822b7338c9156d5f8e8191d1bba889,0
14e02dfe7e33b780ed3ac521018446fda60aa1a8,0
af58d18cb3c0553d8c3c0961d4f68a0851f349ab,0
1f2c9a1d221526528cd50ed93c93526df0f336a2,0
48d5a7482cee660122ae59d9c6faffc3d28f23c7,0
ebae41e0cd0deb1cc248573d7c3fbdc4e532f970,0
4caff5d7b7f114d3ca300abb76b6e275167794c6,0
9ca232df5d0e5437b1a775f45c1f1c5183051a81,0
3e273b04d71a86be1e44f64fe6ca01950df6f7ba,0
0a6a99edaeb6fc65ca607332515681cfd9e3b167,0
b8242057cd8bbb5af2fe19a5354fec8e31b86032,0
c8ac17854eed2b3300effe131b69b11f352c58d8,0
3725829e95bdde1226f41c15c166dffb51d407e5,0
8fd9387f39210c74da5ad5365e09d498c349f6aa,0
5f73593d999feccc93f6e8190af22d52726bba14,0
a66a1253fb64b429608ddba8461d185920f360c5,0
c5ca539caf5cadb388ad1692cfdb2bf2f143c862,0
012775a7409063ca1a09909c602aa5986c81583f,0
aa04779ea19c87400780fdeb75cb6af182e6b28a,0
83febda12794abdbdbdeaa7db4c5e9630cf728b4,0
4a79cda5698d8c9695990efe68bdc7fd11104c4c,0
303f89da69c69a77360950afe94814d0180193ce,0
5bed26f67efa370f55065e98206a4358e47c7df1,0
b6bca11499d4c6212e17bf3fc2ec9869f88de620,0
2bd243b35d05bdd9a84be2c021180df95c4f9c3a,0
89d0c2d64ef8f83e1de2132cf83cd5631e08429e,0
7b6b6d86426c2d4063684a5ceed446f0affd42c7,0
35a7340ec97adce552b92f8ec3fa8ec58b31b993,0
2d7d569209c65882432e9c0661fc436b4a42df49,0
78f001955d08d822f970f11d6231ab7e1b0490b3,0
498de1d0c791ef4409cbfc3cb1218d385685ebe1,0
98e23e025b39debe065646531d557152b006ba6f,0
8a3915b9464db71b0dffbae15e2d619e65cf31af,0
6d0059e4a4c7d0cfb8b6d2660b4496e4b22f5975,0
e403b84597a4299d1cd2d1b93224eade2530128c,0
883b5c88458b0aa5afae811b8409bc1ba90f0637,0
b4d80a81558da0dc75cc2a93e629686b88c738cb,0
f7b886324d4d49396d322673bfbc4eba959a3161,0
4a98bf67ca3356b17da8064990ba2d87adbc42cb,0
5bacea0530ec8c1cf586b09228f4850df6d5784c,0
9009ede38b2d30be7b9cebdaca47649a1ead5528,0
02a3abae93b67aba82156976ab9ac99b83e5a5dd,0
8615c9818463bec2c6ff0b3db1c455f3692382f7,0
1a72e52157e1b58c1a3aa25282ec69210443d594,0
608cdb781493040168d594befe0ee061f840876b,0
8ca72fde228b8f78f39e7ca96e82d263a3141808,0
e3eade73c5fd753d6c2e52508b3437e77d1a67d2,0
04c45a76248319cd7128c699f77f8f15689998c0,0
469a45170446e9e2d65d4101ffe73dfbec141dd9,0
724125eff6608884b0ac1c59f62695ecf43e5c8a,0
16fa8d2c1b98c2277d50f796952a6eaf1f8bc0fc,0
98ff175433cf5cf8e244867f84f035ac08e6c7bc,0
472c817fbe294bfceb28545a82ad7b763cb764e5,0
07c54a9f68873c34873e328dc937eab34b5949b1,0
ad1dcadd6663db92258a249521924ca0b3deb564,0
792cf3b828d5f7c8d34d6b5f831e1b5041973776,0
5f9239e0452a1b5803e584419732661848ddc469,0
536fdf0d32d541f4257f429b98bc769aa76d4263,0
7aa4f7338abf63d613d5ab7b5ff1e4bb035f767c,0
62dc18365e65d2299974e525bb9ab3740fbdb7f5,0
e49d695a24fed80818b1b1b8097e2dfd05c5f186,0
a5356b490105061d1cca7c153f2881a89a963cc0,0
9eaab5c0a07e33cfe475fe6cbd1b5bbf77cca44d,0
b1a84b203fd73b591e4431ea7854caf592d2bd74,0
2c33998f0a56d04656506e80f959e3c1a7cf4ee0,0
bcdd3df546082575e76b0209e8d40310ee3c00a0,0
cc9af31a0a10f5ab1df753c54607d35778ba617d,0
471e4b3697ec80b58c307132a0b41ecff4bf4aff,0
5b065d799912dbbf98bf71f10f861ab57dca8727,0
3a9aae6cbef6614d4bb3c00a7c5abecd0c6a995a,0
8588c9c162c12ce6ac2654f80d3bd3bdae8ae351,0
b0b891c75f83dd011f4ac872933c635422bf0b54,0
843b057bdc9b72150b3b61cd67833adacbffd32e,0
186e999374f0ff249b37d75100f05b7c7acb14b7,0
580a7b5d395c315e4b7172f5563d3fe7461f92a6,0
5cff72ac2749348e20ebbb4bceecdc1c5418bb89,0
f01754e820f98e7e99909b9ea3900000a68ad8e9,0
018ee959b57ffd3a0d4057ebfd3bc14918a617c5,0
2d37ab6a0d53fce60095b352d36dddd9d26f5ab0,0
2564b7006523813a051cdfb1eef1b8871d7f2e39,0
73a31d9a2f0f194a2e115f33fbf6786ef056408d,0
d203ffc1c07e237c0154fe1d13cd298fee88f703,0
9ac204dc2a5870b0049b5c18980b325674750d67,0
817bdf10eeceeda08a8fc30d80b67b94e1baa754,0
0a43d3dad84f20b6528cc9eedfeeaf49bccfb797,0
f7efc7bf21c9541bf0d6f4373f4cba85d72aa844,0
e2993b3d51a1b6c887680492c721eb4eed786e2c,0
1057ca2cedc74cf909b89bf9358b9933ff91912e,0
1c1e493b527238852762f13b356c6ab38e0daae2,0
ffb46b826ae5aa82fcc337133e758dca4d5b2dd1,0
1c441b9c126d0167d5c3ada0236d7e9433253fcd,0
4637a47647bcc70bc8370c170159096eaae866c2,0
1d4d1873430c3737991841f43ea065b66199b732,0
37ae51dfc16e24480923443e01d27c76f9fe3672,0
5b6afaf302cd5f662b2b943ea0a9da99e9ba99c3,0
f4993d183e715738f91b644a0b142030299099f4,0
c1d6ad58a0004625d3c40ea5fd3a6dc462f7d530,0
0cee29aa4c1818963ed1a55058219282e89d7488,0
09bda53aed9728ccb235fa7622e981e47cd943a0,0
3cd15b6ebe43e8f0fcc9b24f42d655d7f1c1e2b2,0
2c8664bad3f86b76fa3c13ef967653af14bc00e1,0
e21a1db0ce29246c2e815181b0438e1b50de7dd5,0
436b36f1c531d9f56f3c958b249005fffd0ae187,0
4b92e65963105eedf469ace591ae0b84aa1c3afc,0
a8978e81b19875636e932bd22e1117b5efeefcfa,0
4c5fb3befaf6639daccd9c77f8bb68744ed2da08,0
be64c1642913dbd2d2840a5a2bafab363349c43e,0
65b13024d787d3fbdb5f43c1f81fe8465a171273,0
b21060232324f7cf0e4462ce406569ef7bae4600,0
c644915d4161fef3f238046991e3f1490c7c2f64,0
d5bb4ec469995d9b3302397298fa3c59240b3019,0
244c679d50a1ba6004b3c18b491370818623614d,0
72b5fa2219a2448968919a86d39bece512bdc475,0
8b7b88ea02ec6d8986d46d19f9dfd86a5b0fbb39,0
15d7807514558ddc465fd405231656d632110f55,0
fc6a548fe9003ad783ce35f5a5c526472eb0720f,0
1711db2988505e875b4dc30b043d7c5bd3b1b6b1,0
956eabc0b1a16051d8b362256a7a084105499d00,0
4efd2b276417ff7299881e55293e91d791109451,0
e98cdaad2a484a607233d4225a3ae31131ced4e0,0
753abafd676fbf8e58d32e4f72ab21e6f25bb489,0
55661498fe57a73b43337ff91bbfac633ca76ac0,0
9e8d03a2ef565d32d09c795e1e29642ba48bd1c7,0
2c1418d701fa74b60eb824ab4d48384d9d9cddfb,0
f372567fcf8d39e284dadb0389981936da6ed7c8,0
40aa0b93c36c37767ebdd5e97afd70a2ff5e0599,0
77597df19476afa40244cb7d414a66971f817530,0
c2aff496ed9e4280469c60b5e5627de1ffbb5c57,0
558e930612120d8594fa3cdbca15788da19c184c,0
8c6f4f81549498ec91920727caa326143a0d7c74,0
a31f5cfcd87d9c2daef0a77c8065c69b602d09cf,0
6bfffe96fd68662596564717884ab9d417f57d04,0
34ce9f0989e47daa9a7c821bbaaf84c138aa1117,0
17b6d78a9ce6fab68e00f605fbe647faeec300c3,0
85737d13dae292040dd75293bfb6ee4a6b6c3f26,0
2c6441aa1fefe57efcb7d745e9f92505923e021b,0
18b80a32fc9979dbd23cc971093ac308e5fd77cc,0
d27ef15251242febe1558902a04e417b546ff8b7,0
2a66db600b034ba032f0df2a394f3b7fb217255e,0
59c062ed8d435277b8027fa7e77db9b34afbe2cc,0
3859146f2c43b91fbe2968453ae154d5b34c6ba6,0
5dd0f87c8e37c7838ef336e20307caf24b61c329,0
8b04674c41d0fd04734e67b26adbad906db3532d,0
9e71df2a6d879e76f69ffcc2d956dfd5d42f0ba9,0
645804fde89fde6c1c42501515def5f731f2c9e3,0
61da746dbb0f7f2c59629e143016f43f75bfa92a,0
c604d60e0f41a91707cac93cff04ad15874280df,0
4901672998292f9c666e408e78af32143c038a7b,0
13cf0b4c2bd3bf20f73ca5361fd30452122ab4ff,0
11c1f950a0243c7673a2fbc0d142f0627ef19010,0
fe6e6e9872eb8dd75f8b84cf48d0674f8748e02b,0
b2d075642ac1d370cd8fdd8b80d29f1c88ca4757,0
76d42c0a20245948546d20c8548674d17f44c7a7,0
6f82a453f410ffbf03a7a518ba2de48074af7ab8,0
f17997c19b67bb07d51124ba751d5fc7f6e892b0,0
a25b1440bdbcd5854ad3516aa17576140415f8d6,0
b47686ac12a7e766b9134e4af575004c003aa91a,0
a0dc657e9a068650a675c1b894a84022dbb8ca06,0
6ad5a5e4ea9b1d0281bc1732c63aea076e995dac,0
29b35b498264d29dbacb17349b30ea8ece3dbfac,0
b212baa58601a975e19aa88d75b9259ef585fa70,0
d9237fcadb398f514beddf35c8933a9fc5925a5d,0
cc6d571c46c9a1879a975424bb9421df755454c5,0
b856ffc54736738e680e152763ee2cdfdbb50a0b,0
8a786abb5e2cc04568517f1f8c053578c3e313a6,0
167effda26f5fabfef36a9878f0a0ce395855d10,0
2bc7e31f1dee0cb6ff4f3c57a63ac09cd4c2d1aa,0
bf47606dccc78acf42754c1d58544e9ec0c1705d,0
8e39c7dbba317da4fb5606ead507fa8bcfd6372f,0
a75b41256e0ae65c3043ad6133f2bfa8f9a24b8f,0
8ae947bcc796d73b0eab7d94f10a002f66896af3,0
1dc7834e639b2245ada901bc011f651a09a98aaf,0
4442921c27ebd55f95521aaaba8fe7e7537246ba,0
22adb69da7b92b5c4a025137a80e57ae88549ede,0
81b3d120de25cfc6c2db077956ee1fc980fb4ffd,0
1b9129dff41f27a2c3d579bfe6e444358d843500,0
45bb03a985acf38cf6d31ee923740a0cfb79acca,0
f2030594a001f68d227eb306657ea9207902213a,0
faa526903cb676605b39b152a562c47df56edc65,0
cd5a7d7be8d4a071774ce4566231bf6f8c4f808d,0
393a8042eaa186ac6d65f4898967aed1ce3668d0,0
03db6717d33db8c9eb638b4360c914fc72eabd5b,0
cb895379b92e9c3b0a1f745dc83c2f725acf30d7,0
ade3895ef543dc5a9cf2ebc254253155383bca0f,0
397f69d2438f95f7946d83f1b7f240f93febbb3a,0
8e83b1344fed97b13a3fdfe51c93497aa17173ae,0
ce61df6a84bccbb24a42468122a0dfb1ffe9396a,0
9e093b291a7ffcd9463bed9a8e0b0d7f2c85cc94,0
1ac7befa44528dab09fb4864be9d7a95db8a25b6,0
89bfb64c1091ca80e407077707c6121228db5329,0
8cbe3734f83b9d760eaf07c03d19348327efa14a,0
0cc94ec855aaca26bb13a206874612f0381e4c9a,0
82b029164480169f4857527d1307e3ef46d50534,0
2f1e3544a8f85de762f9750235f70b90e41445da,0
dbf443bc6ad4d546ba7f1dfc051aaebd70ef10f5,0
d3a51772915cff2b36aebf4622dd367ad60f6459,0
518071297ee09d47ca8e9945cd050f386fc36ed4,0
5af063a4799ef919bba65259a4a659428dbf8b01,0
91bcfcc46554f5c39e2d6d48a07ba625b214f570,0
1edbd1fe20fe5d9715afcc82e0906982689e0174,0
9ac69f4bcc34625ec5e77a18f8ca940894b6dcc2,0
5160a2823552289e4ffd456e5042324e27013ddd,0
a76bba85bba512f97c3b70f6d4fea7dafda80720,0
1c9a1d789a0951d8ac71c53275b4e1a7427e60ce,0
aafc3272b38fa51d558f190fbbdac50d62027fdb,0
31b976a14e85e0ba8247c5639b94bdb0c79f4fc7,0
54046080cc4c7e430f9b1baa649f80e6c550e5ec,0
e4592776834d7857113c2979f0a1adc6de43f011,0
5d3b1955c48dc08bcaeab4a9a71a92cf1189b6f2,0
37ba41f6f0311ff7b060c095a5f1fe5843a1acf9,0
75b2d86910cca76b0b77d2fb4e8874169f8af12c,0
9ab08093102766b343e8409c6797edb91d89f20f,0
4a514d3306b55b3667d1449ebd4cbe5f19dd7af0,0
42ed368a27a0d049a7dd021c7f77ccd7d31a7a1c,0
e0a47910754255423b9fbac9eede16e5f74ee455,0
ca174af0b2e0401cf8f454908b955bff58808eee,0
bc66ad5eb0f4d018ce3507d48f961c5ede4a6835,0
99596acb4b46663adb20f432cb9ed90c0ec47245,0
5e3826f0603c884ba8a5042aee938af0561eea62,0
5d6b3ab7c45070be804e4d6ea30f0f5bee1e9f42,0
1563bfb08b8ac419b5dbff539d29996f759ac121,0
829ee2dbf53567293cf535c47424453f37fb841a,0
f3695711ed2fe576c221a21f851e2a1b874aff46,0
89eb2ec68dec13965300d5932fd6528b5ae7e60c,0
e21df7d5b95b639627329f71d5d3ab3d3926135a,0
683590f0a0fbb83d03e4b97813cbf2e302f4283d,0
52e4444da1be19aa4941c432eebb611db5c1a9f2,0
f3f790a06af256f037b33713192c998a431b0381,0
30f97b599e675f48d2fba1184454d85ca9a64472,0
0bc88ddc0d830fa8209b7a2b1db993afe0e43064,0
62edd62730065e78f4db0bfaac577684bf9c3f2a,0
3fb689ad22552e0f42fc5f24b29c9daf7b205d5d,0
e3afa27c52388ef81841cfa1f17c260655124ff4,0
b1cf2f5feb8a9af922a3c1514c8c5f0b1818d100,0
bb01d21d7404734620b931da79d6b99e6489f63f,0
6b896da857d7d107e4d7158bebca0798d2319c57,0
2fa0f00e5310f41da8535bc543e1a2a1d727daa9,0
5438a65e434f85e61bb90b4cb507a3c6bd6d2594,0
2b07be5bc4333783db1c5aa2b4e6374bc73f8446,0
6803ac145c274546d0f2e06374a9723a4d4d7ce6,0
e5f8b247df546612d498381ceaccaca92dc0aebd,0
8b6d4969ffb55bf7301a44a8156f02b0213e6d68,0
947ff9142e045cbb7c5b7b528882da368055bbc5,0
c309e6b25163d3dc482c1159ed2d86165409ad05,0
8b94d28ce0fd6b83443ef87f6690977d0571375a,0
5c4ca6d3f9beb5c22b74d8b4ed435d42a5dcce92,0
01dadb483f2730fc9ccd0d10e2b976c4281328e3,0
fe1b90d2fc0c88b74eeab75768da4466613628ec,0
6d2dc886bf15db6851659d19ec067997acf2fdb2,0
e5d2ecdaff58c875c60f84d54292c297d4fcf70d,0
b97055390b0f4735d82d6cdc8b47fd039ac50cfa,0
b803066005e1244932146aa904f05b420ca689a3,0
44865b562730671260a803c41284a563cdb56299,0
75b79c7203699abb83e5ed2ed398af65139ef064,0
4d3a6bb54f7d0867cd6f279ce3778719688eb1ec,0
876c18a09ca58579be66f1977b82b16f435ff6e4,0
c927e6b0d47825f73aa3c41a91c3c255ec773525,0
3a24a8ec1b146d9c7f382f95810c9015cd002c94,0
6dc01c4e54892da28487326e461b589d078c31fa,0
0a19e4315ea33cea5bc431aae7ad9d3b48caa0eb,0
83e7069bde5da9a7016bef76bb79d35ef04f2e3d,0
0fdef9fc5d5249a006712ba23829adb1f400a725,0
f22f464feb5236f08a67834a86a7ba5bc7918a2e,0
a3bd85e5dd49acb1d9daf89cd8b1a153f9a8bea2,0
b66e87fe06bff8174468341e0cb3da67e04a0c58,0
d807c4d6cde45a5b62c781fe8b53bac228ea30bd,0
2fe1ecae429dd3369555d8b256f6529c38ebeac7,0
4370bcea82ca775a7a790b8b7c85fd9602551d49,0
b6d011d6c7fdbb874d4a8e6ab3d9808f64e0fe41,0
324a2d67a29e40a63df6f2162110e6b44fd0067a,0
0fe519be5f0e676f2adbcf02d916651231acebd6,0
c1463ef4646aeacb5e32e93eea69b20853f4920b,0
f6655cfaf33eb05d6fb60d09a3d9fb52a0931477,0
b60ce4398e6aac8955ba0fdd7a1d7a8a572fb42f,0
9d9dffc2f45f855b2815308de9710cedec4b5024,0
57e6135b397ea13ef6628d1906d72c7f5c1b3fb5,0
cb55c57c1b28530558f18f2478ec0d0cc97920c2,0
d0cd953c69a39bc2605ac08dbce8b39e084f4ef0,0
d071db776134025ae1912defb0898e0c83345484,0
3862c744eed29fb87035868c5a6dd636cc4a2406,0
b905e55d8836db4454f2c1bb5d58c3f31c954642,0
f2f1c77ec430cf85c9d05ee46e6e475f83932b8c,0
89e133a39ff19ce44c45ffca0870c3ec1817f1e3,0
1e8155f3d0058454ce6aa82f98ffe9e77d06f1d3,0
7c6b855e2d10b318d08c1cf6996d5a92d3df8dc8,0
3a9f8ecfb56997f222c538c9e9802f0c369d0700,0
f1cc98336ab379eb679b37b6bd305526f065ec4c,0
364c89efc6f5f772f10f34a3df6fbe7e619ea549,0
55d213ec0bb8d322d34f5d66dd7cdc48ef6302a4,0
3c493a6fa804b3909241d31269f40e8ee65c6fd0,0
d9daf3ddf3536dc5ed141d77adc697959e1a105b,0
2f21b0d0ceb8e76cf9a4dbe1271e8ffea770ba81,0
ec5f8ede20bc70c07d8d13796e9346ad82ac86e4,0
3aac1432e0c068481ecf839d3e3150befc70690c,0
c9fa0bef3966a7afb24e0a3c1ed784d1bc33d1c1,0
e64f29c6195fa036affbc3488aa28769742bb76e,0
154bf22ed71605b9cc8c88b1853ad725b1aac731,0
f77c4cd573531192a3668b845040de4063c87ed8,0
b6a9cdcc8e8f4e0e51ec7aec1b3276df7df48dd2,0
fe370014350633b63453bcc81aa606a3e38fdaf4,0
e1a5fdde3937f47a8f78d14dff4f2c91337c2ad0,0
8f4ccfc0819152b18490960b698ab3fc2573d824,0
466231aebb59f15b57ffd23c84d290e27fe6f77c,0
b204ad4eddda1c9171761668b9aa957449afa8d8,0
5c828db7405db64b081546a0168f6647f8e944ca,0
54ce09fdd6b4cf41da3ba5fd193ecd6f17920641,0
08de021e0cb36f919af2cf4d71d34290b73f33ca,0
21543f2024d2e79033a00a0dcff2d690f446ba1f,0
cdf779422d47637ead33e094ae8f971de1c395f6,0
bc47652650729d51f9f5d261270d714f6396df16,0
fa59009aaabcf8671a8d741993ef355f42b95ccd,0
2e6f1e306edd81f3d0c7d5d36f4e1de84710bd08,0
01f92b184933bf8f333676f0b872cecb8e23466d,0
dcdd2778ced1bc2e62de32684216156f5b2a0bf1,0
022246bc2cfcd1d38226b0fe654990c9d24e60eb,0
c0f4623c95d9e5290c1aa8b16d63eadda6aa7828,0
e65b52b253b2157351ec8b287e7573fa54aceffc,0
d531c3bdef5911cb79d3d652b7fe31493e7ad47e,0
7119cc723f36b756413f48983dd2b9fdaf21ad8e,0
35f71a77f85f61895521c5316897a2251012e2b8,0
d0e8c210e84677e826f6ad0a3fe30e6c4b9caef7,0
ec961e516394a82c4e67fec57be933108e239848,0
a65adce3689490d3da6532760696de1b61aaf3b8,0
2e51ec0da5115a52fea2e3728e1f6065a2867464,0
80c7912cab049cac8959d9a46a4f28de3f34977b,0
e8f420971be89b80e95f64556efbb9736ca3f5c7,0
269edfd2ed6fbb86ef81b77dd5fafcab7583209d,0
5d20f09ed1957625639c8fa9fddf58fcf8a2e940,0
e3b284cb39475d7e60dcf67da05e437affaba183,0
5cf912042855fe06d2e8c6bb55ae8a122883c1e8,0
37522ffd62ef001ef30e7d94db846f040846b9c8,0
35453bd6db39cebe898de32a75ea92896d323306,0
e26387a5322eb4f68963573ae4febd76c975def0,0
567ef2645505c08ae079770a3ed060070c5f3d72,0
70518f99b6dd99bd1ee6c5f2656d9b2970ee2867,0
4bb9deaf7fadedfb12aaedc4d08e53f8aa194b4d,0
fab7598f53b59ad7e65e9d38a8ae6541b201b554,0
688cd9854fe219a7fb96f79e6b5710c347307136,0
07abbbb2ca7512b4ce4aea4009753354d25c73ae,0
bef89cfd40e04118fbb7384dc474b73b3b0c4742,0
891a55da3148388f7dc3d1238ff926c118bd4d9c,0
c1fb4aebe215fbb46339f86ee80d6ed19699e7fe,0
7f68e6c0e1cba5680fab55096dc4c45a7be55f21,0
c6967e7659ee1937477060539893f963a6deb73e,0
b0200d8992a6a234f1e605c5db4e928a2c8c618f,0
d9124f60aa2a85e34d2aa6b8509845a0c889c9e6,0
b7b804c46d38de205c2d36b52ba71ec9bbc4ddeb,0
2930012cf3d230446e76a2d2c88436823ebd7a83,0
303f0ca3e24e7108344848bddb2d7592ad415785,0
40256d97e6370c72cfaaa84d7f11fabe0fd10598,0
3c031018539e7caad8aca67948b83a86b9a6cc5c,0
7ecad919c0c9d3f8221a113b7520df227a701edf,0
870b9e242ac44b14cbbbffdabf8aaecbf0ea7ac5,0
6d070b521e33fbcffb24862b40a7cbae37b36983,0
418bd2bffaa60a58c2879731383465e77f56338b,0
c1692f43ef5a41328b54bbbcd06285120aff52c3,0
4f471329d507e40e66c78a1c8b52969223375fb8,0
e1378dc54ab2ce2667e0da3c1c689aa87e67d03e,0
112de654fbef84167e57a73758a7287487ee170a,0
d59098202590aef21b614273c87b922c3cea51b1,0
6a02237a47084b99e3768d54d95af2d62b5cd250,0
cbc698197bb21c4c81ae0e37fd1dd11b72bd61dc,0
6d9edc653bfa1c6f3ca74fd73243f1ba472330c2,0
117397e37a0adbe3147558ff2d0296ad3d0da29b,0
2acd50bf440156d53418355f1571e4784a2b8a85,0
059a07c12cd5ba11ea6318777699fbf56e6103c1,0
9a212e86adc1828f8ff998956a14699fe337a38f,0
946a5b73fc0b10221e3a36dd98c749b90a571e5b,0
639f71fa28dfc985b71bc8a7d8bca977d2e76e3f,0
7ec3387d223d696623d8fef222c633b5adfb9e4c,0
69dc2f21df9e9ab11d71b6d980a69f719708b29c,0
2c927824c43479b8577e9f15b9ab7642854be113,0
0c0858c4fabacb85ca6f805b856b97649f92ccd9,0
2fdc70bd5549d8ce14120322eeab91ed0f5cbb05,0
3aff3e03cd83c9d77ea97fe3eec9c4f563bd51ab,0
5026e5428cf507aa1f3e9e8e6d776aa23da8b40f,0
7adaaca7002ac57031c4786ee5d3c1f98a2b4acf,0
3f7f6090d84e31afcbd02bb0c8c95105468ccd83,0
e4fd45a563b4b54deb38c6d116f86d17c26559f9,0
8fe59e41e8f092b33923bcb9a281fbc228a2bf8f,0
a6af21186677821755f443fa69d9c46f8ff32029,0
acda84537b9f3031bf3f61727225541ec088191e,0
31a349b763b346a61b2c269dac3d1bfac629627f,0
3839bf6edff42919dbcc96fcfee9a18b58818ee1,0
0d2bd41ab6a18c9ab8f6cddde6a14d8e5aac483a,0
5c785061df1a5111e55871a15b139c943f8284c7,0
c244009bedb5c0a018d5402d9241f0f1eac3ef84,0
c26318d06686a57ace4214a62a8f556a06d0036d,0
c70be98aa8c8d4d7e62e8568170658b3d8c34c99,0
b2fd8c72e62fd5447c6f690842e421694b0e9a51,0
b99b3f9f484074454c6d67ec658a4e0e8555ffd2,0
f07581306e3d9ef098c0b50edb4a781b86d455ca,0
a521b43e774a92f4c07461536ffc810715c762d8,0
d7fa1f624ec0ba09cd3cbfba9913d51afc8f59c3,0
6820ef522d26fe82fc8abb537cfb14cd1cfd5b45,0
e71f7b77f891d6807fc54e973a86ed983d041ae8,0
73db978a625662181fddfb6eabb562d979dfd02d,0
0aea8344c1ddffd00f6401459b91f423f0a4e89f,0
f0aafbc37c49b0ca15b8e9acc72275802412f23b,0
367be6ab72624ff350b05b9d09812fc6236f7dc3,0
2d0ffdeee8ae2237784a547871d4b99fadf0260e,0
ea1f2ff2071c5a65231037d3d9ffa97040c86939,0
73bd2591fa455aaaf6f1db3c5ce255a68fe67454,0
93eada500cdfd4e3f44914e81c378814555fdb2b,0
247896b67f632c699c86f09d9b8a1139c1111b73,0
d002086cb4e4fec49ce69b230cd708cbda96c6fb,0
c8d04cabb3d4286cdee55d9383acfb221ddb87c3,0
1a01c8726080ef3db6bb882e641cd9051c45a9e6,0
6322b135793d5b2250dd513c454800cd261ccbea,0
eedfc2d8f3312025b71310fb145598daac2a0004,0
b20e61e2d4af17c51d2411ff5b9e0d3aa2441d73,0
ce9deabbb3d5ab247239f88f1e268ad65bba878f,0
d97c3bd024be301a91df30c08cd517d64ec2b3fc,0
2e2cc7413d6a82c2e8f68cff916d92d682b2cc48,0
4cede9acdd94448c72abc37acfd2847228d66443,0
61031aa21cba8ae03e5192ad83a6ef5742177f7c,0
38b9a6ac85e441198427f3f92be6c248f9aed057,0
1eeef3aeef2dccba5ff1dca2d3d08eaeb29f763a,0
3ea9a2ec77a4d8d559e8e568681cd9c155ef1dca,0
fc3e6279986564ebb3f7c3ebb35be05f0dace7d1,0
381265c3ebd6fe1bacbd45c4e84b467e68a9ba90,0
0b5b8c65c76685c331bfff3cdafcfcd97c9826c0,0
09e38126159b6fadf71ad1e315b9e107a9c30f41,0
24fc69cad364f462edd9dd320078e591e3fc99bf,0
ec3b38820423b1d62a8d45eeaaecf14322560785,0
9407c2af641e81a16f9c4339b2dcf5a314897ed9,0
2d3f67c4bd15bda5dd9c77301becbfad78402bd6,0
c18ca7bd8427af4648dc03233cfbbf475e84c5b4,0
716557825e4440a7f799982ba1c41e9282d9f4c5,0
bcb8a8c20d66f4b9c0538e6e3069b08f2e65180a,0
14d9f7b0499db24b6f4c0c80e25a6be8fe2e63b3,0
3d171076ef9272bb66709a1fa5fb562d9f277a68,0
e60db7963b9a86905b676e5c6cb4aee6eb84fd46,0
5e8d19714e28b2f0f0f52a828b8c681d3f4bdd84,0
468820d9c2d0aaceb97f59871db7ba7517f8cbdd,0
ced0e492fb1ad2e74947741251796133ba222efa,0
8b7c82225ad535bba66b2a4c64c4cdd80018cb36,0
e2066491ac6c42c99dba127bb3cac38d9c3db7e8,0
257d6f423ec5e3e15e136b72fd686c49208b1aa1,0
cc3e5fb58d371c8ab3eef800be5e2a40e3fb9179,0
b3447316b5c586312f26e3df431f926e82d7a283,0
54858b5f9ffa16b62527c12c672013ca3c191eae,0
fe375a813d5b585f6057a9e472b26c142d55bc95,0
63bccf4cd607cc0c6241842b0b473f35eeb2e674,0
a5b234ed6949aefbd9faefa10cee4851ab5fc3ab,0
e5021c2a4db8a52c3c81bf8028593fcdaad5456b,0
31fe0bcd9050fc427de76c484537905de53884f8,0
5cbb4c7c46be1e5b31a42745d84343e14b1f57db,0
f382ada1a767b9198fb9adf8cd2260a68cd6b8cd,0
4f02c1917881ae88d194568d2a7f23f7329b5f72,0
71bfef486b2e7713947e317ea843dc15f533a785,0
3ac63df5d5660d14212b9dad50ef2da3d26305f3,0
291a35ef8be015be252664e2cbde0af741cd82f1,0
aefc8f42b027b33eb7b7d3346daef46e21384535,0
e040627d2d63eb1ffdabff342c32649a735771e2,0
9741fb8508c422668e6975304e41e5a13e0e704c,0
e3bee443fae7f4c74985a96db1fb8a7014186fa5,0
ed91457d8f9a7ab080bc0785ccda8368018e98fe,0
e55c7f7db0cb1fbb621a9df8ad70e23bf2172a34,0
c2e633a494614fb5319a4b491594462d3133220a,0
60346192969abf6e6f50491597100ee86218c1be,0
a9f043635fc1b4a56338248a34bc246d8cae9477,0
382e48042f384cde9af5cdfc63e898ca46aaba1f,0
9c2a9c183e4217c12f7a91434d894b0a3618b982,0
3ddc2f948d7db50c20b197ef4024cf47642278b2,0
72ac47cca8103342f8ff422c1f5c79e6a5e25b36,0
1beb2be588bb1a912accb06ab53b16114eba09e4,0
345a66e73dd2de0b59b3237d2538974e971330da,0
e24da2b905c93685a3dbcc5e8758d360b6f6be56,0
6332875ad9f7f82bb7d9415d18a8265065e32321,0
1a5163c13d1abd8167348671bb7d51b1d9f580e1,0
8c0a834a22872076761705c03d89ea2922040e4f,0
e8afd478fb060f677c246b54aa27516b28075995,0
4402a4c1dda65fbe45c418016bb22ce1b3becddb,0
961030ae6e24dad6566de6ff0572b272325d1129,0
2bb2ab0b322e65bbd7b4d88c71c17e7b8465ffa7,0
c77c7e79bed1f79df36771d432af6e074ab70f07,0
d7f98e8ae1361925fc8ea4145c0d791853f62b64,0
e821ce00e4b52b8eefccf12e5f99faca48380565,0
30dfb20894fecb7391190364a1d743bd1e9a462e,0
dc1348ea72a83ca291309bd3aa79043e15304ced,0
f3bf58cf0621608193a75db3502afba9b0f2cc4e,0
df4979d75b6ca3bf5cf6c9bed7258d68805694c1,0
aad49eb24f5f92141e6f60c7b8e82a795d549868,0
ae950966efa3dd7970660315229d501df347f59d,0
857f0f39f33a715fc66cb7cac9a2d1e689c41fef,0
273406a5bd8713a0216102293d6c2886ddc08690,0
fcccd198e658094e82ee964449956cdaf5086784,0
6eb289a791ecf17194cc4452e2963be5644abc63,0
761605b23c4dba3ad0e6df164a7941fa46ae6139,0
9980492ba364a78aa920d305ef8b15d069f5dd95,0
e85750d2f8bb9f28a4dc2b32b625e2dfdeb8c015,0
a7726ff70338bf4ac40b66cc1012cf05a86c367d,0
b725bb32553bddf55d14ef747773716fcc4ac7d0,0
58839e08171e2f4a8da326114764693295303f7a,0
7739bb0de2d14276987a1a16baf8caf65d8028bd,0
d4e09c7b4ba4a1433feb7e5d4895cd1071e51bb1,0
e6a96aa94b5d9607c65659e0137687ab3f99dcba,0
b7d0722e70812d36b2ddfb0919a2629110e66046,0
cce505d1244e7a77eec12980252d5f1d70280ae1,0
0dbe95715197c3c9b8c983c0b9acbe87d5cee34d,0
d4847d70b23902ed5b8ea3c0270879380ad46397,0
76573da120a550720f17d9f1cd6fa7af98fb2fb1,0
fa425cd1ed559ee76ee003b0ecae0656bda07601,0
c9c5021e864c3bd7c9403101af677daae87a9c22,0
1333707a776b3dd09c83e26a21c040bbc9043194,0
aa9d2178c95dbca54257c114a6dd71f1d95fa3d1,0
e05ec2d9682fcc7d3549902890f74c23544ebcb2,0
8a8ede6074e80341e8e5be12216b6fb5c4d75e93,0
8ed8dc261f101d18f86a9f92b004d5381774fa1c,0
a6ab10973861bf7e68cfd7417440c9fcd0826c3b,0
157935a388f1d2d7003f35a08eea0b8bfca53f3a,0
7f991c6238297985a489cbe2afef991ebc0f33f8,0
34686ed175a04091e3082faadf0adf1d44510bd3,0
b30513182c8546c5602cc0ed035f8cd1f7d048c2,0
ace6f78a28ed8e3c667f52a0615710f831fb71cd,0
28a1de480c8c0a45500f754fdddd07a2e88fa94c,0
7ef6a88f7d8f6c21e62bad287fb79a8a9cd637b4,0
bf3108c1fa0831cb86dc263f5391c3708475c714,0
1e3642f3f7ec11be0e465ee64638b0295407ff23,0
b97da0a93904b11cd7ca7d50e6ca09d6a0546566,0
172d2694db99daf9e2545ee4fb1f931cb99ec0e5,0
c60a04a0b771bb86cb66849d5f1abec30132f0c4,0
a2c7165721d14ac65627856acc61e7e93a9713e2,0
6c06f5bb4e0acf385113b59de4bda321bbb6f210,0
2fd345578627290e3e6e713a1e1ea1b540f756f7,0
45b08f483260897dfa8529278aa993f98c451756,0
807e61e2d5e5e7b7c41fb2b3b231b829d41c89bf,0
821ab5fc6140581d0dd4906c9cbcb721de0ec1fb,0
50769d29fff69c8ca25a38d9f2f6f267ee3083f2,0
1edbed6e3008d3d6defea08a2ab363798c3c0c1f,0
bf50f9236891e43d683b592b713acdf0ffb80bdb,0
a834a6ecb217dc5a65d4964815cd17b30b34e9c4,0
9522c639080efa9c0986deb7453728fd9a566c02,0
52f3de5ed66574742d4eb34ead1b330c7b10e6c1,0
19319eada154fa9fdb41a72cc88be2aecf549355,0
6eb268945ade28e88b150313821d2daf197cc70c,0
cddd2337547194efb4683c4ebe2814c96b213b49,0
7cf9c0a3fdb3d0c56b761405412d705235cc9e85,0
0de91c048fb575b9e7906e966a4428574fd03695,0
97ae01c95837f50a2e9be34c370b271c4d8fc88b,0
7371285a6c108a66f624651973bc255b26f8a909,0
1cf36951e7c480c31a7a36dd59744dd23f216197,0
e9d29f607171ab65b95a82ae2ed0ca0117aba66e,0
1d59399d6ddb1bf876e67fe3be61b91888ebf00a,0
e589115b6443b328c7863b34455ed76f9cec06cc,0
08a31960ce6afe0f407307b550eaabb078b4f5f0,0
bcc9f755ae8f2ec4552708f0b1f893e515720fe7,0
7ad1704f25172754f1cdb3435189593c7d0d082c,0
cd7787277b170d5f439df03850ca0c574566e539,0
401d17349e7ec52d8fa866c35efd24103f332c29,0
0dc3422df450450281c82062856a69666bfad978,0
cd154e91439b1e8ba75d9265b643177f7709ddef,0
78e0a0f50c120a962cff2a1750f938589ce5c610,0
6a70c4b87d1add2a0a8b938a1991812953723691,0
ddc2b959f7663d00bc2520d79fb5200e56a6fb15,0
519dd1c212abedc534f53c94c47e88db71e0d354,0
6efbccc88318d15c0f5fdcfa0b87e3dc980dca22,0
661d47c2d347a0b38ceba80e43020ee6a92d3177,0
a4a63d1dffc371fa7f1beecbae88abc388408025,0
139cc8969ff21e9842ea436aa556027823cc73e1,0
d223805af28309f09ce27347c2b796f71dfa131f,0
0fa5a395f5396c9968af30306ce3f6cc89c0d463,0
b2165b7b8888be8500768b6e27e090f89a621510,0
4f4361646a8079fd2e61955f1a1b5c415e5879d6,0
938f4a322cf082c0cdc39304bb36c1bf399fb299,0
79c99cba1c14ae3bc1d7ba75bc4d34a773201434,0
53c170c4923d2fffc3f536189ab6b3f43149f8d3,0
22df66672a8f40e64d192ec8a43bfa8409fec36b,0
dc5fa1cc96f8a309b3371f9a743ac1bbe3cfa416,0
133fb1717443f3110d812dd65a5238a790ce39b1,0
f203b407626081dc4eb7598f7eea4fb491ece540,0
5fbc4964bcb351cab189faaa042ac79969a66716,0
06f76d5339181638a7ac69c15d32dafdf3216c47,0
8937ea3e069cda91b4d85c89d7f8448ee0810c4f,0
ee664f09a49428a39bdc4fb9d891cb4e340f7767,0
c14b996cb61708f9aa66f5ad0ddabed9ef8b672e,0
cdbda9679f66b4fd5d7fe089240ca6bfd19b1efc,0
15ef9e9b0a801ef7d662ef258251a8b857e8081a,0
c382f5d17a4989ff32bb799d868c0110a780f9aa,0
e997b9c670fb1fee2ee0d44759c037c5d5815f6c,0
b0bf3d98a798884fb21ccfe6ddd611bbaaf7f337,0
39e3ea7fc0bb8d28b57c0213973ef4971fdeb265,0
101f3c285dda978dd6f0ea34a6d46d8f54c66154,0
b739ce7ccdaac07a7aa7bd7bbecf90baf3e340d5,0
f77de5caba5d0465fc0f821f6ab583078e84caac,0
29c14b4a337d6f0f3a38d31aa395056a2709cc7e,0
b3adbf89eeeb4ac9e554ec6705703847504cf728,0
2c13fc8148128d1a1f19f28b71acad262f24d4a3,0
6a78ef8903ef7c2c785b8d0cc08a150d1e2ba818,0
772c8f78d9c5c3a9f80911e04e5a9d04fc8dad37,0
54d42b58efa9dfac29424fec5c8049aa1e17c313,0
c8ed530b739b3098740c946d9d75dfc21e2186cd,0
c83c37ec1fc878618e4e5b480fcbf61d110203d7,0
6f37bc86b41d79cea8f13de703049fab2e3669e9,0
e53068779bc384714a9cfc901223db184512b8be,0
227c61391448559e21e7cee6833c75980595e9e5,0
5004792c2955c83f8e5109da08cf6166684919ac,0
b3960d9773d20cf5069f31de94efe480b49d255e,0
ca3c82313fa50dcd13740726ec60967fa6036c07,0
3c96ee97f7fb4452cb530d33d60bd328cbe11357,0
c2c2709cf7a24498292e65d2e058d7b4e7da9edb,0
335808a8295c3d4dc1ec887b79f51699465889a6,0
6d32add9f3ca2845da0c158313395e1982351fdc,0
11f0abe7a3fb6954b2985ca4ab0697b2fb489e84,0
8db20da2ea53b8598e92fc0672482a74acb06845,0
72d53cf242788510de904c0c239d8804fc73c2dd,0
7045200f2a607371649990c7290a939627b88372,0
d6324eeee9728294f7adda887d033c860d294d9c,0
5fcb8cc0a5047e14a7cb4acf8bb13fd323bdc1c5,0
b02b6ac53011a980a963cfe96b055c285e7fd2eb,0
f5b7c36ac319f6bec99e1534af8b294f5ad080f6,0
46f1be185442d1b65be2fa2429b795db516a21d7,0
4d02b112100d7dfcd21b2ad6d0ed8947fd7ffe95,0
495ce8b61ad3282a1728cceb714f7633b61ab0e5,0
bcb3604177b7b86d740536138bde8d19e4668cf0,0
401eae64b3ad1ddc311feceacc3eb8514f87ab77,0
46ab2532070e129ac54508bfb7a5be33a6b797bc,0
972a5a41b54711cea3ddf94c61d4be3c416fbb43,0
e46146c67026956d3f48d44be5c4df0fb78d5a42,0
63fec37fe55f917bd72899808dd0dea5f3e81f62,0
58d9d82879b1f4e24345cc825e70b7059791cf5e,0
c1d7975ae3a6572ac15b934d86f2a8d0088a69ca,0
416ce8d6e572e60e1cfaecdc482c55afb7df96dd,0
ef5b7a36875ec0c5691be77015b3a54515ef08a3,0
b0a9ab1b3cd4d295e082b59c2a2450b5b245fc3d,0
7fed4a30e3cab9171de459bd24fb3b8d838cd126,0
8c8b77006108b46d0693fe9bc9bde027582086c4,0
c936be45fac0d73ac27c207311e4e910bf0522e5,0
8b56fda49a913f26bbff128ac1b4e9eb3cb54cf5,0
fa36ecd5918e76bf6524cb6fb13535ccadd9919a,0
e6c81e64a0a485f7d4d133aab8a3e02cc548973b,0
00923412ca2384384b1a2b1ebdc5e722c8c54eba,0
b83a6338a6d28d7110b950960e21af514444042d,0
7a26933008ecb89c3ddfdf0703b281c5293b712e,0
14d6f4c6dbb429ebb915b530ea61fe911d36b20b,0
86e60ddb84c8e22d577190065d61e7bc6162db19,0
388974fc856fc5b87d179f3302d3ee43c0974bf6,0
5b2c6abaebe7622ba93b836e6ae9249b7b9a93a7,0
ee6c5fd16d20e8c6ba1af776f6fdc30615a50c72,0
5f83d305cca2de00e723d5dcf65303f73a4d4e35,0
6651ea2c0000c3b27de41e58f6d48978e919471d,0
421b9dc027da0f1582120cb59ec9b2ceebf85bc4,0
b0bbc434e40f95bbc8f5aee2cb68b3f6a1ed7968,0
45b15e4fcd2c49eebc56b881b61893402bcd25dd,0
b06408a0467eac51e9e4bc13ea2d6d4cc3906ebb,0
154cb7648ffde863b2548eba10b330c51a103c6a,0
b2ea4fabfc9c749b2e11805300b1cfb45e4289f6,0
7c111fecd837f22f1f8c1faa38dbef0f4a0e91ee,0
76672675c2086a3a27eeba56c2b9643e5c544c7f,0
9218f1bd599fe9e1ceb7bab60881486f4cc73132,0
48d9df7b9aeac53511a698537dd7d17fb73f4730,0
437392898ad91b3234da87d9225abadb4ca0ebad,0
6ce3e0014c330832c8a8719db65d6305157f86db,0
3798a6b504d3c8d46dcb50289e71741c7f029472,0
5657f8bc5ffcd8fa7128a3c8214dd06e34b013e1,0
dbd01426cdc0151a9db1e3181b487738ae8628e4,0
abba6c3735d0c8c7930011063739ca1467990317,0
1d1480716b147523440cbea61d43baeefe124f09,0
30d8c4c31028c8a403e7a46faa873df08844e3bf,0
7adcc09a6c291ccde913bd88db45017cfd48a394,0
543fd81cee5852a49f528b71955e07dad651e339,0
684c25b32ff67c5a61d00d5eb6439cb89fdbc776,0
633cd397779599a83cbda0edaed02475302c9597,0
12a47cf384e6977df9c66f73d1ab72b17a746b29,0
eae791d517e79254474e2a5332ed83bd84657237,0
8940848620afcc6faae25fa927f57df08b51612e,0
2539fc97dd8db3c30681578fa4e099286e64243a,0
055e0748acffa2ff9d04ec012587764e0da0b337,0
771617c0bf493bb17c905d90f25fa46a967bb59c,0
ee846339fa9d108bf20fb5a172e6873e92aaae69,0
ea61b41c5fec784f3f299e3b32095c677c1bd04e,0
f4f1e246457f8dcb42575c1277c19d4842cfb983,0
fc418a7fb34a5af5d675c1398432bc9a4f8c802d,0
93a62774063f2ad3bab43920445abf088cbd1ad1,0
a20e45eb86b6fa9a4ccb3cc317bb3afc4d013fdd,0
11020bc315edd3d7549482382445b8031b5743de,0
d463fa0120fc1041729b7a564b2b5f96de9d6ab6,0
58324c1cfb9814b390a8750b0ba97dc5367817a8,0
c126bdd5161a103cdd4718552d92e2b9153df70b,0
c0521477eb99133098495dce53b85574fe9b3a9c,0
c7f243b998786d259b6e09b1a0429f0403c4f019,0
5ba8b480d647fb3666c7bc775a3fd7b2c6e99aec,0
d4f1fdd64ba8d7f744388f7fa8fc46c9deaa7bcb,0
6bcf8971d5abf83103b325a41fb792c58ea2ac2c,0
fa8525f78a4a89be7c4dad0aa5198c5bfc24262b,0
b7ec4f7e855ecb77c8bf42fdd97f123d4588edd2,0
4bbdbfed1d810e7558594aea59f2c819f95cbed3,0
88f75b884e579d7cdf8448bd4c2a0e15191850f2,0
fab5ff6069ee85575e131934de69efe18854e1e5,0
3615e14865491b792e64619a1584c2b026232253,0
b79b6eab801a0a50588ca7af999e22a9671e6a34,0
d15f480dd81b373f6815340c15b7a80490e8272d,0
556a45593593870d65373a2fa682b605bdd5dc1a,0
7c729a050fc3793c8e96fa39e6797534baf36129,0
e20545c7724b3202d3dbc95b89adcfdc49552baa,0
bae3ef5c23f46f8458da105ee3864b356a2007e3,0
1ee660d9f1f2af298b7ebe49ddf8191592267aca,0
30bbf38103f4d18083e3fc7768e14b663dce1ec5,0
b8f638fa691dc600248b9d810927d0491a46bc0f,0
913ab1131aebdd5a4d1c458c1441f368c1590d06,0
9deb9c1fb714cd27b1a494babf1c09d37d367b87,0
fd54aa69c9adbecf788b22536d4774c3c0a0b490,0
b358a63b22b9cb614bdc8830a3c88ae256e77387,0
3bb84c247fdf5d8cf1e68901f0ea0d47ec37de2d,0
b3ce147431dbad1bbd2e91d527560d7d4a1b9def,0
48f6d3f4e0446eb7d749a945774b3c61c87aed78,0
700624d18c03b44ff17d0405c9f2a18b52ca9729,0
16f05968f6806b6db6d9b80c150e631cb3971cb3,0
df262ab8ebd23e744622dbc080eb13818251a286,0
f8077a6e44f6f448db157b7eec3bd9387fbdfd7c,0
0b1979a45021e1df782340e9736b27c3ebc68382,0
84484f26cd1de6073f8ab36fbf7b2e48e00d75e4,0
785fa1aacb908d6c5d621ad63e54f4130029ebaa,0
3816c572bc1dea6d2661a4c86082a4953526c059,0
5796c0ca265c4556f386a18e7c5118bca1a8eae7,0
1e374820d0251105a87b9ac86f0c8fa32ce8031b,0
32afc86d9b687794893137a0a5c2d87d1db30e31,0
f4da6751ac53fb2949db35b861e6584e66752f15,0
3e4793090b1cb00cf7fcbe8334b4daca07ded6ed,0
8d1b994a15d0ac85ecb45c87b1ba3defd02972ab,0
70c6f0c64504c9bd7e344699a845a139a76b43ec,0
1de4a966ce72393f86b409725371da074697ab8a,0
27fbd9e3a383ea3899714e743c34742607b0b73a,0
a315d695e9da1d9fb68c20cc1987ef92447f370c,0
a9fdb74350dd92d46d23bf355e797ef0b96c06c7,0
f2082ed4a8c86220ac74721f5fb1aabd60949641,0
2fc42360f6f59c2f9d8743eb5628fe137ff6e4cc,0
bbcdfc3015b21ff62be8fbde7923685efae9c81d,0
4a7d35d428129c67e9b65ae554b6598160953f14,0
a344177ef1ba9810c07f33ba1589000911e822ca,0
5021522738bdf157cb1f5bb5b884fb4a73cef0c0,0
d9e154a5d7fb86c686ecbe0b1f2e1d72e65f0993,0
7c88a633b0c93a870b0dacb736009bcf270eaabc,0
074cd6d15154184147f754f53765ccddd3a1f332,0
02628ba9e993930db9f022a2ee3a59ea265ac463,0
a55a369b92c0264134e9ac8e0debafb18497af07,0
41857bd10054e20d000981b90b2e9b6972837668,0
d3137782060046872e1ca15f244cbe6d4142b7cf,0
a467b03e1b481a288ad9271aca2942d4504dba7f,0
9e5475f2fbff85832c3376b6ba097b1d5ab56060,0
645f4ef4971ac1517df922808e33fce6b577fa2c,0
0223d8df279f48982a55cce0b34b93379ffc3419,0
05611c9fc584e0201bc31434a559a4097e6b200f,0
25c09bc20b639bde3879745325c89299f44a4d20,0
6d46195e7cac37c28dd58f462e2d15cc1b1eb388,0
481f963c40e23f5ec96c7e3fd1f8c85db8f4b3c7,0
b3ee30f051088382746bf4df46c7a149b948522c,0
95c310904e83b70e534719249ff017cf6ac1a29e,0
e921bc6a8c63dc6b33e8e220aa28084bb2434222,0
5799ec50d7b220bc25f86828ce388a358aa2d9b4,0
880e64274e06e79b59a64231410280aa704b7dbb,0
042423214371eaba7000ae8b301adbd19532b729,0
390c981388242a2623567521ecd5cb4fcce698fc,0
a9e8244e42a3c746c27db06544d027fb897fe17e,0
9bb3481aec6468da930fa2cae9b0710f33b1c5dc,0
8b38e21a880e3738c037322b11593921ff71b57f,0
41c73e390abb85f0c8bc4f3097056ddda246540b,0
085226e8473cae1c8ddf216fad002151465bfaa3,0
a14aa925ecba88855c66b7e38b6dcf30c5b99ffe,0
290ced5f70db2d51fb282f49a1f7f0d8e272cae3,0
ec3f268c041eb980eb9959d62616e0ab84243a4d,0
a931b223435e0ad2cd65d50153cdc071895ea958,0
533944f431e31fe281aea99a36404634111adce6,0
62eef61f85e15fddcb54e95a68f270fe3614684b,0
94aaf0649da33ad07a35c4dab29363227febce56,0
3e9210998975472eedcb87935a10906d6098f777,0
19cd138d25fb461dc57125589a026ca0fa8f7805,0
66fba1cb89dadd60c6901e0914e74b8c155dfa64,0
7c05b02f646f03b247997be522568bbaee78d591,0
f15433d69c96aec08c9a0c3c15a69edd8250ae2b,0
30f81c47f7ea0e9f743e08e73f48c0cfcfb746ff,0
b5990be69139f0b04919bc097144a105051aafcc,0
4daab02fb7d967a39eb15fe33f0d5350fc548a98,0
d403c703ab8b8c015febdb887e9756caf67eb8b9,0
5392c441786322b6358b42bab0f0bc7018e06aad,0
b3f320fe5a91eeb42b330621c19e1c8046658ea7,0
a265435033b6df7f204c58776e0fc8be997ac54a,0
b487c9e8bc8410c7c0ca94f9494bcff90613946a,0
3ad22fe3d689781a76a92908d0bbc119b2c68892,0
769842a214286accf02cc40711e1a5e2f97da504,0
16c983693a235bdc45c6286a1e7b01d8ef58907e,0
1f925d7ad6d9da7ec75ba29e8668dd3267f104c1,0
cc1a99482b14b38bd2ab2319f0b1096c0db225ff,0
58b0f795b31482daa6bb5473a8b2c398e029f5fb,0
559de2c461e94ab636c959149c775bb27111fb48,0
34d6eea401119c47ae1322fe62de5b11118bd60a,0
7b813b674adc6c94a6c9a19524913c07b7d8bc9c,0
078af456fd74c3726438bfe853492286d7006c06,0
41059e4a4827e882b7c77667ff62c9b0567e5e21,0
c97e637951ba8bedf74725a62644d7578ce1aaa6,0
44c5c5618d924a06fb9adae7856f31e75228d987,0
23cc15832cdb86f856cf656b3bc2720258b8849c,0
c6b8a383de96cd0a8e94037a04510f162e4bbc68,0
4597f38c3608cfe8ef872144ed4bfe393a05dc84,0
04ab6d94e77c09a097aaf87b56d3fbebe31ebe51,0
0775abc22a32baa8fbd99d86c393d5d85e32529e,0
6aeb140ebd5fb087a881cfadde2b00c2c987ab92,0
9ba69d7b9af1ab71e0ca2d0044f464261ae6a199,0
0298305934801cf65136ce20c59dd133d8ee4d17,0
e5f5eac9e65620e4697b922e0f49b7bbdb90695e,0
ef0fb794d49e9184913581f561c87ba8c62d5e4e,0
0cbb22ddd4cd4bd356dad0e8dca8dfe1080aae0f,0
9e801d916c3d163a4cfcc822e50dd75ac7cefcc5,0
81694016b4ba3d20767a2de9808fcc358477ddc8,0
fe38f8892a2e99cfb6b941c48a57e1415d7ab223,0
0aeeb46737c5e4a5d8c21c26e6793956b0296cda,0
e996235aeb7908c74e85fdcdf1369a5e46672169,0
71639e041876e4dca28785ac3e61d80ecc33db44,0
2736b6fe0b3fa22ec8e2b4184897ecadb021fc78,0
7791a851c4a303f47743b156007fb19c6ed8ed81,0
bc10af423f2eaef8cfffe1c3ff06956afa3dd371,0
98f8e1a4334084c900bec1f62bdfe190dce8d5df,0
8bb1788ae75318bd5cca0c64893f616c82402399,0
a4705cc3c310ffb422336b319891f63eef021f1c,0
e9eb2d8b5a858bb6810c941ee7891c3adcf9949d,0
d08dbbfdbc41cfafa122abf06d39ed543b473464,0
f0751b65cf680456557aa1bf5c56b12f5c1a0fe0,0
71fc2c4c817a8c9bb41650d5b27a89e207a68c39,0
d24dd1a3abc4624be55c0772ae4432686ee18792,0
e4e03ef4c091f5a35da0d97a6a35224197b8be02,0
9cd45f468cbb87eba7b667172d6c6a21ad914872,0
90b2e46494eea8461523c55fd9cf3fe3d1bf00ce,0
276b2825778c0f6286ead1dac0dfe5fca307e77a,0
b498cda5bc8d834ab311a6a3415e990100d8a81a,0
68a73b54d6fd08ea2951ea1911e035a2390119bc,0
91a94d9f47b2bc928eaaf83d7c9dd06c235a2824,0
c329443d7d50b4d891bc8229988b838642a132cf,0
48f7e179e4c5f4e59afdf0bfb4ec5228692e00ec,0
8993c0060e4eb2d5bca20e3529a829a9dd90efdf,0
f03149e07dee90b23369d1cdb7f15c142df5e31d,0
8f957f527b9048f51aad91b544bed35c48bcf3a9,0
0f98e790a43b17ae1bb60d264931fb4f13300762,0
a653a4487774f57a7aff2c9dc1fe40b9b221cb6b,0
9e405ca54138b63a4daff58d14d0527fef1e8e66,0
467386105ad855e793a09632142c00cd01c5dd10,0
27fb1044f1f244a9f8841f059392bd7e595797a3,0
cfb682e9da63f308d26e547bb7d0b350ef3eda42,0
748eef8b96068cadc45894967f58f015860afb1b,0
2c30851e4de51181b018a4e0d6605ee2c9776695,0
947c01f6d8000122a174da3d668208eec877a799,0
72d00532aa8f0fb96371f01688ace8b9d53b17b8,0
459cebc515b11fef06464b711b3b33cbc1dd8c26,0
ed15b09985a073d0b17769bb9a28d3e41419a43b,0
d19259a7774e23ebdaac4af5ee4def8602fe2969,0
d3fc1a2877c165a57949414f5737ef00ffcd867d,0
86cc77e21e15d1750d051598296c081809d15652,0
9310cd69b9b79add598b02b0b19066ec90bde64b,0
f42a7b9cba328a538df1152cffcee70ea2501841,0
65c4a9c0ec651dd99f28b9fae40378728d071985,0
c1b64e9d70875339f0f76bcc295cc0a735c1d4f3,0
9cd31226588fa303886b9daac162d5aa753e8e15,0
30280a9ba706b330cbf6b18e6f2f6660743c0f16,0
38b0ff19101496d89345213866e0940eb682a8bf,0
4f50c37506de036bb34094095aaa6d4d831bfbb7,0
2bacf63927effbe494ea8888191b950037d4606f,0
10c8db1b1ae0fd9be8b661dbf24643c0a9012d68,0
84a0d90783b095775b5d14b2a807497862d80db5,0
dcf6e82f8610b89075e00711e186792053928c7e,0
b014a06d5b333a6fa30fbfde065d95bc0374d4a9,0
6e2ac190ce379fb19acb8b5cf06c0a1b25d19059,0
5e2ace28efe0476feb6a32794fe6b5e90e71eb7e,0
65657b874c03a1b6fee23653b01a9baad6a518e8,0
aafa3dca40e1d0a377ce9112538091581176dd50,0
2196ff68d3f53213f3d07e38928805920089a03b,0
06033035f09c662020ffe0300983697c78d3039a,0
d8e8908db227ec91608b386a65b5f8559d92d8c9,0
fdcc71dcd26491cecf22b369e2d580968f4515ab,0
14a80bc4daa3f6f2d63dbc36ffc0b3e526febe69,0
2ae025fe5c4a7d2046c53072b0898e37a079fe62,0
651ad03ac546303af3ecb884af7f005d7b1598a4,0
a219081780bb1714876ef3e1109283b96f3b007b,0
27846330dfb7dcc1b2ce64f04666bc35aff6724d,0
78fc6c76d47aebb97ca625eb8f3f71be9176111d,0
84a5fcfb48254e1e97a3fc22d30830387476f79c,0
a246ac809581b422fd18b4de086ebf120dd6ae8f,0
5f88079956ba7fc4551a5fc51dc28d82e33dc65f,0
9543f75f4601278abcfd0a16cfea977399b89052,0
39bfb4645c23a673684dc5d62278cd83937a38c8,0
0856ec5c0d7a4e1f0af44d2364f6d2310967f9fd,0
7379cbb2fe7b69aa871127e64a51763c445a570e,0
fa24ac8a655c30c4b88bd51ce690d0184c342d47,0
8d5c46f420fe3f7365579aabc8b40912a3610957,0
43720d02405e0b96939b331c1be7812fe5fec877,0
46fa7b526721723e26c9c2d62a546b6f563af8cf,0
c898e483939740e706157b63b32cbe6f08a931a5,0
5e223a403e65992d2d18b1b8cab5da2c6c1aa37d,0
5f2c10915331564afcdd97b338f87b1dd96d52e4,0
863808f1b8359ab9a79b206cf743db728ac17d48,0
79e236e0508c43519a7ff7868e8d48883628b6e4,0
192771d7ed40acf4259e9e80d72bf99301787097,0
3075f1d1bf511f485d1addebf52f499f6f792518,0
ca830c68bdd91af468be7719d8b78b20ee70d3e2,0
4b3f33d6fcc5152dda392678818d0d23724ed886,0
928da12b15c987e16b2481c43614c8e868be1c04,0
bfe3c22bc3e866fc499433faf57a9239d4f6e1f2,0
72499caf6f7905122c97987953a313bf1c95901a,0
56f2a758983611adea7308e90ae9934c973efa72,0
36940b6418283806ed10292776c9c4269923e1ca,0
2341c409ad30a83ea49d95c4b6571ae4479db887,0
c40faa90f9cc73045995133714111bb6cb344ec2,0
958657f3c7cdf1f1d81a139b312c032020d582f0,0
3af25efa4e252240caac206899f68bdaa20e14ed,0
e460f4f93817bea10b2fba8aaddeb892421d2668,0
a43d2fa2f74211881eaeb4188dfe330f905c8342,0
68374b282662788ffedad30e600771e6d5de321b,0
99a353be9d524c7993d2f46313317440bf04f408,0
14b52eb4f630f32c66122977331bd894b9474978,0
fcca356d6a1bf190d335ed1db4cba5233f7b24d2,0
c4c86e2d39e3d653e2499c033b42f306593cf3e9,0
bfab522d7bd4e52ff38aeef42314b963e76763df,0
4ed92759f28026d813b59a5ee66384043e3fd513,0
2a31bc5fc0282cbeffe8e41c1c8c576314b4eec1,0
d654978ff5a8980c0efe10632f55218f4de4e6b3,0
25f3713d9280abd57a49a9979a23d4ebce27732f,0
7c6520ec7b665c28ac4ea97c02b54151c1f6fadc,0
bc8773df85d2db0d2d5bd99aa69d7e7c795e7aed,0
ca286ab3fba24ff27294bba50497b81978b27bad,0
27de9894f9e9102eac91fa928eb1443001a89feb,0
73202a1e336eccbf9928bcfb5a780a0b97a49680,0
cb66f2f8db1f0c443102f1948cfad2937e7edc6c,0
56c60017199b255f38843e33beef95e8d767a10a,0
9198e9498fbbb81851048d0eb71251046f16987f,0
a768fe9aacf04cce58441ba5cbe6e0d03c2a11d8,0
d00ff3a705f155e6890699f4cb8aa630e5a64461,0
51eb5df8b27103169878575cb421e3181dcfd525,0
8e3f6e1954092ff218ffd1709f6b77d39562bdf6,0
5d3b81cf16b956128ec0f012e016e443139751ac,0
af91ffc3140761773df9b796760e41ef5152c28a,0
4f6b009a28ab7203260330bd93384ef5c07fd062,0
dc78df16d2dd47ac6c931dbf659d17beb19debc6,0
4d5e45cdb44f61202ce439caa3d417813375f9b7,0
46a2c6bebe30989d51d59e14def38a82e8edfd78,0
733dc26a281e235d52c965b6053a4e16bd4f85de,0
5899f1eb7239ea26291b9e38490f5922b86158d8,0
92a07f9aa109f0f55af963f86e466c80718f9466,0
9990c66690467cf6c08be921947532729b7ee91c,0
acceb62960971477744f6731bbbc06abbabfe4f3,0
936b820a4e9b9f96661c961bab87e4ec05ca0574,0
d4f28d7ff397386b208823c577180938e15769d3,0
f7a11c99398a05d5bd251538242ac9b231dae7b3,0
70b9170cac5a47f6d55cdced51e94ac9a8fec28a,0
c29e08e98a4d1f12842375cb8fb259b8e5054b0f,0
f00d97a6cea0a08c8112ffb8bd0b6847373899ae,0
c295a589777a35730c90b26f28f7cc938d4053e3,0
bfd83b00eb5743ad4ad0d24957f84b61ef9f5f79,0
ffcbfdc80ed7ca7ffce883f615f710beabd9e06c,0
a64b4cc5329f2275a5513b12622863e99a803a24,0
41a3e9c52d52f60d121ae99d281881a55e006bca,0
3378280035f388157e007a06f7fcb74698b91e3e,0
156653ea56fe215b97a263a770ea7094ff6adb84,0
872c744692dc2cd485e28790a1f532ca85ece2de,0
d357d9d563c4a34fa2ab3cdc68221c851a9de4f5,0
cdc90d71d93e6c55103779541886e423ee7276b1,0
8826617e87982bdd0f5072f58ab21c12fdf57122,0
419ad3e4aaeb2471c86eec1b6799675a70bc12cb,0
31e141019010d27dfb3c1a1fb712433268b520f0,0
5411db017b093f0995a9b7807a6a4dabb0f1e0ea,0
722a5af4f1786599f22e91a34af459883c7a6a8b,0
f5c46b9fc80754c601205e6ef13c5b7e9a5003e2,0
46fc59ff1d9df4939c178ad749487bb5f5e7ab15,0
b5a2c343d52885dada56baa5c681b4c63533cf52,0
d675cd1362d502de0a94e0ff4d10e9c4ada579e4,0
f44180b972e3f881da8a3f981a1ca4f720e48125,0
45fbfb82fd1f5168a7183e78ece89da7a60e21fe,0
4b5fa7d8d2d398a6eed0725ff4b2a8177da56896,0
8b9fe1b01ce21003f6a6ff8391ad2a64f4d21030,0
54631643211e2dc29beaecc30e4eedf2928738d7,0
878133480c2854535a069084b86ef158d3027e81,0
4aebb1129d397b20c8f911ccdf1e3595f020d127,0
593de775be9e5cb9c9a6cbcebe9a40ce80cc4bfd,0
703228a3d40881ea52faada723726b05f6d77b8a,0
fcc6361946b1809771e136af566518320006c01e,0
699d6f0eca65837501d7ab7a92ae2c614f8e6cbf,0
e95134229b9066aa2f1d312a53f5a670d271dbfa,0
31c0d3a8e94b1016843596acea17a63bed9d4558,0
b1ee00d701a7bb247bc8f24e226cb8ad7411cb0a,0
2a915f5872beca562a72a1ded95652f87b5daaa3,0
933796e9330ed5043ad8e76d9fa2cb8b1d3a8e3a,0
8fce0fa77cddae14af022b6aacc32eb861fde99b,0
2bb4bec8391aa03f0e4d3a6f9292630243044726,0
79b4df582d0035e196d4dc10894778fae58311ce,0
6b57d2a14089735cf1c653a2717d05023a3be441,0
6e33d3df3233e66f98a8dd2ae470752b768fcd54,0
bb3334507c5c9e9d3fd0462cb9366e8ce93eb7ba,0
9b1882cf4a53c3d293d47a6e6bb6e0ba9b710529,0
3867ddb393cadb8ecfe87509e922c0679c02947b,0
676401d298098a99f9262c26b8e084628b1e3009,0
30e5713a9b1cd210542aa574cf026c0417c202d9,0
7479b372cd4291d2a51e51dd10690952d9fd7019,0
5ea5c9624eee945ba6bf41e181066343e48272ce,0
0c838a799ace7673e721bd29f0570097eb8f2925,0
9d432121e1c60557da3e159252a88885944e5f00,0
948e0271b96774552a0b0f69d0ae2d53b34e575e,0
0b3139a73e03b5a92f2370d9b086d3208fe0b5a0,0
97fdb4b3a174b011ec1fa45125bf46c2edf4d6df,0
3813270dcc2820f98872f061c26c75b36c569534,0
46696f44ed3628ff660ef7c12aaed256a4450d87,0
96b43a3d6b731d38b4bc55456f12de7fcca7c3a1,0
c8dadeedd7255814bb282968f2092a1aa71e4ea1,0
c5f2e40e7a8234fe48e08d451d3152ba58a03ac6,0
a7bd568249f9ec20b69b2a700da6a0648e93a842,0
9e2b2c09732ca596331f7ca34ba4e0f03d70093d,0
941a9a6c2735543607e55fa0d54546b9b229c8e8,0
822bd135f3a54b8fbeb23c313535b13c18198c3a,0
9ba9b49af72269568ff4bdf516ee233642d761f3,0
dd5db159f7ab0e5ef8861d3e1d5a5cda5434073b,0
2c771decc2fb117d73e40b17d2691cf9c1c3569d,0
65e1c9c38becbee2f84d822cd65fd7dbce42b903,0
d6beaa363bca8324c7a699ce797a89698d49ba54,0
fe24fcae4fa7c308dcc8ac232e06f310e52545d6,0
092bc1c46f3fcb90bb5eaba1d502aa13ff365ba7,0
c6e63f2aae570a99bccbe8caf4f2164fb926d09a,0
e180578289a5c65e19e430bd3300a72c9ba97a9b,1
2b9443351e9c89e812b4166f38c0f137eeaa0777,0
ab2aa8d6fdcdf5b3d326e7e86ac9d045f4859e98,0
5e3359388b0732fd1b3d055036187525eea76521,0
cf402c948b2144ea83c40edb00163b74505335d1,0
209976ee53c9b584c013a9b0b21ec98ef733c6f1,0
261e73236c58e094d5d68c5a063152a7169beafd,0
5815293807b55cef2792edd9c440160ca8292b3f,0
b8225108253fc5e3bb83607200611024521609a9,0
e6832682adbd29fc47e90109a59ed5dca0c9d742,0
81210eb267181b766acaf201a424a80d96bb5bed,0
51f13c846dae950e1d27693c9e23c1063945210f,0
fedbfc171fdfcb2b5e36a73e56f86d2d233f2439,0
a2396b4637c11992de40d3715dfb41a738d5913b,0
d58f0dd73515f5e2226aeaa4f431f7e43444432d,0
59bc597a256f0146b5bb05d951ae2d84963cf3df,0
eaeffded81ec88f4d0e7494bd544821412435ce8,0
4dc97b64005f0083b2facaa70f661138a4fa3fc0,0
842bf6f447aac7d05c75c6143a5affe9e383b3b3,0
c1d92d87157b7d5a27aa989eff14e302e15f96d7,0
0c3612764955e209ecf1ebdae609b2656d6debc3,0
3206b41cc6b60ef2854273ab0eee5e406f9f6efa,0
0ac6369a0239d5ba310b9a86e7c26e35acecb982,0
c5ef3334e968c2492a10a00bbba4186ba864c37c,0
be499afb078e7c64c59ace84f811bfd2edfa9be6,0
ac1a0ccf92a8ae27f1cd9562da400b636b2feabd,0
10b116c6559cd8ef555ac0962db515ec00b8ec0f,0
aa5a7fb583802372a8898b87bfd708412f839a0f,0
3733512df9b172e0fdcf6cb0bdb7bc76131f0c8f,0
6aa7ba1d927cc57769d4ed589326053849b235ea,0
6c3a1bb78c3e92fded50c1c1e9f4c3e2e6e9dd4c,0
d9406824aeba0e977c0692971a6dbb2e62823886,0
e1c5de1bbe2bf93ea9e5212c0f71fb7255dbdcff,0
67f6f50a013d6eb6bdc4d0ed20b11081723d7054,0
679e9cfe62ff26b1205f0a9de7a96f12fc771230,0
4077158829de92987367d3149e4ba71356bb5390,0
db551e3eb6805a69d4967265570811b011fd89f4,0
4a0bf370411e027ee9c7e835f4834593917aa35d,0
31373778a21bf4124ba2c120e384db8062f0a2b6,0
14a08584c7cf63dfadddaeec102820f9de901c60,0
7908be284dc2e24e3d89787e64e272409d25338a,0
f49c21bdf2d48ca20b0f125b10f6d39326e2bada,0
87a126f7cf7df3a3f83551a6421ab2ed1426a2d7,0
d4e2cdd83417eb54ae1482f74b4ad82f0d4a5499,0
318d3a57394781e05d2372fc2b2c095c02c25379,0
45524d8bdb5640b81d13ee63a072e88c81981a7e,0
7c7c9372db6d79f950ee16ec8943dd76fc0f06e4,0
ab7cca4b151ced1b73db53f0c62eda8609bacfec,0
2f02e64b2e90766ec1c35437b03b7d127c70af58,0
d2edcde68b3fbaa68aa892f90ebcd0d7ec104176,0
24df623ed69f86a13a2ec453f480a4e3f93b04ff,0
426cd8c52ef1732ad3a57171429bf7704d80bcc0,0
1d031d6eb6e6861f38e228bd587ff74e7f6fcce8,0
8f06c0ddc6fb9d17075e688265ac3767259bc5e4,0
7506aa1a2c648ca3da724aa83de41bf526239add,0
76c4ec233c1a61b1f46df6d6847b889c0a7a978a,0
9146eca01bc208c9923aff6880b220a0fe3e6894,0
2e72f7494ae59cb11b11a43f87839315390beaf4,0
b2da444800d4c5d472da58a6b776891621d11718,0
284886bd96c93740a26cac4c6e39a255fecf6062,0
54eeaee27c4d73a5b3b6ee84e53ee9046919a18b,0
3775e6d352985cac43e3b00572f8dcc9fe826ac5,0
d2d9fd18134e9724f7bea0cc63d10160ca739975,0
a878281e93d707edf92d12cefd4f7f307df9553c,0
d3e99ef44f911b0448f9f82020b71dc392bc0082,0
897654b205a41b40c36f705361b0e2366dae6499,0
8c83ba1bae3d97f10c8472b19fe26061e7843a09,0
c33a5a0cfa12d48d66a700cc0ccd4e92cf4b22f7,0
98577e2da894d78c682637c5aa32e44ccd0c828f,0
107bad489300392970d451e05fdc024e6d5f72b7,0
7b1b3624d78e659e0bf80b061756d8c6e08640c6,0
d6c608bde40de82cb3b7dce47c51d5b0bc9e9d94,0
5a220904b8f94f39b730581fbc73a5b99bebe8c9,0
fe265088974f937c8a9626052dd5d29b1a207dbd,0
87c5e5377589c4fbbd499010a27b1e345ec38224,0
b38438075dd34fcc19c8df877446e4014ed8579c,0
22a39cbc721d5c0391dea1ed10e5350f917c79db,0
718b2bfcb7b5d94b6def4d7e89f6ebc49ff11563,1
e23402c1dc133842c1acef0a2d7cd1f386647de7,0
c3a83486048dba356a8f6638c5cbd1eb12a93bd3,1
fdfbd85433facd2259fa8bbb45bfe2e99bf9f432,0
4b2dbc0f3f6114e544b01c26ebcc0a32064452c2,0
9c4927457152a1be310e4fab1e68bc117a792fa1,0
eb162b8f1166f0d77482feba8c09594d0ba934fc,0
6393caecda2d97279c2d2f053566537282e2a65f,0
9adf0d7f6ebd27aee0124c73037085abdb048748,0
e4e9fc66487aa7386917030810fd468856483ab4,0
4d49a1953e287fffbd10ba2707ed1b3806eef21b,0
234b0060320928aa44e7df5b865f5de33be5349b,0
109a55735e2b93889e6fcc5d8b867451f291e9ef,0
bf1d3e4a2e967a55efcb1cbdd8cbb8fbd8fdc3e2,0
0da12293e16a91b937cb5ceed8163e58a5e3840d,0
cbb192dceba30e10ae8e8fafa98811e0014e2734,0
46faffb68c0f128a9d18281213cbfab7d3eeeddc,0
15a2727d6b5ef1cb84a47d1e2669be31238dd305,0
a84093d9f44a6bda6e624d67d8364ec72d46ca35,0
07a3a08a0f90c515f5beebe153a7173fed16160a,0
427bb00f16b59cf6093cf7f60b9e63565e23ef39,0
b17380d7103fce441782c2e9b5d5a9496fe1fbb6,0
ec5f5ace87a10e14ffef900bdcdd4ac3cbf0be2f,0
81d3a69f6e2d2562ccd25711aaf280a3ebe2040e,0
5ba7ff19b51ad754ade1f2be3367436bdb9ab438,0
c65777acf65ee83967ca394adb6619330be9790f,0
ee4ce5f4ece734cb6d3d9f0e215e42b565290fdb,0
a9159aba0efda305e6985f904072bfe82ee2a1d1,0
344403579a552b26c0a1ab79915b7c91aac4a13c,0
84dcf5f3e54ee40b806108a713fd4c334900834a,0
f8b8f265635dbb5c90507cdb54c6be5b726e02af,0
57f493adef716d49ed1fd2f4e857febfe0a48aa8,1
7f292bf8cc6770c47d5148d92f2ddae051afd332,1
a2db8ea72a65d862ff8250e165f6789e9f0df1cb,0
dba9b7ec3fa7ca6a7eb2cdc4c97457e1829ffa8e,0
abb0fc08e7014d8e20e957e5c43ef04b22353d2c,0
998708dbcb8cf94859b8211ac9787cc48c6e3f3e,0
5baa926c2557412e8e14dd97344c71a46eda07a5,0
a327719970724c1c675625a693d5f7a2f9ac222b,0
067003e1baa8b99f4625a75277cb537f20c31255,0
de7483a6c71316522902b086dbb9319b8937dd72,0
8dd208f1c28e8a54db0eccf53428ec7e86edd625,0
b34408aa82918b6fa8cd4033921d0331d8ef2b5a,0
2228793e81d7e7da0f44baa1222ecbe0f29e6abe,0
b172169d21b352f6339421129f3c3049441b8dea,0
e76397c0c7f7889f82a0a59203ad16a673f1e704,0
b9c2c119c18dea618854e43639284a6eb799c925,0
c01e3e48a823c4e913ebe3c6694a127019560aa5,0
7c46de25bf5f3771b7b16dfd0e68224a4406cb34,0
92735600b4aa9969d221d144f67b2d8bb9bba55d,0
19341af0f75911ad220e23fefd911095e8b0b8ad,0
5d072ef89fbc2532f621a5a0b4d6791cb926a997,0
f98bb0b2b13b21ee7d7152628cd570a0fddff2f3,0
6a3aad23990b7965e726f76653ba3513e5adc836,0
03e7adf353e84c1d447e4ce4aeda073b16bea5f6,0
76e45d6a50da6228c44b04a565dca96432c4b197,0
afe78a030b57e3f74825e134d6615ef4878778cc,0
35ea189f533c703906d9f770dff684c4557b18a7,0
e191b9ca9486f2b4273ed5effba490c27a096ddc,0
2541eb43d2716599ab687bce2a61751a3ebdbe9d,0
27fffa9dcab300fab596843dc8345bf117d0bfbd,0
2df53eb9e85e7151b0115e3d293398f4b8b6a2b8,0
6c870782ecd20e5d460f8454fff316834710d4f2,0
3dac3a6b128a1f945e308091a059c2fd9163108e,0
1da722275c6780c253d1026f39c9dddcbc9ccef1,0
dea25cad0dc2fe6163dfe78dd0d54a385e2ac676,0
e896a18f4c92b81837982ae7d678a8618d09293f,0
c4d46c5a792eb597050c8de9fa3292c729ab1f9a,0
97a7e16f24ec0fa1a0dc9d98d066450e74c75862,0
7857fa18fd1d1b75aece4d1a41deaba9932b5dd2,0
8700816250e849d9f8d0fc402b090aec6ba7ab60,0
7c58d8a9919c5c9dbc1485a21d56bb3f37444060,0
a053fefc0e9349ad5e97ff2353e3a8cf6873bfa7,0
2a819f7e7a34875dad787aad2a2614e9a5ec93ae,0
ce81551eca5b514ad588c020f9e89ef0b9da90a0,0
3c8b03103f9a120be50b9e81f738ec1b903336e9,0
fe93454cbc2e4f6b60d854459ca2dba0e0eb1bc3,0
a5f85b0a383d9983ddf0dcaeb744f7ea6b5c27b7,0
6e6cb12471757b4d2edf8ce110855fa6fa7c7329,0
539869352a5f4183028a3e6b33b4e002c5053ba4,0
56708e632e69a889eec8bf926bb3551ad53ded86,0
1ef212e0629d8b19a3b974cbb428a1f000f1c540,0
c7be7b41fb1a8da249ebba27df1b2f0f4ffcdb17,0
b39bac24d89b711a99962e05131a43b0d6c39865,0
6af248a09f5ca72a7cdbc6a0c0518026d8963149,0
2bbdd4e503e69fc06c5d371c15eec14258eac6d8,0
0bfb0f2b5ec98b5fd85dd5ab58c6a4dd3c0a821a,1
67325cf97946f053da51dd358a9ffca0a9676c03,0
49f8c2a817f811bdc9fc3e7f550a8e0b13503e7f,0
ed1723428847e2e7c24e9a8c3e379fda0c0f7496,0
d4e1ad171208fc1a63de63b4a7e4c08e43edc41a,0
9264ccd2857cc25cabf6a309f323dd95ed319495,0
0525a2659d7cb9f0c4fc4ac2db83d51e3c2c9b50,0
383bfb7be36ef59284c914ef139f075fdeb1a702,0
e8db278a29e0b363c8fe22d2cbcdd7db36b614b5,0
4a141bf114a2434f7379cfaadc68950ba2e8e342,0
6feec370c38a8776be3f0cb17efa720750377b30,0
de71c0e40599310d519cc4da8d217e67ca38847a,0
c8bdb9433a203f585ca750f326678423cca328f9,0
0663e3e8c502118313a6c577758912c326bc19d3,0
0c429b4b93406ed5e5877b613c96ff8d81410330,0
6262740b678153a5f8a4dc2774f51f0691167e87,0
82ccf0ccee1b0981198fa67c1899b38656c0efc0,0
586296992e5fb4d68bf87c7914573813e1fcacd9,0
42124df3e2705bbb53d4094d21d359a3009bc5e8,0
910ae1741aa6324566687775e81cbe3f8909024c,0
a4594450b64b104553edb9f8c8c3f3f82b0cfb07,0
11580a9ab6fd81cf832f52e2713fc0273dd70a13,0
071dbe7c211380bd4bed252c9b7a767279d112bc,0
c0eb48f7e83987c5ed112b82f0d651aff5149ae4,0
1aa53cefbda51850ec04e11d6ae905aefe82b240,0
43b2fffb08b317f697244638f12ba267d2807b9f,0
db99bbd8f2c41b4c897312dbc4e4937227f9bec0,0
9f52fe40e25fe3861b7e8b8f05572cdbcba20456,0
5509eb7e31b74667950d30d166c77428061d6b4a,0
f589b844d1d579e49d760a1245f4ee277d456339,0
43814f562fa349a905920ac580de8fad922f10e2,0
b345cc13ca141727d82d186732ea6b1ec7cab59d,0
27c4c88da63eeedf546d6a4df5f8cddd43069537,0
fe336de8ab46a26dffc47396f3ebaa5bec349ef3,0
13f756d83675e7bbdf62d3375cddae8bf4bcc599,0
5a62c007b8b791c025cf2d4d60bb6da1aad86589,0
00f2cbe0dfe83947126fbfcbb6fa186899b555aa,0
33a52972db9afbe9baf2be23d8faeeb9bab01ea7,0
016222a00fbcaf6870f4552d5f27b7a375412340,0
6b47a571b665934d81ea8b3d000a3b56ed1310e5,0
cbff61409d719d08c711baba4e89e03e2397df79,0
9a9b83857fd20c38a520642553c9106de548854f,0
84ca5c79e31dd177169f4c074da5cb98fa1cdedd,0
a4fc3e9b714e9c91768c04f6268179ed582dd922,0
c6edda83ce73bd42f5dbdb92eba7f9e4a9264d58,0
964a5170b2bb2ea1d96f0d231905711b597af53f,0
19b55afedf54bfc9e3b08c1636251339b2be4c42,0
c9de74f5c44420e8d00ad0c37c3ba527ee6f8a1f,0
55d3cf0ae5dc7b6f5f9f60bae65c1c5abf196b18,0
c5aedf8d749163b93e5631bae063e649781550fc,0
41debf924a462a8a89012505e13641875c2786ad,0
ee0d822fe932fdc7ec46553547224559835f00e9,0
b7cc187a7d2035fb8f198b932c7d78036c933fcf,0
e82b2129021420d2c42af8232c6565b223685d80,0
baba8cc875f5b197c08123b2d9add4cec3772300,0
d7d274c6f5bd058dbfd903efb1746092892c7eff,0
16a7be9334f986fad9c0a4ede14f5d4ac6d567fc,0
def9299707ed1063d249559f0182f0fe559d33be,0
5696c5208cdb00ae21cd45e07f2dc88ea6796091,0
9b24a71e9930d7e929f9413c769ecd412fe830e9,0
511188fdddb2914cf381c510df320b44bf1e1fc6,0
19ac7a8b4e7e5f16297652be8ebaf469593a4555,0
9dde69f445d855be6df986ff0740c179e19128b8,0
9af729954365e6aae60924c4b7d64c5647d8f1c4,0
7c105659533234542ad3f83711a7468138a0d693,0
e0f5d6061f2c212c4e71f6e1b83506a045403bdb,0
ee8a6c716ae0b1253f7d52ba7c3b4a400c03fc2d,0
61ab2a7a573bc575a1862b487d769fbd892db098,0
39acf07bc85fb77c2eb287d05302948597ccc0d9,0
0986e7970561a77ade9bdaaf701e14017d105464,0
bdd455596c53a97ce5edbf616a30f33d278ae41f,0
513f20ad26f2e940e9224be387eafd5d9c58556f,0
63eba2740e08ede085c78b131bc1a9c3f1d5ddb1,0
50402e2c494d0b88f13f80cc76c914dadf350ab9,0
8cdf22e417fd6f62e3052aa79c6c94c5adc167d7,0
c4a7e644a5fc43210fa0a563e9087347e3eef67d,0
e337e7b64e03763bdc2c22ee44b0f3840afabdd6,0
f7703becd6cc3fb77aeb70b0985be837e1fb4635,0
583638baf42a6ca0cdba74d8f0fd9206823d73d4,0
279f0c652ae48942b37dc87529ee2a40a68a4cc9,0
2d11919cb66ef7ba3a6179b36dfb1703f8a89c71,0
c7bd46892111853d766c28235e0fa5c26b091f93,0
4da8e8ad1d29f542306e3766511fe0c6e1e3eacb,0
bf545e4dd3a0414879b5707c8750613c24db8730,0
fd63ffd6af5fe72cbcb1f05888c7b3aa672013cc,1
8730123836ccddede7c3b0e603882e3f7697139f,0
6f0d4ba1d5119792993e8b9afe05cac22a087e03,0
0168aa39fd21b943a60353ed10477ac796175a5f,0
f98f8bf48a08e55d9b07a770dad8b3fb927aa44e,0
28caccb2f0b5829d5904ace52a6783941ed41b96,0
9e151155a15598494079b08e0385aebbd050b999,0
7663775d978c535e35287ebb333dba0f169100d4,0
74138fee26056e9f5c6ada94fae30c06fa8a1b9f,0
b4b03014807c27cdbc15165868c6f615906bb844,0
33604af689f052c8d1dae41c2354e23eb3673e6d,0
0ac87b17a286ad3ed11ad585032d921f3a8c3434,0
70e051946c4f3700cce3a0e1906a5371e24f7d84,0
7ae7af989df7c0754f92b54c5f6470bf2d234c9c,0
48e331a1e81946a5b26542b3821109a148b9e1d6,0
032bcb1481f453ef5e9f1e06b3c70d2bb1dcb6d2,0
0c1a532a8726df39b00d597b089f4468cbd4842e,0
0a8ea398409f8596edc29ae4ef8a6c349c6e7af7,0
4b4037f1a822a0107bad4ed366e0cb5aad4c4269,0
32d58f94667615eabe93258d0ba38048f75ba148,0
3cd6a2c19f46fdaf8396f15e15bc789c745cb9b9,0
5a55a774056b400f9fc488fe8519bb9f73d02ceb,0
28e27d5452bd9cfc707231b1b3f5234422711109,0
7f15b0e5cdb5c92eab77b33da0eaae6e546910f7,0
30c441215596f5683aa60d60faab027040cea9b3,0
eda31906bc6c2ab4a91d77c8706977a3586a81e2,0
b6eb92b48d44f4690b6725d0dc91635950beb4a3,0
cbdfc6475eca76923f473ec3b34ba26c5dd77362,0
a74b6ef5632de238a9cfee97a9dddef1143b880a,0
3e947380d02dbd6d8f4e7590e3282498a16d6d32,0
626bad7173e456c2af4ab9fd1ab311331a7b69d9,0
fc28a719269de923c981b97c1c366784183c6d56,0
982ecd8aaf88282a64c96fd274bac94a405cc419,0
328ff753a9b0e231f3198b2e5196219b8740f8b9,0
54f7d7392badfce4b44e834146d93a6cde58f904,0
6d8ef99f2ed43b9f71005561af57e50c3b24f7d0,0
9a3040cefb70a20e34b05a675d8a485fc2534dfe,0
0d3290e74ffdd8be397d14fececadca5516202dd,0
f72d37ad6c961eaade4c79ca55f88867c0049116,0
74ddb1257444623206fcbdd8d0ac5e98d57ca2ba,0
ee2f71d9fd2ce253f53de137950fa90087b9f565,0
5a23a77eacd7f42931f2cacf81061792b5052040,0
5666a202cb526a0514d07874a2dc33375a5b79fc,0
1e0666d90d8a12cb010265ca453a5cdfadf1ed77,0
1def234150d41b62a9b950d2710c3e679551145a,0
fe122baccecc1689d128482a45694a0c3e293796,0
7705470ba1ca2bf95f6442f06f68f007f33a4aeb,0
9afc2969a3b491476525e100a8a542027576952e,0
586d223e8049873dfa350e5f575e3c03e714dbcf,0
effe551657921069b871519156a934e4ef3ae916,0
09d8687ba1612f43769d72489a5c89d40d168718,0
1d2efd6dd123884324098eee62871e007268333d,0
cbc5a146154ada255d491d6509497d0d57bad336,0
4271d0f15e0b675a83f20343eaa38fe642b09e65,0
d765941b4ff45091a2435e98a007d9131293e96f,0
a1f4d43253ac11abe8cf3ed53876dabc885d7b30,0
b2dbfb9bbec197bf57cca03f47253d9551769bf8,0
9c38fde99627d7d8cd7ffe3c7bd704824bab0960,0
e84d32281523bba86c06b457a78cf092902ab2b4,0
5d3269b1c5d2bfed8720814b439830a00f64b36a,1
7197abfd17530a5417097268a1e18a685edc5889,0
05fdca32c087afeff5f0f0901c52cfb1264a74cd,0
bbb4c8810247c0f8697bd677eee0c9895235afcf,0
5f3e1cecb76c4eef043607ee231f50d7d68c9108,0
9f0c54042226e1b19f4eb48b8f09885ac2aa221a,0
0f09727be891a123005992eedb16963ec14578d5,0
750d338864a92521f4daec993af7ef0aba9d609b,1
a39385a500fc0e8993d967a8025b931d3337ea04,0
047c2346766d8ac087dc6573b9bd2b26cc26ab51,0
676aa790441780aeada06499fad9b3321618ebff,1
6bfff9055ba3db5df39445712f28f3142de2f92d,1
97aad922da38e9640bafe2011d1f437bd7ad7c95,0
f4e275e781db855eda690fb3d3b48ceb9476adf1,0
4f8452880afc3fbedeb1f16e1b72035c9305be30,0
efc754a67cddd2dfd0015498b2ee5218c6025ef3,0
db1419aa5f6e97ae6a8e97b3ad4dea6e063d5c23,0
1de6355b694ed9d9e2074c3dfb5bb4f3d39e6611,0
f98a1ddc19803559812d70b4326db9c70404f0fc,0
354f627aaff8fe98d3c71fcf0a7205164fe24068,0
7233bf46d9008b026e822053d793d38c0f6d92c4,0
db23207891d4c88a828cacff06f799c39dd29c2c,0
939844833ab5546c9273b5c55277e93d9e9fd247,0
128bbdaeb8c1efac79988d1e30eb628a920635ea,0
fe0db49d62f50afabf12da2b9077ed87c0f37ed1,0
b0a68dbc52507dfff51eed7ff625cc37dbebde0e,0
e263a7cf75537a505a69015bdf2312d4a1a0fc41,0
f9e08f8eed413e17c5d7655c686e7f4019779950,0
8d0e9d6cdb87188005ebc9fe839e0159031b832e,0
eea8de41c795daba85cb4a83d8d77197977812be,0
8f4b3ed54d8ff4eb8630030bf6d228e5370109ee,0
a91ca38521db0045d0cfe0f48b0ad21e70d51459,0
7b9147ec56141908a88d635f8d018b7b0e80b3ee,0
5d982c5fab42e707bb0b97b4a35ac966cb5aef42,0
493a38aaeacec2a9365e055ffbd7e14bd14b24af,0
51f1efb7c432c1468771c0ef9075e09a0f18d8d1,0
91d10ccc51088e92ce4abfdd6be3460dca188cb5,0
62a47bf10c42039875bc9bf7790feb470b3205aa,0
30b68e2d9297d0bb98bdfe5f976fea1106d35363,0
f89670bd02bc20cb858ac6b05d6fe6332245e47d,0
8d52f694da0484cb2783a8b35dad845322af0c07,1
b614ab5cfac7fbc5d022e4200aea94c607fa74a3,0
766e7eb2f65b3b523111f0e9156867ffb446cbac,0
02c9bc67445bb77814ff7aae7872c24f1ab5b072,0
9da82a80ffab419c16e9676cb1ae48824e5d7368,0
6f9e2bbbe326f4860d75b3bea19d6cbbda13365c,0
38aff305510134dbb494654a2e2d4cfe3a8388c1,0
30a51de13c6f80dbf9e64574f4ee89f5e05a7a36,1
13367815a956ea794c8edfcb332073734e5ab801,0
2009a2c2822ef99585be7ec2ac2cf00ba22141ae,0
8d0d2d84e983f3263b9a5bd7f373ac375ef80613,0
aef6e9d956a0e397256e56e54f9699f66b894418,0
7f7ad68bb43fc7fbc5ef0484c93d14448037869c,0
12ffbf22d69ff3e541a343daa4958c384387e94b,0
df222b587f269258bcfea19e5685e322b6c8be81,0
762c19ce7d1cf52bd6f81fc4986c2a8186155d16,0
2b6de2868f93739224c288d29fc05491cefb9236,0
c2c637a77c872dd974907ec103a3ed651e7cdca5,0
94e598fb9bb824fa1122dec0f1dca855b607dba8,0
e265b47617d8092a90f4a3d9a4b0f5e5cb6cbde7,0
821f0dc343cc27d1c326e164d5628f1edb11c4e1,0
de23b79e565770939f157c23fd31ad91c1466fe2,0
d0d45b1a8ef4e6bc1b316609f66907e6a973565a,0
c2957058bbf70cd836eacf0de4506b33d417ef54,0
2826627bff3af59ab8f1a6563bd40e2f2654dd4e,0
a4c94636dcb45e3d2bf73977f844fa538e30f646,0
dccf0a3b83a7e7c6205d4587daec6d14112f3104,0
6832476769432948acafe7c6d27d3ad13a145c60,0
f42abad400cebaa3f8b0e2a3b323d733f55a6340,0
da93d3a20a78d9f53c17367567b79c7ef14c87c9,0
88c4d3ec549cae81d67845e3dfcc038986eb7c19,0
c636df05463b66e5463af8cfd51844cda1c4ee04,0
cc0d68819f41dbc2789dd00890f826e6170b6f70,0
f5c7e09482c838b61e032db4efefd0dcd183fa4f,0
812feb984875881325a1f4ba0b917bc405f146e5,0
88c45dc9b3cbbb0e90abaa041f2ffa0b3ecbdfdf,0
38e33010a472dcba109bfd26c761805902b723d4,0
a4fb10de761f6f6608f5f42dcc4c0983e246cadf,0
d16b6b5fc9e752f78e57932f26ff42f3a53984b1,0
248e53e1f02ca2b1f83cc6f8dd7306f1091a5b2e,0
7052050b1d423e15063e4c98792a6418d564f987,0
0cee0fe1d42f73933d8fdfedfe91bff8013f0bb3,0
587571dde227323b50a1c43dddfeda38f18c3adf,0
ef58d2035c9a23548fc2fa22a0464c74453d9d9d,0
556dbf37fa14e5ad080e1de982a4809a57ec52e0,0
e2e29c349e41b3b87ec501c3213aacd0e9b2ea2a,0
6aa00766b9103d75c763160280429af8e1f0549e,0
efca1657258b7555b80bbee207a3221489b9ffed,0
88776758f4df1ab57d342594fef650da022461bd,0
c7ae31daafdb5f19920619a5e4ba7b4c15d6d135,0
f5e85b145afd4f2d8fed6c81fddaca3a0d0ba1cc,0
db4ca63284dcd77b38689d14fb7a46c36a814e21,0
0cb77535f31951102c93c5b215e23d960e9defca,0
11c95251bc5923b32fe3b8e9fd9f0fb51c563c57,0
61bfd7be89e97e204caea839e37c67c6f837a710,1
6386350306daf5f5fbc3fc15ad291804c9349f94,0
ed8284beb3e41940bd1ecdc8607458a97ee8a148,1
8dccdddc68935352e7973bd5f0435ce07b87468d,1
7c07e4fbceed02f8f06edb27b891a37c42273c6a,0
aad956b558052102cc9335144c07e4488d374afb,1
106c87c9929f92d31498b14dcca7f059e4d730ac,0
471b9474838ad4edc5a44a15f14c6d8f9d5a8652,0
67d7f975f96186518f045249410794eb073df1c2,0
0c7d426b3944ad044c0d5adf144227eaf4d41420,0
cfabe8653e672898428d109122439387fc38247b,0
963ab8897bcc59620dd6038641c15cf157dbe630,0
038e3642bcc23b682963da5ab16623fd9e560e2b,0
a059d822b4b0e9056862c4000e5275ccbddc1835,0
b6f7a6a30cb43868e7e9b358d78c99ec273d0cfe,0
e396937a94f9d654bb86589213ed1996f9172ba5,0
97bb85f023302dfb14b650f6cd2f5a23b9c4689c,0
43c87acfd5b32d469ea395804399fc520fec7861,0
3789b1aa9669cff2f434eba56f57c500662ead10,0
3225374e9f6362a4a59d0cf8b3da9b92905bbd27,0
3ebe52e2a37ff49ffa2811533023dab3d3fbba69,0
4740a19f6c6b3c2a96d08879abe6773885086758,0
58cc48071ef14da7489cc4b04cc9f9a239419eba,0
6bca441fd2acc7ee8f548009e6dbaa977f03b681,0
2a07afd1124bc9f3274acaf6ea66548e5e60558b,0
03027d8ff28929e3e5a618a31e9bcab0c90d0c0b,0
965f66687351e0abd445925d0497f96e5656ff13,0
3d12a7b2d9396c4f643984c05686986d735e31c9,0
558e03e490f2f81c78bedb9b3d71dd55e75de5cb,0
fe6e6f9fd25f770dc2f2c096f98d9c2d59b4b166,0
3db2debddb4840f415570f88fb4a7794724b7930,0
47e352e957002f0fbab77cb28b307ae767781b74,0
8575fc5a20851896abb48f51bde5f2a0308b7a4c,0
ead06971b3734b3004598097da833ed12b8ce47c,0
50b699a771c16cd7d21f2688a34f6a280dd5dfb5,0
990feacd8abe2d7bca65c15b681a543f7318abda,0
8e0d0702ed72e97e3367cd1fc02ca34f563f28d5,0
2ac377670df3cfa4dfd0ba893492fd9c5fefec4f,0
b5d58b76eacac4f06e090038effd782c5151c8dc,0
688efaad572cdb911f35debd0ddf6c74d4383626,1
9445933a5ab9e9c7430e22770bae4f4fb47bc3ff,0
ace26ff3602d547c8e67de329f1e77e5ae6f893f,0
1d4a1324efbb812ef246f5f84375d635b8b3e6e1,0
6a811a9712db7698503c6e5cbab4d007e581d2e3,0
d9268becee9bf53705e74839d9e1eb5f7e11c99a,0
fd4e128f5e2f10da63337b1c7bdf03ebc5deb935,0
364c2bf7f42e7679d910548d931be24332eaf6ad,1
5d4d09928e154d083f396a1555da72dfe9d877d1,0
c07589baa429c2ab306466643cef3dec31d1788b,0
e36d53170875d26d59ca94bd376bf40bc5690ee6,0
913218fb891c1b1c5a1286f3e28e6998b5c28084,0
5a8099ef4749a671c34b249807500e78b66fe7fa,0
06763772ac6b9e4a8efa692933d3a1512d9cb6b7,0
dab0f567a0612c4ac753ba9f804d9d9678bd1fcf,0
bda593df0bed555aaf3a42bb60aab5f987981da0,0
e537b01649397987f67d7cfc1b07e6b8b5843676,0
9b775e7fdea6f132c268b1a85852047bba1c86f1,0
6573ce704ba1a14388a7431d48f84d304f9f98b9,0
16d757a320cd2d0070ae50ab1ef86ca65cdea1a7,0
bd952dd5213b7ecebd7255d7762cb4861ca0c825,0
9dc08c7c2ec05b3f13d77469fba08e2dac9891b6,0
6c5ab6941902f215bed9dbc851f4795f106f1c7b,0
0dccac96db1c2f72249f57b18d5cd9f95410d370,0
7699b557c6f9b8cb553de1d116f4d129b79db05f,0
672e602eb46bf786d152fc22ca86ab9d22a1cb90,0
92b498e8578ea93e774c6fb4017d497cc7dc30b1,0
9ab1d578dbbf4b555b5a303771dbc0b11935a452,0
fa9495659ad20bd0fc275f615f30a197a261d6c4,0
1af441b06b44df997499e6350530aa3b0d7b0b2b,0
7c18f2d39d6d34b9781b647350760f8cab0d76d5,0
4fcca1539bd277275421ba1b2876df0c6b820cbd,0
c395904915ca330d8944d74f9502c0f4bcf65907,0
199dd8dfd1cef867ad8712c7565f090f81be0e7f,1
d829a225f4c3a7d6ea8a36316691d1c2e2c0a767,0
41dfac731ef973b03f70d8f9c01afc67bc5f311d,0
5e62d0ee12f21aa65f97f8d5b7f5bdeb938ef93f,0
a4d187760b94ab4930421148e8433d8a6bafd1c3,0
50d455eb8ddfa11271880265319fd774719f75d3,0
a1e68a51892419f53bf915002dfbd5b9713a9016,0
52ae2ec07d6e0ea14b94025b58efae0cb4e45bd6,0
9fcaf4f59776468003a7b07808cc342b1076bb81,0
536a95bbe84492e448fca7f08d58a983dbb97482,0
9161caee9cb7fea1ed2fd4aafb78e295294e5989,0
83c5d516f385f95581fe01dc3a0292814d0fc77c,0
e4c65e5424fe7a7c9795348fc855d42a247f0c00,0
262ea673c113c265de123195ed9d1860d0ac060a,0
64926ebd3cb0f771916946b48c774709d6308356,0
24330e7703383c78411225dd9b99ebfe57b31ad5,0
59ffcad15d220c2bc1f70f01d58bc31dec04b423,0
bcba0cd22998d550aabf806d2ad58407d9b91759,0
2151d04cb8d05c5104caa52398119630ebf7fe30,0
7d30a3c949504b01785684c4a342c4df7b6e569a,0
67bcaa51f426a4f8b508d867d3f17ab5f0dafcae,0
0a331a177f6926f1e68fc4a3a52e6142a9bbcbe6,0
d731b2b8aabeb860f67246c9d7710a820fac1651,0
2dab8d5764bf37b92f1b422b0f3e9efeea1f85ed,0
27830ee8c22d74464fd3cae4e662bf0ba97e887b,1
26dba5e845451a1b9c420b929157bc2faf2c2b16,0
45650b6cbf5f869d834866fcbb30fa9530cc640b,0
04824b0a805fdd9d899f6dbc98c06a111f39a11c,0
0458e66da1408078ea123c2764e86ea4e2074f73,0
7664bffb3878a4a13c9c8344343bfa082e379585,0
9c776ac176dced5b2f4aa24e58d756dc50896bc3,0
64feacdbcecb9d6df4fa1b75f77e38b2e4a16e2e,0
90bce82895383b31c1074b4c722c09471c9a557e,0
2b3e2f7836eb0ef2c2dbe4b574a7189b18784d96,0
dd7d8085b2e0889064f5fea9a3e1cf09e59fcd84,0
be4470e4d63613ed3e3435e263fca1d3c1a24de6,0
68dc75c1412b08ba8fba97307a9939364a1ba8e2,0
be6b30ca016c6bd2999854746255669ca47a215a,0
c9bceeb3b4674be6097ca707de6e448efcc88c98,0
a3bfb6a86c113a1a8a6fac075141bba63d825e25,1
69f23c4d6befd569a669fe3a5f263e64a7ad24ea,0
a1b8a6a4a00d1ce0993f6f8ee5812394c995c550,0
947f219c9f67b39d8e6e5bde9313b9d09286f8ca,0
54c7fb02e73cfe4b99d03ef3c7f585cff1eb8989,0
b6aa5a118718a397febe018a6d681b3cf3b8bc91,0
8c86733ebb9b232a99869d9d307f96f642249427,0
a2b7616eaa341fa52d57746decefefa0d8cf98be,0
f245b378bf576c10066a3ccebb3ccf1dee14f634,0
de078757fc4d72e182839fdecbb406150e1ba2de,0
5d1e3655ea235cbfb2009795c41d8dfa855d7bab,0
cc3c508d2d136b8ff1f42998aa8ef9bcee37e0dc,0
710fd4b35d8420eae93038976aba114d67ccb9bc,0
8e985c686e25569569e85c767a44f9b8cfe8f435,0
d3d373607335ecc5e2a80188ec3d720b2aefc533,0
f01b779360391d214b49f9bfca88c295c3d7c294,0
989cbe30e5364f689f35fd713c156c2f97af5d23,0
b9261d8a0448c5212ca3c855403da30d16e6b277,0
aff2e10d345d46dda7debae5b54728b2f97f5981,0
b123f5b0c0b58a7acbb2fa63da9750ce80b6b474,0
12e4b998946660e366e3aad673eefbeaf8437872,0
8f8480c54e3eed07ab07d88e821c0e0f8c6b284c,0
e7e3907b1343f45b45a3742f0c7a5d103f383a28,0
12d04afe471038793547c66e3d1f511d99da69f2,1
2cdbaada49cdce94ca84d125fd32be7784dbf5d8,1
c17f15b76bcfb18da8fb2f69c2226247a6d40ba8,0
8976a6086492472574de365397626e6218b4f627,1
398df52ea92f1b6f6e4cae0ddd69df69d5fb8b42,0
1a3e5b2899b2121b211f30afffb658bc69053660,0
146b51aa55cb8df4f69a8389b58d6440cf405db3,0
02f205701e0b57c94088b3de4ddbd212698c504d,0
bde5c711018f738325bbbd0215a8b91082fe6021,0
a084b0e44861dafc8f3973dd8c3eb570b140b9f4,1
4ea616e7930795fc334d067a0ccb7241fd153493,0
3ef56378e33ed5ccc296806e4ad6b8c463e5979f,0
f55b2aec0983c618f8fe45aae242b6864a14579b,0
a8b943e8e4fcd4f21426c37e44bef85dedc20f49,0
5ac48bffea4e0e8b472e44b404000af672fff876,0
c8f8c3aa9a9aa3d979a2306c90b78316e36b15df,0
032df74d1d8ede17e6205cbeda3b9991cf7282c9,0
e62f537b2ae7a8d0128142ba7d1c774766bf3cd5,0
55bae88d398feed4a3008ec5e97eb8b85c983b1e,0
34f049caaa1f9048cc7385e0224136110bfc75f9,0
19a257c55e3efbfa1fa5f8a91f60dc5032203939,0
4e02c445dd373c6e4f8842074608bf8445a2371a,0
63e028e88d68672093db270fb08008654c8261c5,0
a85cd8637c36da0328f4c7bedf2b4f412c2144f4,0
0ff7196622e40c97a49ea769939daeb3f44ad00e,0
b1b9f1af948b0a7ccef16c9a5b8293fba5d56ce5,0
f551265cd6e04fc0393cfa6ead9364412f48df6c,0
6ae1acaf3e6a2f57a1f1af107293f9849250152e,0
8463d421e686c6bd0be7411e7518d956700dfa9a,0
182f03a4dfba5624f426bd01ff270cdf572deafe,0
61b60430e8fb7a512b32865bd65aaf9b409612e8,0
87737ab36f55adbacd541a9202cb662d20db932b,0
1d6feac910975c5d22b66b7f2a46ec87dd844d66,0
f4958dfe7f3caf7ec00c1bff134be507aa6e1aee,0
b5444a5e21e32ced46a346edd696853bd6345c81,0
c0e29f7e393163f042b9bfed8da71536041f517b,0
bb5259cfd5fa5f943d2c2d972047d4c124008fc5,0
a9039dee0f112ea403216b239cd3bb205d0c9ef6,0
8437c21e2a608eb68221feb2d70c4cf6eb4d9bfa,0
aea44bd13647590b549658f613f65f06cf8df0fc,1
1833fb0792fa0dd3e4a3a0d1b5eec39db5da7848,0
62dd09687a08f660efbab7adc9f82ae501fd840f,0
9f7b69e843d9f039b375c1d2aacc05d4e49040e0,0
57ca8f6d878e3ff0955904cc9e261f254c0320b2,0
211174c5242ef7eff06b2edf7ae74bc55851d2c2,0
6c58d22a2a29e7eeaff51026dda9a6c1cfb720a5,0
f584ed909815d3020e718c8dd9c1f335c7a1543d,0
9282a0c816daa49b1d2d9ebc02a540021cb491ab,0
073fa3e583457e97245c0cc5caccabf04ac691c0,0
cf971eb03a5e1bee24a0842ac7eb7d5b1ae4e5c7,0
5c8a6f44016a12aee9e485d94fc295fcd27375a6,0
cf5c462807a137b823a3155dfe9800b3cbf2303d,0
1daa7cb1c8d2abe9caaa4c6f568e00217ce18da5,0
03ad89f678077b04b9b28d0c4a5f6d5892a3f9b5,0
2413cf3c607371a7b7aa9d37a9e5d916814a4799,0
18a393565b1525118da8a1bcbd394b053ecb04d3,0
b04b4f533d82da73e2cd7947a7e6312fe330e1a3,0
e3646441205b9271fe2bad0e93088304a8db5a44,0
bf5571fe564f7bdf2dcedadbea60f97f48a17ff1,0
32eeb20ee9096257520cded0d1af33d4664f8619,0
1170279dc85c2bbdea594b053c56b379a72a2104,0
8965e5ef5854c86d1b7fb88dc4667ff117ae476f,0
22d7a1573aab096fc9b1567b0763546922423da0,0
740fe050f2599122e8a4175e7c4e384ad642a119,0
da3a87a40b0afd46ce1a556411143bb5fa1d6375,0
b1e2fe6115f7adcf8386d224b82f455dfe14e30f,0
9d8d86f7068ff29703ffb4349a1dbae430caf202,0
2fb7792425fc70681544b7c399ad4e84996cc3d8,0
a241539edd2a63a30062789a3c425c9a10f9f68a,0
b1c02e4864056300a9c6a1767435778103cc848d,0
17b82593fd3f1d8574156ad272c27ef2156fc14d,0
ac05a9a0ef09228ab5d2d5dca4b498b25f0ffa80,0
88f98ed034d37346ce43c02ed581b0bbf37b6988,0
c10347e5bef291ff2514016abc263d1b213d6571,0
25cfc24a8b52ec890f9ab3e0036a9c7c9447159a,0
3ae9f7d2b49a61f7196f5a8131e63459c38d2662,0
0031a91ba7b5b580b28fab5cb60d683c93e9fae8,1
6dbc1b3ead1c3d3510411b7bbd5b5dd3ba0541b6,0
8314cfed9ce43e0487b2d1eead5996a972ed818d,0
94e64536b14fb6d0726b21af9358a1e0a890864a,0
63c6959e5a54f6770013668701be2486f516be7f,0
4ccf5c7290377b471715eaa78f340fb5c596cd29,0
a300ac4ef53ab316df8d507b5953d2328d3bb8f4,0
3fdb1c369b9d805af90c3bdb1c7943c3ec691a19,0
dbdab57a6f7aa4d46ab542cfe15bcfe0c7901b4d,0
d58ac89621aae78f7afcf3720f6b2ec1396beef1,1
55c1430fc712e4b64fd4ba08660c0c8b4931486b,0
caa0578b7235fbe330022d4746562c0f94cd109a,0
6ccf35ec8e3518d2bc073440773a9d501baf555f,0
87dfbd996f7091029ba018ff13fda735c15036d9,0
033a3174df6ab1c4a49984b4bcacf683ae9a4e8d,0
8076962b9187bff55faf77e5cc2d29d1691a6a97,0
33368e1a9d1fa6f960490ceace5c90d9dda80924,0
6b5f608599ef6d0647e877245ae50b544c082ea6,0
6cb913dba00047423d13176cd92ceb4c86d4ce3e,0
315fe2d7c561f8a7f275256e0b83a3987c5a9162,0
452766179b5d56491d40246e2c7f412f033c79fa,0
f3fe62e5100b38e7596ad4e2385082d7c0f47a22,0
ea6fc33434ba8b111e8dad9baa29d4ec0414ee93,0
c4251acef1beb1f164413b94ba526f399b8838d6,0
0c7f310735275b001264f62e54accb8c78ef2144,1
3200c5f8f6ecdf03dbe7d1bc97416986a234ecb7,0
cefb51414869208b4292a9a5cc29261ae7cd35b8,0
5236eb0d95ac51d03ee8d5b412497ae2b22861c8,0
9f48d4add42a7cdce1dc7bebd1b32daaa27fdc90,0
0ab79cc7801f7f91bcc13166d5e0bde5a0c3e52a,0
5db7f804522957c408a9db89b69715d71a0fd8f4,0
027d941954b6e81af5ba8acb7d8e5399dc6232d4,0
3278b1ba9bf131a247824aac255ae68e017a7e62,0
508f46640417b3be3e4e58e751f51020979d1ffe,0
2fc63ef30b8846c693469dbe7dab9855a3fee102,0
41f2753b44c20aeb7c64fb79a95bfb3bc7dcfbe3,0
84f52250cf6a5827ac04a0f6d8908c39a43eba55,0
109f81a88121c443d7129bb62e84e96b5fe92a38,0
24be3c7653d8d8baa28ca1505f5fcc071da14839,0
b2e74b3a838adc261797eb0b4743ad94afa4c65d,0
f12b0136f79ac7cdf74270b9d6f04e97eb943b52,0
72aba063d1703b0b37801bd04e4df07d49bb3c92,0
e3daec3bb2ff25c8eb5be128f102d7acccea2cfc,0
d8a496f47192236d35e156193c55d52beefe4030,0
799205251cd03637ab03d35a87f64005e1838875,0
022490d4748844f26e2621f3aea603d87187454c,0
2f5db12da6e4c301ac6a315a8991bdc0e4fbe50a,0
b37ba99e8f838e0fb7df77bea2fc774d5c8e893f,0
ce7f497cca137a9efc97ab75e4f4ea0e30f4df90,0
642d6594b461bff2adb58fc4ca88a86a7ddbf8d4,1
4cef5296135cf1a056f44158b00977239e4fc3ae,0
b1dede03147ca84376b4c3a26010229b2b20c105,0
50a7fdcaf8fb9a684a96568ceeb8643b4941c475,1
1e8705903be81c83a13c622a82e3843753537790,0
6ab5843928a7c3dfd7093e2d2d33cdc44b43ea67,0
05f4b42cc0b32a5273fd518c8efe7fb041e9baf6,0
025f2766f7c3db20e508f07bd0f17c4cb0702bdf,0
a3c8c6f443cd89bb132da992a791cbb84419e00e,0
47e16e5bcff38e7cde014b3c78f3f0b4be69739f,1
3f8cc6d5f6565608b0146f87137ed34316bc4eb3,0
eea40304671560cc0ad8d516ce6e334c54920da8,0
28d32e9cb656d8df391cb36824e2e0afcbe3e375,0
56c87a17189ea320ff5799f7d10789ca8d9ce958,0
7af4ac7cc462cc6d0a5b371b63fb8d557a9e6a2b,0
aad6359c39d59176c51e0d4e5ee31def1bc10077,1
96c5e875c2227622d445b095e7123e89caf8e2c2,0
91b2c630d0c9b3091cf4da756481f68bc1940bac,0
0535d141cb38f6d14803e04841a4467bc85a45ac,0
90c7e6b4b1dffeba0012b3d5de5c277347b76761,0
f0fdfa63b9e1e479a990f2d50b8878512ae6a980,0
492e9b29c6a9e8cb826bf7c0709950a704e754e7,0
fde4aaaf5d92f18938bf9d3c5477dc4d6a0daff0,0
71a7618b3740eb9fe759e75ab23dcfd6663374df,0
e36e518ce959a8fa68be4f35d26d0780a73e13b8,0
4b62012c3c1b0cf0182bcc8d9cdcb86c360327c9,0
94afbe4621736c8183f0145f779f86e48cf2d4d6,0
bf48fd5f8985c8d24d5bcebf7064767c7ea5ec91,0
d80edebc9481eb3b04da62af8d39d53bff19b8c8,0
25aaa9cba84ffd92ddcd670ffb1906f1743fa833,0
33b0f21c557b26de02b928140ffbbff0c3b6e11a,1
ec29cec2923b4654d5e30b4ff83c1d9a39e1682a,0
b20daf593e7ee4ab56985be269dbc03a69c03a4e,0
531aaa5b972e3676ac1b255481291ac3392a9068,0
ec04894a074afd40e7074c83c9e3c27f4b20b3eb,0
2316361c8f5f419358753856656308444036c5bf,0
288d6f0a6b2a0beed8378d459cd674186ebc3540,0
a2cf54639b1655d9059d416e6a6cb80931940a7d,1
33e9a899dcc38a2fdcf42432fb82024d323b0c6d,0
63a1efef1d71667220a506b3f7a79e8642c5c712,0
7fa02d13bfadcfe8fe98c208355bad3b9489230c,0
0e68a33a9b8f27e592f79a563a5c9a9644c8b21d,0
8de491fca49be301f9fa6e625db3d048969192de,0
208700cf080ea518c5d817fa8de3a3bf59f3d0c9,0
22366f5c1db43f88e3d1b181899546e562936586,0
9f9e1a44fd97517536c9d7182e5af24f0382a510,0
ec0c8d92b0c3a80e147e788d9d777ab77af928f3,0
8af6781fb0e546cd98cf5ea448c889e799b2c61e,0
9b1703048884a32fe3039f9683fe1f6385f02f3b,1
0d703c9ae9f91dfce8cc41461dcc1e3a75124a9b,0
40c1f9da2e0b4da46ff2615e850d5a8409f6aaa0,0
3a3329b67ce7d236f80e1ccf20b8545d3f92a818,0
e1a552ca9756d5a38506caca085a832e233d8c5a,0
6b5be79e80c75b2e884891e2fd95a3bb0b5f5c55,0
25e4fe73af83f213e844b5d6c017b0190be72eb4,0
30cfa7388621148327d05f788c0daa4627e44808,0
1a15c47c2a1637670d40191e2e07d06b2fde8e80,0
8300a3a07c08434e94a6d27f76fa1c62b15c90b3,0
f924ca2eb6d11ea23504b1d54103ca73ac83fb8f,0
87b0cc56bab13876e79672c7e2b3b11410bb1352,0
3c0858a1fa840a6eb60e90910c3a8c6caf98334c,0
269cacc949e8c1b91d7ba816cf2ba3f9fc5fcf91,0
5d361eba20285a01e05c75009bafdbceb4aca842,0
ffbb352a083172d12edc25426f7b1af4e72375d3,0
745dfb4a1cb8ea4617ba150bb47e6ff6840c9e8c,0
f7326964fe4cbfad2d8517d0fd3d2f5a5344b13b,0
835ea604043d34ea656c2fcf8c4c18c0abe76d5d,0
9693c449e70b6a26d1a8877649e2b0ae1761f22e,0
4b6ebbb08974d2779422bdc3b80250454b60cd2f,0
3659e95e75a519e611724217f8b7b8675c832326,0
17d58dc003d5bf80444bf90fa540778b36c3e346,0
fe3aff9a02f74a286112caeba08a294600a87289,0
6ecb37eb03ab65c26e7b57216ae82715d5b08bc2,0
5eee5ba4cce5970c95dfe67f8bf457c8ee1bc89f,0
a193bdfce83ac5d2cc83fefe2fa49fa6559328df,0
dd41695731349f69b3628fcb4854fbe52bf795ac,0
91f7b90922d11c155c44c6ea92d8f471ab3b53a4,0
d8fe96fbe09ae5f7d644c55c4d61aad6132870fa,0
2533e48bad897c52e0431fa63b9610d596611eea,0
d7545fe76f8e67c6f0512fc2b90de1420ed4d7a2,0
0950b3ce959f2a9463470aca54991fe96753e66f,0
c8e18acab6f019dff888f7a619104ace7de2cfb2,0
b5fb42a255f47b2765f130faf998552aa3bbb648,0
e0e0609075f62e01b476dd5125ef408b7524ed5a,0
0a706bfa15bb33cdc7a0edadcbd7f2496bdd9f24,0
92251d21c20370d7d79d510b4c78e05b29383bbd,0
d8caec182f2214ad49e30f774c42824d698a5804,0
690a19da17375c9907534fb31a2ad3d177a20a1a,0
2e11ed7e7e2d3532b51ae22421d2f78017f5b50f,0
6ada74347e26f1d94e391bb41e3873b8739cc99a,0
0cdc2cc52d8ad29b619ad535986fbb358cc9f7bd,0
e9814310ee45df69b8ec51581c811e2d584f172e,0
15e1850de92b7625174cd95568332feacb2fc415,0
f7c09b93c2386c6928a082e96d1ddd0925a19092,0
f9bc6b9962dbd80e0919c05706304dbe0fcf80f8,0
50d97cae83e3e6d26c062b5def3e8a29afed00ee,0
027c13d4d6a214b310271eb4db88496f84b207c3,0
2ed769a7ef84a50d6f01894b0291639a0b2e294c,0
02dc8c7e77db316553699f0e371f3e7803d3efbd,0
328b693dce1d280ca149f7efa67c24c2d31f6f71,0
1d006b0bbdb6891df18361fddf2bdea29e3b7ef2,0
0e035427fb7efb8892e15594810687a3d327a651,0
c6f1249b3698a7151be813de1b33ca99837324ef,0
bdc067102ba6595831ff30ff957f048c42652b39,0
3bb6e8194c7707c142e5e816b6625335d1f0ea4c,0
c569005b7108c0473464f7bee78384826b7c6c81,0
9a8b3068536a72e13fbc8bcdfa2853313a7066ff,0
26acd219f08cf99be718f2bc3127a41dc33df6a3,0
cea203aefcd63400f4ab8239a6def11d592922de,0
3e8f98cced56c53c41a0bd1dcb2418bb2a440444,0
689338a2a1f3d5797171fa99b96c4984a2729826,0
bc168b2e39e182a5d37478dc001e23f1c3d0801a,0
e32ff6adc2f059b5c70eb5c9ddff4c869c98d510,0
6986adb1980f6296994e9a57c868fc6afd8cfa96,0
487b709f227ea46405d764ce2b1f8f9b8b9f0424,0
675d05709dd0fa4d8b32df6eee0294db63041c0a,0
e9786fc569a2a73767d110ed7287d3fd8e9433ac,0
dea8bbe064f4b02db647965a6ac76af3a27b97f7,0
54640931bd0a5e3aae2a0603774842f32bb77260,0
b188f593df2bd24b8f8c2f14d531e2d33305ec4c,0
76436482b20d36a96aaa1fece95511c6d07f3bf8,0
0582d2e11ce7585c53ffcc9c25c2ab68ea40f713,0
2caf0f9f11f3eeca9cea906929e7366c76826466,0
1efc3cfe76f9667516e4639dbc05158a974f2935,0
8ff60c3e444c84396c54eb5621c829067954f66d,0
476ccd8898ca8c491047a993e2310fe94affe086,0
c7a7418920656c7fc1e42cdd4fb8760ccb1ce5f7,0
90c3202b561339a50c54b14eaa2fb6f09aadc2fa,0
44fad86bcbaab3cc71bc0b844a4f5ef66e6be852,0
5e3cf432e9ee1b027d45e8833beb6807ba35c0e9,0
c76a64eff364dfe74ae9a4cace0b1022cf79b8f7,0
23ef3dbd2ff30ac49fc20599d59281a5aa3528e0,0
d5ac035b851c687b11031e694c40318db09bc634,0
ecb36dc6789572cb6d93a8ee32bbb65d1363f779,0
cf7905f4a942ca0f92e6d16eae2c6eee8d6db331,0
f37d91a5137eb89a9c8053cb4eefc523232e7c00,0
97191772383bc267d16497c884a1c8b90033911b,0
6322084e97e79ddbc810123960216227c3283cb1,0
268dd3f018c9153671215a858be0c6e4cc40125b,1
8cddc2d38e778440bfa1f010be664dd87b349fba,0
dccf793eb78ddc93de1f745f39fb58251fc81ad0,0
58c093f5d823641031e6a4d6655e8dac0a477ede,0
997d8231b9559404aa2447265c6002d6a47d1453,0
5abb5e227907a855e34fd22719836871d370956f,0
9e5ee12e1aac345affebd0ac7313bf04000fd9ad,0
27add961ae6f94fa20124d24486a6e5fb47587c9,0
7a36e6f02afc7fe925ec53f4b503932a8ec0a562,0
5fc886996cfda333600cfe3e05c26f87d20de4d6,0
99c5008d71b61f84a114038b064d58c837ee7ed6,0
ab3f42c7e5d084d0b7a05c747678bebbc2de676d,0
4b2a01082422bba069543dd468e0322e21fca9fa,0
c1caf399806c2181d1d84c8ac65b280782ccdacf,0
f63d0dcabcda1e423b4f70f1923a956cc3ebd6d4,0
464bb1796d2f95fab4e4a75ceedd5ceab872cbcd,0
5b3872f2b89f3227007bc08751e6792fe4a3ff0d,1
9436fa7239285285678252d0043f4686d486bc59,0
941cf6c6f55191f5bdb59b3c85bd4a166b0107bd,0
4e0b338d9871f8f5dae68e4c6f71345e2087e614,0
7e6494dcfbcff992f6c8af187640cf10217ed928,0
db112a356cc85342592d33e20de9ff83372e1904,0
111e91b8f3d71b51edd1a5900e64be844c374bc9,0
2abfa999f08533349b7067edb4c5d368f5b3612c,0
f06d54344383a8b1a2d9ad2c7400259b5da11ce7,0
e07acbbff9fa0706298401441a123a01da112cc7,0
9ec6f62abcf0283ec4d64c85f35e25c7252c0e23,0
709de522737d7d97118560416aad2d4f69a8720d,0
5bb5a5e588ef0c2c52f517210df79bf7f5e91708,0
f2c7194deeaf66ef3c83e24cb3a13236efe68261,0
9a1f3f7593406baba3a7fb5a01b2f3b622d53931,0
6a60c3a6f28353068dfb21267c0f6048b55f6c13,0
8698ec2d5196d160c6a888e4346d2790e669f123,0
2ee073f3eb5da25c88e184ea78581b297f168a06,0
f04a6d47557933a7fb855c1646c350c856def37d,0
1887a9d3d26d28f985da6991d5675710d65d7442,0
9a9ab90365b6244bbb2053080652f65eaf9bc6c4,0
29f32c7bc5b96669a97c6c2446d0f3f284a3db53,0
174d05d977705af532733c2464ecb994da0d2145,0
069578098a65a05069e77e6d5292759900bb422b,0
ce239b184e15b211c51eaf77ac98ef7ebadfc339,0
53615435dbb357c140a5eb6a15f7a1c10a434458,0
c681da4a8412669e8ce1d8793b8b1443df1d4d61,0
cef880c4c87d15e223dbf09f6dadd95305cf83d4,0
c17956b11812f6e3825af5142dbceb397e5ba5b0,0
624ad8570111e173dcad14505f3539741394c506,0
aba6c1bc1684e9e837c72584084dace6ca5865d1,1
26e295fcbe53496e0cf2f60d56bacab5cbcd87de,0
25362de1c6f5f8680707826067414d29604b9add,0
011e77539e7f0821c11ecac37d237a228f4aefa6,0
f6c8dcc99db1929435fd8bb05dc0cf77e956e6e6,0
ec8a3410e55e7fcc45102451c439cc86383524d3,1
073ee87731292eb74b9df83acaf88fc2673bc86e,0
c92f4ac0a572b70ac760612525ebb59de696431f,0
6c289ff54d3caf4940063b57223d03b272ab5333,0
f11021dca612e6bc4e9963248c0927225299a857,0
3f124c68426718bd5870a85930fd075c151ccb33,0
a9729401eb69e3e3a30a552974ef4a1c4d9c7cd2,0
4a60ccc9ac2d254adafb266faad7939817aba641,0
f634622b0e963bf591b1f606d154ff558cdacc36,0
06270b963eb6fb9ae1b6c9635e83ae4177d712a7,0
ca59df82b6c947868938b88334aa88d245a35817,0
fb8fcd6ffeb1b0c4114d25c183652a4ca5b3a993,0
ede1a5e2ca688af0e4bc83ba1aa47acc6d827cfc,1
294c570fcae9ca62e3157a9e7b8293a08e68dae2,1
ec9c918889a17312effbd8b555489103da1df04e,0
4b7b166727ea45b2c6edaf77bdc056d3da6350a2,0
621a3b44fe7971f2362dc8ae48387c48b94fa131,0
447d9982998a63275e78048a1beb081bb50b3536,0
8a1529917f7aa5604fbdaa689b086c04848779af,0
3777327db78077f50f7e7488298588c90c6589de,0
389eebcb50481ac5cb120688175eb946ae295629,0
c388d20a4b41438628c91bb47497753cc21d1af5,0
3fb12de7946abf01216f303bd97e1ec051a65d2e,0
1f37a65bf704e25a0d6b0642ab8b2e74647b18c7,1
4edc41ae11f428ac4efce237ba91654ed13fdaf8,0
0ac9cccd34c88c2421550cfd30ec7cc2af62e3c3,0
d46782f8408d2ae17f8e05f18080db51ed608b35,1
6a5b920a68647879ee26d015d66b0d66ad11c159,0
7b6afbba6b7d568983f6b4481f96e0d1f207eafa,0
7264eea73bc0f9560520ed6c423ff62f18ab4940,0
e4540bba7aebd88d3d4b22e68a6a916ddfc48890,0
305062404737ecf9a3ff561bca985513cee818ad,0
ac500460cc6de2f84921faaa7c65bbe812cb2fd2,0
073bda909983f5a42365728e9a659c6c09464bc1,1
823fe4d9ff7b795287ce5c813b1a0e79d4e81c3d,0
784ddb2e02b273db264b250d1b852eccac0f96dc,0
d4024e163d1cde2c8db1a481abd0c10ef05dabed,0
01afc9d7d01e802ee3a0d91ff47c75041cff0cfe,0
80f5587cf0ea04fa34d58e2971cde573fcc9f21c,0
d853a4300bebfecafd5d73a7f8d174cec6dd1867,0
bf318110372968dd8c940edab471011bd84239cb,0
b575a8b771ac2140c893ce9c8364bbede89cf7a7,0
83f7246c3e9fe1d3f1ad6cf7ea0715a573fe2f2a,0
19f48eb1711427a43a5e10c84bbbf1218a08bdd2,0
5a21350fb904af0f0e0f8d1cc5ce484c7183dd13,0
1056d5ded9d19c3ee8c013d35fa5679163935935,0
50d5aeea6180c582b788aedc44c3ae2c3c441eff,1
5b4212d98988e6798d1ced601a2036f7e98b70e0,0
e8703179767272e33bc097c730606ee03476c44b,0
a2800c889834ee30b5e8c0971cd1efbfa980bf9a,1
2fbbf47aaf12f3efc333caf06bb61d63472d610e,0
5b75cf83b2db408f8228b26910a8d3d3633cd54f,1
d43262058d2a3530c4d7305ea1a1e03d7001bd1d,0
94d8c10b757a5f85012916255bb43d49f854a3c8,0
79c97ab6a11d8c67914982bf2efdc82009de977b,0
218a9e687dd42de2d2bc43eadec6f02ab685f410,0
ea84049a791cfe83d9fb93e0cdea74dd362b0692,1
3c14167fecb1e1ee38891efcc2423e3c82466de1,0
7fd0d3d22f83789ad0203394158320bd8ff4066e,0
4c17f2bcb464dc60c1937ee9ba5c5bbe2a84c2e8,0
803484d8d5ba799e76ee241920662cf23aa40630,0
9c16abaad33a595959b5f82b1bd98ee884f334e9,0
67053cbf321a333bcb9741f9bba5a78298c90189,0
049d68042051f98a2c959eb6594ad2248890d0bd,0
420395ab290c93598faf8ecd7dd21f970bc745f1,0
dbf024bd5d6043c7272f4b0d40eef3e6902f01d1,0
49509582b37ce84e9b8d313fc9e344ea856b276c,0
8bb718182e27ef0a030f0769238c01e019283652,0
724d798408a98141d537976a6c924ed8f5501fce,0
45e7ddd803f4cd9949dcb3db947de2f27a634448,0
ba7b754546b22471e5d0df732afbe9d19ef62ce7,1
3545c7701ef563309c4cb6dc3a66f68ec61ed980,0
f9ae38abc1b8c957b7dfdf49b27992204c7b5ae0,0
48e46e1f50acc5db088ca704bbcaa94ec5628553,0
3e71a200c0208f83f126162443d61b354d6f7fb3,0
74b54ab22649c901e787598bffa8565059539d9a,0
09899f0dad6ae165122e5a0e765535f813bc9a71,1
70f4ddc09819068a13fcb522ad08340140d48f37,0
fb9d4d500f9a13684d6147456d7f9670fb1b1528,1
cdc2dadd24ee51a464cae08a98fb2da4f8ab4a76,0
230a3c292c67918a019d96f15f2fb30bbb261bc1,1
9f17760e3ea10bc221a006e10728c611f3b8ba01,0
25032e70cbf8cb14de334a5002811852867d16dd,0
e94870a592001f77c29368d2913b0d0aa29cac47,0
cc70c4c1647072de7b97af67b6e8351c2d360624,1
a32a395a621098ce652ee8158e6320fa422f9fa3,1
a360f974003c5c60c16d019e873314c09d965107,0
317841f44a515e57356fe50d7eb1be15030dfb5b,0
f34187ec9f43d416d4059bb3414476f960be87f2,0
83e8dfb7d02b830db0dff8d50312167067bef93b,0
61256c1fdea67508ad6cf99956cdc23cdfedb3d6,0
cec1dafc28781df88278e22171b8977618f7c63e,0
587f5571c6eb5a55b752fd7bfd66c2c535f5e566,1
a8d59e345210ca6fd3fc426ab7fb7b3c2563cb04,0
f113fe9d2f6ad04047bde353994e4e475f83b409,0
9e612272b0f2ae0f3fb0e2163fdcc918bc6731a4,0
709699a220fd036759ce28623a5389624ac81be0,0
226bb72340b7ad715df7a2de586531e7c3078026,0
5e0fe4de1790c5e50573a8b6a4f26510a3b3d62a,0
e295faec880b136d5c19d4164c17d768d7037af7,0
a8e9eef627d00022fe6a6bbda64a9478c6b89dab,0
55a86c21c2960a53118edfb23d1654fbfcf6b994,0
0e7c3a88a727f307e2d38701f8117ae59e019e93,0
ab42367cc639fa3b18786d13afdc17a3394f229f,0
d062bd01f7e9e9194ae0fd9dc01683e7c934c315,1
ed01f165f9bbb7ccbd48dde7dd3106eb044dd859,0
58db1d1a55827a211865f0bc73a529e1b1d0ffdc,0
0ea3d2f98434942cabdc951bbbc6414a0b6efb0a,0
5fddc0a35fa40efde63f4eb31b86710c8386ebff,0
2f1f38a46068f323711ed6e1a4662d3278660de4,0
8c7fe8be2dc75c6c45c81812a0685e66e75c4e01,0
c88a865299f2abb21082cf8ff24cf5e8f97126d2,0
4286199ac5ad636d11f4428d1827b78d94217e06,1
4353d481a16f046a19be7995e99bbc6edc18ddad,0
6e2f0e8bc89bbaabe8fa9734e246c285af232fd7,0
57686b62dba65d1dffb4ad472df93f920dbcf489,0
27738832b3163724842379503ae3016e51131998,0
869d23be2e2fd509731da6f1ba58bd2fa9fcbfa4,0
3ca6e3770eb1192d3471bbf5ca49db9f61557d72,0
2969197cc539b484d048a9c24ea65ece7f271d27,0
f6273c54219710924c1db46fae16824bf99053d7,0
86e4b30ba700cb8bcf4d7488e0d60e07a75d6315,0
8f2e98882296a917c500e35aaded0d6bec08d7ce,0
6cc7234cfdb139356eba9e03eb98b72a61baa27a,0
0e97953c31b9e6339e66fcdc5afc6e1b1ae6bfd7,0
2f0b339e138e171a91360a98699e87505c03cde5,0
bf0850a0e2dff6acf0041de4fde2828082c9195c,0
cdd0750b19a44dfe5fe0a2e74fbea2768e2292b3,0
f4eb259c964c628ecd5facb38347f23628e09a80,0
4dcf99ae012fe5d15656967832dc0fb0bec35b10,0
ae6f41b4c16bc0e036415d7a808f737cd442009c,0
af9bf289fbd7f6294ca399c54f4277e8631e903a,0
9f4951abf0154d24cea4ab14e6df3afeced8b1e1,0
bf30068bae7f930170030e705a5bdb4f4abce384,0
0205634bb1417e6af223469a0cd4fc0c59cf1865,0
40ab13be201a9a05f72cc4561aaef7299b524a03,0
5a01ecd9dd08efa1113ca1c483c3127120ec59ab,0
e60ebfedc4eb34553da129dc3185f81f7ff4d2cd,1
74b139dd49c10df0cd44684d23de72279ff7d924,0
4e5a0e15d4351abcc39c1592d8f252713e44d50a,1
3c034f895a6f77439ade84d6af8c4a7ebfa73486,0
3b90ec20e5c3ea99312d53018a11d6f5438c1516,0
0612df2c5c59c932c9924362016f54a2216023af,0
12092391607fac9e0aac136a043914e9d05b2f59,0
d8d63554f59c74fe44ded336129a6bf23080dd12,0
c38a00674aa1d5cd191e659f42e54696fc928e4a,0
15bd368a10ea3e561b03a432aa8082384d15d155,0
1b7666632579f1d74721aaf0d4f065e558729487,0
29869e55b984fe57d37ed8a346cd829bc3940b89,0
87fe7773dea6453e27208faffec9a0f316a1e450,0
de742346e4b19ea053ff3e36f53caa6b59c838b4,1
d52d1440f5bce727ce4d5b23813c6bbad1aeb1cd,0
0ae502ec4d228bd8206abfe7a859e3fcbaf60a47,0
99a6100c9ba8128a99122612f0c711444e71b085,0
79e7c9b192d2fed1d0d528bf2bb143af936e4a34,0
551fd8b465bb343c9095e0146e65e6b3af6e2ee8,0
b7ff34d44c574d035b4ebdb5dcfccc373f08a05d,0
09e43b27212c6a6314c449d84a80f44aefd0873c,0
e5d35072b2d309565175acca267476b83d39282f,0
3574daf89b649db7491dca41c83532e87740da63,0
b9a5019dcf27a9171aba354bb97b0475f716cc12,0
ef821e8e717865b778d33d5554f34eb1490aad34,0
95ce5f3d00c1e5bc3c4568423ca095088d08b35e,0
8bc5bbc46af134d18a412d7e04a97d1fd43d213c,0
1282c294a11e637b3830d84ee87a4b3bcf823bc6,0
d577693e0a85d59d7d0ac9458bf84eb1678efde1,0
b0c65975278d1d6f5297f3fa2470dbc8a563e16b,0
d8cc4c9981d797f55c05e309050d788fa356da01,1
8ae4137b10ccab1408b9df36c10c06568c10acd7,0
e5940fdbbac3910c0c78e04cca96134be868dcbb,0
4a72ffcacd1959970b2dd8abe5f88ff9ef88f78b,0
65ba81b2035fa7d22d67b652a435b57f53eb4b6a,0
5526f2ed85647269b94d91353d72469822925b4e,0
e697954454b3b3c5f44ca0dbdafd55612b705dbc,0
95b0ab8276dbd6cb130cc149e85448a13d43c5e0,0
439ca6ca358f44a6be741b7bb938e05fe426b8ac,0
e90d66db3337e667c6ff8b5a90869c1e8988aad5,0
23f9285e7ac350805d017576136d194198e5f6f6,0
48b3af111bfcb62143303adcfdeaf2a7a7de265c,0
07fdc64ac95f16794f72cd9dadbe02d87010b990,0
d7b629b0288bfeaf7d9fbe93d608ebe8ffe6ee0b,0
168faab974a90e242031d39f9e3114dfd55dcddd,0
4172468f9e0069a1d2f6803a4d35f31a971c27a0,0
e69461a88efa0cfeaf73c5cc90e7fe347b330b52,0
4e6639ecee2211312e8a730bac19c2bdc5615590,0
3f124e79a2763ce44d1ac8f9eb78a4c358d3ad30,0
0a37082aaf9ab878c0503108bc96e947426e60d3,0
b9b0631a0d1c8df7cb0a6c6753975fa33571ad42,0
3718aace0e233794e765e39b2542251f45ea9452,0
34bb05d6c3b791517064a6fb1294ad88d11f3117,0
11abbca78285fa0d3fd91ea64d6fd80686fd4eae,0
cf02f0f9b4c0ce1687bbf76dd567c18ab6f23bce,0
8841ea9bd4c4519c95e2ec0c7699c587baae2da4,0
c49252cecf4a02ca5a879bd23a2e8278e9999ae9,0
8f639e41f572d48194ef309252c88c5ac6619865,0
e57d824517f9f1dd020d1001e2c6fe77facdfa11,0
550f2d3ea4a0b55f57d1e531cc357f58d6b4b953,0
c0238c230c3e751261680fc2f9aa31debdffdf28,0
b5787a6d57af928d86a348907173f6907c76f104,0
82cdf79231b6be062055bfaf62cbefdaae16e8dc,0
9c47f241d0eb912c276da809b02f0febb4736f84,1
aea39f7fb302e90a76baaedad6fed08a66de6ff5,0
9883d20834994141dc976bb3642e18cea2c8eb41,0
ad1ab4b07c59d5d3108b073e15a0f594b2bb07b1,0
a7757d0af0eecff4d5356abd467062fced80ce34,0
dbc19f8446fc57c206b759fa249b63a381e4b153,0
cecd086698aaed0d453bd4be9ac9e579797a9764,0
4a8ac544323146d698d2168ccfa3be4fd8fe708c,0
d0ccc55dacccf84bf81845366a947a707381939e,0
3ce24e5883f282e5b6dcdea3eaa5b8992ab1f86e,1
2853baafcb5ffc93d087efc230ce79e0bbab0536,0
d3d266a0c6e9ea74a02388784a12bbd6b6819588,0
ef027594a6078998e062c4682565e43344548080,0
16f2923131b65748c5b6cf5a560f712383b003de,0
fe4ff5cb6f913bc48cca642f3236bbf0aa578c97,0
151b81612e06770e6c1fc4b7dd27fc8c047d1a08,0
80e9b2c3af8e9150ae54f7e28c753b251b361c36,0
73beb941c537803ae470f0ff459d76a3612abeed,0
6319a20fdc43ab33c19d162d527b95ced13c0e76,1
3d9f182376029bfd0138a88b25e108c18935d0e9,0
71fd53258da00eaf9dfb6c7bb92a9ec170bc976b,0
7c80287d174486fcbb387ba50cba90e43f72586d,0
bccee3ba757d0accbe27bc9e09420781214ba631,0
28c59d7e10c28c3911970b61327af1be95f0399d,0
d4c5044c7b7697d944a444470a296dcd15911595,0
e702b9fa057131e21bff06a6a01809379b02a9a6,0
7cf17155587fea0f9c855de67fe7a60d7e6c30eb,0
2e06e9c1145fb30c3cffbfa38b84c4ac4c68db4f,0
96d5ebb4c523d89af6c8fa6f6a3fee86c823487c,0
4c83c48a2a6b5fae5eaf2279ce1a20bc0c3edee7,0
30fca899772d354211257381e89dac596eb5818f,1
63213c888b3a47036105bfa9caddf63f73cd695d,1
ee8a7df94a2b9f928c4a50e55291e427e363f76d,0
4a3fd09f1b0296514684fa2931c61bd8130f3cfd,0
328a7efc17e8c77853fea42a84808dd1d26c8d5a,1
3e8e057385f3fe803bff6efcb074602a3443f3cc,0
faa58c0ca1a1d04befc5e9f2be62c7eea8fea8d9,1
0a3e9611fcaf3c2e174d33ba12d15140d3fb8bef,0
b79a58eed59cb1c7156a308fb03ffc4e19bf9c03,1
b03cc28187980b60c0630bf8f47b679671670bce,0
e2d0dce6ebd0e02f491cbba324e0cfe0ec649bd3,0
45da38fd8a5086df7099fbb8c774e8433eec6485,0
f992185eafa1610f505c97eb6188650feeede226,1
d55dd62cc0b07e1124369d74dd0095cc2b491dfe,1
0b86b74abdfdc8165eec057be2c579be40aea038,0
85efecf8ae376f604a3474e04f1b24822924adcd,0
934d08cb4a4566eeffdb8c429f6294dba63b56b8,0
f28c4933e6c92fed61431c7a4024b26c4f06a5e9,0
7bfef476d8a9e08223ec4bff31054ff23655da4c,1
7949b2eaec4b498baedf6068612d426e55ad0197,0
5c13fa7579650c2cbcab61c6b18e509951f640aa,0
d71a8b3bcd1e28ed4cff1ab497aaabae1c102408,0
ce90015bdc3614f88fbe55a697731a2f5b052ca3,0
91509112bb42d52eb4cef40f2dee16a3633b446f,0
70fc2a9a8098d7b0f271364e6df75200ed6aa159,0
c2ec1d05ec7707a55aa0e32f01450148848ade59,0
409139cbeed713f64b6e61ea53726aca4a53c2ad,0
43112f375d319ac5f7e8207ac501099d89a366f1,0
cd3aafe7c8ef737c43aa11e4bfc5934653d0d4a2,0
860ee374e9b290e52cc48b772145d18816886134,0
58426094da67e4526bc49f84e3cb864d184ad180,0
9a4e82eaf99a38a898591f2faa9cd7c21b41e022,1
30c073ac7d6335c22823cb584de636f8bb23e972,0
e87486f1a35090a754fdf95f3cd1178bcfd7e2ba,0
c3b706ab8852c57446064031067dcbb92380502d,0
6512f64a02c7d7c6b7c247a0f538e135132c9aae,1
bcc797b528654e42e5ee2f7d385a78f5ef0613ff,0
81eef5ded4684a1f4edea06e038894520fe72bc2,1
500778fcad1ee90d1da0637b82a968945ff6be13,0
ab436e12e05ce26c4059eac6973eb86e9e6233d1,0
9c0e7a88b2ee317150df95fa245a16b971fddee5,0
08a504135565a4ee0f0360d0c41c814d6b7f0ffd,0
efe745c047c6f63eb85ee0b2b4d93c3544c31e97,0
ce0e40253805516e781e4acac9001428fc01ecfd,0
e6658d5fae4de0b61ac459eac32433c6f787f542,0
5122e39e678004e0dc11e6926a7adba974b410d4,0
6fa1a3d693ef043c6246807d3667fe360f5b3e9b,0
2e12579c0a2af4278306e4d74163a333724cb03b,0
6de38ce50ffd8305871f6313ba26645e592279a8,0
75e05a81366582417d54a04ef5204e9d76894271,0
2ed08896d273ad1d352874ce195537e3c74c1d60,0
a4c20307d1a166bcd702511b5c987639d1997cd9,1
f2585e0b539dd1a98ebac2c90a5d46fa46cd722f,0
80a0a547241a5ca9c4b6c58bc7d6a123374c0f27,0
f8b24f98550578bcec92adc615f319f70f1cfc08,0
710ec8c94f842477c78adc5aeaf8fa11059d80be,0
61b41ee528d4d5cd358f8f5b0a4b2c5a743da561,0
ae8a261d47bec45e42904fd3e761860bab1e404c,1
f459805b3917cd01445f6f37d438484da8ae6bed,0
1b497f6ceea71f03d4529b29af901f286ef9b44f,1
e3631718822db05a02cb7b086d6f28a0fae15f51,0
0b6d123bdba1acefb79fc22b4d7cb8aab20b08ed,0
6d6a73a689ce734d094f71723752cde23a1d9259,0
a74a5a0c6ff41a4ca0a08caf740ebce1dc3c6d10,0
a7628b03ac47459a47f2c340bb474afe50ea0a31,0
4a6554dd1afe5c131991b094e01be7b73e7cb8b0,0
651332ef291809e8271cec74fdd6691cfb725f9f,0
6923a01ae1edf0510dd257f72867c282224ee23f,0
f672418289e4a909935bf1459a56e3f479260a13,0
449d35bbf53ca97a800183ef990bacd5e43ebb00,0
60a177e6916379255d19becae385f7d354bd8097,0
50e67bf8fce3c4e9902a75b4bf3279d26f6e4fe5,0
f694c3976972d0710102a92104db47173cb4c82a,0
2e6ebfd2a3f87069092ec3318d5a28db625f7f26,0
e413d91e7b3bfefb26480946d5e17f7b109a2202,1
2eb315ea1211f699e96d1e35cc5f59bcfad14d9e,0
89e59dae259577aa139c029665bdd92b1bffd226,0
3091190eaab16424239f71b8e79e98b9631dca6b,0
ad41c8245cffd116890255258875da894712caf3,0
008adbd723829faa57d1f36aa397230f509e1b77,0
a15b7759353fc53070c579e571146642f38d4dd4,0
14cc98f36cf7a8a32ca5dca8f2fd2ba872834a76,0
a5f20521cf9eeea544daebeaf4c08e7d819d6f9e,0
5bb776b4b60b9f7b082f35e6b1aa8a3c92a50ba7,0
d117fb8f11ce54d8d14ed8d69b9e4b4bf7a7547e,0
d1027fec7083262dd8938dac426b938ad80ca446,0
03a7377c282922e2164a8f381df62a78986cce16,0
c095d3cc232eedccb23e33d349546bda6adbe3aa,0
adeb7a7fa5a06af27c765f6d42da35ab62a38f1a,0
4d7e3975f8f716bd0b95221975e8f4005ecb5ec8,0
9386012a2214a9208e718bb34b952dbf42456ac3,0
60961e2018bd9d68a1d687ff885bf678a66af8fc,0
6323681015d4f98c77bc4fd618caa2b47028b7a0,0
660b89f08ab6469d548800b83619e4207c78381b,0
acf5c4be226fe3ef34a1df16403ac42c459caf73,0
ae372dbb31a9df152574c254eb7b48cb0aee82a5,0
9c1d49ee0065525053565ca36b3613eba97e7a98,0
cffe620e13b6a180e0347f6c12a12876e76534c4,0
ded863b7710703cf27f42248a8dc467419ca3af9,0
03d3094e9d13a28261c597e64329daa37254933f,0
3f0598e63a97d696e2ab9d94f846169a3793a6c1,0
f78d28604c47a002aac94b536413d7bfb5edc854,0
09e17d775971674b8fb739068d790a86931249fe,0
e25ec9b5d129199be6ed10ca332b01292dd329f3,0
fe6ec030da1ab53b5e5dc481572c9f072be3b965,1
14978fec52d916b2e371044c714191013d3bb02c,0
fa3da43622ec6c08c07f80c1fe003d6e4f963d8a,0
deabf6a6b0eed1d677006ea3db6f349417dd50af,1
a95f1ca9d801c6646d32e4a65989f659d13a4a7c,0
5a04334c609645905334f012f1805ce9a95b2fb7,0
7f075b8e754037cb7c2fd396086ca3d6a955675f,0
eb7b931481c13c5443cdaaf47299a10943b4a973,0
b2342719e8abf75edf3bbdda6c84d3c55726626f,0
ee30084cc1f81f9440a05b8eb16fbbe12d210d20,1
8815c0801c0447a7b677833e1e1796adc8594dac,0
305d3505ff8aa053f48fbd9d5d427ae347c40a07,0
7cbb2763115558b029da2d1b409d5d3ce7f13655,1
6ff368ee318c9ac7b500363780c0e84cbdef818d,0
bad9fee57a900e8bfa1d412dfd82a32dc1b41d34,0
da8e3183bd70cdb2e1b9441e2e4b640e3fc27fad,0
8e9a08ada81c1d19da96497691b2fb91be40cad9,0
d6c044b0a745d877a99f0f61af19bae187d5e6fa,0
eafc20dce3e58795b4a2aae11029a658e038fb48,0
75e31c04bdfeb49afc07fa2aeb97ad034e9ddbe5,0
55dfa6eb4b3f1666a0a281e40657252054f0e6b7,1
bd617111abe7a3dc036cd75a76e4b7a8dd9cc65e,0
550e1d46d606fa46b8a1b5fc66159e01caf75aea,0
e1dc23052f4005c59cec7fe5cee31daa19d00a7d,0
518d735394c82d67288de50e9a557e1c4b5afee3,0
24c740b1831dab01b0f40dae2f1a02c6dbbcf7a1,0
4bf0a19e60a464e3f551f01cddbad8464f44b4ad,0
2f8d0922c8c7d1be2c12fba6264f08acdbae47d1,1
28757199c60f09e6dafcbdc788d3ee3c8595bac5,0
7b8f4719e708c3a853ed69b70d00e957e1b02ee2,0
50f9c9370c1286039fb6750e08e0fcbc20c6adc0,0
33ab3ce04a4a7e358d33a178631ae467cbf55f17,0
98a3fa2f36d5f8a99885728be7934703c1574f25,0
a094516c1b360f830527dd0b7811dd928495447a,1
bf8f5bcec1d5c6221f73e0d82879c18d2d7fc88c,0
fecdc39c81375bc34e34d0fe72dccd6dce84bfa7,0
46dd580e99113726b2e2743ce50865d2d1cbc44f,0
db3e834e135ede835ce4ab59429ab90afd059e67,0
68a55d56ae853fc2fdce829a6042163bdc02deb4,0
8a8ec3362a591fe4f419bbede7fd62546a3d46a8,0
4576857e33fc0aa9682ba77a6e464213ec15b829,0
f6e765472ee65bf856ebc53a6c5c03762d4e5cf2,0
059e3d04680d2f3f5cb8c1a43ec856a206a307dd,0
5ef9722809594f9e087a5be77c098057ef42969a,0
fe3554cc2c0ab534e90742d03d5663c30a173973,1
6d38af68ae92c67e1c788d8a4607a85e668a3df6,0
7a10ec81f45313bae94971c51b3bdb3b93b6c44e,0
d7b27cca78f9a945e164af19fa7f49585958d60f,0
c9348861506b7fa79c3b89107adb574613b3abc6,0
fb24a474dee4ca92f28d5d589f38d11d635b543b,0
d2bd4422c37efd98bcf11009d5eba0d91f891118,0
91e47f76a97d4e549a92f0a01137529e9bee257f,0
422ce6fa23b426ab71f271d4643ce9163cf707d3,0
1b4e77faebd6a9c43fc57a6aeefb605c9188acfe,0
d82a2bac09321150fc38e342ccf572e6561f9a23,0
4a02524aef7f78af52cc7c7beedfa1eb83f8ccb5,0
ea3781d3e141599cb3a36f8a236366927a9d10fe,0
17929c2789dfa7e6fd4404c2806ff3b12ba88efe,0
2aaaa2a2582e8a6f14a85c0e49164583e0fa6b1e,0
9666d74ab32fb942ecdce00cdbf94be374a7bb31,1
e941766cc5320b9ac004c508e7c5b29fd37fbfa6,0
8665eb1653c9e6a001f371f118d69ce9b034dd2c,0
6fcfae0852d7310235eeb2f39df25ea112dadb2e,0
42d861059ea9342dcbbf36b849ab9bcdaf14e536,0
43cb8e9bdb3cf72f5a5f702d2f1a7403fadd6b6f,0
e9c0d85e170310086fde3c415c5928dfecf7f5eb,0
bc1eea1514d83f9457e4be5b5c3d466b00138b22,0
a3be89190107963e28c0b005a2a8aababdeceaaa,0
340976505a7c5256b36d3d866f245f03d082da88,0
0b12293f3a7c0cdffc0c364032a13f6d5206198c,0
9795de4ac6a5f536cb21609dc9933ece25f4a786,0
77de03035fcafbabed74339d499c5ecf74ee8154,0
742c51feeaf75542ab9db6782ad3d2ad506fb871,0
c2970b4a557e45a1f6e3cf85b5d163a5de9f80dd,0
42ed6f9592819066b768aec36d11f98653da91a1,0
012b6f1ec5135f76c9a54a90fef88b5897173dc3,0
8d911c48d70c93190c8007d915162040a05d89fe,0
d65ff7fec954c84deb0c3b22731b0ee8f395805e,0
5a6f8945b08bcb6a4c47cc148a8cbb2f42271880,0
51aa1d250035dd89db576cd8458b26c58d78dea8,0
6c29bfbc80499ec590df4f753f57318d80540aab,0
86eee5e1d3aaa60bc7c7a97f04828b064e9d01c5,0
50cff7a9b241598477b9998f3dee42dcf01c133d,0
f5c6204b893fe725f178adfa3795fb8ef8179f05,0
824a382ace57240b51a5e6a78463092e4014f06b,0
e8197928e732f47376d0027e5e07acd359a2b8c2,0
04dda36003d8d5115a4210e228deb52deba2f2c6,0
2344135d66960b77a73f3ab539dc91fe462f62a5,0
bebeffd9d2fa9b8d6c323924e3c258c7c7800e9a,0
1dbc7b646af449cdabe1f68c72addf495a1f12e0,0
a6118f01aef99e516b1d7a159a525ba7b60c70ed,0
124212ee324e2fcf83a30013704a2f077d199b24,0
a49802a0497109ca9a45bec1ba900fa33065c2d5,0
f1ec9f2770147f45209e37654a0ef5ea41e28d81,0
28fd3fd00105c87079e6a64392cf3188a16755e1,0
867e64931426807ff49a0641c85e808f103ab63e,0
11a14919020b17ae6215c5f6af4f2a69cc586638,0
fb90e5d0d3d0de794aeed54e66d7075b80ebd8e5,0
c3158aefb5bddc4412b7faf9ef2383cf3a1fe189,0
482eacab814e2b5621ca1c4cbde5caa84e44bd7e,0
2116b06a2e186e2a35d4a7916b95b9bf3a7e022e,0
d8e321de833128d05e26bb72a135550768e2b5f2,0
c2bc3ee0f11183bb75713e13683ea60dd3cbda31,0
916718fb4ce640fd695bb7192dd5a29d6740b1e0,0
e70975a9155cc53890c0e2fe643e3c382acd5bd3,0
d6cbb42a8c80c6cab265322ccfd556e15547f31d,0
ab18451ad2c4b43d2a36e59db67288a297118757,0
b62c902bd56f4e8716c0fce49fbbc12332e10972,0
8c8a15e6a7aba981efee4c4916691f4db7f95260,0
248b40d58c8e4a01a484acd772854809e786ccd5,0
839f96d4473316ae143e076998f1976d4af89d22,0
c39f44847220d363aff81f17bf21a58b305aeb8c,0
13541a1f8e25da2becb656e5683bbdf20bb42043,0
8c7cfc850af5dc64f63f51814e27e1f9c57b9b02,0
03fc575834eced13275b76599d575787bdda2dab,0
0255b00b3fabe41e7b692f276d225f2d37118938,0
456c4f7245463856a6f342ab11d8281045af2f89,0
9ad2e568d177eacf72f26afc5f26b36ca6248f26,0
d9e7dc65acdd3e8e225b69f6229939fe472d905a,0
c4057ab460ba63d4ac83afc40bc439a78d7abc23,0
fa01f1c412bfb2811720c42866fd5edb75153930,0
1d55657a4a22138b399974bf7f4a3a79a2f06f4c,0
be4dcb1cfe190eaa1b8664462b1c7e8883749721,0
ee9f718e51578dacd1d47cfdc6c06ac972fe1f2c,0
71415efc09bde5683822efff05d4676a3ebebdf6,0
4d5c7d78b4b43639a9a215ffa48c9cbf03645dd5,0
186225b7d611ab2252024d4a38d8fb1091b7ebab,1
606aa955f783a6332282650b8a7fadb29868923d,0
c03c3daee5c1a3023560629ffdb7942f8fa100de,0
44345313a47a946ced61c5c2b5a8a85ad552c097,0
91ffe5f3b6986d4e1c90c5de46b5afa8963137e6,0
67cd37596b70ab0c321a29857991f3db9d3897b8,0
c71f2e01ca35e015e3c79b8765b57d6c9ac8d6da,0
679e0563efd543d67aec54d93b9422f1df8d9d26,0
c6b82c0d77466f62370b6b31d58f7bb1eb6a5285,0
7461d3dba020ab4904aac0d4bbc03db8eb78d059,0
4c9e36c05ceddbd2e0db62fc5d214738df4fd732,0
d74896c990d86aecb525d200b666ef743d398802,0
8188ec6c12a7d17f8ac529e13e7e5874ac9807d6,0
a2ad873a29d208ac1f003bad7f828201aa11c5b9,0
18811baceeb7abb613f82849b3e6a40bb68b39a6,0
80008f4ccbc6feeaf5160a3f3042f71f5da4c09e,0
6bc05de06fffc5a2f2a67e4e8526bc6d7d0939b4,0
663372845b665ea4895be4b09ccd896c2616cfdd,1
a00a86fa547ade5ce9d2afb15b1e8e6e30882d14,0
b5cda299677192b5c458d1a5a2c8578377512f99,0
08385ac1ce0ad6d16c847f20ffa53f823e56d13e,0
a88f4670c8f7e13494f9cab9d6ec391b7e068c07,0
e77d15740d2572fef8d27a39cd0157689eb1aab7,0
9d0d02c10d6e9899f0ae617e5a85572036d0684e,0
58de63040bef71d8d054b23b87c6d5cacef430b4,0
15e3a2dfb5859a0ed98025734f37da867bf0ba1c,0
c14b099dcd729c8c60c53972c4e457448277b962,0
22415cee58033d5e6b2f3afd4114be2ae929d0f2,0
b85271ae3c09f1dbfda7f6613afc5f1e318d8a2a,0
431c428c4df6a7197a8703ad50f9dc5d3501130b,1
aa1ba1e649a6b9afa5393b0a1599db0fe1df3a57,0
2d84f515a624ca8d59334b90a736cbb77cae98d0,0
38e660547221710d0afdefc41ce859e00e640d1f,0
5edf82626a29789f565348fc4670ed7e5144cbf1,0
3d71e1f0f6b4b8df55cbd80e5644345bcaab936d,0
bdaad67a3ebec47f2a8ca80b518e01be9099c6cc,0
1150b951ea90adc28c854d7e4c84e283d82c3c8a,0
e59e98e5fc1c4ac776c152f9c7b976e6dad0fedf,0
341ca46ca59f70ac4dfa96bac3d1a3ae551e42ca,0
b7ee5814c25c878350c95bcabcd6b3a5e870df25,0
b7b2fdba6a6dfe39ebc38ddce7dc7f6de60b67f8,0
2aead0f6c9cd8cf66bccbf1ca22335262f5b1799,0
5c3215b8001f8bc54052ff31c6172a76ca5804d2,0
5100fa554aa13bdb46c7f2706aa8fa0d0ac1b6bc,0
b39b80e2235786c1a24ca38b4bbf33bae031e738,0
82912208ea8e27cbb8265e1622e74ee3f655c918,0
403949d8075f3aca227825b69de2de21342071e9,0
fb9954d8812defef2ade48bff7003677167e0626,0
d981b95df458230c30beffa819f3110274bbf7fe,0
61519de47f8742caf9ccfc2a1ca734796effb3a9,0
79b82f9a293c9132c889eeb81b1ae14691df5433,0
a7bf99f613119f47fdbb68b253021a2949862fad,0
b6f2a2e8b920270e117735091d3eff95ef7129b8,0
ccd7863b547f1ed2925e4364bfda87506e1534b1,0
3b61d31814043cdcdf5d27c783c981367d006d2e,0
681d45d5da7564661d38d659832b5e01dea6ea9a,0
18c151c4d64d2ea7e722636a6f59c5e5bdd7663d,0
28f7c150908bc1364ee5c6c25bd30a79c726826f,0
09ba9fd00151cce8503c331e115aa470d47acc6c,0
9fa8d7ae0380e4dd162bd7c96b987e950d76888a,0
80dea5ea1901d8352706627e2219ef11f84c3d4c,0
26a799e76062330a9bca82e9ea5c6d62beb08230,0
99e0418883705cb9c89b79fb80d9309833abdaa5,0
1a8cbe445e7d7593b40ef883ca76fe3f0c78d96a,0
238e3b5cf499be0f7e64e1e09b3c94ab5ee94016,0
21c7e1350dc9246b8978f703c7a477ef83df4502,0
0f306c72f45f1a4f6b657e74e5a2c4acd63440bc,0
f90391e0cc9d090ccf925e58799ef6240f6efd91,0
9010e78e5b76bc80ca6acb5fe548b85105a6a6db,0
6040c8542dee335267d8a3f76c92d3a8a0b57d43,0
6ca93e4c6043f4d285132792e29847fd8df59816,0
8f4a512c3daa74f8c716234afa6f03b5ba9e2e5f,0
f67327e2e9bd022cf2444e7dc889f5665927e107,0
3e300278eca4c60bc35f9784e20e1bdb0bc8f0e7,1
c658828d7b66e6638968506236a3a761815c8984,0
6eca4c05986bac88d1b65af83348a754efa36559,0
f43c85acca857f7557de29bc7cc614bd1bead8a7,0
283bc423a6aa3b1ab580054373b2314e02a6285a,0
4ba80d2eacf6e2071899bcb9349f1d874b3e2259,0
a809c5d991abc12f4e0f7ab66c45724aa07d18f4,0
4bc539ca1a037912681b7879d16b05af636b4657,0
53ff5a5b15f8b6fccdf163e66d10bdd85bb12715,0
0f77ce2f3f6440a19178fa32aab3d5c9a012bb05,0
6295f654839d88b6c7a41f2c6a50f4f218575e7d,0
d6f6b4edfd2f23592abc95d07c38007b8215af14,0
09a6cbfe4abf8693528dbc6588b4c3ba0a2836da,0
4109764d5ce4c99d965300e47b09695f721768c7,0
80f7658f9c950bdde4642b6298a1f7539e61877b,0
d577e3d97166c4ffa12d67c33532a76cec9aa5d0,0
e590959d94f63ec375f6fbdd4ea145846025c6ed,0
808b5eb9c2139b828e513efd0fa4c86f6ae1666f,1
a6ddf9c05634fb7dc93ebf4b424a74033c978abb,0
9d45063b605e3a2a4fa89d82834d9d5a3a3c5111,0
20304bc48aec7c7d4f44ca5aa34ec9a634def7ee,0
2e4604700c06619f6f3f69c589fc651aa4c2cd93,0
8c689c63db031223e93df006194baf4bbe39ec5c,0
740afb04f70a27cee28eb8ade5d1b819be71c502,0
a354d0a5ebbb00a9758f93e72d51078177576918,0
6ca31cd68b732df0ffe5b7734252a71f9f7e7ab0,0
97028915e2d3a4538f6409a577441bd3d6a9894a,0
3a359fbc81d647b605423eb23dd5774bd8bff482,0
82c471f355b50381d775b806047756306c8f6823,0
bd9fa4b496e3dbb6074e33b04e4c78ba153d3835,0
9c18390762527fe8d1bf7af8ded586566cdbb59c,0
f732c9a50cbaf0675e8b1846c8d3480c06f297a2,0
bf78bafa9586d847996d6d8e426d765026641645,1
1d0c2d0ba1ddc78070e415d05b2bd26cb288cecb,0
e7ca7823f0c4ab695b915d960833a265a383f064,0
7abbdd16ebee8cf4dc3d44e11f3a0f5b530c84ad,1
9561dfcf4949e5b69231e99e38572803632121ae,0
0764622d892ab3dbdb591ad34a1a56d2fd167814,0
7506b93fa35f2cc62892032839d2a296611c2c76,0
7bfe29db4ebff4c4a46898ab7c8622f5fb3139a0,0
05208fdd80886e244d9504c7ea6dcd31f37693a6,0
5dd9973f357c4d39277544c6775c1c13c010a9eb,0
47e2872efe27c78b690f4b4fde1791d3834a6bcd,0
1cc205fa9e75361aadf6c9408946089843a61450,0
25a080279d01e0556091d64eef5908bdf66b5811,1
6332f98c1dc7fd45440c2b233e115ceec7ecf85d,0
b9872e62c121061197af9d6de775d101e815151b,1
207ff339fb4400ed6837ceb67fffc8f3981d3250,0
7fd35523e815206e5bcd481e53ab2a9f70185911,0
5284ceacdf2b198f17788c967a8f6862a5c1b325,0
a56cc14c2dd316cf6439e94444530b3ab4894949,1
a9d448fbed45bed36941cb06dce0fc6139c1e525,0
1815c8b4ce117826c614023e5d8897a590174362,0
d330a6819d27f86340f6ff0fa264d6516c2ab96f,0
7df4f8c850e512ec7de15ecbf5df78d7f9d44449,0
4147a50bae4e937d0bd41c397b13009b56a8cf2a,0
46c56e67b6c10b1e5f4813f372f19bf1da7ffd38,0
45a0b1fdfa0dec0ba60dc941e768a4898b8f070a,0
464ebe809781e60e7bd56017bcbd3c0aaa2ecd1f,0
c6f8977ee31ff4bfd45f5f03968ced153a95738e,0
15cdfdb631c1b0892cab218710b7b59ad3dd35f4,0
e03d721bb4dfd2e4ba7719f76ce17e860890dd2e,1
d25ed53a78193ec031635f71f29b1f9217c793ef,0
b793c1946012f6f0a8e83a364967722a931a4a75,0
e855f3bfe178ced9fa7875208eeb5641a517bfbb,0
7eab804379a3d419e196b8f47b80abd0ac8efcd1,0
ee763fa57ab07c64de51338c86dedbd061d4be1d,0
a30a4867b9d9aab72d74e885fa00103cb47d5a01,0
8ff5b796fa64a480a92ff2cade76d72ac0beabe4,0
166fc85e84adc7b6d390563f922a37aff595a121,0
95d3fa1bcd249c4d8058e37198f55bdaaf3e8e0e,0
1cd7e93ab1fbd610a3b552d8295d8e565adeecb2,0
f63be2b6e74a8e8e6e7f721bd563850ec292aad3,0
d4aa877eb38d603ab3656a012c156edabb1be1f3,1
e3ca03eab197beec8072c3bc728206320369b3bc,0
b359eb3ecaee360a987fa089c44214dbfd4ba4e1,0
0ca6597108100533af2f83c84f6a2f20a0fc9e23,0
216adbe7980b6c40a73c2840d632f1d31b577a8b,0
83af1cb1fe4a4a8f6af79fe8c44258d95e061e31,0
b4b470096a39bfa51d33782f442505383ecc5e79,1
a12dd6e3f27c3be0bb02f618dc3ae132bf6e92c9,0
aa415ec21d7ea24e7c18f18f567ec0ed7d95187e,0
15872c84131b95a906884c0ec2d431c23fa32a47,0
cd338efe415aefde918981259317e4fc572c8805,0
dc5bb1187f027d3b9cdc70d3517c442d7b4c45ef,1
8847f6fc1c84177ea18aac450a124e11cf5a5561,0
100f2a5f78a8292e3cce83771c12bd0de47573b1,0
4565a3c49d005a72d91e91fb837d51eaa72d1c02,1
01caaa9ac072f932a83ff894e63dade9df97c465,1
93910e80b41dfbecca566bda13da7601262f3730,0
4b1b80c2cc232fb6e70a4a6fe7058180e9ab2728,0
0a03609ddc6380dd7c9053eb8cb04072baa476a1,1
eaa8e0c698f694b7e5fdded5dbb9024c8cf15c4e,1
8847edc67390b817f611b22f9c211c423983d3d4,0
69a1e7e014d4ddf5e52f9940ff42efb57d1640a3,0
a840001204a39da7d1307bbe6fdc91b23ba7d4b5,1
bdeb594abec085d55a44f80c44fa85581290d9c1,0
dd2b704089381397898bdc51ca2cf22e36982d16,1
be20099e8436405e7f8e408c9d3fdc5e4d7b1cd4,0
8fc87cae153493e041856c83d253d9f418dc7b15,1
1d4766b9f16ed6b33a26d44c3f0531ae85f0f370,0
c112e3b950937cb0d7dd755ab84966eb42ab6b0e,0
b3e812386927743ad9b68486a7270fb3d677d6e8,0
9286d357ac99a3a3cd0171bed3c32f8967ad5aa5,0
e656ba3ab9c24c6ff639834f513094ed97740704,0
8a87b167d3eeb8af40e932116aee00532e6a9495,0
1f8990a4200055e2acaf654367cdece4f25302a3,0
180e6c3087d177ee0d10c677cd462bf55edf5e51,0
c0368c858af413d6ab217b0f2a860a8f7e3ac702,0
30bf8b4fd4f4435a3cb475ab9c415b8d9fef6ea8,0
eff391033a01a092d943db90513412b08bb01525,1
9b70114c7394deb1923984a30c11acaeaf6ebec7,0
67a3948e0a6ec478ba769affd438999826fc274a,0
4fe355979f38b486f9d9be307720ac3cf64f2f5b,1
07751ea95c575cb95a310a23a78dc8cbe85b27a9,1
9af996d4c44c7c4f317d0cbd094d5eb9c19efc97,1
49ca3a4241c1847e08921ead7b582419fa53537c,0
4574908b0135d09321369033ba796ccec915f095,0
cda54d4bfb3eb2150ae75d32f02bde40098d141f,1
0a3caac4084457eec46d04f1b4355d4fda84f18a,0
ba69ce5597c8dd7e0f86d7c4cfd1b488cffcc4c1,0
1721432c4cd1abc7ba366cebd248a781be9cb6a1,0
b2136f4ebce6131b7d0a2222b4ad912770568548,1
607bcbedac4e86cef2ec435584bf83da02148a9d,0
1d776e8b9a3a62510cf51ebad46e6e54fe62d4d8,0
b828e78a5068201a96a23f3f9fc8f511d0f3e124,0
d4a098c14ca174da852ec56f6d26fd79880b70da,0
1d107c54c400bc76540dd5fcb14207ae56cbf9ad,0
8417f5d4d9ec6d0d38ddb8c6409f5c02a457b19e,0
1cd1bbf035513dec715b4f4938545ab278ed33af,0
c6be22ae2e58300f05cb713a4dde18c67dafa0a3,1
79958bb9dffda0e831ce7c7c69f7e52c51c5d76b,0
ed31bf72965cc60b1a39a992ed936342cb4d9c85,0
65218313fba758b25182c1085312e393e663595b,0
2c192f9cfd585b2638aed4fbbbcd3d9e99a14050,0
521dd575eb0f484f5f23d449c49d69e7e14c8475,0
819f49d6b89c447afa144abaaecd6a6416106b55,1
aa1bcb0c9985dda93e4051d6b3f160e7eaf50347,0
2e84bd6f1880646e4d149174d9ee2f503df2f491,0
621088961fa17ebde348ebfffbb4baf60dce1e0e,0
512545afce5f5f46dc0f312b966bab741e173603,0
24f17f7c6318eb8caa23bb9bd1a35dd63669bd0d,0
a5edc31f65bf8b45d9ee59d76877e7a0250b65f2,0
f06d0e5146784bf6f7edb9696df86974c0ab9bbf,0
f38ef9b7478354cbecaa57fa9282e968e7ab8aee,0
1ffd2e0a0de6b82e3c68e2ceeb6b69e091628401,0
c752b56687e6621a7d5390060504f3550a7f52ea,1
6d8107fe389fc8170ed9297b9bcfd9161fd99c46,0
62ae9ca81916868ea2408c335b6585d3c384fa76,0
2f2390483ed5168b07266dde083210c390611182,0
0fd8fefa6cb8d93cd455e22beca6d0606396574e,1
4fb9946cf2af3076f2a8f17682cbb16752dc1446,0
30e99a421dac9754c61eeb5f62bf3fb2dd2caa8e,0
3d63ae68635e67f68e614a47a6c77f6b77ce1336,0
a7c781338d5fb7c7468e57952ba44d07c870ccb1,0
4ce5317d7d40e98eb4b52f9962f73b09b903f48e,0
2f1f824c7821b12bf88fb9d16d3f7e011dcda6f4,0
8b2da17e979c7755b78f01aa6f47275683e8dc55,0
bbfff5884bacfef31542d7b03111af8b9e97ac5f,0
41461b85a7aa58e3a392b0824cbdd2a76e9b843c,0
4e99e549f6c3011ff9d78d867753b20294656585,0
69faa8fc52bf4a8125e882d48208355a8a5ebeb8,0
7f80aeb5b1e6f8f2ecb25d95031c92d0e68bd007,0
b46f3414284a7e3933e006061d0d9e644adba9d1,0
d9f56ffaa9474059defeb252c5b2eadff4526258,0
0875f4bddeaae2c8d4b44280f54151d0ed5eeee1,1
170e6972c68a966f41023d22b66469fdd875416a,0
710209dab7351f6d2e0a9390ed6dbc109258c5c3,0
caa16b24563db2e482936d433bbc58b3f05f6acd,0
64b5ec2aa8e02859c1a1cc7fa3c986aa20f45b4b,0
71a72d8cd2418a420b661c45e1f676e89c7ce053,0
37bf562e55ee5efd6be49e60a01f567ee60cdf20,0
8290adf40fa6b2dc7b16f50d841c44aece902cef,1
22db7febb9fedfd8e8a92c6def23e0fc3d7da0ed,1
377e3cfc3d2f4a3e258a1a257c48ba1d1bb0936b,0
da49a1fd0671c578344a8785f7e04868b13c6199,0
fe6e1d9709829709adbf0a2a720dc30ccd807da9,1
b2793d852dab28c38cb34dd6389e63cf83074c03,0
67df9ff06991afe80f90b40a35169a982f905535,1
6ffacc48c3df387bd50c92856c131ea1d04068c2,0
683de12f873049d4ac17c2d823f4900618098374,1
0c59be9200d58c967666895f0fbd5bce3e31bc2b,0
ce7e4b90f0522a4855567d056b769ccb93ee900b,0
f8adbc8c88bd4851fec773df7b618934438296d2,0
92337e1ccbc5f2a937e44f4b3fddcdf220853f4d,0
0550df4e0a62f4bb1f48efa98b6e3c5b506bf46a,0
40fdcb6621484f1d4d74b4a0fade2efe60fcc26f,0
640a498ac4be21a50f670158752a6e9dfb60f834,0
775025ad950360f5aae2238dbe5bbb4c44c59700,0
d1338b032181f2d230646e424d125fa51ddefb4a,0
026094629810862ebbf80bb753a782af5d5fe1c9,0
37f704853e8c85e2ad285e22bf2e8d61082876fa,0
9a91b208cd1c02d4faf782655109bb6fba96465e,1
960ed15a59586ae84b8b515397f72c6fd19da839,0
10359cb68f6d8d7b764265207dd070c230374fbf,0
e689a2a7c5f49514561fdbca8df378ae312ac53e,0
f75875faf57d64c3a29aed29d3e49e7a2299f6bb,0
1069e5bf6ec3e40f7a9440613615c422da3eb9ac,0
76b02dce9fcf377edc4337892266784c3b334c5b,0
df706b35f8b8ebc5a1e68134831118915b88c2b5,0
2f5c591b2d195decf7048d60973911a824800461,0
9857f8ab89e08e5c5204ae3bc242e594bbeaff23,0
c0a12715a3685573f02962d14c1caba3dc4955f4,0
2a6e597bf7db33ebef8b2b6d40253a3c01fc5052,0
b99733bea23fc0b9b9bd32e313e46c022beaad7a,0
c801bc302edb61a937f58dafbfbc36e1c0f021cf,0
1304d8cc50b37f28c016b02e3e0949b399af0ea3,0
00d13c428343b50e46bf00b32427b3a172c7831d,1
f113005bc0470d1608fa836f484097278940ff9c,0
05af774cb1d6627835fb14a0fdc9817df5566e5e,0
d21fa007b1130c7169c8dee72ac5b8e4d5938bc9,1
e5cc89dec2c72e8af821a0536c768af316cb9b55,1
747c12c3d2d414f590895fdf5024308c860a5060,1
0e8346cbda4c4f3f041ef47715366f81631617b1,1
2c240054888a2a932c2afcd83d6b80c84751d171,0
d7b5fba725ef1ae21f7ba09ae815358e04488dca,1
7accef5459def79cc489665e4844832b9e52a0f1,0
179d5b6d6a2c610b9f8d80788238bb19b3698bba,0
361dd615a081d3292b24e109d6db0786b85a070d,1
bba5193b7d3d1a6eccb8c439759b8520a8e60521,0
756d64a9eef6dc604db947597040c0b24965c52b,0
9004f534a046b5b8a6f87edf2426f24a291fd2ab,1
5b377f3615815228af6867c15dbe93c9361cd141,0
11f9989de51ba098ff79ea6b0294ff5257a428ff,0
dadb710059849d3da63c099a5db0ffff688f1d08,0
561e3ed9c532adb12dae21bb3394781b45a975d4,0
3006d14b834a7c183744156298107906785a55ba,0
990ea5d016b6ebc1961be059ba9aab0f5079683b,0
b074ab14045dcf4b4288cc9bd561364c7018f619,0
cc6559373e6ff4340778ea4b2f376e706cc56564,1
b69e4cb8ad85d7bfaa3a2b3824049d830a124a7c,1
b39e430b27a666ec6195d9f77b09b3ae2c21f011,1
0b5e8f634cf2787089efb868699cebe486484dc6,1
8f1512c7feabaf4e1cd9a1443f4db69ae9e007f1,0
1bff1d39fe1d9b6be5d7e6c6c821849eeb3391fe,1
15aebb582ea14708144e27263de0a6fdcc402af9,1
c908f8f8e63ac7fe093dae09041373b2c922792a,0
81c871f3a1c9aba42ec27adda51e56e51f90f044,0
49cbd0bcc73ac7cba6f008e9040bb1cb2fe470d7,1
c9bb17ed66ba5e95e44eeab8ae68b97994052328,0
81a86e4d7c8a3d8718a8d560ec8b5902dafdb390,0
d9e4d18f4f061fbfd41176edacf631a9e9bb5106,0
eb3adb88873249c262121758cfe1062e8608312a,0
d41fb95c9832e084c1aceb81140892de9379f711,0
4cd33ce31d4245281432320a7f4f4cf6b541c690,1
56104312831c73e13d7ebcd12cbfe50aadb05902,0
7c00a34f524fc5a3410c021d104c5a22d036b405,1
359916662aadf05eb4a30e772c6164bac05a4142,0
fa794e8b1f45c6e888b4a09a16554dd23d48171b,0
5c23ecb957035a75505973c72c48049e130e44f8,0
28bf06cfd8c1f438c428546f526ed06ffd58c399,0
4522992603c70de79278259cce3a38983ae3f34f,0
3183ecd1d570e50df8508a48e9d508d0daebdea0,0
ebff63ed975da3af3fa3718072565cde7f919bce,0
8ef9d20723428b490245502fb442b9abc97fbdbf,1
48860dcdd0de779102e734cc103a3e4f778f45e5,0
c061ccfa0bc29ade5005b91c23b1a8107dc27643,1
2c88ec5304d1a7687c98e65778618c3b38397a02,1
ae49ca86b44eab92cf12eaadc9609d88f3c762bb,0
0a88c9a56e8057a75db718c7f289054957b5f6fc,0
0c09b3e32bc72161507ded87ab433359875aead0,0
f1d5bd46189049da24493a971e0e420a1345191c,0
ae2354aacca2fea5b4294807cc8cc97d252a9f58,0
4e1a5df32b5ac63f335fceebeee70a5d0a7c5232,0
ad4841a819b6282d0dbca5119887236dfbdb1a8c,0
745375d22e427574f1ef1301c8378cd81e85a1fc,1
d1080684022a6b33b775d2e963218921af6a5826,1
022d817508d62f983b40686cdfb04a5bbc49fe5f,0
05abaabb2b968b487c0059a83565a72df38774a8,0
1ead1cc51d537700eb72e3fa991e1d68162029d5,1
19fa4557ea9b6fdee995f53bf0151ab43fcc2bf8,0
050f1d12e7b9225edd74a86c6781ded7b09ba336,0
dcb61e575021a61d9e1694ccdf300f5d028f5b1f,1
4a92373a2418adac401cc25e1316a059e9c3233b,1
64320f1c02f6173874ffcd7d5261a0f193c206a0,0
d7ab0e88337d961f47be82db20718dd7e1d1a06e,1
a9aa579061aeda71e18217fc80acee6ce9fe0467,0
1ccd298020da797829b9558814cd55bd75300485,0
5affae5074e97e34d0ac1627f7600ff5f4909da8,0
7a009ea80932204d693c2f80fb89bb43df3907f0,0
e3962ee60f0a2e4db4b23c7563eb3b12fa5fba50,0
452f0ad621fb134a4435a84dd45a8c1e6f525d7e,0
ff3dc426a1a5c04b258338caa6e5cd4d906c93bc,0
84b251bf545c9df52c9c750835a86d5af4bf0387,1
a09ebfc6c0f84a0aa9a05da04801461d99509ec5,1
289a56cf5d5c89ad3d85389b9651b0e227ded057,1
3323d0a8d6167f47aac9b30c36979cd4daf610c8,1
a68c2dc0de5f21c07d5787242ad0154dbef7afc6,0
2e16d85893141e996eef35892ddabc3c2bf19ccc,0
5964ce6decf3d7ab3efb7e1a9852b2f85a03ec6d,1
f93f8bebb4fc714a6b60e1d2a4452d6ff6d3df5c,1
4694d5a982413a12bce4ce0e5570404b8cc7b1f7,1
4a61d8cf150c561fe24477350eb6de2bb41ef750,1
301acde5436a1396a56e3b3b223d5960d1ce2a1f,1
977e83dbfe903e712143ce281dd9a303fa8e9a7d,0
799a5e8e5b1b07ea056512494219bf3e4d6893e7,1
e8cb32f461a2720c642f7cb3feb94c776f015be7,0
9628bca96999535c33adad8a0a3a5afa4c755340,1
68f11e15de3b70c84c440fd861c69a3a5f15d644,0
07f1929dc5594e606bd333e2c768a15a5419638b,0
f434567e049e902b8a18254201ba3ea382ab05a7,0
9c330708ba46721214e2670a93c8fbf845b6ea78,0
69b2ab185014e1a54fb44718543c0b8ea1ba9f30,0
10f68adb112f0c533ce71b2af8dfa0c624204d37,0
2f34ae95a1a26bdb1bf1f930b376b8034dfd3e12,0
1e23e4f80985edbf7ce2de16bbeb26af90eab3ec,0
733da2627eb668607a476d712259b5a798814ec2,1
639e10e9ffc1450f2aece01130aa4a97509710fe,0
f49469ccebb1cb80aa5506e7f358ced50e55f07b,0
b2de2a9f320926ef72b008b4752cbae18ac0ecee,0
fe44f3401d6d2b6c66eca32058de5bcd1f6facb9,0
dfb79b3263d2a1f2c77e4d307e7af4e4341e604a,0
ba53c60b33b398532ae8d1a3bdad9c914b76b381,1
7a58802587118f629b7f4a0025fef3380ac5ab89,0
7a9d4bbfa43b602c62e5e4652e2e74da677c616e,0
ea4523f9a30c4bf19fc5a658ed0a95b7f2629358,0
e47d347ce4255b8964e384bf0df170281c78d070,1
d0f79f5021ceca6f23201ac9956662a48b1bd6be,0
79f1aa2ebfe5af14e53771a12bf37bb1bda031c8,0
b3f1f4aabfec5634a364f4316c2bd6fd8c608d06,1
4313d0c150f184a25b64b0b3c054e2bce9c476a6,0
5ed7321a99212eb47f1e6561826dd229b3cebbac,0
41f13afe45c47b00aaf3709f0d5f0de11493275e,0
bf190d699ef669c058ee62a8f7ab7220b6684b78,0
400e99de58edf0d46a2b22818c37384a3ec9d122,0
a3ddcc7f216e8551937586b949444a481854b425,0
1d40fcea1b4b48076b0b880ad4db78e8a8d05fc5,1
c7cb6d1831629a3b54b33fc949d3ccb816c727ce,0
4fbac940f62e0e5196498c3b7cb4ab909ce1a337,0
1d075857c57ae97aa8190477fde48ce9e164d07a,0
0720518d0a128c823b93b8b8449e47921859098f,1
3d206883644d0f97197a4107b2a2174e2548cd5e,0
f0c9d8d08404ba2bad6c581bc76ecb1eef6c9bff,0
9ab01a7920c5b73c6b758cef8487feac552239eb,0
bbf9bb5b413200614e1e05db4f9c1c5e01e41061,1
a5db03820ce1af0768df57b6143a2dfa94fd5489,0
ceb601db78aff9eeeef35a32b9a6fda26dbce555,0
6afa3db854c9b574faaf1499247a898c524eded7,0
891b02a1e7960248d36d1569a7bf2c7063ffce60,0
ac55decc7490e4d016c948023a94e5a7bcaae6a0,1
dc17ccbbff183e84950071d1ddf6d5ac9adb1e71,1
f0bd3788ad59aaf70fb170a2cb753afea15bf382,0
b31de97f620c9c16d54c6b1e145f155744536eeb,1
07b41540700406607e1dc75538c6495429120647,1
006bedae9b3b77925279bfb3929660a013a99c20,0
2d69b93c5c834715422bbcab1748b56972abe1c2,1
9c0b6072173e0aee67f5c66f8d8b26dc762429a4,0
4ab6a3f499d70834f72309ae4a9145b2da24d4d0,1
0c82c520078d45706f11cac7faa11576b0a8534d,0
2f4496cd2d615dba7cd2b7acd1809198044cf12e,1
e63fe545bf5eb2b5b33137e270a2a35f881ce298,1
2e2da038149e9c50bd92aae86378e4e5a10ca0a8,0
5e49391360f799bb42274ce42266c17a484b8f6f,0
f4aa2efc1c4e4f307b9f96d3364751caffa611e0,0
f74c42b4c310f6aee9e13ee7ef63e2cdf290d95b,0
31149075e1b9260bdac0439adb00e80074a3e849,0
932c0fa0dc8fc1b2b0d25f29f4cf2df7d02dea46,0
74a4c0d7ea76b85fd1e20cb4c3a5bd12ae959354,0
4d8687036b22cfe15dc34e67d25150529bc2ccff,0
d2a8c83223fd79e89e751ff9386eb748ce040af9,0
9d38908a221506df313db59aefd13709f6e231bf,0
dad5ca938c93b3fd787c98ac1dbc893850378d5a,0
c0a7f8ed03a41ffcae670432cf98d11f46113f39,0
8a8df679c78cee11f5d99dabb22bee2f0d71c043,0
50550a2c03719990e7c46566bc6e3f452cc972ac,0
7c20dc3acc52c09f3de7964e8704f6da02436ebc,0
d13d04c941d2336a20ccff832aa93af6c52d41f8,0
489796c1d283ac4ce843d14e8e705443270292de,0
7121175b470763c10a4b9592b8ff2e71648b0d7d,0
473241f6f9b5f7b15a28a47ceeab305b3a21ba01,0
14c47499d7aff0790027c65fb2bed138ec80f263,0
eebc5c1cf007b41d5bf6a71b04ee05f6b9211fb6,0
4127f8592e1e43b72626998fdee07f1e3c0ec928,1
eebc440f364f75f09ea1fc3993b440b8e347966c,0
3e5d9d38b2219733413c9515709c9cf82f5d7fa6,1
2c5a897f1a84ae54417a1558d76bde47c3902a27,0
568689bc98a016d0ea5fdacea28ba234c9159a26,0
32af5d98a477afb718980886392dc6a0f821cf55,0
409a3f301fa50bf1951d684617fa25811ec4fafb,0
49be946191c21ab0edba7829bd5f838a20b91df8,1
63901625f655486943def57e75923a932f1858a8,0
90e1caa080a14b17f6ce6e8febbfcd9bd6d990cb,0
cc09095a2531f252b4d8eaa72bad27cc6076c1ac,0
1c5967e06a0792783b5a3980189ac8f7d37480e8,0
daedcb79bcb483f96214be190d7d1f02be8aef86,1
a0e777265612f42635895d8c292d8e7892277224,1
25211d6141de186b0adecae5081f443275197116,1
ade879d55310f2bac66697e801007791e3bcc1f8,0
1bdcc3d74cd87ca5a128f466d31dbca61429ce30,1
8d33a71d3c6ef9e1a55d7013841adb1614ec3c26,0
b13ad1c26d5473dd0559bb78a3424a562cec92b1,1
ba12705d8732a9485f35db4200416dd2663b97dc,0
302f2c59bc53e9aa1e143ff5d2a966c1b35ed6f6,0
350f195a87af4088a9d43453e8f74144c8f0ea69,0
e3f2fe5ecd9f12ad1d6446945f01369f152365ae,0
3115876dbf926d3b20d56f304c0649cae5adeaac,0
907c8117d34c5628707491f7e5eceb4adf1d4709,0
c122d7e7c6ae4d518f5ecb0667d6dbb506eaf675,0
b0fd8335f5a71226169b1f66a3e0a40c7f977ca8,0
5245df052c77b89056128761837f228be5ef1c29,0
3bb133b6414158eb227fe8d0844f4c06fdb3febe,1
11a51ce9fe16fc4f129c8159ea9bbca63c6aee4f,0
9a592c4d5695c65311a65054eaad28c18f36aa1f,1
023d8718f9391fa25993f21947a925bfd275b197,0
e2502eda50b11b8c8092ce1796eebd26f47b649c,0
2b567dbec8baeb433738690f09d479fe65381f7d,0
37cd231ad3012fe483eb1ad0fae3d06f2d5da0a0,0
41b87ef279e03b06ee840a80fa0b762c70872df9,0
12a8182dd1199b23b9c3c09698b8aa556db892f2,0
0003ff603de4a7280d686e9271a71eb5523f07b1,0
9ef3966c9d7fb4c70cf2abebbef53edfea1661c5,1
9269472341ff45f193994fc4615f695adbcf99ee,0
1c102ba493d1e7ff999ffe645d9788fe6b182b01,0
ae5478f721fef2e41f248c6e85298714c8f6c445,0
676ed0e208eb373fa162336e553894f2d0121ad6,0
158756bdbe4c19b62354ad27d4aba7a0fb739bdd,0
38658faf475ddcda8292324e05f160fc178bc86e,0
ea9fcf0abc201431bb08b5885042c72260cee9cd,0
b12ab48682d588fec4503b02d31aa863a288b15d,0
59c3c76de9b269980cdbe38e952ddaf12e6514eb,0
7cb1794ffc6871a1d1d9ced04073dd67ee8b4885,0
a134db76ab13f56de934b175b5b7548933bc338c,0
f1c5fa2d5a19f5a8458b8799ca6a39d1a72351f8,0
e9a0ea1d16304c90e36e0db523d1667826369418,0
07c5b3a4ba1f6171948330c780a407bdb50780b6,0
6ed6b644d8007523d07e4fd58389cfae34718402,0
08251f9e7ed62b90681fe9e6c17eaca771566b76,1
08ff2f20747c0a8cf5124557865945e5cd4ea958,0
bcd5610ef357559fb1e86d837cb474d037b75d27,0
076b2009d0ae0db451145fda3bf242172b16441d,0
9a379ceb32f505fffaf1fb4f84de3f706eea4ef7,0
3ea83ca32b68b772b0e7eb2fd5a2fc6975223755,0
ed7b70b9d17eb72c09897a6541b4dd1c9ada4ff0,0
6b7bbb9f79f66b9047096bf3ce552bca718c7ee2,0
7f6039cf23c4a3804518d97db05e348d7433ded9,1
aa4317c28c3acb5413ea52ea008c745737ae44c5,0
a225f28c8d81a4bcbaa21ba2dc20a069704d724f,0
7871ef46389c3367c100e4eced4ab8825f47aa59,0
14fb087b945e687162041b6d91c2f83d360959bc,0
5e0fd951eef068cb7e8720895563f6154c77ff0a,0
d194ef86655256b98c44c6ef3771023f92535af1,0
bddb584fde98885ab7f5769282b6e51a8d9b8f15,0
1dbb70871e3d35f68717923973270d0c5d69d1c4,0
b11d2671d1b63f4a759cde66d15685bdd9b76df1,0
05564093e5f03ce22ab0da2b7d7d8d3cfa801670,0
e7c586cd1f15b912c85d0ce48054d21d23b9a4d2,1
9da7d82d7313103a8583397d90561a9ce0c51929,0
950386e4cb3145098ad622b7a71ac57377700661,1
8888f6f66765f9c6f020240e213fb4d0307b445e,0
a79668954b565a73be56de928e1c62cd05a50cc9,0
8f9d82c11894c4db7187d5ad340b96da91576da0,0
f9791f1d672c50bc5ee609483d4fce282fb09031,0
a3db9971e829bd46e7b051adbbb349c2a689f889,0
a0536d1a70877365cf7876a565b6b40716929be0,0
0d5c6de19a4c930763d05e07c784373996dfd53e,0
cc75a3a3936c40e9d15296410b1827944c82dd81,0
efcaa3906b9d4c534c934b8428cc22959b63176d,0
8ab260ef261f794ec394043f496d985411ad396f,0
e8cba4e096c26204dfbd93a99a28bb50a8f4d957,0
cb35a90f80e0ab812029566674cf18169f279259,0
4f86f96e07153a9ada9b051a718e337831353017,0
e77515f7bb91d5e5818b138ff24f7dc6b08e0926,0
3ad5ab7eee972a866f5ed18be6376c9e6e750bf7,0
fcd8e815130dc72fa17be98c1c4bbe3b309927ab,0
1f3de51cd8936d0bb328a1d4a8b804624070cdb2,0
8788e98d44271bf6bef67132f8673b814e285dc4,0
70f378cc6a7f889343de61b6d2d4b95ec339740e,0
7aa6eaeb24ab6bd291da525a533589d94703c11c,0
672de946af0cb744aedb3f430540eb573555816f,0
8f3c77a7935f8a876bdbda1f089ac73c3192826b,0
d4b1074bcb41724ebc3acafac9feba0294428560,0
0b9195f60e2708c22325738ebd8ca682ecd2b9b4,1
025fb9c837d749f8f10dce921ad2e1d4e8bd8acd,0
c77a476ee86b107745267bdfc9fc210201e6d414,1
d5e24a4f1a2ff0e5c565f5b78fc0691e639b876e,1
a330996bf5514705e476d491069b1a4a65794023,0
0b1410571e8477502ccee2f0c8f05d0ccb36d099,0
a77ea19924b8590d847d75720f28afcaac84ebfb,0
0ffb36106478132a1ece46aaeb48752287e6031b,0
8baab07e0d47ba43a197933f6519141871fde6c3,0
6bd9259d79b44c2875b37378ac1ce0f26dcfd0c4,0
418d7a0ac343be700fd251d747bcc2d7ac0056d7,1
65b3c8a113786f6fb9ab9a387d9631012395fcf0,0
62933fa0b495f47154e91b71d85b7004d965e9f3,0
69ec6e25cfae676ca70ec5ad06554080761c33c6,0
2eb161db268dcb36d98d5a97637ce4fcddb9adbe,0
469ee761f04f1c3835b9dfd016a6efbec33a9d7b,0
54a6cd666d4513e505d3add7a6ba5cc3463fd9ce,0
d3095110f9f203a76781bf534164ca7bda58ba23,0
43692b54237b49929e308552091d8a1cab97077f,0
65c6dc37ee499861e46661bbe73c339818707b89,0
ed23a1ad6dbece4c3d7efc0eb5f3c6f51ddb7861,0
d034b3fdc4e5db2059fdb04fc0644e03272d47e2,0
02ceff52b5513ef6f48c5f8d4d809daad7566f7f,0
65ae33cbdae95c4230131f73d1e76de8f5f61321,0
374feada250156b14d14a242033e4ebf111b2b53,0
7df318bdc9a289511b581cd892a2222f6a7afaac,0
d0efecf204a20fadf1dae6e18ee34ea1f970973a,0
b62e9c2e3cf03e0bf6fb40585ae857eec3f26610,0
c5e108cc7c78ac689f75746cbe39a52331ff1a09,0
20155901bf0972af2eb5377d12393335976718f1,0
297ea8ee3d60ef5279d9d0934c14c7a067d30d17,0
d0e9037f9c64a203dbdc1bd98b03877d4eda3510,0
b3601a1a39bc3c4f6d10bce7218d162e449eebf3,0
4f1f551618616a4406e65b6615e41bcff8ba2efb,0
b901739a6779843da45a917a141cfd17114909de,1
f5e41b7cdb3aed5b19ad741cccb004dfeca745ac,0
33eef27c163fa43430a159d93b6d6cafff661ffe,0
a84af518bf6d15ea24eb79d7c3ed1daad0f41d6b,0
506478890c3846f947a3b6e0569ddcb8693f9a21,0
da1594827c24696c495283567e7459a1217daf18,0
a5676ea4c7d708cf5f4a2a54967a6f601f0265a3,0
b9911f5d6de3c02b7a1e7cb91765a5bf585a5636,0
4753f91de1cfbc08b27c632fba0683044f597ab6,1
aa2db449ad2f7b38810fd4c5db5996f2f6094c53,0
a439404386c052622b880abd6baadef2f851a885,0
9c52bac39ddeff7a3337f2de45bb022285a75bc6,0
fc4d32f8b415b47f9799344b81027b48fb979ce2,1
6039304ef35e414097557c2bf5691ef72e46adfb,1
8b16cd8d28747da5ed6064ad9a1abdd96012026b,0
c594f49b9ee462420e1b26fc8e69f04a60d78f83,0
b53bc0eef26160a5ee39f44a8d2da60538fcae4b,0
07b8e3325ebb212e2947fc9ec729d728f8af5348,1
d221f4814fca46b4d4cfa72db8e384cacc9979ce,1
2060d3b19b669908c22c58d108fa3dc9ec3e5822,1
3e4ec2a42b3118266deada58dbee39db2a48677b,1
84bc510bcdd51a730116309c41bd827da0fe0a7f,0
6114d8ab8a2030f51ec0887a540a06c93a09ba9e,0
9d18fa2121851958b078e57a0bfa31054db2d766,1
384bcd125dbae6d1cee69e27bc4eb3956e195e6c,0
d7c82be18c1979ec5d1e80d03c42f80d085a0a85,0
985c1831405bc7e96ea6a140b830594b9c41bf1e,0
ffe318486dba0a7dd2d14ee638059109acd01590,1
d3b1bac788bcef2487065bd699ab727bbd320f41,0
1bb1b1713bafd7c41ad71c7f7be9db359eb7ed67,0
43a36c212fea8997572875dc9b1f6437347f075f,0
d9224439fc7c437a665ae4b5d9f91e3676b90496,1
f3454e26015b9880f596bf26e1c25f461763aae5,0
1cd9f6757e0c006a7782fe45f13d42d5108e765f,0
6bafc4b2fbbd8c104909c7d77a90a0563fe4f97a,0
20389681a8bbef336b2218778f00eeec10f45275,0
95cddf5d03419405f083f2256cfa973ce83e48f4,1
002483fe2def12ff53d9fa46527c79324220b5e8,0
08d4248f4d1d11f9fc6f9e3c00d7b8eedcb3b175,0
966a65cc6baa152dabaf29fcf685d7376f356129,0
1db3dd9683694300ba27e6c1247f9dc721d1b65f,1
ea08b91e20fa6a49d40a31126d47424e3bd019f3,0
45a201a6a18076cb290e1c9bb30c9d0bd9e5ffa4,1
6a1bb4d53562a50bbaad48ee2c94971649e24cf5,1
f7908eb02597c52643d6def150ff52d97a7e22db,0
41669d5e6724f1e1d31d85f02adda2d923ca4393,1
eeca0e6056634fa89406602e4185940633c86e6c,1
6ecc948a706517f8969fa80162da250063466946,1
fdaa056d5ee2546596310d0c72315ab0ca6a6c30,1
5a7b10648fd0765a0df19d9520464883a917570b,1
fc2416dea6ae62052160b690adb3d46cfec66de4,1
79f638c7fad60afb933cfa5a3001a5976cb675cf,0
da2a407c7b152ab2a9538682534a312c8d8fd498,0
a23156e7b0f7fc6a6c3d0b52745b9c7aa7ae9b75,0
05c1bb985b4a9b362043373a5c6003eb4085cf89,0
595f424d0a7e459af0a3279fc69efe8be4ce6899,1
2365aafc8f0f2327439529b47359ba4466157b56,0
50a04ae690db75abc842cb9e771f53e6bf0f1a7f,0
4d35175bb740dda3d4eb806cf4c2a234cbde9032,0
899191b4e4a08e6e65c62f4843453e6005b26b4b,0
7748ed36401ea37104ae313be804f81f2526cd6d,1
04d28926f1d7f08b25d8b2e13813fe77a64f9d29,0
39385a7f2e3fe8d5b276d2d1dbb01d0527cf21f3,0
160ac79c337a2873d7c471d51c84351e7fc4696d,0
7317a67bbaf8506b9b75c93f0e0ea3bbfd6b16b4,0
086f557492ec595c59757de7663cccbc50882496,0
fbfda96ec03c67678571643516d03eff40daa188,1
d29928ee2b1535a122ff4a72d6468967aef4b382,1
036e8c4cf49e623f0ba1067ffc14c143dee8d85a,1
9edd0b2dc2cdbcb48145269789a94be06116a160,0
2b9adb121e3a7c4f801fc739e3cb9c2c91fb18e4,0
2ba7bdc4a7db82817a49394d6b3e78781ba3f59c,0
a5a6e9c2bd4b4797c08474fcfb84de7379abf2e4,0
63621af7bc1672752f5fcc7af4e7da27120fde34,0
a8dd6b9044fa06f4ace201672124e2c539d8925c,1
7a0867f54cd6036e9ec2243595207b035c436161,0
7ab815749af053b524a820f30ae5361739597aff,1
e5d4220d2635a31283bada96a769ccb674a9195e,1
5cde3d9ced307f01ded5a4090db3737b1d55e8e5,0
efbe0991e910a089c02463b9777f7a64a7501318,1
e79f0fea64a359e2883922d6b5f594f6552b7f1a,1
77fec66f6b3da38b91bf0c2c4cb6cf46ec2f7f11,0
c93fe8e1120284ffe7867fd66a836fcfde527110,0
699c3b67c2673ae1725012e2523524ffee019c96,0
e5afd028158ad98c6649571960560f67ca4bda0c,0
004c81d5b2ed8b6db6098e0ff11d4dc7a27ebe98,0
d5a84f6d56f77d478ebe751fe7f91998a6e12c21,0
8ddc246a3b02467b1991c8acdd8b6eaae574af1e,0
a5d89f85d26c27b564047cb635eb2f051a329368,0
edf84805e242da0b4166a7c836f84ebb62ba8083,0
9eb15e876f5a310934cfa77f25638af37de24483,1
eca62ddf18f8075984150bcfca63714e323b6b69,0
79f6ffa3f3582ffde0687304c8858f159b9dc567,0
0ec666a40d878b0dd2bc83ce27fcf494f953ce8b,1
83869973cb8f43d36172569ee6e6c2a33a8e0a02,0
2c0dd9b1ebe56564cf3d08cdebe68031ab63a7b6,0
79cf7b99aa472a176a1914d8f03dfdceaeed1ee7,1
e4da4f33b2776c10a0b8bf37fe9f90d1df00fb79,1
6f81be3cd06900a879bb277a264e8fd2cf06b719,0
320bd0abd49d93d6699980a2b156917cf14ef969,0
b0a70108d841858f90ad9e28be3bdd2a75b8189e,0
afdcadd7cf86d59adc7eccd154e50d521d8ec677,0
1be498782acbf507108e14f75034b242833e8bdc,1
d3d4c5940a05ec914f5d0256483e0d643af7ea0c,0
885a192916263ecadd9efcbdfef51a0a1c7a2f03,1
161f99e598b0673dd7b1a386198959444b4ff519,0
db7b3426781854f492c1ba2427abe660a4c2b58a,1
1746a56d83b16216eb5c6b219714a26523e374a9,0
e9abfd49bb59e0c46f76aeca8b64bca1d23e6d5b,0
60f97fa32115c99627fa69c2aa2fdf76134d4563,0
8eca0b1684f87025702aa6900ddd1ac0b61f6657,1
8eeb52fc81c4e65c00839cfeef9f1cde8b1cc613,1
fcb1f1dc86e216faca4bdb9626200d99a6d9915a,0
cbf6d9b66682a8ee5cebb2281f622b93f43f48bc,0
d994ec9b8d6c86db348bf26d3364f2ff677da1ac,0
359b9bcac4dbb0617903612251590c89348856bf,0
38fbd44e8209287a7a98776bf865c7c7f96210cf,1
4507f3cbb6519619331852673ef6c11098c4485f,1
8e39fe93002f65829043d26534c0b6db8e7bb708,0
7e0a9f6790af02c81bbb93f9d7f912c8300a3c69,0
1af24b6d5132e00526b380879934141b27f710b0,1
e44faf9fa20c0213106c81ad8e25e7a527d97d15,0
70492febc8a6384aeec79676cf74911bc43ac3c6,0
f34016d0fce891d13371ec11099b6b715d15099f,0
c360a10db25701f682849e5913d150f13a09f3bb,1
c358911580db423133c958f8c68207a184137400,1
fb63d00ebe6dabbe9c4a9314a8bf950bce618540,0
c20dc79c1ddd373a2a345ef97cc0ab221b913d16,1
ff3752ec4ee1d326cffb7b2fa0a7ff620776cc20,0
a20f19d70eae2f16cc82b11a446192463342a109,0
c39b5b1cfaca258fec0bfb8e597ae264bf5fae93,1
5ed3ee1f12d13fe78202dde454b2be4e2365ef8a,0
4ad59c5ac249ce6e011ac6eb3d0d026274761f43,1
c8ad7794bca92258eb9419a4cf1f82ee1efccf62,0
26e200f3e9e5fc2b353842093e047008913aada4,0
0010fcad01ce4ac5051a61bec349bd6ac397c994,1
51e80fc903c8404d9515c60436b3f67b702f7c4c,1
29119dead7ff12541a3f5c154d2128573f740a78,1
6b4f468cf9cf82ae4dffd3c43f1798732dcbc3b0,0
4c42c942618d68ec1eaad6466ef8a52ad7510a24,0
9eb351eb37d45d68027efedd7a961249dd573f9f,1
9423d7dc927d7d44980b08b59b2a127f8f26ae99,0
