commit_id,label_AG-SZZ
6f5663658d5479cff0815982a617db92383b0637,0
164b290d38323b271bfa4f3c5007323d64a7575b,0
ebd9b236187525a9a345d488482efa9c8c546b30,0
9288e2c95f39abd1ff115aeddafaa276ceafae6d,0
03636f3e9ca42122996e6cd5ac5449c0e707c80f,0
af1b18e2479b841669b659b89e71f948e229cef0,0
50478b4a5a0a78a0d7c328da7afd73505cfe413c,0
baf4b591e72a6c515d0779d6d9380dd736ad96fb,0
3ebdbc66dc3dade6c68fc59f640377da17ce97f0,0
54ee8ec1c9c44a6617e8e41acf475a79857ac564,0
7d15536229e0f565ead115538b30ebeeeefdac4e,0
8f8f3b26e8cb81e0879fc676068db1212652dcaf,0
a1c12e6d4887d66d2112def35d6109905806410d,0
285cd2fc42a16de63f1ea518cfd7ea1851563c46,0
65f6692fb2225edfdb1d54d29a48da4e2f7f6f89,0
e76dcd755dc1affc48bd0e3475e6a2cd97ae2567,0
7e5906fb0cb679d630527fc1bc18018f935518dc,0
c84d1a32551be1ae9c7e0a4a0051b6ca492e37d8,0
4c83821cf01bfd13314ffb6a026b9c2e96fd2b63,0
e0394dccff43d878051c7cbcbf3255b47858a439,0
a593c2f5c12c4a851908f043540e1908ede1b179,0
28c71a2ae4d20d564d210a5dec6ae7b68cc68ab6,0
4a6fcb04ea563d551f7247da766e212add464703,0
0add789ed39fb3d59ce16048a3960821ee313bf7,0
c47b2fab58d72383ab39db02452020d219eebc29,0
b1aba6833f31ac2c9cc5a1302cac966f997db31e,0
0cd37ebe9743cc206a53fd6274ac18d5cbeda8e3,0
50d1508c30dc5ce44ef9f7008b77edc34615c542,0
fe573042d12e4457d81b7fbbdcd68d0e82381c6b,0
e8bafeb6a347f1cb529db6c4b33cc81ca069e337,0
3d662f052b5f0d62fc30e2e89e697c3637f644f4,0
6fd967bf2047c3d1a3b00a4f746e08b459f8de1d,0
e0dba35f9e41dfdbbbb646fcd377b8af8ef7344e,0
94ad3a756aad97add12e48ed8ff54d630a927d4b,0
0a1b0f46a75c9913be9dcfad037230170d24af6b,0
8a28feb1334b782ad5c0f5312137de7defcc7e4c,0
87b7b3a26390f4a095f63b9f7b1baf0689a22634,0
5ad44b41a430c226b336cf48fe57445fd4b80946,0
92c275f1f1ec800523ee247b1133f76712b9ff2a,0
a316188a6d03b60528ed03e24b7266035007ebb4,0
2ffb336343b1a8ee7ac8a4bf35433331da17c98b,0
12ba066f701b9a289d3b730940160ad6c2078016,0
e14f7bf32acf52ba3a0f2306bbe1b0899c61b7c0,0
983e46d9e955bab42b6f86f6c449667b00a47d11,0
4ac3885ec2512b17c83700e848bf9e0ec229132a,0
ea9c4d62b847a8ccf3a43e4c738498faadc5dee4,0
c4316d20a8f5a6520379feab11b052acf859700d,0
f3320ba6e34081bca2c7698913ac9bbb36ed2320,0
3fdc8fd43fe7c1a6ed7418653a75bc118b0758e5,0
76d957ee5e32d27cfce2453d779ef1e520fa8c53,0
4f5af28cdc8aa99ab9b782925c71f2be59f90a8f,0
4b52ff89a68408dfe5e73786eceb23d0e75f967f,0
4e4a042cab48cc4425199cc2cc80cbce7b9aeb45,0
425412e3a4f6144beab1483cce5f36438d23b99e,0
f78a858a1a99fb81d102149337be6586bdc8ad4c,0
c1a7fb9892884523440bb46b4b18ae6614671f2f,0
0392b4204dbeb894a44c209b982fbc959d53cc86,0
6036da7d75bd140a658d9209c6ccac304b1b9a7c,0
15f1834be0f63527dfd20a113d3756bed8729ced,0
08f6de4de5b922f5994130461a8532a231539b29,0
451d4e604402157c8df68be30bd5ec7209adcb9d,0
8e3d585fa5a5415f1afeaa3bbf243e6ff2b72469,0
6b89cfc423c949291f95d6f31d1e0bec382e02d1,0
9defa770ab24b0f7e4a8b8f57b2d1a88f88b9542,0
0fd6d48ea482841d8c7e3be501fa243e8865e5ff,0
09bffd68fea99a739ca0668d2b50dd1d944c431a,0
592b44f457a70b06b1a40b06828fab5e1a2638c5,0
a821cc4b80c7d3c8a301c0e9886aa9e3bbb3e94a,0
73e0df37e1c4328511679312db2f807659b14f08,0
5fd73e2d57b4a0be343b880e520237137c1283c2,0
9c27b9902e6fff4430a14346839aa8acc00c464c,0
4b777772b37e4d610adeb24a3950d982153b4b66,0
1d1044848b38fa82063de9e33b9e54caaddfbf09,0
a11beebc1e1c15119f6b73ef3af59fca5fc30f6e,0
a265320dff1c9d19d84021d9ca5e0b20ff5a297b,0
d8d0a028ce1469a93d2a6aa835c305eba22d8338,0
98dc24990bf93234cf63ed5c5dd43a4f07847baa,0
1a7ffb62400e6d7a666943de7f0c81d218ea7d0c,0
b6ae058bfabc3144c0a19e566c3765f108f9eed1,0
c99f2ddfe2fc9294070b697cdd1f603b0a31078b,0
9f57c08e749b7b027f3efad1e2124b6d2343eac7,0
f3e4ff730c9cfd3c359e6b5e715798d082cd1da2,0
2618069761868edb2ca03d4b930b3ccc2b42a9cd,0
89f5c4df4064536b4090a65b1127e317a3382e30,0
0c409392897ac41e06f76ecdd1c639e4bee52505,0
27e195c7f665160e0c61607ac2caa56f89cb45fe,0
6618a42197256bd3893836d9a774615209ab2411,0
7b7be629d6383ae8ddd7e0ed8c6d700ec23aebd0,0
2a7b90f57cd94763d259128ae73bbc73fde9f829,0
376fcce78cec0a6f29d59bc1a186c1b45f848b0b,0
16fe275f398e21907b1d5fdf15693bd02d078b14,0
84966e01e511a76a4851945b162fd0e01091c174,0
7515777a2dbc8b7e3622f62e760e303b1f72ad4d,0
7c91ce9898e2bfe0eb938ed16d4e1b8840d39aef,0
47590b080298858c2c633135d6515028ef996a1e,0
85db8908103187c9e55f905d2ef906f53956ba06,0
4ef1d6b2ce6d250a288c6ca27384885dda8c524d,0
9cc2097993629b87f0505fab3612386807a20845,0
2b175f6297e57709e7e51bdee28a04eaac0fd995,0
8425918f90e8c3c6e39f14e18335ecb8e4589b91,0
b45186a1c0df94cb716316cb82665423bcf382be,0
dda92830127b7486fb02932e87a05891feb9cef1,0
a77a32c0b7195fc7e8bece37275acd271de8d7fc,0
93c073e275e0a059ba7eb37e8aeff91331577fe2,0
d4b4d8c352d048f5dab3c85dd6ef380cfe04bdee,0
02cc21baf6dc8d5c4536ef3929c9394a0a144e1c,0
7732ac9424c1d4dc8a6f24b2f1f600f99fb8f537,0
f015a7ed9934c5fcb73901c47420ef0005ec0af4,0
2011ce3ba2386669086882182dc41d76148e5489,0
b509e0b678a8f8d1258260ee8eaa329560976c6d,0
3f0c0fd5cb8af9f2ae6d7f869d7e87c66985ab90,0
1d3a74622d000b86cd2a9aa5962ffea5c7bc0ff9,0
98a19c2cca6abc1ba6bef93b7f15aa0ceceeab7d,0
121b4c718a9d68ba7c8906f7303bfcbda8da5189,0
68ee18aa5ab14e1ec8ddd4a80fd7f43860fd874c,0
5115907915f4f857f03c4e9b418a87d755e0e6f7,0
d8b8d0655b00a8d34129bd935a217857636cd841,0
35d652e9e26461ddbeb19aa32bc6acd012ccc641,0
ae85262f04df19b6307de18758cfdcc31cae733d,0
170e9f28ad2667a9b0c80480c2a5a13cb4a53257,0
5cef4ad0079b0a321a67df44467b95fa0fb96e8f,0
6cb563d122680d6bf82f8cebdc9fde20f0128bca,0
7b11dcf5624351a56a913f2afd6e1673efab2d31,0
98bc7e5e6ca00958005b7eb741377e1f834a33bd,0
37a2be80434f5c393e5842c52a95afb607be2eee,0
261392f6530c3b2da59b3ecf80f514a4128cec59,0
aafee70bfdfc7617ed509b54e3971441a3a5f57d,0
c3e09d34864d434ad671944d693d67ee07206cfc,0
8c780bc8b9c7fe6bb0b55dc1380595de1f89ff05,0
64c05dc6d377516e35d8a9cc9436e890cd0e0935,0
2906d5f8d7f2c5d312152108882de4d1b2cb8d7d,0
7e29cde71c6c1673c2dd1d7f88f58416582d7158,0
ae9c787a68a7a97aead7d2d7e02e78aed56922c9,0
0311b67baed404b2b12f9ced753dbee7b5bca11f,0
0d8dbd208a7329c0783df4385123877e2ca23852,0
8d325f69d97a194659f054ba389420d3800cdd82,0
0d9394c18f4f8b16bfd8888e1279854258ae6210,0
6c4269eb8a2aeb722ee81a41a4a88a46c2deccf8,0
4c6abb128d952e7369fae8a18656bed9338d293c,0
6334440d5a61fdee73c8c7dd947f7adb6fa31331,0
5d10488686971a1d694ffbbedaa2f2e75ba3e8fc,0
aae7f0e61c51040dbdc7556f9eca5786eb9f63bd,0
dfaea97de4dd175781eeb552ff9eb29db767acc3,0
243d3fe492900d6338e619b1050f83d8052e8bdb,0
ffa30115b6eac3137d3080078178fff505215c58,0
6917bc76d953ee16d79cd39b109a716a35ea4e01,0
68fc73ce56557c45decc1a37fa94c00a4f0d7b8f,0
97f59d653f69f92015cc47f4db68a5c6b0f2d203,0
581ce79c4d39571ac98db3e32b0d813540684324,0
0cd35067e9e01462bda2fb371d9991ca34d7e7dd,0
13d93944ff76c6ca3e140d15478111b18acad0e6,0
1a256d3e74dd547b0ec7ea3b4b31ce1039cff312,0
4f0d90a69b9ce5218dcc204c66cfe6132cfba8bb,0
f15e8806da532cbefe23a2e095e6b775d1ed94ee,0
6dbbbb308bb77ba9c0ddab1ae400ee2ff76026b4,0
c4c294b0e04024d361d710985f8500f7d2412232,0
13d25e0591e640e53f1238e78f6b0e69d0fd6aea,0
181b80dcdf78e8f962a20e339b824b8e58745c0c,0
6bef246b2f10699a56a3010bbc6fa11d241430c6,0
226bf3975afd430b6b74c23a0c9cbae9f9b90de5,0
75d85a807d7b66da432a822de6fc75c48134decf,0
2c2ed9d80dac4b46e9426041c091ddcaadb4df2b,0
66faf46919ce196886953993697f3a1b3efd6a20,0
4e1f3eef1f16de28c83d67040b7a5e554b81fcdf,0
04365e544f536fd67e6f6dcb2ca8e18c70fcf00b,0
3e50a7f9cf103357d781483d41ec9c9386e69e9d,0
034fea0a8d8b87cd3bacdf52334186d3ec74aa97,0
a0ffef035d6a0e7803da8405ebceacb011efbaa0,0
153ef3f3db2dccdbfd6896ac847a38083e14f0de,0
04df64b765d5817c04454e343007cb4c091c5c20,0
9217777220d6ff3dae6f35c6312eb972c3e20d49,0
61e87aa1e5a74d4b39140d656967b0bd4b126b93,0
82252aa9c2634b319302129f4b367439b2dd4f13,0
eedd91729833cedcb31b0fd8116869c71e57ac74,0
cac9ec71ee4cd3082f5b53548299a4c95752bf25,0
ddf5625d50a4c2fbe9346f12a26fc60e68af894e,0
738b8800a7a07c98898974d9761dd487ad3f17db,0
53172785c29bb450479c5ba2c198102a5aa9a753,0
78de8a9aa9ecb40c02888467a6514f6536f3669d,0
fbae26f0819b795b38b4a251021c3086751f69f4,0
9ceaf34297f2b6e05f5477d5c70eb38e65eb8be9,0
46d9a80e548f792c5ee1a9e63f82a84256bf18a4,0
08425d17f0adf454d6cd4c8c30efa08a7aed3978,0
18063c1f6d935d60d0e7341d68434ab4c88a34ee,0
e10003978ba6bacb7b32c27816b68b858404e967,0
5eccadae66249bd06c5dec28bd8c99e8161941fa,0
f2294f76476bc3d64eb2c2b8091ca80b03293962,0
9aafb61e8af50eb3d9aaa139ddb129afac7eadd9,0
8e0dd9df142dd25fdb0de1d7b34937980c08c03f,0
2780ad699014d6ce9c7141b15c45bb2c806ef173,0
5fceb927149723bc6199d46f3a5f27675e65d9db,0
86ed42da5c1ac09888dfe2481aaa06df13fb1a68,0
8ee0477816221dbb67139db7e0dff6f997f9be9e,0
60d4c9843891f07596d2caf52fb8689d80179344,0
3e111f128a1f5a2f1e7df78c5cd6e8206eada959,0
7ce93bc4a7f6a9b482dbad814c1badd13aa09eea,0
6674bb3c3eb32bcb2f79eae2f26495e422a7b492,0
c0168c3fdd3c7a23b9e4ddceb0aad262b6b5613f,0
85caf864f6b15c8505f12c3a342e91a0469a023f,0
35376e48374e65382f37a1c4b7d9d169908d2e70,0
947e1d61888e097e3356c32ba474248b6dd57327,0
7cd272ed863e2220be20829f84efd06ef8bf4211,0
294aac0f00c54792654124b44fa145c677368176,0
1dd567ea0c8aeb7ecca2c7dedeef6f511e366760,0
99c22e51ca610a1c7c35c705a906e911b156451f,0
060ab31e517d856292e97428345821b5b289249a,0
44298fe0c0df0688827bcbf07677c3706de00f88,0
d927bfc848c409af2050d1c32b3e7cf1daed304e,0
57f39420fef8413ea42f045f1bdba4864ff75a0c,0
67ab00abf3f0a8378326d2af91c359746863af19,0
51c84dfb6cfd3321aff4bdbec1566d0bd93bbe54,0
cba3a601052629002618e102f310690d27361014,0
2240c1f93e5f96b12a83ec8615c29dfac46258e9,0
e6b8bbd39505694012d869fa2107ef068b88d800,0
d420ed9fed960a0ad4150b74742e1cb939f3a042,0
2c3748412e5a4f4f167ac4f15c8fe0a093ea5e2b,0
b33448dd18cf76ac03d82e0da0c27fc521470312,0
e79347fd471671da37bd8cf5623d3b310bf88162,0
1409264e20994abc8ff6a0ffc4109318114333e4,0
6c7b28b4aee6f7b55148430087f370be0fbece31,0
81804c19c0f67d2cd1abef3220da0a741872679a,0
2a6a10437d8d479af4bf7d180f0974238ab831b9,0
bcf09d227765e788e09344ef5173b6c2e8fb4870,0
ac8e5b5e30c0db79d1a399ae706300805cf2de47,0
764b42f876be88b595e8e7deb5dce37566df9efa,0
ca135032f0a73c4a41353960781b45968e081e8d,0
39922155e537992157b261738fab157da2146dcd,0
b10be28d248ee40442bb718bb64d26be1ac82454,0
d1159fcafb6e37a6ac98bf2e2ff09c78187c7656,0
07fe35dae2c1dbeb943ab6a95fc015925e3500c1,0
e36ad64c2f08ad6efecf1bd00727930ca9557d37,0
a35fdd51c6c9894ac1e7fbe7b0e4f9744ec45898,0
80bf07c61721520ef12679fc394ac5584c1e9536,0
1e071b3dd5a16cd74b3dd991b7d0b03e581c8d7a,0
5b87be5e67f393cf62a11dbc8ffcbec56cdde12b,0
b9bce16817a58756b287ae2b4403a961307b95f8,0
2a2dc544ed31bc8257bef596d012d91b23444f9b,0
451c0691a64912458541ce5f84f85943597433bb,0
0924f91d57d8932084c44fa7a957318a57b7aa40,0
31cf693fa7fed3ee1a14dc804f89fa2ea5586f67,0
7cab315eba320ec56bce1c225da90ecc8a74e286,0
1e4e8376a3d516ea0990906e5275aa095892a420,0
6e02b0a4d22f376a9414ff0a73f00ad9ef265241,0
9073a1e87c259f273a3ecf2ca7f3549530395909,0
2478e56f677db974fa196761cf704202cb2cd3c0,0
0cd12b10588b09895a370198d87303c8774205af,0
62841003b601f443ac5b67eddc823916b99e9089,0
a9ae10e31066a183050b356ecf667b23ace21a61,0
cfd1065afb0168983b7f1e18c663336f349fba36,0
fc67697ebe7d8c4a6ad5b9344e3216522ec83113,0
70403b95ec98eca76f14543e3d04d22078af3956,0
9abd79314b19676c54eab02d441cfb3051bb2d8c,0
bda0680763ad90264b9cca8233bb3369c03f4e13,0
bdd674f7c64dbc2c8ff043ee995fcd9f6f59a13b,0
2d2e68560fb001c7fa8f8d6f7475f3b800acd995,0
c2a7e5b005d19932df37486efd598f0a99331b7e,0
62ea4b620be45462ace4247df34ca938aa29a4da,0
e96157d6d50288d69e8ac57097d58c6035ec8697,0
e77aa119745bf7a6aeda13a92a266ebdce6c8e18,0
b84e429f6ab7ac095d875356a0b447856ffc4049,0
bd7ffdf5b27004908f10345f3048d4790291fbe0,0
531e2a2cf1c1e56708859ad2579a5e5760140714,0
d95e17f1c173a6259886e577cf5acc914ec44c2d,0
eb9c5bf0cd8f86da37392f2a6f1c91454f55ce7c,0
cefdd9c6e2c70f947436bbb67574ddc8ff107e8d,0
52343c5bec231bc2ae47f89375c6b98c0c04de98,0
093cf417bfc2a295c62fd541d39a994fa1d37804,0
9bcc0d0bf84f6278a000eaf39af0e9780be9046c,0
4f1a343ea40ceade111a5ba2e29215f83a91c26c,0
8aed583a797d977d199b62e85d67a1fbbf7ca060,0
9dada254003cfb118397c14a8f4b5cba2549b11f,0
186f6bcbab753cdd8b5a58191cc20e91fabe70ed,0
28c2fcbb73e2247ec1a3846e4e55f0ed4986b9c9,0
dd2028bd6c583b8c6aab4e1b43d8b4b72fbdec65,0
2c0b8483606efbfbaccf600e3bc31fe10533e004,0
5a62dd00b16179fcba4566728c8b39d8461af4fa,0
14deed1bff705a46c485733451f462f549ac528d,0
1aa5352287f581b628c48c6f61e38866d4a2f64a,0
60b63f627c274b3310bbdc9c4d0b08378f7f7f8d,0
ef39bc92712d47c100af3b243a8bfcd84a45f116,0
60e07f154ecaa0a30d4d0ce30fe27da9f43528ad,0
f3e64b3b0e67d7faa0f10b698e08207f972a15b1,0
667b67a1c4e2521a28deee0b673ec4a79a4d993d,0
172cbbd778e7e5ec4206ec96bf61b740e3800fce,0
28f46460d63b4c7806a2b9cce382b2b79ba6fd50,0
465c6a980aa783bd0fa82ab2742568c3f34c0d55,0
7db3e126dd480698eb523e72e8dc4e5ed7e7a5c7,0
593af7639553540f7d1c68e5305756ffc2b4e944,0
8e2d1bed8623e0f5b281504d151476689f21690a,0
b9bc027df25a60188d3400669cd8edad78c737a1,0
4d5ac2df889aa6f18389e0be0fc74b08271bc11f,0
38f7109f4214300ae6eaf4bd76f5a7f1b2a10dc1,0
8c4deb83471987bd4e8a489e4c423ed911610d5a,0
344df301589744f0a4dc0f4eea91e078b2f97443,0
f51d0615d034ae997611ac01fd4c79823122372b,0
bd8fa876cfd1f448c1981fc26c37bb6fcea7447f,0
b7a1c5ea301e9aaf5fc062697274b2be377b6294,0
c79a10240bd7ddcb956c3f6853f956e0251fb745,0
17fa81a348ffabfe4a8347beac2e199512b2ff10,0
b11591895eed00e9f6e0bcb19178dedbaab4a971,0
d962b3c924f132b83d6db99ca126ac75a1469d90,0
526a03a8701f85e422786f0a4d1fadd3f0c249c1,0
cc54667ce1ee7d4cbddd836d14467d1569b4057f,0
68c33330820f94f1f335e16eeb201988ad8c1edd,0
108aa571c1d6a79773d9c92bd1ee0eb10b165528,0
79380dba919716065f5e16465671782119449a36,0
cf855a838ac4bb4a9c919d01cc5254c89db6d8e1,0
0b4a9d95df610bfcc83c375110ac100d08662ba1,0
b6d284b49de8460381a1752d25f4d4f387db28e2,0
5d55a80df85119d8e3035ee7c533d6cf874a7cc9,0
18979f30e963081e5e0f018448dd3aadc429f51e,0
13c99492bf695b8ca378d0976919fcea10010c7f,0
e2838b281f874302856114e75767fb24799e0cca,0
9f7d3b5ec3aab40ee404a652495848213a608f01,0
4069652c9bdaba5724bd4e27939935aab6eb96e9,0
245d8dffcdab9ba3286b6493da595e28094d42a9,0
f7608d219cd26268dc994578ec8be1dd87d56308,0
b401c34a438f0dd7ec1e98939fb68232af86a448,0
fe51b030dab3e3cb4599761c1c81c141e8dd74a1,0
b368d10351e049fd25ecf63442a6a6ce2ff6808d,0
65b8722b8ef45f0dea1815768dc398301f457232,0
0953617b75115d2bedb50f8c11bac433b68da182,0
225d1c8058f39e7bf42f2b77f75a8b88dae4e037,0
d476e7c1a7271adfd758a64a62e301c4512aacd6,0
33067a68ba98f69e5dc978a7fb263d0b3c6754f2,0
184c9e83211a0552698a934d45d3ebca2c789881,0
9593631caf8c8d89913afc8fc3d3f9a89865a392,0
552d7d07d06708961b12272280cca3704901b835,0
833509f8cdc8ca60eef64ee4d1555388cfd9c03f,0
9cea4f0461f678e0f4f7e8b8f332df1a2e743493,0
9b95001e9801399c62794aadacf198c787d960a9,0
d8abb63a6f30e62363afc77cf08603c1609bc9c6,0
f43a9aa5a7ead22b00ccab316e9d35ab4d6aff8e,0
4c3f1dd00ee7b8800478edb2b50dd687103b5f2a,0
96e1e3d0c5abd3405719669e06214c1fdc53e85f,0
2f735e4f2e326fa4be98376e2dfe304c52fc428f,0
b353b31066b0f0626fcc743039161b2f2be63a1f,0
984bf391f3454893fdfe035bf73f2dbb247aa4e9,0
ceed34173032a7a73d65d8a53383b55a935ba3a8,0
5573f40ea2862e7651e515df5697b4e71afccf10,0
990e1f62bd3ead86785bdca2312ed6fe8ed7782c,0
24aed45851dec4e2cb241f8a684379f934622143,0
ef2bca450f25543b8a3086473f603f0fa1684a45,0
19e2d568a4ee4910ff470eba40ec040673195d7d,0
f945b05464ec7ca851620be439d4bfc3cfe244ab,0
eb202b0b905ac3bbea742f1aad426f5a6c7d604d,0
d0fb835fd93357238cbd29b0b1fbcfb84d856464,0
864dd6ea887fd394f15e3b55203d6f52f717373b,0
4b09471db039085a3114f79ece97ca7fd9bd6f1e,0
5914a8e80a547301b76bf8ef691053e4dfc901a7,0
58ba515e4b083f658ef2087df36284a9cd539b31,0
313d877d57abefdbb1ad0c42781bf719b83d5a35,0
e63927afd575ba22f41a1d5b23b2d85745e82d24,0
daa17b8629a7a9921ffe42e7c2c0f0051af42571,0
0c7942f416ec7dbf163e72ce0a62a138f11822ad,0
e985ede4832b91adc76fe54a33cd27251404bcd2,0
fd8bd1d7def96e19bb2294cfaa59045b9f743a68,0
f0d1c78a52b9fa4b080b3918bf605e090ac68649,0
dc814eecacc0f3da2fb4633d01ee5f77572ea867,0
19b59ffddbde0db1405c2cf4df8413ccee189be0,0
b64542b5537b699f456cc8facf5e6481140dafaa,0
8a3edd511c3009936dee7c1376bfadf56c049d1c,0
71803c255ec3fd04ffb20c59c011b29ed4146f91,0
4d6de357b9ef7bf31f17037f733c4beefa612ec2,0
5904c573ffacaa5d8836ffc2b346f400c8901ed1,0
1dd7cb14c233140a8e76ba5441b6360a239a98dc,0
eb560776a3430a600dacce67239e69420a607501,0
23f7b31ca61982d71ad1f87d90feac8c1082dda7,0
166ceb75286894fab753e29fdce3af4d33d1439a,0
b1a659af124023b87729c967a4ea577331035872,0
b32275662b90f17f7ff6ad686a1817b9dba759d1,0
fb4b32a53431c926229046db0da5990c915df1bf,0
c07bc828f0e208455b3f44345f69414eddf00b2f,0
8538458e7aeb1455a5942f60fe0b4930da6c5d68,0
3df7f4440e7447bc55e95400ec511323e708c652,0
0745c26dac9ac76086f10c302d252a71bf4a68c5,0
26b9fd554406004a74564f5811628fd280d5e445,0
14231166c8c74521de15d6d7e10eee757d17dfb0,0
da46edf54a5349d63b0d6c8eb73e79034ff40920,0
e79cea11136d4ee851bafc434efcb834946524f5,0
45db2840b0d7a4ed23b0659343f0a388eb2bb78e,0
a4a090a016a2da1507e1e5930c08b79da1f375fa,0
0334b3ccc1905013cf40abe51db027502e2f9ae7,0
4462242c81cf41297706e2728248eb189b8f664f,0
fa59a31596ce37abe09c5f058c6f2e035f7c6677,0
2062efa81db088015280fb837fde8c127f18c9bf,0
f9861c09eb3d2af3e79e2fa0c523e5e616b94af5,0
18d3020de7e62b04212cae5f81bd70a10ffa37f2,0
69012806855868f352a9515c7181929419522f56,0
71bd23bb9ec4d27d314ca80ad289821e42e41f72,0
127050d2b54bd6224bc53573228e8774dc7be28b,0
f57155b008025e55b7e45b6b34cafa203b0729c4,0
2efeade6d6559aff999b295f0a7260b3da37d477,0
3c784fcb71bfb5e93c50aca6073aea9a2921c8a7,0
bb675e1127adb7f7c8d8687667bc11779d8e75eb,0
23a730b8ed392ba424cc275df793dcae88f4cebe,0
7138b8c001b9c60176598a21c0d15db43f8d8a1f,0
a58a303f21e8fab195d94ec5c6fa7e388c616357,0
045d29e161cddaaa602db05dff23df6f20d2bd2c,0
0ba92dc402312a38252a3398931ffbfbb4a88f7d,0
1da69ddc391bbafe8bb05aaf7e05ef2f46af804f,0
2c3fb23f331c9b5c68bff45ef0cbee19c1a0db30,0
348a6d9b4d6c916a5b5d712e4a4daf48508100cc,0
dd9b5efd703e07f7bb4f83977ac3772c85fc8b49,0
acb1436cf509389d607799f903bc0d51cd45c202,0
20a5464c818f0e134edbb4c02163f6d5525f0c84,0
fd12207b0bf02b39098b413ee618a748fb3dd450,0
4d52dd2e873bf9152d5132256d7a8c2b4e975bd9,0
17d5b97222e0bebb6c04c3c3418ddedff26993da,0
1d25499cbce483544092bd69521ab62fcfdf775f,0
ae89768b9b58be04332ce4cba4d2c27ad2ad3783,0
088be66cc47df65f628ad044a2685e9046e37b7a,0
422ab637736e06076c04a768ce03ecc2e5344937,0
e9d7d3508bd825fdce00d673f06968a75bb50b23,0
ab34e331bb6b0ab3f83b795e12e30a3ff012c3b2,0
42869864586c8f420dcb0e54b449af39ca62f161,0
1fa1193bd84840c04f173d14d068a55caf1e4dd3,0
bd247e45f3edf3d9670398aae63588f2057107ca,0
487ba4d9a60e678be874ceb9274384268bb32a13,0
aaf9b51a79273c3bcbf066894ed471ee5037a8fa,0
25918c08edf64b02eef7dd3734b91d770c8344aa,0
a8bc9f3dcf4939075ff9bc13c0dc263e61d8d98e,0
16f30b4c0fa04c49ab54a02224b47ed7aed2d467,0
c28cc55f0db71abcd82b6a8606dfa29d6ed73f92,0
7f07c8273b517c0a0bbdb1eda8156a87b51086b9,0
ca21966b93b6cc43ce2ec3a37018921d66251ac2,0
ede2d7ea65fa115e0a2c943b5ab4e2114a3a71be,0
677e57f56bfae93af520637d47a615013c930266,0
db1352609787ccdbb2e34be9e7d2e647eacc91cc,0
aa47951bd0223d674d2b85d06ccc6f7f1749a682,0
185edc4b8594e20d81baad65a199a211e2137616,0
78dc56503a5d430a761ad29974571b90bbf3df84,0
a4dd12fb8f1d22077a20f4d63046572ebb92bf7b,0
31844842416cf04d8fe3a0c4bf266778faec6842,0
36e941d186e2b9d90b116022cee862ced6258225,0
a9a0dd8a72c51b14f0e5ea4bddfbf228685ff977,0
b56c6882fb2d1bb3eb21adea3ae95c3856ea4b5c,0
f00b0b23f653e6641a284eae302c31337944806c,0
d4d25fd8165ef0e701e95ae032449d0b2962c3d6,0
a6fd5ccd77b145ca45fdb9b7637cfdfa3fa0b7a6,0
c62d9f73c6ea5dcbc716f34e798ae88f91889ca6,0
41ff88094519308750fdcca6b1f7525550bde55f,0
32b2d92ca330dca1d3ac3951bc870a21bceb2334,0
7489d6e21334673dc56399de7decaaa00f11ebcf,0
b3cd50b19e89792fa587bea3fa7d79709ab46c48,0
2eca27e38219fadb4b685024d6065680e1f71000,0
7ebab00f402277ef061410a7a51deb9c3e5aa93b,0
0a40edb3adaa61ba77523da04ba4595946c836ff,0
25adf415c4acb943310def123b5d6c0e61c8c0e5,0
595705d9a97cec393c2161e3f6ca21c1358bfeb8,0
ef871ec905b71b0e01371fd16f0007a967c6c98d,0
1875db4f71db52f5a741368cc6a6a6a89883427b,0
da6d3371c053be80e6d57c969105fcca9999b0af,0
cfaaa2377e4b67981f17f7dd4336f89643ae893e,0
4a6a98432f57e6286ba48777268a26b68dfd9547,0
e23f95374d89c828562c788b8373609d46dd5b07,0
21b1c297d4da30b4b973d92077244959387dafc7,0
fa392404994e3e505317f2babf78560363da2330,0
3a055bac2363392bb2f3323b13d2716010d0b989,0
ea6efc596834861ec2238422e08cd440f83c5f71,0
4eb7bdfb8b6f54219342fbaf8a36f6af94e3e481,0
e1ffb6ea0b9e21ea71c4540b0fca4db8e4c1dd93,0
2cdac973e3d2fa0b9590b4ffb1b02bb4c99c73d7,0
d40798da5984e49b56efff6b86700edadd1136bf,0
4052e9862bf540f0b294bcf58aad5b5e85eae4ad,0
7bcb03a49923bc12f7e3f2c04912d0925f178978,0
c477140acaa10ad56c203dfc8209f657091f3a3d,0
24e0b283d1f5887457c30e239f0f1ddb79d9f7bd,0
52c06bea2f2b6c277c517dc9f5bb0d62d17e073c,0
9bca5d09c6d16a5524a3cd1d38305687ad7fdca4,0
3617bc18f162f7e02103ff7f94bec1facec65bdd,0
cebde0312d37eb5b9f8efb1974ef322bdb25142c,0
dfaa2382a9c8c93b13131ad25b0b4b7df6899038,0
26ead6134ad55bf1350e41f05f4d0cbe6d0be4be,0
87538ebd4de1d3f81aa8cec8af0ace1da1b23f60,0
e7cdeac0f7c06e20645a491f7531b9618835fb56,0
c5b1a87621fe341f343e7bc93249b4fd49a09ff4,0
eefe5c88bc54a164380652f8c48c375c0ed2fa31,0
d4cb5926ad85e592c22834f219710d31415e9f87,0
1418a770ba436d15693c3bb29a67e501c2008274,0
3f803b8bf78602c9464b2d01023634e32df1c388,0
c9a185d6ef08beb5cc5c35aa9369a9a46f3199a2,0
91b536e4f502f940c6c64399737a1f129c2e0374,0
b98942fba3b2b4ba90c43bfa4effb48a170fe1a6,0
934e6d85e62af738be6adcdb6abdd0f243445633,0
93be4f0a656220d58a6e16cae2ab2b66b5ea66bf,0
351510bf02ee0e8d5583aa68f840a869af816bdf,0
4bb9e2640d008a9cdf5db340ade4dc94b9f41497,0
ae6b3eb219db75bb603ce1d99cd2a03698f94a6f,0
6f2a1062a9f81ece8b039400b34ad1482a35167a,0
b076e478e2b2fff603d75b1628430a47dfb88f53,0
151b1c3d35652992774a563a6ac963b6a045b1c5,0
becbcffffe673ad062b2b389a2a31dce7565841e,0
a4cf528306f96784ed9c8e4cacb59e128fea92b3,0
2c68a657e19b8412fa1fe090b72d4910896fecc4,0
47deaf1e86f7ad910291358d5f26047ff47df9a6,0
b6224451728562b0a4b33b63e8589753b1e2a57c,0
c4ea2b0113b28b9d861acefc296f277e2eddaf9f,0
5db0618c7fec8f1faffe58bdeff289796bd27a9a,0
4ba46c6be8d90e826284a86c91964b55461c0d55,0
7b8f3b9f199ca424e20ca56d98e742bdfc838748,0
b8286523defe897679c18a3e85be227e9ec2956a,0
79652312f85d600cff532f7736a7d4d7310cfad9,0
675ab08d0eb62b7d2edd43fe42512c896e84bcd6,0
04bd273f87a1287074d8d2b21593b3d58914e3e6,0
d65e8a6709e55a3d73b384bdfa0553b5082dd16f,0
ac91ddd6ad1c09e0fadf0c6422bf04ba4aed37a9,0
505acb8d15c599b0da1500daa772fb2932df30a2,0
1436c59419fb80257e064d554e678d88698532ae,0
9dd127bb1e97b854cfdb2c635c2412d5053fdc6f,0
6a27a9b8f8d837e105bc3490a8bf66a3c79b480e,0
f2bdb0cb74a08b15439abf18df6ac2b52549394a,0
d68bf970beb14fa569e7e629c625ba48c01c2ddc,0
5d46a39e450f5dd69027329c9bc0542c113a04be,0
e63e9c7902b5c9d0b79de9fdc1fb7f983f3eb4a8,0
359e53f96c5d894aa0ff75d6d0e2230b33bd685e,0
e06552624ce137eeb0e1755c92def8de46fc95ab,0
1db59d54a7863943014c3d6ed12f17e88f5d05a3,0
efe894332c981836e8953b6f2ffc7e2891e8b155,0
47aea5993d289b82c7febdbf9b05ffaad31b6ec9,0
865a0297c3d96a247b35a7fed7895e1bfe2025aa,0
386af293e1f460d19ee4e5b8ddf795e302f16934,0
3c1827f39a6c1b652d95b1fe4231b6ffd984963a,0
55611938b170e8b58d31212a888fbdd7c17b2e9f,0
2f3361d9d6d46fe296287cbce2cafe1807e01aac,0
e67a2947b7e387941f109d863d0e7e420adc6976,0
ce5296c1208740ab16041a3de8031f9df0fe4bfb,0
4a5ef8ed29f0c135627f43b58c7ab7b6defe37b7,0
67f50236bf337e20c6daa987d4d42c4fedb482ce,0
2f07d02fca0a66144b7106298fd9eb207783fecc,0
52b1a3a8f3d1b11a8c2e30f058e97e28e470be37,0
8a10229b89975fcf81c231b0c8313062e43a6d68,0
1fa4dae1e67c86dcaeb24364143ae8b2ceccc65f,0
a0a558472ddd0189bb7bcc70dba4730717e7dea5,0
8a4a150681323151e5adbcecaf6e7e486828ac4a,0
d0b2c0a0d7e3e96021158b1a1b490e845ec48f14,0
212d5a746958841ed1c7aaddd1f80fda4d5817a7,0
137e194db78f8e5b562f96b866cd4f19f8b150d4,0
5b6896fba72d52cdb2781671a1014896b3564d03,0
39cb2eb89f6a61637d2662e5bb2beb987a74eada,0
3082283e03fd901ea6a5685a41750bf7cbef42ce,0
19c487acdf5ebd659acb7ac4f65f0cacd12ae278,0
8089a0c2d3207ed26531f877352336baf1c6c5bb,0
ba6cf8e2390f18db484da766db19285255ac3e82,0
fee3e32155d684487798004a0b6d0826e2a5b451,0
8f6f7f88db031a20a06a2217f38884bbf2370927,0
2909b27c7a556279dfcdea5fed04f0a860b71a44,0
30f0781de81c57654740e653e74e757e720939ba,0
d9de2fd5b8c65506b1ab14df631cc26ffcd647dc,0
037880852770c3124f8d61c2dbf2b31f34a75508,0
2a517602739d9b3e873ebaf4f11e6c40ba2e9f47,0
54b4c744d60846c384ffa11250b471d826bb1090,0
623235ebca46bea1a6e8cc02b7d7084c1698ab80,0
48d6e758f79255da5a1e307a2bbcfa60726ad8a0,0
044bf3b5bb663128ea89183cae9d49b51c6c5cda,0
e4675ec1c0366f34b61bf7156bef60c5678513eb,0
552fcd1f3f638138ce873da01a8f345929fcdd26,0
6c457ac21ac38476679829ea55c46879ad294e8a,0
2c08a03355574bc286f6939bd4ba7684664d98b8,0
98567a90ea003a5e0fa68837b88ecbd00a7308b5,0
959aaf58b316e541994aad1ef52d9aab4c8587e7,0
f289fde1967fb8090193d73f756bbd0c0713f1e6,0
6f063db56015211f38a283839a19d42079cf54e3,0
936adc22131a36ad62d73f50eaf779eda7d6f48b,0
0337e59fb18a02c7b7b77e00a6db3b878af3fc69,0
803f38850dac0e0c370418f0bd57208476fd9744,0
f6bd637c00444035bf1dcb7a23ebecf502c954b2,0
90762e08cfb35f236adbe4cda28af19e54872890,0
c0d63d3e3c5c74b46eaa4a03fbb33c4d2acb5c81,0
458b0a66ed80c44ce23fed2ef013264ec6950c01,0
74e7fd172624111016e30bfa0258c68960afb9a0,0
05b0e0625f8ce6bf6b9622a5e5de7394a26902e8,0
8b2d7be347bf438fe411ea462bbcacc676fd8bbb,0
8f8cc04e65506fbe79bbc5efa6f7d44d65f0dbf1,0
71d4f3d17f029c16e0783f39d1fbf1ad88bedacf,0
4af794ebf4924c68f22acd5366119320fa989e8b,0
23524a86797b651e92dc6e6ef776d8c9727d885b,0
bcad40a502cd45b49a5e025938b9711d95c7bde7,0
5e9736adf2b27f0a65cfa3fff9180cb34fac30c0,0
9bcd8ed37017818f64fa4f2a6fe65540435da44e,0
8b91981bf647312d2b0af0cc5d00d42f5d843868,0
ec66903b6519dfc776147988932712172568a5e0,0
2fd51f6092bd88feba934bb8949241983d319a44,0
8e2297bee5f7904b17552890292a81392139dba2,0
3efb7c31e119c858f481aee8c7fdfdc75e80fff0,0
137e34041626ea1f19ec1bfec379eb6ca4257f55,0
6eef4940288990a81ca9bb367c36c9fc96707008,0
3d1512188634b26f108104e68e5fb1d828599ae6,0
6d1313999468c1864bf5833912549abe4c6c6be2,0
6a4979ba028a257401b9fdfcc23f42d9419fff6f,0
8eff0a40639a3c010b2bf720ccf89f49844de067,0
371f8c7a7767325658de405bd20d7697dc42e457,0
1c1d6e90d006c3cccec3acd10d0cef59e650ca6a,0
8dbe33e0020bc13f240f7ba06d84f4aa92831568,0
67cbf817b6af58fc168d26774186e889bb9efe50,0
5b7bab87b3d837ebc7cb101954735dfc65492ada,0
37bfc6e7f46abeea1c7c56be0ebb199e9cb6d2e7,0
ed9d43dbb02486527c793b5e29c2f76077c91145,0
f3be118a7150ae078ee1a9f1995cbd8e3fae629c,0
9b2f986f31c1c4b2842881e7caeea4e11264754a,0
99859f358cbf3dc56667afef747fe5da77b89fd3,0
129ea4149bc933f8ac7ab798f257cbf57c99e73b,0
0a8ac74c8f008c8164d7db3c7a05f4106dfe3789,0
1c05980f3d73efa1829b00f54b87eae520e65097,0
fd154dec975049e4dd22126194518245f4935692,0
2aad1143acb69c6320c949ad0386119e43c1bf23,0
3d576e2e0efed2e3639a70c247edb7a89ffb5645,0
472cb8294ee5ec20f4022cd85692e4f02ca9d581,0
f2c35205efb15a4cf73ce65dc57fcea2acbe948a,0
07bcc200abc6bc0f20ac99bc9537b6c72e922e64,0
8d36f424d02a687d915ec591e40978d36d61d6b4,0
c9c55d44312c773756d53283c956821a7b61eabd,0
7e3571e7e2c6d96f8c491b75b876162687d800c9,0
53dc633eb330bea4335b015a273346553446bb8a,0
951e81d9832decd3848b96e753cfa9921557cdd4,0
47a48f7ce900b31da198e69b034857e4bacf395f,0
de6417d43d061fd5ef17fb12d8bb7d07ac47a9ac,0
ecdd2892d7dd1e286f1c41a434247064a8de37bb,0
919c35a1178af0ba115b2713076a54f26e201862,0
b8d382039a850dff10a90c9abfbbf62228fd8fd1,0
938587a77f39e03121ba6ca76c613055fd7bf21b,0
36e740cebeb947aae7721accaff0b1aaba846926,0
aba0e40a7e073e1f6a338bdcdc6a8cd039dab88f,0
9828dc73d4f2dbdd03a7a36f5264e5b265673e52,0
0917cde2275fc557a5c912c75ffeec2c50f7c1d2,0
ddf1ce9704cb94bd76fe9cb3dae280e2f2645dbc,0
4161d6019a1f68d0a3dc819702d90ad4044e4c05,0
2595926918d8783b1507fded8a65ee3439048839,0
3014a0f2c9b4f34625995bbbf16aca1ff445b8cf,0
3bd1625859000571b99b4193df1360ab18a33910,0
1196f03e4f0b5de78416771259cb8ab60fb20e0f,0
d8d3872872088db6e748e91ea7e353b5aa5cca06,0
eda7815b1fbf46fa086ee1191e9e8c71f03ced47,0
14c770284047da49e801ff96d8d993dd8dd0d77b,0
4f4aa830bc5e2d51722235a9449fac7ef4f425f1,0
bd40b4511ca092bac23423bff9fbdc2a12e9dd24,0
03aa5a0882a10cd6983fdd35065b476289d5e7d9,0
51313b29d6ac172bbcd2a33405cd48aa2768ec5c,0
a64817368d6bf980f08488124eef9a8585a05168,0
4a021ec2ffb7bbf5f1e2b73557f20c22a60a337a,0
97e572cb7e104b09573bba1881a764d9bac81bc8,0
745a70091f6bc659da2d7f71374859125538b34c,0
d07ec0c6468da73fe67e8866178483e0c97519ea,0
fbe0c35c8fe9e201e7b494b185eb6d22071afe0c,0
facd363b6eac2ee1c37c3de88fa6ac8746811c16,0
58bf1c2faf500c8dc59fd1cc224f44ffb5349bc9,0
bf4a01c81e8936822ee5251dd348f71afe4ee50b,0
a917a66b1b74097875deed89a66b9b45e3f77e71,0
c482b148c5cfb0b7182276ec98350045971e16aa,0
80bf25d97f3dfa58a9af3cf6534b083217de7c46,0
a92cf2da2c5c5a831a99bc6eef550f6404b2d085,0
f776bf0274314b0fbf69e8dcefcef8f0f58555f7,0
f4464c2ce9a132fba5f9b137747701e6ab9b0c3e,0
ecdd2d3c91f111a6c531a4c5211b4b38362f3c68,0
43f9e938e36dfc7823565740cd497f72c41e712b,0
27f9e6d72129b6144713a1b4ccbf79e6d8a04ceb,0
f4c3ba2faea3cc11425ee89b288ff33abc2a97ab,0
c6ac933594d7587bcf3ae394afd68849b7196e3a,0
e1852e78d58631a782c6f1ac42247689e9679062,0
966c1dc3f4619ed2e268c6df435d25cf90c1eb2f,0
c406f09ad31a95dc48c6b9e1f83553cb476e6706,0
21d2fd7135d6216b32b339bc4a645113b2f56244,0
c07547407b6fb2638f1047dc58975f010f3ce06e,0
c4ce5dbf3986b0487f35025865895893c182f120,0
875da8fb6ecd7903a3f6da78996461a03075e331,0
777b2a1c7e2e2cf3c38f1e65556e5f98015d44ee,0
b426897e66270046c57b00baaa496bdcff66128d,0
db8350150214f091f73323d3524aacbf0df40294,0
dd176580c977c80d4c7db920b7e0099470997dd9,0
d78796564d633cdf85427a234a71554c3e73dfca,0
c6d6211e6209ca7bb936825906c9d2bb2e772979,0
4e50f756442837172a13e768288307afa2b62f93,0
0113765fcd5e2968b0e472d2d7a66d0354c66660,0
5b942656d59bf61f90d037046ebe72e22f722c16,0
54771d1a7bc110d628a57d350bc1bb6152211cb8,0
479be9e8598d5b68516017280a022daa6209e3dc,0
9da3c6aa4e6a6391829ec57eaf91f235e8914e21,0
17c6df5af8a3fc0ffb1f7c5a798197c593a4e3bf,0
ed50d023241969395adcef8f9385a1f2b9155c0f,0
7e0cc1e89037c2cd70d46897bf71530a8361d60a,0
97caf747f9fe128f35b834799ebae34b3f2b5668,0
88586d634b010ef77cd12cf26ac510a450e45871,0
7c8d26daac0c08e888249d506e5ef4e655898166,0
5bcedccec3ed93586947a5df0d49775aee7a37c7,0
2bcca4996df233981d132dfc5c92ae517376fab9,0
9eb5d09b0f7e96d18aaf35c5c1c62decbacd5c7e,0
fdca93ea558fc57d38c83e0b4be4d268dda3a540,0
7897f41f6c5f1c061882b37bf1b9892a1153b9e5,0
72d092283a5cd110d83215e6698765fc0bcf0f6e,0
e1cbd5f250c4383a3f7224fd6e09ab3a87568319,0
49bb243dd63a98e6530dbfc8b845cc897e3c0b11,0
96b999964b10bb5bbf50010a4d82f24b5b4570a7,0
c41882bba2e8ba26d9def0a85ccc779ebc276358,0
bc5da49e9e67fcef91da469a801b270afd34ccb8,0
94989df5a554dac2c7c67c99267e6956509c2d6f,0
d8bb9bae4b8a6a063862c4e2316b5626f8aacccb,0
f788ce2b5ecadc09c304e94ab2a7fa17239f9bd9,0
19adcd792fb514e741cabdeda87e41f405fed268,0
8edc751f623ec14d60113a71585ac82e3a0b9f17,0
5713c6c42e43977df17a7a6c0d39a8ff4f4540b6,0
f8a6bf9500f655c0f772313e8d0098984420299b,0
161dbcfbbd21c5928a6dc7a1138afb1179eacd69,0
4e81d1ac4e98f3fd0a1d209920b3adc1ebab34ac,0
345bc18b46f1df7d9495eba119757c71fb9678da,0
2e6b31d43ce060e40ea5c14552f097e52a23cb3b,0
7ef3ff36642cf9a479b369cbb8b18b9e14e1353f,0
7cc1ac1c30d9ad2b285d11ed26b121e1f794e57e,0
162575cc6727316621b3761ade5e51fac0f497dd,0
4f7f2af47ec640acf9dabd04d92bea99838c39a3,0
f0cd56aad02f93c6513d32d73af4571eb3702df7,0
91ce5ba318af40e9d9b37cfb301a4bb1bacd3ba2,0
7470e27c53a6636de1a2e6f2ee9814758b685abd,0
9a84a01751ef3c137b2eb45e1bb76943ce0da762,0
45852e15ab292ca9d661a4253e82d0f215a67485,0
724d22920314964324a5676aba4285edcf58fe93,0
d297a3ba95793a5f7d887c3496c62c0819c84bc0,0
9e3e21790b09108f7d3ef3850ae59303d42411c3,0
4b034f96a111043cb5318886dcc6ebc623543b88,0
09b30e3c293d28ac42f927bdf76996d9ea8b167f,0
562e7ff3019c71ea52ccf0017829683744e6eb2c,0
f603e21be0c5c933c17fda8223d6620f170c31ce,0
598dfc163b8b410fb3bb8794521206ec8dcec82a,0
626e7e93aea200e6910be5597ac30de602649745,0
ffc86e432bba72d9d54f09dd3f74b6cdb3c9198d,0
d9ab06679c5b72d1d3b81244254445a18fa23f21,0
3d673ad82c2cdc67c12cc517a4f334fd84fe2e3b,0
5454931eb735deb59e9b671fd8a14cd4c14d8272,0
0cebd847c3ce33c634050fb02c307acb106e0b55,0
d631b6c4875c428230d6eb606fa982e36b38fff9,0
205d7d0b356c78828fee1d25a65ae120cced829b,0
7588fd401f1c41d2453bd09af6bc2d80b95dce37,0
7e7225be94ae9042157126b4e98e20bbd6531c13,0
8d5bc8725969e74be836b1acf6907ae15865c9d5,0
2b254908077f7fab15d90b6c9e97cd3b74e39adf,0
1db7018dacb53c5baf1b2c62d7a00f26d30115d5,0
527f3553a448d467d52bc0aa2c9200acdbc2df69,0
a5314fc71808ff0d3cbcb62fecdb326d662e80ca,0
52d1b7bfdfe22fa8ff0e9f0c8a6a7b6a70f3ab69,0
e708ab9b6c888e243ee72d0e68327ae713de3235,0
29b8ed519dee4eaf54205c9b7788b3cd10fa1db3,0
d8c946e0d5940fac9b30bc5b392602855c81682d,0
c9ff6aa444da6041e305c0203946864ebd41c3f8,0
ba85f5e5b3e98234fa0cf22f2155bf41466c10f5,0
7a94b882fc4bcf32f9ca02f60440499ae4d75d9d,0
02eb913afe55705d7cc5c1a742bb562ffb6af9ef,0
d1411b643441c2907fcd87a439fb57f6ca85aef2,0
ce2ba7b282608da952d97eada2747ff00d13d14f,0
1ac4de078eb54c20c323d7a8ea439d15429cd293,0
bfcaa941b0849956972517c8559c0827c8fe5386,0
9167659d8eec4323d569cebd39381235c098c901,0
2703e48c9bc1b3a139d2864e141c182dfa9abfd5,0
bbfe331ea832a1f98809c9f5c058369e61b3af74,0
d71293a58e209ddc3b3a893dfd2d37cc77349df6,0
290859fefa557346f04936318b2057795a1ea4a1,0
7d14157cba192545070441186f3ea060955161d3,0
3939c0a7996d905133ecde580084b0b59f6be52c,0
728e570076d7b75c27c0eb42e72c68295186aca3,0
b77073c2ac343f3c7521c62df4a8ee71f26128ac,0
8646304c52e8eeaf673457de4180dd721887447a,0
f5c9f68475633f8b235f45710ea8116fa7681c1f,0
817d50f746adfb485355d8d3a3ae4b9833ed3f63,0
b5cb40c16ce29ae3bf22c0434f9ed520ce2495f0,0
a22cfcd0539b5fb208415ae118783fc9dc1f902d,0
21e65f8b312c6608b554e4f551315fb0651c3277,0
7b77ea4cfb73399e0dde72a8ab7742a2da5796d0,0
c04469163d86bdd10f4aa409c1a694c87c467d2a,0
1e3629c6ef9d4dd1d96327254bb88e62fd2f4aac,0
8eebf393331eb190e412fa236b9a799f875527c3,0
2d86acde41006cf76aa4aa0d9989d260ef9e6ca8,0
f4762c32fd8f0506a81ae1e9b49a494c77840922,0
8b6fdad38981e362bd0d2aff36558bc262d188f7,0
d9bda444238e7d7d29a36e6a8d52c2e434be6f9c,0
428489af7e7f2c42ccc516ecc697330add8acc0e,0
f24c027ff83b90beab2ec28696721200abb4f9e9,0
cc5ecf5db64abf0d2a2f59be16f9dc49a520dca9,0
913225106ac80fdf01e5b0bbfe42991d424f2642,0
df3e2715f41263d8998b7350301d106967748c0e,0
1441ba9f3cd172ccfbd2d0c2ce336f4a9750a0a2,0
ad6890f9e63a5c08866725d65d3b216a82aeb5cc,0
4ec9b8e392dbcede3ce6926442e933950c29ce9d,0
94385c83ec9cf543604ad58275fcbd815ebbfc93,0
e673b4893475d6c0269805c5db0cb3d20c87345e,0
d24fad76667d20fd7e790a017e1948e3179cb62f,0
402b9ee8c0a227f37c380f9935bdee9dcc80c945,0
cd87ec61b8d0b3274d6b348397802b46cd1c0247,0
89bb30909bf873d75f5e06d144f9b2e72d74c076,0
9650121a539cbe62f19b0a8f6b031401d6d2efa2,0
d024becec521c76394eacf73f3843f77b5010f15,0
b70093574020cfe8af035e562e184d77e278fafe,0
b2f8be82da85bd5c53b1e1aa7e76988cb301c2b9,0
930c95ce6b37dbf2386d0db3fb2048793a23fd62,0
60316ebfe10520c0e4e9be0c41405cb1d3a62e44,0
8343885050f2649674e713933540fb3775687d78,0
1c93abfd5bb615c610247fa11dba03c75dfcf3b6,0
9eb728f51f0bd6075c62309e3853fc2defe78657,0
5a5ced8ed67ed1e48865544c30539d51b690060b,0
f2f204d94025db09d39da3dbbaf3789b29c1f7f6,0
7a55ebb455857756d81056dd879e38dfb4d84d66,0
e1da3a23a177e73a0d22ec95ac319d7956cf417a,0
fa8a90cf14a6e8c4d4fc35cf8153601566d8824a,0
c140fc8154e8c680aad63239eaaaac14d85d5683,0
557252762bb29887ddeaf9c99f16572bae19316c,0
3154ce223747fcea32f1325a7d0d43007bf0193f,0
e9dbead0b8b6a672865cb09c441c8ecd18452016,0
48d6e568bd692f1fffd21e2ce920b73c99d253b1,0
ae061818e5bb2ebf4a94e915773c1d7e9cb853f5,0
7cb24c31092e719790a0fd1ab7f29cb3c9bb6366,0
85476e754b9793dcdf9c743fa61f46c936d6cc16,0
03e7c36d2dafca70e1f0e2c27a77ed4816cecf3f,0
323a41a913c291f24ff4dd2c0c5a9660864a6717,0
e9e8e6fefd299f53e5a57325cfd7360bcdc1bd0c,0
af1f7083e76c3f5b353958e14b222abc3a96f5a9,0
9391506061705c243038f7f235472eb9d5fe3651,0
04cc0339d6510ffdcb47db4676c34b40ecff6b28,0
a5585689a31f47b3f95808f8666d062e18097707,0
02866edb1c7230c9d4b16c30d854758b5a1ddd02,0
798cb09d237c539c92fca254774dcff29a7e89d8,0
77c2bb74ab2be041c3cb106f7ad376c14a143a9c,0
9bfde80e6dcfa2700e13c00b6776153103c29046,0
70fa706916dc59209281699477575e4d5292b936,0
14a23988e2aae5aa0aa8366fcd5cf9bad151531a,0
da0583008020c6a9cd02dca25e8d2fac5c2bbf14,0
28552e87791297fa507d78ab351970f89d559443,0
800f16d638189dcee798adae449bfd822367cf4d,0
970e4d66452c146165233129c913616ff666ff77,0
d96a28a7e282e090dba3f54779e78db6e68c7107,0
30c465267d2e9649cbb194b666b58ad492c624ea,0
354275cf114df6952d7bf58e8e125e9571a95bbb,0
6513eb0bbb4b3e8d427cce632f786c115f2a3516,0
756436b7b18febab0c5035257b211b52c009819c,0
c5b5045d49f57ce99143c7df70cc3d8eaeb940c0,0
3205d8662857fca49ec46fb2dc7ebf0e6a3371c3,0
fcff6555682bcf7a4ddf0722eb7379bd257d167e,0
4916a1f9bd60a59214d7757bf0d482fcc72c8e4d,0
31ec8380e0f172593b32c3716466fe4276618492,0
f8b03db1797fbc34aa6cc3ec8eee655ba7b3d28d,0
71c905200de7d1d260a2a40a29d96c7e8a976a6e,0
766c028c96afbc831e842684c85e90fdad08722c,0
921c1b4e09ed7b6900ad7243cffb33b373980cc5,0
562cc561dc9b6329eb005156cbe1608a6e3cc8d9,0
3d1eb7718a79d18cc2ab57e7ab3b894426ec7c2f,0
010c31396ec38bf1cc953a8df69624e08f0cf402,0
d9b9a2affe4a6d219405d1409759f424c6d72a64,0
bd5edbf333c452421cd46a82d150f3438dfd5dd0,0
1a49a5e339c8ba57b99e7c3e9e6db79a980d501f,0
08bf3478179c226a0155e71ddbc8848c54be4e9a,0
e61f79ba2b09e69c2b76ffaa1aa0cd794aea00f5,0
75f9aa6616dc1e6115d85d7db30971c8fda0e952,0
0c58cce21dfc606f220403a691e7f36feb47ed43,0
b8d96173a1dbb837362d61a3e2c94527f0b2abea,0
533396fa7a7bfaeca7b5858b419f7b55b69f5455,0
8b27dec0340e501fee098278d358d7ddd62ad2ad,0
9cbf068672d7250b90d21c474ed70bfe271ba14e,0
6bac1a25cdc778a0d6ef0693ffab9f5b751a1c23,0
a58fa283f4ecf2dc583e2c075cf67bf9c04946d9,0
995f227fc8230a199f3d63f0f683644c577cb970,0
ecc97cdafd0179a0fe1513dd8452268a5de7c801,0
35f35e9e1cee8b53fd4c562534de79c6213d7aaf,0
f626e5357564a83847f0ccd1d6d0a106208de1fe,0
d8f7c38432313089a198978638fc453ac592b743,0
fe43aa478db7008b0c8e76b62e75b111678a8200,0
63eae727645c6e90a781a0eb4bc697f81281f81a,0
5ffa64002c7c99f5fff085b7d9571720f0359d22,0
9774c21460166a768271bd1aef56f5755efbaff4,0
ab54a7be7d30b385431181fe1f62ff46b98f73cc,0
8132b803934d431fb597d378d5ac4a2e19e06eec,0
ebfc39313ebfdba323f4530dbb40e89012139fee,0
c49ed131f71dae68c1856d58918b322aa4ba6017,0
07914b39281e4be500d430b2c25e85499748788f,0
1a3a12dc7388a177c4ae64f5e3c96a7d462c003d,0
13b9bd612a29ea756f0c7f3cc0b4f900be50e54f,0
532f6589c9f9cdbab1bbf42fcd2191474807c01f,0
d7b8ffb3b81ab7ab9f60d3b74004b70e26a915d2,0
8fb6551a3cbf3d736c0653aa772cc4199c9c7f44,0
decf0f109b635758817f9cea0f839a7f8a4be084,0
63c35468f50e654af946b13a4fd06305006e4ed7,0
e56ce0fedb4cfbd2a39f956f2e8074d5aa16e000,0
19bac38cbaaa3fd7560b59e12bc8a5dfec9519a5,0
a4ec38801f599ff54982f11fd9b81bd74a07fb36,0
1852dee8e1a028572043037919a622c6441ac42a,0
7e5f3daf5af5b8871e8a67638c1866fd910f9c3c,0
23234001c11a33105463e010e687519c3fe36c93,0
9e8bf567e48cc647f35ccb7d24e4bc078784cc3c,0
611887f501ed12905504af3c7cb7138c15888c79,0
1d9093c5062806db6c13ec635648c71aeac6a09f,0
a1ea0e4412ce551a3ca605024c005a293d40acb3,0
1eb780244fca142fa83a7ce18d76725f617df18a,0
f9947d06f88587dcf71231722d84fcb18f41771c,0
e2670361ef44764d1036bfc374f85695f3c6ae82,0
8262fd82f0bd775f11bc70d7184498cdd80fea87,0
6303b3f7cd2f238b3f305d1a13d21ccfecf5a327,0
8a5ea521fd60990d6612a62f539a0ca6abdef54e,0
42fef8bdbdaa0956b1dd5140ee3d511de4f62eb4,0
9456a9a3192cd7a726381f1816674d02b67ed129,0
719acc8494ad9f023e533e559b326e044cb4b480,0
b284082bf1d1a9664abf3b6f772a7eaa9608585c,0
ae8ba316cfaa3102e1ea7067646c0f107d1b30ca,0
22d2664b62a1af1a6ea2b66a1038f0ecf8ac7546,0
db29f5bb3c56c804fb196e5b46387c59200023df,0
be8b654fc02d5d1319734e39c6f1224b7cbbf212,0
7833161882d5c98cafda7b3a69ca4693cd155484,0
1de1da97b237386f57178deb946067e32a684192,0
929df5d5c00a92ce540ff087ead4a6adc7bab366,0
bf42165b1761c9eea056995e3018b0be516ac631,0
c55d1f3ccb0a3631eecff63743c936ed9b8505a1,0
a661870ab333174d27ebcba6f243378607296ce5,0
61c2d8f849315e249ddcd0cf8b868595974fc644,0
7b3c1cc627bb62a40499c9d50519c4b2616ae1b5,0
71f3b1d0610a6efd8af1d2150c39dc78592be474,0
c36116ae407bbe49e46fee4abdcb1efd7c445f86,0
c3de9e091a5d63f30bf4fdc31dba78718fe4e66c,0
89a6b41296b756d7a2ebd35ee1b09df7b5967019,0
eb60952701c88482b83448ea6d30ab76bd1618c6,0
6a0631736d9c9bf2144c2829f5b1d09c96e10271,0
b258a169dbb4e785065c6c0418c3bb36e2f707e0,0
15a6578049a241b4596b35947b1d7746ffe6b3bc,0
3f9333e3a8b5fdc914732a41b528d95214302257,0
14d34506c993dcefa0860e4a98fa30062d851997,0
1897e4d7f6cdf129db7a4c8f35f7a3657c712a70,0
565d026291f3f14fd21e383e1253bf58d269e564,0
bdbc6cb42937142995a093cfa691debf37ddef57,0
0aba82a1680de3b2bba939520d9cfb440078c23d,0
36423bda1ef885b8dce23ecbf0589786f7fa38f2,0
ab108a10121b418a173a8e3c85e52fccbee1fa31,0
70e6930d8b330b7c4ca864022fbeec11c1b493f3,0
7fa2f7e3badff277192d5f9ed8be5812216a1514,0
325d06c006039055da768f87ef18d595c5d59fbc,0
1e530658d1ceaf216cc46b7d1fc9f4d26e2b918e,0
eaf6cac449389d212fa92e44f1d727b2039649d6,0
aff53521bcc8840e88b52294e8ef3906e302869e,0
0ca9e764fdc7e08094ae20d80b25369644fc4892,0
c67935e9b00a8d1f80a3eea44d2b9ac0620cb26b,0
2355e5caa03f3dd490e12db2d394520679f856c1,0
5dd8e33cf68b649b9af0bbbede58d6b5637b4c3e,0
e2b349d046ec9945ece518b068ae38bc73b7f83c,0
adc598c48698c878d044f3d6757e0291f6f352e9,0
397d2497c49815888c5ef67a6c4b0711281a26c3,0
43bf070c79e779591beae3f98854316f299eca86,0
0ffdc06a99330d6c754b8d3e0a6696f5dfdecb90,0
0802ea00266e763fbb7f86762f8ba93d52f6ff97,0
bcf6c6860aab5e19d1fba5f77a52efb823c08a46,0
ee09f69951c0867c0ade41658effb6f48a49eec1,0
089be860f16719aaa4ea8290a8c393de0b7dc7f6,0
527f106dd1a547a7a2603df5711b937b8895deed,0
374e97f1abc55d708fbdc3b368a2804bc322e250,0
3149af0fd4af5862c2e6af94598fa1b31d5373ef,0
8dc2457962d12ad978539ab3938e3a5883807bc4,0
9edbeb438afa918510f8949bdec66aa75bef8296,0
7de27aa9ab457b5f1c2c6a5bb695e268d95c6a64,0
2306116014ca0b166d58db1f561535bd556ecb1c,0
5a770ec53ea4875bfa7675f5dd7c483f38d22aae,0
f6817da36af6cf114b4cb5648af2c299301e3644,0
0d0681c4b34fe54ace1d5f08c2ff2a1cfe4e2c8b,0
2034a52186eb0c2860f43319eae22e304f93e8d0,0
9b9155e9d7ea55ba915fb2a9b7e1e52f19e703c1,0
43538ea28c5283b30029d1d6c0b592fe6921d88a,0
c42816470d13af7d3a76e8deb37c5b576da7fc5b,0
20d8d42918c6095ba0c04ac87df52c116770e703,0
384f8dc6d0f090cb9841ee6408b10412539c6922,0
744a8671d0f29188e9ffa561cd22fe8731f43ca5,0
1b874908aacdf7cb7cf5cc3a911fa94610f4213f,0
ace5aae4bd46f44888dc062d654b3a93ace8027d,0
406de7827eb9fdb93a0cbb27936349abd75450bb,0
bb570f523861b55dc27ce367f8ecf1dcec56a715,0
05768866f74d9013d007e4ff31819991260e4d11,0
f7ee527e9a13f7fe780c62a70be85958cc49f998,0
747227f83cfa6df0dfa8dda22674f84878aa581c,0
3f4ffec7f447f04c318d9b2a68676ac8f3488652,0
7e1b41f72a3e885dce89e9ad74c74568c4255d8d,0
58e0095be780bcb7fdb8d51cfbd6cf56b2f99696,0
e917dd0df3cd38b8ee7e7bbf3ba75fa6f8f06e40,0
0c6a5c10a7a0f0073b6577e5c4898ceb42428b55,0
70d5058caa22063049c590bf90ec9585915bf6dc,0
1d78530dcd82d0bc7af9f6782b4ebe3bd1a735e5,0
a308fff7190e429d999bb309a380c41b19274ad9,0
950e50611a109f6b7c75690f616e68f8f1c3ad86,0
7332907694aeb0be80417faf9aac6f5fc8b55e0e,0
c47cd538479c63eee07f864423eb40ba6de22aa5,0
c969f2c93ad296e999c0f837edb596c83989f177,0
f3728ff3f7723cf445e340efc934d9ae1ea08148,0
d75fb0b64820417c782d482e0e4560bf39aa6664,0
d45f23e9579196e552afda6eb6baccf8d782c640,0
d5758118b5e245e052fa2378ceb76e049813d324,0
eaf4d61f6b0f0c52d6065a8be080677056387dd9,0
0f211efaf1228c3371b2a81de095661a94907f5e,0
5019152951ad0d9fe65961b5f6e0d1527f876bd5,0
d385969c523508ac5de9503f600ae1998e42224b,0
d8aeb514ed993c7fefa17ecd0e2f490c39122422,0
df51dfb809eb8809f7a77c8993c62d27855c5e93,0
f66f39f817585a422692bdc01213790102d0e652,0
85f90523a08ab99867857095597e03616d6daba9,0
8d36cab7c456e3db1e903931523f7abe00207805,0
3e994821b4e3ceed87d32a7b332bf1323802b063,0
2924a7b6c39e7a8f9e8a8ffa2d69f647e748f587,0
33a4da490203d5a8307825c2a2ceb31e8b91d049,0
3839806dd5f43dc934fc2ceb5973e1e6f4546238,0
50696dd2508fa0889aa4813f6498a52f0b7a3f21,0
4cd563f2857169f051f361e44f713cfd3c57a0b8,0
1d5ba7a1109ba6bf5b7948ece6add47d57f9d6c2,0
4c39aa2ca612e6087f2a7edc90f88e5555b7cb27,0
5e4050c7ba107b700a93043e50dc5b9a0b49c8db,0
45c73bf59b56bb48d455d3ad81f1e953fcbd74b5,0
9a5707834ca5b3e7496cb11c2b4827f71b1cc9f9,0
b426451d7126df9d0a7469cafc9adfafe9f9edde,0
5a330f422f4601088d016e38751ee8f94b705e90,0
9f97963dbff52c1a08a8bc6f1572ca91b98c0e9b,0
893b963cbf6a192c139cde647231deb1b9fde8e1,0
fc2ff10b429b0150f82da4ff3f7a0f7fd3ff1fc1,0
9f1dbc2000861f4ad45a27cb5ac0d3da31396198,0
7ddb03d1d0bf8ae3f8e2c3d3586aa192b0aec81e,0
a337fec4ce58ed03c416b5af03f593edb26f0a00,0
26d00b880c92137af4249b934d6cc3d8acf028fe,0
4824978ecf6a0b8156423ef90961422a657a70a5,0
a4ced395b1d4453f6e95df3f0bf76742c728dbf7,0
c82d040c14363575d034e32fdab11fc13923d67b,0
0daff53775e79618de43a4583b5b55789c8134c0,0
3c0e803c9cb03589fb4ce7253be18641ebc70f6b,0
409733cf944495826ed3c1d2bb6039353d5e46b4,0
012f3a9fe103c4f81ab68aadf520efc772701b4d,0
0b82c48810ed141a992f4a3d01e970ec70775e2b,0
a7debc4adc2612bdc9163ae5cb317ae6f4b765d6,0
bc1e17dc4ca5cca898d3ad435f69b0d2ccfa6114,0
ee9963a75b5a5a3f421bc4e0959f8bda457da43f,0
418af7ee013f1ec9baff31aa948ee36e5790bc96,0
f82dfcdb7b3b3f510e71f4d3c3412fed423fb112,0
24330b29ba391819c09d41969a59e650666fffd9,0
d594eae00258b613df2371c49629cd54efea5b12,0
88ccab6a45dc8ace9ebd04f1226f47c1ab719528,0
aebecb3529c0ec7af4943a43c2febe0466640853,0
04e7885617298f55f773a9ceeb68162c81f38717,0
6fea2e95676f0c90d76ff7554e9d1b4c3826c214,0
6b4c7d627967211b0528b32e5333547d4508f932,0
8a7b0da6fc783127f8272d955d9f06f1966949ec,0
dc9e94626e19615b8970e2ba2532a7d11ea8f5da,0
91ebbc2d89c04696e43e9831eb5b455c00278890,0
7ed1ec0a13dabfb9cb4cfd6da9b2c94375351dfd,0
f15b6d68cc93b607e09d33b13197c31fdf154d7d,0
9cf80ce541e48eb3d58f6e14941c12244027550d,0
338a3777ce5b49f61f8785266351f2d3e374232e,0
1e455838963a99f7e76e334850c00293262f9573,0
3abb3a25509bcf0a6e631e2b7bef1a8f30b299c6,0
4711998927a52abe70bec7075f9f89e02824b404,0
2621600f8096da0a93b9ba33962233b9e2c2fc2d,0
c8dffbd1617f52a7eec3064aa7e9bdf1e53ae976,0
b66db6a04d5991a630bbda5d946c738e3d128ee1,0
90f85c7d175456bfbeaed5a6075f4f92aa4a1581,0
38918c863069a42217d670b8840e863f49a093ea,0
ce2cf54fd3dd58904480c613fa1901c78ab45a28,0
5b59487808d0b86a94ad7a1ebd4c200e09b7be09,0
cabd55af74ada8456ba4fb5ffa7e7854a5cb05f5,0
de25962aa08469c816b482d6ad40b555053348dc,0
17fbe6985da5ba527becfebfc468956a3d617a69,0
780d34ef4e42fc1402b12c62ea77a77b554e0b09,0
c759df1923e22e358389b1915bff06b52ce883dd,0
f350629f73c767c1e43a34592892a45afbccdbc7,0
2abb7d3a98ed88814c4867dc58e41432e85f96f4,0
d7279c1e6f7168544bcbf363afcdffaeee6655d6,0
7a033f8d2ffedd0328271409b1cb6cb4d5f3250d,0
4cc1bc7f5b8f48484fdfb4ded8764c5698f8890f,0
7be9ef9b721db71fc576843c56d5cc71b03150ce,0
8cc6363673bbcbff0777dc20343d207a443eed4a,0
f71459b6bf6c5bf67685c1befc87fc52f9c7e09b,0
6c324b335efa90f32d565f4895a8e07b9c4a2740,0
0ac576fc4f2af268510c68274b0e692e6061ee8c,0
dacc3064e3f656a1c9962cf3816c0940ade6e563,0
63fd84f2fdcbe4d4223a8a300ad0b36f65793c56,0
4686225d7f24fa52aacce65716c1f69c37ba6c5d,0
7b512f84a42f2940a135de94c3f41014bb508deb,0
a6a1e9a1d6d8682bd53131c5ed5a9b55f718e9d0,0
f3fc1193e43545c5d19423931c81b0cfd19522d8,0
7c0e7ab97ff656ce0b85330bb1c9af453cef6e53,0
d9f3d1ade95cf2e131149e8ac762e07d5591a1d0,0
3050ecd14a2191f227a29bbe79d1130a86c6d974,0
04bced646e6c97580d04bcda03527031b4569404,0
a16503f3730e288e47005593ea57b58f5e79873b,0
823507e99115a8ac12dfe8e1480792c3a3dbd32d,0
89c6ea43cb020b8e121bed952d6e9116f662bf7c,0
9b447916d373e14210981696866e339c306d7881,0
09430095a93ec3841dca47170f0a3b5ddad34bef,0
1da70bcb67f27e900fbff5cd713ee2d5af65fafd,0
a4ba12e80c1b82b814b0165704934ef182ad069f,0
76ec155eea3b1b10b5ddd46e31b38782afbff848,0
834e36ad64e8f66c17632e37bc4c54c2ca3dd012,0
6e148f5ffec8bda0cb4e35be50905382735ee7b9,0
e61abab25a4814c165adf4f4958bd43da4fa1d11,0
301a6261c97f7848a2526f5b40d9fc8c92d1c0f9,0
9b383f3fadccab020874aa5c69704790e03c4f4f,0
39f4ea2311636e2aac7bce7eddff8575270d827f,0
9f894c6385afe4003b645abbc9a32cfcef753646,0
b6a5e06f893a16983cc4c90b04e4f93ce34b0a45,0
dd69d583d921b1ff7dcbfc8249810541e1b79acd,0
3ea871d37d998b52c133fd3a2bcb3ea02ef7c55c,0
b0416341dd056e65d98c294bd0395f9b1f925b9c,0
6140da57380523c48a47842fc172d9c3950eaa63,0
c4826336c16c877b91b947e83f092ec9eebbe59e,0
8e1f5a9aca4afc662503474fae41434f75d5021b,0
57143123dbc44fa9b9b18a51bf9ac3bfaa5512f7,0
139a25afec3de06e42fdd3a7dca794bc839e9b56,0
86a03b4f7082bf2026f2240b057a0f54460d9e54,0
0003547994c680d80f31923f8fb50cc300b171c0,0
6b93cbe15693055e50a7f8550bd2baa93fa7f870,0
b6f72e73ee96feb63e17096933fd5b7f313fb77b,0
da7c755ff431dae5e0c5d2cef211a7de9cda492f,0
ae28edfbddde9ed45fb0501ec6765a2af5c451f0,0
6b079573792690b91f2afd1e0a94f622f0e1dee9,0
65f3e38751316e26b13f14f2a534bf33e0f69144,0
b02333396adcff6179074f6d71997eab1d6197c5,0
6e2741da4d1ef471c7c552b91409b2deecbfcec9,0
4a52216872d7086c2dc5eaeeefd7eec7310124e1,0
a6af715f86ef658ceeff12d3ba65d99d1a1f8f0f,0
0a423672fb79d5af4cefd4dde2215af1702c7ae4,0
638488d02f76358259f7b8fde5a09da8951924ca,0
2de52818de2a2e4186d7cf158715817335e74404,0
f690d2e9bbd87df24c90766e170de68e6d3940ba,0
0aef0dbb737cfbd7dfc9d26450b76f3b39dd836d,0
e2f8d1bd8f5a1715942d68fa4f3680b84cf902ba,0
53647a31a57a917a3c1fcd19dbd822fb707e0ecf,0
456be0917f59893bdd60e28fea94c93d07bd22c9,0
51e7eb34e43a4d0c5de663c5899bbc6d6f3d3200,0
aa4806fed94685afd136c724edb629a77cdf074d,0
d06e4a8b30a4b355756bda9767738407ebae679b,0
f7b5d819230c700ca6ff413003d5d02d0382ba2d,0
502fc65ecad2338aaf2bbb24aaeaee13240a5216,0
74e4a6eb23f1ea4ca4dded8d165c2bc7b1c2516e,0
73d750161cfbfde5f702991aab0e8c410863b1bf,0
485973094b7e3209397845640359556f9a94d89e,0
d6984c4c37fac5852591404214d88cde7337583d,0
a32cab8566e0c4c7767a655ff4d03938a26e0525,0
b7a82af9d1d1b5323976b67e9dfcc235e2e058f3,0
4df0475c65d4151207fa63b0301dc8eed91bfda9,0
d82b0653c6f8f1f3beeb3fb7c1b0e23e9de4a4f1,0
161e5d7e1ff3cb3c83a6229a0156a4b180688a21,0
5b157bbc94a74b71e681cbcb688b1e4462c6981e,0
6af506d486c4e910418d84241e1c63a7fd2f3453,0
97964af43d07306dc0a6e4f07cf44a0768473985,0
6d75c954b5e70229788c688868d8d87527b608e1,0
1c34470ec0e34c8e047745d000cf16f0357b5313,0
c64c414cc20caf9f112deff9a53bcec7d96611ee,0
f664abb5e255e734860ab11778d982491f317f14,0
bf0ea77dbfb6877d8a3385baf9eb470b51a31f47,0
2355c541cbd2e753cfbc69d6ea2e4ffbb21cf7a8,0
531925f155c973fb4452ece09406d539de3e8f9b,0
273c3df8fc90e3f29ac471215908191c188c548d,0
845ec21036a59268510d6b36a2f50923bc7a2f86,0
72fdb5c4dca97c22b4d2694fe61302694dbd0a34,0
2660bbad3b319de5f421cbdd0a32285ad71e5df1,0
7775bf5a2e0fdb051e826b2092b68f827d54a25f,0
ec5319a7e354ef09b41a39ab73fa310efd56be30,0
5a5415dd1c5095970208ac69816c692292a4bf74,0
fcf433fe8f9d470b7a076cd4be065af6fabc23d2,0
ddb1872e97bfa8ba8b1e43472dece97fe4be3225,0
127a135fa6264ffc4529af23eddfcd93428ed6b9,0
a265d47580e5a431b1aebb8bca7b1e4dc1ea83f4,0
e99b53dc439b2dab48f9522afc3d65c5e0fcfecb,0
8b31797ce94e565116cef5a46a65cf02fe5bb83f,0
2d5af6e206aa400cc3c1d8ed050615a6e1bd68a5,0
232b5494673fe842581fbbc8802fe916f5295058,0
cef50874363d7ab71e0ec9af3b5ec4d3b5d8b3f5,0
6ddfa8368f822c95c8af3479180290d521827526,0
ef2bde1d5a521c05d7f2cc6c00777a3d451bca66,0
6622a46857509a8920a3f085dbca007286c703ac,0
7bba7c51aafa49087448d1112eb8f5a59131eea2,0
71e475e5b2698933cca8d8977e5eafe8c710acbd,0
29132cb86fd017f70964766bbb5be44dfdfaba46,0
0ab001047b9387754f77afd014612bf2098874a1,0
ca3c842cece14405a746fc573152e15faa50f482,0
974458208df7c6ccf630442a79a51da8869e8f47,0
db27bc3ee2f38d7bb1a03595cdb24e497971d490,0
9f0f6f867526e101efd5c84340c66546629b66b6,0
a71c05e9429bef7107a228741950365476a9566c,0
d6b7a47e894556a4cd2b7709fc4ff45dbb373f5f,0
514d39dc6bb581c947dc85b27d3d40e582786487,0
85b15c62fe035b9d7dc37b8fa226c23b0922dc2f,0
80b944a792986398ed3ee28cc3814226fe12227a,0
a0d3cd134abecd50818d03ad2913295710c8ff65,0
98fa10a80243a40685437b684d885082fbb26302,0
5ae1415bb92c4a24694ffe389133f0f7e6ffb134,0
78741664e520586905532780bc330100dff21505,0
167b31e17fa49a0111db390d3c896fd07e419b45,0
4b08ed57a0ff654d56783f9e9bda22097b30fedd,0
e7bf2055567cd4506e26736719af357d243a76b6,0
ba8b34a2b7b028c9514bee3ce5abe99af310ddc5,0
377fb06c011d069312b099e874df975990ad5a68,0
0cf3dbc9d85e145041c1407cf7c6e0aa12cd07b6,0
14c5c2205eec16e81d235a4667bc5ea98d116092,0
54de3faa2dd31ecccca9937f7f7e9d87628b4a4b,0
7bca07cb07b1c88eee4356b0354e3cd02d7f8361,0
cd64b01be02a3ce908cc46c9096d5b8c08e5d558,0
ec3d80671937b25394fff7e47b5ccdf05bda4091,0
d2b4503d184ab498cbd70b2f54670cf8a17d66e7,0
06f8bd936078d80352c85698a7c54eef40d37367,0
dfc51bd0db8d65a3558cdc5a2d0c20239ec47e3b,0
1703c21006ccfc9af64ba31547373b5563705c02,0
b8e98d14ed1bdea0d09797347d13fdeb6ef3dd57,0
a942f8ac2e1a9f47b316b7eb2321ee038bcc2e9f,0
d7cdcc6a7114d8a8f99bfe05a081c5f1a3bbf215,0
323f046c23823d70cda067c90d269c305a8ceb62,0
7335e26dd66cc50ae60c841c30a83e994ff7e087,0
311290e5e0f2b64eee7669d1d0385f78c8ff1e8e,0
733efa39a687462232c55c9e66444b97fdf5ac4c,0
48b656ec72d0879b57757ebdb85e9152ae0f824d,0
bac2371b9ca2069ef7ba70bc9f4a315c46abf9c8,0
e7d0cd07fdf5b324f57086c95fc3e4bf1472aa6b,0
e25640fcc3f9ab42302986eb1e9189c563677c61,0
61d0b3251cedfc4d837b846d72ca6c26c1e5bfc1,0
82c6f59bc54c9c652cdba66cf2721622348623f3,0
a89879a67d1371b86a7f1aa5f4210c49402289bc,0
c867eed0f4c98f43fa185d8289ac3731872fc803,0
ef5de64ed438be8074ccb017c74c122d47b7195a,0
d8f45fdbfea7d984d6719d8d83f87f73dd623c95,0
2bfc356b832a4c17c74956076b8c3f2ee55faf30,0
7fed88312646b857795a8309e14e57bff3c82662,0
8d5f3f772ba11e2162007c9244fa69e1a1876d57,0
24a497291f18ed797379f50a4db4fdb1ed18f376,0
13aebc396de9233b8f913afa4b02f62f9d11f819,0
177911e47146db0df2e35839d6bd03ad1315916c,0
5a15ccb62eb88ffa41e6b62ac944066fb121afe8,0
733d5758be82e5ee2ad210b36186ff19f760374b,0
7302e9a308f0a5d59f17f72b6f5326e76cd71e3a,0
c2260f094d78c236bb8a2e3e153d422c7d7ad6bf,0
3f7868e1b22dbcf9442579d7b66f55a9b5b7e22e,0
dbdd0a13bace6168840608287445df9578ed4e01,0
a82f4cb50516aa787e9390db8e8a305ba16889b0,0
419b381b112659ceb7c85e9ecf9a4ec550ed58f9,0
f431d2eeb71c1e0cf910cdd4d930153e656379c3,0
9d5ad944277b0e6f4003953fc33710cae9d95d0b,0
73f99230910010c1056bb6c04b36a04261da8b7d,0
ae0195452de4d640a5f7d83a2916eaaedb601198,0
fb66dd1d16f86efa418b6bda0369823b7c9c37fe,0
4650d39fe9fa4bea90d6650c9b8d9277b7d01b77,0
a41a57e58e73242c1fc5dd1f8e53bc883558331d,0
39aa8a57d25ff43598dc912bf899ea89a3036457,0
4a6ae3e9e9db73e6f43c958eab3fd3bba2ea15c0,0
af012eb994fd9a3aa70f62d59bc0b53001df509d,0
a511a163b579fdaafa81fb6ca908034d32291871,0
efab6cb03ed473af6e1fa9b9f06aa49f7ca399e3,0
0da8934ea8297a33be06def5f4b98ca07c8c110c,0
a5f9a0cc22e4626234a4d7b53bf357d61eb2478b,0
34bc24ade4ba07e9109b96b3d2582acca821f837,0
6ecbae686e79ff6097bf2a9c25f971c86b1458e1,0
369601f0708751e933269c8b199b5947fbe84178,0
ebbddf858bfc34538b647d184547fdacd388dd40,0
1ab3b3f0bfb63df775cbde39b98abee376d3fcfb,0
d4a4b43940436409147e14be477319bd6b5d535f,0
a048ba56fb341eb54928023d7432db27da98521d,0
ad1ea0b07dc001211b38a72be01b33572ac5163c,0
b2408bf91fbd119679781359c484f650347b5324,0
1ebf8cdaae4f99b82b195e1f8bc2ea47ccfddd8b,0
50d412a714fc62e5cc2a29c2548ec93a1c02f9a2,0
7d56fe109519455f0a2ff87b9e94d3914170c592,0
76d30201faf8f5c116c3130b880d8b494a5bfc8f,0
5f1200c35e1f115b20cf81e0625bc7ea3d34a03d,0
4bca9b474de3a05dff579d8e085acda5901c87b0,0
16b89f5482a2138def0c87cef985ab86db68b67a,0
28cbf74d7c5875095456996264c43a3689a82db5,0
6c55c1cdc2b1eb773eae0eb27c451620e9fd3acb,0
07d2393cea701c5ac25cdc00c26c4f7530d42437,0
9967b698ed10d99ac2329b5023332c6a0254269b,0
a7fbc350d6686eb598e0f19b8caf5882ca887c12,0
4ca06f5049a89c75079c233cdd795c3bc7709371,0
0dffedc822cefbec5151653170ee23faa18d7fac,0
106b61a5be740b6e784c3aae4aa10d5b6df832b1,0
3b31276cada134cc9e4deba7131d4cd53f59ddfa,0
f7b2a995c3fd4062e505dd32ce6fe21a750f7be1,0
f6373e11f202e1ddb6634940f616bb8b947e1740,0
f15bdbfe68c75372768ecf9a7cb30c5edb7a0ddb,0
7a7c11d5526082fe9667fafae045545ea7b5fc94,0
dc6ff345793c9c2d2d26919722c3eb79ffbab689,0
248ec2e719b35570f2635cde69a00865388fe869,0
a064ec899e88946d89c93b6ae66378f8e8cb3599,0
f585b6485b2793b46901e5b2ab16c93bfee30176,0
05877f140da7e472b0d9f6fa5aca1a7d04bb7c3f,0
153f96934f68f784cbf1441eaba21af31a064199,0
2676a447167ba7034bff4d054ce482850f766145,0
b4f8922874a0935fc3d872bea97d4ec0a0d8490e,0
86258de924ae2a307c67a9175f6be01406b11d71,0
901b6f70d985e45016e36db83f3051ecc72e8313,0
f27b22f7da42b179586e5b7df4614c4916d63097,0
f6b50840f1f91e83cec2a26fd8d91f1d4b2c0714,0
730f0b420f91c22bb0e6272733e1788ff3f80902,0
acb7e25ed8056901e0762fdd2c8c475f21e9df37,0
ddee9326d42b278a407a39bdc3ac2ab788cfba38,0
94f612b31fd934c17850b9a1c8f1eded2cbdc842,0
7d419b9a6bcaa628b88389b67f9c138187fff3cb,0
c1a6f63b0259f3230cc5917df8d9a7f5a9575ea8,0
64d6a28a12d99a02e41cdd746ec0df221c93bcea,0
81c9589f4a396fef0616f8be7b6eb673e595d83b,0
8f9f302e015e28c227c9a2a63e96ebc82f953fdb,0
b53afad64ba9e1350e72f29e400a1e902e486ac8,0
5fb7bf4107325ef5a5cbe02df405897f9ac14431,0
f73fa2d3b399ba2f49c7af833a9bd70b36922c09,0
428a44647464f27402628b1b7805af1f54cecc82,0
f1db09fe74ac40fd6f0ff2afa204ffa099ab45b5,0
625d904150578b0477581f3924c1c66d8315ca05,0
fb42e80e929334aa393de029dfc47cd309826a19,0
421229b42f79a41d1eb7f4e9d9f1dabef56270d3,0
5035fdd788bc8e77bd90b52d49f70903044e7e63,0
97fb6a23e02d67cc52506e819363d3781f33c1b3,0
192e9feb446efcd2c457cdbdcb72397d1a980cc1,0
7de2aadb3f53cd1c65739f998762f37eb99aa998,0
5912b221337f8df0dfa75d6de0ff8a3611033bda,0
c8a43a456fb43d2f272a05f3a947bcb9f1719ae8,0
2c949b165cdff17968dface2b9c193afe96399bc,0
8a3709f2a20775e101316a8c49c919737c4eb195,0
9a8a253f6bc47fe68a9af883eaf4a768f16cba19,0
01855b61fec49666d2dee53f62a7fd838665bc02,0
1207c21a37a6431697687286a8441d17104c03ee,0
90915a25c9d3d3b6f0d4c556c6b5d52e3c7ff3c0,0
b2e66fe50ba8af3986edc3d06a9dd3c8489cfd36,0
03e181b8a059c744f62645eaea22cbe4f16d8355,0
441220bce1265df5690defa2d8dea94d820a1e32,0
d4bfb9003cafe9fc284c64be412cc2c6dc25e289,0
19c1b7bb1e92e3da937ffd86ff7dd05d5c3075d4,0
3ae3b126d8e57096e1a9b1bb61d43845590fb495,0
007b80663fe4795bde0b099453a9bf1bf319d595,0
618e56441372a3421d994ff0df89744f11061c55,0
b1158ce16402d7f67f751548c210b1268e2743e6,0
44dd43eb5c7a41350d0947080a9d16e65b7581d7,0
8899ebe032e1888ca8933ed7b9e46361a1c12816,0
10a1734b3c0904ee344418ad2f7a4246a3825c59,0
2423f22aad022445dd8e7868f7076b3bc90c2c3e,0
61f9be3c3d36cfee86acd2a32640384c0f70fdc0,0
d21109a7d79c4a1d5b1b3f5b168127455f1eec5a,0
3970bf8ae93d88417ca8386303bb48aa299d5fa1,0
411fe135211a2342cefa32c88c069f89060c11aa,0
419e8db16b8038fe35f309a21dd0fed04780d52b,0
36490565124c498da3ff4b37e4128202c230a052,0
6c7f783a7595158611316d879cadc4e2878652b6,0
acafe0be6732166657b5c7d5cd990bbec03f61d6,0
7e8eb00e9670a4585bbd9e2ce26ab0dfd86f856e,0
9923a608c799711ff9b0da8ce292402b63675fc0,0
1286cc2371904e86b1b2e4b208adfc81feae294b,0
7be91b8e882095a878e2d892ff7ddcf4e84ee57e,0
63309ca7f51eeba1f8b9ee98066d3b410571f49e,0
899358bb3f8c8f7862af4707639eeeec927f1472,0
063a9ffa4164b680e3c7b956bcd93f57d29114d9,0
427a7af9702cb88cbadf0ef8ebf18bf3ff767e4a,0
a01e0621dcc7d88ec226044778881055949cef9b,0
1cadf8950d4634496ed9b6c66a14e9749538d17e,0
932791a2438edd42308ad3584c08ef575d1c8322,0
064971c7feaeaa3286fab614921171a8fa8a4e92,0
33f706e519d054163f07f13684cd96ca3869bb3f,0
80a56e69e5ae7f521220c1574d45bc4d52a1b057,0
d8b310a650811b95c6dadd5c952ef910d4635ca5,0
1521bf3e9f3e2f944fc2331b0ac19c9f5f0fde6d,0
5e1f169cee3d19f83d9885eec0b4a0f4cd186ca5,0
6ef98e3bff3d0500b95d98b6601e6fda58a2cfe6,0
9c96fdf860f2044e9ea7cfb51f0ecdd099a29e22,0
45f02025900c229a21b1abd169bf4ea4073aad33,0
2188eb0e2e15431b7c4a65f7168392c888f0ecd1,0
5ba76850bd009dfb3638a91e0b673d455c173e08,0
8189cc4af15a51a70f18145f5f7f0a1a7762ece0,0
325a5e4b5df52301da966ac1735b7415138d8163,0
c641a27c72c5abdc3f9754cd813a1af43dcbd8c3,0
f02292f7f20fa74687dcdf8e68f68d3411787d89,0
39b4e60b7b21ddc7ec9806718046ae5dce013da0,0
fe13532762d8bd50e2a65e847115c8b34c44b1bc,0
c71f418d0dee1f795e98c7eb22794e81f438601a,0
26bb2d1f927741ee389a764182699115adf69c93,0
9ed390c8bb8be39934050657dbc64f02e52581ba,0
3517336c2aac62ebf6782495de50e88402af7ee4,0
aa163d1f87620dbb32ab7808ab8f74434a55a0af,0
784e262c89d80d691ee4ccb770b5568b162d42d4,0
25f7d85174d93ed6e084c02753a007d8eed56bc9,0
73c5a884da70bc40e7a17a7b9ebf5cc5223d7caa,0
dd6aea67130e12b26ebefa32a2ea98fdeafb094d,0
1e94c922c0d9fc30349208e6fda91bbf0065ebdf,0
e01ac3b3863d59bcd6b699999204499a9f16e3ae,0
3993ea253ecdbc5cdf7fa1f247826bb9e15728f8,0
682f6b25e276c649f12199f417456351ffe58e7e,0
f6f76734217fd5ad9066488635093f356f568932,0
b40313b2ecb2f1f80e960ed74055c5b705fab3db,0
06d71042d603efd2a15ca08001061266c1251f47,0
f5ab41fed1acf203670ef11fecac882595e406b6,0
b965e97fcdec99d66b0e79461ac3a741efd8052d,0
f923a5152560d6ebeb39172f3503fcaa9ae807ea,0
318f892fbf5954b2e9e4ebdb96b9c872f7d96ac9,0
84103a7e861cc6d814c2288b3d169268a9f6aa2f,0
bdcc5a050201d9bba2f723e1fcf45fe42d84451e,0
744a8c30c6e49962b5b0b9fc14a2cccbefdd1cd9,0
f43534ec04d4c4bae666033e2041ecde21c19a56,0
ea47d47ea8ab89a8ab84488cac0d0ce030c28efd,0
dee0da18ed6e3191c3e21dc7647ba32892ab3338,0
aafb046b68347a3cfcc36e7a4965642ae67df3ab,0
65112a297b5076c5f31e27f3bd14a9db3f673a15,0
e7d001f1b77c382f99ee7fe01d8563d8219697df,0
6e0c4f9cc9df28853afc025d33ca6512b292926f,0
6b81f9e6cf42eae235c7ab505d967f60a42d7d66,0
9bc57f7fed72c09468588f2f5ac5d5d503bc845c,0
1ea3bee71068bcd4edcfe7ea7bf9e1b4e4afe11d,0
bfc2275e335bb1b3d4a1744687014bb5248541dd,0
b3ecf47086fc08b1ba54d71f2eb02b55220435d8,0
0349409132248b8d9041cf7ef1b0a51c90239fd9,0
4c050914d980efc55562f8322d2f6e4f8ec863af,0
fc3638e0fc8dc82136753c085f90ae4f773c01ba,0
d272066e8c1416fd8d2e2eb4c67c4ab56e2d6710,0
f5da9b7bc3b9c47a6d79a6233aea8abf4fd59751,0
665f047e552ad71c189582af15a0b697133fff0b,0
1f83019d1541f444a87bb902999c641c3eb2a385,0
cc591bc0a2ce923654c069a0a23b4439a18ca6f7,0
70ff24dda0271d18f1a1c422c865ae2917b80e93,0
e55e2b7475814716fb38c89c6bff61f709c9b363,0
b046e22faf9cd0a7190bd29cf648c154bab1f42f,0
0d46368e15e9fba7eacafc1ce3fec4afb92258f1,0
835af71a5843fc15619b088a1d67a44bbfc36021,0
461b17188501eb2303473f6f63ff9e8707e4592b,0
54c6018a3f192571f63104a08704d5dba4f1c9d9,0
b60ef1ef6d3dde23e37c6f1aacb4d919b9501093,0
ef3d5d93a30ba3934b8f02b88c048451aad8e87a,0
4d77a45601a68a5156c56ca84ae0929665a9350e,0
c3072912350a8d65bb0639eb9a5255f777043ce7,0
62b08ffdbab7a83911a8805bad1dbb22134406b6,0
713138605451260f6f8d53bad0b4400bc77f8d58,0
1a89cca97e397feaf3c18924b86e74e2b5cda2ac,0
41f68e6f9b036bdc634a7d55397d2722a1203cab,0
cef9d7bcd897862aa9932a0835f20abeceb2e850,0
35fee6998b8d92c047f6db82fde825810fc26f4a,0
82640281c8259511a40f39c105487f269239a47a,0
95d3485cd4312d8e1a846887b0b555eec4f7417b,0
5f31e5b18c8cd6b64b31d3366a8a13fa200d3d97,0
6e943dda419fcc72f533d9203fb492bf1cbe12a0,0
48f61ac4f70622f94719adcabfc5958b3d5abe5c,0
ccb13fb58cd63b3b30632630251e6040741cc9ce,0
23f08165894b32a615c773f62071313c126e76db,0
f4803450c58d55ee28db1be7fafa6d2eb91a1f45,0
bb754f61ca6119553cf34387a90b6880f0537844,0
08988a2c9029b1625115b3e3c6d30cb0fd1de57a,0
39dd58102e2cf2fdde6af5f2aa6ad040d08807e2,0
6b2517c416ad32764e756b1113aeeccc93b764ec,0
01b2da35a55c8e527a3f166266a463352dc16ebb,0
b62fc004d1a60757090ba9a177202eed0db57cc0,0
daa63aa595ea39a69e1b44ac23bc50fdcf2afd62,0
1ffe0a09a657b646c2568b4d855288d213610927,0
c6179cb7e89398bcc1d2c4823f10718cf17040eb,0
99617f084c08e230dae0582526279853396e4601,0
a87a26189e6adcfa3272cfd4c222f2cdc485b968,0
8034ce76319811b8c286a78e2a75cd8f905b317f,0
a01471c196dba90dc1c4cb83ad3aab9f5cf07698,0
94923facf5e545beefa3296c1e49ae01782d5021,0
36a73e3f08972b6681ffbc1785696068082205e1,0
351f580efb5981b261c6bfb834b2623c6bb5fc3d,0
3d539247bdc473cb2258e16a50a12314e7c97f91,0
f0ecd055080e203a4cf0f96deb4f2b96c8a04f16,0
55608cb2c221c67a3cad67e42df05571a02227cf,0
9d6a4be2f1ff331e51daa807fb5b81473d645f73,0
18b7e5e8248cb1db67e495056d5713d330538a5b,0
f60bb59f1fa7f07861a81aeb8bc778addbba6fe4,0
d2f8cac966a729df044ecfa036389658b784a281,0
2e3d628ec8970715d5a867d71a0fb12e80c4d1b2,0
95ba5daf30c10618697ddcbd92b4cfafa72fd0cf,0
b48d94b0e83ea4ac8418e98a9f9b18dd6879fe1f,0
3cf949ad902799662c506894da05d0eed88463f1,0
97ad304c741bf8827823931a5f5367a72411733e,0
21e1168bd1f730a69dc6afb5d13b3dc6fce4b15e,0
68714b20b47f50a6ecd61b411fd71b489dd5cfbc,0
7d4bbde146fa2afc4f8dadad6c555045d68966b4,0
f0c370e2c0e90cd34c75a6a14b47dcd418309cde,0
17ba8b9da6a87791446917250b3d92b6925cbff0,0
50a4eeab10bc40383b27e74adc1ad9788cd6f3a4,0
c74cbf9fab4e949ad81888f8d29ecf27619a32b3,0
3d52296417d630d7a41edd70e23ae223440ef9f2,0
837e1bc174868f890a2849d7b1c6865f07bef60c,0
c024925ee942ec453af9293343f4b08d745a9d69,0
79d6b1d8c569a5623320bcaef28ea8236505b28b,0
39814a601bf9a2357b3a8041bc902eaf4a3e83ce,0
67c90830ffb7fbc2dbeff6baa2938987d4ab2b36,0
4721b0f9c2e850a1a3305172872e383ff91b9fc1,0
5d256cd1000619f25239c33ec83c5814fc2f1628,0
63dab1ed37189d73bf2953e728df224446d2bdf2,0
f68ca3cadd5766f579f4020868ea6febfada1db2,0
7e0d6dbd2a65d8b36a4c9042565d06af34d489a0,0
e53ac03299baba72a2cb875efb4a8c1c7d374353,0
336ace2e1d3dff2a393d451f1abe0c52e95b3973,0
7895a1a8d07eb2ddba89db4574d3184d380ab466,0
096b05e89f55eacf574b3214c2dfe3692123afb9,0
064de49517c1cd0abd0c59b1e434fc1b5c7480ce,0
6cf0236d4e5687cd29c6351ca54e9a2f250fff50,0
451ee1bf91168df0e26f57d39476b0ec6b32dfa6,0
f67af836e8c69644aa87ef916ae7f1b7a9e635c2,0
8d63e7d5a7186d47bd510e46ee91a45a2c9b93b5,0
6953c1af65f9db8385d67159547b61198ba555b5,0
989b05447c0c376a267e1f2afb38e218566dcf54,0
5e91a0f9af3ef910ab1e17cd2f0bf45a522bedc7,0
d083fa592997ed9bca14cb1f47a80afe6d33ae4a,0
ec27510c431576f99325471d3b6e03b3d1fc2fb3,0
f8c424a757a6609277136ea7ff1896cc7d8a97c9,0
81b15df81c78c515e4a0265518bc1b88742a16f4,0
0fde05172e853c3dff55d1841ad21c8cce363259,0
f43d3313f724f3b3c202d0d702546985ae06b569,0
8f3b627b5ad59ff6fe3d6a842ab31efc2bae4afb,0
f6de1337aef29015d911ebbffd80779c49460644,0
010c5d26330c4e381e5a598fed700241667ad532,0
992b190584d07802ccd9a02a2b5b3bd5a80799d0,0
d69c9f3769e8714d20aee1e6c07f0fe2c633b519,0
20d3ad53479f4e1a0008ebab6dbf184608407122,0
08d28f59526b058221be974e55dcf24ea0fbe0e7,0
8c9195be3c1f76c1d9283a2b2d414f0ad1175c04,0
752bf27701e7d3f719edce863458643d09075385,0
2a513149dd92dd8aa57f8fbfae867ca044755565,0
149650adb8d08cbbba763800a659929b9ca355e4,0
6e990fdbd3b6e0db64f632934e08aafb5aeddebf,0
94de127ae949cf6d86f121c042a19757c6cdc71e,0
267242edf99bf73cae9dd175f918bb9f5012c63f,0
2a37866e50d71ddf694f010b6d8d3a907a3ca015,0
62292bb59eceaf2d548a20e41b999bda2860322a,0
4b43be141f9c1ffa56950dc0a77bedcf2b7d5ce9,0
771535618506385fcc0083ff20c6149e57094045,0
034fa63a15011a993afa2e2c97fe42d591083487,0
6c50a6e5675585e0cfd3536b5294702ac0dbddc2,0
56006a6cd7e4687dd74be198839d8a4c2f726de1,0
40d59120f29fb5a2509be5a2762f176b88b41925,0
55c796c61536f681cc8caf9de698d8949cf78eca,0
8343062fa49a88bac3179463ed94dc02178aeea9,0
25dff141ee0f142bc17369d5eb5f7f43570e58cb,0
3a8293af2b8cdab191a0e7ca6e306e0a2ac1e9e8,0
80e6a67649ec10d67f5a574c8e93248615c347ca,0
fa668ef0d929366e78f993ffda70b2dbd436f295,0
f878fba9cff86126eff1c38d1e10901e84bb353a,0
d08dc8bbf4392f5a234612d74573cf85b7d11fac,0
4686f8bfac0c6232a3cba099688a75fd7b1be731,0
be295f9493135f69321001ecb921998eaf67b49d,0
d98b39cbcf6a4a8d07f5527a9ba29ab3869889db,0
4e228a53509bd8cb01220939906a538dcd1baa40,0
6681a34d25b63a47c2d619ae0466825304ea9b1f,0
af1598229fca5808042ed20f50c36a4fe923c915,0
fb45bd7f2c1a8097eadb6b4a6bc9f16c03422a5b,0
d8faf082bbb5fedc6d19fc3ec89499123b5679d2,0
7deea03f9023fa25933558c98423e93db9f9f1e7,0
0d0dd5aa5f0a11a14395c24a8856a461fe71f1e9,0
85f91f4208903bb7ca608d51c941214b667d3c06,0
62b5acac4c8bdfe3801e2f0ffe8fd6e889b79e08,0
6b1da52c9a9abc798b3f45cc20198aba6fd555a3,0
c5d7554dcb49ae46d27d7969022df800987ec64c,0
34b7672f3fa8139ed9d1e9a0007df9c4009bcfaa,0
810ac9e48e40205d9b54dd6348aaae2a138eeb3c,0
eb83a2f3a04e71b707b659b17dae1cf84fb3ed02,0
4cf716637791964eb77a91d152052b073d1b2afb,0
702c6c29a01cb28254490804d3a46f39c4410c20,0
e31ebabcab830c64e118b1a56e86e4dc8dea2b26,0
5d18a177c68c300689031842fe2d595223c18296,0
7ab4de7c2749f79d7417d49d05e9b4aa5122d8f9,0
a397665f031537958d3d1eb691cbe97c2a147ebd,0
64bf0395511d8e2bfc6946b3866de6f7ea8056ec,0
f36bcadeae6d19619a2443a50b9dbd056f3c8383,0
f51f015e3deb2d205b2962fbaa253f6ef457f2a3,0
c330b890b9164c6e98658030da3dbabaf90a5218,0
2a208cf03e78c0866a61b5e582dda1c4af40facc,0
05d7fdb32b13d0f7edee3a53c06fac22b5da7172,0
972aa7b29a7cb7306b9e0737bac86fa42d6218ac,0
bd25bdcf802194e39ab101c47a8b16f996d47b9e,0
e852e8088e0485e2214efe0f10400aa9d931eaef,0
5059d190d9e1df358d0964c9f7cfce2e206b41ea,0
798caa4e51747dfbfceba0af8db7afa4fe629e36,0
4830e09b1c1e89212ca6f60fea29acaedfa6ba9e,0
8f952dfda5a28b9b06152826be2085f759f3723b,0
84bbae308d1549e09fed629d72cf4847598c2641,0
c64cf945161ec9cad47d9b921387645c1a369053,0
d540452cc5b0c419d8461ddc7a3469040a018f48,0
eee98089ac0f39201537fa7a9ff9e6b5588906b8,0
38d13dddadc2876fde6134e094f5eac8bc792614,0
981744d8c6042c424a6dcf1f37b1ba93bf8edea6,0
90c1b59abd0924ea77a091a9033f2462a0dc57d3,0
a035cfbcc42d7f07a7b4f5bcabe18c494b44e522,0
4a1aff1efe53dc6378eacb08cd867a5ede5307f6,0
5935a0167196e573ac9df1a0c1fb576337c1b6a7,0
a6e112c3a7bda61d8e965c50282b98bb55fb0cbb,0
b2d55661b3e3aa80678dbad2076f9bfcfd8c965e,0
346a020b633cf2ee61c459e55c650c056ed090e3,0
65970408668e105fc880cb8e79e645085df7cd3b,0
37cb5a4901a6e794ec9e5b841e8553f225a8a3cc,0
f7a8249efea61ed91e1def9015ff8b7e0a52a11e,0
d24150c7eeacd93a9ccaed6aaef56ce1646b3398,0
e7437aa445b31dc17eab30ece032d736e33f3761,0
e3883c0d693b2bf523f652fb610698e73b7784de,0
4dcba0553197b5524fe35f2fd0cceb4ba0015bd2,0
6e39f046db23d63d98cc16082d2cf28ed797f6a8,0
64504ef24771d3da571e77656c56e847b1a6a31a,0
388847c3bd884e53206e03cb8762e80eeb97a386,0
d4bdfbea00f161448fd89fd184211936c6fb6c1d,0
bf550884bb61e4338b1180ecc2a58af964ef08c4,0
13119d1520ff8e93d3aeabe70394d04d85b8456a,0
d8fdbc72e24def44b5882066ca57b2d2ccc6216f,0
88a130763d0d163535974b2103ef51fa28d58a76,0
1461cc32e024816683f824273f6adee8415b0b35,0
479532b83db2d7b228e4128f2db02233f91e6e91,0
6e78b38f055516bfef2b7b1e2b83e96a7a67f2ec,0
cdddb82e12ef7b2cc770125e930bde040b032213,0
e4c03c5e38b3e2550da7a1f9084d93dad32386ef,0
317b364347b0e5bf746526f365f797aac069d433,0
73026e23dce21da8c5c1aa015fe5b63828eb68ad,0
87e0fd77921618de907d71155e042a8502b2f303,0
4a8aa9e7243e7df4e5ebca91b85209bd69c875fb,0
9e4a50d4e4d5a8819cf0f2686b9d21d608948943,0
fc3f9c790f968f716d0ad2eb58dd178f448726b9,0
5a9d81b0a40cbf52083b722f900af541850d8c47,0
a4d35b8204f89d2c436f941ff4eaa40bca8b6ac9,0
de0a20b5ab73697fd5d01369952fa2a5bc892384,0
36c6d12416f20c0d7012bd92379a2a96ed8ca066,0
689f5632763dc96cc1ab39e3f6d43c703c8f9feb,0
13706c851aada724a7763ab93d7f7e6407be5c50,0
0f28590306ea5ffc7516a9f498fcf8b16531593b,0
e0d7fb81e25a30a836f7166a8a203acc349250d4,0
216e3fda5d7d0438cfa3f8d5657c5d96d6a9d3e0,0
ba4281f15bfdeb39408d80e2474c1e2df02c3a71,0
4768e909e3652f5360d01843788d0423fa792ff7,0
ccaae51292cec152246bdf865df38a6e22e7bc6a,0
c4049be5f7e7ab076ae99793d647a0e0926c843c,0
da246244aebf91571b0689e3dee97fce0ad52b23,0
31c7c5bde17819783ca84acb78344d2efd5d19fd,0
b424803abdb2bec818e4fbcb251ce031c22aca53,0
2d9eddb7988d3dc423d055fe03419542adf87be6,0
6941f81cd321a61217a687c0077fcd0d0a3044a2,0
8e9bdc5292438853f85805c4c2aa75c2dfd02ed2,0
728a3806024c3137d8065b27d4ab9a14d9fde8c1,0
310d9c9be9d74c6ab7ea3f6f9125ea9b70ecc69f,0
554eb26c78210bff95545de1de80230c83e73132,0
3dd79d4f796e4a6174c99c22bad05f1a18198d13,0
0f24110b906038cf6ab184b113ceb57e5ae2fee8,0
b23dae530f39534564ea03d8c5c3f304862e77e3,0
c2cd0525d97495daa820d2fcb29d6875b52c09a6,0
4b621c8c031265e4ca1749474c701b198a54e587,0
425a0c3eaed5a15d347039195f2a19718e18442e,0
9cf1916c2c2f92f515b3070f1de30a9ed6b1f357,0
fc11a575020a0bff140c26543cd778a522131c96,0
fae5ca31a0b633cb7136bcb08424d51950ef42a9,0
ae1d3c5c4c2b21ff0c859b33c9f53172c76526f6,0
91fde94b4904c6498fcf23f951af6271474d64b3,0
082b2d8b8caa7a1671311adda99008836ffea8f5,0
295e91a27a54b8dc0f699c540306be16d6f1a0f1,0
55a9cb915a5f0e733b00ffd93942a6079c85ba53,0
a2fe02fc0c6265f898c9938fa40bfbde3a72c9ca,0
a9f02bc64e0535ec05ca851dcd3989f186988d24,0
7cad9c3ef8b2f6a71eae9434cf55e93aecf60d6a,0
b7698a627faec21a4009d8d67e6b47a3d79a9cd8,0
ce90d81ac26ed1dbb12f8fbf303889d40a1f83f0,0
3739a4cd37fc5a73aa2eb64cfb2455d98bd713bf,0
2e0e2a1659198863f9a2d0388e784e68b9285b97,0
200f02bec10440f8170a4cf275643f8a4c809d8c,0
6c14b377e5d291480c8c6b7bbddce4938b6fa63c,0
4654e093bf6b1c81f810677c0375266afa7e707d,0
2f8cc86f3afdbb4a9befdc1c5eab08838ba43bfd,0
24e80503b38e5605465035816e852630fddf8e3b,0
a2706e7c96012f16796d793ab50d53be7700fb20,0
e3552a530ddf54ee7f9d2ddf2137b5b8f171a925,0
beb3b8fbc55ec469f60a28398ddc60becad08a48,0
ebfd8e556626d3a688d652a5b4576c582da3272b,0
a216a36dc1146ff17aa05705f47afcb5176ae0b2,0
ec4f545b69571813e1792e4ff9a42ee219b57928,0
61580f2c01b0d184c6b14ebd339f694f9e861ecd,0
fd866a9c2d6c69f9f6462a5e498b58293597d611,0
d1bf9bfe747d5ad8a14cc1f65e6876a30a1bc866,0
03aba1634dc5a00b7712a7da3ccd4cf70a810ad1,0
d0fd31f505c65391720afb1666ce4de3ef447466,0
43d225464e7187b8b6f3d0646302e11cb40be199,0
edddaeb05480702d1fc2c28d1ede27b0b86f718f,0
ba4c2cf737f5f546670b0e9bd8f40af1505ddccd,0
66d19b140e785825572a661ae15b69c49e4c792d,0
b23c2d3836cf8dac4a031165732bb5bc85d84b9b,0
b657ed838920412b10989314fa205c6997bf8982,0
9ba733b3a42e7493117d031e3b3f3c5dbf532cdb,0
a905cc53439c18473101b8cdd8f0ce87ce9a8537,0
b4e4c40af1672717e687e74db70daf71e035f9b3,0
695986b2b974ae154738a063f094210bfc6d3ba3,0
6dd2addd4bdc8e59ba50d156cb17304416ed86c5,0
386c17ff6186b08506cbb6231f39c6925d733f69,0
4f04d06a6bf2dd08be2be25f3c5f5758a94ceb71,0
9903591670254051ec74556ac9c0bbf5e35454f4,0
45f2ceaf3c0111c731ce4cd9233803175ac16783,0
95d15cdebd39d985a9abc897071e405d76206c1c,0
21f0069882bd79ca39cbac7554c07b4bc12f05cd,0
586358fb0eb34a76015f252afffe7c347bf229eb,0
6d29fd4d14371e801e2a22b71ddd60397835a30f,0
a9bb7e90fa74d03fac17ac27e6e20cb631127f3c,0
9cac8b5b98c1dba2ed4c8d90a71d37563b648e6d,0
ba51fe3a030b0511992332ac23be0210ba9ff937,0
97a96ba08b6e2fba266c0d391c7c3508714eb572,0
3769c18aaa1071ab3fe222b396db67b0d6f28e14,0
1091e835deaf654fa4e88ef74dfc790e0c673c32,0
404a75316be80eeae0f5310223e4b016cdf85b1c,0
58d459764a96df167bbd83ca0b1d1ac53df85540,0
f3b1b1f121cebbafca9c5117ff3734aeff148c74,0
29ccc7665f3bc5d84155a3092ab2209a053324e6,0
b64f71df6dabe0bc144715fabc82c311cf9eb8f0,0
d2eff05cd0e8e50be033240b377a46f1293e3ccc,0
3be74c40e0f3cfd4e5752a45f32d112f3ca9ad36,0
f3b9aca3acaee99524daca774fa1ac42d0f7fd4e,0
968d033c4fda42da0eee8154af782f33637379cf,0
5d3c269193614161daae75946b3f632c65a6d8a8,0
c4164c4e16fff834a734558ebab7ae0f4467f958,0
f19304299f419a556d33279e0fc35c1e863386a7,0
bfa3c06361fa7bfcf35f8b3136f48a46c2b2c241,0
666ad13656c690b310fc2c6487dd60b6ed72a5ed,0
328f2aedfb8643c3e1e74b5aec9e3628c3cbf2e7,0
df4be6cd6e2a8bba13095a4415cfbc80abfbbe5b,0
b7a2586a314a2b1acfc5d72be2b7f44436910cc1,0
dcba60a56927cc7f392528d0d093f0b0b3d9d486,0
ee2041464e60082a601d72be329bac57bc67328f,0
250addd743596599d2d2fd6bed8f04bdd648a3d5,0
7d2e069de8f493a4644a9cf8dc78b74512608d29,0
17c32087ad475b043e373e56f2a489d79046334d,0
50587e0e00b24807ac866768200b6a15a4d75ef6,0
9fc0ce18c74f2dae99dbf04cdf701fd04dbc6985,0
f74704207ec6468ff933f5c22f5bde5e1415ac66,0
cdd38067ffc6fe104edb86e3cc163c6b8aeb6739,0
a419277760f9bc99891f1379ae7e6ec7681c552b,0
f6360cd2775d80901d0e54325d269bd5ee253850,0
f92016c288410dd085ac4fdfab68375e7b18651b,0
07dd0ca548790ff1431b8a0d24718948fa2a1f50,0
1d2860cab7c6d95ab1e1eddd13d51056b0c3b20f,0
5aac1b2aa0e8905ca8210c094d2ecdd676079a4d,0
7b382273d8a7b3cb3b1a418ebb1089b02ba3e0ec,0
beaba48775a118747b41ead872d92140d003daf3,0
56fd966e9a3aaa8ccf6dfbb3f5f4cbc9a1985e95,0
5ab53b7487518cb9129fc749a20624a68e8116c7,0
6f59cfcfb6b3a74c4359ee8cd2da8110edb119c2,0
79777e86c0b0874998372288c5719d17c861803a,0
b95c5d04839b2f6a46830e0a6c6c59786641da2f,0
69cb996265ba603e0be5b1c98097775f2467a6c2,0
f3de6a4633976753c931fb008e7de704581a49fd,0
956c795f2949dd3afdab93fa1ee6eb1ba84e8b6b,0
0d9bda8967905c657dafc0a051eb72e10c623c45,0
5ccbfa55c11a68624eb44cc82037861fff13d793,0
c49dc4893fd48964e5b88eabe0c7854a15033b4f,0
32719fb024f142a51051d5af69685a05259049a0,0
c7439fcb1a44a01c8a495c0afd3f89ed080b3408,0
bcb1df09715447f007a113ba3b7b7ca7a9cf8bd9,0
f5b0757c43e1e1db457664fde301895226ad0780,0
f0f59d081102d3c6257ba49841ae082b4b3efd90,0
6a2a10d88885343cfe37c1d9fa42ac5edda7cab5,0
6fa810e0460be7422b7048909370f5e0a008e879,0
bd051edb1ef9680806fec6b379ea54423cdbbfb5,0
066b9d3047a7429b0e1888f1931f72327641809b,0
4bc3fb504e166aadd14db0dffd25eb631e78e79d,0
6bd90026cab839a1a31fc93508e2d70d62be4048,0
0804aa19785387b5c6acc97e6eaa16ee97bf2b29,0
22f808a6242ef4e8f4b404da3b24e06c97e7a682,0
b224a8195fadbb131be6bc6e8abe1b2b3a6a024c,0
20d7ec644d3b5863db18efd9c8cdc324724931f5,0
16bce45fec8861dd040e3d0231a71acabd6b5160,0
9345437e0f6bdc7232b8fa9eea46b705693dd447,0
fa01994df1ca311a2840703207fccea7ebd17d6b,0
3a854b01f61c8b21e2f2153a218360f3311fea99,0
c1955a208678c3c34ca9fd5578bb951870def5cc,0
3334009c309f0b1f2ecf86af4a0b7a03f26a860b,0
126b33613999b0e6b2e931a4fdfbc1221ed530e0,0
5a249d8da9fa7821835818a529ca8cec6801b271,0
7b7de5ffe162aad0dcb1cf529218dea86f803408,0
3bcf91d2cdf4b55a6877f4c92f5b0d3a043d5042,0
fc875c0957796905012d0008240257920b3e628f,0
7e459d08b585b69698d5ae8ff00ca0d9c0761c93,0
c95ee37dffd44b01d2b816e0d943013bc7bd866c,0
12c71a019faf874e22be3890b5687d757864755f,0
752496200f029ecb3ca88cb95a943ccb65f48db5,0
15503e82ec95d29db904b42d0070d4f634003204,0
64c73d02e0b3815a0c0cc9212124697584d454b9,0
ce690a37879b2d82387d1d770f2001f838ab97e6,0
3609f5b7b97458bbf17ae7daa4d190e2499fd6c0,0
a4f38e95eee8bfa6fd79b11bea289ca7c8c2a325,0
118652d768eb3bb92717dc1520e2cd272f7e068e,0
ce19ec720b68ea2e7cb9cdb8a1f8a2524b301d7a,0
b7be19dc9f26c86fba870a9d9dcb1391c51b053b,0
31e2d43859ea4b3243ff6076c495457375130452,0
13316cfcbd676bac9915a86ea59bb35ff9f9c571,0
69e3ba4188ae857eeb05a36a5e7b30fac344c905,0
32c93eb7283f3d1285b5a2fd74e94c03689b6ee8,0
b7c24e7820a3d2ce7bcb7a0e4a950baaa8fe85e7,0
0f4dee8451df2ec68a1f201a859f3955a7abd504,0
8f579b4f3074b79c44771ce6c6dec1d253401f50,0
e79f81f746db910d231733dbdee03728547aed0f,0
effb8c7d3c333ddfcbeb8c467d673bff866c9957,0
3ebaac5c02a209dfc28f4a50700153da20a61265,0
00e530042f481d1000be27584cf05be939a42bb0,0
892c9703496079e0b65eccea0252cf52a44c4512,0
e32896f89e9798f6e224433488eac7ead6d169cd,0
263026823515618b42f9549b491e57065cb69c58,0
3ebd20002ef35b690ee0314bac254013df3f85c5,0
f1aed3eacb500f581f0c10074bdb7faaacfa4a49,0
2875a65756da4c72e8d188555b9639857e73684a,0
63d9aa48f3646e6b5a366291747a73f7ad49636a,0
660b71569ee80d45b41ec7eefd8d820e4f716d2a,0
977e1008fb13ddcf0465324426c38e96b6194553,0
88ff12327f4d20c589ea5502cc12647b1442b07c,0
59a679310a39331c4c54e8858408f5213f70dbc2,0
535ec32c680a6581739a41bf97ecb8b8718c73b8,0
7914b958b85eb6dde9b04785f854385e4b3d8078,0
094b6235e5b31a29b45ef3fc1914affd385d342a,0
845ba4a77a1ef2be9af26efc8a639a6368380f9a,0
a0bf7894ca8b8cf312c068c5c1618d24fd064acf,0
bc5bab6461554604cdc2a9c5f91210e3fb341210,0
e30167b3b3afe1228378ae09307c1d6fd4850afa,0
b1f41de44dd49dee205a43df3c620b664a859097,0
8b8c8b37039ba1641859842014c4a301870e7e5d,0
96cbd1f061f2b6affa863b13aac5ae5e2a13cef2,0
739d62630092ee517129c703cd9433bd7e1184d4,0
b08717ff5fd391ad500a557b8ad8b5c3794a0df5,0
cb078c556ff430fae60ecd509a6498a2cc189cd6,0
12f694873a5edf04c44631597a73cf80a55c1a29,0
e5aa6d0844e17362f7780cd5307dd16fd2681d6b,0
c87418d011fbff133aa0b67b8da458db21e79478,0
46e4d460b37986d832ae45ab07fe3f1afd1da856,0
144b86a7cc45b079ccab3546e900fc0cda3f542d,0
90a5e8ad37bca75eb82d76e06bef5108453abcc0,0
c2b9a51f8c21dff670bda9dd775a14aa5a43ee00,0
db1def8a47f3880e4c6ad63f61ecba04c091c4ee,0
f5c6cb60ab09fc49b8ac5bf75992f2d2060b377e,0
f382d61a03778ccf838c6c051bd8692e4834dec2,0
78154f0456f8bbf7139bc1524481eef8f6e228f7,0
6efca0342af3af319f461b44b4b76b36adec8b07,0
9b40a7fc1f7ba785a8c27ce6cf7547cf930d5dbb,0
98a67224956a680958568986747160d20cfbbe25,0
d6b441070c3319aa9b3da45fab3b80d2d21bd223,0
ce8726f64b270fcfc4b5e39fdb56562c56a9b816,0
b25afac8b9456594473adf6cf7a4d80ac0ab97b6,0
1a01f80645cda31ae4c0b44a2f63872f7d9ae018,0
abfee794aa9fd99ddedf420150b73b44f7ccb542,0
5e07d873e6b45714d29bf47634adffa3b5aef098,0
91d801dc3192039e1d759a6823fb5ff0ad113fb3,0
fbd0405d1ecae5428f846db0ed7f0d9c948862ff,0
28c3e77404eb6cf4852780ed1556019337adc6e8,0
e1c374bf505646178e29c361a6889ff69e83be6e,0
0761a8cf48a918323a5b0486e6d54539744e3044,0
a7871a6bdbbd17a64e0743b9eff6ae2aa86f0bcb,0
65b479f62b0337aca74d058743248958da0dcc3d,0
35350e3eeace8ea271b0b9cfbada283ea2a973c4,0
53cb72616a766ab7a34ad2903a784557485c0a37,0
29acec2389b423774f9b373cafbb8207c752eabe,0
33ab1ef553bc1701b71777828c78c7175028268c,0
45a955702a06d817aa18007a9b099c37ee2ec20a,0
c0dc0cfbae9af0cc632d243f4d3791f75672acb8,0
2dc243def09b49bc67aefdf05724ddc3e1d008b9,0
80e075989a820519479d9cee7bed52d7fddae638,0
696d2f50518b26663bb44caceeb8c79e4b21d2b7,0
0d1c8b3e807951a80ee55f8a8f4c1d3ac52cef4b,0
9e9d293755c23422cae1a1084a771abac1b30f2a,0
fd4282b8305989cac492cab5ebbf576dd04a3d9b,0
b5d056211b728be5a340d5aa31f0c459f74f5b1c,0
a224a39b17ebc7830c34cd68ca54b5824e7af3a2,0
421f9b591c229c536ba13fadb985b980ef44186e,0
ff66cce0ca10046727e594e0beeed7924dfc7a41,0
d0bb31bc10ac0e16f47840550860ca26f01c5595,0
28e826894c359fcb993b598dce7633dcc593c8a9,0
074fbefa5dfd69abc817e304204e0a7cd041baa7,0
e9bd1832321e1fe3bc851de2e07393e311ff9506,0
35cc96c751b3822741b1e92005ff89a7a9eb56d6,0
4c1cbdbb8002074959f3291371b34f4b0ce1f359,0
a37e8de046a328c3400ea2f78b51d792152e9569,0
4b99af5ebf9fb973c18ba73aef8a3516fb61d8a0,0
234c6a9b84cb4bfb03e54c717df3ccd940b9884a,0
9babe58d895a0e4d6563268ca188794fbf066b38,0
b500ce08d9b8dddaac3ae4a1b6a15bb68b4cd2b0,0
620a2e0f5b314f7199ba438cd0489ac1b3948cc6,0
86b36793c7b338d091c557da85799530f7099650,0
d861f1b2116a41a45949d1401785220119a57e56,0
65e57efd2be830e82880847f5a5dbc1ed34379e6,0
2b0c0b9bc8a01719e74b844563f8003964b006f6,0
b5dd57397e73bebbf0406ea4e7f37bea70ffef4f,0
df86206821de0e5d37060cbae2026f79b7757916,0
a7a1e17d8bd9f6b9e5f0077ffd8264d7256348b1,0
26f54fc8828fd4cbbc58518823cb9b1a35fe7292,0
6ff74418edb3aa8475daa2e27b9a0e29bfbd97a7,0
fd394a924027b62b117a93a003f8feee686d4ff3,0
8a18a7e87eaee8679a49be813c864848150ad3c6,0
be1081a0661a6a82a6ca818c246f833b31639ec4,0
c6ce19a068dc9e146aef8f80f31d050b38412106,0
408b6608133359f03fc8d5b2c7cf4abd3813ebdd,0
258406d3ee900e74c1f4324bea312d0160e7c600,0
97c09d87b183581509cf1ae154c7e3544af3c4df,0
b4a3c23856951af5e91ee6f6bcd7d20ceaf3cee5,0
c290aebffa83b382a24d74117755904017f82b7c,0
bc10ad9ded5bd50dabf54511dabc4badce31b015,0
f627c151c4537af2973c21bc8727e0b9556a0142,0
f161ff66698bea44784926fc6aa9073d96a00cec,0
ccac05060130f80eed120f5e4801d56f3a1b2ab8,0
10306e206eff3d5b421fb88c4a840a62e6fab789,0
0067a2d1d37faa1692d9209a40c1eafe61815b92,0
e7846f43c07a8d75cdcab6c43d74385dc7a6557c,0
be43ec32e6c4a30b5b9d1c28d99ef0607cf4ebc5,0
c8f5b0c0018b62a17e3acc3b704fd2b5bbecdd26,0
84abc1181c86d58e9e7cb3046271193311211dd3,0
b5e6e213e3b06406b944a335b3951b05a755dce8,0
30428e5f991f25c2b54db9cb887f179ab0a0eeaa,0
f827d6ac51d3f58fb19c6d9f59e6d1b99378cdfd,0
bf1728a6ba405691f26642dc438e87f86f3228ad,0
352f9671b22448e69fba49d072561444388b1426,0
2667c3902b999d4926c3a3736cb7f12feb2d4128,0
a4db8997f0277a8091817beca19324085b90be82,0
1af37246643d6b1c2eaef358631510b98f906fa1,0
b027fe964a2b74392d05152ed8ad83e011cce666,0
453510009c60f0964162a3911b6aa2e955d6fdac,0
ba247a9c482a26856afd1b62f61d3e4a5e351b8b,0
77e3913ea37edb392b10c01f0a8ab796510f3f9f,0
4bd73afe7acda991aff07bf762e87fc5f6dc41cd,0
569195db85ce0d6e86f8693afdb5af6c82a97183,0
83ce04b0bf1c30bafd4bfd0abc3b2cf7b731deee,0
73e5bac7fde842f3d3ab825f7aca8541a1b2ae2e,0
1e64e11e747b03a8d49c293c18847b3a9e65fcfb,0
9980cf11e36ee58bf8556188bf252946f290b6c8,0
0e42557d4a713b43dcf94a2abb451a7c5e42b823,0
82d91299f3b88ed50e80c75d6d4385e60d726bc2,0
47f433f490bfd5da66f2717197995a7b16377625,0
be5fea4fad2a369403a88b287135176e14cf8533,0
8c38662aa7471eebf3ffbb32518e81def620f957,0
6af56e96fb147099051cfda7ec936f5731498f56,0
797f9a4f5d8746a8c2c5dc28c422176ead897516,0
3322d974876b8d4f934d3544967103ebbcaef726,0
bb61e14b7495f91f4ff808be3126af47eeab47f0,0
f9828e240182743c150b8f7fbc523d9ac956eb6a,0
7c51e696d59fafe3c6f6e422fd7062ae9654bf50,0
17ceb435edca4cc0ebb9acbaa27408222db09243,0
006d1d1df98ffe95e32d5965f75ca5bac3961bc4,0
0b00e8de26e4760d0c15a7ead8e9f1020379c82b,0
89a85532cb71d2ec9b0875f7c0ee696cbdd6f6ec,0
69b73420f032a52cc4b929e2d089f20de5b61a27,0
851de661c657300b54165238f990d339fbf8c754,0
f50a4df11cd56984f251b51765fe55ce30d71266,0
edc8dcfe85a83ea49d76e82190672e2896fb4f65,0
279d8f8d574a6c54c3ffb0a108fbdfc09030714e,0
180f801d73287acefd323f829c061259dad65229,0
1b5f9d1af8a16b1285384190af55c5734fb7cb49,0
88ab71b19491efe351dd7caa554ee99911c6d9cf,0
416a354308bbea30466639d141c81b0580d6cd01,0
74a9bea58feb0a15b906623dff06721b07fec6a7,0
5e36226a06443f7032c113b39ac9e3f32ec93b23,0
7c1788334a0166f8772295823829e79989c11282,0
b7b52fc506ca531ce97c936b4b6d70f72a1125d3,0
b9f15bc007be2bb0ba9633559482396e0352785a,0
ba3f9102bfe8d8da156581ed8407020329e21de5,0
682ac0cf39ad51dacc836bb7e836ef5bb89729f4,0
d1427ebe48534bfe2adeadbd975a12f8cde8448c,0
44f62a10e60de4e6ec86f386ad782ecc8f896f69,0
8133410b1cc5a058b73ffcaa096c28c109ae9a36,0
56a7df9475232d327d1b5b02057911da0a172a7c,0
a456f52c25380e39d53c4ee442deb5300c69a2c8,0
bdd308b5c8054ddf81168331b8f099622a43af4e,0
f4a616f50d3fd5af06981d6010b166f7e3362a87,0
8e03321d14f176d6a0235e915270fa999121fe5a,0
3d5c928656358c6f5704af03192c4ceeca818661,0
577118475281313558fa2eaecab03528137b95c2,0
2ecc5c048c6f17bd3e0ea29de51b93885cf76e13,0
ae5f518e564488ec0c7554d25742ca40a2b60fc5,0
966fbf05e2afa54cc42ad9e558e301da255dbb18,0
5f72c77386d0ee148b0d05239c0160e0af93fe33,0
059fb3b8c10a7ce5e78a01a99659f62a5cf75c48,0
632c08534ca16259d91258d9f7d6bbeca430538b,0
9a313ed4607336e025ce34575fdb2006c709524f,0
a752091be667ed09ddd4d5ca28339067f713e902,0
794f8aaf1e5a573a63ba6ca514eeb794bd39d855,0
9384d0fb583c7a26f5eed8b6f586dc8e24f0dc49,0
f2cacb4732f1d4aeae03faced4ee922d592f7e9d,0
e8944ba1bee6d459e0e28a562d545bfd40aa5774,0
37934a8da0fcba4b13589df0b22af504aa2ff026,0
dcfab7eef39202a1850e2805c98eb14c4edc7b03,0
36a05222f4230a7596dbd8bf677b01fed7ee97d1,0
7c99d624aa87ff8fa1424f41968cbb72bb6dfa0f,0
0e1314c6b8849c094b13320a20d1658a5ddc2346,0
faa8037677f365045873ae0d8247247876199e4a,0
8d1d28e1f2ebd03cbdb3d6ffc5f7c6f967e0810f,0
3e0b97108ae1e6d4f678ccaa086559b6c8d20fb4,0
0a9033b034ffe3874038eb305db142b6cc3e0d03,0
0287bada77011c8ba2d10ce3fee79c2a2003dd22,0
f7ed889405ba862467a01634561caf540ed70a1f,0
2dd72023e4f222dd58da8eb5b1de1f1550cbab3f,0
056a2244e5ad37c0c3f38296cffb51a90b417967,0
bd6a8c422731f93dde59f238dbb81aac7545010e,0
dfe80aaca3a686047b832e321dafe141954a983f,0
892826578a7cefb901b8fe2e304aa1ce7470267a,0
bdff802a85306ac8246a80876c0a44baec57ff10,0
fff3db29be4a0d4065ea42d697630d935b0e96eb,0
e4aba3f828f839d0373bcb1390c13b36d1f17fb4,0
aacc467954f8d3df5c2e450b5cb01810bcc6667a,0
af8575dd25bf99bb25e9ad424c0839e27d1ff608,0
96c211eb1bc4218871b7f618c496d3d12034d414,0
aad9a675b324eb678cca64071b9a2fb3416d4a35,0
79c66ae4e3318e05e647e7611d181eb5d2313d04,0
c4007c4a24eafbed53109e4b0376b4fd0ba01b56,0
abdcd5875b1f41ce28d2c0b73584deb28f57fcd2,0
6508b0806b24ea979ce48526a9851059943da7f2,0
33493ce2249c8a52cfb4fdd65fa4bcd2dbbfe91a,0
2694d9ac3c4c83ed82923c038c16eda3d2313224,0
ea129198f5e1e4512fae0c2d1a8c28016ef907df,0
1a7bad7cb9226ace2f52ded282ba4a58ed8193b1,0
12fc85439132df4a2b9872abcedc941357716f2b,0
6e363f7b44b8ac66ab88394d035b8f213591e423,0
eb8da9344ab57630d39d7e4cff17ccf88fac47d2,0
71e9c60ca64acc8d64faa4fa77972dd067adb455,0
67336ab2523067e0850f84aac33c860bb715ca34,0
b19c82a7ce42d1830321d5eafc3220fee8c2ca98,0
b850d804acbd2b983e657b30b8b4e1bab5ed7bcc,0
fc014c23fe4441b9a31f261468072d04433670a5,0
03abd8fab00f881c7e3a4eb145d5e29462be98ba,0
f9f468dab66195bbf28d4c0a4cbf9a9c01bd0123,0
3a1b5adfc284743c8d99724739e7d7fd13eb3ec5,0
c6d0af64a96d818906cfb1965fb584f017f58a96,0
3762d895a164ba215d60c26853434b891c3802f5,0
0b41364476771e5f398f4e757778a6f0ebd96424,0
c8bfb687e4974e7514f51ff78e8aae75205c3735,0
24060d01b95ce960a682b081e63b46447218e35d,0
18ce3b473018d1d7da90c0b5b563c97bf030b1a4,0
b08a38ffb386f6bc0a8409bf4fb4bd7e832c59b6,0
21fb8084537163d3a8228c8a1427c90ea3adb12e,0
f8a21cbc7e37b679dee7b7a579a0f709048420a7,0
20f70becab379f7c81df6f580a0a7922bf727127,0
27c225c14963a5224ad9a002855e7a2489b68551,0
8ddebc231eb63d4e00ba3c04d108f2569c521561,0
88374a270ba401e34d7441133f91bd86771ddb06,0
c3190fd5c15ef64db2e3d2b491f6e518ba6600d4,0
2a3ef6a78ea3547d316d8e9296a9b43f56d2f5d5,0
48f5d57fb9d8ca27b11d41009c029ded16f8eb45,0
ab8caff3a352fcf10563db44b85f7e8fb154e3a1,0
0a98b934d234782f33e71f762b66f1d8b79f0f8f,0
64736630706adf9e2cbb482fbfcbdc81a9dc02f7,0
69432da7f64f53534e76f21dda1546378fce51e2,0
45ad8976cb94010bcc36688f885fbf119f146252,0
3f8b071404ad5b15c903d3570e058b11b9b5ce72,0
b9c7da0a8ccff15ef78f906c11590d9e983fcbd6,0
c9c1e222b81b8487a963c33ecd03ed2560891a2a,0
03c15abb44128d2f1e8198e62be0be93f37dc7e4,0
2f28cef08f0668004d003f2695e9845f37c1f0ee,0
0d1ed41277b67e78665b324ac781ef66c19c5067,0
48a1c291bde8c0365405c7c884989c783e9519fc,0
be6501ef4af31302646012e31ea3bbc891b1032b,0
3be8aba2da11bdbbfa1e8a91fb12433b31e45d8b,0
9b7f6a916605c3b37cb5de4b4a123a8e12528036,0
6e624329bfae12ae8b142a675f1ed8f98d605c51,0
4fcc82bcb1480ba813068333a64563bb7c65a45b,0
155abe805b80bbb8276b75a8c4faffd2578bb68a,0
8f73bd15d485e5b9347abe1b2ac71d2d956f16a5,0
fdb6e394b8b0bba1988c3262d90c232cb1a4b575,0
e3658ad7bba2cffc3aa2529cc9e46dde4118d50d,0
ab8c02fb115964f2be4048880ecba771a7137d50,0
da5a9c252389c69a48958c92a942431bac0f6d8c,0
134d6d881e2cb95e2497cf1dc327aa96b45d2a2f,0
0b18b9719054493a33242341628bfd5bbd586dd3,0
91b17ffaae45b4b4e95831b15e648673f983470b,0
bae2887de4bc79fa2a28d7b4c35c4406e5aa34a4,0
c43f2480b6b8224a265d6a6d81897ec628e644bb,0
ce8a038e078fb98debd72543ac73790f019826e6,0
f95b20d0283eb957df5c715984f32121bb139f23,0
9050b6dd096290bf8af5a851836dfe8b0e10920a,0
5a9cc5f20be095efb9eb50cb456d00ce706daffa,0
cc625debde8ad6e4e3d74863a29b59c4e40489e6,0
3909e385080aa88ba86f22c9cfe3f6aa322ede57,0
5a19ce90574b23d81086a276efb671a7dfc024fd,0
64e51ecf83b9408f54e3943ecb2027372caea6e0,0
58d5af480897b869f195f723d83e5a9a432b36b4,0
8ce140921d62bf375f4451cb7feb05aef77fe910,0
07bf2a43bcec1715b2dc2775f7596367a373351a,0
88741378c64d2e08b9955227e6063ee84d340dd5,0
7d8433db37e963396fe227967ba25b416ac17e32,0
aeca68f2a5e5b87ab5bb94e1139ca42e547f0bd4,0
7bb195000acb96ae9e0dd3a9b6f86ff13711ec60,0
8e05b7141a8fc302b35f412834d660f234a10648,0
948abe9d85ac1ef9dfbb35d1011ba5969fd572ea,0
59deb7dacd54ecd158a1f2a41dab5bf360209375,0
270cd6825142314f148a3afa6f4a8099ccb3dad9,0
aec3ed66ff73a552a76051ed861da53876f8b4c2,0
71d6f222ec42d448c60e0e8f8b9c738c23fcd4cc,0
0bcf2825f69af9548f1c484284e615c170736c99,0
683f9e0957fec2c467879c5990873b56334a268b,0
55537206c1d8ce2341eff59da93a74f78570c8b5,0
41c63b284a36ee50ac76657abd63d6a439533456,0
571e9df1179fed57573b76b6aa1bd35ec7b818bd,0
cdf6f15264e6d655af2adb310818a79074804385,0
47c100805ea26cb8d013b537559db4b241f13c20,0
5dd4c0528221bfaccac9f2e47d4cb2fe0164e7e6,0
67d5b27421cdaf9c2e43f54f61040cd7baf242eb,0
60eaad9531077fa7b720b454d85f61b067845a39,0
f962e7b65457640a15db9970487cc858176bd511,0
2bdecd58af4c42d0e7c404951c634bd27d31027d,0
8afab2589a0a01bbbae340fac64edc6d30f8af4c,0
2f516043636c16634b72f31a3e44fc1d0fb04b64,0
840a7cf650fc870ba4a4c838650ef3f1d7aecd01,0
73c0420e50177154fb3be1dcffa89e01a3ae1e0b,0
12e5c2b600fcd06b67992f3015c259d94898bcac,0
d1ab9639845e1304575c4dea4d6f93ce9fdeed47,0
efb9b44acdb4a493f4ca240c84534fcbc72b832f,0
5f6a0650844f392cbf5624ea0b83eab00f5efa8d,0
a6cbd6596cb37cf7b8d34a238bc180bcff198f2d,0
91f4ed32d2aed1d7c38c773362a6ce2a0ded9159,0
21d0b562b706e774d75df3cf5d7b2df967a21f89,0
cbbf42c0a7ee447452080d44061cee4e16d012fb,0
eaa563e6f53f4fb70f33a4f11e173b4da2285d81,0
0ef9b755adae3018fd44e3a2b2227d09bd0e94e8,0
8926ed1c63f3ca4b442af947045c72ad2ec1f049,0
cf12cfe7dca94f5701b89173bd0384b990b7c62b,0
6c1cb8005deb19376b14c74dbad7ad2e94232ece,0
78e26b2ec306982e287a4c50de35a05a77c2f84d,0
212d2ae3542f13dd200bacf8c24ea1e32a8f6957,0
4822446e98c6e1d437b19ef371acd5a4f29a6a63,0
655d402821892e072b9cc4707b732ef833ef7661,0
f78472f8cd40b2478bec0bd31732f722354341bf,0
e8d80db8546790593898b44f612fc00ad624259a,0
3c0d417abbbdb1af551ba505f3bf247701dff110,0
a84d013078e491c641e044f04a30a831e76c9d43,0
32196a11adc90718f225a768f066b579f50481ab,0
e04b2bd942af4b4bb59702a86c5962f1cbd2eb93,0
235a874ea1eb7e4f700e5ff596cc95209e7412c9,0
02a16cbda03028eba1969a7d35cb88803f2206fd,0
0171ab9fd7a21acaaadaa7994c0353aec6614f1f,0
08e19a412e1502c30a8f5e9e180a15e73ae378cc,0
ed5e047034791541e8245d7e62aeadcee486f90d,0
e56f42ef888445320ac8dbd4ac9948621ec7f4b1,0
61a0ac00852f22aaf258790a4ce8ccd99d0f6eb7,0
8a0194a596062ea15f6e6be3541dc88a2ac9e8c5,0
3bf280a4e463a94587f8e58b2d0c71c515cbfaff,0
c18758215159eed0efe62f3d6abdaad51129aaae,0
b3ac2313df888fb0dd18b00af901d0746e2501e5,0
e628792cef3ac82c8a8b6e7c0492cb3719120dc2,0
388251dd299efd54daebdbe3972d5e6dddf4f590,0
ba5d35fcae8c22c34da6461e5c99302d61cafa5c,0
6ec8bb1edb26184e194ee202e13fd9692d5b780d,0
f6793211f27d2d5eec43660654a84539f76b8166,0
c6f1bfeb1a0cc3879d39ff09cce89180a526a0a1,0
db6f3ed367f7d7ff854b63adcc1ac5a006a7ff13,0
a7b72889461ae7d6ded69622fb69ee35ada9c36c,0
3d3a3fe13a5227a428594f41d18475ba63a1a3ef,0
6540edfdc0b710f05316bbe6b4f0eb140dca317c,0
62e8c58129813811fea5da0d180c88559490778d,0
b3b51d1eda3ab3ec04ae62c8f654c1a4a2019a0b,0
84b475ae4983ced77e868c0467a52f217f8bcc8e,0
87730a647481d13e68e227513999c275b7844864,0
0749749a11c5abf851d085165f8a7112ebb4e110,0
cc72f8cfaaff1247fee5b4a6c667e46bdd93e8cd,0
815ba17389cf2edbd99266418e2bf0c1e32aee90,0
7e808a8cba46c682634598ea550d498261702259,0
06d187c8ed821594dce1ed2a7207de049b87d521,0
64f471a31fc11fdd943532c3872e215c9ab5f388,0
07fde277991ed6fccc23c9398b552ded2c8cce5d,0
a02e260a0a85f5c05cd821f2200ba8859578e442,0
59780b184c987d3851d62939e6ba6990417aa405,0
6abee2a95066d09fce18f7277280f521baad8329,0
bddf9a30941a266476ef88903f634c8d26c0a14f,0
8377fa429b21c62ff5b73ea37bdf728a2f66acc6,0
d234fced82218f2af733c0f9eeae5670d74da00e,0
02eac5e1a5ea9229111ec37b62ba98437fe3bf8f,0
f0c63993bbe652614e8d05d0980d1f507cee0378,0
adc70c15ce3d19f4d9d6c60956038e2aa14a60bd,0
9ad6d947e9402e6940c90dc0c2b08c8fb44f202b,0
e728fab132e79f0a49d427fba88f479afba2726e,0
959178ee9de6e3ffeab0d96703ec623a2b4deb57,0
d788e7d389f8b40b565c5c1f83579e8178265bb3,0
9c6429317e244089a82bf4ffa513a5c21eb7414a,0
c140ca0c9862a91ba1955c59449120fd4f821e14,0
a429db625eb300bdbac5b0babbb5c2b718603ba6,0
74f3e26e78dcfe737c0a834a1ecb7c5503c8bf7e,0
a71a79e54cfc7ad6beb0f107c54aebbb52c473b3,0
7b547fb4e4c9cefb89f052d9cc4a5cdc349c47d0,0
e5e54fa003d0ee45384a6191b7f9cdf5bab6debb,0
9c966b496ec339972818b1d265964fa3927e5793,0
16a826adc69484e8610d35bd0295f0328c349501,0
fc0bb1464c91e2a0092e775bcfaf3b80049fa2fc,0
6004b71142a8cfd59c613477c3dfb1c94fadeec4,0
c48d9741f5d8cc259695dff897f1c56b98e2d723,0
5fce2eb84e6da7db9be5a9f64c6cc726d8fc2e8f,0
3f6d449f511cd665f1dde56b68b7844528ae9f6a,0
76668705396365c71722c39d45a3b263713f108f,0
8f2a6ea09eeb6d6f0d87e038ef12c85ee16393bf,0
c5bad8406b3013eca4f0779a875e4264dc5916e3,0
9a306b2b7abe3bd38595fa0d9fc3a5e9e35a70d4,0
7d12dfb329c5a85f60846cc276efa133518df46e,0
4949adec480ddccdee4f7d09231e85e84fec00a1,0
aa4eef85cfd88e55677df238b44c6cc463d0af91,0
d0f012d73699b99fdb8e6addaa793a9519b6a5b3,0
faa1a1eea544dbdf5c2fa88c622e6e3eedd09837,0
cb3cbd356feb56c002a8f7fa173a4e0b3cb9f919,0
c79e29f8941afc2f224dc33c9e0e7d7b307b889e,0
29c94abc083e7de44c1fdb83679ed32181d9884e,0
b1b409ae4096664a33787bf52be32d9d2eb0cb31,0
75c6b5877735da8558e49aec29a91f8453ff268a,0
e80fa8b4714eab2f0a2446bc7c8b8ef0bc67c047,0
d85460129fe533a28c7860492c9cb02cf00861c7,0
7df7e7ee65d7cb2037663a34d6b5e5438b643838,0
84b7eb01fc2848a75ad5358377af83833b4a1577,0
59f464d533e39a7a93dcf4a6b18b73e46f40b884,0
96438a1f56341e3bbcf30b83c666a7fb56f854d4,0
cbc44a30453a1e06cb51b61bb0cf23b158a5c015,0
7659889a06742f79f6e9f631f7d596fc21be319a,0
4c2224dd1b750efc8e890d7f6e4c8a237d570309,0
40fc3496bd9829a03f726fdbf88a3a2dd5ba8363,0
c9513cf2cabacadd029592462c49ef9a27dad46b,0
2078f5c4c9b03ddf635831244f8fc04f65a249f5,0
6a65b76f2ab90cad2c297ff0d9f747ebb982e515,0
26e41e01993211c6c121099c37416dad20b25e3d,0
bb6d9b6384140265090e56c803de6439f5278c32,0
ba729fc832230acc21a3c6b520793943cefbcd86,0
5fbd1bd9090bef99344bc927c34b92fae714457a,0
3ac237e0e22c180b8d42871da4b0cad5221a5409,0
c47bc871475c5344d00d708923e9c3633215d13d,0
5edb8f2361b64f130a5582138ccb6816f226f6ce,0
e298d0bd81d118f8d46c495e5cd4b3f014b22151,0
a8f5dbac2718728d346a2326c879eb62cf667e96,0
4b41f2e26f4eb3284abf6e536c41c8ee85f993b9,0
40e1f5de330a8552ddc715d3a86f7f6c204ae2c5,0
c3f5f3204bcc8d62a56ff214e904876b7e7a206f,0
3760ad083803b7eb57589c204a30471f68a45859,0
0e6f9c4f79530de407ad331bf0bc7d17fff66b1b,0
d3f8fdf1265c3a1bf5e91c2b4aeaa351586b60ce,0
68fdc0dd671c26ca1314858063c3e8e9c4c2a1e4,0
6f2c93ceeecc48f4eca2c52345a7bf33329211c1,0
d7e927deffc5c687c1fb8c7f10bed571a91e420f,0
a6d37ef550f3a570911a61858a5141207001bbb1,0
1f2e015e0e86edae31cc00ca40fea4b763451e01,0
ecea1a981c3ca1a2f730ef0f2166c1ebb7083c3e,0
0312aedebb64d5423841f8e7c5edb5375666633f,0
4fc2ab4d1474b77b63b646631b38893fbb4ff411,0
c52fec6932b9f595e0a5ad22c18f561c228291a4,0
66ddbc0c770c60be4bf5a532684e2f547b04793c,0
63905f61648aa97c106ae0a65944450ebcdc17d9,0
f62bfa0755ad6433bd3eaadd69b4f50c77e0a121,0
8ed7b18dc9141b49b31ae71a00d82ba8bd6ba41a,0
f04b12b9cef909b079984fa4ab51c2ff8bb323f8,0
7182f72061822cefade0a2169bc54ca51a1427e5,0
c9dfff1c08f6fbe63c1795172f9221678eb89398,0
2aded9825f5019933a9b37bf6280d00b8a2b730a,0
9f67b81dab0502b9fde981cbeac9ae3bbcd2039d,0
e3a4d6c031c579c0c70015f6834827c77470f170,0
f075fef26ff705faded8ce206810a5f88a5c6a37,0
1d0454374334df15103ea0ed76f09c3ed52c4b5c,0
c8774fa74adbbbcd4e5f915ab6bc3aa10d877419,0
cae7d5f6133e4cc19d2fbc71233c5eac5efeaa38,0
347f44a03eb2c2837b544513516b0f3ac96e569c,0
9ca1652a68dd6e80a1588e40abd4d70335f28529,0
ce8aa7af31ccc8d8cd3f44b391a568d18e4db5c5,0
a539c23e664d7543f282da52c9bd10e5e73807dc,0
3201bdff383367d4a9def647c90330bd6147cb59,0
912ab7154d5280a2632f375b5efd97e1b70149a4,0
29f958d055e79e7b94379238f7da54c7a539f981,0
6dc61ad800695b6d2f682d6914b376a2d08c60e3,0
563bf489649ab3ab2a1b374a9b4530afc8faf038,0
78211641f145d1f38c5819d051c70747c2867e8c,0
ebca9c9ee89c5654f2e748ef12e755abdc286d34,0
4cff6633e9301647c8815119f99da8932502dc88,0
c1181d9e2f8408de7fabeed4b76a8faf9dc41fa3,0
984be03374825ebcc350f7616beadc1a4426887b,0
629a83c6c477cdddc58f395786d607ec46fe1d31,0
dc83c2820b96095f63d233475037ca7a9da2839f,0
972b3f218eb8edcb31580a3e68ddcd0e0bcc3f18,0
0838225321ed5c939e20416e4f8357f73ea9b097,0
60cc3391c03a482d55a74d90daec0f7c8beb53af,0
5b5656a8b403fd91284b0d2acc893dac7ebd5c29,0
5ded55fa1c239b9e811f5019ef9c75f43409611b,0
c3429b5d0c0d34b6beaf65b93e61a92cd5efd675,0
db91eb66292b31aedc60d7d3c01d25fab0a980ff,0
d3272fa465bd53c3f31db71eab149545bf1cd93a,0
aa405f9877098cb483dd99a557a56c6330920087,0
8c696abe85429fe72181ab5151a889b46bd8afb3,0
efd3d613e20af670c9e83c4d7d89bbc23f07bb7b,0
201f0946c0ea5caabc89782072afe6aa3fca41ee,0
9a778293c3559db95dd04d3c3062cdda46ed50aa,0
f79325551a133fff8434f40efd714c533c95c984,0
d18dd5904bb798cebb2945e20969bb1b943610a6,0
92a51953ece444dc33234ca82e09e576f820b0f9,0
be417ff07faa7af7b0be4d4d806ebf1288f069a8,0
721bb4f78a8ecd2c8be7ce353ed6a1f4c1a15530,0
9a984751310f7184f9eccd9b1474e1b53f76abde,0
2e876a87578b0ff0d88750db8c4cc1c0da09134c,0
c1fe726872cdfdfd4b5b573ad67b3173db789ff9,0
d82d46517026c38ed892f542c02307f10f59bace,0
29f3678bdec315b7ebcf37e9230ed5e83d74453c,0
181ba18528dad981e98f30860ef65e1c66f6eb51,0
9840b9df5795a9d253611ac7cd451163470b2443,0
fc7320f9812d5140b7efd982e06ec60a97959cd5,0
30af12480090cfde0a0eafc6ac08c5380890b4b7,0
902b1ce39d140e2ba07deaa7e5326d96b25f5d99,0
426ebb13ee04af4f7d7efcb6338e86b3a4ccca98,0
9a3809f5dca9d6c40c22ff398e0d72e8fc13a363,0
5d146cd06965432812c11ea8a6b458b3d2f56f65,0
038e016d2a8844bf47082d5e279dfd609614be6a,0
5019cdbdb800eeef2b9fa35e38d968010767b2f5,0
c5d8c4f19ac4fedb5501a203ab019e065ad9ad4e,0
5016994f4a92a239e2e80948e10e835c8720bfe7,0
98b119bf799ff57925189a62c5917503fc4649d0,0
582717de056e773562f01b73fc56058a8ad92eda,0
3935fa2f193a0cc652300677beeb61b535eedf4c,0
ce5522f60dc87fb1b1ee115427519ebe1d33760f,0
1abc85cb2db060b48c54537089b0a1e48524b5ad,0
1a45003b8b79886750f7460f984ffd3dab4a24c0,0
f9e851690c982f17c67adf0aa1d4bd4807fba6a2,0
88879df3a9ba47d597f2620c1a72befcb5c69711,0
6f799a1aeb2dce54037d57b955dd69d04cc132f9,0
6c61b0916ef77600d09c3e299498ce60058035a0,0
13839dae6ef46f46023b3c489830fc25c0075aaf,0
9aad0f421fda08da8cd9416a9532434d94785b9a,0
4d63091bdc21465423ef006c3b1aac552ebca902,0
3ed3ec85a36922fc2fe5fce6864354f33706d6ef,0
712a0a8f7f7b55a1efb1d5981ec7b47cda7d6aba,0
186478cde728e583c57d4ed33fa1da5db92cfb51,0
653f3893223873138a8f38fc99793bf05acec808,0
3ed3e993edcdc3a24f9294812bce82f6d058d410,0
fa6b940655b06d3686f02146d68d90e90cf4ee47,0
8b6ccb86323c365f34b4dbd4ed5342073f6782ee,0
02132ee97bf0d57c85aa45bb64d6eb8dfbe0cf5e,0
77973e55a1a96b55530eaf09b3a49f5cf26d3dd1,0
002e14b855316c6e9afd26fd3a4b1a84e8256415,0
4afdad4f1a1909bddffa8b776f8c5e12b20445b5,0
11d2deca1f53f43a1b0806dfbe6fdadbe96f275d,0
c1bd1e50a95218c48328e91d936c2e13e0a6abd7,0
8b34dab449dbe5eb99475262adea3de28b8c8d1e,0
bc4eeca21b2f917a623da5fe5283dfc852b6e818,0
152c7204a0a9f88db0255815a7d3e300604abf74,0
26becc120cfaa3d2ef1f6df2a74b4e2007d360b2,0
bc8a81eab022b4cfc363ee40bf1b306cc56c7ae3,0
a4fc02f69df6f28f6a52b41d601e3df64fda891c,0
74789683ee2823b42831ecf4b5d06b2ddac0f287,0
c4d5e6f2c36e294a9823fe3c97013a04aebee0c2,0
30dc88fd7725531049a9d8498c16492bcff40349,0
e0eb99198c03d534fca3d5258b87de63a3483239,0
d4ebf9abcccdb0347a94172e1da97aa692e20336,0
8b5ce4070f285322e31d4f211497255f31f023f6,0
7be4557a8ee61b19547d4a9a807bd61b4ae4f3d6,0
b55d278cce19df99fd50f2ae800c5de2fc0991f7,0
e53d4c52d3717aa70e1c6216a59a1f6c767ec72b,0
a9b25d0ba909f09974a6fb1fe127fdc0e895694e,0
db23b5fc90528b7e6c8565c619510532a2d18862,0
1bd04d5bd47f6121257784bed77e330d6ccd89ce,0
88779f23cfba3c5c2ed55f00d6184ef722684c4c,0
ede98ffdb928586528a8b2876b049cb8bf362926,0
8d116286d9644c2c56558e6500ac24d01e6267f0,0
e2426182c81d371e3c1ea3410156528e7c7944b3,0
0cb4e4cc9773c53afda98e5bd558c7c0cd06d2f1,0
422948794ecefc44b72a3195df6d1c8e2ba0bc66,0
24744a40b2c094945e542b71cc1fbf59caa0d70b,0
58f4bc15cdfbd40779c44b1c3dbe541d694e4539,0
3d7e9d964d26053b94370e95afc8453923e3c672,0
e0d4593decc8eb21e15a3f2e489d6021d7638901,0
25557a8a5e9d103b2c2146b6ffcf582c45ac6c36,0
d45175d76628280041b4ae95b99f6a1968d97aa0,0
9b7cd147d28f92ce0445665a7f0b030a0e96a337,0
fd6fbe280d90338f640c5acc92bec12e36f6d6c3,0
4ab7add381194bb2707b64c515e47d8fc3c625b0,0
5571b9b464528dcd60819cc48c93bb2f8015b3cb,0
d0f65ab0a42e9dd4f279cd8b306c9edfe963606d,0
3c92ada9999103a0edc6c01caebb2e9fffb854fa,0
14be5e577767aa959510f7ebda8dc9647568a789,0
8dc9a0913f689d9c94900111fe81646b3f4a64b0,0
dfe02be073eca9f74a4e6b4f1b5e39a92346b9fc,0
8c6d874637b2e3342cbc1770c9a61ff184e483b0,0
c446b6839cb66a4487ec99f1d99475819362124b,0
d8f0eae18f7ad22a76f689b1becde7b543ac9d99,0
3eed3b24c5640321e9f57767bb250d754f60af19,0
5878fc249a278e65ae12ab2700e9aadebe9017c7,0
5136dd38e47d8073019b96908753c02abd6173ff,0
95ca8916017c7837982cd4e4fafcc9bc7da20d9e,0
dc54bca90b6b3150fcd680936494a0507d4845a3,0
acfad1e24a40306cfd1a79e6bc6b4421e49e4315,0
d43a20f352a867dc68b8b976fe3f9d6696889592,0
5f8a42d510a05599859d5b036eedace8af98e961,0
9c09fdf291c809cfc78a51a31f9c911455c69628,0
69c70bc273ee7cd70fe312b3ce26a265c98d073d,0
6df07488496641d315bd4ce61b2de6d8ea1fd206,0
0399d60389cdfe9808804e9eccc2e705271f8856,0
57c822dd25c99c984a50e80a7d543d655430bc43,0
e608a81866537de02ab544268bd0c16e2fd7c0e2,0
15ff8f999780b566d21b53550a6c3e0c5cbe8994,0
5629f4c5351da7b972b322924a240984033bf65c,0
5e869d20e5b73aec55a262799efbaa5239d4d249,0
7e52561e13b278a8c222989b06cedf8179634d50,0
25386d712238555221289d52b90f45936d6c243c,0
2fb38b1bb76a0a33d72864c8e39b536bce6b39e7,0
ee2c9cf804364844ff8c064bd133630aef5b3b3a,0
e6796a0ec6105f8c87e5330b51c8c9ee75df353f,0
c94c3a0be59d9c4aacdb56237f4211b7e03aa1a5,0
19fa964de7c43e5e440f293d7341e0c4be681b4a,0
78dedbd2f5973be84362b7babb019147183be84f,0
0701011fe90c36ba3b98da8a23059115b5051702,0
842f71dcc516720c6298946b601c97fd1453aef5,0
09bc83b55f0f64c5de3a21088db0fff9669250f6,0
188e441a237001292b248e677f4df71ebca43664,0
9053ee074cac6fe0f8a705e38fc53b89bbed5546,0
d09f802f9810f63daffe9a75fc9ef297c14cabff,0
f017b4260ccf5b690de76da252e9fe1e85ab7d83,0
787dab65fe2955e46d1497647fe5cd9a19ed4c11,0
c63ca2ce5473496e8c2deb33585f7c49e946bf6c,0
35e3828ad4b745cafa43ab8c62ad8ba6d66a7966,0
c0a659c9a094548328ea51026baf918e46c52d2f,0
23f363b329e9d07a1d9989b255bbb105f17a61d8,0
a7158bdf602b6808dfa67795b12e95f747978432,0
1a4414ab3cd421d2cb4dbee6234e7597ef1ecf52,0
255db44501865a41f9f4082e73ac085ab99eb4b5,0
cff5ccf8b0b19da504ccd5fff017f5b543051fd2,0
0d4909fd86a7336f52db096286c849c0ab7fc40e,0
2f670821ab7c64a90c31a102a471f6579f666e71,0
fa6eac6cf685aa57d742cbdd3da587b7537ebb15,0
bba01b04be6811a14eaa9128b4f05dbd4fe352c8,0
5bad7ea2fc3b86453f24240242e33ab88141f09f,0
bd5d71539661ba6c151415ef7e5d1feb1008c201,0
834458af5bd8bece1d98e49a5c586d72ccc90e39,0
f5726168347c826891a4946b546231e58a1f2361,0
58c19375efe935a24ecc7ea6bdc9eca402e85722,0
880b85da4a13cbf4cd74febea270f710419e75e5,0
56e66879a83e7f9607edb44a4df7998afdb51579,0
9f4a554f9a2722c466568e7701fd6420a4bfcd17,0
565fc7601a647a91745321737697630cea6fefe1,0
971efec0e17c7238ff397a7b149ac316ca156b76,0
0df58255f14a267942faaa71c74624f93e04ebce,0
768cb5abf762f7a22664c40751bc87e13b10d2f2,0
da7d218b0078d9809058d02b7e8eb37015a833ac,0
28cc1074b4255c4fa777bc17c2ee1a7e8cd26214,0
5f9df8353028859437a02e7b367e85579378ef19,0
16ead9d26473ddc0558503c4a7b145836eefab27,0
e624844f9c9816b110057c8c280c31a96edf2d13,0
8c92ba822e383c1f0e2bfa4a137e9026ef85db32,0
bd13a724282123049134deff5c8cd3783bcb8fe2,0
f4ad38820165172a84a1780762b904b54bf2cf9b,0
b2db782391509790474dea27e12c62e5feaba417,0
20db14299a82b2f11f4aa32e218858086de68217,0
a1e94d167b57a18b469084787bb1ec6edee86296,0
556e02535c820a68a1a6c424e8196c45d2ac499a,0
06607c60dcd9aed4a3942103ddc080dd3d6b428e,0
8c942d2a67bb646af5469fd31d3110e95405b2d5,0
7ca0ca2c55b4208bd23ccffb2c1abb127dc9ad6e,0
b3eebfae445467d2a989bfd2140aabce64cadd19,0
075b3e1a409f685ce412dbea2458990f2dbc699e,0
861d191505180f1c7b9b7f1239b08cf06a251909,0
afb8f7e9bbf822a993fb8a8012b591e7abb21db5,0
c6ac3119bb99e376a6ddbd7f8e83e1dedbab32a5,0
5440b186d45396e766ba27d41330fe9262c1c85a,0
8a1853472cbefd8b3a1751f5ee55a33891687ea0,0
d26170a97698da141d616942f2673874e043a13c,0
43d375178761672b62971309af25b72e980aec50,0
c148932c6b951f26296d84e1675a4b5f3dddddfc,0
61ed7801188bb19acf5d755eb2e4b74fd9a0b1b0,0
7733c39e6bbacaafea0b3019d65a7c0c67007e93,0
511031644d28dd68c974dd73df7dab8b0dae86a0,0
3a96eba3afede69470c6e38503410e6f88007a9f,0
a459ffd169602d56c797a1519574dc10fdd6b3dc,0
f28a603045428ede78d4fc8a5c74eb9790250570,0
2e9b000e6c965eaa09ee3189adca41fcf908c621,0
1a1bc77c2a2c6e62a792bfce60e28432e66a72f9,0
2d7592528093ae1b06d2b2afe931381713286299,0
216c9468a839ede5e34c490ad3e5c15fcee07c26,0
7181b8587b379afb8390eb3fd6257546efe1c9d6,0
5f99661073a861e17a587bde03f15fcef3c0ebec,0
c2f3424cd061b1e0a23748a202f2ae5f8c13ae9d,0
85959a457076b740380c4d6f3d83098edd17a9e7,0
bf5865ae915ececcdbfa7a473b0d708e3e235bcf,0
22dc786f2ea789fc084672ff10da6a2069f4347e,0
054c234a936560a18ff035e2d7f82540cff1947b,0
6e3e6e2467ecad07099c2908df543f191a6007e1,0
864673103723d0783fe7f2efb84c0af62e0f62fd,0
0ede42bbdcf93560679a43ad1ac694fc6c05be59,0
0995b83bed507eb15cc215c92ce0cf02d9b76edb,0
9d85b0a11e5dbadd5da20865c3dd3f8ef4668c7d,0
d6b49fda4a04cbc8be2be7355e8d4da91818c77d,0
89dd8ea75241a004e01a77112f3fd1ef56443ed4,0
890af3816d22016bdd7dc2174821b517bfbc5b95,0
90b327a96cc31a156e86e8eb7e98f84cb2d822bb,0
aa74b736dec153d5d460ee1d559054f085b2e1a4,0
81a7e41172ae0921c2f0de6147533bae4846d1b1,0
2d686609c102014166c659f63fbf5211f02308c5,0
e2087446516e903150df2c45eec2231dacd9f0c2,0
9b8c8af57035327c360294e97ea7bd744a26f687,0
52edb4a5ac63f17cd93fb5e8b6180b39002501a2,0
1ca4492bee7f66b0824b7c43f2d4d4d863e4abe7,0
5def5759df2c2e0828b0330e36b0eee5cb42e58f,0
16c9c0df22b79ad011d5f200258a10b22eaa40db,0
bcc10b359318397a4d12dbaef22b101725bc6323,0
4756eb0e0541ab13a073704802ad118f3d49a871,0
fe311b2814ce7b5250b2597d5f37097cccac97d0,0
112740b21851ecbe1226f80d91fef097acb71eb9,0
30bdb1964a08cb59470a1eb989d637c6956f9837,0
9c73c833d53d23fffb116049904d4b07998f53b1,0
659192f1b538cc205b0796ea56d7573b03e0da88,0
72dd504e6f9d22574652baf31075d369692a085a,0
2c7dbba0f2f2be7f8b0a0137c8a19b6cc3c13f76,0
4a233e989cd260ced834e726fa17e08c4503d79b,0
0b80d13297a419c5fbe7d96a8f655d428f12c6bf,0
2d0379de9b2c63b53d6c55c240ff5bede8beaec8,0
9b3107fd762e3c0cc3a82f46d75ca8c93b73bfe5,0
6782d1daf8962f14bce85b777a4c2497f17e4e14,0
c455ea283271f3e81404e024b42ced5adb10f224,0
e570d3df471154872bc23a7111836566f0487170,0
b4e34819ff1a25179ec4be5485c911eb6c58dcfc,0
eccbf9860310bec121cf4b9f43cd0d24919d5ab5,0
fbfcda9b62654e5f03b404ba9b525f22a458e417,0
c0a506c80077c9b1e6fc9e32ad36c73a47558d1d,0
60b55f21b4b5e9fb5a655c588f2a212a88ca9483,0
a61aa64d53baabe2bab0a5921b3977d903d9be03,0
85212f1738e98bd90767b0c8106fb76b38151591,0
514f6751ab29dbdc6b44995555474fbec88dcd97,0
53bb929c8f840a279f16cace5ce9567bb02a87aa,0
308896c6511909cc46aede81c75202c3f119243e,0
bb8b77b233c47af2ba66a0aec1d8ecc9cad32376,0
2e3feda04337baa483bc26b66f238161dc6c97ac,0
adffa86469bcae3a21fe36a09ee4163a92661b89,0
49e084aa33db15e98498a092690a77017ebaf898,0
90666da627776724d89dc8c507179abb24de494c,0
9e3964109987e5fddf95f5dec0325f686cd65a03,0
69c4dddbdecc3bf0bfb565e60d6a9a0f7f0eaea0,0
844ac9001b6c2a1f3f791a4d36b9d75ceeef9d7a,0
e589e2ba62eb0aa69bf01bcef76a10525114e998,0
61edac32f0a558adc4f25fbc6cfb98f9171343f8,0
31d0cbbe3c5cd598e77c0f9912eba4a51e205f42,0
120d3489aad924e310a8071a66139947ace7a685,0
accde3be2368c64c2d3cb3c22e78a2b81c6423c9,0
4e2782dde5b1f6fcd370111eb00eb9e867ce2b8f,0
2275cca426e0ff13c40278ae428368615943ee2e,0
f2f19ab4fd16d63836e954b175016aa47d276679,0
451f0bca8b210d3f643680a0c6773ac33f5d31e2,0
a3d07e29620d7fe5828da6cb8e7644a2be3ddd6a,0
38f55010fbacdf666da84b1f3c995f4943c10ba7,0
5478116bc1eda71e7c62faabe64bb401fd8d295d,0
f0e18ed00495091bb20220f2f3d715574c97a05a,0
28e54a3536a0934925e51c52a2c30ddf599471e6,0
1e523283ce8c9e5027bdc84325af4ae980e493bf,0
471e8da5979aa853216eef8d8e1860b3e81852b3,0
71340db86f0984c415c78c5641d92e287b29d72b,0
f68a643ef99189d10a6753167367dcc8f943d634,0
6ea4e39087cca04ecb57385acd6c8d8f699186b9,0
bbf5714b5ab475a1b7b939ee6e4a9ccd6202308b,0
6000dd8a3c4ca3f156d5de2ebf67ab5185850627,0
8168aa2bc170200f5bef5604b7ee7f4dd4214d61,0
cc8a4b16d386d3afe3c7fecede9e1b52ab65a96f,0
98ef0a4138ac032923c4fb12a97b388bde354668,0
5b6030595205f5f843549f1f12a0e1037bf4a50f,0
3a0d3b93a81fd8c795be4da3bc34f693f7ee9ed3,0
f909f466e3d0bdaf8789ed1ae3ebcbbef0966665,0
b7738998544b6ccdc349e5c4eafca5953ab70cf6,0
3c02dfc467dfbfd5f1a40ad15b55df04e9441895,0
3e5edfdf02231b1c7f2b88ac5e9d3c88f8b695c7,0
6f0043e21ada2cf624d59e702b58c0516c7e6b3e,0
39fdca2da56fc3d5a53c70cf73dbcf9303e14788,0
353e9fdbd4a758686a3b1e9695729f3a292353fc,0
f4665d0bc604ed9bb1aae3c93e99d4eee5027c1a,0
e04a53dda38cb207e5bf29353e5dee126485c875,0
68f58dc1ca6811db43368dd2f1b9156a198742df,0
def9f76bca6395e5e026b27b1ad645fd2b92fc86,0
c646f494bb9d91f581f30fbc12bfb045bf198291,0
2b42b185f0d95592f9f314e7868189d323e170e1,0
f51299ced4fd40b44a3f6eca9ae528e818558205,0
119623760e52ef14cbbf16f57d3ffddc14e4a700,0
ebcb39a62fc1e47251eceaf63a4b3d731c5227a0,0
8f08dedc11d5c035ef545b2952eccebbd955c075,0
ad710950a285ab2f72108fe98be63a7325ae42ce,0
9e404e5eb864f0396cb3360ea6656addfb544dd2,0
8eef2fc92229e47889e66774edd3df0a9f6d6281,0
02e55fc072d1793bd66eebac9fe3f3872bd99699,0
0755a190a5f81f43d8ab36df689610e6cea8dedb,0
5a825de27d25589a04a6c36f7524580ce7d5d3ae,0
283d37ea683645b8a6a5ec368b0b917fd12e7170,0
f6e237d4eebe8bbd7dc33234127224d077187f9b,0
67c6450b6179e027ff253cec31b6ebec882acfba,0
7d7e8af45032f1f3a29a18888cd3b0ca6085a156,0
6cca6ff4a540b1811bec01934f9452761f7ef489,0
16c34b222d6a16849798e3345174ca9f0ebc430d,0
cdcd915d02b089a62f607670e46b05b475da0050,0
df64310a696fc15f848a303eb866ca0a1c4eba02,0
5a18bf28ac1dd2efc6719da19c8183336c9acca7,0
f0e5dcffe25e1e922558b73595390702925b9e3e,0
65ac1e9f8852207382e5106117c0b7501b7a1468,0
ee7afc5c2dbad6211a5efd549aa90119fa0bb12a,0
5a0eed4f380a9ae1723754470b4beccbbc7472fa,0
f19416ae375e46c4e8220141f55f8d3a334f4104,0
860a343217cc2c13755998cc2debe9500c990a80,0
c6b68f43d58f1712d254ea2639a3fe3203c5365b,0
f05428404824b92b1b098119a6f122f16f2d0d3c,0
f59fa5c36df23cc8da2c8708ddb60cd6203da354,0
4623bf18270c9e5e9e8996070a4cc54d81e07d9d,0
2d82a504ab12f3bd5041351261336257b73e2a5d,0
dd49aa9d1f2cb8dca8f5bb19375f645e9ae04a3c,0
ac17f1ed7e4489c03814dfeec78bd7c60caebfc1,0
c7d7a207671d407f18e55bfcefb448cda0240fcd,0
2694f28774c263ee964dc21c7e9eb6c93957302a,0
e2b2d90b60b93bd4c4a1e3bcda6557f1d8917c0f,0
7b15f3e61defc5264d77f43c1c7db51c7e6cdfdf,0
fee35ddc141a65a4956290864598e825214c4cff,0
18e772ca54dda9eee10b15b235b5b4710d232777,0
944d6e10a47d1f662b7bda5fd712dfb5440a36cf,0
6434086689a4479d76bf42e857d6ed4ad78eb25c,0
3197d4f967e1345f59fd20336b2ad731739dd08f,0
ccb4ad2234dbc56a6396e4b1d54a1675b5446c5b,0
079db15da8d3ff3de98fbc542b48a8f8b97a54b8,0
7201f954ce4a18cd1d7491e2400d24679e7d540a,0
a7d535cfdb4cdeeccc299ae7e3d3a29cb8689f30,0
5317ec65dbca41e49018468aa3d625aee78bfdf2,0
4ebef61c03ed1beb6747158170618296dec88a0e,0
4e8d9d39f16cfe1d782fe6e0258f57050bb5b522,0
4d7e6ffac8f34ea6554078054c866ea76502f8ed,0
bb1311dc0d47766756071b6c52d955bca4c2cd70,0
2cf6486197b268bac818d05e38173ab57ce16315,0
e9f3ece022854a7c415b6ce8435ca803dc8aee8b,0
2986222b8c3ce04ffe7380cde78b40c91a2df3d1,0
8ba794181daee4a827184771300bb172b5de8e42,0
d47dc7af76471c3d0bc600361a62c65e0cb865b9,0
be210cfa283b9f5597604009815aca16e9bbc291,0
588a20b27f9d7045975864f33599312eca28bc20,0
469013a4f5a5cb666b35d72122690bb7f355c0b5,0
eaff7e0a693455081932b53688029f0700447305,0
680f9d5492e2c9c27e5c1178744a9edf36a0272b,0
3da149382fcc8c8880cc96aba2c93cc575cc4970,0
47a92f98791e61f895c759f7e4800e16f956f766,0
95a0e2b09bc4a3a363e5ab1c853d002fb74ad7af,0
91ccf53c7d358f8cdc906a023e306d675e3c30d8,0
b5b9079996661461a5369a8deec1297e7af29a2d,0
a824636506707706b888d2784e47b57f788bb47e,0
c7903f31050be5e789cf426aaa221072b6f21b31,0
ed72275376727cc00f0a3173d2e70cff6579b1b0,0
89bc92278a4a443a014aa0c4ecb3bc11aa6432a4,0
5971023a9a9e4b771a405f09d1462205388e70e2,0
a489621d0063cea4a98558245492dbe1c023e23a,0
88ee8192dc7365b10ce9a151aaf2511081c82f6f,0
e3a14c74d42fcbd40c799e917d766ffed1d16e26,0
8cc4505dd0431eb40a16aacf932982dd33ccafbc,0
fe42d6b087f596717b7e7c9b1f17055b73c3b73a,0
98fafb38d14782486653fc33a50aeb0d6881c720,0
b7d4b9075832f94540acdfab6d5827fe4273b04b,0
0cfedf63f7051703248f76faf359167a2a8205d6,0
94cea56cb8363716f9893f80ee6367bf644d6cb8,0
924ebfb66c61795dd4ddb188d049f3486fb91d49,0
c183da45c7e7648991efa764bd83048d36ca43e8,0
84864d21992256dac15a059eaa5cee5a0607d584,0
5a3904c8678574a4ddb8502ebbc606be1091fb3f,0
73a99e2beabdb087bd60262a20e0315f5ff02046,0
af27d810d3c045c0bfe901680d03bdde5f99251d,0
7e7954bbea4a7eeec9631d6c6e06ddde00ad749e,0
6d38ed92903b76f83a8f8d205196b01bb53c55ea,0
d42b1b763d0738effa7ac4ce40631bd6d1b4b055,0
42fa8fbdae223cf60ed42145d2efff3db34ee86e,0
3681f8810172b7bc399320da3ef88b42374ac110,0
097c177a6bf2543a7ad5d91bb90fa2acef574129,0
8b9bafe033da4740f95fbf214f43d15a86c5b2aa,0
302d697f9b8eff0cd453626dd57b467ed9650061,0
fa383f5c5760a6e73ed04f98249c32fdff296ebf,0
a124fcb320518fb351b970d0d51cd8212b8d8c2d,0
ac2062d939db4472a987cc4e7b38c78bd4b5f010,0
123e92331083e33f9a2bdea396cdec3da8d875e4,0
ba6a66bc04caba01179b94c2014fbf8fa3240c8e,0
5eafef8567497b0ff0210d3acecc9a2442942071,0
804dc1b7be28e9dc06f36641e48ec97a583403d5,0
df91deb704bd6d05b9cffb16a725c6220f589c08,0
c507442ebba64538ec517a0785b13eb5ed76c9d9,0
44dfe9059771bcf338e9ba90d69f102842243ef5,0
78b4f09d0b7e2b209badcc05fdeb1844a469ea68,0
a657173683edaa6fd28370879c2d4a30e88bb38a,0
a2837a972c30872076e1c0c31c44bd211e7ef966,0
c9360b3db851fb03f82b875d109458ed8186b4d9,0
e3b4fc79dfcae9c20d913472da1ce51160a38af8,0
5a5f4f1c868ee04432cc7b2741d2fca1981715c2,0
a452caabfc7322b7c0185bb83b7a524b64c07317,0
dc8019912b5d4a5a0767a7b7f483a2ffa6342278,0
5e92add2fc3d58112414c52a0f793891cdd9e2ee,0
0303bd62f910265fabb56ef3c395389b2181b0d9,0
9a766623ae32f11df348b6d4e911cb533f6071b3,0
57c86449b2369758935151174f403a1b261b7b93,0
3f920e7a753dffd33f33393d8306bf571d5c979f,0
ebc8d186c1fc8cdd92a34109a7e6f47bcc6ef958,0
ba07b630b230d14aa76ad65e979e4b326d00ab32,0
7b732b7a26a14a0a5f1c23f27f27014436e0226e,0
f55164f28e1a720d2ec7e27a6ebfe7e501710dd6,0
c92aa75f35a93b6dd068b48d4287e645dc8c0f25,0
898c28e70d5939658f026bf1fe97e700cedb53e7,0
eb4d185c675e12bd72b4e40250883274b18104d1,0
03655285c5dcbbb8e12dfc05794a41072cabff27,0
22c3574a0597fc444fc6fcbbd72834a95100cbc4,0
74ce18e283b7fcc05192aa7dc07f4c65741ad7d7,0
770e72d2f78361b14f3fe27caea41e5977d3c638,0
e4647d994aac28a823ca0b4614e8dd684546ae43,0
32b4f30733520ceec5db90b9302af916fe832d98,0
44a7302a9dc75c526b0805d460fb3ed402ffef4f,0
7149a46e9290d62bd7fdf2ed650e0d99b2649e35,0
aebebf784bdc210073feabdd73a9730edcde20d7,0
97683f48946b6946a921d40bc67cee4685af9391,0
351fb75f495c4b9e683486ff11517855315729f9,0
731a679406eecb0474f43fb2d041f5ba99e80645,0
8d6e7437480692d62e7b6402fc1a1ccc8ab032aa,0
b01d56ddea7e54d19b615ee689f13e3f83b3bcd7,0
54e26e04fa71cc983c252f15eb2baf0adaaf4d65,0
bea5bd3c0a443d64899fb9e4898697da47caad4f,0
d839a82521d17e2f4c81764cf6f508130c1ba0c6,0
ecd23d5e207cd409d077347d2797b47bf9f75af2,0
3c38140a2f8e6c3d388bb59ba99cec60d42489c1,0
9084920d341ddaf5a96ab3021b096d55c5cd6f08,0
cf9795357013121b328a8f500418605b1974160f,0
0a7a712368f666c40d2b50d46294906ce9386699,0
70a0de74d3c9a9587c0a2b6377ac237a1d11dd75,0
81b1b80c8c2dfe2f7432b56dad61f06e6d9ad636,0
fb90d0bd85bf500611e904da67531ee360249049,0
0659831ad49a41244337eb9c60e6b6fe921756c2,0
b4ef49575135b6d87b0249fcdd23ab0d0404dbe0,0
8bdbf102fd8e7e1336ca278f24cd536616ed42a0,0
a1e911a935aaf510c0faf4b3db28884eaef2eb5c,0
1c1e482e5ac55110229693d9624932b63b26377c,0
28fd691ebcf575b06344d17c9d17c0811865f3fd,0
690d4974fa37d9b626c631e1bd7306c6edeb6c42,0
bbd2521c04c0fc0c3e6765fd86714d4e72bf992d,0
6d704df054db461ee35e0424aff870354fe0d2ac,0
57ddce119516f451168f4489f55f399fd9309b53,0
6c3ffa44ffa31c256bbc73dd28d858c309fffda5,0
a21fd72f85aa17524e5d130653b65d3e8ae9cdd1,0
c0f527e50990258d8f51c097346ae347779180b7,0
5f1d7055ec165f1e398a6d863da773f903a8531e,0
273a6bd20e2daddd0772a2961c86f56838b6a01a,0
9aba7b45832d73271edf00a5f2a97a78476e3a7d,0
0f7db25d6043de5b67731c9b9aaf0bf022a10dae,0
d16a1b49c240f1b4441b4e0a0171ac17de8b3ca5,0
08b89adf280cb0d9c3c3fd16654fa85339aa48f5,0
12e8a4550b8943276b04971cab3f17ed913ebf1d,0
48d9b3b3ee00c66d907d33f72615b0980727b7c9,0
c5917dc0300e175ed3bec5f797d778a0d74bbe03,0
211df1033e743043b59366e26421e3219211515e,0
c35c745f92e5778ec09c37b5ae50e500874375a5,0
2ffa1171944fd082bd6a424a9c231743f876d11b,0
10db68e492fdadb69f3c02fbb8f88660e22739ef,0
d4c311d255ad50353dc56fb2cd01ca68e15a3df1,0
2bd8c66a16162c3dfb2b65e261b426eb4efc55c0,0
4a3b2f23bf8b3fb85c4b7e05113131f51b9ba649,0
b6253688d3cd7d4d8c2ba14c2150bc446f0aa6a6,0
59d201f7be16f724e52023330258f44876e545a2,0
ca3574f08bc258f82c5f5d72b580452b53fd2672,0
ff733d9d9bb03ce840200aa213b7bdfc5755777d,0
b6d39a4257c46672e915098a156f63cd0a713a72,0
e588f51b699cd5cf0bf9d67b380fa75c9659f2a7,0
a3a93d53a53c4fc418d50b5fac6dfc08f44b116a,0
912682d0bb972f5dc07fadbbac5518d45706ab32,0
862f537846bdb81e59c8de36d54c7567b15849aa,0
74ff229b56eaa9c021534e94486d3044cb8ef598,0
03f74ba5a127d40eb280b4866fc2c0c338915809,0
32756ef89b0c592d601312ec77846bd6c93e89c8,0
341b578b4fc2a85e107e7b2166cac8447cabbabf,0
5cf676b5b96f03b4ee270e13903f640768d6154e,0
8488f01f8933e21c0c2518c64b60b5bd3afa5648,0
a821a65b4ec807d38ff72e240fcbe0bb0681aa3b,0
e790ca9f7b01f85123acfd2df6cafad1d7618b2e,0
d97e12e9ff02caa14aa7fe361b32f6db90a46782,0
49444165a4138338b867112d140b86cb10a76566,0
63e6596ea00c35e85466ecad75d575bf15b4a12e,0
9a52b9c7cd4bf6599510d259ee62b2effcb30bf2,0
913cc3691210bb35bc4b4579235c1e30e85704ef,0
01c3a06bbf06c4f4cee323efd0911f0e355c629f,0
c2c7862e3b9050c9e6da0b7533071e6840f3bfe4,0
b548be5f6425ccb32122aebd76c0a3cca3986d8a,0
70f5a13a6c4d67a2bee8e0eebdeb6842c0032cf3,0
1da131a33a28a82b78dfb9a87add928764a058e6,0
9e3abd58a4857d860fa32aafef9003ea9a156367,0
756daad879966b8789efb859993a6a2f2720d29a,0
2715224cb0c30125aa79ad4309888bd215929acd,0
7f7d4b881d78dcb8d5a0149965f934df268919d7,0
e81855a208c909f46e1bf346d7982bd77be13476,0
19612d4134c6000644fda0539a47211d577d116f,0
45acc1c97094cd68928f634ce4896e4b05ee92ac,0
0de1d11a9aaef992026c40d09f94e7f4ec7174a7,0
10cd60c87dfba4b7b1674ed60e1cc1a68f6d7143,0
4e5cda0dcf9b93e2ccdc03d772091f8cc1711e42,0
65f5a3c79cad554e62fa9d3eb342cb49c589f2a5,0
a55a922f81f0fa99ad0197db26fb37afca7de662,0
8088b8fd2d2510e29899433ad0d3c4f993be041b,0
39ddd1c6cd6e788a92e1ea5328e9da800c66e3e1,0
8acd2a9a87fe161d3cab560e4b1edeb461327f80,0
a0234a6cad79f87e5732949a7e8a2d19f945da93,0
94659097997d55769293f9bfa211024d383c1162,0
a1b5e4d85f1cc125e4ca4cd60379cf8db44d764a,0
41bb88176c0c33c7db99843ac58adf8a0066fdbc,0
a0dcb012cb64964cf1ac8453b4273a64ff2e9154,0
1c7a8fb2d1a0e4d63f6706c3cbd76f7b2ea9c68d,0
7d40d695df5290f035e3c202f64dc1a9cd9ff944,0
c3c2928bc5bf372dd463599a734114f83410431c,0
655cb56167112b4c4061df47b4a9b4fd83018db0,0
8b6f18cb0d4b0fb1281b39bfb36bababa6c26886,0
83dd1284e4af9e6b1a7a82ce5a095c8185309a1c,0
843fa377c871922a2d757dfc9fdf2fdeae61b67c,0
34168aa99deccef50c29fc1fefe753ffa70d978b,0
2b86afb4d467db66e9e29fbae62d77dd79654983,0
44c5d39becfcfdcc8b2bd0cab4aa705a36f59da3,0
9a372f674951deee557cea93f6517674c0c5e315,0
bf1a8ea27836166df96f12f5210301d12a1def64,0
18937b23dc0c706dadd9b0c99f1b0592643abea8,0
c90ba2fca98c3fba3ba097083c5a73abb4fb0079,0
8b75877f5968311def4f46cfb601ce0defe1b4ae,0
318b2cb7e27875d83b50c110c19c9204b8ed33d4,0
3c4079c70d1badfe257aa78d669ec4415393831a,0
c18356109c683c86494a6a11f5ccd4f6bed519ea,0
855a439d0dbd428641661f300ab34dad21f99d3f,0
161c08bacd37d15243ab869f29d43125fb559511,0
b6739ab929018ab574946eb9f6f75db6ad30a3c2,0
9b0e54e096e4ad467fb6673fed70fba731b672f6,0
49ef6b530c89c5f7181aa3fbdb957155a6802b05,0
ce40e5bdf29138c17b934b84206b31ece5ebd3e3,0
7d8701ebf46755b9a8639aa4dc392f06ed10d57c,0
ad849fa8a37ce23290e32b77244098df954c7b63,0
dec5675c224f9064420793335ee25abd03876f81,0
7cb81aa26f1afcfa7b2babd7b3e7ff9a4e8b5733,0
dafea7572280809f4bd19f33feedbdf2666bd526,0
e505c0866886b4352a37895c6923b2fa91e9453a,0
06e569f09138d90148a9b856bebfae52f31c5b50,0
c3b1c62155ffa7ac0e88d3fc8e050b6641a36ec2,0
3187849f338be143543e50f28bca9e18cbbb6ab3,0
4deabadb9772b1402dae309fdd3b2dc67d192206,0
cec7857a0e35fe605abda09de78df53099c3207f,0
34e4ef7eaa03cdb4e5c87f447c0b42c81e24b0c2,0
1c2397eb4774032eedd4223b7d3b9ec366d3b685,0
21da81bb4d9d1080716fe4f75eddc96a8a4e27a7,0
02de3b21ba1051a1666e9872bb0f6921c2b011ae,0
d0270433dbd8ddc16b438c104c9106f1e471492c,0
11d8c330e4e935a3f61c6ea9cf05d696d288803d,0
4a9662e5e3d2d36d63c924e99fe9391b7b7df714,0
75f35d6dc06516ac22eac280b8e77d87291d0a1d,0
3cc9e3b44913491ea0ab39f3efdf3c3596914d3f,0
1903d88e0b214fa369fe0c49c71e4c3b480f2f7d,0
28ab516d962039909c99318b989b89e79bd968e0,0
19bad1a6cb7430b573c21962ab2e013ef537a8a0,0
6de0fc1ae5b72af4eb64fb877d81acbc22319193,0
f8df864f4cde9d8c6a21ba04ecfe9abd286de71d,0
e92dafdc3b3d841ec95fe3df17722a5bdec3658a,0
11b1bc19ab360afce8a48167002bfcb747faeb68,0
ae6457f4a55e6df27c146aff503d43f844092b19,0
cf8b7edbe16a840478f81abc93d45ca68a48d80d,0
2f153733c7dfe33f38438be3fd3269e0c3ab7005,0
60884907a7965fcbc09af5b04d1e265015e6664b,0
4dd0a6b4a67ee66ec754ca2a64200bc73fbd09bf,0
6cd7bd5ed962ad19fc6af5260e656f35fa2b3d16,0
cb0fbd4c50cc87a5602ff43da53a0c85ee16d38f,0
1297d7c3653d6f66906e5f09719dab40f1f50d56,0
b6df0af29746c3afb1073d628e6704a2f22cae0e,0
c2960c483f00424352e9336fca4a04736e1e5777,0
ea2e58fc6883d64d7fe50fa883b068e153a28311,0
4b63f240b94ebf2737d3e943c5275c4191d9fe97,0
b0b3a46b26363f9a18797a29e89c0e88dbb3cc02,0
f9484a4b961b0009d175bc34afca783b29aa68e7,0
0d5d1fc1196d0649f18c62c6ab97e509a61e052a,0
dc4810aa9847f8bc11b269cba7930d005303329f,0
ec90e0d6bbad22402c5b25773790beee126de2d8,0
eb07b19f4a23d443a1fa1005c344d78f79c0f110,0
db606c65b0a329cf4a1005d9f592c0499314f31e,0
598f2fb91594f4a71642632e7f9582afefd62d4d,0
5fc1f111f84306de1e9b31fae29940a51db8604e,0
3087acb92951fa4e4805761dfe34c0245588303b,0
ef68684cb3d49888a0b8a7c94699afb9c56f63d3,0
1d66289a509249e7fceadc5f34fd5c832adfc0cf,0
ceb7fbb0336f21f74d2b096cc0b418d62a1a3fe1,0
c0707a1a24bc209caef5caa66f54e27e4230500e,0
30a14e9451e991f9a2aa0097260895279bcdbb3c,0
717f163a6df989499dc5df2f1de2e1b6a23ba1e8,0
ec93f3b7f59a6f6bc489bc3ffda932a6ca9fe6ca,0
39f08ac62fc4e51b1c5bcc93ae2b12d4033bd05e,0
6a95f03a6a4c6ddfafcdca431b64603fb56ca189,0
62910e4f329923c77bc8bd2156d56544d1119efd,0
969a9d9f1191afec2d22d8d8b30cf15ce30b4711,0
9f71c33b000083dab7bb746a2fca193a78a51f13,0
c75d285b7e1a55d815356e3a3ba8065acf97cc2b,0
912389861cdb441458b134f5e753af84da8a3355,0
7170d0e1e8db558e9c9715142a1483a7a58e3ab3,0
eaba26c76f9deebd59086d1177c1f723c8914f9e,0
43658a2785ea750f3fa2f7e6804064cd06d7e899,0
72240e45b91a2e26f98da4e37339c0c4a45b523b,0
1520581a2bb2cb5000e81c963666b2d10f040285,0
f4aa5ef3136d188b7ef6b90cc801c625b0889dc0,0
93122bb94772d0141856fba14f5106e621d89423,0
744d3d1634684c56dffacb560e9cb09d7fca1d82,0
b0739b066af253fe6810fb050b915f8608a383e6,0
72c8b73fa4afb770d87f1eb6dff24a5f321877e4,0
1311d6949a2b7487766ab3c5ba86c5b9ee84d42c,0
ded8923582971e517b387bfa09414ed4c9053344,0
552fead535aa95daa88354a1f6252d87146d6341,0
3b38df4393c0a5f4d1c6db4ed695295bbc4f9d8f,0
143518b64a6c02f2e89f342e34919fba806b82ef,0
9be39c4a7aa7a9a0e3e9cbf29c85884623a9fa4f,0
152b1777fddc5127e77f9b14637d6abae18eaf05,0
e0818e3383f71ddff62854f85712cb6b7d187c9b,0
0bee92719352c658886763618bf4eacc7dc2b7ec,0
fc7d83bf84a57d50ea924887a8b348f6029faa87,0
e18a74488080389cee066b5a1a41fcdab5c724b7,0
261334e5ae0832dcb722b129a1c9fd803e56984b,0
1774335e56fb8837d34258f29b6ac1f536c8f456,0
7c68936044687a10bfef0ee2c87e962855c707b6,0
4f5c9edbaf3609c4b6deb5a032d799a825400b09,0
2c16052f94e9e551bb68a8529b7f0c4e336237b0,0
46b15a2ecb05bdc281bc6109bb2db99b566d4a10,0
9f0f3c838b00354009f265b7d0fcefd6f1dec454,0
78ce2d79f2b1341bfc366b1fde487d960493a08a,0
d6ec3655b12c3b5e96de4570987dd7e64960487c,0
351df932767f250b38c6deea8e9b7e02f64823b3,0
63cc351c73be29a93c6e5df0cfb0c83cc8a77aae,0
d7889a8ffea465a223dad8410f5d36e48641aa69,0
3ac6beab459a7ba1757c35847a2f38d074d2d6a5,0
1c9673a218de6fcf2fe263758f039e8d66ea6394,0
5fd77f47410ca07a7de6c6428a3bf86aafe84aca,0
c8ebafd7bb72a1ba105d6c9c8742f66d55e5f14e,0
8cacc3b3380a444face883344ac74c3fd528b67c,0
5f22e0451457abc62c87c83526ac129f89cc6d8f,0
57c17c42dd76c5a71a24908d501fcf7e6ee4e1ff,0
dad064eebbde450cb500a0e0d72200c655ac47c6,0
3c0ac0e87c03ae63a782e48bb31878ec9f114c39,0
1b051c97f7f896c46b5fc33d085713893681e102,0
5b68ea3579031556439860b4c2e6e662c602ba21,0
c99cac3e3bf0691a6dafcf8e1bd6cff6e2367bb6,0
1bf7d7ec12fa143a1b544cf2dd1a0c1a8de7548a,0
ae65d3b2559e9c3cdce3f4285135719c119be295,0
f0a65f3ba810fcbd2732b86efa00530cf5238d9e,0
cbdb43f76a4350f64e14351e4c13896597580ee9,0
726935427236a66a183997875983952e8798f84f,0
e5e8ba09066fadb13d6b84402d46287bbd1569b7,0
6001ae8a0c9f5815ee368ae1967d6de1b786a9e7,0
edbaebb4d1e5b59da69a451eed5acb326c47879e,0
827f5c93df63d6b2300d2a87729c0911b4fc14f1,0
28b11d15e722760fd2f453e45517dce3f5124dec,0
2073de1450e7f6c9826f92882373ccf86859979f,0
5cd20a04a0d2fbd8f281196fbc797e8eec6cd6e0,0
fa380309554ce4e0c1efdbec1e3b489444ecbf72,0
7ee27499f8ddb1ff39e9736c90176c65654ec952,0
aae5a3522fd585513693d6c550044247eae28a51,0
a588f7e6936b26026c0e6c7eca1c47a252291abe,0
f099b4a5fcbc9d77f721b0b69b5d2da414bbc840,0
386f6725bdc5ac236477245f9f36df26b34238b3,0
6672207ae13fb89e04c841e826aee591877fd127,0
e8e7afa19f9496645c526a69109c2ac27b4cc4b1,0
f29647a1495fe63bd7ea5795be0c75e34ce28bc7,0
9ee8c045e4e7bb0d19db0a0c95c061db79a233e0,0
092a328b6b784b61629fd470c6bd2259d760de85,0
01c61f987baaa201d1145b0660acada5fd5691e4,0
1bad88dbc3c18e5a430a087162e7a80cd446d5d7,0
b16b93fa5f318a7695f1d65dc7552dfcc3179227,0
2e71945163b08326a64b7264466069dd3a83b0de,0
911fbb9352f029dd02971eebdbf7d9cffc7f9175,0
01f8edc18b1941dfa79d23c9a63724b1595a84f6,0
c6cfdc6149430e1d4c0f0cda03e7fb4d0e465802,0
70b2250f80ac098e3fbb136bcd765ad90e8d3c0e,0
7912894eb8545ea076732a95dc0124d6426b3e76,0
df0296f7c2c4507b79754a564fb1dd45f54c8732,0
19676135286eca93ab4f3980ddb5aa7ffba43bed,0
6cdaa836148919aa71dc481f13004b6c227bbc9c,0
4aef230954ed845d592150f3c3221008af6d3d52,0
8e687f1cf28f97ddb508058242f94f87b3c0ed86,0
c18803a47f4a4e51f08c1cb1ef9b84b21e106e6f,0
dc8920206e6a63f38c87f8f30d78fb068c74172e,0
dceed1be7f279b29702e7a88b2449c88d7bcdb2f,0
bd7956949eff64db275b209429221c816eca9571,0
bdde0e1c13ed5dddcb358ef8b3d0c0dce11d8b92,0
07403c9a943d8c4988c85bf6cccfa5926e4dffe1,0
bf2d0bf02baa3f71a0b0fd3aed74934cdf143a6b,0
c55962646ad050b46f182f562b60499ada906c51,0
096652bf9a8af9f5298eb3eb4dc45968cde8e8eb,0
4b9c1a03cf67e93f00ffea407fc25959ff6b917d,0
2b13f5b9fd288e4cce3300a6644181f67d6fc3a1,0
ef07c645efe7a490f21ae80473814d6117832ded,0
3228ab0459fc786350a788a7cd1565734b5c3703,0
12beaf97cbc612010d02b0d8f17f179369dcd906,0
2da006dbbede3f18d0898819edae9a5c71eac947,0
593ccc17b8aae20f73d7059a3c34184c8a5a0eda,0
edb7a6775a17a000f11bd50131089107107875c0,0
a123c892e2097f54b3e28afcc843cfd9b80c8d56,0
80b36f1ea6a0a0f692dad23a65cb9c2547a6874c,0
6d8dfbe6a192610635746500d9f42d1d18fe2975,0
3e66c1de179abff1c43efa9fba9fde20edf5ce63,0
a6e18d94652a99b3b5080a3a7db7d39365dc6888,0
932b1ae52c5229d53606e56becf0790fb9e25d78,0
4f08422f77b59a4f3427e675b3598c701a603854,0
940b79b59c7e3b6db1d7ff64ce3350ded1481e61,0
db4a8b47f0628e539646f1e80598dcf7ee965ef8,0
330ba4d932fb1995ede7db6bbde54b46cc305338,0
6f3b00f36dc9638abe6721b83fe02a065c0e4d6d,0
9ffccd7ac3e5ee85dcef5fb8612e97589fcca91c,0
d5fb182cc1c99f7147db0d6045e01c83accb3580,0
9370617f27dbbbb39e4a115a276647c59dac4426,0
16ed9eb220802405bef8c49ae937e9256a82b586,0
47f699be39a1ef1b28ea0c974c6143879251bdaf,0
2477d7970f4a52fce6a5f7aa3c6197ccda0ebc4e,0
702d661907c4dbed6caeaffa89c17efb550c4f8b,0
c7d56ecb7009016fe1992cb5a92a58962a1ae1c5,0
e8cccb8efb09b7f044a748e2367923a731d72773,0
cf8d9737eb523c2bda448ac8b781799c1ed36871,0
e7762b26725824a5c0f77dcefdc5a1a2cf9fcfde,0
bb43de8a5e93da97cb024b97c650ae884aecd341,0
1fed20b5312bf8cc495d7f8ebbd214f0ff1f953d,0
254e0f1da875d3204a01489f728022367ce92009,0
803aa24db07e75ed03b8b47eeac6dc14a8ae6f46,0
6ebaad61fe469983d90c615d8c753451ad10f9eb,0
308b28a4783a58f6c362e7e162362dfbacb82bbf,0
d1b750eaca45c9e33ca3900c72541d86e2d92565,0
8a6a5d9ebc2f6f98e0ab9e794459b5e449e0a3c0,0
16de452a3754bfb2b36d8f6cd4a0b55432803455,0
eb2bc4d3b7c9c74085d52286a96321bd23ee48ab,0
25000a62f4eae00b5d48dda427340937a912cd7d,0
247cae4896c282f50570374dc41b62269223ee36,0
65fb650380c063f1aece7e93d14e2052fc2ec747,0
91d157f74e244b6ff3c1b836f0bbe313302110a5,0
d8cea4d1f4cd5d5a4426f1f7577479af54da4e08,0
e274e6b6c70e9d98efed3886c48d016a6b9d74a1,0
cf7c9522aa99d0d180e54ac5abe849f19d153d25,0
6eb223bb8c68540e3f2bfa08c3d87b4cf7dfb544,0
a88dda4b749c73291feded0b7b5effa1556959d4,0
385df6f9f82745e65d4d188c6446de72d27fad6e,0
b134387206ed99145064e090cc33aec0e235adef,0
31998ee36c49fdf5054477928068c92dee83a279,0
8b7539432c7e549ea508b4b9b8c9b4b02da16be0,0
0bf7b5380f29dbbb7b6876fd62755a69944f0cb7,0
fc1736edc4f13fa817a7b80a392dfeee2d9a4e32,0
f7c338b0fce67a96831f6d1f6acdada3cc766732,0
3a0ba3c6ea58019c2bc7688c1566532239a67fcc,0
1f6bd19af2c72158bb2c91df762fae013ca014c4,0
e68454ff6102b26491f7404b0fd664eab304b868,0
f9439b5b9c3f321d3657bb357a14be33fb1deeaf,0
3e67d33d25ea1eefc8260e655df91a899895d7d6,0
8c2284cb8f50f99ad4bcce11c8012b5e9d391b6f,0
90086a212df1069fd19fb9e4db5b6471761d02b8,0
b9f3b72c15508057d93ad2ed9399a18400d1b2d0,0
8c10c034430192500eea19c3f99e133323e214c1,0
711782470fd9db88ff74e98c7dba7a8e8440be4f,0
9f1ac974e1b52c58b1950acdaaf3e0d5881409df,0
07f4eaadddacf7f648031521d7c20139c756ca84,0
f813045283ffde51c8b01c76cb8300a6c55d8a1e,0
af157c49d5adf5b48e7816bf5e9e6820e2c3fd52,0
cbe3523b1254dbfd157b03a5c69787017fd7288c,0
25e91c4242283d118ba978d4f38cd18e10c890dc,0
eff43864b34ab2be2eae4e9ac0e780d34fab57b3,0
127869e88f248da9bea3ba20beb620c7f2479abb,0
a2ed219fb8ae0c5c453a069863359b4ba69ff230,0
54f00795a384c623c8d6af551c4c373383565896,0
663c806ee9e098fe2b78656d21efcce730cab394,0
2a22770183988e57e8a885ccb0822ceadb9aa1f1,0
80889fc45cbfb3da0a916e0fc0d51663bb970c2a,0
d5ff609743337d6241537018a10d45078553771d,0
4ef1e3db996eeee823440678f7a9d76885083955,0
6fa0a175959bd4283ef46d1d406d9ffcc6c08a9a,0
2b64fe7b54dcccf2ce5dd76af2b37c12724911fd,0
f146bf817af0804c1e0ae833f3cf22430c32af67,0
ba08d40bebcf5c05f800e14138364ac118f20e97,0
d5f43dce283ca12f6d66e9eb2c049bf18ab18c7b,0
b58fb5bdc16415d57de7178d5259ba9a8fbcdd49,0
e6dadcb49a5e89c3f5ce6b2012c6d1e7a84bed97,0
69202d5f164d1fa0049965e6cb19e9bf99b41549,0
9bf6b2fb41704f3a3eadd4816bdff3c4ec24604e,0
cd0a380f046ac0dae54c75b48ff09d4b996f4851,0
505f76724c3e13de65814256ae8a73e4c1c6fdaf,0
75a6aac07e7806ca73a42a2fe637273841262dfa,0
b718d6a9d16addb57d705414358ec8adb7b7acbc,0
0b51bc7bee14c217e6e5ecd3f035573b8fc064c0,0
246a43cca5e9fabb6dc86ff01bacc7a76fc6cfa1,0
dded8fd5043ec2c74ca1ec35670954837b155f35,0
82ec18a60ae1eb51d15570254f3cfe82d279e8e5,0
704bd0119c4c452419ec238ef5c65e787454acd3,0
eb62fccc1cbedd7f27c817593cbd7708828627c4,0
9bb09244e6a5ecaa2a2cf6bd5de6801af5d9897f,0
b6346331265feabc763ce54d9729ac2d6d20b0d2,0
517a9e063002ba2154c8727bf87a92f1622ab686,0
85c70a450c53f72fee660bcc0007d0be506a8e1d,0
1926e35e3e1e94a43c64cb4d65f51d115fae02cd,0
454255f0bb55f845f0585858496b0ec3ba7f722c,0
f714c84f9564ba96d24700f9937ee5dfd01abc89,0
0f7d48488277cc64730b4b4ebe791986fa94da4e,0
0d729dd72923bd2825669c455e5b3d6dde115f65,0
dd4e7bdc7cdac31905018fc5cbd11566d19be225,0
777590c82cd36d55f0351205edff1d4e1d5d6a66,0
7c60085179b9fe2298e2a53bedf605e08de78886,0
9abbb0637680db4d3ed92beaab169390a21dd418,0
a64be9d8a85cd2a87859e64cdd0dbcbb2eb7f5ce,0
4b5245dbce4f3402a462cdf79b582da3c6afdc03,0
efce331acd5b9e061243229ade1c664b150292cf,0
2e1affcebbcd389af6ee94e7921413eaee0a3174,0
da07dda4dfd628e639adbcc9f10ef31dfb05a8b6,0
4877259dadd9bae3a0faecb430e9f5a297f13ae1,0
944608b854202c39da9cf6508f300fa9e91ae321,0
97e1f091af9511c9d032a9cd65759c47012f430f,0
fea878d6ebde1b7764ac93cd62696e2f7599d79f,0
d9e27a9485541c32de3009b8d862aff1a7d69720,0
33e5a955d53efc0a17ed8ef135ef6e39aa30982e,0
2329ebffd75e594615c2bede75d4dabcde6f38dc,0
4b9dfa2b1dafbadae6ce41ee57d803d553866584,0
75bb10331c02d979561b5804d41641bf82192d2d,0
8b7dff9900155179741df9d574a68659b0eccd0c,0
d5fef1e78469cb517cbe3a0af410802e0679ce44,0
90e0a9bb234683abb502a6b61f36848bb4d65aa6,0
54087ee10943c36862f1f156e24c2d942ddb4843,0
35f3293b504bf7ef9f95ba649164644b276b4069,0
69533819a07a779676cf974f14bcc4fd361922ea,0
2252fade508663ca468f6a6455494a1d511934c5,0
82187678948b16b827454b5007bb9073d0666c81,0
3e6255ec52cd10848d8ce627aca98f8c4d2bb045,0
0486d069b51ab19faee3402c5bb806a769f88694,0
a9f9ba4fba7f009f0714331e3f7ddc47fc99254d,0
318cc6ec4d38f90d5a6d6a28d45217e41fe37cfb,0
e5910c7a035cf21d0638a62f4e5ad6ffd5b3085b,0
9da59d6deb8d8fbb64ecfbc3f0c7d7f2a7a82439,0
389fb37c56d82473ae925d3c8cbb1d4c40819722,0
85751a118e38f23b9009ccab1cdd3ea3b1d2dc5d,0
00bccd85e5cbcb88d1cc3ea19028158adc95dbf0,0
3952780fd797b344e5752077fc61c0e0907ec158,0
30c9be6f6d302fe82348a27fb18c1e4b4fc0fe23,0
f518bb6c6f5a6b87ad7fe04205b8ba611f711ff4,0
9dd85849635461835d629e3301b7808d4dfe35d6,0
5648bc42e2f618bd230e815eb36964d2fd62d303,0
89bcc5f80ebf0a6c85843f5fdb5d94a3a803267b,0
cb6676b1bbafbb46b68b864eb9d6cfbc5d5dac99,0
4a5ef835ccb3cf8f765ee1e95962bf0863af8ce8,0
033cd48313d7bd2e767d72804e160b2a190643f5,0
6dd2bce1939ccd499cfcec46bb88e02559b851fc,0
9658994c9a825ef369e6419173d5e665dcb7938f,0
3ac79227edb216e155e4ce77500a91350dc9b222,0
90e6dd6d4d1c19cd9dd3913d1a6c5f39980d449c,0
08f374f0d7185142e8065cfa0cca9e04fab74c4b,0
38285a15f5a8ffdb62d86a3461266f064231e338,0
07b78ca38dca8a1fb6f8a0012552c9313fd2670a,0
0013a996d219e8113d91ea09a8518c1a1e4c00cd,0
fb56d81ec228149eb88a4c426b56b2b17dc09390,0
b4f25f30561a9222a1de76133c1e9452badbb3fe,0
7752a7b980b23ab5ad2e2ef4da738428ed168920,0
b02dad440f14b56250c60bfcee96cb6f94469be8,0
749062a6c0920ff5aed91842e9f7dcfd3c6b2f9c,0
123029804473d1817d8c303075e1733eff756b40,0
faa24452b5b0947ba0f8af454d8eb77fbd6e50d6,0
22cd660c33c8f98c2e634bcd2a8e2b89dda0f020,0
9ebcddc0b15c39f18c26b330acd3bfd921ef9bff,0
e3e020fe2f20430b40673ebb951bc8141014e46b,0
85a7f721cc478253d321947855f9a5f7f151d65e,0
66d7e35866379448faec58071faa1bc5f1fd4949,0
c82d9a4809a94280adb25cd46151bdf139518f1d,0
18bd97356423c6a9dcc8d963a46ec2010a4c21fd,0
494dfc9e6beb58b599ff54b924f544a887446ee1,0
0babc7a071af536ef76fb8ecad4ae32b02fad608,0
13121dafece32ba8dc3adbcd3923b46cf75c7fcc,0
72ad3cbc1aabc9c0a3e0846f152172cdca9d42c1,0
5aa058c9d1d57547200b9f90285278fa1914e372,0
ccc12ff185f3cdd92c65c90e1cf573f5f3fecaf0,0
cd29ff77783bb870dae96c2e2880a7bbbc9e61d5,0
35fb9fca83af4ffbaf6f1163a927d8751938fda3,0
abb5a409f71d8f920bb178ea3f839d42c551dd69,0
23981bad2924bc908e84652f42be8861ad91615d,0
96ccf8ba04877dd6728ee62f07f26be61c254cbb,0
bddebf5cd3222f6f580aae15d491361cd4da3c89,0
aff1ad8ee53d4e3bf8a3996deda2ea93e84ebec0,0
02f3bee7bce4bebb4e1bfe27b613a46adedccef6,0
9eb3a0d6e3114c8e53dd84d5f57e2b3a09693954,0
c14d4876a40695cdd0fba572eef454556706c239,0
02200b8411c45eae33a6fb7ef9434242f1e044c6,0
2777d6784ef5ccd1764e36a64575d2590b2d59d8,0
cd10cfd51fdc80606b296a0cd71e6e9daf946438,0
d7ff0ae5e51186f9ab4343f698c5760a4748b38a,0
6a75afff25224f410736058dd90bfa4aec235486,0
1e0014fc1776f41bda6ecbc19c30317dc99c3300,0
b036bc70d79441bb78518b1d5116af8d041058d8,0
0a6d8b54834410b497b63599ea4e63b8659664b9,0
3adea508fbf48deb760eb71c7239dbd0ba351830,0
4753c6b4d4ddd17576b48f40922de12f8f5b2be7,0
41cfe1574ae06b23a4b42e16ca74317eacf47c3a,0
dd1defb1c0c86b648de64bb9c3f9cd36df3e66e4,0
1eba02e2a2734f7a6e8ca2338aa0897460da3e77,0
184e20697bd3695135bc3e31c818d5bfa003a516,0
0ffdcf31e790e0439fc926318bace08156cdbc5f,0
5741f6ff1990abe433aa259b875b329457e49c04,0
85c8c28b3d251df32acd9b2bf4e93957e53de792,0
4defb746408ecf4b7a29c9a84e40faf130ba376d,0
ade7ded8fff17dab8a11cfd96eaf4c40f91e340d,0
5f6955ceb81f430b270c7bb4190e06b30aaf22e8,0
ac37c4a46a2f3d0c8595c11fd9c11442e1ecb5c4,0
16d587d73c51c772495d95f9aa3aa14782eff355,0
5d8876279b3d673096b03365c1ea4cca003d05ec,0
8219f7a2cd11a628f12680bf914c54e247f7608b,0
4ccdb456d069a2598e144019bfa99600aefa131b,0
ecf744f6c6be31efe892b6d4c57ad9f39bf280a8,0
0a5ac85312f94d85ae2b9752f9e10c53ca8cd150,0
5def1c8d634f12a265662f38188cd611aa1e574b,0
4369537d8b1387b94a1126a36a4fc400a35d35cc,0
d672dafa2ee86c82c25d362e8aae54b8ff558dde,0
4e9ca082a6550683a9107013980d0a288ca6bb84,0
8a23b406df9df20daea32001fbb8791139fdf150,0
8c70fb4a3b42079f29501927cce62f9f4745953d,0
29839c2717b62cb33e560b93a76fd8e93923d24b,0
a71bab967acf182d7b3f72e31b46a41c027d9ba7,0
bdaaeb5b1b1805d0a9b52a9c74b9a2b4531cc53c,0
766a8daa992ffe9ba793a7c521f67ec81640c1ca,0
3ffa6698baf245f3f01008063f24e701f6e58440,0
ae2ba9dfb95e3587129400871e1cc01381219e0e,0
656d2023dcd149018cd126e283f675b4ffef9715,0
ad1a8c937e0ecc3167dbd202b4129c1fe0c062ff,0
45d454b3e7aeccfadf855dda8bdfca93d90fef0c,0
49cfcc2c479e606bfb9b1b26f50b63397222d965,0
bf48d8a53cc6f4e702412dd864a8741f2a06ea36,0
69941d96c49f5ac552aea8630dd4f18c6821ebc8,0
972bf05adea62b912984e1c06a990c815c0e901e,0
e6ae7561a05b1356625563cd868dce8a0fa4ddae,0
b900dce2001366a56f139514b781864ddc20e158,0
5ec94f443f66f91f640afa525cbdf0445fc58156,0
4e5e7831592682927bc0ec3c2915ff058bf5b6b7,0
53a53e8576eb1a50e46c33526bc420e35804760c,0
6e1c3366752928019080537fb909cd7dbd7ffb2f,0
a0ca52d297108e48a34c5504a6272cecbad4da87,0
d3e4ebfb790c5f5bcf8f961e6a354c75f7e92582,0
61c444d2b4101a26c1b8105a7dbcdd76d692a7cd,0
42232e2ca0ec0fc1826ac31749191b9aeba59907,0
cf2445c6b550c85b6c5f440aeeb2095729f0706e,0
3f30787c0c2fb6651da14833914dfc31bae3138f,0
b7582dc1c1d4010a2d4d41069f8187fa7d246486,0
2e228aa66c65426b3d2e137f44133834421657dc,0
415de45999a1380b9064a2c6f3c93090d1dcefcd,0
11d40f5799b355dcec2b156f6c7a669abdde5de3,0
3b85fd9d79eb2da40346d8c8531ca7e30c06af06,0
d917f84bf57b8049308178e212f121ab8125006f,0
2e6b228355511263a98745d79ef2d435ce178ab8,0
dc146cae667976aebbcd283af0d63431e2338692,0
1f06eb4dceca711641d1930e02a3a8cae2f25258,0
8a4d1b82f8d5556c866701b556d78fd3e2d4d88a,0
70abafc95d2de789f5292c7f5df9bb4d39c2bdb9,0
7f9472e8989a859b7b4a3394486c7064cb3d11af,0
897f2e37ec6655e83e9eb2783cdc1a881054e6bf,0
adacce00cd2d31f66bb1f6b1c1eb5f93e7b0ec37,0
d5c7094bdd59473427635fe797dda7b7344c9830,0
5c61f790043965e5e238fbad0afb700e1603d17f,0
6cb2e5a9378c312daafd6f26014355143ec6add0,0
8f48ed8adf7f7b35d3b24e2f2511969d6705ec39,0
a0d20586c4621e6b8afb41e4a4cc1b605a617d9a,0
ff415c8f8f213d40a19f8dc9ac037050ef497bf8,0
51ad9f989dda1e5c7f9487d1477c82ea003a864a,0
4f059ec8e13760fb4b2329c7d3bba077525a1c85,0
4af0444fbf5a513759d48460698f65ecbf2a47d0,0
ca4e62f7ba61340bd89f15ef041affce0b194fb3,0
8c42549396f33cf836c6bd475fc5cf12a3bd4d48,0
e299a185d42cd1b33ab21123f85de117a68c3d49,0
f75f5b9373c0c9b8c3257642468e10a792afb6a4,0
053e26316631cba49a47e697a7b66c4296824507,0
ae4225c174cea49125a9c1b2e8a70581f903fbff,0
88500bece2c1f506874179ad7c3899104d628365,0
38533393ba9922cd2c98fb7fafcd4f9b108f978c,0
6bda5d18d2fc2ed4be83a61b6be54970ea483422,0
9fce1d619efd3fbfa2dc3f891f8d6ce87f899a87,0
99ad9d91bb2cd1c99a6cb315a2d661f0a2e5de20,0
f32297615db710a99c9e14f81fbbddb090b34227,0
9208f1d0b94cf89614a5190ed15f7201116eb7e0,0
525b1df56ba35cf7c619a6d0b18b422cf8006b86,0
e151438181c6c46a190d97735e976606b5cea146,0
e9555ffa39a30f2be5a5ad619abc40f6723e20b6,0
bef0c8a5728d9eed36a08c431be036370553c602,0
a4c829591f70d565aef948bb513ca834456106a2,0
9d40f8a5a7aa92664bbae2a90ad7bd0cd0edffb7,0
03b84cb3492938980b31d8cf15fdc6aeb553d063,0
6dc8492caf5b1a99270ca845a28f9469006afc70,0
ffc32f666535b2089a78fa53c663f92f31b93a62,0
052468d2a277f0436a391699d7abd612de5e8c05,0
346dadd717348224895847e9501213f77c9352f3,0
6004a7d954b02dae7cb2ed4f8c5c3df0d3f1951d,0
f892c9072a8860e56095d75f05a7b42e3ea61081,0
858d53687312aae22c050cad24274a7d08227319,0
18a82dc4ae9c1095216b6cb288b3c5567ffd179b,0
1b962a4a7ada617b3e443816bc69a07ddfd0066d,0
391d51055b8fb50375bf6a0b3d0098a7c1bb1d80,0
3942fad3c25f5f56109c7db6f8edbb6a6a20e09a,0
b8b76fcd11fc10ce5c25e44d38fd51faef585515,0
34a6e75d1da979730bd37467d7f2a26161883898,0
466cfc5894bbb003631082c02454d1650925be66,0
8e1df6b9bf6afc0e3f3a99d4d99bb9d78d148c81,0
ce1ef40ad9f1a2d176e7592be4a64c56ca2e72c8,0
d9f2ff9666afe0f53f853d958217d5e900200afd,0
b8b052e55b626e056276b09af2c7f8a219b4319d,0
cbec58a26e80c4d1646e057eafef1bd90c3258f1,0
6eb40622b4d5a887a30fcf472ab89445d22ca4c3,0
62d7aacb4f3eb318045496f115a7171f0bc2c6c1,0
6da891529bb17ece3bb572d5ab6fef5a233c1b5c,0
da036809e9339d5c0a6a04469a95f54ed4de0948,0
bda6a4fc838384fa1a40be20e14bada2bbeb8d2c,0
e6eba6e9acbd646e9a28546b14ae1d663dc6751a,0
68b733c71b31f152c2fd88feb19e38e08c759ce5,0
ad37cca1caef01cb3d54e479b42d44346f93ac2b,0
d9d0018685e99f220f5361a2d1095b4a4da8757b,0
e48665a722fd3856cb61ab2aa5108952b31177cc,0
5911e928c4b66d92e3ee287d097fbe73d48c0b22,0
a3a064587470d9ac3be469d0d6dd88f1b95dc669,0
9501ae42b2352b453243b0c915420c19446d7037,0
a026da0a989e77e686adfbde445a770710b9fece,0
d094dd624e44041eeba5354e2c3d0253bca61cd8,0
8407c6212cf791e36cda7e47ff79c94d08bc6268,0
5c278dad87503f36398116c7b471aa1ee3be991f,0
b893de412b49717895c0e15c59b12e6e2d75fb83,0
a4c518313063d189ce9d8e9ad90663d9ac8c88d0,0
a403c21a73320b6df3142c4e441cb6c9d48730da,0
af02e3664f7e4ca31b2b382aafb0406612b8f89c,0
894649e7bbcc3ee4287eaf46c8803bb11b65e57b,0
626a3d3647960b5e01859a68b545b1474ced096d,0
e3e29d585a455693829deb9231440aeda38eacd4,0
b153aca87703259d5549b925b67f8c83c80e078b,0
a2e13c6ceeb3d1ad5880405789ba7bd3d10673a7,0
69635827b3707f06737bd2b33697d261d08e57c4,0
30bb1e2d8c9037aa9cf53c32ecc3414aa77629be,0
f5d9474a8f4ccc3669e7930a3201fc99f59e77ee,0
d2687419c6973572d1621afc1b8546f5262769c3,0
4ff5e2b9f98e5ca9dd105a2d08477e0371ae8832,0
8efbb7df05d879dec15433e87a51392810936da5,0
5a580fb9cbb669f87f124c455e56194b8f83da49,0
7f7c3d63c895d52fafd602459e269b92a6c93791,0
b652c477f65d0d96d9f14d2afc3fcad723d20291,0
9e6383cb217bb0d8e615eaea4b3d46446e8cc536,0
ff1209f00f4e3c0f2d55dc24ccf20da625ca4e61,0
eea85f25e583b379afe5ba506a1519cc3704186f,0
c267e39091472338378898ef60c601460aaef757,0
f8e225cf464e8499997f3cf2368467a6e2941022,0
e2e3e0e19a8bdb6401d5f9a2c0193f1fa73565d3,0
8c153b833353e815ba0912aeea47130238379e25,0
34a85e74360f32dcfd7938e3a3c606a4869ca7e7,0
c28b2e4e717a13527aded2625bbf431506674e9f,0
817f8348027b714b6a745fb25866bb9fa2d3d998,0
ed38b62396a28da613cfb01a1849dffc5ba3706e,0
0a73261eefd00b3431466f26e5600a0f3e80b18a,0
5afd54ce6754de7963563ce755ff3cbeb5d5aed3,0
8d30dfb09f7a26a76af6770a41f395b0b71c8897,0
fe60dcfd42ed90f26acaeb09a4818b7b966fbe7b,0
4cea07b48f5f375f81b39b8339935a206cf4a598,0
c45f0b8a5b536e1fca43359bf4be5264bbe2409f,0
94ffa01a031108c5a173a420cef3bde0b8efc8ed,0
3f9422aec44c31536d101e8088112d27ded5c1d7,0
e93e4f2e87084724dab01e6907adee82d59d397e,0
bfbf729ca79a43ef3abf09ac8ae7dfca70b3c74f,0
005f035b305636f88914c9a84523a0353a932359,0
a223f0a0075121c48f5aad568b44d0e80e5736dd,0
c542983f4aa44306c9c56483a299c5eef7450fbe,0
39901eb645c906f5093097a20749f84dba2e3c84,0
b12dad5230c9592b49da1a6458bd52717c22252c,0
491804af1284b9f8f63af7dfe592841b3febc510,0
46c5640557cabe1fed3bd4968b305d39617f27be,0
98d8f1334e223566b0cf3cfdf2ce18e1fbbcf59b,0
aac79fc1c9074599e0fba1ad2941fe335a7b85b5,0
3586d1a542d72d0a16e0f066ef4a3f883865d040,0
3bd00a424767c851fab1131a41253bac65e53201,0
dcc6568100b3f631b017f55db57684f5037c80e6,0
d05073e66df710b8ac7186e59ebaa481eec006da,0
682c93254109d56939d9867c1541cb4dca3c634f,0
3ae9877d1ab6f74a9f088039b05f06e00a33b100,0
dfdbbfe5692579ed1374da3ac24809ba6b6e8709,0
7941cfd255ec2b2655a0c33a4eaa327d87ec416f,0
a8f18fc98e7e840148abf4f711fcb8231469d3c7,0
6da824d53fa0bf715e955f3d451b3e781a013603,0
be5ff9f9c1dad2067cd6971931d7361f928cd23e,0
ce477d9140f1439c44c7a852d7df1e069e21cb85,0
03edee74511bfb4f61cec5d15de48ce1c48ff3e8,0
a6df7f74564b9432bf38fe33c4adc0bc529bf7c9,0
b7f13b96636b379eaa3ca209541a7af3c85dbc61,0
9060099e4019a99cce658c4a487ac5d8e9ea22f7,0
8320a19fce91021f338e9bad3d11eb53b5fd4724,0
0277e399fb1adebd7fde6c36f786902f315b7246,0
31d5f47b3d66e1a7d38d308536b4b78a98f8559d,0
47d0046742cb747053c34374cf99a6469df2f370,0
f7fedbfc543f7592a4fe66f2a971e35d4090a62c,0
ab96fb0245702e74397f15ad49955d581af5a3d9,0
7c658527094083b2037d362916adf8eb2493ea65,0
66455cbaf81983327acc24e8d97943318da85ec8,0
f5bc0425038ba93cd7270f4d6b03d9a1d1b7c2c3,0
e9e041b791ae88a894fbcaa0062b5e8c43f33934,0
3b56144559e1665a9afd08ffa56a2006bcf0d53f,0
eb15d360b471ac562d7211b8e7b56b2fa0ca45c5,0
b4144bd5465c17f45504a507f89a12bc9d195aef,0
0b24a06eb5b8b079f6b181ff19516b072f7ac08c,0
7d9d4d41a6327c813504e6da4df49fbff33dc02f,0
e09ad8a91ab595dcf1572011c1cd7cd13f946b08,0
d68ca4ab31ed5a8ddbfa1a8ad312704020bb2c7e,0
b0d9979fb6547651d37bda56e150e505c705d3d9,0
cfe934e2d057072e29cabb0a1c9db93a85ac5d63,0
46094be47e240ef0f126eb36710e19dc745b3875,0
b82f96ecbb3d53b7ff8b2122f515162149c811e1,0
929c5f6e682598ca14cadd07a791c0ce578632ee,0
627a699bd0525fc1018887748c5d6b71047c1d62,0
5c6de5a7a0226b96e839381cc4ff96eb66fd5295,0
11391a424a759365e8761c3675f5920ff90b1971,0
261a5797bdfc3a5012c1475a69f80a12ab2a84cc,0
8218578b741317aad7d6b6797c071a662e35c070,0
d7839e8e985a1c9ac17eed3b1df3ab85052066a1,0
b730c33cb20e359ae50d4f6fe0db2d9727b517bd,0
33b95a51a8a9571695d6728a07a055094ee60273,0
1b3d6958b7b595b46ca4d8e3023ef6f135320871,0
8abcc1a54cc5d1e6cdb5f03b72dbd112285e66cf,0
197d50434748bfb2db935266cfe740fc01a607ee,0
601e976b0d5a9bb323fd2625c8d3751d1547a5d2,0
bbc690f2cbcb9ebda89e18ed0f4745984888cac5,0
357951ff5c28dbd724611e8d41e23686f09a164a,0
1682277ebcc37d24a1bfd87ebedd60510a7da4c1,0
86683978bdfc3730af44fdb06d240ec69e4de82c,0
d02b2c53a076cdd484cd741e9b5f2248d963fb35,0
b4a43380f15abe6eff2a37d7d0de09cbcea1e106,0
2d86ac6ecf24939e665a08be2f07fa144120990f,0
e8fe1a941ccd469750a509d6d7e91d727cca83a1,0
24957f9934cee310debd2005bdbd78e21e857e7e,0
d72c88a082fa939ddf5a4aa2cf7d1742a9086f35,0
8ae6a3925ab3bcfa0450b9aa92f4d00693b4c8d2,0
27101b4739dd443c35b8ffb287a5b004188d1703,0
56e525d07414f742c96df85f6d1375c407af0de8,0
57e5a3edd1fde05f7b4b39138ace14ec72d450b0,0
7b7aaa4e7cc60471456bc4471019af04d37379ce,0
dc6c0fc5bd479e1c104aba8a6278fbf7456deba6,0
83cbc149a31e0531d637745a6de2f2878f4a6741,0
c893f5d3ae90d5060db044ee3d0c79f36aea9511,0
acd7283f1931644acad1f739325e2ec2024729a6,0
6e4ed7cd4f43d1ec3b3c644333e7fd0ec638b84f,0
950ab130d616a67c39921b1d8c2c5b877ee8ad55,0
3dde1e8bbfc045468adc046211ff1bb65e062116,0
b48077252dd0101ab1c9779345d1953ba828d372,0
473e6ad2a1c32718d11dac27e75aa00a7f8bea67,0
523672d25c44af25fa86346326eaa976ed81fee3,0
c1a0c26c305919c698196b857899e7e4725b0c45,0
d5a1814d63ae03c0f72d2dee4c254bf53aeb092a,0
e790449091b70f42c0c486f988ec38ec68ce7bda,0
a5d4660eed5a242791554e98ea495c1924f914ea,0
07f71430923ffed4f68826b14342dd5eee2bb0f4,0
c4019e73bb0af40250c496e902948e8310fbe8b3,0
03f559700f6fba2db4b3258b9a51639c99c75335,0
2978cb6cf05379fd42374eb5a235be84e021f247,0
5d51fc2878f0a2a8db47b7d0e1f0d534a7f79f2c,0
6ad3961b3f84f71fa659fc5fd07a782884a38023,0
9723b57f3b30e7627e5d531d1660697f99aeb6a5,0
a35ecb3439a458866bbbde3518bc8777ced47342,0
d14cc4aa404c2b3c64e2cb423df7739a12a58d1a,0
f0ed7600044500879bcd09769e4dffcb766287f5,0
4e18561e49881d32cfbb85dc25640961a058dcf6,0
320486fe17be03ad66ff177c6b370101e50a0749,0
d1e9e598c9bcbf91afa174fa9b6c2ef30bbc8157,0
5e5af7a02bce3f216e1343b8274196afaf44d73a,0
79eb89e351ef350707d082f3713e4b9fd3a81aeb,0
aaf210e7e7cd6d180553f7142cc6793c11d0e740,0
c06fd10b0e8bdbef07d09907919b7d22e0c4baf5,0
9042e5f15dc98898e551b7a80a371f7a60d940bb,0
b4e95a473604df15df7e2a121fba45ad617ef40f,0
69c9593cc1da760bb4dbcf32f4ae755c54376b77,0
a6714731f5451427cdf6225d1f61c5deab29bd2b,0
9d5bf4b4e23499a84f21214ae9b49415bf5a857f,0
0727c6f9c82cd78019c0ff83e04a19da2a44dc6f,0
700be0d8c1abff745020bbe6ed44a2c4c855a7b3,0
64e6ddbc6b98f5e84170cd620b82bc91a9bf80ad,0
61b17475809afbc3c605fb734cbc32bd99d66236,0
6b9964ff4b89205d63eac3db005757edf19e9dda,0
a2b2b35ac3b969686c647e57f5ca3bacc63f2c56,0
0cfc31b98778767cb2f8db93bc2f488abe058e2e,0
f53de756a84123040ef4c78772520bf718e3c904,0
dde6790a88d8a2ec438568a4513d7d359d3602cc,0
615410d3fd90f91f422f0f0037b7d64df2cac36c,0
195ecefc8d280d03eea601dfa68b58d0494237b2,0
10fa52161051650a3cecc55e3467311b7be0dc22,0
820dd1ec505fc6ba63679cfaaeaf51e3ddab6fcf,0
caddb8bd54f0f16f0b3dc9163bced6bf091a02cd,0
e948571866bad3f4f61a0974c5bf67e9eb85cf69,0
4e85f1df6c006a2a8bacc627e56fbae0eba1a833,0
0b4debe91af082432232d3eaaef788a5d295fb54,0
b59c7bfe249fc2d278f43492daf726b53eb8b28d,0
80a9a5dcbfbab44df7e00dbf923d902279133790,0
c11e89595db48cd99c9de60e437fa99399f0d47f,0
6087c1d35138e7893a227c44c3fbecdd84cbaa11,0
ea37e6e8d552397441668d53fbefb9636c6b5705,0
f967efc8fc8e786221b2e524b24f5f3bf9b7e712,0
105a350b154eac7c3f3a6bac94ec2cfb0fbe232b,0
200bee9fe44989e3049c0ba9db0349a8343b7419,0
73e0dfc49445976c681f30e6e849c5f3d101fd7e,0
9e0b31180dcfd9d39ca24d266cf785488a5aa3f2,0
9ac45f0efc1162004b7fd4ff2dc9e116fa185c34,0
038696c15426a2e5c72340f95e5ad69cd8407d28,0
813b1a5c34d75c7d78e389b2c9e5077dc8c38145,0
615c1dad1b2ed8901f97c6c75a89b8d49320643e,0
ea344865514a8b75eb4e9d1a159fc8434e5bb7fa,0
43f0424827dfcbc3a301007b5d5ca0e412473948,0
4859ad52decc4f15e09af87f528a52fa28d5d169,0
b57f292cdf14fef72e68d60c580cb80d794be7e0,0
e27c7a4842200fca78a03ab24e93f4551f482194,0
9281de1b1b05bb538a09d1437403d3d4f5994716,0
0b23b9eae3dd5fd165779d811e8ad5b695b36acd,0
d33503042e8296b0b540abcac7052ced750d1db1,0
f7c5c5c6db1f6455ee78fa578c3b13f88242a7dd,0
c6314067f071d125d1d6e951a4f8a25d52f5e70a,0
b03b21b4491567f0dbb1043d3e4156a51ffd5da0,0
8631e03f93eed57622352a0d6dba316841a1f98e,0
fa0a793d3dc02f6f8a29a409de6a5a1b8c96ec50,0
91928eed34c1284f0d3c0db0635c39c0cb114047,0
7e5be1cf84b9a1da900a4115b451aa3722929b57,0
c6d4a3e2c3a097558127c11dc030d3b865772fb7,0
a276ba7d78b3bbe10a8a9896c95635eb9c1657ce,0
e73816cb69ee7379b1db317ed9cec02df1b6128b,0
6d2e78b58e952d4c7bfec5ff9c9ee50751f8e5d3,0
a98a6a99d9415c116087b07f1d777dbe20b889da,0
3c96b101bd04ab1d48c26edfa1ebbc47c02f274c,0
789f88eaa21d91a0c75389af46d16fc06986972a,0
e18ace73ef1bfb79d026c2d8d19cd26590e8a169,0
dff8edf3a980aabcaa2f8fb823f5ea367c17a01d,0
5c7749d18f5b7f872cb5535969b1e0788eecdf22,0
5f8c0167071d8f7e287739fc302aa663f0b657f1,0
8d35d66ba9fe71e9f7bc853425e4bce13c961283,0
f84342914591ef452ba35181c5a05e2e5eca1283,0
8d6933daf6cacccab1558d2564711c94aeb20a11,0
e233ab6b1464601341cc77ac489e9358aa45fbed,0
7c9129c955cb3661d4c80c23c9525b3b7d70687e,0
d7575087eb4eee45111e759eab19fcf58be525fd,0
804e7c818f12f857d446e7cdf5d147d7fee7bb1d,0
bd3eff8b07671b9af2809c8f80684c0a7df3e756,0
397a2c8044188433e39c68e4c025f1f64119dde0,0
ba67e88e35899ffd28c0b0d8651098538d1c84e1,0
3a35c53c6c9a3b9a1feedaf39b72e405ecaf9df8,0
cda703ccb891290208f28bc6afb2abfaea7a6c8d,0
5689c91cf2a3a27f0a3a8a362857f2cf0919d4f6,0
ff6c5f65a5f6130465f97cdad6d529cdfeaccb4e,0
fa880a43ed4bda54eb4fbab629d3c118dff513a5,0
1fa1940f4b365df5802cd50ff82403a85715551c,0
110ab39cb236fd7e6f517c8dc3b389fa215c0020,0
949c911a87c598ac694966bddf203eae59f06e76,0
038f30447484e4c6221204512143efdfa9ab6c80,0
37d4858a67e83d92b427629bb43a25dbcf4e8459,0
01fc8c7159f342574f54bee0b1fda4b6449ca5f4,0
c3c825faa65d87e4243c2f6cd41e447df22b6afe,0
8c0bae01e57a20639f49c1d6cc4f6881e5bfd429,0
202076602afe512fbcb792caad22085cf33c0a5a,0
eb6d6faad3ba245c18aceddbd28df8b04a39585d,0
02ff51e50401e43dc7101b57e5f2306a8bcb7eee,0
556b744c277d31ed273c85bdf3901c284990fca2,0
8b6435cf6fa31e28dfed04cf49bc7878aa8a7632,0
78e3e0390eff215ca26b8117c5c2ee5e01e9592b,0
6458ec180c7e94c1f648239bbae9880044b0a819,0
d03e715824a41bf184fa8e6b719b4e0832881fe6,0
fd13f3d19cd3d1f00badfe2c9b750f8274edc83d,0
ba1df937ffafbfeb13881797ce8c71662dcb8be7,0
dd9a45ea45f3231b7797574d7febb2c1be922486,0
4f85c164a1a4eeb8813b61cf46132fb91971b323,0
92529ed9038e21866c2c1783c02a126b6615a8f5,0
63d7c27bef02b9fd3037463a60ae0109bff80e85,0
1131a0c933fc74e66012f2e4995d121e7e0de370,0
56dd87e8b8cfee4d10c0a4ac5cfc5ce06a66df22,0
38611d05e9a53442452db2298075f87c12f7db62,0
8dfc79886ac34b079af682a1493da978a94982ca,0
96d7d49f336a1ce561aae1803616c7a561acbeb5,0
d52631700651ebc1ba3f96e92196e267e6d68fe6,0
ac6ebf4e1c506deea6c2993e111d93f3cac65e44,0
45e8395ec7a63f432ce8df03159ee5465b1380ca,0
a1495290b931856840bf358dbfd551639081d227,0
29c7b18be833d202ee953b023b79d2f38d81e31a,0
abcaaff836962e1813f3603c832bfdae0b697b58,0
5755cced016dd176508a8f1a9c35bfc863bc8cf9,0
de3614e3dcd6899fcc0cdbbba1e7921bdf6819e2,0
3e27e51770124866c530ed321f21368ea07e7740,0
caaa3fb9bd6ce63bdc85ee567685025f11df010b,0
6b03fe54b8a434435bea6127048d380e414404b8,0
0b135af5a0553d9882efef13e60a464986e6af36,0
dddd8c4e26f1d254c55749e4b44ae7c6cce5001d,0
c7c74e936db04afeef3af431a597b16f923f6f03,0
ad84785d9d4923059c1b76b92074ed0454d77e54,0
ddae5508483084badc5c9328efae0f2e50ef09b5,0
f5ce8c408aa7047efa0f9d418c2d93eddb0a4a63,0
e739844b11c32a88bc04ebb39c9b433d364832cd,0
41564884dfb874c15260fe1f82d3616afd82bf11,0
63f644daa847e193d9f70791ef2337816f6409a6,0
2a8356cd433ccbe3338c823ad7c61b6f895cccf2,0
8f92211d35e25a0f283db012b34eafabbf19331d,0
8dc37dc4a7b516a1c70002081df13f0ad781ff3a,0
1d0422c909b38483d1d7ce612c93f0c5fde33043,0
9f6e57364f0764bcc1364f1c5b5cb6e1e7765d39,0
3ba01073f647da53e4ee662a491be88728cb8b6c,0
7f8897fabaabde9d2d3281df8b6bdba79bb24de9,0
43b926eef8d15b2d9f45a96d16ffb8de4a1e4fc4,0
e6e16820893699da869136a28403a05e762c4778,0
48927030951c5f58d7eea559856b51faad0e07c9,0
1948d987db404513bc0d9e3dbc68d880b4aa4989,0
876543f6ccfaade38887908acf0bdb4a7c070473,0
a36b59c6f8ecc83ed2d931e59d871ecd4d9ff2b5,0
1068e2a308b9003b521a913b4968681195d3f74f,0
733768a6d9d0d8f7b419575fa53b431d2e5d35b6,0
c033ee2feffd73a8c86b9a77e1ffecc5f997c519,0
f5c86f6d4e8d9023f9e023fb1cd09ef47c8fd1cf,0
b5680c55f304ad97d62b50aac531da5f9ae345e2,0
9801f93d47198855dc85f0d8bdad6e7237750734,0
cd013c9239b1c9d2f9c910879155daae3f216eef,0
8aff0a08f2767ed06f99b9f5a62b158bf9ef04cd,0
5157875ce504d4b3c4d14bf5972a1dfb785f19bf,0
9fa1d734f66f1ad236cafea54bfcc94a1ba8fd1a,0
45bec219d2e039e85e71711e01d4543a85c1756b,0
b5bb3e6d3a4ea3b6908e858bbbfbe30931ff3583,0
157ba27be7bfff51dd55c4e322bbe795ee9689fd,0
b1da31ef401d6204833cf98ba1e5759a7bdac169,0
31ede5565bf19df016b945849d19d18304bfc6e4,0
44b0bb5273db99db4a191b8b24f5676bd7a9c523,0
5aab41b3650db0fafeaf900a5b8c20342ea6726e,0
ad69874a7876adfe116dc1250e121b49a3c35a69,0
2d97e0daf82f72b8241d26cf6cff36757b240167,0
fb6a7e7788b976dc53f6b2ff1e0bdb9f467d4987,0
f22dbf039994cba8248698ae1c2a9d8111ebf717,0
1b96fc14944e20bb3ecbd54d463c0338661b4a93,0
0a4505fa97ef0ff67d3b932b7e6a015a630275ac,0
b4456352bcbe3672afba526ea143fca7a53f7843,0
c9e825e823e30c5b1e3ddc9de5e8fd0094d52ee5,0
b5de0ef28017583a451dbec86928f7682b2f8a94,0
1f2003041b37834ac9fbf78659c19372650ab355,0
d704c0dc70a2f861c043785822854b4a0605ac6b,0
bed6b1128d2cd89651aec0ba7e41e2625df38e23,0
2f60e45087f512f139eab1fef7c727c46d1c6a53,0
413c5f8e89546579afa907c7f18a3762d4a6d0ea,0
e0de3be47c58eb9bd7816963770e785d989f2bfc,0
123606371b04a45868f38601d0c31316e0419303,0
55570e8ef7fe5eedc91d0eaa81f306401fafd5c3,0
e9647813f7a846318b228b5d4ba01470d88496c6,0
615eee5d51e14a00f0f7dd0ff7846cd4d7ae9a9e,0
efbfd2de9765bc01e4916b16e8eb82370f25ff82,0
55e0776408da81feac81b405533fe254dd7ccfbf,0
ef6b0aa05ced2041fcf5cb8937b464f5d54a8608,0
041cf552c59a939aa54e9f8708384f0adc19dbf3,0
5a17dc7ad38786680a15989e179255ed41c9bb4f,0
eaebffb59a98593cca786326d25ccdd959065ec4,0
0532e106688b8b1d34d96dc1f043c0815a9fb358,0
ea8428ab751501f777ec1ae68eec71e64e7a65ad,0
902a0faab4f64d7b4e8bb1f32cd465cf7c9743e2,0
dd7f02feac27aef5ba05cb1a3ab52206ee11fe10,0
76443d7f1d430f3708f5be7f3aa3cd6565dba433,0
edcf9344e62de14162efef59e027896fd5b9f017,0
f9f4c09fd77545f0899622cf8d0e3cedcd30662b,0
5569432c4eb5bf48b9ac370123eedb3f8be3ebda,0
d05119a9b96585a355a30ccf1c24d459cc9b8419,0
434f6fc5ab2b4ab4f8ff19d9d0bef2f27a2ded9a,0
605f59d86974005ce483bd405cd940502c643645,0
603c55895fc091f26a9f0ebb697e671fdef41091,0
c008f4d8956ef9c86851d906dafd6bb80fd39993,0
9bd9643a0bf2137b70690f4e77056d10b1a936da,0
66b54723f09e63eb7930a33c365b3214afaa1990,0
d878091c2c9247caf2032d8723e0bb9353c66b9a,0
8c66a5fcb7f08aba86bbb1efeaa0a2e1f42d4e16,0
1bf275cb60c7b7b8e7eb9575812d876d9db3a3da,0
c2da7e3c511f6a74c2450d612a61887b8be8fcab,0
ebed08cb2516844e9c028e457e3ae23e7c98af53,0
b74c697bba6d3e16941b669de6cca5e25ee1675f,0
5b025fe4b60ebe33fa3e8cd5f16f0924f8eefdd2,0
90e357d461d672d6e9110103cdb9f335dff9229b,0
764b9bba528487fb575b84766998086c24bb1f48,0
d5196e7fe47b3121c4d18f90164ca66979d5fd80,0
f3346dd0675b81127c02d65af46d208e1e8d8e94,0
c284260c431f38c07c9ddb3defc2b1738b288c66,0
53e4f62b5126bc02d88427ed5a257dbebb8300d4,0
d8f8d9a3a85165d9f1a917138721e66721d46f47,0
f2480a984fec5aaf354b4d179f51bd902ad3e0cc,0
12e4ad1cfafa07f074b226bf7e8a10351782a4d7,0
5f3a9a6eae884a8be0a6ff41e581232c80b10f5f,0
412f1e13c93e4eb52b0cc9c07b7a0452ce3bd31f,0
c6f577555b2e789791fbf3c0aec9e59a2666b2e8,0
bd8dbbe0be26cc687d67a7aafe54936ef6285da3,0
2adf71bf239e7af87f5e4434264e6f5d9d32e741,0
61e82e832e31037810cec0c526ecd83fbeb62227,0
2ccc58e34472cbc0c4b9163bbd7f6b22dfda0089,0
08d1f6623678e8cd0b37a9d2d721b95545bcc151,0
3bda8be03638b5248df2252832388775601692ff,0
35799d095886243ad32f46c81a77f85743d5fb05,0
e123bab1989576ce29a5503e6f3e95e8c06fdb3c,0
43b2326713ab952833c2ed4c88fbb0b34cb65436,0
fe1c7903a8b97badb59f4c63b440c35bee4cf6c1,0
46cdc660f23dac18b236fd34f6694e9d764606a4,0
0e2ebd347c4a4afd6c4cf539678d2a23d3df9570,0
4cf3dc8c8f4ab9c353de64e79c4de113eec93473,0
09c662429ba43ccadb1f16cfae82b23458ec5c1d,0
14b60bbb9fcd873b5c382f0f3ec2c036c7e346c9,0
6aab14bf1cd5908dd41775847b4406a06d90758c,0
e832b70e40d734b44a5e9f6545a26e382adc9dff,0
c9722131d50de2a78aaf79a222fa5135431b9a73,0
93d520a3e1781d99f99711df7016f474b36fbf82,0
6a991d841301c30214255984535a1fe7f78248c7,0
6f51b9b7cb362655ad9b6587120b63d56e44264d,0
6b3f258ed7f8737740a22599458c0c468864b837,0
fdd73e696aefaa038c64471d5906879c848cb7fb,0
146ddf23634997c8f3d076afa92a9b543a2a624e,0
553e192aac6903b811b5d7cce0abb488e99b6e5d,0
4b1a602e4903167be5e8e90f2a1578630a56ce5b,0
d9f5b615675d525bccc2c04ad8f261a783386c4c,0
20ae8f6888705cdc74166cb2f8bfc519ff274291,0
34a3096eb4570179414b92d238138596f3cc807e,0
05cb6139b9888dbe1784128aa7c07a31c6ca71fd,0
1cc78abcdfae71c744dcfd3c8b39c14474ec0949,0
38c3d59a895ec18495fccb98550c3cfb005bd8fb,0
13eab3b25e6031f0e36ad55e7d6ba56cfafc04ad,0
54afd64c79064d76037b31e88cc68d5895d9b85c,0
4d066361c022b5d3339548b1c423a049e83b4252,0
8fbf27a830d79ffee5cd45030da098b4646c9215,0
faa48f6b6a6f0c1eed73ba0c69891f324f36829e,0
75b4058ac4b57661f06a20b44bc0359e639484e7,0
6d7a3e6eebfe9c06567b3fc7903ae2ea9718c33a,0
110b4c021e4901efab91499fedcdfb43c564ebdf,0
7995aad79fab336a4534a5290fdd760df7f55dde,0
bcdff98f02c3ef011187f2dbf7934a3ea3a48db5,0
b8204aa29b10d02777b93eb38307075e02518454,0
d05ad7abd6093f26e79c15e585c77c7102c3a9df,0
e14a2d92269d23c09e38e8ab5fc51c2eb1785610,0
40b4b03d264205969305cee0e85a50ed81d1c946,0
02d6a732fdbbb8a2985dcaf8de1386aa297b6b3b,0
6fc542586f6d6e309ec0d1ecf5c5902f0c2e8f06,0
43c80576cfe661b6f832ec7db51ab0077711f0ed,0
206a8f1f4456f3042f0858a48f9cf9c6cab62a70,0
8ff63a0da3a82c8aae303f9c28184240196cda00,0
3e9526de77d0e330e07c9c479cd3947eba6abc97,0
a6f97f358ff2523c05eb5e4d952090a100ca4b10,0
3a3c517b4074b752d2e17153b8f8b5ab225b9f92,0
c1c4a7535bfaa377eb7a72de7b7e36a04f33a2f8,0
12978ce65b7bb41f71c2fe38a9cb9dac0294dcc5,0
69598f5b3059a0e6e4c0d762c1dee3b1e90c38b2,0
dd1c0d929288391577e40076c137026356c574c1,0
964f6ea4789ec1540226e63bd41001fcc564cfca,0
66681a764360380e27ea1f3dc617812025c7b7ee,0
79669af65ee0bafc8f8104f24d36037c75590d44,0
a769ebc3e67c29e34facb572be8f3398c9b72ecd,0
737f32a06c6dd3918b03bd4d8e02835656f9e41d,0
b2e7374bfb91b54d49dfb4d327de639ff1f4b127,0
a3e5a0134e06911b9ea35b1bcdeefd10a523743f,0
218eae4c3af792c84fd93513ba9870e9759e70c3,0
98e7ea68cec0b03acd08f28d0c67d7698f03af60,0
101e988aabc6b213535426aa343cc194613b5035,0
4a5cfd336855bbda6d69ca2355a40cefdbaf74b3,0
bae0e42fac5c2d7e7b4cb73b6f5552e7a60a1055,0
8e0a8f2298315e977b206c437ef5dcf65fe545a8,0
a498962a0bf5d36a60ce17fdd2720607e97689c9,0
4b5f1cf57dee74a23a6cb942b0acaa73150edc99,0
433700ea801e5ec01c6ac2d3a48e872684c9ba77,0
693e5129e80843bfaba82720fe29299196372928,0
875d1054c04104a0ce7eecf250a021512fe5f057,0
7ab21126a07ad438841e30da7875553866c79fd6,0
38a9209456be83a4ec65e7c69993ddb8748145be,0
0054e51500f1f39135bd691a7d80a76f32a9f3fb,0
af95fdaa2d9765baaa4b809034a53b2e523b789c,0
649dedbbe8b6ab61fb3c4792c86b7e0af7ec4a73,0
3621a65051f8c93059b113037cdf0a0ed32c9088,0
ddac01fc9a00d8b70b7a679c0abd89dc861573d6,0
81efeaacadbdb541715edf13751df791c3892fb5,0
772f97c4378613d241ecacc2076fdda20d59e982,0
47f96a3c95fa24c42ad842f49768f6c9529430fe,0
0683ab262d7d7a6fc74e1ec6da4ac910bcc2b5da,0
b1a66d2da97297c4a0b4c64c6911fa121526a9f9,0
5512896585392d3b15f568ef261062dd0eb7e13c,0
0131cc31fc5f367813781e84dea215630955301f,0
c8682216b3149cf1d4f87c9b2a9604b0430ed81f,0
fb341305209dd75367553f13ee902a2248cbe9f7,0
0823b7568f55afee2a423485ae615fff7437be80,0
21fe158cb2037b7f1e23c529c06bcca949ae1d1e,0
2f19010c7a0812abde352e3060712425d06db949,0
31dc5c700e1a08f4af33d94301ff06790533099b,0
5e085b72ec08121f2acefaa9110a0464ebd40e67,0
5d05df0f9e7a7658cd4a8aa6edbb07cc2a8331b4,0
348cf477411421809e7f89dfaa4338e96236a9cf,0
6996806101b69a87ffcfc4fa9237c075105d722f,0
600f0c8a1d9f4b1884cafb7cf6f0e43da1742fe9,0
9f52471fab5bf82db3d2f9e0086bf3c56c894ec6,0
67d23532e5f035f9bd79705cb4753fcd0d80ff45,0
17e1f408f77cf320b48f91371d2f5c120783f5fa,0
301c91f6e6342d5ee16dd9588dd396d74f7c9ac4,0
c147084647c53626d4100ae7b643a557f47be34e,0
ba09f94d970837abe778bd57c69fc7fc4a58f162,0
c5af087b58dd087be48813bc6bbe95689a784411,0
8a877ec12e0209e5928b8cae806ba83c8fe5ed79,0
e27c4b202aa0867d629295c8590c17b25976bac1,0
bc9612872904f6d375f73b308a43add8bf203879,0
528e4c7655b84b6afe5bf59601b7744c4bf09ca9,0
4897c8869b7050ba98b19c743762c10a56581ee4,0
3b7d72e6cfdf3ea74e5de89412637079dbe3ed37,0
03ae16503990764ced213063e9bbb35289f65270,0
26dc0118d486ef89f463a0da0837cca86950dcbf,0
3eb8facea0c9079cfaeee7c6292b107f02c7bf81,0
c3b4e22562df9517064844caa13416e5771b2eb3,0
dbe022e64600a41fabb4d621c6a9809bc9189990,0
cf0bc2b5dbb08ee1f5c0c8d54df307e23345544d,0
5bc1287eae43f30afd483162c1e12694c8ea01b9,0
ccca0a017961d6ad6ec58f5565f3291088072cd0,0
cb4d8afe4542bb043f6e8a267ea88438489dcf8e,0
8577e0c3295ae4d933c5dff22bd034487adcd23b,0
f22f659321662b3dc04fab0c5e2a1e878f6d303f,0
1f0ea934246750be78b15c7a72192c4a7835b7f3,0
d506ed8be045a620666175a454cf6cdec0ae90d4,0
fed91a0559bae51c3e79ac6a067138b5f3bb090c,0
7a23f1422928bbcd2bd92cc9b53e0bbbc5ec2fe0,0
7474e5db7af30c05336182b4faaeaf92c8e9e10f,0
af2fb3b29ac767ef2917c843e2f562c62192a273,0
8333f7e7ba494789ef781dacb638838742bcefaf,0
3480d214bd65322bf62a5ae1879574b72b6c69bd,0
ff3d7c2325aac03e1deb79eb343b5536029f4b15,0
cb9a59cabbd021a54ebc1e629481d864dd4426c9,0
c24701ed3b3d2f178b2ba55b281c4e8d4ca5a3f9,0
37de491eb3d99a79a8644d5287b5286e953f0af7,0
3276da82f0b592741088ff0181c0c89df7d279cc,0
ba7505d9a91be02088e1309f172f3dc55823c9c0,0
4e9460413a01846265831129eae856cb75ba9edb,0
eb3d1f5da5f80cf22447cc03ac3fa55c06fb77b3,0
88dbef45ae9d14a8139ee87e4cbc41b364b70e74,0
d0e22083ca8b48043b4aeeab451c97461ac89867,0
a8c4c01366d10ccac8028df20f5c9599109b0341,0
b99969ca8ab6d0f86ae00a385fee16d70639a963,0
aa4a6a1a253bda2dd69fe8c3fd621a919ad62938,0
35495dc8d98e21eb7ff55ba3f175506276f94fe7,0
2957f33b6f63634b5acb9d04a4733d4581e9c7a3,0
2242b6f2ca69768aac954696e6dd67842b1ea4d6,0
deaed63d51cc19b390fd6ae4b0f04efe73a6c201,0
dfec50030ff74fe5324b0a743f4388c29f9f6f53,0
1bf70c5c9637305d210795f3d5866decf340f68e,0
53529d8f498f892d2b94803b91e1d4fd2b885b38,0
984bb2b585a79b594a863a1da781d015936ac05e,0
61c575afacfda092d433ef2211e704e7a7ebdeb7,0
e80339626333396a216d7e81a7d7ab6a8ea2de6f,0
031c1d0b8c5c183cda8de2cf20cbd3a2ae662dc7,0
f17274ef5b147a38b766c861d648fd4d563f9355,0
6d9102ab92fe95c837b20e50534352145f680d55,0
c56be9c3ddbcaefac9dcc720238462cfc529fc06,0
bc4b945bde0a54571126296146dcbbc175c9f63b,0
f62f0f59a33d2c42bd4236ea7122735de30d91fc,0
01514294a5867c420c11d8f71015591e77496ff7,0
fe95edd45ffe8d4ffcec17cd8d7741687374c17f,0
3d8408776ea4d281fc68680c4d87483a4ed66883,0
19f5632919d500f56234674846ca05918f91c778,0
669f6833e3356f210dd463c56d2f6544bda7439b,0
92d6be66ff13ff452a06f8e2b7d4cc4b056e74dd,0
5283344927583f0894b79ae93515fd27ec5f9180,0
3e86896c13aa51480fbde2a15b2beada9b6f0008,0
ff4ef533a558a7a176e4649ce5c6d54fb2383217,0
ac1070e84e42acf3c2ada36e4727c2d99b0fc48e,0
ab627f97bc84063b3c24d6c459a53733c6b06aa8,0
2296d0bb1405354fb226bf654545679c0c4e1b2a,0
d5c29230d8cad9e83b39a730f8e4500462298339,0
1a77a547dd72e82a8967e462406436a1c2e341a2,0
4f9be0faabe494f1f9a2000df288d79d9ab6663b,0
265b74aac7ec8e726d443084db1d87530419610e,0
ee6c682ed5fa8c1b33aa1d52a1e2f088b0191b6b,0
1fc15b43d4b243262d6383d2e5a554a2158aa57f,0
9dbabe249449aa7feef2375768d3472f75944db3,0
3700641b4e745a1804b4409c58dee15b459dad16,0
031f4f61b70ec88d16affc982a7092935fd4a0c9,0
039c5293a1121cda51e209079b1a8f414448b9cd,0
324363816774a1f9bca998950081130be6756611,0
32a9a350c67f1418784fff266d7e7881ca6346ad,0
065662fcf35087fd9100ee0e8827c11e309937c3,0
ad433ecc1684683e3eba11dc198cc0d853299410,0
954338a1522aa32b869966be63ef833d10cdd79e,0
da0f6a8051cc60d1bebe703b4e390ce3035497db,0
f89a85b051c6e81bb4dafe12414f105ea69ef413,0
5e71a4add54e626975a3bd797b0a618ae51a084d,0
4063df71c300b399fac4b2dced18ec0beb4556f7,0
062bc6fe7d48d4eb4cdf3abec09e7547a0a9aed7,0
75fa90e96c3ea16f92e1a178b257534990ac1616,0
d68a7a4189be8032045f952952c1aa9c764a3b9a,0
1621a23d2bd99df845abae0beea0add84135a49d,0
10f6a80c9674aca24c633d9816272430bff49425,0
bb017e0d4d139ada3dc8cc3e6eccc0c34e0bbb9f,0
46a081d69c27f0c57ee633489baa62b01d9b3cc2,0
d18fb1abdfaed0671a33753c7341d80b64a2c7bf,0
eee51821a8d70ed5f083956831056ae1ad634988,0
e5108df458e5bbfc35e55fee33ccb66cba254358,0
c79e548fc4814d6dd1c7b88585916a78264aa2fe,0
e0cfe47b77d9a36c6b579b9b3fa3eb95c5c3c265,0
bf7aa89ca45706ad1f40cacdf7448626529dd6b0,0
acaf4582781c17952b25fe86abafcefa0489c2a6,0
e04966a6122ef94d295a070bf96774629e9f05a4,0
249d9e474459ab060fe6b702d32dc5e2873c8ed5,0
a9dea5e5c4484c28ee68c002fede54a6c9fcf1bb,0
d02958ca097c65f73bd51adbe246ff4d3ec07ca0,0
bbc2e7ee859287f84055b7637d92363cece9442c,0
00ecd339bdd8c977822d78c881667df3c211d146,0
73438e431e9b4bd752ce901770499577d8f828f8,0
05724b2baa1d160f08132ff2038586e389048680,0
217da1e6aa2b2c9f626ed2efa42e3e3996175571,0
dee8f6fb849fd3b7d928f13e273f8160f0a45f5b,0
68cb8af7e402041e33e931f33bc60a32d7b9ce95,0
3ef823e8e1ff4f12636fc78ab84de6042f6efd9f,0
567388428cab9b2aec090f4c1641a69feb6f5a5d,0
d41660809d53b1679a6dd697e07679da5e543f4f,0
c7c2dd783a2b7c97267a4c185ec1cddde10d513d,0
dd5d284e86cc83b1ef8088fa8cba383d95957850,0
b69c4759ed286546ba5437d9fcb6d24a1e2d3f8d,0
268d4936d4136ce35af688617bbd6874b0854f4c,0
180d948d7f0cf73fd9a657ecbcb382b2e9b22cb7,0
c7d709b22074a4f5f952cc2b71f9053a5a38b138,0
a881c3e22665f65d974063d0536fdfd75f45d0d3,0
00c8096cbf6ca89b17685488eddb5d0782fa18e4,0
9273b557b7d30cf52ebd09a98aa0f9e221d5b502,0
487f5887bba4110cd2846e633ee546243a84c7d3,0
e12eb5d4d79398f4d3dab7a593efd767c59b74c6,0
5f2fa64137db3c492b97271e6aa42ffd5598c475,0
97611fda5d134bc7f32533f7c11b9b2a3f4bf939,0
d4ccd259d95ed8f1e2a7c2526cdec64692ca0ac9,0
47fb7767924e95157488d0816599e5d7c9cf40a9,0
c7aea90a7a6e27d7159034cfbea64f796c6846af,0
4badcde7f7cfb7a295103b5b89d1e58a868e196b,0
e7c421ff35958ce2df61de1091d355370ae28475,0
91731736990da48ebb60554eeaf4e22146eafc32,0
4cf50486a3b50d632686039a1701e3584fe19377,0
1861ab9388ebd997799720e5913b2c8553c6514c,0
43fe903cadef99ef243afa8cf6e20522cff96831,0
cae8364d9e44065272eea22f5a64e78443b8f641,0
c5c839ff821e04a6914fdfcd227fb0edf9d2f164,0
05803b0d5826891c03927b2b1a49de8a77799f72,0
c10c62ed737b57abaec72acca4c830492e2595c7,0
94d5208dd90c645290c3e184c4a8592c4cb3028a,0
fb184a7650fa0e5419c5afb51c88c2d40ef47d63,0
c56c77ed9502d079b3e885a65bc4a4cf666ac8ee,0
1dddec8ba867bc31233ba194f0753ea35818cbfd,0
deb5f817af5a310512660d0b9f5fcf1d55f088a5,0
f070987f5d81f07662bd3430c59728d240ff18f8,0
a7be33e9c6603cb15fb873ab721fbca1ef300600,0
dc54284ee75435773dc37022d3759c582743c189,0
a14b28923e3a6d76732de072a774c6eed1f9ce61,0
c26c72f8a8ee9996bff2bf139eb42fc2c56e62d8,0
45b32d3a9c9695af12083dfd91dd2b3f4c2912df,0
6315e8c138d2b23427e77271bfad2359432a570b,0
341aaa797d515a1fce5def6b41cdc481701ad389,0
744da0e2555dd6439a6c95a927bf8a638ea83f95,0
5ffe0080744ba6ed2707767653a673d51d2c0c23,0
91dafbcea8fe66127d5fbab5bb06d7712701feba,0
64b2f90d20a20faab6e3cdbf6009475562740a87,0
b7b4ae33dc1f275297a5125ca7ed323756130dff,0
4d403b4ff374eb7d3569a3e56cf135666ee9691d,0
e291a601db76e73b7644440543918183f4b9c700,0
acb237c52dbc6b9c2976c05fcd610ca0433ce654,0
5b350aa33b1ec01d65c54b765d6f2ebe2dc61728,0
6363fced4b3837afb8a36ed109264b016097d8d8,0
a33b86e61f23170f6f63fd484dee477dc78bfa6c,0
45e38e91f902461a91dfbad36c681435aa95fac6,0
bb270696fd83de10172b2483941e52711d78d860,0
ed0f5bea111c449fa17478d7e0c7c37c3ede3863,0
f05c39b6e4d0c9d0f939a13bed916c442b098be6,0
d22f4e1e613ab35c7a7e07a0b69bf6bca92cb6c4,0
4453bb3ede27278e414cb634c2db1ad268116622,0
3302d5040bece8f2bf2e236bd99c5bbc160b1d93,0
5d675a0e294ca83b5739ef57be7e9bcfb04c35af,0
093dd682d29cde9a994728536473af06d0e81fef,0
f53ff8cc209b77ea63b79b9ee0f1f1f0cfb83713,0
abf6899e0701e9b00f4f761082308255481dc5a8,0
46acdde8bde91f8f266ffeaefc8d526309c24998,0
8fcefb4f98856998d857e90f73bb88af043ef3b8,0
724c00f0e86926e758b56bea03cdc517c475ad6a,0
e22a5ea87addb8d786925a46d74d8dfb2a6c41d2,0
fc686a48ef60a2282214a7102830f94cdcf16e2f,0
7ba418fc6f0b4e911a33c8e086a75a622a2ae09e,0
5d1a5517c99067a49b85891f194d09bf00ec1006,0
74d8ad5c2c490da71082cbb14cea66a0b3a666ed,0
8b54728564e3e0c75ef915fb17f172326e8be197,0
9214c65371dded64f0a8068e7b877f97d50a024f,0
36111ba5829bdd4249c7418c1aec17c149ef86a3,0
8a2d7afd9f1be1c6cc6b5f3102b6659846fad874,0
79adb9f677e8079a2160bfbd096521468bcf8e3a,0
0c42c0c192ed77786bf0e2f9596acb2640ac5401,0
438716a839ff94ef72f7e261e7fb1114e482cb39,0
cf0778a5ad0ad876d4233816b46978679bebac35,0
7f90306f909e6dba46be275c0f492c8de353b492,0
133327272a3c7466ff53acff875b473556d0a4b2,0
9d1c7bc17c8344d751e1a5aaa8c94f4cd7118f73,0
677604fb8439a39e1f97343026c64928afcb121a,0
7852ed9d4ded7c717296e0e59dc971e37d2006ae,0
ab7b6734d3fbcffd75d0550c68530dbe1da708fa,0
1406f67252c3ef919c1045ab2183fb03d2bd5464,0
9fcd9c86edc05a0bd25f8eb73cf840400e5e6b95,0
e2c0396660c19e2839000e0b9ffddbf956c40292,0
797d550a92d7df12ebc83e3c5e3fafa61a2a8ce3,0
78c1c7f9ab79cbdb8fe4469e41858a9308257cda,0
4e3151a8ff86a5c00b2b660e6598c5d5d60ce004,0
98eda5181730b8f844c8b9321aa8369fdfc41584,0
31d7eea1c6205066b91c79f19219a436b26e9060,0
494a4db395718d2cd9880ee02144ebff7c57ad27,0
306dbb0cb01f565bf04d8879cad9b413d94d4af5,0
628044f75ab1b38541090d5aa4e932d36b18078b,0
496eb10372c0161eac4729e758d789357adfcc0f,0
553a3a75dfafbf50d7efd8d6e88da71a637a2aa7,0
d62d4e21ef20ee01e65cbf5257e04d6b572aa73b,0
995dba307c9dd9e27dd602c3e1d5250c7d556643,0
48ee23a7dda0caa8b737507ed3485cda7a1924b2,0
1e0b744dd274a9fb82f075c2bbe2164b02a623e3,0
fb2d228380eba79585099e4c5737b3e764864d0b,0
a9be3ec55bb764f02acf5bb438aee7e1ab660942,0
29b87d5cea51c2e087592db4f2bae7c290efde3d,0
0eb4a8f87f11632535afd3a52ce06bd5606383c3,0
0e17c1e93c5a5e5adf930d945a3235cc09361d7c,0
7f3b3562a787c36263c01c1840aeaef96fdc0580,0
57d4777d288022281e5d6befcb02a86e45d0dd44,0
6dd1cf3c6d03cabcd660f536ec625fde1396e950,0
367f39ee29d5536d1e3e5e39f5c0d8ec41eee6fb,0
2238145f563e911c02d6179afb27e883c0ec6b37,0
514f226b7d7b18aba8474cb3a92593ef1ee70bfc,0
dc35ebc48c00fbe45c1a2c4d4ba31fab8cf197a4,0
8e61b090ceaaf7b108f0df175e9edbeae8d37642,0
a21cdb512100349b4021effc9cdb65690c5d1684,0
f2d376ae01d59cf89a87f0114e21f9a5d4bc4885,0
386c1e2f37f77aedbfb624800bab51319bf3a9fd,0
2f7a3a811805375d37415e12f6435d04be694ea2,0
9078cdc8c4320296219a42efa304b21d2e87f0e2,0
34fcd18ae7a34a9f62a7e836a94150f39acdfa69,0
011c8bdc921efc27d7904109579893d579bd99f5,0
1c00d14d376475332c8b401cedb9a8c30663a5a4,0
773f276c2332f3a79fb1c225e723d02dcfbbcb3e,0
7651124bec8a74366fcc70af41ccaa2e441dec3b,0
2d21e19f063733a12add17f9933cd9270eb246d1,0
874cc143284feb8a469e3d41e05543663cffeafb,0
96a8969c13305dfe787847a84e362e66461428e7,0
b2412284a3f85b8d8602610d8b840bf65cdfe839,0
5b699d076518cbf2dddc286f65cb06d0873dae16,0
495167a3922826b19b381c3151634d66ac85b9b4,0
40cb020e8da5564fb71aceda3cc3ed345bfa341f,0
6094cf2237b89c1a02cc433659f874ebccd610dd,0
67929942a58c16c877715a38861de724b488a81d,0
f5e9f55283788fc15a38191baea2cf765a227f4e,0
62393bd601d62b96c741e797fc3302bb30f644c5,0
540ec09e25a3ec60fbe0a77dfc491475229caba7,0
d88f70e8ff3e73981809ddc530c19288c1f092c5,0
53aa7a2e9a4d0e186139dc72ddc9709595c2183a,0
42a73e149913176417fad0d98d4cce3765a7cc50,0
8f7eb6ce207f354c83157b95bdf9848d59944650,0
e968ad5a3f42f9eb7b3bd9ed95f827918d884e77,0
598e8bd51e1e900d58b9ce21f2c806da447888fb,0
115a6c64bc6dad12edaf3c5deaac7bffa0fa3b86,0
3d4ed4a8ac63db1e51601ffc31fed44dccbb276c,0
f544897e49fc6c3e3970bf06ff74940bcd6d3505,0
c141bc961cb5cb84c47a21c3a5b0f15ab0035728,0
71ee021ca5fa4ca5a6f414c05666aedc79bde78d,0
2c7e5e4b29c80d5475e971232458d3481bbe7136,0
c0d0d4f3ea898398d1bac7316084ef03b8de6433,0
84a80552b87a0c5264cef14c081dd7d7b66c9e37,0
4db28967504e830090d9d942f933a2a3877330b7,0
daa4193fb289e57bd15e10555378f97f90d79dcd,0
f6923510352fc3fbfad68bc6c5ac5258a34671b7,0
299736554ae0b71be544debbc931c4c40909bf06,0
7c754d9c1e96c2a3e90e4bf632b421a43f235e22,0
22500d11ae62c0d54021081d1909b504178e0276,0
d8ebaf932dfba06206c811b1990a70c59195dd48,0
9388c5747f4a742d2de28ae6fc0d92f97efc6b32,0
44d4acc6218bf06843833eaf275ccf5f2d526999,0
271cf4c9e945cbab3a1f87e905d4c6d52facd95d,0
0b899ee40b23e8e73e11f1604342be3e278b467d,0
96caf42b31df9da0bada58ae2ae2d277ebe20434,0
675d30d88282e4ee8e96952d672ea1e7fa330ee6,0
f13f787a6629e6eba2d027dd9635fb7cdcf0c17b,0
c25de73d21b991bceb64ce50e5b112ea5f2b67d8,0
c7ab53f9e34be876309e835f981db69920f79cdc,0
a1531bcd1e25f0fdf92743c65e01bf9d716d5868,0
d7f8dcedfa7b5719011fd14b620b045b4dcac9af,0
7f45b8898b804f0fe4fa55c088ff4a99a56af277,0
d94d76bbecf90beefeb4c1b51effd837e636ae90,0
e9225d05b25122e0914f1c6f200aaf8fe0e6a75c,0
6265e2ea3bbcc2e810f9e86cc283e0cb5877993e,0
d82301acbdf96f519b27fe379d3cbe9f17e1aa16,0
9949212b92de00609cb511d6f1b4599290240f73,0
cfe457636a53d3a1927f3c3f130074bfa0c9d492,0
e389ce1edcc909444944dcb4064050f4eab7b872,0
d8a6c6745b881de9cf8a145c6509fbc1dd0900cc,0
312a7b3bb1c9ac0f7f1e0fb5656bf6edc0dc2a4a,0
fbcde48f8f83a9f2ccf75adfcf606bef7663eb73,0
9747b14469aa88714bc979cab24e1ffda663aa78,0
36c4cc67a17b51256096f0a33427071b3cc1194e,0
8c1153d371d4498677605b847f8bfb0e0e743fd5,0
7a9c09161de76a436942473134d0c28323d58e24,0
e0b474c0d015f89a52c4cf8866fa157dd89e7d1c,0
e3a7399a7d82a5b3a33cc7653107821ce1709f67,0
055c20ab982090d48cf216e3a37055d2e668c538,0
93701c9ad764e94968d6ae290f935f46b10eb68c,0
346f52e2eead9c5ce2d0b76c49c3e6991e5ef050,0
1c42dfb05791a1172e03d355d296327c013177f9,0
6240c11f225e68bab717ee0c188e10ac479ba035,0
02732d6132da6e720502f357e91e3937df76d8fa,0
893cc1512bcee1929b713e1be9c4acceba54cc14,0
fde46a232d82f2b746f62bc7546e2e3371f20dca,0
ba607f525b842661d40195d0d4778528e2384e70,0
200d8e97453aa755af78f10dbc268c5d4f2a3e01,0
e9d7afbe2bf667167614869c7ea10e91f96ffceb,0
94b3784fdec5d0e9d63e4aec6772144b68283790,0
0f119ef2a6ab2ac56cdcfd2b73858bdc4f216a85,0
8e5b10a0b032988789a242d4f08add9989ee8539,0
0697258b6aabceaed851e12c2ab7f7ff9297517f,0
01175ec91173a4741c721bc6a9e7e298750ff29f,0
e182888fb7897c9c21740aa6eeb471a57eb2e6da,0
62d5c1037f6ff068128ce1fe164a6d2e6be46bea,0
b8499c108e5665a87248f2dfa6d8c8c459681748,0
f4c2ed4995d19c595ec0bf5c49d210df9046fda9,0
eb8d069089364e396e37ed5273cf7710e41eb06d,0
179e8f4775add4236ad76595e5eaed83f2c3e1b6,0
bd147ae86c646cb6b03235ad924e35c42cec842c,0
a3edc1b6a6e25e3432b7cdb518219af16a45d55e,0
553a0474ea11a9b61a8de618a3512f29f5a17368,0
d3112e4306ef1008673f0e8f0f087bdf273bed0b,0
473c050cc9e52931dfbb1c8430a4093454147ebb,0
f46f4e35c3d84b11bd30bcf8b3078b3ba4337a4d,0
7b62c8f6c900b03f93a5ec07505b674a1417a765,0
2cceff590d4e38d51c210927c611186a4dc0b654,0
80839be4577e298335a1d3887518bf1ef4455f64,0
f20df2124907ec20479bff5f8784a8dbbdc48425,0
d3e5953b597bb3b149dae16b7109e84de98e6773,0
772edb9112d39eb981ce34dfeacbd1cdfde6d08a,0
84197ae4e791b8b01fde1dd246c06b1922ecc605,0
53f223d3e397fe04ea76bf445e2db37fd09753be,0
ee87df847299c55c97347e6c11e00a283feb189d,0
83dd32b901dea25a571adcd6a976464c8a36601c,0
b19b2d37dafb1f26360ee5e8ac6fa297e9ae86ab,0
d54c8951d64bfaa7b85dc45dda5406ed05f9b07f,0
05588e4ebb03fb0c9c5f908d7bae049849565afb,0
05684561034bff62f8ddb6b61cbbeda6566291bc,0
485876f9c2d90b211b5776567086ec0700767f3c,0
4ebd3e398804ed374d05e74f0233e0ce5517b3f7,0
31e726e471b8fe105069bdb27d473fa03d0e13cc,0
474ab7f5f181bd47348654a1bb12e955ab32bc42,0
cb0f461237cc9a6fe7082b4a88578cf02a5362f2,0
e6165e93770844a8bc1627a2f56807b6e4d6357b,0
3ce3b27dbd579a918e97e1fb09e9b0153cc71a60,0
2ea44b2adae8da8e3e7f55cc226479f9431feda9,0
bfc88d23cb83448f6f5ac98cece5da92deeb221e,0
bb5244814ca59d1ce896e68fdbe0dc8928b32532,0
4b11c764e5bfa1fd2e3b85247c0384c66b515489,0
a606a0328ba4b3061c5bc810a31418fa4251ea16,0
259ac721ce5097312d8bd93aefde26c2785f26e9,0
365f73c4554e7753e84500a572a169f5daf1b60d,0
1df9bc70256d166cd78ea805a2dbac4433a89f2a,0
6f358e9e8d4a1be135d423f8a25262a2f3325463,0
b4759861743ead9c171d6a7e3145f2f30f48f368,0
3b75763f9d6a3cf4cc803e44772e7469d35418d5,0
e1a4955e917b96d6d21226aedc0008a61158f11b,0
eb54882ffadf59c466c350ad0a546ca4b16e46d3,0
13ac5b8481b71f3cedf66169100ca983a09cb460,0
931101dd6528f23deadb71d21a4a06f0e8653fe4,0
e15a2db16717b621dee4659a38b38ddd22056079,0
a14ee65d1484d6780ca46f8e0dfec679d09446ad,0
1dcf141f7c79c3be9cf0157e811f775ae9f68270,0
b46d417ef61b69f2e4562e596d55466907d6933d,0
f9535b52a5e242e0e3332381c70bba84ba4cf612,0
2425853701d6decfd3ff53c2803a9273119084be,0
2a3c56efc07f497fa094a9cea9e82724a6dd7e3e,0
e4e7de4df9e91b31f58eab1a3cc98b69b0875e95,0
b2a0ac79b6281e2cf8274548277dbda9a5db6710,0
94b0752726efd33f5a20b4240ef09fea52c9624b,0
5ac643368ddeb928af0e7cf8705b52b9beb31053,0
a914a268ba9c3ddc852bcfb0da680ae1103072dd,0
de7b773087a4b11c5263998625ce07cf202db08d,0
c8289bfcc9200ccf832a716cb3f34689c6bc8d83,0
0ef55fe145922d334d645e054fc194207de65b8a,0
d5948be13f788fddbf384643ae6fbac6cca87a18,0
84668a2d980316a580030fd64764cb072b520b09,0
fe44a99852719ff842ff5ce08b5a37d9b0a0d7fb,0
37442639705892348d2cd6d7717fff4d9841ca09,0
ff05749cdc68fae72f12fcb6e06d41a4528ea4b6,0
670a832d4d78c0206180ec2106a5e09592f65cc0,0
e910e9c908f4808a524d600737edaeb0ff8c6f0f,0
23931d528e829e7f76235b9df0ec03a9d4e93fca,0
cb674720a99a4701ac63af9720a62d7ca40cb7ff,0
936dd601b777454e45df38fcc117e623b21d3e5c,0
742eb8982bbe271d2b84f08798092f43dbea46a9,0
b4645f695b8bd8e823a51ac86efd176170eb9621,0
74c8862d0cf5bd34fcce19f48c865976ae4cca7e,0
c9ca06e496dee2b22a3753652735c0bca60afc7e,0
cb2ec37bd393030b58b3aaf3129dcf83c5a0a6c6,0
325d9a97d6265722c747f02bcc7b21b2bd6757a0,0
1e70575586107b419f40feba6ab31635ca6b5919,0
7bbbdd2477305992e4d809db5288d6f62718124b,0
404d67841ecba0d2a5e8055fe5650907d582ac03,0
1dabf262c90d76958175e98f7ac9d0189fd7fbf2,0
182b2506b304463f8f1a9ad765c6db0420fa356f,0
98e122b689734a6d002bfd3ae36be06f808394ad,0
f25b44b25ff966fe9fff18f489fd9087eb3ae291,0
bc8a3b9d8428bfcdfbce67e9010cf0aa27e6c8a6,0
1163e177137f5c57ce80092c0743209b28d33400,0
49e9754b6cb5bc3a8787ca1e2e74e736e8e9c082,0
d0b95be2819469371c0276df80e54b088a9b7cad,0
24e64686834ecd4a0dda80c91b53b15e227fc898,0
16cc98fbfae41b0fa3206dcb1e1a0cd7ba09c949,0
8445d3a9911ec67f07b76c0c44cc4c8ac0c16178,0
a4c60c4e011afb6a8bf0c580390a64abb3663b72,0
c47e5f95f6853f127c291ef2293edd9a28aceec6,0
89d2edbf1726b8cd512076ded14b6d05f0840d23,0
aaabb3eff8c3e567f77419d24a650c08faf41b97,0
55a2a03aa30836c814b9c2d50d5081a52f01d83c,0
619a7024c4a808fbd3cde9d8545959d77a94717b,0
be1536fe56c4d5898c1cf828011aabb9496360a7,0
b26198d2e97d5a6681ba36ed11791b15db4544c2,0
4a934610e7d911df707a23ad338ab2e4aa14daa4,0
7ffa9265e0c7d718ed143ae9064d9c3cc7c6d1d5,0
e55a870d36a7901e556245a8673d6529948c3e3c,0
54afdb303535a62fe00e49e3ad5100ca9fc55d1e,0
ac00199379a5fcc4db012d8eb1336c9d9802540d,0
9489d55d5c6a33e8ce5cc64b00a3282e84d2a81f,0
1aea1a6044b65fa3e3e1e2a573393e7c15570c0b,0
9b3b49036019c85b12cfaf82fd10c55e75554047,0
f3ad91ca383a8c0dd8d8f69d6276f2558ad7c924,0
bedae6950d43008929d9cd109c9e8fb163793bd7,0
a32c188c32fd0c4a8149bcda524d704dd609da6e,0
c42806cfa03979023e1a683edd0a221c51e6789c,0
6102734c93efa349290ec95bbf2008e89a49a460,0
23f18044d1cc750ce07a59662f636468e616d4d5,0
84636da76941dc5b83a8bc3ac7baca5583eb48e9,0
99f64671b0c743517b229a78eec70bcf38236eca,0
c1fbeee23ee0e5bfa549b8e3ed38cacc8b103753,0
4f3d3b4318add50a7e45feab3005621773e7e4cb,0
089b43a0a6de2d6ae49840aec3805aee2c309001,0
46b381eb4bd5b77b7322e73e7076957c2956860e,0
29723e851ca56aa621165130049e588980c5a5e7,0
aac260f84c568e096cb4b24f9b35499cc56a6019,0
a1395b6823bde82282e851db1f403a1981a949d3,0
26ed080b4689a2fd92221416ebeaf6734a962347,0
3ea82442873469d70a916022d403808b8e168226,0
15d9a6b052f475f5ad25c1d9075ce16cdd0c1244,0
e144ca6816168867e6a96a93298f8c124029c764,0
9a3f74709c56c74593bc8077176d559a586e7572,0
59231ca9c246d757b1a23e5a8c84cde10e8456a7,0
43f8e31bf52da0b79bd497c46bad01a306cb739f,0
d572b37a7d1bb1e93de55cac617b73ab7d725f72,0
975df007a5b6d3e9b457d719815ee6ee93bf53d9,0
c3077ad1c12c81acc3d847de4d1569666fa99b2b,0
a3aa116d35f7cd7f412a51aca83d0d870200e703,0
e7c6c5b66b8802be082dd1daf1e0e34c975ad49e,0
651c8f5c23fa59df2de73a7b100296b60a5ccdf8,0
990644599de015cf2e4d693a9987b2d5380fc8f7,0
f83d6e3fe00723b5a76f47709967ef3c0d9861fa,0
d68e2e9125126938399175f424f06301f497b920,0
2af6e9aa58558d38d9c134a3632b0e5b1dc38d90,0
ba1c22ce8378d389a0ee267e2f75a17a4860c7ba,0
7c32e527651a8a235d1b78b2f5d3f53d5e9bb6cb,0
df9a61e6b6a1878919f61907fc4c952101298305,0
5b9e0f6df6a75faf97f29701b016e00d0324a413,0
ec92ddd1c605bce0700eace96fb84331ad06c1dd,0
7f9f0375a5c3c04860896f9e05c4c5185a7e8018,0
0abfa791934a846a563ee6d4e89eb5e3f92f63de,0
b77014c9536deb38f91eb579c27e2484793eda44,0
9feaf9d7ffe3f4438ccdace378f49f1d4dadd418,0
3c44319a177428fe4867b8b1a7886e04b8f1677b,0
22fc77a222e46e300263fb4e6889990ee9820322,0
54a5224e0ced257827760a2326fafc902bc9a5e2,0
970d794e82c485ff4d4c59bc4f9ebd421992a923,0
5e5e61fb537711b95abeafd893f8f2dfd932479a,0
327cf6047d472aff46b457262e83155ac6d84e7e,0
5eac208ce673e0fd68a0e4fd0de8c71e5397cf81,0
5e7d64d6b2719afb1e5f4785d80d24ac5a19a782,0
4f0f75cdb60ab42e58888d6d0ce6a41633a90a93,0
25d89e78f0fe359abbb8b3e12b29820d7f7d52a2,0
8757d91bc3e5fa6a4a01bf3c16e39e2a75f28e72,0
4632ad7c7cd72228b21d5692662a2f02fd4ca779,0
24f66b175fdbc37c02ac234f1f3d7b2a5f13cc57,0
26bc45fdeeeda2bee38cc2a08ce99e41fd48e0d6,0
102a6d75650b7578e31bf18b840e0b613e83e439,0
672025e0bf266631a2398cf23122cb1c85b56fb5,0
06aea7e74cfe4a1578cb76672f1562132090c205,0
e610367507d69947c752cf2659162afbde4ec7e8,0
094ee7ecbd9f4d127b8bd3775a63f7b9857ed5df,0
5f2bf30edee6ba2c5c9d27b58fe8b032073fb991,0
ea123dd82e67b443a761165a22cfce606e604a14,0
bc16e0109a30b819c50895e157830fe9b3f8e93f,0
9c4d162fdc071170a783bfb91bc631238ebe10c2,0
b00777094f662c69595cfc9d5a1c1306ae81a6ae,0
dbd4766cfd7bcc0eb62b28d9b7ea23f22a5d6471,0
b1d01fecee3b347b2488eb34bd33c90db0847399,0
8a192eb6b57357c925a41eac18f760f3e11d9f42,0
eacbb1f8d5da1c913d775b40ab74b86d4d4ef794,0
8a579f0c773046d0acececcc7557b08765ed86a4,0
561fc60c635e6a9a097bea30412603ad3a862e73,0
2f38c4b5a871bfa77a2f05e9a5859879eb7301bd,0
f67852e811e2f1659448ea164427c557e82317f6,0
f0534ba8547ab5a9c64c4cecf0fa98fefa7ccc1d,0
2402e66a8c7e635540f7b9f6b39b83b5c812469d,0
d20e4f53af58315f2d7d79c235c90b3e76717607,0
92e7839659a4a9932a949ec7c66c1490209610b5,0
3803405af77c4a723ceea6cebbf249618299bea7,0
51b32122f9d6c7e1557eb9f60d41e75131dc9ef5,0
b27f6d5c1c46c8b0f92c0f262b2989efae18c47e,0
0bb850ca77f7c6a3c039b039461c1469c1f7b4ed,0
dac41b96d95ad277a9e690db9b1f454279f1f658,0
eafdd08e2096e15e16182096d94fa37e72ae908b,0
c2b082b54aa45fde55f8a69e4bb51a02b1704c6a,0
d5ffc4dde6236ed5afbedfeb333bb87dceb3fe7a,0
add397b17730873e1f47a597e9c28b67f6cbaa95,0
1d037da2a85c920af7ab8aa96fa7529d5b4584b7,0
765c56344e43019b6262a3aa909f561b86eb0251,0
f989297b5b85c0bd04dae0d35223b3b06972e829,0
63d1a32318070616119e492ba6286147c4cdec6e,0
67d4f42b112410f22977275333f9f1dc42683940,0
7eda9463c1c650b38813321211561e315f12d1bc,0
a929004b21ff46dcfafaf249ac69e89723710cf2,0
715051e086b2131229f1f9f0c7e2b4fc0c39bbf2,0
9d80ec034039b08f85a9e97dbd6cdd8524ee7c8b,0
2288b0ff2cce401f510ae9e208fcf1698f4bce79,0
d21a59baa559f57ead53a5bab22d60333dc46041,0
326f86925d32f17af7e02cd81916c97a9e63dcf9,0
456f92cc9b6cea3e8dac43a44780845e145d06b2,0
f810c8283783650f3a000f8ab9aa7911b2b77ab4,0
9fd7ad2d5b2e86988fadd38eea9889b39857dfe8,0
88f1d70c36e3fed812d8c54b46e6fa0ca20a7824,0
5b67c266496af0ba5b597388570fd5b3b7905800,0
dc2953e5e41f0d5bf069349bbd7c6fe26f3362e1,0
5c98ab1f940f2868089cb83e9ca15bfad84dfe4b,0
5509c425b4609582be11f67d7d43db15119923f0,0
465e6becd8beda9569fbdc9ff44fac7dc3c5d1c6,0
e5e1339e444a2e0c0835b318a20b38c170de15d5,0
1dd511132f104e15d370c468f8afc267d9ae827e,0
10b13b76ed467da54211f53faa7ced5617d4fdc0,0
b20442f4db4ae48a26d7d8bd0428479989914c76,0
7ddbace445ab1df207b2829a2044ef22f91fa70d,0
48b6d5e6245b7f93b34b7628c8775281ccac9e62,0
0abcf0d32b22401e2c8e358317694d2ff044faed,0
999030a23c214a1fdcfc2f1464183e0c752777f5,0
c0f585308188c0647020f74bd1ca7abef0f29b92,0
969cd66e3fcc51fbb14b268ee31b8ffe856a9d6d,0
3a6f20615b6b573146485b6ee210d90578aec097,0
58c29cf239ab8d9160b750aba5a32dfae9c9e511,0
bc82541c4eb09943c0c28c4b35441f7da5223385,0
ffb8b29790cf781765fed9d1da6ec6988842ad18,0
13354cd13269bdf9d1cbe7356f770f8ed8eb2f09,0
992e7cf6c8cb1a83c23f2499efe06856ca8b59c4,0
90c736c3a052abad03f8b95233f1b0a6227722c5,0
86cf126f1373c783766cd2957f536d721b68f297,0
f2b7f988407a55de784f4cb259dc066d3538c5a0,0
daf3dacd2c426d946a2b409a1d9fad88e95e5850,0
e9626144dc22c17ca5b0791093d877dff3578cf9,0
b91960e94d68fcdc639f1a00ffe758b6acb7d0c8,0
6934228ded0aba917d253625aebd4efb10bbae97,0
f698f9e64e4305b3aa2f3ae75b747acab4de773d,0
1ec6c0ae9a28ef0d1a10adbded66d2b00ea840d4,0
4b77d24042a411204c25f81bf4e5f38e43ab94a1,0
b30be60a81a14921b3c6bca9689f4886693f1bcd,0
0d62211654ee069e1e1895c66d0347e5179c3d28,0
58dfe5517d188e1daf20e507624fd851a87e9ba5,0
402a1283dee6555ee834aa49fee890eb1eab2b83,0
d07e31e05aad230328bf66ac4bc9c3be228e10bc,0
89679976b8b05c14707725489122532fcd71e2ce,0
7964c45a54347dcdcd9ea1640c62dac7b3d71809,0
f2c28e67b7c883db33a6cd1f7aba154b79f73d5b,0
d8fa78c70d51bfc0c9a6613e075dc5dc77dc6051,0
c31dc383c9cd27a51b37a2f71f75b2dc251d8576,0
233711f860bf1fd7a2ecfb478abe4d6c1b37dc87,0
abc268103795a49ed59b6f8f5b390d610a7e3f5c,0
abb39c22c0e538fff03ea4e53d78ee60c6c08092,0
1889cacfafda973edc371218f4d8d2ecb2f5af89,0
24ebbb069b59c7729010ce7c7a7c59b28a4620ef,0
838d7ebefb0e2e5e70bdb84c1282a69b99a9bb7d,0
5b0d49b81393c524727f9195eecbfe7610fc1f6a,0
f4c0ce3debf01195fbc4f304dfd7a0974ec4ab05,0
5f7812ee1c2f583e1a1902c96b5b519e86699250,0
20fdb8e63eeb511e04e9b5b8ae9cf43a54e4e3f0,0
8b378885152075b44c5710d6dbcb8df4a5fb3223,0
6cf08461255e76eb2fc8065ddfa15da28810ac00,0
d48e87e4f285d49e4b2c9091db9b56ac60751a29,0
4f4e9786a868c1657ed5c1d5af37cdbb86ccf5e7,0
b8de60e0c15974bde8d3cf0837ff471ee31fe375,0
cf8093776b5746b82d946b47c682ddfc059b89b0,0
69326c8ba9d4b0399701ab3de40ed20d35f9e248,0
3f43706192b1b75c5023f165534a12b192c31442,0
6e797a40a7fb7d0e5abf555c0d179dd3937bdecb,0
3e37b25ebcc33134bd5d9476c00c5ed48477b0cf,0
7ab94f46fd6dd38eea696a6059ea981f80de6230,0
ddb759d67a33496b482694c4e2de51e9777417d5,0
ff05d661dc690de4ad0dda606ee0388a0219e745,0
c20dcdadd49bb8371dbcee6a955960760a239aca,0
064b9d8a2f54b0d50c15e1088e3c03b737023cf0,0
4b0f3ed081fc9b82778deeb7b7babef5b6f5ecf4,0
98a4989da3a27beb45adf4afdea64182173a92ae,0
7b272ca247cc2633ed980170c6fb04eb317a0c07,0
2e1a1d453636d0d456ef7883b3560cc52d64a9f2,0
82b69a4dd6661d1bd06b7ea28279e42d53517912,0
353e06a8ac01542e1dfac877c5e05880ab2bb52c,0
fa9f1aae197bacc5fea2394981cabeee3399759b,0
589ce593070cb5bdb4053a71fe97342509037170,0
75768ba2724e2bb1d9a7a450f882be7d9f806a57,0
508ddd1295975474ee18ba651e6b902ae5c2459d,0
c127a7266a7633722a5a7b8a5294bc98b1b1a101,0
b5ed6c6180fd331743cd925b8ca0aeda7a082ffb,0
c6bb13cb9997c50f2b5158f481a8f5fa19679c3f,0
c01fa9aa42e078951f9d77ffe3b7546411278633,0
a4adb41259d1318212833eb6379e1528d859b434,0
6b7a8480102144663b567982a5536340a57a431e,0
bfa50b3edf09aa41363eeae28b4abe3b86f2e261,0
2273b6e44e75ab2f9946acfc961b7c0657c5066f,0
17bbe7726265b2125f31ab9a9eaee86057e98df5,0
43badd4dfa44b5e0c2fe65cbc20c7766298b5960,0
fc6a392b7c1a23227a994972985dadef10ab83a9,0
f12cfc8d4e723c0973150350eb0c68c52ea1068b,0
19a5a09b092cf7e225de3ded6f7bd355ab9abed8,0
5e315d1ac926ead1349ebcb75abe91b124867591,0
76a243c58776c577935985f6114b9597e5725dab,0
95926eb5d97e9f89718993bbed0a0f70da58a68f,0
c5eadb1c6d5245526bf895f22957cadec3dfc3b6,0
962e529984cac73b364e24c81904db6f2b207c56,0
028c9ec70c0f4cca03500143dacb4b160b40d7dd,0
b08c92e75d9885ffa03dc61f323489beb2ca7778,0
f7fae53aecb73eb794ff3ba3e84ee836b6800b68,0
1c48eb0d8be78dd18ce4fe1fd3a0cc0fcad58149,0
ef1480a5058477af5bf7d45fcccfe8de8508d644,0
2ebc17ba3f244ae44aae46273aeef7e321f9542a,0
11d9eb47a40359e74a5e24daf681beacd71b35f0,0
b00e65686eb1b11c0b814c4aa0d6a22c03be958c,0
104cc28105ff525c72921339552d8f418e2f3401,0
bf7767867378d9d33551ad54687b48c8fbecf424,0
f7c62b29c91b095e46658638263ed82a4272f4bd,0
ef18f3ea26b509ce4f2e321b9772e73eb00d4ca0,0
cee7cc6b6470362b12c134b4ed3f3b9bdcd4e465,0
92e63fb3c87c73359c395406fed9c524b8626595,0
e0a5a4b5b63068063878fa68d2568e57d9e1f4fc,0
a48d045709e32af2d06aca82a355ee3409a6773c,0
e21cb463c0824425abaa5e2dd96c24d8f52de619,0
a410aab6515931489dc2594d4e0f0ecac2c66071,0
c368955343029d1a99d1b6817eb9fef0c62f02d3,0
37ba8d3981ae802173f2935c71a99eb9170d248a,0
aae1a0a681a8aca3a9c200c3b1b61299cee2f811,0
60b8f18e463be4673732e2a31867a7c3b02a4a1e,0
5cdac9cfd5a74b0a52ebde32798b973c6edbaa79,0
07f537120f6a9220c8cc8216b22f9f5744f619b1,0
89cbfa54b041541077b8158b667ee3830a8abe5c,0
c4d0dbcb56b8980b1b3b7c85d00ad6540788c08e,0
e1618fa2327967562c6af0848c8d5873e0040542,0
a668a4798163cbf2ca33584270a439369d33fedc,0
5ccbfeb86fdd64477c0d82581fae445497d5bd73,0
0fcd4ce92ad860a47ae85b1fc7b7e5cd35c8738e,0
97ade3f6e3ecd62d8065815cb6b4f7caf94d8803,0
b278ac8c390f38342d2503d5d75d441e77af39a1,0
5afe35c02481b6bb3553708b027705590d99c22a,0
c70e05ae41b4990a9d1e5f442219411abc6b2afb,0
b60ca26a23f33266a06f446a20f4ed28cfb1e742,0
3609993fb588017c77fc1781d697dcf1717cd73a,0
b3d86ca08a22afb47338dea0a3fcad2a58ece49c,0
e00e871d1d57ac76680087876b36764c4f8b28f8,0
3387734b4fa501c355588b736cccb83f13347ae2,0
0fa0bfd8bb7a540015fb900f6f6832b88d37a1ae,0
fde19e79d508f1206871796ad1d2f84cfcb398dc,0
369d0616ce4b9045ef439ca79c02e08c726398d2,0
46ea7e5e963b09b63d6a54cddd7fe391d0d5b6f4,0
e99b0dde8ee5069eaee745b62b57b109def4b22c,0
ca2e59c513edc2a8b30ff62595e01f8dff79f0d2,0
94beded83960af2a15992f6cec8f1f59d1f3c051,0
47a9ea7c828772625b9e26c0c7a6db494ea626a3,0
f110da945a8af0914f348cfe576b5a8257159fd9,0
182e335432fe4634d770c5861be40dacf1816f0c,0
cbc8e0b2952164f97779c9a5fadca6acd2600ae2,0
884d273f4207095f881167b3398fc2a55617ee9a,0
762641dcdbae9456aa2b72ec8fa1baa0acab942f,0
dd761382d3cfdc11b5de0cb1246de4567cdf2fc2,0
6191dedf35e1afe784fac9b4845f699749037346,0
8e507bd0b188b497ed371b8a6772b0e6ad9bd1cd,0
4d5c5a8afd51157d6cecb886c55c430125475dea,0
729adb624d3e720afb8686093814ab2bcc2d2f13,0
90d8b93efd8331aa3a246bb542cab82ef99207b9,0
ba7ca7998f9fe0fa443e9636122944de727f9be4,0
69e843890c09861a168c6fe77d63fc72f0c73195,0
ec6a15696fd4e3839ab064e5f3f4497399d43480,0
9e79655f67d21b55f40556be195f44aebc834195,0
83329ef66971e74ce1024e38f7abe67782005c69,0
77f875110ae0c9ed05362f1e7b95656fb1276fb4,0
eb5b11a25c9e61f9b25a540682816ebb103b735c,0
ae9b31285e798b571a31a16ced2fca7a37ab8287,0
910f5427b37999bda04a7768f507f7baae34a118,0
6dc3a6db11d7e63c960ccc6cf48aa15d6f00e903,0
c3b38a3ba15ac662672ec4fbea52b3f3bcd17265,0
89f3d989e0bd78f4db8db1d3fc39a50ae5c66c37,0
0b14928ee447a59f69bcaa87051af62300c72c84,0
3e58ab33b9c294817699ce18277aa6e772d3ee4f,0
5445f22747d0aba7d9c42d37fb596e29ca51bcbc,0
eabf1aaa2523d3f4dc9c99631cc42cb03fa61372,0
6e9f406aacc8444d22c35d50ab2e90afab5cddd6,0
4077b57f6dd784b0232db0c66999ff351176c323,0
8912be8a88781518e8e47d37a73d42a03a7e0e8e,0
f6f8e5dbedfed0d10bf483b636abac87d90925b3,0
74c24ad1942abb68c8084e0ab1cf0d6e234a0650,0
ad97f2020253c787e2978093976c3b6716955e32,0
c0779f42c7ca46c4cd3ade6261544b0da733e5d1,0
d784612d0d3d18b2c3e892b85eaf4e7cff38c9dc,0
d3f2a89ba229c57073e4f2a63a9a7f1053a5720d,0
3178494ca148930fec89a9a0e48469c765fc61ec,0
7e440785d9ccdafc84ae7a50022097dc3dd422e8,0
aad2db8b12b8c61556df9df7de4fadc927633504,0
bce28f99f383051b419510ef72531e0f6fa67352,0
6ec01a633ceaa24eb476540644460497045ef7ea,0
65a7b5d3b922e40b0ec12760f1c90db2e1fdee10,0
2bcf86d8af125b45d39bd1d43b8375911c551d78,0
83b472b754df1d4f8392490296d2467be7ce8855,0
3287f3100f5940c254130192fb442077755477f6,0
3e44d26342654c8b2d8caba924ff468dd0e6e700,0
54f8d3c02abe04765ffe957e7d412bde2adf58c1,0
bb20855b5cba03fd4f38f934b21b7c25712f747c,0
82fd2516d6c018e46ef290e05551349a9ed82ca8,0
3ee9cc840088762c875a9c02531077279f7c237f,0
bff752134ba7626ca4cdb11a5a8d743d03af4cd8,0
9fb4f47f352dc1c1f5f20de80840d39e1eebb985,0
b1deb442d1a938da8c733fa5d74de5fb120ffe45,0
f013141f60df0bbbd57388c7bdd01a764ddfc1fd,0
487b1a7ec47c624ddada222de8ef92777068117e,0
c696955b2ad1198d019f89df8578f660b41c421a,0
33bd8349641240def753858ea7809f38650cc662,0
88b951a227ca8d49df670bbacbd00a2e6c239f3e,0
b4609c81e41d678cf03898a7cc4a4660beef0f88,0
ce178d8e87ff6f9a12aea4b217c1e09254936236,0
d1e72ebede93d73d1a3caf74e391fd83516e0685,0
44e32205a6f98f50af95e3940a48aa72971e9483,0
c2bd8be86230f35cf521c4112f67ede2df0f527b,0
baa410493b85e62b40bb918b6ee0ed846fd88fd0,0
8f88799d4774c7c9f4be03d84b97ff3301e64479,0
ec464c9b2bdacb4a2a97f86cd693653fbd9e3e55,0
ccadc72fd9936805b21edc3d327132cc4bf747b0,0
362ca2571aec152725ff88b522cc9382f0c04ce1,0
2a11642511a3c69bac5aa1abd83d3219871395e3,0
30fed5ecb02386cdfbb84ab76149133203ae3d35,0
9801e2fb9fcbf7ddd19221e9342608940d778f8c,0
f7d2bdd24db0aa9e8ad44b706c5d60c92b6825ca,0
6a02b5337be09bfba4a0af55f64c44fa46fda5b5,0
2abe26c1e4aab2a492619b7e8b2407fa03a67ad3,0
a1ac807daba73d59a619803c8ed0b09b7ded625b,0
328e74448c90c18b0539e7aacfa48e67de11d826,0
14e7f8db27454c9c364b46d72432c1d92e28ee07,0
c3de2d69ce9ad778a0bc22971cb8ff36dd0ee062,0
cf406e5629f8fda4530158ad0b6c9bcdf4a23fdf,0
c1bdcb27a5e9afe1bc9c5964285022857f1e7c70,0
4f4e2b064e98ce1abce98428965f8eed86f4543e,0
b31877a46009d5ee52af9b5f737dabe241689931,0
08aa21f9217df0a28d48be5be5db03ddf4867140,0
1deca6672dbe4b9a042d51dea4bd684f55bc8566,0
0bca64d75e1a54b64b91917bdbeebde56ac177fb,0
3dbc94481291a99ecf28d47b3f338df99d96df40,0
a36c903d4f1065bc59f5e6d2bb0f9d92a5e71d83,0
2cc524380830ba76a9a7e60e37d726e2aaf743a9,0
0db3d81c93cb5a8142709ab657af59a046c6f7f4,0
fa66bd94e0c54eec0da1e637416c06fb45fee213,0
3a3cec01d57dd6066a00773ff4ad19d6c44110b0,0
0020780ddd4d5697d787272ae1788ca2d73e3929,0
2cad60b6c25c87a6a59d3d315ec7d72c552fbc58,0
1cec9a6fe588c047daa6c711814453840405561b,0
ec2ec774925cb845f85a82f85c32d0019de31f01,0
96f3ab841096b6a480b4cae99bb05aebce1ff92d,0
7721302ae5d70d2986d74ae7e7df648bf849997d,0
625fbccaa9c42d5efbe4993e9701d8db0b53f5e9,0
2521d9619fe1f052ced8ea1107851ac98a1b7488,0
9379d0d36acdf78455e81518b3b1476c7691f056,0
c241b096d32f9ece918466f3614c143e8679dac5,0
f56931c176fef5e164b681c740746aebdccccec3,0
ae6a24dd439a7b778e35b484a3a6eae1a8eb64d7,0
4aa4291ffc143486757617b743c9670001f8a7cd,0
77febcfa8d3a5e078330c4911a94e399589734e5,0
b610707cd072f07efb816074a4844bb1b31e482c,0
214cc7fd596b575ed07a7d7c1006b46d5c75613d,0
96260205dceea0e4734fa275c8f72a617bd8ebc4,0
e767af7e7eb8ff7724d5f72709ee4bb7a72d2284,0
8e8b8e05e4eb9aa009444c2fea3552d28b57aa98,0
d9f1b897a28aeac97ff8d15948d3bc566021c53e,0
70be8e5148a2f616399c3205c169df600400833c,0
89cd538eaf7c555d33e7467ac8c2a51019c26372,0
672cd146f2c2824c3c4ea28d406a6e5feeee7b18,0
152e5d48eac990bb3e08b2409816738020ba9a01,0
9ea0063bc93cf0d5b45f95bcc6b9f225da94b951,0
6850d88880093733c0ba29c371f2c9823256d749,0
b933f55e5878f366e966f1a80d7450f49cefb115,0
ae7bef343faa17076de8da001f843d6346d37cbc,0
2bb197d3d45b8e00d9276511c1e162d8cca6dfb0,0
81ee0d062c888d8f8bcbc154cd7f0143710f458c,0
f4a262df5204221184f1f5008b06957868684a25,0
96cb498f9bb88b534e49f9b8301c9fe7113b2dfe,0
a5391bb34cbe168f2c5f5f6e8fc3a1eeb9399e13,0
9de7e1a1b4eeed5b5e3bd56c6b179266f550196d,0
87937b2e7192524306aa58d74c90537eec997cfa,0
09ef69c5b51115300da6df43690cd455d83c8027,0
bd4066eba88a772c06394d818d87aedca8bea53c,0
54acb6e10f33d5f71770323e9769d2dcc1130a86,0
bcc4f82a7aca3fe72142bd8d9ab3ac6c9d4d2767,0
44b6d2ead50b83fa796bd246029a2f3967a021cb,0
7129c43b08da58e1c907dd2b90bb58e7a09bf85c,0
5d4916933d6259f1e698662bc7e85ed4db461d61,0
961e4a821b66b27c77418dece6017e3fe912fa56,0
6996686b6b41dd5d22947f9e5b1487547d247182,0
a7b06d6250e972fc14e14504c35042a84410a2e5,0
5fa073a5cac682b1a197b839aa6c0082ddcbf9ff,0
3fadfdd69f4682f05563ce53e55743f55813f488,0
e7d16c27629722a93a9d36a0b5e0a3a793850544,0
362dd935f84ef80b13cced13a74339e42c775809,0
393ad2db733c0fab7e69ec6c41fde4fe144cd129,0
69a8ef318942898383508c2a3d1db240f38f1cb8,0
38cf0c68d577b46b506f75d896cbb5a4b186c6a6,0
58a8f12b443d7cbc16ec00b8841138ee55ee6630,0
7c441e87cf371c642ad9d50bfb863ef145b917c7,0
efba54d35fa094de5e580b200a8607bfc7bd5a7a,0
8e3ec1722bc5c70ea932b13ec1b564950c623e77,0
b41e91818614c2f1ac8f5e745f8bed342e80e727,0
937ae45ed4828d7ef3a517133edbe0b5858d94a5,0
e51bd89201477092c32c180e4f8d00569db17ac1,0
1415c9a2a6317dbdca6f1fbb530db1f558d9bef5,0
aff0fae2ec3a7d74356776c183c6986eb9eed520,0
9901bf98e4921df1c85e323c4b096b7feb80221e,0
17f9d22f334c91e701808808170bf60aae7342f9,0
56b7ae44f957aeb884efc797ec74c790a7a3abae,0
c53c2cbc11f80a385be1cd3952a76d37ace3505f,0
a098f0410680645ec344c55a2495dfd08271484c,0
06be0be267fc8ccebf1ed6b0da030af048060c9f,0
8b62c114cfc5fd347bd8cb5a391fdfa8cb539435,0
9c886bd4a188c91301029040b3a839e4b8e2812d,0
1a8d276278e5ee3bdb904c35d8bbd1dc948b7baf,0
53bb395988044a874096495339aaa58f7fb5c6af,0
357fe1378889e5934e8f60c8d35397bf63871991,0
50ce8c44e1601acffa39f5568f0fc140aade0564,0
cb686673a70a6f14c35575550c48c37d19a1598b,0
0820c4c895f6e7c9ef4860d7373675550c87ac6c,0
415eb9ebb755cea4753d6191b166b88192de5b41,0
284de66aafb82e279f78cf951f200aa5ce847a7c,0
bb3fe2a37975920d1c7b9cf16309d86fe86e1a35,0
2c0429aabd2632c8c6a242e4a23d5eb6f46035c0,0
2e9f3a80146262511ca7bcdd3411f095dff4951d,0
2ce40494073aa4e9bdcba4c39d24727b7141d227,0
60412131f3679b720bcaaaf3dea4be666cefea7a,0
3a4ac357981283fd3a8817f9e6d57e8b181549be,0
7eb47fd85e13486033950d91afcf04cf44d064fa,0
6684a76317a5ca4ddd823c0915757b48e705427f,0
c8e61afdb89c58ea8ffaf04593da41ff0888d30e,0
c3b1fefbad0c67c8556ba6b4573f135197f87598,0
f50ec5e608286b0c48d6b9b4c792352de8353804,0
d575057852ab2be41abb39b8de69a35cace5c67d,0
e72654ed5ad90e5dd1ec08b11760e2f27b64d5c7,0
e843239cf9764bb9b8a3b1914c07e5215b9df3c5,0
f5ebb9a649e9dd0773f9bd3457d6ce1895266d59,0
63f11e9dc1874abdde1bfe1d900b5ebfa4d3a941,0
0b70b01a9f1d9664bb5eac737175f58f06979b60,0
30dcb8de48393338deca5bfe68f251008f4d31d0,0
066665ea6506b2c9f41e405038a3fe2041ea95bf,0
b2939a7e30d973c6fa2ba90f1bb3ac674fabfad6,0
d1b149fe123e9837a4a3d8921a734e51829138be,0
3c0308db7f0928dc2b81d74af279ffe35f94f58b,0
c614fbcc79615f93d2c60a153db6e82d7474c425,0
f5a9effebd7209f3fa5385f18a5e59e8a09122f2,0
5fb74a6618da0ca8b12a3346038164913a5d27d5,0
6dfc3e64037f10b84fe203415e79e2435acff558,0
49a876cb1c2a49583b9184ab58a579ac75525986,1
4f13c6891870ddfe9dbad34292b2c8d5715eb31c,0
4661422633e155b9d4d6dfdfdcf27826aa8aeb84,0
d8ec011d770e1e04ef4f87fba673f3748f363278,0
bfb43d3fe2eafa80f45fc59a5b742d192efa8e3c,0
dd2394323b441e7a22d3c85ce751b619918ee161,0
7d061e33e59e23dc4b03378f35f50a7d70f033b3,0
6049e77fdcd021544a60651fc6de4d80e2ef1c2d,0
f7cbda67518ed7335566ebf942cd170a66746096,0
721f3ef4aaa1f5cea764b3e9b1d639878b2a0a3b,0
5aed9abe1636f43e8e97458a91da5107c6ebac4a,0
e863dcb2e7a654af6b8eb5865d8d1d8eee0a6d28,0
10122741eac52e218771f30c6dc2c0aca54ff006,0
22c30471564c730b02f5f7cedec28fcfe5749fc6,0
4f928504ea91c3c1dd43ce696acadf76624240a1,0
8dae1f2904b93127f101bd36c1c79e801385a8f7,0
6e48ce6cd6dff9a82061382f7897e0c93c2d3534,0
ea1e46dd06975c8ac0be5badf0e3e5358c94dc15,0
6fea9cd301e3b131aa29f290fd707c3289c898fa,0
1e5e649bbda6b77e07df03fd30baf7d1fdac6ce3,0
4025834872e72cf667c4be243ac84c28fc95043d,0
fdb91d4fd5f932f5670773ae1c1e16d287b93363,0
20de433aa24957e40d974b87aba54ae0688500ed,0
425d8085cfcaab5a78bf0632f9ae77b7e9127cf8,0
8635d807fb6b6d7535f93a908e4f6d33cd08a3ba,0
6aeb71b0d61d27b453f8819dc90b66dd72b25eb4,0
5f4b07d9b4c63a3337743cda2fe303ae267fad2d,0
77d75526cda89d89cf9911031e2a5995db37a0a5,0
641367d98c8c43cb5fb687fa2e0c9c1cb5a1f038,0
95286e641b591c6d4bcaeac07188627d6cccf382,0
3253e99b91061904d9f93cea726bb17688f63483,0
49e185294e8dad356db6fc706468f805253a0c4d,0
98581d3c41da2e92a505f47376a35f4329ac23eb,0
374c0fc1acf83ecc77c637ccda4218937eb9e06c,0
fc409b5791ef8145a791cf7bd9b35d68a4ad3305,0
f746c508d197c3662509037e8975a2a58b847689,0
63f6be088d790fd597a3dc5d8e981a0872bf112b,0
a618b844c5a261ced37385ab3947de6e215d46f7,0
a26c66a8edcf029ca5f94354cee0db267e9ccc20,0
758228f691b34c97f421ed92336772531495e0cc,0
7a3ca8598dc4e830337dd938f2ad501a1e4049fe,0
c1ffdbab58712cca8463b3edc88f9d5a09b0ca9c,0
0e20d158200e35a893c734f3ba268a1f5d3c48d0,0
7aad59482002d0b4bc3546259d33eab20ce76b9e,0
96a1a31d734e663af5c9bcda58c7bb5870e8a363,1
6f03c0ce11db4a270124b9bf93338d3db9fccf5c,1
8e8e78d849825696237b9f540f3e082a44b1e838,1
125cfb4cab35daebe874a599877d6280b464212b,1
0d95c55040db6fd1e4f976280d35659587f3f8ad,0
b52c69b1b0ba1c542b917247f1f76deb4ce2a42d,0
6ce88517b3af6d48c979b6e984889b69c044561c,0
4eb1d6a44fe87d5dd4a41454201d649dab91613c,0
95fce758b0e12837869cae450d8029d7237b0dbb,0
6276d0f8441fec3b4a94d6f3aaaa0024b85e2317,0
be3638eb477a8635f647c9a4fefdce7ca2e2408a,0
f0930aa1512a408635d2286c01d49523b1234db7,0
6ea2fc8d38e035bafaa92c7d3b007be38c2e9000,1
88654b79c92386b7c411f064cc373e7698a49449,0
1f0dfc31b51a445eb2cfbee5321800cf51e10b67,0
729bcc46b503c1574c7c93a65e902f436b4ec6ec,0
ae924788d9b222beefa1723b3d704975fc4e877a,0
66226ec1c2ff33e138189463001c649dbb404f56,0
2a8187fdf9bdc8ab4315a1a5e9ac7d9dde31fc68,0
0dc5b94a0d098c4474dee9f2c7d74818c9a7faee,0
713c77ceda21d0c3cc9c213341259d64fb46fdc7,0
04ca0852b99af613e7db8f65ea6136bfe409d534,0
5cb988334179b4f04a27c59c1e6a888db0dbfc9c,0
274dbfe81f5f43a47639623c62fc998b5eccd5f0,0
862a0d1ff5bf6564bf99e4248c44f41e453de848,0
07f3694a5c85ff5ee8c556817c0d2ea3504f26f7,0
0f32b292c2c86776f7ce3e47105c16359e0fe5a4,0
e7b3e1d20f754729e9d9d478575831082225804b,0
c56b87d6efe530590b6d9a07e41ca00af208ce37,0
1e9e36640f762d29c07d8322c361ece163b179fb,0
9a7de3974d64a5410e577933e141797928adca71,0
060e66bf995177adfc4d73a2a4c9bea70dc5e441,0
33a1f82a139a9072892fab77039e9234d205b5af,0
1dbfaeecbd104a6edae43fcd3350c06a7cb51146,0
15d5503215a4cd1efc1ae6659d82194a22ebee9b,0
d848328a7aa54f73117b8f13ce6e67049dc9502e,1
09d70ce73dd37544c92621eecb7faf062fccbd5b,0
732ea5e94fdf8fef42b5c21d001983fb24d2842a,0
87eff4c78fac85c1b5f2309887f6be5fa2972537,0
0726ffe1e9e923b678db5484ff0055b0f63d81e8,0
ed94e5a5cce33af89dc1b1475204734b17f64bb0,0
3b6867fc25b5dbf27925fdced660553ea8289dda,0
f4bfd9c71f51fb541d0fd203f0df2e609632dc62,0
fd60085a2a3891ab6db46dd3b75e9dd67a7c734a,0
44854912194177d67cdfa1dc765ba684eb013a4c,0
00feb98f807cf44c993296052726043a90d70b7e,0
cc6beb2d05347fba64d933906ae2b712b1a43302,0
36217ee164239391c672fdfc8f5bd080beab5c4b,0
cc748d35e50cc290ffbecd287e04bec9db906a76,0
f3df2590dfa631f21298f7d0c3d1fb42ca3a48b7,0
d65b9d2bed09847ef28b9ceb30c9f8a96e0c12fe,0
ae862ae116f2056421ab8d6e997e7b64a95828a5,0
c7554151d3f695718a5bd431e22c7f4c39a0b261,0
7076b7408f06bc8a277f58e7bb6c2ec3372d5d6f,0
1406f2a4f2cda80a05b8dc2506ec9d0a25bdf2db,0
e1a6e084177cd6824e8fd2e5b5a62a05658a3718,0
be31b6eb244d6ec757d6c27c4c2682ea38bd197a,0
466244ce3d175ad97c2858e54152d5bb5243bcd5,0
ff4967536b75fb18d048cc2a505f68835987d155,0
67830fe24964b0164d0212cbb4f018f15608ff37,0
fdf05fa29babe21e64f9a5b268dc8406d449d4f1,0
a2dce32cdab108e7e281dfc27dd0a394e1419ce1,0
3e08af573f8b50da5202f55df62c925f88a47f3d,0
d6ad3f01574b839670d4ea5cf82a601eee7e0c16,0
cc94767e7eabdfcf9d1cab1d8d1d8556864394c6,0
05d9518038ae8d2ac9f11b91b731f47b909a9bad,0
daeed97201c060563c9509e7d63b23094cb31664,0
f2d8493ac44995170ff84bb895e3a73e0127cc68,0
fdccdeaec531bbb9dbb88f0329b6a351dac09690,0
187a05b8a4db364af9d1c8ff4eb422082c30a1ff,0
1571050a196198f336ae487ee3b6df629d3ee9da,0
a37d19eb45d76cd6ab4e2c8fa9fc156bf7be97db,0
5f0d8127579c1ce73f21daa509271c14af78b143,0
ac3abadf5d338596a2503fc8d18d4e3e1319a79e,0
9e38b04b9a26556b6b9c39c6cc33b9e8c49fa04f,0
9615bc5019ebc80b8f2a6c1b4a138a0cec3dad4e,0
09043bfa6f1f9ebb946c7b159735c83259e3a89f,0
35288d109e106c55f7bce280b775ff07ada126f7,0
844d02c6ac53fad2c31e05678a8850e8b613026b,0
000d22973c1b3fa7db891b80e86e06d945b5fa58,0
5ffb662019501692112fbebf15d92d01c17f1322,0
18e692478dcf91fdceb9b9fdca7c61a1111d63aa,0
b48043d18ea6cafa9f6404d897bab13a11b9a918,0
82f1ca8efd7254e0598d69da301ea19721b43d00,0
8ec7e02e753267c2470f76d9ed729e3ca7dfec6e,0
ad648cf8a8a90bdee129266ca7b686a5b9a87561,0
21bab1d3a0b48c37592686fed7e1b2025fbf78aa,0
c68285bb3392665827595ac408a5fad828b0351f,0
0344ca3f2d43e3732bf16370262303be8761a523,0
309b34f0573d0ec593c17008e8ef4151dfc35a12,0
3a818ed6a833f083a2db9bb6804c1bdb43b9b0ec,0
8a8b8ec8d244b18eeaf651d0ea6e84db579e7d92,0
d0650d1a2f24957aa032d65909ca74e879ac4557,0
1da8ccdbfe2faa3e6801fe44eaf3c336aab48bec,0
fa91c1b28647bd4217b0c325249aff9638fbeb6a,0
f21c32a05920a678a094ad3b245f8663a8f7b747,0
65b08c4f91a4e5d78eb645b46d06d7a46f8c62dd,0
551101299da7f75ea5478db1a6bc194963e0ac34,0
577f7b3b5462fdf84c0956a3bec5296bf7821677,0
8cfc1b1207577943d412789765a3a2085f1b3036,0
6a688cf36e23aded8c9796b786e92144cb4a5830,0
ef3015cc99f7bd51862c1d95014e8332d24c2341,0
ebe7bb58a541bf397333f466d412e617266ee5aa,0
8019416d8197df8881788f889edfcf2ad45c4bf8,0
670bb2e0a1e67894ac29bb1bc4287c40943f0205,0
9f2fe9bb80065fc249c61c897a0434e9ff48bbf6,0
7c19a1ff4c217f03c0be62baf1169d689f566825,0
53def501409cd1f9e20ac43edba6f2949bb366c8,0
7587431987258e94748d5f2fda1e6ca049a21600,0
05e18cc5c18b820b6f57c1cb823ad2c7fe513581,0
796b051f28ca96f1dbbd5dfe4b5cae5579d0d14e,0
5a87fa172eb1368fe413af34511d1eb3f2674a9f,0
585b1cb97b4b9e81b55d68e04b6c1e1195058a8f,0
e1bc286245ce5f798b5312d65bba64c71921a3f4,0
776b86e99a1ce18a5093db457109807b766d49c1,0
340f5f70e970a85c760416569ad877bf7209b6b6,0
1375e931d7c7e6de8b297378fc296029d476d7e8,0
7ddfc8ae1c4d712b0e52d2595b36743700940873,0
88da5f49bcaf798712274d60d378ddaebfaa20c2,0
af323712479ba1e2a5b8e519030d021915228c48,0
610caab590fe224c02c8f509431f6428fe8e1063,0
9b3257e4d1a63e0a4d971a331eaf7b9a08d98040,0
6d74e8f83e96f536cbbad98cd4fe6fbd1cd67663,0
9766e22b42b7b3f3923cb9c2502dfc2dd5d0a5b0,0
ece2f255eed8ad9eff6e236152de65e804c6adb5,0
c8e648b92cc133a604b5e1f4da1ced943788e64b,0
d61090ab64dcf411d7f1db0b6a9890af74238580,0
b7cc7a1c7ba803e37218e53825c8aa1534071796,0
331d2f21f96ea6d1197fd8fb0774109a8e9732b5,0
e685d847b4c70e354e47ea3990cefda3265aa5c6,0
111fd3f6eef8e7d1641a42ce0cc56b92f2d75f4a,0
a060733e63a9cc476342ca190d04ad027a241d33,0
d5be24a12668a94712247d31f06ef7d416b8118c,0
8cafd87c83f4197f7e8d14de8cba453c844266c0,0
314b6b56bec4af56dba667d66a25c1613f4bc800,0
46007c151e4cd79891eed4d289ff372ba39d5b8c,0
859224ffadb79147088840732236c1fad341d842,0
0446364ffa1c476dfdd95df5be94444f847973f3,0
8147cc5b3de5fa7a3a3e8116355efa44367dc3c5,0
ff6b0ada72106d67aef1ee21d51bacac2f3af7ac,0
52d6e24d19465e6f468839650c969d5931f66d65,0
82cc24437f43d07880d8883229477735431e5d02,0
9ceaaeb6566c78b25da0ae8181964b13f09204a8,0
9f7d03f09172afcf0a7be40e3262d151ef053b3c,0
8069e1c1ce7ec864c7bab2eae880742fac02376b,0
4d343ccc1181e306f8bb9431087ebb5e58b0c3c9,0
c40dcf659897edb26affa408c3fa62e80f906550,0
3304965840c139dae7b8c01e1779a806641a0159,0
5a52446090a67b9b04b67a0b7aec94e73bd21930,0
a91f76da21faf4e8b70f0f69c6db2521409e7d29,0
a5e76ebc404d419651c2a25b1a62199de64cccf5,0
5242157dfbab6ab15ea064726288b5e4394b3815,0
63dcba41a915a01df22243df712dddc20bc495da,0
c82b1f062af2a1a376e514020707597f6ed1f82d,0
fb4803623b8f089a8dfd265a68461f4283e7ffad,0
dfecbe970917754511a081f8b86efac211e624f6,0
f059e5f7fa1ac4a906b5d2e18d72d410bf28fa2d,0
8f54030347e31e0b1492fe874a1f1b67b89b836a,0
d3146a545612422d3f8078f10afa00342b327199,0
d547412bbd2a1ca56769a2bfa13b7ed9547310ca,0
3c89994355f3574078c832b2dcacba0e65e87ed1,0
cd05fddd4f49b23c33a0257e5dd4c90d2dad1428,0
5d3a2081c5a791f05811889e2b35e99c3b604731,0
30d4070af9fc623cf9723510bb46d1a19fcb5930,0
46edb45d3e7c3c0a3bf3e4e862f701f1a49ba73d,0
90f0a680adf3eaa95e46e96d28ecd6848c74bfdd,0
b06f13ff0ef8655de1a4f9976f7a9ccf2ca76724,0
54c3daaf17f90b273cfd3dc17dac91c9e65d7b17,0
1674c953fafe6438952d6290f30143aab22f33dd,0
4a300fee2ef1c03902d0fb25ceb02aa01d0fab46,0
5d6c176388e417869421adf2eb21ac5c291f0884,0
1a20867d01ef8ee5b32b0620125b7c38a10b80c5,0
7ac12154b0c3854bda27a1a427eb9a25b1813a5d,0
811dbe7226ba0ede04c2062c2dba8f72a1c03e58,0
f4ee399e31eb61741f5f2167d6af8f49c0e991b6,0
844cd4298e46027ba1201df4eceb2dcaa5c1bb26,0
9aea44aceaada5ac9fb1b1c774e8f56a6f815f2c,0
e702828e7b34c6a9f1ae4eb6bbf07e60445ec8aa,0
99900ae089cf996bc969f0673349c06c2e6fbf1d,0
27d3d40f7c6e97979d08517b0c04c1bb1774a9b2,0
1731949116a7278f2b729cbb9e505580c8f56980,0
6bc8650ed456810d600feea4b80a665fb5895832,0
e423b0bc2dea4167ad98fffc1afd9243ba73aad6,0
3c2673e82d33b6c9bef3005a896e5b0d52b108dd,0
661d16d190708a1a396d8b75ba10738e4574c11d,0
40b8ecd3faa8df655ee8b4141ff309553eccfc88,0
bf80b9e2803aa277047951a7251267bfb7097c3b,0
b521820b23c45fd068618d10955eceed48801eff,0
0e1b328e5697196d944b9e85356020743066ff3b,0
9fe11e688e3562264350dcdd02730276ea233ed4,0
e9610ccf30f657e247997242af68e113cc4ba231,0
6700d58fd6538f531d282b98e4d31fadd35e87da,0
39a2a6fa38c5e4d1293e00f98a89698a962d6775,0
15dcb423cf0af2b52c0b5cc60d5f0bce85dcacdd,0
4fb393be2c847d77b371a246e22704855a42201a,0
754e669f76c5587b163cea7fc5c68f274a267ef1,0
c121f03d5c6dae98b0c735cec0a5126520293f08,0
4259a706ab8641f408afc3ce224b1c0ba5a43d17,0
ba7c788042ce0f4e156b6900d3d698e47aef5a4d,0
1f8479a84b52bb8c755c84501ba98f0d511adfd0,0
4282efae5f4ab456cef3acac5574f13f4f450b9e,0
3ce7f9eecfacbf3de716a8338ad4929371a66ca2,0
6b9c3315885f8f9e4be19db9ef05257035b97bca,0
31a9fa0cce769c976d74cdcb6e6ce8831793db7b,0
5482ce61b003726a9476c76a4337e043af4318c0,0
f0f896ee600ea7ff66c083747f370453b914be48,0
05bf337fc0095d2557368b481f332245f5754b03,0
ee19f8247c4bc0335ad3efe212dc0bdce97e2034,0
b45435c950e6f6864671bdffde29e26cdc8ce15b,0
12e597a78cbf9d82414b944a5b285d81a2e27e51,0
66f8569ecc8173d61b7d182f4da0223ae7dbda38,0
0181c8059c081d144cad36d003379bd50fcd9da7,0
a8f41ec97d139f5d0d7cf161e8484f2bb809facc,0
d43e1d01981d321b85a8ccae788da4d818548dbe,0
0ba25aa97bf80e001645bcb1fb597c7f704b0f29,0
7337507a796ed6717feb87f4e9829467872c1741,0
0f5c769e0c27a5f31a3451aa7372048bed08e9f7,0
a0f9db28319f45feb56982d21239fed451b6c3ef,0
c7c424fb9c3a39b6ea036242e44cdca324f7d104,0
3072c655e0d163f0f38d610c37fd7f3cc727714e,0
e5ed4ffe5df9bd5fe796e95acf0b35f4c858e1a2,0
721a6e59f7e4f5c0f3196d3eb0e81cab5e41d065,0
b5f5449cf338376d12404d0190054525987f4276,0
cde4c529034e182a982fd842252ec410d213c34c,1
6597c196521af500feef7a02610727eafa7ec1dc,0
4670a941be92a55fbaaa3b4055d444e07ffcadb0,0
42cf6740264f1cff5180b3d79199bcae692f1066,0
72476ff4620559b33a23aabba9eaec3b4330208e,0
c79e6fb8f95bb07d2394221b29b75fcc016f4900,0
98fa164cd88d126d0f137f5bcb4a1d180e0c2fc4,0
44516f77ecd06aa818263ec31e150bab3edd956b,0
36b00f803a0b307c30f79378cd758323c242cc65,0
914844e1b226a1ac7ba45626ecfdfb56e7b2e263,0
8767cd4f1a6af07093c1e6c422dae8e574be7e5e,0
4bd982d1a1df87724682c17c39bf27b5cbe389be,0
a6443e146f825291308319c6a0f2eb82aa34f8c3,0
a64153a3710c5035988690f0acf57dd61b711cf4,0
954ade4c1ae2adc0aaac3a1dbe800495c519520c,0
1661e5519c4836a5a940b13b7797263443156fc9,0
30c85ad05363767deeefee577063c2c432b971d4,0
ce1bd5785d05d3df324e1169aab4abd45f4281f7,0
5bdf0a938adb384bfdb6cc494a2781e2ac33b0ea,0
aaeb4c621a88facc673949003713d259ac67f0dd,0
b715d18f09591c510dded3a447a3ad1aacfa2173,0
21810dc920b2cd0876a187dd574297d0d4469207,0
07811434b773b6e1737fe7dd3775aeab8afb18b8,0
04a2a4b456c8448b9e63edbf5479d1fe745917ab,0
ebcef2d16a81bfe1a818a362fd03cb5063640003,0
ab25f67348d4885620df86497889c1826f013a73,0
857e0de49293083aae6d3e6c6b76ec0755b1d0fa,0
00bf35cdd92813881274a355a33e7e659f5eddaa,1
86a082e8be8c51f07079ded82d6d125c9efc1791,0
bd7788b384a87024ddd6bbe6a9bd9a167cf2ec12,0
044367419dd317eb9f9935d8360280b8b8695462,0
928e74f73f62f241c986f6ff609575e1d833413d,0
7e605378202fe4e6c9f4aa6a10201b4205238710,0
d0e2bfc46659025e6262b2e5de984a8359c9dada,0
aab4018d8f30c80c04ce763a56ba01dde4ff844e,0
e8d861359ade336badcac3211e5aa447097479a6,0
021e4dfb501a8e6e5810a4f0efe1267810d62d64,0
7cf5e01c2a152a0b612cb19e02213879a57c14d2,0
c636539836ecb541d9ef71f2d347772cf9f6bc52,0
cc2d70e2edc66a51bfb6561eed2d3df0782d65eb,0
5738b2943c370e766c330557828b202fda5b125d,0
15f01c99c14fa5e4d35da2d6bd7b0bbd0c4dca1f,0
6cfee3d0e501f781ac5b25aed0b7278ed6ed9543,0
363cbf7908cfcc6a538126bcccf5c955afda6aa1,0
600eb9eb99dc5c03b047e3c81b49ee4769787c6a,0
855a5238558d87dd70c6195e12f167b5848808bb,0
657704627b297a19a693645cf03c5c70ccd9a8bd,0
8c7687b9ffa8e95492a5b1c62618f8cfad34299d,0
a9f350eb94eb9f165bb5dd13912fbde3eced2dbc,0
bd5cc81ed7f91865aee7a5a7febeb237220d0c5a,0
cdfb2aa1e1ae3029e5d73cb3b5ca90c7df222c8a,0
7f7fa03eac02850550cb28f370a4d2adbb2295fb,0
f643b4fa939e89348618ddffae20a804f4461363,1
35c27d025beba1c1a26c6a4a101ef4e4602274cd,0
f13d18cff3f0932e727dda04bf80008fc2fbbc70,0
31fcd3bd8b3f0a9cd203d1e0767985e366ccfe28,0
5556118ad13fbb80a56d7b8de6f960e9ff8255b8,0
795fe5d869594bde53f8490d75eedef6185b6c37,0
0136218fa363560cba9b2378d979f64a35e9b425,0
a08ec31dbf212a033953dc6916a743dccbb93e37,0
8c1a0d2ee1433681958809b4a0fede65f62936e6,0
1b362986bc99c04941d046ebb36e19c370435b1f,0
82d76aca8b4d845ed7bc5c74280f089c35447637,0
2cd3f0f10a797b744509903b8eca4fd2fd4ed6f6,0
def3c4672b1f99b35ec1fb1aaa316e6043463d73,0
480949c375a0f9c06196f1b754fee4006732d752,0
e56ac1c37d236c9a0e4e7b86bd7d1b7201ac177d,0
32a0f4609f3e3ff0ec00a53e32680428ded88328,0
8a05e0b0f640289c32f2f261f35450532cc2a1aa,0
51b2cabf2c3737de06fc889b39d40240d1b134c2,0
41bc4cd029fc486b5570ec344cdeae049bbca860,0
2d6dea18b08caf615329eef0032f16911c5388d0,0
aa75c23b2e51c8d42730c8b410e6a7148a7bb094,0
a49ea7a65b7990b3e6e625bc8bfff7396ee49300,0
b155e6461adb72087b6f575f4e01f8ca1e624a30,0
db12f89ad2e153d8494a92ee3a50a23faeb14912,0
3415c02e7b6669f7fc3ca563dcfedf832815d192,0
011775551ef75d75f81189eb4604fd0f2ed424ba,0
7d54a14a75b55568a59760382a0a56e8cd3428f3,0
dfd69e038cc7035031d1807c4ade870d2a7e2ece,0
f55530a2ffd3c481f6554d98e9d73f2e8c62ec8d,0
9dcd87f9c46786f3da54af7ac1ba4696840dffa8,1
429c847b24d2c4adb0b9768d1e38bf05e5bafb7b,0
09c52410e62b0e1e221d413d7ab18feefcca6bf7,0
b6d35656f4b0dde16c2e6e5a04c1487e244708a8,0
d2cc78e2dd2b7ad0171a15df9704fa4fc4f28cc3,0
695342cb1cef42f30fd1a8496f181c92b21ae82d,0
b0bcf4f60a1e92480d78e44e3fda6e42cfc1b207,0
5df67bf13af9a044f3bf7d8df3bd2daa763843a7,0
050b67d4f88d60e03a57fa5cf2177088b8224092,0
e6b830bf95f712672cb9e77cd852606cd134c5fc,0
46c42fcdaa16542b0f167ea429b613fd653e6fc8,0
b836907ddbc53d8c47d2e2a6a36a690faa2d82e6,0
cf950e7365848130c5c2d57c871652e6f83e96a8,0
71a1c49eb3610984173728751b1a5e78ddf40c6f,0
23c706ff915c4be7d371d3098fc8de2cc3aa2b67,0
c9a5e54a7c0b4c0be46940d136677a2c9f052ed7,0
0f87dceb80b432b434dbd81ed4f1ab97c740efc1,0
f015fb2b31a5621689a57ce9d2d300e5f32357e1,0
ab0570e63aae3027239dcd5d22caab95111a5de8,0
ec700cf69db225654aadce932dc000bdab302ccd,0
2c437a12bbc578442daaef85ab486d1e55763853,0
3aface95813003ff75505e2ed7d75b072228d3f8,0
c0771cbc3c445a9d1d2a43ac4ce3c0edbc806957,0
33c104e1b4aee768558c63b2a43a88132ff93f6b,0
efdff37fbacefe35c6f459b6f8a7483d3da85f8c,0
f3d2d55ab9b783af65f2050272cd0318a9ad23a2,0
792e9556739843fc9dd0f9b1645452ae5456e28f,0
8bac0be0361c47da8c5ca24135ca37ffe8d78e29,0
c14890f08b9bb47ab8ad27f4dd4c714e32961d0d,0
fd80301b1eeb4b2db55a09aeb54348faacec11cd,0
0f6a292a29fedd49741310cd517ac4ba907bf8d4,0
0095d8adf26b9469115b1be0358cb09d1fcb5fd4,0
9f89fd4626bbb4e34a905835e397bcffbad59307,0
c0c7112dcdeb75b521d55cd47d0c61be66b0499e,0
8d601ab71228f7c3dff950540e7ee6e4043e9053,0
8d95ae41975a2307501aa0f4a7eba296c59edce9,0
05647d46e9ac2bf674b320e8467616aa72954f3e,0
ea666d523021a3c33294030e7c6ac49a77be543a,0
ff4497aff8cc9de4e0b2c6e5e23e5b6550f76f29,0
d79e43216faba4b3e73536915bfddc550cc0f20f,0
a069c490e8119189fa2b43d3b597b79b3d42a367,0
2dd459003e19e4bbc2811b10d38337f295fc5a19,0
c37a911d3a1541adc25c8d76f717015b2266d123,0
a40b2a907a69e51675d7d0502b2608833c4da343,0
1e5c2b87792b58f45fd3b33f1373925ebfe879a0,0
1f73bbeb67683e8852f889e8f11c8fb1b4d963a2,0
3f103f8c9b72ef6ada41684c122ef7bd3cc90d22,0
4733cb5b798cd72aed82a9118648b4a86c91539f,0
cfdc3f767c0063224622af168e78c6b2d2c77388,0
9b481a97010a19e375cf423ffe25dda1b40e0e47,0
61bc7f27b498d919d0a534d00de2aa6d0ebf7447,0
eafeca43268f16aa9d4a179e44b9e7747699c1eb,0
383bc8eefae7e17d0bb0349ab2300488c655ec42,0
f9cab271b3bc8c2fb6e2c51449ad3bc07e62e174,0
dc53e49b4afa5d59c533cf2b4918402c37411fbd,0
96c8ea2fb3719e2f6e3d7a4d7b46718f26515a86,0
d6644e4fbe3d125eed2d85e58fc7133466042f10,0
23108b1bd90de315aed37fa3fc1f38f8a56ab9ba,0
89afbb0c3eaa2d074dc1ef46d09675f24da0e120,0
33884b226454324f27700f9069f4702b44ef8ced,0
151f2cd3d80c006f4ec228cdf610c3a35feb195d,0
eb2b89efbe15ab0b70fd94f0ecd0aa03866fb4d2,0
aadb9a31ed969fc72cc87d486ec02383faa5bd06,0
607e3447c92754d871a3f2eb8c472e45afed6c1c,0
4f82195afdc4279c05826fc20f8642bfdaaafec3,0
7e8df326f4e66bd4bc38d8d4626700e4cf338ea5,0
32ccabe3ba197d085ed887c314dae8c6c7da462e,0
8c5335e6c67f88568099622cf37667d69db06524,0
e4c72a5522aabfa6a660088aa9262d849756e464,0
a945ecbbdda782b51d5c2c670345fbf4dffacab7,0
65ed41ff7a8cfb0bbc03620e186382a16e23db56,0
10325422e5a4735aa87a4d47bdb377e09fe963d2,0
e2dbe55d56bd6c1209276050f527d36717e33e1d,0
8274993e293a79fc75829df398233915a6387a4b,0
8f9271399aca64a6f5afe36d3eec365eb68e310e,0
91d6bd74fa358fdc8d7cb7681c76c509fd9a8e7d,0
6423a7665516d738ae50d272e3b4ca72cdb89a9d,0
103b64a373256feae6ca85f2bf220e7694e48fa4,0
3433a94e255caa695664263c7ac492c624e0f545,0
4a32861c326696e82efd3947384bd6d949faab28,0
3b12d4fe5dfa8aa1f8d44274333c9c24594c1655,0
38140a5d8dffec88f7c88da73ce3989770e086e6,0
5acf310d08b2bc5182cf936616ef70938cb2c499,0
8592cfe496e204ce8540441047d578026b5e0a5c,0
9ca3e3e6c4493ea8e4431a943f3f091a74242709,0
7316c8218d6739b525fb4c6e1815158487d56c48,0
6129bdbc69a9e7ebef8805a9bb1cd209df4836fc,0
36f98d87b24c2f542b02abbf6ec1ee742f1b158b,0
6d8b64945160eb0f9f3b626730348f066585a913,0
26061e38f3f21c892f2d312241a0905c9fd99aa3,0
58300e6432bc3c767db6152184f1e43d52f28fb2,0
c5eb2bf5d314166a310eaf791787b8fb1d4411e8,0
86f011d16cd232e6f7fe01b02723f0ea9e2fb2d3,0
16b1178764b0339fa9b63e40f4cc71450ebc603b,0
42fda334b251048083e99fd31c9d5b1548f9a1fd,0
78134f6b3f1facd019e604d2cd000c4ce7cf9a0a,0
809e2bed22f02264e0ac58bba070f6d84386cfc5,0
496506dedda231ceaecb81d62bb611889ba38be9,0
756b910603ce94ae30e98954676477c14ed1a7d1,0
43e5f99828f1d831a36cdad66ef2331a548dd4b9,0
9177ddde8e5268a48fc20d83d185f4c21da4dc43,0
33bb9fe25b9200e75cc4bf2483b17a35df960034,0
9209e235a57d1b801b5da527b298f6387e311b34,0
86a59601b570585dcb7a1ce3d1ccc8e16008f53a,0
a04151819758fceb7f0cb855d279c9d46b2e9851,0
b10d58ece8657de1b132cbe2c766bc25f1fd2986,0
c6a410adf832e0e6eeee824365b1c5799bfc1391,0
8232c096cef785a2ba88a7324b882a7badb0af44,0
5f4249e2ec8cccb17b27a7ffd032c4fc237a6927,1
10d2363fcdd6e15568f765ba0dfd5f0cfa0b04eb,0
8ac857c41ec8ae02e57eb0c1c1a012525e7e14b9,0
6cfce2a094f05bd64c2f3f7694b520b5f5e6e504,0
d0f6be9886afaee6080cd4b7cd5d165c767b71f0,0
8f362e7eab0c628b7628ece09f2132aab69d35b4,0
a3b74d9c230a85df8ebeef3169fc1cd0439c9a87,0
2b36e25f6699d3bcf5fd2762c824aefb40c424c5,0
d9a2c69a9d1db6072e1d7b7ea4fcbd5c15d20b5d,0
cac7a60abf0a4451a5c80ef57343a14ea1ba443f,0
a27c02f809b8f2d23ad157f36420b3f5c45d7568,0
ac5a216f767c6defa4da720c6ecb3baa05e30254,0
1eecfc948bf6f4cbb9a2481313ca7368ec653056,0
8c99b8299df8f5af5136e4ad53ea5111f953db92,0
78c373d7bc23e81c82cac6feb66a9f6b9472f8ab,0
db6f7c1d74ba64211221a69cfa9fe7171a9199e8,0
31d02f6806e4d2e9ca86706af33acca334bf2eef,0
9c5b6cdc7108eb071785b0c4edd205650cdf1ca4,0
3421e6adb4a3a4fadae79feb0f180e78e2698374,0
d962a2b31c9a7216c2df557eaed3e475b13939f1,0
d58d64ddb1f205a54c7eb57fe0cbec9c59cad8d6,0
e6ad17215d27b66b7fe43931247fc3470d8dee18,0
0807eedad6aa9544d90b2e7cec103fb9c40b714d,0
09686fad46d49016057bae8f02dc79f409b7bd10,0
64d820bffae723b9c8669301b246ae199db61b5c,0
bdb074610c87a210ea4c0d91d579cb4558f4b19f,0
ff2672a57816d75a740813f8d26d830bd2f9b7cf,0
feb7ba55120feb5e3ad3f526fae7dee1b5189d9e,0
d5293751676da9816a415dbc8a3cf703ff13205d,0
777c6b1c8bfc009d4914fdb4d934ec774b4e28e2,0
42f2058c83f256d8654b349d5249d6f59920f88b,0
556d0fe10ff9d2ffd75185866dc78e259b71d035,0
72bbbbc559992e5e6bf17279d8194aaa80c62e85,0
ca9510db024ab5e075daf4da0ce96075d3980736,0
99c209e72d9e8db87425ac662c54841672e85528,0
e58af07682609cac86a8a70427efdde920cf32b1,0
6619be667e2ef99ef43afdea20d5be9d2f4632ad,0
8eace0187ea2c0c1a6e3a5b5e24e701f6e23ae94,0
49e8d539fb248b9dff23e2c5b0766c0f966cee64,0
ad1b72b7ece0166c5fbe0c6136213589eeed9945,0
69da8cece06b96ea8b1b40c5ccafbd4f284e52b5,0
b9f04d9be3e7ff300520da194fe29ed5c1861787,1
9c506279188a90dbbe124386cc52016682d17b5c,0
dad86bc0a29689fd29bf03b382a39621718e8b05,0
e64b51c70fa9f5e2795e91e6729ebd895f7f3c01,0
05a6beba76b3195b26f2b15919d4f3a95b22c580,0
be21e8fc35f564abe742026bc234d3bc59e84bf4,0
ae91ab56ac68bdb2a42b694167c8e6d77026210a,0
204ed0048f4812201ef65c9a0c44fa54a7d1e04f,0
4ff5974c4ab78f82ab43ff6e518fab72b366c1f6,0
b3c31a379e9ad7cd22cb7f0669b82361ced84992,0
a2660687980b36003a612eb89b40d6fdecb4b153,0
ecf6de89ba1a6542c68194e95d14ea944b6c92b7,0
ab60f735c721103ac888d8d7b801055921336687,0
d0049e1ac38c11d10431b2b9f76d03f3a62ab44b,0
d772e171d64c9dc617f16cbb8475d13792538e15,0
291eaf16bf208e1012dc5da722a53fb5870c3035,0
a81791c093ffb27150c98585aa3bebeabd3586d5,0
4388ded2d1a9a4907e9f7d23a74e416b54a28c85,0
de125de49a652391f0c38e97001c7863da878f1f,0
d4fe06de87603408bf2054028533dfd2af286550,0
9e2bcbf520bc8850b8b3a50ba619bb648a1416db,0
0bdeb204c880f13890719b102c9f22bc49a84a1c,0
ff8fd9578ee8f66e6f80cd7b9f204767845b7339,0
cf6b6d8eb1b524b73cdb74168f3190ab471aa52f,0
5b5b374de30f5a2b65f465e4c3a51b1a97ec4f1c,0
ee6f3fa7a6d82bbedde4fece8704a7ce42dda3fe,0
5ceb5f57212935386737ef4af0d066e9fd38c5a4,0
f83e93685baf911d8fce96485e0d5ed8d783eedb,0
716f140d46c1737ca1c6b22a1db10fe041fbf810,0
8d682a6aa32964811e971f58e36b418605ba4233,0
0b11c6043467e9d06880a069bba68d90fbcbb018,0
71d9e00d42b278ce9d216b33bf1a9c8606fbcb49,0
a2d41db55aa46bd4fedb215c978f03e282cf1ffb,0
0a0a35f54f5e7ab2d10022d3ee244cbc876bdde2,0
c503d742f094dc2048b72c3f78f5e2e6070a44e1,0
d53d0419f1c948d3cc7454254ab9a3cb18ca9d3a,0
2d61e349dbd3e2e81450c9ac531218220b7e422d,0
1f56bd103d53c8c6ba7502c6586c26be01bfdb80,0
c7c85ee39892df3ca007c6596c41654865be7e43,0
f30c4607a2b6dcc7dc4476d321fc1de32ce9b780,0
b2c1afce7eb13ea44fc7d25562cc3bb83cc91b2f,0
a06c99b9c094d66f0d33bd69e15fe01ba52a8b05,0
ec2fa6bd5695b36435cc66ca4cdd8183d077a0cf,0
1169aac7a1a7bc056c37369892f638e137bff3e8,0
fbb5d31a581c24e925c442a7754358d2b62a669d,0
e05b50e1daa8200ad488a332375200bab132f2ad,0
e4b7ee81c1773eeb0bb71ca53bf722f046c16a16,0
4a26a86d0c0d9a72a0505ceedc7f1e39b984c302,0
eaa9269ac80c2a957cabed0c46173149a4137c24,0
648eebba22d6398a01b0924975bedced8469ac80,0
13cd4e0ac3ab76a4dc091eda457f9a111727cba2,0
7e85d1cf54b1e467607a0019b56f91577ebe2e4f,0
ed14537b802be2bce96c8d5a0e056daeb6f11b0c,0
aa31bc6c313789c344d715b7c1aeea0cd8de47e2,0
0223a4d4cd127a1e209a04d8e1eff3296c0ed8c1,0
009e33bb5d2950ad46d80f0b84ac77f075378859,0
1a1fc65b04bcbe2e95d0fa300fce110e1224906e,0
697329630f16ee37cab30004aab5b0831fc9ecc3,0
3899cc6570bd9176c84ad2d5d14febc6c0ddd964,0
0fe9685c8a78ba2d780a3ec1e1a323990dc6d218,1
bd9adbb637a8a4aa5eb61c6fde2c576d0ab3c4fa,0
1d1883f0e20215720eb583fd43eee088808c616b,0
5b98a73e4db8d0cb1f29138b2f14319df7840ce1,0
ce0c082898e3551d313fb5b73763f399232b3fd5,0
caaf97ed8804ae3bf6fb17cd98a5814cab834688,0
03384395a85142af26da9188472ba22d80b86778,0
d83f5248a654438eaea3665e8447722c35ec2617,0
8d3f3b60fa9391ee66f1306fa57e51b221f76414,0
10ebb32ce1806821518f52074f0d171fab20b3ea,0
6f318c10aaa996ed72464b36f5b235601ce7e971,0
d2fb3b0865a87cc909e4faab7733f993356141e2,0
8d6bc0ca625f3a1a98b486541fa613b2fac4b41c,1
7fd021d82ff431fb31f42bc6c5c44a3b979cb426,0
f08c4f6ae9f8190bcaf0a8bbb82530233bf51bf9,0
18b1bc203bdb236bfd9084193aa2d55d4b605139,0
9bd439b4e0aa69050ef1baa537e552fa4620e5d4,0
528f6e8e705097d5237f3e29d64c37ade4092e18,0
c049aeeffd41dd9fb8075e719320846c83e5ea91,0
de88730f4b213f97232aa8d19bab61059f1f3c4a,0
89eea1e72b6c9f9faa986fbe548a4fb1914cca9d,1
6c687c70a1d5cdbc71c113b7d7402dd89a942849,0
6838ba320657b36d2433b88deb79456f6a2ec794,0
c6fac966ab314769d27e117bab05aee1a72df760,0
de0819cb86fcd597961b99fd8cb71b8b74fd8cec,0
5fef9575646f6583fd2d9ee01368b3deefe6ce82,1
078e512e6cc5ba49eb3c5a3a63a0ddb657324fd9,0
c35a04102274b330aa833030c15f722b00062812,0
43a9bab8c010d66744ae02b2d26020a946235202,0
3e3ac124f8de996429366b524f46b3f29c3b408b,0
03a2ab275b94f19003de12b0009639bf8f831a13,0
9010f2ec84f8501d2d4044ab1113224148cc9b14,0
faeaa303b903139f36c15751c8e48ef982222842,0
c979d63934bd7baf3608365320b28483fcd5ebd0,0
8ef8e2a7a5326eef6180951207f65d3c29bce419,0
844b2901fe4049fba29ce8c6961dfa25966974ef,0
e474263669a6bfb5ec56dca742b8e220f02fbe1d,0
17d6f2163db436518f953166c1e9d495232f90b6,0
84d52919ec3b3c75f28a185ad7cd87603c3cc4cf,0
afedbae8aca69a092d65766640361801bf2b5d9b,0
f26f04dc6eccc8b4f6497e7e1a9b718f41870b32,0
1a002c67f2d3c198411a62165e53b31d6b414aa3,0
9625891a7bbc0a8b11f7cf9c2b4650775ec8ac53,0
17e65488113a2dbe9894f824f4321a06ee009e02,0
9bc992b133f7169288f1fa6b53a04f74c1549947,1
2244ed9d63e037a85e1ab2ab2bc9b98f12a833dd,0
fd59e545f4f2d697ea7e197f002c5e8eeca27004,0
5d2728f655abea3e64c9e7e247cff71ee0285a66,0
d190655a97c33c886997b9570697f432e7d3a21a,0
2433cd393e6e4185031377665104ac09b75f99c5,0
7f1b88043371a63e0faf596c720662f66251ee23,0
864721d54b8b372808b098e13120abe5c22fb9b1,0
c36de7a60f0ae5223db3609573455a3978be9020,0
5845a59289544ced8f5b96036366ec2cba84b47e,0
34a5e7fa91aa7ec9e75a16eb6f3d859d794d399e,0
3eddcccba7e0361d6e833407320908187b16ac8d,0
5b223744b49d3ceac9608959d2db82bbadb47897,0
f8b1f6e7456a92b8aeb3e0aa8ef88936873dae00,0
49455b78bfc960de70acff552baeafbb705e80a7,0
04b41e2c97fe5faaf521c2e0581c30e18e2f0c27,0
031f6b082ff21cf1138907a7c666d6ff391bfd72,0
eccf213204b776e40efcc031f4c0df560b9421e9,0
1e4a4906776f7300a9639a7599fccc545791583d,0
0343777db959950e490a06e72f235dd6f5f3a8c2,0
b212aa3c6fb91c34a0faccdf783a0a085d40be94,0
f02261849ec44fccb94b15b1b0e8afc8fff6edd9,0
5eae0a646469672d1cc5385bd7bd6aedc4aed19b,0
28f7862ab7c5b782977e839bdcb7853d01a7d8b3,0
54ff33b2ad26e3969cc59d7f2723563dee3e37dc,0
ec8bf5281be88bda8e7890659f40ee93ea41ee7a,0
a0b798c27a0312df2a110073bd7888993e56d05c,0
dd5a0e6e1e3edb41afb4b40e4ec2c99e5932e73c,0
bbd1dc343992fde4baaa0309178509dd07eed536,0
2b52dedd56503bf89b28cfbad21f59e3dd4d1d32,0
8acb1d2b42edcd65bebc94934395c511cc10f598,0
3d05c24107c0780082638b03bdba5f5b0e9cfd88,0
b877fb9abef4a19eec9cc7329acbd433648b8f7b,0
5e62bf80f345ff28d494c2b407a9e8691a9fb684,1
77d187eefc8596ef8203eb827486099cc8b27835,0
2e3fa5c2532c95a95b4f52aeb5b7520282dd4691,0
5457345ac9fc03328358ffc394e4a4276ce80920,0
6e98538200536f90d5fa88b8982b7eadc651d0b8,0
fac65b868c549d28b786568636bbc8362d2a78f2,0
c99a787752770b8952297e24e07bd404cb2f4f74,1
ac1c341558ae3139a5c1eb07bf148230192d6f57,0
3c92830ec51fb6b6e9a7ca2fb8fda324cd33e48a,0
38bafd283f2e5fed8ca33dcf1aac8e4bdf54450e,0
e8300276291ae634eda52d812e6e8d7cfef2f8eb,0
c158713b66856745427f793f14a5dd1fcaf941ee,0
3f796bf74666ff9a4a6d31f10dbde4fd5e837d6a,1
833885c29d3f037b8985e7822f714fbc484d0378,0
ff902c15612f2d771483ce6bb06e55609247c34e,0
15b80753a6e8f481ea5029bc278e362994cb7bee,0
a6d27fd89dc5f8c317637e539bebb3fec14caf39,0
158373bb2154f188eb82f29d3e87916d147e61ca,0
af81f7854348530a218d8e6e2b480cf8a8285eed,0
a1cde6ab707515ae014c2635f9d32ad0ba64e7a0,0
04e52eb6155b3cbf5fffc0d52689a3f679e40b19,0
7642423cfa70fc797601afd64ad28ed1609df9d2,0
3e055535103200da785d509e7b3de1e2d283867e,0
cd63fed74cbf264f9ae48b00700f143211a4bcd0,0
ac78ec294e1b52de016fecb278dae15b60f6fa90,0
d1a3255600da34f4b69dc082c4441ae140452fee,0
59c28bb25fff0fc667d1319b13a3358bd44e81d5,0
8e17410e8e468f0fe90c21123f29d2ef5137a695,0
56e52fe4cbf5d3ce8fbbad9fa1cc4739e2915ce0,0
242e1f5498c9e02f64643ef1c5a9e939e642514d,0
69e97c8b42b9ad0880618132a613466f4e4779d3,0
e55aaa5706f031df2e8d68bdf088604c79944246,0
a72a5ced53067d3516ffbebf00a633743bbfeb5c,0
f3a7cf629c19dc80734b5b6c3933fcc76c8a50a0,0
bcc7c0c85878d19735f4eb014e6b17a3c0deb0dc,0
5e5ba1b8129fc0d235b149ee699ecb2fdebfd39f,1
b2ec67b54a4a7ff7adb34aca9a06ccba36775bba,0
4ceba113050407f10e116df7ecade93b1abcf6fb,0
2b15e1f43de16d204a28f72a530abcc24208f4d5,0
63374a181393d941c805b6909c2ae5c41159e745,1
ddcf6aa50b2e4f0c432add091ed6ea44b7f12365,1
0432e83a4281d248d78f8a8ee249d41e9f8d6d42,0
28555d4c6d8e56eb22a978559b89dbd4e1c7c876,0
c202aa8cec19d80f4671e77370287540a0777b7b,0
3b204c071fbfc2fb72c5c651bee8e30d700680f6,0
3af7d0dace7bee3f42b88abcaca853765cee3557,0
04a5d83aecc325f87696c83b1a5dba45584ddaa7,0
8bb3526317408fba3ae351719feb68703aa5fdbb,0
e01b8eb3feddaef54c740527fdcc8fb4d3335cb8,0
818a544144f41194475f1593d1fcfec42f4d8766,0
69d4bf883cd7402d13497a40422d20096b2b9aa9,0
bb76a6848b37cc3f418a370c56f597486618197b,0
18f5f54ca0e78df12586e0750e257058746a5a39,0
7429e75b75e8b7f37a546575f0047cff48bd17b5,0
4d4e0b0481ddc14c201d1e732967cf7b55c4bceb,0
afc942c7b2bc0317cb549a3fd05080646e7274fc,0
39ed92fff74cfd4be4ca728fc4258feea26b696c,0
c8cc65165143ead3df00f05c9eedaf23ad095bf9,0
1002c9e243883654f9c1e6beae643fb4e72fc172,0
2fa0b168d62a07365b2787d0ed97fa1c2cfb673b,1
2ebf9a21d2dc99ab2f434111cac9dcd6da99d574,0
bfcdeeaf441feffba724f03602cec2cf7b181a86,0
a5ad80d75408c19e4500e2f34ee40e5676e3a82c,0
d75fe46b8f1b0d5c27887052ee4714d6a9c7ea4b,0
15e1ea2f4e5affe377fc303c1f637a73e3fbe625,0
5556026ed1dc17e70946a4a030842ade3a33baeb,0
56907c9a96a50af44415111fcea3e76ce4d1890f,0
7f0d6b4c1251b188b07a32b3f1fa0003b5e7afab,0
1260e09d6f2314c7099d061f1c65e6b4275cb8a1,0
481137553f878e2f69ce05129d4aecbf016a1756,0
2c790ccc312535e679bd4a24e2065d0b7119e014,0
a06f83a7621f323012ddc69836cda1294a5e2114,0
a5650a16717962d88f037d15aa52fe62d6943901,0
242b815437b9a988c2ce9e980295ca8a9e302e7a,0
b4842f559f0d8b8b5a98a19b1f3795a42c1a2614,0
94184ce3837e4268f3d0a7459f90e6bb920dd54a,0
3a68fe8b7e2aecaf75535415d2a7c8268345cd26,0
47c186298927e373b31fe26444b9dbc313cccce6,0
b1762bd557c3d7605490e026bdf31096d83b4dde,0
56f0e1053c9aa767ffaeee37cf06a6056a221163,0
a6addf94e5774f4e8fd71edbec68ff339c26e19f,0
849578d3a8ef50eea1c5bfcd63f78779d30c1550,0
51512905c31ff19b91fc67b2cb3ddb5b1fa0fd51,0
131917a0d3303ca2c38fd1d6765b9bed2c23ff89,0
c7860091a79ac705729d3364c1cd7671ff3bf401,0
ae865193eaed848e72351c11f0543cfe385c8eaa,0
8bdfc7149119c02329dc46330f15da269a266880,0
1dbdbfc3fadaee15424671e03bacb0fea134dc7e,0
fd595d7475336242f1aed9dc2fd30ce1af67d128,0
c3e250abb364187bd2193318d972a0df89c5861c,0
c9cae602ec96ac1fb0b738801d919705db60f03e,0
19f9893de0459412b11830b2798584c9669e5e2d,0
69383a2babea381e7e114d2e7bb8b44eb4b14ca5,0
881c5fa3d2253234157076056970ed70289b87c6,0
acc2bcd0583d29f9da429f92a2b6ff9dcaa9c904,0
6d3796e64bdd5f3f4857bfca6982e6ecf98a2b33,0
31466db6ecd115aa74616e14a75721b45c0f59f9,0
94ec5a11122b2e60fbffcc35373c978c839bf8ae,0
00fafe772ceb91c9f26d79f5a2f6c3695a141115,0
e8a2c29721d145c52c970049e5469cfb0dcefd87,0
68acbc803e416a38616bc25505cb88dde81af5ca,0
6849dfc8a660bf8c95354520a2fa1283c9b3aa43,0
fad946a1d79486c5118a596e8ac67ef7d5189070,0
b0bbe58eb685bb24bb9100cea35ffc80e44361ac,0
f59a674a26d349b7069158023194ad0d7a38a9e4,1
5fb158cc05a9ec78e31e49abb654e00a7b65721b,0
17a6d163c62d7bbfc9e19c11e0d52ae06b5160b1,0
421db380d060e9f037a8ecbc446c414efaa6923f,0
cc1aed9bdf196403c673a886bbf723101171a9bf,0
fb7784fa1472b4c55d329aacae672f416e11a703,0
61579335bcb3da854fc8be82b5e61dc52b5018d3,1
03fe88ab71cf2eadaa39654786c3fba713742768,0
59022fb870c2c45a27e00943003c5acdeddaeec3,1
1b066eb4f60624b3e38b651ab1f9593259fa8b4d,0
958029bdd45c3e341eb146031ed38b4487d7b0b7,0
52b46e74dd29eb3eb65a593a872fd57694bc154c,0
40134ecdb327d1b82936f7ee3fa925b7b181c726,0
3ff366c3db53f3687b40b0c15c14cdeb27ac8252,0
38e829fb39a05d7f51b2efbec35aa02cf40c5a65,0
80644cdab9a77db0a52d09d9ebb1f406912997d1,0
305d5eb8969285dbec10d888186c6f2ee447c142,0
54e63005446a2b0a4255ba16838122c5808ef886,0
04b55bc7ca0b0ac444fdc8ad01acef8172852a8f,0
06b7cd3a31c4565ceb0a127273ef800a3d084caf,0
529964961fd1575013297bc6d4db4528133ee371,0
78e2f4c1223d45db3c5f7c20bf51586fbb566948,0
5f479e70cd10a6b6d519ee5957135da9b9338dae,0
0822b4226f31e50ec244d311e56e3446a8e5811f,0
f37f4b68f3343e2b8f8d82c40398f975116102f2,0
94faa31bcf5c4fcb20818a3a0d23ae789932d2df,1
612236c8a77d5d8c4755e287f682cf06d773a902,0
756ccc935ef2a8f9f48e96f28c7c622ffb3e6627,0
3acffccf15027bcf87e25a432f085c45e103b0ec,0
0343b4fda87161265acf30d5ee61e525e751358d,0
ff3492b06299c0a38c029c8d7a524d0027de357f,0
f8669ed70ac155b8808caee6c3438bd9a429eef1,0
19dace1b8a2ce1734872c683bc881c420c23a1a3,0
4ccfde2b57de4093a76cd905f14501e5e7bcb878,0
0611710c619e67affe9e3b6471943d0ccdb9da73,0
5637a5204ffd7b77f569ed28f85610eb782a159e,0
a48071b0d489420bfdc0c2ed7254d1dba243f700,0
61bec859ac3ee087a69edeed8b65ec39a6646f18,0
71d7c3264239c55b6e2daf89c44c5685085f26dd,1
a9a73a7b2df1455646a7e0207712be6d4412e817,0
f7a6722fba84e3b6f8d7671572832835afb051af,0
cfe63beeacf30e78c0fccb89132d6e50f650fa2f,0
9efa153e441eb67526bf33200445095b30956ac4,0
9604c853069562e8c4219ae27eaa4b2bad59eabc,0
1182950a8860efcb59e2fc09f89ab7c0400c45ba,0
d68f7f5f44924ddee14428e16b7458e2878baef2,0
bcb33ec1c7c4aa98758d1561c8b695737d0a15d5,0
18b3437c15d78c54510964728486831822809d9c,0
dee94449e6abb1b999213a0e8efbe937bcff693b,0
d282015e73ffce5b6d08a5244e890c7ea1a73400,0
0e96d84e230628229d7f84c8f21936a3c975eda4,0
13d7ce9fb65e8f05014daf4ee6cebc76f4781e6c,0
35096beed02221413948ed840bdd33c8e3c921d1,0
c885a32e24662cbbe9fb6b8a0bc3c8dacf3288b5,0
48d142dc3bf2ef6d9a27c4138f9f1f9c7afd70ed,0
a2c09f81f40c3a730bccad827aadbb34e7980b22,0
a05233f99435a49debd5b94ead23155285bf65a3,0
633ce604968078151e03363d5c67042af74310e3,0
b14c6e7a54ef966b72a4fa3511e8723632b72e7e,0
6bb871786e563ed82e2b8d26314c22772808fe5d,0
8ac3334a04928faab627aef4daf4ac51c28a95ef,0
14c2afcd63c720919b511941201b2977bd100cae,0
507451866c98cf9e2ddff1008fc0152935ed9e20,1
7a2b1c1c3fbbb5e109b998e68a00f5d053571769,0
ec4d8a9a6b783f1d5d603d5272c94deb1e7375ef,0
405bde36c42e591bde85d6bca1ccb1910a33a962,0
636a5148405f567310b9fcd4dec131fa1936130c,0
adc6bc4104514063b3e8ebe7a301d5dd4bce36d3,0
d864bbfb8f82fb64b2fb0d345bb653d7d0cccbfe,0
e79a590e0cdabd93883aca964db2a862ff3f8490,0
5b7608d1549989d92dd159392c19d9ba8ce0e62e,0
82152f41ac8a727c2f0042bd555452dc2dda11b1,0
0e266204f535aa48f74d4f2480b2268c13e26b22,0
3dbf1eedd93565481f8b5d3c9678a5e9234cb91a,0
39380da86acc717f419da48f070f8cf7d9f9ec94,0
474a837858a8e7a98316f97e9ed387d0161015f2,0
7d5a61ed64315bd6570c5cb55c1f53853a3fffa5,1
5f9e0851da9e74c12e04f5a62cb7aeb1a8ab7589,0
54facb4fd93c2ff59b3096c6e64b9be1b3c9cd88,1
d6dd2b4cd4a337c5517952680c3714e5d08e9cb8,0
740c0f95fbd99cb7c07bcf7c54bc077c3ab27bd1,0
dfc9888860bf192cedde21e5e843bc3caad4b74b,0
7fae5b0b17dbfa46236243cc53f0ea853ed89f5c,0
9752bbc299a880745e02df8f920e076a0fae86bd,0
98220ad03e4b620a98ca355317c9da6c6ac765d1,0
b162f51adce077dc4cad631fd02cc9cd82eaff6f,0
fc73151cfca36ea2641f340700dbe339b9e1f103,0
e2ec4f2fdb2bb8d97f64a33e9ac288d52854a530,0
7af67bdd16a4f103bbe6334c5a865436c900adfe,0
8d0214a7417addf790713440f10855dc279876fa,0
eb5f7ed8914fd53eea1ad360fd88f42ad8a7a33b,1
155cec1085f9bd5383241e4c93fb40117081aaba,0
1cb5573ada7dc7ec240fca6afe4eeb6e2c793d8e,0
afab3b02554e0efe0a4dc482bdbb20d985c02653,0
d2b1e522bffbfd983ea0061f1d5408fc98ebd8a5,0
cae70c10b4451ee3b919764f72dc4a4caf0f6f27,0
ea1a69d638d97d5ffc451b32d240479357e02b0a,0
f175a241c811d2d0843026b2dde5c3ae308cfb95,0
60b32953a968e5623f82a6b27d6c679bc17c48e5,0
061450a927ba1cc65f7b984f4ff41866ec2eceac,1
f24344c2578a829acdfec914db27a5bbe0fc09f7,0
0e67448f8b7d6a3b606d6c6d31574ed5329271f9,0
758f5677a1f219f68ad0036b65498083efadb615,0
37c20df721522b175bc9df3f06a361297010df5e,0
8548b12d8f697667593ab78a3ecf3628c21db7f8,0
ceca92e3f8e9f893081b3e8461508ffcae0ed076,0
1974c83561d09cf73a575f992fbd8416e3354d20,1
4daaeabaad5ea11d25c0079fea40b7f9d0fe83a3,0
6f653f6bb82757963a87d725808c080109e7e3e8,1
aeb6f86bcdec061ee9c6be96066fa19c56523490,0
abfcf0a8cfb40cd30c83d30923bea6d412cc5a22,0
8e7ea70a33ecb8db5207849ea6371b4a5a8ffd26,0
b37837ce638048384756850a3a6892519ddbc743,0
0add1e8975336c65513b26123d48b221e2515ddc,0
4a882e76d9c9940ac561e8f17ede77c85e3dbeda,0
e8db7237a9c347d2225fce9b49ff92bb741adffa,0
28656559d2fc67193a84d5cbc48d378b2016f74a,0
07ec8ad2dd862c8669b2557b995ec5180663d73f,0
448ec93f006939eefacec32aca65dfb622d2c352,0
1cf8af4b235eff25b9ddae22c477c5bdfba9dc67,0
99a4292ea80f428080651e9c0ee520a8eab23b08,0
f97780bfb4d87dd8c408e84ee4197f04b93bb995,0
b5749b4f54b30c0c2050e456c12cfcf516434f13,0
4796a0a79259bbaf4fdab61dd158cb658e6a8d44,0
5c6a87c46234ea135e0b235a6287843542c7b79e,0
69fbbe1736c2e272dec768def717bacb8acfdfab,0
260e0e0cd21af7b03ab0dae33b4978233db67773,0
6dbb48c8e685f65f45ad5df9f7684bed910036c8,0
6a99050166c945a226d5f8275ce4a9dca3518285,0
cac520971206093d32bf17925f880bd06d93f736,0
2584b4a0ef536e59bf28ba140844597a093d848d,1
775203dd2cfce017910d04c58a0b1b4e0a64923c,0
bea1ae92aa52a985f8c171c6e17ff7fc4aa61fe4,0
cb83f7cb31e50f265e098c5380b3f0051e257f46,0
6d23e85570fe1139cf5ef3bc9b4e57ea73680b6e,0
f431270c59b6d4558da8dff625a7738591a0d541,0
35e795d4a959ddef07da67a8e32a76b5bc1fc976,0
71e515ab6d2007d34d96df5604f74c6fba92c0d7,0
52adf52e4669b54399fa50f2624826c06a19cb7e,0
90e31fd93fdcaedadcd4b030fbc20f7375672def,0
ea60fbe0633082a131bbb18de94fa60a04eddcc4,0
e580d35e1a07431109a5835411142bd1c1c2b3b7,0
640953167adf3580a2c21077d78e7e7ce84ead03,0
6271c5015feecc22b9197ef07170fa15f311aad1,0
6965455f8a90474c656e68031c780e9531cea21f,0
fb7335ab163588fe6ee67ef26d3b3edad5cf4bd5,0
cf42ae522e12e9b412e1a1f008ea73cfd86a5979,0
e2c0ea4374c02539ad9bc6c4328b74f25eb72405,0
102b75cd923c30fb81047211ea1eb0b12cfe1a43,0
d4359d5f14a7cbb40e1ac6549b6ae1a30cc9aa3a,0
02a98515a337991f0ce05271ac90121fa204d9db,0
0799f01df18c8f2d5695390cfc6db807fe019b18,0
84c5e8c7124dbecc9243dbd0313b3b94c7185f63,0
4ad74f449258781e9df189413423ffd6ad95c526,0
1b9d938d66a172b200fd90d4a61707852bdb4b8f,0
8e7df02eda7a1aac56a884e3d52c6d72073028b5,0
fd680a65117e15f814a390253113ac51b165886f,0
28a0672f99847ea3de0b2de6fc64c4c8dccc451f,0
af8d0ab9bcd092b3681376b30b56f8e8faacf3c2,0
c1501a24cb5f4ff073d539cc1f1a76ec5a1d01ae,0
61095ef28e4c1f8c1be7f97ff7d195de94bce4d9,0
06506aecf9e46441d08edab311e19e599d273fab,0
a3995141bf1b8a478e86fdbecc95f2b98f892647,0
63d8a025e6f38ddfc966c4104ac783bcb59031e0,0
d81ea83a0eb1761bb4e90a91f3b70f23f88a7d2a,0
16b03b0c4b7e25dc89892b1f88a35888646d462f,0
df37e605fe4b027406bd9dd85b320526ab12a122,0
73a8fba6fb23af45ee77f52f33bb8d791a9caa05,0
3720683699bb830a4aae6fb66a78ce7079ad2c56,0
2ed96f00f724c3331d6b56b6b5650b9632f43954,1
5aa87b52f1b3f958e1c13ce3b811379ad6f71d9b,0
71f6746f81bb9650f6f228ea204d85ba2c5b7392,0
9bebec9cf9e6f4f1f0ae0673ab3fc672f87d18b1,0
c7bfe025e944b6ed5587cc741270fbef5c67c6dd,0
7ef106b23772995e4307f84afd1bee4e2337ce0c,1
2f67045b9647de10ea5d01d8d1e98ac7de3e1cfb,0
4f2f0e47d21477c06932586e4c324e42f7084af4,0
620e88b5e7af18056e737067d2c966fcd44d50d7,0
e3076f9250333603d68f17ad5864f977b4db3ea1,0
6d1fdbedc9f44a49ac194f7d995f2f153ead8ba6,0
31bf842d764311733a2585857ef695c57c29f113,0
29f03b5f6372a11788e43a82d6d6b387f898fe65,0
d71efc7bf5c3a80a1eb04a82d3f8e060e3514a7f,0
db0f2304bd7c3ced65cbdfe9e17e80fe0774c13c,0
3051264e1bc1d41a29c9dae7935c090568f64af4,0
20c733229df741e57b8ac205788ece2d563b2f3d,0
86c76dd5ea04d1881a52d79113d6dbb1d57c38a6,1
c9d3c58e44738bf38c3974f054daeab1d7bf0f89,1
76cc69c3f08cbf31efd56f631504496307ab7a5c,0
d4c7f63054e584b69024664bc2f221faf9863519,0
8ea1aa1e7cc427c28a89878fd2dfcb110c992b20,0
59985b43f0868d9a4a588d9ca1debd03108f8cd9,0
34558845e3777afdc1bf90ebbcb2017ca17aea86,0
a498b87dbcaa0a61c6088d7156258a3cb06638cb,0
83775c432382b9c0367362491d0dc515bf0e131c,0
3f0f42f7da903de72dc76bd6b90fdbc98f0d0c40,0
98817e88f04cc6757c42ae52d653b63cb85af486,0
35f1cc00274122c0274b522d0b544a06faaba931,0
2bc2ffde1f4752e7a8c7ea0a51c559faae194786,0
11491d355da8a851d6badb6348b10d8c4acc9d8e,0
9072a7615a54d5e753cf088326d9e14f1a5a6751,0
f525bc3ccd9cfb69603bd9778998263a458415d0,0
2fefdc7dc3c9afbbe534ff69db5a754be0716b11,0
d3252a5ca5571e0a97e9a31966ec6b847a3a8574,0
c4c03a33c8b8b94eaf75d368473bdd10a21cd0df,0
9106f4ed5ac4c62ffef1913f7539742e4f0b1aac,0
173c162a45b4be6fcbf7a30c44d1953062a25086,0
ef51b068aef14fa347710497cfb67aa9c6e65c0d,0
319588b45c847356a07b19e9e7323a46e319e3ae,0
921ee58640d4c45b4d3c670cfd5d7c7b6a11c3ac,0
3f418c22009845ac71c86e945b745b38d6a57c0d,0
1c532efdb5b008804977f6e291a8680dea865c41,0
cdbf4758ed89075938dc8858348ec3b51548370c,0
0d5d66692b33dc265e3660e06273307e0cfb59f8,0
e83123d13c023be60bd3df6ec9f917f98664985f,0
09c42e7d12b2936ac0dc5c67200c28b6412bd395,0
9c7b0fb8e681b901e5fc40c699e4730855f2c14d,0
8c84cfda26c23af0d7106d6fec17c36a4853bfd4,0
6039dd3196d5c5ca17599a365faed42724481f7a,0
9e575c4da256b3fed0544c39680e1b6dc202114d,0
79aceed0e31376af5756fd8ab314534b0ac1efa3,0
06d724599d57c585f537dc7b5d73af90c16a4100,1
56462a1e180c43aabd78a47077d4c195d907638b,0
3548f0ab8dc2d150e6687b25742fae0f76ba9c0f,0
dfaa656f02d6339119af17ff39b1c183d9dc3a7d,0
bb01292edd9e7e99b9897f667b6e4b3f83aa1440,0
3ab0bc35719792fd1fcbc98e8d9a4ffa4aa0c7df,0
f718ec1696f7971aeb70059a8f63857299c2109a,0
e29f33c36677fa77d2ab66f412988875ef6edfa5,0
346aae3b3288be12938fe9ab72872f42aa1a38d2,0
4fdc606c3585c712575b674c1078ca3e326ccbb2,0
11279f7b9d0ff31cdc8c4746a1f6bf231e4d000f,0
fccd59e788cbde19874b5772c2ece9faa51692c3,0
3225ba64ce9f196b828d7c2ea124c03bd0d62955,0
11c0df1d9ec508e4ae502c1b951907640a5c4804,0
1dc65ff986126f5e460e5347638d735fdc8cf52a,0
2b7e1959359443485c175b7183100d7eb362f910,0
098395eaee0e0743516cf403cafc004b110230cf,0
2f62425c31dca0435c756e51289a5fc9dbaa5a94,0
a211ef288c45fdeee5f05fa4708a3d9e23d1cdd4,0
c8e96c0c733ea06ac7481c85f04a8e10ae262ec1,0
0b7ef7f53f2f6dec4272b8d73928b62889a273eb,0
a74ed8ca048775e70a46af3c21ab89a4a85cd19b,0
aeaa333caae4f7d224606bc6e3815f18d02c6a15,0
10e18ae9b47dfe04573884739823d64825105694,0
8bc91a95f9b058a0798e3c775c14b12e82c3f4f5,0
bbfa8eb7df16baf17239b412ff7efa11c7e0926b,0
7bb99bcb6bf0942c55a092c3d9274e2b080d4e95,0
bf6ee5c56eb32bb572c240d765d542c048ec9565,0
cbeb45b243897dd974978ac339c40c2915b638d1,0
3328387a53e6abc26e171b97d8d3dc1c2b5d4971,0
1181552e7d260e860b7f62def1c39f7b0fcae4a4,0
adebbdc750821a377549ff0bb867e09eeedf6172,0
d6f59c373f91c01d54482bb30a63a8d588b9eaa2,0
08a854a4f93befababeb479ba2722cd0477a59f8,0
bf3e77d897fb63d9142d0b3316fc2c6770d64f5b,0
4556cc57c8130ed488bd8c4916129f727e3ac953,0
442e8c27055475283623299bfad6ad7d0f01040b,0
04c8de2334516375ca3b2c84cf80dacc6e328774,0
8aa1b44ada759e7948f87f55bb29ab87b5eb5469,0
1f75a8f7cc28fef663eaca75e831c9da11ea2b0e,0
a234f033b67a9068702ea2aa5c87e18dbc4f854b,0
f29eb8e7f80502e64e612cda09d41ac8d779bc7c,0
d38919fcbda835f0ad82d65f25349bd7105b67cc,0
ce7f4ed073b5a7b326871bd2339e355dbe9468fa,0
8db46b1d09c52ad32fd9360a1f0d627784523f8c,0
e124486951948174be956d4ca65807c097d68444,0
3ec99c1f0b1971dafa0792ffb193a40e7f298942,0
7c8443f66c1a1852d31a4f3b9f096e5eecef5eb5,0
6ec90c452fb1af67ede5720822d4503600522ff4,0
b321bde08dd2bb324d4742635f9e6ad70d58f2f2,0
fb6a62cab0abbe30464bd407a77ef0e6387fcba0,0
4d228ddfeaeeb98aee093dd3c79778ecdf5ffc08,0
2367948a0f7bbcf42cb3ef9d97216319a526d3eb,0
45a6467088a08e447d7f2983551021b91c70ab49,1
61836183b1d84a18dbcc084d1f41bcecf752f9fd,0
4975b8903e359963eb48e2ad3d4095de0cfa8032,0
ed4d262ee9f3fdfcc6df5e684a8fbdf219376e27,0
bdb5d9723056941a0a29aabc2eaf81b2c96956b5,0
ffdc4272f4d67e2673910cc3a361144dd34ca22f,0
813e18ff40a9a788e8b222626456378d3f93fb14,0
4792f854b0194e7083fd00de97d0944011aa5464,0
425d0577398bd071917814d04275ddc423c0815f,0
58320be2fc7b292637cf0105b03d8a7be72c5227,0
6b90fe3a2c6dff71367c3745e927d9e2d09b045d,0
d8c65c419f70c3fdcf2f9f6e7008be79461e282a,0
ffc38b1f3b35ddfadb942240b9d2f933ec83d1be,1
3181b407668fa09b83ff80126b5abdfc4074ab9a,0
63f1d6b83bc10a2880f5ec17a172fab284d2eff5,0
cc991feadbcee678635f7831ad8091ab8698d508,0
38ed1a07259862eceaad05c6581b7f34e85f6be7,0
6eac3468d4569e64f18757225aa8f7fd6f2a5241,0
89c8519238523873277e76ea87422aebaf17898c,0
9af6c5e07c0513623a0ec8c2f5314c09761f36bc,0
51607308c7ca4bf736a749b18aa722684a3b6b61,0
d903279e4439325c34b89f17149c8dfa9b736fe8,0
42728e8e53f291fdcc930311e77770c6a5a8ed9b,0
2515b3eb3207cde84be9112f1fbbf99d6e98b948,0
8d9662e0a18b1da998bba0bc952bca321779bcb5,0
c4ddbe6456c9631c301171098a8ac016eb4e582c,1
c87380f0d932d115d1e46d0ee76958186c1a5c87,0
e22e0669cdd18a94c9c27fc73f1709c405420c09,0
2f97b43563ac15db48d5f622e99d35e547357e75,0
00f00cce4a5e46faccecba1a9fbd223c5e991dd8,0
867d318faf5ab41dc9361ea21fee68be926d94a1,0
e4bcd50db3e243477c94c510465a4054c52155d5,0
517b43041a21d3fb10b22c0bdb16843253196903,0
c5332828bde1cc98dfa7a00f65a05bec51ede088,0
5cb1ae60249745bb9b9f019b58eea5132abf1032,0
a169e866c14bd411da0f676bd3f0149fd160fec9,0
9e26c7b6e9278e412178adcf6e54a20b2f7c7c70,0
23d55b0b9cef1063f892623a5a4664d5706eba21,0
5f61aa071814235682545a31f3eacb5bddf52b24,0
39022255c53737085c94c937433eaeafb5e7a867,0
4a2cc4f5da0fbf9552d2b35aa457de64c47626b9,0
e5a3039f7a1e727fca40db7357a9191b6a7cf41d,0
05763470e5a067eb153533d47baa73174ad9bd46,0
d4cf0864ffd0f473b17e8e0cb19bbf70f45b2a77,0
a25d6d800bc75f0c55517f80f98ddc2d08c02c0c,0
0162032aa4ea1084e4bccbce6fbfc48ae4b0cc48,1
21201210e254fc7d73fa646f28ce786d94fa2d28,0
2afdf4d05e38f63b56b0414cf524916681ab58aa,0
635e41ea181c5fee8860a7044c84ae3557b51189,1
85c18d0ee864d07081cc2af43d760f752496a7d3,0
0661ab5c773a4423f3b4bded356fc29f041baac0,0
ef26a667633275fa656b74b841f9e74a3a6879ab,1
09cee6a4ada4c7bb69fb32be33001290b744e0fa,0
b199af8d8290097e7535fef6f35146e2c783e143,0
0d3d31972bb7e501ecda4fef4560d1d5e372e271,0
ab570625ff5116c5c4554f615d45e4e4f3ee6275,0
a11351107ed7ce1b3a903e52c422156b25fa2061,0
0648a3096bd8381ffdeb1352229ca3ad7cee8453,0
4477ae695211449db1df589e9fdc6de84bf4c640,0
aa3f1749864af5fe4971e09b100720ffabb78bdb,0
7406d02eb0f0dd812332b933b28207ac92e01f0e,0
22b6781a0b96418198dc9146e5191e51d381102f,0
2aae22de23bf47566700c0ca2671d25e30c4a857,0
52e854e3bda9f1b92471884888f430345f73eca2,0
bc91bedd45c5f51175f8686332ed4c72fbe98652,0
bdb1a684a7b3876d6812d4e281c852face5a5229,0
2154d5fbf8cc02cc4d51b63d6a532af06cccd0fc,0
1e6c8c1495d0c70899cb3e4bce2975901c9c2b04,1
161ef971c43ee529ca8ac7f2619cd40fdc7c4b27,0
01a950e320d0c63972befbf0cdd085cb3bc73b7c,0
fceafc5df8ef8399c8abbc691bf621b18da46c94,0
bc8e23808b9d8d0c9b67270ef35d04ebd9d89cc8,0
092d6da56691fbd7212229c5a0a09bdac80d1510,0
84c43fee7bd24538f671a07a16f7edc079d00643,0
1384457a3982588b458f4b9c3040b0458ee99749,0
a67075b7830e77063056d0a7e89fb9d4e0744abb,0
9b2357cfb1f2c09cca4c24789c4bb7a745201be8,0
5ae1b02383a6e1427e38280cbf8353e1feef6a91,0
3fa5334ac08fc7ce1a86d5b34fbcd8cfea85ed23,0
de67dec0774115848a9f37feda05b522a716d1fb,0
03aa1e7078ce6cc6df11c159846002836fd171ac,0
88dd10fa4bfee43f30563760c4523e8a6c7821a3,0
b1caa21bf5109328d7e3f880c3da6b7d658c3abf,0
967fdd064c6d67774204d1b2e93301435f4d6a64,0
6240a05c12914083adbe8c7c53e7e40ef42931dd,1
673dbc5794906825c48545eb7ef76fb544754999,0
7022c194e0a5a3f5e92908068d95ddf2216ca70b,1
4fcfad957dd92580111a1c7a2e282d0a9cadd110,0
c8e024f8cd00587df3e79632ef8613b150eeb392,0
248fd21601c1156cbd58558a7ca23a09adfcef88,0
71966110f7918a6366f97ded3bab25c7b5864cb8,0
dd74cf1da57ed432ce38631baebe6882419b01e6,0
8a95db3d42432490ef2d2e3d054d97f4cdc0f28e,0
60b79a908257f082b49bdaed81057b190a150842,0
0ff8493544253e310620f2cdfcbd157be07a0a51,0
7b33ab10def0b53d8d04c6590f7f5f5be3025085,1
cf832560dd13bb154d6c56df669ff6b691f8e5f9,0
2e9a359fb59bfd4fc3734bb81d689da7d7d2c0e7,0
c9e3793ae7ed0cb7fe9ce3b217a50384526b8deb,0
e769c18954c3fe075a51e9df6ad10b7b31eb372d,0
082eb39c9f97b13fdd178b69533920a174e8b68c,0
c987d1631f43b8c533d54aca085b9d1f4c10b98d,0
f7e5f2c877a07c31010db8554125e77db6a605cc,0
299ea79d667e32ac7a428bf955294bb62093f415,0
93b1808e523c252098139c37ee5b23324e855b4a,0
8e757f11381508741fe8d340307c91e5efb14f63,0
b52a49ab1c677dbe1079df710711a9b8a63ded5f,0
38334883a68b173a1eb5bb954b5323a7fce4320f,0
0ef747156b90cdbf2e316c0a5190f2c423b78529,0
e3ee532338219f823129634d79cb547dcd5588b4,0
5a1101da75a0c778d76e660ec78f6db348453ff0,0
96c30e248d6d27a1df8e26be14aa10c633168cdb,0
ba8c6f6d6fca51a4dd25d1bfaf53a48f12d1add3,0
d96586563cc2e943320393fcd84633083270363e,0
8f9a427dc67e99929021a21f064061a507ee2ee4,0
68a6fd6125302169a5a0687e795d26b5cbd97303,0
6f688e40bacd89ff3bbd9dedfcf593d1e43843d0,0
9a16b763d9c51b788415c5f83b6e9221a3cf5d0d,0
5a28357bb55457094123e45646af0e52996f7032,1
a2c356d7a639768bdbc67ababe751519233e4656,0
10641f9ae7d1d2f30aec5bc146a8d5b49c22d0a0,0
3728344459e91509c4b5b80d67a50c98063e08bd,1
10f136bb012c499a4cf3c676a5ec625559fef1c6,0
a2f44d03fed7270d3500ac8b9b0fc934c49c9a4a,0
b78295b4faca2fd26024a26ef4638b0dce5d40a3,0
287aba5b2eff81c0f7c62cb37a6adfc5e331f99f,0
d16c62aed209aada9868c07e139d2dd48dc81536,0
21cbe9553f0c1b96493eccc7d5e048358b56d7f3,0
39a5b774ea5f3b09376132d8beb327c675fd596b,0
daf4b4f98c4b640388396f072d2c8adef7a91e5d,0
01fe91839a86c675e312293095956c07d87e935c,0
bd7a8d5004cafd50f9ffa431b506178f148657cb,0
9376d1eb4469b081f623ff80a72ac65f4f7a27b6,0
da147fcb797967dd5e422e88a09983d5fe2ab28b,0
4b28af1e8aa1921121c934ef49f84ba48f1fb6b7,0
c3d65461a327b98ce5f582c45a48b6bb2b21d03d,0
80f198826443bec65bf032e729d40c3b6cb2a665,0
cef1ca2f77873e60126617f354dec89cee752e79,0
7d6e0beccb1345078b3051504e623f399c012fd4,0
d910918faf359f8144d4195ead470fd0921554dc,0
75fbc009dd10b4436d59a7528f1854fd3364e18c,0
d44f573f7c11046543e2f3007a334394afd000f9,0
fd54d42f78ae17a96fc005d2fcd080807343aad7,0
00dc479f6a1d204d557f4cb1d981ba236fe09565,0
2f0beab7a86d0a5705b7fe0c24ed1e5b54f521ae,0
98f76f4c98a29aa4d6d03e326acc012480cefed0,0
4b74c385628ed1766209a79705a2d5986c23d02c,0
248630054801b048e6629a37a62e9efd69a7a756,0
64ef8a80224443c81dfb198cbc567e1b2b9356a2,0
358f139d1316df2b8efd7610afa3aa68d165334f,0
548e5c42f53649b3f05692b7fc77c8a24642ee2f,0
fe354beb9353b71d83de55c84278ca13fa3b87c0,0
b4b51a8fc9eed7274a045b2f3192d77782b0e4fa,0
612595106054d0ff2320cc15f88cfef8959e1531,0
d13a40266f9b357d96b71b2ef6bc420443b61dd1,0
d9bd12dc92dde003c0130a2a8405702191d55261,0
454fd1ea0f279e2847685b603bfa912d7897edde,0
b46471100b98e6e800f93cc1882574264453a89d,0
804e5f8c4fcb6253b2d512a123c28d437c131986,0
f4b7d62ac57ec0c212287ed28721c8626b0f39ba,0
649a089ddc4da251a3eefd1a792b34b782164191,0
3b2de24af3b8a81d1946ea23ce05da11fc6398de,0
e288d39ba32c66820e7e2d42a40f32295500962a,0
5d9141e206043aae96a427f0fc1cb03eada282ed,0
fbb0f7f88c84001e0a92dae6a71b7e43bda65a56,0
d99f581745097c9562f1d701a6da66cd81a550f2,0
3efd6ccdbf1131b8d0b2677cbbdb41d7a23929f0,0
4eb70a5f436894008fae0325ae749efd110114d8,0
70d9e8b23d924a15c1d79ec1d0ce42ee916a7cee,0
39168bb734f42f2e74e4300644168f391fdc29c4,0
3e3330412936fd5180bb99b5fe0c22575f82bb68,0
6b438fe99b8c55d83f452b72503a2303b4b4c5d6,0
8a528639542b401ed1e2759db716351dd058eab9,0
5bcbf2e8f0f31ec3cdb6bbb92813d17c5d64f9ac,0
d72d2b08dcc751a0e7c4d5cd4795fe9e94552080,0
010564038cec491d0ed1692115eb2003da328016,0
24767d6f495d7e792cd972e260049d4bfd9440d1,0
d069f0c7c1ba5541b6aecfda6dcfe8160dbe55e8,0
2655d9c67d495addf2d48f1a27cc34cb0e4d2cf7,0
483a02a44c684b378f3e76920560e123c32989f7,0
78fccbbd302743160ddd274d0043cf0f7293b3d4,0
b9b842d0d34a4b8b79b75cd5719e97b8c8b9dd1e,0
6f20b527e66de618f69bcce3d07a84a73fd24d4d,0
a57ca055e7d7cabd7fe5b730a942746201452ed9,0
0e2e37bb83cc11b87a578c013c14d22a91a54931,0
97f67d717b965e1cd01f194819722eefe9155fa5,0
c95fa44d03e867b71a82c11f0c9c9b8eaf25f20b,0
a0b5cb5dd4fad566ba6a3192bb9bbb9f4071961b,0
acd41040fc6722062df7c9334f2b22ff456495c2,0
d00ee004b059c2bef5e6f35a44c1659d7f44d938,0
1113ab56bcc3fb61d1280a609b3c6ad59c1cc177,0
d3ebe17cb3602180d952cb5d081f351a7df4fe9b,0
c5e7fea05e757dbeafb5dbc37106a960ae7d9658,0
186209aac563f69a05bb4a50c29c39d436619923,0
3cdb48686914e6070927066f9cbec9657d30ba70,0
7b263d7f49c45773bc9ecc3c1cf55ca0c84fe053,0
2b56945851e2d555c5bbc0e1bf4fbf8f8e370307,0
6f176f87bf5c5c99c59aae3fba2399af52d314ff,0
0f1e07e1fee231afc1b92279b79e0837b8ac2979,0
03653e39117c7ac94a8b52c8028913d34b56f0e1,0
dba302513c242558c6cc6a55e1ed4f8f5ba6ab43,0
d7e2aa2504458c644466d99a6d7731518af34ade,0
95aa6af17c3fa0ede11136e467e022cbe1398322,0
cf03e6173b70ad64337704402bea51600cddd1ba,1
708da45999d8e545bfbae17a092c68df94061756,0
863bf52eae99105d4299472e747632dec8390a8c,0
024a22b015514246c775fff4dac43c1095d542e4,0
3a394317b0caf9eefa7d2837d50d2d06ae5a9440,0
01219ee9d4a5abfeb0ca9851f4bc1239763567cd,0
ac5451f0bbc5cabdb100134278aa5bd1abd4a28a,0
2824f002cbb4d74ee9cb9cae8e04d0312975a8b3,0
85bffd0ae8ee595cb217d824288670f8cbd2a0b2,0
6a3dc338505618786edeb573e034cd5b7d181273,0
6abb5453e729074183a8d2b0e5c524f4ae3107a9,0
a66a5cb647844f91fa5b84fa521bdc7da9dd78a8,0
356e5c1ecad7cc96ef8df338418a642987542d3e,0
c9131ef24ebda9399826b3c2e04616a5f0416994,0
e99fb20a70f11191d0b58328b031a9e4b806e3d2,0
79dac6677e0adeb9f6819732111c405d47d5d153,0
b504d77013961a95995836ffc17b230fb6295567,0
a4772be651311ef2b2ab119d56409fa32c6ee7e8,0
3b681d4a78839ba328a5ab2b7c170b56b185bcbc,0
11bbcd4a97b5b793c24783e90c9d4628b9f0f4e1,0
3ee44535b4c6d925ae21cf8dcbe6e85a72158a68,0
80bd3fdb42a5d816ded9d9111c7dac3ce57c3101,0
66a37174a0398d76ff95904c22e77bc65890eec0,0
1ca3a263e142bfe5876edb8f1d0d076a9c10d51b,0
19120b722441382d1210a548f9522c6480d699cd,0
5b32cabf3fea89dfad1b76d392df88ba8adcb4b7,0
1a97c7efe11f290d8f127e5320525d0d72422b56,0
aadd8e172eb22fb593fbaa454075677656fad111,0
8d360ae70732ae26d961f76da5a98c44ac5931c6,0
77f5fe29e317c634bced62e54f6ead8a1c85c238,0
8b5e3eb81ddf3417f8f628c211507694ce2b92bb,0
cf4138d7bc1a892295ccd58ea8b42f7c8737239a,1
ddc06197e4c9cdd009ba2a039dca77099797c584,0
2ea3865e0c439961db4378bb36fa2080937c010e,0
b6e5ed05866242eb6c7c23a82d3b892d4461bb54,0
01329b7cf5d494f32da31c2169d7ea66dab9c517,0
ffb07f08d85c54c4f36f3246368f37acfd770ced,0
24f4c1c6eec87a5b8cdaa533823c0e1b48bfd925,0
edbd9842cfca892b10c2e9c8da0384fe005cd67a,0
057249fc705b996b40aae26300f76d9635fa8827,0
513347342acccc840acfe8a6a24bc727f861e68a,0
a22ed2cab47f39acaba539ce8d94666b9bead53d,0
aba96314647a88fabdb5839e52a30803374aba03,0
9bc263f242d930570f37a05b248952c82cb6c00d,0
f18194f4d77d1740b4a9443d70c8243fb7e2c6a8,0
ceea303ffb06c49115b7c22139197af2a5e07016,0
e97d1e0b727c97fb650d39d90f0d779bbe8d8abd,0
70323b2834fbd397042717cf82571ba0cbf738c6,0
5d478ec9a7dfd82bc9683e316640c65dc2fcc16b,0
bee1acc69ea97a31a97e5e333becaf3f305cdee4,0
2bd8c559b9766ea0fda32053a1463511b41b58ce,0
2190f0de9328f5b1378a941173807e48eaae7073,0
df92bd43f4fab0616de974f82f17f9d2c674772b,0
600432075b9e07e160d5a9ba4ee615a2e9f20c6c,0
74fa00c3c503813da2413b9d5a862bb125ef50e7,0
ab1424015085472b2d3865668e370aec8a102331,0
408462e80d57be420c153b67f69110e27776d4eb,0
9135f2d28cb3d3ce6d655230b0fa8ca96caba5f5,0
5932b497702149879135420df83ea701e2ea1718,0
efa688d1f691fbb08b75513875380d4e85f63bb6,0
56457611f35f693b519a4294d9d349497861d599,0
3269d1bc7a28ba4536d4c1ac5a9aaadf5b8f48c3,0
9397608dd35a335d5e14813c0923f9419782980a,1
5a509030a946646780e963b9f492a4eaff734116,0
159415855d06d186e86a70f3d4aba8c2e96d4b34,0
44b4c8763d234076a483903a2db6efaf1fb95cf8,0
5feaa5fe2c79f1f2e81bdf4730f5cab831024dae,0
4b718f6e5a90a0922373bd1d2452d418fe6bdf54,0
2d6fef59e63c6cd0c03fbf2c47e37513d2e3811c,0
84f392eaa42888e81d3efc598035fe1f91d58d67,0
555570c954a593129318d840257b9c57a618c6ad,0
af54765d0c479bbc7353024ea067425ea9cd60e9,0
d6a556dad71a7d785b9c40608d0bf56062b134a5,0
65392be352be6ccc8acf24405d819f60cd0d1a22,0
eabd95a51c6b70b5503c7ade734fff5b34f80ff6,0
af74365e311eb55936049bed6efa0d2f3af1ece2,0
32a260ff464384e874afb80e1bb1a21a0da32143,0
f27c439c8d8818e61c11019d1d58b311a831c301,0
5a001837b4ae6ca3b55f61179577f6d1d8f38d37,0
4d51150a692352dbcdd4e95cfab39742f1189aa5,0
21c438188fe03375c600ee642afbb4d8fc7a695e,0
c40d7c4d37e61562919db63a93a6f07b1837a4ea,0
04d743f4f470f2add1f7e8987e7c876cbbc591f9,0
35a2c81ac41a59e330734531bd29479aa6f334ab,0
717ac0c7b3bdf7f0714de1d4fb1308d6b6eb53f7,0
48652f594150affc1848c36649e2380adbd82f94,0
954280893c34f560b35c3eb1c106852110d8ca27,0
a3de60835eb20ddc38f7635f1c0bd94b21801457,0
364d5912b2853210d078238e62e4989c7c4b57fa,0
725a2be1ef29ea7d582cf6f121819d292a338077,0
0c7b32a2115b0869d540ba52d90df7dd67800048,0
1bc33d2211b70e16360d22e13dc2924dc175fb98,0
2eecc96a53bb3b9da49bae03a18388d0f23853e7,0
8c04a90ec58a09cc4e0857ebba5bccc33ee84890,0
c79f82491a8bae9c3b9895f296a8519cd0dfe7ff,0
2c8822657daf4649f8d049955d46c2078a60d01c,0
9b07d9c3068b6605edd7e4be4816f5dee242481a,0
8f06368cd44cd7a8bf48248b3cae95fbe11b9780,0
fd3057092d1ac071d8df54dbe2dcac2f5b9d8a8d,0
fc41d6bb885a26baa57cbe4d067e8c11b8088b8a,0
5ba58d45d004989bb398342c46371ad421f91e23,0
03c16e857dee6a3441e40b33d8b008b442ccb7e3,0
f67f7c27dcb4125f802ac8d77396f846a08392cc,0
42ef7d6bc8a817cf7829814bdeaafc191e1994ec,0
82664d556c8b5e61b4bfbcbef8ced4480edd87f6,0
ce9d841f792bb9403bf6a1d66bac7bc58933297b,0
1837ea77829fe9045deacdd51769ac6c409916ad,0
ef9db7e5c71f102205add4546993e079a4cd927d,0
f074f784efc9d3cb14b9dee5fa5e490f7e571c8f,0
1c050743c9d9a048fb4e3c40912185dc712c0527,0
8a82d7b79b9de7edf2a7a22a7a32026d2b961662,0
ea47f03c4d6fba945be43d5c676075ba98b28138,0
054f2f9160e943a2fa0df632884d10f209275ee5,0
8630180fffa0e8daf0369f55e9b267307c00e583,0
2d55e408ed626dde3e7965b5e28223280d8bb174,0
5158ed5e237129141c54ea91627311b57260dff6,0
731a7fa4b97240b6b2c9ce405b176489b346e593,0
66243d10584ec892103a10b1ce4e08be7a9cdeb8,0
1e355cfb10fe6ea9b78e28d3917a39029191ba63,0
2b2eaf5af1d73c81d6be7af51d77e1af7975463e,0
44031666975b695fe890decf1e3e8defcdbcdba6,0
1275bf621965eff338b574ac74a76a4abe9ca495,0
07ea480752809451f7d48cf46d74723572356126,0
08f584150ab6b1ea81cc241b8d4bc254437f0224,0
fc52f1c7f8f7f25db0ef6b79bfd70006c76ab2ef,0
7a532bcc011377131d7f0aa623fe0902ad337b87,1
64e9b7f5145b80ccb7f86cdfdbec616fb3d9c73e,1
3eb4be60cf00c20e46b75fb72366dd0649700c2f,0
6f5f99440e7117ee3bb6407e06745fff14bb2a4d,0
b44b35129ef89316ca49123de280e9dbce753150,0
7d4041d827aed7d9f3eb14310b824a2faa96b8b4,0
5a770a121a263c976a770bbbfc847addb8cbe2a1,0
bf37bd5d74102a6c74afe1f642686e135f8ff099,0
d47495f3f12273d0762101412bd48603b444c216,0
8d815d8f8d707a9fe000555233abd5bbd9ce2f38,0
7460a856f2be511bd88b2426fefab9585cf953e7,0
8cd2339a9788cf2c6e44b6761d3a19259fbe1df3,1
3a8595f1a57759044be301fc76a2300b7f2efe66,0
5d10a4a6aa62d96f314a9bc29e5e5b06b967a55b,0
b5a9cd944c8b6febf55e1191310d02581ac859a8,0
b3c1a78dab5a7fd5690caf8d6785d18f04cffd19,0
0942ef04f1fa911d382b79a92dca1dd4b3eb88e6,0
8252b04a45722648ce2225853de9882b3b0de034,0
59311cc13a0bc99cacf03e00da93423b20b3d459,0
43008052af8543899996c6bd2410429398f9582d,1
c2a5482eea402a21d00ef9f8f1a7ffd9cc50ad14,0
66733aa27da98090d75e7c4e7839131ec2840ed3,0
0a4525efd7a477973d9b04017f633c1468151a33,0
c20c8fa1bcee012b26190ba89eb4c0ca29a64532,0
282c5699e47462a124c8f02d05a922fcc0ba86d0,0
3af7ba8e46747bf51e6ea83dc99e8ca3761ec996,0
be963fc089dcb76683a8db1d502a9b90897baff9,0
1f9493cd56536ccf57e50ffbfad17c9d31fab0a7,0
03645a1ec13a33d15d10270be759ddeaf9a5f7b5,1
2abe2c8366bebe043fe7aef7d091f7b169fcec79,0
10fee7abaf6c5efd335ccab56876b90baffbec13,0
bdb68492fc6cc3d8a1e6a5dc77b9c78a08224e5c,0
9a5706719c08d143548877affcc0f8b5413c66ab,0
7692a9d575394d661e3df3d452819ac0b5b83fc7,0
d048a375029149f4fabeae6050583a4521d6e2fd,0
2b795dd03a0aaa536f9368328ebf065a3b5a2167,0
c825a13b0be4e3fbf68af4b185ff55185fd25975,0
11a15c639438065e63ab0bb6f8bd87779855ea67,1
28daf04ae265d03b49f4ae7b05a16b075a105e4a,0
5f8d99694bd80bb299af8b5c627ce41e1cf79766,0
b05a81debb13faed7674c14459bbbddc1d76972f,1
8ea0c0284810bd6ec00f608be31abd20dbd4b72b,0
e42dad3901e2fd6dcb0388bab79719cb0071187f,0
7a62fabdfc3389b822a03711978c8391259042a7,0
19714df228d6bbc69d86f01428ea2c6976f7c50d,0
31e1180905c5d656f272476f79b9a8fbdc2cc096,0
5d41d0f54cc2234c6523c27334e171565f3b3767,0
a6bd46490dfcbec672f549427654d59c4b03ac35,0
18c73f2de59c51b3d3f2b5321588b64e8c0a5962,0
99338c37320166394ab76ee4cd0e1616495ad7be,0
3e20e18fb386bd56a85cc0c1969acf103dd6580e,0
21d7d4475950cea7bc35721c6287f0ecdf778cf9,0
b1005ec0c9ac3ce15eadff8ab5a627734e9e6c00,0
555d592ed76026b65d8350c753a2880329193fb5,0
d883e8232a8f8ecb80deb98d69023d6b9619f4c9,0
834c3a8b0de60eb720c9aca633809f1802fe405e,0
ff10b1adfca8972324a392c19e6b66568a5ee807,0
9007e3d7b09a680d28dd213ea7425d8485db68ca,0
a290ab2ee3468f3ee69060aab19465db54f9cd9a,0
26ef45ca5a1d010f235401b3edfc2a5fed57350c,0
1b6457f74965cf8a7e8b451c766da13e6e0a0e48,0
b9b452dfaa283e141a0823b2b1166ea296e6aabc,0
d971fa4cf7f3c7e7cd4bdbaa3662c1014731d95f,1
4d05ad978aee2d89b751d04ca29c81537b92bc67,0
704312c34c2aceba5499a3f48f468daebda2d039,0
3000281e862526ca860de98e8be1dc2b25410437,0
24b6a468ae6ba138c4f4a1f4793fed4e73bf3c15,0
02b55d4ff30d717650e50f854a7911fe08a26047,0
c99a4a3ee24758ae6e2271752d91b58c116e81e9,0
d230e3a4266b5671abd0bbe5d2ce18bf8cc7ba8b,0
4af9eed43da7a7c44d106b571f0d79d000a7a3cb,0
0f2e42d6ee0b19a50776f3e44e4eb8dbbf0345cd,0
15a51f1d1a956683941ce46b41873a9c2fc6aa43,0
91fd2a1ff0f08f39951408d95fd55d1e54254c7e,0
33b22d8b1b8d83dc4aa434744696233934a3c393,0
610a64eba6b9fece60b1b4d0c8cde9532bdf2d06,0
c4ecd75ecd8b78c66cc51b49dd32989a3f1cde2e,0
e539d10f769f01eda0870ee320c4e8703dc50287,0
f6f96c6dabca62a57c04af4eca064f377e7c0268,0
a0bf6e43549b566ac40f17f1fc44e8dc5d56dbb9,0
25b4ce997845f843787d1cc9032493832749c370,0
b671987817affed0cd8b4641c786892473049a97,0
bf75c10b86a4ef99211ca8a0f8b718df0485c9d3,0
44c165e65bc0e41101cd02be20261c6f3ba1ba06,0
dc6b6b09f8160c07d63e9654b809c48693443b60,0
cb475136b8ed763abe862b7e3d56ea50afd8f37e,0
7b70ac96113b1bbf553754b4b5f195e4860260e8,0
17559c539179b450b3f1ddc4b4f55e083ffd6d51,0
ea67d70b4a6c5294f3020cd650b01999c99fed21,0
9935df7d8c7a2f2cb111b5f90bd23eff5cf68885,0
9e5fb5c414c6075029b0aaea47339d25da001e07,0
756f8f1c24025b66cd5dcd20947bd3e9605d413e,0
8746dd1df61d02556116fa16c499fea39fd33da0,0
3fd016bf0b74840ccf4a416e8f65d49612e2bd17,0
325a2d0b1a3089d5baffeb04375e29dfa4238e6b,0
acdbdd5f24778bcef069875a4d4e52b3ed4061ba,0
3022375ff4e06b6fa045ddfb4d360626d7b6788f,0
dbb6d6898a2631b4d04bf280261be9890e8431b1,0
ad99da0641581acbd66358401a051d6431131529,0
b9abc0ea1736727fa67b81648ff699d9bf793683,0
870004b2ac0f0b5a734e9a2a1e88c8c3096cdb1a,0
f048e90a3cd1a9c516ae2b177985affdd4b1b990,0
cf171ddc98b2d19c7da8d92e101608b4adae9c04,0
ef320f6be1137bc1c155b4dcf52286654cb53d8f,0
fed3bef50543dee41539099324fc0dc7abf4aeb6,0
374a1f267a1a18b4355f61f86eb38ef94aa46e60,0
0563c9d60341c568ce04d8a8c9162dc5cd5a1aed,0
dd5723ae0fd6613db0f17f743928f8cb7bd4232e,0
2e66b189c4cf6c984b8255afacff3c36a05ef0c0,0
6f519c0edcba400635edfea9ea6ad33e5da28d32,0
8303f1efa3141509441c9268f292941e3b161355,0
19f5bb5f6c7cf5295c9d83a8c54b208b57920e6c,0
c288d296018a48eb88526b05b62419170cc63a6b,0
030f0d3d404a912cc1d055f5ff323917f40a2ea9,0
cfb488a05fe1369d3b9df3beca0fcbcd5d01904c,0
7c919293f7ac8f8687d011a79dc77b2efeb8eae0,0
9a6bce82ec204a56ec1ba48da572f8cf66e50837,0
2ecd5a12dc6327e366a82100615e75120d4207ef,0
4660148be3bffbaf6490ebb80fb5dcf90a32b44d,0
b26d344a278bdf913bf92262fb595627cdd74a7f,0
8d7fe1ac1050433ae04563ddd0691b7cc791f7be,0
c7543d9f3283d68e63434cafcd62815cf4e940a7,0
d27df61ab595efe853044e608aba75d8fa249544,0
c650b17f506dcd2e427fbf167e563d86165f1b77,1
8b0cc5d9c45fb3ce254fd521510ed093dbc24fc7,0
21b12e810ab45e25236cd402f0c974896b443ca7,0
4a96a5dafeaa6576426100222f7033b7de151c58,0
bf4dabb99884f54eb06e93879270fbfe86d076f0,0
7494fec3a19b090fbaced76d19bbe7941d576b3b,0
2550d4cfa283603a23283c5495bfab75deff02dc,0
6ea7f2f7afcd6d60d62a5cd1392feda3471fc666,1
38f8b88528487efc4e53ac6c91f08fbaaa2a82d6,0
b39f1062587650bc1d6804f87dc66502f6e18474,0
70b3504b9fe03f267ce0f97c6ff21de5f5fbd2f3,0
4fc5c6b35c1ca02fb0e876d54342c66196aac846,0
be370cd0ef134bb44fde733e4ee91661a012dae5,0
a93703d002bc4850e7adcdfc9b51664fca7b8836,0
96235eaae06c8b74ac24dc5814b4f4c6b6541ead,1
b35b6c576211b96abecb05655d448be3441c117c,1
5d35afbe9ca2d2465e1bd5a5a64e8550a7bd450f,0
f9c2bc0785d0fbefa8481b6e044351b3e0b5021d,0
7869bf058e10be7684d4ba6f58346527b692f63a,0
b0cd0eabd1e3c8274fd0cbbdabb05855ed0c32ff,0
db542a6b424675659710edba07a65acde0294771,0
54a4a86b0f9cc4055c659595afccd92769b7771f,0
4ca75d9f7f681ffa04edce7ec5280f94cd656ec6,0
fcc00998ec4635b51ebb100e0fd32db2aafc9da7,0
b86d8184a00b856083a74922314af7c672782a60,0
45273917dca0e3d25f24097b0341010b27bcb867,0
01d67b1bda06b33752fe3232594988561ff0c324,0
dac619c84d257aac5908752777f3f1265bd5c42f,0
fed6fa68a3909132a70fb2a4dddc80d014d91d1c,0
8433dc4f9f0f7e8c13a53c4e542904bdee5bcfe9,0
6b3993188e2a6396f94461c0e7fbd5738ecaa14c,0
25a0fd71c28c60bdca99702fc214cce025a0f946,0
48695e2afefba388e0b81c398c414adbf5d9dfc5,0
5d2d19c479981cdd0f657f028df575d99032db67,0
e63272730a4cb827128ec1061ab86470ac787092,0
58a749fbac210527bb05448b90a07c9ce4e11c61,0
602038dcfff97dc6baf858cc48689627261ea509,0
1d97f23c08d8dbf889e976f9248d37173dbadb95,0
4be45b6dccccc9b536b5258f940be93a585e5677,0
7b6c2cc0bdd810bd200311596fbdc79308278c2b,0
7fac289ed950af0640c53156d90615ac8c8ed7f8,0
f040de215304170b41739fc9273c41631457e577,0
c3116fcd1166e55dbad676cae2cdef4a31f3e263,0
95f1f14b8ead13bc9d428b347ffe52a646c11334,0
ec1f4d743cfbc0c4a7dfd6ead82499e2f303f84a,0
4a5491e72574ccf6ac52a16429605cd200aa2d53,0
227946134c131dc274fc49c1191a354d49b50836,0
f9be1de57781acd87c7cf7153a1a78c18b32079f,0
cc6a92b1a5bb1a9a1d38d4bce67644dbb1b2b349,1
e01f2a4a19d1d249204177020a3824cce06251f4,0
c854dd900739d6bc9baf1c0d86d1e0303f19c195,0
cb3d478b789fbb14e387422e1aed4b7be4304fbd,0
0de9354f505f415c7ad35fe735cebab4900a698a,0
aadbea734d78e8d535d3a5837643336ca1384bd2,0
a01e450694ee3d6049dd637ae700f36d173d6463,0
3ed46f8b53bbd2ccd95c0fdb1d6ed7e7a699ff49,0
01fce8e3219d63e8689c80748c1e2b81579a9a0a,0
469d0dd52a84e9de60b8f9c72a238a6335492695,0
294c292487d9a942a7989287c608cb02d88dcbde,0
f9b486a17171359e880bfa91a14602fe95a5dbf8,0
439ee3bc05432ca2d980894b35b8b73e4a9d2932,0
226a96ace20b351226d82105e2eb4197f0a8ed93,0
c62447ce10f39bc5b5616893498defce8964ebf6,1
0309b11ff21cab55d9ee15d66be2e014bbf1e777,0
877438dd76e4de8d68260a1d1bee12cd31bd9c06,0
965096e21c68f2069b5c1aab7c03d4c79275bd22,0
b2ad5e80bbed74153dd45a871041d04294c2bdb9,0
eed09d6bd42e9d9f49e611e7e6c6a53dc7dbf930,0
a9ae686ec85e4fc326f56a23de8cd0481f7d9c89,0
06df5cbe7c1f1df2651aabe15cb10228b474e01c,0
188933345a7ebad94f74ba0fb6e8bc6eb99552a6,0
960608021348739df69ec64ebd7fbe2455fed269,0
8499d0fa283990b640bddeb19f3a477057161214,0
a328fd00a7092768758c0a76d68eeebaf8116440,0
a16f6263b5d9baf613c7986dbaf391cd105f6ee3,0
26375b2cfda9e713879ace60af8601eccb1960da,0
9ad1a4df47e9d008581968c6f458a94f47a68375,0
76fd4f1e726d152076f01e123b22ecdc278caba5,0
1cbba96f165f6267ee8540dfcd59e153fe92d7fd,0
327593c27dc2b299eea3c56b07f2cedd21958e3f,1
127a53d99258c5f6dae55676c6f366f637cabbdc,0
beda6986707728509b53f2a3ce334269657f6c17,0
f39a72abedfbb978acdb2c45521a88a1d3582f98,0
e1c801b47414e630016ff9d408fe1a5fd86457d5,0
abc5dda962fe00fba27f98807ca70439a37a3746,1
11def3cc7ec738759f4808e591c0b8cce60f1784,0
62edfb7ab4fc33db2fd9d3e97df1e7f5b750cf23,0
b9a8d5484468300f5703ceb22c30998aad5aadcd,0
136c1bc523f34bd6085a37fec0da198f8f18dcd6,0
28bee777663fe47959465a7c1b91f6dbb5154fd9,0
62f2412f14b500b10eb8619edec69198a98c7b84,0
9506e0454826a77b19d65db9f852d96031af6712,0
1d6ab5b8c0bcc69fe5984b882374e856ec198d0e,0
609319df2216e00d8f158e5fc5ce7756134b7cb0,0
019256539de6543046dbf9ac6791f892ff59aac8,1
eb45c596a86f8cdfb75d03e1a006951b14e27fd5,0
3fcbc4a4fab35bcdc60bf44ef0f177eadc565835,0
d1a45e9738de5b3e299bb51e987565dcce55fee6,1
396afc3e4693cfee182efe582455f2d97058c068,0
f291dea74fff3a2efe5b1fc0fdbadf57c5ac51a4,0
a3242c0171a1b2c6a14842c37ffaa943f81a3cbc,0
0dafe1193c7668a4d64e4066cf03351292347b4e,0
572087d22b013df238fad5b7a943bc739a53f02b,0
cf4979715f00aac64c089af7844d09b89e474804,0
43b4c722bcbfc023dc38ead63e27aaca1428c8ea,0
b462572e013e916f18004be1d596e63f365a7319,0
49ae56659d0b4940dc1fc61498a4eb99dc7d8401,0
d77fe491fd4e5bed5319379c23893d92ed7fc9da,0
c6ad3493e8a0b53670776d0c5599c30032411be6,0
ef9623ef8ecc198849661eb5cd052938977f1d80,0
dcde57852a97a9ac8021d2440b3de5be4870ecf6,1
8b494b784dca4de7d79c58e0f00dd4756c04cf89,0
22c37d530734969c473fcc26278d6cb92bd622d0,0
ae987e17708f19aa230c51578e4b8c2d21acd7e8,0
8a1042959df80c06dbfa83896594caa8e20ff9d6,1
64cfee77e333d0c31a0fde0abe6dac3d97b0f078,0
03b4f61f142fad60772c19be96253c45b4ad27ab,0
8ef33a43ec0bf8dc9889467fa629dff185378912,0
2154d864157e7a49e0b893c38ea9f83c06ec3cad,0
928ee8fce6e784fd34966396a4f1c52b633a1c96,0
e3a09fc8c10efc2c8d2b10489514b6a892070497,0
442eb55948a4a07d683146e50a6dbb95470176e5,0
1a7e46f430df71ac883706f595f0698617a8dc3d,0
d1350bf73ff5cea1fdd85ce23940c5ca96889f2a,0
9e529c7c6a44a2ce8abde19487c1a504de0e7825,0
640da9075b5a09aad2a80b726f2a3b820df64097,0
5c2471f8969aa02a560b13f1e8820389a59740dd,1
e3982f893fcd2cd572bbec8e3a4a97ec328c5c9e,0
0e7401897ab0ae6ead5c2608990e631c43b3aec2,0
f364bd1f14a077278af543efad8f282358b966fe,0
0cdc976684efcf478397b68c1d54cefc87bb92c9,0
cd91a4f2cd0ced1178e8fd1f49229196eb88094c,0
9d73fe09ce5fa631ca56bf365110528b5d9608cc,0
d49d8093e2497013c4d78b11d1462a33f451dfda,0
bb95f8a19470f38587780d5b29387d328b9160f6,0
90be7a25c621aab2866c683d6bee8dc2951ec206,0
f9acb40b9996a848056f51dc8ea9e786ef80a135,0
cc7fa1ea05002da97e187245c57e61f5b077adc6,0
45290941227977c9113437051ad41c6b8a11317f,0
7e71e1559d445488a9886d33e7270843de791df9,0
692b647b0fd2215343311f132467a30049a8e586,0
e4555ce2b6f5ae491e5d2c52dc498772a45a7ef6,0
1ccb2bfe755e68d8579fed596914dd022be2a7cc,0
3d6069ac24ae01b90de356b28f22ebc04c271fed,0
b7f9beed298eadad7730a2f3c22647ece37e7fa2,0
a0f577f6aa67c08c049c73c733275bf2f5354ee2,0
d80be57d6eecc99411a77ab9575e1991bb616abc,1
a1d5af129787caeaa596e4588d005071d73cd2ae,0
0b58bbef337cf6cc0ddfa6fe8a9bdb2572fe474e,0
f1d2999aa20933ecbba1da6dc554cda624184e98,1
acec03e45a43f45c68dad399d3e291e714ff32e9,0
b3db6ed9efd0b8ed8a940f2735abb156030d10f9,1
5df8f55e4fb60d4e7bc7c3280e0c919c0cb0ac37,0
ad43a49dabd5cc14e8ff4b91dbb03477063c1314,1
ef2c5e441eef06909e85306949677bd7e440adc0,0
48d5e443c897e756a0abb5fd4c7b568428ac2ee0,0
fbf996cb7e637fe2f7ec81cc546452c5d0e2d8e5,0
3b69ed8d34e9d8391a207c643375945202c02c7e,0
733739cfc110262dd4bdce95d5a6ef0423397c6e,0
7e03508fa621eba7d2a9113b3e37f58b26c8e2ed,0
b4ba50f6c8af03ba318d3a360e8c045a939aaf6a,0
8d3331270432b8f9ba76365a0f5177d4b560265c,0
7a3255738a29854c876e77c7735b6f8928d957de,0
415ce96a40dc71ed2643d86879a2662c3e560120,0
37897c7c345f45bbf6f69b3000003d90e2aeb743,0
f33fba71c5ab38ebff98b5bea9291807c4999483,0
fca46212ac8cbc4f981d33fa66eba898975fd5b8,0
035e5c7115ac41685af59a30ded26903e6bb830a,0
22a83a75979939754bbbbf54e028c235c897597a,0
1e43e0e87fe13d74e451dd8b9d283d1338845a3e,0
d7ac6963d6c228aea60ec1dcfaac6bf74e0bedf4,0
52c2bdc026643e461f28c6234f13d462cca3b622,0
408476826f9cb6c36974962db00b21c40b8291bc,0
8367364c38f43f7b2a6d063280f4b7b8b7fea79d,0
39528d55eea5d8beecc2198537cc7febe2db723f,0
c702b0356d20924373100471e3a0b0465c89e733,0
d474cf3ccfb5319a445dbee0b0b45761812802a2,0
ecd4dc9ca000bd24d56adf93f9f5a2364287b016,0
8bfee9ba527983d5aa78c6437f7b72ca51ed4f8d,0
9e4c7ad56254852390444f050bed37bf87f17e85,0
295ab041dceedc0ce2923e7adfb305915579005c,0
e7788c0231261c50161a2bf6d91273b6540de66a,0
99ff604efaee6c501efa62a910c0284f00761bec,0
4b1f73c0b9a7d1a4e5015d652f6884976ffe6d0b,0
0a5029320d646d9b72a5ad842101e8e6c5bd906a,0
909630731f3a9ee5ca756a99cdaf630a43a732cb,0
9b2d0335e61bb12a0f97a85cd1cf1c9f9253c93d,0
5292526e476ffbb19c6613a98464054236c86ace,0
5bd622dab027ef37001a630a7c825c5b8c19d1db,0
adfcc014bd6fd24ae76425f203ae5cc1888ee33f,0
53646c1c9835ca1a681871e0ec59feb685cd907d,0
42a86388b82517ced31e786b20f1e862d5b7f930,0
9a82bc20eadc60f91fd8b32c6f0059cf80aa33c7,0
4d46f014fb8ee44386feb5fec52509f35d0e36ea,0
bc255ccf5c239666ab54e5a31720d3f482ae78eb,0
c57b0cf1ce854c097dca390c1d484d327b7482fc,0
d9d314d9656dca7217397668ba42944f66012db8,0
145a757bf30b1e4718fe9564c4fd4841bec56b2e,0
b1304061e93f007f544bf9c1cf098076ff9a7032,0
78ef8313bd0c9702a51a3a040bf42f83b8d8ea45,0
8b89b0ea93873a7e8815827b986949ba6df1fb3a,0
0c9622b749f3d49798059c74ad66a51f3c782b5a,0
e5a1ea6a765cb060104736d64f39a5b2a120896c,1
ed8a17847952a611196112c05f35731712c957b8,0
0ea20fa351edae1f6d0180d7867e4eb5ee93bc00,0
52bcd9b8e82d4d1d287b0d75df1e161aff8c65ab,0
f5a83bb90cf7b318ac72823e6b99d01d060abe41,1
d844d1eb5e5b530a82b77302f1f284fd2f924be3,1
c1f9320476ab9e5f262fdf8a5b3e1ff70199aed8,1
d2bea5ffd3c4f392f940f742656043c0a4612070,0
cbb9aed860389f11d50d4222babc86be2c71ef46,0
8df49927b11b237aa99c377cc5c73c8aedea579f,0
350cf8c2da08ccde6b4d71b19bb3df97256ea368,1
a7b467a74cbe1160d676dc070a19d19764e132a3,0
e4939f079a6f1e50b8b22ddd3c9f86a1508b8a2c,0
c3ba1f83b9820b7af47337b13178205f8cfe1eea,0
343886c1c406e660b26704919ca640cdda37fb10,0
8a946932c8306816fd23196ec14dee3e3ac8e9f1,0
fa4ed70023666d3965c4e45a6a4602a5ead79a4d,0
1ea6e4471c1892d1d746033f5420da6de19f4afb,0
fd5af17932a3ff6dd9db82cd2503ee7df6981677,0
16774d1c0d6d8aa4579f7c96b3fdb78bd118e5aa,0
f416eb209c81ae9452ea92e1b01e7e583765e2b8,0
8fc7c1fe06e53a7fa48f26f2340326bc06185bc6,0
4cdb63d6c09ee9a01b6dd0e969559d83f777d76f,0
310edf6439712e5ec04bbd11ebf1f890cb44c0c5,0
641aa249c3dfec45cb46f5ed15b0c59bd66069f4,0
6a0bcc6d0fc2ecb7ad79a14d9929a8982553a1b8,0
f7a8fa91ea59b0c05c8a276bf2c23d4b2d8801eb,0
22d050b781ad859528398ba7e8ce00d7d2335555,0
307c280caf4a0a60b4212f7dd0f854a32a3497e4,0
8bbf8a9e2fb3e495be67202cc037c2993f9a9575,1
49685a41569daf04d8b8ac1e09658e485307b901,0
f381f00df885632b0683262eab1bf8c163c81324,1
de34665f51e411edb847343b95185517788836a4,0
d1207af83320fd3eafa8dcdcfd144634a980357d,0
43a2736e22c1fde877387ace28ced0aade1f7069,1
17910d3cc76cb2a7babe674b03fc81132d305732,0
ec242df4608a584320830783953aeecf30a857d1,1
73a89b07dcc01b4e0683fda6a09e4911042bc872,0
ff5b829efdb1f4ba42f516a030faf40a923da779,0
016c0e58581e93f3e7ac8321a06e9d47c0623b0f,0
0b748abd186ea0d9e10b4a5b43ec4f410ebbc64f,0
ca9cbf976e7dd5a6e0415a7400cef24ecff177bb,1
28476afb7d145c2b642d338846ea36f664f77215,1
46448a690cda87d152b87d72bcff5694dc36918a,0
bb7462c8b5064b2e716f8b16cd97255be9cb7e2a,0
216411597de084fd5534fa2a17062be39d9d64f1,0
f01111b6345eaab5f43b283788d0fd1f5b380b70,0
86226bb49976729d1fdf3c909f9b50597d1ecdb6,0
2be663db75e15f760ab03cf43ac97dd965414070,0
6545db8bb7fc951a85031b01072d7cc6b40060e6,0
413a98eb218d85ca57d8e12c47406aee58800bef,0
560bde10c729d8f93c2d9d2019df46bc4284baa2,0
91b9a3de99c0821723fd817e6dea7fe1bfbb2b05,0
38fea7d4568132f5a58dbf348bc967844c894fdf,0
3de2a0c9144ea9baa1e36f2ad8cef5a5497c6de8,0
342a9184a9e11878e0117ffc5dc1946af3516d98,0
c62d888e9493520c9ea53bae4b50156824500409,0
0ee336a58f95e6a5e1dfcb46842f7d1629aad329,0
82f04621a4422c2a70299a552568fc9827eb30ad,0
2abc129650342965fa800205bf10b701127e0dad,1
1000d1a1bd5f6ee3da368b4932eb00e55174b93d,0
7c7c9447f62241fe5d0ec4f4c9b1e5dc4df00feb,0
b5c79770dba35474c1f6aaf864279521f12c609b,0
89c64972282f39ecd48b3774963d7a541ca3c0f4,1
3ab8e1302622fba1fa78368b7b0cea8ea2d2ab9b,0
acb89828f156388a39c1a3e2ce0c856a74264be3,0
a0148b0e201dcc4c12fcd2fab6fddc3bf47d34bd,0
f9837a072875856325c3c2e9ec41b3a05bd86152,0
cc730589cdb1fbdc9d862aad4c4f0931435f6374,0
76833dc4a4f2ce52188883b92560124dbb61662b,0
f068cb71b59a8183ad5724fcfe4c2c3f4b9ccb13,0
0490f1c291981b1d577a64ed61ee2c19eef8addf,0
04babff3798680e012646988841bcc710a9e3c54,0
cfab1e4fa19755d65de7b81206d86f9e98622d8e,0
77eed078c853ec624d9d38754b0003e45333e9f9,0
586e0b1c8a1126d69570af6a67b9726db259ee66,0
6ecb0a30c3f705ec33b6516194e32bbe29e6a1d7,0
e5ae84a6fc848bed0fa1bafdf8c2b552d6727110,1
8c87749695449aaac6fbc667f4b48bfe10b7baae,0
9960dd42040ae9101a9879968b03db4a9696a488,0
67914b14757bfe75ec4504a8e4e76197b85dd6d6,0
9dabaeeb9672066467b04aa630e0a62d44615e49,0
f899c178b7dc3d79452acfaf5d09e7d8625090ad,0
65a6458eaa2e1f88278e4bb5753a68bd825e3a80,0
ad72b9f2bf37bd61af18bde67c1622d90a5d8766,0
192b1e1b6b96da05cb000b2c89b71467cbfaf245,0
c03f033c1cdca8534507738eb4eea35ed44cbcf1,0
de3d06ff01b427ee2ad7556396dd0b3845a613c0,0
e5681016174b15ffa0f60e3ddc28e3391536e9ce,0
d7af9435485453053a61f9baaca616602d8a4fd8,0
e582456625cc8a7056cc9354d2a75913f4ceb393,0
73ea9c43c6013659d77b0b3663452c00fad5e2a0,1
eedd1169bf3030c4ba85d41081af2f6c190a6406,0
3e47c0599eab2557fa5092d7d7f35f64dd0d6493,0
6ac6f2c870bf834fd33ce0add9e73ca2783d08ef,0
005f41f13651577bb7e647604abad7ed061c160d,0
34beef1d085c4571b8b8924951043276e1cc29f9,1
5ffcb8d35bd83a6c93b65f1de7e6e7a6a4369de0,0
6d06d0a1c0a9b35525c134f32dfe3d5d90dab2fd,0
f67add0e72d853aa9d690ad5ef824a952b36b9c9,0
f621ea87cc3ccebaa80aa8f034594e95e9a51377,0
62d5c0eecbb3af921c857b9ef3ed0a9e95fb4dee,0
bb8164bb2c59e42f5858f55af00f7968528fce94,0
0120e9264d90e0ed6ad032871494093912a9dfb6,1
246ecda5e2b3a532925211002c549a3f057c27f1,0
a81da42d9039ae2bf4d3c02b2c23969116f979d5,0
01ee7028e6940dbd074f3a76bb28f3a78b5d5b21,0
72b9613ddbd8e079184e2ef0207fe1c733bcbcbc,0
12a0e3bddec1731cfdfe76743c9d42f6c4278d86,0
79c627478f482a55ab9bf821b2cfbe2237ab3d53,0
ebdef1b95710b44324d40fa1e67a1bc1b370ee81,0
b219a449bb6642f8df03eeb53acc444f4695a608,0
37fd0adafb3301ae66773817431b74e32e494efd,0
247cf8c4dc2507474946e3a7abca074c7e9c965d,0
f25a596ae9192d687ffbee5b0be859ce0763fd28,0
59702fcddc612a08b1fea2fe28b592298c0b2ff9,0
c96a705446e6dd3b5a7224a7127036add77f7403,1
5cf42633687513cc4bab41eb6eb9487255dd7413,0
d7e8948727e14a010026cde7327c87a2a3ff49bc,0
20295a04b93d492ffa3d6a297b5dbbe7c833a151,0
7be7d80dfe6f9a3ca724396ec60a6fd58d4381ee,0
bf57689e444d0e2e981797dcfbf125534b2e15fa,0
abecd96359e5cead38d0932cec44394d68b9c6c5,0
ca1dc33048a3b2a8da0e6ecf08fb2881cbd64387,0
8cb5f67c584cbcadd50fb4eead2f6b8983f19951,0
77d33a665a06cf784b3a24e35b45673902b1e751,0
32b71d09133c2b5e3fea1f6d1effab8bb3776d04,0
c7adc7e86f118a92ac4eee5a3c6775eec11af115,1
2c6fa89aa47436c5909601490fd56a18f75a0bc4,0
4070a081009631064705945e3c9fce7c23900a8b,0
39f1521db3c962548e81f020308abdd76609a69c,0
c25325598404438d83dbc709998950249c8ff5fe,1
b474de41d246396b368330c707c6059d0af8b15c,0
da0e6d77f83466c0732303f06b7acd2cab5ed1c3,0
c05a57eef266327c11aa223c7473ad0003e1c866,0
dbbbb4230f4a00e34356f033cb2e62e64f2cbfcc,0
e2c6ef476dc69bf0d6306c1f1006bdcc97c0c296,0
8c478f2f9bffd4fe575316acf6dc3e04646fd5f2,0
c3c36a5171e2c2a04f1dcf1dee1ccca24d30b4de,0
c7ef0b7eb707160fcfbac023be28a22b56921599,0
93148a8e5e398930606df0e9e1927a8ea8e6bd57,0
c63041d06c284ecd92a90f4e192df37d94a1d228,0
49b63810c04ebf57aef8afe04420f3cba3891563,0
4ae84a33c0b031b835a60a804ab69be2ca060fb9,0
feb980a6398012627bf6dfb7fddb92be3fe76ed4,0
e1a26f355e82acc0b98d096205e346df60920801,0
4a65cb8da23d6667ac6f91775309b4da9b315d95,0
27bcbcc728434ffb2c45e81c0e75e6a3d6da3441,0
1971d3ed8ba303eccc83935e352758ceca9f34d7,0
94c5cbb462b9a60e7f78dc6422af7c60137746e2,0
1ee65910e3b03ed7da09d246c49249452a53a7d2,0
4c2e69797f8262cc0546131352c1c5ef6dfdc985,0
0aa4135a785deb4fb52d754e407fab1eb280ac26,0
c3c6f98e56b474a0231e5a5e844adb046f27a538,0
5384a20c283917abcc16853460867402ffd0f41e,0
efaa822f611f1238e1cc104e2a79a7a8f2e9a4d4,1
575965b1ba7aa595844706c02bb81229a69462c0,0
d79d88439e0e288825729396a3f7013c181b18fd,0
b27adc25842b217819e86f139836b38e46f2c88f,0
4071b34f985be92923f75345775ad80b198693d4,0
e4794cddf8e33cf9442d4cd7e542ce3973924bf6,0
e4fe677d6aed84651c59f403e189e9da57931bff,0
b889c1667f2b8da27534fa51bfc7fcab1dc34d6d,0
f177e2277d99790577c880da59ee7b8228760578,0
510e3761dcff9098c647e28048f6ee5c3f26d72c,0
b819343483d33cc529b785935cea9bfc2fc080e5,0
8c29c67486cc56d9a01ed238a4b81651e442e42b,0
806e256feda3f1121948a043b73ac73b8dcde629,0
d551d98b2bf1c12e6b25c9af34f0ee0d09e803d8,1
d492294b334c01da3d956d07e98422d3d782f296,0
b8910dba7b9526bd47e42295b060e574e51ba95b,0
f1ba9c252d99b3adf2bb3750339b895b2c097bd2,0
e9d68915499c62ff29b4eae13f6a08a65f77ff21,0
a0de4149790f97283643b6e7980faaa3a5ed5ab7,0
c10bb4d052b31761329d8c064583175b73687e78,0
204346f7544640a8c4b97677aca0d00ccd79b12e,0
36b73ef5d303aca612a653495560e975a2be3365,0
85848c25a940f1e42de9fabf8f2b78b6417179e8,0
fdb8044745718bf4f29f6576407a465ecc340582,0
2a691eb9b13b20f16b06bc3e4d925ee9fe4cc414,0
886a2edde7363ce5127c296ab1d027cb290b6632,0
42e974c43c22a57f8f1f2e07d250cd2812bf9c74,1
8c4baca0e2bcddeaaa868822ea9ce2b2ca6894da,0
b24330cd372155883eef2b5f41cd68c5e02b61b7,0
5bfccfb5082fa045cb5734cd5028404b15f082ee,0
840d5cf4f22868fbefcae094939112c620ab23cc,0
9260ac9efa5af0215e3387b4419e60cfde316fd7,0
e9429c05e1a4797383fb405928088d2f8563ff97,1
81797ed4402a982f90bd903c7437aeea4e3933f5,0
8183099c0e2fbd5b352a10cc59b32e3549dd61ab,0
2abea6a248ac59170a74298af4041fa8c39f4b0c,0
115c983620e989ad6c8755ab03f10cc9a5a13158,0
3dc4e778983c702ce92ad06c18e6ab3473fd273c,0
5715f15e32d2a02824fd411fb56280097f244707,0
58d279ce5e362e7f485b2b98e02c5e448b309476,0
9d9a50eef1e5079133a05a6f7074307a9879df14,0
879ed3525155b8330c5394be9cd8ac5d56011f88,0
cc340ad2eb6a783f6abe8d02f2c32bb02b01505c,1
dfa6882a3b9ae6d17c386312ad5e5902d852fb4e,1
a31570673477b8d8f4f0f2429002ec219e83369f,0
24b91fba82f1238dfac13214ee328aafd7d61bd4,0
27d2edb2bdaa0d48ef98d1a0056a878a91e7df1b,0
1c8d3e6011ad9fc1cd61fd35ffe1d313473483de,0
d486ed932373815102f6999d7b77d9eda5b2e393,0
bec837759654833087d286e44ea51134d67537eb,0
02bce06a5c3d98d6694e3e9a59187c3847de76ae,0
cf6c0e72ba1d43d2fc46c74502adbfb97013facf,0
a5420133ac3636db423b873746644925d2560604,0
b4011cf021f252460dd2a528545311413c72c584,1
d3952ab9a1a2220e1d8af7bdb3d7171658d37d96,0
7b56dd17b7361200938fc676b4d0999730dbb538,0
c71d0f03dab384f98ef2c0ba0050822fba22a063,0
e6a1d017b1aeca6986c5e8486c9f8ce6360872d4,0
d487814aba405447ee3358e11af3c8f2e3991c7e,0
679090a612fa7dde2c98c44388232e4a23f3b1ac,1
3bb1629e97af83831a99eeaa5e3a562f305d5220,0
c3aef5c3d2670693ed76a051257de419dc99fb22,0
d534206f65fa2512fe28dd4169d4027898ac8bf3,0
7b7965bf462d354dab0eb15c860c0ef7b3ea7b9c,0
4f0e19fc5f47c7171887e6fc1055bbdbb59367ef,0
1887ccff5c738dc066082823f6fd73d788052a49,0
db02269fe199bcbc8c0fdaf3f60d5263ab285081,0
bae9f7c3e184833c3511ba4a3038df4b1ed43436,0
ad8168d6285837cc2d0317d663aaeb177138d59c,0
64629fb542c9faecc0959a6c875b960bead1c2fb,0
d648eacb035de354eb6d979d3f3116e7c2ad5b96,0
ff010a98f11931f2a4a4fb4bf5393a62428868a5,0
fa35d13c66b4f44825b4d47b100c9a97f244058f,0
146065347504c8997f8a47fe1efaab69a19de15d,0
371e866442f46131cc38a9a5018e1703f52f9b60,0
725ca3376984e5ec887a866cc44380b1ff465d36,0
57251859b6991277b65a2961b5fdbc5cd2a1a93a,0
85b07d539b87d8fbf58c3f73d911649766ff45eb,0
1c74cc0565ac409f77dfc65d2f726d067e246e57,0
2268ee6052755cec32a5177a007ac037267b4f1d,0
da9fc7951497530293348ed2697d36a91d7936f9,0
cac17da4803d0baa881270f2ba10ed816cbd928e,0
a8485376b136748b1a7ff0e6da095ee0d35bfc21,0
c0903f0d253a703bafc532bd7b94ceca3e75d3ec,0
163731256b63f03cd2b676baac88fe7ad61b2a6f,0
2e03203d40688de678f1cf2bc338c9da3ad443cd,0
3ca916f3e45b7a4d3f0384cdb1ccd865341d0c7b,0
67d4ef2e920bdd28d797589d3ce5c6f22c049d4a,0
6ef8d3247b5c190bda458290d2106f0d8a09cfe6,0
a21b3cc00038f8dae9131653ff8f8657196d2dc6,0
baa994c62720ccb45665aa215344cd03d8e64cd5,0
44cd641b4ecea28adc112ddf668380773cff9bb5,0
7b3e823ede7db26dc12150b969d77ea86352b9d6,0
9690bfde6a5a32cd757a7a020a10f3af7912dfd9,0
bcc848ffc0bc2dc1799013988affb47cfc7c58c7,0
f4b810ba4277b127098de72dec37f50c0df73261,1
40e4babd35f96e0e8f4b43e4f7c2b4cc33c6df7f,0
f1fba9e3a01f8850c95d6637b68f0a5bdb21c421,0
ce51bdbac5f792abbd3a1f83080d37d3b2394609,0
e7228dde9ea4cfdf3f727bf01ab5a09461d3768d,0
6fa98368a858ee37f359bbfa2d83792e0ec846fc,0
47a9c49430da70f4792d7d5b73d70f0f01584cf8,0
7de0293ac9b196833fccdbe2bdd648721b518b27,0
9bb33616169fe9113284f23712f94254d18b0e23,0
22861326c26a7feaa13f08f5cb8c8f68bedb1225,1
6105336638ca348969f85155e79b5c058f1bc1b4,0
cfc3d1fb1ede13435ae236166ba185b114b4268d,0
ccc01ec3712a645385c871be07435bf402d36b5f,0
9506bec96fa891d50cf2791446f8643b2f60cfdb,0
1b2fa6a7277cd52a80d9fff6a61ad21a12fdee4a,0
c800d51a690002fda509fca1a4d29c1b45e4d031,0
fa1c89f7e1828cad0e9aad16cba09dd14a1e1baa,0
d9ad78065d83aabd67acd5a9372d5b7f8d03a712,0
6e9a3888a6ab8821c1bdb2d98b44c4680cad5ebd,0
f4223f93e4eae3b676311e2ecc581f1c9ae51fee,0
d0ea299cdf1e2ee0a269eca97951ede4085aca0e,0
41e61322d6fb2a397a334dd5aa807ed4e967fa73,1
d454e564c14f5e21ddf17e8abcd33a7053d360ca,0
00a102e8288500c9613d7afc08e8f593967f413d,0
7d00a80c974480a786203c5c21f6339fefd0d317,0
eea29254e4fadacd16b0ce2e856bf06d87f0e27d,0
16c3a3297597214f7b1478db5799325ea114df88,0
5244e89e73cdf5c963e0741480a1436467db14a0,0
a340f1e7afcb11bf9efaec211b8f0a6e24d9116c,0
4d6ff1008471022a6ad4e22c466f6898fbbd54a3,0
c1037304247ac4ca5df2184b0813a297709bace2,0
4e2882b6c3d24326886ceb8eb5e29a6e67bded61,0
c919ac725087c7bbd8c80942f326ea39ebeeb055,0
8635c742abb2c181307a675bdebc0b6bbd863194,0
74480a236248bc34f3420e8259d51e022a787ac1,0
765e4ff8435e5a6decc42444362b697777dabfe8,0
8819b52ba114f3929621d0446a3bf15bcd90f35e,0
2fcc80e71f59795e6dcb11022bd7a3d33dadce5c,0
dc3bef79c83c9ab68bbdd6e73ca4922abaab5f9c,0
1db449142ae9b9e1a8b40429edc904ff0f4b6a59,1
0ee2a1ec2c93781ac9a303b4fb1cb43fc9e9fcf0,0
603d818735d66e9c14e21e60bc00fde7dab89259,0
960b9a6cf7d042ee3f79ddb4e905073285a44def,0
613e988c80025b6238a9c8b7b7835791cf10407f,0
6a82ecae175651cc8cd80e2751702b8f02efd8ec,0
1a37d98e3be124de8126c00201e2c03bbe3fecf2,0
9ed740b8bf92dd803382442c2ac1663a141ca560,0
8b9dba531504aa1217f3983683557a344d29e625,0
2c3cc6000151c61014693768471c7c6c84b9737d,0
a1f963e6f767fb6a3d1b28e54e7bba547b533a09,0
7dc2291733984ed235b026060de61574ed0cde26,0
c014f1c13ce0152be43fa7a4974943b70442fed6,0
6edbaf2fc5030740049c198727084df78f983191,0
94464da05b75188e326908369686b5ab83e3f429,0
ec502d9839b7fefa72cdbe814bf718f15c1d8b69,0
a6323c354dbaed9a725bc6cb68036a56aa29c442,0
507ae723e3833758537192900e81a6d13ad04162,0
f46c6726da8435afbcfeaf6ee980fd274c19ca8f,0
2998309d723eace60baa3b603ed2c7d59881ab67,1
ff66dbcf6e698cc229ed27ad8f981a8411c0a07b,0
fafb1135a1473501ac77c4148757f9eff37757aa,0
087067d581f7f8f4d8da82c5da76fa107f28d144,0
a41bf2aa2e88dd7cdb297d2dae289ff017f1c976,0
6cf48caa263a1b7b10e50ca3c819202b814eb934,0
2e30bec7af9ab1ba7fdccd92a2ccf209fba19f32,0
7eb4f396991e5c5c9e330a2ae15858ad548beb88,0
41326bf5266ecc6472bab28481b77cecd6f7fb5c,0
c98fbe27b2822e669461a061ee916e7ce5bf188f,0
90e280bced9aeec1fc3e1d0979ecebbe6702f14f,0
b948627d919f0ace9c18429b8ada1423885cd403,0
7636080403ce45724aa001998eb19f5c8f84cc20,1
e234e7d341b838b7331880226ada401f112a1e1d,0
c7d0111a2a2476a69bd211db60931c546c3e9975,0
07f1732b2f817da6d2f1c267395ec358395759ca,0
f4ebe14c5f179d1d1386eaefd9bd4ff406a41558,0
8e57642b794b02f1257d04da872932710981aab8,0
678146cb18d59222e63c779ce66e621e141d5a65,0
4fd7625f4bf4f2c22ca7fecb3d18925bec53b383,0
0eaabc4315f9123c8b95f6275d673219edb94031,0
4335b4067d5d6e8417c606f306f67e8d53353f14,0
2c499868dbf7cedc9a56c3d873fe9e287d7e0f29,0
76416c0ad837f2874ba7999aadacb236aebb79bd,0
866705e3c68d23fc37abcf62e63b62b3b4698610,0
4c2f18af7fe037c328b7c0e3556d7194ce01d8e4,0
1493ab204f548961fdc50ed3c874d9e2ccfd9532,0
11425c7892db46c01edcb78929c283ff21288f5a,0
29b73279bc17071152dc6ba67f74d693e8722a0e,0
ee86046d1a5b2088fa2c53798478dd25ac4059a7,0
6f417859b786cf4b28685665fe18ee91d361cce2,0
f3ff37b4dea61944ac7c8e044885422fd9de724e,0
f55832f51f1925b911c00bacee47cda570c8fefc,0
9972bc15ea3b5736e5746b655023ec6a6af7a1be,0
8b7f1e5c99ac853e7526aae25ba52c937d825dcc,1
92cd620d4b183283c5fc4623967166a85e8a128b,0
2b0a81b899bffdb0b9af9b1d99a3cf317bd6d1ee,1
03bcf46acd218da17c117134bf0b4de1ba7cdcf8,0
a644b32010d44d2274a76ece8dd9f9b04a8a0847,1
c600bccaeb7636458425ce603f37eba9db755527,0
5716bf685b90aaa2be5f45c627cd10cbcea104fa,0
735a878284b9cd6a6507a50569886ce1af4804da,0
4cdf15db22fa68f360d7d0ca53a0e1695b05ee1f,0
f59609bb4d05d0e51b3abaf60cd5e9e8d101d4d0,0
64003a07a719675b008e528ac9260996d2a445a4,0
b0e216a2081d8febe70bffe3849437b9624ec24e,0
2093b8da08000990e0aec10a74d0099f5e3cec0c,1
f971e82651f75c86ce5b987468f9559569cc8ae8,1
4d0f6ab3f09f2d6461edaaff59a41e7cf60994da,1
12c7493a520b4f271ba52a221517d048dba649ac,1
c66005b91f9d0f09a7a0a00578de17a69e64e192,1
359d7d225e0f45d3136e16e4594b2d97ff1cac82,1
0597723492653033259d1e6b04f8a2fd26a18d7e,1
f32ee938f3faca43e2ac9fae5925802481d40bd0,1
4449b2872fe264cd54b0f4b5250a778e4698de8d,0
9c96f2a222f49853d7d8ac56ea78d56e24acd71d,0
6f279ce78b3daca53fb89f90de32ae54435ddbee,0
cebecbbca8453eb9f70d3c5948f2cb483bdf30a1,1
2276b288b80ca834379716a87b2a6a2a9b7e9a3a,1
c405a2bac5cae9b0506001e93b3fba934008bd87,1
c409d491537d8fae5f90b71be1b90c045933b9cd,1
8650ed30a0dd447282e61264b6e0e98280a01dde,1
8fb580f1a81db3e1f965245ae71aa5585485a754,1
b5694099957b10c74d9fbed39cdd3f52d5a7ed9e,0
c80a3d41d78b2a290a9f7ad3d094d76f72955f56,0
538e004dc9f6e6bfe4063de8d598b808c85a5f1a,0
ef346b48b21ef133e7217b1c36babb6d941ad4f4,0
f893b88f831545554770607f59f89933a7c7fb33,0
31bd69942fad13707fc03e4601a5aa024f9ea369,1
391375b08afc2694d01f3272992c4ebf9478d24f,0
18c02cbd9b308fdd030c8f7951d024e1fd46e299,1
2e4ad3cab981794613693028ecafec8c53bac9cb,0
41bf62151749719452565a18eb4d3f93789cc8b3,0
30757504daddf75481a5e41c1f65ec0d1906589d,0
e6e215d960c2efe3823e462b03ce923e8071685c,0
f5026c122d042e316fe1ee6314de6e8cab2708c5,1
16d92dc92384a881e5376364cd12f646b4d1f841,1
4b1702489cad32b8a4514a1a5e57535383c0cfe9,1
ddeba76d0bc9280592589f189be9efe8506bd0d8,0
9d6f32538ce325733ce20f9f96865be9af7031cd,0
6869f0abadde38406fe56a6254aaf7f86070f79d,0
bd082cddc8b10d3aeee160c07e209c826a0f0830,0
2d9e540fdf9d5ee50ed7eb2faa47b4246ad9d8d4,0
11ecc04c0714276693c84471acd433852ec88ed5,0
b2c23e46975679c1e9deee05e8d7fa59909382ca,0
f761a82212094b154de4ec078d3a2b64e90211b4,0
2b5f7a79b0fc561a0dee8dddc46e31c2c8bf6818,0
ad5b9b01497834d0710eb9fa00a4372c3ceb60ec,0
9c28c3538d59431a6d05141b6117eb94c59999ec,0
6a14e228f59fa838f04617a8d29fa00545c33b06,0
2d4b3edff97f80bfabedc2c815487432baf1866d,0
a4de013c40cf995117313df06c80de8850793df5,0
8bff241c54fa345dc0bc557aff872820f6852f09,0
d43bde077e9de4952c7e15871a135caed401e4c7,0
b82ab99340a46e28320d6b48dd1d5e6fc3bce98e,0
99081448740c1bfdafc51d4b3ce14e3b3e6db405,0
656312f90a5e59ca0e7a5ae7f17fe941877f3aac,0
d94ef57853be7ba79aa6d02afd6a72211eb62b66,0
a7fe1f5018c53ed3af8af0d404a346117aefb958,0
64dd0a070ba7d8a58a733a9cb7618d458bd670ad,0
85d6318351fefbb728bad2db16103dc24372240d,0
37b9565b26fa6a3c1224dd95af1e821bc30789e9,0
42c7d34dff88d23007494a930e344fb2077bd391,0
457432991322eef9ba90d6f93330a739d63a9e45,0
0154a74354d511a23bd7b5540dcd7ae596293cac,0
b1d97bc2fa40fabda36d9f474b7773accb247e6b,0
2c3fa8366e133200d2a6e0c7f309a876ff9b8675,0
e9a72d45528b61df307487bfcd070f02d92b8fa6,0
cd7b32ad096b59cab936735b30e6f0def29c943d,0
eac36c633d9a14ad437c7fc37b9a987cefe8058b,0
50d788478793d12c1b14b1914cb01b63e7c60f64,0
de3285f462e8ddfbf9ba663dd5b6d8fd4c2b992c,0
5997452fe756861b9362f143c24fd4965ffcef3e,0
1a22532991dc57f1cbdb8dbd4021575b8230984d,0
2556149b64eecd5fb52f8a349820b6bfba3a111e,0
42dd1e1902139b43f51517ca03a133f493488b97,0
9fa142b1185f2895f0aad6056c9476a3c1e08a5a,1
96156936d8ac6b90d0cd437db03a3168ef10a44b,0
16c1e9e4235ba5e11a925edcf072cb05ddc1847c,0
c40ebb8edfc190331713a6572787a04c737e7d33,0
96eaa828b6eeb9e190d7e5b0c02f660bd864296c,0
c88e6498e33bdd100c533b19786e64e2b9321b50,0
2e072c1da8f93d3b1f453add84ebd0d4785402b8,0
6c65862a688231803be4885e05555c7a9dd681cc,0
fe235bbb83e9358bcbe29ed05fe7baae4d0d8f44,0
2b0b97178ba1a76123f3ced004e211645dbc08f2,0
b46f9adc0b159d4ddd59a1239f79c58925f49cab,0
4660e5159bc4a804b6da55b1e578cf6300cef4f0,0
30bae8f0ffdf1559427507315a1a881dc67d97f9,0
81b5435a3a484cb81ac0e6ec70bc88c97d567d1c,0
aee1b76fb6295df218fb3be60182ec13d2cec72b,0
afa12a79605f26d601679cc4b3dd51c395dc6452,0
b81dfde37cfbddeaf4cbeb20b7ca43feff630d73,0
8ffdb2df2e7e89effe24e5dc2704d1b58670810e,0
b4a00f93bf4592c657dff9df5a0ffcfe65ec7748,0
c808034989f77791c709bc644046be27f908c08e,0
061a53be627430d3caf8c25aa3190c3d84bab833,0
655c4427308558e9e6ceea6154ae3539005b40ae,0
0bfa9cbfb86f2b47303327e41cd4143979e9cb6a,0
4b047fc607fef0bf307bcdab09583725bcd20fb3,0
fe645ed5529ff6f4b65622208c121dea667e5384,0
12f8a472c03f5ced0f89e9947f1dd58da67e410b,0
137d5f6753af78dcb14a83912a4628e9faa9539a,0
d4319b1c171135b4d94f63fda5c524e32f6b8cf6,1
c04611f260fc57a6cb00aae0db8c4d7a4b9bcd3c,0
4c2ae062ffa6ea69a3df1b7fa9d421088384f753,0
2c1b5be146585dc8b27aedebca959f92da19094e,0
8a3e8603455c6dbfc595ab7a7e4a32f171a8b245,0
6abc96c55b6771da4510fd80de2ff7e90ec83970,0
34a6449c90a3b6074111a6bcbd31ad00ac1570f3,0
c023bfb593d32144f4511079dada681e2e8142d2,0
262c708b91dd3de1f892a7c4d198b3cafc319b02,0
501363c8135466849a05188ff2385e3aae8e5471,0
d12a0bf80885dd3e1777eeb7271c312109998923,0
9d6bc2827e27eae808bdcb3ac143569ed7e4d5e5,0
782ea59054621c4fd0e4f96acdcd4c5929ac730d,0
14373ad1b11e5dc3a26457647ddee4e8ada97430,0
fab64bbdc726cf06c5993b7b8f50557882086002,0
f3fbf1e4fa8df034c0fc56afbbd1ae981e3532b4,0
18adf4f0fbbfd4e9c617879a7904805e5c9ab805,0
fa4f5d801978c0e8dff231a966468e93c4383620,0
05029194905c192ce37cfdd0cc9812a21c81b1dc,0
48920b44f093a4bceb5f043ab15458e28953a9b7,0
a4f287acdb82190227d660e55ce072d5dee800eb,0
f7bebfaccabbcd8431b4d21e4bd8182c0e70923a,0
1275959be9c3e63654e535630b615cb7e1916964,0
7526bbfac4212bc771f54192d9b0a00e67b44785,0
6fd8000ccec596a175fd43cc78c388e8aee5b261,0
d70baf13700b6cbe664249322559b64dc44303c2,0
458cf9df78758efa231c0c242dc7a9a34e92fef7,0
9642e11aac22ad1790fcafcc6973605581bb4cb5,0
6be2343397b8192fc1328da21962dea27a8b2422,0
913ddd55dd7b58c93bf4d41110324bec7e4842f0,0
551346f0f6c2a2ec559bee5f2501d886e91e0f64,0
53358b1219f404d393f5f52e2c77ed71fb1532e4,0
e883181ff49d3fa76853e88d4eae1633e0cc383d,0
765297b79ccb4781350fa85fba4a4e0b7e048943,0
c55cbbdd8cb9dd459a9cc18d8a54600f3f5e83ea,0
bcdfd12ebcde17295398b92a498b75cae9adf8a7,0
068bb229f27f2a406d66742459adc9a8f766be0c,0
0605c3e0445c2fb13e32c98fe7d60462ef494a48,0
1bb1765bd81bb641d5b6e7841ee1cad31df71b5f,0
3e792ce0c5f8d38a86e1df3b2070b40c5b3c2c87,0
0b1db833f2d91093a52b547c42d3bac1974f5af1,0
a7830180941f055b68f07f678ee89e3dd0176ba1,0
874438dfc12f54b3e1d1be7598bbf1d069a44801,0
4509b8a49c4928b9d01472597fa14939947959ba,0
8914d7f617f78aae8c85405856283c98d4e43990,0
23a71e792bf4ff7263d196047c2f378e888ce04f,0
a80f11cf9d02d2517c7f230f24949cbebaafc0c2,0
f5cb67acd964ee173967081205eb30c43ba585c3,0
e3cb1c6c0af425f01fbb30d3b180e46203e2da46,0
1794482d333bad64cd8ab69daebc445f4139b985,0
d42188e89bb428afde9907ebc8b40a6ef8dab2c6,0
8de2366fc12c80c95f859d9c89678cc75f55b2d4,1
1d41504168f1d23534d408ef53b54a14ba2d2126,0
9036626a13835c575ff3618194cbf7d5d288387f,0
da621889545f036ae341492e2d539a73a2194264,0
2d64d32596d7e4d27c51650ef62d63eb87f60182,0
a0512c014ed848d57fc075dde76225b6fbdf39f3,0
15f4c21a3bf337914864b2f7d78cdeb3d9989164,0
f1b8ec18886e05e49f4f10f566f8d56b066f8fda,0
a6f4e9595059bfea7cae7c6b8f0bb47ccfbc1baa,0
0467966f4bf88af42b3e948e84761dcc560adf33,1
734d218eb55e68a5ee42ec4f5940205e66f4b142,0
6887d0f09c973506ac59ae38d6ce1b155a55be7e,0
d3e471045c984428132927211699fd553f585df0,0
114e59cc83e116a5d9ba330ac09d6f2cdcf4e6b5,0
e909357fb4548a297d6c7a9204b064a7662e7ac6,0
d3d462299853300de6d8599a23decc2af8b09f3a,0
ffbc41e7253904308aa4f4c6c1e06167ed4f08e5,0
61cba9d9a443c6121b00ffb862804c2763646131,0
c1cb131f71d924633ddd6a0a2ba9d46cc193ce85,1
0ad6c30b0ed57cd0a5a3c18725926570b4032db8,0
f5682c4c70d238abc8f29def3d91a1c558c8e043,0
3513ecb0b751620e07004960e88ee232e8b4d926,0
7e6b6fce8d8f26c984b70465b6c94bd2d4a54582,0
3933e63c7c38ab549cd52815fbe0a4b49cffacdd,0
0431c59fe0de04b61e7c2e04f7cde75392a12800,0
facd90be6f068c52b38a84d74a5fb9fd203fb8d9,0
7138e054f32e40ba76d14849434aa099ac5aead3,0
68ba5d616ab5ee0bda0ce54b7e993592b1629cd3,0
543bbb4d64aaeae0994ebf3ec10dd6f7ce30e4ed,0
78de63c7c0ca62903896c1353189a8bef338b491,0
154da561fde3c8ac843eed64fc9c5bced959ad49,0
7699d19aaa41a2708985cd185ec2f39eec998328,0
f1db2dda801271e251a1b11b3edf1a6b2742fb8e,0
bfb76fae2f43d883d60b402e2114159cc198513d,0
3149ea2511d6abb562a5ac744b3ae1a8484e7ee0,0
5f9fd135a2b5bb89ec2fe9ae16c8517bb8bb8ac9,0
08cfc7ffba3270b7d2c5744c0e3dc50e468fb839,0
ad9769189189fe6129eb1bf7ce8fcc7186e2e691,0
aed9a4bd3128ea0568c5cfa0dfc031e753e85752,0
a1eee7b8d483908509b5eadcc7612dda725a27e6,0
8a39fd46519a1ed6c93a23b029d0c743a7aba08c,0
f597044b430a1645d173076710e394ae1666c029,0
7f189bd416cdf99f984e74131e28e2d31e7dfc14,0
2e73a40df540268c58abc9f02b09d75e9a0e67bc,0
38222095782158899b5d58d1bf5c411267dab97d,0
8691eb03281188cfd2a17ea0ea418f191aabbc55,0
28feb02b2edf3c23f3b4b0431958f6a3397518f0,1
af9cbd35d5863a3d69763f6689ddec0c378e4142,0
a9831e81fac869cb7e64998571b52b41c2304453,0
f0bd811e71bff4ae463227f23d2a9775f27e7f44,0
a4c9cd58e04dcd41532dc682017868382d42e438,0
e3de31d7dfd19463e2a9b500899dcdec90febadd,0
8634371ec0b45a95d6f24857fd5641ab86f6e7ca,0
d1b632acafffea981420300c6674ddf2da0dbda1,0
32cd493435426323c762e50bc2f6b33bbdd6fc39,0
b168f29106d112da0bbdb3a070be30f9ee3cb36e,0
95008b9efd82caafd01c675c3050b09e22baf997,0
27b468c81f5d6d0b4d9a0233ba7a53702b5e8f27,0
9d1a1d7816dccbec0f06390261e12c7a74ba2430,0
10e83fc8e6503a44d8b971db1aa2596848e9d282,0
9d2f0b9a182d0f80bd5c3a925ee566b86805e6a3,0
2fb208b8d8c77bd0abc425c41a7a4f9bd43495ba,0
0e3ec0b68e6700ef4ae378b9fd6b2d5aa2508352,1
9ef322c33c465d8ae9a1d854dfa977f47f629009,0
5a7a09256e67ae8fde1a407d51fae326b973af9c,0
9d619172ee34fa3b80400f25477acd5aef8b02de,0
ddfb336e3eb8004811796e9613b50e92ab743360,0
7d9ade1caa9b6569c866b12863afbded1e9953b8,0
e00c223382705697c0c92ca5bb831d3609ec6300,0
7271276871aafd1da94fab687671e6728439abc9,0
ad83272aa8016522764ec98e6acecc7c4ef55803,0
3c977ad1fa1b755f7acd7a36ab16a53a8eedd88f,0
8256dbef70e46559c7789be92c0a74dcf62d37e8,0
079cf8b020b598b934a4d4703afbbae5777394cc,0
47132a3fcc7ba92e2f8028ac5261c03fcf94d67b,0
38b539ae39bb885f32dbe44a83d658d867cde0dd,0
c60aa338437e599842153bb7f2b96e1606990bf8,0
dbcaeecb4fac72b3b31a4551628c7f038ee352cc,0
7cf67797a04ef02e51de5b94f59b95fbbff2ce06,0
329b2576f8ae8802d85d295ca18e3d6d56a08e7f,0
a7530eae97cb03543de0efbe33cef9476a14bc0c,0
54de75b635a60d05863df1379c0f954b87d14c13,0
d827bb76041a48c4a591a29017da765327a28265,0
7e73ff593fbe69ac9cdafbe7a17e27f2ed338f77,0
8d0de8421bb52b05d15e6b39006a1fd87e3bafd9,0
29066c6e89a16ccdc3210e4ad616a58901cbcf21,0
37fa5d6fa470c2a9879caf64b47b8e535753ebdb,0
25d4c7db212d1f0cfa39c04de0439da118f30fbe,0
a283547d5ce904e7c4955667aefcf1c9f8a95718,0
77c0ffce3ce9b351f91fd56d71ac452444bc3f30,0
93666dd2f297d42075f92303b0d773c816aad6d1,0
359cb0388236c07308bcc2c16e3edfbb68cb0015,0
0734a04ca729c6565ac5e5238bc6188b89aef37e,0
aaadcb2b542e210caa2e426cc841fd051542deb1,0
ca7f616594682c6d0ff74c146f4e81314c340a3d,0
82ce12fee3d319fa88aabefd9640631f0c0dfa97,0
e8ea1dd79d147279c8412964689bf64434efee01,0
9a901d258056a4a8b7bde11e60b6c2e4412935bc,0
88c13f8e6b8d94bbd2cb75385a5bf2767cc90b04,0
83d1dbf5eb58a2e2dbd4ccd9929719db7c0c5ade,0
d03fce6202460ff5fdff15bfee1525a80a6de3a9,0
f0702988692298d7199d62cb4ab562e87136cb2f,0
a16486405931f2ba8ee6327d89fac528aeecde60,0
fc9dec48b846daa5b2768a437ad7c8b673330752,0
67704d8e7616d2b84141a9bf3f58cb39ad94c39d,0
8d01b77e2e4c604164966b1e6b5e82976023aa0d,0
880c74f3a3e5f0fb7c62b1bf9b12c4ec26a3ebb2,1
a681d650f6cabb1dd3d17b88e7ed3c0f0e4c8363,0
5bc9b57f4e5033ec17cb11eb6883cdd8ab92cae7,0
19e4076ee1107fce32650fbbe29589539600e0af,0
83558381e3401f07250e209689858d7fbf210ea2,0
f08d8a2b0ccc52281ef91db64e344bcf8d081151,0
1a1145199e2d7849b2062b92197c3731b9d41cf8,0
944040db83d7caf71f5c76f134881344e812939c,0
b310b05700eacddc81647e59b777f4009e8316e2,0
0a1740cb4dad5e763515fb233f2f68a2ee638f7d,0
235040fa9807d3ec8d8ba8397ff1a6348f5d46db,0
445877571861aebf4fc38d5ae55b479327f02757,0
287b2cd800f17f40a36a406961fdb701530cbde4,0
0d01e050fa6666e7aad8fa657a84ae2ec3210daa,0
6623901d3f9fbdb49538eade71ba29837b62da9c,0
22822da85ef4f275b9cdfc8edd7c14c1f5b90805,1
ee1dce15c21487ec741b4c97b6b6db15d9fe81aa,0
937114b42658f769b609b34213338b7132fd525a,0
44a1c545c25519eaa779bbef8941e14e9516652e,1
b084341cba1ea10dec1158c480a3ba945fa6cba0,0
306b3880e1246c2b08177c0b1be9f19925b014c7,0
45be0392e88a975fb3abde186d724155cd735717,1
368fe5337cfbfb76d16748c69f54dd5ec9fb7124,0
faae4b3b1015f875f7a95c4883dfee20579ec3a6,0
f4c4d5ab24681e0f7ce89416a6d056614dd1fd02,0
e490a84b171dc4a9bc07adabce459b38ba9ceab1,1
2541a62def1c6e106ab4f4e0c72c45872dffca00,1
e5763ff6f0bb41135e1c11606f3be8a2f9e80b4c,0
7a37a3deb2af2fc4b57cf93f856747c3690be976,0
fb79157dbbdb57d866d74b67edce439c42f1bfb4,0
d6fe7f67896642373a9c1fe3e2d75076d29b8e0c,1
4c690103f1101282d96f9abdd0996fe7f48f446d,0
b9b11b94c840d836725d1f0d562244850e676631,0
5a7b17cf3e0b816f1bce4100c512772d4fb80707,1
3b180e56c3db23a5984d00d88a83367794d4fabb,0
473359a5cc15b0f24987eb738bb61b6a6396bc71,0
3dc67a2a4a5d190c3f4c417bb961f3acace003cc,0
cc3b4d31bc5aa7e7018b1c07c0619b5b8e1fe38e,0
d1b24a3fea8b30dea6c32e8ff5793dc5e2b0abef,0
3af0fd99d153c83b3cc8efb662b7bd6a4a8c690d,0
5b8fd90207dea36b01825da62eb4d86e62c8df9e,0
09cf7964fccf537234b893b9fb5ed903468e299c,0
50f136c874a7f4e18ee14e4737253da4049dfc5d,0
3d041e3560798757be4736a9adaa559b1b9b6d73,0
6dfc599a236ef9b617c4ecb02180294b3abc29e0,0
3a0c152c22b6e96fc809fdee2d6ea5b816a139e6,0
1dd3a636aa80035cd9460024ece488b036ad1085,0
325648a1859a5aa31007ec6990a7ac8dceba33c8,0
9946140913f0426e78e676db461eb7dc9bdeaac7,1
f5a6dc28f567e15999aec20a3ed4b67d3eae317c,0
a859fffc0a9d64f281504e827e91978c0c5a71e5,0
161b9cb4cadb993c009caf28f4c27c1f08987040,0
9f7311fa2f8c6e2325cc97529f7202042a685dc1,0
ff5d71e1c16af658f13373a6d6b03499a2210b31,0
f10738fcb52358aac68c6cbd09019d38f5ae322a,0
125aa570181d50080be32a29294a6ebd4d10fe0d,0
3541b7848a3b13a468b1c2fd26183101608f7897,0
05510d7079702905de640b0c399908eddba7752b,0
85b9694d48340fcfaa7b4377e4e1ecd66e8c6c85,0
fb173be6ce1d40d2f8c3ac38e73ec5231f50664f,0
b39944f7568673eb04f55580e169821816c5a1f0,0
8fdbe094051c06a35d11ff12d5511b4332741655,0
1d0e73a682cf0b06eb8e41c9538a30123cc65b52,0
6e547b34b46a0e21b6c354f6784fa0838e3d2117,0
8de56221fdacd99b16958946fd967e7aabdecbb0,0
93598f906b23fea904130a899d45e7e64bc6fbc4,0
a2d928146c83faf5a5e15bf4cef95c5ad3331b09,0
b78378ca53cb0e131ef04c79e54cbf4a897a1dc5,0
57706fae97f57690398baf694a44cddd766cbad0,0
33c75a4ac8388b725812cea725c964fe0e5caa05,0
4c8462b9f5b9f7867b5019d9021547e42eefb23e,0
d12117713b2e6a546166d36e6bc524cea73d521e,0
e6f9e6c9738af12d4eecdd7a40bb2349b60c7596,0
32fd2eeb2992378f3c874ba39bbe5ba3ac6ea020,0
c509d13abe7b50b8e67d412e2ca796316c33500e,0
210709ed3d8739cafdb7b2ed7ca632d4e474706d,0
cd23f77879ffb0d6aac0db9038523bcfb4e3ca77,0
c0798a65fc16d6c465681866101d369aa7f78de5,0
cf38b99ba87f2dbc5b18a7632ab101b870ac4e67,0
8ec9dee44ff6baa301f8f046e2cd8ed5c0da0559,0
a68f9dadd5275d1124a532e2d10c70a6b406e24a,0
37a40f70ecd663f4472aed9eaa94f6181fc42301,0
24e94b56519bb32e64b95289c0b6937888ecb81a,1
e8c97dc4e7fad98d0f8b38a5ca3b9b060a3bc5ad,0
ee0e27d63844b0ae6bc4fc8a30e4ba404b2c0304,0
2fe3cb939e8f265c6ebd614f950114bec7d3150b,0
7fa56af1322a1721d9b58a3a1bed47d82ab8a89c,0
ced4aa7699fb72d3f85ed5ac7ca6a22177ca31e1,0
79b12edbf36143cb36846479c059466ebf69c9f0,0
c7b47ab25500a13f3f9c2d87bc4347c936d0e0ea,0
ea0b008c98c3227002eb1a6ac5c7878025373e01,0
97906e5c3d82230a2a52bb5f57227372876eb953,0
e11cafae8067c2602717161d969ac18bf49baeb6,0
adea6bf13a448b3701098bd7fbeee25383f59c79,0
a4a6904b72e9bdd14a7dd02e9f87809abda26529,0
2f35b447d84c317e4b2d13e7b0767e63b1f334de,0
7ad9931d444c4db6ce72ce1e9437369d6f1945f2,0
5a33586c2413344578bb9af703ed41c118c08c86,0
14efcf4e7c072e993a2b30791a199c12f0499104,0
c2783da968d192e2f7df0d128743a841d22ca499,0
c0b8a99ab09c45dbefc8621fc55408e8b03fda7e,0
79fb5075bca01b55e7e4d282a151c86f455c3665,0
f241657448f646139ad8b08fda25a0476fe951fa,0
68cf378ea3571ba3aa8fff5fa7c275a621db14de,0
65667844feb3d4aa70c90c5ab9ad40bd22c7b7a5,0
a8c12eaa1da79eb97002ccd6a1ab88234dc78eb4,0
eef3ffe0e2e938f72bdf227eb6df493c12a8fb6b,0
363d1f2704f20496b806cff5035b73059ad26998,0
fede6b1ecc300e97dba1b51b78e9aee0613a62ce,0
0bc375060686407e410ab2ff78a29b9107c75b6a,0
5bdb7232cf871fef9355c2f10f2ef0df5de2d135,0
196067da9716e4ae4078743c0c56540ee64892f4,0
e5b0844c4f49d5913f54bb5982284f5e7b76240a,0
edcfd40d71568a47b7b3dd857265517f8a5c3df0,0
dd84146bd1453e283b3b49653461ee5077f1c296,0
6a7a1ed476d03f7282671c90c1a475850a92f46c,0
703db76ef4b471c2447b0133583f39fe83d23521,0
fe81ef05b01b80f3524f630e0ea3cd69eb3afec3,0
efc7ed5eca41001acd10937807c5768fcf7d891a,0
ffb2308e76b04821a5b97ab605dc88c4776c8eec,0
685075984b0fcc39e577be865df94446729c35b8,0
339558e88568a9cfc5f6231d870fb71a1bd5d099,0
803687227f7f5d4b3188b495b04e7a909d039675,0
8542ccb689031ef8efb416a6c95dd8b9b2c5e5c1,0
3456b2b6b1e27751bb9b4770e3bd0a6545afe1d3,0
b4e69a6efc245c07bdd2ce55f9c80b6ae16544a3,1
dbd36d9f55041dc39e12dd1f2303daf9650e78a7,0
0ca84735ad3df33dfb48e9e165db5cb689783869,0
ef14f844cc62eec7a3c954429d4f2f4e389cb04a,0
48b657d4db0afc2ce795def37fb8d728e90f2a49,0
4b615e2319a5f9e7f7d3b69d1bb87f4e80eba356,0
81b5d12e81f4beb846f4453c9bdde7cb72e48857,0
c21a7a26c00fd93d4f8092ee914c06d4c323cc75,0
1e2b9eb078efbe3de0ca29ff2f0b3e2a625cbfaf,0
30c4689bca9a9332b384e7d4729e67e68560e637,0
e4671b466d24511650599145757961306bdfad2d,0
cde62a69e1b485fcdde677bdf7808531e7b32f1f,0
f68bbdbbb551da3f02eb50f323c10d9d78d9a4d0,0
3f4676370a0d5bbd53600b2de9aa5c39afde9b98,0
5bc14f89d144b2039f051848b172e3afa250404b,0
f446d290d6e0092e67b1a926e1a2e385d5db6c8a,0
bbc7fd046a8a8076cc5bf9fd513ded2c503b0351,0
40a5b587d086132330f94aa56a3fcc6130c7c00a,0
79cddd4ea5b4fad17f74878e40b3dcd0c54d9cf6,1
30e369723d73738fb1b9a63c8a79b968d04dc2b4,0
3ac961a31479db54aa89c883e2a26314ffe24e3e,0
c7f93ca3093cb43c5d9cce2cdb784c2437b845e8,0
ee17d69249abc4187de86297dbd0c599a2e46c29,0
4046e160ff0936cb6f6c15d78ab26178743b047e,0
ed69b85620b014e1a6ab8811d6115ba856c0fe61,1
ef3132ba09c035790136e9031c92f3caff347612,0
0c0a145ea2d72aa59464e56f2e3dc849b39be151,0
ff0b834cf4473093d60aaffdc04c2a1b42b5ce72,0
b9c088ac8ded50f0d4ca194b0fdd678a07e76b9c,0
3ed85bb87d6c590bd4d89d4d2bc6d13ffab37b87,1
3ff4ee6c28be3372b995e42c84baae236a50ce09,0
6eb9b440b765aa3edd2e27e55899bad50d029b25,0
45a6d671cc730002447184d0942ed7f48d8b0e8b,0
deabff94d8daba1c570513c53079b8f0a1818da3,0
8eda3ad6a475b9bb399cecd5aa90427217722227,0
d999b5cefa95bae3904bcde1379ce0abcca51ea0,0
714881545a1cd005419f05d64c66b026cbb5ee9a,0
e94da60b9cfef68d0d451bb8eda976f3b68be682,0
b0e0fc4daf1af27d673c1dc1b79d522e421ae84d,0
3c4f60d71bc4bee0158d713be93c2151411d2e98,0
15d50cf864c13468d81c7b2370ac5c8a7dc26d16,0
ad549f8f34d41782f15718abcf30eb38a2dfa6c8,0
9e4b248d48482577bf46958ca385035b11edd4d2,0
dafce5c30ef20f3e9ec1dc46df823b6fe60acd6c,0
da545e3f6c739ef1bcab38f2e2868594d4e1e983,0
3c286d89d08d0cfedb9eb735ca3e65d2c33c5da8,0
536ea90fc04ef9e8484f98adb738cfa5a11a301d,0
d34dce48e5cd02ef1f078a939741d79fab3c39d0,0
4a29061ad70319e9545f71d208327db3e4192b5e,0
e39e773c19f17a981b3fcf0810719e6044c05c60,0
d51bc887a387c364a33125d04c4cff966c105378,0
e9f5fc14005cb7028b69bb681e612d0d154cd003,0
3e5d5dc9c0a5047152eedb802bc008ce78b8de0c,0
a655a3fafbc535b09fa0596635d2c87cf48c428e,0
d0574706e1517169c447f87607bca368eec2e56c,0
8106d2c387ebefb867f6e4e4fbd232b799a84bf4,0
1106a498a647ba94ec5b5da33c6c4419fb4f99d9,0
f7d98dc6ecb5f9c5ec04c7904db2c9c897042cbb,0
b9f45d533f177ac31a02ef3e56ecde0bc3ab241b,0
0c0402cd3dd24e7a84f3ba867a4566bb26a20dd2,0
05242a9c85ab6b7090d07380b4ffe81fa66b8091,0
ad8f15bcb043d7c91da9008a0b997f7841749b41,1
9c0820ebbcc2c3460445502e473142dd03971f87,0
ec9c77d586e1dc8b4ff107cd57fa1c06bfeafe1c,0
312cfc0daf7a6d52b6702dcc37ddaa7eb282a6f6,0
d0db214c7852d5275189a70619a3f56dad784ab7,0
17cbd99d6ad61df94a8073f5ad6d08546130f107,0
e03c097d1cbe05169281aef1ecb91a8c42f065ce,0
03cf8fd714e9b9963bf328dfb274cf343f3b375e,0
bd7b73664347e7b739149ce08caf6d71fffb91f1,0
c2ff15b0d0fab64cfb73555cf7d6962c2d093348,1
8ae1df8b87c1b3ac6b9e5e8d7c83340b8cb5efdd,1
f0df931ba004e5031e79ac53e2b5e21eb0e0b258,0
6e6bc18c9fb7883711fb939892d70af018e37a49,0
8a7c77060ecb7c723b14dfd9f1e27d7e64008294,0
bc5f3e087a818fdf1c9c6c5a581cdc6c2db92681,0
5ea88e0d6da47f51eaf3047297fb68d88d88ee0f,0
8878c98bbd75af752881cf263779371f9d6bcaa5,0
a95465d709cb918f821f1b69d125dc45b072fba8,0
51bf2ce1c0b95922fb83bb03bf31ed73ef60bfd0,0
db06926828cc7477d01565cbd98103da22166e93,1
2bed62603d71dcd4c89d1ed8e0c67bcd856a3bbb,0
204d18f9037de62354f70287bf472b84fd0c8e85,0
bf42bd5d1495081bfba0efb04ff386ac3bd3fb6c,0
0e61e227bc2be8b9889213b37f45cf7d93684063,0
209b28c49a398f277653e26999b17c97371454cd,0
1d80314fc2edd0065d25b883332e35852b5ec2d3,0
b7a7b7d8707542ae1d97cacca24b251194d8fbc1,0
9ae054b7c894706fcaea519a14f48cc773835069,1
2be456f665e193c6fa7eefb838da858b57935c58,0
ead7d965e709182157694490c8bc8d744ec64161,0
9c6d3ea78fa936c8eedbd72236fe3f6e217c2b96,0
367e00e6ef373df1640266d39701042203d3f37f,0
3c104346310b8d7273de0ea520c016a70c9df6e2,0
345b4836f6e34ba29564dbead73ede2f2309aa74,1
2270d830fda743de1ce8a61e33b9542cb39a0f4b,0
7e8d044b7b8c6d2786a88f416d17eed2f472445c,0
151220646a488159159c7bb4a3739aefac0d8640,0
1330e9dad70336423e7f52f0a0f5f97c107d620c,0
ad00f97f0b41ebe2b87f51ba8cf05003b200e390,1
9e25b87af544a08e145fa4bb345b182e002850da,0
9a78cd482e631fd62c90cdc6a6d5e950431b6d73,0
249788d799ca1c3964062bdc5c19a51ecc05c2f7,0
66e42dc8b43d37ff011de69586f8e6764c4b3164,0
8d24c1fc6274508a43813e62f03deb7fa558e87a,0
9736947c80f4fe6413688b11dc06573f09d59264,0
b73e1f7615f6bf58dbd0493469ce274f3a2bae28,0
b92907c109a0824529d165abcc514d3c62a5633f,0
11a6dd26e3eda5db5dcdcbe1f59a9eacc275beca,0
78e2ebfd9cbc4f9763069112cbffdbe497281509,1
26afc6228ddf573ac0e8674b1845ab07bddfd439,0
f4f07d5ace6bd2708b639d637d9ef903f5317cf4,0
4fb355a8388d5b5e3f9831f6f1b8ecf2779e7a67,0
8e2f4ddb9a1ecd7a1bf7d752c2c891d630287036,1
7df70a8c6b14452767ac932a14640e32a1dc16da,0
c02c326324804e04d49c99d2ff6750dca9a74ca6,0
7e818c5afa29425a455b858f6acdee6606ed7a0a,0
5ad967885adac9bffb6cc693812507aef717221d,0
bebf1a53f744bd591c692ef2b721bd28078bb029,0
e8138eafe70f279427dbcecaef564613ad27aa90,0
ea623e575eb48564459e840a3ec130d65e370339,0
35ca6531efbbe5c96c2788fcd1801658141d01ee,0
5cc5694b0e9eb6f51ea64734de3db566323354fd,1
5b76976ce8a9c3e2d7bd7ff175e24def890f9114,0
eb858c2208f3b5905ac6489b1c4f42e0fbbd0890,0
4fc28f2d3bbcef1e68a5c18ca452aaeb38d0ccf8,0
dd5f8ea30755268dc43bbf2cd5024412674eb1b0,0
44dbf85b6a7156d550ba62210412015058336281,0
c8c7a0c491f3b18f086f10809ffb11ab7f02db52,0
a28a5c875f333849579a95ec29804f4bdb77e925,0
2658d6911f4869e04e6decb8eec238d32e9923d7,0
c5710ced50246219302de8e52754efbcd12380e7,0
80a39fba9b1df6b208e57f4dea84c0f24e311a82,0
71de1b3e140266192637f5ee19680bc441795acf,0
6f0dc1070c4413654b30b3537c67859bff17b76b,0
88bb2bf8463ed52113bd0848913f4a4361c043a5,0
b2359c470e89f49952fcff16e9a0a47a20a49c18,0
d0b2b05af5ca01ee7868eb4775e548c347940b3e,1
6d992c02da830565868eb81043e4ab03a70bd770,0
cccbf94e72fcdfadcaad5800acc8f871e4ef3246,0
039f4566a9445d917b327156f69d0c16954ee756,0
fda34fa818154bf07195ea20214339c9997f244d,0
c34f334c12ab9a3f1c16c70a46be4f97d674b773,0
6f6eddbf3a41fa2838f062fee7724a69b86206df,0
790140111daf2c9721d7e30c662bc3a2ab975a2a,0
460f6fcc15fbcfc6af40298731011894f8dd1bcd,0
802ebc4279f6020c4bb9a8d11fc164920c54949f,0
d263c80808176fc5ac0d58298554a2cc3412a9f2,0
5b25355eb97efdf15cbebf95e930e8757a30f307,1
4a6bde09a6559bc5163bbb362b73fb83ab45c280,0
bbdc0722a8ea680a62af359ccef4c8c145c85a3e,1
b1d5cfe08ed38718cc44c3c1addc087368544fda,0
2bf76ada44a190f70c22089e2ffbb981045eb38b,0
4c0f8dba503c3a1adcc1ef9f17f65d2aad38fab1,0
8c19964d550de8c0cc11bfb4de33f07b1f9259b0,0
4870fd13a29741b18dd428cf3d43192db5799416,0
fc3a096305559940f9c18b697cc7ccda5cc77e54,0
857cf0714dd8736796b829ca48da8d6b88ec11ab,0
4141411e3a64ca079d9c70af24db6df8f87f0e1f,0
973b9b2e5b6732aa64305e0fe3ae0eaa69ab0b8e,0
5615bbb7ad2f739423e0eef92062988c01bd59f2,0
da9ebdf72af4a2527255a7f06a65d4ce672af6de,0
83efbc505b35aac2449e141984ba58bcf9bdebda,1
4d6acd80b65b0da01bbcec66abb3f04dd20b13fb,0
077df4205a38d0e90693439b9ce46523458a8658,1
5c9ffd1d9b3b59de06a92cb91f7618cfd687dd61,0
14a0cc2a9baf84a97348263975082ef3857daf97,0
f7f19a3d2f98f48924d38fec2308dc3db83445d8,1
1db9c37e95112a2b796e8d58253f48de8f4816c0,0
c544542bdad4b55b9244255235a7e34385d6405c,0
ed894291a7abdbbc5ebe749f1c7ad21f2447bd3f,0
782e48d8e0d201c5c6d745cf4ebd8f11225e8c5e,0
80057a6f04dbfc89ad446f794e7c9cba4b95fe1c,0
c3e3feeaa19097147043ca9021484234f4b78d82,0
52bea417c5ff03ecc3ba830f9a4216ffd9fbe289,0
f76a32ff88006ecf07a523c6daa3405acfc2243f,0
ee707ddb02e4eb4d03fa01b9024af8be25ff2599,0
2e4aecf0d01c4dd6029bbf5f417b47bda50b8e44,0
c665dd600a72863393a0033856e6939486bf3fc4,0
fdcb892708f33915dc6cadf45e44b91572721e6e,1
be6641bd999e06cf604a262057ea2caa925e068e,1
d2a3a2b1c6cc70b46857091c547df33f55b1833f,1
711337c3a9eddb313a1708866c481f4bb919ce6c,0
37dba589f77b73f4cc642b65f7d024667eef9ffb,0
8904051249c89b4f4a113cbe691238c523112e17,1
197354dafb7ab4c3414040d34e81776a52ad97b5,1
441671d365de69faeffcd94c750009a66983ec79,0
e51c8d6cfbfb7ee3129ab0d047ae22910ca9f6c6,1
2f66e0fdf8e37fab954fa4397b27429234e13b05,0
2c0e67621a3919d8e53a52c91c35408955764e4b,0
4b4ceaca411398b3dcb343573fdb6106af4c9800,0
55a3c67672effc4f99691ac05d0a30b304d28253,0
62c9043f9cd229b56e6c32d4972838a54a69f9bb,0
0aeeb4b7ac5d06726d8939da0ea2d4a19cec1454,0
d42c22929d830f37e016b9bb794fa806d4e64f05,0
f55d14f87188b44f68b6510a8ddb8f3c32ca4352,0
c62105153e7ba624c78e0bf9ac8dc012a66ff976,0
a848b0f3fef395ec631d156c68f2e784087b6db9,0
71fa7722196d9fea3dd2e2f77f352d5dc3991a25,0
535d85c75ba3f0e35ab59988087ff2d3cd1c28bf,0
b4cf0a72d6421b01da6719d33ce2ffa9811fb780,0
e7f8d9bbfb3786d050fc4d9672f37a798507b8dd,0
823f2603a4de316b1ae4d5d6d4ed0175f6edc985,0
50c1fdecb4ed33ec1bb0d449f294c299d5369701,1
bbcba273ad4322e76a90bcb867cbea108134717c,0
dae053c8c328a0f7bd8b7c18ec37e1fa8f2f7853,0
977151904cb0cfe10fcba11d903ca4d693c7b0c8,0
64fe3c71ef3281fbf494a72fe083513d3889e514,0
678c9e52b7696216cee6050e60914e0780848345,0
3244c46fe92a6db997d89e60ffa39678219f487d,0
3296f58f71d24f00b54c9565bbdf1db32e238221,0
b74e64b21151a4d959e469c59260e1e4b5cf155d,0
5bfa8550e8b69a0dfcf0be91955438c4ac7d613c,0
c6ba2165741dcc92d2dfb55ad21116b42a26ff70,0
c9c9af98d828943071d49cfc7c189eeb017df381,0
6db113f1c98204ee92cc62755626787aad95b2b9,0
9504373a5a9ec4f6845cc0822bebee9502b09ee1,0
087b4c00839d1b7396744191e6acf5c61f76d739,0
37aafec262e8d6c93e356f902c5e07d705fcf84f,0
ec65d6c975e73d990f0b3aed438f5eb37ba07e56,0
9a40cd0194737f1e036b2400e4049c910278d5eb,1
b1ba66c46eff177e61db2c0cd9afa8b19befd1f1,0
34a5505cf72a27cdd77fd104e975ba442a92f322,0
415064acb0a3560a5317f7fc5422970f67db5522,0
abaa932db3667d4cd73c389ea951e0215500665b,0
ccc0fc608ffd1a92de880c7b8085f25fc19f0015,0
5ada92406bda33247556293fe3b5267eacc8637e,0
b4dbd49f55dc340348e9ac235d80f8d237e08894,0
dec41e75106908ccd4c5d6c248f4bd32b9f01092,0
ef2a37a3bae30b8bb7c11e81452aace8814cd3c1,1
6967edc80c5da73e55dc4e0f53805e6f4dad7c09,1
973bdd708be92dc532093ce5b29c5ce5fe7714a2,0
4ef2bc32fc4fbc2528f1bd55deebc0abe997f455,0
c3b4a3d362405f2e9fd3204e90eced2b80fc5776,0
a43c5746fc7faf57f063d0e025108998557d56b6,0
056742acf7fa9de76993c24d0eb0fa84b99dbbdd,0
4f2cfd7a782f45989fcf0cbd2e49c3694d85c0af,0
91a90af7673ade24edbb7c378b2a3b46fcf8e78a,1
b3eb0bfedb88c3a92fc754960c96cde7f77a0776,0
dc30f9c0e4e51a54bd9ce4c75e39d10a15885f2f,0
d8547e9de14a53f50dd3589eaaa317b2049f20f4,1
a7cb9414f7a9ebc1a575398ad0693f474c8455b7,0
a2152846190bcad3821eae70a9bca09fca0e799a,0
6ef1437ef4449459bd6167b427119c7c827d3af7,1
427ec8621ae471901a29e9c14a255aa4c038fec2,0
5a2817a684f12c4097e94f4d84bcf8fa3aa97222,0
f943e242c3697f0069eb11e7a49f64ec7e174554,0
cd489ca802043754706c91270944490a7793d6cf,0
228995f61ab3cf3f1c82ae4f42e70bf24208ce59,0
31ada5ec5b1f5b29c32cc70fc00a0d7a117ce728,0
466c7b1415e45ee83a00b6a318e4312471b2ed3c,0
c7c89c3e95606dd67887b8369e9a4d71d5f19768,0
d482154d50993bf0b78dfd59f7e874a20604efc3,1
731c0040fe325d143d2edc24606d20791c8e2748,0
05fbbf646dd2af475b9d45409a54f26d2992fe29,0
22da373ea4cc195edb087d337bd41cc6ff1f9bb8,0
579233311688a5c67265582ae36a668ba5e7fde6,0
faa336fadb2eecce03aa98b5c7b255d468951fc6,0
76c250987d52f4a956c6e617aea3481037bdf71f,1
0a7381942ca183a63750cdcdcad6a6ac5c9aa95d,1
434575ed0a71439b8abe8ef59948bf15847fd9c0,0
26cc12705ef31fea0c64fcee0305a8712e7fb30b,0
2055022644c738d77c910cb4737f05f823e29dff,0
5e9fd18a887eb071a42983a8c6df1ae3062f3a88,0
c90b815dabed85666621b714ff34b469851afc51,0
272f8bec320b958c6a41c23a9db0b8a76d9efdda,0
f752f803ebab035c09988e9ed2f70399f0fe8425,0
3abcada25b07f378a09d2f233cab8e2884ecad2b,0
e0020ed3d62061835c0ff70853ccfde21ae50ae3,0
bef3eb6ed060d5ae14da6ce5a1909675b8cf5650,1
c0041cafc2fda3fb437009d5417ba5ebeb32ad35,0
590867417dd3fb1e33ccbf40ad7a941dc4bf0861,0
9e0f645e8ee2ac6141d3bf359cf29384cbd30b3c,0
eb79f7c6f37d0d9c4d9252b1020bc19a617a4d23,0
2d9a9ae59fd3b753e05903f63641eff1203f1bd1,1
b24ecd60fe9517bef1d6342e479e9bc3d85ef692,1
2241a1abc9615c7b92206afb5026ef21d405175a,0
85d065031b8dbaeb0ecf359ec650645aafe58853,0
9a9da72d0092c615c58c039813cf098141785645,0
53018829336bd256aaffb8c9d80bbb62272a58a4,0
42474537c6933bc4ed75f7581ea492d72a7982ec,1
cd1a37ab32277757962bb672288c0f7164be618a,0
b7bf013a2ac5d579dff953ed34ccc21122d089a0,0
7f8be7348f16280ef7391a6f17a53e4bf885c041,0
43a338ac6cc64e4936d10fb454dc86a1caaff5a1,0
2621b9b3d68198a504bcf36cad8b5a0a420b4bc0,0
80600a76b7a4ff88c1421f8b488b52621be20437,0
a50a1eaf70394cdbe90a21d9d70a35b15b687917,0
f323edb0267be020cdceac80aa0a279a08164bfe,0
22c4e1988e45f19235a40df46f859cf055a02fa5,0
9900232dbda5f94f9132a0a6f5a133e87e16340b,0
faf66a13f7d8f9052e06de703683b432445140e6,0
0d77fa861a9c089bf10cf76dafc356e0d9a1726b,0
206ee21454c354516c189c08f6aa1c0c40e3a280,0
ac4bc3dbd57486d3a0b024b24c8d94c065508aa1,0
95e1aaebc253860cb7d4f3d4da5818354949b169,0
ebe7f51668410634b9088f64c4037704660cc3b8,1
f96d4df26e3b16ce6407b854e6c89e882c51e435,0
e4789bd4fc298f28c88c1abee074e6dd78e35e20,0
f9e141cfe5aa901a12dbada644d6114fb714f184,0
910d8a0d66712d064f59e18fd0bd769010db15f7,0
6dcc663d58c5b62953d77ec07247d16b1a4335bb,1
571b8e301722205c4fff30cdfd502020f2a56be8,0
1865f0b68d0af1c7d90b4b5bcb1aec91054c724b,0
a22c0543d8bd216112ea1ffbb0dae5bbc06473ef,0
2c6e919e655cb77f79d1ea4e0b001a9a8fc75e99,0
8d20f34c7db92a3d364d2c28c681a114d01dff13,0
5ba837e409c797d4edcb71b07026a994fc173d76,0
0769eb977b3a56adf5ec8bd4e9f123b75bdf38ed,0
bc22af91e7e8fd7a530de48cd164056ef05829e0,1
1a60c21395fe7648188d1c91f62ac7baefa12742,1
cfff2579f5cd4e92c46f8790b9185a45e91fd783,0
53d9ad9ffba73e38af2e32ac4fc718da943bb1fd,0
dec906e158a0a337f527954bd027916b0dc4e027,0
311dc94070b4a6fd6060d24f1b26842a225821ba,0
2fdfb4a387951bc14a4d8d5360daa45c76fea0d6,0
bc52782cd84f4356d2984e1aa01806f81754eb08,0
79f7a7ef529ae656a80f7e331f75e79999cef7ea,0
6505531d5c81b879be9fd5406e1351570f354e83,0
022d08cfd31475073c664da109ad50bfe9539d82,1
4d7a616ccaf6c4a2aef171999f04c71d3749313d,0
646c27b22632adc03e978188f25d2f0b30fad651,0
a9b61fc42746e38e8bd22c419ffdb803e2a41511,0
7780fa0ad53baaa4b24803bf3e30933eed16294f,0
5fe2d862fcb0ff1cbd3347de8591c7b7653028bc,0
5b7817cc3f5260b9c40d4da118cbed5f579dcdc0,0
1ced894df70d66f3a786c2c8cd6e23e0d4263d91,1
8a8859cb88a49a8b967217bfc1daafe0805e7c86,0
655050f6fdefc474caf6c6e28dbe8ef63da2f395,0
7f23ec3d90422fbc36b7d78f399562686ff6c2eb,0
7cfa8a932869b98c3737f4ed41312d92eb50d636,1
9c0379850b869e3a02320f9a5149eaad2c4cb76b,1
e1077c023de72a2935c144f3533d4d4a69924699,0
0195cd60c501ce067b7b1087437144178d19a79d,0
9abfbaecab79d19952544742c74450e1202e6240,0
543f2d36e49a72f042389f70d388b38abfb77252,0
f91a7c97d35b6eda87b346c8b37418e10e728e31,0
51df5ea90cccdd5904af4d28f1c4024fde2307e4,0
18e7603cac7b786018ea72a4dd616f0989b3a625,0
26cdd7ba561c736de930d18ebb14610b5b6ace85,0
c84c4669aa23738f329f044e0a7b22272deddac8,0
bb0d189f1b4a1a909d7e7e2b65e70b46e21dcbb4,0
36a29645fb2cc1c625d0157a84aee22a1cd52c73,0
45488c9826952f8b79e8d8b01a7fd1b1111eb750,0
4f31ae757ce3e2ebee99af485050e4aa3a23f4f4,1
6699e44845db2c4cb279041c4e7d35da0102d81d,0
52baa809b8465be971a408aa44a1e28ac09e5d1f,0
8e4147b75c4aafd3d6086a4653b16257e1720856,0
11272085d7cf800af3a7cbe17ab15f4c26b3008f,0
b72207ccf4f22701a931be99d1c4020ae7e0ef49,0
7721acd0ef955dd0a3709cf3fa040a6a5d127e06,0
e49c05bdcedd1f3606e2a0dd1d8d2271742a3646,0
13692fdce3aaef1bd9db85d1eada9d243fadd096,0
90f45b447aa9282d8dc0820544756b2afd82fe56,0
88d44051a14d67e9cc27f2033682cbe5ed51f8b2,0
e0ddfa767c2bdca2d7273dc4eec9eece990d01e5,1
cf7486556173620fccd26758aee9a99313c54843,0
43fca0d7499c99f9e82e0ee2e52b81acdc954f2c,0
8c16b39c3d0f4acbb80ad22f2a763bcf6b6d6d0b,0
1fdcb829bb8aa3abbf8d930f4b684b525cd68471,0
3afb07ec8143ae25df143cc76b82e18a2b5f764f,0
6aca4b61a0e8a073ba3a8992f723824417f7157b,0
7b6ab58a018b5f6608ea07bc414d3f34a576c6a2,1
7a304cfc7b405af7fea9e9d9c25ccae283c8d708,0
1b5c1b43711f155e8431a5eaf23ff9941760ae61,0
10cc16fe820d9c9a9acf66a717ad1d7ea4afaa4b,0
ab759f7d065e7ed2e95cadfacbae717f6f796efc,0
779828c9a2bb5c38c2cd99c2596ff8ba6b755dd8,1
76660f4a9879509176bb0a146ca45ba6616d854c,0
1f35e7c99b66b8d46c4ad96558e694a10aa38062,0
2fb9e71da695f4ffc1d390209944399b12c53a5d,0
8f675dd3cbfb8f552bdbbe1cfc646ba5b367983b,0
5d5a31a8274ff7e8219ee87fdd15b48c2184ccc0,0
0d828cd0754202525617edc99e8bfc3395c7beb7,0
a2bb711aee6621b21cdd22e6d7e4bff2f7236235,1
5c3ec55e15922c58bb2f39145de9fe641840bb50,0
c98d0840bcd96c7c4dd79d6299f0429c45a476ee,0
63ad5b063eab2a38de5b37c64b1a692a749a030f,0
6b4cb166081e019b87cd2b5a273a1567d3aff545,1
6c53b134b66d9670114247b022b25a60969900e9,1
23f508095004cc7215cdd6fc4b15e8d6192f8d1d,1
643302af8c0e10ed7ee1d9ca3c60fa0f61eaaf08,0
23f3b9084354089b1a6b58629877ccc58292687c,0
9dbe765600d020bc3d6baa378bd229756dcd427f,0
b92a2b5b0c9062a9110db350798320c812763aca,0
240b7a92f63bec0a81ec8707e6b08115da368590,0
485dd97b184fe42bf9b1434633be84cb6acc75f2,0
b9a702bb49cd02c1f8e33f52b33312fa0aa467e7,0
6a613ffa160c961c7c8c0a5eb0606566ea76ee36,0
381cb097a88497465eb094110cea4233ac05f4ef,0
1c5b51d6a670cbaca5879d2d5ac11531627d5161,0
8ea4582e2c0f6175bc23e3b37cf42dd9e41fdf3d,0
f624a86dd160f3a96d2181520e97ad3772d34ad1,0
a28d94ea5d9f50c208a328f4345c87dd6666fdd3,0
c92f2bcf4cc274062acaa7e9d31a67dc977662d8,0
a6c13a17c066f2cd89d71ed1879aed2f286921ad,0
d0b2568ee1f3e3ad2316f20b651698eaa22afe22,0
99d54a91672ac4f188c93616fc736dec4decb8e9,0
e5618bc49405d9c53016393c8765e14125a0e23f,0
91e2b603a6aea21a922b858bff7a593def087cbb,0
9143987fa02cb1d4be45b175fd7eb7b748fffb7b,0
d918999ddd415964ddebb4386f0acad7820a6848,0
4240de53b3252e4cf0d45fe55feae4e009565d6b,0
6913747d7d3cb4ec3d32b8bf85fd34061e306210,0
01067903aaa19b633836728922c5c215c4f9b5f4,0
13bdd203ce73b538c3fbda8e3b83cda08c3e850b,0
78792f38736d72c4f8758deaf379446d9d0d9855,0
b777356fa3d779ae7bc73e61dc091c7c9e775900,0
54c0f6ba9e6555146d0dad51bcb5c4ec581e21da,1
a5dc7f1e68f735d0f989a10c521bbc0f6c1ef3ae,0
8860c37b9d2b5467e7527ff41c01eee34e583a82,0
5be7671ea1f75c3ca8cb1fa6791dd1ee10650dc6,0
1da401f2634d8c32b86d75ab0757241ae7f83241,0
ab20f8638139ce49b3cb7cead2dd2a83eb1cf6a4,0
b88699d65f2532e99e1ebc99226dcc46f4ab5138,0
491a1d6e885c8e13d355b465942c2c6bdf1ed735,0
a7b7e114617d2e6bda2efdce17a01e78d2629579,0
9a5da72bbfa659d2c4897f4454ddd8ceef13a8e3,0
86e893cc6dded5eeb6f8bcf9f6c26bef8d3f4441,0
5494a87bbb6d6b6f0d176d0c93e4f25718ed3c2a,0
8d518b77862b11c5fe074540e86c6a835ba01be4,0
72e4ab4b004482fa709de9c4c951ae9485ff1ea3,0
2493294550277183d859dd20dd9489069fc749e2,0
069d15e86372e0f0c0e618b79f8984b9b177bc7b,0
18b3e505cfe72d6ef4da5bed2370ffc061a009c4,0
ee00c7a6f77266e0af30fb581fff503737101087,0
76e14e483cc0760f5c94d14e1606644c19101f8e,0
08d51233f9777dcbd60445df1588eb8be8546fbe,0
f06192a8656df6148829e5b7d7320c17a46a145e,0
8104e916b4303e39816dbbd81fe2142de967cf44,0
45f57844df33330baf6fab1eb993148e29c73ec7,0
fc5c081e22a61bb5a6810af302be3f22f7966df4,0
6b32246f5f9f77c74b32a5290cdbdd4e0f5c71c6,0
9fdad2aecdd2474ce11d49238be05c0c10e03e2a,0
1fe031e6ca563c09657c8d43dc10a68e6200b675,0
d7a5c761704b271a478b05c97e709260b5e68ea6,0
99b21a45ef9112df8a41ce5b610c9a43fae0a059,0
e539bde39629f48d325c7a2c42c55e44ae2a76e7,0
e87ee0a705031b111da6a99c174b6f3f1c13869f,0
e6e7f16e570f18518fad49c72547a3965e1bb8d4,0
00a4628d4e65d002fc11dee7854a020d5d8eb8f0,0
228527bd83f3f73cc2ab030bb65b370eeb418b1c,0
64f0e8ecb072bfa5b7a98c8930bbdd6a854ca87a,0
ebfb96b0a95557559dc801fba31efc260ab24744,0
1a433d2ec7b5b85b541e213b0d1e69b9e91a56b9,1
edc4514e15a51527449cb2abf375104665c3b289,0
7423b012faf204f8d404e3be41f81a05460c2500,0
bcfc180f372336497d45d410d43cbe0cb943837f,1
26bc3fe010d5154d3ccac526ec22c429fc3af499,1
506bd018b3ca638cd0c9d1bdad627f6468a05bee,0
5739bba3eb84dea3ec3d888bacd28667c9a992de,0
352a4ef2a35a1e7b446056738667147a3de3a316,0
e5ccf096569244af25820f7d8d94893fff00ce8c,0
8fdfbff87c84f2005eb8fed6939e5fa835315113,0
ed3d84438bd4a2fed15926c31ef23f63df977cf4,0
fd7450f301d0fd47892c6d9ee4b2cf6b7197d272,0
a7bbdfb54b6d390f852c478d3d7c1e552554fd78,0
2f8f67ab2939f1c23f09c8764e04ea2da0479332,1
eb2b517b466efb38d591be80728924fb22745333,0
a926c717c0aba98440cfdd8ad2a96e9df3a7d30a,0
6e4a19b9e5cde043a5d047252d6979c57fbb6fd8,0
1b85d8ba9e7bea6e4c7742b57bf71c38f1bf0a27,0
825481f019e4482e5ea74d5b0b5e5c438535cb68,1
91ac16e0b4a74b437d86c2dd7a47272105b4317c,0
84522bed5d4b59b4f661e8bb80d641070f1d55d5,0
8beafc0da10533bbb4dd0454674ac365285e3c5e,0
5aa9532c4e7d346b6555f38e48a83b5858936a83,0
425dcadca5c799e632017f4dd9d2d159b99e580d,0
aa5d2162e5b25aa3c21f5dce168266d58b501938,0
db9b110a7e968bbd585380e4d9289ab56f965fd0,0
8f80cedd8c41c7d2163a1be04033a1b2e36ea06e,0
a05e28d6e2397f782cdbefab2760593db8553f3b,0
62a047cc697cfc6aa2c832565500cb7b8ece3103,0
7a8356e0fb88a0ab3cdba3b5e31f1f4d988968ad,0
128b94d1d9db41d61ddba195a9362d79238d5e39,0
56550bf2779990da78d2bac1d8287c8a693c6e4b,0
dafb8e85dcb76a299c6add11ecb62acf702d6c2a,1
0c6c23076f2c09e863c987923c0af54320adb785,0
2851806365330332f42fdc56d610eb20c8233233,0
3745c67bd2cbd80ccc59c4d31214a9bbecc8507a,0
fdbdd0174aec3f407b33bbcf9ebeaeb6ac913a44,0
14e9231cb09227a1a8f3c78da387b62aa9e5c883,0
4c560e85a25c0fe22defa19f3d9b3421f48edcc4,0
cf429f5324849c2017a09478bb84063b4ec73f98,0
dc0509f7eb4ee8e9a40ca0e9bdcf265485aa3451,0
c6e8f706dc7a236cc2a49f979d857ee92d0abd7c,0
debc02c6d9b94c717b4182ae4dd7a97d47293a52,0
375d7d0954cae60c4c7292cc65abbc972178857c,0
ea3f8ad7740a3e09ce1d969553487441439f6302,0
e51cf4380efe63a1da7d42ab57535ddd695c690f,1
92269ffa6407506e63430459c067adec170f8cae,0
e346542745e578e661ed7a23a5be0c94a39b3c3b,0
4bf376b34b7458e9cded4eaecbc94989a570ab4f,0
d21300717ed9d5578d6f64ec61d9c32a6622ac17,0
df925dc3143e66ca6f8cf69da8b524fdf479fce6,0
b1ac38cb1be2622011ebf2dac5b90074e86ef8cb,0
0abdedcd1623465c46086853fd85eeb3b15102fc,0
ad953dc97659aa54c66817b95793acc0fa12a6fc,0
823eb10825d723593faf47782144ad7031b58a5b,0
63e4b09f235705a309f4d52f89c962ef26beefef,0
21df5c4fceb6197536711d4a1801a5c2e119a1f5,1
37239c934bd34944b1285f509450ee0339db5b8c,0
030babab209803a3b19ba30572d5d573c9a54fec,0
765963f423d3443f43997d9727640bcc35d4380c,0
a12632228fd2d66de707a5035397c6cecd985b59,0
9a76dcf3c91ba74e1c5cbd8fac486d770605db26,0
38ac11d0b75474086082195ab30228c9f2403c43,1
229f41046f46e12fd54956b41be2059866408f2c,0
55559050cf261290f665477f0b6992cd8ab32961,0
d45e05d58471cf383eb83bbc1135dc9f59184140,0
5adce14980673c4679a58a98f75d9fb300557c1b,1
5839d3e01167a794c347091a6b56d028a8c24613,0
c4e87426fface326322ba2ca6fc4b75862073f08,0
fef34b82eb4ec75afc2c50716a8959f3194ca815,0
8550f4da086fe77943124164c41c4210f348c940,0
87c4b35e52d7a419ca42aad26a011cb681f6bbe6,1
0698ab208a6fe1bc791f463e1f05d7acd2fe38a9,0
34b9c73a6d4a1c91c92b59e3f0d188b9a74a607c,0
ac719ec4ab1b3348489e40a56ac1905e69d16a9c,1
a14051481e520da590e49464f66caa4419398c59,0
0714795b6fd29dd895d65a6e7397ee7f768cb1bf,0
c090db27a496c00c1c28bf22e54cc57b7f593298,0
ab1bf739dab2d8290ee19857344330088ea1ebd5,0
000bac6b9484209a2e0fda4586b2def38b6f9108,0
9adbbb0bbfe1d76549dd8b6704f183dacb1de29f,0
56463552475746e982e46f54c1b18487ef434c17,0
56e830a235ffdf79af12f8afa07a210aba3cab26,0
452a6c0cd87ed01dc6f60ab65578c6353c0d0522,0
4c124cea2831d2579bd78895c132f6750c8f9915,0
89af393b32ee96a21aa17656c336c021cd09fec2,0
caf3f0c3c3d2308f6a61554cfabae429b6efc760,0
5bfa8aaf14272a2c72aad6fb8fa9239ce82caab3,0
da7e4f3840f7883029ec8a0963eb3d7bca5bd6d1,0
b7a34131b83261f2650c4cbb8e6a556fb2658dd1,0
bd900f6be75973168a9fead159ad20cf95b705be,1
ff1102d68d29d60b1215a723821bbee194c97fa0,1
effab4665e806ddc3691b792679c4f75b4d59309,0
acb16f7348707f13228389bb05a6d1c899bb88b4,1
928950c9bf3a61fb51d1c291526ee0e1f8c8baf6,0
dab4ca0812b8717366dc4466616583047e6b4cf9,0
661832fb35df819f6642141bbeb043fe7b2374c0,1
c1590455d25ff2f68ba2df767ce50d7eca73a2bb,0
de820ce1898aec8e7d047b41cb7a11e5239de297,0
a3e3a0b08ff2d44398e072cb789efc9fa86cface,0
8c413aecd8381c6cc440544dfba8b43cd781023f,0
86008e6c48c9cca8f8c698d4bc5af1a87d717d97,0
77e3dcc393f7388b0c747c2483aa57ba3510230f,0
bf626b85ba69501c4b9d75f1473b9083872b31f3,0
9e2d9541777439b115802814ac4924fb50a70f7d,0
2d31aaf4f017c1e496f477df3dd18d476b534dff,0
6bc82fa5f637a9c60fa5c0f8e4973fddd0ddea15,0
ffeea7969489c1dd37bfbfa9ffbeab6737c12358,0
45008b994bb1de8246359bea4347b4884a0e4e4c,0
283fa00f77e4ae9db40e52d9115b4ef17959f319,0
bbab0a4b4c06ce798c163c72e493e16092f443a2,0
d55299a0554375f3f935a0ff85bd2002faa2ec55,0
61800cce67d1dc1c9d3096d631541283e21ef664,0
ababfcf843a365919ddf5354fc2011952c3b6637,0
93a3b6b251429030ee0393a8483d2a225a7b0db2,1
b1cf6305e5ce1375cce9f5c88ce8cecd71c97d2c,0
6627b34cbfcb9e359e4e79efa25bf5dcb3583de9,0
ebb466c417e4d58c83eb4ce2d4784fc7f0d52f3e,0
7072a549e5b2eca9158c2d6126fb9d8c05b93bdf,0
f4ace74c760ac651d38323caa0a369a1fdae979d,0
509e3d2e3a2ddc21911b8cdaed8e87ccba839a01,0
c21e66257be11b82d3ab7dee71f865f54d2127bd,0
14cde02867a6e43a20368b95c984d26004ed2fdc,1
5ca6b02849420c3ce729b61cd692d576c910fa07,0
64712a4fd3c7231d0b7d54e8c6390a11205fb81e,0
1da31f43a90c9cfa3fc07cab41f9f497fe80713d,0
e2ccc014f8cca8373ff9ad896d9b4f5b93d1d075,0
dc200f42a49af5de4c61436d504378a360611431,1
0a72dbad5a0fef58a4d7585723f63bf59667ce8a,0
926ed9ea0e0e88b8105c07d11ad468d5e2c44f5d,0
f61c229c74bcf6e7f7adff9672198bc3c99d57dc,0
2f941fb8d62738788d68b5b35fae6b9c0ae613c0,0
96dea6c4f6a23cc31a724aea232e49b4514c00d7,0
a80284f4c584ff921c48e50e8b1fe8a38f7ccdea,0
223eafb8c90b9b5fb4095b1bc4f8fe8519a1a02b,0
835085d912e6ce9e8ad236256448776c641bd79e,1
c341321e0ca9cdd9d3efa17961d0306d78802ffe,0
ab6b8d8d571686f2b13e86e2b33ef05d18f992a4,0
6fea27514a4c648944ed2a921b717b4a7d75f9c3,0
823e75f9b32506dbeef2cb4232ec3bedc766c485,0
6622091f9baa46aa099026c57c1a49cefcd8f272,0
fdb8010676661124227542be2b18ace2b65d490f,0
6eab86bafd7cebd460cee2eb99485fb6dffe5d06,0
726835ef8c43af3faccab8822eaf12ebe9039c2e,0
17748e482da4cdd7e050cc65f30a2b230c1ea1fb,1
14224204d9670518034e129a73f54bfb115576ce,0
d87e7f52c05676df143268f84b729be8da134e2c,0
58bf5f3aa3c12bafdc26be759fe7f49d0df0fecf,0
4f9c1c3777cb242afe721cc3ea33242ba671d6a5,0
3d17fad6d6332b8473cbeb9c516a84e808f43ca4,1
51a130b544000a8a7fe02ccc3bd44bf6e5051a22,0
ba0205c20243c8e92ee4fec91d1549c6a6d94611,0
6ef494b6f4e5bfc17bf4fa2fd8f69dbc129378e8,0
37405f1efe8f31f7e1a87131643ef829b33fc579,0
f20df89b6f8afbdf175ced0270593b826d228f27,0
749c4c66c5a55a924e268f91ad71cc1ae69082c9,0
e226ac7de958d9e3098a71bfb90a2b30432bcd6d,0
8ee228155c3407c5f6e4b9a38a96e165ce4499c1,0
711e204e73f24e32acb3727a5d9d3b351b6639d1,0
7d3fbbfd43ec66fab190b29db9f7e157791de37f,1
96acca756c204e3cc51f15542ba2d76747142fb0,0
7e83efc1d118d44106dc3959dc0d447c568eeaa2,0
13a0cc63cdf11ebb98c748599a2b06eeb27e21a2,1
dbf4cd5f4275d1e04719fcb20e4650e0f7f008dc,0
6d8ed9be2caea783ac35c8d8a6e2f397959f9328,1
7f837535c61f8a2581ed42f09d399f7b07a40cfe,0
5b601a3d6bb200494c4e8d1b82e6b8953bd4cfb9,0
d68da319fab22faa695e0164c5a2180dee07d301,0
c9a918a842a5ab61d4a85d7ec1925b5d9650480c,0
bdb8ae03b64a6a8a7692c3f8b35ff6b40b6689ef,0
0fd4b3afe14d047c10498f3077393fccc757395c,0
b3cec0c2c33173281925a7a4d61c54fd20af4da1,0
b287ebae615cc893884502a90331ae1bcd3ebe77,0
c634f0c64c55e2a3f3570c13d468b67a707cde2f,0
64c615346fa4b9ffc4e2cc8f28691c75fcf5b140,1
2dc56182579703153e5c9886b3ecd22bbc348b49,1
bb8709f3e30e7c13530dfef458a4c370783de2be,0
1e282a96432db07339b0df337a9284d9d4b39f73,0
169a20fb98898d3d6763796896c735f23da07c6d,0
13ef1d725f1c006af92c0b0747862b112f9db3d9,0
826adcfbaf9bc1a6df0c5b62cb30b566359e9b13,0
e6c395c5d8b5fa33544837c217e5fe75312d56af,0
5beb105d6b4188e6babefd89e19b06df1d71886c,0
d3391ff4aa626ebf550115434f0546dc4a5dafde,0
c7ee4f6d32163437f74ea357be56dd3acd29df3c,0
1e060c6e35035be3f7c8be886e4e05e129382140,0
f4ae31ef19bae619e709867a86a56ee8357ed14d,0
8958fdcc73c33520ef1627e5e2ed65b19cbb54c9,0
31a812e4eb4245c21f2c2f56d010049fbef113b8,0
7cdd4ed1d85131ba47a0c9bee5b93e466c14a3a8,1
014c032b16df1040b5989511fee04fb2f4707bc2,0
3d69a1f2cdfa07da2dcfa8740592e4843cdee1c4,1
ab66a1d87cc37e41940bfde98a55066c35ca0f75,0
02f510c2043c1e25cc412777ecc2e3e4f648316c,0
bb75332087cfbdd023a8bdf21b7e35c032b75bac,0
86c1cfa6374547832ad54e7853839d10fabb90d4,0
da95cca2f3458c511afa9b8cf358b3ce77c2387e,0
48abc2fb74838cf84a20b5cd9f9550aed974e959,0
62aef1a558a21c8354bce60254329ba60b69f191,0
d836af99d265ab95d4c5550f44d0830499598e59,0
7bd9b8ada16d265de6e36002cf9367ac0c6d0f87,1
ad922624dae76330edab3ba8831a49c77cbcb69e,1
2e165be12708f14dba7e51e4e16ebe4ff93301fb,0
f957d81625a3aa70385f50d87f036ebe2c54613f,0
5e58c2cfd8e50f4c5a961f798caeb2859beadfe3,0
d8ae0bdbefd1df0dda95f3402c323ca93962d16e,0
687dc10a611d3ded6239baa2b8ebdff7ebfb9871,0
f04f89bfda742435b86313a7ff01eb975dbbe00c,0
26b587c7babccea6ff3f79cc43e1ad2da6c6b3cb,0
a2773b230e17d71022791d0ad50fafe0f6a856d1,0
72913ae9d7f453abf68edce7c2bd2d1f61b3d724,0
4af0d359b4fb4b8b6ce95e2a0d4bbc07f2fa7aea,0
13ad49b57563aa53d12782a0bf11896bc160cb2d,0
eb888eb2ef4b68b242d5ae864ace2001fce56857,0
9a0e5f8c0fd3f5105bf3808c875b397c77e01351,0
cc6281fc3eac8fb781be34f38a36b12d5ccc718e,1
75b967beaa16f61bd30cc30932be90391645ac92,0
84beb062c1cdee14f17f3aca46620c9e7d9448e0,0
4a30af02805e5fb639af71f17ffa58de9b442c6c,0
d0e667d278c55bf60031a9a1fcb5d98e2641288f,0
be336df54a6c48a7a8ec53d510c8a0a8df421488,0
944f642f0b5266c801d53657c93c7ea7780f3f37,0
4351e7a1a1b364895ec49e4cd140fa4fc9611f65,0
49e68a3f962c0b8e0ac80743db5eecb1b493c9e6,1
784e93e61dc5ee66e5d47d8c8dd09294df6df145,0
dff12292a01ee4f03e6f0bf318087790e325220f,0
0bfa6b451ea7fc307904d0d27f853354a60bd4ba,0
0331f1e5b62feac6500eb2e76124f20f9aa36aae,0
489cc2fd6f131eb96ec5e354c82c270f391e181e,0
8f9a5889e031dee42763948640ff21fca1a7fa35,0
2a7a320d63faaa2d02702d6a9c8cd8d51114152c,0
a4325e55597da54e3400ac5704f4437d637771d3,0
76555b1480765c117afde06eafabb2e1a6b33ae2,0
ee930ccac26fa87e7d40610ea3c1f282a7743061,0
9d917f24cec482d80b22b67425fa7da508932f9d,0
5ead3906e280ff91c51931c032f0da2cad75ace9,0
b395162258011715152df3c9dbbb3bd123eb3ee5,0
697cb0fc1a88ac1e6ed4efebece8214180106319,0
df0d0cc96a57b432669f38cbdd67f2e7dcfa98cf,0
78d29f75f9924d00423230b3bcdb66fb9bef7312,0
690b8e9ab60ed3f7691643520dab1f7fe358b412,0
f3ac86a292acd3fc57a2100978f3d9d2705238d2,1
275f3fa08833551c4bb23030e8599d64aa81bec9,0
47cd2e5536d84a8181191a912cded021c2f5b3dc,0
171fa698d35970d7e9cfca4621c43e0a60a22583,0
bda5d16000ab6750d2e071cfac08702868baf39b,0
b4bdbdfe9c9dbc31e90ccf3ab37761e2abdae0f1,0
f8a77fc872bb6dc42adb213560a1a9f542ff6554,0
05107d64743adfe0854e373e72616be79fdffd60,0
cec3b9ff206c80cb476b17793de74f171aa9de3d,0
b9ab7659bc45259e459043912a70bf8579774017,1
a11f3807748c606bf5d36422d842722652596efc,0
a027b12acfc3cd2e4a1b075632d881e7e81ec25d,0
adfc17682ba17585e93f0849e7729c40cf016c83,0
c159ace15b3bfac32a4de9423dc201d398a2ca61,0
c5ef7421d9e7fe78ff5bd9bb5120d8d6d1d9a10b,0
8a57de11eec842e392f7709eb56f202084998a40,0
c404121979002fca1140b90fb909157549de286f,0
00f699c1602dc108f3c4d343dccfe6e7a1cb5a58,0
bc1104da49ebd69897bb15200c18d369b2b87505,0
1645f246d30ff4c79a99d10274db978293281ed9,0
fbedcd5054db46cc445e60204473dde77e7f2d22,0
9209200145a54c5b90d3e768d732d950acc9d5f9,0
010401200cf53b23dda4c5bcce9cf8e55cf2f17e,0
62e3300e4f470ba63ccc87a00d30b474dbf483f3,0
f38cdfbf8c7f2f908b21e02c64d1003c47cf3b00,0
58178ddfd8a31737ad0a8a2d62d0dbe2e6975a22,0
0d231cb285774c23252dd4afdefb33eaedd5714d,0
cbc1dc8c5a01beb9385f5062bf3babb14ae15ef7,0
226801cebc9347faa0027bcac8390510dd9f9922,0
5e4deef918c6ad5050d7628681f3108a1ea6bc1f,0
373624c4f0cb964955212e1e69c1dd8868305901,0
bb7775388fe1e5f0c4f6d367f09217786311b126,0
e9b32bccfaaa1b07362ca9bd02a2e2171faa3f9f,0
7c7fea8957ca3b8f6890dcc6b1ae5b3979cd6ccd,1
ed493782506d02f19c29f96d0983e51835acf764,0
7a75f11d589ba4513daf70a2bbc9a5319b3c9538,0
a60f59ac93706db6a107a333dd0464aafc520486,0
7d744b22679d0389f23d75c1bba1637f97d2f77c,0
ca3a3baa651465310d31824250318bd500fa9e8b,0
bab78e92bb785cbb847d361cfae157951d45e7ea,0
97631fd6125b22853b08f0ad47c041258c6f0754,0
a373714575fe012506713e15ba5ebec45ba23bf4,1
3d2c545acb66164dc127ad6b3abab44bbdb6de44,0
73ac4a02898dcec70ae20e68dd21b2a23d08b478,0
8b7956d27fceb08645970762c05273787c869019,0
f89a50b52861f0a04b392f25f1bedce24483c690,1
c58bbaaa4b638934494bfe02802890a28e178e7d,0
0904ecd4fa7c04c22ac4f56e404c7b7bc8e76449,0
574493d17503a716c64ab055893c27122a5f4aed,0
9adc5370131a4dec49880767ac5e3041162603b4,0
07c1324202bfa5a60de6ab41777186d0050e3cd7,0
6cf9814780975bd889c80e0d8b79a23c578c26db,0
50bc6d35b0cef3aeb2ca95d994f9389b203b356d,0
d080d78f3a722867716cabdac66e7b37deac4a04,0
b9e3bc72d55b6eb73a5cc44f5cc2561d9997ef0d,0
b9ad25bcfc5f36943d099bd58998e9f561fcb71b,0
b8a80467233e23d80c9fd316ef0d05b463330a10,0
6349c0d097b306020b25f84f59b654b88b37dc79,0
c957e2394e03ab745092cd7513c77895aaa6a7ac,0
e8512544ed84787dec4340dc2cfcff86ec24da3b,0
c57a47f9cca4ec1e443993f64f641cf8b687d119,0
86d0d0e216924a58de18ad6c35d747af4277ca3b,0
dc3d41bac5ac7f93d4b107296c1e97e9edf7fa61,0
8338eb2544f0f3f4a6067af7a1416338067a49e3,0
654fb75d80a63fa551ced73c3b652f4120573590,1
950def5b6f5fa146ea6035229f3751f224981f5e,1
9aa057fea0fbb315cfda307ac6ccc5bc5b643eff,0
e0914986c41d6feb574a2db381ec7f358cb63219,1
909dd449490c1069fd0f5e574710940317ebe47b,0
64dfea8d862246dba831fac5f6c073422c220db4,0
f3a2199a83826271d2d3a62366c91ac977c1d1cf,1
c06b74202d51d0717de1ee3316f3349d53b11642,0
ebfe3a9c1d2b8bca58fa3f931d3ee5ae79c1b704,0
d85758d68870e524fb62e68957f1eb2fff6c3fae,0
524e74451ba10af75177f1c31a9398200d4b4264,0
9aaab6cabbf1d9beaa8f2f3d56a09f372c5ff696,0
f4a99655f024ec4a721dfffa7777c28e5750a4c5,0
8a51b943005d9009223aaae3a32df482aa000c62,0
856a80b60889fa06bd9ee3e0c1d8ffc575b51e11,0
351ace5692402babca76493118940b1fb8ff82da,0
da46e86e2f392277df00e10dfa543d09a1c85f84,0
b2fdd722e75a0e85ca405784d3d18f9330dc36aa,0
791e7f38300de6fe7c0ec7f50ce3ddde02b5c0ea,0
13bd2d388e29e99fb98f613ea90dbeed79500702,0
2455cece592f6716f7ce9c06c7ebbb90286ab4e3,0
c1c4bb4a77a7ab20e96f6f68ab287e00d3cbfe3d,0
f26a785f20f00d998284be5f88b84f3283709976,0
bb904728253b34b954cad3d1cc16734c5c9d9850,0
fd0deef56022e32cb677b0cef8dab06a60375522,0
eaac4a7df7d6180ad8aeb7d39471b97a4ca6646e,0
ef0dec934bd3fb197e877e30c262d3dcc83be9f7,0
71711e3cf80ad675ef4b908aef7da99f50a3a41e,0
a4548304f909421ed57dd97e69d0dc4139931cd5,0
d744105cdb4d10c6647cd54dc6a1d17d8ffb3db7,0
1c224cbdd218d4613bb8f1ad7c94c6e4e7f4ee69,1
0cfdae8456810431573c00d63ed9bbb74f3e4420,0
f960575bcedf037232bf930f6740b8804988d8b5,0
624bb28be52773fce58e4b5dcd78dde6a604070c,0
094cfa33a0ac39cdccd023d3db4a5f76a3a6947e,0
6a1996d6109d8e6f5062824bf4c8948c53b4d3f7,0
084cfeed41156acc3fae899b08281a1a13d6426b,0
69717be43d79717d92f3cf89fde104a103abf7a7,0
d3f62a5f6f8e36a49d0ed1c76cd7457fb6c69cc1,0
386cd26dab558f2a1e013d2ff4e32c464c92a54f,0
dc08c40f60c00a4adb8c794abd365c388fa45069,0
fb94c3fe596b01d253e11e26ad6548647308aabe,0
2bfd4fec17fca2d5f02f735d38f8ce7fa15eee43,0
5bfe84d27675cc2f05c0fc5fe972b34cce30c927,0
e0d8c67113e02e8ada57a3ca2e6415cdd41de939,0
46b743d26ecea711210c59267211f96aabf2d172,0
3b03f6a0ad3e6002e7b462ff63faceb1fe8a0871,0
7585da946c5bab3fd60188718d0be17ee6fa59e2,0
c0917e861a5f8c51ac64ff211b22cc7cf6f50450,0
b43136cb1c9c2220210a2766a9175d133877b2fe,0
80941d0b80ec8400c22b7e9823d96605203c3557,0
94036044a4bfb2ace879277127e253a0e2e89ffa,0
a7670821dc4f5c38d35ce09bd34466afeebb8a90,0
d165a84e9ee0d24d5fca4edf2efa53a2c758fa43,0
8328a95adb2f3729cf62664b78a1cb8c85aba280,0
631581338109b21d56095a662dd04cf5d172aa16,0
5b64c9177be6d6ae69d05686cba60e09eb0bdf2a,0
6c2ce661d9767988550bbb41f6542b94f2e74fe8,0
63f03f356cefbb1b87416424ea04853b6e2b87cd,0
43db58d70ff8b66472d1ee8cc2e03bfa28e5fd28,0
fede75d58f129a64966c6e7ba70c3f48b4a14fb1,0
c653a71c1e6d1c99e175eb283567fb9d167891f0,0
d34bc6a603a006d5ecd58bb5ba3e7dca88b94f1c,0
f62839527b087d0f6c3aa74c86cca9bd492fb64b,0
5ca11e049c01fe008ecafca8a4908b6e4a341931,0
cba79c706bdb523861fd3a07a63fc9fef0b631ce,0
798b3306f8673c0b2d015b0fc69f63cf457a94e9,0
929156a833d5aebf6b1a0b28d3f1a0fc1b446aa1,0
ebeafe7dd0351743ca36461bc826091002750ac3,0
9ec9d423fa01d48e890f30af86515e714fe0dfe6,0
67bca7a1e8d492b67b1a7985342e2fcf7fb02007,0
eca2cde607bfbea781d5303dee57c3afce3bee27,0
e745797ab300d36cf383c6741dec2eb1ffc27483,0
76fdbaf1a45183b234c4105c3d7ae04d8b1b2716,0
69d0399fcde71d0079b1e994338450516969a31b,0
784a817fef0bcd09432c32e54bf80d972d3d15bc,0
bcf6e9d662ea40114d0908e98d3bf10db4c95309,0
f5203850b0c7876b754f524a0f9d6cb39813288c,0
b23d1430ee909e7db2ccbe74740b50f7b1d642b8,0
1b3c9a30cdd3702f4af43e59466b9da7e05ef931,0
4f49d7d27276a2385356397e09fb79916396de89,0
50af57d0b8eb4f10add7ebdc0c20b6dd11a838e7,0
5df3e1aad76a65c6e437e1f6c441601039742368,0
cf5530f66225240541f891e98620fc16dc9e93a2,0
4f3b8025948e3dd2d6acf6dfecacac4597cae0e8,0
cb8a0d43eade243f6bcfb391bb5865b0d49366e0,0
ef718fccdf9c952935f3e8ddaf1b2cb6b56cb17d,0
c0683957931ffa3df218ff68ca31e257174a6466,0
00fee20efcd5d1e79cfcac501f19f2163a34fd09,0
10e6a671fc923e769216db93a826a6c2adccd590,0
a38e2e942d622c1a84ed35bedb9aba045db7ab79,0
eb8b39b145d863e8fca833c13479e466ad405c61,0
4ebd1df1983e4753c10dcd24fb075ba8f1e2001a,0
748d68532e59d5d48ec06e2bec042d84a8d138cb,0
b1e8a26177324ece7c786da8cd063076bc131ea1,0
a6a2d04877d91a4c7cfff889bb64e2627ca60994,0
0d0061f247b9c28b59b1af7e7a10def74718ac94,0
9d8846081ae80d36ca8da223dac2d1e116b0af33,0
17f1d2951fa7840fda6e33c8ed51cee292c60114,0
a78f1c2b459fc1e8b89f18b57456fadf97ded127,0
fa436d849d61af287341e329f03ea6c16b405cae,0
3ed99652c84339375f1e6b99bd9c7f71d565e023,1
6f27e9bbd119e419fa417b9446abe7aae0fb9624,0
8b718d2470e99ee65f40dab3de1b53bbe68fe0c5,0
2d575a73599190fb65b138256c6394389c82eb07,0
cd95357e1a1aaffd2b3739306351ed46eaef8392,0
d109428fd8248f566bfda018b539dfd8dc12183d,0
b353a8e999c565be83aff3c43c97a47da0dae0b7,0
db5c7106a44107b94332ee6844514b003f538a51,0
08c4a79f5cc33936af98b96dff9ce63bdaa89677,0
b57e9b6fd4d496329ec540f3714dc1ca18138aad,0
bc19f7f94cdab655926a13d87f58b18439860798,0
98de18758dbc1806ecbe4b62be80650fad98ba6d,0
8fc1df022706e6e4530ef4d0bc3cf05433c8323a,0
e1981a5d7be894993549cfc9ed03ab1527d7b634,0
4342bd5d69d122a16c735416039b4b2ca27897ad,0
04f767b393b5849185f4ddf8f7ae8fc0b255e9bf,0
0d1579a73c8ab9238b1fc0ea2a67faacfcdceae8,0
23b89b4eb50a189f5f0ec564bf26ab052154d42f,0
0e42c3d9da6d3d0b6e6262223f29f5638a64d315,0
d3d00008ec817073c3b0833116bfff2d585f4b67,0
934e9044bbcd14b45cb266a6a46b482f1a611d83,0
98781dc64fd6c1bddeb26f30ca652acecd16566d,0
30e77453fc9a57d804b9611b14f53700d817eba0,0
585e4c6eb3a49dbbd18f39acc4c94d5d64100eff,0
e0da000caa33b68fb9c95747f3291da12c2b5749,1
04e9eb14e7f5dbf55ba41819b9cb2d2f0c3c4b55,1
504af2f2ede9930c6e8024d8f9794228e11528fe,1
8c7546be279b0d82696d5a4954aeaf3820b18ac5,1
290731e74615e26de11fb8bd3858402ea1c514ca,0
19d3272300f303e4e9ff7ba250078ef882543823,0
dd0deed066e728d7b09e5fd69855c5ad7bf6bdb4,0
65b5dc69db3bfd08b4392dcee16fa0542b097812,0
a4a0086f47bdbb4f6424fcb307e0444d7519b5cf,0
28442eaf74a780d42c5816a03ebb7e5e50808604,0
6f44404b5640c1af44d750a9ea17edead352efad,0
bb8b6f4b0c54f25024b17d1f2abcd4bb98289983,0
7066ec40d6660023bd5388efa8adcc211049dbb4,0
2edaf7e5be22d6cb642e4d7d23b831cdff7a88a4,0
88010741a41e06eae67809bf07b504724024eb1e,0
d72d42016e77a5eed894c6b0f9b7ada0b1cc5ddd,0
8097ca7d3b879776d7ca15c76fef9fcfb6228ef0,0
08e004c8d2f8e628545cb6dd58fc97a5e786ec33,0
84a55f06dacaf3dcca5e58bc5e125436ca9dffac,0
206043fcfc417dd7b7a09bf4d3fc87782841076c,0
687f6952ce86db1c580e62916d8e31239d2164d9,0
d26784c4524c300a5fcaeaada7d6d52f38aa0d9f,0
1f099cf606a1b99ec4184260d56947a55fff9a89,0
dee4fd46446641b10c10fccdb7a869c49bf72eb4,0
121cba38f6e9509b67cff85dce0aa2f06c780294,0
5c71961de14460def421cfa861958a838ca8569c,0
aed41a7f36684b07eaf56f352eb6071f7a468d7d,0
84b2a5451d8ae6ef87326212df22a192f5bbec23,0
967e5b51bd9229e287c256d490a717d6b6974d5f,0
a841646ea55c6fc526aec1c0ae4a007390002264,0
52fb3438bcdd75a68fb26bf68dfd76855ab3568c,0
32dde2b15257311c1a3dae3192fd4ac88463331a,0
986e79355c9bfdd2ec2b92fb0a09a9ce3a8b82a4,0
c7b0550bbbc09030a3e017e0da234b88d91a0ab8,0
a4ab31a286608e25fc8ad23e8ebfc4a6e391fa77,0
d10f4be40bb29eaf8b44d3dae06b93226dfeef64,0
d5d53af685ac844f6af5d2e8d7bdedeeac660afc,0
259d84ec40fc23391488c178fd6c1a3e78464d48,0
2fa72ea94870fbb1ab308eef7f55a677a8441069,0
8b0bdce17ed36900175690086113a05239fc2fa8,0
19dfbd218e2b8a58f00952d217c763ba207d4a27,0
8e2633723820be0107bf1ceeb6e7e3d635987dc7,0
dcf024f3aaf8ba051bfa5a1a2bb904051093452c,0
7fa45f43351875467a46cb0a0f419b750d0476c4,0
7faaf81a6d462e679cc3d9c91a58410a3c585333,0
5af8c72b3c245f7afcda60a05a73abe44c6697bc,0
c1a1c25d6ed7cacd9fd7ef40fdcabe39d15d98f2,0
3220859e2508e15202c887f8dccf348eaa109a4d,0
a705f50c7e9bf8ed31232de69f5d51b89bbaa76d,1
d678e4d2986db5bba4efd829bc424ba83835478d,0
c1bd325d94e06c23343b40a260cc7a2bc00e99af,0
c4e8add68006baa007cf2d40d7cbd67773576dff,0
2bf414912384ad5becffe424321c58f495d7681d,0
ed49d111a47ea2c1c8b3c9b034243ae0ea95f291,0
8e83403ba9a34a2b2540d274c176f025d1ec9f1e,0
52a903c6912787fb200722d8286fdabd047d8358,0
d86a278500212fafbfe7bd7533a54a2cce6ae66e,0
65e3778b9ee924318cad305d8b89757b735c0014,0
efe31f5b60e95220ec4e1222c5608d49668725e9,0
39a6c14bd6302ef13e7b2bdbaf83c611b90d4888,0
d6658cb3c6f021acdb62aa8c9ef608ba7b288d03,0
87854c040ef89bd42b6f5ec346e609fd03ef991e,0
ee0405b407bf2b55ef519d8d30a6facad7cfee27,0
be5119c17d95f82fb59f93c5192c82bfcce2456c,0
60e5d4933c8c1797ac909216d6764e3348384396,0
7f5ffc6036d4b2199af5b2d655691bc0af4478ee,1
b3883c4dc30d8a22dbea6caaa6e7d11c4b688503,0
20d5b0101b75ce5d14e772639c143700d51598d9,0
f0e6c30a2d9c48cdc5e69cab6bf0aa83d5b639b7,0
2e3057caa837ce853eaa3bbaa94911f9c9c62aab,0
583c62281ee3a967ded84f31c8b45463d1275208,0
68c6547d0cc71c538a52b81f0ef3af69b9d80085,0
5cbca4d5f5a2acfc92670e2bbe46491c442c4234,0
1fe5439baf32af2114958e3cfc3512bd72c84773,0
2e8e3f46ba0a41d95c38875cf6a7153816262123,0
11fc6950e92aee644fa1d7f6e88a9ee4184f8c74,0
004d7b3e8feecb63cbc2daec0728666cea50cb23,0
db456f2f89329d75e089f6cfbb6e4d944401a62b,0
fc734d10466ce24b7af1be27709a7bfb936d3df5,0
cced495fa671698d5258bceff24055085f242fb9,0
531e28e3569c304a0ad92e5e5f1ecbf2452651d5,0
b0b8356b0b89d8a8d9848e6041285399402ece53,0
6dd93fc3672ed3d8eca321ce274c776710ca04f5,0
16120b386c60ad4385ae66329d4d14b9eb9dc22c,0
9fc5424a6eecd4d95ef7a915a0abdcf6a211fdde,0
3b7ca1d4a2269a1a3abcc304c7d2bf5474ae19f0,1
9681a37481d91be97417982fd94e3fe7d692df98,0
e266303c56334b7e9b040b36892c41b91fcc4cd9,0
680d605d3f15071a92b9d3b27497f06ee2fc6a7d,0
0dfc77769f4d8a71fa55bea411669e09fa7f15b0,0
5cb16e839dff3e5bb52a2f74aa9ec22957b94104,0
10658442a5c96dfb4f51170e7b08dbd1dec44371,0
57c6a6e832301b057cd6bd0e2b70c8b875353356,0
ee3839f5f499fc5707e135265949a72a254b3c42,0
2a94f969ed74e17c8456a076960ad16cb8845e51,0
77e93144100fd2d315f25e5cecb2e4d5a3ce5ddd,0
c638996fe79c7205cc7e607dcb78eae7a836d607,0
e199d381f8c199801fee2d40a7f3ea1380700631,1
97f1c120c092916f2f95439b6440a8977c66ee0a,0
c739e01c6827f0849f5c3903bc640648bac2b70f,0
ea810cbbbde4de3a2b93a38aed53d8994b3b44af,0
400f92899e9de73de6ee447f3730895b9b092c19,0
34ad89c74da82a900202d8bef356142e5e77505b,0
987884580109731b46c23e2c6325bf9468faa5c7,0
85dda0d25a38d7a2ce815c042a7eb3e0b905addd,1
d3e28b68028d11b310ba51e0a783182b31db2d6c,0
535546eb38cce709130e37e9d7781b66dacc83dd,0
c6dc4177229d2b1838542054615b7a395e3efebc,0
ae5de9f2b0ebf93c10ad9f497aaacfe404c96e96,0
bee5b923c54e59f877d392e35cb04ab62484c723,1
ea4ce1628920e69f9474157e0a31e3250ee2ef48,0
87106839de7fbfad56619a91a634fc0eeb0099ed,0
95a4b237292e2b9e74c5d96fa5b04840932b3a32,0
f237b96638f519288d6ba07056b45d69c7e1f505,0
e53cce977ede56d46cb74dd3236d2e0952ea40dc,0
dadd5e0130428e1e427bc45bb562162d20732de0,0
20817861c9123688862d47ba4c5833d8ef576e59,0
426bd462c929e0ae6318f1184af92662ff6c2d16,0
524f1518d9327d3f0cfe12a76ee2001208c2f9e3,0
686f2f611ca1ff5ad61852dcb19c0d4bf63703a4,0
b952b755269a7018f509e3e791f9c7b7f56363a0,0
0d575a69528f42fa52aaeba1128bb7818346d8e4,0
673385b43d0d5783039242460ba1c12b3f1f4e92,0
dab1bdfc0fec1d45def7d4e4870dc207bd954686,0
b124f18766f51c51d48631b4469579b7c3216884,0
55817e22332cfcb26238eecdf6643dada5d3c527,0
0acf60c6b24ebca7e2b644c58fb5bcb58c597e0a,0
deae2ba23824971dea68c2aee5648a99d9cf1856,1
92c1e884cbd43b108ae0fe3cc530cad298cd8924,0
5ade5ae2b1282d201252d0349e67cd450206e7e9,0
fa5bec39ff8e3b0b37834f63ee23b3f31f3531cc,0
11575edd7ece0e005e24191fc713cdaeb0059615,0
d2075adb5202dec36e9b1393ffea0845955ccb8b,0
0e68fc386bf42b97a5fe595b51d54281ef2ada53,0
fe7df71bd8a9c01dcd97a4097335341a9294a4f4,0
41d242e9ea4553af265775ac41c547454f54f398,1
71a46589ca9e9a51186dfc6f69adbd255272770a,0
ac54287664131bdea4e909c760c50d56127bf6ad,1
272ca375e3844e7ba13bd0290783121a60775c99,0
833e5bbd076bb84f5b93d52daad1ce0b7adb07b1,0
62cca626c2b4bcc9f801239210c6e27ce523a628,0
8dd04a3897ea7a90604dd30b49e2c90cf8a86f3b,0
38760d2171fd8eb0eb23711d6948a24dda79dae4,0
9d138fd0c0e27f7fa14d48dd86b4a0ce9439a534,0
f59aa231f228d2e93885251cc33fd45b1b4ce6b6,0
bbde1ad30ef49fd23cfe70e021e76e855bcff063,1
1dc6761059d0ced5c9e3486318e0aaa5b11a48b1,0
ecc7608fafef69637d46e60e32d93814353b8880,1
70e7930e89b2a0fffecd2e155ba321e66ba36baa,0
f001010ccd4a184f40afc7fabc4a949c681c7505,0
34f2cb2ab001324158f0b0b7049c37e39b2769aa,0
083f936d56d761110c6d460f7a90bcfcdf005b4a,1
d6d01e857dd60da014377cd4102e7d1a2b24e611,0
220e829b704c7dbdc57b0f5aad4aa73717e59e11,1
62a9fa68116f8b0bdcb632192aa6bcdd6c96e6aa,0
da6569b4a6477399bd36213e6da6ec503c148817,0
930b389bac634e55f2ab7b255b5d7da5f6750057,0
f7a005e41b55215aa91c0fd244878f0fad11ec53,0
659b20c0375b574a5d2b9e14f66c975405bfee42,0
e220a58ff2d8017cc8b378e36e92695af30a71e7,0
ba320a3bc75cc4754bbf8157bf21c237589d7b17,1
9926e31ac18525994b8a6866e2437d975f710bf0,0
f58c863e0b0e50aab6a86f5f7a63f24f16f5d92b,0
4a76e1879790126ffcd544d3f4051a70407c866c,0
78b9d5fc88669a6e7f2f848aa7cd72be8250b9d0,1
91410a3e108e5549881b37c14fe479a5fc713448,0
cfd1e692e4f450278f6a1f5aba071c12ae3b0710,0
565d75665fd6eb993b840f2e1b1f2dbd0b9e1af7,0
157ae91e13500d2733be2408a41425de53f06405,0
08e3868ddd3b3732716d50521d9a2142ff361030,0
d7fc9bc2e8c15c964493dfe7159c7d8af0c237db,0
72f88548f894fc941bc847a27a4b451c6d97b255,0
127e6e338f088b82eea1967d31c1abf8d51a364f,0
43cf3f491e7b9b42dc4a5fa4d7bc00cef1d38f7e,1
013f19fdafcc2ab11c5f9da061fcef18093a63b9,0
796b898281af571a510d96487dcd95699ac1e435,0
9da40ba6b5bcc7b6071fa7fe11eaeb1b97e53d81,0
c22d9d59e5b86c33f91d7fa93d71cdc514c2edd9,0
ed7e9b43494e490a51c25c410b2950005fd685ea,0
1cc66e3095828e364dd87721cf8b42636e35f011,0
bb7110e108f0ba4853070e1a5329ad5b2824b4f1,0
462fc51fd4c4314259c21c97a3bf1852a8482213,0
210884175c21b2b39f279531b1b957c108ebd15c,0
d0c47689116024d41ab75bfa0ebda1ad0c60a5b4,1
95b3ce93b8dbd733025ee08c80ab35ec3b26e7e5,0
0c98a75f85c099bd502bf8d16e920ca34a255a93,0
5966fb9211eee3e69e898227357d1d67be433dd1,0
ee512dcc927ef3261b78fbe1dc9e97485f14a2f3,0
0ffef3d0832362469545ed334200751f81911e88,0
6e73d282ce999d2d771db7378ae274fcd460e11a,0
675734acf88edff0b3a9333ba325a5952cba334e,0
a4ab2e97d245bbbeb0b0cb5ff9e6e320e8e2c25c,0
58ee25072dd2a9a39d6a730d20522af3719f01b3,0
ec668fde271a7a7ab440fa90cc498851403300ec,0
40a9d523a90f82578366c50b2f84c810c7296efc,0
16d447606804712462d41c364e73da7a8988685f,0
15296e06640c21a66f25ceb19974243523e06003,0
60fe05eb7a32a4a178f4212da6a812c80cedce82,0
2ca0eff93cff4f4897d9346fe52fa59961f73352,0
a991c10a186985735dc1f3211ca4b05336155008,0
070b3fa13d9caf67274ea62ab1802125a37f2b70,0
cf9ba2c87dd99dab10b1cd23951b6ce34d075ae5,0
486740b60a41dff62b75074e5d9a094ec207569f,0
7fc38e82ece99ff4043626ba19b293fc7af86264,0
2730ae5394f74268d01bda5a0489ea3204744b9f,0
050fe8e916507c9716983868284d64e58c1b56d2,1
2dfca4a424fe60e2bbb99cf5e0a5f9352142cc08,0
fe3ac0a262d9c7664d48bbe3f9dfa20ecdf55bc2,0
8de8fe5fb7b04b2c23a6f8b575333fba32d9c6a5,0
d18dfe8c6cf3f511e2078c2fc8a4729bcb8d0f50,0
685d1016ef4e8d6fa8769df3adcf847fe12342c3,0
be98df80ff29cc2c8939622599bcad7c578f0415,0
79e7dcefdbaaf598d6f2fcb3bfb96ea9317a0466,0
52c3e17888842e57ff43da45fb2426429fcdc829,0
a14a2e6b1a5bfb39ab0c23173c95343ed295a522,0
7bc5735273c6ad6f7d586f8708b6350921f091e4,0
5597cc319632a13765fe0cd831c52082d25dd613,0
a6b468fb564fdfa0315f2a7378548fefafef41fc,0
0cbe8b9efb374702a2d9a435659c4472333ee1c1,0
ea9c4d65642c28040aac003b92153a4f548aa002,0
e407d1ad62d8bff16eaf15dc4b9c64be83a4cee6,0
c78d56cbe3e8cb629d28c778a34981e6a474d322,0
fe57edbd401135153fed2e2ba316502ced2e0488,0
d1447b2f433900a9be7e80b422777e9e3ba5b11c,0
e03059404f1842f3903b083752e33eddee78af17,0
899e67f0de51deef0b4a826ed3c484fe710deb46,1
1c1064c9170994be3cc53d63f56362496cafa132,0
75d931a3264b73caa9cdd7d3373375cc33008ddf,0
77a3c20bc0f30ca44f30aadad7f8ef0bc2528d0b,0
57dd1dc2d2784ea178b0b5957845ab5d984559cc,0
1539a508283a80f2ce2921f866318096d40c925b,0
2319a6740723e27853abb178476b8b9a1b949c01,0
b47f3a1d2627551a793065dbb8068ff6be78f5d2,0
1138f35555d0d456380741ab32225a25c7386122,0
1b19377446a14622ac5d05c3f8d7dd9c8e5ef15b,0
6c0c39eb4d49d63992e299561801512a8ea37247,0
78df3548f088d77f31a47285c0e900c906806fd3,0
6443ed28d187ce8aed4256c0150acc2e247e1b58,0
332d536bb37b3c555d7298536eb11a4416aec1c9,0
c52debb342a1f8d2330f1a020bc826a4bbc6edd0,0
cd2c0146ab85e4cc7252eb56861f0baa99d0c37c,0
724842ee7b2e3bf55b720a659d77a4eaf2887905,0
333c9ecbcbfdc3786609e954da4a27f4461127b8,0
9bc372b2ae82274012442a7090e48374f81ab6b7,0
6575c54a88fe3a41b600beee768e5dd06a8fdce6,0
6733a06f096fa8450870265ae9f87bea2eea243d,0
406a86f4f3f964b8c20e0c8458e14220fbd5b7aa,0
b16235ad108c4fcdb7117493394d26d2f0faeace,0
de4952beaffe469b05f545b90344675e1889cb48,0
386cf07d7d57754237197ac5a97c32391ed16b9d,0
5601a2ca73577312bdb797e8e675ce6615fd2238,0
c6317fd1b36d67c5642b6976962ac8ff31952336,0
4b27f9cc303a1f09cce4358f60e33b3f7921492c,0
2ddc45fc774db0d0ab1ee896aef632a02a02e4ff,0
f011627264d7d47b3cd99317cc35d74760606ad8,0
aa5356645ea46c6be30647fea25664982d9ee85d,0
1781d00847c3b2a7519890bcf3d36d2bec9f1ea2,0
3aff69eba6df0fdafbc03d998b081459e61eb3e0,0
00a1ce656b77ff6156e75d185050d02b8500a7b8,0
93b2c63817b5ca5902e64b94bbcd7c24c578ea1a,0
48fe6153e5c2f86c108c973513b3bf1c490213dd,0
98630c6d43a7e7f5e4f4e53884ab696bf3d8e5ca,0
3e718fdb1bbca377d6b698d49b1e70ee9834aebb,0
71f6a5a117e07f6ef19f09f489f595368533bf1a,0
7efa91b8a5fd8e88f33812162045158ab20b6fbb,0
88ba9bd8b397105c8a4309ac87c3ada850e9a600,0
a8f6535bec044d96398f90eb89cae012eb03829c,0
00e5df7faf0313b614cf51f669371493fb7f9b9b,0
4ec92fe7bdbe4d71bfef92ef5769cb409a20e7ba,0
aac29e97eeec9af428f1236adaa2d78c9961d85c,0
ec4a0fdfac5f8e27aec46f9e04a255cf31b40686,1
87ee821a5d73b836d89203e15cec2ea86cbe2992,0
801f084e8e61722924395f9cac3868e9b2f6ede3,1
0a201610f9e8e0e097b4ead6ded5682ac590f2fa,0
abb136d51f7de5f24580c727367dab107cf78e59,0
be732f09d7cfe9fb6df28441ef1e26f9979abb53,0
92e2f39be3b767e1ff959453a7d043f2dc062e16,0
0f2ba8cea36c431be642719096cb9b449660dfd5,0
183e837907070ed7f14ed5eba71c70b7ba288d55,0
80cd41f2385e6756c390eb592c15ce745efcdf84,0
da8646f9c9768805cca4d5bba3260521c97761ed,1
de6e0737277c72c28e8ada743db7f6004415a58d,0
53a8f5b28a25dad3e7cb01e12303f317b4c1faf3,0
4c7e393d468102571fc4a220a3562402d5bb41a6,0
a1cf642b8d2789a3c6258f543b7e7b5fabc44502,0
cd6d6bb580ec48e3bb0afd1445774fb118dcc889,0
72836376f5887dea381211bccba13b7434cc5570,0
e53a9eda841abb565da746cf7397ab75016f168d,0
b6f00de7be143ce2bcc729bea0e902f17adad61d,0
8898f288986751de84b2e92f99c142cb525f671c,0
538502165ba7a060410b0ac0e21ba26b44d41d47,0
ab29453ec2f9ef30c5803a70cce051b70094a573,0
0e07a3b09931406bfbd7653182b937d8e23d2d66,0
a1dcdfa2a634ad418c2f82a657ca029313a81070,0
fec5e2dc3d9e620c13a24c954ebc9233248d00f1,0
fda25d2a8b5199a5d3de4e449bcb4e07194db585,0
b091a374a7152ccf453fff278c2f92942be7c63d,0
627392e88d178ea19507617089c3fd9b47a32ac3,0
8dbeaa63e28d083c8262dbf3ad4230116f68aee1,0
7d7b3e3877d8bd827b7c1427471c78446a0fe79c,0
a17bdf3a36baf275f726371bbd4faf7a282b8bf3,0
9425150104b52d9066d205776b18dd98e8299db1,0
65cc70a5c475b6f4237c7135a1864f3c7be6cdfa,0
640d7cf079ccdb35d92d2c598cc9502124635520,0
a9ff534b3686e649062b04ad519a9e8b09a9f76c,0
37b2a3f215f6ae19dee7a836e0c6b98bb17c5350,0
f40b71e33d1e6adfeb54ee67d1e53efdb8fde69f,0
6847ebcf5e81ae272d0ff1829a6bb5aab3f9f64a,0
e9e167f9ebc7a73c5847745688ae127ecff6e2b1,0
c47d6ce5343fbe1807c2c927bfb10a4792a43ff9,0
17f5eaed71e50765d0926657dd68d76e6dbd53c8,0
815f63670e01b7d443035419262c9eb3538cd672,0
b57c699e69b3801684cd5faf7a3f14c552e5cb92,0
cf20d13c64da51becd1351befe02a06144fd6fc1,0
848a8144bc42fddbbc466a38a897f5c09f0d49e2,0
5a4594cd372b7564de8f55faef20306326449ff8,0
37875137e960277858ca39b676f6e19fec36a50a,0
03cc852bef47d5c27e37186fba438f81bb9e5761,0
4f514d5eb3e80703012df9be190ae42d35d25bdc,1
381ed0c0f6016993a81563edc857d3235daafea3,1
93aa88fded0cb63a8634cf8021cb889bc38505bf,0
15360774099b2a7230e020751acdf6979b6e3f58,1
868dd284443b6f950a2f360b0422dbf09a599ae9,0
dd23ae863a8910581362b69c660b26d8e8f699b7,1
9b0b19a9162ae8d217b06716962b982703ab4d1b,0
aaaa779108e445c028e91372a8c8709c7746cf72,0
5fb6521ab990c0c9ec655ca71d8c77060aedb0e5,1
ee4ad2727fcfb949e258e0f215a79d56ea41a173,0
1554d439a5763f48f6057af9c99be544205d8ea6,0
3077b3b3fcc1ad3829f03d1d1233c744e38b647b,0
012998b3d450ec4edb99aafe1329bf8b649178b0,0
11a49755807dd794151b404f4fc584c4c464516c,0
989f0caf65c354fc062bb089af3950de43de5b74,0
50a532da55a855430115321b150d4751e7cf4487,0
ad895a71efc3baf78f0b32b3990057f30b77c06c,0
abd5f7e5dd021f0fdf1067b69fa7678be5dd8800,0
5387645b1528e3fac8c85d2b0cb479af78f7747e,0
d8a6e05b5f23458ddd57ad838f43936520689ff7,0
1a158281aa058ee2dc9cfae3b56012a9f92f3b2b,0
8e52e2169b20f7bc3c6c520d4f0c98e5bf06b076,0
d8b6f5b5c6b92adff8965ab634b672e7b333f583,0
8fde2caf64c323eb0422f7547de14ca7b1ee7a54,0
7a003412c64e0ed98cf3a7102b32b4080304c5e3,1
c1fad46c4c498af2de3d313286953369ced508d7,0
285fc07c5a0439b008c53effcf62b3717e5c77ad,0
10bdedc90bade7120aad771fad5d14ea339cc91c,0
fd206080b044df60c9ac4e9e7f16edb052637098,0
94530f113eca2f7612a0d5729e894038b32361fb,1
25ef9a58cb2d150b1178b3ee5b703a9620f34851,0
1d5c03fac601d6ce291c3fe3e5e51a11881e2fc0,1
e91541fcbd89dc0567281127c950a8d9ead7189b,0
5e864d372f56ecdb4876b9a0f4cc6f824b0fdc7a,0
320b0b259c855cb78d763912e532e1ec91c023f9,1
c12c57121574e1853d27c3bf50de2a946edcd815,0
ffc34e601f606c4c3d7b699736dd098ebbe0bcaf,0
12771ff99d7961c1356ca1977f47ede09445ed4b,0
c1fe78ffa198a36d81f27813e98930d672ac2c48,0
565888466c15202889aa13275c2beb51138738d4,0
58069b3d2a081099a357d627eefd91060584ee05,0
c51cba098eeeabf8a32714499af52375311335e8,0
4f3b6e55f86c8b59ea9b3991ca055c3905eb05a1,0
57964fe0e933187681d5f20530b453e37e5cb4bf,0
0d3658d7fbfaff6c6c73d9730c7b7546c1bfd99c,0
57f8eb522ed1c56504b56ccddeda407e0e4703d1,1
22f9c428e33c0c2cdbdc50832847b6f554b8d087,0
b33bbaa7c84bcc8a5ccaac35cfe4a42b8558add8,0
116463ba4f988ad7dda289bf6e2ff53c6570f0ef,0
9926c441aefc148b08a5a3ef077097cefcc3f16c,0
d032bda7e5df72b4befcfc4d9e068d0bc80b1dd5,0
4917cb719f1d721cda63cba694379881e11d35e4,0
ca9a70f6db2d1c00e4a0170555842dd570440dfc,0
4b25008ec5afc550231c4b0032bd9a581d51ee36,0
8c71182f376f88df611ead6f7066b84fe71c19f8,0
e0c25af4991438739c7c795a89b6bde0197aba58,1
066873b5c2bee050c690e45e456060d7608d2d23,0
838d27ab68dc8b951404a80c36bd52f16d531c27,0
6c33df75facdea105c0619852414d6efe83c444f,0
2a625ee3ee19b924789ca019fd3b6fb3c0a7ca26,0
ba57d261f1dfa1926e6bea34726e396865b0411c,0
66704164a0152a40cb8d72d5524af365ff34f083,0
a3c7d37d22ada195d9a4716000a006fa16c5beb4,0
3cf53fd4d8ac362a465f6cd16e8ef437c0740e22,0
462a89b82ee3e5fd5d6f69289297f77df83f689a,0
d829770690b130316a1e0471ff0d107acd461cdc,0
4aa2a0ae6ad08273c0142d94a98c31f5f3996e64,0
e4ff29dc984a325f150686d081a91125ab706e88,0
a5a4f9067a0b22e629463b1ef059818ccda6f37e,0
447c1b42252b8bde3f0e81c1a2cbbd2cb9d5cccf,0
513d12877388300d4e0dd2b808448b7e3f95d785,0
30a547ddc16afc10697951389fccd795180a086f,0
82514198644a0a21f3129da7c1ef08d1adabb68c,0
5290bee389718bd2d81c2390a075b141e20b30a5,0
62bf5bfcb018ef4058b561dae3590a2ca2e9e551,1
95e3fccc98cd91215d67ad1e1b915e301a2d2a7c,0
07b7795b336b301def8a7dc6059c8e616ce5582e,0
d9c6932a6e2b27d56ebb665c152f9f7dca759a8a,0
14172271a39918fc2490b44894951d01c953a2a9,0
0e2905ef360af883e9a2342bad8c9e0b02c49a85,0
eb68acff59a08143767dc2e6659bb9ce344f2f0f,1
e6cde16e0a10771a6f9b82678ca4d5835207578c,0
69b1599585515588ebe7eef0df9f00854122b620,0
d23a64cb86303a03f60ee66f3102ebb61ddaae8c,0
5fa96c51b0f4de93cef07558ae56b05c9fb14ba9,1
051484c7403d2c90967793ee211688d0fc390364,0
5d915eb6c6d80de8c3f2209b6f5daf203573e25a,0
06ebaca91c69fbf4149bd09074d8961affa69ed2,0
2ef7b77769bb9326442f1029f3954e30dc3924fe,0
279675745afa583a18689d8eef88cb21429716a7,0
e3d0e94e71f4cc2b824d6642939788ed75177e2b,0
fdc82b0e010915b090183596664b7072f41ab53e,0
ebed83b64688daa4bfac8ba90985bd3e6349c72d,0
4d472d6ac661fd9229adaa27856be6301197e1b0,0
e9f981378c627a40b218f04d400b12d68ec2580b,0
53d756b0037a7c6973a4a91e961db5187435ae60,0
db951873904b927b43f35478586f064ea6ea6deb,1
b2b04b2284870521a08e5665b657527e8a4ef73b,0
df326b1747a1cdf22d7de65290559d1e160c96f7,0
927e7361037fa495cafece987c1c7d54b7e8128b,1
9c66638127441d29adf4869cae78cc00cc86ce13,0
cc407e88e25a59d2293ff9cab0653b21a0eed5ad,0
bacc52875b18115d346c01c57639704f85eb344d,0
18918c66c1af600227334bacf819dc2a91dd3be4,0
49f1578e9ed7b2f5b5b48e8f488dfbb6300fc907,0
c6744b203b1fc96d85d5c7830945e54adeeded29,0
d82abb3a8b2a44766aab322b2fef58263a87778d,0
2d4e279d1983870d88612afec782f18638b85ce7,0
bd9244d1e30adac7e112c43d225bb0246b8a76ec,0
d3b4e154b1f92dc0a80e0a2c2c2819593ee43d30,0
807e6d6038667562ef5e0b0a74ba1c1bb4dce6a1,0
4bfa1f6cb94c368ffa4febc3a2236886ced2290f,1
8b2b1ba0f254abddd2e0587ee6c4098339ea8db8,0
cbf6c47104c72bf175d10559aa4a5a2f49154086,0
d22e559db1ced3f454ba0b053b589ae3ce4da0c3,0
7917cc095bf3bb80da28f208565ed0d5700fbcb2,1
b7b7d7c93585f203fb358aa2121d7b976934c8ba,1
9cbf70d82285d7ebdd190f7cd59f2a9d82a09c61,1
c62bd307657aab6bf4be06e5c4c232195f6620f9,0
71910e6e4d67edb36deeb54d957c31c604fd9769,0
b9b6b027db0cbfbe3973fa74af3aebec4647cfd9,0
33c8a328305592d5998ade8241d19fd65573e627,0
6e041ae62f6f9aa9e2eecd6e1d6e508eb8afd43b,0
7d0e5c002ec6ade4d032d7fcc1135460c97d9fb7,0
3d6bdcae698a7335106d51c59174c6b3f2f1bfdd,0
6aa020e6bca0c1721cb7a8909f1ccdc27a428498,0
c94fd719e741fabf767834109619b592a9e8918a,0
21870c8afa5af4cd8c5358d869d9767f64770b17,0
3a48c43f4d467bc05a5cac77c2405e8a13b8a87d,0
00d021f30e0c2202c3a942b0f93cc9d9285010fc,0
d9c144d8c3a35ad391e4aa212869be0908e06acd,0
3f84c0412cf2dad129e60e6c6c4047983ddecb97,0
4a453bd132aa147607c14a036d23fc1fe524006f,1
f5bc3757bbcdfd91dba2afa680ab27bb9df2068f,1
ed0f4c03e167806003cac9bfd6951c23ee2264da,0
81340ea32f313fba0f0d5ebba9a600d96af17cc9,1
9c2f070f611bd7cbc4454edc914b0b57c36b01aa,0
7f8f3da321c31cf285a40501d43bb2e97cba7b01,0
594ec5482d10e52464313b2e1fc61ae9b787cb24,0
1cdf7916ec909c1a7ab82e11b7eb17adda3889b9,0
5c20e6455286bde5997dd5c4eed8ca50bae1f9cc,0
b01434196523fc67daa5d9379c4465b68961fd53,1
cac478de5157f5cb31b6669c477a9dc760f1e5bb,0
d3c425d6f1281d9387f5b80836ce855bc168453d,0
b7d3fd9e4d435eb155570f326e8c799ead6c1901,1
30753fb56abd09379d29e94dafb31cf17be44f94,0
d13e4b12f3c6df3b5cab55744baa2664ca276e33,0
baff3dca7364ccf992a72fb026d53ea3afeb4104,0
1aed55020d4caf163592f593a0e76f106ae8e105,0
80e957ecc44a5f0404baeb0f36484e4d560e7bce,0
37b370c114440614bc44d019f07b837a22d5a0e4,0
240e79c33b6414fbf9a1efe6f0778145edff9192,0
6f07b031beb347cbd18694360c9ce0b0692b0f38,0
e280e3b84af5b47572011509204edef496cc3331,0
9efc6d8dd8f0edc708a2b0d70134dacbe5b335be,0
76ca3f317f4af91d76c868fef5ce5e6c0d45cb0c,0
2bdf879815e54cd76e26134cd68637783069213d,0
fa7c1ed4a4b4a6fe8e56e138fbc6af4ea8b5d7ba,0
e28889038a4d3fe381864f7da7bada07b921627b,0
e7918ea4c87b9dc8b0f53b6703726451da461b97,0
e8c5f9fbb68483d701b70cf328e180042152f18f,0
ea1f4106da297f34151c4ad4d2476e3dd59728a6,0
fceff5aa543a7cffd0043d77f47fa44069f3edad,0
26d2f4a4a2f1dcb1e556cdaa5ad256786bbdf675,0
1da2453bc69a800b7719b0bfa6671a9d39fe782c,0
c803367cd0b3339c0aa3a687e90d51ca6c10624e,0
56541a7485205c2b46d27fd3004bd096fa89dc76,0
5b7e9f59f10e44ce7bebb68117c1755240297608,0
048e444c840cb81d15e7e81845dadef296122261,0
da0e534f156783c7b61979c5ea54f7859d3e0b3d,0
79c3898c900ccab9e5ac8f0b85f004720317b610,0
2f4408d33c1de88bceff83d7ea03e47b3aadacaf,1
8393f10b791c4fd28a1031f0a6427a2c9af04977,1
fc9b4cc1d839079cd37380ea6566a7575d9f4900,1
2330a3343cbd0a531afd118451bef83b4a8d49d2,0
4143a12a0e3f7fbfd40a3acd004b48ea0e892794,0
f19304cd06f9ef3b67001b05ea4e10920062df11,0
77fdd9eaae4879c9a74fbb882ca707d76385032a,0
7c4b3e889412d53088a2c15bf2268de5efbf06dc,0
fc55439441b6a61d00a4e43fbe91c2bc87b990c6,1
0e85c6e6f1b1bea8725f46dce37825253e5f8aa5,0
3eebd98b548fc960a7cd9d14eb0771b14615e9a1,0
12491a6801249b2a582a231b1a40e17b401cc413,0
72f58cfd20178ea3d11b59586acbd6cb6e5fd316,0
902706e0d9217b8d0176bf7ed2a9c4c871d270be,0
19350952256aa78c2cddfc5dcb2f8bf2c12f944e,0
756cdad67c604b8297434617f6a8b92e8d8fd0b8,0
d7db8448a18d4331cca7e31ba62028b94e6a5b52,1
a9f5a6b1886992b35795fe5a3388bcaa53a1df5a,1
62a97240a5833740c5fc5187febdfd4a585b6460,0
976c15d1a388774a01634e4f639ffe0bd5e78ab6,0
bc5f6f6954dafe1d2102af923fa2ee491f654336,1
80dbd1dab0edccaa28b1169734e57210bba7cf11,0
e905b7993bf3f61943e997fa00f3c12dcdb322f8,0
cb002e5906be301819111879a684a4fac01717b0,1
cf56a79ee7c50b7240cd272e547801fab92fe913,0
9f4f79fe3fab819d45ded49b74773731705a0a6f,0
8d63fb69c69cc0fd7d0cdc14afc0e4b47b107956,0
ff3e1211296cfc6ec31a1e94ac0b1f2c93f9d81c,0
67df2859aa495959fee0edc3d8e000e4599ee714,0
cfb444dcecd51640356e5a95271a851076095235,0
ed7c092ecd386af1234cc3e147be3ccad2c40649,0
b41bc57082000dd3399efd06057172101dce195b,0
bf3b35e57e595da574391c3ed33abcffda6b8d5c,1
4e74f83aad4f7caf8da19bd442e4b9724bfd74e4,0
9116953ca1e8d79e29ce39c2baf507c14e05fdea,0
dcb7dded1439f06e5a4da75a98c0e095d4cccf8d,1
de9d22e2baee6da17250a78f8ad9cc7c1296659f,0
db5f61a6471d059783b1deadc3019697e008cc7a,1
3c73a44b34bacceb662d47a556bf59b3c54c655d,0
0eeb7c904c84d44bab0101d568e22bfa8177c34c,0
42f9084b3b4d9556ad8777872c1a9fe4dbb43187,0
72c7bbe974fa00a5915284b9faa66a34da780079,1
336c2631c4f781b3abfdb35bed0d522a63c09579,0
ebb946d062a5f8aac12dccdda23e0e405da5a638,0
b8f195f91b059f73eaec7bd33e5b525e67e162f5,0
f0f0bf81e7010b213be89b477eaaba339a3d9fbc,0
e150cc5810cb988bb644a8b575011d9002784c12,0
03174f6358ef623d462791664e0b5a9b83259b7a,0
47cb8ddccddaed80a083313c5830d153e9adf27f,0
39c9476337d69f34cb1ace57067f0d2a009785a6,1
502f7f4a19c3684613bc1e783ef2ebda1351f767,0
d85ab0c576c68212a2a8c4845700f966c2381264,0
01d50f2e00d1f106480e1527475e5bc3e71c0625,0
7ec96c4306dc8eb6082b92597f2626f7b33931d4,1
6767a457581aa2900295e68bd03e5fcaec24371c,0
deba27893e05d1e72171616877dcb933ac92af3d,0
81bdeb9ff96cade6ea61fdc467029460e77325d1,0
cfd9081647e732143fbdc2db99681afa5b403a0f,0
a05cd12b23f549b71b679dcf94c46f0679647f78,0
96f12d3e799a8201bac8f88561abad2988046b5a,1
0c36e28cd1a72dc20bf94f514e4fe56ab681c832,1
0c46c2e50aa80a7640a3415157e3ee2c7b31d053,0
fd656864b6a54302929c5da5490bff8842edade4,0
ac01ed3d678e703c087469b766e325e06593624d,0
7a9f3bb0dbfe2b6cdc81e1f279043673ab1ef317,0
3bac0b1b17e451c54f57f9b0593f827c48bdbb84,0
d1f5ebf4122aaf0675ef5547c2a6733f52a892d4,1
b2da02296f79e4119b749522a1912f5be5ea4f8c,1
c79adcc3f0b99cb838155909a989fbd7bd71e600,1
b0082bc60670ee42eaa135e8d89be2eb696103b2,0
bf54dcd44969a1327e5c0466d9270d74345ae1f9,0
7c818a9f2236088580c8b963c662e6c541f71b0e,0
7240ef6dec853afcd144ca159eea5413da7d7cbf,0
4fa26058d0cf0e25c9cfa16d638f794e5b95cd41,0
eadf358a6800a672ab38153c9a56ee73411fbe26,0
20fe20ee6f89ddfe2f3eb3b15507501dccd002f5,0
21c357df5ed6e4c741e337c2366bb121ec61b295,0
27791c555d25ab3ad65af9166cdc24541b8e3a57,0
b26d9c7877f9d87c5d06e9ae3171fe987958a408,0
fe4956d5abf59428c5a90a081785dbde040c3d46,0
30f26a440afb7cc24964f02ff5d3786449607c30,0
e763c5a38869a406adb288fe7323421fec4c8a33,0
7ea69942ef82e8ad565a4c68d5ac926a4385d7ef,0
60c6443387dbd8804d9f209acf3b5fa94b00f6e0,0
112d13fa3951652d105625e2fd3076efe4ec833c,0
cb3ac6dd3dd0a5540ff44ea10b4851b46d69b458,0
44e2825d742d14c801e6cf8874e59c77252de7f0,0
c6068f4733241f3dd45fb51274f7f2662583b6e2,0
adf32bb9ffb7138c4fcc4a35451a89ede9568c63,0
eecd6b3a42f2245ac58838cd28e81fb3b6d94c3b,0
f9c0dca1bf7d7d1fbfad1d58ee3d1dcd7fb9cbf5,1
57fbefb6e634adcb94d73fe3c85e17b0f0d8e709,0
59446e817531f1f85a26fdeb0ceb75ec3a4b6efa,0
76225d79d65f83f8f0e3ba0ad9ea507459cdf24b,0
d52b75e314ec9f7877853583613c06f98363aacc,1
8ed194eb1991834f7528c657e280e1e5666a2ba1,0
40e8865efe290e7e71cab6ec11127d50b3ec3fda,0
237ae105212d560e5a4bfb53164a72f36f621ebf,1
795e0d88747cdc567182d71a15a7035cd67cb2a8,0
98e0d26cc93057f16b3ec6be95584e0531f6033b,0
2b3fe03972da445ba905bbde229eb9b7ef4a828e,0
aeadf7c29c0736c91fab205ad10d2c32a2f5424e,0
2390bb5c40ffe0bd99e28ae539a9d2e459ae6122,0
890501b7074c4ec881dc0a55ed578ac4b085740e,0
b71a6cd002cc9e5c965ef1b2332c09d6c46308c1,0
0d0b5165e966355e7fca976e7261456c8ec5e4fb,0
9a6a8b6862ed466166f0381aeb4072bebce6acc8,1
3196dafff093c126f8fd26729334d935fe08a5e1,0
160ff8f6276012f1d1f7b155965b1b71e4038c18,0
ee2eef5316ecabd672a2798dfe6aa3f288bcc1fb,1
6052f6f1943ebd0089bbb30fb479f99646d81a93,0
4e6f3f08fed3216d92c2a07a06d2c7a42419f93b,1
e477b24ec2160c202a8d416f736296d4e4376a65,0
12f22030be04b7fcb9ec9877656327eff04de1e5,0
79238a49729e61c060b19e88af8dd329b46ffe48,0
885f92cfa7898aa9dca5b214ec5ec713f81d28d7,0
554b667e9fb6a3f198cdbc9b497189c1570332c0,0
a751d8242456f4feef34035b0e53c62e5025a2a0,0
04e1537d3c41646fdb56b60fae70a630ae177796,0
6811e7b373458f67a6dc12b05bd04cfc6843409c,0
39a9cd103a2911f83b82593094a08466cbea8018,0
5566627f88d7d2cc4483b42894d12ac762184d40,0
a5311d05afc8dfc2983c9c8e932216195f09de82,1
eea36f49f6b09c302f5f51cfd6184472f436261d,0
922d48ed4040458cb0fc5a0f8017cacda2bf9091,0
810e69f7a470eb9dce71de314f0a98c0f7840a24,1
512574a9080150be1b4c4a115a9cb7bc435ef606,0
9dfd3b4e8e209a2f41a7ba1c504c583f93ca9739,0
030267a91bc5a0871c89427a6b56f57c0b421fcd,0
1c57bb797df0b1915bf3c7686f3082657397ec5d,0
e4812f52ba44f7284851ebf19107f89f27ec8b0e,0
d1bd992c69e3341dd4de1c675cb5f1d7a4a503c9,0
2f6b0b2c69b626d6a669aa8add3223417b3b274e,1
d7210650ff041a58076280e4ea680305c81671bf,0
5108fdc8fc8add6c2722988e92a37f661ea63ffe,0
eac9add08144b127826a5f35c3d4270845744c19,1
3aa15e0c47c4230e509babf3a37f0d3758ccca13,1
e6f6b0dbfaf10ef4428f8277fe2d21558d1edd17,0
8048e49d997ca03cf927badd2d594aebd9ea0c41,0
ff6bf42b6004d2feebfd2f94ff1741cf48c9fdbe,1
5346b0d03c5c943c883f7c6ef111d2de3ba12794,1
1a824f69ad111424cb94350d3aab829113f165e7,0
ea5f046469ab917bc7aa6d71fb837968c55d6f44,0
5f0e40893da5bfb8e630db76b224d2ccffaae7b5,0
4afe714859d1f2eb50c6bad72aaf9ef847cfe33c,0
707e1a4a0b4b06ee89a7ec9e6b2154769e40b360,0
1225f4309cc1a67d752d4884690bd0534d7e630a,0
93a49f6cb01f6efd6f9a3ed3c02c634f00366bd5,0
e77e2124c4a55270b890be6b109b8714818c95ea,1
dcfba435bbe1129f7e3e0a52ff709927768e3559,0
614accbff9a50320febcae98237efdbda3cb724d,1
097438b3b1c6968eaff37b4eee93a8d041561024,1
ee5b770b08f6d77d273d815343d97150a1f7a09d,1
93b5f2a7ace971ae12bb5f7726067272689e780a,1
23845c1751961d7990b57e57bf92e59ffcd5fdb4,0
159999da0c2dcee4bd0b46a749de794db37cdbc8,1
020480ad81ec66871a02080c8d92ca9743e496c1,1
2b6e554ccff63526adf46c347046a2f40fb439a9,1
e47b5d8e75e4af0edd747a451b43303391f13d96,0
1e3ecfff20e58b1a25fa4c5f23ac79efe353df1a,0
1b8becc1c1a820aec1572418cd857b7c33ef0d16,0
b8c069723e92c6a65e9b8ba3483a86a47de7b333,0
2a760cb9d516b2d8ad8eb9034d960d60e7769a8a,0
3535bf265b3eb34df28ff2ee5c029065e569add8,1
be164675feda702a738a9b5fe49c9b5fc17ac018,0
914aec8ee881a94f8ebf6852247aa79b2bc8cded,0
a5709b893fb5c7726d697a65c6cebb3bf8bc3391,0
cf0dda88535ada04bdcc0c9c84c459a0ecf72b65,0
c4db5b37ba8ec2ecc1da7bba2c739f43b3b9d83e,0
5aeb66d2bf52baaae664cfc56edb6096da537524,0
abbe3f0e26b8e84ddb49a43d76201a2c8098efa1,0
d1f16069600674d7fefb932f390442608b2f6afc,0
7785367406e20267812a317721beb266e7011abf,0
16630b35f65bf7ed1adf4d1195952b120e24f2d1,0
c8d644792800434fb5ff927ece70708950370aca,0
cdb9168538e2f01e3737e118baab9450076ca360,0
7952a5525444ab03243a9f80375050caf2419770,0
cbb4f55bff3d86f5797f9efbef27c6866511547e,0
0ce9977fa34c53a461b4a3a98870e383e20f7143,0
0a92b2c279c24ab774b7b5133a2c1b5cbeb6206f,0
66f83099a50eef67909e4d371dc72d67590e7670,1
5b5d6b23d17934a09b272f6c773031a005edcbe8,0
afcdb367ad95cc7f1c1d92a9b5618c3499ad3700,0
44334fdc98873eb3670bdb11134d66eb65c3eb5c,1
421ba4c94c641efc0262099ced7b537e3f05e5da,0
ce389de49f843dda871825886fb1b70928872328,0
0357006d9d899ea8c5c4eca39fdb4f7697f412ca,0
32e80fc5e88029f212c0d6d3f179ab8e532c2bae,1
85c052b7b8f71848c4d5d073aba8485cab2ff314,1
e2ef9f095ad065ecc2a252a5067f6d7cdf5f2551,0
9d25ee76f8b26ce63f889f0eb5fc60c9fb48fcf1,0
f994c98c39c4bea8d8ccfa20c935c06e611b0946,1
1aae68267dfe0d40e69dcc65a74d0a9401b3f0ba,0
6b869ef899198157aa89e3b470485bd7bace1d64,0
fc794c60ef9bb217ab8a432ecd5d8b568fafc8f7,0
073222372614fcff2f4824d46a817c44e4b03d09,1
8abba8d5333eb198bb25e7d47dba428e8a4f1dca,0
554a0a8c453b9fd0b53a6d372c1ee04d0e168ca6,0
5ec8a51d09426d9ed920ba9d34225bfe99dc3548,1
6d861c9098d0bcae4d9028b8d54ac2feeffe94cf,0
53416f1e4f726cf5e2f2c1e26414d3d30eac34af,0
3eea891169ffd0fbef18340d7bfe64138dc8fc93,0
80dd30415ee7c97e9e193bc06e93e5aee461375b,1
12431fdb8fccfd0474c2a0d7666dcd2c0eed6e5f,0
ebff428ba5d133a8e37e97a03b4b2483d1f9386d,1
6c691d01bd7b6b98acce9be406a6eb5924f26302,0
b73111983b7916b3944e2178d079f1326cd8df06,0
4f7de5d63824746cf8182bead476e38172bf2032,0
687bb758895bd3dc93f23c93800cd4b8195ad7bf,1
7a16f45c54d83cd52ac7041f7a8b62c7fd1b4eb1,0
8f5b2b7854d85fb6e68593b184b960e5efe70814,0
1e1da2d2c73ace3872f75274dbb1e283edb8e8dc,0
4656c1478d69672382448f262eafb07134c3187d,0
f4050f6921d7273371b74d17ee8415d7fc27b642,0
f058170565669202f356e2adeb5a65084a89adb6,0
1a31352333db56ae0893e4ed28239dfc0483b315,0
269d283d1db881620e80d56a209f1d26fd50f426,0
821678276c0d7f5ca47a6c24344b08032109223d,0
a2888232f8135334d6aff05ef6adfeb9585dbdc7,0
3b96f38fc6186d3064e85fc90518e26878ba19a5,0
43f7a149e090523bfddc1e2618686d1407162a10,1
46fe76f81ac6f9a8a86b0d27f21b4820d09bd371,0
630e5aec86d55810d61ae56551e7dd4ae58c089e,1
ee3e9dcaee4f729388a1b0cd909326230a8ac37a,0
8c16db232b7fb2c5e0a7047461b17692a7985761,0
a1d8a35b249d7c4a4bf28a358bcf34bb7064b4d7,0
015b77e3ea780f7f5fe6bd8c1b1abfdec13353d2,0
e5bf3ab9b6c21325874cc33d19edce10c6b64fe2,0
ab2b0545aefd18b4a349d2bac8120e678d217acc,0
4adf9462c4604ac121dbd207b1a042499ebc732b,0
83152c4227e6c274fb7b91ed2f55234cc300df77,0
57423f259f93ef6e79719cd86dc13a00ba053e04,0
03fa12f5b2807b0293fe8d3d9b087f782565fb7d,0
3da25240b0a5421d070f19a8b56e70c0cd1b5e22,0
502c5e26093e5bb6db452e78be604c6c8f3a9614,0
ee5ce24168780509e8c413970ef4f60e57e88bdc,0
fddb1a875d0883a67f823754a915bb4085607b46,0
580a7b31d2c9c9408b26d6a5f1f51c235535e52c,0
f2d7f4ada6433656d43961fc7af423d0d6ca439f,0
f3851094d7ee3ba20f45206ca201a134d990b812,0
d14f130cc48bdc04927de54b3f33fe55cf6aa7c4,0
f9e986558f3ef45a6afab2ddc264131d9e78513a,0
7771e1897480070696aab2215c403bdf63970ef8,1
a22cada5148c895e750f576163338109b97bb70c,0
62746c899f04d2d0c65e9503e77e09564761d827,0
bc218db61cce03a5facfc1e7130af8579367bba7,1
a8a5bea553417863fda212e6516a2175f20caa5b,0
de5f4d31bf989e43ee9d1c09eb9bafdbcda0f5e5,0
81cfc6af93007c1a62495b414c676054272be8cd,0
de086a99721aeefb5727d19fb73d79e644290c46,0
3002996c2dd462c2194d5f27c77cb7ff3d1ef965,0
a8be2ba8baee241acbec310c1149ddc4169f2d13,0
f768e6d6b50f1b99ffb46ed0f928659540f2581a,0
123bbb1eb9a145f9dfbd6ff6e6203f740ffb8f3d,0
e5d6c9246af2e14208b1e4965dedb66b3eca716f,0
0240ee098e04601df46ea334c39df51aacd3874e,0
cd2d9b18c52df845988cfd5eca904911c622772b,0
c0911c63f687ae2fd85f733683b50c0f164065a0,0
d2de9c542c8933478f29c54d60db978930df8b79,0
f77345faae479da70861e1aff16aab525de5b0f9,0
fbeb0dbd3d7543f0241bd318b0bb38c5c31b4f1a,0
f3c98543310c1768bdca79cb00d464ae3f758c25,0
39886dee5272908a92b2de8e47d3e53d523c4450,0
6af54ea8d3781c807fc7f70d32a10458d7ba25b3,0
81ab3fc016f327a46da93730e1e1a71d7ddb2048,0
363f779eb10514a001de232d2f9b8ce13b012b41,0
5e18fd65ff211107190d8158977091fd7c033776,0
4f69e5183a56d6a38a76ebafcb12637c0ecb8f4c,0
e0af00ee720e3ae26f33e8ff4c2665529724b8f4,0
b0053ca69169bf23a8c009095aeecb4e5807d423,0
887d935024ec45d4c22c2676c0c2972c39462fc8,0
fdaa1eb25a032c46acec2e8e4731f587e4263ce0,0
371c34bbea50db863bd53728e0c9c3c79f2034e6,0
d5f32c231c74fd8945a7732aa6cb7631b5a82555,0
fbe572c3ffdde3ee72a7c4248a19fe7102a910c6,0
e8c2d557173dbc88e620b6e491f501b8cc131374,0
f0376e00e687cd932541d2ba14bab9099dfb5bf9,0
325c03b6c378aeb25539bd737b8dc4123528d35b,0
b4e543ab8d7f2565888f2a2f8c1699c9c4a107d1,0
b2f0bbd9aa7a1eaac9341511926a6bf7224298a2,0
8776c4dfa5db28a889eddeb8bc608ee13c984c35,0
308009b9a1833813d3c735349ab3e18097e96221,1
634f0e97626aab8b757c522f802a2f13dad3c436,1
241d4ab3a3577f1c42a1dc7da3d5cc0680292c6c,0
cd34d6423d712ceaccce31ff6869d083b3e91087,0
aef69406ea3a67bb89aa2fb96361c2a41d209781,0
9c273aa6098ed7b79bb08d8da86f3b65534fc5d6,0
1d9add95153ab7af44ef8cced0653bfd2d085053,0
cf2dd60c0fa6633a1760e0791a2ea2393da1b267,0
445897f9bc44de9d92b678b19956744df858e4bf,0
998419196f243f875be2dc4a1641d6c5796f09ad,0
a6c13872d53515058ae90e4068f22b0b865c0956,0
8f21c196bb72e8098840d5825951a59eec5e3202,0
228957a0e4558d572d3b8c2f24083bd45ebbb7c5,0
df21ea512ebee84973997f031f662823db1682c8,0
2c13ceefd8c2407393d7605d3f7a5a60a724a5cf,0
8520859c408de400b0969f8298949b90e09c63eb,0
7cc5661f02f8a7c10dec157b67014a8e28e12ba4,0
9016bcaf0ef88b5e2fea0e3a0c1353f9a4b2ddaa,0
413cd09a6122d2cb22e7dd39bd8aeee1d23ddad8,0
bb99d6906baeafda8a7861b66237a82dbf927907,0
98a6ea6f1a744d609fe8bd6f8c2098d3a7949861,0
3378d09f1639c5a5545344a8347b775dacb3bb75,0
ab27cc9c095e076d9e570cc440ebb61b3e0c8909,0
ba92e4d253185c96874c93e8bcde6fe35d37f85e,0
1e9fbb7f10533a674f7d8cc2e110f3d4e7b0cef7,0
1070262a54a93822227e227b27bcae94a071a5d5,0
dfed92e0fa7028726b282a353ecb10a8eee8e220,0
9bf6c673143ec350f77c5211571d3d9c8ebab1aa,0
4af43102aa63f1c70c1de61b74201efb572ba385,0
838c1e7d0e75873054579a8dcba9889464ff75a3,0
73c601bed512d36ecd93f6aa984c73124132e747,0
e3f46b722e3e08da78d2742cd188a68a473a7faa,0
cd9922ef8b2c57ed6aa1390f89f94c1c40cdc67c,0
2463fd33808679033a9efe014f8bfc81b2eb63ee,0
60666b2ae259cb6f98c091562a7fc9f9da8a01a6,0
3155f2ce742251094a02e43f0f8e5c609701baba,0
b7e3f07c5f91f53d5bbaf402d689eff2c839f14b,0
bee437f63a626036c2a52f97ce9db47e21b0419c,0
91e2e8e838d7c8077a0b0368237e8bed0c22df64,0
a776fd026cb468bc7059c9cc8c5c5bd6970162a4,0
bcd86e7fbef492ad4146e226a1f5f787cc7ee210,0
57b94c34eaf9f0158679060c635188b44a27c5c3,1
d669920cb2752c24b3bfb1e6602e3227c15f211b,0
74d20911d4a81afe8831bc248f97d184f94ba038,0
a33961018a058d253f76fc6e6de382b1074480ce,0
49320188622478de53b2c745ee6d0cd851e6e1a4,0
8beb1547c605c5c4bb658e8073877805bfd347cd,0
46643a1325af0c2b41076371c6031e827ea6a5b9,0
1ad7fd1e5af3f884fc0ba43fdc239cc11d290747,0
167c031371b4a0bcc6cf976492ba0b85ce20bc36,1
bf0e5af79dccbbc076afd70701905afc4ca7bca3,0
bbdd2932db77f168c8db1bb5d3a607a982489899,0
e65e22fe10ba088a1885a66bc5da3df3ef05f8b3,0
d5095df781adbbe9a663fcb4c24c9d4471b1e13c,0
ac517f7c0dcb2c597b48d613eeefe98781247ac0,1
e08b9b890ff9ce8555589f927d05bf20ceb112b3,1
d728e81d6921565e04ce4b3c19846f5ce38b7f4d,0
084de396a74b2b13af50db865d56dde984be699b,0
c0722eaddf4185015617a2da8f384de6b615fe84,1
d19d4a852154ef1d38a842d88c34cac6505e5f01,0
22269dccbe368817379e805d594bdbba8b6fb792,0
61cccd3e0a4cc51c0956ca90310c8b76d4f6fdeb,1
4ef9502e78178cea5bf8c633816a695d88450b48,1
cf9f073b26eecf04f1f09e45bb58a01ed397f2cf,0
7df3b63cb3e06a1d6d1f63b68099864df9099112,0
1ae0107b3542815a86879738853d1a079310ae28,1
5111ae7db08a70323a51a21df0bbaf46f21e072e,1
275aab5d863982d464aa5c3392cd99d03e436a80,0
5417810157519d1b08187123e3c06baf8560227f,0
092d2010ebbe9ce82d76e6692d6e51b444f8d95d,0
3dbb90fe5878a4f7efc3b68191bdc4a3546113cc,0
4d7e4b5e78bf027f4facbae8063350a388bda00e,0
097aa30a36a6ed2e53fc81b1fde53009f2f3e8ad,0
f4f34dc60ac7fb90d99da0b73285ecfdb76e3f37,1
657eac934788180b8fbae3537e349543b127641e,0
fbaf1c371ad64089b31ec77e08f4a05fe3bcf097,0
2610570ec11c0d6e16fb91e630859885d80eb4e5,0
c1757779c6b487817e742032f927ebfed0d524d0,0
8f56942301c682373f9ce1000bdf009f5dd6e7ec,0
468efa24c73f6fe873d83feab712f2ed8b288382,1
b2214a272bebaddb88fa8cd80b8b9a9ff51b3976,0
ad794c49781f6d2caf4eeb93da0683a37c9bd8ee,0
49e1f137ebba86fe01e73614202345ce57056e89,0
beed062120fcde8166d004244f04011158304e2a,0
c9e1d29360f4d12c612456332eb14a5792b56f32,0
16938363f6b61f2e81da7492f6022d4749566bee,0
f27ed8f698fca9c6743df9ab4a2e8e51a27ad9df,1
6fe93ed44ed9af0ee8a49023e94e630b30cdeda1,0
59d5f2f52307bfeb7f24e9bac838f5502b53d48f,0
dd2a1841fc7c9c95af1ce1e6ed3ed0ee3587df19,0
17c6ebcfa1ff3ee4739d3b492f57772657955952,0
dd2f1a2f03c30ad9352e1b0ef872fd439fa829cd,0
f1106ca1c1d57102c9eb4401e4ab28c81955ea72,0
9c08168c2d7e156d6227a05f20e89fcf07bee86d,0
ef8f9c98428dfea1f9134f48c9f88fccc625dd7d,0
440ac74e04f48783f424a61027502153e0a9f2b2,0
74dbcc9b909fb881bcc350ed9a95e821ee0610a8,0
53d9d01b61dc20c92698bc35129313693cda9a41,0
5fdb8a39db7461d6e6a1d7517f2d537a3a690677,1
0a08b6e7ef6822cdba6fd107abba870abed2953b,0
11b51253fcaeddd6a29a6981a9cf09ddb6a99fd8,0
2a041e277885fec3729a1d382d23264cd866938a,1
cc95d41828e630c6632c7a45197269d5cda0e8f2,0
f80cb56da1316d5cb977c07937c2794efc87a522,1
3424e42050708eafe3b41b78c9ad2d3d2d82c0e2,1
69ec8f4668a67921b6788837621e8f88cbcd7762,1
a453bf410b8ebf12ad8c009115e3e7dd94995e73,1
a1414f529c7a5d00fcf488c03ba04d4b243734c0,1
177d40989f45197fd9f9669f4eeb6033b73bc16e,1
fc447adfef826f1c27650c3d3129d40754fa4a89,1
f629a892192a8b078e14562f1659b421b54b432d,0
3aab5ae02692d3ceac2618ec0b4514787f4b17d7,0
f010588d53d517fda710eb148e4a2797a7d371c6,0
fc40d1cb651557b36a85bf9c6d8aea7b24a5f571,0
e5e5fb3ebd9d9bd5fc5455c0ec3a867915b3536a,0
d528509c82ab56cc76d827b30834b51f948e4d01,0
031eaedaad1161487e1eba950c1158488b33d629,0
52486f5266c4a5361b83c0d808d02ff7331646d7,0
0fc469b57cf125d1a5d6aa43c7d14a19b752dc2d,0
c467592f55ca2a050d707d7e00efe399d512e7b4,0
271fc307d2eb0ddd5ec3c592a619efc4a4c864a9,0
8b361b413452a1fd461d717677cd57523f89aa02,0
64fa7bc607cd087b9993fe1a6f12fbb8d1f53278,0
b764c1107039db48e77328e1dbcc18b0255a9fbd,0
bbf47defe32ecb6d7a5f5dd12b8aaab80f81fe51,0
dce7e4c095fa9791462588e9d2ab2f41303fc1fd,0
0028e37c1ce23530ecb968056e11a313db842279,0
1ab209f51dcb5ecef9df98a1594d71e811d36249,0
a29a755142f6ffe6cc9147dcd5144d298eb56c16,0
031b68ed6a53fb92473adeae19ca0ddf318bd2fa,0
fdfba0f5807f83bfa36d5e495a6adb75c43bb001,0
a4963fab8e7298d7d78e18ff2be42f7110e6caa0,0
6569b2dfbdd3c06842a06dca514bc861878594ca,0
3aae9e600c2097f5e0848610ac3577182239fcff,0
ee77c44ba5abe5ee0b92b894c9b9cc28c8f60126,0
ad4bde97cd40bb1df614c65206902e887a0a1b09,1
b03921d36548c7ae05ee9a27095ef4cf346cfc36,1
067a1cabd30cb9392bd20fecedcc87c3b689adf8,1
a88c31825151f37d6627eacc3820679f2f0bf316,0
f0ef6dffb7ad04676e9eb619dad489c20d019780,1
ae43c2680ae4fcd9c37e615348bbf8ecb893a468,1
d3d0778c07436fa507443a34d3e2871c783ee31a,0
11ed4603c2ddc8df4078ce9b8ef0f2b562ab4e21,1
a14f8248edd4b4d194f9e106114b15b7eae6256c,0
b0213e869e39206ab0fdbe340479ddfb853542bc,0
ccf4e93bb7f7699d4a87db07a9822c05031af73e,1
e5b3976b9b58dab3abe824b4708e96f469e0a9d8,0
89e0635ffca694d53e990b476ce8443b21db0a5b,0
98a80ec615ef2e76bedc0510ea5cc82e1efcd0d0,0
48e8e7e2e66a1726801d9e7a198bf411e0d8d269,0
131adbbc7cbeec0caffa34427a7f9c0165df68db,0
11722fb101b9f58398c3a2940ac19ff2dca51238,0
f2cb58abe61c002e1d33b87ca0ebb57987198f8f,0
5fe0ddd20d2c0b51d4e8c5240284af50154e0448,0
8b6499b3955199b5af488831547a8a173640f6a4,1
1f9d273472cf5335794a476e5eb7be2191621ee3,0
0b4ce09435164eb0b173e96980524a956896c900,0
d706b144fa9c8450a7f4b460a39b5dce8d041e6b,0
7d564e0c9f74315c096616ccbe7e736b9c1528b1,1
9d566ec1e446d03a34cc3e719eaf6cd6f45eb247,1
0ce8d154dd74ceeacaa7159330fad198ac0386f7,0
599e923d9f0cf7596c4308f04bf488835b6f38fc,1
0c40162c2feef6cd17a553a5506666e1f43a7380,0
2b026a32cfa7eca103e3d89f1d3aea8defba1c6d,0
13ae992c23f9e693903f32c77e018de27f66442c,1
02dde889eec3c18c6b955943efa070df5225c418,0
946ba1293b91a73461d7f3db02a99881bed2147b,0
e3289ed1eb369af04966450fcc28bd1375191f6a,1
f919d930401b3b1b7d41cf5455f649e6d9708717,0
3787473c5099ea1ec14bf1374d37897ce06cdd9d,0
fbeb9d58da6d83b00dc0bb75244c5309b55caa9b,1
43eba0aec4b19ac87e360dbc5d51af5bc15df4ea,0
4301e384b8773c427609fdd2b38b8db2c78e10d6,0
57070635927be6c31e5a234a39603a726f2e4dbf,0
85eea5a83af6506c076b70fe9cc03af3866f332f,0
0016bcc38403424b54703c3ccc2820b414818d4a,0
5f7feb74f2b3d20d27695cbd68d6bd130b2ef535,1
c4df48e565253ed75b1a3070b1f01f1d58087a1f,1
cddc22f28c80f47674e363d04dadf9089411f9d8,0
18baf613e51d3eefff7ddbfcd7db27b4e73ec379,0
8e45d583ee93d357c0949320da79f3d4a4596aa5,0
6c34babbe5a345b5ef0a854967850b626f9e5958,0
03d0a45c0264b9a0d5ced9321b7976e1c0183737,0
439a9c39654d93eb0200fb6b2030bfac81d88d97,0
eec2c4c7982544861b214a1501c75534c9c957a5,0
14164d88eb1b96a8168daef59e9fcb2dbfc12cab,1
be6e4802f402673b6d84166a37358df07a6310d9,0
6977758a3ac4496d7b2395822c6bf51dbcc5ddbb,0
5f7e26a978322dd6d09459ecdbefb7a389a86652,0
680f38995b98ef2c9859c8b9da7bd31c9bc4ec3b,0
2b47976319955adcafcb9f2e117e97ed0aa3b526,0
6ca1ffce843e19ad1fedea1423da61a0d3bfc489,1
f16ee38329b3a87bebce88927c59cf9b658f021c,1
9840e7e0e82b4fe33801bb13f17d6337780c7dfb,0
c0f14e226ec2a08fde8f0eef1e2fae30c056ba04,1
813952e3f43defe3f938ad657b72e259746b5a75,0
7eab1e6a6c3255e1ec4ffcd8441a96921d92109f,0
f90d753d0638596889ae04664690f386475d27ac,1
f845e36c540a9c0329c0b8ddf403df04e5fffcc0,1
53543bc6d7c8bafb1d980fa3cecd8c285068f230,0
035703073783b99ba4e6a0b4fffb1ca8fb9a287c,0
2358ca2953b371aa011e7a2d06400a50858b6022,0
6cf84b7cd59fdba576fcb973c90cfa4eede8ac11,0
eaf7441da082e717f8c7bb69c14aaa1230de35bd,0
96e23c0fca8f2e6954eaefd6f7295dc14795d40b,0
7bc6a98e286c7d758253fd7fcf6b58bd545f573b,0
aa1e8866bb64e4b5f68fd0fcb0010c66745d849e,1
aa5c6387642bf4867524de5c10040ac89be881d4,0
e93f9adf7bd19bb6d842db0cf17a47543c1c2e44,0
6455bbfb6c3d6b72de947082192c3df82e0bd603,0
2d2cdd97a38fa62ec5ed9b093c64b773fddca933,0
73c82134a1c9d6e679c8045243d3756bc96f6c7c,0
3a71f47cf3329046fbde53e53a6fe3e7e4e7126d,0
e37963c2797f075ecd78d8668b86bc32769f2f23,0
1463a4e60d76ce20db742f8fce45276ddb10c241,1
1047e3cdf6c4b6dccf2c841e689631d6e939aa01,0
d58c692b2071960a436898916eef30ffea91da48,0
694d1de4a912dcb1baade3edfecbe6e152c12e24,0
70ecaae8b1766fd8d2ac459bfa5d425448b0f7f4,0
8774e0a985b0ec886a16355053e64025a6110f3b,0
172d1fa7f8635186d727aa55e6892f491fc6ed84,0
87f5f094fbe402f2a709c91307bad7210ef7abf2,0
5e7cf0ed0e5a457e6e180e83ffbafa0b582e2759,0
9250f20144195398b59244198d693f91ffe1b94d,0
1489e60cc82aeed133df2bf82bb1e9c57fdaa8c9,0
8ec0fe03ec3c03ebbb4f5d3a7b3dc7d5955ac1d2,0
c03bc5f6cee66f8a8fbe4c6f11fac42755ca9c29,1
a076adf1c1255d8f100674d161863a843ab3641a,0
fd3858e7e14ba7d9146113d995fc0b688eac7ef7,0
0ca766679cef5d553ce9bc36dee245339c3bfcfa,0
687abc50242cf49ac77ceee8fd3a909d7a387d1d,0
56de34db0fd308b69c2cccedcdac41a05f039306,0
4dcfc2fbb1f5bb475e94bf7ba5cc828416d7c234,0
780ea1e2559f6e2930dbbde6b501d7a116add273,0
ccd24d26f85c0ddd514501150266a07410876bd1,0
fc6b3de4e1f70adc12c95fe07f81faf1aedc30a9,0
1d76a967b2997da6a1c3314bb5c92641e7d3c6f2,0
c2ee7dde50f255a45df33fa273ac12c58e63f821,0
a80c77930fc36b348b02cf035e2981b8cf2fcfa9,0
01114af1653203eeedc6366e2039be887039df77,1
501f19cf0c87342acb3689167bffe3c6836bd5cf,0
080c7fe51f0c47d4409ff4226f3f11c4f6cf771d,0
f58370a13fb6e8c3f4a04233fab5ebd4e8027778,0
43e94f47ba2fe243f28b68193418878843fec392,0
a856bd367ca8a400ac83c148547410529e16df11,1
b2fd164c2ebecc0409557af5e986935baa2469eb,0
7737b36cc6d9f225d466ec5ad0b5bdef4a766c26,0
ebebaf310ba43de76c9a1eab83c48cd75a2dd760,1
0b92157846c1147fc158815860adc0d37f605448,0
c524021b456093efada475f451b68dac9a03207d,0
c7029589f72fe5e9c4d899621efc540a8885a3ad,1
031a9bec882b9aaa8f77ae4f1f1c0ac5607dd141,0
0fcfcfdc655df66ff4a73984425c297de416bc79,1
89112beabd9cc7747f39bc0152be86d0196a84c1,0
20393e09aa9d55017b024151d744f0b306efb32e,0
7ba2d8aa0db459bd007dfdaf3d3900fbddc6885a,1
ca635e01083b9adad1b0aa295b3e57ebbbc34afd,1
83406a3ffa06628244da9d8db2062bab2a3406b1,1
f93ddafa96d62289ad9e635136cea5524e664d43,0
52789c773f38ac201f84e640c1a3a02e6a798210,0
1bcd76f1481af8fbecf0be38a134e7332baa0340,0
8ce02ef872940787d3a949db31619269c3fc696f,0
2c86461512e6274abb57ab13bee6884a67404f6f,0
b3bc7ad11d6cd53f4b01078571ce02698293791e,0
8e0c62929575e8fe17687441b9813f787b6d9eb7,0
bff3f2fdb183ee7005cb358206235232c6c40a33,1
e902406b034de8a2df8f67fdaaff85cc579c87b9,0
9e8140e03a607af14b8d6a4e96154d5605ba53fd,0
cb9f2a2175bbea68bba4c03e1438e7a29152a6a2,1
7c1dda3e750c3cbf4d27036cfc484d19536a06fe,0
fa49e30a5e6315440e989de2347120d436251f89,0
c8f42adee295e7305dc8f9ac090e505c36f2d6b7,1
d1b0159e592d870e925f6c5299b683f6da41ea4c,0
644fcb88d354efce36ad91898661983a3696888a,0
11bd2237bf4e50799e091f3bfa9aba5e50c8de70,1
7cacd4f813e55db874ff08c6a3c46c6a90144dd5,1
fa5cac4449e87b40ab889a22e24a56e4e0fd4636,1
c34043222f2097b547538e9c15e8ff5f6fbcb7cd,0
15a7799a4f61b9e81df96a2146b08445be7249cf,1
90ecd2e1e7680eceb11621e718fd4fbcf4acc2a7,1
359ac768ff39953fc63f9e5977e682c1cc6ea62b,0
b4ec10a3161cd11dd93c9d08ca9b213efc5d7549,1
93199975fa0ed8c27e025df277d2dabba565db39,0
25129656c6826520b37febf946e82495c30818b8,0
8410469603c5d7fe8be78fd3ce1a4b2d28e86bd4,0
a9d8e8770aaa02c94b1976f513dece35de1c56aa,0
6903e5e8aa8d8404f63e42eb3c85a7c9dd850f8f,0
79a860193f63ea1af5ed8dc907bf5bd2161cc9e7,0
2e82cc4a153f1479aceb37b6961c10843eb1ca57,0
191e144e9c07fc40646642e65ad0749ad0230ba1,0
dbfdf06c03be848bfdc3025a4813b1e4c871bf23,0
f10d9c98131ad23413105a9977a478d31caca252,0
0d4f76d6f6cc57c4a3d7ba1459c067328a28b493,0
5085298086dc5eddacb9729b83c293e33bfd0635,0
a8b0d86698e6f12be5a058a7cb53cd6481cbe6da,0
72db2f77d9709742985069b91b6c48c969e2c81c,0
8a9baf0e0228dec25cbe4d017c0f7872e85ea8ae,0
4e0b6de05a4742ac8d168ecf713402ae01833fa1,1
417f6b5b191e40b7ef781e8cb9b2f5c2699a717f,0
1e818f6bbdd569fc592e8255d7c3c42735dda045,0
23b6d90ccf016d23e51875b97520f9eff29692b5,0
f863d668f3baddbbc2cc4af8a70e4eb1329081cb,1
4418cc11fc542245f7a88ee04f391650d2c425d6,1
f8809cc8c8b6b37237a696497367810b544d712a,0
74548d494beb8c9bf6a31d549c8f0f1c94924d3f,0
264763fd844f986d378bb4e1bdae40795410f844,0
ee9ae46b05a2d4d1310e2d5a3ae12d5089db1777,0
b10d0bbead52332cfb2f36e9fa2f25a84bd20007,0
09e2ea6cc8f18438eeba5fdce312508348b01f4f,0
77f538e3057669ed491014ea67c77a5f3575a95c,0
6aee782c6757e7318d6e2adc6aba1f80f89e62b6,0
a81eb0a68464a3e81f1097a3e7b6bcbd39baaa45,0
d7aeb4cdd3d2ef2ba80f2f793e7c79ea94e4dd4f,0
c261fa490e68cf5b38930ff66ce17216d9e45c97,0
e2225defe6055a90f1def6d0b6c177cbb22b0bc2,1
d206d8cfdc9f7bf23db6940a273c3973473e2a22,1
2207b846a0e82f2e13653a042c6f85970db42539,0
8bb7376303a806cf57d291df7ced9bafd658a14b,0
5aeb74f109cb97da853da30d9b9b2ab166d43add,1
23aba54dfba7f64259e176b24b97062b65fb1f83,0
e8058a5417e00ed4493165ffb36882d250e4d79b,0
39a04307e09c89f6d3d6d3472bc840864b8faeaf,0
9bb878d29e2b3b7a52696391d886604a5093cd69,0
be6bdde17268ec755f879384d2be4414abca1ccf,0
d61058de6323f68ea65075f13141a09903b55018,0
a7b55abc7ea87af60bec65a7263ae5b8f01e2070,0
cd7aa49c161861fbf07f9006f1a01e25f9a1221f,0
55a8a1e34c8e943b8c4d7fb7421820adc1cada7b,0
2b331390bdfefef773d00fcfbfbc3ad1897c2226,0
4812bc7c17f18f1d9e1738d15d8b83aa39aaff09,0
00db5573e67938df9296576470d63fcc583b1f43,0
4db13907864a7f69b9edcc2f43bc64e878e8d93f,1
9ebdce7348a1ba1b53bd54f030b1c29f284fb71c,0
6b2919f2436b418fbd77c27e47c48a5a526c44ec,0
71de3f7ed94b6d2701b3575877b45ed318605d58,1
f6c1ac465fcf2d529cc7f8fceb1eb71536aa6d00,0
d0d9170bc06f61c9340e643accc590b9475df2fd,0
f225551e91e3c84f008239d3d62aa2cc246fc722,0
0531f837cba9ad5a34b12f26310f05f593b3b7e0,1
d11b056b34a70e4c723862a9917f6448248e1039,0
f9bb3689e958c58f2d6c373b547429715c555c00,0
41ff6f096ec71f32827e4a1f79975ea06a6e1e32,0
7f13c39483818753e67674e84ad4a33294c4cda3,0
c8f84f3a221173e2b2068045603c49a294b80025,0
293c1a7ea6dba543b7d568c82a232bad3bd7f1f9,0
576920fa5bb22de1bfcfd12e80891bd3f0970d04,0
b6bfdf95516c5c9ae57ad05d435e1941d288b191,0
b2109c1a4b4ca5226490475889f9e16dcc6cba1e,0
5d13513875acfb8528ad7ad2cee1ebbaf872a398,1
667dcaf2adaf722c614973a63b3dec246a89391e,0
39be668fb47d81c62e7b72b54fa9edbec9a9584f,0
08c8089c0c5b4dad2de54c2b9980dd539f37eb09,0
72b3bf9b7e64035b51b25627a5a97a77d838c430,0
866d054e1def0bcb30e2595858036e8abdce4e55,1
7cd3c817e1bbec232e3ccc9784dfb277c42cbe4f,0
85d956d34c9689459f4ffbf5e1dc1f3a4ba84def,0
451ae3e4e7912c09c3b60c37c989e8651adb8e2c,0
d776d2688968a3da89f050235819936fae1436ae,0
25a4549ceb59148ff58329b068c4c71dc20ff269,0
25027ea901d26b45c1a6ad0e0c914dcd788e5fb8,0
7e81d9ca763fea39833f41d5f6d5008269ff555c,0
c997991e46a8f20fc17596f45397821977221517,0
3986e17cf120d43edd97b316de2bd1750290d609,0
0ae8741d3ba3d5c41369d44db4bd51f96cce3621,1
77f44ba2713f1e8faad5f6dd056832f446392814,0
09e6f119f5c7be88e41dad0cccc7cdb53c6bfe2e,0
4892e87a4fc2ad2e94e553be74794dbec4da8f3d,0
a9a2f485e73a58a8422c4f4087bb1f78d45888b4,0
da6c19af5b81473a9fea832d609c4ece064ff0a8,0
68527f750d0577e7134807034723e81b56547cad,0
e645ec831f00eb3a05237c456372d7b07ee78466,0
c978c7f029c19a87cf14b4af9a3dc22b812c5190,1
00731e8e2a89dede2660551579d71595969afbb1,1
9622df2db9f9d798291195360530e2d0ce6e3c03,0
e4592367159aaf9e0b200c2ad8cb8f15422f87f1,0
47979b1a490998f652b0008f51463fb7438abf5e,0
c94b5776c11ce776c2f7977701bba578dbda5d25,0
fd3bd5bdd2ef9f6dd184a2d3c587d1a73e19334c,0
a86bc0dba175c9751a3bfbd0a60b48db4d7c22c4,0
69b8f445d74f22ba99a75c47a38d97d5e85248cc,1
2546311b27874cfb4047b722ef2bef66d248f4d2,0
b586a8123db17ff9ee0d02eac14774fdbbbfb581,0
e0bee37d15404aabf471f1aa2553ad475aa2a700,1
8822731cb3b43458817fc1c0c83df4e7b5e81fc5,0
f20a3903bb141fd735db9b43c90e35493c64d39f,0
25fdafc3209d1d3b40f3c61e0aa6c1f90d118363,0
d9feeca6e452b3e6af77dd59687a15ac9d3b4a12,0
4b4b5a829525acb8d3e64300049080bc8a61a4b2,0
3ac49984ed96fcf25f93afeebe892a9077387a35,0
338dc559fe0fbc666709809fa33e1af95b15474f,0
172095f52e1436cfc8a05133c2bb88c4aa5b9dca,0
95bce1fb29e7b28799f2576c57b48f17d009e3df,0
b9751024d01d3b9a8f62d94eca7e4ef70d268ad4,0
3c712f6fbbfcc5478c87e12bb3a458377834727b,0
8e9b5c0e7ba418a871f68b17816f3919a22fdda7,0
22aeaddb5eccbc65f921a8d954df0689de3033fc,0
30c4f3890d8ddc97644f30485e7617d9b39f2808,0
70075bdf4a8bd364255038877c3736cb577102ea,0
fac4f8d2d6c980440cbf582f3e0bfff3055aab3b,0
f74b10ecada098f642ce1c6b67fa674455881096,0
7fedb2b1cc7520fdef06637eabad62f6cdeff01c,0
8b34e1dffc5d91f585f361913c3d8143e2dcfcc4,0
4e3962a6e4052ad9053cc5a7668fd03067b44a30,0
07ea8e7fa2c0df6cc334cfcbf59cadae4d3b40a2,0
2608220ef704f6bd5559cfebbaba4e7b154150a6,0
e772c80ab2af29c806614e77627b91c788127afc,0
6571e5e33f7245d670fd92a962878217ebcab260,0
6658efcb5fe03c2d093e2052cd6e59dfda25e4a6,0
21e376f8f7a0dd7aae4e1d32cdc5cdfc85615d72,0
f5a4e148c51d8a8dbbccb836974fbcf6d04f8cc1,0
5c40d53bf09db452c25d95244aee6b5c65cd2dfc,0
8d36a61bb5fc171f043d1cdcf8ab0b6c070ecb85,0
73031bac987aa02325d53b795400c1b674bc086f,0
8348f8b8dc68d6d28f1a4d58800374bc341989ef,0
334b68718acfb3bba40a5443bd3244172eeed4a9,0
0894baec63189e9e5fc874535a478d4723e02620,0
379d1bcac32d75e6c7f32661b2203f930f9989df,0
ef737d3ad11decb5d78e683b9eab8eed98f25e0d,0
b5c1a4795fdd3874fe586f67a4258b6e94f4f35b,0
c9fe5f02aa71c008095dc47ea273797b95678297,0
d1d8827200a3b7a669801f28f825e2131e309df6,0
f253575ee732dc4f92ca4c364e5834e38a28640c,0
47367eb9ab75a06a1b2606790813ee6cb1ed6196,1
b75b09afe0be9fd009b1290b5ce75dcf1144b226,0
b05d73a0eddfd0c8e5da289882165a9e9c782e12,0
8cd3765a60c0c7e516d4d1c536be24911dc83f34,0
3ed03687f9db23c1b0c0b05f0cc999a94a9b4f74,0
84d0246c92ba8f5ca400c961a0dec359e940649a,0
b25c0aff6ce89649592fc67cd26f02c933de3367,0
96de49e7ae7cfe951e590887e5f3944752e38581,0
e84bafdfe578c3867102f3725a2eb3b9a06d3699,0
512753f3471da2c36b3eb8f1e27f8537f71a9de9,0
443e9b36965228f281b3fa3212baca04a486b35f,1
6ed0e0b718900053f27f3176cc4e10e1aef2574f,0
89d68fcd9605bc674761e86b6a3ff4dc0ad2353a,0
219fc47a0d659bc26b5cf6498fbe6a4f3f8b98fa,0
3afcf2d3811c0db72cb67dba1fc36e0bd872f369,0
abbf6c11a9f4c69c913ec87f75b7ffcaad51694f,0
1d8edee23ebaa50fdcc610d8166205bd659470e6,0
7c2ce42936602f10d2aabbfeb8b9789aeb7e97f3,0
cebf61b873201dc8e97674c15d48bd954fe05496,0
826567f82656f830d5323926911a8d0724c9d26e,0
d43152727584bce7a6a7023c9b5f308e3aec9734,0
e246e1e1263afe4d1545d787f09b0931abcd18c1,0
ce552283263292732ffb35cee9b20141dc1fbd98,0
8e74bb298e329f1f018e269b892c7edc8673ae5d,0
24bf34b652c64ce8b1245128b73577a13bef1bbb,0
9c6e4b04216533a4f4f083224faf13d220f3b2c0,0
3e439de47bb1bfb8c022bd2a7b3022fbb66e6849,0
1926fbc37910e18c90bc4d1fabb3bbd8bef3be4a,0
cd5c0cdb42c0e49de4722f39e3def51dc9b48df8,0
1a99abf1cfed6a6fff901d3b2e54068ce84192f6,0
8766154678645c4b7f45cc51c94df042a6d02ec3,0
3e2d12ad711331abb7b3560c8e51a828dc79ffff,1
20c35a1d87e9dc3b530d2158ef543799800013f5,0
076630818f1a6a462781efea8fccfc43bc20bd14,0
e0ccb828243b1194eff6c8af84abab80373b2375,0
4332582e883978be2fa4799f64fb44d323c43f45,0
f325bbd0d3f8488112c75e2ceb37ad91721dd19d,0
91a7f67d80df1f8aa56756f087c58cd26d9dbfbd,0
c9ba0a38d3cc969669ef89d1e35c9e3f50c04c57,0
332399a528d6fd460f85cc5d226fe36e64ca88bf,0
e92543334a2676436ed02bd9ff4400ec9c2a0892,0
6e2639fb20e37f3a949d60e8886e32915780cd10,0
4aa1a9cd4cc98cc8caaa306660be6b469a97cbde,0
76cfb62b92ae3194d6a6b3b5e36d2e4c706ff463,0
8b2c1cf865abac77d11b320003d81da8bd778a09,0
f491166adba3816ff1e3b69264a15495ed3fcbe9,0
70d01514525b49e6e6d8780676a7e4eb713e587e,0
8b1992ee2ffefeaf763477216241a02a80e0522e,1
cf7f46f6546b4f7c978584ffca3e18ab97dac0cb,1
30426cf21e4de22096d5fa2eb093cf0e8dc46cdd,1
8e8b50466bcb8fa150fa74ef13f91511dae68c3f,0
93e3168da1aba3523c1a1006cc8715f81881dd90,0
d43b3199020157f47f230f97d626f70846e1e3dc,0
34f6fa8a783b6754360975912248f1c5e0e88318,0
a3ae0e28049d88878dd9cbdf022d3a338b5ccf9e,0
0b3fe95c2b6d0ff3a67e217862f27e364027ba43,0
d35d966e65b1d81b7a9822432b0d12e10645743d,0
3401226d407fe4ec3377d9d334c03b24be5ce20c,0
e356710ae4bda1ddcb7ba8ac3882fe4059cec7cc,1
9114dac200b8af078c8017e272c3e43952fa09b8,0
0b1885821a78da619467412980aec70a365115da,1
5fd988cfcb5b4df4a1dfe3af13027140964ccc00,0
fd27d2ecdfe2da9b623fb80ef120860fa1077cdb,0
8ce98776ee559d73494a449ff94a6eda1f77b4a4,1
0dce2b5285c551c610499f28968790f6dc2fd25b,0
9a51cf5efc8b2b345a02f4d18e5800ca498d82cd,0
f085c587447f2f9b939b153fc0b1455a4d16f261,0
95c2d8bbad7ac41ca6882c72bda7d0073663f01c,0
4da8084e451787cafed959016aec814127f0c7cd,0
a2bb66002df3cbd92490a437e5cd15b27f0bdca6,0
035055e82695260d05c07cdb6cc4d2a5a04efc68,1
87b920c44bee6e45790e241d21b1fdab24289ae7,1
bcfc9c2602b35bb4a6e5012430b4bfcc36796fd4,0
aa3b4bbccc1a61758b848543122c8e4f258786cc,0
43db5237ab2a2dbc3a79daed10499bb4dbf92a4e,1
6d98f1d5f37dc5d46f6d2e27d50fa0a9b6e6a078,0
f62d2f059064bde29c49287befc21d75954c1974,0
c6bfb2599758611f2afd6b44804d8b269f0fb361,0
ed86f124d6cf2e6b22d9033fd683aaaaa22f321a,0
4926914ecbaec6a092f2398af3f5e8468f5f53b5,0
357851bdb1830b1275221b28aee676f9860e1d8b,0
5596790adb3cd681681137e299f302b276f082c8,0
0786ecd354d259f80470086852fa462e0b04e625,0
7f7d37421a1861260d90b68745d981fda0aabf6d,0
d793a1fd62085140b26348ecfc8f1132a1014a0d,1
7f9f65f7e2e8ec0c52a06791144bc0085d50540e,1
c7767ea25b004d44916cbc3eedcdb4601222df7f,1
35b8cc4ce3f71d4c130e2a9cf13d2b77ef73ff9e,1
45232572e2ec22080fdb266f355a11120931cefc,0
61df6f8b53961b4affd8f99ee5c4658b13805dab,0
1f9205ff8420ae76ba61e021e6e51d2b4a7f39ba,0
ebf4847c5311a087d5017b08add067c69723b7cf,0
87f80c4dca3a0a2459fe1091c93aaac1ea38223d,0
3a8907682bcc0b41d62600cff739bea24677d18b,1
0c1c4431d22a8890e5523dd83d72815472228a52,0
4f1528447ccc588f9ff6dbcf98ff3bd587c91c25,1
c8ecea62ca2a290de7f200aa28136e7a823edbb8,0
3b19309d76817dfacb40299b474ecbc27a471e11,1
9410b31864bc0bddb53779883dfb15763abb5ade,1
89d6fa50c5ffea38ed5ec5897112411e223d29a1,1
f3506beb79e5dba7006b395eed32331a9dbd5957,0
a86463bcc27315cd4381bf2e916517f20f6b5dd0,0
bdbdb49acee25ef8e4aae4b5585b0cfe7ff0e5a4,0
3f532cf5c3c5e4ad8d925d8fa4d2ffae7738f036,0
3d97997494b6c70db6c8435d1a0edc1c0ac3972c,0
89e735ed4e6d76aa28209dd046d278a2291361c8,0
9345b31d1511906438eeb796b26ee65dbe964561,0
858d38ddcf1ad425fb4123e51449ea261d6a8882,0
ccb2c966f9df6bc9f0c2d9495e9aae056ff59935,1
96de08907ebcad95398039eeea1793929e6448fb,1
5943137656242a53cf2b4fb49388f684e378d280,0
7edd55554a03d7cdaefd12e4a319a0059414fb99,0
b612cd4156b31e527d5ce1d42d55ea0a23b5eb93,0
f133c130bcc145f580a6eab03f82361e10f4d116,0
da00e1d426d40dad5800f35b1c0bce4f992cf12c,0
77f8c186f20ee5f84776ba86a535dd4da365b14f,0
9e100212ceae531cbe14ae9e20464a7b37887b6a,0
e81e45f27fb6b3b4d82baa473e90e49d0317b77a,0
98732b58ca9f67150193697e068c986cd3132734,0
d9816dab73d531eb1a6fdec1cb8e3efebaf77da2,0
85d33454a1b2a43c44e81f4612adc05ad2f7a14c,1
43dd7284cfb7f04d71740bf7488fbf46bc1155aa,0
247c97f507c7ce3556f040624b6af28e911e6dfb,0
a303646251526840329bfe81d0c5d7bc306f43c1,0
7ff6e3a30f0ef1589fe058fcc5a54b1a07fba3eb,0
d33605dfc9c98234db8c330aee889d6cd4e0ba91,0
e758deb5e8e188f565d76b93ad8dfc4e575b4a4f,1
e00c4a254616e100b02b0877f13077a30edca0ae,0
2d17989e282e67c9c37153adc4074082d3a38b1c,0
1f0aeca4d5045a51ebb8620f8de6c4cc4d70602f,0
dbe97c09cad3ba2c7473c15778773fa4d071e7de,0
a1e6b5d61781d6206cec255c7131e6eba96286ab,0
6a0ce20988be77b95529476ce3265ceccc07e16a,1
6a5bdacba35a4e27c15b609e12a5fc829e19c2e3,0
0e08941e690eda9b6573e9c5e012c9f8d9539d70,0
3d3276ba5a0166bc46ac8f0e829a71332fc512fa,0
2445ba85ff5f702cae964ee33ccb4d04ab698406,0
f434e7ba71f1f75cb0a31e78d9054196e1c5375b,0
d381baaf330178e08595a7ac72e4c97729fef4c7,0
82c4c69189bd71c575d47deb84814ef218ce2f89,0
f5d4e8456e8e6286119f66d7202cee29fcdd72d0,0
af6aba957f4dc4d19d5f295172b4ddc941ca1681,1
69756032f5cd94fa04084a30a071e7fcb5aa2970,0
9af8bc1c405cb5ea44bdc0e75617376931d607b1,0
1ea34cbbba3c622446dd736fa42b4671cca7c02d,0
91a22bc49472c0546a3aa71ff0351edaa497cb95,0
4c1e760dd8a93c118190c41bf911818ccf29ff27,1
5d5af479953f8282959a0f9acbbcfb67c7d9a403,0
2cf366c11a9f651a72df31f2841a910e8321dc9d,0
155533d20d212c99050e417906c5e1e02e098516,0
cd63d78c4adf4fab5bc09ee5dd5319c7e4cb1243,0
42a2549dc07e9e611ed439c5d2ee76238ab1bcae,0
d27569f61a49489dd72e4b8a1ed4b0648008b3d5,0
243fb789c63e342d94c91d559bcf05b3ddabdf24,0
30ddfad67fed59e5c61d039f0b4c5be697d8ddae,1
97adbab60069617df4a547d9760618afd69af437,0
51af2aef0ba28583e92963630e639d6a07b8e56e,1
9ea271c0c7027120638d59f0c022594dfe10c7cc,0
895cedb4049f691516460a6f39eca37411fb5dcf,1
9001aa26130dd9b48d58dd7c8aab9deafc1154d6,1
8c6294dd70f986088262a6b75a382cbc9e980543,0
a0aef72d875ab7d1bd2d1e6ac93e282ffbebfc89,0
f52c84195f84f823323b893bea527e60154e964e,1
2a1cabe16931478859cc55437a0ceb14558fc9eb,0
7e0990ccccee73e86c8aed976047e7fef65e27c0,1
6c009fd7820c74bac251565bfee7999bb831ba38,1
4bf65d47327f15d1507f2d86e5b70edaf32e5d6d,0
4e070edf4b6ac59c5d37615c832721cfcd83f6f6,1
59b77af292918b2f69a94afce014786c25228940,1
b1a7e16922cbbf2f626c7eab22320791680166ab,1
b870bcd7c0e924533ede784a14642c3686470ec1,1
bed05aef0eb8fd42ed5acc7f2b89099fd5dfb586,0
90d076139e9e33795c9c45c57b7b1d820988f4cd,1
b026fbd30f94b5d0a723d495a701e08fee803a0f,1
7b88508ce9f457328da80b1f8506737e58d5983f,1
2a94c6d2e53d5ff37fbf33e0ac02cc0e267827ee,0
f59fb4627279c98577e044226eb627d35deaa065,0
25b9bd6244e86f8c43a484f3715bbee83002304a,0
7d9d08c4fceeb1636abe338c6b8a54935c36b09e,0
61dd85ca2f57884672e20e232ff1a15fc1a23c73,0
0dd253a756b2cf808ea9c534f323a9a7d590cc74,0
861a4236aa437837da98d95ea4e98b86c11da065,0
1206dcd4017657c6fb01b2e0d4170ab9d7d7ec7d,1
5a0ff3f957968082061b675d75d36917de1ef6ba,0
54b752653d871b7148cb1af840a72076ea396056,0
58f50fbec87227756f38817d2068e5ae3ca7f7e6,0
1afb92a31c8bd3d4d997162f7675dd8580ba094e,0
a86696a2b06fb5a779d8bf7340eb9fbd938201cb,0
e1d16303510a55bdff1d61729995b32566e2e737,0
90951db58ca0f105b1c9e0a7dc63133e6c22ac2c,0
f251b7e9078ab3da86830101b9b7aac24d2cb519,0
c9ddec3092ae1bf063782a999642615e1930ddb7,0
d0f7027c7e8aaabf2d64225164e7c104bea91922,0
d516948613f88096cc224a8a98732410f53193e1,0
10e73ca2d2fcb838342203ae6f4b67e6aadf220b,0
0d38944091d0d381aba0f804c2c3006d67c85adb,0
faf34a0bb7dce2d0bd9d6c805bb1043eb0b94336,0
00dc5a868458255839d2ddcda567bdeb21dac367,0
18f71280b590d04ea46aa4b10eed6861e3208794,1
83dd0ea7b81de0dfdce37c9235979c2e81fcbc8b,0
eadb45d1a7b8b16164171c7caa171fd9f911a414,0
99a9ac4d5e67a0448bc3ed8a00b999301a3d2410,0
1dc0785f8e5f1f6cc3f1629cec8f80c51636ae52,0
80b915929800895e077542c348c2e30671d006bd,1
0aa557cd562a946675824d588e0139a08fbb6712,0
20147cce8e68a623b3112d472a8185942dce7463,0
4be9ee9124320ffbae804646dcdb05948cd2719c,0
fe2bbb876299aa5abafe48d7feec98c19a22eeec,0
2a3cfe9713c2dca4ddbdb1c7c19e545c10b08bdb,0
a0ed6f4f2756ef241c494ed98c4e7370a926fe7b,0
1f09b460376051a93c207d1e12cb8f2ffa498a17,0
d5c3e4d3fe44b740061fe4b0d613094fd4c01db3,0
5c66eeae0d1484962084c5a404eb10dbd48a09ff,0
d2d4b256657a8332846d4ae288d15af2da60cecd,0
5c3606e55e3467eef6bcef9348882ba89fb2c7f1,1
b78e65b2c4ca5ca62aedd375a0190bb8acb9485f,0
ddac6283ed2b7f3d105adcd8e77ae00c8f6fe948,0
ef1464b9215f59886a2b452c2f77582ae8be3c13,0
ddc484468d12802108b337b54d67fa855ad7eee5,0
f9c8327a7cdb01af35608cdd14ec87c5ae61c512,0
c7bcbcfcac014b4de5e213cfc04794aacd256896,0
36122d66d08a33803f056c147936d94213f6d2e5,0
6410b62b3cf2ee77e968b4c45a0c7b5db1d9b671,0
35f0c6f6ca2558d2689845b2fdc87f2b558a9019,0
81bd0596f2d56cf250ec75d152f3034da7031e7b,0
8df8ade07cd3b1b4a3285163cf15d36fc384c612,0
39acbece80911f929488b100161fdd63f2fbcee3,0
d8589d902ca9fe6a5616a02f3dabbe67c3b33bd7,0
49f48c2df48662d3f48f09cb04d267379bc249f1,0
670b91caba605fe85cacbe230107204e48c93f13,0
e4aab311f0560a4c975170cbe4dd230c31571b62,0
55be165435e580d169f6b4e9bc54f3da9cfc4f64,1
9cfd4409f9231736b3db262fa11229ff1a77fc5d,1
48cea59f38754b3837c50f9b87e89bf6ead8dd53,1
008d16ed5bf041603ee562e48696e5b0f92a4089,0
a5c0361ee5f851c59b152d90b31acabd7b4c28cb,1
2878a430c1edfedfc9bb856580a83a0536bdc033,0
2d06a7ce861432fc702168fd4c94bc00ddfc39eb,1
9949f090897b042dce8fa86830f40d11ac7701df,0
7f89ab6f107083b47f04829fe86dbeb8eb66fccf,0
da306cb3c82c501282d3c82e4af8a7732da8a05d,0
402c8e0846d5ad865226a7488c4bbc803e685719,1
3bfc04d7a3cbf542bb1c0780130e3998d963df3d,0
5e98ba2ee9041000132c9d2b7dcc92004738fec8,0
d5ee2f1ca5ed7566905ed04614277ffe1ff18324,0
80da42a808874e691f70654446477421edf53e46,0
feac7d3bc7a3246bfa110fba17d1bf8830a629e5,0
0525da4d6cf6a3c812322690e1d500a2f425b5c7,0
eeb224c2a6c8dec3d306cad08f9eeb08a00755f8,0
3e480bf2ad491062e925016973e0dc0fbccab2ae,0
c09f7744fb5e23afac6d06e4a181b33076cf25a3,0
8f45918465c1c992d55fe08f2d7e49689b722b38,0
8955311526cdbe505933f34a6247357f24e4d147,0
fdbe8e7849d54582432c0bb85ff4c7da1d169e5b,0
17b30f39f38d5bf5d0b213f15931ba0792311cfd,0
73ee6c3d270a91bd447f732b24c4d65169b0c8d6,1
9bb3f9b9a3e513cbac7f02d6ee97995d741d09de,0
4920a1da320677108c98bc191bdbffe7169983ba,0
4c50eca073c0613d89e80c399d35dd90026fe371,0
fd6d8a4a3db42c950e6d6d0267fca8abf15b4325,0
268de4eadfdd3b73efa2048aa010e1eed0270bbc,0
b3bf5606280fd607f2e30df32b0b0a290e321a72,0
0cfce2932d2ee0c6f0d5cd642a86acf9135c95fb,0
a0be4d2757a1e72f9b63eaca4c8fffdfd2ca8f61,1
3bcf7382205a164a2725688fbd505e7494205732,0
e7d0572cf8cc64d6fe3b972c3280f6d4b097b1dd,0
9503cd07e9d6c0cd9cc913fc3aedc39187872507,1
bd2144eb324824ecf40a1f883ff43cec8887d345,1
7722d187fc7cf64b18aeb1c14df85f823601383f,1
4a6b9f65d00f2c6a30fa0aa431535017f11d8446,0
68696f5232ce124bc71589f035205e84d32d520a,0
e36ffc4ce7c2e35976a1e71412c19c6210de6702,0
41136c4f008351fa77dbce05d0b871318463a9c2,1
06f93f25515ab54666afbc0fc8f0a0b98a3c71e4,0
1d44ada55f19080018c54b92f56b34c32dc33bb2,0
bd3497be7934b20bebed04879b012a8bac838294,0
1921f71345ccf2971383aace5cd819098b321965,1
253e00baa9d7777406bb690a9d657f645f272ef3,1
0766ea1f695da2de6b7889648ba8b7a7999a1a42,1
e2211f3db63dea49a558c5e313b7b192fd891b1b,1
d68d21856dd624d79632f32ef45588da72b3ae85,1
34cca2038ab95a3c43e3d385ea3f83eddcb9e87d,0
bf37701b41025cb5e52a3bb1f75d4065524b1d00,0
5203441765cfa1b7c272bc4f66960a0225b5c636,1
47a26bad34fcbce6bb8d27e6ea30bf89656cceac,0
e7d21364b5dc746f7086aef1ad6a0e1851ced2f4,0
2d97e5562318f710b809aa14854a0321ead17ea6,0
24b96037694d67f3e3a8f0fec74a66c9f4e02675,1
9a05c7404cd4bbb41d84b15eaa157068f08590eb,1
a4452d34e1a726edf24cca728c88fdcf24951277,0
6d4516cccc1cd836e6a594e2df9a3c920ef177df,1
378587735deaf88f6b3f98ef1d6e94dd5db1912d,0
0cd7de5283b8c96e50638f2480a3b2743714247e,0
199ec3aa9c86aed24ecbd11adb674b73dd16bafc,0
cc411622e99d4cfe7a94f8a04bb0fde49fe139ff,0
713af7b691bcf202cf5ac8704c58926b656ee223,0
e329c3556ce0b4a87568f3783adc193719670560,0
70cab8f8e6e4944213fc1bf1fea206635822ec82,0
9e0419790bb825dc5589e387c24c97e91a74c04c,0
6098de63f7530fe24616a14ba3c00429ed8f2254,0
e2c43be20fd11b604dea2fd51d6d7896b113ac26,1
794221a9caed8e36f5423be97636a807c6091e9b,0
82c5dada6f7b369b69c383aa995f45578325e139,1
9d8cc76413c7d0463eccce41a46153aae4946710,1
9f2efa84a2db851d30fe889fae85250742399ce2,1
3734b1e3ad1c870cab29c59e7a724299ef03de27,0
d129fa0e4a0ebfb2ce4cc5f11dfff471f7b7a8a5,0
77ce33145faa0e5402f7195bc7829ccfde3db077,0
d99a9fcfb9fb1b5ee328f27bf5893f285ec7ee2a,1
0de135be9c682acedd60e465db0d7c76f508f297,0
81b579a7ebbda8aadc7b81b9d14e9e1405984d5b,0
e11a2eb63dd7f3fb14eac0d5f2276450e4db7b52,0
23acc6804d75971f390e0714c4db83d1cb234168,0
8ba5fec31d83b9f9df973537f7b3a788e3fcc987,1
d63c271a8c78cc4cf17168a3157751aba6aa4b2e,0
9263c5eda795e3303f034a8256eea8a3c307e27f,0
5f0560cb6004e6b12599f10da6a77a2ce5724f89,0
eb6a2942c08c79562585b28fb19b05bdd26e050f,1
92a9a68b72fd6b6b967974975edd2bff1def305e,0
fb2548b304f9279ac2ff3df9620424adae91e065,0
5dc5e3c0e968753c9f8d5d68498f478dffa7674c,0
b48f4effeed02d6e2977ff80d2677e44068db3c5,0
408466f4046dc6a7ee218c7c780c2a7ea2c5a91d,1
49d5add385d3e880112c31a422f34700dbfdd7c1,0
69cc0e40e6a67e9a9d843f97350a5031bb6e8ab1,1
6af3b80369a62de8f2ee501998d1bda4585758fd,1
2e862e0c473cd2e72b05254b89366ec64af7cdea,0
3ac32dd142df1d1e0a5a36f224dcc73b1fa066e5,1
082cde8df8f571af59b1c87d0e7196f27424b41c,0
e5c8e4a225d133d525f41f497257d9f127c6a9ab,0
f810dc36457627355dc36e60f523fc84850cf5b7,0
ccde85985d2cd95afc21ff2a0f9e274b613c77a2,0
6a1dc2997c42475289022fa61e0f4bb7601a6483,1
e180daa7487eab41e9bffbb1393c3bc5f2a8ec48,0
cdf3c5161e9fe236f3d27ba1fff2dc586b7d9d59,0
076ebc6d17cfdc5d32639236fae3d5207351a126,0
4e443f9cfcd22ca1c2533e0ecba54900305e7b80,0
965077e483db572d8e7329d87758f743e4ec8481,0
4b0aeca9f298b593ab59f032d2dd0fe95e569927,1
5b83eb9358fea34692be7e712791d19fc64f352a,1
edb0e8d284c8f80f743c09d5e0b78d1fede26e6d,1
ab7745f98e623f358d30dd8225ed786589ce8f32,0
67bdcb0f1aff8057c5f6fffbef0be8cac818e5a3,0
3c1f752b2ab6354fcb4ef7e53b6f3630b4e24a65,1
3f8418c6546a6f92c0cc5529684d8316cb1bffb1,0
bdf11dfa919d33977cc1a0f1e6572b082e48336f,0
637d681789b12e618871140154fdc7acee7a181d,0
dd9f463d68cc776ad1c7897f5caf584241a4e87e,0
eb68e2a6f2054388990c7c772cfd725419a3a3f1,0
f64ecf1cd76a70dcb78b225e7db3913c9eca559c,0
8e54ccc4be5fe3c1c6739a7b670f5c9de24b606e,1
ae7c590d5950c62ede8a16c2b49dc4358a9cda59,1
1a3ba6816d0ee660f6fcc7ac413edac2d43c0483,0
2ba51c13fbbaa539c8db5448fc0ca2429d65c239,0
4ecadc12ba1ef7a91b8621c967c362bab495c202,1
804ccc397d7f4a4459db31487e82d2e97a4033d1,0
47fc18a02e12639b07f2817f213ee45bce04bdd6,0
ff33134d11ba92f32939a460d295be942e83dfc7,0
a50e6215b2f2227bce89adb47f7fa6a90a3fb5d3,1
e8a0b41aa3eec7ddd3f1cc1d41de006e08ea57d1,0
285f6016bcc796d3ff765748fed9e5222bef58a1,0
5b89f3d89a73782fc8d0761be81a659a41b7de7f,0
bb7e7e17087d9c7eb1e402ded15ee181102017b4,1
e6f11e0ea0f4a3c2e740687e328f0661788d687a,0
2023467c0595f2561be7e5874e2bcaae972c37bc,0
751c151c49a24cccf989ed6abd0eff0b3b915e03,1
4c63a720535736560ec6ff4fe7a55f789dd15fc4,1
bdbde6db66fe96223f7d4e5f3375def53a35793c,0
85cbed66ff3353d034568764cc91c30e1aafad26,1
2ddf33ffc39f1e6551e70a50ee29b520391d2094,0
6f78d8a02b7ca1a31ab3aa864fc480c655b01b5d,0
6954fa7b30af5e7b996f0deb824c61bbab1d7d1b,0
d75f82637a266b17d856f2147c10332788cc08c5,0
b6f8afe1539f66817c6db2c4dc12223f68b27289,0
3c27be24354cd5f89a63d0afa6868d3a08a319af,0
c6dcdde0070d30e57d7dfcc77e5300479cd35318,0
09f7773b8db69e5e1d5887606ebd6258fa7a696e,0
d9bc18e804bf754b8cc11c4ce61a5dc1b9cda242,1
0c7e480658f634a69fa6cff97783e1e1de2edc77,0
35b2f4c8cefaccc218e8a2e128e7e93ee4849af3,0
c23e693049fb65e9c247c0094f85d8fce0e69886,0
ab5351374121f428112e5f2cd1712f8d0edc7d62,0
69819f878783e0a61c38bceea8f5c06c6d515bd3,1
984bc76cd36138514e8c3c2cd494cd952d22dd13,1
c2d07cc3f0eb7db5e45c21b1c698715e27fcb64e,1
7ce43857cd4a03807193b132cbce81eabedd69f3,0
158a5104d05c7e108ed1d826fdf3df22d0cbaee1,0
5c40090fecdacd9366bba7e3e29d94f213cf2633,1
9247caa92e300a8797f086c0191939bfb3b42240,0
5a173ea8e912c8d5901ac52555a4b9ce3fb5343b,0
a46f4fec1d649cdeb64af142e669a4ef40346f9b,0
f76f9bf04d36c1896a0f2e4a7db92542b727f38a,0
601000d724671cbf1240f41376a61cca7a61b776,1
63252191854d127fa442fabe9cd2f0a8eb0dcd58,0
a99f7965b34b8dd0532c8d6f5e592d990ca220fc,1
2f50297e5eb582ed50e87e6801917abe5a30b3c1,1
6c4d516563eec37cfbf0e1cca768888c7188f2a9,0
95af50ede912bf1b81c5bf7a6feac1bf61ee890e,0
891b71ff2c20e4846eb5569c3b1103f2243c831a,1
a84055c530743f8dbd135ff6b1fc3f36886c32dd,0
849db69b66128a042af6663033f73a6d70ef2e8b,0
2618ac4928f25edc0795912ece602a83679510b5,0
33113bfe794f4ad2b075cb7074f23a56b3ceb66f,0
14dee9055c16f3468e339ddba8db07d77defad54,0
01eafff113ec114209a9a431037a07388bc17445,0
8e3f80d77e1601a875446fa8ca01d5c10cb30170,0
8977d080169da5006e98cdc6091d53a1b2549aa9,0
010e0a3f2e0f00e0eeb79e80f930f92aa0449832,1
725fd755a1dd5d4fc23421ec643908fade8e8248,1
4036dc881d3f091d123241e4e3f828930abacd13,1
af15108a5562af8eb65de54ed6e9c476bc5e749f,1
24968c2cfa8921f6d84804d91b5e05c3c882850c,1
efb0f348e6fa8f8d18fc568045371a3f16a10958,0
62e0f078ecdfc10f01d57972e0995ce48eda9e97,0
706ed81a15355e920a8014cc42830cfb89059740,0
d91d14530a007b0fd4cd159bbf2caa60c23e37ed,0
8d72d21954a53184cc7d9f29866b5c2faa2b1002,1
5fcc8e86ca8601432101fdbdf5a47992b9d436db,0
491b26ddd197b5efc8326c90c38ef991aae331d4,1
0018fa8273ae8acb92ec4adb804ab5781cb8be85,0
9c4166dbb25e1a0b53e0d776cddc9feececccc78,1
55feeb72b96de4da9cc3535762ddf6b9d04209f7,0
ef292354c6cf536285bc5e158bdca53a572272db,0
f1cc6ec3ff267036388bb2b9b86e4f466e6c1457,1
3d82f12dbdc8fbf971b61a360f2cd13c0a4fd8d5,1
26c6a7c28f95231873661e5b0240392c0662b202,1
89959e286b63340788af1c519f0f7dc9f47237bf,0
184c0b4d2ebc90224deb6daaad9f41e592dc97ba,1
ecc344fabe462a8e10b241e8ec92e8d862608cca,0
ee927804476b8cadc5f5cb69dbec63c76230ddd4,0
f6a7697d25192411ef3059d9ef460f262467a3d0,1
31bf101e023c87ccea92a6e9b06b21dfc403d9e8,0
24bc34a7afa80e467be83751c504943f5a57c175,0
925d554e92bc3d3452dbf10fbcc1d957780adddd,0
01fd4c6faba355f41b62d400bf977f3107311b5d,0
2bc43c9abb3cf8c524299670c0c1de12348b1fbf,1
b91dfd1a2c7bf0d76f3badacc1d4d525c6aeba7f,0
5003e9c501f25fbaf694424d4dfd1a82226224c1,1
19248809e78867606fe25c223ca9993554b1ff3b,1
3129990f428d5ab3de53ad2874451a5e8ce95d99,0
bd5f9fc92a44708dc5001b31d47c7b125d408150,1
ecb4235c7743a8f5619e376cb8eb668598442dd1,1
a2fd0909958063ac6719bdd4e0081058ec0b1603,0
7e42641cce04dfb9c5a8022001054ff4b6804073,0
f9e7f0e58f75d3862655ea1f7110e5c5d7e8c956,0
3e88bc3ca597ea4ae0e1947e2d5de7f8ce34c33b,1
f682f4b0f04379e726f14d03e76605f7dda106b4,0
8846220cf52b01e6c52b17f82924f102f62cfd9a,0
21ff810b471af9e1a47d85823354bf4e4c353d53,0
6b8ba82f14911d207adfbfe36f8f36c7697eef09,1
28f37f2b4d357656f16b1bf1b5ec36cb90d63d87,1
de74831603fc57cc566022384a8e5efbea903ef0,0
9d3dc97c25fa0a2f16a26d934b61fae3f7197a04,1
e19abe9bc3b3edaefc76341657fbdd31e56a0adc,0
dd1a5f5d69f4c2e820802094abc487191403d5fb,0
8b1532bd3a4c8573221f4cc0164b442cc274a170,0
3a3889bebc8a15ed27dc02289fee67628bf98e05,0
d0fed98d52e37255da6ecf50cdef65cea0303c32,0
d5fd07f8778aaa59250fcd20ba5c5e84355c0980,0
6c37e6f68232a300425e9b8eb790c8f0de9e463a,0
3e9065d2df9c937b71039918337c6b5737dca06e,0
4f24da86c743f5b983adb8688933be0ed6c19f6e,0
f9ad966250e93b8b15511620defa346ab60d03ae,0
0cc87fe88dd6ff6b82fd801be774ff20f2fe764e,0
b991b3f9738b6668c0a1697eb7b83ebb304f4773,0
0363b6f7d3bf82365fc18d4c454ebe77f9beb3d7,0
dd871131029c2bb22d14a37dccb6f49b716f9e7c,0
97883eec49020ca72d4f4516f34352555c7526aa,0
7184f0650cfb1191b7bd9bd5aa84f27bf9fd4a50,1
7477a1e08fae75215763db8a837b8ca2a2bc9e6b,0
c248c060c6ba5284b347f733575c92d112ddefc9,0
c32f83c7bb4fa05074ba44779700271494b850ba,0
4564bf176111d4e563bcd6d3a9fff4af1001bab8,0
ce3c7cc62f8f69c3e514e09d8275b9306a27113b,0
d739c20675937389e7437bd397e94ae425220551,0
94318c7e6092269fe1d60fa54133c3a85493ef75,0
f2e2fdbb217ab99245bd87d12b23925420b4fbcf,0
7b38db1c306170a4059dd3ad81dd0ea9ab0efc06,1
4914d5c807c53861a85819b978f36415bfb681fe,1
15508a27a2bf2ef2f881c323846b6e54111138f3,0
4c236996fae9ddc0be171b5822016f0065c8ef6c,0
dfac194424d186246c87a85e556dce6b5657686a,1
864c478a4d424555c530f15fce1d8fb6441a3dcc,0
65c6b7643b1346872b6895e77756c316fd0967c7,0
9306b04cf1a7ae3162ecb6c930d64bf885fb9dcd,0
1cb025f0c01395fea1fb98e61dc7d683e8865457,0
96a4ec95a7504db40639b5b6fe1a4e06d0e61824,0
29eb9686b662c8a4f41a473ef02915b5dc84351e,0
27c8d12495566b4401bcb20129889094baf97428,0
80f68cc0c4f7bba91432f1ca3a0eeac80152a99d,0
8ebe30ba3091b05ae28f70ba235c558e9a1b4235,0
6762e2b4391a2305746c2cd1b2743ea68e522995,0
985f8a623511c33916dbf6de8b08605b796b07d4,0
b0d8436ce85d7d681e5f90215e6a6aac9657a013,0
f44c297fa295f4303c9aefd57e8eeb3c2c8a928a,0
b4df69ccc3111962aa9d74f339ab8fe522527ab5,0
778d8d5828dbd797fc68be5062a891843aa98cab,1
a8df3d5a9335c1f2098e34f80a52ac946af87349,0
73cfd9787cdc55df4b3af9bab3a038b8594cd888,0
04533a9268446ac6b30ff3e1b8f5b0c10f18e79f,0
b556203db74b0c151ece264cbb8f900b6e0c2945,0
870097e4b15839c7ba718423b49b4241d911b31a,1
d86483672ff47fbc28d2138d00fe02e05e374cd4,0
601c2e13e9c6b43c3c5904ddf5b279f97cd06ea4,1
d31f3d3f8acaf547092b32378977d43d30bdc8d3,1
1ad50195441954aaf63f87bad97447b219bbbc7d,1
b759cf0bc6671d25008f7e375a308c2ad142c7f0,0
6faef5d8f00af8a6b54a24fec5cf2620f0a66fa4,0
6200e1369fc31bd38c920e2cf9875300a8cadfe4,0
fe4b0dd5ce4358b55f2817db9154a3a1a104b0bb,0
de4f94e5ba7ec459c50c0acf5b46d205b1336f2f,0
ed94aba0591edcf4651c834a5dddcb57cad2889c,0
9f5928035e2d6f7f24d07270bc4752f041d8cf6b,0
77d19cd26ac4b9ffe4ee9036bbc2569da37573e3,0
c31ee55a2a9b4c02e307cd9785d657ba397c1798,0
8868590669a05d538328210d9b1ee99df5dbdbad,0
cba6c55b5268d682e4ddbeab0b98ed5dee400d4b,0
febdca4fd644dea1eba3b8cf752685f37e096cf1,0
5532905f1f4db82a0b16f667e6e03c60c47a6070,0
48281f8ffb194d73f4ea9c796aad7c36ba680bb4,0
9380c2fdd6168aed9a1caf631a955b9eb70052de,0
d5727f690f65ba846a0b11012353adbab373d86f,0
c367279525eb693d7396ed39ed5f98197a69762a,0
a7aaefbef07d3dcffefaf81cb7783daa03c52b99,0
1fe30c3a31a2b097a89c98d9ef718f5886387091,0
5d1ca3e44936f54752d4e281c8ed311ed021a9e8,0
e42273b9f20f5458c7a0c505a085fdd4355f9693,0
184b6373421de5862557963f51f4ffe0b19e2678,0
58299f340538d4e43f1eb9e02d7559e17d6ba427,0
031ff96cd3a9e319689e7df5a0b6272c16202256,0
34d80b34e3ef8438df7f01f0f06cc14be96982e4,0
e0722ed784ad34eb64d171eae611867ef88f9319,1
d58545381f957b5d32f2a472f8baed9be8f3aee9,0
81096b320badb21aee92519074f4c42d65763ba5,0
f2970e827ebcc308a7d8f3c0d9d22ab5877388a6,0
357b510dcdc4a32d1e206b4f7edeb3d0dad1ed83,0
dbb3cbe63c0f5cd3eefaeef79b2bf5f642dc87c2,0
0dca928520e1eea4efed943ac9614b38857b1d43,0
c7f2404b970ab5a745815c9388fa0f5a6d4b67d3,0
9545c70a75859606056dc94160ca2c9ec1e78689,1
e1e9aa56fe5ba07f8cfa9feac121d48ecd861010,0
0e07b8e599e0d59c259dcc8501167a80d030179b,1
0d5c8690b7b00aa7d4fe2c28f6de58ccfb13243e,0
c9b0b98cbbcdcf42df808ef1875c82c84c0323d3,0
7506eb0511370f96620d1d268cebad83bbf37fc5,0
17c61e6bd2d991c8a3c2ad5066854b32124e70d8,0
1abb2a5a3ad3c0c210c82b1585abf9c8e3476e9b,0
32c623167919a7d306a2a318b1f92a6e0235a9e1,0
1aded675b6223b9b108ce22139747a37dfd2cb10,1
4ff3b6c75c83179121e763d8636d3e7f9346b258,0
bcc5b99ca4dacc69c804d3e56845d619350d4b04,0
d788e182bcc2fc44973dfc4f8a8d79a12ffa2481,0
aeee2518e464c9ee2f870a5914721a578a53b02c,0
00df256006ef6e8c2fd247f8c721c5a5f0af9fff,0
727c9b0fa4fb6041032b67e7d8462e28a24e8561,0
55ca32bd2ea2c287c1b290bdd7efe4e69163375b,0
06ad5b4b6befe82913463dc62cbf85e207e3c428,0
01a6edec03f07470bdc9395dd339ecb8090d268a,0
410bc5a289731e33e7ace1b55afdec3f34c87de4,0
46b35c49b1cb8bdcc0a554204a48cc97ed9f5b4b,0
a6dfea71c6574cea39d0a322e018a1fef101ef4c,1
593e15d7175c253f9f0f35d10167ea24f22cc270,0
8bce2df4211e699419787fde5b71dabb6a43af62,0
9b20a5adec803433d2d79db62a09deb52ae3e810,0
992105bfd3b69d0efc39c04f8df03861a677785c,0
93bdcee26259ba0b3c379535fa442671e220b242,1
12c32597453bd6e855d96dd9de1cecec90ff8ea2,1
aea52bdea531f724c47589b2fafce2605161f591,1
b1ad52a457a150305cd7b0d9fd016f4f8c2fe2c9,0
81cf7d8be92188e969979ccfcdd6e5dbe7ffc29c,0
3468b1f8e0c6075a2d0443f18cdb9aad33f712ba,0
1369a1bf9e2acd610faae37e6f713f5839767410,0
90f6bd5b9124d0448cff4e09136fd90e51652845,0
59a6aaa2b5fc094fd5b614d9abd6c2a99115dea0,0
bb3c2143b48f1d5111a2fed444c08347a211c278,1
bd65b2153e491810b3883211ccf89863db1d1ad6,0
9a3f8a3e9ce4aa73277ed816d2f583adb3cc7c2e,1
93e8c0a19d892e1ab5e1f5d7c8b555186307c65c,0
dee1c299751cfaa830ba28ab9fb3015e9e1eb28f,0
5cab6528eae28321fcd7bea44e83bd46e91fac63,0
b47c241280b52f7551d1854699abbae72a68e733,1
8d12cf6b9cc902806bb10d1a1c2e1200851a0648,1
e4da822d419cac03359d25404e81c4130dbcb3a1,1
a9af49e61db4eaca448165d1261e13d9ec000d1c,0
370914eb5ab49330ce8bf091cbd441b8767672d0,0
3c58a132695f82727f0fa247d1974b9f818f501e,0
c0b40b9c775d3bf54a87f6d96c7c8aa4c9468495,1
5adc2543302233a2743bae501835b5a3d14224fb,1
8ac7a8a0f4c9a5b50fc35c9429a2fe3d75001678,1
d1b1006b6659549db4272a3f55c502bda866fab8,0
0acf0a6f3592ef9a5a2d0566baa4fd466323a0a1,1
51a06ca201ea632442d15ea3dff92e4b93eb5005,1
31c87c4b23e2f952c9a56ae509dec311e0d79cc0,1
bb372402d60b0b51be4be15bc2c65bd7cc72cc53,1
6a28a47e51d8eb47df776ea414724e63cf707c5a,0
3189949155c9731bd813e85e74a40af6a6829976,0
5176b8f7c2a6271892961006a4d3a53688cc0771,0
3e44b6f86f61cd4e7f49507a2f932acd9800fc43,1
dfec8f3aed7aec417cedee3d06bf220c6acf4afd,0
2257a019e4010d912f55ad118a85c182887b7c30,0
763d50ad4447536e7d11246900d33458862babfa,0
75fd5eaba11c54bf5e67a8d3e14a6626d38f96c1,1
7cc9255061f494df93ba4a522f56aa9bab304842,0
2789de54dce8f0b3fe65f376d4107dd722921a92,0
9d31e575bd1fd5d6af6fb21c2865f58510091631,0
c82320c015cb479a7050c40ef03a35114dc0b684,0
f56215806c8fb795204b2a7799737cd5efb298a0,1
54161dd4973b713aef3dd9428ab1b9d18c98b927,1
1f075abae4ebcd4622b614bd3cef3d054aa1cd29,1
33457071e95bf0be70f5b0b5ecedb4d7e0259c40,1
241e24c4d60a8616844d458208f78eb6b4dd63ce,0
e4125727e77010f4fc4322f806e9f6be71769b90,0
1962432bfe1ddd4cd3dd1067712d30567602cef7,0
b34534b9d735c7ed7b30a172d0b68d9f4ed3c325,1
c838670a6ffa4ace9101f5d79798ee2e1208cb67,0
155943d345e646cbabb301bf5ee2c890db7da795,0
9805a4245459dd1bb6247d816fb7681f53c8348a,0
a79ebffcb3a43cc5fcc747af17b64adc1549c38a,0
470f6a96a409d4d9f1d899c0128bee8b4f40d524,0
d659fc0d2aa6dae5a047671ba65729cb121c4846,0
3ad9e1fcc84a291f03f10efea1ba89522fb6b64e,0
e0800963ccd57a65a4648435e637a16964c90d8e,0
90b54cc01be3fdf92ec16815b89c72238abf7515,1
c5a3bf5fc162b5c50fe58496e9b819567c5f45a4,0
d2b4104bc2cdde3404afc1c9ec90a22cce665d11,1
0b3f9dcadcdaf69530b76245d07cfd92bde67977,0
10c96491356d449b54a478cb3b2f3c3e2917d220,0
13fecb8398f8f6e87d88a9c98626dae1a3c62f1b,0
3e5b0bd6a09fc0234b1e5a59d2ad4a5527b272fc,0
da494749636b64fd60aae0bc60d07b6539169ada,0
7004cc6250299476954d492bf455805f4b7994b3,0
99ba8f14d5c2e563042b515bf0a8043c5618788b,0
6fdd16815acb4d46bf82f94236e09291aba0ff5b,1
f7c60dc9f667bbd971d4834b094deafa01078280,0
f740ef88932fe3001f1202584686a6486327cf44,0
72200fffeb098118bbeeddf8ecacd5a399f39d77,0
d5525cc4c0269e12ca8ea518599f0c17f18c56fd,0
6053ce341fc1f6b4e3c5e2a56535d07fb2bc505d,1
aef23069676deaff4120a60cff9db951d9e2cb54,0
6f17f419e0fbfd0a418175633a859bcd91cdd8e7,0
ce06610103cc04fa8b2dd7b61d0ef685b8900eb1,1
1ca31bba23375a480f07be507f0d912aa46b692d,0
6b2b84f0e79349517b605a88225426ccb2527738,0
1c15cb14c08e9afdc87af9fb91a9211aef88ed17,0
25508b395d9d6ad1b0388e73f8104ac95f5e1638,0
477290cb92442e57f116d366f0ee74c4728271d4,0
58503e7eec3d8b40d9da863cb02f6ae0ff6578af,1
e0340c896977e4dea905370bd8d7db05f1ad2b3f,0
b6302ed270bf9b1ae84fe66981a80a82885ef738,0
f7a767aabd209977cb5ed81d58e4818a7f7342e0,0
44c94d5af19a8a728cfcb2667285747612ed7fbd,0
9182104b3dfae1950b4b905812fe21f72635d2c5,0
e950d9b37e97f8573f0655520b88900e8acb2869,0
742a42dbf347f6244dd37a7edee72ec2f8ca977f,0
a0cc54bb240fd0621787023f5227fd1f9539166a,0
9c8d148c741cd278cef09f403829bb9b90001941,0
7fa4ee3ce42dd20e03b054d9ad2ad1763c46d070,0
80d827fd89567b86d3408f9125d62cf426b73662,1
46872f9f52aaf0dca143b29702a95baa6deff328,0
97b5ac9b4aa5827f5550a0f254646c1d5267c6a6,0
df7a930dcf03e06f3306b985d80bd43cfc37a10d,0
f0a5f0e8aa7417e0d49667eb4c7fbef3591eccfe,0
e488b7b8921855e5d26ea65acc0deff43a2bf7b9,1
f01f3e8d3f5275f0e1cb0fd892ad2ea44ccf633c,0
6627f7ad8fb08d6c23b83d6c9f0a6830e9e7085a,0
750a21e86441b247d85c95e59bf17e596a69d626,0
