commit_id,label_AGSZZ
1e73820bcf24d2c026d978abe17f89c6982b5f41,0
35cb12e581b9e38921159bec573769c396e6dd9b,0
6cb57df1f7227493311c19fb47794bed033fa532,0
1f8bfb9d4a2c5b205628bb6d284adaa52afbb8b3,0
72ba0b39510b9e6ead9850a797c96ab3d589d1b0,0
6e55cf659b898fc9c1b4b30a57283696c51200ff,0
06ce9df12938d54771862e36c60817f1284396e7,0
b05334056a3629f61a626f4ec34b2d7f3938ede1,0
3222dfdc781698cbd28e2d63747c76db4b03044c,0
fb63f6f0ddca38ec282d908d8ab72513268605f9,0
f07f7c7b32eb2ef46234d83af364121f9c8c19eb,0
d523fd5fe56f0c1d40e8e9a1f4a8c85f258e9499,0
bb4e1d2315bbab57a61108612521ed49de6ff4da,0
225f40bddf8044e29608e3ff07f9103922c31924,0
01d9e85826c5b8628d1df5130d171ace6e389e01,0
624aa73aa014bc6a839aac4b762204feda662f5c,0
233f4f509e27bd49707bb1d778340dabaae3065c,0
47ae7bb3730a4256a2dee35ffb965c97fd9fb321,0
f023f3796dbdab2192abd55cc73294f7128988e2,0
71a84023b1fbb244946592391743fb6bece8a347,0
989b273ace8a58d9ce9f83560101ed8e53484e95,0
3794ee334d4fead20453e7af1c1cf192cd6b346e,0
c59cf83c046d3712a9a550a161083c2a79bac85f,0
75c7a24c3ac5d4a4f71dd5b5bcbfedd9f1b03850,0
1c9b5850c1ef3f61dde411e2fe03153e0e7307cb,0
e8baac4d68d9ecef280364404d7e8713fbfacf5e,0
63247977f4adb492ed0b0b42ab3862852775db99,0
736568fe8e69b99e60b2f3ed0d68fa39f09d205e,0
0383e8216620172434fc5eb6546cc1f961d7762d,0
27ed1d246ebb5b027f128efe22193302f7967f67,0
40ecf71659a80d4ccd3c736ccc6df49976298b35,0
752745af791adcda4532cf2f702f1fa847d3499f,0
ba81f5a35d16567e9dcd14263e6e2182f2337945,0
90500f02e8282fb967ef4c02ffa171a936ebaf97,0
56437f6117ad12a1e1895770ffe2afc4b1a59ca7,0
522c73950d0109a67e9e41d7c5363a8df1520964,0
e42ab39d51f1c1ccf87256db8084d81be1a394e9,0
62264789165f19ef27e05cbcacee1cb98b9663ea,0
a1097262d45705b2701256f733fb0ef642090b6a,0
d0b3a5066099c504ff00cfa730516dbc2fc8d17c,0
333b79e35e8e590ea7fa2c5d112f5b5faeffe2ac,0
c555c9bbf53026cfdf2079aebc20d7edc58897e3,0
58eb49cf46e39a5195b0116e2bb70fa0c95562a2,0
70771e069de81bf70e823c4c069cf57ecee3a55e,0
465ac2b421af775a17d1c64a14d33c5e9b9e4d76,0
c31c7d81f3121016b1ba5bc40da6f279178dcd8d,0
4f16aba2c72a05af7672683a0b7c60b04912d8cf,0
166f2849885b4673f97eca914f9748ef70190a3f,0
13009dbfcbf0bedbe53016d7d6e27b576f58393f,0
5d655c02f210c7237a06d94d4bb208d0f7bacc5d,0
faa65aae725ac736849f47adaa27ce3bac004b93,0
8917156f86ebd75fbdeddcfffe5198e5e248974c,0
d896f30611345d5c9c749509264d1f4ca3f76db7,0
92401033298608240c39a0bfdce402345f95d566,0
5a78587d69660360a4cdfa2c4a0670914cf9ef83,0
d6eca53f49a173a0b5e3a498e3936c5c3329928f,0
130f7778ecb6ac40b0a4de69a04502481fd80c4c,0
67e2c1e8ed1ab4ce0a371f279442c092e01202a1,0
a3f978362021ff053527ee7579ece5d5d26a4727,0
801fea7a12a4e431048f114f550c22d4b52c169b,0
843372f2f0fa780e6634f4d242a7e1b787a1fa48,0
4b4df36e1b12dea73578b91c2698e6907fcecea1,0
663866ace8b28f75712ddea3997b51fc3007049c,0
981c2a9998501ded827e8484c9319775e9f51d93,0
081f77b4bb2d562cdcddef801e0303d482e7c0db,0
01455c6b6d84fe7896d1680319863426cdec891d,0
83dde15cc2b5885fa866ad467b0ef6c5b016ddde,0
669a833deb29e23df006f2bd13348887b57282ce,0
0788f05234656b1517f07bb0fbcab492e118d7eb,0
07d015ad25d6726eec4b981440121d5806495c96,0
79256bb2ed3fce4a841ffbceba7f50ce99b0d77a,0
5fbe00a7f2d5183bbb0c392f4d9813b64dedc96c,0
616d0b9884d8115d2c30d435e02e3a40c1ce1080,0
d2e0c8450e267a28868eec7384bc0752632e887c,0
ae26c4667ed66acd7cd9aa7b453033d7705a7bca,0
b2d42596b43619172afa45a83698675dc6da2685,0
ed4ac340686fee5b521d73d5dba3c1bd37212459,0
ae152020004a3c489075c1bede9383ea6012c827,0
b1e2aaef0c54213c362207f7532ffd3014a98fe8,0
ed1d845883a6fff860367da43da73658dae602e6,0
aa91b879dde9f49081b0d0c65238f26f77ff19da,0
5da8bdbc327fa30b35302cf97560a488a4123d25,0
b847aba412038d4be8d4c46ae8db6fe8d42262ef,0
9c70668e55c9bcea5d7a4dc8665b2d960568146d,0
1f6e94e3e76d0ddc77cbeda8254ec383544562b0,0
3ef1a667ecf156b6304cb3a081d5af004fbe06de,0
d6eea9df42f36250d060182983d11245e74be7cf,0
b7b22d449380016c0e9803b2ad0b084505aed88b,0
ed12c66973c3f647e5a7c949423dd684a7629909,0
2ab6374e8c40c23e237fbd74e200d669eccba9b1,0
25a19b413fd5983077ea474558cbe89e991f2701,0
b79f1492959d69c195bc8803c90bac377854e894,0
c1e214db04945551b3652584eb0c24b4d392e314,0
3d72c9aac57ffa2a170693f355565797a9172782,0
f6d991cc4fd4f93aba8699a151a486c564d8ff08,0
5f773632e7c61aebe44fad20c00f0f9cc5aaa8fd,0
dbe34a9505d76ba611013738cca654ddee53d4cb,0
a29cb5197d2114b6a1b9a6917497b2c6a4fd739c,0
924cc6ef7ede8d2a8feb809eb50fe4fbaf0df9b4,0
3ab81757c908f7b343eaeb607d9aa9461fbce684,0
50b4c72ff081e44d6e93f8a9f5d96b80aead9e01,0
3a3febbfae323147aece48852405546a085139e0,0
1245cc009e866614960f25f9b72050f4f0610493,0
0d62a6af44c9da4365090c92cc2dd589825810d6,0
f10239d74056c7bbccec0c3e3a6def71fd440593,0
0026a9200621043333d86addbc9d23153a3a1756,0
227710ed2e525605154f6cb54b7f9f341111e73a,0
9d5881514afe79fd29d72dcc28605b870f4eef88,0
cd971239c6358241f83d7f1ba9117b91560457c4,0
a8ebf970b78ce530c158638832c66454bfbe8cce,0
a058d32f7ec30e4f676ca203cb4cf94459c85a4f,0
6a401678c71ffc1d1edcf2f487f7f8c01bd75e70,0
5a7d7edf08974e4ba0956444002406d950b88b13,0
262d1f8e9cc0b976d32aae79302d8c3902fc1531,0
7a3fa12ba23321e7161d4f0b63bd36f40e52070a,0
d6094e7ac564a771b0ffab4cea8494e5f366b3b0,0
19fd24bec888c4159728e9ffea6b8ac4e2b123ab,0
bb3f192f26dc36e07cbd483745841a2864a130b8,0
55c96cfd2bdabe455058826ad86788f120b1425d,0
8ac9ec3cb4f7116e6809ef4d146736ac637939c7,0
d20debca30b19d9f485d805525b23b91720e5890,0
fc5693db6b6a23d28c9af29c15bb7643a45000bf,0
d1c8e7e6811ae870d3398c058362bbbd125b99e7,0
c5c168e0138e8cdaeb423e7497bb19833c1925cb,0
b1dd62d1571c9ef68dece57b0e54a7467bb3b629,0
6af54206a247bca5440268bd77c0e1e7e529f172,0
c2f729dd7f81d35d6b33a575cdbf57342d337eab,0
14750728cab2d8abcd7e61df0be3de74be06afc0,0
1048388517b3fc295c6ce42fd3d6e4efb301c70c,0
84af4ea0f5747a9576ce1e85567cf2991affca82,0
bafb54b49db0cfa9c163fce03f28ff3d09742bb6,0
5d9ce7625dfd251fe8cdc2e7fbcd161c6cfac2cd,0
22423f31c78b8040ec996acb09de2eeeb7f73022,0
61e1c45e56a1addba3587e4875b5208a8e711e19,0
6985bfcfc8831e367a668fc2f47e69183472bbf9,0
9b4301f20f5d9601c43dcc8c2063f7de67fdbc49,0
c3b999a4b0cc370f488a0cdea18cdc0e2b9483dc,0
af2e183ac069a911dde861889e274463a403a0c5,0
471b756aed3bac3eed347747ce922de774edaa6c,0
25b7f428381002e87a0e3b2e2c4074c9a9325680,0
d35fba5db9174441c7fadb597d336cee91899589,0
d54601fcd147c9f9713175e63cb46d12d63499ed,0
fa5ff347002ccca096e80b11b5282f75b9ee6227,0
7b543bfb7765ce5e8dc875f0efa94d77fac58173,0
528ac3f0fb1e35c3195958ce9ee5c1afa6b4aa18,0
78c4b2e27e41963dc63c087a38362d0ba68ca6de,0
1daff9d855a854fbf4b73fd2c981ac5c92aae34a,0
0ecf76212dbd3f4d40cd98469a90754e0ceca4a8,0
32d17c4217cb03fb760ca0315460701876ecbe21,0
0a3b6b54fa965589c78df8dcea069ed44eabfbf6,0
f9843e2832f56f844f3d98a22cb24318e8a2d254,0
06e4304814a97fe2a488609e4c1a902d0e50035b,0
a142f31ce827e71a8396a1ab486354968e529b18,0
0586f15d770a3bff24d533fbf9c97f2214ffd058,0
e938fc5b3e6b323b154ceabb6cd2d1072ad6da60,0
d723c72d30a5c19159b11ddab449cfbbcb9259c6,0
81d2ad8e779f93e614c2d04494f86f3a3a261680,0
2bbd2830bc2059a1187339a335b86b6daf32e877,0
8d71b881bea339780ff9769309087775118ec705,0
8475da565e66e0c067c70d5cdf00bccbcbe91003,0
10ee200ac0b315c3ff8cf1022838e5bf7d50360d,0
0d4153271e044fcda730ecbd82942ebd9cffe36d,0
b5c7b0f0d33984fd0e412e3b6b39c0735739df12,0
5aa505ec23a6e6975017ddef866052d4a6929651,0
43884c155bd4703ab6515af8190a9d90da10ca34,0
bce23af607de72305250676e2dabdcaf1d18ae26,0
27247cf6d8b2f791e8d58a8bc0a0386b3bcedf92,0
ffd0b04e1e7d2a4316cfbcdc672c167e2f39f761,0
db1e9d39bc217217a169dd363934204e4a81fd55,0
85ed1d2ef31a342a2bf0dfe78e585011c59a10cf,0
9769e276fc0737ccf591d89d9b2d42e54416f3be,0
c588554fad94ecddb4f5f3ce204ab88897bc59d2,0
7d461d8382438ab2b5433c8e32ffd23fd06d2b75,0
f6f7ef62e8de196530af8376b12421d2fc15d721,0
1119a4add5b5c364939be3620d5a3101a655d113,0
cf39c1e3cec041917a057c7715aea878fe913d57,0
393af9db3e192ff18f56634eed9cdf3558348ca7,0
11317caa94029d91dbaf61665e25dcfb73429166,0
452b9fe00fcee01ef24385262ddf33f597421298,0
4f75ec5d62304750622d011518804cc377301c55,0
b8be8462b0e8fdf59dd30cd58f6f7bca539e4f68,0
8d5a4d0a1e3c870b7acabea18a304abce22ee50f,0
6743b7b41023a97057b3fae8def958fa0c5d6029,0
f4fba20a4da638038a1d4ef11cab5737d9acac52,0
dfcc34263cb28a8f71a740297bfe86d568de5b73,0
d49d676ff2de971f2b9eecfb2401ed96c38200d5,0
6b2162281cdf9f43fbc6cace3db137aa1fb4ea56,0
e20f7a2419072f45aefaaa7fe0a52e130bdf0a84,0
75272fa47f9f8c0d0ba38b52e4fc9d03493fd8a0,0
56600a34b907313833fb8a0b3fcba4f49d2c68c1,0
24de1fa24062ecb78591a8d70862305462585f9b,0
e0291128b3d51d00da4ce25793fbfafb2f954640,0
8e5e1562b8cf0ac8572fdf7f57ee3802cd23299a,0
6619bc9c9b17747bd003616690c35d2c6e536511,0
a5865a532dbd8f4c981a5e69438d40b25868fb14,0
f846f12cf781f692b3d1bf48e9cb9bb6d0a9201f,0
31c14ce7de5b5421a4952be00806bb3ef9b114b8,0
5bfe36ac3055794cca895a4acd285e9a22da1c27,0
75bdad7099349fc4f73afadf2513f9bd1e45931c,0
d9be55f9f6e79e597108ff1d1c8cc2cf0419968f,0
1e4f5c026df16300e3e0f60061aa077f06df4c2c,0
ce99aacfaf17ccda71682063cff1a4c1dbc9a943,0
4f237e42d8f550b7f8bbb071ca8b9205d24e002b,0
c6991058cb561dd237d867f9d0e9edf23956ed23,0
a9eaa69d2dddb9c6156e0ec4f2aa3839f21ce557,0
683e674132b2dd217dbc6e2e10888505d274d918,0
27c65c932063aa842ebb3d358860bfb18297d130,0
3c20e4c30e8dd8bba1ccc5fb1c6fe0cb1fd7350c,0
f4ac9eba5b3024f3dc10cbf441c561390807f02e,0
ae65225b14190870ec6567f4c5be9f52ad39c417,0
043749e52a47babbcf954e94fe0cb7b73f8872e8,0
e6099f306c18928ce131e349137d7e60737d4781,0
a92048895e87202c26da534a81a57f034aa646ac,0
d3a14ec5b736bc16bd35945c8dadf976616459a1,0
91eca17835a23087060f154cccc9ff85094b550f,0
a1e2e01a1bc179af90a4763499c19801e1aba668,0
c3589dfc4267380f632da35878083d2c5df22764,0
435652571f62a8d687756dd4e4030627d3150d18,0
d3bcaa65e6ded1b1170adc89147a18a1cf12fd80,0
a58965dca5bc2899da7a16597f835d1ac4f90986,0
d2505c91ca3d5d324a66b2756135c93ea300d6f7,0
000ca2685c1055e0c0bcdf2b4fb1bfe2cc0bbc6e,0
1b458973df5978f76a18faf14654b2b903a9cf0d,0
92e9ecdd004b88f57d8f5ba1335a2639e1acc823,0
89e75c49a0beecad57a3f16d6f2cd4d7d9e02331,0
e7561c66a6467d2d6e6c789a796110ccd0a4cf85,0
5b152685e963f77fe7a788ab1be2cce808b567d5,0
02fbd834189855594ca2eda0b1bdb306d48709b7,0
db9a22323c4c4d20f23af167c82aee81fd102c2c,0
fe91d67714104a24b0cec4b593c7c57ebd12e22f,0
4adac5b3eb5a96418dcaa0856a9f63e990a1590e,0
9e57ec60a401ca89e4f97dfcf78bcddb3c723cca,0
22d12383fd0359f4ccbe7cf1d85c1f885d5b8717,0
4727b0cc8efbb2a1893742bdc0c5b0d5c462f035,0
b018b94c97036c54b39b977144def150c4e4abf1,0
a58e0a421cc09b33382e968306a292bcd945d41b,0
57c3d4628fb48c37e51bc4c1a5a88b603bfbd753,0
fb7621254660b059bd46f1ab468228616ca5d574,0
1080ea269a4c8368bfccc11b592798ed4d5837b6,0
994d744a24f984877ae08e3b44445f0cd1f73901,0
5af615aa806645b997fa5bba580906abac63d0d8,0
3c08d5cde06ab3d329d5855c76d058b2b0cddd0e,0
d138266a7a4e37aa3f7b772ab640010f03c1d040,0
5ac70b567aa5297158c5c7504313121fe21cf9cd,0
c8dd18eed764ce1956ea1277212f7ca22655a434,0
e2724b35e31671fa57cc078bf2699c9b4f814f10,0
bf9803ba9c87e77e151fb2d15032d25201bfeda2,0
a6d6a0f311d651a9e76127596f0dc45453c44ff5,0
723845452138c558d10cd547001ec51f81898249,0
ccb2b775aefa5c92aa17a955b79657124ff2074d,0
194c6c407d5d2bb30ef6d752eca40fe2d36dbbf2,0
19637fe36cea52ae4e97c5c949d4e8524505a567,0
d22e6afdd9e36099a4cafc217091f7c8b5cd79de,0
0b908e7756b697626015627ab54a8d2a4067fe00,0
f5cd9c253cdc37cbf35306f438bc58d4d85dacb7,0
c9971d84ba238587f362dfd7c7f9ce018de09c67,0
b74cc495b5e8238c86ac1f3097485f2a4f4f1364,0
c69414905e5cd0f54f27f5b772cf8a32c942fb45,0
e13ccc5a83d4c82eb840018e3130ed458e932efa,0
4e8a496786ee7127602d27b8793f0d56731dbba7,0
f7c9041847d8bdc14ff6dfdd1d8677c6cacc074c,0
52cb54e65d8be825f68d08c1ca56de97c70d8006,0
89e41bcb514ebc190b0cabd515379104fbe1c348,0
de3947c15f7b8b740fbe385df9e298b34ec10071,0
3c0984b1f6018c52a6ed3acefe8f341dfdeefa54,0
5094b738a55ca4aaa200daaf57b1971a17e6a372,0
68c6dfe77492da97e94ef427bc214c392e219e49,0
18c6f7e3e40796fb7d71f42221c310f99f202024,0
2b4e51bf04469c43e4c9c3d0bb0b6622b521d436,0
90f1b546473cfce21a68e0d741681b591e495f0c,0
ff6088f5f567278a2a4193ddbc4a9afb138d40d7,0
0f60b59ec8f62cc7433cceb19cee66d566c736e0,0
50ac4133807967e110ea1bc80e3c04e088e4b1be,0
522abdbbd5f25c2a65738e3a044662c6b0d4405e,0
94c61ec624b4c1f6b42c890cee328dc46815b130,0
32dc576a75b08a65ff882aa97b987e715572114a,0
3f070ebca1cc222a44a285d4fe3e225d907fef3b,0
1749ddf2366b1f05f1f659182d68de034b39404d,0
6f6b3e94690e26bc20575351a31d12b089fee70a,0
59e14c4b1734f3f26c8fb8efcb337a87f01ad0e4,0
19a4af7bb88f637734fe0e90faf63ecaaa5f7741,0
a9a77fe8977b1af77d6bac886b438625c702226f,0
062a5582c72faccf0c86dd71a672cf75d2722d26,0
6e4832c2af51fff4f6f9c1b5802e5579015f0911,0
3bd63fcf30097d7bb4c7901168fffb491f48b0a9,0
c8b79c203bc61f681420219b01a86bc2b663c0b1,0
fa9f49b5429143626562b080f6f9e58230f4cfee,0
f4307695cf08a15cb0c7f9cdc3f69b91b5de4c49,0
1fdad6dd7e897fca4c639505c0ecbb08e28f2565,0
ba68d0ee7287b3da4963b0c38a6f7c0a7f196914,0
26c8d929989203f99b3c6677f6bee737e3e8760a,0
aaba7932bad88620559f70478e387182371dd8fc,0
d89606b8c8cdedcd7174ab11d7419f78c08af0e8,0
386134021c0279900bee86339e075933f67befe4,0
e59ae4a6b8b8abbec3a5e89b77137f29adc3c36b,0
bb02977b002397fe7c8c575c48fc8a0548b148f0,0
2212a7baaea5b1206db28894b27142c454ed959a,0
4955babe2adcbe84d6e6fdd435ca357f5a5b66f2,0
3d6fc2035ac9502511de0bcc624d230e6c0234ff,0
a3c8dc3ca3610dae297069db0188474a0db349ad,0
732f0540771f9c80bb34d7f628ef167f7a48286d,0
f5d7ac0245ffe6c0233297b24b485d4713c5d8d9,0
498a80d08d169f2bc93905d92d680ad44a1756ed,0
442baff0f41f743fcb67683f3a966b3b4a4ac2e9,0
815450929adea118201fde3324fb6664147e4f8c,0
73e2dbaadf8da603260c5e972f78a7b45ecda6a1,0
a06189a47ea73ea9a1a9ad43ef60b7976c662666,0
8160fd50110ed71ce3b652e961dd3ac7c739bc3c,0
a31fa5a2ef217fa3bc261958a5255996920d4c43,0
2972c38ae4d066843851cab9c262ae9ffc8fd26d,0
39b9da102a94704d2fb9234d8f2b348aad852687,0
98eb7697dadfa770f865eccb5e4cabb047f33a09,0
79ceb32cc6d5dfbae51c3768ed776d5da4f56ab5,0
606c6b40888a0d9f4cef4a4e287a583c4ea75ec2,0
08a79481f4bd4c68197a50404d0f7b10392a4beb,0
c96b0724a3810473a0c1163ac6a1c94a545201f5,0
e4694e0b3dd6a8405aeecbf7bd7de68aa14be6fd,0
21af7c0de58f924bf957ce490d441d5ca300c698,0
16b98e84908529c0ea3692232064bc9e84d50a5b,0
5f30faf78a836993981fe1f8660bc03421965a1d,0
20f2ce2684293d6a49121838d08027b552e81fd1,0
f9d115e389c297e0b190a1572854dc3e1c2c2269,0
038502aa7e9a1e44e725d8803de12ba96856de65,0
f0ebd35199927bc0af53e1e22c50019388b8f5f5,0
98cfa9f064eb29f26a1dd7c16ca73e6faf970c43,0
8ff9b61940709ec555a7347468ce24f4ca78027c,0
cda940c6a5b5c46b059b2e374d94e37e0a687776,0
f2547547a6c84c1b28291312255391994e506326,0
1d3e82e7cda16c303b9cff88401d5b24194a051b,0
8bb27447028af4cf00c399a5a153c15cb74b8de6,0
888aa32f6a6c48dc5b5c73288b1136fa8674058f,0
521fdaebd8fb45d8cac1f7e8d66cb3248028ef93,0
5f46433389559c2aa4cf57c1567f59ce199fd2a5,0
b80ed968113722fc001a25be80e586ac696e916d,0
b52d926fccbd933f6b02fb1f937615274b05d983,0
0a7f19eca878794b0d26206358d8773222d2f08a,0
300cd3fd8369a450afa3a06b427e41942fd0a36e,0
5a84a9149dd61b8e900b33e5a709f30e4be92a76,0
dc57b882a94517d703279aec7f8777df8d7d0256,0
856b5ba47bd6929db6726b59a5aaca3e6279270f,0
f92f2165f0d6a6005bbffbff0fb1901843387d14,0
18b0bcec4d0040a6a7ab7370787eb9b10b467bfa,0
a3adb3d4c45d520e5e7f9c9c5f860dbb533aae45,0
37d0690fcb801a9824e8666a93a3349e1b46af3c,0
d82ecb46aae550752d3759529d89e1ae6c86ed16,0
f072dd277b99973988b33c447d0f44e4ee330161,0
1e3f7f7cfe032febdb3fbc85ff69ee3a58d7dde6,0
6d50d9cf72d21f093cbfe2ce05fc8b966d6f1302,0
efdaea23e77dabc5df0d5be7352913eeaf66a756,0
2943dd16799d9185620cade87316beb722b5e35b,0
322bbd040818ee938cae9fed5c01f9c3e2374bc6,0
ccf9df52f505fc0c9f7daf29bab6ff0ce1e78286,0
eadea70962e7536f81b53026730c7eadeb56e276,0
677f4bfeb421b21632c888a121f82d6ebe97c39f,0
067a05ba7bc0102f688e0d230ec06d65d4d44094,0
7c7126e132c9b0ed097ad553842699a83040752c,0
2534dee2f0de51c210b67b3cbd1749de640c5ed0,0
d08fb6e3e866b255bb0104c6e7bee7568c7c4352,0
465c0fd5626744d086bb094248caf16cd0acdf7e,0
ffc3b01ac823ba536bb3d270ac8c364c019f8e9f,0
f5986192f2808c2c26015a072bb288a3ba1a91a6,0
08e80802f47daf43aedc639530c223a10169265e,0
4f1a86bf478f244a9b858454f4fc25913ef4eb07,0
714c42a782a0c6ef1e08c98d1f648f6a61cfc980,0
a868a847160ac65abf7e9596bf68d403ee1840e5,0
acab449dbe067ef3ad70220c64a8f57a9cea6eac,0
0307de7fb344b16c18d509cd9daafb8653eeb914,0
d6ba2691289c5d1761b3882e5324930105c6267e,0
140226afdf42f1d538c12896e1ea01b1a0858897,0
d3970c68a000229ff684e6e91a00d768a66b83bc,0
409061ab511f779997cc14e13ea94e43edcb850d,0
e9559ac3516991ded904988f82db4a6d7b8f4cb5,0
cdfb2858c0cc234c0a02ed804f8f62e16667278b,0
19388e801bbf32cd9e450ad0c825b41b66b2248b,0
7b881895c6ba12a0673e78ac1d3276cf098d3433,0
d69bb8f1e5f1888784fe97e8342994ea2c752435,0
2fd30037aba9e3b92e11f9cf87618780e205ccea,0
8b63c7f1d700d17607e1985c0621f879a539d78a,0
3f7989a72432c2f3db30ff647ab1fd60beda8535,0
22f35fd6f3e5d5f99e5d46692d03839a091dcc76,0
df66def65b25be742cd68cc5b377328c5c979255,0
f56cdaccd4833fe8f3dddeea93ff321da600d215,0
8db95f026d4d3c4b41c889678e0b0db927582a60,0
3af5640fa30eb5eacc1691c5e709da66c669d8e3,0
ac07b197e4a06c4e4f6aa0dc51a42ab4f6c24bea,0
161dd1f6820d9d635a03069ae9dc7bb61b537983,0
e1db69fa21494e35bc594098c75c70f2829da8f5,0
69531f03ba2eb69b9b52ce89e76c3f82d48ec95a,0
8de852ed07317911d62a81f77eed493a7aa7b4a6,0
ad59d46a176d0f6c85dd7dd6f31b66621d70ed5b,0
ae04f82dbc6c55c0d78d62cbba00920aef86daaa,0
b0241685f49684329e47b10b37fdf0733cfeb53c,0
7a205c158160e3f777668286ea35893b83577507,0
2dc8ce20a8d6e5c3b6a75b29afe8469730adbee8,0
a7b958469fff60bdc453f08b8888aeb3123dd627,0
60b1fb3aa64d22eb164a0322ba64b5963d14f85b,0
b772c34a56e5bda0023761252861e5757f128325,0
a62527a5dac3cb3abcd6d4311eca4e83893ecae5,0
861ec2c97f397ee91f7305d52a21a95846532579,0
0ea689c2a8c79b1363b539681904389456582d0e,0
817c612dbf250988de05448bb14b80a8572e22df,0
c60993e1f3ab6a68ec4393bd540176a269d328e3,0
a0c6de99630a1fc09b0da577b55e4d24a0376fc3,0
e1c402eb6c627aaebf342e6cbfdbb907b34c4f23,0
c622f6cc2317fb3da32083d104606773ceafe322,0
fd379802e486d2e95ee4914f423bc50a9eea540d,0
9d12984f25f6a78e72483a62b87bcbdda3dd6728,0
4b0786bbced1c15049d7b5dcb1056be5d547a197,0
fdde32b81ee1516c5a15482378675946954814a9,0
e3d23075e665330790d17b487c8f8a1270b597ba,0
a53af40aaa144130c7f048dd4de065419e0abc02,0
223a4455b9684b39cc1a2309ff95475b380b221b,0
013ee7ee373cb8ecb5ec85f01c87e5fd1f479f51,0
a1f1aca62017d6b63e67b7a4beb9579d11b65208,0
54fe04d0258bfc5e40b5678a20e36aef09eed88d,0
6837fa82a11af4d28802c7134364ef746195bbcd,0
05f6b35b2373f49769609c6767d180e18a6c2401,0
38c08e7f3602b1e7b8cfaa3a380dd2861e461c81,0
b810c6f2f509e8d58a215abbe7c9178789ed9de5,0
fc087e3878ebdaf7d0d49584e6d172d065a30de4,0
685b3b723a83e56034391350ea1a02231411142f,0
2d82fe80bd82cf6b60faae4a0be6e5854a2debb3,0
09d50c9f2a800fb564c75c716059f686cf1013dd,0
1b94883317d6687e2dd3a0294d9e6e2ab066cf56,0
70e9da4ae12ee646f087f89dc846aced6c46396c,0
55e2cd4b58ab3728d5689c170b2272b1dd3b0e6e,0
ac7cf2ff46579d447693196ce6d2870e871f7662,0
83164eed76631e64ddd95a639939e4fcc91afae6,0
5a6fe1715452c2e2c6142f720f9856b235705668,0
df35250518d6fd3d5a8dcffbcecc92af4b95a1c1,0
b9a28dbc696ca1f9fc9099d72d7ae9629a62d07d,0
107b80b8f1b63b027b7084eece82f68f81d5739c,0
251da73b38f8c023869785735ea5fd4635a80e0e,0
ef73f2e6916fc341888bb07f6e405595a9d23f7d,0
e0bf12c10549e4e9687b1a1ed970a5b75e1ba1b7,0
6b7fe47fb1f7c0da4f46c77375110932e60d03bb,0
fee1d8e536793310d0823a2d1e860628657e292d,0
20943d45fd8e8121c0b811d74254f111702fa6b8,0
408d7b7f6cc3f7e5ddda8867b6624d72236667e2,0
43c3c9a56db5d3ecabc8236237cc117775525a6a,0
1e0dd894205ed4839d03812002c90bf4a7ba1a1d,0
1e8297603c7cd433955f9e4befabcae08515e2be,0
74be89a98c9d0937df1ba44cbbce9cc649dc7ab0,0
e7232596290e2f197eb0dc136fd53a22c6dd5bb2,0
e8478e8664c16d84d885caa2caf1265b9ff4af41,0
4ba194d5757f0266071229799b4bd075b0cf625f,0
c77862bf869b6fd06899a6db85ddb6db0866da84,0
ae9b2f0a3881349b95d3265984ce1113b8a6ead8,0
0f3ebc51eadb452249e942269088188567a4742c,0
54a7003e9de80eb49ceebe8d6ffb067856318a4c,0
31c860c1523d312b9efe375cd9444532b0b12bb4,0
86a575e040bc73030ad49c480239c5658383b314,0
78bcc4b9114b0cb0fd9e9b800fdd1b5814cec8c1,0
73089992bcd80618c518f986dc5456c176df139e,0
01525f3263baab84f9e2ff0c74b16a0228c07754,0
8107e5fdf5843dea2d25721377ca53a943e9c312,0
caefde24bc92c1ea921f8b6daa774f255092dc61,0
6876da9459ff65f01f7ef1c535e22d1e835042dc,0
515021d969437f03f65a40d84c6e67aaecbf7aa5,0
817601ce7f4c74403056b88aacfeef16d2137b10,0
a0d33e8a98995f73e767f0a0214f92f54e720f9c,0
fea1ddb771ae6ade494ed631eae39d957c8f5602,0
4756318fd1da92506d8a173668ebdb65fd60d7e6,0
9d6e09454bc6dd518a8cbe896f05266947b1134d,0
a68784145bbf8cf7d6d971422f202a0cbb8ef3a2,0
d154821a9e149cce589cfb05f904ce6b7f8c56c4,0
3ba7546406899f24d0e0a79ef0be71e2e7c30ce9,0
402170b8e134dd29c1662dc66747b7787933c684,0
287285663af47e33a0810b1b4806f3a130ea43f6,0
ac620e0367d7e76af48d111b7ea839d6a40b3a5e,0
ee4482f595b70052f2d28a1701a908ba4a85ccd1,0
dbc4cb9a712c7af3a66889e1f783cf371ff23365,0
11c7fc0e1a179722edb102cb9caa8a6450d75ae6,0
d1916426c26e79c670bb735d0f641204de9f3703,0
9d064bed52c1eb6521f81f20c7c37a30651f68ea,0
1cd16dacb7bea7985c7574c42858f830ad52895b,0
8f94dce3d8402d4c18ef14f95041342471e4b464,0
92c9c9efa9ed186c6398dbce56ec373326665a45,0
ab85d29b3564dc1bc70ae45be6335460a39ab2e2,0
4c63896991124627d5f7583ba33514511b389810,0
eb68ced4385d25d23e4360e70ef57da1da89f178,0
c8b82f9ad055f70f317503d15945e0fc8cf5ebaa,0
1f975f983341f079e390e7951052096c214636cf,0
4c035b730cd0cbc95c15e9e3bce1a7e95d318996,0
861188f9844deb673cbc8c61d8ecd2c609beeeaf,0
758474e378f695a7bca7616b33891a5fbb9df21d,0
8c50f41ac65e8cd1e49568d2a64826fe8ff6d664,0
95c8528f397363462c47bc155e150bf8145034d0,0
4f3a74a286134ba24c83db50580fdfd10a1e3f83,0
84c365180ff186df2d8777d063903358b59a6c07,0
402c4601a18d641adc1033c5fb1e3db4ce3c5a6b,0
82bd9bb38c5a3d54beec234e5637f25b7c2a3c41,0
60d12916c5b6e5477216929a4938089af94782c2,0
d609317117a6dedb667057820dc4b1de06ced662,0
dd094c5fb95544db26433e5c621e1418c43a918b,0
cc1f40e707e181988465ded0755bd6d433c10b8e,0
3982915fce468c9296082db6a929f0bd8d89e0d6,0
3e8a1a59ab717a8197a9713441790d3908b4c00a,0
e0a4b1743a41bb585acc08d5128f2b436a28567f,0
aa20639cc81c29920c97d780386c586429039984,0
4618c8513a85a3d509b4e993fddf3438a2b203f5,0
ee02411c1ba6b21cb7abcbb3e0c43679d8f2cf23,0
438c5f1ae6d4ed36be4fba2296064c064534276a,0
abd4629bd52a99c91edf3f17d866828e618abfd3,0
f88681a94304585d219113f61c531c65aeb08151,0
9b7809a1d0a413648e117462814decff14b33061,0
be673ca17ce72b781af587d192d621336df3a19b,0
1c8c74bc07e65d8cd19b37d34ca4b2d8f18a351a,0
fa0be4cbb3bf806d9d76398aa3aa3cba41f08a42,0
bfe4b5f35397f2a7bbfefbe01eec82c7948c2421,0
cc39291e88ab4f274549150d78e4cdb95b82c229,0
fac70d089b3395d97ee98879398a00da8f43f4e3,0
a6d3b34be65ddd61275f21d3a56e0155d60c5654,0
ea185325692d978bd1075115939d260fb65d6f0f,0
6bb85fbb10dc9fbe98fc0680f5e43f4bf8866ab7,0
4b4278c1f9404120cd22a8edbb5b55ce70948025,0
be5c4bb67382c316a2607d5c8732feff42681a5c,0
998a6af7643b1c43af47cd7784aa9f7218f48d20,0
df1fd19caef5dd665d0ffddd72cd1019f7c382f6,0
53512c079734bdce858361994e95d7134c421f6c,0
7a1dfc03ac8e76dda7713b6dfd24bec6a4c5291c,0
819ee4b55002a82ac25695dcd5e1f4d366d9d97c,0
bbfcda105142665ba2926a99fb8ac836e3baf69a,0
3aacb669cf89db0b85b4bc8b71ef6ca99a5f437d,0
5fbc1700dc8544104028aca1650780bf952d5a14,0
053478c245ae0f436467ca9789901121fc979b9c,0
cf94eeaaa956ec9ea5735d9c890202e1f9856e70,0
c01baa8238a1027cf780d675dcb5eb9431b7df63,0
18648bbca0b4ec5b868114522e3597e4eb29c493,0
06520a1fc05751aabcd7c5553ae5feeb72851faf,0
ab3b1bf80a421655d7cc41fe180cc8333cf603bb,0
a0e2a621d8375f10db88662d525a336c981e4fd2,0
0229f561a3675df15246f83784cb92badae3c29a,0
2edb125e49447faacaa3a79d37366780a849699b,0
e01ec421ea174f7bf4535bc1a937cb273fbfb50a,0
29f9de14cd6bdfee41976c9a0a884521017e52e5,0
4f01a5a8807a42cd02ef87866fc2adc4e28d7970,0
038096171b84593310be527d95c13a5dac04eb32,0
a24c20cff1287416d4ff6280f5736617deac6e18,0
67aa21572037513c2379808eefe1c2d9e53ff730,0
ad0503babf9a78a220bdf90189a8b286923f28a6,0
30e079f98b62d3a920530e6dbd56f23ce5add075,0
ba51c171cb7ff32e78ba0f60552e6cff85d57d0a,0
236b1d7292cd0f5ad6f917f70223cf4a4f7513ee,0
6653892d03b7cdbca07efc1f5393b70d4fc0a3b8,0
4f1eb03442d7e7cdc399071095d2adab5fed29d0,0
9f6dbad3d177d9700aec043c9f707d7a72676f3d,0
acd88854e6b56328b90d523b6c364d69025abc6a,0
755afca32b30db9715c92c791d128ddae4e8368c,0
9a8fd5122c79de9fabbc28a10c938a07bb0b1bd4,0
2393185c2978453d1a1a2bdd0028e3a1acecf9a0,0
482e41fe7fdd91c1ea8b823aad6632e90be1d252,0
2332f14b76a00fc27b3184f4827758ac840a51aa,0
2e4ba5388a90515f6821fc359af10aba172c3834,0
3e494a635f4f637e9ba822b4001b4e981ee0cb4b,0
0048d58dfc19a26d31e4b10be9a75be25a515692,0
bccc14806a92f8dc2e2b41ca5fa3b14dda23058f,0
d33877bc22d6d30f2219c2ce6d2606802a54cbd4,0
e0df355c1b7ae7d04919cea85657696c84f8d412,0
644ddaff5aec7c704d431d1d1e1c6a15144e7aff,0
2b2b1fc6db8305a3fef4c1c976f3cc50e1f62c7f,0
b77b47a658dba5f158fd260014ed7bbca7be825a,0
83ae1e8b60411f97d06011d868cb0a6827fa56ca,0
18836c545508b6c8a998a716246930f3e564e3dd,0
961378ca5a1269cb9f0e0e43cb75759a63e828fb,0
911cd3ac7277241882bfc3f496bbd3c37b058fea,0
40a69a37950111ef9cd1ffa1777fd96ae95c32ef,0
ed3be1b8a6099f1dda1d3fb8a597148c9c6dd8cf,0
5bb64ca8233c2dfbc46132e94fb13dbf0c332985,0
10db2c855bf2b3a2321108a3e678ca0202776558,0
f15cdb6ec533661622f5ad0f85bdd61aefe9b503,0
8ff554592b0337028aa5cbf0621d8849434394bc,0
c7c15c853f393ed20175826336386474639e3151,0
48546b95cde3e39d246b8e453605ed64f8d42e6d,0
343c29745830649cb43b0b00c9bd76f5476c22c7,0
fccfbd0f171129255cb5a13f82935e3016c0f56f,0
2470b5c3f2bf629694ce1664144f08b0401299b7,0
680d95b95bf1682ae94d1ac3e8640f114fac0120,0
a500e8ad6c16fbc7b72b6f17f4bebf6ca4615f0c,0
33f07ed6ad0ad49d55d2ad7c00444c09e662e21a,0
041373363e5dc872fda2b9c3ebc1e08479365fd8,0
bf13386e2c698102800f1133f8935c38c2e3042b,0
de025a4a7bb82f403a6239e1b04aa3112e0f0cb5,0
489a6bc7cde7c5224cb11ac25b2d9afc2d019120,0
e3e5edb86115a84a703e28fc3ef0389d33d8b20c,0
7a41d30a167bf0d305d743f30803905a40c0bff5,0
5790c370e874d3c3fc8f8f0149107f9208626f28,0
9703fdb9ca804f2705dbd62d7c1720315eb05b9e,0
3f8c7585f99e331547c8332a3caf8429e1b51786,0
da7a87684eb3e9d120dbbece589c973c01babbb4,0
e3d80bc1c5f0d2074a87e9d8693deebd3da1f9b4,0
aef955a3bc91134ef741f3ff7caa8b609d5d5e20,0
36f3a5f5673c06ba41cb5a46870afe1a4d2253d4,0
d620ade40303c85c7ca52703560d2d6dc0675684,0
15cb1b6474e808294187c472e1afae56c5e424a0,0
696c65dbcb7a544b146d95707ab3e1d8ad8ea177,0
bbf16fe776d38aad9602a4df6067a90f5d0cf974,0
e67e2a55b4bd50559709648f87032b066c586e05,0
13b2c440b54ca4e5dfdf69f0e3827c8bf91ca463,0
eda786b858a1f166bae11ce3984227a7e57b25a1,0
f2959929f282c09884dba491046ef2088bc312de,0
2f117f6407cd7a1fd0086879e0a2047112e1a40b,0
e5cf3e4c1252edc6bc486923a9b579303685e0bc,0
3f2ab1cead8a63529b89d656d004a85cce6a29c5,0
2e5e95602f4eda861eee6fa71cddacd5eba0a4c8,0
c0312b11dadb94e80e132996c1111f21969bed9e,0
f17c0a82e5156ed59ef59d55d7157def6a1bfb06,0
3ab8af96f659ca38d08d9833a4cffb73a6fea4c8,0
60a1d7fa07dc761ee1a6422561980d8702284cd5,0
08cb7096b63b8bd724c3defa6c8a8a0f4c9f65a4,0
ea170a7ec8717b0d70d65aee6156065cec08b22c,0
cb28812aff194e1d47f0ad44a1c2f812349b6c5d,0
cccddc44aff28e4254310138467837e2ade739af,0
5368d07327ca017b5f627d15a19b630105581b76,0
0981165865c06ab07cb69db3956bfb3d5c90eefd,0
d8e5a3d4a4a8ff0d8ea5b3c57065e810a7ad8886,0
c2845b9e4b10bc53f3b7200b497edaeeaf87c9fa,0
c2f27144952dbbd66f8c5e64a63b93e094410eef,0
f0e0ac12a787c98a672dd6f100c06d0403dcc718,0
d841d6ee530519491e3d94e4cc1259fe3b930820,0
67003efc25f6f239776085bbf85dbc7c0f708ef6,0
243ed5b08cf8c10abc259643b8e84348dd23f4bd,0
cdacc5c588b1ca033dcd65a06e6e03da8ea80c81,0
654bcf1110f7da2275a293ed6299b1ca19aa3397,0
ffa024643d62ee99ff61387f7531a5fb8c59fa1b,0
6e976b8149ef0a12fabb6dde1befd83e578e0a36,0
123416b931147d93001167bdd8d53b5fe70fd6ec,0
22d5201fb903cd166364ffb574901670d524e1fe,0
ae7935796a181908432a1ffb3023215141af2748,0
dbe407bfeb21af6307163dce1a6cecb2aa61ad70,0
b2ddca460ce1fe0997f123366166e55997839bb8,0
e742aa9bf28b748e053f55c420f832428d4a1bd8,0
430137cfe7acf90ab509ffe2684aeb46cad6b95e,0
f98fc01ede7d25b7434d5ecd9e82a70c0f995b73,0
db828cbea9fd0359c1eef697e984c42d00e166f4,0
7bf7e0526c0a20976e3834e3099dbb02218f804a,0
4ce3a727c437d2cd2b7e4cd3a775450da332fc46,0
2e341dfd933540e47455ad933de6c814ef99f46e,0
6a6d40602e1dba02687003bc61eec94cac78aa53,0
f9d6010a0fceaa63ddd1189aebfa86e8328f53e4,0
015e49bad636b07e2b3a02005ee1438e9bd20792,0
91ece7181003cfa74c3b7cd72f4b45f9788c3cc2,0
b6735b53a32f0a64a1d456e41e3d7bf3a0f00cfd,0
364805d3fd0383c8450167538798ac4b7e5de09c,0
c845211e1c1ee0a701fbd7b9cfa8084e60040dc7,0
20d7a864792711f3bf73bdfc76078fa1b7d5aeda,0
9d92ccaad2516223264746059fa8348ee794e7cd,0
db65c0dd0e9ab436b4de9911d15ee87a03bc49c9,0
4f6b0dfb573aac9c61f5e25589b26a5f728e06de,0
8f8edef0ab690f04efed8130a32d6e7e5ec45beb,0
cdc7021809f1f081b46cacdd80b5408b2650a58e,0
bb60b28edd8ce8c67f8c2c278855e08421e40f23,0
5bb72a560655294effe94d128d00f948e235a79c,0
83d815afad4057234d9f928f6f00701bb7b51e86,0
3456710f8e05defd37cd924d4e3be8b17d65c436,0
81d7b7c02c97ad2e3688ce2f5ddc2de46a8c9de2,0
7719a5ec71665e15907b51d89bf3e930b12b41fd,0
678c11d574c4a1bdfc77d2eb1f7ee84418cbbd53,0
fde7b66180b9e92df6c5d1b98a433d98cf65e13f,0
3cf5e3ff4754b363c4c9aca193fcd51d1d18d910,0
4fff07c0dfaa59a823e51a8823fb4da35f230604,0
d86cbd365e72f44670ad6fe5b1ca8cf27535e7db,0
95ddecdfd55338ff3efdf8a6dda24fc10d2425d9,0
ee26ef6db736ebd058f40438b739571c1dcf7ef5,0
530433e499b58de447c3af9f2df631c869011645,0
f2cfef0e6e01f244c9029184e2b5de3a306d8e4c,0
1059a15d1bfa9a2ebbbbe3b126192aa942b38f2b,0
196742afe8d8609325de0539405950624bde2186,0
681ada2026e74a6d71459ea709810b1082ac6fbf,0
55f985be27774443edc7ee0bc7198925cce54d06,0
41351de623039ae2b1e3cd602138fdab0a961bf7,0
a9a8ad2663759eaca76feed82abbfa7cbc408129,0
b5876d1d6eba508dba9234f8886ff205c8bf1c77,0
72d4fdd615cf819ecefaddb211b2c2fa58bd9262,0
51f4d8dc2f80b619b54b36c756af28602df61ddf,0
503a837c22a25f3d84d7c954ffa1af7c9a036d50,0
e63c8daad88878771f11db59c3f2148dcf57ef52,0
efc0220d534a7d0463991d0b721c54f9c986a0d4,0
7c98843bbc6054298c49e5d0230deab546c920ab,0
e7d509dff98a9ebdcceb530e7e5db79606e69694,0
abbd93aa6528117eefe5f35c6f60186974054eaa,0
e89929bdec1ee91c5139cf5e55df5cb71a74615f,0
c5c0c9777cc5207e42f2cfc1f68c53c6e7116b1f,0
7e041b5914bfe85ec77fdad9cb762c87cb3000b0,0
241f4ac448a9dc018cb97733f9c4a541a919a654,0
d1d24dc0de02956ce1117d4034e63357194f573a,0
5486a81883433a9ce84c153ee8ea3107ff7f7ab9,0
cc4bda966ff38af0a0aaca33d6303b6b43b8dc7e,0
e26dd3feaf2a87831216277f6fb19cc99f1f4937,0
b2d4cff5510f9b8a6f0ab9899032d431cf439c37,0
8636e2b8e80777fee3af960ebc68e58ef756da83,0
b4e3c868fd7fc25e526b0691b5d0d4e2d274d388,0
5e9c0b05b809f086b6b78a6151b190795426f291,0
59a5c1995e1719b87890216e126b06d30dde9f36,0
0de856a5e735421b1b65b092a3567be604083259,0
3f9191668f546638725e4917cfbe76f4495eb0c3,0
939dc9d0cdb43afb929f39df835dce830ed57740,0
78349e56401bca7baa505691acaf9730592a5a77,0
d49ecf49977629f1a1dd9b130cc2c2eebbd8b4eb,0
9d7a7d4c0209bded22a54b7987b20bb8f1da23bf,0
06dd920c4d2c87fd62d4c530d2793c2425a48744,0
a960d096d9348ce9c415aa54196c1d2a73df8d56,0
73d0ffa1944d30cd16d0b52e8b81a54e9457d032,0
162ed618e5fda642a06620e497fff7dec63ecf7e,0
86186b70a9b0b85f9f89d7f0c1023c3fc90ba505,0
3a6a9abf96197c2357ae73799c318f806dd57b57,0
5679749bc8282055c2d4b76229b50c76abed1ba1,0
18feeba2a42d419f7b52170e74167966eaa11965,0
760d0297f9d7ed3f8179c3e78ebfbcd503b458b0,0
821bd563d833408d87ace402c352d1c84d65d202,0
627ff8a5d3e54a3943f01a1b2f0ca7bfbfa44331,0
6ad09f85a9b4c94efa6593b7e0d4ac0587f6c51b,0
a3d914b0d6ec0e50ab663e5713250ddc8c19215f,0
42f2a22e5f7e7080e027a66c1b65f4a9515a2a16,0
f074b7dd49066f93abce781ccb40798d0a959e91,0
da7416329b4f20a111622a0e84489ad09a6adfb5,0
eacfc22ec2d12408d97b80d72dc60e1a84e6b91e,0
615abd3fd89f3d1d03a8947f7f782003b9779837,0
88769e018b50684807e6c40cce1562bb0ecf106f,0
9fe5593ab9ebe6ff8a27edeca54f746e0b3e9a2f,0
fd75d5b614e925412d0cbeda6ed703450076d65a,0
9fe33c66ff4276115f1308f82db1f941ef65122e,0
32c373c23ecc0239a9925e23115670da419113eb,0
709d099ce6bb98f1c781e18c9e211304188ce260,0
47bb24a47fe3febfe32a46a3ae8c4667a7e1f1f5,0
a02271060c3612030baa559bd10bb5fbbafd29e1,0
cb61c01ccb1f6bd2b4014154b7442173cc840884,0
dde5264141f1d6dcdb46583807bec82079973402,0
dc9ad7677a020b2d4c571f7dcc858cdbae2bb538,0
cb81b9710e7aedcca7686532f7d371962703274e,0
268d9959b8fdde851223fe1fe84caf1f6a757d1a,0
111920e1b7a14e66a22601f6781927c79d58f7fc,0
cece468057d7a6d58e22bf169e9ba657117964f0,0
6799d0cf0d0a58bcdf6f7b4dfd527bb6aadc4a24,0
6d7f25918b2d053a7e7a609e19c176c254c69490,0
78ffe0ddf167261aa52fbc1d0646be8f30f6643b,0
19dde950479fd15c4edb5bd8ac6d40632494c53a,0
55fa3fbbc93d9422f1b9e69f81cc10b7e241566f,0
b9d85ce68e7c259deafa61daa3b786b4a795aa1c,0
8ef06ed69dd9538479ac5b66acd1bbd59162ebb2,0
5520aa0e330db8698608bb06fd94fd4bcafa4b52,0
954f39566bb421e527534bf5ae97053110e3a56e,0
6ed2493eaa1599588c656da5de3a49979d06805d,0
4c6a23892efaeb09ef819eb64bebfa72d6669c54,0
08a2989eb8e439ef5a4f044879b13df1da939fdf,0
82294354a7cc179179deb44552b4650cd4480939,0
dc19976e2fe619b7db38d653b533a42eef5270ff,0
1e17944f9a149e2c702b8549c27292aa4c63d170,0
816c018ad476a3093ab07562fa1647f8cad92153,0
faac23a867a83a1185bbe63fde83c16b1510f5ed,0
5b76d4c0d1478e7b0906243cc0b214917a0312fd,0
dfae866819948ed360864d57b00c18a70c100428,0
389417a041d9eb5d8d0c7e9f93c0983f98361745,0
cc83c6da67ae75bac8bf4d65bcd1b7e3eef8d47f,0
ec864b4f8b34813bb7dee427ca5caaa41676eaa7,0
f07c65c21ed156c3d44dac7480d7b07f5ee75321,0
f88f3c58958ece15f99040eacb61907263e69a42,0
7e5fd4a8bb689745a82110f83fed690d6b78721c,0
8f14d01a52e3f81011c4eed9441f97f50716420c,0
9904889e6af02656628c6620b1252d51948f045f,0
49c217e495b567efc4b1401a758be4b2c37d35e3,0
2f10e2abd971dde09f113a21195ab3fb005fc9ae,0
b9bdee549cae19d474c0acadb9d703dac701c9ea,0
0ffeb1f4002d2f6e524873b5073e55839c7eb169,0
d25997063c081d04b5842b9d9ecf906bc36159e9,0
9d174584380c73a26d292da0812b3d12e7952de7,0
dca0955e1e72233fbacd40294b0645af9d30fd40,0
5b5082faa86c042c7b69ef26be8d6c0d49230b27,0
27347f7ac6267818dc3c7d578d5349e60c6719f0,0
cdedd588bf94417cd3487d6c30125eff23512627,0
4e7e4ce13ca80ab6faa5677aa38c6c5c8db6c80c,0
3657c535446bcbf8cb80e4c89040c17532fea545,0
3a03c539d7ce87dff0f9fdbf4c2d2b846c08300e,0
20b4c16ec918ca5e6ac03289bbd0d8eb1a12bb36,0
5399c766287a06ce002beaed89fa8af5461e15d0,0
cb32f05f4b9e3228b95ced3097292174aaef72e4,0
5cfb32d377567c2192548581129a10d6f7bf13d0,0
5e379ac9e8d3ebb4c831627b5996040e6ecdf4f4,0
6cb157cbd907738bf9ca5d6693506e97b6caa5a9,0
0bb3884ea3956362a90650245423ca069c3858df,0
84a9c0dc9224d6bcc0353469ddbaa034e6eab814,0
6c61526e840ebe1e194c1c3149fd191ccb11aeae,0
b4fea6f87434632ab9da19dc1539559b49438a0c,0
b03af0081c2c555bfb899cecf9fe0a84c159e9e9,0
694209fb57b94d113a9972a45ec362c1576b52cd,0
7282b90b8afde8e76e702015563ae42cc0118cfa,0
774688b562b387b7fecffedc09cfb4e153cb02be,0
13b4e8f5ac851e8eb0bc1f9aea8ade040d07758c,0
f324cca52a257261e958a8d7ee076b6249617c14,0
abcbbe6002e578de39fe0b9dc02db4d53a81a062,0
af8fb6d95aecd55dc47f41264cd30b249b86f3d1,0
798da9066f00b5ca99bdbbd0ca2a0b51b2c49d7c,0
e62cd1dae48a16b2dd26b64610c27ca6c9229ba8,0
e5ac2708e6a29adcb84e46581cb1f654d77f824c,0
4370f990846166ba2c621797a9c3a9107ea7ba4c,0
eec9ccbdef76b97ba6cc7ea93265d17ae69f8746,0
41054879f0c4802d7e30be0333ee289c71d66e92,0
7445c980df16ab433510398fdc5d631df48fd0b8,0
3df08642d14a062d0aebf079758cd4f92a599271,0
6c5dcf3f30cc2c66419455da2d8c23ac90ad7d25,0
e6bc651f5e9e5ea41f37c5b41349b3a058fee139,0
4b6a35813658a3e25556794045e8b679e1e6044d,0
f1b47dd3ef6e8d29bf29d47b4849f6fea73a52b0,0
02da6b3c9e5719e109501596371ccf75e99844dd,0
24a9e158138069634df56ba39b96cac7e93adca7,0
ef6e3e935a5bf2278e8cdefd7e7460b55b28f656,0
ad4dd701aa24cb178a7fa702078bf7ed3e6e670d,0
90e34287373a1c0a3af0bfd569af0d5bc890d189,0
9e7ac7f3daf8460573b6c7940cdc115078836188,0
a4186edf809581f50b8cce7efdb6513c6d9a195d,0
76832b67e741f3db8c74781d234df017c693e8b7,0
9d6147d899a3b0e230fb375014daad88057b202b,0
5b4a7c90935efbe77eec74daaaaf6c60c4f2ccd4,0
da728b586024129e306a324ff092874ce2c8f6d7,0
5114546e23a887191016ee3205391865daa518fa,0
b141f97f2de7a1235aa01b546e3305efd445627e,0
85ff70b6df9bb7e031fc3d93fd67b38ce81fc6bb,0
29266ee14dfb1a1683cba00d3ed32ce52bcbf7b3,0
97023c24b3979a0954c03ecefa8622811e602c06,0
eea14622103613a180da580777c4e298809e925d,0
ccb1b2e3c38cff8cac5b70d3550fab6e8eef9bc3,0
af41d23d2dcc771bfaf23fcea435edeb8fcb1df0,0
ce584e34990f28c0a102b96827d84a360ed832f0,0
e4ffba1c1892521300a880fbb76ef012f96c7ec4,0
28c2de148edb5e4db2729e7f9b16ee96094c2d52,0
4747e5358587155eac566dc8b2de0bf0061a5a56,0
0b5960ae0bbbf6846315120715e1c25a051db86a,0
e63ef67fa09343b4469dd4f1f6f056762e98f30e,0
8ea7dc230b49a715d0f42dfe388cf56ec6e1001b,0
4e857e4e892ca2981a9d1faf3b4e640563afa4ba,0
a72cdd50d16d28b42d78f03d2b57e06b2786c6b4,0
19d64d3171d783e29db69076d43d370e3184b005,0
2bbf25da73ffd52ea6899e33b4605387c0995dd4,0
74b31427f3d794cebb494377f89b8751a9ac1d40,0
0f9f3e01f98986fa65795f64bc3dd96d81a87e39,0
b75c001dbb1c17f524d8adf948223bc41828989a,0
66b2d6f2f3a5030cf107e9c9632471b23e361afe,0
54b385b7b3ef5564f37f6c4044ad5edc71ed50bd,0
9974ca148238d415042fc2ee81ca1f03813c837e,0
2be31f0119a85490bcc197554c3a7a931b7dc8cb,0
8d6dc9649cb39f24065e82b97e4410a2c5ed16f9,0
1bf7586a831e2168de7c01569e025be26c306df8,0
b25e335b72ced95e5aab18714695b04fd5ee4b2c,0
ff73740346f01e3a50ff63284615b554e184ad2b,0
2a07ed978903f3c30d2c0c14b8ef1e25a931c7be,0
347cee6c64bbdf6224dc9b4b0b0e96156e0299ea,0
3d30b37c2399de027c294820ff78365df1f63524,0
a6099c791f05d293b29109833e3dfca12b65c15e,0
176fbae7b0ec95f3972a1a1fcd0cd9c262c077c8,0
4f1e016f408f15bb29741b80586cfb7034360c2e,0
059ee07d607bfbf7de594b38218a0c1973b3d69e,0
b8c7ff2dc8c1e1962b4e5d9e597eb35c65bcc9ce,0
0d01b16624b61cccb99827270551ee71accd978b,0
e68fbd6503e5d9e1f12a459c93e015232fb97f5a,0
331779b3b48fcddb7a5ac7ca71013f5c95b0da34,0
b78f4291c65eaff0602668530d118c1eeb0ceca4,0
bdad3bae9b23f3ae24b99ed87db6ce6ca295e1af,0
bea55df70f63ff297192fd31fe9e48028edfdc3c,0
c6a582861610fd6a0ca6bddab546ab692c156e9f,0
de729d287710a31885ff7b1b664698b9726a6c84,0
c14433f4244c15a8168078ea7bcb6157e09caaf4,0
a4c5270d5b848befb69d156160892de49b306a2e,0
d80210cd98fa0c262809132f1352005e4120553a,0
6885efb36966fde420ba42a0ac8274ac801721ad,0
e569addab597555319026ef5c296410b3712d1ba,0
7360a83ac028142e2cb85e96c09a1495ac101903,0
94f2b778bccd97af2b339f3ce3fdb764ba025cd6,0
a2c912acf5ac9ade996a2281f228911c151a8890,0
4a2d52753d0f91b0480da28b1dfe088d834606f7,0
904a5736364d09435023e936d00fdabc2ef33f64,0
cf9686e225fa04b19f39381f5a58d8c16d38b807,0
fb9642f1b3aa8d9eca8b7773b73e327b9995553a,0
cb45c9453669eb2570f582f491cb0e06b0e63466,0
4a456a4a7ff8c534e1758b6e5cc18e33b4c03cef,0
05024eb0f24dda058ec0c9aa53f3398ccf209892,0
0517af93345b58d068b8b6adfb7bf06e130b37a5,0
69e6d0a881e445469f6a5cafcc3aa081edf85f73,0
ff2b5246ec89581da83810d5b56f3a3c36ebe4b6,0
c6f784a809024c3e4ec122e5790d3487530fd3e4,0
c69271da3b07a450ee2ab8c1d94ab5a0a6806f22,0
4b6bd108d1e49e296584542f70304d1da426b254,0
2af6ca23d3c88b8f347b9609386a79ce6b8cd155,0
34841ac7ca302efa38dd480ee0d0fc70f8bcc1c5,0
8edb2d259aad6fd5b84769b129765eb6a0b06a19,0
96ff2822ee6638b89607cbe5b589fab532695e48,0
9d8da895e6aff1c5c69c3a81c66b341e3b6d3345,0
4a34a33ce635e696492adb1a6533085293c254f9,0
eeb11b75ae5157191ce8c505a73db9f4768d7f0f,0
162b38c9b03fa491673779ceb436935513b6e1a9,0
f6bf56f404e8e3e22e0476d16153814c72077c0f,0
550fb05881b645d761f47718e801f2e7e8249038,0
ce9f0311ec17d879d489ef54d7273b61c92f30f3,0
12352362ca60a95d5960e4e46f24dc3004c13a3c,0
f3fca0fd0aa63b2c2070ff281aed6012217deea4,0
e4c90521f1350de25c804656411664d8444f04ec,0
9dbc7c8a3e7a198f6a7fcce597a81f0ecd2707ae,0
94fe9e43b8e7ddd38da6bea939af8a2d2a29940b,0
277f113418ffafd57d4fc5cb435e8886629613c8,0
f3ffd88ee01d8b4393f4387c0c6f3438998b0bcc,0
e26e262f88a5d589bd46f721d6f6e1d2f917c0e7,0
783f1546cc56e58a6c15ccdc52c0205a89b29a75,0
19ae0ae79248233d05f6b5ae6e7a9a3eb073fbee,0
2ef7a98ef8a16459ad21c5224cb4eb9bcff97742,0
8e619dd9e7eefb79820660f66762dbfe8dfb1716,0
a982bbf964991e434d286f53ae9a235cec16f896,0
3d118b9178141bb2994605912cec365d29b5aa86,0
edccc39b2294b6a63ca47d5ff1935207436b09ea,0
07aa8aa2e78cc70ec986ccd709707a96508d6801,0
cd4b296782b3f0baae9ef9a9889a612dfe8ff189,0
467d82087d0e678969512a2a4705e3cb78dacaf8,0
29bb1c868ee5e9f4e0ad4d1b1af2039d64f69997,0
c5225f47ebf84365ebc63ca12d685fb99c1026aa,0
1d8ff5075f667fc499fe3691a797ad8b5008c767,0
ca34f745179b1b9827ff05c8c39d877cb79a7399,0
ee9dd2002d499b25e2c5b78bbaf7389d8bf63097,0
d2815eb45affcec278d01221124651465a62e350,0
f04fada4308db73ef01dd3740f6d824919634986,0
877a57479cc71aadc72b77279b97837e02ece17a,0
f20f0f239c10368cee684a64e2d2033fff31c983,0
b6535fde6d6ed58efa8cd450e3dd99e6ca054576,0
1a0b5351eb7b15769710444f0e0fce82eb4fe3b9,0
a99e0f7fa930f8374c022795c3a7f8ca14225b9a,0
b2467fe10980a00b1696f1750194742a74a66791,0
eb3dc181d3f927f402998bdcdd0ebc94e7c7f346,0
cf367d89a8cbf5dcc6856a8c1b119fb1575eb2be,0
0358d5f599e7624e29445d5caff78cab945195e7,0
d4953ac9260343a14ce18720694363f4e0d9ed7c,0
93eada2ec3f96f2074492df33f39f3669e6da71d,0
7cfab7cb23d43f538a9b1192539620ba0844d1b9,0
7cf73b6434f7cd661d94e296cb5a46f201835abe,0
2461d2f41d3bfd066611844f7903f6f20a674704,0
677b941a6bd176079509326921f7f1de92cfc11e,0
a47cb20129f973f684ee58ef62062a3fec700280,0
ac1f470f502e0fb872d51ad99de159ca1d35d18b,0
1874557c723a2985c57d8f43a6e53275216e6cc4,0
fad4d8a8db3fe97bd2e060b2b54fab1984719d25,0
247dfb5fdeda393f29eafe2721548f35602065b3,0
0a3d3be797b66f4c1ce60e281d43a2b39202d17c,0
9c5858a91750efd50296e023e4472db8141f5a66,0
1b7acef89892eaf8e25f28c2286105c4a5327ad5,0
a4c75841688a6b1e7b299ba3cdafd747afc4176e,0
180fd465bcead52ffe6c7018e57c5124a45ebd42,0
aceb685c2f6292b5a3233cf5a9a2cde60cb0f855,0
cf81c3a7ee5db608d8046971b6a1e3a5cdd9ea25,0
e9549ca5c3ee14e2860e939b8af09848ca5dec45,0
30ddbd3345c0cff5c654adfb439dfa5f16fce4f3,0
31f7a4c329d2808d09193bdbc07b8fd1f5b4556d,0
973044d1305b9d676ad6f1802e7b682250fc0ff8,0
b3a083c28c8a7eb139935fcb2bcaae6375eda96c,0
e172c597e364ae1cdc5f6a5ea4fe2ffbfc94dcf1,0
7a22b9107fa3d794fb5691d540c9b4ced2be3736,0
6fb582d64c7ac16d5ccb50310c0727de139ddf32,0
f4beb5d1336a426c25af24e7515e4bc1b5e75b52,0
b0a22b95e9e7ee0ea6cd9ae5a413dbc0b90cfe11,0
0496661bd2a5ebe4b10c3556ba3d019ea9bd5562,0
88d2bc8eab20af1640890fc55d3bf2664fd33a7c,0
fe0009fcce1e6b34dbb5a5efda8c44484ecbc82d,0
8f5fea79026a87635f361dca93feb3ff4b0d28c6,0
56b0b7bd0d8cab244a14fd043c84999de2055d09,0
87c3384853a998b28147c5094ecc9626970f7aba,0
a9e41247b88e79547d8cc5d92f39a371c2e2a879,0
0999f9e51c2214dbbeb7b89c99474c659e903ab7,0
c8883a86b0c95da6b6e455b178a1be78ebcdab9e,0
64e1b0468e414e0f7320511dbbe419242802d0ee,0
9bf2f9c5a100a7d112065e34256220c4f516143a,0
43f3dc7fc5be411ddcd9f04068199b80a09ac777,0
695808e87417617431528b94397d0fcc3f1ac474,0
cb416ebb1b1546ea5db4e9ec804fcb252bc64c5e,0
a06614c0577bbed6b565b94d745853fd085ccc46,0
c255fac3ea044af8292ca827ee555217539c4836,0
af71852a49a2c96c8f873f0c9087d4b50f4ef78f,0
f345bd194fa8d4260d87417d0a050dfcfaa61541,0
059b281365062a83c7bfdad4a8e9423926064262,0
9031ff631b1929a4d2dbea14f3476764f62dd3f2,0
7b2486737d262676716a9f26f593b7f02ca3f91a,0
f51ae0e627fb49db19883d8ea36de01877612afc,0
935ecf215349b892fae40f0499d38474686f9f09,0
144289f831b46f7ec3eaaffcf85f7c01d53ca926,0
5cdbd45c816939908dd00da873da16db5666d1a5,0
1eda37310470171714c91baf63f26deaf84b7880,0
6817f83f65c3a10e10b6ebffb777e7b60587ea04,0
e5597982f0b55f3502bed0c11b674796a394c0f5,0
f689317156633667f6962ecdbf5053a1cc7d3602,0
c57ca1c8ab2e7909dd819abe15a4ffbbafc3b80c,0
c0d0f6424cc3447f691148b9410ce741d48aa35a,0
92174b642a3bddb0e64a3b97bbfe819143a0912c,0
3d5733be1c9817c73eb7a425abec394db3773b63,0
7f1cb6444ef8686246448d7078d23241985c8d22,0
6a0f83428ab809ab0f63dc6801af9773b3236dfb,0
d52561d084e9eddec6b6ba5395606905c1c19222,0
e094ccd899962e4ce3882017a839d16a321536c6,0
5281aa35c57931971190067f1a5057845ba0fd68,0
8f44f438f64186ff72f9d7b4e67bdaa5152b9330,0
ae1b2b5f7e63778578541c2ec1b8259d0744de81,0
b8facee10a2eb3c758cff2320ea261c99ec0bc0c,0
5aeb3f7bdefefa9d6445c2d1631b49824939e816,0
8a14831ad72acfe16525a3f009740e61e9e9d15f,0
ca738bb628ffca114183cdcce6adc29824ad387b,0
42346b9745d25200fb0257f7a7fa3bc85e909861,0
bc711eb83e92994c5ebee81219ddee38120d2aac,0
8efecb54c237393a60b600b4671fec3613b919b6,0
6cb7594cf79a2f1e4e9c5a46567d658c455184be,0
ee24861e0229602ba4f2141feae4476f91728b7c,0
669be5d539d30cd101de3de6f7721871df517dd9,0
ef0de698dd08632871a496a87ca26063e3863ff2,0
1811c57a4c59145c3300dac86c839a341002d411,0
8ca03f827e90db2a46b50279f46e7326cc9d4562,0
2df72392180279f22c92bb3b3939f4f37e5d3ecd,0
ac012b68f0f8c40aa13bab5e5b23bcefbe0f9863,0
8341b3e8b5334a77b83cb12f43972f2d8f0127a7,0
1165a1db980b32919270c3b8113f0f19ca1faddb,0
90dea42478791d1368112153c24f36019c02eb2f,0
e6702c04cddf3189a1557e43861c03c49d32add3,0
2b198f42de3f6815029d9eb45ede2763c90d3328,0
717ba14e9db387f8af977e7bd362bad235e53bd6,0
b8889cbfb1a0a71c88656b657a76af296c747014,0
464f78b62abfed1e64f5c713ab8bb914ed0a9535,0
7ee9b6c82cb67a3e82541b2a0bb02a38318fced0,0
b88ad6efd6c54f0db083b93949df124ddbc06e2f,0
e1cdf94eca8b6ebd138f7405d5f154aef81cf7c9,0
3a9936c4c95a692f0557f66149c8e13d2842196c,0
1ae9a65cbd25242d30e1a64fc2d12c6f2ded42e5,0
07f41304143cbc587fa4308fc5a101e47e49f913,0
daf9047c2aad54241d658f9e7adab35b54ba8638,0
549f80ecd89539818b16d6b91f34bc7549b9a8e0,0
d5cc8fcb0eb78ed27c5c142f077cd7abfeebea2d,0
01090866c7c02d5dc393973274cdd6de8aaec549,0
342e749241af3bc5b492952ac79d93211c264d4d,0
3cbcf9b1aa6b49bbfcc9c926ae146b21ca098a4c,0
505dc539e217295a1d926a0de14d8037a851f329,0
2bae74991dcdd967b53020617dd292990aeece72,0
c41eec99caed585982dbd128a1c9ece24a8770f6,0
d6de8109d3faa2efe88e8648053dd1e6fbbae905,0
c63bb9f0395766656a1463d07dcb02f490e84831,0
85f5825b285c7454eb8821eea6b8935c21877d08,0
50aec3a899b1fb61aac6932f59a668a8ca2feb63,0
16b16c39c1378b262044f91a90e520fd17d59e86,0
35d096b52209637cc64ce6ebcb50fb25bc7d1eec,0
f8db3056364d728741c1d0a9705f2a818a38d0d6,0
db5c72d322e5be8635cf6ee32156f0810e3383ad,0
ab47f7d5dbd8a99dc2f872d35211b9f57c506955,0
c44938e58ce3269285dc2017e417076442e66967,0
1e413625b0c0c7b025c9807b83d69cbf80d6c78e,0
33b61676c7c5c44e90480e1224eef73e90280ad1,0
76c92f431ed6dc80d988619cedbbaa2501f64224,0
5f3a26c53c7ef7fe44959b71fa05633200f8a58c,0
223d5692d64b8ee5ac64a83c918377e0da0f81d6,0
e70b93c86699c957b77264a8069b64c78a50f545,0
0a6381741d3205b81c725b1643074465314eecd7,0
4f2c06ffb95f8accd422564787cec8c865c759b0,0
1fe8a4df5c0b0ba998d64aaa3aac1cbc0fa2c715,0
58143ec1c7b25ce262f633228e1eb66b8b9ab16b,0
22e600d20aa23a9eaa659387dc2ba623cd7ad383,0
245068f7a2d00fd433a7962b72a1abad03b06532,0
16a28e4f75631ae588b2c2bac9b8980c470129fd,0
16c475f557f89b0c00f59ccd0063e36b3d4482a5,0
e1b6b3ba60ba41cd39886d30ad69565c45fd140d,0
7964bcb14983c0d2805ed2f9267bea3ef3025611,0
5f763507d4f1ce441739687add7df922bbba3d93,0
db6eb6509aabd2f567125b614268fb6ae9c0dec7,0
0f438944c51f2d18b0b7f6d20c4565709312dd2e,0
9a86a0c4ad0be907868f418359a0f1cc863b5a2d,0
6d549a1723982e6eb220b89258f7504bd070b142,0
cb10bd5b96a23a6357260c5ec631f3cc94be3507,0
6328fdad8353efbe375e4b9b24587b9498bec8eb,0
be4f767f205f0db150cd01817a26e3e4ea0dbd55,0
ad30ce4b493a017fcd3e29d23b87d9ed6e81b6f9,0
d6539bcb25e1e7f3982141f18d2811af5f2637e7,0
a6eb374bb5644773fba82614b14b58de43f4658d,0
0420771bd4450a9f1b388b1600e169fcaca25a21,0
77c3e8525e394ed952e033ccbdaa4db64c5dea2e,0
8d846a1e916efdaa548fd769959ee2a37e89926b,0
19b72f9cf7ab9727e01c15a020e135e24b046b40,0
2cd2f38ee5766ece3aed520ddfae22f7fe4ea8f6,0
39b6e2110a1f669a7ed7b77a897e8710de577ca6,0
50b31903807e34d5b8eba659cbd870680b733506,0
4319ab0acff70f2925b049b7b50754ab75677b4d,0
216a68f8a8833b4b351e0928da80a0ed68c8fd46,0
fc090b7ac80c72a28a0955396ec05045de2b4fd0,0
ac854bd404eb4732bf98f15c4eb9ddaf30e1b199,0
95d619618876315c2c6675f1fa4b98693e23fd86,0
0f9c7e78b8033d621e9427fc0301cb98df0cf51f,0
3c0f631337c8507a34333ceb0469c90845d8d60d,0
f15cc106e433ee488f61f4577f91ecdbf601f62e,0
732237eab0ec8bd81c6134fbfca324a7ff10e376,0
ad006fecb336ef9d17eb640eab328ecd50a3e044,0
ce81ce55a5b24895c0c7f53d8be6a4c0070c0d9f,0
a29e92fa9922627bc686cf99fda596b3b65726f1,0
91ea386acfac1a9dd471029322383b5cd660bb1f,0
e0a9c465be93842b421dace2815c7322958c4c65,0
a792fc3c3793d72792e56951024afbaf2684ec92,0
c52ddde8fce03cbc15bccc1c1cbd0e1de6b306fc,0
a5d35776d08b83cbb9ff6f64f83bfce55c4db17f,0
68e38f56e916f70b013284fdb79fcbec9e2b9e90,0
52386a1eab6a91b49d61428453be37b1f943e4f8,0
3bfae6ab6cf98730e825a1c823376a8e0bee77f3,0
1562bc942f85a57c85e2420dd494715e1f5fddaa,0
49fc64ed628301b9748e956831aeb1451d52c776,0
f40b1c7e1498ff758d3a7df6833fcc080b2fb9c1,0
2228fd51d4116e7f0ede60e84ce8a05dd0858a41,0
31f5fa5e8aec76761e89475858c00ab3f2922cdb,0
14426c160549a2f52dafeb7284ad276118b3373c,0
dda6764448cebff561e55378bdd35b4cd4bc23c3,0
15441ed0fd1d4a9a6d970f8bcf4a4c526519d521,0
f0ab7c1e98da801913d6d6a8458483804be09067,0
974fabbec944195daff34036a9080ce3766ce2ab,0
dc7019b52d536f24a8ec796566147ee0a654cc9f,0
18add71266c289bac70b8e06df22205581d07842,0
da7c04b9e669f4edf4c50fea0821bdbe55ddceb9,0
7ab04ec2566df73cb4a58c933a161d692fda6eae,0
31cc52b1df6f5ce2c57e750285fc0b56e2477185,0
088672faf680874618452d575499148ed91009f2,0
d4a702d73d24e59ed98efb7976ef78db11d51da9,0
09e6bd175ea308deb2a3f8e22356aef37cd1b3d6,0
60a7b09060e4417e415713d7ef95290349206d15,0
43d595341e08c781c2438660fc8f4e9b2051e87d,0
6925eb03ae7af74b368c1005ed75d6cce87151e9,0
3c3453cf091657e9ec3a3703accce680da332db4,0
401099197a5b28e76e737d7f3e573db5c716db0f,0
ccff5703cffb6f9ebde5433b4b69f9e051682e53,0
55db2d44f97b589f0d48baa0d1af4df29fff231f,0
99684d0c804be03c2f6b3e8d3d9bea3c0843ab6e,0
2e1fd691053553617ee1d826dd17ab2f9558398f,0
dcec739c37692572b42c85296e02a42052571cff,0
47cbfbc3a7a2b77b1943f9783d2052d026d37071,0
8048ecaced704b8fbc427d5f9adf4a5f654876f9,0
8a6988c433745e63dd3457cbb1d5a76bf7b7f75e,0
4ba7e9d53d9a169e97a10340f199475d54fed568,0
36ff3478fd89ad51a84295201f01b1da9f6dea6e,0
4b51ef1483f647f3fb71826f9d1cf669d26ca1ce,0
5304e0c9798ee537db3fbe22a8a302a71dd89320,0
7a414c1c45193f55a310f36cca33ddd9f20f2e48,0
db02394b76b4b6688b45d3dfd205cb07f78b2bcd,0
ec71c1c95b716769bfc3e285c4495aefec8d8382,0
0a8d89764938b4729086f23c6d32c473666deda3,0
e2ea9ab24c034379e4d9ff72486954141d5395f8,0
6f211ae35b13dc719f38e125b9c9e3c1340004fa,0
81783c9710e4d51ddc2b2dae591da3f8f1a87b90,0
2ef878e2020626563d01a091f08bad10553fabea,0
a35b615f3027a88a1638c8e5d9ea9bffcc483f61,0
3388480e10c20d10011b5f1777c0bd771df80bf0,0
846d8eeced66698dad1210b5b71bc1b59fd6ad1a,0
e1b140c50421680a9126352bf20784f7ae2cfbb4,0
0dd2c75fe8013befa0b5b975dd7e0ef7d045b0b6,0
89dd4ab3771463626a1bebe051459cbdf78c11ef,0
5c360585aafe31de36dea2f4f06a154a43344761,0
dc2f74095b44f4c5b6c801a92cbafc9fb60576cb,0
ad85d00604d945210c36acfeff8ff4842d635500,0
2095a8696959f16c55b3baf6c262291b360e8b98,0
cb7ed8426278fef0244e459e1ba6e39402d2b860,0
ae10ed977c0ddf35fa34a4e84469508b96982423,0
0b28a425538c59a47a72a1ddcd8191b8f6955f59,0
2d2457a04062bd2eb176ffa269756efc2fc9293e,0
ce463293379f352f8812e0f25906f8d55fc51905,0
08a4a5b69604f656eabd5c03765176ae223dc957,0
160bc45117b204d1e7dfd2d8ffa353fee0287a31,0
58fee7a0472d6ae382c471f82c7fa79d89752a12,0
754515766359cf31aab2584f95bd25404d3cd3e5,0
e7134e699db8c30d5fdfa617fe47d5261dc02afb,0
60f19baab28c7a35af862a8baba9b5eb525c753b,0
5c2649e881799f1b6861fdc1ad3a97324d73e63f,0
51eb9fec73ae493fdea1fe9110c568c16599c60c,0
ab6e5359bc512053d7db8e4882aa3a919fa6daa1,0
37efb0d13a7f1e3912fd5bec3b42e782d825f6b3,0
44b98fddc3c0f25069e2566fd0c4584004bca103,0
22415922f4f27935f4e50f7d54abcc1cefe2a0e3,0
781a9152796637936194a8b553ddb8c082e58a96,0
1fcb6dbf209b44ec5f4cd5e2f2f31fd451eee1f8,0
101ee507faa79f5c3e62cca71ebcfb8b161b5e38,0
278956f2c5e7457dae352891c0e3319c4f303201,0
53cefa86f100b04cec1082d49ec0486492bfbbed,0
dc9eb5f93b3260f52e027f117920bd8764aff19e,0
4555eb40333352dddc31b27fb86cb13519856baa,0
a2818cb7637e41110d2483d51dcc5db4d14a7493,0
eb4ccc69e2c5da2e97b94330e76967f88a9bcee1,0
09075525d8e752e635038b5338f1e635b067ee3e,0
9efa7bfc76fe574891e75ad9d61810e33e9a3471,0
11353dc0d8b37d42ecf2f46c80f2f2f50755300c,0
4e8609be1acf3ae382f19f4f7e893847e633d13c,0
3683f467c784e1593d8b6c7e95ebd537c0abbfb2,0
71f5560178a104375ce476ed7944a0156cd2d055,0
0d060f6af67c77b474411fc41276b177e93cb345,0
a9e63b26c122e0266b6b8a1a7e66058af37cf004,0
4b493cecb1ac8c238693da67c2c2e31da491ce95,0
e5b584c2c9ddff143a54c3153d19c45e6cf3a7a3,0
824b0ea6390000b875e30f876377927ad3b913ba,0
364d8982020317611d15528241a11cb828b881c2,0
b249681e611ba872c5bb47d5de4ffd8ddac34f48,0
19a1fac3b39c0f87e5183dbb0edd5cd3eb3e432b,0
7ae2050a436827a567cb29e2a17c1caf28fdcee3,0
bda7dfba1047623e7c77f0a93b40f0c8e6f8fcdf,0
67ae9e9433bed61926c03b0be2d57e6d20ae7b80,0
adcd9fe6bf481c338557cc9f461d98bf75aaf326,0
7e8a15a5defb58c4faa117113db523665924789d,0
144326c55329707cab7ced88e98583c23a144c36,0
b68e77a46bb8e5aaf3ff0644e793b0ca62351a13,0
bd9dc57a9bdf3426d2c992fcd5f3c022945310bf,0
5626d92aa8579e6d098850e2a252bb41dc7d5fa4,0
dbe4b82bcb5f6e856719d7274cac7dfca870311d,0
4063e88305e7fc403570d19931aaa3bf55b45047,0
70d5131acd3cb3252b2da11d2843eab5879e2e28,0
cbad37c7365b7ca78262e9c81e540071ee70df73,0
4ab014c095dadaed0357805cbc35e9c11d3f7932,0
454f7d7e81eff6cf20614f8631ee625e165816eb,0
61e51fbf806da05d82b3207cf4d5ddd6dfa1136a,0
2b15186bf0f6ca0aa698156b2a5e72adcb0a3b62,0
e9a323fd064841f2dc1828be910646f9f5899558,0
23864c532c6afba73ca1677eea108fbdd4fed85b,0
3e82258d8d1d8c22a4ec70b60147ea68ea3b7468,0
d00b1a034e5a2c5afcd12747b1a11f7b99ecc7fa,0
e5a9c82d5d16746328efed344d5b8c61631bcbd8,0
6d5d925354b873c1a437846246360e14ed445b95,0
a58064d8529f2d09d5d69f8779c8264e37a5896e,0
851ca24430eb19fefb6b9e8a0efd15d4608cc8fb,0
e4f3cc9c221a9254e32c0161ea9b054ceb6626d7,0
9dff6424d2434d33cab12d764a20acf67169344c,0
865fbe5f5223aa6b5bc3200e3d5b74c6fd605916,0
2bd2c3130b3c3b1dbde74a85be509c8166922977,0
2b574e1e41203a047daa467db8777f3c2ce10565,0
060645f77a2c5a32772d9413e551e30a75503418,0
f8975d395bc16cf5cb7feac91289275e000908b9,0
a15d52baa2cad66f28552456f39dd45d04d4ff53,0
d4a3cdbf9f3dc97a018548cec29b47d60bc9d246,0
1a553bbf2793e005b05602f699da0737d6b5e62c,0
1deab8a1c188a1a5a67440b265b092a893066bbb,0
ad8774ed9ec69d7eca13f6431a0738a5ba3d1255,0
5efda7c2a74f9693133b80f1ddde1e2435f2480e,0
47177ec1698f1c4bc2ee5f647222cdd3bd165cfe,0
b56d0b9bc605be610e8c50b9e4d45303f5ffe390,0
3f677aa274b30d7fac1deda9434d2a3abaeeba07,0
d1cd9e2a4f44f41a07b8db4634a41cf5965c913b,0
cce798eaafd9aea89f45883d7bce0e997b02d9d3,0
32cb6ec4b6674ebbf39a7b7a043a2e28fbaffcb8,0
d74d82e4e74c2ac0ef781ffb4a6d9a68f72c6620,0
12422ff76a5befd86cbabe1a284d25dcd8487fd3,0
21131119d05ae99fb72238ec5517e412b36a403c,0
14c301a75585622e2d108579c3b7010f768b443a,0
7992395b1a5627c191ed24dd3be7e3b8cd7f0164,0
ece1e9ae677232bc0762f9d26efd9886d4d18595,0
17cce56e0caed2a6c72b8f7518c66a5f5dd19fee,0
239742176cd99e41568fd31e5813c53243f2404e,0
432aeb6f84c56d229667f3453f40337756f1ddb5,0
de81f7bdfdde4cc411ac4ab586f204a6cde0ae6a,0
eb49b00d3d0bae4b5c219deb5edba843a08571e8,0
b22bc1e9b60c8a5e4309149e55e01c5bb4030a1f,0
7b64444268d55f1f6c036ddc5bdead061694cb77,0
77259ec3c7d24865576b608f78990f8db4c66bbc,0
861711cc04c222372d940311d7ea9272a9983f97,0
edc0eae4e96e1d43dd0d7aca9f70e41f95515f36,0
1b0ec86a46e152a2b5b470991460da3ebfdae7bb,0
4b381bf78c8a964ffcb8b440bd5b3750ed48d482,0
6df1a753929f305bdedac531d4754d724a0ef4a0,0
751ea685a8b7fc6198af8eb561f9528cfd41d639,0
feba9f6d93ce6626cd7a36d3832d294ca91d5baa,0
da2927c1bfe550a7a7341919465affda8f040099,0
f31165e6f794014fbbca260081eb96d07a52385f,0
f83f601d052786533bd0ea02eb623f1888001db7,0
47ff9334db0b05e0c88a0e7a5c692072aa9ec6d2,0
fbdfdd832c7518e6d1a45f8dbb7b71724ee19828,0
0ce9518fe9f3787d1d7fbf9d3a59a225bd17a66c,0
d6ff1e6c6ce36831b77d04574345f299a165fa55,0
d3196dc8c0e4bca771e3e796f504aba99059b934,0
b9e2f5e5bec0d24607a7074c8c000be126e02113,0
fc038afe35c7c1424fb52d43f3b0f8f035afebe0,0
294df54e4e77778df7e374b985c45f5ec0b30ead,0
4c9b4adca42d53de8c062e35b26a9a419e8e1fbb,0
4881d6f4c001ea4eed716c221541f828fdeb1373,0
f4b6b448a69d163310821e6f25d882706c944973,0
b2ba9850c6c4aad85b05eb1d057e8a050687427d,0
98edd393df3ba3d64e291df50e135483dd7aa9ac,0
7c3436ae4857c735d2709d5e6a7a5172eb40b993,0
87ef1d5c723386609a3effa55a8693ea4baec046,0
d951157fca9d8c8bc7209efa2baf0a4f09110e27,0
c4cc3b78835ca569a5d60f73381c9e7e91be7d8f,0
eade66768121c9445dd810aa0310428916764c0d,0
f7296944617ac004fb28040c131ab96f9af606ae,0
e262860ec6fb4e6631ee709ff2492109616f0752,0
224b39a3862720fd96bb0a15138fc9ad4b2a0213,0
ac21ebf26eecf8a11749cfa56024c3e676bf82b4,0
36ff6a6a18edd59d0ad7fd1b78d65ea2dae8e3f0,0
2e010aa36387817da8544d30ffe3ddf4ddb7ff24,0
18add4933bf3a182a2d8f3317ab3d22b8fe3b361,0
826510503a827b0f43787096c676d6e90fc112fd,0
2bee0e329d12d2fc761f9838d1cdd7dffbdcff3c,0
6a85111d6afddb3b0b198ab9341bdd90990276e9,0
83514069293cbf80644f1d47dd3eceaaf4e6954b,0
607de6c0404a22f7ab909bdd10b7b7d2cb027d08,0
3bd41822fd2c4424f6afe1d97d70dedfe8ee34d7,0
cec946a292741283047a3ab982f729a5e455c8e1,0
574c534b4221dfb9b6d5f0ad8383b3d4bfce9a9b,0
9e8712b4ab927d76afef67d9b7da7bca8478b6a4,0
7ace79e881385b87e6aa09776b3c80ad96c2e3fd,0
b16841c1e740bdaf2fb5e9d413b322a01ae6848c,0
fc1974fb9cb17142bb9414ccc3e8635d88e6fb35,0
19e321480d50b7a9bddc0d6a67e3c2a28b62470c,0
d8535745f546aa7f04fa77f63a3a0a799b8f6d65,0
6b78187c3e3130e5b259cd7008bb979c2bde5b0d,0
3222ec9c42e0f5912ce622b37050208de782b9c5,0
4332e1ab85d5be2ac89b7a99845cc07a05a050d5,0
a7466db59334bb577e001d9ce96163673fd72a86,0
9ecb0eeb22eea8d37016ae1f100a0f716d878640,0
617e232511f09be82573f5e542151665ac7a8c4a,0
d65fa2c3aa0ef271b3fca137f1b6a922c3b74a91,0
d755bbc9d228452e3ac6ef08719f70f24b8c2329,0
966f190d8141fd9281fb5d1c77ec3c73674dcd07,0
076bdead855865da8f33accdc187598b3162f190,0
3e8aadf5a6d837f683c2dc83fa489f1305810cc5,0
6d4f24227de5cb62daf67d8950f06f1b2f2035b1,0
cc210d0bc08a2102ee054cf2ccd31bac8e42e171,0
d750dc8eda9b31d37ae59272ecf88a9010a20af5,0
59aa16077106f1869cb2e7f1d90f7f1d6740506d,0
238aab3d9b7aa8efe832376e7a7e8ea73f17f1c1,0
95badb083b363ecacb8dab2898ab59cccea30cfa,0
f389ee8eef171763a238eea0f049f841e00fc7ab,0
3e14a7de283564c2cded94f0bfd242d2653b5f96,0
f442f51957ef8634b1e9a20220702dcdc540814c,0
5aba12a2f5a8f7915674a76d0e6118ffd5b7d6a7,0
ea0e2c0e6eaad513b556253a02ea30a80cd7826f,0
2c748d2554db9731d9bb8ce386e063b0cdb2458a,0
c6df8fc1dedfd0b8123cd00e3ddea5a796b401d3,0
0f386af279de5e9535dd4b4f30ca58b21a2df937,0
b033da85ae2f786d86524aa9b0a339e556b0dda7,0
3b3b7334099e57f3bf488d8e397ad34851ef39ed,0
c94a37b30af18976f91aa528a9a61fb4fb383c5f,0
edca2328f261f2934fe2e72f309f2d21f032a117,0
9201abe74d4af39078c6b0020d8d5599c276475c,0
d4b8531049a222791933cd7e036ca1f4a3252f56,0
6590045c11a341217f68750cacb0880bcc3443d7,0
007d16d034933af02758f107664ecd440491c9ff,0
5cbfa6e0b275b7cee9481a514eaaed8be4fea258,0
56b8caf7f8a900422153d910bbdae789c85c2007,0
c7923eed75f9dd0c78dd34acd3238f034833aa63,0
f7a2704b697c058db9475f4060d33e5075be025d,0
dfdb8a2881443ccc5196f4cb4e5029d935ef21b8,0
4a77f4c9370f8e40dce58903545bf87a5801e503,0
c0a00e7aad1f0362459773fb646405e8dc616c2e,0
bd0b4f7e6248631886b87a006f27abe56cac3e5c,0
e477761fd6e31ae6cee6709f262a7ade603e7111,0
691671918505bc36f111bfcd607f3d8bb57414a6,0
b392046e54fff585e386267dbb6536c8b937caf8,0
c2bc45155dbd185e3f544099c4e684280b97c39f,0
e4640112e848cbc41bab449add7fc4fd29a61fab,0
1f9111c09f001c11f71e29f76ea44b3a44b95445,0
41b5278c66076a08ba934540c4d0049541f6201f,0
806b1ad9a8f62b7602a22013ac8dbd635ad15d95,0
156be9f89bf9729b8dc3fabc6fd91c32d993594c,0
301ddedebb218b640c9943bfc6bf3394aeb94d7c,0
0aadb29e652562296e82bff68f1cebd48b17b0b2,0
f3987aeb2d6372d37e0cda1a21ee92d39aebab61,0
cfdb63440eaedd8b5b3aab84835703ef87421da3,0
e29f1559229ccd0db00331c407be96e8d4482eb6,0
d0ade60ac1d146883b61715130db0e35ad617ae5,0
4b31f415926e32d09bbae33b0e7a60ba1cd27dd5,0
655913b89664960e348115d19fe43404f77c7c1d,0
61eeebbefc5971803e5239dc1bfc8cf31c460f80,0
ef75e8eee3792d98fd4551d858955b968886ac7d,0
4475994185d2c3c870403b4028f4eea9fd3c2ca6,0
e538088c2f8cc9c31d742e39cc0f6b5d316f3474,0
52b97a86a829b47b5dce2ce171477f93e5c9be73,0
d948df034a12ecc69f4019dfe03a0bf0008ac0c5,0
ed605db21ea9c64631c5b7c39e23d2e26d0b2227,0
3c1809a77dc11dc3e76497e7dd3ecfbfd315ce86,0
a9fceb456f031816c716a2d4f76dd39bbaca7120,0
8f5d0a3d90dd50367e423886e48184bf011e730e,0
1666ee9334a66786af9e063165c4bf77215ce7d1,0
be83efd794f198d713b4fb85a1f3fc1c6fa47015,0
7a9aa828054583c4452b865cf4a3fa9157557ec1,0
d503f26122c909f7bca8169524eca5e620f3dd55,0
8afa5405da811850a0f8196709c552ae24554e6d,0
1e61c04b6120bc05322f5836f02489d9af643eda,0
df279db50ec27c4553efe573386e81de07339112,0
37bf7cd6f285087ad8b3fad31b3b8a5726ff7cfc,0
0d40d6f5b3fd9f6f92a6d3f30e62bf339c2a788d,0
1fa16446ab7a9c756d6200160e448688f5dbe87b,0
4b029693f4a0e631e8a84ac519e989b8e41b122a,0
c835519dcad65201839320024e17a2ce61a800dd,0
9def0c7d207dd662eef25cc34d3a4153e3d1d499,0
47bc4fb97268271758531054f83e2607c3b150d5,0
7f47de6e9da2048c35db19345d696790ac269d16,0
d745442a01aefdc4d8fc794c9e24c9694385671f,0
bd75c2cd04b12ae5b3e0d5186504692b87d55b7b,0
0737dc9b155b10598a1421c35bc95cccdc9f9086,0
d33d2cbb81f8585a9dca9400297026d6533b0f87,0
4f455e3967ffc78a896487d3fab3da86c6478390,0
f3a1e105492f289a867ac8120532db8aa76e4dc5,0
4434be760962847d554db7f850b59132706619a5,0
f2bab680e376e0e7f577af9806f93f56f26294d6,0
1c43ad6f2bc7fb45ca0c247fa08c350e5813044d,0
a581c1ef3acc67726df41f3aa7b9f6ae57b3892c,0
35ecb9d56aa35167183a466ec3a92fbb934a1a0a,0
515b2c3d3cb9efc1d7c0ba391b439036c4a7628f,0
b45d06198eea52078d0410c35e11fbe013df0118,0
10d06201fcb4599649f4526c2d6cc82e086c8e24,0
2b98d008f7445e5e5056383f8521e3226ad708ab,0
4c38c142c5c59f9199eb49cc23c9dbd450d59536,0
e357ad18ae4a62d50d22471e246a621e0a4a5e69,0
50a49bf74b370545d2ac06c5b1ec308ba01ad9d6,0
7e0c318467d612997e9d9b853d95db9cbd6fafa2,0
99df0e326c25d72d4133a65c67e3c1c719b6bdc8,0
7424655bc8656502707fbf1502c460f2d0785791,0
26556fb88476006fcf57828ba9345adfa197ee53,0
10d90932f5c3a8ee6eae6ef7432a60f6ff2ea6c3,0
2130cbb8fd5bbae2c0a65b4104e3b0e4c5b1985a,0
c53a2720955e6ced705757d480d8edbdb89f6add,0
39b4950ee76cfc8c28ba8f799125852f1d60d6cd,0
3821a3c99897edb1534458b53bb80db4565e540b,0
32a04d666c3db3ef8b050cb89694456afd21bca5,0
831cd5c823730277e18dabb57cbea9cbc313e9ec,0
ef153607c10285717e61f6ced4983f81637aef97,0
066e5d24a58668d50118d5d335826e87bdcaf01e,0
f3b7a06f28aab2db829806e0e857c05b71a14305,0
a1aa1de2f981f624bb1022b94ceb05aa1a09f650,0
a30a7ee9029223ef059dc637e7ee8cc37c05d26a,0
a29e2f2fdad431100d6e378483a89044a15b7f29,0
2e1c7cd998861ea797bbbd0ca3c8f6c1367f768d,0
54bb2ded5c258b3b3aee069c9b10ec616ae13118,0
edd0b7026ebd26306bf7f905d3401c160973f8bb,0
6f9afeac6e0ed6fe5ad257440fe207f334d93c40,0
656933dcf419ad0a8b34faa1fe13978083b8e132,0
545cf8d29fe7cd24caaef54394f338b10359a885,0
2582e3c2b7a3a9e92850925449c2ff027ee132c0,0
683540a40de66a063b88558b30774f9a9f3507d4,0
561bea7a63ce571886168b5488d8ba3dad5d9aab,0
6e5840de55ff3085387733568361c1cefc5fe6de,0
89247add23b6b03a26dda04275854d69eafec26a,0
08785c9fa84cd182717ae04249603176efc09fd3,0
3b931f66014bea1928a99641c14da60cb2cb0845,0
b00b133941507f41a62868d752c4209ad25aa531,0
5f25c05b3447a87deefda9efa88f79d09b699782,0
6ff791ce6a3b691cebed736c593275c7489a4343,0
16796cd6ad4ec7f380383ab2e70f391b059e7553,0
b34a5ebf0f950212c514104d6c0c7a465d5a9561,0
227b9cbc90a87359c404897d688ccabdbaad9689,0
5c6e16fa3bf158df4cd1c3ca0252234edd8e4981,0
9d8a62c24868b2ef8fabbd079830c1d4646aef4f,0
b871cd787676b0d2c494ebf4dd3c92bcccb1d23d,0
58023f045bed15056bcc7077d84b97d10a07b9d7,0
67c34eb5b6ec93e8b070a1460baec6d43c5097c6,0
1f5289ccda40e943170404a17931b7dbf75970a6,0
0ffbd5834dcff860351033ee23d6b21321b9f949,0
0e8d93a241efdf7c0ad8ae2cf5e6698db2efab16,0
3d531b6ce9461e99fb6ce74591298d9384ef2b29,0
9c49b835225b9a275490b13892e4667b3ec2d69a,0
c6a6a5e912c13a529af61459fd2e0352b22c9c2b,0
0e98694c3e753e551e1de79d6e0733c7732ad515,0
5104d18d8f5704454195c1bb7b29dbda7df7b39a,0
22fbf5f33bea782a7d40605f82316c64ee372efd,0
18994499a6186b065f1d2d078563e386afe82a58,0
9b33451c13f3714e1a77ba83813d51f73fc4a547,0
8e8af8546e5903779806259f0125fe88628b28ad,0
8a76ba3938c63c3e688d5e9df69c499ea812b6d9,0
61e2fea8eb0d15ff77b40093a302b5832c70dcc5,0
15c9834e289b293aefe5ab5f405707720d5883bc,0
58cf6e95439cf559cafdf303d65a070525d9a8b5,0
a4f8e7ff9f573e5cfb6871f80eaf9a296cb74c1d,0
235b2cd2b2e4d70aad912aae9bdc9f48ebeab68f,0
576f2933beca0797e6cf2075aae8fdf39b741fec,0
3963858a059748ff29ed0632b54ee04cd32725b7,0
2b32ebd6b53762d53fdfdf0197eb27687e172727,0
cb56e7a09dffed6efde21bfb54f6083144e2302f,0
88e9c24c429c33af621833d3b3b2608f23b2acbf,0
d76f2fea0fb15b4c63e9870b3e8dbe8845d0e1be,0
6473621c1fc31fdc92145bafc540b7a13a5902e7,0
bf1a005af2e5cbaa0cf2b7e6aaf627fff405bcd3,0
0c62361d2cd38b798be0aa0c803e2e776b502d7e,0
366ca59d7afa490000c95a8aa5cd877d5008f390,0
b40b95f72ac4a2c3ef2aebb7d2970ed4b2ab2980,0
0bf0e66e60fe0339b502ab6d7454482b9cb1e303,0
16197fa6aa3a3c59e9d32a47852322eb7dbf8966,0
7605f88dc09f6eed93edb6a00a538530f1d3bbd3,0
c20f88a3512b7ef3316f58599cf19a7b9819f726,0
fffdf96bccd3a19e3e47bb7b76f31ad49d721ea6,0
4a626e6e6635d80d53629b4223e33ba0aa594913,0
7ec3d9807ec63d4eca6fe621efb271e9f185d654,0
4b2e618be79736f86157f533b9518f32fe9bc739,0
82fd1c1e5f21eac571c868fe7069ce98e3ec256b,0
c78ce2b2884956ee3ff59ba878ebf16e777f2729,0
ea1d49ed33be38389c015b64ea898f8b12f697ff,0
ef08bce560548f1e393f3c79854056f1a8fd2eb2,0
e3a95cbb4b8ae245ebbae62f7eaba64b56581045,0
2a1d6b89eb0cad49eaba613d503b02e04f0fd2b7,0
9b2c6dd341cb6f3ae4ba3033d1bb722742943eaf,0
ab62773d915c33d7e82bcb1bd72706fc95cd960a,0
e4354642b3028422fb924fc6b5d6bff27c05b9ac,0
4ce12ab0a5430ea35cff6406b5c9a62ebd0ee6cd,0
e7b7d12f819f460ec5f47313aae1e5b662248c96,0
8d2615e38bdb5d3f310a4529e23fe97ca69e0a17,0
d97d0f08ae55ac5beef14c35e7ef0da4634c3cf7,0
0e5859b37e6f166c9f9f2b4330195581e7b038db,0
addeceacc8c9e43dbffef46f74b261478fa21f42,0
092b7d13a6c9e5937cb1fc288e9dc30a7aab2307,0
b8b1aede33212cf0426fa0a7a47da46c650cb1c1,0
9a2fbc49cd0e437f931a26d39df2459cf618fab8,0
d8e1d0f1a1f7c86b02d8c779c87ba464c1094fd3,0
023f438cc83f1cff04b814b73d9269d3330e02dd,0
dc4dfcabcee29f1eba5d824cd97e04a643348fd1,0
fc83454bba9334f40d321a19c2e8b5ef3df81b79,0
ab0f1a131c32d27e522e21a9b1502845bb3d47c8,0
5ca63c27a17716f48b3b1689d5a76382778f2192,0
42651ca2c5e5de6f9c88f28c1e6ffb8cd8ec37f8,0
9c3263cf03ccf7380fe92d0af209ad92cc7ef042,0
f05c5400042eb7fd7a84550467435fc28304072f,0
32ce5e73642d3fe26bf1bf1dbdd50a69d44c59ef,0
cbe9123f0e5faca8b66ebbaf6107a4fced70daf1,0
3420da18f5a5d0c2aa682de604a2cfd52d1575dd,0
c974137a116c21e3033f2248eb4b45b2c116375f,0
77e71279d4438f749f5e3b1214c9301e42a9bb42,0
e95c0082fd18725bbcb1785bf94a5758b5a6938c,0
873b3a5b25e2d72340e8d2136a7239a45be009e5,0
c6e44716fb069a72ab913c7e3b856912464d091a,0
80f608cc0d8efe05f49a479d679949a209506565,0
628f72840f0febd40d5f7db9924ad5cccff5888b,0
72ff651788eef5f9510ebad8f0661be7d9d10292,0
a07a5e4abf79e902089924baa13ef1aaf8cf4d81,0
9bbb1833c4a81b44304bb499e2ccafa8256e2725,0
18fac329df12f1afc22c37c2107e2acf3e0d0ea6,0
051dbbb6f1a59248807290c9bf79a5e5874ded62,0
3d681806ab1ef0276bf71b2ac235738e13011a6d,0
5b17f18dedd9c4e6ed1eb8362b39294792797a9d,0
6d7c7abf964d426493e2aef91628e58d71bee6db,0
a498d0950643b724916265e93a3ca0c7981f4104,0
2f3fe3c6b5dc3b4f5019feba37131f9ec242f6f4,0
37ca8df956271309a32f235c7790b14da9194ec8,0
5ea3b331cafa0b6465c8e054c651731b2dc0d30a,0
43df113121c8cb5326f638331c33111ee243640b,0
bb98c142c26c0a3955a0d89ff8bfe9c3a0c70b32,0
4335b326203a34fb7c1c3a93a24b631099ed40f9,0
189dea353537cb5862f1a26c3eb32871bfe7688e,0
f6abf272a1bd05930b42e8c76c6bf7b2b9f68911,0
667510117ba516b989825f5753f571d57b0054a8,0
53aa383a5f413a65f5b8ea875c417202201acc8a,0
1f8dd7a9de73485fd3fbaa3d9af31f085eaa44fd,0
cfbc5217cdaa6ded08baa25fb41cb708eed64a1a,0
0241ee621dc3e8a35f6ce04819a3d8a0c47713df,0
9a7aefe01def6477e5b785c66983eca844732f82,0
4bf5343f95cb416158ed699fab60ac494eb373ba,0
7612ee27511745e5acf30b508be3e96fb4de4ce9,0
4bf580cb9d167dc467040e155659609f59c05522,0
ee8684c7ecd227ccf5901a163cd635c2a5ce01ee,0
e5a6449a497e5ca0501ad9878e9052e2bbe2c6c1,0
f4aab38c6a48c41a4290597d1a4b3d85fd0ed3b4,0
bd0b64cd73cde8ee142b6d3c886e7234dacb0a10,0
6944df67de35c2c5acfea6bb7cb2913620cc9dbd,0
2165ba35ecf770ab44de24dfd0e49d1769bde96a,0
f6e9ff4f0ea8aa720d42711b54b05c57078b4526,0
2fa608417b7b2de96e01b78043a96d31fc774cf8,0
118964bf3660c2f1b0719fb9eecd5d22e3e3a593,0
29ade6a30c91087b20f334a43393db979605ae5f,0
40eb840a4fffdbdbf4e00e4750bc11eff1466c92,0
79ccafd0fda2edeb5732f75305b4306897f2640c,0
b0b088e29ca3e8477451b27aae7c52de9bacbeaa,0
fa3ff72c7915b60809576b3b1abf007290ef9d95,0
176acdcc4d032fa0e98be1fff68885d9ac6e1bc6,0
43bc8d3d276a369bcdfc33365af715f9ea28d77a,0
975af34b77887e10952c31e14e8c95cfbaf8cd21,0
9e79018bb48459de82bce4ae183f7b82510710fa,0
32e637a325e80cd96bc9c4d552f1a7ad2c199f4d,0
96794e49c42aa58589130fea1f4fae030fd69567,0
ef7b2bb904f496cce10ec3be0b51331b7cb78d26,0
a0e7942ccfc788d24730207dbde822086bedebbc,0
3b698e275d982414a1c5108df3efb596b48ca311,0
7c5cf5d036e5c1201e1d32e0cb94e5c00ddfb36f,0
65d0fc941e2e8f03e059f95586e2e95c8d588e54,0
bca592a56acda1ce9c29ee8057e0ed4abd6a9aca,0
23d4b54c3125a4a1d23cd919837f6d8a646196f7,0
48fb2965f7b616ceb69ab2fd7b693e294ca080f0,0
fba04f3e5ecf36e576b008b218d8c735e0949cb6,0
a429e0924c2b22308467e7f63f888bc22bce7c3c,0
bd43292f8aa183e2f8f649ddcfd6739b4973ade4,0
a85edd203c78df8e81d1829f187e003e68b5d96b,0
3800f0e55040995a59707d27a44b5036cf513b1c,0
ebf4744e52301ab5666d757778f2cc9fbe082ef3,0
84fa6f7a02c57977d83125e8e5f24f24f3f4d790,0
5d6c451956eb07e2f584912d99c8ecedf794ec71,0
20cf3aeb72bcbb5250ce4943e85981d52f1bbcb6,0
5f8f7fe72b7c1c32236313c40e13553544ccad32,0
f7916a938f1f0e61b93d97bf50e788a3a43c936b,0
3cb3887e8d5af9bf129779715a2a77d5127f06aa,0
aa9f2cab8334e33224d92302e306de07a5709276,0
6c25a034487c93284b6f4b62e82665766ed94ca2,0
87b52ac8cb68d101bc1c24d7587cb20a35e1a50a,0
5afec75b4f7a8fc4ac042fcfa751a7f982d4908e,0
dcaeb6b3529d499f4313b7cccd6981361db2ef6f,0
c0e289984b200a239d219dc3e44aa12e2891f6ad,0
3f2cfce96575bd70716f12f44eee1bc1c1770a58,0
4d7756e72b6068a47ef08bddde26c5901e23c0e1,0
af7e1dd46070f6e4b9338fdf83d9e97bfd24dd11,0
5e737636e5b2e0735ac5b61078a47fdb86758a5e,0
e496120c2e5bff03b1d17e8e97ebbe7bb4af5190,0
e551432b76b69cb9da28133f1b4d570e14bd433c,0
d8c3c0dae4802bbefcf6a9f476c06ca4e63d5c73,0
0817f0e67fabe8ae46eb7fa6a9d8ecb0941dab9b,0
c3570c82194d7ce671714b7db981c9e7696fba83,0
716ed8e0cfc10b264eb74a0ee1bd4e3d99261b77,0
6b10dcdf10328395a50a825b9c0400f58c79d9a3,0
580b814d25842d582402d7cf56a0f90998cc6f93,0
866d0532a3d46127759678da1e21af91b5ce2c15,0
448268084d86ef2c5f4fd27d1d99ec75bfe37ee0,0
3bf453057faddb4b64c0af1533aeac98055bf044,0
8543cf436cc64ba8bd1353a8af31067f909ec1a2,0
87b577c4067b6f25f9764a19859e119fc3f0129e,0
39ff81e62c8abb9a9002b8da273a6e7178dadf8e,0
d71438c875f59bb1106f4cc85b5c4693e95ee212,0
0890b40c3422a9fe50dae060727575f9acf876b1,0
d97ebdee30f15a2001114998ef297ae22148614d,0
718158b3496a9cfbb43acde950b63112a4c1beef,0
6834cecf0d105d454d8e7dd2a39b3ef1e5cec0eb,0
7a77f02e18704b5bf6af441f33aa6ebba36ed89e,0
d2f6f34f9700bd66a226d2ceb1495ac0d4c8f223,0
41669f286a634f5a077762e8a49d3b96484e941d,0
4d37b32b7c5c20de1292e78941f191e20fb6d522,0
851c0faf5d4bd7746fa4ee383a7ae2f2d70a3c2f,0
99bfd2b6da9271259a477e1e38fc7690915944c0,0
421665fda6c847810160b4fa146c91aeb39c213c,0
e35ecd955280ddf1451d9df9032959900f65fa1b,0
63c6912d9580b753ca5fb740be392874478c3235,0
d72a9d47df14b8ab923965a848bb440f5b194285,0
86b6583cc29a09f14e16f92c048beb59da1720d0,0
1a92b8c8cedb911ef798940a464390af3835b7cb,0
1489c552fc243f417eaaf641414460bdb4010716,0
4d5d5ab451e0e1979d5b39a473963669d7ce13df,0
ebb0d40f4b2f89267c51e58050f6daa78c3e9e09,0
c7d0f3077b3b94f5bdef35ec462fc4dccc6295f6,0
3655a83ab469d66d9b71fee85d30ccd6e43c9a90,0
b4d682fa1e993d2914aa37a1b428a45443b575ec,0
2911ed060faee5240fb7bc7dc0855e83aeb63f1d,0
9abc7355ea4de3712fe2e79945ec48c1cd3462d7,0
78785196e1cdea917c3fff3af4c31ab5ffc35386,0
04ce25e3f0237c2018023816faf9d4a16fdda852,0
78bc12dc40279bf4ad7ec887c0289b9a94ef1b7c,0
39df5763aa545f6b9b7ae1e109574e8aed3b656f,0
f69cfc9055bde07222408c27a8189cb572813a8c,0
9cfafe3dcdf12cd00e6d9ff5d5f20157bf515afe,0
98eea3e9673c3f41dddf2903d5b2a3cabd795c4c,0
eff7bfe7bb3ee577af79b5a7ad62ca13b4800d6e,0
eb46cf9357f1a81ef60fa44f9a7cf9d4e0c261f4,0
4160b4d9144995a3f694ea348c1770988b8c9686,0
57f151f61d5b94fbf5080dab042aa8b3188b54b1,0
284826d09b783633cf7ceb96da025058448978a1,0
3e3924726fcf7dcd40b7b542bb9b5fcf6b32332a,0
edff38c3970b3e0a1b9de7ee905f76aaa331fbe4,0
e2ce8732b264b799bde38fe83fbf051ecbf5c2b6,0
27cac96db6fbf8e9ea7f040bb6e4ccc3078b6009,0
f0e59806c1456791195ce640be00a5d69e6d8438,0
6c440aaba2a88ce0a713e2a5f3b126079b8da09b,0
5e5a1a0d0d2bb3ee1cdd33ef2471ca28cb3710a5,0
4bd07eefb65aa5cfe879b2a2074baa526d81ebd1,0
d05ce25c0773ca80cd3e3f6993c9be41387d158d,0
41a0022d73ff2b1b87747c517f689df4eef61637,0
e76a3713f34d154ecf48625d37243d29ebf6b68c,0
5b31d4a76b79bd9cc75ed6301ad8558eb50f9dd2,0
08487461917d1076d330b032e585f4fa683e01f7,0
857205e75b76f1656a32b24069f6bc9701a2ba3f,0
757ec8da9db76ffe4b14f7760666da3f691dd33f,0
564953ce3a94adff53651135931a5c3e1cfbe2c6,0
21013ec42101aa6907431756e1763fb3d6f7ce56,0
6c580b58b634f0aa98e91b438e2f9b3a4344a63a,0
5a0eba8f6fcba07194ccc1ce68c61429e634870c,0
36cca6403c7d62d9403d348a89b03d9ace831782,0
2ca76537378963bba52209dcb3371840201cb264,0
2dcb69648b5717ee7e0f01104247b2fed6935793,0
08c00c2dc48e701c73f96badb25f94211eff72e3,0
85c70efb513250c6a4966f66e86d2cb7b5e83cf2,0
34efda6b7c932d671012e5ff11c58e1ddd17a95d,0
36413713c5fa8a29b748bfa5c664ad14f0edc3b0,0
60a5f5036656180f92b336d321b3940eb086f9c5,0
bc3d068a744d938f8b9cfd22b63ee3862981d737,0
1e70e88341026004cbef864bcfc3358438f532e6,0
b60be40558a6d5382336a1e8947ef519b758e1a8,0
d3e1cde001205c37fbf41c72770306f456566d31,0
934f88293128996199dc2f32af99742736d70136,0
d60eeab101361f9fe76faf3f95476b09f9130c0a,0
a47bb35ddc95338056790e0e47d8335df14c672f,0
120fd82943d747496df69e5d12c6bbb107495f2c,0
8691a49adbea97b3e17394cd306cf72ad08a9a43,0
ecbbf6b5f32d7cd56bd6d4ce0317c3808cbff858,0
832824a318126c6fc9fe345ed25b4a4452c00aef,0
a23b102c902862ed40b55c376f238413459b2800,0
73ecaea3cf5f7f8ef7ed71e97493993636598a26,0
1b47a36139789f9b259f564cddf2a10a7e875787,0
ec80f23ac8d94411b2ced2e9d2062505690fa42f,0
4a83f8deba80e6b4545703d64006b3c780f8d5df,0
06bdeffc5e882f96b024fdaae4b6863b9dcde72d,0
832f06a68455002c7582f0d97a41d82fad8ec41b,0
23ec1a8c7b5d377158aeb3b5d86f19a129e0df5a,0
98fc258cfcca4fce04cc9a34874a82cc52adbd5c,0
88c84dcdc3f5e5bcfaf50cf5116c1a7952d8700d,0
ab2cca23bfe14a02ad2f23c1cb17c568787a1772,0
ccf2f7d89c15442092d382e238162566c562f516,0
643c34237a6a39cb68eda8d08e28caacc98facea,0
82534ffe56a17c835af63264679487325c123c40,0
e88059307a0742eaa00ccc4f9754653b66f9aad3,0
e55895aae1cd3dc5c3da9ee95e347609dcce7aee,0
499982eaf2ebd7a32df68fb2f9f90d30d853aad4,0
60779ef2f57f080d183bd797e0e27e26b7e3cd35,0
80a920ed8be5750810ff66db726318c416176c76,0
12a218242f51b6cf531eb5cc96ba43d52277ed72,0
d6b7eff01c6aff3adf4e62af8c6149b2eb4ec22f,0
f0fa4dbc810acdecea55c785ab4c7d47c3fef150,0
8392df2de3880117a6808bc2ee40d45630980309,0
8b60a892d4ac6428362aa2b307c4a8143987429f,0
c4e381dec1b50d9c40f1f7095d53555aa479df50,0
6c39b5fd54646096c10343e16faa3541ae912708,0
8733cf3549c8dbfcab30e024ca9e313c29a29641,0
c3e6aeb444b4e9aa9a6ee38440808b41f151c285,0
c7ffb1f8b8ea0ae863b282fe0fb699a71f18622f,0
5c087bc1b70e7f50e4b6c395ba5860f34897985e,0
a52d544d0502c28285679143fb414d94e8b0b50e,0
f6fc0e4c444f3f690b67b927bb3a0a15e93eb375,0
d535d7286036b7bd62a3de4a94bbc806a7d53497,0
bb19c1bdc08dd96d099c4c985080cb1bc50fc079,0
b7030a0025f575bde031e1c1c53e65e48957a014,0
4e42dfa6140722766493c2113271ecbe9b78e57b,0
8017d3eb52fb2696b87971aa67a0c2b91d725497,0
ba6f9c7535fa4686cdd34a53a12f0b7678f43823,0
bf429fc0aee4dbfe5bc5985637a5ea39457dc050,0
80e4ec461792aba2b232b80f888e84640b2e3299,0
97cb134e04e425fed46b066b3941ec8cad065b29,0
fea8b2910570c102db88cc8f5e8243141f973119,0
dddb432139f191b4e8081b408f2eb57c5068587f,0
c7dd09cb477e6fcbb02a3e1ef5846a4dd260919c,0
53d0fabe6d06192c2f3e21c3b042ab98cefec81c,0
323411912a783537653976de1fda879fe90aead5,0
82e12c36fd36c8d41a2c2a95226d235f5913248b,0
0af67faa1e8ff90b21d4e50b21f9c9469bea8014,0
e898ab6796c2235510f6fa1ca19cb72b41ba35fe,0
6e750d93a94c1d780ecba12128d2f414095e77b8,0
156fc76636ae39944e513acb710897bf0e165ab6,0
48a88521b682dbb5b127a21c3f426ba14b1286c8,0
efc8a96ad1b9a39e05e566c0655293d5cbd77710,0
8284fc8da9a1fbc49bb641bef39ae74820b8ce47,0
2d1af7aba903320952c7dfa5f8cc59fda010cafe,0
3ba00d54cf1f570c433ae8c871921111689a9ff6,0
b927ec8e9f934e411586c6be00e4854a45db21f3,0
c4ccd3082525ee198797d165960a974cf26c2f54,0
6683e9f221e5e243b154f48ebbdcf9112c74064c,0
2bac7687972a4feae4eb3bef5d0e701bf10cc8b5,0
23ff7855dd6813764c301c062e632978a6622127,0
2474d52a3dbe517b510b0dead5efd26afb42d5cc,0
e725da349592fd7b554e52e60c2b13b31d323eb2,0
0e65f7332251163a4bafc63db3ccf3e2e1f1e6b0,0
efae10456bba5e0e8779e9332bdf5acfc5ee2242,0
e3ac44455d13f450bc00d73f626f3a661108f7e4,0
2b126b52c8b284124af2d798c9970182e1fa70b7,0
9d6f24c4a139e81325c884822b6081c2035f2f07,0
ca5a27dab0aaef84f9cf5e10debfa5827f2a873f,0
4bf6fa2c002ac3b265b4ea807a35827cdfa07e24,0
8c536c1592ca638c119c76c0b3380033e0be9d04,0
06491527b1a4981c11c91fb5fe6e299ac157284e,0
bf8e52bfb5a5b6ce64490102fa0715e5276796ab,0
e4d67e01130aef98f37313482d9e6fd124153aa9,0
31c5119dee54500aa68843d08096032830029f0e,0
97e8182666e31a83684618e8076602d813fc5aa4,0
923a5715a060c10fb462c4bdfd53fd37fa4531bd,0
d952a9754a9ebc4f3aa795a7274aa67f0ef2752b,0
abdeb5ccb3b5b63515e1c04486581e71a0a34a32,0
4aaedd9430fb9a3a714a54c48183f1a177770507,0
49d9721ec2da37bbf4372cb9b8394f36213cb1a4,0
0c4dfcaf35b7ac9a2790f800effb406d2001393a,0
57e7f9deecc568007970907228f5d87d7effec7b,0
76e82e303a18055fa836cbc43dfeec6ab21aecdb,0
e42f65deab183a6b919a04f15892004cc3f5f2e5,0
a2154b9f1f8494515689783907a2a8238cb42e5b,0
a362ee559db4e67d49caf1ef5e6f03bbe16fe71b,0
09e1c6f0d2b56d3b4dff854679c1e4543f789ec1,0
ee4e7d5b3f79965a673a884aaf7a62af920761db,0
7c56b5ab5e7826ddc443936d11145ee1be077e95,0
86c9a06072dd41bc2980d55fa57c59fdc4e38fd1,0
88f95e84e36ff88755dc62ba23df0c40642cde7a,0
5a0a8bbf9a1c2461b938157184318a6c137e7a7a,0
1544da22a7dd556f37b1e0d4a0a93970a64405c0,0
d12e28856ae948e9ece8e0e7228c8f6b7ab2b427,0
200e97f38dd52ac20df3a8a02dca9178045e3fa9,0
5420c382a782a8fc37a4b787565aa3a0ba9c7cb2,0
cd9125c4535e4b22657a6e2434b2ef6498adbf21,0
adf6acaaf0806f22553a9d42f581ed068e58485a,0
94b2c74057df9244d7537fa33e0e8e319e29a6da,0
7c83a0eeef87214cd14e695806af9b1b08ea9383,0
c18fb6ce480547fad2d0e2fae999bac9d2afd489,0
e4346352fa7d9d55e290b150d162888f9a632bf0,0
4752bbbb9de85f238347371354124e6dfc51851b,0
aa119bc00863dda7bb7b6a42963a6bf0be2f3717,0
721ad0345eaa0082b49386b1c6eaa741a63319ba,0
8622a8827a3d25fd33dd4ec611d39b05c19d5b91,0
36c789a9b3e317789e79a1aed2854e521bf0a828,0
166a5726666fb5b18ca4146ddfcc7cfec8e5d1a1,0
8d4379c9635ceb2dfc6a94dc1b1698de5d47d8c4,0
e67905c37f5b3257fcd4a7a2405cb129f2db9e9e,0
127ba752c87843758e87b4453b5f68375a4b36dc,0
8c14303d7d00314775bf99f6c4a94d7fb907f2b3,0
3bd915e6ae7441b93b572246f94ff8cf95441312,0
64da24778ea075ffc5de8588a29a0f50c6c8d94e,0
923190f961d1db1ac633c59c319c0dcd2f902011,0
42fc7ad592b3835a3e42c89f0bc6812e248ae68e,0
29fe31a35c5c323d1388bda915171648910cec80,0
e819f5db9daf556b156a56a4703064cfb9471f4e,0
e62cd1a67cd035eecf1c42f70358913fd78e0554,0
55fedd59b822ab91b8cc127b8dc67b62302eb7fc,0
642c69a66531fdfc8ebb2df054c0ebd6c2558daa,0
fa62c54e6161062da0e764f35dc7fa09a40836eb,0
6de3acb52cd66d2a9e39d3200de039b14f798cc0,0
d2171aaafdf29159d3a34f8c5e3cac575d942080,0
9c026855678b238bd227c670496d405b0a00bf79,0
cc71a3e10ac0b6ecef60c668ab39ec2551e21b32,0
8096365a9291b0ab476d8005d66d4fc14d0af928,0
bcd2c0f628e8dbf713f9ddd5429ccf6d8d890347,0
809308694ac1b00221aa3726e66beeb0ac2c7ae1,0
dcdbc38eb39bd7ed56001bf72dd2abca7e660066,0
bb4cbe60c0b4d6340f6ea38d7fc366d8c187dabc,0
ab8e806d0bbb1b560f59474be4a656adb6118f8a,0
67b2455b945895189515e7812292fb5abc683276,0
164f1c69120a69cded60bb5d737dc83b5af16057,0
660515a8ea9f96b469a4b51ebf32f5fcc06e175a,0
df0a6da09bc5b15026cc383d33c164fc3da0f55d,0
7638a9e096aec3ddd1b8dea324a7272740327b27,0
42ce5db10e09b4867d3fecd6198d256aa0d8e805,0
8a1c637a1aeef775735206d4e6e342aa838f0938,0
99a21030409adc5af411a80431fd3f71fc7aa475,0
4fe0980224ac8cd5014b7022109fccda27e3fbec,0
e7d7ae5b04d18a85f86639155d7cb14c437bf040,0
e2007e75d74b319c697309b55d324a5c6634b4b8,0
3c76dbfcb87dd2f07933db4b7dba5275e0c6be30,0
1d15692187c967f2bd76896ec4d4f761c65e7160,0
50567464d22b7c30923414878ae67d2c142e8b14,0
a51f2069b0ca6180217b5abc2f9b5ff638f2f11f,0
241cbed1335e679666e096cca09da5c6769f7991,0
dc2cb0063edc928d19ba40d96120946a1f1f2e53,0
90e436e82831d25c9a9a8019f7099422cf6f5485,0
a19631a852cdef62533566c158788f1bd221fa50,0
38e3e89638e1d7f7fd27a388a2d14d509deebb28,0
e52c3106f6a69f6cdd9af5b15b00b712dfe1a8f3,0
9e408066374fb0ea4f0b4f5133cc6997ac3a162d,0
85204f559ab2d2b961b28f624a08c71b5276d5f8,0
9cb882b5ef0504fb3682f9b1fa4a8d3698e6247d,0
ee97aaac5455affbec528bc700c758c192c99c3b,0
2c6b8651d817db04d333f36797b93dff813925da,0
6a2697657885427946014f0c920849bac0664fa9,0
7dab799fdc8626e732dfe9cfcade52324e671ba0,0
ada256457fc26897fa0674cc63623e04836fe8f3,0
6bba73f2a467425adbcbd00a9a44f3ade9bbf34a,0
0f2ecd4cc630c263084906f3b20df1db93996d81,0
4fbaade088e67d2f77215cec55631d171884de0f,0
45e59b551a9883d7baad2e7e7d50a05dcae79865,0
abfaec3c71e8318a00515aa170302d9a3269907f,0
83702d7738f437a4747c9c83287cf96a1e62318c,0
f527ef09ff90c4777cee5e7e44dc3f7b04de3227,0
fcfc067da075a6ec3ff255986a562de9beb6511d,0
b3a55d48838bdc2183224351372ca5dfb85dfc9a,0
61f5ad7bcd56e7ea8f0870cba2d8a865ba9248bb,0
2551cc34b445d6458fc3d9697f79a817b86ad6fd,0
0addb7e99f585ef0153bdde9a08afa98264f3053,0
3bae0b8d2f819f8467120fcc37f41f2988989268,0
ca3903922625e1ee7498af85e74943f52eb7f4f0,0
ccfe866f80634bf7953144e13be43621801e8d03,0
06bcf3327f8970111f5b06a61e5db8668f89cc36,0
545e08ebba6c3bd4d3f6531f5b3ad2d3e2fa072c,0
54bf93216775c4bae651be4ac987d848f02997d1,0
90972941e1a32710a3a85347e5112c9030b78c13,0
6ffd8a19603177a9de7eb02b8c98242f89a322ad,0
39f72e845f1019ce7449bf11cd7e2989ef6cef78,0
da04fa6157ed890c96021ba2ce69eed6e296e27c,0
b05da82dfc33bcf590fe5b21bc55023b0c6fb27d,0
6fe765a2242f8178fe930006768f79958f261e96,0
a4b14452accc072cc7d52e4989d57d55ac3a5f52,0
b61086af6f6d71fe4dd5242ded8a6696bef7f378,0
df56399d784094a24c0ab784c3eddee0908952eb,0
7b7f61c3b99f0bb9827ad4c361421f8df1d9591b,0
02ff1ee6f73474f39bfb914e6692e0df74937334,0
32034cce945e6600be3a05b1b1044ca813517af3,0
5a5a1158f8e16582a1158e6aab1c30e49fa961e3,0
730cc42fe94ecfbf88e11bb41714779ad706f3ac,0
bd6ccbaa85a15f134e0c4d29a6ee315d0bed997f,0
0a7c05a973a4fe772e5d84d467c38647aba96a44,0
9bfb55c51649f1bb872f4d3fdcbf596c09eebf00,0
541058a527969ecdced659a45b1af48e1faae284,0
acc57a16b1bd31f670cf191adcb5d49d119ff380,0
03c140893e7aa6ab4a03b7417c6dc516fac5cfda,0
91f576325b95756dfea7017dc5ee53f5c89d76f7,0
eaf0d6bdcd5436a145488656650bc7744bc6c770,0
08532446a79aac833941fc5aa8c5379de6d64cfb,0
0c8ba43c6f6f660ac37778064ed1ab0af9c31eb0,0
06bff760d0d721f8bce555ce2c8d253ceff5b350,0
b4444c13363ebc81be2a47e596e9942641f5fa80,0
6b56b6a0350d50ca80524c71c7bad31c3c6cd803,0
a6b24f14cafeaf88d5cd9ce1fa41fe0a3ef8f325,0
2f1239e6509c88bad4aefc6df99c651eed8ff6bb,0
4ab3e349e176f060d8c49e535e30fce2c14fc023,0
9e714a2ec289e918b6ea417b4fc51f40682e0789,0
bd78f314b2efe3167703b4f744ba989285fbd799,0
810aaca8ae88647f18f0478c1f0b45f067650fc1,0
9de29af823c7d52629a75b01fba17263c7858934,0
ab9baed8c3dbcbb4f492a4a398fad823cf1368a5,0
8d24086b0e698209de34d0ada251edc79511ceda,0
aaebdac626a38a3e3a2c1661f2e95e1bc2e860f7,0
0b66711a204cf2fa6e0ef950d2e06b59c06c5d76,0
43fb3d61d985605731bec91f49108b3ec5107a21,0
b1bea8d67efb988f04ceee5041a42cce2e2c214b,0
8c35e0fd398fc85594b46ceeb6c10e22ed3aea25,0
b6e283c25609d8d523119940ebbdba6444b9db95,0
23aa732cf9ef17f82a284c69409938ed18492246,0
b50f5f264ae655840b3ad956de5cfe5656f966d6,0
4bc7b4431ade64f000b56867b9b4fcf4eaf6be4a,0
e62fa52cbad9d6bb4c6f669740f5ffd35c48772e,0
c05755e9fd49ce04472f69ad940ad666e205f8d0,0
d200347ae569e11fcc08c45ed4290965a1786ade,0
a1a55155e1c8889eb57cc9cf8df58091fad2c4c5,0
97766abfff4c03ef9b4df839d54e68b20fab9e47,0
37a15d583c9bfe3d1bab5ebfcd86d8b1fbe30629,0
2bd0e4e448fc3bc69d04ce5b0fbf29a79b82b1c0,0
4e37bb698b6c8d18e4e102a6ed6e6b35925ee35f,0
1887559eb510abb420ccd96823f21f16eb77c691,0
fbc05a871ea242a78854587f6ad2f9975dbdb13e,0
c98846e06605ba618beaf3ab215391d445a137f9,0
d20492a6a736d7615ea1e3f2b2a175db7b651c02,0
3840fd0108acd604fb11f94423ada2423d28d88a,0
fdb039900ceb9898555afc1522d8d348e9961ff9,0
e86d486f1943014c5bcd52504ecd25b813adc769,0
c67a5ade862c8b42c94fc26a2084f6b77f9cbbf2,0
63915f56d658c0c37b59fc335e323cd4e30ba74d,0
47df6bff941694719d3866950d5bf35182024553,0
710dd1da1f872c07490ddb1ca0fd7e7f1544d457,0
5c00acc416300779eb515fac15f90160f9ec4811,0
42630be5ff865ff122a4cdd5c6ddebb3840198ed,0
5eaac898b4fa68634592b997cecaef3bd8e2670f,0
7b16ef7d4e50ee6552bffd5e301d644cdf704887,0
c8886ed07f7cf55c0646ba806a38d4e77ee5ec4b,0
6aa208665065d02bb8830beda5aa50aea41c0683,0
211f3124e477971f6c205e41069fa3c57abeacfe,0
d0f047a9cfd76182b087fbd295b729599de7abd5,0
643eb5068809b955ae3d98408f7e006d154f1110,0
f9dc10ca54d13a1fea2001d9a78701706cfd3028,0
f3e4835bb2c256992b5d95388e8a1bdcfcc6e22b,0
2648f9fcdb74eeaf167329bbed81c01617226575,0
ba5f78b52756310b22214610bf21bfeb8a4f14ce,0
1ec40393d5648335287b2f7c9d3797c242ecc18b,0
e256a82b315948289da2e40c974bc8fd0b7bf832,0
7d7509050c80db8fac5c4a075522b0dac05967a0,0
ed9d929c3a19f99552eed3263b3e4b6ef574ca07,0
061be8ef05a6da482c505194dbe92146a8df5ed9,0
85d9b2a2ad49ce59d98043511c0076fd798d9ad7,0
856dea5808848bb9158d2a88e0b3201b5bfc23a8,0
8e272d7679581cdbd75af9ae64c3005046db5335,0
ed444fb71bb0f95d570f86b8f96ade87f9763652,0
1d997bca5ecafe43f26a0cfa879ff9572fe94671,0
6308fd5f4bf1ad6b378efbe137377437f7632f15,0
ab4a35607559c64f5c417ec44cb1f20a0d99575b,0
83110aae22dbcd6f5f32acbefb2da134198b344b,0
f811391c716b68132f416045ac02d8fdee0ef48a,0
eed3944e9c05ac6a944a70432a72ba1a2e6d35f8,0
c430213df690cd76162e628559c31fd937022528,0
14d899641e06aa022c93a3afe1e4b0703a1e2ad1,0
d89016256a918225687da00166697e4983a9f541,0
a3108506a4eb245718bf2dfeea05b6b74ba1c370,0
4e35c2bc97fffd189d434f1903955460ee56851a,0
40f1a943df650a9c5b21166044d2e00ce674d1ee,0
c4a04c280bcfcd60c5e80456145f6d7d6f0d1b8c,0
0369902c8d3a121edf9d99d4adb59bc76ba3e3e9,0
cdac89ac2527bbcff5aaa71197e9d6c97052b0d4,0
0ac94875e0f1019caa02fe8f6c691d0d8e3a19ff,0
e3a3441012895c0fec5bef60b8d13c7aa3e796e5,0
905fa12050866dd12267c7cbc56c6b8e65c43006,0
92819b159aec032b8d3ce5592698bd28b961b9a0,0
ef94f1f9d11729fa94e35a4712fe5a479d8c7479,0
bcea7aa072aa8276bf8ec2a0c4242186bc5549e3,0
8a971cc4cd1849bae1edcd4752d7e77ac19bd3a4,0
5339baf932d64959ffed01ea0577109b4490825c,0
f11dce3a45b5b19f24c997bdd3d1010743df7c5b,0
96652544ba0857f082dc741effb75f237b33d28e,0
15b5e862f769356e67cd1c37c936ed8849bd6e24,0
85211a08bd4e9ef7394344183b013c9126c0d8fa,0
f54110ad50e9552d846ee00ed09ec302f18e3382,0
241ad4023af772efdd8f0ca401ca1f0c49a32218,0
7315dd37431506b87ca502605a8a786e276c7396,0
6e4e9e111a229e11cab0eaa2967db8605d07a419,0
e67ad1b468da7d7fcad19ee2595b01c62945d130,0
8d410553eff9c6cdb04b21aff327bb87a5923dff,0
a9ba06f28d887dba94c38ae9dad28abc8da21d84,0
aa2ba0f7882be34e59be8a3ab02987600498eb13,0
1ee8f4197218b591ed291ac9abe87809b73c40bb,0
a846bb29702f4000f5617e9c2450ed5b4347f113,0
8ff11703acdb211322edf59c679ac577f9778374,0
3b29b9db1e915756f55ecf18705d98a6657aab67,0
925b4961c9773d6b642443d0f214e9dfdfbdf6e8,0
df6e8f1c1c19a98103a593b81aef748d3ea72c0d,0
6586eca3b3eee4f4a061c25cf5a2e5ff9997ac2b,0
f3f35534f9e0c69d96322153b7f503c13af2551a,0
9053bd0a4f0996e713f6c0ed7067c3266540c070,0
edc49f554e09f70e13b7a29c744c9b38bc1709e3,0
42a8fe9efa0820ee8ef9da91b35437b8aa8cb0ff,0
b12369a17a193d4cbfb48b46d5e1434c225b9e27,0
17f676fe635cdcb45769a126480fda0255cb0a6f,0
4fee82aecfaaafd3e48dd874c43c61ee8e6f3b5f,0
d6d1a4a00cf7da771b8c20190aff8a6658163170,0
001a2739af03119a805f8cb94699e402ac542f1c,0
d1b7591f6b83ee637208d55efed09fdb8e92ec88,0
bdd08f09cca21c66af50a53326c7d04454c93631,0
e3b447c24f330f3a33a7bd11603f28612314fb13,0
5eecaa8d158526b5578c3414ca7f2b8e33f9a472,0
0d9ce120c6ca8dfc362cd611cf5e3bf03d999b7f,0
a896e17a4ff433cfc2ab6984fbcd370c7449652b,0
b2c1ac1894ee04818ca902d55ed72dd29562f525,0
d80f940632e82516c3d484381b9c7a4dcdabe26a,0
98ce415cb7323b7a6990abc6633d3d2a97be78b1,0
9164afd1c4b7d089878d9c9be253b9e21e8594b7,0
a0a0a1218512025e8973c18588ffcefa701aa76b,0
5e47d5e0d21fe122a0cdef19115499d1e0eeb5c6,0
96bca0589969cfb2341e827fd1379f87d2fb612c,0
df482b702d2dfc21150fedb5473458a4db84fb69,0
f8ff45301eedb7ab88e45f5e43d5b81b91387b8d,0
c4f907d9caf90daa33b9341082a1ce625a922f95,0
9c4302e4559acb1e2a627f57f49105c54fe09895,0
f94414447defa8220fd058dc5df3685c7c5b9e03,0
6b1643e7fa903ad5424bad62afa670e3ad40fcff,0
b1f2138a4842870af4586db152d973d50344b4be,0
ee60210159c102d8bce196f5216f3a6dbf3526d8,0
45a2af722b05e05e2b3e7162572b4ae2032a31c5,0
6d8c3ed86b1a664eb7739752b9c1e6d72f5e82c2,0
3058824c2cd188a9f65f5f23c7cd5b63e278fe94,0
2cfa0ca3eeed34eb066bfc9446e0cc630d931bf0,0
73b051ad9fbeca29931b0c3da3f5c1ad518b74f5,0
048d34d1e0de11c1ecf44efcae58a225cee1ea96,0
4ab01147c1246ce8743c6be57f4306cdc38e5d82,0
cf6ce4d58272eae0ae6713bf7a8b7b9efe052549,0
a9bcce8b667d6941d072560e5ff93c019bccb000,0
8ecd8ff79c7d2f4a45deafa3e4705ac3e3cc033d,0
265a188bf7eb4670a5431279c6ff3d5184ce148f,0
e0f5757a48c8bccabbf08a3bfaa2ede0014714a1,0
a5547eec19088d56283908071966dbb1999c6fc4,0
3916dd2a2f88c9ae27d040acc11c63eeb7b1ca64,0
b21d3248aabc30f904162559169aa6e6e095e98f,0
49b59e586091a10d1b506c68ccc1d2a6fee762d0,0
9dc97a0b56800e574c343723bd62f7048dcb6b5c,0
58ea9ff37cb39c4cb8655d2cbaf1c9a814cb2f75,0
2153a5a680495fc2b682d75c8a063dd1cc9bce46,0
8594cc2f19822b1ea0b7a21a7927bf3765e104d4,0
92242bb0b2689f16f3e22390d1e43c5c7d48de97,0
bd1ed002b0fb0f43505adc469479eb11e9bf731a,0
76c758db31392626ab1d2ab0971f278e251d00a4,0
3de2f64d0b81620c30d475108de1273b61460063,0
d9eeba5275a5f67bb9bd17f930b9ea4b62802017,0
b065942bcaba2f156a608cf09d2de3472f0d511b,0
351ecfc89d95d48e5d301c8198fc67dd5932ec06,0
28c70843628840516f2f55bfdc6602f63ac7de0b,0
39318d732731326bee38cca03a2e07097e4af877,0
c175407e3707a998ef2d59f6480feb67645db763,0
744f20546c93dcabb94eca43d7558d92de0e7c33,0
d4f0f3ff606bffe5f248310fb52e8c97db7e32ef,0
c571535880573d09d21af78523b68b1eba28201f,0
4f4319510fc3c2057a8e59684d1fe567d59e6c2f,0
a4b8872c561cd441a28c07afb860f7ca0e62738f,0
1db6b4b31ffb5c3c1153fbbdb84c34e47f836ef1,0
2c3d3807149c2849aef15c8bf91d9ef970a5e7b2,0
2ce26484a880ac228e148016dc3355d04d486c7e,0
90ed1e9b7f8cdf062e1dc8852834e81f336220c2,0
c2644dde3485e906566c6d27ff828a776937b993,0
9b6d3ab207e41981ba30da7ae472b86edffa0bcc,0
250b42b66b0c3d14a6c9435c998255684003a81f,0
3ad4bb12a3a101995c95c29c0eb5dd6d077bb522,0
4177ecd540f72ad7baa7e0181c9850bc885f1b64,0
60eccbcade62092600d6c1a1ef69a8b5e543dd0e,0
0a7ae04379b344b6def8faa93ffb8de042c6cad9,0
0b96da51e7dcb1ba4fc12a8c7a3e5f53f7c24e86,0
a5795236c5b02198be4f4dca39f3b8e284a40b54,0
28c149df8283264a71d502d698d7c44735ed25fd,0
ee8e6046018f06d45d68a365888afd7fb7da7930,0
8c70ca1fec3b4f2decc80574bf99d7f643afc583,0
b0729eaa54f4bc78060b1866d2d49d6d0e8b21d9,0
0d38fc21733782f55a91288c69780e9662858181,0
2c06ccf6344b4d106efdb5b9c6c034c0075064b8,0
0625e67d46533d83754e77ffb8f8d1b196806074,0
43295fd65dc2cae44abd40daa03236e85060ad23,0
4c11e798e7d99055c49dc9e123dd7f7d31d6ce46,0
f1680ea0508644fead3dda0dbd3d47b56a6f2689,0
e85cbecb9d1a700e7b2c206f84f5ac32e609e1a1,0
571d50966057c04cb60705f1107a4ba8aa153ebb,0
d49bdd5e49de3b589086d5e1005b7c7c02be5037,0
8f381058a48ba07527181b001a1a5c3aae33acb9,0
2b63ee8f3d7e46284612ce4bb1e8d8d012cff337,0
41604ba0b8c78bf34fc8a29c49198dabef3eb062,0
c934c3b5ef962b6ec3b77bbc5c436e8e25d788a5,0
f174318ba8415d8a747d0adb8ded1ab07d499b13,0
1b4a31fbea7629e24707611ab3194f1443f48168,0
cd43944d94ecf6a5e43595defb90139f4c530c60,0
05c6398a051c49c546ccab1da4ce25563e4ce86d,0
bec9da8ebde29921509db3e1108808dfe9c5f5ec,0
121469be92be8e62240a661ff01e653d775c09f7,0
d54f4b9a10a61937f2fb18dc5a78cf5c52e08dd8,0
f5e1cbd129845b794163be9d50eedc1372a8f52c,0
cf1e5c67db56e628ff861f51851279591cb3b0e8,0
3b370429d821232e9c180f0baf6c5e3e90d34eb3,0
2ee39a651c2d14399aad8fff40a07dd4c177cfe5,0
3224cdae388f8383890ae4a3ac67bef7d9bb22a8,0
d7995284f03467bee0f0092f19a3c78678b3f20d,0
c44f5bfff78de8fae8cd3d34c9d2f939764de86a,0
de50e92bbef04e044faa5755dccfc7ee219fe76b,0
fe188e410860c9e1ebb00361b77e4584990613b3,0
88fca16dc583df627e957ba0a0c64d198ecb067b,0
c9b82855b79f44c12d8b19b7d37be40015674c11,0
8bbaed2c9c4c8cd8505f29907b54594e75e48e75,0
a7c84a36d36d3b9e8577ceae56622a0c5dfa317f,0
fb79d4b3c8922a8e82d954149310a331e73958f6,0
73a12a6659ec05d401a259730c00a397291700ce,0
d5d5c59a3fa7adddfb6ef0e4f946a22f68060077,0
d4a154354b0689c5afd0a2e32d53d5c1dd0eef22,0
8daf13ed9070e127a3764c66b5e144f6fcc470d8,0
6fa652a97a45b7b82768b6363e5e0e5c051d6a32,0
b858b62506d278a62248ad73948fd63440fecde2,0
92d0f9df971c5ec365217066adc27b5516adbcc6,0
730ed850dcce5c70e3e02e7aae10affbbc66f3e4,0
182bdf6f95a7ce9416a5a55b72b82d8a7a49a000,0
0f4752ba7f074ebee6c32b2a0fe3cb95d6776881,0
8a34d82ead0780a9ee1f78fd9702e5dbd663070a,0
4f49cc506cae80a0d87a97ac3b0430954e24b675,0
b4d6fc0048a0a9c1bde418fea261d4d00d4b1a12,0
d964132b018dc871944b1517a8319954f333c8a9,0
fe534c45d56d161f52633eca8d609c03be1f4ede,0
db83498053f3258c75a92e4b4211248724bcca99,0
30aec04a5b3955609764a4dca0f4babce3af3866,0
ef09013f8ac4e8b5818247a64b3f882506bb44ab,0
b044b4d84816642d3d92bb16fbc564c1fd72d5dd,0
eb4cb581c5d99c95e1373ec44c8528ab68d08cf1,0
9bd68c7aff8026f6213fefb90510d9df610b8c3e,0
b863fceb8859fe1ee2f60b986f1e1ae0d8ce7b2d,0
8f81dbc3ef26e2a8c5227ea9709319f3e815ac2d,0
522d52d9c7fd7c811e23edd0b51ee7d1bdf9d80e,0
502789ee446ce7c96a616c1772fac672fff866c8,0
9529ef1cc0df83ea43041065a9443860185b233f,0
851c730aabf3aaa8d3e1074172012ad1cb4f0f6f,0
5c23adf05c50427bae94cbef7e72b47eed7a79a9,0
ac0a18c885c41fb709ecfe977d9c468e14dffac5,0
d257a0bdffdb4b3f0e51c641b77d75f254f3c798,0
a38c95f237b2fc8763a64e9ca3a260dff72383b4,0
da3df0c777f568f5926b5e064bea99e19eca2153,0
262c1dbb639bee921ad706a5b44e264f7ecc996b,0
51c2fcc9fb4a9cc60889a703fef71c6743336ece,0
01a579613fad01f85ce8712c766c7511424ed9da,0
d83b8c7414e7c9f464232e3582076099a918c6e7,0
210bb6af321813ac9c6b8d10fa62cce89e3112cd,0
2c3a68a7e0e8e357786c5ef69987623d02f9912b,0
980a8c20e25baff701604abfef96623b076787a3,0
0fde91c3026856f12a9f0ddbe5f8b6dd3b6f4406,0
065895c6903b4b6535be18da3220d53e81da2ee5,0
d77e762fa2fc7af9df56f035e48ee6d8cf87437f,0
7f83b5861251ef323bb0feb75744432c057ee9b1,0
00ea88bacb50e5934e9eaa2c6fe936ec784718e6,0
daec4123ea6f109e1c7276b152d4e89f64933caa,0
c73b54096a4ed3a7b9417577f8e000b67a0c6687,0
4bd39d7b8efa5773afe7d79071358ffdbc1501ac,0
e7d33d439959e47acca33e1513ad8733bb890ec8,0
8595c434f97fd27e1ff11543777fe41fcdea1fc3,0
7d200c3ae2e3cb904500930d671c29a465fb60d4,0
625aedf1d847b840b09c087bee69ec5a5f514f54,0
3d1b6c40a029d6700380114aaa8bb964033245a7,0
ddf69c683d47820c7a72121c70012a335fc57491,0
7f23bc5b5191f166827bd0ce6b640842918a2312,0
0b22081bb64e2e31fa37ac78ed2d2d04abd6e8e1,0
ed689913dc6d882018138bd36644529fde4b710e,0
fb3ce6ec4fcd11062310db5a67d241c9d54ab6d8,0
035181f42a6a277e04675abbd9e6e8d8d6047c5d,0
61cf46988bf34ed26f0eea27b8f6bea79de3f17d,0
c9036e7adc47be973582c269d60e07ca50f907f8,0
050b1fb25d9d9a8d4514b04f718ba98d3d4d12e5,0
bcce8edd6384b1566027aeb3057b2cfa0d97ca87,0
f9e1a03d2b39f90b33a364b9a612a45ff3ad58e4,0
e7e47f80900570fdbc26d3fc9a25713fc3afdd30,0
676451b7faffa65dcabe15beb5ebb154244f8c58,0
b4f33a5f877afe3c9a7086141501aec610153c89,0
3634df21ec4ab0bff65322552051355f5e18f80f,0
acd7bf4ef0d495e11cf9a7473481a1024f095e5c,0
88ceba5fe6eb1a70e237ac5eeaa012a37a039522,0
c9e48b656b1c520dd644d8745a7dbc516133ba08,0
bbd2151fe83ad9a5f335165c15b15aa5a4f7281e,0
3191c66c47ea2e2ebe5951a0dd4341a21db3a202,0
75c45ec8b78941d42e76b64fc7d13f91aeccae35,0
ef0b63612b441cc67b97157374e62767356c9815,0
4dfca70b13f4e426bde0ce563de23b61b6b63a13,0
a216213da265cde6f1fca3f7c3586cec55f73b8f,0
999685b605db9b19adfde33925e63809df3927dc,0
8b246d42ddfaeea1d0827a78d5872cab35ca54e6,0
6abfda72c10ea678d7a1c6fcbda4cb5185789104,0
423c08d2d2812563411053320bbd95b69afb5154,0
adfcf0a1488b1154775ec6eaf1e7157a9c78a654,0
7ef5498e5c490c6ca313c8ec6e353eb7feb6041f,0
08ebf39d0aa6c4b503e68dc1938e19599e998e83,0
3525a2ec9b5445057a7efdb1dbde3fe8d387074c,0
0ba8b7095b00d44fea5b03de12ab44383c5eb909,0
797382024a2f8cb3bce51bd5977ac3b801bcbdf7,0
e2d4a9dcbef5ca0d66cb140e0c0d3fdf1fefa4ad,0
5411f515f0420f00c98c59ce5dc637bb59bdfc41,0
39929cb44779e5841e2b81a9b0b66efea0345580,0
40f502c5918937743ecdbf06085c559a0a118de2,0
16bf661d6718a5d0bbfa164af67b466dba481509,0
2f2b172ff40ac49296e9cda1f95c269e0a4b7f3a,0
9ec6f59ceb282371405d16cb1da76f64162b9e30,0
b2397b1a2b365b515a5130ba7e33e546f5b84733,0
3442f0f2654f046ecc1bed91bd9b32f62dbf84e1,0
d53db44db134805ad932cae58ce5b50d74e0b738,0
3b8bd953bff31a8ea00eeb103cd2bd4b83c8870c,0
0f5b99574aed21773bd355dc7b9da2b9e96b0522,0
60fc7e45e4430cf9fe18e435e5f01159d0b97a66,0
4d20907ee6dce570211c750d1d8ce0381763c048,0
135f745e8152960dfdb75c815a3764a00a454ce6,0
ee2d19636065048cbd0785d5433b3fd7ea2b1267,0
4bc669cd524f2c244687542f61bb397d9f777d5a,0
38088e0b624ef5c51be7ca478a583e3cee5d32cf,0
5ff704a30cc1d30e6c0ecff165ac997e2fc77546,0
6aa2260d900d47c69d07de7f7b8a67786b0d9dc8,0
0457a306624575163e7895b267fbc7643ded4a94,0
36873b4fe07dee2c095e5c74ba3c87a8a20efb68,0
46037404b6460490b756fe156b7df5d42ae7bed8,0
523a7b2b0624d21b3d4ee6938fe190b8ade6c69d,0
d73305ac2e6c199d1f13b3ebf6525872e726435e,0
46a67ef58779505e10b560df71ddcd4a8981d01c,0
4aa44821c201e895777dfdd9d3874384adc67893,0
b637238066ba26c418fb4c757602e0af876dfac7,0
d1fc2d1cade0c24ea6853e73a30944f8a0620b36,0
546f35c916d0ee33c115ff370d518b50481de727,0
907dead0042e6d578bd2ce063bd0489b7979643d,0
e4fd6117979e8dbe0482a2a48526691a03e1bd90,0
f8380e7e3832cb64dd3fdcdf78fe38ce7f3d3ab7,0
9e3dd89418cf3e5e4e408864daf366612005bbab,0
116f900a5295444c3fb6437b70e21f863c257fa0,0
3e49d7162a542898587c034117a16b8e7def02b1,0
504e1b67c5db326a409c082fdd8d9a16d6aab9c0,0
fca7cfd8b86b9cca5a7489fc13971b1367e6ffd2,0
fa9691c4f50f98e98fe30030f4026da972a85b1d,0
9f73e8cc506c67d71bee1b6a80bb6247e7418423,0
d915d2f70bfebe486fb1a635b9826c9becd8da23,0
955700fcc155a398e88cab0ba048a65e25da0756,0
5d0ebb70941e8b519b09e94cd4ebba5dda6b5c2c,0
fac18bff269e8966183001480539ade7af9f0497,0
9621156a959dd696eee0753e6cf8081f29721765,0
14ef989f26a3891509e59501f60ef1a3bc42c0e2,0
b73d3726aa21b3c1919431887f2ada4fe05d6b38,0
3c120f3856b25c386d58b09914431d8b16796431,0
55fd00db5c4d1efdeba741a22330f28dffb09fdc,0
085e175c38e2e5010593abb83c210c0ffcb20405,0
8de5087e0b9a77e7a1d00c72151ad9662474452c,0
3e5c672a4b818bea8379078dcf17d8ca0e4aa94c,0
d6d1835a0a6eeff5b622f3b26ee4ba4b583b60f8,0
84e0412a61c11c7b5eae4ab4cc3067dfeb0a8dd5,0
6130d441488ce2b1ef44a5f9b28cd92492da227f,0
6e3d4dce6ff3458d187948cee7b9f4f9fbdf36b5,0
8e6aa81ae857f67364506236ed3c696b4a2b11c3,0
6777d72309e8cd3a8100058e42823bcba0e7fbbe,0
5c15d776b2ea82c4df72741873bb6833d4813de3,0
f001c078705ec0f1009345254b286ddbeb3a5195,0
d75206411993e32088938dbbf09762ff9455344a,0
d3487b249c226b323589bfb97ebce3529c3ee6b1,0
2899aa89af6e52600891d733b0fb07f0b9c26cef,0
0d8c4c55140a0e558d6b8a42892af861cc88acb3,0
580f5f8636de64ed04640e30c3f606d2c94196a5,0
9bf027f9595a4fc89ba92753d16194927030107b,0
eba296c24961c329ef59bf4161230afc39b196b7,0
87aa1f9c6532d03a0a587bf02823fd9996183902,0
af93301373f4ed4e81df9d200b48caa5d03170b6,0
f3c126798886a7fb9cc975cb36c428c6eb6d0e4a,0
eae0bd39a52fff45e0f3942484aad7be1c5af2ff,0
653ec3a32fe40f5190794e4afc855f58ac7acc44,0
39c7c97828430e0c756f64b0c66ae7026ac78c66,0
c0ac46e1ecbe917398b857331e1976e4ebba6a13,0
e97ed92162f57e724c1f5fd2e3f2aae8649db370,0
be87fb1cebb8a3293a1ba77acebfefc7ccca7b8f,0
080d02844756b0ddf4c8860088fb00a531c585e1,0
001541f865e56f8c20e8b266dab4dd5cb7b075ae,0
4142e8a689637177df65457ee3b952ffbcd85025,0
d9f6207da2420e56172c2b65086aef72b1b4684c,0
7b5ded8c493f1744a430294ed48b67b4b8a9fcfe,0
79fbcb600b9af0219833733666117c0c274d6444,0
55a9139cfce0bdeefa83a51f6f4bef93a52eb296,0
175c63d5aa166d14af610b90e29a95c070cb4123,0
5b643d2f45c12ec1f230616a3eeb3891dd5acb2c,0
bccf8aefd58d8717e1f89293348e6fc5c97e4251,0
9409fa28fb46d3cad2ab1b685dd2e582b7e3a416,0
407943316de2e6441cfb02857b3f7e7dc88cca91,0
8eda3b4735f2808a2f47b96a8105661e7a54d6f5,0
73cb5372d1d04cfc1c2acad1bed7a105c6cf4833,0
249d1dc9fb3f2bd5209aaa299c4ed61414f1fd78,0
1a365f79bbbed06e1c5350f954c9aefd61c81cc6,0
cb68e03ab0752f9cd7ed3631dbacd1f53d5c6358,0
09b213edebc49a3cf28b1cc0d9478bc9adc1ed31,0
53cedb392c80d8c844dc3b05524c4053feaae945,0
371c3c0661c6f9d5c0c17754d21a6fbc1360b31c,0
5db003c2a35d3e8233f32f3c89f7d34cb9ce8020,0
6d20129e5f8ee658147d15a9e98a1e3974ba7150,0
0cf6bd70ce604e493df1119f432f6858ed499ecf,0
44c8efd4e05e15a7584eaa0171f3a53e04ff4a67,0
ea2a6533217c9a4ceeadd9aa3c477182509799ef,0
d98f1755b1a59eb765f4a07239a16dedcb57624c,0
08b5de760579f7f27d5757958588029ba439f42c,0
6d9df9be841107e42e7f6e3ee1c044716fd914cf,0
4119c2898b0a810984b6e18a3f39eab6c9820591,0
73f5bda90052961c247c6f255be7950dea1aef0a,0
c962cf0e0d9ae4509065fa2bd41a9d3fa6ae2de0,0
f5cd1fca1f165c6ee02617b38fce598d4c1d6347,0
10155cc7e5814de21de179ba44e449ba4e6c45d7,0
8f46712e17c909034c0027710c81607f424307b5,0
2c56d10a776ba3192752519cee770d149509ae0b,0
e2aa255a146f67be012d3a7e96eb6a4628bc0bf1,0
fa7133e4b3767d3886e8d406cb5c33b6bce5e031,0
1a177aa792f43a557971435208320a385bb11802,0
be7aee37cdc07406adf90345f36a8cb21dc18234,0
6e1b4ffe37e682e6a3ee8cdfd9d6b37fa2f20449,0
86100c7e2298dfb8933c7558106549eb8cbda48a,0
051ab32097d55808ae315811274bbc2b9681eebe,0
f76930eba9a530039050681f3a76f651c89c491f,0
6e15054950bf5d2249cf3296b6ba18522a103bb6,0
70bf32bd5aab8ea154a53122d5c0581eadc6c3a9,0
fb5a6daab5dae33a45cde61ed28ddfc08f1c5fe4,0
df4bf1c2e1cde1f632c27d6f9b860d69d1a5336c,0
47ef10f57c23fc17653b847732682c204712adcd,0
388f02970492a5cf139cf0f2e74205dad40db547,0
7e093083ee20956a0367137f98b9beb12622e0d7,0
008bcfc28f3455b1a745fd02928317acf3871af5,0
abb099888295fe213de6bd8ba10c0234ec1fd909,0
5fd06a597b8dfe4da2fec8890221365ab934e887,0
bf75f245e31bee3c4df1e1028dc7b99224b7f2fa,0
36ab536f563e8036f0556678b5bb2918e5f0ead7,0
1d9bc03c12e82d637693f119779408d00ea0cc04,0
3ff664c33979851959cc474faa1f91b1ef017167,0
c5e2796cd02ef1d2afe100244306c765b7bcad67,0
3ff6111240a1eb11d65003dfec9ade8a130df99b,0
39314118f3531c459ebe02b6132193637356c0cd,0
390afb7bf1979a2d7f3246e68956ad9dff439b8c,0
0babc76706cc11e68cc91408a68317d9d98a6be8,0
10c606be619ed97e29251f3f9aaafc699f2ca46b,0
d4a3cac77fc47eef1949f39ae4959c5e674b2804,0
cbd82e27f180f4185b29e94f96b9f9014b317c20,0
f0e004d9eeaa03f484ed5b2514aaa53201153ede,0
489b4220a58094fd40192796e5013e1a1ccd7bcf,0
5a6da448546553ce2f195131441d999e1328a64d,0
f116d454e5883686304ac9c3df2e4edcb5dbab07,0
1551565eee38cf8c6bee3124a7e9657f2455e94a,0
8c1e2a24a53745b7e80547ce8b6aa6b858828281,0
b1030e61013b55cacff82a2354b1c9b3456fd2a7,0
a62149bf5bd4f304abab90b90a46d41d07cd32ec,0
2da0353e05c98fb2ff565ad1374ad35f2294b50b,0
b6fb9a392d9510ce039e55a26a47ed85750a4386,0
e548d34a02985e1ba24b3658cb51b45f65d2c4df,0
f59e0b1ce0fcd09298ec66fe6dd5025b9ca8b565,0
7b99261d36666dcd1ef39fe3f1c809cdd79b52eb,0
63fbb3a130a18e1bd386077f8feb3dea3ecd4d9c,0
bb887def042e73bd405deafe4bef5c28c95540c6,0
8f217556c4d3a476c64862c8181821cd0e6adada,0
865143a265e6e5ea31f2f95170ddb4177fc68818,0
7c3626fa1ffb9881074a8afe200b46fb81aaed42,0
17581cd4459d77a6bece81e88d9438818a9a54dc,0
afddd9d23e1b80945f46ea3329991d7ca28243d8,0
2e18e1242049369ebcc9d3f81966d0a41e1f8b9a,0
1f7a144fc893fe6f8254fac10ddc9d6051379e56,0
60bdb76b2c9c3f55248e1e4e44c9e3dc0220cfa1,0
e081dc111a34ea4dbdff0448222325e645eca863,0
747cc9f0c152637d3a662e7fbc00b33c4403d6f8,0
a5667ea9bb143ffdf1300596672ed78b16acde8f,0
4a488cbd2770dfec8a12a0a406822e5a9b6ed953,0
3fac2f2e9bf64a8a3f4532e777a2c94bb2ccf53a,0
5042241c430f9ada727fca49fbab4386a0d79fe9,0
8b96e71ab4d52eb9b1ec5f5989888b2a26e41dbe,0
3dbaf7f3933363e97022d3a9c8e85d46140855cc,0
48ae5dd8e4d1f075617c2ff6d492408ed5a1921c,0
ef4038b63ef977cf25117566f7769fa99523289c,0
42ff473acbb5363b88f5ab3c5fddbae7b206c1d2,0
b9cab41bc69ce922d3bbd31f0ff7906fc4920732,0
d79524d567f4bbd9e9b8e056451ede70e89abd35,0
2b89f423a4af3ecd4577f86fe2dc1bc8ba33a32c,0
28b30cecddbdd358bb720b6b8749110eae3ad4e6,0
63fc222ab9352097c2bfd57ae79ad9106602ce3c,0
add1a771a73c830378eca440f0e7a249c3638faf,0
efbffc78807a17f0050f8e623ddef7b0be681f95,0
619f303dea9336f54ef7276ac7968c9d265c5785,0
75ceee359caa3e4526268fb7c30bf5d7d3fe13cc,0
0b165579b539f272b92be6ddce585b15db7f2679,0
83f5032263508d446b20a0f6c6cbecd7fe4a8adc,0
0bdbd2f2037fdbf22cba71f8e28fbc8f054cf3e9,0
b5d59c4dd50c8164bc4f5d4a38592b794a383813,0
8e6c7a6210764a07e3b0802b11a9c067dae2b598,0
9f762c5518fe90fd4bdd90c8a9e2f48cffe05d0f,0
9c1c8e4fe43f234d0ab77fa096d61bdd222cd6c6,0
037517cfdd902db7e2f4f5123aeda606d8c284e2,0
17a0cf4019e90ccffa0e170526274d176dbad7ac,0
3c3edad1e7a0ebd8d059a2c2143a99000d9cd349,0
d794c6dbd3a3563ce23cdfc98f172a2cea428cb6,0
495bc221de99ceaeac317f7dcf16740fb37cbcfb,0
eed9b13580630503caec418f06f576459eb35928,0
aa93e6c6b2775f0b7b8291cbc9df8cff96dfe749,0
69c9a28b1c00748e31c3042251a8a66a91fcc824,0
6b54382bfa0b674b5784d63297fb2aab8f0b37a6,0
b07f4ff4bfb2fe427d8404e0677792f4d0b63f48,0
8145ac9638b89f6ccf4b6e94eded819cf15fc5f1,0
28dbf185c34ef4a9059fbc14f931fe2bfcb6ff8f,0
a0a1e19c03962b518ad0997587d58ac3239a1360,0
e9390ff3458cba53b481e4ad2f6bf9df2eee2abf,0
b9479cdfa302910d967caa9bd0fbcd46917d80ac,0
f294a35535bc2a88299fa54297ffc029c6ccba4a,0
0f69e9aef069cc816a6e4f8b012224e264bdb0ce,0
049c7f7e9eb56c973bea3af8c259bb0e6b988a9a,0
e9b2a8ec356148399a01c354d74ddf95fcc36a0f,0
f6c3569add0d1d9398caf4f9fed3788471962c7d,0
8d1787fabe3829c069aead27e910fc4ac91acc90,0
286c29cb6500265d1cbb2048de8f2bd1fcca5143,0
6ee40aaed670f3df5a51d415df861f636cdc8d09,0
11d499546045df954e46f82b937212a2fbf864ec,0
e0d2391f901c4568278ce163df8c66c9aeec9398,0
5c93c3c02a52518420d0b00c7d06778564c2daaf,0
9b5c04db14c0b73110d7b41a24714bd81c558405,0
9fb261e7080db1516c5882c878b5acf07ab8643e,0
650f382b4c1611fbd2a38033f66cac6e5a628a2d,0
012ab9acd70abd4924ca2b4da10df3ecd53985dd,0
f63f66ff5c0fa1b4c2abf4f45ae30e6019a5c139,0
a7cb8baf60a511f17c0669b58b909d505eb1e91c,0
dcaa372ee8b10d772285cc9af360dfb484fff5e8,0
58f8acf597da7f3db06bd3ff8cbfc1c639f92afd,0
953aa407df78f0d10da54e29323d404cda3e4f6b,0
5aaa0b5f6b86d5db97f53866151c02e2b46ecc8f,0
cb5325abc31c5e397b7113f2e0f6455eda2e654b,0
28f3c2261f7f479f74785ba1420e9424ebc21049,0
d6c7c47cfaa78cfb4650e931927f5a8fd0ec6ffa,0
bf6a076baf497d9b8f2e7c59b78a256e5331836d,0
eabdee306d5b0a73859a0aa841a5c0ccfe8b337a,0
4200907ab92dadbe68671641c9823523269166b7,0
7a1fa0197f10cc33bb06a5acfea6a0e34846774e,0
f9eeb69707240a37207805c25a5787606d3df4ce,0
aade3ca0cd44feff1d0b90b0221e0d1d436ad55b,0
f4efd349492c92130620cb0e3b0c7586b771617c,0
1ffa1dfeeeb4c8e6a2db2acf1e6b0efffec528a5,0
4a6de551bbe293bcc7074994cf1ec9d1f862f57e,0
61130e510b4d8467e4c265618e9c0390ec16c44e,0
811227312e1bc61163a8ac7b2d9280dd990d08f0,0
a8cd5b889fa79abd3a4faa1de9dc74ebd7278054,0
fda72273a74ab3fe4ebc4cf19aa888ffe9997a27,0
396392eb970ce2f1129f656c2920630649504a3f,0
562406f81592fe76bda37c1fafa3bde3a3c680cd,0
4a58c5340fee45d47198d1051228ff8354744262,0
496e6339c29f8882795585d3432bcdd490b6d535,0
eca7f1ad3890ca1a47987eef2c5ef9245adc7a9b,0
cb3dccf4945be54739d760d06d7c887ba9f7829a,0
14993fd0b2f4c15065da727ba641011f2b762df4,0
eb575b942a265c20dc51ecf3e7093ee8146634f7,0
796408d2f8423e22edc750b3f95ec6611b980704,0
5a7e112786199e855f49ca5a984936f52664ed6c,0
ba775ca808253d7fa64d5243dca076a3eb15c857,0
aacedebc5fb505b44393b82705f52adc810b3e8a,0
c78d338ba6504e297632f0846af442a5bb58b365,0
1ff1e8584eb28c1e01bbb4c947dfbebc19aab433,0
c7bac1545b141a6d907111c0b7aa4f9c8fc19578,0
dc856821e61311c70a3cadc97d5c925da5854cb8,0
2174c55e87292b6d6ee0dabe0334713ed1668c43,0
fd6785dc203a08f5a4a4382593edfecf1f7cabbc,0
c6e445bdec880f73f144c9d53815e1f37283940b,0
e8c0317907144356847123e0bca638f6351794e1,0
c40d057d92f6739643a4e55f9b08d44a119f08fa,0
a6b8bfd275a4fbdd2100c0ac3c9d929b45aa2279,0
79ca736392d17a9efab0597bb995ac7fd6bfa8d4,0
3b2de84556b88a51af42d38b99ce6bf81b970cb5,0
544599a94d9b6cac2961dd8775d719a23a91c152,0
b025dec0355931c71882ffddc044696a5519e68a,0
a5c09f53a4c31b7f4e30ab6f775163895156ff55,0
42fd5d7661e8dcd9ebdf40e9ae63bade25334672,0
848a199fd7f820f161b0ca438e80e3fbb6d90260,0
cba96e9c4551104d2fe0c2fe621b0ecc4691a691,0
f2bbd79a56a347f7f65804c6cd105c669d387c92,0
32d6a01fce33493afa6d413d501aa1afce98b66f,0
aac1989883f256e11f9dd04e53677cef22e1db90,0
db7aff4a7354c8a97b9ce050dcb9736610d43516,0
ee4a0b0f9cc15d0d60bb42cc1bd5d54c238f9f7d,0
af4ee73bc2afdb76d7aedc8f2ceeb3eee9c2813b,0
ea81dfe90db28be74ec8ce2ae8a30e30a55c9d3f,0
50be2a71c87c03337b01fef8c3627abed7bae1e6,0
43c4585bc87ac1140663e219dfe48061229c37ac,0
4825a42ceb33dc90e7cd160d4f89689246630315,0
5c0adf39d7cdc695b97f022916c00105ecace0c0,0
1fc19783bd4882df0e9cd99ce1df3d763e55dbee,0
17f2f546c623b4c69c43bf72f171fd6fa7b4d2d7,0
f6fe1e98f34134fbf7748de5cc393dbe966dbdfe,0
18de1403ba62a42d91a12d4c7507b5d458a7f231,0
060914575935420a341d265b52adae0a2f19703d,0
c0f7a2f2298911bdb2dd939d68a5e51a51b759a8,0
f1a13382815ce08195c235e4806463fe20c99c07,0
c3777c7dd1b4cbb04f025118593b256fc7fec9ad,0
ce498a1ca443de814c881632fc2da95648f11a7e,0
b204ca7e59c1d2d481d77bbf5e1463a82427ba9f,0
ed4cf7c2eec30e04db38935d45d200185ff70862,0
1b0b0ccf7b39511e5bbf2026d0c8d1f80724be56,0
41fdf24d27ef16ce02b05a4a8414f758f5b6e556,0
746106cc6f78db21fcd4481cf8ff754f9ed15429,0
26048a3be4eb316081ab930a1bee9f4ac18dafb4,0
b1c99ad390657365b6c6b0895fa38b84dd3eede4,0
6692adaffd99f432007490032d33dce25874ef36,0
264a63f7ea73774b12261aac93740dbdcda75e28,0
d9a5529b39ebffc3f59414e7af82178be58c019d,0
c4fff865759159596d7dde6566cf019af2ea64a5,0
b6f3ca94a5b6f5f12ab716ed2dad4e769a2886fd,0
7aa13e1f26ac21f004a30f9e0e2ff8928dd76d4d,0
85d5317aad50305e7607677841a2f82b70fcb243,0
39dde2c1cdf88415f9cc7a6b845451714b71bdd5,0
f8e21d32210a7fee66867cf6214fa1c3705dac05,0
6af7d3cef021380420a5f2327b9312db774130be,0
0775c85c6f0e636462c938dec425d1c550ff87b1,0
427851de6c5bdab1cbfdfabde6e89f256a459dc9,0
40f945bb623184c27129e8a7085adcdcc44c0a12,0
d08f2eeba78bff3459d971c3b6d3797b92bf273b,0
748130e295f4dfbb93c9a88b77745eb24a1455dd,0
d2dc28ffd1a4a2e7fa8fcf3dedb3d565ad764d75,0
a9f8a110513c8846ef0809c91bf10bd3e37fb41e,0
c6a54117d9a3bf7aea5406effbedabf2d66b4f70,0
157bde296faee89f32d9c95ac018a992867c3f7e,0
885ca9fd1a6da890e9fd9b5d9b8884ae94cbb45d,0
fbe0ce681e9be07f28525b3da7d02d29df5e3cb8,0
28ba66ef6edec43269da2fb8154c6d02bf22eb67,0
ec5eb9601d4d9175ffb242cb5647ce4abcf1668f,0
e556fa3330d4827ec3e180c85fc875ad88b8d70f,0
f423e0a313f007ff6755e01467cd4f385e7dd807,0
cfce20c6c407ee2a35a27bcf606d2cb220e0cc81,0
9fc4a666cd14b099f8a3b0c5f4f9e612c08d10b6,0
a99a9b230aa4796ad96d53199f5f58aa2ead856f,0
35a45a4272726e57f6911e347fc51f4519423d1b,0
57758b94cbae13ba5756e777c1ed82d5d4c41bdd,0
fe9454458a9fdf4e3b0a18a120a4a6ca143e7d80,0
d794f824d2c19a399fd3dbdf86d826bb6cb026b1,0
80310fc6a2734f5b01adc79afb17b6d7510a2132,0
c52a787f49dafc1a8bd1e8312370c71410c25a71,0
a34603c8b21036203052187a5b73b6b0bcef985e,0
7def2938b14845e6d095ae82e6db8efe6ff8e24a,0
2970f214835c5dac9b5369c330a1085578e930ea,0
0a1f3f6f38517d5819cda5e6aac33364f39c407c,0
26d41ffe3313e5681085df3cb813b8de67eb1246,0
5b1f21b8c8c61dbd764f39635c6b2e1ec7ea909b,0
d77827b159737ab2d0f0dc147ccb684596528e6d,0
8735f11f839d26c2dad93a4dd64d8a0d8bab1312,0
6332c76779773ae8d88986488d8d63dd99654bdf,0
bc26e4b1c0a11b8609cab880b1821d3560f34d06,0
fe61e3b164970d381cda1d89670420a2c32a9629,0
f9c6ee95cf8efc7819c79b0769aef11a2e1c2272,0
79a969283bc7c85f1c4d73ed45e0323e01f4e252,0
5a2bdb6521208b66635ac9cd431eda12976490af,0
fbcad9d7002d2886e728f5abc03aed7c3ad34d76,0
93c1915bef6c4695baa0aaa916580eb214bc533d,0
7b142d77d7d6689718c27580561e58e1982e7447,0
1eae6e747d28e970007ffa2eb6337cd480dd914a,0
edb818268a99da5489418a3696cf7e454d67d91a,0
1da4fb6b4c6221566e12adfa53f1ac01fae38531,0
044a007664a65ba56539aa098ac1467a4a32b3b3,0
0dd96fde5eebbf14fedef6c7aa110979d7efe14b,0
361f616dd8798f4124d76f18fd3865e3eb0c3a4e,0
1ea9858287c4b57aab0bd2dd198e92f7a81dcf28,0
b70377527bf478601d76154bf0e222731dd5cb0a,0
86cefb9a4dad69ce081f7591a7f6145602a40dab,0
5e3134e508b0499ed84f29a9da39ec3415ad0c4d,0
cbf2e04493ea539e2f80ed42e0e45a386d0355f9,0
fdbddb6c6ec56175f712d0d82cdf495ebbe2f704,0
a52627eaf1a45190649de6a912d678a16a976707,0
cc6a141ddfbde72e350b3791d1323bcff5969aba,0
baa8ec4056eb25a26ae9a65a1f8bb73ddcfcac88,0
0f42a52aa5c9ffc9dc406a4807984f84596a92cd,0
5c3feb8e09035b6523240bf21fd999c6081d8709,0
30cd868510b11cb1f5cf3bc342bbfd47b731b3d4,0
510bb76ec90d516be97903229177446af66fc264,0
0773e7da041f04034f604841daec091310d1d02e,0
f546213f0c211d6a621a194455bc43b1fa26a77e,0
aa6b84a238b42bfdc53daf57ce29192291023f1d,0
5ef9be4aa336682b8f382182ce85dcefced311bb,0
ece7e96a93946e107626e3ffb840509c8dffb6ad,0
7baf7aadf00937c8e06d04c2a8958b0730b19cae,0
a8f9164b85ab0145725713b6018863d338ff6230,0
d8c1e06458e5ed739f7a07ff077b0843d1990ca7,0
c767f2350849ee2389e8bd785d63abeae4b77b75,0
5eafe0df1e58a134a047e5cb3609d499145486ec,0
b6556dc97ff186ac86322b1965c1b8778291043f,0
ba112d08abcdc0900af61f429336ad24e827ff21,0
410ebe1b5bcfc6264ca6c02ef7f7f6d704c7c410,0
9654b4556e235653c22045c1ddbdc318540615ed,0
48195e4db32269bb93191a6a4dc4587023cf7a4a,0
2a332980fc22f8fbc5b8a874f0a7576f9f8af56b,0
9db9c93fca556a6b86450bfcae41d4f51aaa90be,0
7f2706ca01767044b4c702f7d75bec487de7b21d,0
50a23e3c8654dd2a4d8c28c8288d78bdd0993995,0
ec99e67e75320d13e764943d15ff2cf152886771,0
137bf8a9c4c3095867019f1c5816bb335fc8597f,0
5d14d3837535b56a6021aadc94419dff45b51709,0
d591c9046e200fd5b688c7e2ab5a5cd7ddbf3970,0
6d506ffb72bb8551bd56df25b496030772a82716,0
ba034bd48b2e19560f55e068048e44ed19f557d2,0
a6f90a93d106b900b303ddde883ad4df2b725d00,0
e0d7fbfcd27e9c058e57c4e5aa6a73fc5e04fa71,0
45bc5f3b3af8ad54cadfad069e2ee224855b4632,0
ca59467409d2874c9e624440caecb3bd74c35f11,0
fb40c22b4430f8c7ff1219a5c57e86b5fbd75fbc,0
97f07d6790895cc11077c3a87ff8dcb3cdc6ff64,0
fba5d50412d3b684e74452b1bf3085b748de926e,0
e78e3351eadc74a7fff7f55e875ecf22e02714e2,0
63c6a2f7b8956fc175b42810b8e7442e6304709d,0
a5c67eed62c06c43c6932319b4e6428c1db7d10d,0
9ee194cf5cfa1896ef7e5721c879336b766590af,0
b5bc04e93b0aa444e0446b17fc6c6f8678ca8e06,0
80bd8a1c3b38a778ec21022bbda0a02c8e9ae594,0
b2f4851852a024c6951179b6fb7bec1f54a48af0,0
c2e62e1adc1a468f814ece09bea62f2e09df0207,0
7ae6b0107567a9a96eccb371d82e878f230bff09,0
84e1f7d34d333246ae55e85ef5375c555cd3f531,0
a0e1a72025c684396a0ca3128a4628bced45ea4f,0
8573fa0e8f8e44898eb84a8f0e8fe9c1ef2d540e,0
505c4c0921c651a910c4e56c1729a028df9cce32,0
4e289c2b9c1270d6c09b4c2c3a7bd552556c8635,0
6dc11036e31ff960ebab1ab3ba4ae776cd883d10,0
a6e6fe286c88ae7df1e984bf7c8f15a699d43d82,0
711aee085db56fe53971b9e90c90c973ad90dcf6,0
e349238df24336d0b023eedff737423a0151ca7b,0
4b658fc03aa4ab2bce7273edfead9067f12088de,0
ae88cc36f788f41365b8e326fb0774fcfcad9f7a,0
1c1e9c4612b65a32590c219a5113045b4e9ab94a,0
38ec1bbc070c55291b2bbd0ee738eea5002357e1,0
95e2bdb4954112b8f9976e50a6d8522804e46b2c,0
e3176d67ed9f0d9ef9b71897322ea8575b98207d,0
174d017fdd341d623a5e8e9af269f1685d7d4611,0
9be6eac8611bcddcd0a4d94ccd105fe7406883ff,0
4517113e2381f98734a0df8cedef7c113b94d335,0
1c8c02393d973bfbed8de98cc98a47c61821a707,0
d93eed30c8fae2f157cf8a2a821fa6a89b6ac6df,0
a1c8682c404a2f5e3ce5300003c2a81446b257a6,0
deb54c91ec5f028ca099ab5557b2bac24520f13b,0
8e9f5fcb9c084d5534b47df9fb1ddc1852d8814a,0
4bbfc975e0664aba9c5339988ee512fe8eef0569,0
7fc4d909c72e273dc9ce17ed871fd5214d36a6a9,0
2070f0e8d444b02b421ab61e9925c7a59fd3f94f,0
cf8718655d7b37d56e77cb8f902f332c518e3eb2,0
5acc25cdd504a2c65ce993a22e999eb2b19995b8,0
3a90bc874b4b8035b6b214cd8d96ec1dce194eda,0
70bdcb003a191df288fda376c5ed289c36c2fc65,0
8f864334dd813898023ad2154df1b79dcaf7de33,0
0066bc63b38c153a6c3ea60ff6d7e200ccfc8cfb,0
bad1b4d067b43621cfd86fdccfa7026ca2ee9076,0
d001f42fdd3b91ddec4c90492568abc807940a7a,0
d9ad65119879f2101c812db302caed5440ac0dee,0
414e3ecd22e1b7b1f5b7da742a38411df4e60874,0
e5016da8de413fa9a877c8a88d7065b3d57a7047,0
fa518eb7d8d3f00e1b6b4e831f0a0d2fd472476b,0
4fd9e0be85d9dbe6b969cfd434dec6eea988228f,0
72bb347aa55688e4dcdb112401512faa8768aa8f,0
e07f9edd339973fb532ecfa88928884c75794957,0
176910a51361cbea23194d5483256594d7f09ece,0
b913ebd36a136efc99195fef9f8a857b55d02545,0
04244366959d7a8f63c375a909fd0f8b95ef9104,0
653ffe15ad341350015201a1ec3188faffb4b9ef,0
3e1cc8f9b982bce46c6471475bae47c281be41dc,0
2ca5835fd9708f94c6f4e54f726b0a7df2c1368f,0
cef7edb3028a11c60be8f9dd676587e97fab7e3d,0
d72192f18bfaed730b4f37a2f94853e1503ffd74,0
e9999fd04a6338058d27421f427304699dc53c29,0
63f9601e6f4e0fac9ea923144971534ad870046f,0
6d30c3f6d3dcdab9fff0167d11823f7cac0b6887,0
682baef7109c87a6ddb4f41d79965704887c4ec4,0
f834c40001b4a11ea27e6c6c424af8fadc043052,0
38d899e0f288a24173a6c4c5898bb176102ca9b9,0
3286bf48497f3f831f5034569c8d37da1ed6e76f,0
516f44080f6f8ae0c013c1cd33dbdbf25f8c7911,0
ad548a350635141c415930c70ce31d8173592a0f,0
cd37b90bc7220c5edebce1edebd36433ee454909,0
14285f15b092abb2f063dd3c3ff51de7039f5c33,0
f2370b7d77dcb77fd160292b243adf501d000365,0
f8d6559cc5dd1b6f7ca23c9426c8e81893f08cfa,0
06604238b23fc64c33e82594fcbb481594999676,0
3fffb43ecffcd08fea1f28f6106d5c3c8cd97091,0
a33c02fe9258eede0fb95cd610911db1da98db33,0
4cdbee9efeade254ad0a8b03dbca33086525c6f8,0
6bb5dc448d43ed553e0961711d12d591ffdea2d2,0
80844dd103128664b945f09b61f05d636acff8f2,0
ef1e6d59e29f3658b6d84b540644f4d4b27d0c67,0
a8dadfee7318e5508f0700a39db14b73d7a5d7d0,0
07475451dada7bbbd2490c0c1286a0cf34dde80e,0
d34cd289ee1291b6a7d1b4675394248be2b8ea6b,0
252254380c6b9ea99fc978b6abc1b3b4fccf9cf9,0
9caeeff051f6f4466cf2ed6a9cb83c563bd81ba4,0
71a07dcf9ad6211b83810ec187b617d005b818e7,0
2ff50c9e620032456165037fe00f3edb99711d53,0
0bd995189f4edb597edb64336c232677f4384cce,0
d3d180e84143f0e801bf73494b1a71f77d2c25f7,0
9ea61967e2fdbaa1810538c5c40f8e44b8e2fa55,0
8e32b32cb7d0d6fac3e184a336d9dea060eb9ad8,0
8b6e8adb36a756f8caabc4d2b9f73dfbac8f7b02,0
99f10bc3931e719969fcd925a05b076b33d29411,0
70c2fda07d9ac1207e46855567f6e460b747ab85,0
95bbf5cadb102b549e7cc67134c367968b95807b,0
17e1cab2118eb93666bb81719cb0e7bb3a927037,0
ff2ef9f1a32a9ec436b8cb193947061b0a017a24,0
6203cc063ed0411c8a39528e7575174b06f69a14,0
eb4e834b6ae3a17756bd2732ced075ad4a0e5ba6,0
2a1ab7d6ac6c8c304639a1f4175d8275a17c5433,0
430aff38a3c4428ce43d0f30f259ee0b8b80122e,0
add2c3098953d0766950e8dc78e3484a46bcde7c,0
064cecd073953686418d089495eea9d534af9e73,0
222061e1a92d6abfaabfc9406cd655a5ca8ea2e5,0
cfdb66c12ca5dedebadc672601139e8ecf1dc265,0
57370d049dd7b05d35096ceb475b4f80494db5ed,0
7c0f14aa7c14e9397e6cd68683bdab77218a5d92,0
5af0d9f454b1e6cef04cc16616951b9fc305b440,0
865afb5ef4147bd4adbae4a8947285d83eee2d7d,0
da2e297b0fe149256ca6003dc452105b5abec72e,0
a09fe56ecf4b7d9c01e1b93135a3795c77bc6e9d,0
8cabebbbb9f6012808634f63f4deba77f81cb5c2,0
4c0e7d56f9bd33b40a8dfb5943d669cb0a54cba5,0
1f70808bd052dd55cafad46f2a69e918e1b4fb5e,0
148b48f22e1dcb1595b5e2d3716439d54fd6c77d,0
4ab8905075b797be2e9c11801b72d7c96c857f6b,0
c7ec8c54bf2b458a2002f24a3655c17a2bc316a2,0
08d57bb1beae67d5b5001042e632190761fe3b60,0
49a35d287b504dc26d46fc3daaf9151b5884ede4,0
cc49350465d3c3b036cc6521067b48e0284f6ccd,0
e11f4392e989bc9b1c6f8b7e33ff6e04deb2336d,0
ea2b3e7a368ca96ffa554e888e9325b869901d9f,0
612e3ceb5759f9174935b92ac659bf7b6472f9f6,0
64dfd26c46a4c7dbd758dea3de77349e4ee00af0,0
5b7b101935064d345c679152aa926a8da4261e77,0
0c3a88340b5d89016f86a87bcbf53735ddf7e752,0
85c7dd6d5629cd81435aaeff134d0abd055a0d75,0
c731cb26acab0f666625c62683cfae1fc758241c,0
d0ba2007c5f26d31b3e76f53a8c9090fcb7df18f,0
cae74beb0a82425f5f80b6dec52308bf5a7de406,0
aa43f0a9bba2781b2f4081af47098a6d4b036ffd,0
f81983fb4d7617290003a483ff16ee787d6fbd41,0
6b9679a64f6ad62656a85171f3a581ed7f92713a,0
715a1965eac9fc6a35158291ab02ed8b8252acb5,0
f1fee3b4c0b9df09f6799a17ea2a3f16f7bd3a91,0
fbb560af0395d2ad4674bc6e0f406aa05e3bbf95,0
4c3b552c6d3e8f08e0cd41577292103a5c549142,0
621d0f57e3fdd279ef1e8e0e9beda859e9d7be74,0
1cf57633c98f5559c203bb48f1d8e2b22dc459ba,0
a8688d5d05e8cc968eef905bd1361c4506e0872b,0
fb39a0a1e1bef9e40e9b358278e783fa7d402314,0
6a776feeeb1c804d7611ae527d04206e36e48a05,0
e8626b9972b23f1902e7e4c0b2ec03c4cfea91b3,0
810c907f88f6e31e40859a912fdba4b0175b8e92,0
0177a34c51bebc5e028af7682a6c6d1ee9c271aa,0
ad77ba8508b41697740dead1128736c100b39ed0,0
af46d68230bed03777625577374204b2cbe22e9d,0
c172c147b3c33af78c3d7320939f416188bdaa93,0
7206493279154d0eab44d49d672cf8f51abf41bf,0
ec610f4a935dd5b81272149f750f9448e9ce0545,0
ed385689d991caf93fc498c209515f4d9db36bf4,0
37606c7ea11c8356778b5b10582abc04e6f587da,0
98425c075b8d38429d547e48b8fecb93ef39f23f,0
703e18e63b1c9f76ef55eabe5ff4e8c9f4676fd2,0
9019401b2a8480cdc33f5c3eae1cb9c24fff33cc,0
dfc13dd752d79709ff4c24464ca3ad522775ad8b,0
f723743639bb5a9cb4ca9d838b520d5966d3a1bc,0
04bffa014d7473d62b972a4376748f4381c782fa,0
6a46b00a397374989dd5038de9310d292fa88452,0
c486706099b3dc4ce34d16e4e0a3173b9de7dd2f,0
7c87146d7a1acd868bcd110c8429253615b50606,0
922fed6ca51f966e5b8d83c990ad22062479ccdb,0
a9bf61161b4343011d51724a505e82339fd9992d,0
00f44612507728a678f64d8bc3144cb7ec49d0ad,1
fd6e00d416046f88f238a586b8913db5b469db4a,0
0fed99fa573540e73b1f3ac40a92d07b8db3eea8,0
a3c33f6ee887789e695f289172bb7a7e7beaea5e,0
c646b48c96939947946f8b0600cd5f6967f8af67,0
b93829390d6eb3dd337faf79235bd8eb2efdf17e,1
260a699556723f19c3e435fa81ffbd7f5f478921,0
9758c4f3c61fb0c814e4c54e378812d388e1269e,0
a48323e4877e3466d9847b28d26103457de05719,0
15ee70c742b15fcbe53de251b08b877ef9c14af6,0
7e9e9df1f660b3ae57957c03c6c88d25cf9c377a,0
c9bac8cfc4563b5f377ada6db19b0252eb57b4e4,0
6cd3352472b99d11549c66326dcd1243c551a4c8,0
2d7ee256f10ed2b235a533aff73b67166cf41e6f,0
3101596daf7b37b7db692747a79b20f45c6c61e9,0
63f2d6e9e8f520ee0fa8b1ad15979ab6257670bb,0
70e28a6e5b835281b74b3c9d8b39fd4b30c86c31,0
d09393c89acd8653c9dfa058cfd4460777ae868b,0
2c92ffafab28e0d77f1e26bfb453e462c0d37a43,0
ac14c89ec0a57fc14f37d709c7eb8f4355402d7c,0
24450e97f811ed25a25384f24d7f8a2158abf61a,0
ede779611ce2e816b4fba650591f2f4b07ebcff1,0
dff58f05b8ab7322a6dda1d1e58b54e51f3c916c,0
4c284fa75377ac279ebf4b06991896e587caefea,0
2e511a4809edabd77779939e43c448bfe1a30fdc,0
aa40ebfb5968ec48600d3555fc8bf3b273bb7139,0
f2afdf33061fb7cf8f3d0d2a0fd75b9751fdbcb5,0
2b238460f659b0bb00f26f45fb9fc60968eb7874,0
c77f5bda4f0dacdd5f69d01c2b7b1a4499b381b4,0
31d4e7fae9743ddfe08aa32c8e638af887333425,0
2d89208a6d21e28961f0d8057a704fcbb61984ff,0
2d738f637be6d17b222aa7c165e5d34e12ec91c1,0
1457605d24601e45a6b21f72078b4063678283cb,0
9b14935315ff59eb62aa2cd19298e19c4de76004,0
de681e1b13c5af66b1a1f2301d8b094525cf6edf,0
937365e1a9b2e185ed4d6af9411cbffae837916c,0
685170bf678797033ade0fcdc6b75519dbfb76c0,0
f843029843558642c5c29f4788b539a819ac3a59,0
25224e192ac051384b97d3e4dfce8413e0805f42,0
10cbb64bff3f873729001475c4a2beeff5608060,0
ccaeacddf0ce4ea8086a19080b3b1d55adece079,0
78639c8e3b22f687730d431fb7bf103b81b023e2,0
c4842014224c3878cf9173d231f8a2a54cc3cdd1,0
7eb9c0783fc01b79407d010e76c0420335c7c14f,0
c860016dcb858657aca48e8f38bd97a629d35009,0
a173d8a5c5d99f8f39831135d6d968f3bb4760fc,0
b1880b355e79f27657186fe7656bf9dafc194d17,0
f8144fbbd06408c1d3a414f68a3b8d6999e7ddc4,0
ba84ef363baaeef62fe7af07f37dc9ae22ac0422,0
6acf48cb1c55a589f1c8ceed1608a35f17da7901,0
9cc052b1fd447f515af931f8db2b2977c51b2a57,0
ce0c7b5cc19c4c1b56087485da1b39799e030fe6,0
e48478c8bcaf6720b300b8fcd14475fddb7f5066,0
165549671cdd9ee81fcc8e4e5ddfd4e62a116548,0
9912cc90ab10fe23ad633dd87847f170fa443874,0
5c88f412cad1dc6e48f1b90f146ed0cd518d1cf2,0
0c2ef833d7b45bd444ea513ea0c5946eec475085,0
f052896ac6ece2b36c36706604780dbda90b7f41,0
3acd9f3eee0bc74e898e5cb8b50e85fe7a496d70,0
522a81b97aef7f9e6bb5b7e81af1708783b9da22,0
b6b7d82850897ae0f58951ad5291fe47990a7ee2,0
58cce85ef73ef95b739ebe143b53b500da646224,0
f4aefc9b620123a6b52111686ae23bd9dd526827,0
0eeab2b2a968db49eb173b89132c2f14585201c9,0
0446117276dddd0974bc23fe9fdc66f8011e8e63,0
cf501497e4889166bf7875cb753373d38c7f03a2,0
548851d24c1395ba5b7f9af16881580564c4e9e1,0
310709eb808205afaafd2eb23f557d9b2b0bedc0,0
170a46c64fff8cf956448c3ba5c0fb7d57026eb5,0
16e434606776d7961f8b67b7d1062e15f23facf0,0
296def5ae78622b8c8e6e4fda2d223d76bd251eb,0
2579c0909256b6feacc87fb9944c50198fed02ae,0
459b179d687021a7991475787ba82424001bf863,0
86cc1db6887178f4c07cb0ebb190b694900d8cef,0
4abac1c98be51b45bebaf07b6432adb99a6adb80,0
f2751cba43f7507d908cc919a4548a34f371ae48,0
c4f4718d3a0fadd764d78db9a15fb5dc5b3e407d,0
53dd021269721035bbe86b57861bfe7048b864ed,0
6d6b3c231f00b35fe8e09cdea3a55094f7570ebb,0
aee8e3b666d41534893d9dc6c53a24cb59296421,0
a95559e5276e56649fd6390154750a1106e2f005,0
307e4733f46c1e41d2a7ba6b96b3f45af85c94b1,0
6860a7efc3c6975bb258fb892b7b0087bf1a14f4,0
9889a3dab4b80019b7725dd3e0db7d794e31d1a9,0
b304edf19a503d308d4168bb05bffef854afaee7,0
130fb3d519636febc712e36cc1d7ab14c4170e56,0
680d1b95a699e73ee8765ac846887adde681eea4,0
0cd0a172d9f4e41a4e77c5695088861632e18697,0
7b42b5598774a40487dd59d699f5f865962822d9,0
add87fd1863939b0f7f2e481555b09aa5bcb375d,0
08a81684764cf1489b15caeb12617d149cecaa45,0
bfe8d0a1ee947c583503235745c1ad0b1bd09816,0
20d026bda72139b0b17e892e1ecea53f97e4569b,0
d20ae38fb8d7effe60a020efec1b5068a0e2ac8a,0
ad664ec95daeede3805e086a603971d2600c50b6,0
71128d3d504167b16895e90f732aa2eb3e3cb8dd,0
2b5e291952f780e50df8c47707bcca2fc8d5b306,0
c0ff137de496f751f8587a94ceed282b4eac581e,0
9f2d1f6f3c7c2eb894e25cc42b3436373a5c705e,0
a21369310a2d85e07f7c8c12b46baad0adf1b339,0
9a631504a427c4e781484fec32b66b0223727929,0
8234d0d9e128d5b02e38bf666391ec6f1ca0f5b0,0
3c6ebd11fa85c482152f30ea854fe6fb3c02b61c,0
6ffa354d630fec63569423903027be55fbae3099,0
fc1c306fda3a36dea78c3b87f80df381080a9641,0
0baaf1e5ff03804315023917f8cb43a9239834f3,0
f159bd4781b5ea91ae8872c2cd729d12511703e9,0
1b457df21ceb3e65ec42eac4a7ac70abfa06b618,0
aa8b93490333a14a55f453247d4604d2f413f096,0
818cbaab74998cdc7699f17c809353c6db85737b,0
f22959e825153f283f457cbb50a52d2a8882bb75,0
77986d18d70d7d99777d973f6910b52d84a802e4,0
61d79b7e77f488ea2ebfe6862a29b4149ddf20f7,0
b37c8aacf143318b992154b642f3d04b7b11f327,0
9f65b89982f782766e9497f18bfef2069a0b7f65,0
c81d1abd052db4c24bf36776914277294bcc9464,0
c1d4c1992d72abeca06beff2655985c59ec7e913,0
4aa745f78b4b2575c2233a684f39e0bf27a2cb3e,0
60a93ed02072dc99395ba261725747c1a2c4fdab,0
805f5ff26a689d3d89c64b13b9034d1292b7d3b0,0
eeade35c2e4bb9b4e6bff98e44b0d7f370f2c9ff,0
b2ddf85693832f3cd18579e00687dfb8497b8136,0
3df710a8ac4866d880a8c9371a9652666cb7b8c1,0
aeaccad5edfafbdfe141ce429cf36062249585c8,0
fd3c9abcc2ba2713a0cbf027d66bd58d4e68b08d,0
f3ef983f250ca72bc3b21f5db880f04921d69a0a,0
438f38df3dfc5c9b246bcecc931c83fd4a5ef18e,0
a0ea78d3ad6d79dfbbf03dbf29fa447a783f9a5a,0
1ff01dad1dfbeb7dd2935560f23dc29874ea8e5a,0
a9f9c128d2868d911f97ee941e5d59a581faeff8,0
3606ff357b56fccafdb6a30123577e461e57a460,0
5b8b972bdce2de1f6a5e6ddba3f289b6e9490892,0
76314b2fed6521f0b7975d2754363190c39f2aa4,0
a8ab02f1b041fcc11e8839d1fdbb7a2bb030efb9,0
6500140dfcc297831ad2f2e88fa0d5861023ace1,0
ea66ab53148f58435cbcd760e71abd9cc746723e,0
274115574408b70fd6c4c15959e3d5f0b0a13d6d,0
4bad0e9ddcebd7ab1d210356c3016994e9eebfeb,0
a886f61a45e56ceb888412ae053b2c221b4697b2,0
84807b12a9c579c98d296972e9f08802be9ff42f,0
71faeaa3a5f0559457958e830d38fef840620d4d,0
ca6cabdc42c3394d55a2a20d5c6f8b6fd9f7446c,0
ce324f86d46694526f76e9c1a320d289c38bf4dc,0
28f3de5e0c21be74e28c0d1c370240ace6bce445,0
6dd34d3d82d86d2a197ad5644c62dddf96c14a5e,0
246da96cd0a88e0d328708e4ca21c9c9942bcbdb,0
d645125364e998b3f0648c6909d1afe62791f836,0
1a292b02b36be482ec44324cbca9370baea9bb7e,0
4edd8c4a18ee1ac19791c63901a0917dc5224435,0
3a343a181a6e1e41beb77e7ab84cc44705519035,0
d3ceeb3f365c688c2c6e2659544a3502645651b9,0
3f48188bd3bd2382dab5c45edaa2c36927ef0a08,0
fa8e79fc923f834ae13b0427f2e09f3f617bb863,0
e927fb6b50f46d7bdb5b4bbcc593487ff43687ae,0
8694bbd5f05c8c4695c81bc1093a9a717a962453,0
0cd61c764c806f03bd7a4e801890290fc669ca5d,0
505db902faa607da73412dd06b4b8bd99d99bc8b,0
7af83ae82144e9f7223a24ff96e544ddd1700bd3,0
15aca89b0c1308137f66f4e1fa479a4673287335,0
f69ebbb0e8323cb635ded0d56bd5ff4b60f631c6,1
422c4f5d6822a77679a2c70166d72adb7d426c98,0
a3aa50c7c146a8792b7ff3517126a7da5abf4f62,0
751461e58213b0e8296dea6dbe04ac650c9ab728,0
b3028cfc9922fb266b2d0da59989b7782532f24d,0
5f51035dc6e8eaff1b5ff16c9578f55084747e56,0
87e18b1cdd76581940c6c5e1d1eaef6e64eb02fc,0
e9b790d50a18dadd8450836dde7737009281a6f6,0
b2aed8e2c57eef5520ac41a7fdda1db3badadb7c,0
ef9974af8ecfc809b18fcf3e238221a61e65b6fc,0
bc22224e5cf39d604a6a7bee4b781dfc00c916b1,0
c6492e60e205909bf2b4295faa0f57244b7523ee,0
a59b1e1d94aa264ccdd8b51a005f4bb71be3da68,0
d29e0a9823642589b104c224f9e856a064d3fbd6,0
f09035290b1cdcf54f40c331e8c84d925eb454b7,0
5e1d3501917aa22b0d40e48235d0a97bb74f1681,0
e81d716573a9c986081254aae1526883c37ef498,0
6c32a97150f7ea15a12362cecad60aa7d9508aca,0
9cb1dfc36fa3c76c11930a4f6cb7ebc175a77c53,0
0ac6c73dbdb75e156a3e5c06ea443f371749e144,0
94fa83ce6f4a18f930928a708a0ff7e8012a7f4b,0
d6cf5ed96ae5c3d6264057c129353858ea7aadb4,0
563c0c459497a5f07a970068d4e84c835b20a4e0,0
2d42ef9d7b588f98f444ed848af1fa0169d380f1,0
0535fc054080c5d9b8667da41b2dbb3dc88fdd77,1
03ea63d1c040a78cd67c3e27a8f06ffed2e7319c,0
627ca74cf81eb95bfd01d7f036fedd85539ead25,0
0729366497d231d045502806847116324e0b5434,1
42e8491254c5de3c25faf079bafa914823832295,0
115534f23ac7f3bf314982e03219ccdd3ea627b1,0
280bcedf8b4c4e9d6460fb9c34ab7897f1644973,0
48e3356c09213b9a0139c206a1b28bb756cac817,0
e2ec2b1a7c9840af3ea5331079e044cf4ab84507,0
5894c4a557f8e760b78e49fd54c0c4a804c0b5ed,0
46a7f8d8b7bc205e7308c2ba561e60acfd0ab95e,0
3a7cac6ea395f6ad28240b4eccb4d3379e622998,0
ace243898a4bb5b07011bffec194145bed5b50de,0
607627168519405b3727ae869e5f491f65a33163,0
9aea59329362a8100237a0076e1f071237eb76bd,0
9f473e3dd85f448f5c3e76aaa7671cadc70546cb,0
4320ba1c5cff6db44ad862f4c18fccc2a161388c,0
f6a5f157cd72d25a2d3da7a384dcf4786f511d42,0
cd7f18ed0d507430f98e34c03d40f80bdd441a3a,0
2847adbb14c0d6bbbf2d905efd3d507a58424555,0
d658c0a48eef62b2be8402e8dd82113faa71fb3e,0
eb09aeba4946d6027af23c2d2470dd452d8ed772,0
c4d6e6678a1380ada4e8774e5c66a4592ecdc5fa,0
1f564c2cb6346539416cc094d9bfb9dd50393de6,0
78905e2ec57d89edeffa8c39d1a01956aacbc50f,0
5df1f317c9c57b9d50ab899514954558b1eb1abb,0
29fb22af4b651f184927009a41963c4290d10810,0
7440d7886c633fd99a994c34f261c2890b3897c0,0
6bc8cb6861de786a8b7b95c4225a6c97ac13a76d,0
fa2875b53071a837c52a6e6a72bc229176210227,0
4d054f1d9d1524694886f2e2f1ecb9abe2210328,0
b3c2d5b504a23f8c0ea97dc9436aaaf529878654,0
3b0c26329e0d6ecce1d72536268e42db57fe1302,0
ce5ff94f71d46d979141ed93d82e6dcbd342adc3,0
46d1a118370309516351336a252c09329d51928c,0
fdcc71da2acbd433dd2c1b38dd977a18f84b0394,0
57d4b655bac96f3716570eaaf89278f2a87189da,0
0e55ab7b0bc87156537566895b27f3b35531d196,0
00ff5efedad4ff8643189fc4d80ce5e49029e7e8,0
36a8c766d1cb20ffca7128e266a01bcd16b64cec,0
ee65007c01a6ba88a0485b78cbd896564a324a7b,0
2c052c2d6b619df46b8715ba832134bec582cc33,0
a313cf270a90cf0af6b23d4604185a35f9d24bcb,0
31b4fa6189e23d1bfbeadc4357bc680bb0dbfff7,0
6ef334bf37cc066387da7cc06d6c1837e3427808,0
109d10f7ced414e85177e28d64d61a79cb570290,0
aafd9414e9ed78a97aab90eb583a7257c84a49b3,0
f070d7c0174e3588c5f1f1347a7baa839c97262c,0
75f54c482430c99e107aeb3ef8b6742007fd0544,0
21cc0bfc78ed3520441b44756886b1dd394f3778,0
043f06bade6863ec09a50191248a48f664622a66,0
cf93083ee72fa269065cd1b67c24d019a4109973,0
72f1d8a48a261bb0a15bd879a51559ca059a24dc,0
c0c6448edfa432f4202952ffead17f4788162f60,0
c544ff46569d946f529c7bc011545f08013e94ff,0
df416d3a5a0f688830c1787666b1017981b27233,1
fc39e740764206bd9fd6d975285a2880e7c9f95c,0
4f0020c041801cdaaba4258b3fac81fcb6fcf1e9,0
e41f9064909cb201f788e6219d5b293d00b1ddd1,0
bd92d7a90f2ac86632f45e91a43068d6b98cecec,0
5489e60bc9936935cfc0d93cd88e962138d59953,0
762c677f4af35de80ee3f407dd84d5189d09ea3d,0
c41f833a0d83ea00869d5f39dc5075b8d6a211f2,0
533905505d563087e5f0ed797eec101f1da39885,0
179e3d0c4e57722dbc59b02fe0ccdea31f95ee0b,0
a7e5613130feaf6f6a3ed7846de4c693f88c4bf2,0
28f59cfde3144ba470b32db220d66d6bbe59f5d2,0
ed12179533b9736638e081995d81343aa37b32fa,0
bd85cec8ed32e384b8d2e13246b12cf818310f25,0
9ba402fb0558d495738e13efac9d3f208e5290f5,0
dc59b87231431d9b95a2cdce857c7d6d09f34684,0
cd639652a35026e9e890b3a74dcdd138c3e1f395,0
24c75b9c650a7254d00ee4f820fc6327a5edcf08,0
d8f85358851e6f59a50112958c91da7ba5c31c30,0
4779067fb3cea6527ea4fb9aef97b8497c516912,0
8862e06dc4d4f47e3d7e9e06e8f0581fc4767c61,0
6e2d05638b243da413658003647f1a33adb49933,0
47bc6d9f42c91c7a32c3e4451f381e47a65ec93d,0
bd2d4a000c4d5b4377e9a28bb225d3f61d45de31,0
35c55d85959b05a179f2f23135758ff28d3a741a,0
2e1430bf38b89e510d3ea0ede769e14b1c058c16,0
908f5b7e445d8878a3590e271cdfea57e2ac254f,0
1250ad0899d496228ed5d6b2bf9474fd2e61aad7,0
ebfa9238effab582f48400c371a4b8c07e8d3bf3,0
50f831cdcfa0c30a5c4403d77c363dc56de11e0f,0
c81fb5307f5d431f24822a8f3ce86ecacd95e79b,1
b4bf3478b454c4c6ce6d9f859904c0d901beab4e,0
79ab66952eb3f27e99e71a902b482ea3d9553321,0
9e1aa0406b26f67fd021465903a2627b960e8c8b,0
7ecd5e8aac34e5955e7553a55c71716f1d14c974,0
d26ab4549311759c6cb180ad6100612313aa06ac,0
ad21710e2f135632886da4ce0c429018ad90b630,0
1e8150a4b34f8bb5a23dadf597c543f1f49afafd,0
0b2102cfc42afb2629973a3c0f2b9d614f33be7e,0
1a73f7c5f6d7d6f91070e7b2eba659bb68623ec5,0
3a6b243dc2e606065e9722754492b4330671b5fb,0
f0a102f5823daf8d2c59e4d07f2e56822c83110c,0
ea168f6612b5b8d50cf5203232c77bc3f86dea06,0
2c7cf931a00d11f600c49b8be21057a620c02626,0
342e2cbdfb43a893635e5ead38ecd8c681586b89,0
1849d602f1d566fcf85312215c648ef64af5e031,0
3c06f721db6ad44c5dffa26abe0080805bb1243b,0
d946eab744265a6f922653ca51634a88c4229a91,0
e0285cc0132ca4c3a34f628626701863dff784f8,0
9db8cfac09046b16a349a96233e173bc070d02dd,0
5d431140ecb46a7f50141da17f1d602a16459762,0
ff06f383954af8b9b11131a5a876214d065c97f6,0
c65a6ce6654c9aa91b1f844595bb153dd082bc0f,0
2b9dd184be2aa29b7876b15436e9967a1683d8e1,0
32ab76c1cf4ff1f762364fe10f08a54e43f0cb42,1
1d16da0f2ebd8e32711bf43abe8118581d8fa94a,0
93b8e303efe494eb2e62a8d504ca92b7b60bc874,0
cb8369931bc000ae271af0f9eb4b2683ffdfc638,0
5629107ed8ba0fc170a9cec00980d17dda25354f,0
b0b0b357ca7bebbf8988f9f5b9240fa258b9bfef,0
f86dda160b25db20e5a85ca144ee2951f3026526,0
35cbde2ddace99e071236cb40090bf9399b22e89,0
746133b210300aa581efe5b6a9bcd8969f2447d6,0
59ad8e35f9c1c5e024fda05d52397318219a6307,0
294f0d5783e4abb5f85b69ccc861f8d1f48414a0,0
b6b886be2ec9921451f2402a9db440f6ed25bbd3,0
474037653100a84570679901155ca14c2dc065cc,0
1f82c5676a1719bf68444fba44fe25045bc7c683,0
dd9ed3fa5cd6dec0ab5573e464b2cc5258066695,0
cde951e8d62fa28b65c74a6c5eda4abafefa99fd,0
54f8c6187a67c939de7a0cdd54010a89d3d7bece,0
0f5aed28119ef58798bda79f5105f9e269beabc7,0
5fc7a74cfc1504b2742d61a81c7b3923697e44ea,1
57ae8b20a35b9ba9de7658a100ee2e2c9c5d7068,0
4ae3df0472f0a146daaa36b640304ae7a41715b1,0
29e748b128c64300b4fa17b221fd0026b22212ec,0
2b0270addb3d1f3bade8bdf1cbeb7a5c263de9c1,0
83f194c1842b431030b6296fe59ba4eb20ef72c4,0
cd37f3c67db569f305bf19882ba3038dc167e4ae,0
f71a0d90cdfbbbbe8dd776f3be148576b5ee7a8b,0
5fbd51d6ab9998764d18c6d9f2fc7ed76b346ef5,0
767c079089fe0497b4c9235f2039d12a5510d361,0
ca9ec527f40c67d38a90a44ca2b2f0ec7daedb35,0
f3cce42f2d006ab346cba58f22709e3212dce6c0,0
b75712b5032dc492930ebb2715adb9aa524a7f76,0
4180c034af2a1bfe87e4b1f19e432bd1a9146209,0
c7c37ebd69906cc9681841e625ca26df0298504e,0
049d85bd814ce0d552ed83217e9dc3a23e2ace9d,0
90b5274f2f3d670c1f7c145b7eb06c556c503749,0
ce8c02f092c147aac9072545aad39c254f08f2d8,0
7a5feaa8d38b5639e258d9df82844e4b29c58994,0
dd747a7f70cd0688ec6eeb2e3c4cc5552efbc9d6,0
6baabbb8a1b7debed2dc6db08fd4cc74f54f3108,0
c1335fdefdd721226c5f5ea36521d0e4bece438a,0
e14529625e16ca3ca11d616d144ac078474bb711,0
040d0eef53fcecf41aadfac8f4449a3efd19c3ae,0
7862765b475f87c373e74484b1c6f7b64c66d0ba,0
e8e75cf19ba93802bd3de65372cf6a65f7420d53,0
9efb7620a96ead2c71e300b5f83779b058648565,0
e60ae79f459aa1045849458b6cf09a9d45fe2bb4,0
3beac1b2a0d62a2f5721e8aac0658ec8a3e40e06,0
739648c0016b207f43b2de16b9debd9c9ca303b6,0
c60685221d0f9b3e6fd2d22f50763c03fc0c2fe7,0
931d895f77577982b55d234f6b5efd81e5914a2b,0
316fa5fedd04ec2621202651c6d4d27749717294,0
b3c8c055326220b3dd505f01247fa4fd1b081eef,0
6851e81f7f52a97b7d5e16d06f663b1e82d59745,0
d6dff710eee0d56a1df3a761112002e4a1ed5758,0
904616201f705118eaa565658034d0d8432717e0,0
9582cf3f81c5a8bc50ebeb82ad64c79bd2161826,0
c1acfc14f9acd8142e82086ab74e1ee79a10a757,0
052db6517a9eca0fcd929e6584fe30a5152d9b5c,0
ccf77c9065631cfb7f8d349f82c7af8e83404398,0
3447393a6a6d380d7ba3cdf6566819df3ede2734,0
abe80452621bd0cc7333b19311149a68a529de8b,0
8ff7252b4003f3590cf3f67b33ee6dd73c47ee44,0
03cadc209ee3d5145eadaeb8abb0842ab09a4a17,0
ef1619cea3303ef48f81ce9b1ca3cab044971e4f,0
23e31713989ea5423b2f140ccc8b97e1158a4167,0
052c29c71277d57148f208a11f89694d52ab52b0,0
bf482e8464db57ce8e384feb632f0017ad0cc67f,0
53726a4c7a75abc6c8ae3b956dd527f8183f03d1,0
3d26871616467520a9829d70d52e049e1b629b49,0
76eecb2804148cf03f8fb958c23d8469c1ab9fc6,0
5903fb5aad8fcb57baa15ae74af54ce38857719c,0
9c15dbc1d0b479bea20ddc1e8fdada60693c2be2,0
510f90aa19b1bd6e0d92c9bf823671c5d62dc659,0
0ba58c6a39b7fcc04676436235725884fc2dee10,0
391e70f0e3ba9403b6ebf8aa176059c4784da36d,0
e06a775b360a67b6ef5172b46ac317a366dd00a5,0
38702e4e95f6f6c9b9cba22ed2a38422afb4d98f,0
4cb82f5ef77d1bc568a21057582878b3c777df79,0
211e01189bfe46b9ae9713c06dfc715ef092fb67,0
05cf5add4877cab893d308461ba6bab3ef033d38,0
78f5525f94033ed7923da204bf6bf6ded471a0fe,0
ac79155c97e1b10cd17d221960312cbf2ce8d511,0
202de8a0296d0cd45a9ed8c25bc8633baa89b3d2,0
d50ee44790e992023a55d5cf71aa1d64194df8aa,0
82afcf30c17fb3b1dd487767fc57e07a231b7fa2,0
8697a7436957f48e76ddef5df05307018a8e0e9c,0
5e25ecc7c2080aed188563e11f716efdf0fae98a,0
088ad36f5b8c0133d23b464610a6e6dc4aa5ef0e,0
535bee81aae6a7f3bbe61d93ea6be611260442b6,0
d070f158d01e2719990d1d7e273f10788aa9cb17,0
7c60c9c550ebcf22bffecc36a7968fcb76f3ebac,0
f4fecaca32c4f91f491dd09a3fc161d4afcacda7,0
4d00900dacf10fa1337c0f89712e710118f2ac98,0
4328a67ee643c46ea6c699ee3cc6b00265fdc936,0
7a503c9f24a2529cb3ac174871cc5ef03e6706b4,0
0375323f2583996b18f8141b204cf404f63e3944,0
b8edfdabbcae176292b3cefad74806007f8c4fee,0
12be25f814b9af50aefd36bb418b8fdda958814d,0
dae4ee8c23527121bbf76fb1a165ab4ef5d00b0c,0
18f29115baaa94471b6ec122467c7e51d50a973c,0
d42167169714eb3022eff254c36e57adf71dff37,0
ca170b8050546c09b114e99ecdbe643f5f263884,0
37f62b7baf3c2a0cbc67640a290de300410edbc7,0
a80e803ca3d6949b39185cc598adc48796ba88e4,0
5e3229c1f5eda07dcdad07c4db94725cb027ca07,0
f9c0acf20f625bab27072e7cc9a4b8fce003147b,0
1fac5c92593e9d505dd6964fb6197943fcb97815,0
b127aa3e002b48238703f717288b096fc0411682,0
d2082d5a20dca617257cd8d2021938ca02649ed8,0
712b6519d1b4220e21bef2b1d7f419b91e2baad8,0
8c74826806497d2e04d9474e68dbcdbe6b4a113f,0
85e71985b82c7be22047a34119c694cea41b3ce7,0
7b507a3ebe1e8e9660cbf8c3d45750fbf9f68de7,0
360262fbff630e47e6b9ce9ae96c56818d7f4efc,0
160d5b5df6edd218fffa8ba717a7c798f5e63200,0
37a86d5fe9af99f3c43616b8b1f5b7113ef3cb22,0
5d30669934b42a3e9de430da918eb50eff4af7b9,0
79e7d0750476f5cfd4375ea6bce9ae42f9e95bea,0
33cf6d9b22cd33addd320dd2b9784cbfd5fd181a,0
a54c730db53b83c6e5ab5b3cc6bd7f3341bba2f4,0
e4a55365b56f621691103d2a86ce11770788707d,0
b879858e80a5362a942c61afdd53dd648a34ba11,0
59bebd40a98e2bf3c4a29cc9fda0064c2224189e,0
99e1cbd0b3dc9ec2157fb0757a4cc7955162570a,0
5c14885f039a1ae11b888de3f79d717cb529e12e,0
0411ac21bee6e6792992bf3d6b842d4e7b35c52d,1
f2bd157ae3fac9074a51ee8476a5cf6a0efc8903,0
c8a4d6627b9bd65c3e54ec626aa0027635282a98,0
cb409c14560867e7e1caaa62248c3e43337569ea,0
6126df98f9ecbb324b3bafaf401bbe2e03103c1e,0
3c7a520dddc6beb268973c56180b1284e7a0e685,1
e814fd62a0a1690ff3bed453f3d2285ad0bd93e7,0
71065a024de3bcf2cdddb6d8876f68e11069c3dc,0
3f1b51f0e634bc73b047f922c0ea53a9b952fb34,0
0cd9fa2b19cd740873bdbff0740eff9da283a291,0
d298a50bbf8444e22a552e02583e4e902ac4b43e,0
029429a37e086ee3f8a378aad3fb9a4a2614b139,0
266fde3e33da7d2ce92c3cc5b71770ce44f66e73,0
87e004d1c9cbaca746273bdb4b814ff0f9389624,0
d4831ac0784f34fe2479792fe5caedc7077eeb7b,0
12092f9ba926275d5041f228890085c6f416f480,0
02a245476e85016c6a43d047d302a13b980ad9e2,1
4fef1014ab39d9a622d57f9991a1f6a6368229eb,0
4445f12424f02f46c8a11612ed3fee69e01533df,0
2ab596857e6752c8a0cbb8f2f8c13b808ba6399f,0
7106b1f9844d21d8235c088819c58e028c52d416,0
2f13b1e3a0c387796afa73eb00e6d338939456c5,0
6f3944fdacf33f354dc298a032d0a6a9aaacb699,0
b31c03a005f3f67e7a6b934844a9846a49bf8670,0
4dd15792d35de74499584f776278d10f16c28960,0
21c42878ac1e8c3a8c5cee99cd72ce7a92092379,0
a6465e07c6c3286342100e207a228d0d035466c3,0
23a0e7541604bb66036bb79aae3690b5ca82cfdd,0
ee2b955b0706f78cf421a61a5f6e6ee2d57a6235,0
4e0183c373e51dfa57972a562114cc1fe2c31ad1,0
039d4c96d4f14c2eab63907bd976ce36fca4c0f8,0
08f147ddc95c9679a0363a79f6cb682d0842ca8c,0
b4f70a41359669230d53e6f81aa421378e48e9dd,0
c4d3e14584fa170dc3e4e4e8fa13b23344de967a,0
95e3f0ff7bcdaeb65d40391ecc09cd9914728905,0
d2cabb3883e5847f39f41ad8cc7ce5adf8c6959d,0
83a0723080b79d6009019db2780b62bc46b4de6f,0
ae1e4c3704cb315c241e4512f101fd101e64069f,0
da86dc7a4889f051910279ee188147739ffc5af0,0
c560ac7913fad73bc0c04f53773829b88db3240b,0
368d1182a8d7149947a6d2cf1534c48f23b94f00,0
6e1845426045c86a0d2ba96783c4f2ca8c5d0689,1
831c10d962edf65564674ff314fb28d7a82220a9,0
f0581809f633d212f306dd0f4c745be54562fd2c,0
85d19e6ae5a1b4fb03e6f2e22a089287cd988c80,0
1cc0411fe4b992535c9c351d9dfe22df46f8c5dd,0
4dc86466b4b6cad528c4e206d4f826ea8170a0ba,0
b1a6edc62ddf0a476bfd0406ba93c276be360b47,0
8013c180c05a98c6dfeb1358c2354ac6aee43940,0
030de1b7197f44d6478a8ac6a7465275ae415f66,0
e5f44387c19fc78fa6c69e3efef06d52de64ebb4,0
2b17a9e46e4655bc332fdde66803ab2fab69e444,0
67b437806b9588a6b6cdd872b2119e0524345541,0
b3c6d74a2e8faa80df8c5bd78bb02b7366604b67,0
19919e8da1d7f65d3b8653ad2e73c30e215fe7a7,0
981a6787b38809e2040ee2cc5274a8be3e094850,0
b9b521ef3401ca40787ce9cf5da974703b9dc11c,0
d92b9c3e427a614add6b19e308bdaffbe2eeb20b,0
a2975fe42fcd3142819a903a5eef2e3459d193de,0
6d1743adc5df061e605c577be7dbfd58b287bfaf,0
7a7153214b84d6225222924e23055899b176e177,0
0b0270280029aa2c2e0872249e6c2754251e5250,0
8b662a2e49adc858e7da4d0bda21af27d0676393,0
a4f53c2b3b28afaa82924bb7ee25c1aa803830db,0
813dd748cf354deedaf6b5625a766b4db7d2ad13,0
31060481a536814a4a336b8472c17d3763d08b3a,0
9494a8d0132accd572e8db50494a186b0b8d61b7,0
a0fe762edb9ca0cdb4d97a3ba17af15181841de0,0
29bc2103e50cb8e274411e119350d2945e484ced,0
98956433422f8c8bdb5dedaade75e0601905044b,0
b9c736b16f573b62cf5993510e8132b927a55452,0
960e88f2484c3ebf7cd93fa8765fa3bcb95b1e5e,0
902f0a51c64bc5a89fdc0b1a7ef1ed10d980286d,0
eba881a613e11c4ae9bf218543b5cc5dc620635c,0
fb03479c819bc9bc4cd5546491d6203b9619337c,0
720fff6734cbb5d03af7d28b6838631f1ac0e204,0
60ad225cd14ddf383027823f9cd4f54afd39c1db,0
53046c04b13f3e5d214d62e286069fdfa054ae11,0
2c7730933c83606bc6984de857f99bf91006d24b,0
7d538d1a9173cf2e315b3f0a93260316a1d4e8eb,0
b7a829a9f585d9c268f14e02cacdf6409cb5fed6,0
8ef41586944dedd12d19ce22b0923a51b5dade5f,0
26af9571873c6b13078f3d97d684ff5bf8bf5847,1
54b824f5c20524c5381127c8151c10b3a26bc965,0
56de9879dc6d8c532a3276969e6254f008880523,0
bcc426c0a1b75e4c220559cd599c55495f0b1af4,0
f45f7d64d4596020c047b62ed65b40c5652d7ce8,0
75a430aa9875fdaddefee1b49b6db2b57c95b0e2,0
95862eea8a29a75943a3db48d4f155d67b48e73e,0
0779167437546d584643792f698a09d79e67d63f,0
c24abfea7a25585fc65ba365a9af6703e58e3341,0
9d49042ab80f5e70ee1db7555c86c017befea5d4,0
71be33cc6f0da859c2958ca0dc51a15a72b6d62d,0
bbcfaf3a94c6466685bd7bfb3da70a4906b2a3fc,0
86e6a125d4e205a2c62837d0655569ed86e6ac64,0
bba95906c5c6e16e4bc732ace3756a7829848135,0
19c3f2a342a05384273da2eaa37c9effa72270cc,0
1694a70a7c41023657c754b9a218f60b8a3cb3b8,0
fee88bfdc97d52918817a6b4bf694445ef818f89,0
9e2996fef15bac17b20c641900f4e641c40c6aa0,0
4ed3a55b03168329ee0a4ac2f4a6f862b8f3a8fe,0
38c682c188bff02d736b152de211379449198de8,0
a8168c850c857445f6cbc16c34b6a2df77384620,0
b71127973133d6cb3dfc2159dfdb9ad20bb82c0c,0
6c19d9322f01a516be4566180dce78aa48ab0c82,1
47fd9ee18968d840a7a27780631b9ac8434073be,0
c48fb515812b7f013b88262768bc458d7443c815,0
15e2ebef811e7e9df29fe50bcb88f0062b916117,0
1014bfd7a1e56c789778cf51df30c0bb3ff9b8ee,0
0e36bd0eb25ee3e46f4ef7a1add7e38f3f6380e5,0
53f2aa348af3650147455b4194ee403d6b8b83d2,0
3b487325db4f96a2cf00846fa5e54ffaffbd8abc,0
34fc58f7d71817dd3a1a01fc033134f24b4e9087,0
2a9a3c34c724484746dd663569447e21d7e9ea5e,0
6efb571f3ad36fe3580e13935b54d6f3d99a2d11,0
541617e04374f2544c07f867ba8c83a39c5fc8bd,0
2fcdd63d84826747bfc04e94462794f5a7548026,0
a2ade2127c4f987fdb93ddce6e7e51684246c428,0
0925d97c9cd6d3f4cd94166cef75bb0fab370fda,0
0abfff98f8eda25f85915190a0af68641022b5e1,0
76ca18517f63df28907763b32d5e0594368e15fa,0
8f84097a043b814cd87723fcea9a2097f45f9a17,0
a6c073c4bfeafc411bcb1ffa8e2c5ab9797598dc,0
89e09cbe17079a4a67c691289f5b5fc935f151a2,0
87d3072f18d1f7027cb015b7d7269e0ece11b22b,0
1f47a16904a0a9fba21b057d66eda30aae3300fe,1
ef230e7c3ac935f6a6dc49e8726dc35b2e64889d,0
b4775764c87078ce14082dd5863a6da163805e0b,0
b2e80768c5b69bdfe0d92640ba01913896d0288b,0
e61caac912e4e9573ff4e7e31851fdc2856e16cd,0
3123b93d5a76c616ff180441c98335d482f02639,0
8c693f3fdc780ac3aa7485a4df763efea9a2cf53,0
d3979961d792ea2348998f66abf54d78c4531863,0
232a7324e926588477875409b6a6bccf46a36ec6,0
17d2e66113f77f8dcf2da598d9cdf29b17974956,0
8c1bf1244e02ca6e07418b5e972239dbc8ae913d,0
3a3ec73bcde0adbd2cdefa5e1a29dd4d8242c090,0
a709f4c4b92b3a3d92fb8f1cc09f9a89535abd5c,0
f5ebaa8b78649c6e0c12a463df9bdfed0575becf,0
d7d194069563b461ef42d893c0ddaaf150b6f09d,0
03a87b73e88f30f01fe1d578cae1dde039a475d4,0
c96560e1a011d0205498fcde5d4cb7c799e69c23,0
652b309fd940bf103d527906114e6c1beb66a606,0
9abe9a5d0c4e578989a84ff0cd4f4a7c74fcda32,0
2696b79a1b651f2012d2f955dc390da2538342b7,0
b4323b1c9d22ac9eccc51daa8b49bb0cca1fc6b5,0
09924c12901ff739c741a35313938c2b5b2bf104,0
4702b2cb3d4a8f768e18f2cd81ca7c411f85ceb1,0
c02ba706fc9958953ca0cc98e304335dd0a311fc,0
31d45a5d607fe04e53434820ac052683ac1a9b3c,0
b06ca79fd18a2092fbb5f7975b0497fe641bc895,0
8404a18bf093b3aca8f08b7b9aeda5a9a1714dec,0
309a8c52f5e2c1071263117c81e9cc9ea3d7a92a,0
ae8503b2f59b771d72432b8e2ee296e123b185a7,0
e4db686c6b2ab75b253bbdffbdb67d7f718c8b82,1
6cb335c15eedeca2bcf71bc79a05589c1a9a03d6,0
dded39c34da523d9dad86671fa6de1faef643623,0
041a37639223aaf0a947e7f7f81a6b83bb159e41,0
a3cb6dbf83f5381efa8396419acf459ae4b38d8e,1
8ec9a5467f58930cec8909fa03ad9cc0cc1d3f72,0
131402f29df1f22d98cf6fb532a1941519ab526f,0
cfb5c79b62eb3c5f8e0977a1026f7032becb24d8,0
7f6db61b22af293f1f40a3d40348967da85f0c91,0
a385c4f7e845400bb27d0f8120ae07a0ad57c2fa,0
1d083ea5891cad78a847e29a7d30ecce00354ef0,0
bef196cb14266ce132e099bafb34d27fd6e5837f,0
36098565e5517cc492af99861769d5b82358dc3f,0
59a1c8474b4c1a32e46f34f9de621cdecd1b3aa3,0
e867faddff39828f395b7e4acdc3bfd30f37c1c6,0
e73df6b94bd61a03a420188392548ee956410e5a,0
0110db26d07190717c528c99d75260432e703b34,0
a0bf6274df93d9f4bf513e935aa5d89ed84fb7ec,0
99093c7a8bccecc62aa737c1c8397258e69fc904,0
7d95ae59af7374b5a13f7e0ba3482d13b3285e71,0
956c90a734897577a4135c64a601ffae42164261,0
38eab46b22fa50ce65865f6e3aa5d98f7d7d5eef,0
8d06bdc7dcf53502c4a17b71596b18e13028529a,0
20210c72a34da6860b7360b31de29132ac6d2df1,0
0824955f4ed21a9ffddb3eb608f4a0d73e12aab4,0
47f5f2b0c3e2b41613cfe79c869df8a7d1ffdc27,0
61c709f166ebcc65495fb15812e363ab04dcc64b,0
0e681a785066d2bbecaed0deb9366586d156ca49,0
4b9ef61dfe2b904af86a09be6d5dbe77482ba32c,0
7164356266dd4aede516c1c82a9501936cdb7543,0
ff150f46a65b0fa797b2464a06a3c4df2a2766f0,0
ca9c1af841f8ff8f577f2147c9eca1f02b050f25,0
b424948d9f4313dfa5acddee61f716eac4f18641,0
dace4dc28f98cc19b4f4330b6bd18368c4c770b6,0
6446a27f3754498b9ada87110337ee5a972c8ae8,0
dfe26a5ca3623cb65a44f2e5aa85b8821d823835,0
cb9e25b10b59a44e3efc1b4ebff655e0fc0bcfe5,0
5f0c0ebbece398668e475f9f7af72e94097ef035,0
af7fe3bfe5c9f6941bf535d0fc1c4c2a63a44c28,0
3487ddd33af5dcbe77548ba9bf84f9a56eeff265,0
41635b5bd595861b8b22c07819c8dce46cbd4c0f,0
62a986aef386eba1ab4ec75bb3acba445123524a,0
3073e0b6427fb263878440506756829f6153003c,0
f67428dd9338157dc0df5bf51d27de3b9104c6c7,0
c816aa269d43069222b43fa9284d9faf590e4cbd,0
2db86c752d9f7a7c97b511ea9d0f86c7512b92df,0
9852500ca6e4ecdaceb5358f985020ddd83cb4b4,0
bff93d2bcf438cd94b5825b8f87ffbfb094d0902,0
5af48f5c657a1d4a294f862a0f373094137552cf,0
60713794c3044c180cf91a4587a8b98eb26c052c,0
ff24eb50ea8c56bbb904cf899cd99fd6e36c6db9,0
7cc897256414b5cb3bf6ef58e18fae0e13318c4f,0
f52940e17f34a43ee30c6d2c54e0cc3b7e010eb4,0
0680b6170bae2f091c9d6eed6af4fb8adcd42b32,0
9bcbc89294abdae1addad9b0ca62d18b549088b4,0
d711f7062cafbd17032d96f9a502526720291826,0
f55ac7c52499113a520148542b0aef70eb24094a,0
c3bc478adbd6ca1cac816211fd58d09c4b17880f,0
bfe9cdd4bba1e67d1dd65c2c2b4d01a29106cc66,0
79be5a2f944a865f1093c48830334fcc4160bf68,0
596bd14358120713cb20a31a242d48a83f4ba141,0
ec2d084ed68ab55ebdc16b2bfa70e4edd45dd642,0
5d3b70c52c8dea618b0d3c9bf29186a7f99bbf93,0
3b73cc3a9bba6c25520d20f83d7f68f69e2ba911,1
ac6ec912ba831041a353000ee86015fb3c60cf48,0
af2a7814608d03f6455ffc1c7ba58fb4c215e191,0
6bb83eeb3adcf6e5b4fa6c1644f62cc02cdae181,0
9a33b3e37735dfa34b01b1a82a017c891f43ebb1,0
2d46c53f805f77f1e0ab30cec83fa17ecbd3f089,0
fc7a6bdc93fb9dedb13ac4b5731c96d512a2f84a,0
31232d340b3570c74a44fe7f3bf454ee51d2cffb,0
2239eac70151882491df3d1311917b1e1fa4e791,0
1d506bd44d7595aaa7abff8ab46a2b0d8ed85ef4,0
2c8e82181d9eab247fcd728876ff7e3ca212f44a,0
ccc650b3ceb8002aa76f4dd3dfe197b1adaad3c2,0
1e4e4992e860acd87f7216a3a59be46e4907f417,1
f9be6a17ee693a6223326a7f5919791e9cf9df23,0
89843fe8f0a3b4702adfd2df6e076c9469b8acb6,0
f9034791870bc3202dd294bba5959f4bc7896733,0
909ea9f0ce63807b3b78d23ff51ac0bbb435ecda,0
aece233746c95a2e3e4dec723e945f0913378d66,0
c0624a8586ddca06a05923993bedee4d36277466,0
929d2a902e6d7a370231d94821decec39b669b31,0
26d5cc25a290db9a7251c5cc2ad1edda67836721,0
89842c060044d8bd4873f1232d8b8202a525e8c2,0
82802a56443758c4f91ffcceaa2652eb2e43fee0,0
17b88f63157d5cd2010f7c4c00f9d0614741b746,0
9b7d1a91a06615a4fde745dfe1f283486478d72b,0
baedff8c1a3f0e4a13e7cd87ddeafecb719f62ac,1
417d9d30bccd197fd2352a241a7b70d1d1b4dada,0
48b07400f9a5057593f0d6cf009300e12c6e98eb,0
6c2b74f4003329a2eb78d3d04679bd803ace364c,0
56e082a7950804189a4cd1147f079a98f9d889c4,0
017308d47efd2d1de38255f3e23545764d17bc16,0
5281a3f49b6a768eca893309c7737390e56386d8,0
1337f5ee62aa1d699b335a6aa3eb126ee1d524a1,0
e4244fff3acbbaecdd0020ec75cd4484bfc62cc8,0
f13b7e288e17679247b326b5afa3631b0f80397d,0
51b066265b13f4f66386ec98409085e14ce21fd8,0
c5cf7d8d8a9b400460b9d5b283f20fe8ce524895,0
a7485e8fcc7ad9e3e0e80f418cef7a08ca72b386,0
3d93fcbe54eb34a9e17f3098b6542b7d38385213,0
9e503382c0b4ad20d2962a080591646383342dab,0
bd2b8d42d44ef70cf012fa28be4f334cb47aa363,0
6fe125f096ef2634a7fe6adf5e0caada8a63b588,0
5d8c1629331e2b415dc561888a7463477fc33c22,0
de6ea32f61dd04d5d7ce7077561dfb5ce14c0977,0
dc26f28890dc6e83e8bca5bf2dae83ebb99e0859,0
772316c2876383f977caea924f5358e453a8d3a3,0
0935a16402fbdcc5ffdd2bb66013a00e0544457b,0
b5054ccccc8d72cf24e613c495006d0b1039e22b,0
0ddcbf0ea3f2e494908c69b8bd64d4a45e2edd2e,0
0acf025d455a2180843135690930933a2266cf52,0
84d7f87e95ae2af27db424fba1ce776c42ebf935,0
9a7bc0a80ba63578f0018ca55c8f7af7358fab97,0
bfe36b0acaf3980da35519a7797bddf1c9b92dea,0
ca2cb9c69129af101eb431a9e5eefcd6f577c630,0
ccb5bb4dcbf77a75e20196c26eaa9120432fc7fd,0
d6e56f47e440bcc02daa30b0d5f9d71c2774da25,0
a9b2cf7edca7ff99e8fa75dbd9f97aeff7c731d3,0
5cb88852ae178aa8600577445a9fa1d9f6483547,0
4b98753338d5ebee0041f07abde5803f490af44e,0
0230bc84f2058fc0fae80cb7dff1aa238043598e,0
330b9a58ee15106cf3f99b581b94cb119b402194,0
2ea3cadb7b2a14526bcde8b3679aa9d0b2b1bf0a,0
f5fc029d7934e1455aeed3fb411a833ccbda34c9,0
dc722486652e84054641887c72261cb7b71bfe73,0
c6d18c8665fdb6d179c42dca06249710c5033a14,0
e334971605279ed6bad36e3a54a111fd5c0184da,0
c6a72135371581f9c9d7b99d19d6c2a4050b005d,0
3456075dbd52309bc6109a599754ff0ae2147788,0
caa82d3e1b0019b373c55c23168bb8c007fd6100,0
71923974982f1f22de73ecbb275a71203873965b,0
3a1efb2b72245c8d68e4b95ab455c5169b069525,0
fa3c7b196724e6ec97e1b6bdcd513fa480a1eca0,0
d15b60394cf45accea27f5ec659d1d4a25444572,0
52015c1fed06e218065d42d2e914312487016e27,0
5c81e7355dfead2da26406b1c787e8a449bb6beb,0
74b3a33258b529f04ba312b9f42700de75665e1a,0
1f7b7bad555c4bf2b05cd6406c1c60df1eb7b26c,1
ffc6adf7d493def070e26592bf828accbeecef2d,1
9638f7fd97a4f665e23c8b3c1972e1df89df6410,0
a37c7e52ad920b0c7b02e3fcc7c1b41aee18c9ab,0
64d008b67bbae0b5017e0d94fb618669db73cfef,0
38ba51acbdf297a66e07597b45ed4dcd06796bfa,0
811c8c631496a88949bca36c901ce2f66f3c086a,0
2a61caefb569777329f21ca33f36e73807cba587,0
88cb2c3a5ddb4d8adab3a7cfb5c4a0ec65d9089b,0
511e01a356fe8138bb3c87257c503967e61c5e5a,0
d41bb29c5f4e417051e80909d6f4541f2390e90a,0
b65db51f729ca9c939db11bf229561c3033de683,0
228e46de82b1626694f721e6a3385dec1ba9b65c,0
eafc0d00270d94db1ce84e11669fec9faf4d62e5,0
9f6fc7ca5e4fc5e790c14900e478fab3f82db461,0
d864e652609c34175b8da51d685ff73fdba09c25,0
b714cda3cab268ed0e63e7e0e94878beb27abbac,0
2aae0252c6b4d4dfcf80f9b8c472539caeced11c,0
58584e8a577adfa53d2335a80c8d47e5861c758e,0
2f61b043260988ba90267036a33ecb049da53487,0
5a8920aa06ebaf6768f7189102dac2c5d972768f,0
27af3f52ee3185bb4299a29856093744f896f384,0
1b6e5885d7e55937dcb521f1679f2f0cce97484e,0
68540af56de4c74913bc0db15fca156b484d948c,0
9c9090c4c6c9919d068266437f64312ccaa8d473,0
40e50c9024c4b0072b2a219fc1f15317de49ee26,0
9ab4a26883c7ac8d089c4362610d9a625fb13b34,0
d22a429cdd63680dee9e049d6798c2951252f54a,0
5e4a2b77f7f86fb8fe1d90031da6440bc67af4f2,1
e04f3f4a6046fbdb8364fc8eb77436067ace6ae2,0
9a2381c2a08e2f441e7228e13042ec63e547500c,0
800eee36bb516b3961c7ed44767abc89cf70a0c3,0
7e4f26b59f27e8e1a0874e28fa40d9908a5929e1,0
53beb9e0e8725354ec6dc2cdfdcdd6f3363e17ef,0
94df2566dab3c31cdc0b6d3cbe2baadc4bd9c46b,0
2fed0b76aed8ccbc100c451bd49f7f3dc49fdce8,0
51ea9d088527151ec6d76c570e9dbe7d24693c34,0
7b445d2e3a23ce8b6a5be97a8e1cd0d553378d56,0
664a31f2c9e76a41233afb7a04491e749e01987a,0
b3845eb498ef8201aa6f4b2a3967b9ffe193a312,0
32e6eb5d2963883b52132dad08e4ac0a402c5393,0
b9068577c6c94d1a850231162b4ed505d3bbce40,0
2be2a1ecbba65ae861f722179574bcb86008dad6,0
face5e98c6279eee16b522eda97b5f6642524dff,1
658dc3342c2739dc40b560e2ebf6f77fc720267d,0
4a6df81963e099027ae36ef4573f7740fd6ef3ed,0
7a3097b8f6a48c83c9e53471f437a6e2118dc379,0
483b14f8a723174a5744d6be1735e8f568d77e13,0
25bdb029fd3cb2b78d613f2ede889072393b8291,0
f66a4afec744a06df45f6c5ba5661c8559599de2,0
57a5749c8fd2a2035a513f7ed32c3faec4536f53,0
0f4bfb3d662f4f6eb4c71ca408a42eac8e329bca,0
801a03c2d3ff9492b89c0675d0a8af845a1ad0f4,0
30179c868502fada7f7d0c38ed93f94bccf86d22,1
303afded2c55f966ccdc0071b3db6ddb89b00e11,0
bd237b475f42c28e4bc4c22fbae1a6c8687a28fd,0
8f0309b563ba82a3a6db97401855e168f9333283,0
9661a57e086c737e7edf00dc298dbd03d4913d25,0
6fec40aa8fc88fb1bc68fa9ac68d47b871bb688f,0
38697bf22f25d7b0ca7ea24b2b23911ac8d98d56,0
4cb5e05d256dd962630a98212f22a87e71c27cdb,0
a83318f03e4a34f431a0669e423177df417bcdbb,0
d2596e58acba233b582739d1af3e14bdd1eefeaa,0
3ef0672cd0859794177795b258ca4509f2d1b125,0
6322cd019c486b6b98cd3f94ad9097245be3447d,0
fbf9c3f75d0d7c27552357482f04fc37a4682195,0
b3bf2bb5d0c8b05ffa73b2c871c4d860e668931b,0
5513feedbbf0b8a733dad5b41adcfe7ed85f15e8,0
24d0498e293dde61b38274eff502c15fe8d2ebe8,0
b2f3c809928cf0682f480654aacb72423990fbf8,0
82f7e9b02ab6250aae2f62bdde090636e5d6fa33,0
4514c9e9d20728c3fc7c300f467db6ac8ce4792d,0
5a7cd83db1dd9b49bc8d0f79cd747e15fe449bf2,0
66b0111cf65a0562f52e41ffa20e093b72bfc3ec,0
6dd9e92ab35a30a3681585eac9d66829049f73e5,0
7638df5caae31b008f6dc075df2a88c4c9e91486,0
c5ec0272d1bcc1c98ae9640a012315c4acf6e3cd,0
57391a6027d8a7cd10b9e0c076133850b2cf7a81,0
10783e48a7aa1a6a087a20ba954f1f76a6632682,0
a6eb757e3bad451cda976c189291638cfabdec0c,1
d2c72a090130df05b35210eae4deb80f11e662b9,0
5073bca659b72005751b7f39a1fa81832a69fc3c,0
75b5512437c748f0a83eae6cf33c0fd82067085d,0
fcdd6e3da0d4a6f861b6d25850a106958c6112bd,1
836f239702e25e72ef7efb334821feebaec6da68,0
7dfba317e0db7c6f21aadde7acba7a6dc0714c2c,0
ac4e1dddbf5d9bf91e0b7b7e48d4d9f0369c4840,0
68ed4d651596f130017c407c993f853d602febb6,0
dc85656adfaed81171f2b687fb86f1135052dfcb,0
1ec00855bd378346e90ea465877dc7b7291f2b0a,0
a8dab8bc4178c5f12fbbf9270faf94159286d07e,0
a81dbfae361988ae0b49d768b404741a9c4bf0f8,0
f16f890de11c411513bb0d9b552ab09e9bb5b9ea,0
c6005e577f476e47a4f66edceb19b84f1561f2ad,0
e5293ffb51abb36332aa8b2836ced6de375f2e29,0
c2c74bba9f849548814741ca30d545223a3d8e01,0
03feb5666a30c0e055ae516633bcdf4a88ea37f3,0
21f921e373ff40e340dc482a2fe27c80b661d27e,0
195e07cff21620620edf8980f73175a9ce3b97e8,0
91323a1adfa19d38d59b120c9fcf3665f817ef72,0
d3a25360d89d7dac9ed944e9311a86b8df84f84f,0
22bd9f596cf9a8cd83774bdbdb632750f9a7261e,0
a967ceacbb1f3e0df0ba4ede98bd98bde29ebe82,0
dc0e2b927103cf55f8e9d8d124714b4790f9c842,0
a6934c7f2622edf9eac4e90e8fb821e9f30b3b85,0
fea40d3f12fdb293b30bcfebb1f9cf2e4a2f0c78,0
59fe9812486d14ecebf00ba546181d3c4a83355d,0
bd52c06c471159151a026790e9550f941573200f,0
6c1a302129f81c95ce756d6c50eb51f072149399,0
941a577307b705fc7e3421ffc618321ca654e831,0
91fe7dce8d82be0d4092bad4a165df166d8a9a90,0
c44234e61e9fa4a94f859b94d2d64ddbf775f454,0
41b6c7f3722be491e272116eeb1ee4a529842d90,0
3a8869e65d0ff1880cc9797fc2a130780844defb,0
de27c3fc20e3723779b5c5e4a8340405724991f5,0
0ba32e5486bb35dfd4dd0eba0725738ec14118de,0
147648918872aac6fe4bdcb3dd033433b4f2d01d,1
d3ad29726997010c9c1979d2407656da28703591,1
6c0b5668f76afcc2ec5df17169cc38ee6273df09,0
4a18e416caa244e66832ead5a05c676c8b776b5c,1
4370556f5fd1fb1051fe5218cb08cea10f1dd0b8,0
c6a0bdb739603ae8585a07a2c6c26386415d78cf,0
b554892bb08ce861b555cebb10c4b2180fe46a18,0
847a19793b58e97676e9c00f3fe0e07bd8a1a78b,0
98585d2d8d77b51896a33723d459c2b46d5190c1,0
1066c96350da989e33db703618ca336c52fc7835,0
c81db8b9a32b9d561d2d50fe55bdefac6638355f,0
e963537d24e07aa3ddd6f152d312e92c39d6df83,0
7325f2b4f60a0e885aae503dadf815541259ab4b,0
02c78cab64948f9910530c4a40adc44de24e5fe1,0
76cbf6850821da8aacd060a805ee1ad8a941b969,0
c12f1c9edbf6d1fab3a1b928c74e5669786ee324,0
5e70da571087f95732851e15d8898f2ca980f717,0
8e6ac3bff238146a794a530e2913d6c5a1ead32b,0
486d41f3ff2d6c820df3d6388c072b358ed55f6e,0
2e993e69b5c195421cfd1808a792ae7c7e5d50ca,0
c8ce78e98ce239adc01bca8776da4fdcce994e7e,0
0d09293d4e7bd9f99d913ff75c5c4c5d65d68f5d,0
2510bea3c9d765fa8b04502216d7fb82f5aeb1df,0
fe2e82e3b344fde32cd3563b61d169adf11c9441,0
0e7d3aa4a5c4a5eaa084bfadcdf302902af143d3,0
cec5e92bcd2f7f9628241ae899a18e2f1e945b07,0
be2fe8578a69b8687d01afdf245891f494cbdcde,0
db57c1f556ae61a86631fc20d9c542bfad46a2ac,0
a006838c7d4c8c20e9a52e84bc9ba3b9dd0844c1,0
e9cbbdba133b3ef41207b2ca808fdd8427b3cb84,0
48039955e2eb9b6430f7cf2e6160437c0d7c750d,0
6c5166477d514e9f36981075d959a845177a972d,0
ebf7c561121fe9f27e209c6ea1020289f808ba4a,0
2f63db42cb5a4c1f0e3211ccfadb6169c79b8420,0
5089a09adfeeb2c4327359570120fcc5a3482d02,0
155ac39a93acee27d9b5a0b3c81d6a9a6b23ec11,1
f87cef2fb9c13f2dfd5655bbd274c05d6836adeb,0
27d9995fce4c983f93b90e8a5f507d2832c53a3e,0
b9b79d6d1a522c299d2ae12df396b69321490208,0
7811abd1970faa733677835e808765ac31a364be,1
21f100b2969df80b0388c164b69954cd4139bc69,0
c8fb0084838eba69d528174b9628bc633e8a90be,0
979ad08849cf21aa6d25a8e36b8c7eac50b3304e,0
04ca49bcbdf64b59ff504049a58b9f62ffa1bc98,0
4c52c3ccbc9124233ae18b7aad284424753c9c6d,0
fd8ad5960753434e08007a91a94efe534facc04a,0
fc7b15b06ee709c115e2a3f824b8a8bae2cf8e38,1
bec312ef9837680e8bc03bd5b4a65f284a33d65e,0
bcc8ee97a8a586bff9613567213722f3e496c0a2,0
ab9d22657c476aeec0bdefdff7ab24007ce2e73e,0
20165234e3bd0020b1d608b172a2e67c436d71ce,0
09f47b7f5e29ba841c66fb490fadc9165cd066e0,0
d8b67d1f6611bcf57744d9e1408ed5686a59c139,0
ae17da3a1b4bb597ab5ca1f23fa6ad02f82051e6,0
4fbf841cf570ac8ef530ada85e4529c1e2d6b638,0
ccc9374c01be4d7d1256ea38b0705284a65148b9,0
bff4ec481fa765389cd4e24149e1b9f9dc64e0fe,0
3e14f26ae6972e9514862032d16e38b59fda996c,0
62c8d68c8a81f51baff5be5598439ef9bbdbcf73,0
0d46115abfd8ea4c1f75dce095988119abcf5a5b,0
072cafb51ed53336c4c470c03486aa583adf53bc,0
9f0bc3ea5f3a8f0e85533e6923ab76d2fb132118,0
90b3630e00a9f6eda70ab7509a2d3754adf60ca3,0
f42ad21733e0a01635bc0709e4ee1b5dbf5a73e9,0
83d7c158feea4f086af1ed6d6f7dec9646be1551,1
2f5c38e754eb7006f2d5f6aba25d28ae6d827b97,0
21574ede997502b3feddf2d3d49e289d26151948,1
ae5fd54e69a7fe88421298cd6e8868e2656c8d1d,0
8ee25661ceb8dba7cd1f8e2f04d87d7e40ee4e81,0
451b4469363e758fa4d30d32f906fe2ee9aa7128,0
24b537262a12f9bcaa1209af29a1708a9547d594,0
207a76ee6caad9b0f44a0973c0ada3bf86d7c97b,0
8ddd94e6a08f0a06d1156102e187b8ff1a8cb191,0
1b64b70b96342242a140b26337b659d199cdc54e,0
399abb91e6a594563efb0bf29bbcd1915f961865,0
8e5ef66103433169a7003cf3f491fc4870f3689d,0
c2a22ca72ebfdd387590365e8328df7cf48c7f94,0
523aac6c303cdf131b8a8d805e01ed6a7740be52,0
58d258c7768cfc3ab47e455549f8e10b8a3bdc0d,0
7912197bd9684a33ba79c2b58267149cf1d004d3,0
a19219044179e861320d16680a200741c2eb3675,0
f78cf393f62ba5174584cdceeb8971f28b278ffa,0
082fa5bdd7ec77b051cb3eaa8852dca6cda798dc,0
27d03d6ff6af8c8b4516a558ca21deec3fc4f3fc,0
5fadda0b684403742e4f41ca811e925a81a246d4,0
731116c9300c8bfe19dac5d39fc3c60a839a2967,0
6ca3a1f3d8988fd4ede27cb037e26ab9ed634c39,0
1c17c6bd08c50722bfd0b4b282d238a94490e8b3,0
c4346aeb6846d18e6152de724dc520dd4989e83f,0
c77d7f13987372278a546016e8a1092be364533a,0
657a2a3ad8a333025744051a49198f64a5ec3ffb,0
d84facaab0e39d3d7e5873a25831834dc71409fe,0
0f185981a74abdcc54466e01d3f8422708c4b85c,0
42e9eb791c7bd9bc607d555daba7e0fedcb9299d,0
9508889ae6ae432704df3b923d12a6162ba6c89d,0
2124ddc8292034235fc4bdee9029af049be7edca,0
1e1c12b1a1db075f06e703dd25de7682e316077a,0
bb61e0560f780ce7ed73862527ddf8fb525f1841,0
da6d2d654a015469dabad2238e34b8337b6e50b1,0
642a43a603ac429fe3d74b97203466ee95d53d9e,0
fbab17166467248ae4699be0e5978599b8f02e57,0
b91362bf9643e9388999b65db11a6af58e7b4f0e,0
58a14eb11610d1fd490cd1d9091cf560d26e52b7,0
9d1c1067fe2304bc655706a1516a0bf58a7d2823,0
92d4f41fa74e8274a826602a7b1e3e53bace4b9b,0
f52b24f12b299470f93dbede45e8634ce4597bc3,0
23953a824e369348247f6e83b497ba90a2924249,0
1b40d8e1d1e8f4fd5ad70ef0fabda3f648395e33,0
cd071bad944d409fe74caaa3c205ff262ad35525,0
5dc4340a0d5486694ffbe2dfc2b3efd5d67ee7b8,0
e6c162928c6286948221cacb17c771e4a3a72eb8,0
bb8da55a5fc408d62af4f18d4185230f5c8e445f,0
7c272ef1d3f5e4c2746132905c58cdfd51a81f75,0
3f4a8f00b0cc1f1c80a747d2a8c24edbd843bbfa,0
a3e85b42b3c72ee4557ef6663f46d5d652f9b0da,0
85573746186dcbb6a066ffaa028732355618a8ef,0
256260c2e80213f0e5012d3ea68f47256420a9fb,0
3572fbb9494e2d8b878016d58bdbeeceed3d2390,0
a2ed1b352154fe5b5a15910ac700b7fb3bf08575,0
2610f2794306e02ce92879de719c349b7f56702e,0
bde57db72cb34d6af7d2a2300b25259d65307a7f,0
61446d3cbf88fb7404ef5eca104dc5e8f747708f,0
eacd6fe11539185adc645a7cecfaa166f2888461,0
9f0948a63c9b81b0b97da81d8488842c7bccee6f,0
2db30c04b832d3e87e8f902b3bd15e7623defa44,0
c856f0e8c94d17833bdf23a956a622957d9e1c8d,0
ac69dc534c307a9d1900891f1955d464fc032816,0
28db22a5d45d55e93979ed0e715ab6f261fd2286,0
6946b8aa09f74e29bd4ff6b1fecdaf106ce315dd,0
8f1dfab21389ccde1fb1a605cfe8af6f221caf9f,0
9f291258e1d1b7644cc2344ea46584526df3558b,0
624fd16b94ae5853c26db9b3b40c7c8818d22697,0
674068f67882f3660e857ef4dec52ab12b7f9262,1
4345bcb6d1e3f9b0cf61ea22bd901fa9a733ef0d,0
f7823d25b3c16b93097574fbf82bb2013d8d1f79,0
101a12f5506b2da0b50cdcc223dd778dae842942,0
02092b281f1249735fe84a54b4f73e4455d1eb61,1
b15892ab4511c641d193e9fc9ca122a66d33d97c,0
8e9beb74ffb0fcb1805ff33f3eaa5d6c3dd58c36,0
1c6af50422860ae3bb0ad2fe4e9f3db0b1d8a2d5,0
8d4e4f3f8f9fc4cc002894a49895a383d184064b,0
cd1b3780d41b7deeb937e82a409317b1c185d996,0
21c37f0a16d6c2f827119f79bd80ba495ea4e0e0,0
563f122ddb7ba8b81e910a7fc050bbbc7249b3bb,0
6a4f40db74ca6ecd990d1e33c7d921fcbfd629f0,1
b4103bd7008eb6d5d4afaf0d74d32e19e469d4bc,0
bbe4711e6d9f27ae589e904c826b69da72da1ff1,0
47fc84d3cd2e7b9c51644f860f1133e85d1527f7,0
3e2bf48a91bf544076f7b9e68bf79dc91f9fa209,0
f18d54db9dc401c20b5872497640cf1972b55a25,0
cc513c4f799315c0c5210f1ce3cd74dbf44c1fcd,0
59631d9b5bb52034ada808b30ec1bdaa0c767476,0
8805cf1a4e05786db46bf000a8a2369c8d3d0195,0
49a71a1d44d4ea3e5aac1a2bcced813e8e2ccde4,0
0bb2b33c1e4cb285c0e9fea51678e0f2b65e0b40,0
1627df4d38a35e2bee530030de28ef078d6092c8,0
8b7154a65c94588da6cde14be392354bc5a3a107,0
271688ab46814e397198a63ef88ba0829eeec2c0,0
ad5b6e2154bbffdf0a439ec45357f4fc180bdba1,0
00513a091d6cebf1ed4c5e2b6619dc36a4b5bbc6,0
40bd76909735bbadbb0e29c6b3a2ceda4b30e123,0
be3356c5146ad904d86ab4e80bc2529795961808,0
fc43ab199a55065ec5bdd3f70508bb6ab360b7e3,0
30306eb1476cb8bc9c0d7b1eae72748a5c5d418e,0
e433286bb6f444cb523dd1d938e76efe341b1fa0,0
1d6b9a8318df6cd14f1ecd2b9d9c3dc06f210240,1
9e360ca017b1f639957c799a8b7b64047c286d93,1
e2c611313f737425213e7c0da0ab3c414e9e6037,0
30347fa15e8ec8ea9fded8eef759b7383976e858,0
aa4861217bd3f6876331309a92dd5eaff303b1d4,0
eff38bf063fbd052cfe47bca56e4b2d8073b6ce6,0
8e282fb7b9a1e8975a3544d7ca8f7a742919d62d,1
bb107fe71c2a607172397c49282fba4ae1c81165,0
99b93af314118339ab8ff1780e9def4c56a3c2c8,0
4f7f888d48e3043936d53a7ac8d5afc1991e162b,0
3b71feee2e4eec64be417d17135d86ddabdf70ab,0
678ae68bef8b371ac3de804af74744f1ecfb23ac,0
1e1f36bdb35289f76a684b2481f5f94c9a4f2636,0
88acd6de3508aa297affb97625acce98877fa98a,0
6b2a4e67fec0493973665abe9accd42733ebd14e,1
40c03ba09f517761638197d324bb99efd366fe86,0
ec7062cf73d4056fbc41613e33d38b3a582dd1aa,0
6beb7350ef67f898c59015750f48f851032736c7,0
27f140358f7e8e44b8c5bdcaaa69343b2e0d3771,0
6a52db71fe70b1f09a79c15fb1afa6a929b86316,0
f9ce41a0d6be994f6aceeafaed71f23487770aa5,0
45acebe84e32c75937a2bc2ba1f18342ad0af77e,0
e9a4689c979676eb78a39991764d9b365c5601e7,0
a3907b39c4b4f6f73334e68d50267681c0e1d201,0
b38df27669cd851cb78f01cd26c1b5e7e0095cbe,0
768ebb9d3466484b6fa12e80d55df0b046780e1a,0
2be3dd86f5ed5fd4992666a3c3c51cf4d80642e6,0
8b3414bbd7469f86377c7c49da0752997b441ea6,0
ef697a07f47a2e3431ce99e61031c2f97f1a6c01,0
5be4828eb35c473104e81ce35f745422c6c633b1,0
bc8503cc23f48ed272c59633105c75e73453ec3a,0
e2b77e0f88aa527069850d1edab7266a13fb74ce,0
79dcafd5cd1b9e6c3628e1f788161959c1f04d65,0
b9139c1f4176c24d3afb26413400abd410b55744,0
021d1df3cdc964a9144072a8c963cb02f4d1aed8,0
9cadf07a080949987dc0edffc02c2a43ef93ae2d,0
cebc2f59541b20d08a622aa2122dacc9d086d901,0
ebc8751e00ec8eba984da7a87cdbb2161f56fe81,0
6cf7659d4acbb42fbb7fa596549cff82d17e820e,0
f2b15252bedaf31515754139b98b0f9eecbe2dc4,0
33867a771c6d664322cbe698bd72d04c678016e5,1
c7bc97d891201d6b0bb57207fea9ac45ce16633d,0
4b41d3272796fccc69087af720896049217760c7,0
e0e46fdaa23fa3c183a4e594a4ab7d60c13de5ad,0
be0899d1887aa7828cd63653b2af73be8165eb8c,0
7b70687eb2b8e295a2cb68e4c9a3d10094d05b48,0
8de5db4a28e67ffdbf578cb5b578608b31e197e1,0
7d25398f49c4959bcd108e61cd905f6c020761c3,0
6b5128d13d1b8603193cd07607a8f0c76bebfe8a,0
dd18684b82d8a0d135b4ae62f5b959f27bb76233,0
13948103899001ce8a5c62bd06f13b582bfe4035,0
755a31b0d61f07b48b7ae0b0edba3e37079fbf6a,0
ca5bdf99b85d9093f3dbe0c98069a30a1684ced0,0
686616bbe51d9abfb5e4fc7126647ca672407d71,0
ccfb4128b73fd9e889249c6f1be3bac0c5f672a5,0
a3325c70362ff60601fce8c93f215d5cfb73744f,0
eb1972e482070bc23fe675cc11fc8f2ce85700da,0
82ea78928fde00a9fac3d751f37d6a0423585b7a,0
5ac836331ebbc8e49fae13d24e4d76488c7466a0,0
e10890dde09ffaee8a77421e26789e876427b1ad,0
b63f5e7d1c2eba2735199f2df322f4f0d810de00,0
5f985ec4b6087303f1f9547c2bd7bb7a001a69c1,0
34c331a29b5d84d9f39972f88a0d868974e06ea5,0
5f7a7244c6bdc27fb7d5ec26eaf4194066db0e89,0
dd5d6f31d943fa233658ff9714fe1a2d481e2819,0
0378d1710c175b952a4f19338e12b1ba4861a613,0
b4d1711266fdb0614b576110793c0949461b3c9f,0
96af4b25728ccf409c432ce05def0108979e495b,0
8f812ccb6eeafecb5cac96dfddd76cdbab9d7b51,0
412c53c6bc9d1a0a34444d79638601858f10710b,0
f6e7bb7075a69c02793b3d9b57139375cabe5b8d,0
b1ff564d4a62f2eba6f03bc6ac6291c48b11786a,0
c567927cf942189f0bb192c29b5541836d367e24,0
0b3d9261fc1af6257ff770ac0bd8774211446b16,0
7b7c5eaaeefc5ac931d725926ad2e27875a809e3,0
7f036be85ab058e28a789553d0b38b6d6c74d037,0
f2129dd4b87efe3755a03895b61e10136a05b6c1,0
f5b22baedd55cd73aec0e2b5e5d728d80915ee6c,0
145d236ecc1fda82a32a44f209cce5b2e39d2c7f,1
6007fb22e41468b446b257bac13660cb2664e45a,0
1f930934933ce0da64f1ea78f6ec4bd1bdb878e6,0
beeb70c8eb3f94fdd111cab8143edb824462e18a,0
137fd53562c0859b2d4ffc56f2117c84f8fa51c0,0
86d07099553bb3f8eb8d907b7d50d9faf40b4ae3,0
b87ba478a390a8dadd681bda54d0e2e21811cb1f,0
d194affe81b86cfe1298da9c0ece506c355456be,0
1a326048d7425cd1ac6bbaaf8859611847d2367b,0
5dabc2727d0e6eba1431123be0cf2431ce7d8276,0
29499dd26eff69c9609b1b625273978f44c8f5dc,0
d3443b0a151a11777892951e1c632f4d74babe31,0
e273d0f0f2a9084c5c201d98c5af2b78509abc5d,0
40d29db70583ae1574bad2d34df19d5f59a79645,0
cfcc6346b464acda4e862c71d871150556a3a7e7,0
8610c1d3d8d3b0f52cdc2a3ef3bd9b6b28491adf,0
84ebd85db1568c849e9c9edfa836081b3b616e8e,0
05761a2df59695d96748ca919f96b7002b70d3e9,0
44638d101dfb16d65f8abaee59e64faff23cc5e0,0
5ba9d07161453072d2e12c4ff2f04f0f3168d057,0
11f454f73d44942780c2f3c5f29038ad13a46e45,0
02839f8b3adef6a1ea04f7ee8b221e2c19d28416,0
c4513407fd6f5a481744eaffeb355c6a138f7e86,0
72fdfe1b87e0e2ebf38a8581f33e2e3447b6865b,0
711bf4a476da63ee06df230328b86fda61aa255c,0
31c5658d90c30a4505d2995f83f7294b3b7498f7,0
521a2430d5126a52761da118968098487f392b1a,0
a5e58484ee951d4344db7992403c0456f16cd2b7,0
5895e9e5439f06caa6f20b6fa2e4ef3f5499ffac,0
c38e37f80bb9a61d4af114de95085b75bc25cd4e,0
784987650da8eeb54d891ce4c41e96154b9a7af4,0
77d367a7dffda82ac05d7598618b48d10e603c9d,0
cc80a21b357a2a12a0970f1fcda22df484c40201,0
b77ba5307bcffa2cf3700a7c15c2d82561f6dfd5,0
90476e927b9e62633d6b055302bc5ac91819a914,0
2070fbbf3249809745303111a1d7693ebe7d252f,0
d5317616d9a3de0404fd459fce472874f4567a7a,0
dd1edfa1f2d1ba3cd8fabbc245ff14e4fe638bbd,0
880b885e09274244969ad8336a1b6a0a5b79be8c,0
29dfa218eca6b9e9522f97059ebd8da8c47185cd,0
5c4e248e5facde4fdcac6c6d25ea12487126bbf6,0
35d236f76e99c7b2c47fc8f0f6461f78bd9a95d4,0
fb70935275e192041b5c547209726d586c91a056,0
43f2db3032aa96bd202d5f22b9e84d3fbc9683a2,0
5531afb5cb0f322e9d77140856dcef55e37b7260,0
96a0208df089eedbff7b55606ce2d6ac33f85300,0
0598dba176bfc9be1c30cbf67afc3224cf9c9147,0
7d60b206d4cc5be44db5635b5f2375105d6e56ab,0
5995d88dfe72abb0efe2f23d0ee23e9fd21f0c59,0
a3e9634f614d8f0cba6cba1794e51dc42b1f07f0,0
12792af3249f4da8f6cccb22bbfc5c810fd32aa9,0
17ff8e86586072af5bae5c565c2f9558b13fb496,0
a30548d04152992572d5b1eba5aeb112fbcd67d1,0
bce35e43b72cebf232694a634e3c6b7bf38f6ebb,0
05a0d25e60f0bb1d4dc5db61e9f36c6564346b52,0
ffbc5f6ccc724161edaa04c9644595b332f11101,0
1992e5d6c098e98af3a8af238c886a4b03a1a7ca,0
a0dda696cc62fb9065e43eca34bbfc0c532bc3e6,0
38d67500a6562f3c6ec9e54f54fbf933051d41d1,0
29f84e6d6e0498d178518a966ccab4266c1e732e,0
c7de1e937a1de74dcf0a180023b436f0154d90e8,0
66f036719b0901fb458a9c913b66adb399edbc0f,0
29d66c33d272ba498cb23c70548905bd9cd9d7b3,0
c1ae8ccf1229ca3864405759627732582dd2a8b8,0
f36730bc75c99e3f94c1c4ce5f579def2bb19698,0
6b38f7eff61edbf9f4fbbd85b06b95939d89fb54,0
2ce6f278d59b318b3bf160cdce7aa75873f26cdc,0
7e7ae97949a580002fccfd29f930333a93abcef6,0
50e78617008add3be18fc2c664bd9a3f0f5a9f74,0
79052d30a5cea808866727de8d72aa72aec50cba,0
dea7943d1f9c9cbc5abd537d135efd5d338d7448,0
464dc61a5153867d2b5105e1cde43d229ad0c1de,0
038ee4d10d4bb8508db6cc905b851b68f08644b0,0
f7f7aedb778e0d0402c79801c105f34587b5487d,0
62653b9101f80a2e6832ca5fb6830b7750612313,0
5dc348c29371be6517be6ad10044755d2062012e,0
ba7e414ebe6d2e9039201ec55c897871ddd2fe0e,0
169834089c1ce41bebee2c9696122bcf3ca09644,0
b8b8fe3f01257e6738c94390450203fccaa74ee8,0
487543fafc0305077f2cb32496cf267a1f7e0688,0
83379222e87c94754be4a4d1a023c60bfcd22777,0
b757a73ccdb4a12d67f37600f9ee6639090683ab,0
48718deed4d9e0089d406713146546ade03722db,0
016db31c17579800338992b0d0c57ab3eddd2556,0
1ba739363443954ca4f7e2c5e55ff7ad26ea979d,0
d7abf6de5911ecfb700c7b53354830e703d39ba1,0
06695f79f0fe08a0b86191582734644e04f7b8af,0
1c6dffe02942f11c868af10e421ac47be15a9b45,0
9655fb622a3e4f92e5a093a34ff5d4cab454c587,0
ea987b662ca74f1b470029272f7f9f23e7ad3d0d,0
8d4d9bca01d8e5e853f9eb4c65108026904897b3,0
4e22c579e7d0a937dea8984c7dba7cddd11e08dc,0
d9f8651edeec0dd2da5f2b9c92cca654e56b7525,1
a0c94b235171dce6150cdb44171fa8963a324c4c,0
5eb9bee20958ba587626cb5b6c26da0b032beca8,0
43a1fae741d1fa1f1288d17371052f3493428907,0
061d17ee6a4c6b661f00caf73856de4b59d28b9a,0
2fbf2fa02b4c4b3c1d8035118ffe28edd4f7ddf3,0
1f37e3e23ae27f4e2e7ab3c1f3a1179352960e49,0
ed6229d1d11d83c92d257a1de39fed7a4b5198ad,0
c67377e1a4a7471d4833a184c28aa3ae3bc7e50d,0
152a75766bd66234f607dd079af6eb2594285fae,0
ed771fbf3b3947991505527852b98e8856e8ab1e,0
60839d125b0e98a513eaf4bae9f9f19bbde9f2d7,0
2cbe71de98f8d48002d56f3ee23ccd2155a7d382,0
31618f253e4776ed65eacd4e4449cd603b59f44b,0
10b95d7662859a1d367311abb80d92c62c0e495e,0
ca77867b8db1300a1d91130c3117bced137c2264,0
4a91c6520c248747044bd560e2341ef1d1066657,0
789f9d4a383e6989ff4e1b9c7429e6700b6c5ab1,0
4ee1dcd708bd0904d1f02f98c166ea7dde2eb18a,0
119b5d5e693beac47c5446fa23ac64bb7130e427,0
fa53038511befcb9b7e60b0ba8154ee32e3106e6,0
a3f4dc11215a44043080820fed346c8ab9e25738,0
e8a5350c895e463015bb8e811ab09c59437e2848,0
b7c2cd850878f8385ec6f86a76f2162701fe3dfb,0
201262015f8697ee6cfa08f85442700ffa4d7456,0
0baf62d9d3942f1d72409a4c6f772e59c1f87642,0
dce29e150679606d764c15200a5d1f6bccaeca95,0
740098617f9d14af04d1fc72ac1f844ca5b542b9,0
7331f14b56ce656e608539d500670b4336a522fc,0
90c3c2f6ecab40e0d20d644cbbb23cfdd88fb696,0
5da3516a206cc14780982a634cbd056a80a7fe1e,0
e44ff2aabebd8cbd0691f4294ed4f9800e1dee41,0
ca9b94b4b7cdd4bd1282d6c7b2e0d1f81747d6d7,0
c28f2efbf4313ccc2833d2ec9c41c3ec43cf18d8,0
5bd4092eb9eddbc8a202b642785e665f1506ce2f,0
be91afd98d57f2d0c6c0fca880ef5b7ad646b7d5,0
592ee128de63ba1046f41e6f315c67af075ad65f,0
7135085690b443bbb50122854278b3896356a1d4,0
fa4fed9ba096be5ba25601c0ec003bac296bd47a,0
47a6aa3f50b605ec5a65c374c921ab9e6404ad74,0
be2bf403641c399d86af3208eb5d18ced980c8fd,0
b82b459c9e1a61c6ca04ac41124eb8e3b6ffe65c,0
c0f43f33e496f07589d18e467b357f1b1f72bf31,0
e289a536e3ba5a37116d47474f75b6445d1d4109,0
3cc80010294829fa743b916f2e1efaff79a80ade,0
198ee8adf915f5ff39728ee51bd6852543b2dd0a,0
b8e69aa4e9e6a2d5fd86c56cb03c355e820c6ef3,0
d26385e86b6bcbe53de13a6ebfc2684d29547ecc,0
30dc0a92fe5c49c2bd3ea05b85bb7105dbf262d2,0
5bfca777a47280bd607ac13487f64b268fbd0c90,0
5bc742e30b8a7d9ead437cfb67aeb828beb5ca75,0
32d9f1de3419acaeaffd3381be0f92ed9b6cd41a,0
5e6ef45fb5226497929630595ef451a1d486bc45,0
b8fd2f6c258efb0376eb9e4260b0171128c2144f,0
15fe9a9eb6966237dc42dac1223ac0689fd13495,1
527e61a62509259f5f232162719985a7e43468b7,0
8c690b0ad261a878f0d3b3d7b08444978d5560f3,0
c8e203b3650a0c8d5a2eeed3f1aeceb98be17c94,0
59cf4ce2265c4a566a5de44063cb2ab0fbcad7bf,0
74907279bff32e210cc1870f081bb9240bcd8ad9,1
44312a1cd662016c34a273ee9a19443ee12e3f29,0
3607a6fccb96d9fd7dd40a0c48ecc859c651bb84,1
b346d9a0c9fc3d2231f78a5c498a0aa0f5c0648a,0
af7747843b4450d522b0e2479edbbe7f61d1f250,0
17dcffaee50485131da1e045f74d25741d045cdf,0
e26787596e55be929c6a1986aa859c1ed18584da,0
7d8ab906038062a7781a2f6a95dda9bb94e07c79,0
5622e3b551f907100995de30bb4350f97064d90f,0
a647ac49f624580472dab652db5317713bdf61c4,0
c1e49c1ab321870d1b383af144ae1f0333228ccd,0
e539330e5abcbdfb9e21c6bc54741d08e53f1880,0
1441bc0a9193c2852f748440be082382db91997a,0
d2ce40d07eb8c5f7539527b4b60384c2113103b6,0
0874e439c254e22865162166b3fee0722788f7ac,1
0c1b1b9600cd2cdb8ea968d580fe8c570c187add,0
4b1f710ae10bb4ced8e9d068d6b2365c2147dbcb,0
8430c08eb653725f01868fb952cb12600b30f058,0
17e3cc88659678e1a64353ad851bbb60e33db9b4,0
bd90d32e2cb3e5913be347f9d1ec01159417f25f,0
a2e142bcdbc05491c899ced5a2ac85b352e94673,0
9c22e5297c7cb9dd75adec7ebcba06448e993bd8,0
9767c7a89dcacecaaea21858e531c694b4ac68c8,0
1a6a65902ec204da2209c14b7446e6b1d4e04568,0
6a65f16e362e14c110f22154d669fafa3b7f118c,0
99a126b56c5797203647cbf98e0c551bce88b281,0
bf334420bf5bab5d36d017d59de18ba55c062ea7,0
9d39b75977e3e817aa1e9e04030a7dd1bfda3956,0
e2f1604cedef626835fc7ab1c282005cb2874d25,0
fe3a4ece1438845504c67584da3a7b36fdb5372f,0
b9938e323d0fbc9bfb3b5a25746a7c741ed19a94,0
89e91c960f095966972aff619a48b75bf473d344,0
551e0bee95b265c568e12ac1f66153523910975e,0
1221f94a01a4522c9bfb65d6552c422f5c612b1a,0
4fdbf55b0ca1a586a75ff2c2765df6c74486a564,0
20686b876f12a4928ee7fc3ab4891dea6641b73d,0
ac0f52c8f84175477eb236d27105511336843ea7,0
1e48831f282386ff8653d2b8b0586a91ed982b7d,0
f2b55c3ca7cc9207aeacabd6ea4ebc639ad41f25,1
e015593237e9849efcd226b2fc66f69c1c80be2d,0
a6ea1065945b7e22619190c27648958c3d018d6d,0
7582917b49add6265465930d40b033121253ad47,1
242f9d1cbd463d7ec12356db9bc14d4fd3bccf11,0
0223211f901e30bd589d45cf64f0fe84da2d049e,1
b18f506f8ab0a7cb159a72468cff57c82a03261f,0
a5a67fddc38a868bf3cf377ea00566f45b229169,0
ed37505bdade6018a85b57802395250565f2a202,0
470f5b639066d437bb1c899a2f8bddc4e6ee960f,0
507d9d2061d4ea8c4ed4c26a5aad4f18aa493e67,0
71db6c536105d692f77109636c936e968a10a114,0
ba40d9113532ab1c258f150a8dbb6b56a709832d,0
201b27776d47d9601d13906d9ba15a0fdd9f1638,0
3968d1961106f50a111f9561f7809d587ba443bb,0
6ea6e76dcfe5f6bf5020e2c8312edc82be61e1f5,0
8932019570fc1127fafe7cef1a07c370c176e9c5,0
61acd92f03cefb91355a87850384404cfe95d8cc,0
78c2043ff1b72f6fd97f033d63c2971ce3a444f3,0
30a64f3b93544c704614e2fd24a9cffdaa2f63f2,0
fc4b28286916378bbcfd6143e1f8457446f53295,0
0a0188166e4fce1b519dd29da56d8f5679b3efba,0
5aaa833394c90835881631e51c8ceef52444b485,0
cd9e19f8eb6de22a3a545064ab0e68254bd243a2,0
fe53317c2f6abe9ec8036de977812a9f5b9b556e,0
35b0a8f6458c0ef1039c092a1d0853694ff1f05d,0
f6755b62ddd1f4eb1ad26927a13bcb263a095cb7,0
0accbdeca32665f47e764beb03962824f00567af,0
0238089b07c9eb4db472ae2f40375a5f73f69db1,0
b89a509acec0dec627929f998971385b49331493,0
0ba247690902131d0f71c9588a477e10b90a7288,0
220a03c2118899e12a59b2ce114c2eb9ed0480e9,0
546b50ef882e07c6cf6294c3e9da71b61ee9f1d8,0
d5a5f05b64baed06f65e2b5f01c1ea21659a2398,0
5469c1bd4271c67c8782cc11f597e3583a34676a,0
3a49845d4f8b54299ba2ca4218835509ba22e71b,0
18a8e659d81f0a5c66a95e98deb29d9f5a790f69,0
7bc9d763e6e6f22a06855b763da8cf8ca3ac4f81,0
adeffb2734a3d9723bd22e73e9fd3844f8289d52,0
73d29f4eb60c9ebf8f0534609ea870a8d8968bca,0
973dfe5db31c068800644997f842badbe4c083dd,0
6ab8b6e06b28a3b0e7433939252d730700e75208,0
6c7e32dc3ff95fba7c7eb5aac3cb73bc08ca32e2,0
82c00fb84cb29fa89c806e4e95ed2238881d516a,0
84c5386d736344633e1020e04e14f963247445a5,0
e19d7a521c184c521aa31ccc2f72de3775541210,0
ede2dc0b1464cd90bafc39b00a6d150a97f38b65,0
3c1a153ae4ec40a78537025df580537e165a24a8,0
e038c175feb7ac26cf948fdcffc05823977de6a3,0
7eafaaadd6f518755c7fbc2d1591563130d28670,0
31ef8b12b7c713f62b0885caf3951bea2887e8f0,0
11eae9adc07d40488ceb958fc9f427e16c20ed3e,0
13464d02171d636cc23a707dea5643bcdf764717,0
b72b6d103ca2c2dd96ffd9442850c83f65c9e578,0
cee5550d30ba36ce8bad01f0b4715763d594aa06,0
ff7dd9697fac9856c8acae2ab06031f83f70e33c,0
e9186b5903c8d14665e083deef4e72b772249887,0
044c05427aeb85230fb0cf233bec8d69f1d7d225,0
1555ec295b7cdcab8eb7c96db1be91be5f0dcc49,0
828108a03a76d0fd7b8f01dd1c277ec0299a7884,0
36526381865cd2abaf0e7d32160c3b6ba690a810,0
6b34db1b1ee36d7c39df8bb5de7cabbe7072f71c,0
e038a2204af2effc9d42d75f5eede4f0d0fd7041,0
16b6ecff1605978dc22ee3254a2064e93b1f080a,0
be2cd8e9b23ec629153b0021732a492afc20673e,0
ed1b5a1682edc14f6ef8c8143c7177bf239a5f31,0
1a1838f57a301e407cbcfc96d40a4241f93dbbe0,0
b073685fa899992946558786fd62f7addb54cf1b,0
99b4f4399ea893e097c09304f11c6d4154e5a004,0
b3ee1b5e1c0ed952e5a664d2cc71f6aad12b82b5,0
a233a46ada9545fdd76dd5d38835050d0e608893,0
733c5d3e3c90fd306a71c456566905f80abad49a,0
2c171c828596dd5e9c1929fb6684a48facea4675,0
72cb233347c6154526f8866fbc6c7e81e7f00ff6,0
acdd8faa96cf5b68711b2f53c304e2de02fd9066,0
6aa6fe2f1234b20eb61ede7c5752818604430555,0
4b00a9d8f85a28c6f17e70d4320d1eb08bdb0087,0
99517b65e1892e22ee6de70a4168957dd9f1ca2a,0
3531a079edafafa3c3eff25d7a7fadebf4634fc3,0
a3cd2a8a7e90698464c68600361af6526dc721e4,0
d83d1ee9c01a435bfa283d0273fff29608e56bae,0
7732103ec7cb643aae50eb3f7368bb6f8787fcb5,0
5215bc29af5c299553cbca6ddcd32a92a2f3d20c,0
37ef1441655651e2f87ca5dbd992edbe75127a67,0
91cce7ca83327271038a78e809ee515a9bce682f,0
b433a66111865a3ea3fa77c2365ddfeac6f6981f,0
f138a0d96aa059422a01285f8cfd2c7420dc7e56,0
266be4164832d0cedca6b87a0510fdc170889b1e,0
a1b3a4375b4044353c16d3809e220aaa1994bbbd,0
2caea39dc22b3733cf013936936e3738931f33d9,0
68509b0419e55d5a46994d4d44b13efdcc645b84,0
4f6a30d84956019efdffc8180955fffc0b187fb1,0
b2352c3e511d75c159f099f3b810660e3c0d4878,0
ebefe8ac1af81c8415e76304779171e9c91af80e,0
0785574e145913b17a686343de64e55cc1ab4f6f,0
4360f78a803e60d7857be0c64b94f40867d11c79,0
9b2380ec226882ce6d5bf7802cdeba4fd0a2ae1a,0
ba838448df05137ac18133b244dd6364001bc4cd,0
473c6383da543f4d91c3636694f49f00fb7e68f7,0
fa7c962c15ebca9435c6df897098fa072033370c,0
f75475fadd43083db47912b7556db045297ec1d5,0
e8727ed01021410c297a763f6559976f321f67db,0
2f8decda807f3545bfd35f6a6d5b2fe60d568de0,0
4486787003c8149fe5a1a80e687a6963bb34ddfc,0
aae93420c0ab5f84024ad31ebd5e75b84de46a30,0
c263cabec40901ce653bc1de8e1235adda1b855b,0
e1e03c7b41650f1647c87f3f98a90db2f46d52eb,0
4334624e46a1fd6b51e7226a75e16fb3e6d76cb5,0
101315cfc9996e6a50665b118eb3c40d7c6fabca,0
c7046f6a778f11b1b23d3af39de72b24a3bf8f7f,0
9c95a92a5a515ddc6abe9e8efa0927d9489961cf,0
77c80c98674870a136f1087cbafb7658c1f1b4ae,0
79f8be9d026dc5b2aa73531f5d10d9a41a76d9a6,0
c830b993cbbfd460138ee3ce846e820a911d6a07,0
fb7dcb75230f8b48e3b3931c182f896282c91baa,0
d9a18a4e631b08f26ac30d2b4fde32e5572225e5,0
7e80a4334c1a83ab7b30cea99376f3f12e39f2d7,0
3b4ed5110b7c249a1577f77442b86fc5cec4ba79,1
dc614ec5e41590a84377728770a0684f985fb39e,0
fc1345de22127521f183a7a66b3d0e17c31ab9cd,0
47c9f5d95fe4800a271f845e5f83ba24e1c0f5a0,0
b49d62d8196a5f6288ee49fc29eca1804a1f2a6c,0
c435354f3e1e8753abcdc6156e16d0a2c6b179da,0
d57060f6a7a345be121bb2f3b17bcb7a5292d87b,0
3cc47405994e2be519eabc24103ae89bd51dc262,1
f065fac2892219ffbd1aeaf9eb355ab3e3db8626,0
dae892854082e5df17476e542002c05f41da40e3,0
38f57de3a6f3c443e2256a643f9a8263d74ee724,0
62a50e90d2cdc7a3ce7e44d66f6664094ab05f8e,0
23231a842ab5da98b83db8d04d0ea90988a29132,0
ca35ed72cac2397a50be4e36311a3f29992fdff4,0
1988e4c91462c0cbfab1ee02d9cc5891c975e953,0
9e1f5a474caafdcfcc73dbf80f499c8716ece9fa,0
0f3a0ede44132c5f9df8ed4859ec986c1a3b92d9,0
c84457ba299791574ea8e09d550d4d8b2a31669d,0
8e23674676e3ab8df88513d0051fba6457ccc0c9,0
3667998f9c4b7195a94f433184a06bad855b9996,1
b8bb193e83ecb1370892f91faa00b90636503039,0
cdfb5bfdf266493781ae99885e175a7b8ede1ef1,0
852766be125ff2d243931707f7a585ab1ce69782,0
38441f4b2d253584d20f29751917ac6fafa58ae5,0
e904ce3ec5401a565e3068515ce747ab13796791,0
e40c0068e36a04b83c1e581a695a0d1ddae3a8f9,0
258df422b6764547ae1151b4611c60e58a7af951,0
393b1a8996e29c11b2f59b805f73ef33cee9f4a3,0
f12ece5038ffe6c561a251fd2b83598592a5a758,0
6d8d6c928d55df8fcb0dfac6fd784a63ffdd2db1,0
69c5353cb2150a4d01156ee75f3615e48face399,0
0f86203abf619d6dcfd2309807ffcc3d0ce86116,0
bd9e8157e4e9044b479c63911110aa1a532ab3c2,0
922316564cb53b96b3887dbab861ab8fa9bf1071,0
3832d2bea163530ffeb5e5c3a3b9faf69d6c1552,0
835c70bba1ff7aeccd0c255908095ec796f53568,0
a345264ba6affa778f2fbe4fbe43213e199081e2,0
1c5885eae6429e8908e528100cf28c5b01663753,0
48aba4977cca759d120bf67bbeda42418deef5e5,0
9100a89812009c7a053aef4fc2666caadf5c2ca6,0
0cee98d0e31548ca8d2ec48b4f754815ff10f6f3,0
57b94c009f937a839b09a5afbcd3cafb9dd02d08,0
7f26d396006808eda95b663db0fde12c27b77fd9,0
71873f1d23bd6ec513a5c633a0dd926f58b05803,0
44a36f315971a2f36ab482ef21829beceb485c01,0
e7afdeb29da05fa9b8b1aef780ceccaf0b85c7c4,0
498a769ebf4420d4937fcaa7007ce760045f6ac7,0
3a8b3576eabfde2f2f862da6be9ba240accd2016,0
c1697b377f3fd91d07322f080f2564a0be516788,0
19eab52205ae1c9f61c60cb7b33e3425b8470dbf,0
eb8d71ddd2bdbc88a9e460aabe1a66eb6a5a5abe,0
709c626aef8b84614d0d532681f3b6d7aa7c391d,0
2947994bf56f68eecd55fa3711ed16c414a00465,0
8696cb03c6b80fc008128d78845a9ae971fbfa4c,0
1d0c1da8766947ae09e6bbcb51346c3eb4a67f36,0
e9c229cd0661f7592c7d370fe316718fa435e070,0
a224eb6a5ec13b0376058b118c9683be87506a27,1
13bbcec27983c57603c6395e9040940d1e87ac21,1
ccb52a6e965ca1d0475ab98db1deeec2642bb0ef,0
234f9fc5e4e1e89e15c8a2ebba1372c2caba427f,0
06a29fd41ebbbe43308e3622d41621f59877742a,0
611f500fcc5707058f317224d437dc9eff0a8b13,0
3ab8ea91a42499074e8293e90a433e3291876d83,0
d9a02571fc00676b0b133dbcbc8ac036578d8de2,0
707d40f0511322403c210d1c0c28cb3b09e92acb,0
6bfc130e915658d20ac6514306038f3400558cb4,0
912e6edeb7eb8b602dc7b77d18c29cdb065d9ef0,0
aad3450ec9a4db5c76ce3014ce02697f7243c2c5,1
fda1351170055b81619548ee63c36e5a490594b2,0
e812aa99acbc96de34c0e45caf12d85edd752ced,0
c5416a81468de23f7e056361fd0516f37b5cee30,0
1c3542e81d28140471c32a216de24032a541d4e4,0
a9f5e78fbcbeddfd5e926fadd0251b9b7475b23b,0
e421cd37407acf88a4aa803afca43679a002a882,0
a2efef9fe4bdf6e04e1fec2a447fb19b4e2dd6ec,0
c60d760b9cd6bb56df254ffe33ead552d7bc4ab7,0
f5af935d8f87fdc521ec962ce77b4dfc08a1ff37,0
35aee57a2b910d9d75c5d63e21e251558bda6387,0
97a3d9494ee5f1fcc6c4b9c9716119ef686c5d70,0
1bd067ad7f2ad44b967f3c05187d5e5e20596c76,0
7510e3ebfcbf5829e727e2fdd197cdcd028216a4,0
3a916eed294cb5ba7ddfbfadd1a52e586c8641c6,0
75b21dc8e5f3a3e0a77c539243f5eed7d8056eb4,0
5841ca6e6398a878696d7c39ab6c29e14e314c42,0
fb71ac2d2ce914cc9c2230f3bb7b88136fceeaec,0
5f0bd906ad2e2999cc5b82c742a3c5ac0194904b,0
4c792b6f3b76016c0ee7ac3e9ba58bef087e4ce3,0
73e505e5a2d23c75a3361cbb81e91cdac8d226b1,0
d6dfa9a3011aa041f56c1afb79b9bf20878df4d5,0
70abf1063461a6eb4af872387f79ac07abb7c6e1,0
9fc99ec59cd3cc24d7ffce8ed562cdbf87c71e2a,0
1bc6abce5296a9b284c8ec32169ab4607d62e6a3,0
ade32ac54654a63b461868ea3e020f5228b89a48,0
165f3ab15b5317b9c0bdb721dd70fe09461182c9,0
d8b61a055ee0c62b8cab645ced7f5b931d48a7c8,0
9573cf208c73ce4c21a8d5fa4ecac2c38a70bd17,0
3a5a1555d825bacbfad87543743a30fc6e80f803,0
93e7c682a4c8a60da7ab3a2e1ef38cffc0cb3038,0
0e171a27d2aac4ea94558ab506cd533977465556,0
8e7187bdd80de6416d713988aae6f1845aaaf36a,0
c1d5da98ca97ad36ce3ffdb249df08f85f9929b9,0
c331b8c33d4b7983b548faf3b556cbb4e30929d0,0
c989b602a0d56ee3356f76f5b74d415dc5b314ba,1
e9f926a4bdc395b999f78dc76abef222849b9523,0
168fe1d67d96f37410ddce04f9bc08ba63ca2227,0
83c38156b81f93b0646f9d9a6c8c7710224bb051,0
71922b962574330cc9c3e60f1b4acde5cfc57774,0
cdaab9e2bbd59382cb3b3eb1561d05bf788ba395,0
c9063a285c2b9d776b9d8cd076cd682b6f612b72,0
8dd23860a8369d421456b9da95fd372438cf4a3f,0
adee1c8c170873a4ed5f23aaeecc8f42794ac5fc,0
7192b860690247db358703ed78ee126d6b00315f,0
1ce47ee7b8888841574e863443db4c7204c5ff85,0
b160f21eecaecdfd649dee9d744c83282c8a59ef,0
e2a59e48c407a7d2b3cb527ff8f10a0e8e2f6533,0
477e6e13ccc23d18fed9b7631de0c921c11fc235,0
7236ab2c3e7c4231f2618c9a47767ff44534718e,0
244a7fe34fdffb9c6d5d38a65c68ed89ab821e35,0
21c7c20d4d239f1d1a174467f976bba4d2112664,0
28100e1e7711d31160f898845bbefd39f041cbbc,0
df35a5349a2443715ed5307ddb7872dfd0ea2a0d,0
99a295a60a12115cf38e516fc5ee602ae5c03df4,0
4ca2dd3b4ea28efc2dfb81a4e1cc368458d25d86,0
7ec231ce4810cc554c93ce659bd003b25b12b271,0
fa08fc4bab050d9d238064bf0e5860824c432571,0
88a58fef4950be62d6509a2c2c526d003972bd5e,0
b4f618ceb729b993dfea5bc4163727af3ffd8d28,0
4030232f544b99100262ac9c4869ed2ac2cf443f,0
842c75bbbb8478bdfbcad0348b21dab5ec5a9f76,0
81a8403ebc73b499922d291b7190fa9ab87e0bf5,0
376053d38051c2c5996cbe98190c79fdf1886b2b,0
b4f43adb13522eac58ea63544c49616069e339e1,0
ea3aa8ebc11d7ba9f0f4eee39cd8d682d7f46548,1
63c5db8efea9db520ee145fec440c286d4d8e9a8,0
57fca118a3dc8a27db12f8b7d9830cacde485b91,1
be0a1927a4cdd6b1a2560a3310a470ebf90217bf,0
e04c5845ac3b0d69cad3e749ccc28bdccafbced1,0
2ca58ee3d8088dffcfd9b45d9bba0abd66405df5,0
876d1c92516a46a0c25aacd2c4aabba9f7732cf8,0
0a3b10406817e7661afe8402e6035de6ddcfb943,0
5a0e4c8a8054f097b1041ebf438bf9eb460f2680,0
80ea78d3e8c7baaab1f9943bb829ae2e15c30156,0
2f2b0f94fcf067d381a84492bc7500cdad62b8e9,0
e643c76765259d665fd0c4d1224a79cad49b4d32,0
24e8b99fa1773f06dfb5ac7964224007cffcafd9,0
0ad02e21961446751a96ee7f1b6a1dc2da6e317b,1
8fedea687bab0aa3a9c614a813d54e953d5c62bf,0
ff1d970963f649709ff4ede49095d4ce46a9d043,1
2b2d52e7461a360eaef22102ecfc7ac34202f898,1
e8f117c6dab2eb81148f10559afca06d30180a01,0
b14ff8e13acbfd2aad9ebaecf704965ee69828a5,0
84b7d6798599a2eeb8aa6f7f7a9304912ee4c8bc,0
447d546d88147baf2eb188e109b13b6b1b6f68e9,0
39c0caca6bfe13aa896acecbfa1cf4706bb19afe,0
187c94b9ffad3536b1044bd7119bef38913d573b,0
24131e66e66580f8ebbd77889c82b7cf60a41f6b,0
f3b4f8b95d47e549e8e77e9fae1dbe1bd6df0af6,0
393c917dc29812dd8adf5da8e69f77a0f2f8781a,0
b5c437f1b2aa150661e47a97568b57f24202d171,0
c9d8c8aa373a0833d3503a136fe1c0259ef2f0e0,0
9c9864b338d0d9bb80d87b395e54d744c91ca749,1
74020e13c34c0bb1cd935775746ca774736312f6,0
7b65b850409c5daeb100375e5993044dff638d06,0
18bfff4e9ad6b0e95d6fb35f00219a4a632f12d7,0
0f27b1a6301c5dd6f35f81c88a5ca17742655086,1
fa130514ece195014e1739b2034ec28d363b4876,0
7b80fe4be35bd72a40e2201c490f28801ba0bca6,1
5acfb9ee283ea5f502b301c74f966a3b48912dea,0
b8c62647824ed2d132257b5278dd9b921faa4334,0
4d570bd5d281ecd93c9c332407534968ada7063d,0
b98e097bec2a651e72016f4367d014bd0c7b1dff,0
4320129e01a8ef54db60dd3745b09da928f32dac,0
4d939ee453d32848715df07bf071ff9c7da9d47c,0
b21e3961a9ea45b90256cdac8bd2ca1c600c0dcf,0
216cdd4e47992a0ee30dedcbe42393901d4882b7,0
1fe5e60013bb4301ae60500262fb3c21ccc6c80f,0
dacce8d0abf045f981303c369d7b96268c1b4efd,0
bdbf36da13b2931630fde0fe28d1c11c6b649be2,0
3ea0eecb62236dfe510c49ecf7a48c9900f804be,0
e138a7b0dc84cfeb0c1600d4aa1c45fe70b3e688,0
230c44c2ff79b6d01b1694bbec1113b02e605fda,0
62a09b131a0b5be81b1a0e0891df2675cee8f74b,0
a1316c799e971d7c8db1a1f032a1b756ad81aa35,0
86f0b280d9069fa47d62d237af3d61af95873ea1,0
20aa3dbd3667f2bfeadfd3810888c5860f6636f8,0
7e83ca8761d1524fd6f734be612955d969864dcf,0
e1f8ed0c0284d3a824d7677e88b1440a002d6b24,0
a4198e57cc0ed99636f30c8f1abe26682f2f93b5,0
3cc02511b7812a6c949832b209d7f4aed30e688a,0
932b5ea4dfc4bf83b541439fe506695c2b8be541,0
81af9d96a581859feab7dbac0effdb1679b84656,0
7940f6abf64f746ea8a55c2ace8e5192aa919324,0
4344dedafcd52df2f7d4f8a22b928aa972fe1b38,1
2b0ff2d7fbecd8702eb24ebd98d06d1d1566d137,0
0f21b6872087289a8707c5de10ff8e1a5d9ea386,1
34ae2ec545cc11045f389f5e9fa63fbb5bc221ba,1
b279f677f4356b548392488e2be8355e0afda851,0
1e20b21a32a727267f4c0fba9c0ab0440c3cb2ff,0
f58346d427eae5004a8ab9c67ecc51f0e1e6b88d,1
feba55b38ebc0f939cac4fad45ffe802647e6f86,0
2ca95cc81e9442cd0148aa3886e36b18f111730a,0
0421de0aa53e8a3f8b3da1a075782c133a23d0f6,0
90142b16e0bc1dd8b22d95c04df15b04577da52d,1
8018c7c4e44b71ee32e60fb69117a9e6a1941992,0
f9289ee07a72210d0507c62e16ebacbc0bb99913,1
0f8234b93dc728f31f7e19f97ad2b639ee152c32,1
caa09a3c76520d0d3dd769f7c8429e3f0b93362f,0
3dbd8a26d28e46f2e546725fb28870ba134ee745,0
5d91b79702eabaca914fd0bd8b10412ed6f5726b,0
9dbcb20037c049364c4fdb80b741893dda155db1,0
ee814ae74cac86be318fec98f3527b867dbdd18a,1
2c61367d1590d635bf300ce0d450dcd2ebfb10af,0
b1f1bbf6f576ececada5add29d6eda9cbce68eda,0
50a5e3aac967aa996a26e0641af54812f0f2a7ad,0
bc33c804b6d04c4163b4d1a963db746e3624e11d,0
58c4b05b0b6caf2c270cc55159ac9e57f4b7f177,1
4de3d8065dce50915ec8f9132803e58c5c244229,0
e260f873bb4890889398ab4d734bbe016b34af21,0
51f3eb0a4409ba067a3b81480e9b98d01a0758ce,1
869ab289455d3e1f3dc24204c7cfb51b35154412,0
9306f3047857b3219ccfde47d2d300b9835a2ee4,0
d19832fbee52327409edd4b1faa3f666499e9dc9,1
1ccef6b7131b12d09c53b5437617e43065462117,0
a770b737a2f95442ef96ccae362df87f319f1fac,0
232668be7901352b9ecb2f681cb5353255ce79de,1
5029fce4c50765535b8a25b01b289064837f00d4,0
b53662db63b5090ccba8b92a2bda9dfd0df49284,0
b46d619aeb5763310b5bd88a91f78c57eff8ce51,0
dd973485baddc3cec1531e753ed2c6b505db3d31,0
8de0cea2186ff45beff037388cf986ee12f2d50f,0
7f89032756907d2d5e1aaf15519b9d47db5bfc81,0
a898accbf27803b7229f664b051d914cd342575f,0
a97f775c5771c00d42cf5db70475a471d3619055,0
954d006a9adf2aba92c5d4240ac0646832d35f0c,0
993494f11df223915fa16fc5c719a2fd9dedea6c,0
e13e9c943ad93a9acf3783d98072d1395731a01b,0
4633f94139a1e651cc3e0ca737411131c9739528,0
3f4141eac2905c853ccaa107cb73beb485ff44de,0
e1b2e537601a2fa7759d35d5cd3f507fc05a40c5,0
25aa5ec442366666e245127417a0b1d14a6bd9c9,0
4799bf23e661bc45e34115dc73e16379381ea7b1,0
9ef64cd590ca338f19d87148d381aadcd6a96151,1
13cace64a793601c92e4553a1fd5218d6836e55d,0
99a61cfcd1eac31a56d1c3539078467bb949ab92,0
da53ad491cc1f15bec57c0c05676cce49d6d57e6,0
efc8c5dee116a7868a13d4315041b83efec23c92,0
8d56642073cda988333c3eddb0f947dc5b283c73,0
055aa16420b6b4590eda7faec2b919fa59d75565,0
447860d1f15d1674afece894caa1e6561551de60,0
67d0b8000d312a492ea73cc196649ca9922fe537,0
5e599ed2b256f6ae4138d2ca7044e1c148382613,0
10752b6ab0ed2563c5d31b97d1a8da268269c281,0
2d68d0f671482ef42cfaf05b6f66e9e4443ed2d9,0
07fb6a08d6b310f86eed7cf9a8535dd563a94226,1
71c0b7e62045292004248ebaa20940b687009b33,0
341059149b142a5cd41611e3501d1e38d02ff46e,0
ab6ba71912515ea4e42539cca200f7394f3ad700,1
13ab7ba06ccc7ce9670c6f18fc425b46f9c5f159,0
6bdbf54fc851ef91570eda6156f25b2ea9a43a98,0
2e0c82394534856da49b57f1136f9ba77b52f97c,0
bc64aa3155096ac2bdb6e93d1c9a3fade4ac70fe,0
7e96cd02d08b9d1419d20bde26b21bb79dd1e369,0
3412b5e45a2ea746f5f545d4d686edd0e8a77252,0
9a2a97857ff105736164f9a63bc158fba77417c6,0
6695611281e0b7ed9740cd886d5523c8f6d42bbf,0
eccfd71193c1c28586cb4ccf5bace83a9bfe24b0,0
bebf8dc44e7412196b07e27a1738f703d8ca8b78,0
3ab8d9fd7c2a6831a3527d2a6186db4fc88fc224,0
513fc549aa948f324bfa0ead7b6e0fd2f15421b5,0
d9037554cc2f5333e6a4ab59a9848dbbfe77815a,1
c5451d949d67c415863565dcb56a6b2608a3aad0,0
43c1f9181479c1d90622ad6452ddc278c15a879f,0
7195bd6d111bf60fcd280e16499cad6e82df22b7,0
393b044cf1b2de9922b742a6af99fea47c64036a,0
049bb350cc8d12fe62afaf165bf4c4ec9d98f96d,0
ed7f12ff8dcf5c62084a8ab74ad4a3d2ca5f7f73,0
fea963312216ebb72781acf012cc890dc3a9577f,0
afae9e00cd7f8a45e636157a6088c0ba7d8425ad,0
5264758fbd83a41b9e286eb0291efffdcd098288,0
98269434b4453898aecab591250093bc766bf65e,0
7863b57a47b3a06656c9c2ac99e1eb4aeaae81f3,0
c3a3e370afac9223585e6580781364772ec270ab,0
dbbab3b5febe421564cfa81798a71339e1eed51a,0
eba412a9c0c089c777e6c9168748d89684648e8e,0
d3d9988908b00d1b34725f4faee09b836a7c0d0e,0
41a2df84d023415d6c767dbe636372f6c54bec9f,0
0434c2306528eb64158b5f360254b8fd113b3b06,0
62b58923c75a8aee3a1c4197496eaee43b551380,0
7d5546465ca6460e8441f5603cf2414253ed1b42,0
202188abdf634c66294170292b002e817daa901e,0
fe1833308a1468b5bf2694ef471a94835ac88f98,0
ea4ee5a6a8a89ab1fd393dbe01b6eb0f77936dc7,0
1f462f512f805078a5ab386dea342ddf231327c2,0
5e70314a99fc1213202cf915f6b169269ce4b57b,0
68f123067ad8ae0431c0f4ca99dbc3cbd791fb60,0
b69ac07f4c4ebac55eb866bf582cee2d2b06b861,0
bd6efd6f97ecfcdb0532a647329c84aca5a4698c,0
655919db00f2f539e85144f85e5223ccb089102a,0
477c02fe6fe7390ccf1ad3fbf3619c939cdde484,0
71f63ca83867274a10d31aada58e60bec4aa2dae,0
2cbcc89328879728d26dd13e5d32b9106eeff58e,0
f44468c589e70c54a21279f382050fa4bcf6d2dc,0
59a49f9bc81bd1320992f4f9326e180a59c1b19c,0
8db44051a7661d6fc97d2ff3e89bf39ce68d189e,0
19a0db5639c524bb835a56b9086b91d64b6fa104,0
aa1cee6bedc5592fd9a0fc2e080515f903a2a404,0
7132ddad0b0b9f1a11fb103374a19c7a886283d2,0
f0f3955cdba1aa2c4f702f2f3fd3aaf3310fd1bb,1
5706012643d339d5c96fd68385c3c0adf50b27ba,0
4f51be4dc104f3592cd7bb3b89a3e8e7a72acc9e,0
a037ac611a449669c19e09c04c8fe8ebf4e834fb,0
d5fe3e9c93340e3ed27c7fef17a8363c05310bc9,0
dc114839f926d68b88ac80cc984fc911d1db3884,1
e509a77ccf7c675a5eff2e42e4acdc590f2d2db1,0
f80591e983f886ea2c308e59bc0871bf3b7915c9,0
1c9cb353e548a2463b40a0c26da59295d20c1e98,0
dbcef172263e9b18dddffd7f0b4d3876d77d4cb6,0
bb08a0e779d1f1d4559045b8243f9eb2acdf9fbd,0
ad29f36d74eb2fccf93eeafe8d3a52c73b9ed00e,0
2977888478e5820bf4f9abb6c7c1ca0ba5b49ff7,0
74d53ecaccbbf991cb9ed6dc1a115a89136e7ad7,0
1851b78373da044d3a25497ee729f9d54463eec0,0
1d728a687538303b05fb269e4592b6f9fafd8683,0
42fc6555235aa41a272cc31b52cd9a32dbe84ec0,0
5db95450d49ca0f8235b38d742160ead6006a05a,0
59552276402efe00cdbfa481612afa02b5d1db57,0
b2033ea988b3f756b5f88b5c97f12df7a8f7569a,0
b1933e99b36c81ead8748cbcb992644995c03b6f,0
bf5e24d8915daf5547b7ae76abc9c1e8f24ace98,0
6121ec7bd09de74bcab0ee8c73f181859a292bb9,0
6c2a50d817cf5e901125fc11167a13876c9bf5b0,1
d24e75e16a5a634a640fe3c8dbc9c8561951fb34,0
f06d3abe62152933bf1efba0391ce0dca7280751,0
c9b7eb2cc7d4233c3993f739b0f4b16a1c2a36f2,0
6a24934e69bcc5c23d738f75155519898a760fe7,0
2b5beffedd4516070c4dc0b18686fcc2ac0f4fa8,0
5b5ae99944a0e6428081e24fab21931d56cb5ac8,0
08a6b4faf78cab52f040ce4c765ab86ea92fdc14,0
ce481c029a9a9efae620bb4ba89210267d55479d,0
a097803658af1822cc684d61c3f47f0114c5bd26,1
f299cbf1c894817bf70c96b8efd5ad80741d445b,1
5119b754935950632ddb6decf5c241fe7367ee7a,0
1a2a4593677a5dac6be67ae137dc473b3794262b,0
5128607e62d24e20ced204846b608c21d7b5aa50,0
64819090ad019cc7e0ffbfe1c9a5ab6a4e2a46f7,0
fda990dafd010a9dfff457854c5a8750501b18d8,0
d52af416a388e4ce8eb47b729ce1c462d6a11c9d,0
47320652090deeb56c31d98b85e43c5c84dfc656,0
e89bf00a633515d6a40b2cf915af206036aff36e,1
bcda607c336b2444f9c3ed59146165464aafade0,0
afcbf44890e6d9af525f8bd7a35687247bbb1c1b,0
0c2909659ab7f006807810a6047113d250d0057a,0
039c0e6d23f2ce9f8f830ea965b2175fa624216e,0
76b568bbca6c79ac317d1197a442704afbe60875,0
00a1044c064c170483b087881134993f63210cee,0
a9b2adfeba8ed636b36f4d3374ae1600f464eeee,0
4d2a6b7571d3b040c5d9b3bf949c9f3b5ef3377a,0
4fdfb49988d584df2107082b2ccb12326b60e716,0
17eab53eebb92a58b4658c6788738b64fd9b2c12,0
a45377e4b170b8ee13c29da11e04eee59eb38099,0
42d588d6ac223e5c29193fade78286b4048efe2e,0
32709f5a3fb9a32fab757d50a5df7063e4d1bd38,0
f77bc49881de70e93162249eefc9ee62c73c6b93,0
45850666dc1748769a9eb1fc0a6a6aaf2269b20a,0
222335f1ef8d355566fcb38635dbc1e8d30e8a23,0
8635bbd2db59c5a84867997533ae509b0a3bb41f,0
3bd45a70197a2639edf4a0f657a48b30bef283cc,0
8e84d3d8112566b46c1d7170999601846dceac0e,0
ae791f1270f5cde27d9c9ab58f01f57c5a5c6fc7,0
5e5a5eaeba244bde97283135ee3f6d1730850563,1
a7dcd0433adffa0bb8bfed0aa43ab57c7f593da8,0
a25f93538754426ad6660a8a648d4822d9285112,1
7365d423c16ef621311073e90b127cafb8bda122,0
20f3e01ed79d90607d5250ee9f8666b541dfc12c,1
a3d5efe369e8ef4df55f660f5cb8f18c0e221b27,0
0a58f78b19c5f17a52955f7420b7c88e3950a633,0
b6400228d4b6835e6a8d68e1e2bfcaeff994cf23,0
137f0e93cdacbda07dd3334e038b849ebdf513bb,0
9bc2d1a2b468f77aebbe590ae62a78ad7c7f4537,0
6e2d4074f26e7ff4de084a814db3b62be754e295,0
f18a29bbffa94ddcb5d17957111e9e39902328dd,0
6b2357d51e4e1d7ad99da5264307970af38f1ba0,0
c815784adbb3193a3f420fbe6ce686b215de766c,0
eb81c15870d929daef1463f663950456e22230e4,0
a550d47778a7734200ebdb9c34ce79847f3aa123,0
164bfc2e5c3008b9df9454c58fd08abf506d0472,0
4236bb724170cab60dac60f9d81c5794b725f6ce,0
b7a00939b4583ea6b1893d094fb27bfd04d64900,0
7db147d5849e7e234982efd43738c70654b9a6df,0
1c3ba700669efed5f84b7f07694ce77b82c87bcf,1
ae61b9dbce64d01f53a55314caae3db9d3901302,0
b4debc34dd4b058b9fe0156f89c0da9f5612c47e,0
84d9f8a75d0d7b699692121668dc8a92cdec6f97,0
87ae68094585293aaea029058e306d7a803476ac,0
9249cf17c63251403e0f8c8e31cddd6ac0c03b1b,0
a4e520991763657028c4675354f7d90b354ba13e,0
c11d7a82c41c68ecf3eb378c7e9ed161867b3207,0
5524fcd2f68556130262a1669b61356b25702af8,0
9396a7f6e44f896257a8a29b8eae207c28d726f2,0
4755ec1edfa82e23973716b640324103d0b78006,0
12fc325d200f1d8b9f9f9cc4113c7540e81420b9,0
9b0f0c8b8bb42bbd4e2e99b6a872e0329fa1b9e3,0
8f40c53668c08a1a91841f33ab5413ccfaefaea0,0
e157def749e507cc1209f008572ab09b10d72ded,1
eab72af6215355fd962209cdc4d03415fb8c103c,0
311278eaba3ed6a7b7c5d642f67ee34410e3ada3,0
9c6f39aedfb767690854835ca09e7054949bd166,0
2e5b6958527e6fd08068655f60a586fa9572b63c,0
c0b5397ac81e327aaa81d5bc41e508ecd8ba7f18,0
57e1ab7da68c020df1e4fdcea8f7ec7deafed540,0
ad457c0f1f3da8de579f8e0ee9bb246800b5212d,1
d4c30402508e851d335fa357d4bce8898fe89c9a,0
fa66990507cf3ef989b2655fc5a0c2dc4008ad9c,1
651fecbee7176fdd254635ff09d40247d4a89447,0
c1ddeea798ae4b1c9a92061f2554843a201fbe05,0
25d39f56acb487207d6a783199239539f2798a23,0
93ddba706850d093be9d6af00107f4b8029a2414,0
abad07cc35aebbab287f5b73d1f1d1d37b6843dd,0
39ade42a999595c64bdbd16ab996164c50991111,0
ea8e15b0f05140aa67b268fabb97e06087093618,0
c69aa2697a0dfd7e99c1e6991a3456962ff309be,0
0773ec6c8f2282aebfc1d45e12ca183d62330eca,0
d3b0cc6c40ac547616d8fccb7ac80606a7aaab9c,0
323d8098b04d55068b6262a64c9d03c6777700b4,0
de671af4c58114f5ab04ce63eacd501660823820,0
c5f2b54efef810186025283b4657ba456075b9a9,0
5735aba9317f60d4ce23e1ce93753d72e9833eec,0
bfe06096445bcd34b7b6e51d012e4b2ab7928d50,0
74db18612c979de98ff28e765c74a3dfbe05219d,0
ecaf2af71507d843e16b80a6bddee163a6fc9e74,0
3cc66405a27d9d48a0ed5952c1962acc0572711a,0
fb99df24f51c4f4cf5c3ea37c2ac0a9e9686919e,0
a08fb68a93180a569becfaa72a7bd9fd7895f8b2,0
e7ef0c0c63b5f253c307a3cb3b4d208be1664170,0
3cf91e9116c17dc2112f2439d90213145d58f9c9,0
72af895fcd5b5186bedb08ec9f79a03ed8e9ce3f,0
503b59209134e936b68f55539723754ac1ef51de,1
0a516bcb1c396698575bfb434e23bf9499ea2426,0
2b0a5e8766c9a6f72d53439b6db23dae05a63354,0
c48634458bb8c83a383d6fcc15d53bae031da028,0
0da079616dbd021da7f6a2e7bd1f8e96283f54b1,0
60350c54ec1dfc27816b7bf62e3cecf74b1b8ade,0
1c1386585bded81a977e1b84b19de69ee94b1213,0
49e1db4b2b5e6d3745af9fc2e033bd92ef7b63f0,0
fe36678abe315b45f03ff9b1aeace1b273134a0f,0
6ccee721500403cf74b3be5d34f4cbeaa8e27fa9,0
ab3b8049c2fe2434c45a351b03a96f2d43f46d13,0
1ff5a2deb71d57ea4854592b7f8e7df6900fc2a2,0
36c4b91661e1e3319ee45a1123d14a36f21e5c25,0
fc0488f3eb433818df6408798cf662712358d019,0
4bd24b53e2e2942f68d4808563385ac5117a7311,0
f38deead2c77544d78bebf5ed60f1c1c548124b6,0
0b0072fb4024a52f8d5460dcd5485fd7dfe5cd8e,0
1d90152680bc876cb7b7f6cb1544cf537af54c86,0
85caf60869653ce82ab8ff5c03406f2196330799,1
299904b4b7811d8f3df57314d7357c227c2116aa,1
31aebda9bf44cb390bcf3a12e4a2be41d58a34ff,0
e6ec21311c70fafcffdd88153e351c2d821dbf48,0
dca0217e9cc2c82360bea8f912eeb2ef9169aa64,0
6ab056441784cbb5290e54ed204c80d95ff9299d,0
2e4b4bac49f92e6693f5182068447e3125177a0a,0
34ed1764e2ee0220346f88436b269c9276fa3f71,0
3eac41a0135246657e0121b5056b8f60fbe22feb,0
27af4271f90fdd61c07f822b71bc44804876a9f7,0
7d5b4634263225e768ab56dca35aa9c0e8acea0a,0
8db822905788ead1a26b140fa3ab061a019c0dea,0
40aaee4ede9908b39fbef1b6fe61b0fe1ace8650,0
f3332eb6faa3747d5344f0806e046f8b38ab7540,0
d886b0bf065264427cd3a17ac491c655da434afb,0
eed04fca1470456007bd9896fcace45624f11ae3,0
bad6669eba6612aa8ee637469773d90c41e4557c,0
11e4560df5ae9036accaebecf427c8caea88d7d8,0
03e9fc01fe841e630a9d753f68db5cb69ded6ba8,0
940c2bbb74c854e598fbd6e462939573a81e6966,0
bf26b71e373cb15159ae2658e86e914b5cb6116f,0
913eed657b1679a9eb21b7ca783ac5cbe30b330b,0
87129a136a10fa326df4de0d41983df1bf7eced4,0
ce55cf541842d6276a651c3edf1e9912521d1eee,0
7121a713e54382a4dd4725a319f51bac45f6303f,0
295317aae1e6d63462498a00092b0c9e40aa9f8c,0
bfa9ca25a93f2a381ebc4f02c63574c07b347f41,0
44886b80060debe2a1373d33acf144dfebe9b00a,0
4c99af98dd0ee90a0082629f51745fc8944ad4c2,0
1ed50266826cd58069216bab67409d89a27a00b0,1
6ad6f825e890277112829a44aa7cdb6a0fb31395,0
8ebeb1a1ef7841cdfe45a63d471056aa171de2d3,0
4c561cc9f56296f6adf1328cc8c28a0294741a53,1
e486efc6d0064265de2af8686fc4c43a2539bdd3,0
cfb4cfdfbc9c428aded7b932d033a73217b05d19,0
57b9517c72558ae700c47cf47189f371b8bb916a,0
2e5f7966bc6b216f1e4119a7b9a37968547162e6,0
9cdd4c7aa878db74e3e1cace7782ec70bfe9d954,0
81cadd54f449da8ca63987efadfe9c0919177e5a,0
323a4af8d8daa674402eb8c07e70851496b578c2,0
908e4fbdddf5ce6292929bea218bb29829c98e39,0
cfea17bf21563890ca519124012b121272012483,1
7e928b2c44f1872a4a3c99e3192ae8af3df7da0f,0
9bf673094596ab64e2b514db885ca9346fe391c3,0
ad915525e7b0e4229cd339116288cc1263baf368,0
b5e4a5e6731928ffcbb04073f0bccd0f704f0dfb,0
1a3f5c0908e553fcd6b5807722ee0ecdb54d4a79,0
d323b125f02a321346515e446a5525b830fb6b5e,0
4fa547f3f4338c1c183f981bc15bea7f2eafbd5e,0
6a4097ef31dd72a29c9f4bd39a30dd285824fade,0
bb89c516e5cb8c3b1a81d50e6c805962c7eac423,0
fb0f228498c6da3c8d8824e80c89eec8d4e68eb3,0
612ca4f1359843313407ac7f7d87478171a80fa9,0
db36a0df9853868ae68cfe3c7f84bdd7faf38f6a,1
762b01ae701540be6daaa8da556386d6211c9574,0
c65b724bc2fecf5f051a7d11abdd64041dc5cf93,0
c96d2beed9ce73164dd715f63e8e9dc8d047f37b,0
0dc6369b0a0bc98f004e4ac5d03a611d8f917cc4,0
36b5b61c09199ab246ca63a6c888c602670eb912,0
83ff2ec1d08b7cfb73024d281ee1789ecb671c8c,0
698804896a55ff39b6dc154e5a9e25ee0002f6fb,0
292744b9e4a8af7c051704af5e74c4276e0904e9,0
f21691d56898a639a86b0b5ff0bc38cac4ea4641,1
7befe4f10bead2e1c41014c8001c35a1b57c222b,0
1ef29e9684500723f8b8ab03b166b753b91a519d,0
41acbab0f84b088d6948b46e24033d257c2846eb,0
38f497f981de7d1ddc0f994cc9685a5f983d80e1,0
93ca229b991d94f8504ed007235917601ee358aa,0
cf76218d3b2057f4ac135773fc8fc45a81a50cbf,0
fbde227cae4265bcbe6b9701a3149aa84ed41be1,1
c0c4ba80eb6df4c787454976741f9e7bf4ea5006,0
4980edb6e9dc0ce50e2b61639b342672c6489a4a,1
5d7887d1602266d08a76da01ad9e630d3506e5cc,0
44ffa7d938537f7a76beee5b707d8eaf78801809,0
6e80fd9fa0062ccca47f71a879ed1c513787690a,0
6d9be872970edae48fd0ee8172ba3f5263c62707,0
d4e581187e7d172c92369035ae0d3fe79535146b,0
50cfe8ab67ba2e0f59b9ddcddcddc23d9f29c13a,0
3d3276afd2c4d06c4d4ebde323ab31a948b61ab4,0
8088bb72f0473ed51de07d1d825609f860ea4e32,0
993d65caedf92b6122a5801d02acf94f06c62c18,0
82f27997c48f2ef4ab90676864cf9034837e1d8f,0
cf6dc13d0afe1c9ef5b0589092af94f02f407872,1
45bc75c76a171ce728ed4bb8d82a068f3e058531,1
8c89ebf50a8441468828a68654b2cf2566f122ac,0
ddd8b9ec113250e52c4194bb52fd4c0655ab7e77,0
ef3f23248413bb76bdf778da3ff2b680fdf707b3,0
bca0f8555f10afee4eb6ae32f4e73912cc1ec968,0
c97d0be47cbe8f6c5b9f0cf2004609eb56745851,1
967d08dbca0bff72438170ebfb75df38c8343118,0
46265be456d24792a70c0953393d68a6251deb93,0
0b690b52f15b119f6adc8c05ece9541a358a26c6,1
8225c5bb8bad222dcfd9e0c54ab604dfd69e70fe,1
32514d0eaafa9a548325517715493cbc4df293e2,0
f6f9be5dacbb76199d1f9f7bfadb357b549b2cf9,0
a91bbc58174b9aee41c4eec9600c2ba66b7daa9a,0
f0b1afc357f8d168a050cf4eeac1a549b08f4247,0
adf5f3151b7328aaa091bb67acb5e47733b5cb13,0
a40b2ecacbdc1c4c62ccbc8e8f981307f45bff39,0
1c0c8e456b31b9dcc9f2382bfcf623e9c458cbe5,0
cb119d46a397606003a30884b56a1c06c73be59c,0
3c718e4585ec712df29238c18bc6f1040248e800,0
14f30cfa498331711d37bd78a18b34a36d9c1e2a,0
e73f3c6bdc80f94972746e64ee91dc762a884960,0
93611c3206bbe386089c8ada974464f468a90e09,0
a2087b490b91d4ca4221de771a6d138b5cb728ce,0
ee71f9273ace7e5cff417de5986a52874ae5aa2f,0
df19591233af5d060b693e72b495e52dcac03b81,0
01308eaad57134959f79b8715cfa94a5a7d5cc4b,0
2b7fa41f57fabab5908189eb2152ac13748e0c4a,0
4428e0a28fba0375912ab304e8814aea6b2086ae,0
146d36d2f62893ade04e55c9385e222917801534,0
ab9da61461b8137702bd869196df57209de43372,0
7c4544359f362832fb91b51340b0f2021605d40e,0
d1eff8ad9688cb955b69f8dca1fec6203e47974b,1
754fa334a8de3d167da86d632f10bfd5dad17ae2,0
fa234c22ee395705fd527e69918a3a08c659f819,0
6e11d3b640333c2b577df95d08019d982707662b,0
fde615b87ddee0fe25d884165ac36b1b80bdc731,0
1e41c2a2f0e11ad2ff2c8a03c8f3d65e72f65edf,0
4a3fd6965f7aa6d65b240a0897cb529d745cda37,0
3ffe034679b2c74bf543a71a157540c148b3c844,0
91ef01ec95d6c65497fa34362688e39abec1c803,0
47026b10bd8139d4798720ba5c3ddb51e563af56,0
24a735ccf693a9800c40395f6c0197a3a63ee871,0
4d04f91415c34a991a3331d6ea7c393c2c9651da,0
767c0e206fc16dc5f9bf85631d0fe6c6fda34f8b,1
085fcd1397f4c40a8d9212af07be7cbe4452c80b,0
e15b646fe2161040b15d23be1858a6e5e7ac1751,1
7eba810248251fe209a4f9f0e1d37bc0eb9cd9e3,0
4ebc1fc22d2889a04a624c422329af20418c758a,0
11dd92b8e97c1066af1220d04ffff06c76e19e50,0
0ef00d2477fae1dc430450e8aa76d7dcf2bfa76e,0
fd7942afcbfad4bee016da29d7b9892d1f0fe947,0
42850d488aa96eb0273949469af9e480ff58882c,0
f09cf877cc06408f1104fb8db5da83efba2be711,0
99611c2bdc95bf8461967bc30ba77738d6211e3a,0
d17fbca4ee7adce1bfc9b0e1df9060e71e3dad75,0
e9a5fad8d75255942f49e13bdc1d7f6e860a98f4,0
d7f25072d88b0d71126e5e7778e93f9f0578f736,0
7b38e1dcf0f35fd4dec3bdb54c91758c36262cec,0
3d0984c1767d3b83eea49c011aad982ea2f7b972,0
1e70023687c2ac2ef63b2a1d6eb9a64bf5b159d1,0
c31b50fd23a92882c4cd86c2df37822db40214ab,0
26895fc93d9c96764c829f4abc59b23c88624259,0
5867760be74eefbb0a0a473154c8a662309f45bd,0
eddf2fe0a0c39fb7144318b363ede905989c1844,0
f96023e4d73c7630911a40dffd7db20a91c6517a,0
8db8be48a4b5b39836626bd6e8bc49e7c93411c5,0
7ab6ab91477cf56ce0d898a0d6a3c9d94a7c5f4c,0
e3f119498242d8e20795152b183156ec1501315c,0
726cb3233b6ca18266c7ca87b2aca9ac3b47d428,0
80d369a97700f2abef9dbdaad8a1f4d58b9a8069,0
580f644ee9c54c7b050b8e893129027f6a50288d,0
4c892105cc8e156ec7f38919001d8885d04ec7ad,0
449fd56b321f766e9b819b2f824ebe9f561273af,0
08a32f75d6aa306de8418027e5014ae6f5adced5,0
ac5b051e176f73a5c2dad7c86e891838aa196c9d,0
788d9aee84f41bf10bf795f42a5ee0fca6cda690,0
d09d04565bbf72ea03935809f8172cce7a3b3ff9,0
0c2df9cebbcf4bfd0e4a7620170ab63829b258e1,0
8c142fbe392dc49615a1b58caba15dd46e94e7bf,0
8b9904c1ae3e73bd8801075e2a65e62714151fcd,1
fe2b7af469d7a6bcb90f785d021b7b30962d0764,0
05fc2760371afa29660265cde64ff671aad652ba,0
d84ab22ebed53dc85a8e970325a48b1d53bf602a,0
e09d534fb03930a45fac43c1b49bb0494c90b48c,0
d3a428d94e3fa0ca220cbf47f7bc350af803bef3,0
5704edd555bc3f72893d8b68940c7e578b450789,0
c27921ec5851578ca244bca3ebc8ec012f31cae7,0
5f2ee23cd94a16988f7c04a7df1235299ad55c46,0
a585f33cbc61ce88e099f39104008622c05b3506,0
4c168692b78da55ab3e2f7c305c0d9bbb438bd42,0
6e7f231f0b4de4d70f693c3fcbc468ba06ab2361,0
a46eba5d88605473e377c7b183e7424d8d201691,0
93f23c7865d63eb29b4c9f170eccbf4a2e89a54e,0
391843b041a8cd3ddacb44df942c4b4d48a414c9,0
c7c692295402c7f45d99164d5993e7477fae77a9,0
86b39f2a4effea8a2ad1da2343760b1124f5649e,0
df12e3a7a809b25d7d3a35a35a654b0164fbc83d,0
b179e874e0a7c57fe339568e96fbb97eb61444dd,0
d54fc106f68d29aac905cf1b23b219d5c97d9cb3,0
46eec08f97531bfc902e5629c70fbabcfb6d33c4,0
d44184e88335d09e1f6c1bbba045ec613369865a,0
2645067b711eff0e990f213459b71880b59418d4,0
67aa58eb36b367342b5cafde14148c531724090c,1
1339c030af6e8b89d4ad8633617668bbef46acac,0
586a4c298869b36935f7990c3cde4fefbab1b39d,0
5eac06ca11786e747dcb08be17a70452fa4372ec,0
7d599e6219f2bb9102d58f48ef376a6dad1464ef,0
a3152dc6a5d47263027e601170aeef882281f4a6,0
8c584ffc21e044739feb851fd0b869447b6b7c8f,0
e3eba88bb25a83bb502da6a1ed9abf457da0308e,0
8ba335c5fc6f370e50235f1647b4bc97e9090045,0
406f68f0d2df5b455b8bc92fcd3e229c858cb78d,0
c58fe7855350f296d9c00639941c9e9159a34878,0
6f58f1415f49b30db228ed7ff1d9d042bd911aba,0
897f0cc2882652bcb46132324faf16b5ae943bf5,0
dce8b81d13868866341f629d1692d6b15bd50249,1
22f15a4c4ae1fa1f64143627ed429b4d216c6d2e,0
85a2ae9176e24c20fda013fba61f79613e1cd371,0
1f0d805f38b370f30532c837df3c3b62795a9691,1
cbcd8a7a9061a2f0951e7f5a7fb9f862b513e53d,0
8fc19373d32d76a37e2f6e911d5421a80a4297f3,0
44b2606b6b89b4903c4ec2b742ab4ac006517ba4,0
de40590b7446230a4cf555fc987f38335d04d9c0,0
b847e4f96435eafde0a0364da2df4d5bdfd3c857,1
75bbd97d161de26b19c71165b51a803f529c4f2a,0
bb99cb15602a82747305d3478a78bbcfcc68d247,0
1302c3dacdc6c24090586eea750ed64253303656,1
6dc71793c580ea1de2bb67910b63a3a85eeb0474,0
ba7baa029e3112b78fcd6b030298a91480485138,0
d7aa8189671b003224a6eac67f9266b611911e79,0
5e9986235e36cb34b83df3899efd0324a8637220,0
a3abf9eb953cd64b3be49baed296de836e284796,0
c533b3a96a3c02aeb77cbcc242e029f3b6ca68d4,0
eee49a71364b9241f5e311d15236e92a145147f5,0
4a92a7f7ab42e747a874cd0c1a3dafaffe2910c7,0
c1b34843c3bdc67fc477627ea64d32b47ffcfd4e,0
42b56f4a3b9619883f718c4425cbdc39672d357a,0
4dafb43dff43dc35fc69e0ee887893d2303af53b,0
f14fd1761fc39d2c9a508f2e8abfa0d3cb4b8e30,0
6efdf2edaaecddb077253c3fc895d2ce59650b76,0
40c30bb9c867e84374db8ff0eea6a5293bc8bd79,0
11c96f5c644c4c9b1e8364897abb5677d6fe90ab,0
25398bae44dbdb9a362b8012d3e6f301577a01a3,0
152486cc7fb4ac5f922d40a8c92aa39965f6f065,0
09adb0115e314894bd400029fb36641bcb89ec5e,0
c6a9858c454a409cf7fd833f84b953ca6d42b2e7,0
a5f567fd4e2c099aafa42c54769736575beb1652,0
66c6c5d53a7853efd39c599c1b50126d932da690,0
8b8fd209d7920f3078317ad39614e83c8c3d85e6,0
ddeae60cbba0895248225ffc6fa3541309d0946c,0
3cfab6661719e301f8871424b3f230d3262d98c2,0
4ee826b62afd102046c4f84d8f2a82bb7210454d,0
e28106eaf46a3364fd1be450efc80977a31a7db7,0
2cc73d876a3388ca3b86c2e1b7e1e56d9685d978,0
a5296668e54a43eb48c349ea9b4fbe0927299ac0,0
701594cc20fe69d2a4521600e0a2791665869714,0
0cdfa51258073d04a1c40c43c986c08752625a1e,0
481c58b4f141f6c576874784961c3f33e9ace969,0
b9f8b22bc84974d6d5e1d74fd7c3849a15fb1df4,0
dbe103a9007df1d7e13db06cc5e18dcb5aac8851,1
08eb0a91638a8fe4a016dd548135946129f2a54e,0
353e267e647ca2c7dcf25ca2f4603a702eaba206,0
5f25ba088790d37474ad6cf480695047078689e1,0
1702ad1dd124e69f8b0cc421c7f1c713e0d22182,0
7ab4c9449c188702c46409e8d77a1d5f087bf854,0
1287683706ccd072d44116f61c4a1c4f3d5cb58d,0
74a95590af0cc2a5cfb5c62da6e9140dae478fef,0
4b15592c135af0f95243df6b2f4b0c06291a9389,0
bfd01b0ff5f4fa0667b2b195ac75413e5f9d1baa,0
d526532d36b03cef40712d15136b523c72b56f15,0
d3f66d4612ce69dfa074b63eb53660d7db8d0f39,0
5725f5e4abb95ca83e0bfb119381b329e939ae67,1
c37d682652eb390e7affbdfbd6eb1b4b3ce55d6b,0
963e929ed4cbe71e5a84c8f208e93546c5491434,0
7958755923dded5e31edfd1659b810a506af194a,0
f8c55a7f944a5e6d7bb1a0b9f8ba5394aa675dde,0
1c1798bc51f60fdf5420847fa9b7ff8fdbee1e30,0
07290fa687309539ecb8ee66b5a326ae7623a4e4,0
ce1a6e4686f0f03e3a55808c4a6242cbf3c78330,0
2217ea15521265066f61f2ec8231e0a8bd27fd4a,0
06b8631ddbb9d7cb18df26982f0d41f6324208b7,0
d2691e9f84227947f39d46eeff213c4dfb841e5e,0
802b1d810183567357d662fbe500558b09aeb89d,0
