commit_id,label_AGSZZ
0711513826031194905679fb54b9bd85d66ed6e2,0
65461344717ad9764e8c1d86730168b51b2c0bc8,0
eb296564124e4dd9cb1f98695732c97c235dafec,0
8f2556cb9f9c618cc55ba6b3bcab358ffaaaf0e7,0
03e4ac2dcb1cb9ab1d033bd4d889a9cb63d07cd0,0
c362906efed1691e803717df617a2e8821f85880,0
b73fc55a25cee58ef0a2bcc0d5fa75f0013028fa,0
bead264cc59ae8f736ad5f73e447c51d194cb3d3,0
63849b29ba8ae05a502dc33c3427cfe8b542c3bf,0
2927c79ff1c23964dfd00cb45182657c35b2e899,0
8644f1b12e17ec1d5d013d7ef84cc830ff5a6bf5,0
9747ab62d086e367781f72b563f48ddd11b90bca,0
9bba2ae9ee9d72c5717b5acce42445c058abf8bc,0
a888e862eb69ae33d8bbf7956fc3f9875cb48216,0
bcc04c828fb6fae3e7398311b1ebd23e1a4cc33b,0
fe36d4522ac079dcc524e7b68e6c8d8a5872bc60,0
14dc81daa291ad9c71c545c5430861c43160f590,0
6edbe1907fff72fbd2e5c7de135f1c97c0a8e50b,0
489da1e2fcc1f764a6274bfe8392cfc6f881e8c9,0
2470ea152c7b61a03078b0fb2e5d69435bdb4c13,0
dc35d510d281ab2ab8fb4486e517e838c72a64d2,0
788c011d3728f64b301faf0db127c8f22754d989,0
05981d1a565451901aed889dae1ec3a92faeeeb6,0
67df79d90a1bfd5e0a32f4e3c1f37cabfddc6875,0
c30e37cf8fd29e14b1c4a5bd04a0b6b9d9d93c1a,0
2f085c9b59fb8de74d13e8d1b7508f8fed49ae16,0
1cac02ef6f6d4749760564bf17b13e3a89dfdc39,0
749dca3c098cceeaddbf4cee421b1263af7aa6c0,0
4db7f578280c88992c5d3c6df8dcf3a64baaa36c,0
ee1a61a0a096325d8d589535d41d2e4cdd18e487,0
648768b13066843e753455039da0826811ab8e85,0
c33191f88dff8944718d992373253a5ad4b4130c,0
37ad05cf608abc496998e277ffd65ffab2881c5a,0
87319046c24c22b41e529156ec565b4b185467b8,0
866fddeb1868fac8af9b79d96ffb729432c71ed1,0
c9058c78ae7d19cb847430e28a944cef115ff73e,0
1bc11cd09c2b47694a316d07610390380ba2414b,0
0ccdad9b8cf51eedc6e7011d42e50a86ef15b7f4,0
3b67d9adc7bd30bfdfba33b5ac6018e4a74f1b4f,0
f72d58970958a8e16ae44604c5179c0a913639b5,0
a569ad67b8cdb294a8275d6282444d5b87662d07,0
27b4431886086085fbb8308ec166de6a011fbc56,0
0dc2b2d23729085edd7bb6bbd549e4ab05867fe6,0
aebe2c1f0fe8b2b1677ee62efed8978d05bef406,0
fd67cacf14fb2fcb5605fb7b22ebceb71b43f20d,0
426102ff4dc612c956dad8b4b45a0d6d7962abce,0
8d34dd1ae44de13c5c9ec70aecf816bac5e26055,0
2a4e550f9313e0725521a1e1eac862603fe34ef9,0
0a9234e2de7da17ea1aed8a7df477439b5b26e89,0
b2cd04d1162df4e23f8108aea29a6e4c7de947b9,0
e6a9db4456bca3dc9c0b30985026275bfe7b4f03,0
8ca1d8895e90a34e4998baf83f1e2f950a29eadd,0
2506b26c2a95c5b3644882cf8f145a0441bcf212,0
c0601d9258711541ccbf2e4b2310a10e78df51d6,0
0e6d805318fb09caabd2db709b0de756b5732afa,0
c8a49f5cf818a330e835a493de6a333f27f8e350,0
6968b1b39f17bc89be07e183c6a1db7a523636b1,0
edb5269d63485629b57094e2388947d2bc8564d8,0
4b4576e48a0e6bae4b80452ec81ed78575ae4755,0
df64393433edab2ff6fb27435214ec7acad2a676,0
f711904dd2729301c8d373286b4bd859fecdc4a1,0
ea9bc071317c497bfaa0df1ffaf4fc3118e480f3,0
fb454b6788f56554766909c9e425b454f55cbba4,0
16932bebcfd73030db88669797c04d323d987f70,0
d269dbcb8728572773e799a5998aeec7808c3311,0
a39071ad7f5df3f84755c8030c60c6a76b7aaca3,0
13423b96a4935e4d0c12b6bb01a4f119e6fcf32e,0
e86e69443eef1a6a460ff89e11324d040adb185f,0
a4c22ca869cc25eb07223c841321be86b8a9e801,0
8d21b6d0c4b414d6871ce5428dd8cf2a0f1da5f7,0
c2fd0d47f2a870ee79cbd211d373e8c9cfd1651c,0
dcd36eac92a3158c5c1f90752f9d818b5277d10a,0
0284d83704616f16331daca4dfc8a6de395b02ce,0
057528e0f4d154be0aefe8fd3a786e8afaf6df8b,0
d7036d97bef720db534b1a132fbffed0851f622e,0
3a865956d889138a0029189aceaa3725a2e8945a,0
af6502084f6da7d3ca3074175d611ddb3956c6c3,0
8fe5d37d6cd2644ca288244564bbd14565b6bad9,0
aa3c169322ce9a90176f066f30d4b7a837b20e38,0
934bf1923392ebd1148d7fe3f56febe8fb86bd93,0
58232c0ef02539e46a01e617c795fd42a06c3fd1,0
9817b7c03f2348bfa2c27cee233f8c3ab4935c18,0
75b554334ebd549f935ddd6610795a6fb51e5dd7,0
889bedb4ef5f3ef70dd6daa0e3037d40257c9e08,0
c22c9e3627c1cb9e4020fc4fd686756fd9f722a0,0
7b3ebeb083b3182075b2c046429c9376f6cd3651,0
114d6d819e67a608a83f2545825d216786509299,0
9f8a1ecbab0f17702e47d8a4360937876abf273d,0
318c5c64e8eb83d25a90176b92e69ac3f6f9a667,0
b6c823bc8f8865bc3bdc81785d280f19ce72890e,0
79e2599a0af8d647bfad17091ea2160f4803ad80,0
ea70bbe7e3c29394cab5fd3d3430a74abe6ac47b,0
60a1ff1b114745b070dbfcce15e3878ce9364023,0
ec7b72825148a4678772357fecb9994d26a94df6,0
05fdc916fb7b5f4d98374d631afa2a9d527e7b4e,0
5f9e01d7a0e83512ccdeeea59ccd732289bc06fd,0
d77284167b6695903b80c72afed57469ffab5cc3,0
3a8510df0128360650540282126cb6df4be0bd1a,0
646b1d2fea8a5c2431b101fd40c52109161fe2b2,0
6a8cfd40040a2301c230eba46aa4ca412ceb3798,0
a9eb9f168011b546c67a9aad9da2ee9f86de3d6a,0
a26e706dbdacc2b672bbf16cfde388d604045147,0
2b8bff07ee296bda63e975e3ae7ebdee11a4f9ce,0
f3215e06e65c7af283303bd05636bcf0530bb043,0
f82387a1315aa88b9b600c583d70f2d58ac0ca37,0
ea446adbb4d8440f34eb06904393bcd2509d12b0,0
e1753e8b4b9105c22087ae61caae532faa5610e5,0
4c7f310077874221ac35f4c1ea6e2e8422780d5c,0
466b299fc942e7395acee7aece3c30d2f0c1b0b9,0
b5246c559eab86fe949d2c4494fd2fbdcd43586b,0
79cd9b65521c8ec4c77729c24fe792dfe7fe5606,0
879ef9e92b22c4b1eccf7d912f68e750f131c68e,0
54bf314780c0126ee5d600d8e42a3faeaedfc3b3,0
5196470c0dbaf03aaf8c8a21af970619feeb67c5,0
098c73410e581dd7b035963db7b156636f7a5a8f,0
7c364592f0bb231242623abcd556dec130dfc530,0
9828c8f99aec32fcaae11fc1776ccead237849f8,0
95a8cbe57a96cb8b5c2cf6859c3b5ad23079d0e3,0
a7ddb5b80b87318bde2c6a77cd1487205e436dcf,0
0e8373254217e4ac1a3ad2fe9e5ab33e13f5e83e,0
6d0e0aa57a130527ea1c3bdd67c75cc08de70638,0
d30c90bf8610fb3b9b513f86ca271c575ecbe58b,0
e786dbb2d547eace79d3389ca90ea91649e1843f,0
503aafc594b777ffb035a457ed341e31334c23a4,0
5d69c9a5447d32780e5c11f65a44b853647abdf4,0
e00e9e0ee072baf26e018ed27f30e23adf1c9953,0
6c0560f93ca421bc5ce210010b3c5f0bff01f2d9,0
2be17bc18b0e1d4123007d579e43ba1a4b6fab3d,0
6ac4f36c9e1b5ba7958cb097727b8058acb733fb,0
6fc8657b81082b1c986aa35a787a15cad06c4b98,0
aa011feaef3e9d1c3fbf8ef0ae141bf5125f3509,0
5f11f05fe38b2fc3779d5bec6287505798bc701c,0
c63ce79f52133857d1146cd2335d51178714effd,0
8a5ef6825b23c48b1875ae53113486d6b7f8c3b5,0
fe57d586321d06e7146a42af6304b759046129db,0
4ffed6329f2bf914bd0b8419b76de7f4839e6419,0
9c4802b70c430019c083e39a8200f239bb7f8929,0
3f374602d4d63691398951b9af692960d019f4d9,0
03b6b8c3ae27406fadb3b3539b51294af246aafa,0
9d7b5e133fbd04cc043770f9686cac2d2f6d7e72,0
55179bb0b6523173e7d215ea8ff4f0d7afa082b6,0
ff6adbeb00ddd52a48eb33c658f7beebcf4c4056,0
259d05439619d7c3aa9b028b49a561af41c2e163,0
cd9296a409e3a4ccc7c8a532a56f2d2570b39493,0
a2701d733a57f28bd4b1e0111c61b659efef6444,0
1fe3c3cff6bc8b2801354d6e2a605948d2b9cb67,0
17a0d80da3f3ca228a2665297d2b515677218c26,0
c14e2ba5a7ab5fcd8d195566db2c98660778bd40,0
017043623166ef230344036b4eacd5999cd5e9cb,0
17f272782618066b672977266d19aa8c71d26e09,0
0864db0364aaf07509762d04f56ef6f8a8d478a3,0
f760b390e5ec5db756003e2c3382584ceb16f556,0
8e2bdfb302f1e3e6e20fc727e1853c5edabdf7d4,0
424fa89419147f50a41b4bdc665d8ea92b5da516,0
ac9af265f9c8ea8bd5034155dd444980c44f72c3,0
370e52b74af57333960b3bdcb01063f6c46ed357,0
a4ab62a7170233e663dfd4a32981c23a72cf54ae,0
f1093f67d43c29baaa76c42cb51488cd4d61fd81,0
083e3f685c1fe29092e59c63b87e81d31fc9babe,0
79bd0ce1f44d17126783c5b02f748a474925c4a2,0
2cf83cc35ab1bd8b2fa9d968e879f7b488072642,0
70dfaf2467b0ab860851c997fbeec5d552fe76a6,0
824e8eebfe49f26d6a5c94db28a4172553cdd099,0
27491e3688c0f541797093cded7e0b65728983ec,0
66547a20a0867a351d21dfe747397916fdfc2e20,0
ad87c251aa834e61307621fca7f9f7dfcf02d5c8,0
bb8cfa726cb93f8f77b59125e80e06cf2fc1b7f6,0
87de65450494a13a0ce2a86bd21742e2ac8c999a,0
4c1347531e9c11ad3c9c70b82e6b79bf21a47576,0
63643996730a8cc0475e0f1c4326df9c78f5fdd5,0
6edcf2631d0870185507cba10c51d67a00b3c1da,0
28eb66db030f2a1eaa9a31d641ce987ac77b7afd,0
5a5e3eb08424a08596704990186d7e1eb7d68b1d,0
b5f8c9d7e59eff0cb456f1cc6aa4fee3d930e178,0
8e29e307d65aea69394036c94f4b4d3d84ec4eb3,0
c0c8df492d2312c983f50cfdc5841e18177f6f7b,0
bf82dbedbeb2a8fda27f23c95cd9f312ac597ed5,0
a9c060230460546a49b7f3a84a5016dfdf22e557,0
ecf6c2e009d408e4b8e46b30c78d957435020427,0
be85129fce90f9db3aa2a4c7297508f2c900e818,0
48234fc5ede85a865eb874a96c08472ce1751fd1,0
8b94e475cc9251b36e90541321fdd7edc4659aff,0
7eb3908f701ff62620f1b70fb67907ad3f8c141c,0
6b3a483f9a13aa5aa33a547f54f5ad43ac316573,0
400cb51d07f867ff26bc8d367dbce22d883645e4,0
1294368143ca08494654d282971144e659ecc36a,0
dda26804d8e97088d93620fa49fb49cb84bff7b4,0
3fc534020f71e0f86afbc0888dec6d11265f5cb3,0
46752f74759754f341b0ac0271b64252b1e63d5e,0
dfc27e28ff1af030d94397e760b33ecee697b19c,0
6205bf5cb260d41655c6b7b0be5c5a5682353a73,0
9ea28819c2a5718078725fae11cadba73f4519c9,0
d714d9dffbaa2c91855297a7df1c5d9ddfe6d0b0,0
3cdf4752ec2422c44caa536969569e23456416e6,0
0114c604b69b7ccec0d1ef7d34e94007f19e37bd,0
309dba82b59db8d6e8522db69fa20b64235a91e1,0
f7e69d4b498be793612e5033e36ab1f61245ba57,0
63fd929eb231560be7fb8bcae9ce335ebcc4efd8,0
0d07c9985cfaa96172a154f4eeea2f2c348f8c3f,0
4ffcf8f06f238b17e78e8033c3e8278833e452eb,0
75d8d7980628ec8ae5b149fa49a4d8de6a14417c,0
70248634fcdc141ceae8b5a5abcb266ce7230378,0
d1d956fc2f9154e9e6452b54dd3f478d728e9fad,0
a7318cdb6ee5cc39a2f17847a72f999422887d28,0
61ceab358805dea81c0e554a4bccfd62fd30e8ae,0
f367ed8bd79f86bb68a56a134f11247776758176,0
2eede730caaa8995692c8456ef4ccad291da16ec,0
b3f7c8596957c87934f7d90e5e5cb94877df7d1a,0
0712acabd53419090cb2b053c43eb8c2574b8acc,0
ab8112ea2425342b59cfdba972ff2e0d12f30fc0,0
969ba77e959577e1cb4e2acc5852863805324955,0
cbb0714f2f760a81d3d4eae6eb1962fe8658ebbc,0
5e71e21d8a424a0478e43b91a398eea10799b96c,0
7c33b3c0790bdbc2bb9c9f74270db6e4624f47f1,0
fd81f44619b05a176ecbf4ff1499d64b39251520,0
d976a4a27fae96173d191f78c1780e5045076af0,0
06af67c4e8da0b633d6e14419da45b7f872a8cc4,0
ecc271c49247604b5a6396a46ef83fc6b94be594,0
7131e1c028e0035de548c6b37e1e8c9624417440,0
556022e02a34081819991e4c2e4a11e99d2c9c7c,0
535eee4626781ccb1805f65f844c4ba388c02bef,0
f8d3121e4f87130c2f5c569cd928558e730b7257,0
26b2de729617d0594e5b935b930fd7e775ba1c82,0
c274756ebe6878f563421dae03d90b6e430b10ac,0
bc4f6b930768dc0cbd5ae86b9f46fd9ba5a151ef,0
18a830dbcf75dec4d404ed6a5b231b1633c67952,0
89583444040dc5423bb143435f23ae0814f24542,0
9a9b720db7c282cf1d162ec5f7396f74e0090f62,0
c21193ae13a78afff783efb0bab15ba6e7e352bf,0
27a3549ae7d628ae2333f8af82e9a3ca01a08549,0
93f11da846cb97cd940de5826925fe15b1200e94,0
b5b177b84d6e02fe88054699b6e2c2dca2852289,0
d67de4529361899403b1c35db0feeaacaa1803ee,0
5918182e0d6836d89c42260da9de4428d4cbcec0,0
43ddccb859b94c79350ece7520af4c991c2bb5e6,0
55d9cb6595ec1c2b2ac4673d381abdfdc1080fd8,0
41146279fe237cc66564a09cf6bd28df7be68bbd,0
ebbc240212064c368bbe17498b1109672d1deade,0
bf3e9dcbea673777a92e3582e67fb467e38d47d8,0
95c076bf47f0eb2dfa13d9d494579d43f0a1d4dd,0
92c2791522381d47461f7959663740f1f3c6d289,0
9f0fdedbd55994cb39693000e23a14f852d651b8,0
cbe4dfac42e59a60e29023c536fe4eb99f2375f8,0
62724c69eac26284c41fe4b9338b0a6b61259f94,0
30696f6e16b09ad3f992e409472bd2b1e97a94f1,0
ad90d4b7e88ddc7f81ea2115973d950f1b37d7b9,0
71e0d6486a47435fc183712aed8a703c41308ae2,0
a76a8c4bb064418db201507f1a98d9bb054b6499,0
f2b98e532188061c547f175cf4c44b64e1a5a8e1,0
55fb3f893091b25e836527c1b8463e5382945f1c,0
c0e9d2be0b044845cc92707496edba9d23cdc2f9,0
9a31defc9a2b7057a0506460ae77e89bae9c94fc,0
00d3a534b440b5639d706bd3e824a0598cf45a66,0
23cf1fb45ed47e5c729346ce91a55f92087749a7,0
910fe148203c7a1e52c00a59486efac1912edeb3,0
004a67fccc80102be2b94a50578e0ad7849b7fa4,0
4470ae5ee84328eef38e99de839ae15df137fb9b,0
0de17b7d22528af97c9d91c664a9e1f0770665b2,0
0164b8d4d9355c54d85ddd75cad6d7e0442d314d,0
8d01a8d9d6da4792aaa0c203598ffe6abbfcfbdf,0
451b32a1a6ae875f9e301c482cc561c42bdac679,0
bc4c8049ca2267d53240efe0e7ee4e21aa89d42b,0
8dedf388aa18d7f243cd9137a3ab8fe243c2a2a0,0
8933719ad9204291155f38bd422254415dcf3537,0
c017db18b05ef44b70ecde2a2d26d3da48793a08,0
6238cdc7234043526c1b9cea6278a1de041ffcce,0
8e3a1048292b571b89d2f3857d801988c6493317,0
de130ad15e1bf48b6520e0f3033353f235b75765,0
a94425906d02eba968edeb36b63d816d51ddbe3a,0
1fd5dd9b51b3fbea87c449aa2e275501c446c0cc,0
582e6e6cbbebe36d8677ac1b035986234499694d,0
f0f37acbefa762815c6e3d3a9670ee9048d8d1be,0
73f7cf413d07925db3f6a5abc4fb1a5543dce52c,0
198af5cdf183d4851568030a1e902ee8cc654506,0
62216968e84fceedc2f3f8fdf6ce9aec648a78ef,0
1132a0e342656d44ea12163a84a0320416f9e290,0
e4131dc592baff1cf5e834a43eb783d3fe694808,0
8c4cd482a09661db20497285321d9cf806675787,0
2597f8579d9c3c3aee3d42a8bdc961f0c252bafe,0
b10d76b03a1fa37130603a16df874f4a30a2cd78,0
c4091fa1c77223ff930afd281e949adec54bb2eb,0
6c6b4416125c62e35c3e2a279f20180b7b3d23b9,0
39edf7ea3a0e36e3986443a453cd140f16f07c0f,0
70d8de7ba4d82013b0178c871f414693f3debb56,0
bc290628cff8bab1094dcbd7c5e412d8b2f918cb,0
e14481ce442380339dba2cba813f920009f32f43,0
fa2ddf8eac621e82e5b83cff052ede5ab0ee26f3,0
4a2608ac10847927b241f93159e269fcb263ed25,0
5a2af8daac22943633622b8ec3cb03f26d4577b9,0
2510c7bbd1b050f4693b3fb946425603310019d6,0
4cf446133306ce02bc6a6377e92b2ecfb41faccd,0
2c633410b3322d864a2e14d68abf2f89e0ae394d,0
05c3af98038ffb4ceab6526c21e38cfe762a162c,0
d90c3910ec6c95ac95ea234e4953552a8d9905e0,0
1a93bbe20012c324524b222c7aea4a0fdc071e1f,0
6d1082c74f2b75c74d0c90f8ebb24fb0084cf16b,0
6e0c466446dedc0b89cea962a930ec9829f696d9,0
b27ae95078686e37a066a3448840582fed53ad3e,0
9191f3579601120a2222afe9cf54a8f77aa0cfd6,0
84234234e264521788e5f9222d76eb7998c633b3,0
d278094eadbf5ef3db639ea2b2c0e43a352c7f39,0
b77d46456b16321781a63c9b7c19809ebbb80ea8,0
6c93cba313c97570a87638eafd61ad4717e5659c,0
f7b3cb92f9592de403675e5589cdcdf465246697,0
13a8d2fee93fc27d3d9f9e214819219cefbca3d4,0
8736a161fbe396a2a09e385731519404676d0aa5,0
d7ddccdc6ceceb8a42c81a4e1a4cf95e8d7dc939,0
44d800e1cc264634252aa61d656d58b98fa463de,0
e536c35a9a53f65e1b4b50734a05322f448d30ad,0
a11454b5f2b22131b401d26b53adc0126c90f4fd,0
4450542a0bb71eb1a396bd9071e436f5c18d8beb,0
2d109dece807f4321a74290d7e57d623fe57064a,0
0c769150cc2be07dcafc74123cd51d23a7b58a2c,0
1dc8749f6e7a7af45b2db5fa708dc3066ea4b64f,0
8ed4a9bea706320d97ce2fd3e6545d7ebdf8a49b,0
afd3f11cd103fd878ebfa08dae39e6a5babe5dbd,0
b0ded8594fc8a2fe23084c0e68e1fc6dab36d3d4,0
08e1d1cca882f2481c70fcf3530661084f881646,0
075134d7d07d79ece8ec947402e8d2c3a2b4c4ac,0
9e88105637ac1a454479f940135804929d6329f6,0
3b17df0ab67a1f14794bc6c60b735f3354caec9e,0
313d28f676afd5f65c16bb0c6e188d16578f56ce,0
c656549296b7e7f83d958f683c6a8e0cbb41ce93,0
1a19f2f836cd33a25d458ed8ba9bbb3c7ce4ff96,0
86eacb6b576208fd7a6d6a37ba624892a1c9ccd6,0
046623755828dc5879b8d25779bab1a297b8ada8,0
4aea43a17862f4626af8f931277d4d409967350f,0
600215bddc07fc2848c587e61db214a2407571f7,0
537e13241a7ffd99e5a3676e574e3cd9ea9aae03,0
55e6b039acd666bcf4a8bc70a6380178b881c08a,0
783276d948afe1c69b6309be9d1e8828df0ae9fa,0
ae27582d1ba0cb6c2b18d30a81cb1b82033069c3,0
82ad5b0416b93ebd7fcc9fe6cb75417bc8540a84,0
9003b5b5aa4465e84c934819f45c1ab4365dc51c,0
994fff7f6244279f0703a612fb078e44fabcaa16,0
c470b75897486f1bc9626d4f307563fbd4b1fb14,0
f01d7a5b45917f697e8eb394f91a4ea18f31fb4d,0
6f89144e4b66af0f5cde77db7f5fbf71811c34e2,0
7ebc8107a22038c06c0b0ff095f9f73d854e1422,0
1d3567f3051682dd0ea8406a3f605cb5c42de27f,0
68e0a9c71443738b1842e99925d37bf545f5a151,0
18b4d24029b04cfcc1dea0392999da95e7a04c99,0
156706e42e7a4ef2d9d3ccb4b6fe4088ec6b54b0,0
2ff8e5188196a89b7a05949560985a149712b59c,0
c6c1971ca1fb5054a0847b0884488165606bd703,0
a2fcc3b5c35f725a5e98ef60b355e5a2f7c89f3c,0
4b5ef21ed6104befc80e1dd501f964e7ca6f1ce6,0
12aeeec70feae05a87a5adfe7b9c2c63744be37f,0
1b84f2ee7a41e8ab12faa73130187763ee5858ea,0
e43138b0b5f0912cb358c0e73eb6247b273eba75,0
47061a88cefcaaedacd1d570699f30a4266c23af,0
da461de2db180f85c628552eea1a3a92ff94c8d7,0
14bdf34a9bb5f2b93205c2972d54889d4fd2aae9,0
a1236508420e902ca672cac736788a19d49aba40,0
2f4bf4db63516297d2c695932fb65fdbc360558f,1
d80acb29c04a8e92a3ddbc539b0be8a521098870,0
30c217ec400b9175e9490807748ec3e48fe2ba22,0
4a8068579ea5bf1e637f8bed09a203508abde315,0
5d7896111816441de05158671897406f6476baf5,0
4e2846d5f453b1190b1a6fe73e804ec726d072cb,0
d86ae886e0f261171ab9cd73f867d86bfcd84d3e,0
579410e7f8d8b864005253e9350b1e7dbf362421,0
709c7f71e5be2eab1164ff580c4682d797916c20,0
9a686e7388c5ded097e6c5ffb1554ec2461113c1,0
46c7cba7d0aabf179654a0a1c423343552e40210,0
5c4da82785513c3a904726e3207299e75e290d75,0
1029078559eec0cc515e2a9ad3ed18c83bd00dcd,0
4272bf28b26cb1e4bb33750e938fb02e97caf2ac,0
3ac2567bcab0d108d52160f9dda91464bbb594cd,0
896daf14e88408108dad26fa6ee92766bdbfb77e,0
0c0845e95cfc5d4bf0909e4ad86be9da5b00b277,0
06005610265c342b52051b997a43ad6e963c5a0f,0
ca7f64f016d8354aecd38ef73405e1b3267ca791,0
1f3dd9ff8a4f8302eb4c0bf4072d2bb7d8aeddd9,0
c947676916c99f2feb5e183aef9629a1b21d863f,0
f36294048060163b60cb5e4cf8a7bc09667353e0,0
cc6ace18900eb92606b6a312cb1ac5c4ab5f435e,0
bac647543497f0aa2a9f92fe726e1eb18631b4cc,0
fa21d6f7e70f057c42d4af9c40ed47d3d841e5b6,0
e292769f29748054e1e364ee3e7d442c709447b6,0
ada0a22acffd6fa6c08e7944e11328a2193bb14c,0
ce3596e64237cabfa1dad847d02dd6065592527d,0
dbea06febae5f4d25b99748c097557875ee32b6c,0
2f3e3d849cff2da75589c6c9ae6010801c89d483,0
8766623295297f116a374c40f57a9a9bc407dbe6,0
b76113fbc55d872396ba7adf808db22b6f10fd20,0
08de1083f0def77da1a076b3579864b21921a0e0,0
2074889ec495e3864813cca5cf8e92a3bc0adaa6,0
6b610aa411df723b59d4b683baeebd5d65e356b7,0
8054f746bbd6191f5a297cf6f7f26f9fefaba307,0
ade1bb48431ace910cb718083b39ee333f52401f,0
24e1d714467e6fe46004fd83f136794526455c36,0
a00e85f93cfa36cc697a26c5b31a282a0d12f8d5,0
889ed9e41398504e634d33a81cdab6cd8e236edd,0
b126634a28243a06d65a73434877936718c60a06,0
d2e4494b4719f956babeae65c0f6ffd340a5e234,0
45046b5fdeb826dd4ecad23de726d6bb4169c175,0
fc8ef4d22c95b13b907ed14b19cea8ff5fd1e653,0
ab8b608744500c6af9933df5977a2aa054ac3c04,0
59220b485cdfa1e65d2a568f8d62c275c96ae3b0,0
b693aa0a24c58f805a97a9be81b7e2546ef780c6,0
9e1b0896cf8d2bca6244e194d6e2049515d721cc,0
cc7509b7578f0edcab46177cf05b1bb7de8fcf6d,0
08fc7320de07cc41318fc7505a2f3ccc2a6b04d4,0
37f70ab67f9f9057a89e6a0835028ad316baab23,0
0cdcb1fd8df9e9185cd3abb128d927d25d7de8b5,0
b691f81b482175665b45cabc056e58ab0df03ff8,0
90c42ec03e34dc63fb0b62bae4e8e7671c47cb31,0
14313cffebe7d676ee4716a017df7e3febae6f6f,0
cf15c51722dd4b406876dce1ccd52eea787d84b7,0
9c14146a98888377702bfb217dee1dfb6892ec30,0
fe85e77f2d880ae08f8cd263d020d49afd6bc974,0
3c047a1e700c4e47c80745d0e9145578b95f36be,0
463a2c89c3840c35ceadd786a6b1781e0e8fd5a3,0
186fd10776a0fd576d5deb733af654c7e20b3f30,0
a9dd1573eb0edbfa977da90dd3bcb1863451ec2a,0
f4237388ea9b93278db12a43c9db9f18e51b6f7f,0
9b2165894ef23247d658dd37e93161c1a59b1c65,0
df5930892d9c6eda392b96bdae2e7afd342f7866,0
66da0319a09e9eea46473f4ac89c697bfdaf6ba6,0
f0e8d41fc8cc746ba9b66b72646db6bd8b25c6fc,0
1a283ab1be5b495f5be8cf6c2ab2b96453dd32f9,0
366fb741f0772c8309f9dfe963f6032b091d7b89,1
080e96a6cdea2f5fe8727b8249044b89bc54395d,0
84ad767a87c69a265e9105c51efdd87ee57b8635,0
fff6d0f2fcaa034b7772dd1288c9222a6dcbbba0,0
40708bdf04dae6aa49bf8f3617f2efc16c83c5f8,0
87c4e0656a10f7d9c18a203cf80c01406aeb6820,0
d4c3cbccaf05beeb11712294ef4dd0af25d9d0f4,1
497147e3e6ba0a50c32817e14985ca5bf1041f9d,0
41fefde64401d2173ff019a896c4dd72b4fa5636,0
dd7a34143c151227fc7575db7a082708b2819fc1,0
c0ccd54005c0fd2e493c9faa280061b9487c5f96,1
41a936d13a2e210a9d29feec5d1b1ab727139df8,0
5904f79294cfb9929ea2433396eb6c5826d6b57a,0
a3440606a66d643e82c4350c39e6c4222d222fdc,0
cdc548b80ef6cf8e52b74b0b073acc8fd3b4996a,1
6607bdcb3ba69d2ab4f41be6292cc5a6df6365ba,0
6920717979fe3c0d29f4704404492e1c5c0d7c2c,0
844100aed6413cd5d3246856060dac7dd1e03110,0
6f22f4b49c2a3a59840d28e6cbe0c37a56ab1f90,0
1a36ae09d2848d687895532acf46531437721692,0
585a702138f1cc87df3b41509cc42ad34b6acd62,0
dcaacf4cae54fe199055830f097d4ed504b3238c,0
d0f7f364ff959a69ab961eda69956bd42bc17815,0
0ce17f931e5561a349794ca57314d17c80682e00,0
a12daf3088cd295e30e36ce1c48416b3308e0943,0
fc6305aa96e02bc3cb317f7b957d6eac73a0d235,0
eeb79e1003e20bba5cf58f1c6435768fd81a8371,0
cd8f81d0a0eac318bba39f8e8b409a5f1fb636bb,0
c871265452e473224b3cf4f0f66497691b75d7b7,0
4b6e0bd179c5f728761c953249b6dda4d33fe18a,1
c4828bfd09ea8c579fa8840cd77733c64b8ebb39,0
ff49f0dd3b4b092d2f17219b5f4f5255b92c9624,0
87cd5df6f3d0abf414b972af878c3934999c0836,0
b02336b76a5782e1252549b622a4593e145dfc6d,0
fcf4109d82fd663c49aaa2cd2c37b853878a570c,0
d9665bfc1819077c7a41d0c132a27ba4b08d94ea,0
0c0ee3551826c822646c8076ac138c97d8db3071,0
7e764a320cc186ce9ae1f9cd54b0f00857e89983,0
e45dd5dc6f5c17b97ddae99fb7200d527a88f466,0
2a87519caf1ee2eccc55a354e0cbc36fc85e77d9,0
0851fa77618358ee978fc90a61082740526d1dc8,0
5bc940ca65beef9bb79aaa83f6e976685fbe0a05,0
25a67d80c6e0dbbe75a4cd14bad009b1fc840d27,0
cda1bd37c34d3c5eb2185b3500bcf61527a93230,0
00d63febbfa84983f321ce05b2d2f7f2f01857ef,0
fcc90377525058b003dce832ad3854f087395e57,0
2c435e5de0690aac5d4b124752a2815b1d8f1fbf,0
9235380f05e88de1a881950cb21a3d254585d5df,0
041e9565ab8b187ad0b88780a5fc0a5ea24f29a1,0
5d22644c74c592b9b329623f8cfbd9dacad540ff,0
27c6f9a315182e2f77e76a413befe09c624069e5,0
c1c99616f353d8afb990cfc000c916fbd4d1d648,0
80d9b0c380a73c721488f76df30983c7988ccde6,0
b1ec369a21bb0e61ea46da3b059190ea5b7d0bca,0
79bcc8c3adc2ac120859841d975c90d326a7ade5,0
409854d8fd1839038458f10cfc2e56a69b498c16,0
7428f5fd1ecbcee82e1bf64db7eaba67b196c12f,0
bddf82b14e9990c0688de00e28b8e13d7bd6a114,0
97c24fdd024efc0ea5594b7ef5d078695454e183,0
0009c7bfa9f1b5a27af141326deecb871547e43e,0
e35f06c0aae7ca105468c508569a9e9b00439310,0
39431e2026b75e15b6ad154d1b0fcb2fa50c9fae,0
fe93e829ec189b1f19b827fc8d854a8784892b59,0
341ea670ba84fb0bd3392c75ba2d57f221ab258a,0
77f7a62702483c186cd727ef6aa340fc05b2fa59,0
bbc66785aae6ce7677bfae35ef5c360420f26ff6,0
eaf7ba6d1e66492fd2db9be4844e4aafec8e3d65,0
7ac1170c80ad780065b637edcb77e41c1da03ba7,0
aed63ae84f10aa758a905d5827994068edb71e0d,0
1c23268d775b1d10c5f6fa55cfd07965949cf036,0
feb3c17f1c541f5dc75496cffb3020c6c51ea375,0
96dc851eacb521ce688dbc8edc3d48ce1bec55b7,0
c50f4b4cb151a3999744d5dc1068250ca3a170b6,0
88d2e93800289d5542759a7ebf017d7c686b456f,0
c73d10e072dfc53a428e1980259f25920d98345f,0
22bdffb96dd29d98e2eb7b7f9f3a48a46ccc86ce,0
32296ea3915941404eb602a0c4852bb8641149bf,0
225afb8bad88c9bbb70b24d9ac3c28fb21f39465,0
c7d4b539bd0684c22950ecf64684f0dcfe36ba7e,0
3b28fffbbac2a707906e35c7c014aa3eecef3510,0
973704dc1c284a148c989e3da92a546bd0d2af0d,0
3cf36b8cacd27557e0af0695c2c827f82d29d6e4,0
d7651dce4016976d41d71d07d9f5e7f4bebda902,0
fb3ccf60e9a2d55a1abe8aafe38e45861e7a8eac,0
545536e34f180edd32fbb21b0a5613e6407f0980,1
7f293a06a0b7ec9b554d51f150991efa9b7dd54e,1
c07d659cf8f7b16452472da6052a1de326bcb6a4,0
314dfa80d4e815ba3c689cd3ad0d508209665bf6,0
8f35a1d28e795833e6a095ff55ecc37f3db882aa,1
8b9f2d5177c849b37809ab38035e1d757d963314,0
4c6450f4582763c81aec93f69a2d485f469da25a,0
a9880a18fe1c30ede7b409093dbc4b5c24042d33,0
7d4528639ca56fa2e9eb826d5ba3118261c86d22,0
a2fdfe6737e67935779ea26bbf2d4650e5d77dc4,0
147fe0eb2756a1ceeae344028bc9cab6eb608387,0
4c9a31c79f76b104df55248ab0a819f148292341,0
a267723e62261e956c49af91680338c8933790f6,0
59a7dfa3d6b1647e737acc648dbfd8c49e6ebd2a,0
7dc1b936548c90f0eb88dc384406f2ebf39b4d31,0
ee08c00b4dc65f1263c2e4ec256befcf661767b6,0
4a361b89d9dca22481466d2dbfe78f442c18932c,0
5e590e57dc73f487dc6541888c9efcf08138de40,0
cc35c2b114eb025c6201debb07345804f03b6560,0
ef719acab90fdda24427d058d5d8aa15d13c7ced,0
57ee0f2d15768efd10c15c7ef14da8a7db94deaa,0
95a524ea06e546330ec3d95b9c139b7edc599b86,1
838aa1bd37ff2f60a51c60969204964839937eb9,0
990eb75005369505fd395d4ff4a3f2a2f55a4619,0
bf23be1285970102f0f7189004d5d10bd9b9d4df,0
f8962c6aa412c778ebd01d2a68725c36099ba1be,0
1493fda3ddb4b9e9a88cf7b1aac06cc2fff1ed3e,0
4d1551a5d6b516987fbc6a987e93b964fab40fe6,0
fdeb6b86219d13a370d325ee49c694631b7e9ff3,0
0dbae4197d6694859bbba8d7d940bcf6f39c86be,0
b6284ae1d61131d533c64ed29862540dcdecd764,0
7304fb9c4d720a6cad181108c273fb5eba96272e,0
5f6ebd69baad619b7230b8e9863508795f3a5b69,0
368f1da7f990ce229fd1ddc7d2f5b1ea32da6611,0
f2a899979a183a398132409dba59e1e530fa1697,0
cb91a10627d2e68bae924e425ad6f21353f5bf94,0
3d30c8ca715492e11c5c7d196668d5dcec1bcbed,0
2f757454dc41f4d130234aea68b348da4f12a0fa,1
efa756288e712849c78c4230df05c2d1abeba91e,0
1f0c99d0e012d84863e6a818facb143c9f03fac3,1
5601c44f6e8c12cf8574ac086736bb93d2158585,0
d8de43a6a3d5fc423514af3c0e817b3347ae48df,0
6e906cc8eacc847e1322724d842adee170baedc4,0
04d7c6991de41612a287ef12504d347be7942fe2,0
24b5e00be753889e4907473ce57271acb290cb67,0
007939d9fe34faa83d4b242dcc37d2e1894c4f09,0
096c5bd0c1674733aee8822dbceecd069935472b,0
4498bdaf5b5ed138c4a32ca9a885e5fa6fee7e6d,0
af06da94f9b25acc5feb9431103a3b2ceeb8f4f1,0
3cfc7bfe70c038055939533b56c408419b01de81,0
baf03a919c75822d1dcdaa7ffd460ec635b6a50f,0
6c92f32eda9effab1a3641c887538590e13da3c9,0
90274e109c9bdd901cf7e9f5ae260eb2d1d1fbe2,0
c2abba8f1ad6bc94d623802178e0b1da599a4d3f,0
fbbf092e4986635703bf9a3bfd57d4f639c86095,0
a7a348910068c89b8695e3c91c61cf8222076ed1,0
9ea5c69bda2ed1ec0c69c081e91b72dcf6a6e81c,1
36e99429c22af17bcc3ecf6031ed531055aaada2,0
b8eef03783034ec39b645492f4d8b16f0cba07e5,0
1543f528963246eacfdc3228d716d78ceba824b3,0
5d6131a3012135602ecbd9b7894a622ec5f75782,0
1760b262c2d99d7803184e471116478ef18ff4c8,0
da69323b29fe8e373364b9399bc67523dcf2af62,1
239bc0b04a95d6c0f82e59c513de36d68c033c6a,0
e124901cbd5afbc500eda9cd531eacbeade9d9ba,0
d5281ad38af901ced2a289436d42cd8bdb978108,0
b897b42f9db8f46766be365a6e1635dfae2904f8,0
0a645384fd47dac7127b208d44280f50e24a97bd,0
7a4bad05616fef7500d4d97a395553b290d14435,0
7fc5eee60bd999c73b62086890d91fdad5cc1d4c,0
c3c4df6245b13bd513027be2c0f504344341cbff,0
ad638fdf9f9959a67972374f6f4d79f4810c7c6d,0
815349cff229c31f65fdb5fe657561ce9f16617d,0
4cd96fd67c9c6063d9a95aad43415ea794ec7a3e,1
f31c00d8e7c95468540270f2e03e435987bb81d2,1
c1ad21bf966d01dc5cceca82f102c0f7843d5617,0
658a8d80bad3a3edb792cb5f94ef175dc14ca03f,0
0c0d92d84b88be22acf8c6dc08c6e016f26a9a18,0
4ab65afd908e8b12aca0fc26dd13720b2ff23690,0
d8c3ef1363fd2c9d88df1093db4fe04340bedec6,0
b308d598b603056e3ff7e8d53e099b677d4e8d38,0
850a888c546bab897542a2d89ff76ca9debce0ee,1
7a8d27f5b879ee77f695a1d0f3e425f1b2e4c7af,0
6390a33f40dd9ef478de06da17b929143dac1392,0
10e19b91f25843d823bb8018323c036e6c0219dd,0
a3a401027abaf26e0d6dd229cdfb2b5a94488f0d,0
2681600eca45ee3097bef4f8ff86b1ec5dd24555,0
6b5b674cdc4458794d37284de602379f6e0001c7,0
6973dcbfcee7373ad769e0e5e30ede4439b8f236,0
9edca730486cafc5817abc8167cfd27f158042f2,0
f6377533645ca415addf9e1c428600e10053d72d,0
8ff6e5a90f725ce7acd56f2c919221d8c179270f,0
539e1ee1d68c27defd0aaad09a1a0b68e059de96,0
c4bb60046de9ffdd1cf07cfcdba201df06b194dd,0
d19212c03ec7eb82e37e11746bac7a064738b686,0
9967600bdf3b856f00c9078282847d76410140b4,0
ac266c0e40b5d09f9f9f1e300f358ee1532f7aa5,0
7217b9d270e31fe1e68803c8e25b0a03869f1556,1
f463013f34a5c5c61b7dba22c9ed4096fbd3b218,0
72a59d1d7069b95602ae4af134780a702ae4278b,0
7b7b37726fb328a6d796b64f2947689c6a8eb3e9,0
47283254c2fcac690af038b44edf33e71e3e3ba7,0
09b1a632c17b34650d2bcf748be14690c9882e52,1
8cba88fa1a5dbcf8986e2726b15eeb1d823d87ec,0
2d7c6f5ff4c2986d3b3af987a371dc89285ba788,0
bb3ddfe426cf4ff5390f742d35bdba02a4ce7624,0
12e1aaf5f6df97584e795b5e2cfedf5c5f180455,0
3fd058c02a1f8881110409be33ad56d3af6386f6,0
8e0e1c32ff1ed1da4f09fc9917812e6457e6fef7,1
5240c8825896997f0845e354a51b1ac725dfe06b,1
12d3f281814ad5be2d1012b9ea41781414724529,0
da7d5df6de444468ebdb4b79ae0d0dc3ac90b59d,0
a5f67ad88d67c6df250c79e28dfa198b8adc8178,0
cd4404bd9c86651dde280ec774dbafa6474ae33c,0
05a457b9a0e8b1e7917670de9ace5572b9ab117e,0
3d72f1db6ab39787c6df7ab893828a95a9adef1e,0
610c3be2cd0105b6e838a69c682e65f594259a25,0
64b328d822661bb3aa3d90356a9b5e3821b9ae1c,0
2c03505da053d07cd3f729692738912bdfc2a5b7,0
e1188f368087ba4bcfada44d645e4f8661d7f9b2,0
82bd5be8735c01a767fc3ebc3eb92369ac68302d,0
dcde20001063fc25f622e4b1c7775f735a7255f0,0
f6322b7fb747b6a6830f6f331e836690adb95067,1
83fcd3e1e220b9f3aacc63aeb4da0a898684dd0b,0
77868bf772a03d61701bc0d32dfafea63a0382c2,0
4746531428aaf9e3ae7d505b5a203350d138ea41,0
89a0de6a8968ffaad64422377a1fc67da93b843c,0
05b14fd01e43ab8a385bcfb53102a270ef2d9375,1
1a7a15a60b4811a6dafb21c24a455d3a874448b0,0
3f9eb02b76c31665b6ff44b11d4017f08065f4f3,0
dc58a824466ed492fc6d5ab11960eb86584eff26,0
6b2eba430bd7abdef4e9c7851acf6b2c2459cb6d,0
da0f817745f2d13a146d99a2748ab596b3842d0d,0
a2b5c7a9aa0b5f617502bf6003d43913d507a11f,0
3fe1d3395ea94671f1fa00c7bb10e846e754939b,0
e1276e0ac2407111d7bebd16e32a944660166ff6,0
a42d2dccf085bbd7539a8e5939487a40bdaef78b,1
b3d2c0cd6512a9dc9c6d17e4065cba1521791f4d,0
879ac405ee80f91b574517355f029a406d123302,0
03542311e2a461f0324ec700e98e78b5540bcff8,0
56c04300e8f05bdaccc2ec60fc751c09d86b7b68,0
f42805ac093d920d59ceb70bd40ae9987699c7d5,0
3bb5a885bf74286dbe62a8e3267878d98dc785f6,0
eac813fd4d8d1dc8a7ab6c42d9891965622c5967,0
c8150bddf2fc99e5467c203d6a28758a0820a237,0
5539fc8b2ef68c0ff32678cf8b349c8edf005869,0
3df94448a8f6b095a07cc2b8f0a78c1f47278094,0
6d2e199e31f8109d21b3865cbc45b34d8b725a03,1
ee94e6d82370b6b6086cae2693dc2fe31388fb64,0
10118c9c1b00d31868d6ab43e8171e3c16efdcfc,0
c95e6a35b21bc5bcad2ac3a2d2d58843959b52f9,1
12c3a4354560cda90f234eedeba7d4a276983684,0
571725cb7bcf091b5457f1e2a857aa51e8a70f7e,1
7c51c8290c03106b6c5b0474a96d598daff16d15,0
a1040e355ba42667967563763d345144f4ccb37c,0
4d04df25bb6d700436249df76f33e4378484ecf6,1
9ec598c6e0cb28e6a98463665015fec6cec189c9,0
beb1de335165ac4459b50aef8d5972b70574b51c,0
17cb93fea4ded74a626d6cc42fe4380679b720da,0
aa21ad97a9e017d406ac6e1038508e6e79138548,0
74d5adb66e8ef5184677c84c366d4d9efe6b8907,0
646254d24233f6c54c07b3979168ed65140baafa,0
f0e60f6fe9c17e7e8f582bad651cd888b486eb3c,0
b84f786db6d85cbf9973adfccdf135cb71824b87,0
902a680951f318488a4bbe0184a3a223c5709b01,0
9f5f0c09886964b75a9804b08ec77ee5bf72e902,0
baa1e2b1399d22e0c29353cbade254a9646a93a1,0
5f9c83bd976802eea2d940b70aa749fd58b4cb46,0
81fec3193ad12a0f78eb021c4a1548484595860b,0
a6b9ca3f71d44dbe2562e13d63e4b30fcaccdf50,0
db5101c2334417462ece6bad55952f9964da79e6,0
750dbb845b51219655bfb105331c4ad1907dfc6a,0
17e4fb4fb16905615ec54c206bd79f23a4fed5ff,0
5063d256221e7fe8a8c433401bea988d7ccb0a35,0
3076802a78f14eb1b4f23831d5a1ccec79b26554,0
30df1007424921749d00ca922bfdecdac187918f,0
eb1ee360d81e6ed707e0de671c39b905ab53e82e,0
e16d344f987cfca9a39adc929ad16102aa9bea87,0
a60969f61f301845d971174881b3be2fd3524644,0
4cdcea465f5bac7e0e12429ddf95f7521f9682c6,0
f1d68f9c0a577e665b89cf88a7a8771084ca3f34,0
3e5c9e3cfe8588f85ec8dcab879c1371901b94ba,0
fe487b3336f8279d8b74eff05c5ebfe6e01281f0,0
86d1c40475d6962e6ad256f248636467bf0a58cf,0
2257485bfe4d479dbbdb96d0a52b68282a8507a1,0
d37c384b5dd58cb1f9c62bbd9462a23484373ce9,0
d9a6e77dc2973dafbbd5d6360240d2d7aebbb9d0,0
b7cdcc21fecdee61ab9b801848de5b2b18ec1d55,0
2902a9a3c07e881dd7aeae0a55189facfab1966c,0
e484646c60eaca1f89921db7058d8927302d7226,0
8d851390736dcb916646b043a5ed7ff8f212e37c,1
ff2f32b914a5486e4f4870c6bc6fae14a85fb086,1
a6a5e3033d424468cbd3a6af051aabf3b5bd4d00,1
c66b23747627a2b432e0068561d457cab9f97ead,1
a3011aceedcc80ca891d9bc7df68e9a54a807ccc,0
4ed06b323df7785fa08c74fbc85283556c7057ab,0
069d003efc343a9a2d627d5805431be5d88e5344,0
01cf090f4a375ef0882d4e6a7ab978b1b0ac7fe9,0
3348810bbe77b789ee6a0f1420115fbe8a9d219c,0
2c3d7c7bce9b8fbf4728b32b6a60ce5bb14e7af7,0
9e85ac3f0020165b008c111682e47c1cc135bf7d,0
4e21c600551e24367ef738a2abbbe82e82f88c32,0
18061ad1fc81e68636ba24bb79e83c67247965b4,0
ff7ce4bf0466149d42c175bf4f3a0118465d02bb,0
2d160a6d57a278657feb891b971a27f5c61e3ffd,0
9f8120beb6b351608652002e057f97f8f6c0dfc3,0
ccdd52015c17e636fd3eb42311c14faf96640a03,0
82ca28e2ec8fe9771f01b5aab3386311ecab80df,0
91ac1574aae31a29baf883d2cf45e4e1f5aa9bbf,0
9029cca391c6cb2e6f77ea3d6b99bf60644fa446,1
0eb07d398048869a82db99fc4d32e238f6c25d75,0
6f8302fed2a4ae538f2733baeadd08e7eb835e08,0
02ae34d1d3f3c9f9c25160cb14c119958f25af13,0
883157b93e4ee9f827446930303798d22d35f888,0
1e30aa94791f6fefcca779f047667f3e42260be8,0
bd7a375e3711fb38fa0fefe6d516951543680eb9,0
8270d2e21d3158ce658fcbfa6bcd4e6f8d67aeb3,0
9eaa1018dec862f74fec1a59fd3aa824df5904e2,0
ad315bc59c83908136e64e3c4a43950a2b8ab278,0
badca06dd1c70207215c7186a31955901b637661,0
ba8b59facf8a607641ca10fff1a2624b3f550def,0
5db07bdcccf727ec50d8d7c85740b52b3c5ae362,1
5332b523b9d405c7d0ba52f9d1d9d933cd99a312,0
31b26e74569478f57f7eef05d6c12236d8498f25,0
2583636b53057b50ec4599876523f60ef54437ca,0
191939dee130a65161cf4822c303f98d4ac0d300,0
5d5f09ea371d19fdd9e487a5ce45a26f97fe9b3c,1
a63411d61618da6a182a19b0ff3755c5876db197,0
e5841c2092b5587c73990f6bf62b7ab17e208156,0
653dbbff12fde8946cee308fe49d9aebd34f4900,0
08dc6300117b9137b6df1ad6b54fec47e2c310ff,0
fa510146c09a498e25e590ef5cc558074337fc4f,0
198e589e62f687a91d4c27057ebad918e9f9bf3f,0
b7e86cdd772cc47a031d187b79d075af8155c2e0,0
51cd2f37a67d1d6a2c3e97a2a667d3881b9f71bc,0
61e203c962890075b3ac52d8a8309144c80a23cc,0
70f4b5549622b0ccc70bd2087700c510f10fc6f0,0
b7ede187f60719aa24a52f8159a7d8a47965f0f6,0
46b15af8c5fbfb026be350ae16eca89fcdc87aac,0
5b39e092699f30553a12547b943380c6271f736b,1
8c27540ec037a8eadfb3403f3605b34d4e4ed0c9,0
198d448ceab2bc061d18a1a689056bd2b96b76c5,0
9c06ff87decab7357d44d8766f6a277ff887d921,0
db695fe90b181948f271e4970ec83d4de9348577,0
658d5a97c708a926b0425585f9437a0c1fc2b81c,0
fc743aa9d6e88ca0741c4a1715eae08e86b29285,0
3b7c812816c3215a63c9da8f80fc4df87b84ad38,0
9daac904cbc627e4a43e72f72159c552b25caf74,0
6bce493e47fdac9e64a9ae1cb3c358f31975a43a,0
a295e82baa22958b57ef4d9e2d8bdd186a3cc686,0
a1b25b28bc9cc363f32473c8f7e3c22c880a7494,0
90ebcc8f0190fce9efed401183261dfc4603e9a2,0
fa8f024d082998c7ae48b21f3eb6f8f2ca56a719,1
660bab71f755dd93710647c1308d1ef222c46d27,0
dff4cea14174548f52d6fcc66c9bfd7a339b7336,0
a414281935274e6840211ad61dedb1df1c1f42fa,0
8e4769919caa3a3fc4c783f36fc5df24d410150d,0
887cdce309ba8a2dff08a74c595d2c0bb045ce5d,0
18b6de93c21793547c2317b28854c96f68fabf16,1
0a95c032d47db56a91f82213198f997425c69ee0,0
d7b7c8a84583937deddc1ab88c54f46ca70cfdcd,0
e1fc87d2d57c2d7ee941e651f33b582fb000dd73,0
9b2d0e390912a83994dec719b3603daca98790a1,1
f2f704eabee027175b0c1eaf934c08e7721a9b24,0
e94693146d51ceaac9bf3ba81c7c8b138a471ac9,0
37787b96ab21fc226ff267aa26ae58a58b2d20f8,1
39ee22556bb13ec9ac64bbbafb94b1a042058432,1
bca350df1f52134e8543774dd5df4c5dfae357cb,0
d6a354e203e4901d3eb6a36b3aba620fdb222da7,0
e06a9f676caf67933f778313ceac8ef23d0e47c2,1
839709882cd7525fdc3a9374f6122c76c947bc63,0
2b085ae34295d5ae1d7eaea5a55a2df220bf1bed,1
81c40b9820625d3f529b116baf6b4a3d45dd2f75,0
1f978b638712eb9b3f43824bfc1e95a3bb70cd14,1
ec81d7ca5100fd97fe8428db02a2cdde967ac87d,0
c7a78e629ce207c7efdecfec27f9d076e9d946c4,0
58f50814635aca8626c8628ab49891ba7e2226ec,0
1f9af29e510af0cd1ce0f75a3863a96321e4f89a,0
8c5a4a7bafc3685d433ee277fad060e8b046e920,0
88b9c3081d701bf6203ebbfa25c97277722a9c37,0
b8cb20968f5a3f1a0c9c38fae680e8df14ce82cb,0
7e6ea3cc16ee3a29f2c8b18dd615e9620b5cb2df,0
64a64f5ef90dfb4b3b862d0943437f11e35db938,0
d9472a43be616a7a4fff4f4b328f5082628dd2f4,0
794a643c3680a0abd010d395c6df6677d92b015e,0
a0e27ea42a1ba71400bbf9407d099018fd9e31c7,0
a3b7cc0acffa27593d40233c1bcc56629beec95e,0
2d4e1a0c33df4e8a424038093e5b6001137bb3e0,0
d1379ee78a6aae881a8c296c8ea899cacc93b6b5,0
dff5581168e78c4e7707637f07700087278e2a03,0
33753d4afd864c8db0044420c642b8f0c3511756,0
db7ba000877581fbd0cf5b4842b352d602a28b80,0
fa0478f4f6fb724233dc3e00a9f8dc557ce7cdbf,0
17222ad8ac4456d13440e6867d66e8f08643f462,0
b029ef57b0d24a45f90b47c4821989b02ded6d8c,0
01ecd7c66d6965ad54e0180c822e6a5ba4731c10,0
538a97b115ba4ea44c57898ac7c4fbb77fe0e9b7,1
fdb75911387f77912c37dcee0af4a2f2e0977f3c,1
b24d380e980b417149ee7ee3f318183aad62820f,0
303cff35fdf0aaf28f487e24ad46b6f84d073569,0
bd1363d7964d294449a111510d33e114b9f73031,0
21f0d03a2b6cde04b715e7a9ef3a89900f2b0474,0
a72eb6ab382043b0467f5098538b9a6b71678167,0
5c715cd84d600c0df0215846efaece2ab4673546,1
517b8beb06f63301629f0ec3f58f6b667061d3fd,1
b853d8f718538b18414393ea7aaa978ae8ad47f6,0
b426f03567cf97e14edbe53f474fa977ebe8161e,0
42f704c86bbc636c314bc6dd6d20947055f3a56c,0
f37b7c6df5ac89ead7fd44b5cb2cb2238adac2c1,0
614f9a0e7fedbba86767bb9deb4a616f0fe2d34f,0
8b6ab0154d8c50fe12baa73a7c2da592a79661c1,0
7011ede6cf0710b10f97f56b6e223baf8519a0ab,0
c28ed2e0cfab58bdf7c1849efd75d5ca59a830e6,1
5904d90ade8663f5552b51036740352a9b796892,0
e58b5d453fa5bd658522a2b0355b2bb3597b6320,0
6526a5e83c1fb9644da34e44fdc5a3bb8a357c84,0
fd9a406ee4cfa64b8ff4e898564d20ad142a8765,1
ee6ae79be8d0303db4bf48a948bcaee46b329fec,0
2499f70cabfc8d17f2c6de124a81fc0940a70fa9,0
15f7f84678a24533e42f2fde230c5f68d1b33035,0
50e133fb2078edc9abe79fda3b721eaf28409ce4,0
7a6d566a42b441d0c34c8a11c8b953ff9ae3b2f7,0
d6c57d547c4c0ed26f82bb20966780a136a55ad7,0
7df11e15457e8d8bf4e5730d20ec2412c429e091,0
32ed6601f216dd1300876719cce837bfa9824e26,0
a759e78d4d486c05044204391b3037b7db052fa7,1
0ff7c091143e8326eb88dabce078ca76778a587b,0
54fdc54dd24c9ece2bfc32ca12e88545ec923a96,0
14d6a09601b68f60e6b18142b597a6890e5d581b,0
ee0699b266e1a3fa1d58597beb952bf608229eac,1
b9a22fb6f6f460287993d3cf087ae5ff036a6c21,0
ac11ad359369119624b1733fc3d242f03d941a8c,0
1c4f7bde1c8f7d8c0e09484daa626fa4f40e38e6,0
4e8b8cbe053177d67216f5b890231d1b453f484f,0
08485426c5e825c2f0079efb04424806ab096d73,0
0367064bb686100fd518b88e0bfcb1c41fce8818,1
2d650f890ff1409f2944bc56cdc4b518b35e06f5,1
faffec9020f9a9f82667bad8e519662d1e850927,0
535cbcd9f20b29b3c5a5d69f654cde57969b3788,1
f65e9aa63f8f266023a986507834585a9580c555,1
660431cf4f7e2bda887a0e35ad3a76bdccc14110,1
53d3e8ce790cbf01580dad2391e9b7691f5d6c3a,1
e350a38760c93e373562d6a3e906df5904250146,1
99e257660ba7c6cbd5f85850ff040f63c577f04e,1
59aedc8a224a12f88f2f4ecd48056ad46fafb9d2,1
9b2d76e5c7c950e17c3a7227a1019d10b9ec44a2,1
4be08392978de39ffedf1688041bbf546d7b3a28,0
fc390074467c8c1f1dccdde93e35aae38a57bf4e,0
52811ea2077918a08c10634f3665972378781463,1
d82bedb44d79b652ecb94dee6003257c5b09d9c3,0
d964c73d749538ee7ec7b3cbd96a2ff1dba201b3,0
e80b85d504ae9fb64b8cff4f05bc3a3a4ec8f716,0
f11bd7cbff7ee68afa55dcc6baec97b2adaf43e1,0
0b873b95a840f8cfdb51f4ceea3b524d46d20715,0
b81a48d78dd9be1c3eae57cece4c88df92c30247,0
ce8cb2ab13dfe6b68fc1ecbf7ae0f165e51014bd,1
a2d367db9446287c22821f6595217ec5180ec959,1
275870d751f909ed771ef6c1dbfc547d7cf106a8,1
c9bb30e8910cae0682e9cf50619df778abddbc59,1
e5b948a1687270192753993c998d61c7a91faf49,0
79ad715f02e02af76da0c6e47c164a80768a01ab,1
2cd92aa6e3f44df6b0552a28b83022a7f92f8946,1
1c2d56e8a91b0f64317a9e02cfd4b45b03d3019d,0
e83ed048d46b0a55c651bfa3207ac1747a07ba00,1
d1758567765117cd395ea47319d3acde7fc663b1,1
1ae9dfaf45e0a51ee7d604551f7e1932d1787975,0
2e7597726743c34058cf9ad6c6ba5839ff9ec4dd,1
d0eb1d1dd1d9aed27c433d78a76962340fcbfc1d,0
a3611513fc4de7234ef49ae46d646b0795ac7110,0
c8d1d9e16dae0e386fc8eecc1b5c8da82edec4ff,0
a30aafa016409048747fe9730d6f7892eb12d7c5,0
8d5925b52b48b4c69934ea5c48aa298a2ec74e84,0
371dfcceb69200fd4105b5d60f2e0cfa57f7ca7c,1
a39a81a17e11007503076d1fc7a78b5b0cf8d40b,0
f10279a29d47d389a31da907695673a992555adc,1
23492711d234f2fa647bac46997e361bcf985423,1
dcbfc80c4a14b91194fc8b74760b079cc0a4ce42,0
f937c4b10f1c1eab9ce6599dd00699fc2fd86d45,0
46dcd98ceb70720f96d4cfa23b001ff108bdaebe,0
5b5ecff53b50a67179f6245bf60047c59f027e26,0
02227560d99240c9c5314413a0f12235caec6c40,1
eeda726246f5d06f6520e388550c2041f0435399,1
a57988b0e5e2a55f573cba66cf19b05031920d19,0
aac2c46bcca9c0c8fa5de8aba749d582669572d1,0
826893d6d0d663d2421fe73a544e9ac6417e362e,0
c6e4d8c9f534d3e70e79bf718e40724d56186109,0
1e8b24f19514275042bc53d610b5ae072348c57b,0
c02386113b1867f37c1328c308425bc830b5fe6a,1
2a0efba8fa54feff44b3ae87a68578d3a59c11b1,0
318df20fe7e123c4ed2cbf606287453c075fc7ed,0
a6ef8926ae451bf9f604f408f9ac8e2e8dac31b6,0
18c5b2536c114c86b810bb3ee94474fec596a462,1
6064ee37a3a7980a27f46b4159704a7900f6b5eb,0
b181b78a99a23cbfaafc146de62f031b9984af64,0
37d66a3dd5c74d091cc3ec9cec211e79f974334d,0
83246a74940203e6c4a45ecf077df3c7c82d02c9,0
aac1bf1a25edaff14566a5301bc68bffe8b558b7,0
2872e1e77bcc41a415bf8cd93428c14567d1e9b9,0
3f832070401696af2dde3e4bde4b02a01de0eab4,0
baf1d02692823316b4a421079db532196fe1a494,0
3aa534a3e07f4c1c375955d970bd0bdabdb74c79,0
f00c70d865c12d1c6679d0982c31a7916b56bdc2,0
dd04ce95b33f4fae88ce9ef3119de086f8300203,0
07a903ed9ae20a6f0cf0160e0b9423366934fd6f,0
f4f062b6000324dd74cace9f266973178ba8f973,0
601ebafa5addf8bf22686d533e3c4331d7055ea3,0
a73525809d1409e55af6cc66197d92b908818d09,0
e1437fdd6182a7cbeaa7e21ff2c1cfb191a2d770,1
bdcbde498744ad0cdb8c00db3ef99870e719905a,0
ed1d3ed21c2269267bc6b02ec33024221539a6f7,0
ea67e582db86ae70c1aa066095fdf6c14a44fd18,0
d2e157a70405ff6e762ce68d986fb5e2fc7fb11c,0
2d96a675ae6c19a29112fce3ae2c72929811e841,0
4e5a20aa8fb216a399a60a3b6a4b497a1c6761ba,0
c2e42d930e30188aab9c2cf372d0fec8c924c28c,0
2ff6633869943100ce9ee24e6a011906d6190168,0
a62f887045fcc052cf89d50b12e1d77588377117,0
2da81fa90a6f79818d54f861f8e51ba286ec7885,0
1d78f1b3506bc50031af9ce2afc815a53e7e47f9,0
d00c2e57078dd602be2209a4386dd877fa139765,0
19760e16578a48e3e40fde6693c5400b32a0062e,0
34a55e39680ae9c8bd91234559f148af159f84c5,0
90870ae137149dfa592c8dc72c4fc1738a5855a9,0
9fcd616fe5790778febb79d50c7b297b056877a6,1
34c206b68e12bbee3b07fb2ecdef5b9bb6a57cd9,0
e8633715a10bb5fecfa97e3fb8c9ab6d9761ff80,0
e83ea3998dd57f2838297da721fc77e6e5879804,0
63b85e9c1489baed177698da20ab1cead3065cee,0
65a2a7da3ec5a9c41a6279c55d7b8a2c239bee56,1
eb08e0f4c0b3360cb9a09ef73fd8baf9a8ed08b7,0
85d7b05599b7d09ff0f969fa55a20272306322e8,0
eb2824c4909318ad06849c1574625e66abf6ed5a,0
bd210b2d9d9e32bee7267450ac04285d7a0d21d5,0
734890038e0138dd907dda040179dfe4988c413d,0
07c9c444e32dde52db91af891fdc5249d6bd3318,0
f69d1d571eaf96d789d2c65c9515b815ca3285c7,0
22dd74e245b5ec3a5346b8bd20f73a36f9572bb3,0
5e0edca229ed9f54e3ca25959943c64b4b3d33f5,0
815fa4b995f7ffe7fa789a9ad34b72d32fc417c1,0
2141afadd2b78d6907334d22edd4c5bb59616108,0
66b2cee055d750ddd50396981029a50c8bfb7328,1
a87fde543d90354f9e32e713a128373ed28e17b5,0
a4553422ccef7eb57e58674260b763fc53b5d4bc,0
bfa187b77f61086d24153579e5453a768a123ed0,0
257da5294470e9ab0a999c16cf2e8693736dec99,0
0895c0c92df19871678face28280dda6140402c7,0
58588fd7b8b911478d5e9caa0f078f58cfb7c552,1
1cdfff55e5ac5fd4543f2f4e4df77959e5fdca42,0
49ac3477d6d18eee53d40d0d0488a319f07c634b,0
3e826a6068564ab959d288a2c43169a387e46965,0
425c28f75c8a7b7b81cd635ce8a95df4f99cb163,1
82fae244b7e1b29328557e6ad6965b54bb12e4f9,0
6d5ba656e29b24764d0bf78c35421a07cfb97739,0
f9a167e8c40ff39b170795a96d8988835d32d388,0
935b93acaac2362a760b24cb5a31cf36f1518779,1
bd0aac4761e55f7923a93ed2e085d317378c8af7,0
a4c635e4df33a03128ab571280d5ad241155620a,0
4a0e525641ed64d43b5b6f8715a608f2223ed583,1
f48c664a0f53aaeb877378ffb1c25b6f2f3d88e3,0
2db4eb59d4080d28e113e6ebe679b17f91222bf4,0
074d2bc016cc3dfaec957f9c2d756a8e52fb9a8f,0
899f9fd0a9690581f33a715bb5f000397f1bafef,0
aefb24facc745fdec7b16fa28aac6538e4a8b00c,0
6d514e21262e72f9664c68a79a497240501d2fea,0
187236482a6ac872135dc7544cf1423cef5fb1d9,0
84fd1dd099e6d44cdc5a2d6718197022f257dce9,1
e3bfbba28bd950d703b9a46d477a18bcb0cdfe7f,0
701169f0970307654c46511a7cab978ab027d90b,0
2e2072b3964b7e332b8fda3301c70f710c13d4dd,0
d79783b9ce9d041bad4f2264c6f62c4c33f6f218,1
e5b8e6c548f017606c1b56fb238e5a6801e12ae0,0
f720ca7a2c92b6f3a6097beab30a1835e6882741,0
40ad899b1073eaf65d8c7ff4b4d12ea420ea6740,0
965ab18ee1c896884b38b332b6bd26ce98ad04d5,1
9de9a1ceb8e0c285b0064d75f56b57968804ceef,0
f1dab549180cf947cb7560ffa63787647d0403e8,0
6e819ff75329dcbd496bd230d8092a419fbf4a2a,0
6c074f94c799b484fdf6c5c44945222138285617,0
a934ba943d444854028898ef166f6843c14feea5,0
0f794328d8da5461546fd8ad4104a49fce2bf7b1,0
15e9953982d2a81d507d37ab1ab6f9f43ff4a2b7,1
8ef2001a0992c8a20916d9e1c9ccce1a8ef28456,0
19d02edc68b213275bc8fd7369b8ee5734eae170,0
2ca753f1851b1bfa51afed6f33be6348c3ce9d50,0
e9b9844fceef77a4fd389c4fa21cf2d621588925,1
9c6fc47487b4f58806e8d937230c599ddf056135,0
069faaa38e39e9877299a35c9af3a0854e20ad26,0
90d64576038f227d6cf3f80a8aa22df8f506c3bc,1
c05439fd1dda3b50150a4dad329b44cb631ce3fd,0
2b720c7df037fc7d9b1b83d3fb6cb12edc6e8ed2,1
cd68dcc15abe36da0d35331eb5ffe1e9493a713d,0
cd1b5dd80d2e1ef5bc1500ddcb8a3d19ec2e80eb,0
9c7f6d421223e6f76e67729b01ecc7f356eb3a29,0
538cafa86bcbfe26e4139da93fe209f79c0af295,0
be8e6831821a9f315de1dae8608ea6acc55b0fc9,0
02efe9eb38b8eba5063a95d2edbd6bc9398db229,0
bdc6a3a7620346a2e2c15f36123fd05286dab3c9,0
72b9a7f37393ae20805b1c99bb95169d4354e4b9,1
3b91cc1d78558fda60b59a90920d86393ef0ff23,0
8b198cef5b476e6d5c606b6426d239cf6d26e6dd,0
020f71e5fb37fc3ea1f547dd466190910bc78749,1
396eabea99e04b9860ac32148ff31b4f46e31624,0
0419ecf691bcf52385d1163a12afe0a7c6b12ec4,0
6e4a87b4f5101dc77952cea194fa6f12784253e3,0
a608161bcd311a1a3e555f634ab164737d3fc71f,0
e8c4036283e31256bda9773f316b8bbb1f7bd63d,0
b2b0c36ee69198a79b71e3c723d4854b1159ae8a,0
5aaa72387eb78f3f4c4091e8ea4e54a140be1550,0
356babc84b6e82db20a8d44d02e409e970b1a0b5,0
7fdc9056297be79807e3c6acf92f857a81268104,0
8f8e4fa6f903da6b1403f4c6bbeb619852f269f4,0
e0aedbbca453cb21d3fc847a36e498441d890f0d,1
2edd08f88cf6c4a43ad53334206edd294797ec59,1
58ef0e20f379538cc679e99b8b61a1b299d5f7ac,0
b33748a1aa7d4ecbf827c9214d6831f8a36f6074,0
7cc8cfbca493d974bdfda9e85be4d4cf8db4f18a,0
9a931395299d819735d035e184df47771725a74f,0
2e027a4d3de9f472c774ef20d9487926efe5fd88,1
d413bf2e74633571d839652bce738b6fd3393b5e,1
087f54a170f468d628ae22c1fe2f90a9c558c3d9,1
c765837f176fcdbd67c5854d6589adcb2635d9e9,1
89be5fb227f16d172851ebb6412d75a9099c5c94,0
6354bbda53ada91d8ce7e561a726eb1628fe6d2e,0
4420519291f97e06a2c4ccce2815fbb94aedde91,0
523d0f70d18b5496008c9063b9f6e9321877d574,1
eccfd928f1c314747dc74d7f1e93c04db13a30cf,0
f0c59d736f1f048e78877b863e398e4a5a593128,0
88c3cd294f237b8b85b2b301c6f02e31b1f68895,0
9e7743b655731f5ae97bba317efddb855c9d3a45,0
f46912fffed1e9800d0fb193b37df5f93b1436a0,0
6bfe56e6415fd115eb0da470f473b1597b984ad5,0
a6fa9d28add20732380326f397051cb89454c55e,0
96b0944fe42f5b3333c17e545b1146136f680cbf,0
723e6f40573cf4b918c950682efe3c83ce3bac31,0
1ed847c0f67347becd2c88182c32cb68b8e27fa8,1
99d3fecd9d93205a3b4d0c5bfa3a2a59ecfea5f1,0
53c7ff4f262f0fc39a8ee89f3fa02917505feea1,1
12e6d7b2cf5a69e8a803c09b22b4930c378cacac,0
1607f3d45d2b525f4577c9320dffbf38709ba425,0
253b9bd4067f694f3e7fe88c14eb7ee2de9ee7ed,1
fcae8332d2a1b3a3fe0a971aee0493484e33a70a,1
7c9671b52be86f020248df1180ecc22fb10d1124,1
3513889e7c386e433b9902a054be2ebc9b61997f,0
0ba051ea68b2f9fb4075b3879c0eb48f9e06f6b6,0
f91eece7131115bbc3ae0a38ef6da5c091a70955,0
9fd1c4fa3d8827c2d046eefd08e3474617cd302a,1
38e4922d4ffbecec9930a15da9c05b93c2ab4aa8,1
d61073cb10356d452730c6742c83022b2d363d02,1
f6780721006b5ee784fda987aaad336371fd8929,0
5508cb7d1c921131fb54acf0590b74d46b7d772e,1
2f2b956e6a0b24dc6678c002437f9a332687d972,0
44b76f9bf761c15a14f904fcb3e2c6f15d4a9be9,0
a9cb8d9c3f087f24f0460da65e4be0f0b8974b2a,1
51a4452b7baa279f62a66e9c29e5f027f931454f,0
5332faac20b4a342d887b312a403e57b6841f4e2,0
feb790efdc1047d9f84251459f01d9f71bb48a2b,1
42b6d1e0149dce277e7fe14c29596614b021b3c0,1
dac5fa041279d2caec03e6556c10904f9da7f1f1,0
0905dc00459013e72c8eb7993c3dfe2987cdf794,1
3222754b7da18c32492e5678a016bcb7fa8d7faf,1
c75e67e48a456f472db834f4e11a00d7ca997ca4,0
272947c49d9f413f31ff3fda8f63a1026bffd8f9,0
b9fec98e1fc1d811de67160a5cc76c46eefa3059,0
4edd88f57bf7cbc583fe9d75483f45943b6f3196,1
7149537003c1ed8c2b93ce039e58d535bbd848c5,0
81c68f288a98d0aec07cf37528daf1bcff0059e1,0
fccc1faa03dd77f27775029c0c585564f82b5748,0
5fcbdf3694eb3b5612e4b91d9830e30361a497e6,0
06df377e63c90775d9905c3a9f49b6de08cdc4f3,0
45b438d69f4eef2f3a977e1039bdb7a53fb8a550,0
117b46f7989adad1d9114383e019099780738233,0
80729089051c99ba0935026619cb212d92e4339c,0
fd970696172c08dd024c8d607789c1252d5b08d9,0
a61ff9c166ca0a76b7eacec4c35fb6634de13e86,0
d79097a5496069f9dfae8cc66af7ad76eefeba74,0
9314fbf1967f5cc50ce48ada932a9ce9f7fdb507,1
3283aa806508766a6112f966e23a696a6a850370,0
b1390a5413b264ac97539a7a4c59ecc98a38a409,0
27368362b3b3ebb3749ce411053e8c99b8510329,0
d3f54f4b01b72367a8bd32de705ea2bd4c8844a6,0
4eb122c15337d70d6a99dbb33f408c7d573b3b3f,1
64c23502d1467b45965bca5431d1221747099abb,0
c71dea5758d49f48749d332f271e92adab50664b,1
64fda3e7d85a3645b287e2866c6b90e0aeaad49b,0
c17cb2fd4ee5a166b1101cb5bd7c2907025111cb,1
f8e0d016efb84e6e53697e6f05ec6f46be242645,0
0537011ab530d864a802c40b889b8b2d9fc0347d,0
21be78492873d65d9fcfeab4278d1738d205debf,0
3ea778c10ad16b8eba30a33d08d70dff1fdb20ef,0
29b1e3a88d121f9042fe8e3c4517614866f67f33,0
800168f43c01b74fbbd203e45b0ef289e4847319,1
b79f0d35c2b9c58feb35bcd8bec013490ec47f30,0
88d62a6976b928a566800e43a2ea7c50fedbd8fa,0
1959884c91908e144c06ec75e285a71c40f53d7d,0
f82934528377c0bfbd53475b0983aa26ff5ab831,0
ac48669bc12827ede2269c77176933d072f1b89a,0
1be3e207cf97d56496d25c625516e9357b78ebc3,0
f0e35517793c2744885d9f8e43a66d1555242409,0
900685db0fe636b5c9ceae41534a198d0c8ce1e9,0
614b373c853ade5eccdf13a4361a9e9ac0e92840,0
26fe5bcb386810e704f4e21058aba835f5d11ed4,0
a78ba3b55f29ee7582dc8298a67dbc1205ec1c39,0
22a9a9489ac82de76bcd1f80667dbdc30b9a6917,0
3eacb0cac51bfa9f34292aae8700265bdd94e749,0
de2468ebbf96f10c55271498226024a8b89a4c80,0
da90482ffa4ed13e6beb9eadc47c1b208af2adf8,1
85a6f6767b0c1485d79268e75305ac15f27dc682,0
90892738b215d43de8f32a0cc1b37e770773f1d2,0
162e0521cca78a97c1badd2993f3b069a88abd34,0
32a82eedc40c27f8c079933a0dbe1d2a9f1680e7,0
dfd396693e08234b5387a4dfc0e8510eb73b08f9,0
29507b64c31fef7e9ca964d2336d047d828f5bf0,0
8cc389ea41cd898e05e63d448c3f751c414a7521,1
f08996d4ee1e4b0a7cb5ea7fc17343b803d441a4,0
9ee47ff010d171e3634581f42ed3bcf389635531,1
ac3c4d8080ff6bc5a760d1d3deb375b3d2cd608d,0
2227834f29eb0751c8c3896847903506a63514b2,0
800a2dac1390a87a93edfb2af98a0a93e90ed528,0
e0091b3f6f69db570207623abb4988e7b3b55ca6,1
9e71529c37f0dd95ba5dd0dcb22ff638897a69b4,0
9e8b39706331dc4d9c9d4dd55c667b55a7aee842,0
c45f1ecf72279f239966dee33224212311a95f12,0
ec958b5f6e15ebef30e43b43c9f6cd83a35b5423,0
5ca00743d5fce8b324d0a61ed63f8f10fda43841,0
ca76e32c5ea52a28414ccda6168c36ec6f570ec3,1
2ba44683bc529d53a1488ac380d06c4c691f2a52,0
ffd4bc6027a4276a156f6c783158718e9eec88f7,0
b2835e02194e6358bf6ed5ec0c96497e93a263ed,1
9e6d96f9458849508c37159187e214e804bb41bd,1
ec079b13b1b94e1c5f79d4a23f9d80d3ee06dcda,0
c910b8b2c9122c38cfbcb23c1358bb3598392b66,0
555f2fffcc41067c05f9869afa4bb20158e0002d,0
e2dad1ceb7d8735b4089fd6e9751295690866af6,1
39108dc9b5bb39348f11e49069bcad737f20f475,1
220d2bfeee8213bde04cb339c20c22ee5abc4428,1
9cc97b92d641eafcf25ddb8b5e5a073c1997ddd5,1
6ab9d41e3e9fac941966d877e57f54b49003a8a4,1
2dc3e2207a1dc877cf6c559441dc686ee24a2240,0
4dc3f9ce26e7fe0e339b731ca417554abcb92e43,0
9f13cb5793208c16d3652e028a0167edb8a26b21,0
bf506d547b00e961eaa1142f4eb2bc67b94eabfa,0
5bcb7810fd52ee6894c47170288ccad92cf0bca9,0
6f2f415bced22ff908d5270e0728714cf922fd9e,0
7b93fad2570e713762fc845db5dc56bc2ffdc476,0
2110ddb84360aaad9d2ea53791eee89706899126,0
9ea96f02662dc2f862211a0c8882daf3a59b0b90,0
8eef77b6fed7879f76ab660adde246417dbce2c5,0
3fb24bfaab21c8caadd8fe745a8d22f176adf799,0
8601cb2d4ab7aed3b1e5cc6a68864141d9a1d78e,0
7c0116c6f9f0f22c5895c9cd43a683986372ad2f,0
87122f1c1d3b57310616cecf7dac05dd08632f8d,0
a5be8b6c5f45be8d12e3108dfb6ff57e135ef82e,0
df52906bb748642a935a1235086259c71f4776c5,0
357c12b96a6a57ef4ca763e4323e203e686a2942,0
b852c5bca696b7f971b3240ec8244f4e537f90ec,0
71a4f580751cf216bec67cef2d3016519392be62,0
5c6feca04127a6e45156ebf43b337bc1ffcd5808,0
d26c7601c24da36176435ce8875e51f8f8c8277e,0
23d995d97c583fcfea50434edf2f6ef6dc6be819,0
319e40395e40aff9c5e0803207a898efc47cc166,0
f91681674db59ece9b273e369a247d8be7e4f538,0
d2334aa419602fed22271ca9723a474bbdff3e52,0
d4b9116329c26eca6d6bbe3b5ac59ea438758594,0
b0b4186eeeec3b563b08fa4239b20dc12918977b,0
a53e94268175cbaaf32b7a4382a96ad9855a8788,0
0cd41d8abde8bddfc8b78d6046ddf8c52dd3798e,0
be827920dabde1165347dbd1900c7bebb9ad4026,0
4a233ce708989aa1da38a5a747dc40fc9600f3ea,0
337bd0675bd2c141136bbe4838bbeff6a4e42091,0
4be5aff39d1f3d6fb53e0364a156dea67b3343b8,0
948b56a040d48d99dd6b483d9b19254eef4f65ac,0
2bfee6575196aefc235ba48880ccf867542303fe,0
03be6a16ec7561d643c1d3d91eb31e30514c45ad,0
3ce8d6bf0bf163206774946d3581efd039c31036,1
d7bf725a0142468f93f46486f266cb31155daa1f,1
b5091e9cf3ed99bec0f07de48776e016bbce5cac,0
b0564321b648d57e16a7409580f40843e19f496d,0
ab4bd72f09bf2d1f583ff3a17342f1c04802287e,0
d3a745ef736fdcc1046a897591d0b33485bad0cf,1
2521f29eb6a72a20f339d3ae0c446bc617345eed,0
c887664b0f0f09da80a75f5e76eddb12cc562c5b,0
6d4b512cb151446b90874d5046ab6833904f5bfe,0
01bd69f460be80856019fbaf45f6c626ff68f65b,0
728ccf5a5a8e705db30f7f6df7a7b873b340e05b,0
adb01a7f91a6f61710d6707e1cf88c4c7827be29,0
26d0a0612a90a4afaf762df9642c6104b9e5b87a,0
fbca71c5bdd5f78ffd2a4c02158b463340a6238d,0
6433f9094cc594e480df935c129cf682f859e8c9,0
77acb96b4994d431a8178764938701696197d4bf,0
98567abad2dcb89c3e428efc0696323dd0b87319,0
fc4fd4047c0ee24a0b4a553e5430f173bf673e0f,0
069c40d0fe9496439059921f6a5efd5ef9d4c3c7,0
33412b485e8d453eb0e836f7ba4aa20e70545db5,0
4f16f1f79bb9d940e7635692a7884f7285652cbc,0
d41421371c830e24228f8d126570fea88056b779,0
0a000800ef687ed1fa87ecfae1a1c8e5d89aef81,0
17ff3e942eb716356cc4fb365426bf93fdd29ede,0
6332856cb8d0c091d47155228d23f82e016adf27,0
9a65df953ea6d45263df5d24b46cfc19186c8e63,0
50c5365b52577acd434fadd0119bc3fbedf05ff9,0
b217d4aece69044629c0e36041627909e970fd94,0
0eb1071d1b33336540c075d1832413317340c32b,0
4961ce7b6c8686cfda2fdfe8410ae1d2a309e040,0
ab7ea27b70ec8fbf27fa7268b90ef04e65ca4007,0
f6838c4b678dcd32687553534c532bdb8f016f76,0
60f1de241152ec2bf272343de0a79e5600023e3b,0
115081ea53abb70ca775e54d5ae87d460a2d7ac7,0
c17fa83cede7c089016a9350409ab560d7ea2c12,0
5c3014529d76d2b7eabdcf6f8e4033bc6633e8ce,0
6f402f2d110b02db4c090cef59b042a39faa4fe8,0
105e4b1e82769c779a2f8607d38d51bca2aa65ca,0
c247f994255019e20ccafb0ed28c11ce929a840b,0
45214345c7c054e63e93cfc5705ec48e19c63536,0
4551a5e2871c11677cab05d78c613fa562876291,0
4d77e3ff6460926d7bdbfcb55836fac95eec6088,0
de181c0a11248523590a634a2be841454daab004,0
75ab5e6bca39e2785f4638365c7fa94a9875f7b6,0
34026064eb065daeb36fe9b363cf3a16ae71b8f7,0
78eed5e04be1f01d7fa2c112ba5a1fd25e4d7241,0
2e96cd40c91e1b40196d0d50a9e9c36e04b8465a,1
c54a68625c1fd6ba7c2928b3989e2fcfd6d13dbe,0
5c798eb50aec6040f415b6def1912d4345f8310d,1
fe1cce3971c9e99da1e690d9221e56e882615bf9,0
d857e92b2832b536752ee1a6d00b3eafd3c1863e,0
2291e9eccc49c8ced3a79ad1be10cc960e756e68,0
48fa471c838fbd42b6526896d5a88d607d4c3225,0
c84c140ad567e1ae514fb2cb2c636f394b3635fc,0
a9258404ad9f24fdb8c62ed1547f626e3edca226,0
3ed330b7186633f74b6fa5ef0640604b5d0030d5,0
757833507688b8cd903ff3f2470cf23d15147768,0
00f5cbecf8289b1d5df4877709ce988315ba3927,0
4588c160934fcfd03ad50ac12f150fdfb98545b5,0
7f640b0badf5106821908fcae610400849cdccc5,0
0baa78fc53467ec1e46db1c52877a3973f753d6b,0
6fb39861af2187d4160ded7e0a8a31941194e13c,1
6be46a6bacdb035048668cb0044ccb81c8d7200c,0
48c7a0cbe042a2e3d94fd30b49ecf86d68cf86da,1
e02facfe1a2116423c826e66ae093de0f5e241f4,0
c7d6d6fd0d30f0f98b87c0a2c50f653839e4e1fe,0
37f373401c3fefa832be0d52f617f0711b0bb831,1
3197015c0d2efd8588faaf89e2ef30fba433dd56,0
cfe5103aa591a6d61f7410dee26652bf3c91b642,0
a649121829caba9008b56ab2102ca7a0501bb16e,1
1a87d170d4cde56b5a956d29f178d28e1cd398b5,1
010a4388d90f2ff9dad9a9acb5f8d4de444b084c,1
e14326301d87cc0c4f9a064db4364de055442640,0
be2725626bcee73cba98fb3338ff1755829367d8,0
a576d13e6bc0a26862a571e670336a86e77906de,0
3d336f0e3041fa71a6a651d2792d5ce1a9c9bc68,0
f044bcb3d54134a972a271cc5a99161d2aedd6a9,1
ca8682c13ac783d738b5334bd4390ff6453c0af7,0
0be1e18d9e61a33d2c865d0555f1a65ae14833da,0
9da3ed1ce6b4c8e14d4e4bef60d7e0498285a4dc,0
d0e4eabcdbc0039ada9eb8a89fc2ca6c1fccdcd1,1
d92e70e7502681cdd710de20d8c2e198fe3c39ee,0
e3d72c538e7f4d7690f119de2a032f5278cd139c,0
4479d2aacecfc6a4e1c5eedc5bbf0c9adaad4b8c,0
8adf4fdb13cabd0d3c2573676dfe73ede9cf3221,0
3eaf71bc033477c0d7146e02c53404629a7c1646,0
c4355851dbbc6c232ddd228e7e724a725783fa92,1
6cb1474f156d0cc01ed82f5ba39f85f1c01c6366,0
fd80453fafbe162c57f5f76697d9c8b28a575d4c,0
4d616f33223e60c1da1441a1aadb695403838eec,0
b2cc472f73268ac1205e2b90038205ea931b7fd3,0
75bca5bd4c5ebccdb2735b75b4c48d5b681d304c,0
0f712a0aa8637fefe5eb15b76e9da2d4f911107b,0
6426ef9173717e2dd2e20ee0dbeee1a9c694047c,0
55d7e4218fc00765c6040041ab9d0dd6757571ca,0
91cb40361e2cfc7525deb063b48db0e2e877e509,0
b62c3ff93e214fc7487f9bf5d56bb94c5e86c177,0
77da8cd5641a656e5194aad9c9a9e45d7bd158a3,0
cb674aee8448f0c92da0e7cab09203a3071ef6b0,0
12f7e823997bbc9c13fee3942cbee3efbbd34c96,0
1662de3263f7c947e83058681c34002f1215b99d,0
30304668ab1ded8a77f590da03186858de4dd3a6,0
cce5289e585116160e047409d2db9ef4d17ffd23,1
89e114488141845dbbc82b7de2ddb304ee65366b,0
32755c5deff7c1076ac9f12e6a5b5172089ee109,0
01fce878e72c922108aa445da7277aec7897f314,0
58a8ce4100a59c26ca730b88808e5f7e8b19498d,0
46932ec5b7623acb0dc68be2516cbb7e7b33e9a7,0
27671a8bcd25de274c664aabfff6778ebc29af52,1
6092537b8ab64543e0a5cc653ee0cf77d42dca37,0
b1a5125a1e9a6d9e8d6a36b85ade533761747e8e,0
9221fca35c924f51d9697464da09132d04218579,1
d266b61eeb83d35b7ef3527b6e491be68a7fc4b1,0
c66246c26429180e6a1d1a92499b8d2b637790a5,1
2c0137ed01ca0eca069843aa6bf2b64b76626780,0
989f6f664f65d5ddc537f35d990a8c228222f441,0
266111a5b0ceb03392471ad1990c9ad099f4b99d,0
6c0fdcd4885980d97245a55cd0f1efe5e402dcfc,0
89dd7ae91821102ad909a20f125ed2ed088e38ac,1
8587d603c801ba22ef87c8c6414cd49ce6532da8,0
c819598e9fb2ce0f2e7cdfe26b084f582bbee0c6,0
79b2633547be4813e424ccc9b7df3f74d6a34568,1
eac471eefed0baa2546d98a089d185b41199d9db,0
33deae33c51d391f9fa1ca0a19fad921d16e93d1,0
34acf5690d3b1370eec91abfee0665252b1c3ec7,0
7cf7986513f063bd1a7e6aa67864195eb7630f04,0
1eb58672d398070cc70ab9d6a6414529888b871f,0
1725dd273e882cd43801e602cfe0de9c922f710a,0
aade2faddd757d5c041f2304a74299c0906412ac,0
fc939bf6838f4bf986e0b42fddee3df6712371a5,0
c443b39bd623e94277af5cc835b04ac8901f5084,0
944d5a7efe3ded90e2121bf1a2784d8695198f9e,0
67de17278c9f8061a9af070b9c43c86eb38a2e0c,0
13c9e95760310de3bee1c479a26ccf36e765d705,0
1c805251b1582de6e6d93f78e0abade3a98c5a0e,0
e5cc3085869883c9fbacd565759478349201c6a9,0
cb6d8bf293d42b70be8b03f5d2bdfd09de5ed078,0
78bea5843af2285c3c6261bdd7e1d1ea1cd685c3,0
38c1f13e209bb10b10e7a43a8b98196ab03819c9,0
d56d0309fdc03ccd3d7b05e7c32cb3d3202efab4,0
d800c7e47c66b6b80ed19c7fb2b27d0b8b987b40,0
26c458f09bc858537d02b3749868e8318b167a68,0
47e26f11f0901db6f132a3328b64dfbcc459a7a0,0
520727d31d1094579836e641f8bbcca4095f4921,0
002f8ec7aa01956b282ffd78062ee6fed6ab1eb9,0
82aa33b5464fae8a107b9c72398aad5853e62f30,0
90d67e1a920ab4ca35191bbee14838f68ac04391,0
2509784fe0def992faf31c95bcb680f749f90cb8,0
ac7e5e4ff9b2a2e4ece0ac348ab95465617bf078,1
84e490b66f61e11366b62efc42e64b60ae7db35b,1
4bd9a6362a852d8a066c006ae3bc5a1f517ac82f,0
e2330b08a64f5e91e4f6526c940b1d88586d608e,0
ee824ddaa092e762f76dc5e9b2f1b3405bab85d8,0
d863d77536f404273624e9833e1d735314edccc5,0
beff2feb9d015b7e34102e378f47eaface5c7023,1
3ac3caed42aafd0b82e33cb172e69339bf9e071f,0
51af5a246d8c0c94ec56f8d6e70787c2a73e6da0,0
1f2132808ad4c74dfa3572119d28b101d5be5bff,0
85f579dd17160e9cf25a1c392c3e56dc2eb0e88f,0
f7cf3d8e1bb935b0c85d646171389fbbabd17e16,0
c4b917456801770f9ec9fe1fd6043b6245f40ac0,0
e4cee03d6c20728aa3635601f08724f4f7f3389c,0
07f1766b0e10a134bf1ba4e8f40069a21b84265d,0
a1a4c062ea0302a8c1b07bff18a401f7025e0b52,0
46722e306a029ea5264004f5d2b2784757a2ddc7,0
92fd90c630d3c9b01e6a14135fdf08ac434d2e24,1
0d7777b3a9549cf48a7c29bb26f5f8b537897d28,1
31fd31d27c662f225c9d0045f4d34a90b4d9a3e3,0
3067623a5b07c7e58f4346e1f18430d24cc295fe,0
f853d15e317bba494d3ec81ee4bd0414440a6161,0
9de8fa5894b860345edc29e444ecd62f3752d9c6,0
bf63ccddad037cc0b354f7714cea64216cccf792,0
c80ba546093e032010a52fb45faf3cf662b30693,0
05712301fc723113436c12d59aafeda4097105a3,0
12060a3336f8beb084ce6c88f2672499ab56d744,0
92c2d2e25e4de1c2b8dc04357bee5aff5c66d7ca,0
62502fa48c6580d8895c6713d1ba50b293bb29a6,0
4d3836de333498e6efdb11088b984ca28430f1a6,0
759457498f6357d36ca4b50aeb515994385445bb,1
f1e6dd2b98cc2b0c45fddedaa6915b1aa01103da,0
a24f6a08a555f6ac5ac9daf62fa200e80c738e07,0
71f0955a2ebf2b6e963b0a8b8315728b1fd6389f,0
827ac04016981e94ec4f42cc3cabc20592ec4d2f,0
9b5d693d74b3ff5612d468e29534601d0bb9c642,0
312c2518aaaa70bf76ccbe2b719c51e93d46bc50,1
771f3bd0fcdde9bb5b7aa760adfead2d5da7a43c,0
8e1addfc56ff9b554bfb00e28ba359db28c075fe,1
d3ecb70f56f0324b490e7d9dd3189c8369e48946,1
8b57b6e537a9f37b70b769ebd9d6d44130c5c0ad,0
929ff9adfe987f7677c276fb7642fa1fafc6a190,0
3fef1a85b54dac28bdc63dabc84b27be78021cc4,0
19cdfee2eb82d2d0eb911e49652abae7fefb8bb6,0
d46e1045cc06baa638a32aab5dcd2aeed1c0f890,0
75c5058e0ba627cf2b3beb849e8baf18190c15d5,0
0f5873604eb5da255d96ce3a93de79972ef9d071,0
96a3efa39b8176dc3c3cffc2c70b6636872ad841,0
3d12773673eb6fffd653eed8a9b51cd8f60511bf,0
8d340a008767c5d954b7539e825b4c90eb15ab9b,1
1f412f9f242a286977f3fcc44314aed4993a781f,1
5f7d5690a97b2ad95bbe381695638f0c7ca2c4ff,1
72548f48a86b7d21aad7c5d10a09b796d5d6c426,0
f7acab1f6c720cf0588fee9aa5f01f6d3000f6c3,1
d40c01673e866c3c3b5b51bce66e9518924cc31c,0
feb22aef106d4fcc58e62767a29d96a028bc9e77,0
8af923c22d837f34834fd50d0b05eba8ed0d1a54,0
0082e0192a5b706ca2777efd7097814cf64803ee,1
aecee3998a4663dab26973c85b46e5363927a111,0
58f43a30123d70bdb31ea3a4f09a1bb09b4d5d44,0
2c8dc0c8778e262f40f953a71d045d56f554a6ee,0
f48e33f17814a674f2b834b988f131408a797a45,0
cf26347f5ddd670f113619a356cc70a03c8ee117,0
30577116d333d6ff58eac33414879930e55b89aa,0
c55cb82fb4b0db5de76003d4add3031746fa3a24,0
8127d9ccf9f7aaf7234b9d3a42ec7709bafe043c,0
8e70043f4419a5557b26f0609022420a01ad3ccb,0
c9b1f2d6422803573c73c08d94186eb885feaa15,0
c5fb06dcb8ffe00dfda665f73477ba8aa875599c,0
c0c9223269c744ce7d0ea297c6c8c0b93e508557,0
25b728b306aec6764e72a40195e81a33866fb790,0
53781f3fd876babfacbda0244b7507df53706c27,1
be37ea80c0d982f82b642ca8681c65add307cdca,0
dde1e2089bad306882c278ad1683ba8f245a71a0,1
c585c5a536b769af24bbf68d81075c163504c2bd,1
c8df4fee3cfeaf6bd35f5795cc0e842a7f61a651,0
d1e97bc85338c563f4f732bcf917a08b3cbf4792,1
7bedb79cd6928f2bba9159d9a35d462adb8ae9b9,0
a0f5b1b4394a0a1cd2fd0ed8491d138a1cff1e3b,0
b8161dfd9c9edb93c83e461c158903d5608c373d,0
31eecc8d586686d481dd10eede03d219b7debb67,0
624c3c913f95a8cd7ffad944742142e856a97bf8,0
feec9b7c10aa59d0ff6ab7de49edf4c2e9dcdafb,0
c52bbc90fbb8dc7d148237d6e600bdfd92f0852a,0
2d5b2326b24fc18ac3fbde0bc01ca1def85e1b29,1
1ac854b13d46567c4cc491203e6c5f1853ddc020,0
8a7d52b9a9b8a6e7381f058a063b7a4b1fa3a21f,0
4f5d25205a9cec988de300a452d641a155406b79,1
79ee424b36cbc489b3bef05f6231e81d05f0b5e0,1
68b033741b02c3ae54d649e858790732bc5c2d27,1
49a46a10eb88d0af61689a2c7275d819084fb148,0
3078aab0b27c3b7769e6c4f5bc19a49780edf5dc,0
ebb65f0dc2e7ae6099f40837bf7c78f1e12f97de,0
afc1dbf04e163963fe32d080c889eabe3bffdfd8,1
ce04852e164ed586b600d968a371bfb87f0d24b7,1
b0caec70e581053c92e81a15d3f130a089d8471d,0
77caf7c6b84c7e326c0867b4165119e30efa7eb2,0
90456a4b45ae84a8ed2b643d72d38a341f157d3b,0
900090e490906bcc1328e768928cfed0fec305a2,0
08cf1d1fb517d9778fed6e1857a2b71df5c368be,1
c9e19e298b4855ac4f94a140083bad67176364e6,0
58a6a3d6da7eade179deb2f547e576b2f6db324a,0
d282711600f0af14ee4b165d886d30eb3090a383,0
be2aa80bc371d600ab2230c545051ea6454577f5,1
4ea703295986fead44848f8edc1ed4d8fea309e1,0
4fdee25cb29429dbec0a2523253c059df101465a,1
bd6056283af304a8cd69e3b96974cf1df43dcad8,0
8257fc464e41746e732ac587284841f31f384ab7,0
c7f1c0771e43525273effca63348600ba103afba,0
770fc1d470bb89ac487df9f24bedb1e3276ec7e6,1
9b5e9fdd591b6d3d628780c2af0ba428b0d6ef63,0
0642a6f1da5e8e6b9d0d44090eee1ee95de4e19c,1
e4fec6de05865940c4ee2370077b925adfc52dde,0
2ebd474518813c065e774d831075d925f2b9b7d5,1
aae0d3d15f12d70aba17b99647642e1cf539b981,0
40aee3954ff7fbb9db6b367ae63e6b05dfa6199c,1
d998be61d8258c3bc9d87fdc228c1898ec870de1,1
5fa61ba9dc60bf5ab6fa6e9d2b5ca68878e26b90,0
1b6128f59f56934503866f390bd78837ae562373,0
7a21ccb479931a2b18611fb8362a1408ea4ad82e,0
85b931387da21734fd1db504a625e7197d3b0a72,0
b2d6184204b86a774ea0f6dc269e9c1937b5a61f,1
b29a54de898c427355637e3060083255aadade17,0
aeb410f6c22ccdffe0ec7bde2a1b86e7a2e4d2a2,1
fbf34fb3da0877a22620a4686e1fe75f4f415407,0
5e5049921c71abccdd04cc4b6d97af8c57f3e631,0
67647ddcf1c42762dd7bc6df83ba951edad1ce93,0
e556b3cdeb75a6ed2285f581164d76f743ab85ee,0
4fb332a56167deb5f9d3c0ed31edb0fe3bd0445a,0
e1bcd15e5f04585879e87aa5658714555bd79d15,0
cd3604ac97b6aac320dc53a26ff8b81cc08d705d,0
71085b248df3a8841e47aaab88b79a1798ba7b78,0
0346981dd4a781b1324cf0648e543a7ec70e9db7,0
8962bc40f7843e109f679f1cf869338566579b58,0
ac5fc2cacdea64878aa0bb9c0c397d45caff9f63,0
335574c8bbb0cbbcd2cb919096fea2a341c6d5e7,0
4c8c9b5b8a5fe7a46f5ec92aa5a14944296082fb,0
33d0ac471a8c2c2abebc6b0c938add5016c82780,0
d6c20fefe00288ccaf073fb4eb8acdffe71bc6dd,1
c652c8cd7c2c7b959496695fc408c7f1a914299f,0
5de0117e6d050e87bb55d45066cb421ff95005cc,0
f8bb4ef5eed9c12c7f91fb4f997c13e82df253cc,0
79535f59ac3f38f6d03d307c7ecac1d9bcea9fa7,0
76bd58535f542d520d2862b9af799823beaed8d5,0
ca4697a0d0a8e8075542190f2f471498de5f85ac,0
818f011927fb52880e237587a01f322b99ace48a,0
c1dd845559ca7006b1ee2d124d35aa6576b3aa1a,0
0309c6333348d91761617c81f1ee757480eda7c7,1
d6be67b284ad5c950af2b5008d0124207e92434c,0
db2ccbe53689c54303b6498eb63ad8c7d9c66777,1
12dc2b1ba024fbbcbae298df9c135700ecbb424c,0
e6ad7b095f4aa8af5f173b378b729a082fe5fe31,0
22cbde0e563f8578c10993fe79d15024277fe39c,0
85ff5fd73a7a8deef2f8954516b062b294822b20,0
99ce3d693cd21ad3acc0b57b33cea4b1df2a184b,0
3ccb2b6a7fbaa0626d1e37296d3f0d9ae166672c,0
cd29bad11f22c42173d605e1248059e5c9b9fdff,0
ade338ec0953d8b197a658a61da5a5cb2607edf4,0
fb629b23fcdc52619ad4b4462b31be1ad348b873,0
36aa20efd268c72b2d88bf12e86754b0850a2afc,0
db841bca384a29d5b8927ad7e8f550d2d7a22225,1
d4d77d2243b74891d0ca65019c6cbced903b95d2,0
63979f15db6483c24c811505fcffdbbc3250b045,0
ac9660a719c0f6c94925689593af63eaae5ab499,0
6cfb4c895738aebf1100782f054ab47983ea6346,0
2de7399b03dff314cf42940c9f156213cec3f0ce,0
bd1c4ff86fa21358949e925274f5b8146f5d02cd,1
c412664d0c53b4e7d83fb2604722681a46df15be,1
ba6e2b06e6ebe90352f0e69940de44d1360a7830,0
a48f4888bb5b0a124bd2b997d0405fc59469b18e,0
7972f1ac1b85a5174c9f293ad98abc87edfe42e6,1
cc6ce27331c5495748b4e8f57b113a84f2590fe4,1
e06e2eedf12835e7b3981c6fd63f8dcb516dc22b,1
e20dc6a9b4c38ca97beea0f2d0d977a863931ad7,1
79e8ea94db5f613b1d0d69bffb45eda968a41f04,1
cc06ae9bf7a1fb6cee46c40d2a6388ac05d3f5d1,0
71ea6c7ca9eef1d592312217d3c523f244b2d4a6,0
36ad7ae5f5927353457c09243c53cbe3dd0b5aac,0
c235721162ea0de69d7a1ec000a8db590f530a4b,1
1804ef88b289afbef3809c91c44fdc7b97a463f3,0
80311627898536d4054eac2345e6b83b9f0fda3e,0
c48129bd9a3e34481700a6ce043bd9f0a0c68f44,1
4e52d16c4cf767f488d4e3265019d1fe03fda4dd,1
4b60ce845472fd18d6d631a29d3c11781c943b04,0
fffe2ee6cd3b67aabb36f656f47f09591bc355e2,0
e6037c6b99e0c15121b118ddfa526140bec28931,0
959cb4977a82c3e597282c03a85fc7d9cce69844,0
73c4065d785fd25e363077e735b96b02fa64b810,0
abd0b37f0a553de2b64f3d9379058e7747939228,0
c342635a4694995e4eaca74d8e5eff81a7e5d2e7,1
d37e4230175b1056c46d730560e31d7f981dde18,0
1a0852ffcd26a6ed2345b82a98107c27a1cd0d2a,1
46597c63e3d1f57c72da9c37e012d14bbaa8824c,0
143f014f4f793ca5537db577636d72a20a3a9943,0
fcff7ed74d0482eb60791adb0b82c2ca00e1de59,0
4708138cb7de377a96fe17288a1daba43d7c8357,0
93f45164ce744b58e1ab9f4e05028a64742de472,0
9c831fa54599e7f4465a09a60e487c4ba4127cfb,0
2cbea2ac393c852416c9a14c96aaf47920c561a5,0
1330ee135546a59f6e3056a819d405abe1f82114,0
9f70cf9eae15b96483b9f2daffd7d2b0521d56e9,1
def1380280b9be6d166d3938ea4b0254e9b55dc9,1
180cddbb30570f6c39c988bf8e90133f48f05046,0
cd19bdef4200a0d04edd438dafb07f0b29aa6076,0
1733cf35ad639ef832376c926f0a0629c4451adb,0
86b9dbd0254ac20a450c8b42949020074eb8b60a,0
f54a5d5c88cf1398ccb8b02d63d9910cd716caa5,0
b07cbb0bd1c5428d1d85fe17519aacdd142d06f7,0
763576ca174c555c96a0ff4fe385fb294d93cc11,0
42d6d4f0a8fd700b6c802ea6c0a1915444e8dd64,0
5fe1d584d0be0dfa750259944fe81d43d8f8e095,0
7aa5ba380ef6aea0f2f594873b4c7378adab0f18,1
a509b19c3387dfe98322eeca52e60811c6297113,0
cd9f86bada5c6016badedb214c0b929ebce90271,0
f3539c7eb312b127122084279002d3fd238c9a17,1
a92e3e29b6d5ce11b16c0a0a6437fc246039b7e4,1
01585cb7b49bf0dafb3d6701cf2babbbb5e137a1,0
ee3e3655ae6fa240777c5a532100279dec0029db,0
79f90fe233204624d8b2fd7a11a4028e2664b8df,0
89ef71071914b2fcd964b694f3a185238efdb154,0
394d5493c03de50d695ca9e62220dd627e248fa0,0
821a3ddf69bdbfdab5aa9f3ba9f99b30ea63dcaf,0
8e5ca50b8b5f47f3fb41fab5db07b9d7805628b3,0
a23a1a64ec883102dc8a3a2860c3b0d2fffc4134,1
a1aae65c82e100283e20665be60c754c0e3842ee,0
345ae6ce6f71e01266baa2f93bb215b16eb2f488,0
f1c7e5c7c49c0ee8440234194aa6c68a6cff50a6,0
e7ed0e61fcd9a53b1ee451f87d834e28e9ee5106,0
50b196b74b6754bac79ea2797a3c6fe27f372308,0
74265cca19f4871cdb6893791e907f18f9a02944,0
aa7dbb9eb9344a4a470b38dca566b2bb41dcb283,0
5be115cc7e79759985de24c6592911d5b177547b,0
48055baa938695fa302fc8aa51a5a2df24c73fe7,1
cc73787eca843c7cef7882c4efaf9ec27350029a,0
c919633331c550f5739c9495cc83411c9269cf3c,0
2607e032c31d01544c4b3eb18f95529928a5a087,0
74d1866903c20692467b7d7d8f9dcf4f5bc5cf75,0
7376c5f6778693e74a3dc17da01ca3f40ec12e23,0
3d8ad2975bdb9f1c79d2bed5ecd8fc68517c0498,0
eadc1e3453c249e30932f0be29dc55088eafd48f,0
aa67426d68bbf463f7cbf733aa28d9ac2e761482,1
951b253fc38c09114d0fe273a3758a15c151a8b4,1
4cd2d2256ae019fa32705e865ae2e95623ec35cc,0
8174a5bbf55171a1add30ebdbf922074cb731b6a,1
c841690d1123e4c94209ca8e49e554b4a493a8cb,0
cb10f84acb4e744a1d775c90b36be36e08fe24fb,0
cfa7c5e3bba0efbc88dfb2fcafb983723a1606bc,1
72ff5791d73055e23e0d81979a07079e81774b23,0
1f73722ffb375010e74eaa5b99004ad88df93bf6,1
2e5e29dd504694426fee6138bf37c38e7510c56f,0
6e710a1f78a4a733020a4b2d1f07b6fe4c6684f0,1
b1cfd88a8c23302077bda847f4da7f0b5fc59ec1,1
56904e74ff41ba72f590c33342389bf1cb78111f,0
99174245e3dddb5cf899680aea9449d31daaae3a,0
a92a4fcecc78b781b77ce50bee725e466d308327,0
aaa2583f35f67f2a2c8d3381cad144cc7ba39f3e,1
cf0b494e4d528e9e514aba908d68bdfa1f844cc1,0
64d5ca7eb75ef1b03a2862df6ad3a8816f87647c,1
32038d1bde6ac8ce2a8583264b5d419d0c32aad3,0
12e916f9cc4acd533118b5ebfe6645daad6443d8,1
6247b11e3ad6efa21b17a53cc0c5e18e9b5bb735,0
85ae11989e321aeb47b9fbda1e46e9d960e2633f,0
b2941d062d93c555aea5518f808db90bf2a92728,1
cabcc7ce1d2022e9a248d3733ec7868ff6a84946,0
b92aef4035047ad07f94de9f04b0cca2e3b2bbd3,1
720ad4628dc5cee2f9aa19100a43e915240e24a8,1
3ef6097b710c27b8e8cecee4e336fc998d4a11d6,1
2bc0118ad001a976dc400aea89492d196915dbfa,1
1d225dae0ae3e2b10542109a16c65b1f52633962,0
b1249fa0c50a9dcfde2ed296b5d478b0cce614cf,1
945313a13f2c721502f4b71dcfdf2d9f22a3e4b1,1
0dc78bdf31634d91d7de227984ec41f8b097508b,0
b88e17ca8fa4eb7ba86886ed8f2a33875c55b223,1
a8e22c5d18eaccc539f266df5e5a8f4ae52ea1ef,1
810b101e8e7701d21e4fd5b152d6de7fa8d42fe8,0
4c134d3e0a686973a511ae56bc7de4e92bc4633f,0
6d6d34af69292a41f77162ab43984daeee54cac0,1
b506d8f19d8ec4bac1fa869c0885ad4364f4d31b,1
94d07bcb20eb4b201725f8a1fc108fb1236f3aa7,1
bbf8fb0ecf38b3cd113991842f3291741f23f49d,0
dc83277fd398b49e8e09e2b40388538f2d690c08,1
0820b701bfe61cac6087aca9da1c9b88afb8784c,1
c24c426747ad9d8c576e93517605ddd323e43225,0
774292e558803221e89fb221d91b1101d70536b7,0
b872536d4b29dd998492e437607cb5a2918a3e55,0
4f7046a7722719a593d84c5a7e567a03ed04ca93,0
0ef3e5dd06cc6ddd09583f063320619d0e264ece,1
4499be5c015bcdeb67da87b8ad262f5d43b2c422,0
c208ca8d43b0c7fbd2ca517763faeadec8a6b7e3,1
d31db960ee61e50c8ea5067a6cf876b426f0e313,0
c9b273ce69ec731fa1d9c816e0fcb3e790fb7aec,0
e4e4441498c8955a042145b0b2357f3034add226,0
28b71bd41d8724575b6ef239890682a923c2cc86,0
d05d80788f787c91d8a603be70d12a2e5c3847d4,0
2ff246110d5505e052d54a2694784367b3962f7b,0
d1df7c94e8ae961d42ff7c6896561abc0c151af5,1
fa4664b01c786933af3d45457a1cd3330b4a6f94,0
20a69c066288c7469006fdcad0a81f76df15c4cc,0
ef6273f86575d6b28443258f8f37fe4375ccaf2b,0
28bce5ed58d8018ce0c3e49f718d4507888fd055,0
4e17fa92e5d9ae6a3d491420c8908b79c4268862,0
1b03614077d8097b6bb6495ac7bc5dba81d9506c,0
246091e9b84f897ddab6e6f548009401d3e0d5ea,1
7ab71f3f05b412ebd65bfa38f0707c26285dd7a3,0
1b36fe5406a1509266b5c6f5e452c39dc5ce9964,0
1f3f87a67c62b36849c18f367c3f44a1d19ee26a,1
18554d04c0069575b5d9bfe45a77ba8dda1caa48,0
dce2f45c160730c849fcfde358fa45f35108150c,1
2667a06a316361a0d1bed94a84e18a8920978626,0
d8a7bc325189e9115526712c01586a27de6440e0,1
df84eb4918c4079bab0a424d0a6bede660985a63,0
ab72c0dcded80b1e099c94ea44cce8a5f535642a,1
92107a9e246c1799f3f4e38e97b0ac229010aa92,0
2931da346cc42a80f4df539d74df84ab8bbfd0a2,0
dbbccbf883e6e11b2a421f79fbcd8687a0f8dfcd,1
6899423070638fcfd5a10968081dc7cb4e0805bc,0
3e14e1a22f683ae4836cf93faf98c131d96c6408,1
71ddda217815019e3d29b8458e9a1a05da3eee55,0
e5cfc6c9de6fc00e8468e06946120d72251c8f99,0
f94ef5f669830850e7b668ae150a436276fa33ee,1
e0ac90c41014d6b2cc49313dc4190474db0b2254,0
c9bb70cd9f2a3a0714c7dd7a74cd318b4fd5458a,0
4f0e9a0acb4a7f647a513bff0fff11b85ec2109b,0
a3939fcf74754447d6430cd32048761331587458,1
c64eaa799411816f8d97bad3fd0424fc4a6adb43,0
c4dee75b1b75bd45235ac3ca4a86fc1d194f8062,1
b30acb3f75047dd212a7caf520d48ad2508012c7,0
46fe473ebfed750ac03c1e1edb4ac2288297284a,1
33e453a0dcb89751280d6008a960103be5e965db,1
dd5bc6c8196ea824098f5eb244a3b996405c403b,0
5a8ac6281ab6ef236a8742059aae81cfda0c87be,0
ae6d4c23378e2c2ebf9d72a88278a7e91d1be88a,0
0a870c960df47811493019f64a628493147aa73a,1
cbb1b2da79d844131d25252d74743cd77a872007,0
d2bb461a9444c705ce66f194d233f23a62d9d653,0
11ede92016b75aee50649de6004a2d9a4f46401b,0
881500cd6893ed1167036f51d25e5009efe19096,0
71a216bddeeaefc79c9fd72265547d63360ac6a9,0
6c9c9e3663cb77cd3e328488ceae8c29011b1220,0
48eb7804340aa33c935c665b1f66f49cf7c350bd,0
11be4cb69f072d818ab4aaf839690a59d9b17127,1
8bbf8370c328e75d8e926fea9a114178a708db28,1
547691c621d6cf7c9ceab9c90d2097a35e79c1db,0
dfbb7282f1d0db74245179d138bb147b7b1e887d,1
a08090fced6c930a3b532b5440b14ec8602a8f98,1
484e1ee3f2d162a86b79bb66f7052bb3da2dee1a,1
8d761a4dfd5f9a18e8d80992743c61aeb6a7c067,0
7ed6fd8e11cbc945fe0bc505dd6a40f05c15b98b,0
c5a48e88e52b388bfec25c20549f8a0fa0a99702,0
573bde24650934de1d4f79bc239b17fb84c3272e,0
1c8e952ae79395f0776a8a9cf2d942ebab90b87d,1
8d0169c42e5204444fd102e63750013f537c03b4,0
fbc18fb917df623a64dd7a1a3a3fa53c0b94d00e,1
a7eb2c27a9e2cc59efd4df4e5bfc067248d5aecc,1
e93664e60d690908646f2593abd32fd6eb21b3df,0
486bdb99fb7c825658e0230c02be1a715c980e5e,0
b7a091ad6cdf09a0b007e5fe2c02d811b6d70428,0
d6829773e13ba5156aeedfb9af11b01497597669,0
51d967fddb09497e0677b835140c32caf9be1dd4,0
b5c63335ec25862ffcef6f583888f723d09b200f,1
29593eb5aecc62d44363578db440336931520ab9,0
c57b54c16e4ea404e4cea0803c74a7e1fef048d9,0
7ab2d5be0b4abda6971f50d2002c3c615c770b29,0
1ca42dd87c8af6964d4e4de47657f0dadf0c0356,0
ab06f122c0f1ef00501424f9816c1905d8c012b8,0
9086349f48cbba01dbeea510c8b6b7bcf256ea41,0
d36c5abf32f53d6cd418bd22f8a032f4a337829a,0
adbef440c89af0e96b5428637c77ebc8cf77a04f,0
82e9af9c68aa353a19c2b005838458563425660e,1
e636160cda90c4626ddbd8e0af7884327f83dd21,0
238b0ba4a7a4b013cc70bc009c566f6a59b57905,1
934141a71c977c8f5c07ab27b99f305b9cbc0cba,1
aa7115062c339a62553b028a5eb33b22ded1849d,1
c3b2d57dfb3106db0f7cd21a8e99c3637286de55,0
7b04e100eacffbeb4c709bbc00da643cf5fb953b,0
e3fa880da97c75d598c6a9b826c6144998727ce6,1
6c7c02162f1c6437cdfa98b881251827ccb696e5,1
e199007407f260730284c5917a85ca8ac3f57fcd,1
3b753d0c96420a2cc9eb966fa969d3bbee017a67,0
a3660872d9e95162902ee8ad9baf118b67054a67,0
7b8c036868fb2b7a02c19d518a0b8ef7a52e5ff2,1
6eac78a418f52049c5c5c15352a829d1f575294a,1
46658b85eb3735f4d3c744d79db5dd1375756cb0,0
fa41f3734720a2f406ef2071be343691c71a5dc1,0
b08ebfc2aac20bd7129ebb579a5a315f6d0e9e9e,1
a3d7b4843462cfabb8f43a5386a2144b9d054b29,0
c4ddef0104e5e4d5931915ff122fb8384d8c8574,0
9a327e3180f0f765db0900fd27e22740e6d2a4ce,0
c954cd1d77d4707d5948c4e4c7907e61a3dfd7c7,1
5953059e5870032f7391181406bfe663af034be9,0
86407028627076c2809541966ed76d4cfd6364d7,1
697fb6a94b77536e7f2f6a78f688dd8c9c075a78,0
91d338a54cc8bd79c7c7e8d23a046574d4f0ef16,0
291a576a53a0c1b4e9c3ec7c75d3a548d09847a3,1
4aea7394e945940b23ee0b4ef444030e12316643,0
7bc4135ce0cb1d51238f32269b0fb89672b76d8f,0
622ef485a02246753d05ebaed72e43b82422c8aa,0
74c9be792942b8af66c9ba5648490d36a2c0de88,0
797d09c415c7d1feb23aac5c69c855f207e02f98,1
7de1cecb80ba27488731b0676230288ab6213b75,0
72dbe9065eb2c135519ec002f08188d83ae4a231,1
c8d9bd438d72b4c87f38465f2c34082da22c40ce,0
439e0aa3d144cd5d9a7f98a92171ef94a4bd2656,0
283c2f36ebcd2a4c41af00ba904a909a5bbf4374,0
04ccf130605002f866cae004a09b4cb31cf04bd8,0
dbddd080ecbb69d95a3edded24b967a6316524ab,1
2ea530e944f67cd4db4e1ce7273bea765b87c43a,0
4549941cef8e774b865d4bb7e46012b12b0bcc34,1
60ff49b7465340e197dc3373f6f23df5a34eb8f2,0
bcdf93d304e2f2af36e2e21d595b347159a56ee1,1
b0492806a9db818bdfe71a09a9612d1715ab61de,0
04bdaf204d32d4a8b2eec5c57b69e1d275544423,1
af68cbb703d67a6cce9b792def8067da3893b2fe,1
79d5bc352cd77f5311a09e242e84ef074b2c55e1,0
5a6aef1144e5551451db70abe3e95c7d8acfdcff,0
8b9280c8ab2b26ca717c5aaa0b82352f8dcf130f,1
56c3991ddafc2ec189b159cdaebabede72040ba4,1
f2710413f0d9d2209d4688ceb421e700fa57a990,0
00a8bdf9558db57503b24baa48146cbe7caa7fd1,1
e3d906cf02833a21e7092cb2bffbb6e26d89553c,1
900ad6b63ceaa65985bd7ae158b04035020ee18d,0
fe05cf44d3eb2f00fde5c75d60079d34743c9a48,0
88004447d956a97b0e1765c73ae7649029dc87a2,0
60f0e9090fcaa498d3f64d83c85b749745bcfe3a,0
6091b1a3cc0c349ae489962535582e93976d959c,0
2b3297b8f619495772e735c7bf7d6e85d5569630,0
c39c7d93779c95108e6e8bdfdc6c5e3ac5b8c0d1,0
18cc411f7d3427a390a6e72880ac0f6402bca43f,1
02cb0c1d814dfd6114f483e9c0c6899624fd951f,0
05aad8f60f29be97aae99288775dc6240307bc5c,1
af395c546ec2e331e5ad70ad7601a2711aed962f,0
9b08d0f9d1eb159322e8d456f1ff5e647925c8c7,1
9858e60e24894824bd4450ebb9e68db0ea12c520,1
d688056bad0f50702c89433737b3382885889929,0
83a0171088beda92d81793b161adc4bf24f9d08d,0
65f132ddb6f6b5c81dd219af25f814f83506f6f6,0
4d0e31d567f2ec29ea5dc312b71961a8dcdaa1c0,0
f5595672e7c7a66cee114775fe65e243ad7df17c,1
cba5ec47a366153c6738899488c54d8f370a5552,1
f70dc1fbdcafeb75cea1327ebd8dd3f6e7eb0a3c,0
35916b7c69e037eb543129e71560e916b1f84265,0
497892482ea456c82dd3ea2eb24e30f10865ed17,0
bb522d35e58e7ea0809c022d32137eea7c65dfcc,0
31ae115b62411288a8f4cc91f93236b43042fa83,0
e47958e6a3c599c13fb605dd1ca0a10c42423c1e,0
030f1a0b11b02d96991bfeeb46c8b07743186817,1
23845fd28cbb22f97d0ff90ac6d37db20d356172,0
a5a7c6b2a62a8db8b4a6795e8ae87347aed28feb,0
a8018c88188af22b5696777e198b9ba44e203efb,0
47756f7570b35a1af39e44309cf2750a53beb5c5,1
d22a34755c3507c4518d0748f61cff13d838afe1,0
bf5d8de222878e3dc81a16cc98a28f9a9194b74b,1
4527644640e4c335345d13dbc23aa418a46736b8,0
bc4d178e961b1b40f3f99c856d7d1168c8238f1c,1
b0d32e4b79ec06ee7d9ef1162540d7f03532fa7e,1
6fe336ec7baad5106530957168b0fb1a0c658a27,1
435bdc4b130f7aa0e65e57ff5451eb39b6a47e90,0
609b47a1c36e2540af44ce10364ddabd7e61bcbe,0
ccf9d5f734dfd1485238f281aecb5476ba089f7a,0
47e6602457ddeca1737293fb42ad3ef9266212a7,0
297ac27a4c92416163b4d318f0f2b304495d116d,1
b08c6b0a2ca43ff00b859a2e7aaa0ccf1febbed9,0
20d867de98e3acc85fb23b88207e9ce384498f06,0
c4af057cf8f77666b082418efc91ea201d150469,0
9be97ad68d45bf531ac0fdd708e34b7a01f40a11,0
d0f1f72c0f809a783980f59229bebd6fedccaf6c,0
4fd3080e7413135426f6f948b197e3c42201b0a7,0
c04c7c5c575db2f90daf926e793d2c17109ab04c,0
51219169df2367a8cc1b4a612b6c9d569c29173e,1
66310f553103e515ab41aa573aaf2e4101efa635,1
f3fa2da056c709cb570740c0390682bef8be60a4,1
948ce4ba20054b9df8964763bff5171b38da9051,0
a93da01747d6d72a3aa155c12240549f1211dc43,0
dce9dcdd312bb39d9fbbaaedd120cc9e3dc81483,0
4b9e05f940da94ce9eacb3e89f900dcb40712fc8,1
3e5b60de4f90c3cffc88e3df769bb4531c0dc89e,1
aac02075fbfe75f47e0a8f7b491c7fbcecb79eb9,0
675270c475e5425eddd4e528b87f88c67dbf6aec,0
b0237ff734aaaa56a6637cf21a170c68f0e8dd74,0
f13e910f90a138f05c3ecbd775701c6a6b51a5d5,1
32ad598b3b6d5d1bba723620abbafbe07f8d4793,0
f3380172dfd9ccf1585a9cac475323bf23aabd8a,0
fa48f40fadb61f46033dd51a5789bbf470b44574,0
0dfdcb94d68dcb69f42560751ae739f90f9cdd46,0
a9ba2122fe4028efbe91456515307301434a5934,0
60b3ee8b2b7594a10d3209b6915f9ae928e37660,0
458b9ebad9bc8fad876dbb99f6152f316c690b5c,0
6937424a057f9a37ace8e3643b56f8c829aa0c33,0
61a0d6254332f69baa29442b9f0fc958a76a601a,0
1f3f1e742dc8d8dcac1cfe1b9cabbac15df399c2,0
85e1d92af672150ae91aa7116f544d1d27cf1345,1
e508899875bcba2872e43b3579683cf6d90d2571,0
4eabbdb232bbec913d70b722f91ef817486bf740,1
c50fff54dd5076acaad7db41876a98e2c681e2e7,0
543e6425fc07a22843d015c747b276392c70ae0a,0
f1ede358cc4301011e6187a9f5c705b0f95fa505,1
a72a7bf769ec963ff66c67465ea1fa6bea7d351c,1
02a0a8ab957240588bbc5117b69e210db373a7d5,1
1b8602df4e5bfb9cecf6991cb65ccf4df7bef84b,1
25a06cbf5b8266cb902286081db27d0b062f2d1e,0
3eef3cd67eabcd699debf9e83f3ea717e75ea1ad,1
3561d1a87f10b387a912fdc405935b9be920605f,0
60e607819556c8a2d074916a8b60406a15208743,1
dea81669c8de0131c754a2fec6acc22d2fd4fba0,0
b44da9ac7e91ecc9e0e2130ca7fef06c4904e68b,1
f97ecea7e1d6d9884884f2a445c3bbdd17bbd916,1
2d61ecf18a2f8c384aa34238a9e683a5eefae7bf,0
d6aa21d9f9b15b8fbfd566934de010a8e131d9ec,0
581d9eb506f3f8270f621cdab8f6bef9b93db902,0
fa41eed5a752d8921076a9edaa50aa02136e798b,1
416bc3ab8fb1771f8d5e0acae7c7c2aa7ac3776f,1
4ca6b16dfea23c346cf0576a4d606b77a272fef5,0
9d17025cb954352c82a2548a46f4d0e49ca9480d,0
b37d7464449658ca7cc9536ce3633f30ba6686c3,0
c72ea0d823e81d1413e1c426af8728ab9fabb0c5,0
d084a0d0fb558312ec8014760b22eae008ad6ee3,0
c6e2de9a311f6c865afd76d59c8aaa465c0abdb3,0
f36751900cccd681834df07d35ca2d8f6b0d55d9,0
df0897c130d7ee9f56b0933dabb0b2bd5f09b9a4,0
c20a3dda097920b22dfac1310f44ee317f48ac15,0
5cd43fb417e8055082d9bd49fa6280cc2de36deb,0
2eab3e96c1a1a20354be86002eac6a6aead9bd58,1
4f33cc57244ad5712a899811ed95c309091eb28b,1
6fd180b68772204880dec6bf13d31538ee6d1a07,1
ac6bc37d08db89ea288e9ef0b5f65367814ef3ec,0
65479b478722291b54b3dd948621c72f322c1a9f,1
0885d905ba08b85081768a58b0e1b8a6a1309e6f,0
54c75983ede72a788285cf7189f4b561a0608748,1
b70c75229f493f173b36dc7fb0b6468b2726c0ae,0
dc44824f86345821d779a950cc827a7809a16beb,1
1282a3007b41a8037c3ed11de6e012beab84e18e,0
de1690f9a49918a64d07e6e830c5e57356fe440b,1
fed3104bddbcbee6bc4c9f809174745734494e3e,1
a9a5d588b96379e44e06167f5f9d9739ca07f352,0
474c321dfbf17395ae09889384223f0f74c74057,1
e7fa28dbed202d49c18f130938d450ca11f9651a,0
30d4b7bd496feaca6b37d23569fceff1738a643a,1
04291af0afd3f393310cfb5f6b30c1e533bb2d16,0
9a234fafba14479522a7a6b45282b41215c41a01,1
b4bb16127df2e411e8a186b9f127b73b27a6d406,1
8e44cdd0a23320ea88f6d9f03685026086a3e506,1
02b81d84088e4f7a88fb1a85f76787585c520e0e,1
73c50660749312558b258fee0b6eef84acb3c6c0,1
320a562244c9139a129f83addb7e93e8d4d0fdb0,1
e94b444bb38f3e31e283dc0622f1e466dd2f3144,0
551a84a36c02a30f8f303bb761eb2e71acef38d1,0
718d5b756ec13d870f6f3e6f456c18ddd08ca8be,0
6188186f83762f906d0c81d915d16e6b1c5c4010,0
b1418f0725b27b23c98466b89b87b6469d765eab,0
0c5fbe0decf600cd14189f4e5e0bd724025656fe,0
8812856770e5110bac57fbe4067b982de3dabe05,0
e35c5d8659e9ecfebf36fcc0ad6749302f1f4638,0
3c1c7dd449321c3e8951438b052bdc674e3b2d65,0
cf410674e479de4a935e83a9dbdd09b6d3c702dd,1
62df5981361fc8f7584f5e15097dfbc0d826c0d3,0
c88d4466b154dfb60b76b411761d3df79679b63b,0
ea33beff535a67023a743bbade1127bde66191ee,0
3de3a5e0b406e66376c66ba93bdfffacd0c8359f,1
229c57c53666e76339780c17468b060f5edf598e,0
5742a178619b75f4928a155054a52faf26a173af,0
f86bb7973bc9be1c6bc481d5adf28c62200db633,1
c6e9f1f953708c68c6ac666d91b250976597192d,0
8d926b91655b06fa09c4e7739a1867103dac96a9,0
cc28a242d0042076f20e6e237fba438b572d0a89,0
32c182c2d826c10ac17ad04c28ad4e37cd4a733e,0
0affb8216dd3a4fab9815f4d8cb5e48165c7401f,1
3b44582c286ee5d7bac3e74601f31ddfbbd8ac9a,1
0520d25fffc89af022fcbbaf981b836222c13915,1
d032ff4182d5775e3996dc60d7b1a113ae76f8eb,0
b886fa4740a95f5362cc9cd0303354d86f358b56,1
1696e097b63ffc28fedebfa7448fb7df62a3aef2,1
f1f9a7950e61a457a51aa9c617c99a22917b306a,1
a339cb5c24f38115e0910f2ebdd11189001f7725,0
388a0d944f817639f9fed0b81ea185feb722e73e,0
78ea8d986304b8e0a7d114d6d3c2c940b5142d25,0
613559dd104e8311a1281063f7575143594c9069,0
cba75a4c9ffbbdde511c6ac1f0a5f1ff8648d814,1
87bc48ed7769bf2462eec56ed1af4ab856d35e34,0
e9f36034732084e7af16b8b3e0da293a55f4b1ca,0
b0c661a4787829917d00d17c6dd61b25063c5750,0
c9a22ab08a9901aadce941f81c387990093ce240,0
de0531e538f2c050a7390076373280a7545021bc,0
c0c80f0548a2065f4a616bbe76ee4d2b39debbc1,0
b1f2739c448944053a69d8b031dc843c332b8ce5,1
d7d0f9d39b173bd44e00b0caa1a7d6af876e5f41,0
2a617e6572d47292f26de86cf1ec0b4cc877e50b,1
17ecf9e7e418a6236f0f9308444e0c926f89946e,0
351512675a47eba530d93e62b34e66822fbfac7e,1
d79a3864dd7c80bf7f8bc7d4b8421ec66ba0861c,0
e30fb8a18017ecc07ba09179d557167d1da63561,0
538d73d5474348a9311fa066e2f64fb891557a19,1
6ad4404d6014dbeea4b4f8b4ed28f979c83fbd8d,0
823b5942eb1c91d3be88ec28ad4191fcbdc85d99,1
014136c95ff17bb55b5a3289058a74199fe5115d,0
c9cba3b6792bcea1bda8cd2815847d9086d44451,0
1fea74e90f02fb3fc8d7ba825f966a814b6e962d,0
8d687a03cfc4f1cc64a706575359924f13613d30,1
ab2869b09638baa067ac8f65f8d6fc6b81555830,0
9f7f0a4a5224b61ad5188f1f99ad7329684f185e,0
91773162bb9c8153d343d7b07b3aef0509319416,0
81a2086e77e4c3e297f68ea5bffe3d2def45beca,0
acae06553b031b258e47d585e26909fb5d05009a,1
5e0e08b2b108d7847135abad5498aec9d9441a20,1
188f197aeff9d0f40c20d0db37fc9aac98724bca,0
60689083a880458b5049927c2d2167264d1de3d8,0
7ee4122a747cba81c68297639107f947ae51cd57,1
2d92033637268696a9ed436ae2f284eb05f8e3f1,0
0db2a04ac71c5857a99706d27185bee11abcd6b6,0
719bf3bf62ff40c5428f689195ea1d5a8595b410,0
4e1e7a93bea7e8af109c7d5fdf46b3a94aa42316,1
acf486376ef70002207a89b96f626fb4173a2d35,0
4839abdcaefa1bd1ab675e76cfe9f54e0da3344c,0
3d3f6393f619d7a8566fb5bdc74a62dff67420cf,0
37c750127b0d466e59811f34d05bfce14f1ca049,0
dc0e7d2924f8031179dd00793fd8edfbdc406fdf,0
1d9018ab33b6d91f3bd265c9effdcb40205606fd,0
c4e2c546d2359646bc6d1928f2706d8ca07e0c77,0
702cb06790f593e854dde32d55e3c9adf2f02c0a,1
4ba2e704a7a93ae213fd51fb89ce219497cdb920,0
bb71a9b405f82b0ed9628d3279f27fdc422d86bb,0
7de83722fc38ed3456a6825ba721d38eba19f1aa,1
9413720aaa78111ecd0f1a786f49d1030cb2a023,0
e49e56f0507c0864181318cc8ba442113c16e0f0,0
526733c8183f5c94990066f5c0c3cde984a910fa,1
fe5db05bbddde25a0960b72a00e0efc951bb2648,0
985302bf942bfd00cf1f26c83382896a559e58e5,0
25987cad1d8be02b4b321ce06b23ffdf36cf2f5a,1
eb3241e4ddbdafd9687c3b81e8886245c4642286,1
f96bb8f7310aff490f56b10e3e3aa6762ca7fe27,0
6e9213054338791936d7211c1049d731f9980ba8,0
a1b57317786f000ce33cc8348eadc0508cc06358,0
27170b5ef294fc8c639249d74bb5b27776a445d6,1
62dc7e84ef2e8bd9ac38162d72d22e061229efa2,0
bf0ff091dcec46db63cf37bd20d6f1e5753f8c1f,0
b52353e68ae8160d0d86c791633203d046c21282,0
31fd28fbdcef5b93b0348505516fc88542f55cf1,0
2d240df3638d74df7cde9f99eb724bd043f1989a,1
f57d2e32920783ef8b21078b328a2717f06d8372,0
06151bfd4b77eefa1c8630d6db8fab207ff40ce9,0
56e3bfe5bb88a09a564e6f1d05d7544056b12d5b,0
87a4b24ce48c913ff455bb3cc90225105304c8e9,1
36a31e5d587c5e7fc8dd3e32c671186a690e6719,0
5c5021d98355e9c59f94d0ee22e3c95181795155,0
464db0f1b43a4865e5311cb83ba1c3d0737db093,1
119dac77b2930e9ca2ffd3ee8b9054e13f5f2891,0
9086af72ada4eae2eeb6c2c0dd25282e3b340848,0
29dea67ff1d747e21e40ef89c5ade5c6ff222a42,0
c5dfead703d38964257641090c91cdd6ccf8f852,0
fc19b287e6954ad827a27f50c163c84cab8f999b,0
5e0fc39878735d0f83cc4a4b6721a3f7a2fde623,0
5a745168b4265cde9997c7a6a928e356eb296131,1
960675f49e7a6d8537d9b75d7d9f79f40aafb7bd,1
cd534258c7c57eac9d51bb071956d057be2ed7ef,0
a1a949c5c4d8329e10eb936aa3b0a20865bae05e,0
55c242c369b2062dcf4af18f066be33d6eb58635,0
3f130eec9b0c6e488b734b1c6e9370fdfa4ef8fd,0
b514d4d0325654a08b495ab459972a370b7b6f5a,0
46e2b0c62a688ffb438b20f6a7b179b4cc11234e,0
001e2caa07a1dbfd92fbf86a26f30aaef23be5f5,1
403ef0adfd8063a58bd862bab1c3e60e6b0d994e,1
6d5f4c0f67c2cb0147d9bfb6cd782a82fcfd935e,1
44fd89a973962b6731d17923f1ffda777f95c46b,0
2fd32cfc14b15b8d19fd97ddec47a17e39913169,1
7ddce84e9ebbb91664bbc17ad1ad6dc90664f6e4,0
314d38bf420096c607e52afc03989b82190439e9,0
5d835a33d2b1a21b3f08df89571651dfefdb82df,0
2bd1ac27925aec3f64c304cb979a256f28c22982,0
ee55c3a02c943ead43031e90bf89a512adb509af,1
466005c1edaf7b3a04ab8afe250b4ebb28db09ad,0
403efd21dcf0a355f82451dc82ddfc39caec2fe8,0
00dfbdab23a7b32691a9ac47711967afb9b9bf2b,0
14c61607a43f9e301f2755ce102536d4f983c314,1
21fe2f4bd9999e2c4bab1c346d18bd4c95ebd500,0
c2ed3f84c6aad37dc32fc24e48771105224831e4,0
2ca94146fdbf1b1176338fc2773f65dd9ee28de4,0
fb3d1a2b3ee24b05862853679b212bc7d278fc5f,0
b6d4f1a76b269d8123a42f5b2b4ceb7f1e8eb948,0
9fef3a6844bd4909aef3ec09953970efb32ee7a0,0
da7350551914ccbc9c1c652f979faf9a48d6012a,1
93ea897d6e9611970510f28215198f06b0354193,0
b83712a3056934846293ae2962a54abc5dcafbbd,0
129eab54b45ee9a01ea6620ca1d1243d441ae064,1
7b49b9581f61c1cbbcfaa3040fed7a7bbba8d550,1
6ed4d1813d778fd11e31070174f1d99d7d9f2b29,1
37389939980e8f9d3bf96d55d81c33b55f47f670,0
c820e94f333e50d125866810e7fbf33ddf67e7f0,1
98ed9ee7e2bb1daf265abf3662ed92ce74645b8d,0
5bd85a69dd09559cf7854e38be55eb405ca991e8,0
36d2d60dd9b43d2b8dcd4bbdc6a0319f0e695aef,0
f5c047c5826a717bfd356c930e3eb10629f6eca3,1
c9f4fe1774f5744c09a059f708d2b7f9a27ee939,0
9e1c050d0dc887eb06fb711b74f4ca38e3cf7147,0
d37cb2f575973fc4f6bbd6a3c0233487e0f1c31c,0
5b2c8b21b3bb4d885468c744519b1264de0a4255,0
9c2eee790198d5f57f5f64c621f56156a118ea0e,0
8cfff7340db3c305080d223ae2b7f79ecc006e11,0
805c6809b6dfc4dd7f01fa1ea217e90e814ab37b,0
4edc0dfb782f620a6ea954ae2e1ac30466c4a8e6,0
bfa8d568b142d4c2391ac9b8d5bf105be081a036,0
8563862bc4c88da459807b50fdd6971b9b3642d5,0
76a9cce337a86f58b5aa6b620f9a1bf9d40e112a,1
7ad04b22b8e0f9c8f66e39beafde6539e5363d22,1
e760fc465a66c7de4cb50636899ebbc2a118dfb4,0
738dd37502db5ea77779b99fa51734571b733d97,0
a80a7397c82a1960a6fe9b573dd7081d02faef2f,1
35abba7752104d87b09486d092d4a5a0d722854b,1
987f6bb4fe33006ddac106499081149f38f07063,1
e2bf6c4139237fc69965b2e27edd9f7f09eb0f1b,0
78b9c064e7c6aff8ab29844018500c6ce64a19e6,0
bfd0c1014863fc69dac3d22aab0a38b6d88eeb06,0
d282731d517899d07734860949b69cde7a04bc0c,1
112bd2d256794c67eb47b94c9dcdffe2285a49fc,0
f6ce4363215619360ec39d29f9072c3342ad96de,0
47314c12d588a02ab51b63cbf67f7104c3ce4d85,1
9ea84935be282605413f57876e367d1271690ab6,0
ea502cab04da23abfba904507b3844c5287ce487,1
6512f9b1112d3bea5b261d2932b6aa0193eff7af,1
5e7bc9a6cbb840c513ab2c72a6d6d77986044b12,0
eeb0c7aa4c12352e19e62ef981784dbd38b4bb14,0
64c03028d149df27f30a60ab3e78087ead8dc2e3,1
60de0bd20f86180330bda4e1bd26858bd15235c8,0
3bcef7f5cfe59ea8f2cfd428a8938e5689c3dba2,0
3d19bca76ea0297aa41847f53dd6a3033da94fd6,0
a07a6a9b455fda07b68bb596e70d5d9e16b4f759,1
52f1387c760f6661028ed2bc9ffaeb246c736b04,0
ea09fa8319fa63678534f90f8dc40d495af35f63,0
e537f40ecb1c07082fdf4b46b3287fefa4d76be7,0
371b7e4e054808c84c3436133a13a4444db6a367,0
e4132d072e948a03847a82464acde778f50a445a,0
befe5e408a220c5003f6d87e8f720bfed12cc4ac,1
920ec78167016b5699ba847ede5cd7616cad8ff5,1
283f77d29ab46c5ae47d312455641a0317c58f58,1
556ccd95c84d75e459d7d21df8c4c10818fad16a,0
eee183a74f19d03169c6862b81c6fbfc3ad744ae,0
6a970949e79488fb2b6b77ab892f144df5b62721,1
02717cd006d9eaaf47ba048eaf4bb018e0101ddd,0
7c604cd8788886500c8a88ff9dc4c7ce5d97ea5b,0
5f7bf4acaa9d3a7961344d647c383bf1345b9eab,1
a97035ce359a7f8cb085658450b876f68df9afb3,0
cc452727cfc88ebe66ef960bcf407ead9463211c,0
bb0e57fcf89c47a18ab84bfa6b99c421eb0116ed,0
c12aa8dc6a6fb018a300dff177c5226b75aa4c9f,0
044cb63cc6fefb77f68f65f84c35f77e12bc05b8,0
5d223336597733a002d6a7a0aa423ebbed320fe3,1
83d5d3aafbdaf9bfcb00b572d41bb3c32bfafa0d,1
9e4401b4f837213816b7a0c1531274dad00ac73f,1
26a090d9cb36a6fd006c15485072ef9410481318,0
56760b9a40bbd9376dd60c11065cb9a76795b8f2,1
b01f391365fcd8fd36486ad376346cb6cd7c6074,0
4528a23a102a931793daefb00caae872322cbe7e,0
b7478d6d6fbea1d4d7372829e8598ff5c018fdba,1
ec0d543aad03f35bdcb4829050c0460ac5bef760,0
6cc0ce2ddffdf38f34f86d9e633ef21ceb718209,0
687537331f847a0c46fc489aaebc03e4afdcc2ad,0
1af363593cf8a721296ede502bcbf89d7a9b7381,0
420261ccd18479fffcb19dbb6388f626b42007e6,1
1f2a18c7c18f42be59d45ccb371a8c6030e030a1,1
61ae53eee02ae1b0dce544093dd9311d4040254f,1
7930b8cf42e1aa1b5958268dc3383bd966e28b29,0
24f7524858704327230c6348fcd1ec99b8e59d3b,0
65384681bd20b1bd2d1441057ed4c49d9d628c3e,0
41a824e349b48eed614b70fd66ee6c5a850c2352,1
53ca923495e8c4c4a319b1dc05c9b51d035b8134,0
d61241f30b18e16b8ea73890e36c4d5d543cc4f7,0
4ecc5c99429ff784c65e43372de1330d4be1eca8,0
858163e57de5b74d45e6aee9a50bcf93fa5843a2,0
556f3174c88d4b50c54d02d073c0107a7a76fc2b,1
7a04633175bde511feb9f9a552f13272c9bf4cd3,1
5a06881791af649b671f8c44cab90f57a122a475,0
4a9888be3739e9be9beb239f49791b3ff8131295,0
fe44f8d79dc023e33ae3efe6f11ae9d707e51203,0
08baa379ffd8b1f76f20a6f801a6e82e59beabd6,1
b5422c0ce5ee0b9bc7a5cb6ed5b2effa43e197b2,0
61012d47f5795917f522a895fe5643fe241df919,0
9924b7bbdcac12b0bb88a767ba10bfa23e5f5279,0
6c623fed9d4b25dee661da54a517be906476172f,0
741327da81f611ceb1eb124ddaf326d35c34939c,0
3fbea5f3029679cc0ace527a022681db6bad9911,1
7eedd2876c6a76c4032f1d7a0ec1935e5df91527,0
6b5809d6c9282e8e747e019cf1a7f30e14e5751c,0
795f3ab8b77b70bcaa28df29356f0b059785be19,0
a6ec8ebb5bcf0a2fd12410e5eca4fd0b31a227d0,1
f80a500613d5bbf695c46e00aa31379451c6319f,1
a82488b9cf8ab320e1525b3a9a612fc8d992bfa1,0
d2a2deec90c5335b87376eebd68af9986cd3071e,1
1163a9a0481f34ad637b7879b9287feadb047f7a,1
75f5c527cd62506229cf2992e97b0ec9f473d1af,0
27aa79255cf57aaad32126c9ee64288a75f4e9b5,0
92a36b07c9a924f883fca31c60d55f70dcc5ef3c,0
1b068d31fb47badfa77d1b9aa0078d22449cffb3,0
ac1664b88d34ef4ec03821d6937c5c868c1122eb,0
f69b3df2e652e93f808364e6acc239567ccaf20e,1
4c826e5ae1a2558ccdc1620e8af67a4cb195916f,0
ad94aa17b1c4a347279e635c54c18f23548b471d,0
1a3839de665b54370f9d73185e15574fd5b92b80,0
ebe768606ee908bf2d338ba8958a5b98f2f3542a,0
2e053b28dc1c57c2d90a84253590d676e8d68fd3,1
c726b38150578100db99cab47eb3736c0c1025d3,0
cc7dab6e43fa189dc2e62ed0425bde14fd5fc1c1,0
30c289a07783c0f86f6cc7b5cacdbaf7f89578ac,0
ea81d71f8c360243d0fe2a5211cd280e7f64ff9b,0
0deb1712c73508cfd7b61c041b5fd4ea986bfa5c,0
5cf21cb13943796e1241f456f0503de2ebdae3ef,0
7951705198f2fc2b204cc0044d5d6e9ed9ec3758,1
06d8a192e859382a7a44e847d5d0d6f9d57fb29b,0
a9e202f2df643f315dc985f73527cf813ae19573,1
e64f6947d4952a321f8a01580ff99d4d3eeaeb9b,0
d458448f7d992840d6685d88843a84e3f708c866,0
b22245181c10ec3c01e8e2c8a3d86065d0b175d5,1
fb435f6e69c5120502fc1571cc1fa7f1de92cbc8,1
432667055624868bcf5e50f562ed79350acadc8b,1
f3f56d4f8fcae17bbf5090f296fb378b8b2f5485,1
78d8d4e01bc090412e514602ad86477bf766d66b,0
32afc5bb81efae3dde61d18c2bae9981274d47cb,1
563e233cf21fe5fe47c77ed2b52052cfc32a8487,1
8a4cc1031e46f5d3537fab3bcf5ec89663372539,0
c65f83394f69213c6f105c639a0c49c1216691fd,0
6b79a9678736eb999c8dd694e5397cc941ad7797,1
1d47acc429cc00ac1e30c6baf4e39b668139f91a,0
f6c577b79584be58f879b65d4b6d96d5d9340b43,0
58355c5579816593b2614a01267f9bb611c4b5bc,0
42975faaefc422b1d7345a8ded1042976e25ce34,0
a8b2d5d318059603246afb4a47f12289fe0a9ee0,0
e81026fb1adabf63ec49d0cc791409f92607bd28,1
53ea4471bedb4315d811af64b293c3df6ab06958,0
ab11463757f64f508983c900785ba69e0cba51fe,0
9bf25f5b4c33634393fedc8f97d6ffd53480f548,1
5d7f94f8d43e127729241c3c4fff42360aa5566c,0
2796aeaa2c300881ab84277ff64d7a28731aa6e8,1
c8a76c0d28b2328538a7563a9e78a3b576ca3b47,0
8af72832d849c7b0f4966dd4f3082d98d4766b64,1
e3124703c849e17b7ab34eb7e589e6f76df80178,0
6e296338166752c5af6d65fe91429e3c2d9f9bac,1
eb290fc98bb296e00ef698ef8cab121715f435c7,1
40b3399f2042c5b00f370543b038dbae741e8cfa,0
362f239d32c36455f39dbc18ad91f3c0afa10dec,1
3c5ac7372cd6039381ecdaff62176d371bb3582e,1
d79c8d2ab01d9189e5ca387b824d657b7a66e94f,1
d931080acee6844fc4acee667b5110212964f9ba,1
f0d63e1e7fdeea262ab288ea62a58fdaa68daf94,0
54eb7e299e4ae5455e4e053d2d6075bc88444574,0
027c9de46f0046ed66201296c2b44afdf486e4bd,0
b5b02334a2dac1d7db219f63b82bfc550b805367,0
b49a38bb553411971e7d1da0076d088486449146,1
97d4fae350cd2247d689404c73bd93c670fe26a9,0
3dae56f75847b83067b592e538ac1643b29ca6ed,0
46d0f311d643434537621c02c9ea1a659fd607ca,0
3f7d4eaae9c5378c855b5d5f5c63e40310003fa9,0
14df90add9b68eab0866a7a8dc4535e9a869fe1a,0
fe896c1941e5a62d30140c829dab5346351f4383,0
8c02c6d7365409491501bdd54d0c1cf10f071f3f,0
ddb5e25c274d5290a4d387aafd4d0edd213fa8fa,0
6c853818b2326a512ec5869020805524e7cce704,0
f71a7f89837f97fb734e9811816cf4d71b9921a5,0
cb2c1fcd237a7ef9f160f78f179286b75dc298c3,1
52bfe428286666844cd4f7ebb867fa21dd70004f,0
9279c08a424c5fc4401cb74effacfc70f541ee21,0
00d2e79bf9f6eeaecf6668e3179b52bc7f92ddd0,1
341f3bfabe6c9753ab7ddf1bef505b312227fa81,0
fa5bb281638a12469865af9351a3b20ae8bd6382,1
163d880e8d13cfd0ae8897ab5b5aa5624c163449,0
992488a2a58c0a83c3c34b78549ba6e4e4cba582,0
f1f57c49746ff6ceb33828c171b63c0dd068b545,0
3eae75a631e8ac337554ddf1bd09792a0b610563,0
4a53efae4dd3e4044eb36fe0aba748a087ae4cd8,0
a350b89248f18096a049073e7ebe9ff84e40b63e,0
3d4c5026d5ee0d3d1c5a187ceafc29555437dcdf,1
74bda78268904dbfe56bf8b1ad7543c39aadf02a,0
9613f255abe5e260e6aeca3a6872739fb27e96bc,0
6567974dd0a6b53dc4645bf2fae1372d576af46c,0
a8aeddc336b6753bae2b9696bc8eb97df0857e1d,0
6bad516d2c4ef0c1a7ddc67fe45bccca5c567604,0
07fe093ad4113062bacb5bb254f41404006b532f,0
559c67091ce65a48a3fbb3979db7c5704568b330,0
f088aae5ebe84e6c2e888c93bca653d04432c81e,0
a7a917cdb24cc7b44cab8a8ea8570b5b31ca5278,0
e33c122df889dcdb4c7ef7244457684ad329ac78,1
1056f18c3253f2d282dac2562e0992bed028905a,1
e897dfdb439f1e783c03328d586dcfb8dc9196d1,1
f7d51ab0f40a0899600fd86b137d9d322f9b5d1b,0
2742727bf2a3a4bc10b20a54783f19f25fa81cca,1
992bd4a3e4d257171c885ee1d17c834dccbc246e,0
5cae129842f41d4efd4b1b5d3104f50ba05e3216,0
4c10d9aa1b52c4bb5cb89b564df3341d74918f9a,0
441c2d16770faf515f049c2fb7b8460d2db09589,0
3c04546687a6a347972cae90f670c118c1d1e035,0
5df9276f17631891a53924f9aa2672e6c718ca6b,1
152229433b57b9d97439dc4394df934f2790221f,0
de4c40a91b9e7a7a46ddd1e78b8a5e55dc9ca698,1
a1e47595c8b70a6a4c6087b96068331262e3bad4,1
e7435e3528148471582d7c2f4b344a6bd60570c4,0
61ab67698f1b3300f2dd38ac97805863d317ad3c,1
d9de1a430b3dae32b2f6765ef16a4bca47c3f6ed,0
8adce93a64a5e0e71a582eafc4ea6de91a636359,1
b560636279f0b14f80e073d7c945ad30eba0b36c,0
3833dd88b025c6e0f3e869dcebdb122254e37d8d,0
0ce140c892ffdaddc8ef18bc6efd7891972b71a9,1
90e51ebeb8f8768ed9dad07a1b08752288448765,0
2e98e319f436e2108f2cc18f39eec9c4e0bfcb3a,0
d3c871a1d348981fd3dea12e8cff86cf42470a61,0
cbda81e84835bdaf53bfc26e138c49d096910a78,0
b45fcc7aa6d35d3776a20a69e7c625cd75b0d6bf,1
be064a20bf2523763bd19161f1fdfcc3ba4c5333,0
45dd8ee5415f805c6eed889a8f03ccc20e6a0f99,0
57b1ea26b954c51182099776c96ba2fbdf696438,0
1000652086b0b944800440c32fa933064ac3fb20,0
c6c281d4ed4df309517194b3a056de6e369f53d5,1
ac706640c881690f44036ce88f918733a0aa322a,1
39380eaaa009f1bbcef5bfc880e4cee31cd86021,0
8a9390e659fa6ea1fb57e30e4c6bf40b3381780d,0
71053cc41ae8d1f25836f02c0037490e1c53bb79,0
8f7f1af3d3f229263a7dfbe8110a70bf237dfb53,0
4e5292f538f47576ab8b66262f208844233befdb,0
20c5ddaded1a96988dfefad58c6ffe301341849e,1
cd26064d95b4626d742bbaf93c3ee25d31fa45ba,1
f9593a22b67b3b1c03ad92d415d931326c69de21,0
50e57e3d868639721b6fabb1753894fef0ff0a50,0
85d4665c689e56e0e0a361509c9db337f64dc987,0
88ab8663ce8115ed4efb4d50b7c46103ac4a81d4,1
bc8ed855dbb9aff24448c39b2b3a7d92b7592f4d,0
6e58974291076925abc6442df44b4d4c01353489,0
52d9d2028920f09ffe08d5704bff75786540da87,0
d1ef211981e684c9d9eda451c5f3ec7ce498d6ad,0
f2e9b6ad91fed96b0d0f91fd8abd680ef5aa9f82,1
a50afa7558fcf95d7230b4683ed13fc8b0116bd3,1
e92a6cc8276ab8f6b379c130d6cfb673daa496ea,0
e83aca04e3771f4f6d5bc5663b4a9a7a0693fc38,0
b117dc95729429b3678f8bc1556b92322eecc836,0
0c57573b37dd41ff27862fa6f2cdeb95238f323d,1
890d0c1e4abdc0890b1c93770d0e5e07d1844adc,1
4cd16b8ca283bc52e4034f5b3de2c366d5c14be9,1
0debc2dfcb013c7af82ce9c0c249fe8fa514afe6,0
0129d7162b8280fa677f1a7f0fd750d542714d2c,0
dd002438b0e176597784c572bdaddab87f525e0d,0
1e1552c38fc1ed1bd6d6541cfb2c974545c90335,0
7a1f106f415df3f8c3471847e03a3df5ea964d5a,0
38ecb80ecd565c3f95796e9b23ca3532a56e3e52,1
8b877a786d757396a3ae28e346eb48baf68d1297,1
341da8599a8dd511379c528d808f0b9e828600c9,0
c81fbab1198727b5adab57febb98da11da4d2ce4,1
90944d2db5e1d1bd7b526db855daff20c2f8ab82,0
b5b4f97d196bfc9cad1ecc6a4453a33f483ad85d,0
a59e74d9ed4462867a75eba1b1cdc3908e0be13c,1
ca5507ff5bb1c7dc15cf79a88b18d84d042d328c,1
10c95374f7e209939513e9a8105ed09c1be55bfe,0
523be0566f25a8b12273c94deede09cf13c4967b,0
44eb6dd313ff3631e59dfece7b735143b874f6ef,1
16e09da969287a932519aefec46bef4be74f3f94,0
2a340a4466e6d20c67e35bab3ea4fac22b18c407,1
3223ba8bfe07fde7f38fdc51cc31a158e2081737,1
671a2e10388d49ceb36abacd5c838735643bb2ca,0
19825f2c1f4dfa65601e56f866b865f9f064ef62,1
07271fdbd73f9fb56ce7b3bff82d62a0535fae0c,1
1bd1a547b6a960f2eff1c89b2b2f410005aae5ce,0
5214e192615b30fea41bd25308951ff691015465,1
0e079f5a21c9d9f2e65f72747951d5721d2deb18,1
258959fd7449fda1c1855431351420c73c8d3cbd,1
ada6121715f664a81605a707691ca37a6c35e39d,0
cefab6a3593a58b3c70b89f6f42100403e52e037,0
5e33eaeab400a1d990a4dbe97f41a247aa3093ab,0
1c9354369cf3dd87fe644516779a9eda82b01a8d,0
8f2140f974f732268829a960f624d415d9d90c8b,1
c1a35ad0116b394b9f5fe930177051b5d96d13a2,1
ceac01c25519716f321855f041a8278d79423c20,0
ea4990ae7a919465f8906b851baa8fddbb35ecf0,1
d5fef7b8bf98e06c6c8fd9ebd23c20a4eb206f83,0
fbbd374a14f42331ed0c768ac958477b6f3e0efc,1
f4d8702f6077d745e90f4f213a236203c585c151,0
fc8634caa9c7e0d2e7288a671aee0dcbe15376ac,0
c7d1a8651c2042b9e7f3923bc2a3276d0693f279,0
6eee0c704d497844f2811103940be66a69633290,0
cb52855f866cd790be0e066ec4e983b22cdaa156,0
2461d9c7bce6023d9ad3a9fef0da48e458025253,0
06eac1a655042e89f605c48f149950af569a57a3,0
a318a7450aaeae60ee6ce096a0a93ed8bc3915f8,1
534f50d1d5d9a72b5f66c8cacaaaffb43b71629d,0
77d3a152d012324b02e9b513e5e95bca9a726712,0
fe14202c5e097155c6697a3a7c59f9478788fab6,0
88b54b2b82bf7c7071c3d217fe2ada931873fb60,0
b185ef5e10363395e33271cf5aba5eeb1ae8e74c,0
624a401618416e46785ab62504e17914ac6f34e4,0
38326aa020ae46f5cfb542dcfb138c45ef0d0469,1
f73cbde14dcdf11cb94044b76bba6ffe610bbbe4,0
72c729f18ec52dc616c3e8b6d43297f8aec11b8f,1
92350a7a2546d9e9894d9b20767aa5691bd48236,0
c27c37bdab64dd7d3bbbbe7eb69dbd4d4926ed20,1
c828f6dc85f42dd700780daae2ae8e3458bab89f,0
bd61fbee2397d398f9b1c6d5f25fce943f92867b,0
2fb4147f907eeb22353750a0d3c6e4b3e297cacc,1
f69b5cbe89479333315764e56d9d658b4882c2d4,1
a88affa5d367213c0c213655fa9d22ee287d5c3d,0
f5805ce9b70a9ef8a2cd2544db8165cd5b27b2bb,1
b7f625aea3e7c19b4b66351be582dbab846022d7,1
e8d12dc246f437e5cc16dfd665200fd4e5a55aa3,0
30cde3c2fd571bea3126fe46fae1af666563ec1d,0
9c8a6a6298720f5ea44749267c2cd3e8ea2600e2,0
dff8b665b38dd6a1c7711e88ef06c9eb3e5fc9d2,0
2f039bd72de99f79ca8c70e40fae0a81e7c2645e,1
1eb40935fd2e83b6e99f554d2498802a4ba9a9f9,0
fe57a6529bce3d2bc15835f16e83cb9363bdc761,1
f917c22c7286a6d795a7ea6a5a941a3ae68a9b3b,0
455fb30eae9c60a9ba7b8012e0d2b6f23303c64e,0
992f1dc9b3a3b8516288278216e6bba643df6a14,0
1a89989477047546285718922b74d1c821e7d153,1
f8a3e4edbe8eb96e428c7ba647f6b14555d9d68f,1
a1514c5cd6342571464ad686d14474101c97960d,0
1b5578ac663ce35ce962dcb5e6e53559a509aa97,0
b504542ae037f68603842ad37215f775c5f78d41,0
5537873346db6e68083d73c254132ccda6161fd3,0
1da273ff79b1776ad461763ab125e7f26439e063,1
34e5be53c15c62194fad35920089c60a132eb20e,1
a30da8830824d2444916d5d5f3013a86e4652e62,0
b31f9f02a0495e6795ca9afc055e255905237fd4,0
4d99e66804d32c29e6928991fba9ca3661418d7d,0
9d89a073b46ad7ebdfd88963d36b29e920aebcd9,0
7ad46005f354f95c16000ccffd036604bf570106,1
34f4d7a7d73cbbaaf3f0a9e79036a1a8179f27d8,1
4166ccbbb4a9a553b76148bf53380b450d444cbc,1
ff3e85f48eda61748e495be2acd47d6d8aa943dc,1
0e343b35b8eccfcb517580a27db7c7ca9b1d8547,0
8a05b4c1934f2aa5e6507a477aa75a630f1a3171,0
c42a8de698c28d6b4d4dffba62889dc1952509c7,0
98952fc1f391452558c757aae40bfa2ceb2f351a,0
9f39d6ceb67f16732940ad3d1a7785d47464a206,0
fef703cf8a29cbc552c1ffa870e2b6968c81a676,0
129c19711e8f4f9603fcf28496f3ef3a95926415,1
cca7cd01b3eff118519a0b3cf02798bb47d3534f,0
d39244b7ee093b386cb0876ca69d59e3f2fd326e,0
1ab4777cf89dfbb3010a761f66d6d172171872ba,0
005087cd3e83149152503de6291803a3cc479ffc,0
e3cbf2bcd1a28e861219ab3ea266256763ccfe96,1
7b2cfaebe92f76b9542e9707bba9c2f1af235330,0
208a7130b2ae2d42d7d6a237b3d145a05fe9c3a9,1
0c9730a5b18c1c1cae79c7e6babb51a52ce1702b,1
7a90c7ada50de5e8bf7e6587fe5d0910d3511a98,0
cc502dfc9d48fdd01b43869903bebeb7964286d9,0
7f4694ac707251bb597861695671eab568a91e92,0
2707a94e150dfe45da7e3eed4b4880bc2ee9c8cc,0
2703318f46fe5496068a7c2f140b6b59d908f7e6,0
042ab1f23e17c24dfe53b93b8be245a53f876f0d,0
a4479421fe6b4d390c74066f616a0d1fa537d82e,0
335a410740468197662031951801faad5b5cf354,0
0ecb0d62f5982241b6df2bc9a834bff3018a73ed,1
b5a0ae45f5434e90b1fccf71b80ac01e4aa90fcf,1
c2207aa2f1984e5050be9ed62e8b45b27b7ed7bd,0
b7a49eac5adb106da96b99c46ff4472e4a3d2c4a,0
fc856fc14402b8eaa975691b1a09ccf42770f178,1
df14bc40b3b1ae0ff158006ee83fd1551a964aa2,0
06d01a0834070c4c0939d3ebfdcd118a3ab38150,0
f43c00cdc70ff0b31553d55141ddd6002f27f6f6,0
ae88e44b3de6577897555f4a92c813a910d7be3f,1
5383d8983fbd6d693317f15daaa9bfa74bc29761,0
47dbc719aedc3f7bc58a539bdd415f71aecfd9d2,0
1a432cc1d5b32a7de405f696b4a12d8240943047,1
bf5940da3ebfeb2cb6cd3c63ce0292d7f40fdfc0,0
0cfeab798f148ed0e1c58ce3ba5cf81b757de083,1
ee078de82c10415cae4fa8f40b6e28248d413e32,1
d53a7e3bcf45ecf53181c37de2fb94188d2590c6,0
a9f7f09d17565b5f8d2c99d1e6d7845cfe011dff,1
0bbf8b9aeaaee3dc66f894075f5571808ce17ed6,0
31ce08d207f0cf337c12911a7babc40ba075f2b3,0
88a152d2f654f9da2f5011706782a56aef2f8469,0
d178b1bb3bc188b2fd450794763e7f710ae9e046,1
566b861586d7865048936d2466510b0dcc8300c0,1
85c84f0364ffca82114ae06d6bab3b8b1a8c3bb3,0
488c0c4c3d5d966480f15cd13565c882799feae9,0
14a7e5b49df3c5d1d2df2d1c9756fb49638f05d4,0
1aa7361ccca3e4663d54954c58f24704be1ba5f0,1
a8080f8ff4816a514c601ef04cbebcc51165753d,0
120c34bacda2c60ed37d0dca928a9aa957bc1896,1
f78b13ff82a58a50e867975fdf6bc96219a99599,0
42ed9e535efd8455b06ad258f74969deef627105,0
9340c66aa9f60bd9fed867e4c94126114ebf65df,0
f942e2bdcd5d7bb20bfde427e6666461efdbab6e,1
f6fd09c447ea82ec12661718e0a7e56206c6dfae,0
e696980ccba4e94ca31639969c3813266d1e046e,1
d3712661221ebdc04e715dc7022e684bfd0e7d4b,1
690af97adf76e350576032cbe221f7ee7b32e42e,1
a76db99d17dd5f26066189b75da592cd6e0b14e3,0
2c932d1af2182f60a8629fc8059c3681e9ede9ac,1
89574baa05c3fde6bcda2ffb6b5dfeba080db0c6,1
9876da5d6bfd4a6de1da8fe74a60b94312bea480,0
4a1334ac9c56bb94dda004f623f66603a1bf0271,0
413accec848b1ad7b6de3b6c95c63dd751b847ac,1
7d72871167b2754dcef86cf5d56568f2bf6d8ce9,0
33688b56fcef021172912dec04e79effd6b45479,0
1735fffdfd878ce7d4af587581bbb2f05cf4dd12,0
ca63df154cc3c61a4b77695bb7a74a538b6ca71e,0
d7187cdf1aee9b351d90bee44243abf90087e8f8,0
7fc5ead36fdc1997f8be25fbb7cd90e9b9c5f2a9,0
d8f288a35e63d1e9682c7e188b37c0d7e8e537a7,1
34d78b82c997ed659a590e8b67cb9248e53c450a,0
feb0d2f4d8fd3a5e50bb1769c14fc6034aefcdc0,1
0688be057a94be50f47de8cc867de004337d339c,0
436aaffcd0a3a50a4247c4f4b963538f5181fe55,0
e42aa65ed9b25fa8e4a36da9495eca36dbf845b4,0
37e00947e6a4b1a2bf35ab55fb11530f01508799,0
4474f93eaea9183d8a44af88f77341482b4cd1a0,0
41521ad3e84f0094c3e3271cd24de98c4242ba9a,1
94f75d3ec380541fe90dd1c8ca83d3a03ae60a80,0
59c97f36b33ea7835c4a4706066511615a0cb57e,0
c974be39568920ad9716368d9aee51e52242b913,0
f9190252b27cbf5700c1c35071dd980771614feb,1
77680e867c18a49a1c6bdca290434b0d565dc8c0,0
05fb514be9793184c312f0d095847ffc46ead21e,1
0657990e851a8d0a30236cbe0ad5b4b562cfc08d,0
f5631f982122ffaceffaf623e5ae2f6883a16139,1
be2a58b8c18ba44df4bfd7ee6e99e95e506bdc6a,0
eadd7afada60d55a6c1fe95891e7a106eb1a8ce4,0
36049c224be672293fd03c8f79db5af0a0c00e79,0
70012a22c73ab40b3a7758944ab0c605ad4abaff,1
da682149156ec09dce594f2568c584a9c620d640,1
1d38edc6a110ed0117197cb4024305abde399b2e,1
98259de73133205c3b63b4e952891833b4c123b8,0
fa5168d00297f694451c35fd6925aa0d3770edaf,0
ae92d0a283ce4ee755a9b66727536ada40ee277d,0
dc1dd607a25b7b382c06cc7bfca3284214bc3dbe,0
f06bbaa0bef8dae0ef2c51d4e485d0eae17dd09a,1
9ddf58657de430741434b8063416a061860dbb33,0
3734d6da5deeda8ef852e0a3947ad436f98ce92f,0
009ff2d036b523ce5bdef4517c7b3d86ef67aeff,0
9fa08e60917280de57eab771b08eb98f149e94e0,0
bdf6cd438b812f2c333498200467bf1c62186192,0
b64be5e6c4fd5bdaa0000af9d103a5b797049cd5,1
5a78e7423f4a0e75defc9ef93a706e4d0f249685,0
e02041fba5531f64c5c899bd39445087e25d12d4,1
420b771853eabbb3a3f5fa0ad16746862c979ae7,0
e83abb34e90e59a460ffe5055701948c178c3053,0
7126e673ceb6ff1fbac0ad53f82b268685cee9ff,1
de07bb13f0a395c2c9b7469b13736e0212eebcca,1
4f6038de2e8e6afe6d4b682aacfb6b2c6c4b9e2e,0
86826f5e5927aff2b3dc73818f5f4a172119387e,1
893234abb5c8b007e04e291add6691cc7224217c,1
0615fcdad3f89e581e82879881e08dde75fa28c9,0
5ee76142f917e45e551e979cd77fde63ae7f2e78,0
0ef44fcc258f2e928532ca3af50e6b7b4a50df28,0
301f54bd5023d9aa56738d886ca95efdc0634777,0
0a3263276d71cc0270d4d0073976a8875e9ff047,1
445be68f8bda57b06c632e8c0f569859f8ce72f8,1
03a0f8e0f9c059497aa1bd5d804f7258707abad1,0
7a13c2a539dff8db7ff32e88ff4a17b158e17083,1
40534a46061544a33a2dbeccff4328a2c71a2898,0
c50fea2488e37b02238b34b7297017f8e53ea6d6,0
f5eae18d19c84b2bd6d775822d57dc4bd9921132,1
05897630ec504136fe11d08413cda628f499ddae,1
e2fdd8576922f7784e2809e8b2b3724ffb157f91,0
5056dd9c99b6f108bc6895acbf005656931a6fea,0
070d96f02b22a2a280c9a43925a3c9cb9b18b2a9,1
07ef9359ee489d1505c030f9e101167555979c7e,1
b3dcdddb2fc5589c3f0637156b4bcbc143eb7505,0
5360a0059abe4bd790f29e27011634fa73ee3c4f,0
a3fd4a711be76055493c94a8a876bb4ba0fe64c2,0
c37d90dd7ef6fbfb637d973422ccc6b517e7894b,0
77b44f418f1a708d2a0bdc24906d69ab55f27ccc,0
2ae09baea30f0c24676c925db6f96b9d63d7de7f,0
0cd73b3546711f0df2e4543bfef2a6217bce2465,0
65402f56f3c89964079c5e78c996eb42c9995718,0
983e32b6a456f63ed34e50afc67073fec32ad0e4,0
9a72c63ed39807593b9fb97ea9dc0627271f926c,0
77a7c407205d52a42b36b643a80ff2e44149043c,0
7be496a1c52cb054d7be85168dc0d2a4d1fcee34,0
552d39bf6b7c677c55336dad4ec624d17fac30b1,0
4dec9a04934c80986b49e03dbcd3e72191f6c9e6,1
d0f02cf52604ae64fdb865a4cd6594fdff3b7ed9,0
1ae2bc5634e13ce57a68044a7f5199a811860eec,0
f45aa167dd803b746d8d1522c45c8a957b420654,1
12856b7b98e01fa8b478ec7508b5eb2c506d687f,0
7d3dd9e3aedbb664c4cbf76c1a09c963798fee6f,1
10b00b578d67219dea8bf6b24e37d370dfd263e8,0
794066bd8a2666ef7fd1e1e22f4c48295a6fee9d,0
e9b53743d00544b56cef3596a5373bd411f465fb,0
a826113105b51b5ad1ace889328403f5b4187dd7,0
2e6870ab9ae5fa2e84dd8ea1167ad0e18c0c0196,1
4e74e8db62133396586f26563f3343745a672aeb,0
b3d5380864283c647b238423f8a935756199f582,0
9c85b590c1ad663b3316ad0f1926752cbda33742,0
b8b2b2485ea7dedff1d3a2b96dd9bb3f6b2e65a0,0
34b5384c872435856d67da17a85b9480537b80f4,1
96f209996564b229c6539def0c5302a8b357c199,1
b88fccc2cf378de00e30de290d880fec0bc4bed5,0
b81fc922d59ff4500002adf344c070c7b40ec089,0
2835088543bd7015ee20efff08478edf7ce0cc7e,1
9dd0e925fae4a0f7dae5fe06907eac0e1bdeaf8a,0
6356bd68cd91f4571f36beef8af17330fcb46637,0
7d3b13fea1c9b8c80f3c384c48fb89e50849171b,0
4cdc057365d8608dd48858988ba8b9fd6eaca44b,0
19b8dc8ed20a3f25d510fdfb983506b8001f072e,0
0586b1a535a2bcb0f2524c857f06befef53f845e,1
f81552bba869d0886c6b2bcec1a1488282de255d,1
72a5f080f518fcbb2c67d3aa36f30b5330b26e38,0
03cb521da8a0c72629ae68b299cfef19bad1e9c9,0
f3dac004ebccf7e56841571a3bb6c37dff765ddc,0
4433e9201dbc5deeae015b79ea7595c839fab572,0
e7b08a9bce12ecb9489d26dcd60cb8ece2ad0290,0
1f5e722e50c65b7aaa805bf1fa5fd6b9107176e4,0
96a73d7687c6c01aef7c3344086d7dcda3b45ec9,0
d57267d4fa4ec879e906b81804bbbe31a3f77bac,0
0df4b2a6db97220ea051c7d1a6c2a04c0cf594f6,0
71b3308d6000df1ab31f7472806321027159679b,0
4bc42761c54c21c4390971cbbc6245cc3d718944,0
a1740fd2da1e4b8f225b7dfb4686865136f81ed1,0
321b6a2fd2f725e2ea79287c23f0e301eecfb3cb,0
f4ff5a1ed5e22088afc8f480c39c715a9465af6e,0
834db24b8a4e2a8c9998e584e69f1bdce38ac830,1
bfdf7fb7aeb6db3770c8db3351a5d639ecfc8dc7,0
fb0b25b16900ea06c1815fd53ef56506fb67f058,0
33625d900186b4bce99993d22db46d9d5ae2205a,1
1224f28a1d30f72eb932c4f196e40e570b7fa521,1
80129f70ab1d1aff43fcb75e125dfd9b4714b513,0
0430af408da0da9c1577ff36bb43260bb1577e16,1
037ec1ab0352e9bed999eb358400e5692836ff92,1
65b1fffe91728853359e17cfeabb72209b17a1a3,0
4cfb2f403a078917bc4d50318f422120ab4a8c51,1
69fb66f53fbe62b7185adfb21cb045e754b30f91,0
835f6e0f616f2e359be98aff07c7cb4b18de2d2d,1
b35152be04fc791054c2c508ddc90a41dafb6455,0
f1a5071a59ebdb3a3f970e6ba915754f3714e6b3,0
b8f7bebd1e8b3587f2a3d07fe3d41be36f09b170,0
0dc7887e30b48a9a6e704c13217cf16b2465c69e,0
af49bd2dbfe9bceb0e55b4d98b543b787706d2f2,0
f5183ec8b4241a7e56aa0a8e9d2d01adcd6e8878,0
2767758aba2908def65775e519d4636748e18fb1,0
c20b546389325ec6e2bf499ba4f1c5f213254862,0
7da5ec27a6938aadb950bb0fdd78f338f7c4db39,0
13b3ba322e6ad45143d5a745c482d072c8a6e1cd,0
e51b6052f64a610136d8119530798ac5e26d3290,0
ef0e3797ad9e410b445e608e7b0e7593fe68a7a5,1
02979734b85a040bdb2b3bba456e024cd0262098,1
28704041ebe62167281d24100e3e874bf1717d04,1
a6e41ab5333182af9325838c0b0cc001e60e59d1,0
fa4425dc96b08d56600f05eb0b72842dab0ce9ed,0
a49e442d918057ec84452fd00eef50a011285608,0
2edd8016c052e9954dfc454ef406886c05f01f10,0
4757a8788bd45e41a5226c8563d1d131e94ccfa0,0
d038d0c53c455c9c26232eaad34b8c560f6fbe05,0
e615500a10d826c4cd49c83ee5347911f9854153,0
90c9bccf6a00dcce566e76d818d983acf8b7d619,0
8bc2bf074a3f448b17069bad07d842f40abd1ff6,0
b2c432a9c9c35cb80552918aa2f6c795eba89757,0
e1cb8632efa23cf3925f171e22b9308708c3b564,0
b131701b107b9bcd76f848ad28abb6be9b247b14,0
441f583c341ef00e7da4695c3669881e0eda354f,0
b80924c52142bbdca96cd2218cffd1ac2e78ad07,1
ccd8feac580c0f854629a3ee73a4eb6ab6f047f3,0
cacc72c3aead11a46ce3707f4c2338055ad1000f,0
789dab03f487a01d63c1b9844563b89e4884041d,0
33b07c13cc005aecd180d7a92a9af0683f5557fe,0
a073d8bb6051e382a45bbe00d874aa0b530b8e99,0
a384a5744285d0945a61833dd4a2e2041464b937,0
ece7a1a2beddcd5974e3de80e1753f0032b45a2f,1
eaaa47e76826e1eeb437c5fb8f78133be2eb1692,0
375cbe38529ecff189d28342c0ab139faf958f81,0
ff3bd8e65b273f7a0846b44cddbcb653743cc569,1
b196a81fb2bfb58ae7759d85143d92934fc9dd50,0
c9abb5f997860dab1448e21dd5152217bbe85be5,0
7f1e2538b917f4867b762a30febfabc62f2388d3,1
9f5ded018109c851760a08a4c25c96f2f0b7f039,1
8b23890c612cd818f0ea037e3b989d8f084c41a5,1
fa8843b18d5b7059c737125dc8ec713fa5e650a0,1
87c95a0528fef03240474d89b645ae0993d50ea2,1
9e4c6365feca8b658be0fd2053e77577771e6d95,1
2733af3d68c8e7be60fb9be97e9d6c85cce1385c,0
994cebe2a275e0b34c7cf7dd2d78b9fe85885008,0
62df2eba9a9effc160efefc8e7f50c6fa3dc41b5,0
e02f863e28df71a092b58cb7110614e76021ec9b,0
19fbcfcc199442c8b9018b82f2b5a24418d84ce4,1
57c9e30c1af5c9ad48e562a868ba0d55534323a0,0
7ec5863cabf953bffa7490b232cb0914c77e3385,0
84187d0f8cadf97d56d071a78bbc12aaa0ba87c7,0
cdd6e096b7c40607077a3b98d989a9589b533843,0
51fd97589802ae98484dc77ee3cb993ef873908e,0
3c1dedc704313c610cbd3c3431e6afc4fd6daf30,0
b4176eefbab4b4b1290a5f9f4c6ca57a09c5af31,0
424845fa357744071b5a9a4a69ecb09eeb459ab5,0
91ae0f37b8c0bf879b0314a1f3c12000e5967fcb,0
5d5190f6f16e42d6be8360fc848fc24352097895,1
eb93c4dc62e24ecf0778539782a3d90a9a712e01,0
3114536b13adfc18727bb2ae8de079c26ca19bb5,1
cba1c55fed04f683cc8121677fb53a27ccdb91df,0
4e7863b0c54f5a9e31ffdfc609b7d81bcac36300,0
83cb86c71089b9b5bbce986b1fcd1c098c372b6a,0
2c627a0cce6aa750ce96f6ea06452630614d0f1c,0
3011ba83f688ab252818657ca6703f4367829f8f,0
814d93bc8d58ee15c18b470d9b387e28af69f56a,0
e6343695937d83410d61107a132a4a7d67b6a5b2,0
23db75ad3c2c5627b43b6c94c0c6a309d7d13b0b,0
74b150420dfc6558ce87216c2106d1f83305f635,0
42d1cca891ef5dd1541eb438dd031bb0dda79dbb,0
3028a61517150b16e0188138e71471a8a7913fd4,0
c2c87b960ecec37fa7c3534ca9a029e6e569e56f,0
371280dad18fd5a496f1d96d890d967f38c200ff,1
d220a336192dedfda2e2ac941e57157c3e38206a,0
c5cd31a5922a4dbc04b8d160eabc723ee3b0758b,0
6f5090272f1f4129db2adc2d14b07150152224b3,1
40aab4b627a26d461a9da8b2aaf50923baf0d667,0
587c30d62b740ee751d1004cd6369183957de972,1
fdba7a43ee84b76e75e37cc4e3ec9f96241fd0ac,0
2074e9d7abab820c48343152031b45768c37a373,0
b171f483a03d13286107106982dfb4b5ab1a9979,1
684390945827f4da046c001c4a11811964d62728,1
71f7f815fabe5d88e210d564d11c56de0b33d403,0
62b6fc0c4a274d6d6917c454bd3c551f71ac7e1f,0
065c5ec3810d7af056d70dc6decfeb5289ccfab5,1
acede8d0afbffb05e9c84d5dbe40ba077caa9e2a,0
b9571b575a01df9c20487fa4f29922fd956185d9,1
1d4e8a1f431bfd3ae1afe0bfb80564f8bb85e1b0,1
03a21f0c58eaea44abf7028f20204c076ec82f16,1
33794ca66be0a8ecf01143639cb023cb1cf8f92b,0
d134a93759b79bfcabd02581416f2e5c185d38a6,0
9e950760b218e5bbebf8c2761774c2de79deb54a,1
982478de6dffc9ab3f23eb34cc322d6320d5103f,1
6ac2b46f5164f801ae919ccde3410a606fd76940,1
3dda7307074c90e1d7296cf27e3d653ed27d0608,1
7a6e2c395cee5497692b792d8b338f5cf09a7555,1
ac7b409d4c2977e79e88d8f73e0664bded36d94d,1
2f684692122f9e355ad3e3a07fd345edb5f42e1b,1
915924678205151e9ee2b6839c117ec643a152cc,0
2cda0797a5dd539e88cbb4bbf6a392ecdc63c63a,1
4f90aabb2e16bc3ac2daf5da1356a64ab0742ebf,0
6fac855ab9f475f358f822bdc804761dc0416bb0,0
daf7d8c87ccff357926ecd1eb67141aa027c8490,1
b922c60a5348dc1298abc783aecaea05c726fccb,0
fb7a8d6ff52d38ad5645a944c0972a50dbfe07dd,0
e10ef3b1b25733068fed27ed11f8c48552104426,0
5db318ba9454a93fc6b77154ff9623027a6268af,1
1a7a3fd2c9694d301b26f7ad3005b7454b6034ee,0
911126ddebad2b0d44dd71be4f295df968dff652,1
1c28714c8cdce0831ffa79d5c60e59ab019fff97,0
2b8e79e1aa2eecf2497461965234de527ac19e3d,1
226204eed59c1fc50ad97131b839e1ed513d536c,1
06d37eb1d79845f5a050b5deeda466771ba1c202,1
2bca1ebb6265ec9bdcf267526be79989766cb61f,0
6d1bcfc49714ce1c56f0dec2b840a8422ed8c4d3,0
50c53944539c5ed400ae00504851cc9b351f580c,1
3bf4a75bb493d9724bfe232d8900b96d8cf93a7c,0
86486636f2264520352bd26c6d147e5400af8e33,1
e00a63dee360a98653d6a2cdf36a235e97cf5119,1
196a3f29ccfbb60ee08b551383e0e3a1644214ba,1
f2bf642c9580d9fa982e1d94e6021fc72e4bf932,0
6d54418d10508962e56a1f1a11042011ea24dfee,0
7e97cea661e1ab9a13b6ffce2c48288cb74eb9b6,1
ac1b5696e8911a515ab755f0ef93845760af1e9a,1
99b2121916f0572689d0bb06418218003f65556b,0
9156e4792716bccc077a1861973381e642653ef9,0
94b63f4583477f72a72d431e519726c098066a3e,0
25ae9d83490da8d6624649d4c1720339bd081a79,1
2fd76a1a31ad87de8b68d18b3563b4881512a12d,1
1936c40d363ed898ff953708f1361939c86e2274,1
7d648e3da4368720d9abe680f812855559b4d901,0
056386534ba1c500814270ff1a8f16ef82275a78,1
139aad5ea225fb566b7acd01a5d210fc0caf9e07,1
9f249b6f58a83219a2cabe7651fa16c9b5787c27,1
c45f0a765cc07cbacd76fa6370e4bf2f4a0da468,0
dc51d616fe7d4c018ca8b26069f2f63d059f6fb6,0
12128d977596890574ca725d8ca51f655839d116,0
cd1f6bb1f4945d8917f1cfb2ca98935efa997314,0
60a7b9a915d4c58f2413040f2a9e2a16624767eb,1
969c1d49a271f7fa04cff16ac5d4b888e5a25f37,1
36853987d19bf9fbc18d7eae907d7d1db285d75f,1
f262e0980eb6bc9d1a298da5e91ede3bf63f0e24,1
2c759ecf2066216174e22e2638e3e03dc5a4b786,1
817a9df7c4be8714a215ee315a7405e9787c29ce,1
a9bda7658f3b61ec429c888826a1d4d7bf2d7dbb,0
c5d5e3633d58bbda9cc66e2814458a79a43ba88e,0
ae3f7ea946095e4d2ec960f91306799a1a73e401,0
37a76186b09f2adfe4fc0483c9c520e126088c56,0
9f62fa5754062b3829947126331e4c0fe704c65c,1
be3027f8fe44bb5fc27832096d992d181eb5dee9,1
ccf05d576073abf34659e8fa6fbaf6c348f8f249,1
1e379e26f5c61272caf8d1ec54409e2737506c4c,1
b06403d944c30c75ab36e0e408f0ce6779b78d7b,0
d4d4ffe9e8c7f2c5d11c0c986c2b577c09cfaf20,0
1cc2024ab57a022ef8ffbec9f395206df8e23742,1
02194a6a829cb9238a6908388b833262dd5ba30f,0
9e784610556007e0b7df569ae676925c78d197ee,1
b74264847ef8e9ffeaf06d5fa1fdead4a065b480,1
5e2e327f43faacccbab7d1756fe190b0aeba3f5d,1
f2cd24c097e8d35cdfee241f0a5d041321a449c6,1
12c506203c2078756bd144c14b250e084f427b08,1
876370329bed77bb9b863bc5d7a69eb3a4769f85,0
c9dcc088133f5dcec0187fae3ea6c06fe16972ad,0
a63b33a13a3010cb8fa12574776fec1c32cad53a,1
1c63c9ff34379fc3bd6722295f4e3e4a13ec41c6,1
391d296bf5314d8183a17a60564fafa52c3aede7,0
cefe582655f9b3f13191c500bd78304257e10746,1
952216f2be4280cc3749bafd373e3eb67bcfe20a,1
7f40cf8a6f06ca4a343fe50d080956397e6f2dfe,1
bb7a1447975bbd83a15be68e7162ba46f906c92b,1
357e3da0cbc153fbccd6a7673aafbcbd5e85c75b,0
580638ecf307d457f0ac3ea4f79e6638c9fa4a19,1
af3d00c3286c657bdeba49698c8baa2c8a5355c9,1
5b7d62f93ebb31e453909012fea142c7eb8f7b24,0
ff5cdb04085011a7574e7663a129414cd77d912f,0
9204a8ad5d8049a22ab78a7f9135ae8a83994dd3,1
1a895ccf809010bbac70e24dad69988ca84019bd,0
765634ff94ad86ef1e96ac18909e5037059f7af2,0
4b3f2cda1016ceb9692509cdff993a4b05ecdebf,1
d3f683b865b3d8a1b3a4ff901289ee498050c4c8,0
5ea10c3bb195a4b2867062444ca3975b78968882,0
7e30a19dec54802a61f7cfdf8af294f725d59fc7,1
54cd7d9ed15867e86e1b13a3bed63e7f3060e024,1
de436b61b69485cdc81b8c6609885634c0aa5434,1
3eb4680b5c228f694a63539454f1093dbede4763,0
73ac4d9c27a804b7a019c8754aa7795d6d52949e,1
e573ba945be15c3630b78138808e4fd094160fab,1
fdba1942ceb8bc145dd0de61ad4270b57dc868ce,0
2cb7fb109d3e0f61990cbccd83aa7403a61a26a0,1
63a1631267e6fc892092adbf8de25f14d15eb796,1
b97f8dcbba447d7565e8a025b3fcc75821018f22,1
4e091694675ee574c5b3ba82073bd876276b421a,0
74e48e1a48894594b2df3ed3a6568fcbf04ff439,1
8d2021752f5d0495453e66c6075fe9384cab3206,0
212b990da535e167ad7c3e1ebfb926ea43aa559c,0
dbdf9d6c0534733bf98e14de914a337e133f0123,0
b6d29de273afc7f1e95bf21e25297325b15b1ce0,1
962ef39ea4f2f4fed1bf049a690b3c6a8d615e99,0
6678c4331d9fb92c1e1d008774256292a5620c51,1
55585c60c988f492ed1d5024d6c9e5dab1fff480,1
e26b39285de8d783324c5631ac39a5e8b0617f04,0
7049bcf66c42fafc618cbc05cfb38da052c69e31,1
929363e121230286922d1ec3aaee21b2defba5b6,0
520a7e66aeaee1a77859410d64b9b09306c1dc0d,1
7cb2945d423a80ab17721bc290f9b61c2bda3f23,0
9740c824d5953ed90ab917b46611c5c9d6e04c56,1
4e6138a119790ebf983ea70c653b26d46b61391b,0
f5d360a46f9d2ced579cc7e86ba73562e7b4a6e4,1
6ae6f2ad7049d513938d2a985105e6922a3c5c8b,1
e602a4253164f8e7520d155ab5fd418a6110515e,1
12db47512ab0e60068fb6f39f71983e29e652158,1
e7a919136b5638b4b4c058874d01fdb7ee1ac8f8,1
4d78fcb034913225d9634992bb621d982f67dd15,0
8c41b50120acf2e2a827e0387b617e290e69495c,0
c92909fe7129cfa175737ebde5ba595c373d0efb,1
14f9f704b68b9b06f292c18ec75d459331f89094,1
ef4fe93b9821d03455cfa1cd00e90919dea16ef9,0
49ddd733e6c07852b83b381ebd621ad41dd8c09f,1
58949509da5bca7561f272349589486aff4f2b89,1
5a81dfb399db91aa6d7da1fab18b1825fc296d5d,0
7ee0f955d9abc52c46671e66a390380d3e834bb5,0
d3e0aa0951256f53beedff235292976362869188,0
b9f3d0b3144c421ac2f22b85c56f8711d731208f,0
058050161a9e7814143e9a1458178a3882564626,1
d01c5872d661782e5b046048012f5f2e0e5b5278,0
0eefc3407ff90984835b88a659bc7a4c3841d706,0
91a3ad126eb18ea4c3853bfec7897f7ced2dd231,1
2941a6fabe83312eff63414c740a8a0873a963a1,1
5527c00f51d76f71014eeae7f5cd676eeb739af5,1
a4304614654500570fe48843b31a685a1886d6f5,0
b2498e0a6dc587152f5fd0d2950b9b515ab08b2c,1
d67153383c17b3ad808fb8b055a643dac5c94da6,0
f8d730324e15fb4edcb3ba9b5656e3b82bf86531,1
208bd742bcff187f34db69894ce3d57bfe85af1b,0
040002fb9a3cd7ce67ea4311cf7a7846cc959756,0
eec4aa76a40bd9f920ef660eec039fe4039e91b9,0
4709b304b4c454f84a0773c3f3caf693938a141d,0
3ce1b3ba7eff1d9773c9c0d4f46691279249de0a,0
ca6c86a8d2b362fcfe132cace5303dcf1984f2d6,1
000c0f0f0354bd6facb653ebc9b21317cb183788,1
14c16b3535c5b2d7ee976c7637144b06cea1e1cb,0
6080f8594b3a60fd359a388149eb3f88266c7c4e,1
e4241930b32676966aab270ba122972ec5eb71ae,1
0ae76b490f042d39c53581266c01d1a3787ecf7a,1
3e6d586ca441f69a7ed329d12e3b316cc7db89ec,1
1ab2c6090b24e93ebb4027c007d0182727c70444,0
962e3c3fd0fbdb6b5da5bbddad47fc25efa2eed5,0
18fd1937f590e855e4a69d4a535c641f25256822,0
84a1e84af5e5e8d3fc10035ff1527e7744c9cc09,0
498f0d206ab6866d635037695a0b8627e0df2499,1
e8c00ea1c65ba6298359fea309487c1319f33431,1
c040014b63a5ccd19ce18e7f346519136d99aa60,1
c2aa967c74da10284bba27e6f6f00c5986df5058,0
f576ecdee3133457f0dbcff0791ab9f302197fd2,0
c6524f794c7745fde3de8183821f6325f8a3b0e1,1
22e92cf07cc89d49dbd027a294e1ca48e4794ce8,1
c4ef710d1c3cbf9a3dcc2fd0f9b4e6d5a757200e,0
dd0064cd136c28b76a5bd061a6356f7e36fd2737,0
591ea0af3c0325068b485e57027fe019bcc22e7f,1
927f3be3cf8b0c10dea0eeadad13a5dd39a86df9,0
71f8a579672213ff141bd4e3853b9086a919b3e3,1
9844d22f71d94b110cfedfba09af69acdd141e0c,0
f83ad1e57ba0f98040035157bc31cb3d5c2a8459,0
04fc4aec072f0809016fb47f6a5c06595405c826,0
8f4a1b4c74c7c063e6e491d3353c8d704ac137db,1
8cd13f305429da976d8e7648c59f32ae66f6c92a,0
59e3d55c997910d855f5f2dd196d6797a3c3b967,1
b14efe245dad6f28721efea5be9b7c867ed06991,1
91ff7311935be36db522dcf782c25f5815449ed2,1
ab4c8391c438436eacd2d47c536774e56f35975f,1
f66dc4701fd486fc7ae28c1d24f1e8fa916dfdc5,1
849ae73b366fc0de7d7539de6e0bf1ba21f61b5f,0
f0a1fa17d9581763be2153742afd29fd7cfdf64a,0
4481911470577846de8fa269a3fb3fd987b83374,0
1fdb092f4da560ee1176b79789253cd7ae267558,0
625586ab1cb257a6bcc5ebabddba60db709c10e8,0
fd4f4531626cd3666de2eebea952ff498eebf695,0
39ef8725994f09409a50a2fbc342473b5b69d509,0
d8415b9bfdb5995223b47ecd56762f9333243114,0
c1a0f7f650e01c9430ed41bfc0e86efd2d5d430c,1
64d6303154b1c85181c686d0a6e7c0437e5da770,1
b61f5d2ff2487d639ae8d1a86c1acb3b6f4825c8,0
26fa85d0af87919a88f2cf3076eedf8fec2b9a47,1
8e96e641f26a9a0aff0e82583aa3c76c9f2c9bb7,1
b129bcce3a9d47fefcbe48333ef147b1a533d0e2,0
1e250be565879917cc6c369833b5ee64641eeb48,1
b17700059bc49ed38e6391ce2bb31919c3a0a0ee,1
264c88b087962db2a6d690f131e074bd609bd39d,1
283a1cfbd20bc5061551d5a829e8ed40ff68c46a,1
b85c23926bea2614325b577150f62cf64c435ec8,0
d6df0ce84312344425d52ce75b90b11f5f964991,1
ffa3cf166b0ac97da2c896842cfcd02110152834,1
1d6a986b28d9223721f5923693deeea6c24b7801,1
82747b5070d459647ade2e6afda3956383feb161,1
ed11f0162ca679521fc89003aa8ce2c93cd32593,1
f3f8c34137e0f696be9d9341516728af6e3d1a55,1
93a5c1d354854024b4cc26fc4f02796333d7fae6,1
f19d37abf9b9787804ef05009270af067382ef7c,1
1a15f2ddf7ee57bf93b40ffd1a8c16d9cad0a4bb,1
b3cb62487e5f7531a2aa366665720e81cabc9783,0
6132d98ccb5171eb00802606c8dc729766986dbe,1
71d6a27c066ad46f46caeea0a6ac4b4fc48ddab2,1
1c8e6d2b108e3c21c5fbf2a06ef6b257b7b70388,1
856b838a0647b8c07d942e2a5b6ba267e74cea95,0
a204a6d33af126c84bce5288874d32083b5b63dc,0
2654dc751ecf584422c6d4feafc8e9c907cba067,0
e0a18f5cddfebee6e70dde1543b75f7deccb7533,1
a7b86c059d0d91ed9e0d9fe2326e1a13d5232627,1
4c7e7d5c7ceee4845ef663b14a2864b614831c5f,1
c831dabc6ea286e73243a5f7f06885ab1bbebad0,1
d46a68f6940ebac2c35685398ebe702d34f044f1,1
849ca1daf5624c057cd114683a3bf38e7117a680,0
594e03294d2da9be3dd0e450f3f9043dc1706fd0,0
9f3fbc0bbfc10f9d568b3a4a4c87534ac310efbe,0
5660039054c872f9e22573bec51ccc7d87f85d6f,0
63bcb21bd5fa7771d0bd41237e6e0079dc771f36,1
44d305d96488d46ad8a81d0bef9b85d620dec1c3,1
82dc74a9a6fb278158e77c4415e785ea5883c8aa,0
b8ddb3e9322c60ba0495c498f4b05bf0caabdabf,1
e4533e75f30b457ee54c2cac2293487e4f765fed,0
69f863cf03aee251169175443958d1485ac7c683,1
ad4cf65e47722f2976cad37c7d899748beccaf42,0
9e9c6ad159df5e412d6eb4eb7fb1c15dafebff98,1
aa48365d7e08fdf16fec9ff8f56fb584419e3a31,1
deb889388e2eff3fa606361520aa7d4f05d8a0e0,0
eb8aae3dbe71f1907fc427a3737aebccca6b41e3,0
12380a15292a261531f37a8a160182d00c537eaf,1
7723d729d610b63e7453af532189d3017224d8e9,1
044f73ee5ea8b599c584bd8f8ed81fc0e01bb266,0
0fa60bf7fb4b8ad0e341f51c7e9139c37bfd0725,0
dc16d305660b9575193c4be364c8c161595fd116,0
776e904353e1d1117a36259cd9f66510aefb8d68,0
803404519746c79b9fd0d832d45781050eb92367,0
0d6095721a4ac5e2b2522e224edd9e5f373afe28,1
d95e32dc8e7797047edfa3e36d5cdbe891aba6e4,0
e0c1bc856a41eaf712209facb3bdf84d45ef40b8,1
90b32e0173a8b7eeec02f1686780ecb037edc11d,1
9022687ce91015634e41e1c528654005df450878,1
0d07eac1699dfa39048a0edb66e11308669a9961,0
6e418809987c71c2d61ae58afb028a50edbbff3a,0
2b950f365771b7054864ad406653b3d918e201c4,1
b8452659326f62f3f7c561d7f62f3d5e999d3cf9,0
cebe909c52c8f066eea2829485a2d01502db47ec,1
f22f804a84591007c24ad8ad2c704f056f26e21b,1
c09495c03b26403314e8fb4778e7e1772ef1c912,1
f3a21e4be20c85ecd2bb6a4844d40de6cd68f8cf,1
673a360b523102e731f3d2988ad1218d04a62053,0
a3e686853e05c4212ac6450098c80d5cd878cd21,0
d27c3f00bcca211f03152f4933f710563b75b821,1
2f100bd05315d55124d957b8a5be0ad2dea8be93,1
403d21f5a30fe2cb9fd6c0b39c30c3ba88f3eb5b,0
ce7e757a896bf19f3f01abb3cedb5ea3f4bcc164,1
5cd427db2b57d4ffebebf2ee38d00ab34b29f7ce,0
243defb4c96d911683bc5a2c2b1e630770d49121,0
e1f1aac436232d395fe8dc6444259c49fa585b55,1
f3fbd8d68cebc487dc62e8f197440ecb2844124a,1
f453f8c7cef4319b79bcac9d08c2296324987fa0,1
ba93f9a3db44fda15e4afa536701563dc4e67004,1
66e597b4b19e9bf55e2caf2b1ded420fc39d830e,1
297b84d56d93931833f8448cfef127db24b0266e,0
ea24e26fb7adbaae8cf668845946f25562386f69,1
6788383c418c2423e21c4df30c807365799080e6,0
e9d305c5d102426888c4154012fb3ef29c035c9b,0
fc65d5675440650bfcaf877a9a56769f0007b07b,1
30103893757f9c3cce933d2c4ac21f231b800285,0
4aa07355b0fb7bca5e71c48de08a5aff0e7e748f,1
c87d273080049f75199c587d6ee59116b4d4867d,0
9a7c56740ec0b58137c9c3ce4783d29614641bbf,1
42840a7cea61d47b9fbd09db01c36f2cbdb508b0,1
ee1008f1e557715224a16d6190c9f815c8d4f9da,0
3301b06df5f5fa693af2ac3a51677dc1074d5808,0
ff11e7b02e4ea8127bdbc06c4b842bc96567c55b,0
f002d335494301d96ad22c428126c7b3cf15e09b,1
df74ca0cd1adf33e1f12c94a6d3f4cadb8b5274e,1
78da629cb4e52f9cf5541c0a23020fdad755f369,0
515ce0a9394dfbb03d78080cdfdb0ba0d3b912fb,0
0727e771b8a6669223fc7e1d5af8722eccf2f733,1
0d1c7a5529757f8fae5122b7272dcb641a243121,1
5057a8affbea2a970419bdc24bcf556f5cfa16c7,1
d55ed9283104db6e145dfce0970dd6d5f2a91806,1
64c1a69c4d5ae173e1743a96ddc2f0f42a130302,1
b34fdc404f53efeb27725f8e2017711e0eb9255e,1
7cb328da7dfa751bcaa99dfecafe5933fb53d4be,1
c2e70d2654fcdb0ee59cf3da5508342be3583e59,1
c1b925f1fae99f9fda7e09449b9726fbac99aaa3,1
f6c21431b06e1c03b4cd9b440ca471c84992a992,1
ff3804849e0badfe6fee032f39dacb577be94c22,0
1e19908591da85e378e26b0a99d07406cd878ee1,1
c1051ba642362bcbe4cfea8df0997078f2ecf9be,1
f799f4e7f1ab499e3fc31cf14e00ff87989a4b0c,1
90f1d8ff6a33739d678f71e28860e536cec50696,0
e31113a8d15200b17d366b7fa637f03ef8be282d,1
55f1ee2a6d93b99e9420761bf6d7347822de2529,1
4d7ec7762d58130fbd5736ac6a17759fb50351cc,1
ac030b941865b9bb0feb39fc321cd448416df7c9,1
996b0e36c9fb1f2f1127bd041cd49cce297b543a,0
e96b043959f79ae5fd319de25b97774328e88bbc,0
d9c95b0055e1280fd5da16032cd52374bc8e880c,0
cbffbc5882e012c707fbca5847eb8ed6854dd607,1
d7d9cf45fa1400bb525446708e91dd7514c455e4,1
0be5b4053f6200e73ab9bbca7819524867dcc462,0
493f1361a1ea48f065b24624ad5c06b1d8e8304e,0
dffb5a2e3989ba06092e578976839932012c639b,0
bf63299d71d3ae3e1b5a1c426370bea19cc1b554,0
a1304dc84484f467c25edb6c081e72bf8aae004a,1
3f8fe0e329b8765ec62540a497ce6ca3beba2250,1
12f1bccb3f1cd0655f7ae14bbd7da3dcfb36f5e7,0
c14a3ee19d9c2877c1544c98e8e14dfdfd0f77f2,1
bac3cb85648bd0d286a3b34db4ac89babe248a08,1
b85547ff72a761e227c6bf4061fb700585309144,1
9ab9779e58abf2a4b12b550a207d5e9280847c27,1
040dbc4146523418709027a4b9b286c6586b48dc,0
0e7eb17fe72237e6e264d21d4d955a7843ea1d2b,1
d297eaef94117930751130fac9adec934a10023e,1
416a39c7da5118f4c20f0aac9d416fd2a0a836d0,0
4dfab0656fe2e8739aafcdf98cdeb2d10541382c,1
392e5f46aff8ed8448131976fb904d9d9927be94,0
1137b3714e64fd4d3160a42f8a4c49d4d2d94382,0
535c0c34334862d47ad339a99d0933e5eba76ae0,1
570057bdb5f6a8af5be000355e1ca8cd1e545770,0
cf4243dd1694fb13dd220dc5d9d48c189556a51d,1
95a2cd044680e4a64162c0c209c784dda375337b,0
bb57df351349f8924e11af845ba9aa5325a84778,0
b3b3c2a663aadbeb8a328c591aa396bf05b7d34c,0
76b3e400a9328a7cc07c38bf71900a9a529b772a,1
7ab73be36ba19fb0418f00187e187acf8873706b,0
d235b1149cd6758c572d43dfd03b9943f250dd7d,0
0cf80c4fa699a73bc57ab99dcd843c8c7676e1f7,0
01370a33382912a16ad51187fac6df52679ef957,1
1caf20dc60f7bdfed538fbb8c962484ee670c20d,0
a3e2a7c50922814ca317b427b50959a98bccdd5c,0
5d6d8d5cf4ced033dbc2bcef78309030a6072f04,0
ed940129bfd032da86bd2fdc75e2205ba457a2eb,1
bf2d9aae3c4b03d6ad42d1257ab742c54467966b,0
cec25a9aba0ad590f614c0802e75af88360f9060,0
2c1e4e98c0434089fa1666e692bd4a0e0a571a69,1
d5469c988b537b2eb37fb39673eff5f1082c87a6,1
fb780d991df44652c7b6474e278d89298098999e,0
555391fce6822d5f5eb1b0cb6529989ec4706fac,1
d0780c5be0609451dc9a4037e106d1f015ddca36,0
61429735f7dcda5c3583355bdce5c88ffd6e87ef,0
9431373f8a271d1229b84a36f0e449af6fb9e4ee,1
77eb781743f8468cb852dde2673a3710e0f76373,1
20751b7500fcca3411a24ee3b15929865c463d4f,0
3ec1bc1210fc98e80c1ed4d7a860319218a6cd44,0
343be17bd1ceaaa16b828c4c98e72abf96f13ade,1
1e26fb30bdf61675a7b631ff49b95bffb989a15e,0
df1bfac0074a889b22534ead35544f149577c7d9,1
2b75d73685899b175b678743b1217d5e42679bb2,0
91818e2e8df4e1bd49f772e2f3fee16e4ef2480e,0
b3c84fc0db4ee99623e783e43bc65112b173b426,1
f36652ed2d215164537b9652ad7c2d57143bd307,1
5ef64e17baff7cbcceac09dc31570553ad355efb,1
b6bd89ef5f894d9b8e6449de873f633b8eab8f8e,0
a4d0b2300971d6747c16414b08ed18ecbda74ac1,0
aff4b29c1e63fc3d7d272bc5f60359e45b87b065,1
7b9eb39f76fb28efeb07ad9432a28de1e0f36d35,0
bdd5e25015e2ad2e693e5418ee9142f8619efaeb,1
ee81f287f62bb760674f562ee71e3b326f4a37fe,0
3091e264b01f1ddc4f37df1691ff0041d20c64f6,1
8d01ea69a616da96d751de914d095811fbbb2044,1
1d281b84dd704c0d6c8537328c88e1da24a839a3,1
b172846c2918801244e0e4cebc6533e93573fd7b,0
a4d1940ebccda231cd3a33a4b5f6e7023111706b,1
4acc64dedf0a1edca2b023e7413689be8f3ec6dd,1
0c86ae41e9bd3f77f1009d5f50f92a3a3973fcf8,1
922b1899b2db60e75b4d184cc4699e0f84a5037c,1
b8e898f4a28865a13a0dd1b94e7f06674288771a,1
ec2825f61bb5cc9a4cc071dcedb51a418f03440d,1
2ddba57e03149314e09bf3bfcc142ea48d56d564,1
0afd8aa1300f53420028843540bece475549bfa7,1
c691d30346dd04d5b2df6889879f4cd10ac130e4,0
b82cfff39e1efc7a6a0902829d094a74557de81a,0
eac774818b71f202324744169f34b79f604bdc66,1
26aacea29a579e36bc588d29e2a6b1dc58833c4e,0
79761e2429d7bd87866f0bc3ab851c4ec321f516,0
c411b8d63457c9df7604507b95b89c338ed8b771,0
90e9ac4c33c3e883a42ce7c66441019dc1f8addb,1
25c840bae844fc8b84651f93d65c6370a1978554,1
44d948938827775b4770634feeb8e8e727231c89,1
ce55a5042e9e2413a8e4b8824cfad738e4f574c2,0
1fab0220a1b5764624c0962856469409c4c709ff,0
658ad63ff222f1e73d9782671fd5b57051e8ab46,1
6be514eef69a68234055a2e28a59c0b89e7dfd26,0
f1b354bdcf06a8c54c7b3a3e4f64ec463f937f52,0
5194ae256df71111e9c6ddfd1adb791581689151,0
1021856efb2eebb2ed481cd5fc61c84ccf9174c5,1
15449c2d8975402964565b4103664bd39eb5ee41,1
690dae616bac0fada5d7b6a259ba63db74fb477f,1
a7ba2b11ed7d4cd6f41de0c5ddf1d4f2fee7bc30,1
0f420bdb85f6087604fb9357f78f4e390bd6805e,0
907598b1d730b815881a3dd9c42e139d6a169853,0
c599ff62c94ac03bd4254cc68bc78b10b9b74468,1
70d37f9871540b614d4771a9d5e126bbc609598b,1
9fec2cba81eee346024d3dc21dc6c84064c3ecbe,1
a7f8cc4963f068aaa160c50d69872791a25cd52e,0
cdd27631230a1e1bd7c75c56fe12a07f9a62e666,1
6db0f0ebfc8f1cf8d3db37dac2e69bd321997982,0
09e8e74b7c2ddcbccb77e15a78a26fdf08570f3c,1
a7ebb95244a762ce5dcddc162d33efcdbc580bf7,0
3f4d0cc979f15fe649bf2bce4b8a22145a6818ab,1
4adc5af23f16dc443ea4ff032a9592db60b4c2b4,0
af59bab18e6c86f28de4bf91bc3f9f7653513e17,1
469a603599eaeefa444fa7ef32d038830815b9e4,1
a2b904aa8010bc77d12d58729263f3d1911cdf9b,0
3d9b42197b4a130be6e09e7d2389b96a7fa7d353,0
ddab204bdb03f797173d07412cd8cf390105b578,0
20bbb9abb1e82a88da51a474659b05bdbe9c6263,1
815513f7da72c65034e82236d3203c06d5a18772,1
63b2ea841abd0069145443e5b140148960227b6e,0
ef9ec6caee25b798b6a0f1d040219c91862e5b6b,1
ee2d73f98aea860938db48c97592223e3d09aa69,0
6b548f45616d29524c92d6edbdbdb86063cb1ca9,1
dc22215e6ee905481b70bbb14e5e4193acb037e1,1
23e7c3b44ddb18eecaed97ef68aa26220a085a37,1
14d95519d85be2af6576b0e96cdc29adfdb2fe1c,0
c2ec508538ae4b7e2ebf0565714ec378f4e696ff,1
caa9a8ed4fcd65526bd8100afee329eaabd4d56b,0
f49d12bb94679636b5eab7a59f4d86e099f2d771,1
2ca7bf8910ea99d107629321f1d04c092a159da7,1
99fab573d73b53afa6e922ce7cfe22364ea4b4b6,1
6014f86f9cf78386758438aedacccee83c454909,1
bd4aa2daab9679328b05a2de021c3a3045a9d04a,0
866ec93bfd5f6331c95c66e19178c9ffc1441ee2,1
e26114a8fb6e6c7302a072e78dc88ad43979c17e,1
3081a1b16a2fcb13b7a13bf761d6a625598d0325,1
5f1ed4448c0617efde6616dd970bcae8fbf4f3fb,0
028572d7f2589bf3d968cbd86044cb27541e50af,0
a14f45fed35872e7441bb2be1f9a499e7fb83501,1
69f8b7008c804bf0bcf82d254732cf1d9171d101,1
3696b20b031e4119f67497c24039957771bb73db,1
16221738324f022ed0416bc7d0810499b1267957,1
0b5ba610445af6ac4e7570fd6da475874ce4db01,1
75d346b7eef3c336a8278e76e905db98e878d4d7,1
4857531fe0f4cd2435d1aa61661e56066d8689c8,1
8c1397108997eb4a1fc51c1fdb67f1543172825f,1
cc87a94db51e82db8e58f205bb944e3fedc5a332,0
034a32ac327fd18ed913d0762951482c7738480b,0
3e1fe6ac33bc0d98a8bb9dabb02bcf4ce46ea52f,0
0f08bd630209714e8264ecbdb2e1ec2f37e55cfe,0
6e294e9096445b314e446cd37f1b1ef8acd65ac8,1
f65fa87c6d4455c98f1f984f21fc9879185095cd,1
2b37db76bbe0914435bcf153c39791ea619119f3,1
adbd2b1f52111866601db42d85b7d3569839056a,0
72b0e0dc4b9d3ebdf169a1d74ae2fd75de959aee,1
b8e042f4cd556766f14ea8b8f2a40d021c76b6e7,1
16ef8e71fc764f643e76e4f32554dbb220e66894,1
9cd7fa373a799b91a940a41638a37f26a8ee5d71,0
ecd6d97cc6608a4577a5a84056d3b63970b7d015,1
4ebc515b84f6247278e74b6bea30048b146c769f,0
63d9294a7a699ad131064b04540ccfa8017861c9,1
420b0a7d2e3b5310d778ede50190d4f1766f0f27,1
02f9469044b2a5c8b87dde443839996a730cc3fc,1
782e1d388f47e2afafc891d3425823a750ad00a0,1
6313b4ea8007cfff8cabaad5afb8c741a448ea74,1
a8a9ad112f16d3a9fc7a25eb1bfe5c530f619dd4,0
61fc51338ed2ff97c0d3e3a05a67244338609100,1
e6cc34067010250732838d1fecafe1976bdde605,0
64fcdf5322bc67ae880fb042d8c7a70e4168b69c,1
c370a753fc0de5b31935e87e98e91f256885bfed,1
0baeb295fe673c3dad3d50038f0250d670ee7540,0
7900db0c332af6eeb1cd483a510ef4aede8c8e52,1
d63734290b8384bbd22f47df353db966bb84bb6a,1
3d5cec1c8711244183b0e1825071f4c709d6dd48,1
32154c0466bcc525bbffd5dd87a73ec21128e8b7,1
a2957640c363e2138970cf95bce17329f4c9d919,1
9c621e90fe8691d5632d2065a732e67033a4004e,0
e322b36109170fea52f6128753d61638771d0705,1
d81884686a86abdaaa25c5e6b0ebd8d5281a8109,0
695d0db4c50aada249d7d6d3e6befa52446c4730,0
8f17a71756f296209c9d5fc2401eb44b52f67081,0
1f6a2a23b5aa1e6ad3f78a4ab9ee71c404f6be7c,0
51a820732c0aed2c72f33fc7dfa5e714dfdab276,0
02306bfe24f176b5f1386d5f69c186b11f4084fc,0
de23b50c60b8a0821882570a5899bf58954639d5,1
373f6e1c205d10554531e2b8b4daec838b8048a3,0
65c0bcdd0672a0c82f431bd7d64f8c4dc232a236,0
18727305d2a71c9723f583e368229cba0ad8a09a,1
f0924754c767d9325dd5acc515d6917516c5d709,0
b1c99fd3e2513072c31c4f3e6a74ec6457f6f48e,1
be5b88f6d7f6419b27acc56f365557f9b0edef1b,1
c505daec48318672514a75402362a509e4d973f5,0
3876f7e3856a4efd5b7e9d8c89880041ea981260,0
cda2b6c376fb8a0e0e0de28abe58d11e091a0a90,1
2c16b2578a31f70293f485d38a1c54fdd65d8d74,0
ae5029fff87d0e1686102d882e3dc7534f4af131,0
512e6cf6be586b014fddebc145e7d8c812c39913,0
f6d6ab000b0ed64eaaae9a71f211fbe5ef3380c7,1
b1cdd7e326a8913c7ce77d0d0ed40f89e08464aa,1
09fd49b7d8e1a14c6d2741a1bdfa4f2b3089e199,1
e30bbf4a37609972d7878491940e00c0bc13541f,0
16975fbcef02d82bdf38bf414147e6f7f31aa0d2,1
a3a852c66ebcec368a5c1c25275838c2fdaa89d8,1
50ef528cd5570531c529e4dc4eac11d30bcd1fea,0
8effae1bca0482a355d948d9a3c7643295c8c625,1
4471aa88145d8d351c607bebf31a152db3af51e2,0
1a3a2d84a800ee298765cc6aab4acfba7f4a36a2,0
c08c2aa005f8b10ab31954dac3efdff88e07f0b5,0
fb360bfce88ffff4de4b4d908eed279f0a7f7a44,1
6d4681a7bb4f95d4f2894a3be11a1df333acbeeb,1
3c151782aeb14c8cd05ecb39ac55ce88ac0a85e8,1
003ce14b7b17769cccbdd708d9223180d582f85e,1
d978622220174aeeefd3f9b7f90493510ae46fde,1
3ba8284cd4b0c51f090d7f67b65555f2f981fff1,1
46264b4d633ec1266c36516524cd248111d4eb6b,1
9672faf5de036ee5e8f874806043fed058320239,0
8c02470fb08b4dfec9e98b29f64e844e1452e305,1
f5a532d6065e55a1c1082579baa64c786971219d,1
36a1784d52126394afc5963d8139f8933bdd60c9,1
99034574f63bf203d14814fcd4f98e208ec7850c,0
cf3a2221de17ac656106a09792224659f0d7f7b3,0
4884c7e4be5ed2705c51418c92760e1367581571,1
1ab4b852f31d3dd13bb8c690c9531d13a5a8701a,1
76c88ebeffe71a0cfec20667a8536e8925c5ef5c,1
6847003b33374f0f02c969aa123376734531b513,1
b92f81e2f692f52943c49c595d087d3e3c6c622d,1
42ffb77e341635adbf1f2b71727cb586fe2ff672,1
17342e87465c92c70b1eee60a14a8398721e27c1,0
4642f1df280891c2238e74935239096fba508ba0,1
2a5a07fcb1a24fded957d260f9a9df988323db19,1
138a20ef063fa3e2b97074f599124d2fcc94545d,1
b64b470e4afd1816a2c21af8262504cc1b668d6f,1
3923927dd4927bb5dd492dbbaf2b3ce5a63e4e7e,0
74989bdab132a12e01dedfb09fd02e6890aa5c3e,0
8a55f3da98526c8d4b44920aba248ca345701caa,0
b94b9d116bc645b990dc9464098507b0d028e6d3,0
2f1b256059c3e09d361d61f3a6ff9e7038db6451,0
f2b71e8c0b539c57fc18e003abd6ddde06ebabfb,0
