commit_id,label_LSZZ
71fc4e683e1c2d20d5ca1cd1d2645f76c16876a1,0
d923c1b272c4887ef6d909cbe845d657e05537d4,0
65da8af371b4446b602722161710a3fe815d82cb,0
ba5f637e6df3218b32998e5b69fb82dc2e68306d,0
ac34c984f38156bc03b147d30903173cd01a41c2,0
9824e2a96721bb31761ddcc5a2a2e97617247064,0
f44465e408865cd663a8e3fcbfe48380f27f01ad,0
c2ad9bc031d4cd55d0e67889efc4cda92e1f03e6,0
67a11fe0f440943f7a4e622e077336e6ddbfc754,0
049602ad0c5b852c6ababd0cb3c20e5e4e39e7ff,0
4bfe40348cbadf0efa607702e151f8ddf6ea55bb,0
b6a6a0da04526514b9077f93140604f696e8daaf,0
5401c46d2812571ada64bc9d36dad34e92e8646f,0
0935cb540787407ce4ea9c768bfa36e8f1470f8f,0
11eebb35db6bbcfb94c8139c20e392b96e21f956,0
c66d035adac4ebfdf41c067e1cfaa13bb6f345ce,0
ba6d2d687bfe677dc7adcaee133dcf5899919e5e,0
54ee8fe99384bcd4198b3da4b8698618fd52d4cf,0
0c160ea4133380e58a1725d0fe5f8905595c8c01,0
ff6c4e5c73aecdfc89df197db160f80fe5ee7a99,0
52c16bb0cc2d6d1ad05e7d8624865b6b9efaa64c,0
cb70005bddcc6ba9dbe17ceaaef20b04aabd7636,0
a79729464f6e69b773171ff30e3d483cab7afd70,0
faa4edd7e287a3db465a32efd9c2d5faa15757fe,0
3ee3cdf937bc18c4391dd00d84fc9a561194f10e,0
b4654a445b6f340d41a5afb0e7199705e300437e,0
4b4c68d91ed1797232c98a478ca00dcb56758094,0
e73324c16feaf6fd8c97a3b722b4a3a15458c906,0
09ca15f41908f23fd02f11fc81cb2c81ef7eeed5,0
a99c69043ad9aa7d39d66ead63e13ba7335e60cb,0
3112606673e8cd72378e4890d2ceaa6afb3a350e,0
6e38749760c0366aac1637c7dc15e4ccf76329c9,0
a3d19751891edb9f7cb8c11bc344eaf1683b2b32,0
c4e9d892888c31d2f412caa13ac8c23661915ca0,0
501ec114e7a8401d65077c28ffc594dc997ed563,0
eb50f66112db79ae004b9cb2d090fa3d587da35c,0
95f818f593e8b3d0b446dd21d2c3689ea9f8b725,0
a07b6c41b5c2369506e7d86c4808dc51317e1481,0
2a3aa71b077ae9290d9c3b95f6ad23b0e0a357c2,0
4825c47db0f7e363f34f6a289153be1a9e58e54b,0
5bd1836f92b802387562cc5382c591cef40615ff,0
7e7360426b939fe91c288aaf81837895455e32f5,0
0e58f4199852d2ad140af28a532b98fa7d9ef6b3,0
84f3e69ad162928ff020b1c20b1845298710380a,0
3bec11ae2ec51831617abfd5a23921606e2d733f,0
b154b7dcf666481baff69f56127ba52e0deca00d,0
1f3c76556e54e64ac1eb111f3820088bb9b8c20e,0
d6cebcddffb2cab71f709079d11b039d6878d597,0
628086a973b82b27e6a01d7fe28ec89220dbfec5,0
b273da0914bdf59882e6b9a445c2b0843cdac625,0
737cdd60e4128fc1a819bb3ad403ea0c4c80ba67,0
1585352c4ade7020960a50ef04a799ae9a7bd2d2,0
99e05b1feb31d9a9c40868749f7d0be8e1a538dc,0
c97d003e01862773c82271adf528f2ef05936f5e,0
feeeb76a1eb59aaf2ba85caa83f3524110403823,0
3c761467c9d1321c03c34b73db5dc9d1f9b1da9a,0
4dc2ffa3beb7bc4de5e49880436cb0d6d8ae7309,0
c16f98961b4fc5e7dc438bcd16b162c760277772,0
5080919bf045167fabb85202ef8b1baee783acad,0
b8b5c3c61d1e4d44ec6dce76afeaf9b0ffa74f0d,0
a193b4dc08c8e03d719c19bb4282ea7bacf3f370,0
17a6955cb961a2e53df51741195c0bb4e638e4e4,0
61092a43595c95d259b4e7c97da148bd63fefce5,0
53939a66973733bf927ea93867f3754d2f980530,0
b0e48a96c7ac4fb783a7bcae9a3f3d0094d39587,0
12c8c421efda043412fc8b679808e77467326b34,0
dc885100efd168e31d8f62d399cd94e653b6c9d4,0
ab2b19fee5e76984843fce6481f0c7724f629920,0
7da0b0d63b32f830a303a9bab4c0416c855815ca,0
3af1604b0d3b6c1c69de7352f9d2fdf4d51d99fb,0
94d8cea2e27494a2facedf0342f1144448618e76,0
8caf63cec7d46527e12cf84eaccf92bfc6dffa77,0
56dc8d908d0982391657dbd716dd872059cfb8fe,0
3095c7a3bcdfd532cce08f784881471ef5bf87bf,0
4c8f736dc10daa8030082edd13aaa299216e9247,0
f7de6b083df989b5ed25d475b193bd9d9b97dd8f,0
6f673a31b747a496ea99883af772b0fe571cd42a,0
966a15c82e7e65d4fa0d0de271230ff76b098ef2,0
c6fe5cbe26f8ac3f55ffe93e2d4c2fe73becaad7,0
ddb9e1f2cbf90d9868f0c7a04a9be8bcfd52a289,0
d98ae302552ad545569ad0bc9f32c06c2e723422,0
c49daff194a904893dbc244773075480cd2f0c6b,0
fee30b0afd7e79149685e0685189b30512a463d3,0
8530b79df30859d1daf6e63b20cfe3c2ec3732e2,0
b5aac3e1a5cfc04b058b3cca76388c87c6bd3d3c,0
5b65be122c8dd63b3689c8afc2d7464fef789eab,0
2ec75292e12ddce2d600a1520a2b2694d5166216,0
0e91da7aed848e5720ea418f5c5fee86d2c0c6ca,0
35fa0dff3e8660359832e72631ff3cf557b543a8,0
1cc5b6e77d86bb54131742fee175e7c700bbf2ca,0
a4b246e085c1d3ce5936806d8f85d2e826daca8a,0
e5ca262cea38b2f889eb003818cf9f97a6395ad6,0
3cb18ec82ef0b3640536137639763a682994a61e,0
3373d77db2376665a034e753e3646251b3d23aa4,0
3be2077ccf1da69614a7883ed352037e30f3366f,0
7b41144008427acceea596ac74f36e716ea2586e,0
1b584b493ffa6a1b42cbda3c7f683e073f1a3bdf,0
3792023843b95dabe60fb745287cae94c8a44be5,0
9c11d6527fdbb4ab971e4c215f69b6775130b4c1,0
b464e005aa8cdd2c5a190cb5345714e1c995083d,0
65872e80e6a5ae862b62e78efd80afde65d3cd3f,0
9117dc6d2f1f517e2d87c270018b3f455b70bc42,0
91b95d8285d938733541742e95619bec97252661,0
953b5a3cae00488b13d9dfe8d0c422736384f29f,0
749d03d44b7eac0f4a6ec6532f8b9a9ddadabc23,0
d7e2da1d2ac1acf67f5844c6bc20779925843bce,0
fa25424d8dc89977247bd8aaa993715429db744f,0
13732d9a0b8b8c37db101ce0177974e46bc998e4,0
2f0fdb4d75e1546f0657b77482ee24ab244d3fcd,0
d88d55f56c3698073988246ae997018c42f97018,0
75e3329d418b47743cc1abf3a986da155b22ee01,0
954b354b3e786a095648fe60feeea4ef42470a51,0
7ffbb8f563b412f8df80f8aed10b0ef6bca03472,0
71ff0ad28103565f5f81dec59aadece4ec310f79,0
9736106b69810b82e2537427e68535f5074768bb,0
3c89fd6b8eec82897051b7d48e751bce5c20e186,0
2267139e82b8889f011fe8ef876a1ca94fe18f81,0
1b44a40feaa9388fb42d928e698c9e7156de2045,0
e25db9af94e07b7314642333341842fac1b7f123,0
7aec2bb16b3369e077b0e5c92824c5cb547eacbe,0
a1bc084127db5c658d97332f5e61f50ac9f2d9a8,0
08e083ff1ad7b5a4b71f2a125cf58dd95364aea0,0
40e49508a076e2a7f6733b7694752e347751b3a8,0
58ba58c454fdace8c0e504affe9da7d252a99477,0
78495be4ce283705a8ea016e1f3b056af677caa5,0
0a70ec12517c484930f23bb4dbc7a2e678186856,0
1ac30b3d8181904e732ca520cc7052f6a9727b10,0
8cdffad8b4a98a5bff8e1d23cb6244580b8ba47d,0
841618aae0e1759fd3e331f76c0ba4b60245b65c,0
d4de715810f0e959feb2d1f5de1fa73d5af5f6f0,0
e389ada11ce11fe27547e566eb2d105979ef2d97,0
e246eb093894b53bfa3e00ad978d0dc0e3f44c2e,0
e3d14b1625a5eb33a5509b0b9f16ad9d6e509925,0
09c92ea78e21b0ed6603a3903b85085a8daf70ba,0
7706414b59bf335546e241d5c72015fd41e657d6,0
39a96aac674b555c84ed3e9dd1f3a7c1b7ff2f05,0
827e87c848dea005047295a4328fe0d2b8e3a629,0
83bee9ad8df12d48135a8f982fb609936af814cd,0
58b378523051a7478b9a1ac4605c79925b1181d4,0
cc0cea18db93c3bffa7a07f70c814d78ae4bdb3c,0
e7eb845b1e33b29acfd90648642bedd878ed761b,0
c16560e90350ee5dc4dd5f2421ad9016ad9a3114,0
51fbbf620d17658c24b2e54d3e73acb41b4076cb,0
b6febbbabf370bc70aa887a95dd3faa484e9c276,0
18e1cd2a062c5f8af275542aaf8ed16addb8936c,0
bfbacb968dd29d542ca3bed5c50377f0654167bc,0
60b3bce83492d2c2fb556f2af7731aa747cdbab6,0
22e691cd96f57ed4bd133503a081ac660bbd6dcf,0
928b10fb716268a88804f00ee4013aaed5a438b8,0
832a239897b74acc55e89e9869125a1cf0ec3908,0
6fb22f7b98378adead2abe4f48ab357c2345c648,0
22b0d7f6a64c6d27afab9b99bdc83df238e010f7,0
3e805eb82c61f7d7da8c6593e85e7359a92fdaa0,0
4f43c6786eed1e2283f11013ecee2cce2c4919d6,0
eda636b700e66b956770d24b293d2c2aa32e0a21,0
e17ad8b8996a1e093fe3f2badde30ad237e6b403,0
da726c313df617ddf74b951e07cad3004f053288,0
a47d953ef73467af8a6eed867070b45f942ea323,0
08d875e8ef7d9c58d20fa537462c3d4c181462a5,0
b1783682ca21390d999dbb19cf4f3e8c75a9ba6a,0
45aa0ea9a8ae418506e6c81968081f3bee968cbf,0
54634c5b6c4461b78fb2a07e8d7e21a20d38f81d,0
4e32746cf33e49fb90ac75b55babbc9c51021caf,0
d7c77e3e85e086a022bef0e1202d6e072588b7c2,0
ebe36e1c440704427f1fea113aa1787d1bdb478b,0
2972763966d8788f4ab0553ed10821987ef91bf7,0
062a3340e92ac8ddcf04745ccba8a6bebf252f3b,0
f2e1d3ab55bf3967d79a34fbddddd94c5270bd18,0
eb886d99bf50699c579a1c291101c13ad5c14591,0
17238caa78c64604aada443bd524f86458e54ff1,0
10f84367e029f5acc8e1c2ae71c3a0eabb319a80,0
39c1e38827a1cb77f5eefde9e4a5546f6e2113a0,0
1612e1143df758a0e98632bcc97373e82c339a11,0
ef02af5aff6c49a2f4d09c8c01f9fe900d85a6a9,0
fc3ed05e23a3ee3e48c2143a535963b58b6294ee,0
33b5327d2ba9cf569529ab18d6a8ab49077dfb35,0
7ca819c6c607148d7b148d4e3487c07367d986ad,0
932036bc664e816b337b7921f9fdfcd005b6fd48,0
63a712023811facf3e1032e573007913dcb067e1,0
e4813605e616cd4db69225c949dd03d4959a3958,0
76c240b21eb0a89463be3ac6391d13e02790bfca,0
f728d418188c479267c3f2a9dcf0bb5f0149e626,0
1dff4deba9253e79ed65b64e45f424f1abeb3816,0
41cffb58086d8facc3e4d93bd76030ce5fe0d555,0
7ba14621b00666f25af8c4a5a2cdf5b29eb7b686,0
fd93b2f95438eb21f0b90ed3d7db1eda9761c742,0
952e8c06609964194e008708b0e70eaba5e65423,0
b406d3cca5974e6101633690adeca384f6484c7c,0
4cfa6430eabef2aabee61ae39702015811d3701e,0
2553d2d4230b313fe6a76f484b6047fae62a0c3e,0
1c17f93de37f42f9c18a42373a7b362b07dfd0d2,0
02cb556fbfa916db2fc6e80dc396e6610395f76f,0
7e5ce554da69d4cccca46f8738b3756d926149c8,0
c44b7be36dbc4bf6dd1b25261f740debb7f5a105,0
1d33900554a0cc5ace2c5e4d862c154f9ecd01a2,0
8bb87895dee561d84abd6567bedb739b330fa738,0
6aa7edac3d71e1d1393431809af087cf73e8ca5b,0
403ee8b6d2b70d9f501695dca7c89c0540905eb6,0
38a30fb9bbebd6f5a4ab1f2d3ccfe6a23d6ba66b,0
e1db7d8f7c19181be89d4ea0ebf7a1663244e264,0
777c661df3dd2fe7fc45d1cdf191eddfad215c57,0
2fe0095a55daebf173a210b3b786ffadba63222c,0
1d83874c669ded08b854d78a57928844a8a46823,0
3892fd7b21a2b2bd7180d14b69f2541904c4f6a6,0
8bb1fdfc67adf79f9bb62633f4335c1f2989b41a,0
44794513af7792d65a4a44d887139a8f1a0fc0b9,0
ac1ca59667b945ec95b54e503c7b4415fd5e0276,0
d87ee13b608a9d8e0757e0d77472cab2e33076a0,0
34c32a3d45f13dd222d5a69c80084f859962d5f1,0
fc0d9b31d4f4a9e8f503b1559b7530e3aeb05490,0
45fa389ad53a091e5fdc5cf59dbea1089dd77f63,0
449263f8cf8d313dea7d86bf7e4e86351bf37236,0
ae5b0a469831892f6f5422e0c24a4d40fe7c4ba4,0
fe459f14076af45ae5c38e532bd247799c6908e1,0
cebed949edc4997878a8b40031ae460a7cdab26b,0
62970fad0a868f200473c6924f1510cdc16f91ac,0
41aa853c6266cf9837f9779ed32ea64e06557994,0
9c812d88b18f25e4289d605ef004af48935c2506,0
b610f894c57ffeb70fd1473b8ad40a2199c0546d,0
a41c349ee88ef16c8a1f88529f76a744f275bb65,0
94bc67faf2a1911da990aad609984f954fd480a3,0
230f4283b8ba758624747c1fffda9cb5c0efe82d,0
4d08af16df534d1ab22368deb169c777b7332622,0
421e5baff06edd58b16d1931fd53ef8a5bba6d3f,0
5e0ff1cd30d1e07716a0141a413e4fdf359b1911,0
d7c6e1fee3f8c35786f3c2b41177c75b9583d4e5,0
40d6aba0e381b96ccad06d3d1c3559ddec813aaf,0
e1cb451e7c24760037c7123e623482d3303aebfd,0
70ec7b02adddf2f0c240fcc120c9d41ef4d15954,0
ae8a029833bbba391c77685ff05b8babf1de7d84,0
24d0792e57b8122429883b94527d6a21c7dbb9ee,0
7bdf27c5cf4ab95681c4d9b29eecc19b60e77a8f,0
5c3597bf419a779ae030393914669549c204a8a7,0
66eda75a3b822089338b878209baa5cd7402f274,0
c70e5fff6b5ce94ca44b70687b425c855484c427,0
6626e2ca9205f0f1a7f93854b69bcc8f91ba9387,0
5b450efe8b33b86825f5848c971d6e5200c62fcb,0
b506e2e595d53f62e72a014d319a7d1fffcfe645,0
7ed1d8f7154e22663296a8285df004babbcdd222,0
f526ccc1329c9e60c781030508c63e57ba082fc0,0
6e53a79337836511a147a14fc20be50b5eba97b4,0
45d7f93426d441d31fa065476c01d9bdd2c7fa1e,0
5aa1ea9706f8f80dfe1e842f64d1a013da395c05,0
1a3aefaae3bbe762aef8d9aadc0d9da01b51f3dd,0
a184eb87523bec83b9021cec7a0ebcd9b42c81f3,0
98de101e85c4ad015f68d3c3a3fe4c9578aac6c3,0
16541628b6e17451c836e30ed511ff336dbaf8b0,0
86203a5c3a885e99f9923b1378714def4a2ca7f1,0
f7377b7656b63aea2ed9798f08d3fb094fc38789,0
8f0b37194f81125d23ed63cebf73bb06f9c1ded5,0
1013988430e85d4cc3fa9bde3ad8c0ca4ffa92e6,0
996cbe4d387b36bce46fb447f8d2409c997e0e11,0
7464b5bdc3305dc31833d0b250a9eeb2c425bde8,0
381df8b3cf31582b7ddbf01cca5083e444efc2c7,0
9a5c37c242c7d06b15768f224c6f3514bb638c89,0
fea7552444e5d32f4da2284542b96b63c541ab64,0
824af7f3ecb774e6e87d866945cffd76777e38dc,0
226e683804aed24da13e7a0bc2e5e9926e91a278,0
639ef771559721e47dc110cd36b6ee4163f6b6e0,0
020ffae2c65abcf33c4a9ca49eb5993583d06d0b,0
d67a3bdcc2b75acd7a487787c087a85d672451d9,0
083749945923b532776b3a2087ddc25d30280b29,0
25489c472f5cebdca4381c84cc31df75c5b2203d,0
009f6722ef18ad4c5540a83b0431ca0e03b67947,0
b80dd696eb01974ab33110942ffa75ca87dc199d,0
0b17ae68277f76cfa738d68f94e8fa40757d4cde,0
e479c320697c3da87eab1b614af05aec78ad4e2e,0
90a86751862aa2fef5ec561fca0d06267d3fb26e,0
5e013b44bf7a458f0cd81dbc875c5edf95c6609b,0
cf048deb5bc1cd2cf0649c2106cc8109ed0c4360,0
6bcb1ead7e623a51964791dd4ee9c37651ef8a22,0
80d08ea173ebd64cf10323252b78d9e55d8b5c52,0
2a12e555d3626de2f488bc32538742b2a17b71b8,0
f5056c26462d9621e7e02de0ef66bc61d6123a01,0
755696521a1114d198f2565a67ad3de68b913454,0
9ccde1786d9ddeafb1ed65196d5b03a848f65f60,0
d63d0c9aa624a68e865bee724b3eec83ee254c89,0
0204acb7976f500adf26d841e4c1912e679ed65f,0
ec428e266336f13e1e2998759fbaef565b6379d9,0
727ba9469d351af3963592780d82179318033e9b,0
1e2f0e0e725e9477a35f9fa99073c89ccec0d49d,0
b552303740da0b3d8f0007d5b3e36b4671c004d1,0
bb741d0208786d1ef81ee417599396ffbb931d4c,0
bfaf5d20c1ea902c6f305fdd20349ac9dca60489,0
91baa6f8ab46863693f130de2b8698bf8c68189b,0
6a4972883c235a829c81a618f33f8dfcf60dd468,0
de4990b75925466d44845c26f81ab71fb431044a,0
078c17d28569f0883f7e304755d0bc2e85e3ea0c,0
200dccdc54a18b01c18269d3e76a6078b615ae6a,0
f84d393474ae4bfb90a4093e6cb8719463b393c8,0
7cfdadf7a2c3e3553a0031b64b9550ff4d54e1a4,0
1213ed8a74f4e402a38578ee5eb883a50cda8500,0
ea3bde653610f7f556989576fb9c36d1bc84fad0,0
c94cda6e5e15914994e801e18e8f3c3849667063,0
a2c748f1210ec9f9f7f7abb6482837c12cfaa1cb,0
05d58f3588cb47972d7b0588e7d6af8a4c1c5473,0
526dce58400d35a90ea679f5fd43e99c81338b65,0
124cf3b2ddfbe4e02a01010ce23d0cef75ae15c2,0
a75791565ba72b9169c67abff532b922be22da81,0
62224d93b2cbf1e289a6fd4a1b10a9e46dc88020,0
73695ae79436d5abae18a5f5969cf4a9f0501bde,0
37bef9d123daf7daff1e9a3bfa3540340e1f6333,0
d794583e5ca0f61f533931cc77f10d0a90f241bd,0
385ee4624e85c562a8f904232b65acd976293804,0
57d34b2a6377875cf9c89587d1d728ac8af3162e,0
f6ef4bd8545e31a60fd2c5e8665f057ae1a72741,0
a5acdd0149e83d5f50e64f07482c1857460665c0,0
8f1ef2844ae1509bef846509ee18daae8287e3ec,0
82221137e5dcb5b3d0aa132c81756c605f4dd30f,0
ce88e2920431368df202aa95aa8a3e71892c189f,0
3f8b2831d4168c1d8809760040a5eb0be1b390c2,0
68e9e45cb6ed5b24f1497b5af1ffdade7ae63bca,0
5a5d26fbe2c1aebaca3c9fde49870b51041e2896,0
116194b41845590f0f8fb43e79a0ac80a3a7c889,0
685a575b3921b9e56c12843f82028773e359c091,0
484064c64e0d7283b1e6b95761087c645a00dc90,0
1519ec1d1f338bead3d87d3e5d54cc31045f6190,0
f0da647dd69093a8da0863df07726a8aeff36e31,0
a7ce9c04023eae10ee83cdb9e33ab103a3e04c3c,0
d46a7689898320d2ae95cf78dfaaf99957a181b4,0
254e50565542abb1c7420f330ff87d91aaafdcd5,0
73d1a433f22c18ce3efc095a3a43a4de2718bc71,0
51516204f3a22f53a35c9c1cf1a144fcf1a4ed59,0
fad031934be5163448a7c54bf593e1c0d1f6a718,0
8e38a67288cb691f9b7a063c4db9058a792c72b1,0
c30c31050b87ace4efaccddd6b8d9c4a96ad181d,0
8265ab8e3f2fa1bec674e0683f8cc78f3e4de09f,0
0caed26ac457050bb289026f3be0a7eb600adced,0
248178e93a03a29d4acc05b94bce54c1e35385fa,0
0368eaae64c902fcd630d2642114e5a17b994a4b,0
d0f5de7b4beca85a67b204aef98ab3e94fbf9310,0
dbec33d40deacf404573e86b60f24605942bc62c,0
86d1d1ace872fb4e8e3624c5301a6e89ff79a3eb,0
87bb61856d970ecc4972899d2da2ecae00723d85,0
6bdf9e3d8dac4d7355c723ebe9d6af703147ac7f,0
1812bddd7e389a36520a449a3f496ebbadd0b726,0
759b4a1e251c5bd87a4d41ec0b9259df4092c10d,0
b04dee85d6e04e63d308f027ae1fd5c7053fc4e4,0
aadb80fdc2fa65cdc9799696301ad915f8b19862,0
8f7d4d6bc5c1fbc2dd9a97a9e921919174d84c0e,0
5e1dc50e51b8f322a52c81b2d1fa8fe18ff76daa,0
c7efdef3a9a9d1764fd8a34dfa50248089346a1f,0
0f80ac307b11fe6fe4dcb1c3caf29b9ef026ee8c,0
02168efeda9f54cbf9da0ea8a240fe601bec6a04,0
3c9abdd45a9edf205ee234c1c868c35788c0d8f8,0
f7e0e34d5172986049f6ab63f1ee05760b11955d,0
3b96418daf91657a943fcd52ea4bd66efb399379,0
748f200d2ff8b6fce5f7f904c0d875338b26dfcb,0
78135a9b0da1652a9aa66ed592b939b831ff688e,0
d991aeb3e871491314e5362a13137090f787225c,0
bc66aa54809a5fedb161471f04ba067b355676ee,0
b135bf95c2cf5e797d42d060a9db49f0c991931d,0
fcc2b5d49e831d205352886abf253d357f5ffe59,0
f14a91eafa6c084d5e42f2be2e8c525b0c480eb7,0
ffa1a1ff6d53c6dd1b6d6afcc2ef72621fe36566,0
11e157655c27d660f3d7b95339d448f51ac1c004,0
f8061194765872ba4cddcb0531977fb8dd60500b,0
ec987df094003b10abe85316a409ed97434e1a18,0
0f4a12ebf66f4c0b9ebf961852775c1501644390,0
865b0a8dbd54234e5e64d0e8505bd4c5aac4a71c,0
616be482c1c396b98ea4675656f604e9416e5777,0
a3b7a788124c33a1dfcd057cab3b85e1f812aa93,0
ed51635b58158b46a04d3470bbb8fc1087dece5a,0
229fcc60a91bf71e366b0224e67c26aab1a972ee,0
611abde1d203fdca0fe5b1f7ea94d77e1aeb8623,0
fb40164d7d0bf137f44d375bdb69d06870439a6b,0
b675eb35a9979f9c28bb898e83cf4ca2def9d075,0
1b1bd08301b2b6a0f7c0d89e0594e840f9a3faa2,0
1d42cd7e2f0f35d91d698120eff3b9c8f30b0d7b,0
ff99cb70c08259239982996be6051ccef9897ed7,0
ee0a92077e8e6ef41028371a9b137a4fd0049ea5,0
7afa863b69fe224ea80fcf37039b8466b218ebaa,0
0aaefbce8f62913a3e58a4896ff507ea7471d249,0
abedfc1bf0ef54e9892ae778eb22ebc963b1816c,0
e60fb841a84614d2c2e977afbd23cb6a15225a80,0
c130e6b15f2d08343687984ccd252cdd9ce5ae6b,0
e66445baee9de61a0ceace6d00e7021fcdcc2dec,0
f4f49ba99f6dbecd4a783c23da78e0c59134b3b5,0
67c580a7c859c3d564d286dec33cba640d98ad90,0
e843ff441cd2e836c499b299024a6ca3c2a61a05,0
8bbc3661776639ed37ee4626ffbe8fd2d03dab2e,0
5e4c0235d8191eac47bef666dc587bccdc8c62b5,0
d1da0e7d6ae2c53d93841694d3d35b010cd01935,0
f29aee09074561daf1991d259298d1dfe5010df0,0
868510a001c442a6c5afac9ee6dbdf00e7927a38,0
44fad92874df19500054c3832e91ecc706d1a89d,0
c12b34073f9ab8086601f82ca0bbd6cfde1355c0,0
0a8ce936366749e9fb5c56e9bfeab4249e2dc3f8,0
642d17cdb0731d0537ae0723bfcb26b2283460ca,0
1dca8d3036abaea2366c16200edfacccc460594c,0
5b6f650946490158e6a0fd5e880860659c5199c3,0
676aa83dd768ee2fd8463a497e15b4f1e802c000,0
031d9be72072ee0509bac761c431d0a4ffc105ba,0
8d47a19a7a4fcc92bd034dfc5a0bfd4a9063ef4f,0
108a5b31ea8f918d5bc2e2668903ed7f7ab5e573,0
081b7ff749ffaee453d8b06dd5be10bc7f964af1,0
4be965c5fc232c4d8b3ec59bb5b901b815d96997,0
d25308484fd60b33954ed226e2e9556a0f9e1b26,0
e496d2f76295d715171344e22028babc51442859,0
8aff8efd04dd5d6fee1a9ef1f017d97f25074a4d,0
8c8b97ef0c0bb9131aeed42b4ee50e6b316df002,0
9154da3fe8ed6b0797716b03233e12614263122e,0
33a1949f1ca5065beb0f0e9ab99d3e9fa8d61689,0
7d6ed72ef3d357e176ad4159ca71e4b273176c3c,0
d024e94a46790990e0337706f3f4e6c4bd36f921,0
0a85ec87222d86d066be518bd072175a7f1e96ac,0
e674126da62018537c4fd7bfcdcc56557519844f,0
4dbeb92b3697be403e6fa768e8500dbe10a382d0,0
6a844c1e603bffca6ceccfe1b70edb634954de17,0
f45b49400c3daea77a7acc84707e409b67b2c708,0
7159eb8401ff361f31eb9a9d22c0fcbc890bf100,0
df92584f52d789b4cfb4f87904dd987e67c11fd6,0
77075827413bd21bc75fb3491ae85b3d7204b965,0
4c3806dff9b22b8eb69ccf2efadf290b70091bc6,0
1bd4981bc4355b72129855ca2d4ff825ae211cd9,0
3ad42e5b30eaceefac1bacd9a1e87cbd6f3d4a56,0
a1394e0926f2b665fff1775d37554ab3d61ef3a6,0
a2b287d8cfd57ac5d9e8a92fdec9439dc82110e5,0
32d29d0003decf712f25b32d543359e5eca1d7b7,0
bf791a8be29abdaa0ede923855a73e7f00eed296,0
acc227005b4baf1c49bbbc3daf78c4ad11447073,0
4fc48470c08d356a53ffe7bdf368594e8cac7912,0
eb98b48218bdc693232dcae1bcf77b6e3cdbb885,0
045f0ab2ffdc8199911aba5d4e381b439e35beaa,0
efedccf1dd3ae9e2dc14b960250b404068c156ce,0
9739f54ea8a4257cdf5f26fa54ab6be1e8aa6730,0
98fc77306b125be4479633a9e7af0b15e8520ade,0
f75e7c0fcff08ad963b320c7257f9d30800d62f8,0
9528cf11c0837acd0e29580558625d0be0a1a240,0
58f0e1fad3f5047e3c19a59e760a79d495a4ef25,0
36baea9ae32eee0fb9f377181e71701967d5d15e,0
50b4ff015abee78e09393c4e799f04403f99ec9c,0
74856e1acf8b199415418a372a0714348f2b0621,0
1c9695620975106ce80e1eff50a04531a3b8c366,0
d9c900fd598e32b077b253eb7e7722f120354a63,0
952b207cfed5db057574eb4e6338a51ae5990696,0
6ddfa796fb92255e21a95b771740add5b13697e8,0
38e0fd479c0447758d181a89be8dd3d543441d45,0
8270e4bb2acd94d139281e22e594af1f132cfc14,0
d89a141e5341b6dc1241786b70f605617025837f,0
5f32df9a9a4b68366139e34f339261a74e8fcd30,0
4782a2407ec394dc48e1957f833a625c1d738e72,0
71f4be37e875980168fb0b987e1fe03e1aa1bd3f,0
65f20f6d54a1b8dc59c46569f9228c2e4f674f2d,0
b267b481b637a7ff187d82aa0e2bcc7b9e948e5c,0
5f9d53660b29696c63210e9e68c00b3e9da26315,0
03f559283068225c6c79df6104e66edd261865cd,0
db58098349d8b2cd332a62af5a7dc8b6f36c54ea,0
fb7c502c2e0e3f6c91caea01999e4371b4e99b3e,0
9babcc37db2911069b040112363c4cd5ef6b94f8,0
1d55795f509a9f20849563ab9bef68dd30db93b7,0
eba2fb093bfae54921fe1751576e6f2916801218,0
52d930b3642536ab720f150f477edcd0b9779798,0
81d93ddf8d08d9fd92d90dc19d7ceab008aa050b,0
26d2132de322ad86546d0ade2eff645c61aa92d6,0
2ac0e5628ea1b682dec355d3bdd9dc981d1e7b1f,0
3cb068273bab8b260ac455b6223001cab8e2e927,0
ddc93605af61352929e2e802fa61e55c623e218b,0
daae4c1a59729e8cbeed1f4ebfc5bc020adee572,0
859bad3c68c19be5cf4d105d5c65b510fb007247,0
d2e16d1e6dfe3b9e505fc965b8c126787f537540,0
075bbb7bf103760afd87abc67f0446bee4bc615a,0
fea7ca6f0a2290e6a517146370553a94861a9ab4,0
268ad90fcddef21fbe5f5ac3fb605e0b886974ba,0
58769955cf32db3b588ee2155fe4dd0758b50224,0
15cc91c090b6175896949c9f3d104c897eea5408,0
f06494cec0a1cbcfa6d69368882d5bd10e5ffa34,0
780595c7dbcb85f0afa9dd9bd71f354134f23237,0
77c278687651a80dace5b5851c70341d7d860935,0
944081ee4e202c92800f12297e430002ca4d8ea6,0
65c424bbf70aa417080885c0d9cef0f0a2a833a2,0
c318858686fae66853dbc6952823495419a922d0,0
c82aa29fc558be935df640aa2d600b97d8b4b8d8,0
d8c1ab14970b0f4bae82f94927425c63d1ef32cd,0
11785fdf4add909d67c1c1a8fa55b2f2dc67df12,0
135272f513aebfba442647d3be215c73b7da5f3a,0
87393802cdbf7bee68db64610e373ee876c0d3e8,0
0b1ba284415b57fb90ced01b41d45acc6cd25e80,0
97f8ce64aa04baf5375a5fc1bb0ee95188ee5d70,0
257b1b5e114c57741f2f0bfe957aa3b5757294e0,0
0875c0427ac0df840530b1d86a62160d5b1ed27e,0
a93879ea12e3d7eee1a68dd556f9ae33d3463a9a,0
e0c54a74251d69caa366265ae0ff7237e5a32213,0
a45b091fb22d94346d5b654f4a47daeb7bc8e425,0
1a4e54ce63e73c92850fcd6fca69b7bd46fe7bf4,0
c1a0ef0abc14fceb0cbb9df7a8cc382ba5c198f3,0
def196b2572ab47f7c010838d40ce1b47c7d260c,0
27742fb041647c49349cf642085194fe86f2fc0a,0
7046ea5f9a411088f94ef593c92ea3386e4bb641,0
4b5ac366f0d7dc341bc244b9cc4dae0b4317b194,0
19f5d82b4635abdd24b7ed2bffd6e6a1a90d661d,0
2341e8766ea6cbdb7658184d0e336b93953c4eb4,0
e3742234d49680a8bb8dea4fd04751600268f85b,0
f80f96395e88099ba6651bc4ebf1e8ee579cf2a9,0
5d3cf2135ae91cab884d2c8e2cce8f96e49eb9a1,0
4d1e06a106af316e516713d1abfe017bd65c0edf,0
7d44bbdb53807604abb4a65027fe52534484c4ad,0
1302a406087a5ea45f5e754943e57fe52c5b2fee,0
5417b1e0051a1b8a013e88ee7e46d0bfc3281971,0
4d6e36ca895ea8a14e7e5616d03d30561c9ffa90,0
78b87684552fc314ff365305e2571d63643e21fe,0
2236967c02172ccbc4e78a2cf51023c44c1bbfc0,0
113b6b69e81d49242715ac344346e404eb348b73,0
9fd704244878e56d37b236bf3a561f6510518f59,0
0d7a6a43bba0eff57a94d8b74b024c4947709479,0
451761d8579c34a9f703330a0555869f263f1429,0
fe8c9fbcefe95b5437bd018304a7caf3c463b480,0
98b8a49c7676f338caa415d9269c3a18d6f41546,0
e22db20777ce369e0fbf528131a871f768dac4dc,0
b38f7c7549c5504d75c0e0d0f97017a71bf42031,0
eb00d35e46c80e81c1792ea3b14387c710a981cf,0
aeaa37e9753ce9920c91d22493e074781ef69ff3,0
ec9aac5c73cf7f01e09208f17c7769a084e5083c,0
f1f5a35829b2b13382403b5da20815de3c0dd585,0
b0545eca1b6dd26cb05558ab93af94af6861205c,0
0c313573e3f6d5936d580d28a7bd3eb98a18572d,0
5503d492bff45c77ce649d23e041f0bd274905cd,0
447c7ef8ec31a0c0011db7a6463e035a5efaede4,0
5f88984f6dee636d82e2200cbfbe4e3b5432395a,0
a3dfd86d7bd2115ccd2d57eb297efa3855e432f8,0
5a6b308a721542c2be13605849068a550dae91f0,0
75a23e47d3170aa69b091887de8353ba9fffe473,0
ce3bd3ad767769da48230e683ff1a0f337a60b31,0
279012a20277adf4a9597aa7c3b43e80fb1d02d2,0
004ec62f8bff6b3085e3cffc9add4298c4939a1b,0
f5a4923ceaf6be801e8c29849fe664b8b5bd518f,0
0b45a6fdd3b55a83cb8a1c257451bd2d8cd4d9dd,0
a58d8310eea0ebf98e1241c97162d729b1d0a290,0
9b68c8d107e8368ccdb1437a5fbee18a5f000dea,0
7bd8e30de19ceafb2860be32846bcca2c6d9aca9,0
bfb74d2088f547be7e8e1662623fb65e1cac0030,0
e53ed337c299abb22f1ee4bfb89b18690f5ff371,0
61f98baf33df6102080f48deb5ea07732fa95807,0
6372fc295346ad44355ed8115af81b1733ba3f3d,0
445197682414bb19cbca36a8eb47ea2bd64a74e1,0
9a89ef36936651fbf155dc7167fe587f29242a2f,0
98881f772fe7f32abe3f14106400a6e35e92e741,0
7a6c5e0ab868a32dad849c41bf1926ea85c91263,0
acb9248d0a0725339e1e5908f0610c8e1741721a,0
e9db578381bff53a17ed02e99404d6421d55fa64,0
7d713303155b77b0a028dc4f33733e3d9b74966b,0
377b35a143e39b4f56f5064e0daf5cd74e384e1c,0
c2df4835565680c177fe7b2fedb9e9da23a3d22e,0
bf8aa27d9ba4ce7da013fbda0b3c73a735467280,0
37958c80149e73466c7cda78b27096950a43dbc1,0
b25817ddc35d8d136afea06a14c90c53ecff5132,0
3e686bc4cf919d4d7fb3d3ce1475d47191a2a44c,0
03a7d77ce3190abb1f2b000b6e72456cc0c2ea12,0
2e2412fcf7d5c6b07224c6b0d489fdd6114acd2c,0
f80fd67a9349fa91f20a7e9db04bac332e76ef81,0
0bef30bffc52572a83c90cb92d3f6312491695e4,0
6fe61dce8e98a9bca97dccd6cf03ec6381b8b7e9,0
b5d25412c2412ef87b5774b1bf9d29ac725cc6da,0
b33caac927eae58d23d4c11a3f43bbbe1379b492,0
8c281a5428a6cd6527981be75592367fcb2d5548,0
50fdcea67de6502f387c123a0b45044c8030ff1f,0
e9cbd610b91f89d3fc7f0d06bf1abe5f3039a186,0
094e52f1fafd72177f5ea3d8760ed5a1108787c6,0
4cf9ce4ec5f834fbe41ae829bab3af1fac31589f,0
2b9c378875be8997f88c5d65342acde931d561d8,0
0754b278997837457f7db0cc9acf0dd4a1369036,0
3a62c6dcfaf61f73e7723016173b3a7f43fb7544,0
e9257ccf1348af7377658e3d362b85712e4e1aa9,0
e8afec04c1eaa47db9ddad10accae76a2b74fb16,0
15b87319a897fc6125b62b54541fe637a16637fe,0
716997879d5dd109d505aa0d1543f163e75f3b0a,0
b843518a568922d7460a8263549d65d80c090f67,0
050cd42a2ebc2026b1dc38cae58738478c9aee18,0
4b4190733c0fa8aeef0a1bd3a8ab386142e89b1f,0
eecc85020b066da9f9a55b54c53036a7543cc62d,0
897eb9f44800410e49acc9bcff680e654839563b,0
01ef84b11c320a79353e412b9d8f965b0372b8ca,0
d678126426620f1f10ab65fd3c5fd3448639a641,0
b7c5fe5768645433c6297bd6d877f4ddae5ff12b,0
52dc4ada8618c2b220593275d297d10644678874,0
f661e277dcffd9358102c0ba85d7fc318780ad68,0
901ab53a28c76234019881ab8e67eb3a0fad02ec,0
c996ce226e18c4a373e3dc4f5aa4ed970f95b60a,0
1d8f8e93d103a48fbdb29196646fb70254120eca,0
55526c04f9c523b16ae888932e1244b9c110a3dc,0
f621a0a769fe05eabac0c2c6e0cd71e8d8cab24d,0
d892a7efcc0d9c46379b4c9d8c5b3012fa266c22,0
4844cc3e88e00e5514a8578e7df18758051202d4,0
02cf0297c5a9d15585d362fef7d4a3b0fcf621b3,0
a5c6026b7327d8ba762108b6b0d8b91c07c4d236,0
8fb94940a1bd6a9ef71ccec708bc192f8a25a536,0
cce4b39c2b750dc7c1f35ee9835a47227f53413b,0
2e3bc11f2015474ad2970869c0d2f3576885a2c4,0
6ef1eddb898d74b35e81f8808039af9458a92de2,0
2a06044263906a32ce73ab79c2be19a70aefe8c5,0
38c11878828431c99b571f9d96a77fe757689fe6,0
e6f0f86fbac1cd1ee8a149b889e1f80e32542d1d,0
771c509885f8256f15e0c791412abd923ab4820b,0
071cd6bc6a92f3a6f79e4b6b9d9acaf582471812,0
b68f00c5c59e991a4a9b7b59a5497702fe81f642,0
1f436cc58443068f824912692fc7404a4bc78d6c,0
6ad6960046ed7bcf7785ba071b31a9ed02392635,0
0f77860f3b9b241916450520a49f905f726559ac,0
746f60a2ab06590be4a02599eb1ae28add51c773,0
48ae45dbf4d6c6be1bbf73bc2ab55384009bfd1f,0
bf7a09216129f505acd929668fefa7ae169df95f,0
13a140e52037f8ffa79f6659222a64d578ea21c8,0
a1070ee2f029e5831bd4aa6e608d5f55886168a9,0
c36d9efbde7cf9b2a5d843e1d4acb6e95a3fc0bc,0
85f21c4a862d9cfba04c2cdd70715a2585ff605f,0
8d3579322e8b89cb5b32494dbbf3c8dc8d13a6ef,0
66f1534c7e41a7ea7bbf957afdac77f95015101f,0
a65a5537ea3b04ad618a86c2d85b5362408c247f,0
8db8b80257f0f2dc5928d2ef187ed1dbceafdcd6,0
875eace859536d569d2c382738e762592569d2af,0
7e91efc9ab1967af035821eefb842dbad092b343,0
779d77c82841f35117ec990c49d75dbf58fc9538,0
851aa7a13b42dc8e99a565c46ef7cea087214dbe,0
4446e3ce6e80f65026a6a0d31a3a458084bebce3,0
16f49f8bbfedbebc1f912fd11982bb0b238214e7,0
aa4d719d250e94ea0a9dcb208d900c0fa8fba354,0
b3292640e137639f615dd2f9d9b46bb554972da9,0
faab3206f7371e80b2ad9a5b0595d7192391a6bd,0
f9d5748cc67e01ec816f6f4037d048a9ca9455aa,0
c7ea804d06525c5c9b18fc109a8b4b07e508e9ff,0
29eb321c624bd2c9dba8fb401df517fd73368d3c,0
700ec530d9ad0f9e7ee111deb492d44956203a91,0
7e5336cbc7cedcf36c33558944948d62e262b715,0
e6db67137257ce3a05bd3301f0aae53c004c22d6,0
42348a5f1808a02367fa96c99cb947e30eec2520,0
a75f769cb0e489bffbd8bd40dbaaf6e7bbce9cbd,0
a69eabaaecc053ff305f648195fe99e6563c221a,0
d713d6854463ab34d3918329186a46cb52e4f031,0
0c9736885c407b12ed981ff0dffaa97609592907,0
fd66aecae84360f79f58fabd74e0c5d3a2fa2640,0
c3914c1db88839857d7f44e4f9e7bfa380bc6948,0
017fa03757a7682d9872389c33e3c187364ddbb5,0
4ad26f82b0c0d3ff3140c59043d1a43f496ac175,0
cd037c1a6141bf9d335abcfd30655442c55cee2e,0
944d686a6b3e9a717a613a703a53ebfbb31d0c5c,0
8a863b3120033d34704c577a99a075d0b16cbd50,0
867ab3941c348426b68a14a8bb46f247a0f14adb,0
5f61850f28a994f37816bdebd0a6e3456ba95e9b,0
2c6ff697948dab6eff737362e784cf6888d38dcf,0
6eb8bd25ea71d0a72189188eb7d996d3227fb963,0
bf93a72d3981f97a3530c8dc7a729d5e7d78c9f4,0
973bdbffc81bfdb4e11f72aa9244b49118f7f387,0
1385a44369b8ffa421f351c70839ad94f9118a8d,0
d0e349345cc0e4951e9f18b9e87289d04329a976,0
a32162f4d46b9671c52559cdf9e1b9af777f91a4,0
eff4d720020e98a3e00aa70f6accc91d0f1d55c5,0
a294d4aba481695c9ad97a40d4718142d03e86df,0
fefe27554bed8ddf4317560b8cad3f85b1aa7093,0
94b4d0739c3552a55366e60ea9c968eb70d8428f,0
83d2af668e95c7614537988e96e90ad86a6661ee,0
a00697abcfe1e8e969b741626c8c27224baacf18,0
5ca170d2c5092d1aead9399ecd9fee0af441b64a,0
1e22ed96a7df8d3ee8c7c5fcb6cb79167b9aaeba,0
b87c12a2d4d10c76ae2493dba85eea95130f4ce6,0
6d42bc183892ac855534e604e2ac8cc35c5ac4df,0
89d09abdfef48052ccd2730ceaf92a10f5de995f,0
4cbb602b9134ce9e46c0d2a67717741135f96396,0
e83c7a6eb231ea636bb69ac2616a2a57f461ba15,0
14c188fcd02324d0d14544abe52fd399e44a540e,0
65451a3c8c548b53370167212aeb80b80bde32f1,0
5cc7b8b22123a46a19b362fb2ce41733661b8084,0
31aaa454a382dc72e5c4007f7c22b0a2dcf562a9,0
f5420b2ea256f3ee834e2ef94673e46d72cd77ce,0
9e11c5d24e52b14e202eccc69e9657389b6748ea,0
8c055b75d6bf169dd1c23c08f59b0adf7decfeed,0
c6557d391ab75e339c3fc11e0a90fff5007be9a3,0
9246a5b76b9e21a6650f9a97cb4cc6f4232e9b14,0
15e3f6ef39157a4cd1bd04630f07c1998d860465,0
98d6395b60d7431e496245fb718ec5ea8634cf39,0
3f9b234ace677156f13eca0b262c1d5a8caf7a4b,0
3f1797e90d6f88baeb401b07166ead86e491351c,0
94d46269db004f17afe8c7a454dbf4aca61ebb76,0
bece897cb99227e848bfd6ae7fbc54d638756424,0
3ba06b52b3dd4ebeb475b859741722d505dceed0,0
68a729ed099213932b46cac89f81838d3a33316b,0
856d35b64c1afa8a61d3736671dbc1d234689b19,0
0f6be2e7666f705bac0a99c2461926faeb53d1a4,0
d1c8fb9e2691651ae4bf876f63ad0ee732cff618,0
46bbc21239a3006382a7456d3566f9cea56c534a,0
1d5ba6d189087b7de1aaa4712923632c9abc70cd,0
5b7e8d09c9a0e4b61ad3e9271c16a5f077060b41,0
243cb708efb886d20b11ad63727152adc12ac743,0
6f428b08be7b486fe95d26abe945c0b6918d11a6,0
077a9d2836d9478050f28dd21094dd0f696bf7b6,0
16538651f480c94296e44568524f1b5cb291aa74,0
1c4d9e0a5684f7eb6a55773499846d91fdc13055,0
870a001ae155176f0da1b14ff2fba2e5d8834c78,0
a46970aefa7fa71e3aab8ce56e357a168b432b29,0
5dfc84ae221ce0c3d2bfadc2ae80c749b91f1334,0
cfd91ebffd48883d3b2d01eb653e234a6cbed619,0
9c0964cea8b4bff9778727f18dc8c4575eda54b3,0
f12f0bcc32cf85a7f8f54101aaec40a3750a37ce,0
0a931085018f2483de4ec15e4d8376e889d4d204,0
59922ae2f36111376bc0526498c49cbe9c976be2,0
b03c03bae1e6749a7de4974bb951921d88472b49,0
3721ed3c20c185bad266f6e333d1b20df8ac0743,0
7ba1d7062f62c0845df6aa9df99c39c025b99b0c,0
8d874f8fed1175042c4e580d590fcaa5945ded9a,0
c59a220ca1a5c3fc663d56bf4c83fa2b226ff0a4,0
dfb8835ec148dae1c5eb6d4c76c1df919750bfcf,0
14a99fd62f85c9228f91796670597f452f7ef5a9,0
5d089fc2cb250b489ed0846b8e71c0b02e5f01c2,0
1f786c935a90a5d4009616ad3793fb292d75f0a7,0
26b5706d430f74f1c1017af28e54374ccc8007cf,0
3bd7fc4208368b11728990218effda788c97c647,0
38126c6a44aba940fca83d1aae5f157234590d7e,0
00c53cab8226abf855ceb243e115ba5845c0c824,0
f330dcc440752e4d8830935f79de486c807da094,0
6fc91a8da91e1425abc946c4a7284d0c9b4cd651,0
6f26c9246f23c9519a0b351cf62d312f0164bcfd,0
331d67fc2e75d22292e378738209f27817bb7b73,0
a5930df7b32d8943e2ab9623f946e43d148d1daf,0
34adcb65baf8019427d59ac97c31233ea5aaf259,0
80741880341b9d8d87e1546b880aa3fbe22ae367,0
9bcc1c0e543753642b562ac72d9968b2f3d7189a,0
210cebb300c0b2a6e92e69be612e4fa7fa70dc65,0
ebed037f828f5a5aaea9a35d7dcc14c36fa9fbdf,0
0d446df36d1ff846ee2a38aefb8670e63ab0697b,0
6c19b59a991738bc3506adafe66d31e9c08f43ae,0
ac903261e4aa223cf3f9527be3c174ba3c2edbab,0
75e78b978c058f20139cf8567fb1359fbafcb6e2,0
7b3574d9c54a1dde3d150f28707f6a08d6560fc5,0
b2ba6d48962f1d5ab1790183227b892c5e4f3e1c,0
3eb4f50e8e7920b0c9042be91733da1c4dbc28e8,0
8edcbb0b2b59ed04562a2135012d3237b16bd644,0
7ec047bbcb7557961cb62f4492122ae13812bfb6,0
2a8f8761c7ad0dd486c6072c7b078fc8ef1dd365,0
b40868d92ae46c59c44f0a24fd1044a1beb79daa,0
bf7afc5b92fa2918a18f15684bc03ea615bc2235,0
b5ce5b27da5a07b512bdaf8eed34d21872f79a97,0
3e237b48c9abf97a78b291073e7f30a40f79b99d,0
c5e846db14ae951f17adffe2e48495d4ad41a74e,0
33dd9efd2d6cfb50c9296eaec209f3c6e63ba973,0
4b79451986dfa64cbf18ca7e4292e490e691ada8,0
c5702f5d9577a95c27e201adf4ef92ed6dae8767,0
f337bb84f88da94f7d94e94eb07d5dfd8d368f6a,0
4e90aa3bd3dcbd87a5762821d87e4bfb20e598d7,0
651169c2e5924ed5b8c16efc040f873cdef6b18b,0
66d32cde16916f1fabc75882fca06d3fd23481da,0
c76055570e0203e04efa2811dbc1d9a02158465b,0
f87b16aec9247b31d6e5a9102064952b35722f57,0
e5adcf4d28ff1faa3de5152e348b0b074abe326d,0
856f5760494842bff1c111f1c0da1ffb63c0b71a,0
46d78c3d7ff7965e66f41a2e5e7d0b3c6fb12674,0
2ee44b0bb4cf61af4bcaf9e1f083f1c8fff0d940,0
88e104663a7ac0aaaff4b311559b88ab72f89230,0
f7ce8701368fa762606a7a1c6b765c393d892af2,0
99e0c5c7b056a6d8b7a8c377489b301c8418979c,0
dac35fbf4ed72473b17b89e9a7a76916fd0e315c,0
6ed12e4cc33a99900a60f5690ab90af0afcbc6f5,0
04743c4af48446de8d36988842d6adda9a668f36,0
35a4fe89b288fd2b86af25677d9b0e298f7f5ff1,0
236f3378e4750494eb0720fd9a971110d1a04d6b,0
8a19172238889403e39fab901cf3dd640c44d25b,0
c7b1174df17fd123a27b59a341d8d91d042d4c12,0
0774a034daefaa3675e71177ab72690bccc21532,0
fb2a2775bb1dd81037633ce6cf5b4b865c63c643,0
194afd410653759d4fc1ed6f4257bd2208c840a8,0
9db997794f2ea261b079899cc556ee3bb11f608b,0
767bc5f587504a6630649517849a9c8adc059f37,0
9f483da459fc98920769b81f786b22026c84f32a,0
49fe8276d335d98cab45df78b179ddaf5e4797ce,0
1b93c2b8cd76f9b4c52d3d4ef1d395c9e6eb353d,0
ab5c23a080675a8da154a318f76435dbd8fa00cd,0
a06abc1d5f42137094f61e5733147d4edfe86188,0
653787a0dbc398e8745ca2c512c90635baf732f8,0
96faf7a907795679554cbd93ab2512ae8d2bdcf4,0
049c908f892e3933d70283d6e2ad7732b08d1763,0
5fa5a9b49e5484bd1f0f7adc7422bbd6f0af24f5,0
48d6ae25952f08ebaea5f86f57744ce3d3cd4e65,0
939ce34ceca0d1ac05cb501383e6989f68c784fe,0
d91e07127bdad0d1a17cb59ab08ecc942601dc35,0
bc0d59a0504facc4860104ca71c0127c15b0c31b,0
7921d0ebc6776120f99c1f214ff1146598f5c336,0
f29f262bfeec149cc4b75d8480fdcff086ef1d97,0
24f7dcb781c2454fb10d363f9d0c84c9feb1404d,0
6b6162bf7424afab9c9da84dd731bab5e26bdf78,0
d0759f7c1bc75557a841744103d0a9c0a686b10c,0
f50c944048d3a811b3a30f21ab19a5865c9cf198,0
4a1206a50e23f32c37083e82a8955673eb48390f,0
5acb011ad825621114bfbcc5b0c7c018b55d375c,0
f4186ef949ea6656c5ac940b798171e5f58df82f,0
b4d603966cf8e1a6e8904a04c7a4131964a0d051,0
1c736d6640dfcd07d8e4f49e69eec417eb47fba5,0
e821e4ac493da4ffb45a70665afba439c06f04af,0
a68e961cb02ff6e690ac6e1b2fbe23e3618622b3,0
bfb2c31d72889f24d93a602b2127de2ceee80efe,0
77e474b382e2ade0f8b5cf889f0e603f00840aa0,0
f7511bf0457ec2d0629e5301d2b972d340bd18ac,0
447c9e280ab6499886c74600914f5ace9e54667a,0
c4a8abbc508e137e9276084da4a5c1b9a76b613b,0
543b791746f6bb806a0d529dca0805d403b55ca2,0
1e37863d777fc5fb1df23ab51567940b826c1950,0
5aa78ae98d3aeb387249a29ee1760c9ddb20fbc0,0
32031703b0135d79d74abfe22a5ce21ecb537997,0
da7aaa5f3e56dbeb98894b30af4cec534b661975,0
4e85749f956b42defb9737b533c49a52b4e6926d,0
2ae653682d939e19fb8b21e5311b2c9563972938,0
436ca0bcb922222bbb8fd1a22388ef418e7de58a,0
75b53daab18372c0ffa4dd694d95fe3939fc6ca4,0
12f246414735266fd0779fa31497e812ea25132d,0
422affeb17339e08eb896a2cd0a36c89d2895a65,0
228685b88525cad367cef207bb8a860a8ff74a74,0
8149de0468689bd3449f49fd552a10d4d2b6cad3,0
e54376478d8505e48c8484bbf1a8b2de8a569108,0
1c38b67d0ec8a635111f68622902fad656e39a5a,0
06bcca73ff55a4b3f62319701cc2933dbde3a40a,0
5421464e7cf03620e61935ffac67ab4ae6140e59,0
43c84b7dd6c4bd79a96e2cb19085f7a4164ec615,0
0baa35693c4fcc5a34f386313df0f97c32d99e97,0
59e1206dd00c7be73c86e0ed0bea377bfa3f410a,0
2e7764c54e9c41da547f7e84272cfcfe3a4150d0,0
628a336a4788b4c8e11f5bc3e37eb67772b1cb1b,0
c5eaef063c76e61bf9f01ebed2ea10c6fa55f1e5,0
30527ab89918e14b4ed084db03a861ebcfe395ab,0
6b3a6f5fdb47e343bb64ae2a11938be0ff7e7a77,0
93097d065e704c17d9434bf4506da0ee7516b484,0
77cb3c2d613c633dbfb13cdcc6bcd01995cd3153,0
833e6704fc6de9c76e6cba4bbdbf26d0da89615b,0
99bb71a62d083f924eca431fd7577041517f31ef,0
7e12be77bbb36bfe3eb5a67000d222bc351ef015,0
403986c7428a3a62ed78fc1833b7a72940a36c92,0
1a6bc1d7ca1b5eab0048044e635bb5a59b9fdd5c,0
d70d0108eb8bbb7924da49fb414591d1afd47a08,0
1be3defecebf8d634d5fa20de5f632baa2925ba7,0
3dbd77d782a4fd1d722195e7feb62c30bd965c02,0
e8cd232cdf371ff54892129e83e5bd83f412c0f8,0
88545c0b59395a1381d6d2bb54cdb01c9dc7943c,0
89bfae7136d380c22976f49196e95261dc9586e3,0
bbb0a2c7a53ec323edee0d6374cb5b89e8322844,0
58c36f92826c4a094fdd09348cf9075e721d2dc0,0
743028e3b536bf619940ff41f2c1658c7775c457,0
39d751ccab0171db8f3274141cfb3eb425491613,0
0253a27b26a0c68d9723be85c8d5f35487a8b83d,0
13d1d3657a2e9ae4d159737f7d63555aba1902f1,0
26b18bba48c0135694b8b7f19e3cc3660625556b,0
2208f032a14dcbbf8f5fd9cd8495b282aaeb5b9f,0
3fe5556835b7d4a8713885125c8c0dd78d56ffb9,0
058eefb178373ad0c23367604f4a421ea8f58d20,0
af3266c4ddea8a3077da3502d4d2776ac7e1c9a9,0
5689c0d671d0d30fef71e851848ad041a90aa015,0
26736b703b2c121c0c33ec5128fd8a5053183084,0
b635d604fdd20b52dcb6774dcd614addce0e34f4,0
8221fcd060cdf60b5446b5b28f8668435ba4447b,0
159e9d435c486966bdce59117540172013799af2,0
312f9a5d9ecd74d9b474e63c29d72f2e4ce2c684,0
1264b75a7f9033106359c0359a218715ae079cba,0
1a1afe199a6fa954114809d3f90aca64048dd9d4,0
7202825e9ef725e6727ad04249bf73337bf4d1e1,0
5fd1690b1abd6b27369a434c8ed5de8d4e97dd68,0
14c922da8d51457a75cf0845ffc62bab744438e8,0
c00c86feecc6dd3485660bbbf83b02ca70800f85,0
9f8573c401d03666de7d470b6049a1123b3e5d4b,0
240dd5bde279e75924d512bf4ec6a81ac24c8464,0
cc3f9a6e4f2ee040d1fb7205cf71427897b8ba0a,0
e97cd0ff6090d5ac6103b1433fc723e968ff193f,0
b4c6685e44f2bcae21850e63ff0156b93986619f,0
90c8c4141ad0d219f39f1a81d2b4e5d282d3f1ae,0
db917409069da006e29f769312ebc38a18cbffb0,0
278acacb5f6fe61979381db453afab7e68574c3a,0
86fd3681fada3fee32fecc233813a46ff4c87730,0
5f17d6dc92278626ac92360b431678d2b9e462d3,0
2eb9f5357eb45f2b5cc8e2ef423b17e59197f103,0
3c6b4e489db49a51ee8117fecc3e748c62a79582,0
eba35a9385db8b278924c5cc747c989d31e27181,0
5d7017fdcb464f4b29696a4e79e85b841c560783,0
6cad40a0e29a9578c549ac30b4dd9968ca285edc,0
1d9d79f79a2f495ac3a10798cdbb54eeaac78291,0
0db632ca4c09971182fe39cb5d07b77b0d611ab2,0
d8d184c484ae069431cffb737231abb63ddebdcf,0
ae1444b263a6915d49bc91e22d6e3866876a5e2e,0
f24aa2f3f6b1ccd154891c855f60abdb86668110,0
8ab723865b3c7bf79726c5d0afd7e95b6358dd3b,0
2f617700c637cebe457a08ff6fca259919bb6435,0
fea82bc3633ce447342be2f4872862165a9e5095,0
1382bf8f21eeb23b390fd3bc74f4dc8dda505d46,0
d9f2aa0b7eec76bde6feffeb31d74e2f40361fc3,0
0505563df6664a8c5b5fad6897cd373aba809c64,0
068a65a4f2bacd85d3519b2f2e1d59b282ccb0a2,0
0f0c8022ef52d1ea64b1081f681e477b93fa2c38,0
50d035d4d23aa63678a68672a0e518540e9fd4cd,0
9af395a3778bdfbd63ab7f7d8c52db09b38e13b1,0
e7f64c98a633be708fed4efcd3f91f3aa81bd2a3,0
59a3d8bc2c7e6b7c09a6781e0746b51a5c362d04,0
7a1e6f10c51c7f93127eb552934e237605cadd4d,0
b5038eff135dff54e2ee2d09b94ec7d8937cb09b,0
7c44633996713e40ff054b03a976ade5aeec900d,0
0a8b63f1daacd58dc7a6c11f3bbd3ed3f652c572,0
a174e976ccec156545506557e0d6739f0705e9f8,0
639e073ac3f012c66206e4f75617064ef72aaee3,0
52c5c678b5c425a2c791e092f97372a3c786cc6e,0
d94e14115c57435afe0e77aa8d5fb807ac461d46,0
5f22becd00743b809b81bfff21ec25ed39f2a7e6,0
775b04b49400f36f03b68b8e8d50273390a35bc7,0
9b61de4e560dc69c11a22fe79058c370b8a1be78,0
450b8cb65aef832aba76b9124f2be1629f44a83c,0
46c51e0ea8d296da79075acb7df45924e70f7a82,0
671013f97ab535fe3456f46be1dd39c7933ccae6,0
2705577353bbf5eb49093eed2842364718c666a0,0
73bb5ba68b31444a560e2b5844a1f97ad650e037,0
f38a400c95151e6657a4d562d28216095cd666cd,0
4f46774a7b09fb831aa4085fc5c2e61540cf0de1,0
c16ca6b03f3e66900a6a9e82d171b6289deaf019,0
0614ce2111f3f64b3090e9b7d3d0572276959782,0
46d1078cc6cba13b796505c07e37f203c9b67c12,0
09a1cf2f13fedeb545af65d68e2c5bd7a8badbff,0
65b19300d989acf315058bb00230f08ec38f5113,0
561b0f39f58a3994885e58c358b05370969a6c4e,0
043f1e0b819dd6afeaeb3eaaaaa09a3bbd481106,0
a61ee76562614ef62428d9cc9de4662f4c371895,0
98e4c676db14143337b3ee186bfb2e327651781d,0
001150a1542e2de4c77709b9242d6d8b7def8cea,0
ceb6ee459ea6d360f0b173a3afb2843335e0e599,0
9072ef90f81dd783b40760959eab6ff3e6a0d526,0
4bbc6ba64fb01d8e6501820a45622027a65d61a6,0
7eb4036e63caa5132a2a87f1664c48c1c41b133c,0
b8acc8b54b96fd843b4a5d213b503ecd00735093,0
3880fee76c937d75c8a752ed6b212e33fe07a59d,0
f3cc1baacbb8dbc3363863cd6f5757f8b8365d55,0
84a96495af7ca72611236755a80671d6817c582c,0
ebd832459b9b50e42b72015f2fefb290f236051f,0
ca3a6ded81dd7b4e5acf347b8111c4300c6a8d29,0
50ce52b6ed1455d18c1c3db4de1286e17168a576,0
ff5bc6bc9bd0fc28138f69d4cd40dac2b7a9275d,0
33d70bab58beb5583d0692cbd1be0018b8abeff9,0
6096897a1c6f4dabe434beec2ea10a68d05da66f,0
5e92a099c569e4e262db9a1823bdaf2c22e606e7,0
28f2886ad6cfa79a9816d3a2fc51656262788892,0
aaa20391ce692b45b020ec58033d9cf96a31bddc,0
f20c95fbee5b821105ef7353fae8db7ef9834800,0
2cc03d0946da9b224e7c2a1b696816b1c35fff3b,0
5403a868cab27c6844e33ff58daa8859f7f53ad4,0
5aa5b0f9688b8823482884f01fe24b2c254ff0ce,0
4fd0ae1b6d1571e9eb21142c873aacc186541287,0
daaa5ac312dff42d0432372b431acf81efba5e18,0
e70b73117ddec1c78ca9641e0396002b17900031,0
08218d1c2c612f0975638e91e7a167ffbc8cc242,0
6609491ea0cb2923dcb5427f8e04d1c5d7b0b989,0
91cc96e0d1713bbd06d9d4cdaa582a72d74c1e10,0
8def296bdb74a7e243081ecb3bbc07745d4e94b3,0
b851f8864232bdd0ecf2246746085e6a2b6dace3,0
c974c0a2838c7398fd49f7638354d8ef1b0e4bed,0
140eaecb1766c445fdfe124fbb344d6e29e407a6,0
5c268a2955f76bfd9b4d340d2a4fca7787bce779,0
3b23d97d94dcc8abdb1c505ab7690bc7db3b316c,0
7b11621b5b6e5964daa8e3a87b3dc7bb14227e96,0
f91ba4497382935ee47c53278061c01aac9cf391,0
d5cb51afe6f63b11c8f7cc1a05ad74fd658cb99f,0
b35f5b5ee7471d1594d618020a6b2c9ef8084b79,0
5677ab97765477eb54ed71ac7c6e433a71cf0695,0
d778106e7e56c68a0ef9ea8572ca93f9de9cdf86,0
15831602aba82fd775aa95f397bd4da9411226cf,0
b89e8a4919dea6e2554b0332078312420b19b2d1,0
4b6de2f894108d935a8353d53cb7fc7eee7c3454,0
deb24bf22b1f75e4dc1bc981f2bcd37f5c407ceb,0
59543cbb3f94f60d3a904e3863d807328f6ed7c4,0
6cefa3e627c3570901cbeec3df4d36c59808c520,0
6269338f954758afb497ea7243da26d147ddb5fb,0
a7f78419b04e3f1dff2edb90fecae6ee6a3ad598,0
8aad84f27741748b7f460af82d64b74a99a346af,0
dafafb1fa3419789221cde8fe9dcf9f54edd38d3,0
2d08d491e1c99d59d33e05a7b8e97ded62d0ae91,0
285ac0f1173341e8a1d78e495b09280a9edb3939,0
e13121e59f61df37943151ecb52c0ad4a6feebcc,0
4c3834323759e3b8809dc603ca683267887b2aff,0
942e82cded822bb06d11a1868ee7353a97624e4a,0
369d567fec882123b0d2e5e5b35706cbd5bb3b69,0
767f72c87f234c615937d23baa5511556db20372,0
624c7c226b3798c5fcab6125916be2ed672098c5,0
e09d7dc4a307b8f43cc538cfc0d23dfb0fc24305,0
79554e6e10c5ac6a931f859fc6b0ac4fef95d39d,0
8a37f9bf5550936301cdc0d59fa1000288886f2a,0
de70ebc1a975804e3d493013e260d42afadfae45,0
858ab48081695cee58a44222d999c512a2c16f29,0
08289a0a597cf0c85bc183011163e85cce59b5f1,0
173d62e478acbbc50acdd9f11645fd90510024e9,0
d808b39b3137e662ae5a098ee074b283fb6fd9aa,0
d0e1d38f2cf1de2ea1a5f35597da13feed7f2954,0
11dee8ec5c3570c31fab35c44a3222cd66a9cae6,0
0a7c49d374ca4fce8cb766d9698580212dd49c51,0
5bd2b5a788d0edee50e229e882933d3e6e274e88,0
effe5651d57c3d15c7702a0d7c811d3886ab0709,0
28707ac3563261f2cbf21da03e99d014c02e6776,0
ff3437b0b3d7495d7e3017b1fa9ef793a8c71fdb,0
aa88ad7b4e991d9b8ee1f88ded949b5c62d949d5,0
671c1423ec63f186bc90f4eeb81a56c7545f0480,0
834123915c77567c0b40eebb92f1fca5e5c0abae,0
f019babad7c4d48f96ef9545d15f9211b05b26df,0
1ffef37846f480cca2d73d8c2ee329664d0ae4bf,0
64c9d20aa3f923abda5ae60f9d907332d5660d29,0
32cac32401e0134af4c96b35287e6ffb3445ab7e,0
9a1cf115feed30266281008194ecc25b444faa69,0
ca2801f1fd732affdfaa50fa2d6303b32438b772,0
336fa8d0a3fbcbe2ff8fac715acbbd320477b145,0
f46571db56b5f0f3f5ecc2b03013447513f39a0f,0
7e6d35e56cfb4a8b884d187200ff7b02b9fba5bd,0
de665fbb53ec07fe0c4542f14bc76173d18aae8b,0
1a71b752ed8f8eb6c721b587f9aa932180554398,0
7e7daf9bcd187f01ff420e552b0e3861220f357c,0
f672c3952ce6e9c0820d38d443663a60e056d6fd,0
1d50eff6d5bffc036ca47944e16d5002e2f87d8f,0
8ce06927f2dcb2787046b409ae8394f9c51aea63,0
ee5505f207f538f66f032f2cf4c6a990fc87408b,0
604cd357ea7b7ee3c5889be8b325cefacb172c92,0
d18aacb1aa6b2d8aa7e3ddbb45887d2c57464a54,0
178438927a586dd32e301f710ee4c1ce56730edc,0
01d1f94bc4cc323dbb8ae3c8338d4bc1c6f4fa10,0
2490f1a86cfe4471a18d5853dda8471de7ea35f7,0
8180b691493d43362409ce5cd0960cd8a8a2075c,0
c137215f1db02ddf9d4976e3855f8da15d8aeb7d,0
5536b1bf8ddfb6d23f8ec7aa97424dc46f906b69,0
fe90f032315211659917b752e8ea196baa8a0b16,0
8b2d2e93b3d3c5a12ae98b5691b1b37d560bbe47,0
cb8dd68ca4aef9c5206466490e733200ae7fc52d,0
68919acdee9daf21e98f23e15ffc1ef1f7a285a9,0
544e3db1876e8ac4884e73969804880524932d03,0
69a3081a6b3af7544122179d6ed4a59b5aaf3220,0
da464b82717f53e87d5017941041f3e9242767e8,0
febb6214c9fdc02e28587b4194f171c9d9dc9cbb,0
3b8bd8199fc5a57e056d0ad7acc1974daca042f7,0
7ef318b0e3f0009a0bcaf1c497188d1b088b3ee5,0
95f50b21061e6c7bafc9fed8a55183489949c346,0
d37319988f47b19cf7f4521fca5a8f144a1366d0,0
a53786fbb45269b87d78a874e5b9779faad62553,0
52be8b9e0312277636587573c20509f689bdd9d4,0
18b57a22d4e8884023d9b07a1d107a0e931eff0a,0
b0decf3ebb5a0635bc36006ba5ef48b8f735babb,0
d4883d39faf7f76b5afecd10b5f6c9bb701da6ff,0
1277bf24edd8e7a92af4500516aa41051744b385,0
5023c8561ba2f55380aa4d328c18061489b54fe1,0
fe2f05ad965832a440e5726b04dd36fac0d44ea5,0
4d9a4cdd7a655a5bb9f9bf0ff603d65122b7b12f,0
b014a4dc170368a3759b89509a26dd9a9d86100a,0
449c1ad8581e9cf651163a70c49316aa3f3ddd3f,0
e0aa3a2aace28061bb4ee7dcdd87e5960d173037,0
ac3c94b4f0c208b13b7cfbb6b75c0ce733a631d8,0
44042a68de22cc6255a9e3c49048e151e3c5a710,0
4059409fe966fb9600e1365b43604ced8feb9ea3,0
28958bfdf844f03572aa290b2227e2b1b61d345b,0
a43449e1be31566dd35c7bec14dc1d48703fc670,0
27680d1dd33d13e89b0e4a90bae52cebbdf4d59b,0
b1b99012118755970de9844d2d252721d1beefa0,0
235082cc01be7676d12d739ec529176b980c4f05,0
7fc48c11b2b2c011f30723b17161537dc76f4155,0
49749d88bb7c6ebde072e9d96d6d8070925ea7c3,0
27854dfce30c02793ff519db5f24aaf44b7b4529,0
0cc92a9dbe456df8b0fb809a2aa11b1da683964c,0
b2f205602fb8ba3878db9cb34544545b45e46f1e,0
7813cf3a42281507c6b2acaf60759365fe33eac3,0
eb19239def6be72b4efcac77777d10dff83e237d,0
f5538d8d6f329a4d0561712ce55618eb1873bd72,0
cab62e78893bf294586d7ec8fc9acc1583d0b5f0,0
070e2abb44e7e65953fc0ccf87ef4a1ebba48d1b,0
bb9bbfbef3d8cf1b2225ed3cc724762094baaccb,0
fc7cb313d99c0fd53e948aa625724f7b5d83d573,0
1634da8284d0e8398b74034b6b2c37869d464c7f,0
5e13b94744aa09026785ef543a4ff87a0cdc51b0,0
58141a6b5121b65f8f65b3c6b6aed1461dfadfb0,0
d3e66874a6e0d4c7a63630058851e53fe42dbd71,0
4f7689be094de1b90b5c57ba83fc3f0353d3a179,0
33a4a4995eb8597eddd79c37a366ca6841c49dca,0
46a45ea48b163bb3423e5ee97712f3fe67dba5ba,0
1f83a52fa4c469549863a20b70cd1507564287ab,0
b702594a9de4dcf06fc59af73d3e067991d4de54,0
0073879efa6876481f8043329513b14b89aceecc,0
4407662f85608cfa3b65206760b7554d0cfc384e,0
6250f3c9e023d52387356f4dcb3a685c337d92cd,0
a65567f40f826699c16849913c29c3473f313659,0
392bbcf7aa675e6453c549c44b1aad9f9aefec34,0
ebc04ed6d272f67e464ebb3f0edec5d98fc7d6bc,0
358a4e6dc7e53db0e678d3f122e3b8550da1e58b,0
36b51a0da059fbd5b9882bd8907e636a652a2924,0
bb7774ec3ee06f0af395132fce6045489be3d077,0
570302f5696a58db9fbd49ac8a791fa83282c063,0
ca037a7e12a193d759a34940363f0d780c6ecded,0
602b22029dcfc5a7fcf8933325b6e43c5ccf6618,0
f534aa76db684d295f22154ab367e848e4dc9f58,0
2f9c1d650d5f4e641c7f1e34f374f4cb0f50d982,0
ebab3ac66455a9512fb34e9c2315fc7a83c7fb40,0
71918811e914c7a78ce9c2b6bc5bd64781115c02,0
dc2feb91b7081780877ae6decc62795c726f72e4,0
c317102cbb911d2b5e36151e4d0c7ae856d074fe,0
1065ef74c78dca68e18c7b07c514d45b3ff3b78e,0
3ac9584c8207e1ecce8f8e446c1e9cf4e10271c9,0
d0a0c90482ee2009f1a6abd4d5893369481bb829,0
cb9b828f24a98eb7c97cfb1f90f9d65da370668b,0
ada49dd973734c7afe344e0e5acdb46f32b9d574,0
b7039ebd9e7ce05439a321b00d83cf6d315b11c8,0
49f7c1f8c6f3a647daf878af3519cb34f8579728,0
3daaf49c462ac72b513ebe2cd109efeabeeaa1bc,0
296244a39c8bc7c34af25233cea4e03a3ebbb766,0
f17588b2e5488591f6f83cbeab3970e703729e9a,0
160904343a69eedc0f4cc45bfb3b4540eae3485d,0
29aa55089a24893a4a7dbfcb61db590b0f65e928,0
a7b18076d94d829861b60c2665b53ee6d982efce,0
417601b34b5d261f892855f0e4c32c6033607b5b,0
f50f43145f40a2c0f86c1c7000f0e6b5427cdbee,0
cfb7145b3e12177bf10ce4d52885c8766ea75a18,0
ac7612af501ac86d1966022012b4647d73b5459b,0
cf3729a4057e7314d0c515c7f9e3a73a97b8fd06,0
562df3146cff13de2c227b5eb4de350732a368a0,0
7e6f5230a3e6d7c04cc7d940616deea093273090,0
30b7e4f168f70570bae2f8604d4e768fffd184fd,0
2de5d64a2273d3a51815c80975984c634f45909c,0
5446cc5c0f9140e14fb537ebc15e4c52906d2430,0
a5fc4e808f6a203077ad966f703bc59328999ca7,0
895efa173a4e06107f962d247df652cbef1d5803,0
1745292c3222473e87dee857bc2b0db4fdcf2f04,0
f6717be6a4fade0de09f5ad9c509bb69b9867cb7,0
695f142affec3146fd1427480e97e68335180bef,0
9e3509f56f78939cab79d38d4590342becef35db,0
ed77bbc766b0c4c1655e86bb1b03479a9c9c1398,0
77f29ef22154efbb3a1d85628e57ff2cd5134492,0
fd1a1822cc4899b332cbbba134b5b8cf0b3260d9,0
1062c37bc4b5641b17a640ed280be01c78f69706,0
25997accbb122a231783d032feef90157714fbcd,0
43bcfe2d916de65233b45732300c3a8fe69a4d30,0
639121fa13f54f4f266d9d5eeb35a01bd14c8bb9,0
958276cf97dc34a988a16d6b7b8642de4f06c41b,0
2d557a2089ae40b00fa29f46b7bbe9d775f55ea8,0
3bfc5279ac4ef32fcaba6f93d4113cab003f3dd6,0
4a3daa7a4a5630bde8ba48753d857dd2af9b0658,0
42c882ae01962978f7fef1c20fe7f95780df5d84,0
56e1059eda9ab9279cf03a1ab6c1d81f07182000,0
0f2e9fb026ea2435e7dccff34e3fa68abf4a5141,0
5e6b6de0b119bd79e22722c37723d43d44db2357,0
b0203cc6de7e05eb7840e334411ede4697645041,0
a7529facb7a7bc0c5bebc9924531ce4ec6682def,0
0923e43e635a7be195a99709c736cdcdd6a6e70d,0
b855a809f55d16e5c3581611865d493861c20780,0
737fdabf4e664d9322a3602350cc4d3d4c93b194,0
12734fbb9af67962a8c6b0962526496f4f0dac44,0
25b5b79042a9cbdd15eb9e5e23144555007ef76c,0
c0c5393032156dde2213141267ebb8fcb1e2199a,0
935cdfc43ef163a7d8fa82800fc97b47115ab9ff,0
5ca59e0908a50926386b9ce11356642beecfddf3,0
ca1af573a5e718aaebd4b720305bd2290adafdd6,0
f2af1fc308e28f8a4bc090f05d165828dc3224c2,0
9475a98d52d016fc27e75587021a32dfdf476b80,0
8822c3a4e7976f65deed7a2a30fcee4832815223,0
80a4355c93b7083fc4d21177fcf2677799e0bba1,0
15172020a0ff4d4cf54a33fc23c9ed869c3fae19,0
2b7b898f2e7ed79a5662ee672e8ceb9ccae403fc,0
6b5fff51b14824eebb4a69e0f295ed5d745a9f1d,0
de66eb4047c9788e3164f076feabc0e483c990b6,0
72d98176a6c3c4e701a30c28c0b67d7c6ad3cde0,0
e521165aa1b321183d44acabb72539bc2c727c5a,0
2c519f5af0f9cc6d3e6c2f7c4456df8275da656e,0
b7ee52b1aab193f72e26f5944b647c3bcaab0d9c,0
e3ebaca4968d4b35080051a42021e4e4ab3146d0,0
22d021b90e12888f0b00b53236772107b5dc6795,0
e67728af097657ff0449c14fd7bc45e9d8379cea,0
15fb9053ee87f1b8292991abcf275cf86de3fb6a,0
412222626a9e6f0d3929aabb58864202f55b5896,0
46ee0dab1c50a5ef9151d70fabf870e55312b356,0
6bf7a321c9c1f8043dba0dda9a369903f725ee1d,0
a504838ae95795b354485e92042c0e31198c6bf5,0
3df1808f85495407251a0228f4962f4e9d666e67,0
a88253e3dfbac5187060537c1139e253bc7a8913,0
f3d613a72faabd3a628bfe8b04306b563cf28dbd,0
35de3a856de2048ae895cc97c7ae56a203003b59,0
5518223aa92f1d038357f2ac8bd1d0aa2fd7d114,0
f5e7ae57b5af21af424783c7e545254e62d6b893,0
5b2f9b61b40a19616a60dd7a61224e0dcf9313c7,0
c1e5fd18dd0e5ec7fea3ef10b612518ba8d73ea0,0
f5580e601e2cc97855c610f869d87f6b5a479a3f,0
cb42a71dc3a6ed2580cf5c52c48a731d6372eb72,0
fd1c3f38693b7ba684d1b73fe92d6410a53969b9,0
c942bc8a16526a50a61d33ca368b3bb8d13a850f,0
3bca8a12316091d3f154a3360914fc508b499d82,0
56e30314bb60724ae77cceddf063fd72fca2ab96,0
083c1d2000ced9c5392a07f7aef2141c280301eb,0
5d234f9b1cf328a41e9e0c2ad3c5e7b796879347,0
8b30ce6c783b6a95f18fea17660a93c2210a0d19,0
bf628abdeb70d9c7d35d0bf69fb2269ccea78b8f,0
d0139a9fc3688bf3d6e287e6ff7f3d8deaf03dcc,0
a752d1ea0b003c1ba4b0f1f45a9073b485e0ecf1,0
5767e1d436d1cdc5fdce21204af36e80e42b470e,0
540d3508706b1fe5e1070133e69265a2e27ef46f,0
e71d08c6c6c05c65ce00d326fe68a5c2da73eefe,0
610806cbf36a811b4407eb9377784e885e7bca5d,0
a61bd0deed8f6cab61adcedad4d9672a5b86d142,0
aaecb873d4ad67db85eab68aa0ca11e063626f17,0
a470f054a441f5c73a303a29fd0a6b74ece6299e,0
c7d7305ec045fcddbb6595074b8fdb66b8a8297c,0
483b51712534ecf7b91e10fc2c7e80132d1af4ab,0
6b29c0bed619a34dad55a2dfb6a8b00582bce3ed,0
07671b5f681eb6f01cc1573facb9dd4cb763b4ae,0
2868f8b468da54265f33e4ba99eb3bb47f29cb36,0
2d672054aa0c8f0c1f4533ed265518114e6b863d,0
3a45577dbb98cd8f05f2fdd807eda46b317a4488,0
c1bce550c55b1a5751a9bc8d09529e6abe7d1ff8,0
29a7b3a4d119a5548ccf2050bdad5275369fff71,0
22a2475ba6ca3d83d2feb1551c1b167d52e08b4f,0
ef9717c8bdebb1076771f405e7793c8ff8a2f33f,0
4ca67539074ec0ce63224f92c677ac50e88f25ee,0
6c0948ef2fc7b9514ba2a89df81d248f43d38ab7,0
51a8caaf7eb4e4560b660b7dc5f13ce28db7506f,0
e8eff5bd369f4fc3aebd4df625a91aefaea4bc2f,0
e87c2061ae224f40253ab4ccd1a62f4e0dc88fea,0
2a3863723c082b023fce1008362d3b1f60384ab1,0
4c370dde6b30d8eff7faf2c8be9e56df819a1787,0
26db16f8c889c6e42b57d0ccf67f8fbfd6b3f9ad,0
5b07e8722592755636e9da308603e5b5897fafcc,0
746e156517b2190948fe97cdf08c59e76efbeba4,0
44f52eb1be0e49e40a3d219b65188f837a910f57,0
c05e52a3f01e919df99fa0cad1b9cf287e190c86,0
4dc402a83db9a42c36cb13be10f386474507d22c,0
55c5dd8cb1c380e90db353db3fcfb741697264e7,0
4d5dece557d3e17a3adbeddf4f8b585777fd54f2,0
66032354bd8a9ccfbcaf0356e696552c31654905,0
8c0d128a3afdfb192554a2debb6f22e66909035e,0
8ceacde745252f6ae86f63140b9939d8d841c108,0
e37e3eb060e285642c85e123cde1029506d2b786,0
19bdb9eb321dde522a342f47c63e1ff4f1c1537b,0
2cd684dd3ac431e1311d32948a9510fbfbead98b,0
ff1c02e942f3c77552d08fa2c63e66d855099311,0
7fa69b3d24fc351fd758e6fde06191586aa3184a,0
5ea1fdb6525cbafb81c2ae6e69181450a672d003,0
46bbf995889117c6958cb08a2581468a4c086e63,0
5684457ae9c2c98fd01422ffa1c8c1a17e2d0c8d,0
128a1e1d452421960d85120c34a4392bafdca6d8,0
045849dd399518e9c5e792a818916ec58c38b3e6,0
c0e06008b948dc47570e5b6944f91eb6fd2cddff,0
cf742df9e0fa062590d3c5550cf293dd72ae4037,0
59b750753e741ac0b19ceb55f0187ff79a55f1aa,0
0dd5d112846c459c31d23cf73a4d9377a04ded8c,0
aea21614b33e86e5fd86599f0521ddaa8579e5ae,0
ba95e0e90a8b1eb71357b3e9b9f5e5fd07468565,0
0b8b5948c73198da8cd29f439df9ce7b1f965fff,0
32460fb32b2ab1b21243a6e5ab6dd7e26e5204e1,0
4a79a78e13c166ae4e5f82b8e13bbbfdc6baf414,0
61d2e0e0ff788dcb863eb1c9b5718fc3427a6b6e,0
a7d2bbb94ae32c6afa54c9ebc333fb286b49bf89,0
d8c71580f3176cf3e1e9020c69da75e61d296ae5,0
76cb8013795bb7146af35d97bbfaf2bc043b09dc,0
5919610edbc2b9ebed236bfcec40d2ba609b162e,0
725b9fef5cc3bf4134d676f38fea2e9ab9a77740,0
ce5d73b22e5e83177cb0da80dc3b9d19650e4c33,0
dedd7e7428347f9920a546b6217a05336be418b4,0
a5acccc797b4b4cd63d8f72b8bfe8f49b5b8bdb9,0
f4e587742822425e88f2576b4768faf80e1c2949,0
b7e591dd25cc166970983fc651a94e4533d866b1,0
301e48b2cfe0c9e92198500eda898df6f71737d3,0
875439813ed000b310578cc556756dc2eb65d02e,0
ab2662453bb523bce3070972f38fb9fa09cb2acb,0
7c2ee9decf2b9c11bc3d4b6216e61a99953b1691,0
9b4ddc2bb6f3a24a9e0484d671bdfb62bb3ad0c5,0
4bb4c34103e0c100abf745340227c0a9523924d5,0
8da99d33852244280bdee729a4a22fa2df231dfa,0
8f0eaa2f7904a8a771b8f0c59b5424f9958276b7,0
1a7a8dd49765635fba183e5beeff1beb96ef56d6,0
f514c6e9f9bdb2defe63dc7ba407d7d0b950a2b9,0
1e671c452c83dc10e37e159138c00b9bb5348b7b,0
dd8d4ce022c2aa3ced88dfa9a21da96fce4a63aa,0
44e7c97080978052f388ac2ba9c388ef148dd2ff,0
7f977bcf04ebcf817c8b56e030136a3ae3f4d4cf,0
6d3ab38e620dab6a926fdba84ad67296c4118ee1,0
c46123c65bf38704a8c488f54c3d5bf7b0b7265c,0
7918bd0777c60b9671cc9b7d18382c204737b619,0
cbf868c5c92661871e3513ae3073db724348a1bc,0
3a257ccf861e1b56150995d2cff43b1839fba1af,0
d2b60b52cc0629c7f35613528afb39c822ff7a93,0
c3f36eb9078971a159a93065389983fd60ee95f6,0
e260e836025adf8571251a30f0671fc996e3f3ba,0
26fbd9ed6ad7e551d502465968107d3d65ee1d97,0
092d1d80aae4ee223376a3781d7a6f18a92ae53a,0
64ff4e09391993214b471a01b71978b3a63cbb37,0
63974a6300ed3f5c492ae6def11dc7fb6399f484,0
00134af2be1d6793c934288c0afc9cadc9beed9a,0
ab31ad8d2a7f6b005c68f5c3d1188edb772a9144,0
74a43e40ff36c8d11afde6e26eb53fab10cc9f32,0
4e98098cf55938a0703d363a6ab72b99da0870b2,0
394430d0d823c505e84ea2f5682f4be7a7705b05,0
8b184d759dd438f243ffff52a660f4a2594a0aef,0
3bb2db3ce9287ad1b85700b1e09583d739c10f36,0
144a82c312a3e318c357268e42f2c942d1611b47,0
10ae0af12476cd32d0805b9f7b310858d446cdb9,0
516f75fab53768e9d341bed0e8c2b373dfbbd68e,0
c3aa22c8176d0974e1b2f5261ad09c8e89c98251,0
7d58933e84054e5f2d02c1ed883ae4e106a93756,0
7d708664821b2802886026d0b4f6eb1430995398,0
5bb7ca6ad67507da19a54d74c554fe347ce13a52,0
4d72dac7d6f4498117af530a0caf0a0fec8ebc5b,0
909847c9493672f33cc551f5797abebbca80941c,0
3cf559ee73221df7fa3f2039383ecc16da15ca70,0
52eca282ae8ed7df7ceef4718216dd504af74a17,0
d8cceba35339e8dfa62a11422bdd16a0494d3e15,0
abcfc65395eaff8536dc71607f064897b84f8203,0
b39b16de32615e5ba81efb06c2917c69a9ddf692,0
099f535cd39e6ebb5712a86fb40b97b3076daef3,0
1717554a6df4f85f51a0a5f68350fff71b495634,0
5fac3d9648ae48727b48a27b79a2cb813ba198dd,0
2ab9f5ebd57e37f25a521b001adc70b9bf71bc3b,0
e3ee26435f204c0cde0e1d86e7b68c91cb757d51,0
23d8fc85fc42a7dc6242d8be3c88d2086a68b3c4,0
823add4aecc0ccf09a457ad6f4d0789ee8315441,0
88e36500b965c89ef89e07e19fe2c79c626a1948,0
15e58bbf74825e8b77db6520ddb1e20937b92423,0
e644e55947cc1830f6652d18f23d28344890bf23,0
396bade29ad98d20a2c039ac561db56b63018b39,0
d94c30076459d269b5162353f0cae2142d85177b,0
642c4d220d8b9cbff630768c3043c39c0c935a8b,0
219e1e31cc4689801901a0c2cbb91e37704f29ff,0
9f524a1127434f6f6b82514f5141ee98d2fd1a77,0
4074c2ec3a334baf5d6fb7c53159ec921525425a,0
d47b3c469110418f0e32f1c981d52126d1b3b491,0
048d8a87f92717262c4a5079e01b989cd08d2016,0
d8fcdc71e3ba336855600389fc7f492919fdf72f,0
3750563cc491adb1c8508e1a55419b1845185f1b,0
e3013d784b0b6c93a7624a36870f2dd73e6ecc41,0
cd0aa01783cc7c0459f24ac9139b952f144c110b,0
5e137c62d5110cc735b4e71f7cf679417765d980,0
54c7d679e1a6078adde63ad3ea0a57fcd88a6712,0
b77cc287107f7c5bb8ec115ccb2c933bbace4638,0
4d656cd62a2070a93ea7c099e6a375fe028b7b18,0
04817c96adfce576b2dacc33ec8f96b230b2a981,0
529d45b1f0c5fc7e21fbd2c8db851288bbd5d61f,0
67fcb7d1ba45550feb8fa1bb6b8307cdcc9e2cba,0
fbb4bcaed58326f232cddca53a4b34580afa211a,0
9e2dee88f65fcddbf04f6eb194c66a22c7bba77e,0
213496234ea0c96f0caeef587022fd497427f68d,0
0d7c9cc15a866178ab6c15ecc50704fec7d69655,0
f8e3850540fa43a14564cc6208c1bf1ff49e69a3,0
c4003ffa8b68e4f42ed8fc592a07b38aed100dd7,0
d8358120953d83b0e70c4e7a2add52fd068abfdb,0
82fac6cad2fd52adf45dc34b5f73c5f0d888ce92,0
e62a020f217c0b7d4b3f68ec2d6d2bca32de6428,0
484516410e98dec9e8417052ae9258446e7f64fa,0
10932e92a88dd8f5a6f55edcea6c921b774da373,0
8c15d2d60b251d82f68337ebea405990d44d508a,0
4cfed14f390d7207148c429de95d9bdfecda3b3e,0
0c721b992b6a3ad7a9a47a1e43074ec0eadb2abc,0
f8a6cde1757ddf394bb68aa1daa8804bd95de749,0
4063b37abba9ea42637d7f1d8b83a90e21310bfb,0
ce3449b4db452c87ead9a5da02210e314eaba42a,0
8137d9da29329c2f2a74c892ffc0a8aaaca289d0,0
ae1e7116fc6ff1e691ab2e6b13a4daab57564e5a,0
b664572a20fd2bb9338a20bf06dcfde3090f0dc1,0
c5efbb490d1e6767f7a4c8eb1bbd7cac1c5fb082,0
4fc77b5f17d1b32d6cfbec04e1bf4b063d2bdb7a,0
b582aa23c59b3e992ab11b3b38813902da939a4e,0
0d35962b103062521b8c69e2fb83dd34eed3a741,0
b6f858a08e71b06704c89d25b9a26677b43cd887,0
ae34ff845878987cd826f54de3009accf07393b4,0
b031522cc85070dda3a845f9170ee031f79c70ef,0
1dcef8e5e7aa6498beb5ff6e7ffc4af869d2fd16,0
2344f5d6bcd2dd76749307e46cd3c43bc61c0fb1,0
a281c69c500a92fbfe7559c2d1ba33fdbc9ce10f,0
da45f3e5c38a91f520a0674c5f637fbaf29f470e,0
ae1d8a78b711ad879dcaad598640d35dd325f27a,0
1d22800f0c4c85cdef7d794dcfbc99e48d6447b1,0
4d226570736d8cf286a18d3c834f61cc8accf537,0
2d335ac901f4fb859f7e97ab79c3e6e5579ce8e6,0
fa4c5d404060ce1bc834c0a4d62a522bea2c6a4c,0
bbfae2dc6bbf8e4a11c8674c37daeeac2b8ab1ab,0
b73016d0a624af51d7c5a947afacb07967b861a1,0
2b56e229421fae0947355c79383cfed2696864c3,0
80638cd445be0e0aa7d78126756e25c57ebc6593,0
8a2999ede8e675afe87aad01bb18eb3b9c127487,0
5c871feadc81b1a3acfedb6c142b3d2fb8457b3f,0
0f17b1087a0d19dd8b21328b66c24767d738d66c,0
d97a9399b2bd44d04f73e9e7bf7cb8bcf27dea51,0
d47c87e7e7d95fa7ac2c6eda50b1a886ab306196,0
ee902fceaa8d96dc0bce0aaa8cac5ec2385109a4,0
566b6c76d8e472e58c5dda72e5b318ec8628bb10,0
8c82429124d179c2c429815c6ec25b0402ba877d,0
2d0e6ece9df028b11b4592fce2d1c761f570533b,0
2afbae2f19edeadc1cec13c33b10859a9b07cbaf,0
26c5bce44eef3504740ebf2f94556fe4f5e414d8,0
38a86900b5119e7e45b9316c05bf840ae5354b3a,0
f7b3458209c25c56b155a1ac48487c64c510fc09,0
39ab356086c14c201048a6afb4c709b98cfb28d6,0
e0cab6e9b8a134d0c6068809a27d6108b885b46d,0
dd89dafb7ed923128efc4fbde62c4163e35318f6,0
e31e13ca12aec70b51763707c01867e82b123fc7,0
d6d5c226571367157744bb21c9d03ecee1991464,0
9316f2570473d4a6784d08967b22956a838ad8f0,0
be43bb7176219ee8914ed09b008ba23a4aa96106,0
74b6c28cbe03a1bd2c9ba700b94ec1b97beae5cd,0
c959047dd3d74c2ba01ec5dacaa7d2e1e797dc49,0
aff43afc2c391405c48d73e09e128d3ca7562eee,0
f457fb6b846255b303c6498486a2d492420fb760,0
f6814642ce2c446fd15524c0c68f9372845af2ff,0
743e3271e449da3c6b3c0f16a31a88a29ad29acb,0
cc403d4d6233130720626aed4cd12327741ceb80,0
9d9cb30eef58fc06bb70a1c6da323577bb9cc9f2,0
8b258498bec241991ffe3865107d87ff471c7ca1,0
53490d95a184f480eac381df8f22184501613140,0
034a27eebbebecb7327eee050179ec2af73de8e4,0
b3293e67dcec11a6a9015ff25a743f5d92240a75,0
21ec85abb5ebb41936742933f089f877d5a445c6,0
6b95f98abe9a1c808e74e80d0643ad4c27195c8b,0
72bf41276e00c283145373acb0be9da820497345,0
577f4120fc2ec628a7614e587f1b40864dc3ba43,0
d87e5038a08b5ea62b3d6755df0e289394c038dc,0
ccaf219acbc5d48ef8ca73ab8a7f70b696768807,0
f7ec7c7b99da287454a9ac535f785737c74f9e16,0
541c7d6fd781f6be7efd40bbf687b2abfd89173c,0
27d2eed0074f5dc470f9322cb7b1670c912091f2,0
c164a119d09376aea2abf2334a2d64b781946a9d,0
68fc62b4e95326de1bb0ee48efff64d88f20607f,0
795d84bc6e5c90395beb1f076ad9526b9d07f557,0
4c17aaca2b7a581164ca9906d68df985164cdf6e,0
e8f1c5cd1aeae216075d52b9ec20be8b62f20b4c,0
00e4b26195cf61a7f954a3b87fb1a857cc4830b5,0
9c7a0aa6821d487560bf53ccb56bab9be1d370ac,0
80d3d14c0239a6277468a275630a349c8c00d53e,0
553d10e4f70f57209c4da60a69064b6e02bcf370,0
71e1728deed935d421d37be55fda086c3b78997a,0
c1e77b1b3812d72d7bbb9d6a5382ce57b6c816f4,0
75da8c2d801721203b2065e61c33f4e9e14cdb1f,0
17d45358b02fb5c89c7271cafb4c04c725e3fb80,0
c1381bb759f694294ed3bbdbeec8c95b9cdad8f2,0
bcd77d46e5da200473b99f923518bdbc3d3ea0e1,0
4213170b2916cc4471cc47822e6afba328f48519,0
4123523f3e69e610d32633076a96e23005ce6ab8,0
ae1dad6ca58648670ddc37e33adc398b2d270557,0
5dd8f92755ec44eb24dbb998961502a99e04dc79,0
0f66603714b9f70333f470c41d2da1c5be2596a0,0
4c13fd4dad04a2d07f17119109fdcb0861db1e1c,0
cc289cc45b6771685ac7161c25cdd7d3ee62d9ee,0
df506cfcc788050264e30a98b86fd2c616bca7b7,0
0638ce8461ceb7b3d1128365f4e8e85532b43a2d,0
7875a56374ebbb51cf446dda825fb953bc9bea7a,0
bca3ac87ca9b517409778b6cd1d48ca906074384,0
f69967abaf7c405f47dfc976cab5767f0735a618,0
9a84900222382b737cd04923893b5c5ea0346d43,0
aefe84f0c03624132cef75552d2626f4c99f49a5,0
02c69d0526c95e956e65846b1089f61a5c58428c,0
6233349516aaf3e75ab88f98c96aaa2fa9ccb087,0
21eba7bf47d1b29205aa7d9b79e7d5b9599cf718,0
245c3de91ff0e814b099e68ca706d3572985c09d,0
fb35673bbdaeea3c34b9d03c88bf199a41379405,0
607e32ec1c5c12ddd284dc75d19576a02be2ff1b,0
e46e975800759e6afc857dd078eebec09a08b139,0
0ef492bdd570b133ed0d23b924c98a91c571b645,0
68a1404b8ca19bc8d5dfbe3656c310c57d4b191c,0
816c0f48cb451eb59de831478da7c448ac9a0592,0
7277fe0a5f598b2bce90bd3de54961640e672f2a,0
73f19514d7c1503994f4fbc283437c169e4fad82,0
876d69767fa313e05453c1b3a22db5f9022ac6cc,0
b6a47007e68fc4178509733d810ea0e68802b6fc,0
7dce4d547a86857dadf3df652c646ee579c5df7a,0
53ce103a7c4bda0705bf0635b72c6595219417fa,0
e9435c92c4efb13d48b245bb133eb6213345e1ee,0
38a1b9688cdb7c7fb492521dbb9e8fb488f9b606,0
c87fb922d2a368d1877e5ec9f01296ac85fca37a,0
6a07ceb4cbd2fca697bca768e018828998f0e18f,0
6bb6b028a6e2e0f0b2d82bc7c1f11efafa8047c0,0
bb4e29aa3d0563db16037a5ddffe764ccc2c85bb,0
e1dafc380a0029ec1275b3e3c009bf8fefb7b46c,0
5fb7bceab199aea33939b985f26e19410c5325c2,0
ad158072b708c2299770765658d9bd217ec7b326,0
97755cfefe295897f5f5f369392ebb2ac0ac74bc,0
6ac0f5adc7fa6ce4d89d21b044d90fa393bdf50b,0
dd0ae5d5892d06087f48b0b511233ac93c86296f,0
458b2be8f9d86ea9de698fcd5fc020d92419117f,0
7c11889a03a3754a9abd6874cf8b2d06707d0cb9,0
8349a596e30b3189ec4493d2190a34478e46622f,0
967fdb18aa5ac80b9dd449a7765b4853fa8f708a,0
5d1344062524e658969fe0e9230cf12be15a31e4,0
1f18a03ab5531eb416fa198a1ff7df99be7fd586,0
67932a7e50535e9ecbd6ad3f5f3cc4ce75e043ee,0
83e17b15646b7c1ab7d0507aaea2765a787e0ed1,0
53bd8228dc6266af827cf49cf71dbbc8abcf9e31,0
04c12a392a1a739dd6b0e0374f809bb73ee633ad,0
aa906c5cbdc498c827cfca065ad4e742171171f0,0
355f4f205b27b3b554cd2a19c7dd7bb28cf78671,0
8198c661273df6dbaf17fd2b9243be0b850f79e9,0
1fcc3d03a0c8f2bd4d3d58e78ba77558517a26e0,0
2ec2002127967436caf1c9849fcd682cf466b918,0
74203afe9ff01a90d330d49c68d202840bff69c2,0
92a80e479b162a21b5f2fa78641b5ab4ff3be1f9,0
582ee31c9a36545ebd7aa8632c3b4fd6be6fa52e,0
83d1d9ff5e1a366821dc4fa0d8dfb3a3a0c92062,0
d817fef62e0fb0014959945fc54b368e6e74b046,0
252832a663d9ba036f677c072ad00af2d7f8c42b,0
3d75d6fe2838542736cd4af8103aa2ec11331880,0
a6816444010d0dcad14e497de7a068ce6dd095eb,0
fd4fc19dc8d391c17ec4bc38fb23e8e3a1b6514e,0
3502a3b0834ced423894a48c7453f681ef47d4c4,0
5586d0d3f8c881eb076032d60f16c2e88a3fbe35,0
f4839f861a2756393ea7c124df74b4c4f82d91e3,0
68c200462a3117c53283ea2f8488163ca61edb95,0
c6ba352653aeac2f607cf392c47b61f233d3cccc,0
fcf294f4b744bb3cd2b04606c0806ac65e79aa98,0
7cc306f2def4114fe091620adf1178e9e109a6f6,0
c6b6658159534472956bdf0859917a004cb46246,0
5277c76d43e7e74aeb1cbaed31da420e884db230,0
51d1f869804ae9430c38e7bec03747204eb221b5,0
1bb0eb6189e340bc3745395252dd532a769f87cc,0
672cdd46cd439dc2eafb5abcb0dc55a47c80cb04,0
abaa661e59095944bd9d16c291129ba6b56d6ff6,0
dd6e8cd60dc2528620e0f8c317dc5acf3e815697,0
5c3f9bd62cbf3e36d9189caf50b8b8a128843108,0
dc521529cc641d23c10e59318530acbc5172c930,0
0ec9f7090a07e95b1b5bcd307754e7cc24579edf,0
ba6a779dd4800676a63675248dcbecef87997857,0
161813f859e40ddcd1db1b928fa4f45ae02eaeed,0
62293ea5fdc1ffed3682b187f2818ff497ec6dea,0
496d6b94e697af37ea7d0d82a39cb91ea08044ad,0
00aa2bafad348d2f4ef0e0339b025e3a7187e724,0
fc090251df037c3bfaaa678f6d9c8f5db0cac631,0
eebb82e9261e258e1fd632ffbc7218b305c84d52,0
56418707e22836940f8c1dec8e32af8d8addda30,0
4db070999522382fd9939d9dc2ff90bb1d400c2d,0
b6cb086877de0b6812827a2ee4b421385b3d2027,0
abce343a72b2d432c434b8b2220d256040fb6e28,0
93f6f8dcc19a57925ed9ce51664dabbce5c35422,0
101b926acbc26ff18eef21892b3d1be0fedcfb57,0
5e6ad6d6e31c7c6717562d9730589f98bf795f25,0
d0baac638d1bb4455e709a813919be861da3c239,0
2df2fe6b9eae93fb9782d851efa9112d904f4862,0
5a068652effacf76bcd74e9c5d1defca71e0fa06,0
74eb3b31e70716d5d1db2a6d3d0ddb628bee70a7,0
39ba065518f0d60b687333fa15ccecd994c0527b,0
3f0efcff394f619b54f919cabe70c3c4e89b2828,0
56e84eafc6dd231e862b7262223a13cfa98c6dcb,0
28c0ed7936de8b0049b2dea9c178eae4365511ed,0
a140f371311cd9a851ad6d068b4222fc2caa0a42,0
f6d42be4ecbc9a7200716d796dc5dde66c45045c,0
907f292b2d0eda1b4d04832b2b68380b6300de5d,0
71cae37077f178f341fa0a2c0dd6b2b4a4896694,0
1c6391341c3fd65fd751953991756b263b31d115,0
877fc65cdc6d17534cb9821fbb3de355b6765bef,0
9b9466a8ab0f4deab0047ad7670d7095fc9f6871,0
fddd127dd80e0bb7e9595d800fcab943f0635597,0
283ed8122c6fb3a909c8a6f2bb0c82eea238b2c3,0
e713761168b180d8a85ae3a65209dde867d4ada0,0
36f934792169fbbca18eda826504b6fec70cdc24,0
b09f0af39482218b6a9b901dccb5160f252024e5,0
07e8df4ae7f8fda41129bb2b2398aa73b9d1709e,0
1f832beeef270eeb211c3f9e9b094b50ea07bc0a,0
45ebb3c2f83188f085b38e49c82ac92e29d56695,0
9e2bbe2384f51e157fcbd41eda9e08c1d75ed061,0
5e8f565b855139bfc534b40bd0a12d0c635875db,0
fe82d301fff01fcd87444773c11586b269eddd58,0
d633f1879781aa9d9a2c692cac05a0884137e2e0,0
51c041728578c043e6b9a6044f3da835017c46fc,0
099dd9323e7f7157bdf33aca451113d3a8d06c90,0
a6e87592795a3b9b7496ba1a63ed4427ddc8d80a,0
3bbd7f669b887eaec062b8f9004d83e48ec4d736,0
04f0bd2e59a102c27991f7fc44c9a66012f1225c,0
55f1dd65c9cf3386a8016949ff030e9724d92e56,0
1ad6fde6d30355e1af699ee4dc009a5a6b3675aa,0
00fca4f0e3114daffcbd925d979da45c3ef5043d,0
eb6c36fff5630d5670fed4bda1309eedc21c6859,0
e8e311d845cc81516708593d4bf14146e421404c,0
48822a9c550a2ca9694e6b2455659eead625cd21,0
9419754999f491807c6d4496b7d5b27ad25823ae,0
3928f01211ef83d3c3b4202a3fc3bc194583a08e,0
1138f3a40f503c6e9bc5fb05958fa9fa1c1a30b7,0
9e27977d13762aba98b2e46be7006477b2434f0a,0
d6ec4269015d459406c45a51d3c1ba2857843079,0
9ef06b741b6efeb5079bbdee2195a3d28a296d7b,0
c65261bf43e4ec55beb19a2f6ce345c404a89ce9,0
f9ff6c31a4b9c22641f1185aba6293e7ee4810dc,0
77030e6dcc1910cbb88dc2bba50478c6f8a12006,0
c5c136ce092148c33fe873c6e69cb0ccb90e6aaa,0
c9647d26da018094dab29b0a7cd3893d7187c98c,0
f897e54277b3c04e72e8a4c941d98b21c06ccc6c,0
a736b9988b12de50eef820a6577ff72af394d418,0
52069e23b41dbd082ea18bb35ee0889eccbde379,0
a409075a17307005c62e3f8415e04ca2088d02ba,0
6dde7457cd4ccd91b41c24a4f9e2bbcfdc4205d7,0
f83409342e9192e94039453f920b2185823b2981,0
5b3654a7870023a28bcc8c5545b2f45ff6fc8a7a,0
a140c77dff984aadf0a0120ab6686b25bf5d76e4,0
bcb45fa7be800d367d89c31b60ed9811ecb4e0e5,0
78967ea6ab0a1bd4cbdd68e7377d33b3082ffa22,0
ebf65188fc28aa0def28b3996f5ace416c83503c,0
69ca4295102e4b8b408767b4188eef1f3df42ec6,0
c479c05ac3f3e5ca7ce9ffd15f23b8c3f034b5bb,0
3805346f04b321456fb55a74eb288350d5a26327,0
5ed3ca687a7faa87ee450c171a012ef90e30ee1b,0
0a3448e8f01ae460a5cc87311e59606a9db2b79e,0
803e46997f4bf90e87421d075e9adf37a7f5daf3,0
3a9c15e5b3f9c38246bdf120ed50b858648fe07d,0
a33d979a53b732d3f07dcaaec11d08a46466867c,0
d205410830908be2a12359dd743c2bc0261701b6,0
690c3453b063cb6cc634947b6d1019f28d3de236,0
b690756ce4067c87d87f1d987ca21c5cbdc657f6,0
98c11df175c7b556e3f0e9411b69b9dc528e2679,0
71a644511538155580b2a5af7d5eed06bda437df,0
44e38922420cab3bb5c9fc8f914cc07dbe3c3508,0
6d047633f867b17bbdcc0258185b0b0ee9a72ea0,0
555f4813269bc45656fc198dd7a2743da016eec2,0
914ea4e2929cab2b42e18b3d8cb9c67808fb79a2,0
359096f2c429b5432378f5b306932e5eba707ed3,0
097dd4bd893a9c648d6cc3b6c29c090d4f9195b1,0
3c229d93b2b3434bd5411ab4a39ef108ddbb1121,0
5dbf9473c765c20118a95000c18bd67ef08b08e2,0
7278391df3d63bca23aa9e5caecb87ae10426ba5,0
a47cc7f50b9d57393914d22130a45ccd51b8482a,0
80303a5768220136e03277b8a1810902428698cb,0
78968eb398370af01e471205de6004e1c1256de2,0
deeb30e7680fa23fd1efa3b54c6daeb1260cbdc3,0
884c09595e91c90a843bf6aab01a9f61b33d57e8,0
2b95bc2aa2133cd0c405b64cfdeef5cd046cb608,0
b2a19f0cbc798a0758103c26dbc1d99edfac4403,0
43b7d24903659792110a517c836a07ebe01c6bae,0
d3d9eb5beff67572c915d0a957fde8d2e6d95ca3,0
d88de866e0390442cf7b319c77e72b5637e0b1da,0
c1faf215e17a23b5bedd2d417f6300940052bc68,0
58b9b0dd20ad693e313c4c2bb6135f74d59e9834,0
faab0b950e813f24fba93b3a852648f6511197ed,0
1595ad2cbb5b7d7e055613c1a76a3a4c82318aee,0
7f7cf68019f02a067c1e7eb629af55bd98be8905,0
a986182d8add6faa12548c1beba4aa1d16a90a89,0
f30259f709d8505b492854e584ee5683b46f0ef4,0
8c1502e3d146ae45eb465c7d7da94ffcbbab6464,0
e30ec57598a12bf806d116a481b25fa158341000,0
5a1d9e94992d8708f68384d16c2a41c5407b3843,0
84f1c286ad27aa7c97cd5ef16ac488bb232ab9c6,0
6df206cd29febb170f71bda572476e13cf086b8f,0
0f52ff517261be76192166f72de24d269a7def0a,0
d5ad8ff7b8c640e8fd1947583c70cc28a4eb9653,0
5b3b12d78601c5476081f31887610d6d0e0cbe2a,0
b902b4255e2254f6978156d0319dd2267e659517,0
986c4c16718df31488b08cd8c963f6091e319666,0
d4596f75a20ca9971d64a757bee1720b922db8e8,0
3c4a8a43eea729a930ad3acb5883c5d0ac0112a6,0
37830a5961be209c885472a5decf05216af00ad0,0
f6e1f7de651b165eee8820fd0edb4cee48050e32,0
f3acec7241c2c285861170e62b9c4a9b8e5cac5d,0
d630068e6ce38ccefe3a3e60369d4701cd1a3bb0,0
84dbe824ba5e98db600a48e33c49c546afcbe655,0
52dc6e2250c2696aec6e0d4ac5990361d90c1abb,0
d74199dbdbce973873dfbf259ab808bb2ee295e7,0
e0062a8fed4028285dd392dba753564062e8c117,0
26f89bf24168a6673ecf86b29c2a18ca4fded1d4,0
06e86cf326ea5dd8c9fa72daea2d2f20799a0f26,0
b68a5a0694ffbb55dd64456e148b87c14db04d4c,0
dcb63c3de215cccd34b808f7a4f8fa55be592226,0
f7f3f3e73fe64efe630937e70c9151d1773ad5a0,0
3d49fe8b51ee43f0100b85d95b0a9787ef36d701,0
f450715efa6a8ee6511f23410ebd22789a7c85b4,0
d7eb3d916a450c0b81bd64f48492a7b8eed773fc,0
abccacd300776527670ac99b94169334a7f9ab1d,0
57923ff4a61ff56dccec37f6e306e6c2b822d4a7,0
f2639f1b113829bf1e14d3d515b6e27c93e9bd4b,0
e1149ce83cf9713160cbac196dc61133fd559800,0
f9e0035e6ff9b6679f1b364bed62213ccc2fd905,0
4fe1bae56e53f32756b1ca3296f3dd2c45e3e060,0
b0bff89f70cfea70009e22f87639816cc3993974,0
387ee3e7be63c441e7df3d342c1a233c5816a431,0
498e8eabe3ca1e2a0f4d3968ec0e68674f4d76af,0
69fa36b42c88ab272499bcaa8b61295388547316,0
d6fcef93b5c643b3fd230f9bfdfedd3448f94e22,0
d7698b92cddc341f64df6f07fb3b13ae7e91711f,0
8ee675ec635944438b95cd02257507e8d206a125,0
fd1038d47ed16bb66417c8a516dcbc7ed174b7a5,0
1efbde46baab4223241635c484f0fd5447b9f1bb,0
2977f823e8bf71e63694e4f2c63b1b58dded2013,0
ce1c737ddccdb85bba0232b2754ba6e76abbc119,0
b6f063e6e1b155ec3ba71c46cb273d2cef418192,0
d13fac3c2aa2222e6a437e8eaa9a256924ddcabf,0
f209c5ee4cbad4428e01ebb3d9cddc253620d62a,0
bbdc6d42846bb4fa8047920afb7ec585759746d4,0
1fc42e6e3f3d7e8af131ea053d2ba00c7d419692,0
929bcd7cdf8e0812764a71918791f6131dcc2884,0
52a6f73dc346999cb96b8c90b3582262cf8363ed,0
94e2834b58431b4ea71caad9b8369e12ae553246,0
3011a401680048acf4ae09069314f9b2df1d22f4,0
bce1bb14142fcd1ec2d66ce3397b993f4c0604c8,0
d76602e7b13f2642999c7f7ae7a9fc5d5667e79a,0
163ae0a032331a8a581c0c9fcfc8f2b500fc471e,0
57efaadf69f372dd68dff7a41f4d912181697a1e,0
532bcf68ee16000a69b066cc8be6db0a5e03bfad,0
dfa8698973d4bcf1fa59cb58e7784fab1ff0f8d0,0
eba1f7a1e76c50bcaf882dcca75cde26d9966477,0
c53996b88e77cdb79efd574b81cfb4d7d4af265c,0
428693d63ac126052e98cc0b797aa3fffbba5a4e,0
1652104981ca10382a5474a2be5d3d6e8be9adac,0
d1f27d5076656f3dc32cbee7bab4f1991c82a70d,0
7be32b20f550cf8074dcb1c16179d7f46aacbef3,0
7ded6d0bacaa16bb095dab6ada9767b9d8da18a1,0
c5a9f9acf438741abc262811ef6087b347a9ef15,0
e9c8095b43a8bf25218d41b866fff893e21740b3,0
5c4b4c94e43e58cfdb4d1f4aeaf8dccb860bcf0d,0
aaf166f6df30ff58e90aaa1fe1503788796d6ce1,0
c1591cbc0f7bbae8852a45d427e9e69dce084f15,0
d80aafcd93687a38988c9cf1e831164eb660527e,0
ded0329c4c96347beff8a012ff16b8acee390150,0
e3d7689497ccef7c4b0a9f1cac8ed2b10d6461db,0
eb3fb9bc1a4f1c2b85f2409e21e32c901a577f58,0
a314a7eacbadafdab9427e4efaf2a2d37abd7da3,0
0750db1851e4651a42986a935e7e5b5e9dfa16d4,0
54e6077bb88ecdc3901226a83e5ab045b78e22ea,0
902b70e5fdfe72d7e7a6fe75eb03d35d21102d1c,0
6721bbcb0805e4da0b87455bc28b31edc53b18e5,0
bdc087e8c4249c0689e9dd0b278d820c55cfbb13,0
73140e38d7e1ea7a4e99770a4af91fb709324081,0
93af40fad0561123a5312a9f13be0d791c9037de,0
f3860731403d289960f599c49842e89ada9b4961,0
eb1f1fe897c121245bfaefd1c805092766f362ef,0
eeb0689890a878c9e25a79a1a94c9c4f5680734e,0
61fe4b5277b39cfa8f438223956040a3a928b222,0
3439e4e1576b74ff486a05cab6a0ddb4c0850aac,0
18e74fadb2513e4d4d5ba8cf3293fce82ab6d094,0
9cb9b8b72389cc7a568d7a68a0440d5060391c6a,0
8baaf4d07331a69eed302a05bfdc2efafb035d8d,0
b398b4c58c003b014966dc8e523ca61ba2c0cce8,0
25320af01044e00199cd2d1f536467fa1354edc4,0
1284e90ff309450a00ec56b5b5943d737c51b899,0
5d845c01ae940aed55fb5635ba5166b42b9785c4,0
bc81c3e66150e58909e4b3a64f99f2d36fb89d0c,0
18e52f3079d7190d78b98642578d060db8af0ebc,0
f128533ef6d3f05e82ee7cd56bbb7d33880c14c5,0
660783e84270010b58f87e50556bb19e1d950980,0
cdeee28a87a3dc50743025964b6fbc13e4a52d12,0
2184518f453820052ef5efd8aa94fde7aff99f03,0
7011aaf1906964be027de899c6d09af750760d5c,0
56da652e9affd6aa2edc77ddff7f6d9f81688e54,0
9dcdadac56dfacb59df70d3b5dec5246075253ec,0
e8fa3263452ad52f775df5b12392f07decc99bf6,0
0fc055bc72aa1527c612a611c8e1153e0933a103,0
a7384ebc1a65472b9a064ea8b5801a5542678ea0,0
f2b69ce19416bfaed8491ec24b27b7430ee7c9ab,0
b1f6d1af65c67804524a616ce35d8b31f6e750df,0
1b22687d81a04aab37f226038694e5579d55455e,0
8c9bbeb9ff6bc5c62641ee7186243a25af69547b,0
67495fc976e88f3f77aa4eb70ad8022ff8c236a7,0
7d7cc56b2f578db557ab3c3d1191528414916c05,0
a0359ff85466826da08525488efa6ffd73f7024a,0
f92bfee1115c9b9cb6831327335bbd3734c15ce8,0
27cc93dfce27f786acaad58f987c945ce47fc7ff,0
0bbdcec06b8d1b3b341bb3c752dcb6d64d702087,0
f2f229100f59aed41d979ff5b8db5627167a33c2,0
63df208ba6d7d41156ed8818d96e3e2bf9edb8d4,0
a8a756f3dfa0c05b1c42d8daab87853c5a4f216e,0
83942e11cad88857dedde6f34cf70fe74e26d483,0
91f4fe45f354ac07c3e1fb33a450bf0845c0ad75,0
08275786f99e1a1e2c72a8b17fea8fe2bdee15c1,0
f3fd88f6b6d474e2efa2dcd4501b7ca81e207544,0
af773417d91b9df86949c42b3953c8b9c92a1f0a,0
ffee3c96dab59aec1458930d57360b4f414442d8,0
9943c1b0e98ab839296632c1f744bb11aa0bb143,0
70c390b93b97fe64526aea7fee92899d3615f5f4,0
79ce7321a7c24502946f0486b67aeb61d86f45ee,0
f99b6fd645da974ec0a98db75f737ec3546a907c,0
a62115ce1ec63d75836db4823928e05b7816d47e,0
3bf90e848a8e5588cde695b861cca53855338725,0
cbb51b5a1930d5f6dbfa9e750b04c5a660fbd329,0
c481c48c1149dbc0ce8a2adee80697f43b194972,0
ca114bc5126da299b845641d287c141bab0df1a3,0
864dea95b3627da1936455319b044f791165cdb3,0
2d8ec8dcc97b4ea26220b25771cdaaf4bfa68ad4,0
69d88f0b284525b259f2870aa08b70a53dfdaac5,0
b5f0ca8b02f738d17b9341e010602a911f357912,0
2e8f67d3b2760a6d0955f7cca812421fb6ccb817,0
eb0de264c9835d154c4ced6d643732d62ae31a97,0
1590b7276092c1e2acc23f8efe35d571362d197e,0
fd61acaa90fff796cdcbadce3dfc37152e7d412e,0
22d6fdb2b4a8f9edff6487d88334177d7dc69c71,0
6f741903638a44861050fb4aedba6471917f1abc,0
5278c7de037de7574d2bb021d3456e61693cf252,0
67c858b30ca3d8dd1c38b2245e36321b56e5a8bd,0
4118ca90a6bd2c12a159ad0ead9762d2f6c23f73,0
c0715934249e20c79396e9b33b877a3a26015379,0
44eb7b64c222750c893ffca46c44b0542cf67724,0
95284574598f68bd1db58eaff7cc88758a7e6421,0
d64e4bf59422046508fe061fe233a3391d75b5ed,0
ef80275f3154f82ecb4e672e89feded0d86ab493,0
87e383b96f5be9a2fdddb96b93b15bfe67c7ec2f,0
d5ec8ad77175369ac3089374376188cb9786654c,0
14b17f174405088171747aed0478f7288bbf5800,0
c361ae52d6fe8eb350bd6328de0e718077f7d889,0
ae908eff77f78a2b39d540401cf03be788eb994c,0
4d093da76e16d222ea44cef079c6fedc202a486a,0
cd08903fe4c092dcb1b814684cbc35b0f9502a8e,0
7f72667bcdc52aacdd2a408c59c3894722e08390,0
95c75316de5400b0ab6e5054235cf7ea3de5527b,0
994941ac628a4c85443978ed12bdefa15879f26d,0
acbadb9348a341ca98089b3726aba52477ad7d98,0
d6d430ba683a566c6a32536fad508f5097005e6a,0
7952e7011406d42e20404b8946379b3d5da33c8f,0
b0af9ad961d63a808c9dff5f8e05f9c1f19b7e38,0
9d4c68d784b4c511937f2f0e4276c5fa87d7dd20,0
f57e75506fe18aad560e3072234d7959d3b9911f,0
e1d42c938f35ac32e2344fad2f806318a9749fc2,0
88ef9dc84de4ab3a515d7a19a690d9119919862a,0
d5cec71856036d873501241f69c9472f2a9ca811,0
c1e78bf431e4284a7edf71e68c26afb7696332db,0
d803cfa328718ba0d6c101a16482efd800e8b29b,0
f22f50d070d939b8cde8ea32230be7fbcda7ffef,0
31ce619771eca89a2c1ee30d1005e3d82e5d4fa9,0
6d4a0f242851ecb5f801859612c330e80f3037bb,0
c208acdf21355c2e7f0a6ca47a3fb063517def24,0
29b60f3130151b84ccfbeac8c604442c1d19cad8,0
1ea1fcebb99d40801bae17f494af2eb32f77ec15,0
b433e2c0084f765a104a50c9454fac19f89383be,0
a73ea85d3a9386cb177fd3eb20fb77029d4b51ed,0
a2c5dd32a53feac918cf5342ed83a933274a3956,0
991b775f2052e150c4c16d1c1cd2073021d40c2e,0
0194a8ee5f4dbf54b962a73a71379546ce272ef1,0
eb0181a8841914ebe41eea6bd9ec8cedd853eaa3,0
1e32f35c5a1064fbf638e18032f62c8aae4a5b4a,0
0846daefb06349dfdb16ebb25eceb175f9db79fc,0
565e9a5c284f4566cccb5a67dc4e27caed72560e,0
c9f1179dd95c642aab01ae23b8f1262d73f58b25,0
1138614350324108af21cac60e58ba8336004139,0
87eda524d5250f0186594e9637938c4e4ef7497e,0
d0c61b76437c48b4dbde6a508616b47b36040126,0
713c302dfab749f55cb034fe5b70a3883a04dacb,0
bef99b1996389554916f6d727152b8d98ce837d4,0
400c7bba108bad66198330e508a65a5de91b09fd,0
36f4132a4cf490fcab8f24935f885c9b3b7b32b1,0
e36a49cc99469561e133f93e22a1c7fbb9a2dc65,0
375b04f4b72dc9f6872ee248c09fe85b798fabfb,0
719771affb6a01756e21c620b26b886859c119ae,0
45eba96562b341c16ed177ae722b9b6665df04aa,0
9d90317a683b08ab35e63e952f392714f359f64e,0
73fc46aeb65680e5d76d7702e0d1583bb0eabb57,0
24513fe23de66965c2a2bed104c1adc94966a228,0
a8ad47a5db38ef21b07058dcdecc66c3c341ca4b,0
ed72d3758fc8943863ee00015d8f07c02ebe8120,0
c16df1bfca3a5ed7586bb0e6125d66fe5dababa9,0
d528c74d39f21b13d539aef97333bb0b7eff7088,0
da2afdfdd20c82dcf9f59f7bd107bc03a8f4ca06,0
83f471bada15fe6203c08f2fb7da412325693f0f,0
fe54c2b82682731298db6a59e9aa2bf41a5f97c8,0
c0114aa6afbd2714c5ec168b90e3947b4957b744,0
012ac87b5318110310ce00d0bd00edf8e0562b42,0
1dd3b14376e7e5cbec7d54c11be8007628b23999,0
31641ab675daa405a4c87076aae4a73ac34f4c00,0
ea2cde8b1e9fd647ec30ea935345dfed47add573,0
a61f331ca504c206083dfe5fabb9f507f4d2a166,0
37c6a701e47c19e439dbdd10e8c02c667fed3034,0
7de881f28a80d770f243bdb4feded60ee82f2aed,0
4aace8d134f6a92046765e89b28aa66d6fe8a2d9,0
aadb2342bfdce6ca9881a2815d9276a7a0b23c72,0
99af5c3b0af212c56f696005574a9d28edfa1046,0
3cd5d382f8344e1e8e556ddbea476b82015dd01b,0
4e7a2386943dc4bb2f3c888493e4e2015eabf99a,0
6595490306f7b40b1335de23ae859cbfab81bca5,0
58d980bf92ee2f84a54ae17c25ee539164e01c11,0
2193602aa30d246421732a1d9c7c29e2132f68e6,0
0eaea482318f3c3df356731f395e994d55c28ab3,0
8e503ef9c3492a3a90e1cb2b539508f00064821c,0
f4df692f29ee6edd5c09785e3577eefbc9b1821d,0
bf3948e06f209de327820f888c21c1fae1d4403d,0
bdfbd0cc7294d9d7d494f4148722f5c5dce43eaa,0
e171dd64e62c912ef349a9384c2ee7750a369fd4,0
af601307416c636b6016b2b3dd8f30ad09a0fc82,0
960893a84485f57197bcca3f40fc552f6b3dc2d4,0
271ba481f2db85ec9f3de1fcd8738eb3ec14c531,0
57fa182bbb9603139eec1e54dadc992a8e2dcf6d,0
1d779738a758043ce93f815284f78cfe54a9c4e1,0
fd06a81fd4ea3ace33d397935c76a4e014088fa2,0
8b505915b63de484f29f0cb32d06b4fc1a0dd32a,0
531bea8f93e48bbb65a3873aeda31a3b7994ad84,0
207eb4505f444c6b2338ebc6a58966e0efb5af06,0
775774098c4fb502ec068359029c60a93749c47b,0
4309b54c6f43cf91f2e1707504928f222e1a7039,0
b4d0d9a5f9a51f244846f228720b450f784ecb72,0
b167bf4afd5b1dd8f5142a108fdc1b692273afab,0
fdf3e43241b77f6fddee6bef77a3964ea6fee40e,0
5d5d0c09d3c8fbfcf26976ff1a661a06f201d082,0
c6efd4a1e3750a196fd1e367e16156fda20e5a96,0
6be2e1c8574ebed40aed714f968d6767921ea5b3,0
78cb4b671d899318b1936548ef876445ae77f623,0
243449bd6998f84cf3169954c3a9d3b41888f9ac,0
cbd2623015cb91845ecc3019fe97e45166ce9026,0
dcb80d0cbf4ab5cb479b7eaf8d8c6dc51d718f41,0
57c50c925051f1cfc83b26ec242ecf687a2cba8b,0
ee104073a86a61cf8d68b3f5ffc393db450512ae,0
0376449916aeae1c67348534f0e48b06d85dfa7f,0
27c9eea5a85f57cb527407c4cdec82df77f0902f,0
ff559d3097467650f9e06f2642c90756e99e17e2,0
48e06629261aafe920630c26d16ce5409c678a8b,0
d0774e903e9e43b058593a175be7eb707f63edcb,0
e49115e8499c19ab72b33dc6a4add3c3e05e8016,0
224b841f4790583d9887f01c8720616f53987403,0
2bd3325315dccd1e9fe59d698c67bd163b8fb544,0
b9cc9492af494f0ec7000b937e6d2a3ba5b686ce,0
f5edd3c0c4336e5c8af53d6340b71b5821869013,0
fd1bc3595ad89765591606a2cc567b02d33e8d93,0
84b0683e4ff7d14c973bd50f8a7110de71c1100d,0
b6fd8c4c4de95848ae736fe13165349adf0cd046,0
9edbd05ccb173ecb71352eb743b1509abc9639f9,0
2f33a1d8fcc008887063805e0b48abd75f198466,0
66d25d1f6b226de5c796eae25d90dea6c119a6fd,0
866e2c03f90a16135d8184e023e39ed88b33334d,0
09f128a0f1373f227dea360c55b06c6638f83a36,0
7d562a5c27b0ee7a494c3b9df1078fc5bc604d6c,0
716d27eb798622cc2314408403f81c8ed38c0d10,0
2a96235ec150e085ea64ca38e5463ad85dd89874,0
6be6aa899148b63535fa100f0b03379835011348,0
030ffaaa4a635758bb812acc0073b62778e2133a,0
ca409928d84a0252d451ba62bffbba63b13b23af,0
83ad22778cf809c27a83d9687d1d6936c6004af9,0
239fb2d0046bc7e703f2df626712a02e2ff33a41,0
9e991076aa01bce47c39d4ba2c6cf2172289c268,0
2a3c4af57289d256ed2f4c2bd5ea9d68c0166c75,0
0498eafb47104b633b646a2e4af0a372379007dd,0
c58f0d760fe9b93f0c5acabbb6baad0874908ff7,0
4de2d9f9fcdc626d768641e11acb4c1151117e9d,0
00d7f83b3b3b61600c61810058da8ff845a1c406,0
e3691bfd27581acb2e0960c8bbaff8952619420c,0
cf8c01ab194197cfd45936470add78743b1796b5,0
f7f5285d009ffa5c2f2d15de98e7394ec8802737,0
a5f602b38cbbeb048fd34b5596709abd346d1839,0
f842cf95813c083f22b53497021af8e0d0965f57,0
8e5e359d7138a733c595ed63601b74a2912e0c94,0
01ffe43d3771ab2b3a92f42adc03d1dfd4cf61fa,0
682a3338125840c72b837e4883735d20753f1a35,0
2781140de620246ce5febf4fb8b5baa9160f4b8e,0
72d9068857fab020ee0a8e8054f3503ebbe51a96,0
8b5201987adab2be28d7cf207ab31aeb8a593821,0
2393a55791dda1b0d38a1950aad276ff7703cc6e,0
ec77e3db00fa24422d9c47fe41be84f5fc1513bd,0
9cb799c68ca72222170d97794db5b0732abe6d27,0
64c67272fd675eec3554b084c7559712dd760335,0
1c49b7d41d4156c0c888b8a4f0a1cb96c25f0633,0
8d479133a1f730e35380318f2bc1050a198bbc00,0
53fb1468e279a68a717c6050f21a1a586b41e9a5,0
03563e1845adee881234c5983b645f8f29447cd0,0
87fbc3d3ec7fce1c224f73c085320ef9f15f590f,0
67231c6d675861b47459c91003ccbdffe4fd7521,0
725048401e923cfc0f1ae35d807a32e4fd884b12,0
feeb5cc45348a9d8a913634bdea32046af8743bb,0
83cd6778f01beef2bea410efd3f813cabeff9203,0
47eb562644580eed9389345be8d9c5df7db597e9,0
0565297dd55f8cf3cd8b4d9f938336c2dcef1e2a,0
0cc978e0683dbd2391fd548d30d9cfb693d7af88,0
a7fe3d5086fc960fa9a85ab1ccaa034ea37cf73d,0
796b6cafa80f18efa4fd698ea8eb54eee0f5bd0f,0
8339c288fc0dc8e5dbcb9bf126749f062b4019fc,0
2d10eed54ad0b46382893a9757e9e7d2d55ea6a3,0
a85af85adfbde965fa7e9c27196f56138a09b913,0
997ec156d5f135220151bf2d33643966526e41b5,0
00c931ba3f6a7af28fcace1c73dd320e6169a45f,0
ca62c4bac65ef10f61997551b0b18528a1a0f609,0
c23c02540a3afe9e3bfc8b54393c201bb9ddad80,0
1f12fab4c8f2197b1bf3b3912983b4e6fb2e74b3,0
a88471bee05dd35e9a0d26aa2fb39e5d4574310d,0
ba0cc0c1fb7d6ab00e66d93bd31674cb7d581d41,0
b4b2403c4e2137e46244916c808b16318fb18557,0
e15bdfe258c1807e16fcaa675b089844bef71844,0
edb6d11958c6aec24e8de54ee0cd134dc6d73a19,0
e5cb1301b3c4e4ff534b0878cadcd9548091ec53,0
523a10bcc609742ff5623a404b124ec216022145,0
d0407c759760536d8f1d295febfbf36fe98b95f8,0
a29b02b46c3437b148aadda75811530a9b447ab9,0
e1ee531f96967dc5df6f35a5bad4fd1b7a8c3993,0
a92201d5d9d22566c3d18d3bcc4ffdaf84a07792,0
a2bbe79f8881ed3c8cf51d9341e2b5dd98997bb3,0
d0f423132e497ab4b4026ab59ef38fdc924043f3,0
1be0b609518e6d1f1308810c95c373e3feec7e27,0
2cd1c5b9ba700cf2f3d4023bd5fe8ed981151642,0
21280093fd2b98133743e354fc512ee187c79c25,0
9d17fd7f7b9821a24638d0de2256a8b62092e0e0,0
467711fcd8424c26600160a57bbeed104eae4924,0
d4e35239acf1019ae54c62da0e62ed4d44c9c282,0
25789394b4671864a0476f3a381538a667cf6121,0
30fe35d032c550d9295616538cf16b07bb9023c1,0
4d4f05db33e4fa2ca2eb9e486d21d7eb0d1097ff,0
4156489bf6058b788230e88f43df4875b60e681a,0
f4bc1441e863552aac1c53098275c80d79865b3e,0
42e8dfb3bcd07c1275c80278f973fe4d8775267e,0
022e5b33089189a657eca4ddde104f8e8a0d7db0,0
396322b9807fa07bd6b9441b8bc8d770ae8b7247,0
5270bf42c75b6e29d76709bf8f94438529e8052a,0
e9ce9f1cc0bfb0329b021a0afa5c9271f785d470,0
562ba39946dce98efcc08d6b39510b7a35b586f6,0
ccc1b488cfe5001b78b8c0f01b7a445020e72a59,0
df2b822aba4fa42997f5b39c1df8f6d5447d0ae4,0
ebc4d429a0cf6c379f0b4fbd66e79d426550007d,0
2f9721c3574637f3ef9aa20e0a5e9820e9ce85a1,0
2167ad810893e6d19aa6bc4b5d3edbf0f065189f,0
294c69ee94c27010e90cfd63cc5285cdf0d05481,0
862f4932732d91b477bd2c887c21406ec9766d42,0
778385efddb1d96c05d6cfd7a3f6b6e934afd1b4,0
dfdb53ac809c9694cfc5364f753f61d1bf75388f,0
53d9fd41073141a0a9cb5761cbde8fc3e9fe5dd6,0
e208cbba34c855660539f5a006daab9477cf4f9a,0
c7e5a4c452ada27e6c5b7477db542c8a17970202,0
4555c649958a0dbd432546948dab6f3ff38f1cbd,0
9e2597f95872fa9b085ffdae10381afd6b228df5,0
00dd8780fa9de98ec21ad00a18838de4608e42f0,0
abb7148d48397e955ba4fb113871973c1258346e,0
7daf201ab30d18b4b1c027439a44884dc6403e79,0
e1816ec720397d6a57ecc62b39f06c931ce3b786,0
000db67955c14c574482d840aafe8ade96b3854f,0
6187d016521f8b1783a92d25e44e0cd837fdc26d,0
30c7b740f8e2e832eb80b94c780f1da75983daf7,0
7a67ba08ec82e6dc37378ce930df3883739190d1,0
74eb5e0d24114f031b3f02f8ec1d7fe471819665,0
dc19e1793db5b078f053c7b85e3a6459292d47cf,0
eb47c21ee699675acd4631a0d46d7a34b22233e6,0
6ed5c61134f1663d2ef0da433975261dc6f89439,0
b9d0fcd6444d6d6fdaa419f96f27643e51f98636,0
39ae8c87dabf1083b836ca23b1aa16fd930c39a0,0
9752a45facb097dab682988a20630db49173f575,0
d3e655b8641fd848205634e02c207031ac68cb25,0
4121f8568cc61ee0f77d55c296d0dc4a1b30ad13,0
2304802b2f2a2d124c242317d3ed903a6ac8fa31,0
82a772f40e4ec50ac9a4c03aebf33b5035f6f5d5,0
378a4daaa8c2c384b112baad4275474e683ace89,0
84b898ec32360fc004467d203f2e91f89db9a1a4,0
ef9ccad4fd281d6af41282a7e7e06c91e12e0caa,0
40e6793d0d80305587e241a917afe995312e81e3,0
1a2496e3003716149022cebbecb843ae655c02b5,0
a43698764758a8564fc76c2708363d327a1fb539,0
efbf3e341726aabee9b8ea936ba41059b3441b39,0
f377de02abfc35beae3eba99662be06c3caf765d,0
deeb863e66598f51aac6410a85b814f721542ffe,0
6b6aa6a3cc5882adae3e59a08a04869675c20844,0
d3f84662225ad56d699fdb2e60c2fcc4ceac2bef,0
c5a8ed1466ba1ff579e2533f810534aeda0bf78d,0
24e7f0fdf17c6b883b05e15bf79ce3769f731f9c,0
abfb10f2c24b2ff5b551e33b885f6c67bc8c7106,0
9d8ce4f02cacb0491d031ef998cc912c41480b28,0
150268aad3e47bf311af7404d6c4c50ea93c13ac,0
d5eca1e997698017b411cc004519098b1f932a46,0
694159ddc0125f930e8b745619a8f0288b0684f3,0
6be7a84f85894d59d85b149a1c06af91aabc0e33,0
b1a3ac55eaa2c3c4268b39c635d8b0c4f4ea3d16,0
c61765a74f5925b435a31cfdcfedb2be387e4d0d,0
c86dd8236c0b39d751f62caf45e02d97ca4d3a8a,0
c8d0851b0bb30d1d7688dcecb6d77647262ecb4b,0
63614fbb06c2b86cd3287403f9e9d8b1ca5bb480,0
958f53b70ee460a18f972de4452b50aaafae59eb,0
a7ab3e3ea62a551622f23be8874e0d9a870fb3cd,0
3cc36ac6af73e9bc0be8446285458c21dc52b06e,0
a32e77dcbe7f8f4fc3f526a90631c1e1d4e3859e,0
b40a2324f298cf75f24cb16da2af25f187c233f3,0
52dc334aecaa7cb5f220a3b9410cd8a4dec6c0b3,0
7827f0549526920b91aa2e62d2a1e7682c36e1e7,0
bcfb12594d1f9e7c2d784210a1e77bc402d5894f,0
49dc19354942a5df02cf8172b8be6a6cfa0f4cd4,0
e08beb91a5f98f84255b27ad430e61e2e7db1ffa,0
96603df101bca4b02dde397ca39a213c23408ef9,0
9bd71f2275d83d06608bf102aedd3b7d3594207a,0
2a64bdb3790ac526d494b187063e524942e82182,0
17aa9879c6a8c97bb37f6c891586a839cf4ad38a,0
be4580df97c3579bb4eba1a5652a2c5ba5cdd62c,0
8db00b877e0eb52d37b93716dd57ce35e9ea654e,0
480ab02b9ff5b479725438d73d616b46c92ea47a,0
1a08f3b2fc30f74f36508925ddef6c307dea1c2f,0
f414f0b6fdad30bce265369c82711fc00bd5c9eb,0
d889ea65e73d9d2699edf6530813181b28848938,0
8837f35645d97e43ffe1025f62645ae99098078f,0
dac3936aed2256d76d1c80888b6282ff5c892944,0
3819ec6d2229e39303773bec00aec5dc00cecae1,0
d27341dc316302322225942761efa6e1e3b9d8d4,0
e70463ef9494b4c170a27e61b847dca44979be5e,0
10b792c0ba3f852adb5cbfb102a83c658c238fbe,0
0da76503e34d7cbf37f1c898ca66651c993daaf8,0
e4d503acf68e9cff10e3c8b51d3c16b4c8a11692,0
e2715a012ab91a844d28b0963e2f8b322c225ab9,0
dd362ac29a4e262ab4778416e572bd4246e985c4,0
405bbdfc0e7acc600417a4428bbc5b11e69c2624,0
e313ea45b090895d821b313ce59d5224a3c750df,0
5e8951d0852b5f4cbf1de3d170f96d46fc171d3b,0
6c57c412f16ab4e0cf9d00d84f4e3ce5a39120f9,0
36321b49c2075777bc96c276c193ed8cccf290f3,0
75203979592aefd409775ae843225deb4035f4b3,0
1f1cb3cbd64e3cd817c27be0dd454c35f2e97101,0
93b9cf46546583b7428da7ddc698280b86b0226c,0
9148126fa2d829637d1977901c6417256b20c582,0
47e0dd9ebbb8eb9b8bb5b99a41d9dafe10f905a5,0
7a561ed6ad8169c114a4b8358d69dc9fda6220da,0
089220322e79ed4a1f1bbc9291e8633d24282ae0,0
bc5fb9e2081455bc038c540ccde7ff7b31d1ece0,0
47bc411f3102b7e13eef5dbb68350017a4913e9d,0
8544697a7169b82456c27b6dd60379f8f7704bcf,0
2e2897dcb82308019bdd40be3b5eede7918a572d,0
e66319400804b9dde52750d6cc5a2f873af9eac9,0
4bf9edb8298d187a96d6a4868ef5e68652bc8d6c,0
1eb03503f39c508b2b3ca157cfd35ee2dcbf1c22,0
60e4ef54ad61bb6f46921db2ba669d9eb8ff260e,0
c58c3c9d914df8154bf31f168f49567fd0d49e27,0
08f50144f0b08403f93e2f5db2b333e900f8da39,0
2730be74c8080f1cfc1aceaff3a0b736f192d887,0
cbda730a8f4b0fb382b12114fc4eada9d5d79351,0
03689eae801590885cd32c749585937f2220ec9a,0
aaa03bf24237309f239b027aa0ab9f323917020a,0
d5981009f08f4277990fa30aead52786a14750ce,0
18273a57a36952a077b0a3ca5ab7a9e503fe734e,0
2782592e9528c873545131f5e1a4f43400f1629f,0
cc6abdffe1081fd9608fa4d15ba3f2ad2628eb29,0
11dc8ef4c6cfb61008ff7bfd7911f5d459fde7a6,0
595bbea7b2aefb9b4c97e69cdb04329a7b9eea19,0
310cd904c496d4dce76d8b08bfdd0c9148c441b1,0
0730381ce0b8a16966ecf4b5ef04de881a7ade70,0
3e418a1ba4de5046b835519df4f59657f792b7f8,0
6a43d43f9d9f302998f2c5fec7064292720bc006,0
f1173cf2b033e0c0e2ad711827933566346dfe9b,0
f0420bc450c87f65e60fa019fec2afa091385060,0
ce5e8aeb84998a7aece917a643585b7fe009fc62,0
e9c122b8d03d1e317c500b16863199096740d8dc,0
68823b1d91d07e32534f42c7eda195be329560dd,0
e1081849d8548da3f6ba4d0659c30a497e34c6b2,0
9f37d6038c65735d1aae72e714ecbaa4028bacef,0
3d52416a6a7849e11668be8f473859e101d0cd61,0
f81a16316d7b6b15935ddc4c6b09921bdfeb3a96,0
e0213214c9071f50dbd95bafb0ece6acef136808,0
57f2604bfc50eab13be59f7f07f04a95fe3f6333,0
e4acbb7a6e4356bdcd7d10a3f921f06b73e18eac,0
f9998b112882277dc6da6455fccecec22132be44,0
fb628043e7ad35c7be775501100d98dce96a38fb,0
4572241c595932ec4f9a6d7db7f588f9e40a36d1,0
f434fbf8496817d88196f83644dd13add05a2603,0
989423bb1bda85dc335c7b7c62401d8f1b8cb51a,0
2c92634534be4f88bbdc332eec1933305847305f,0
42a31c5517020eb188fe0440889524febabd41b1,0
61e3dffd2f1e64848508ab505076c1cd77d9a0f0,0
1ab0eab1150be29f6c74bec184ee6444dfaf772a,0
33ee6fca1ffb11aa93afd064ee3e5c00a72c1548,0
e6cb31ffa8f2bfe0f93f1d27989df9c36808bfe6,0
33ce2489f72dc85a7093842bf5bb5843953c6556,0
dec4a12e06865782b261b4bfb85d5f2d797c6ed5,0
7388ca54118d8f0be32291922f073de292416b94,0
29a22319a843f0520b6e2637808ed89d6abdb306,0
57af03c8cbece020780889f13b760d518ff1d0b5,0
7f19ea792908c25ce46fcf9f841a2def1eb9eaec,0
bf0a43cd61647308eca63ff26ddc1f04a00373c5,0
6008dc9535c701dc470250dca33ca6a684d41bda,0
49505c42e732fff659b99357dc6f2e74cd07f0a6,0
a04b188138629b85228186d3672f4a8363245d1a,0
f542d17ffbc90bd92ce1b6f475ceb61e0a5f4568,0
21b697a44dff4e3290b648a337af8a2d6ca0e644,0
e1ebd7390afa36e008e4267afc11f223f866451e,0
b1182eab83b91cfe4e781f2c6088989030e020a8,0
802deac6a0e6e525011d9eeda5e18ce63c50276a,0
854d9d233f5ee24d8eb6d95c07f54c213facb677,0
1a0d42ca4e83293d1f7050bdf05a7583764d8b7f,0
6719bc624eb754335ce3e69232cdb68b34a15cce,0
8f77babfb68f633f1a7fa0c4d875f6a7fcc1d84f,0
cc89e39fbced7fb93f2173abe2c17ef3d6915393,0
f789d3ff6908ec42b917ed432c8f80b35b7fdc85,0
1f9526ec7529075dd898813958f82d307e47b206,0
b42aa6d6409092939fe6b94fe065714bf70bf6cf,0
4c6118909f918ac63d0c6f060db2dde33d265f84,0
5669cef8720e16a9919ead3a95776656b881a70a,0
ec0399badc3ffc7af7980a25632b74c213ff1593,0
41a405867da9e99ddfaf46d48309744104ed58b9,0
3014ff9a8818e7aca98719574f25f2949b46b83a,0
ce9e52b600783b1b5b7c8f12fd3a404e84daba44,0
78eb940af1d240192205701ece183783eeb09bc9,0
41e514cda5f68c444edc1058a18e2196b2c1d7d5,0
c72538bbc6ed5e43d53b386e04f1c88f2bef9bec,0
b86bd4261aa05afcf1c76c4d3a5f64bada5287b3,0
6cefeaaa33562a9a5667c8889f965df498faa249,0
d28e5f09f0f4128a716ff91d4919e775f4888179,0
5c5e141a53e972ecb2ee8d782ab4ffcc0db6d91c,0
6f2c0414bfb3e3cf6fab29f0c2ebfeeb7fb1a01a,0
188b868245176fc770dc367de440f3898d56ef37,0
4a01d553e49a2fd3a40376edfa87996f23b46597,0
f82eed7d0bdaa45626054bba76e9e1657da0da49,0
69a16eed7df49ff18d908bf3033d5c864557e211,0
32f8d5430225d5fcf2e9b3dbcb7f8ef9455df15b,0
63befd6658646ad1224ef1dd87ae499af55eab30,0
bf97ca035c87b10c2c53fb3a4ab1bb23993ff935,0
532d8299dc9bae06e3c415c14d4084d20ca7f2e7,0
fc1dc0ca37031a8c199898545b0a1a87d2dee500,0
66e02afae50f6ab95e33d5204646df5c0616c0a7,0
3407435ab919b2a39f892f859621f38641682429,0
d88991ddb186f746f0a4cb193d604a6cb51e6489,0
06564020fcfad7b5055914209eabab1ead5edd6c,0
2f9d5639fcc66a240f86bfd6b05048696672bdd6,0
798a83d09ca9621829ce9fbef8d7474ebcb5f14c,0
301f940012e8a88094c1de326dc3bfbc52a4f967,0
a61b111502aef396230de4d94358d883c3611df0,0
ab90a71cf2b43792799866c9ed78823bf34b6298,0
33d23d6b6a3201cc3ffe2eb16a0e8a1a4a4b4c8a,0
08321f04c2714682cff6b2948177231170f98754,0
37ec392b3bde05833f197a8f6561e510bf6f2adc,0
3fae84d33bf407d2bd65bb19e3760eb6ef0b8379,0
ff0e131476a2d988423e9664f3bcff36588cb59b,0
c02a5675fbdebf6d499d76113b6bb909989fed04,0
940ac7687587945ed95f5bfec56ca22e9bbb185b,0
23d2d8f69780706c5002afd82a686395eec3bd47,0
980c6b0fd2291911441d437114ed70da1d85e561,0
d2ee9589570b53a3f15ef7b21893e7123102bce6,0
de18c306512fc8136998795629c4a7a71bbb0e69,0
6952d8a1f04ddcbbeb91f8451534d04b46d47b5a,0
b4c773ae7d27a7ff8ef153750e9637af8b0d3e16,0
b33f412b17ca5618a7b48e8fcbc98f335e836b3d,0
eb8ac04598710c952a41c3112877c1ff8e3b3cfa,0
56a311c58a6551a8a7f782f0e3df13f3481b761f,0
9ed408061e37f440bd65bafc507f5d2d4a28ca68,0
125ad9bbf4876ec4676c01929218550acb13cc20,0
89dcd8f6ed434b1bdcc1dedbc0f483c694011a02,0
6c5300df9df8ce66170cc2b4df86cf98025f8be8,0
cc819ebaeee681f2d2c56f5d7babd841d536d026,0
20012388e53ce45b6358dc8e685274eb5d13ed0b,0
1753c8720737290434bad9489dcfa9b944c9cb5e,0
81655eb4c78d9c27fa6e822fb6774e78078cd4fa,0
fdb5bf87703f194e242d1377e363769323ecd8ae,0
39f8fa7a1e8386edc05d924932733ea2f9b5fc6a,0
2a9da267c30df99c1fca6c0d751b227f92c545ef,0
17f698947d270762f65aafaf2891db95c3819fe7,0
3c01bfaa968514749d54218f910563ac19d970cf,0
fb7aae4c64f7d2bf6dced00c49c3ffc428b2d572,0
51bf45a89751196f24c72878d568c50c307e6cc8,0
42874dde9a3ae6dd3d6b49b8c78b4bf4c7f893c1,0
a4ae7b2374bfab3729937f8e293f3621d3b07654,0
c4dd9fda6e4a9be7a532b287ae33b75bd749a4da,0
0eeaa48dc4c66e43e7a26909eb9de417b0a9d63e,0
ae73476836df9eff9ee2ca5008052d5545590608,0
01b000d3efeaa2a8df3a1ef4837602c9605c1d3e,0
050b855c2e0b47ffa7adf6d3becebe641035a473,0
4e5a69925ea13c9d2ae35484be8b7299451fd674,0
a6707d956109e64da9e922717202cb0bad677517,0
8b0dc1f7fa38508d8760d574b8223e00392aa9fe,0
98d829eb6af5449ac27b66382952de37602ebe4e,0
f6c513acaf04dbf3acc69f96053897b0c90dc746,0
c89a118bb6a3152e8f78f8e13cab91f9acb237fe,0
6202ea20ab11e858daf641c47b29c2e6128a51a2,0
2b0b830822f5c9bd4a45b75ae6fbb183cebb66a8,0
d497b4617c7fbb387de3929ea0fa3b1f912c7928,0
82b0b801c3795bf6b7fa0ee3d3ec0e1422a89faf,0
8d471cde5ae841fbd3206fe9b84483be06a5a868,0
d08c40e1af3570b58733be06dc5bd227b44e30fd,0
6ee7b53e6a2b25182e59b8b0ca662fd1ba97d685,0
2d935482d9b026ccd2cb2b55fcb05380a4466500,0
f38341cab4a20f7f690072f24d648cea8e0f5784,0
3592405ced8d3a873c3b0c3ee02e3a7548d18f6e,0
f5e5d18165434e8ee03d980373e883850a3f8cdc,0
79ffd5d28b55b0ff551553dd460fa94511ffb00b,0
e08fbb9e9adffc54c5ad87ddfd57b590e65ef862,0
24dd750b5bb142d26d3c74f1d884533f66006346,0
c773b26e733cec41d815bf055871e51e4c69c67e,0
1863723f01e10e3930def14b89e12322bc6f9217,0
7fabd00432b9974240f1df75e1e7fa63ba276589,0
efedd6dcb9b01a2bb2146de664dd312c31e6c22a,0
197717f271d415ba50e46f4f3482fafe64f14a3e,0
ee397936d175e91a227405bbecd2aa2cda463d22,0
a4c2318b1c86fd267e490818311859de7130c6d8,0
617c3c784c456eb4bad440e3bfa01c10777d1094,0
5bc0b82316ca2674964a370fe6d05a450d694189,0
de2bea7643c2a1324a90c9e6931ee37a1d9e0f4c,0
dfd5f19d42454efe3f9ab3f290ab219c96659eee,0
7ac4da1c3a1583ab4e288bfe47bfd9ba45655d45,0
f57b0881bcc8733ea6b3e47e7345913b0662f03c,0
72e2cda2f031bccb6cba1547981fba70f5d34327,0
d13cf6f856458e50e8e4528b5be87505fece74ee,0
056f2e0e0ff61dd3bcc63791214bfd87e60726b1,0
91170b25ed8503338b905ab1e962f9fd9ca2b70b,0
cf9cc619ffdc632b9fca6add307da0243d34bc20,0
e6ba4903c70f15a22637d21a49fe49baa8370dc1,0
5c76214e780ded02c42788f7031c36864352dd62,0
c93eb599030a1b151300fab3aff28a1bdff5905e,0
1f53268e6c72cb65abecb04826c5e4243418789a,0
ab485239c60e9fbfc138071bf3f5b426a9fe7c77,0
5cf11219eed630818a4ec33da3aa78486e02ee5b,0
3817c05c41caa37a46f114ae995a439b68f46c18,0
afa886998bb8ea7efaa2ba1c4547dbf398cc86d8,0
d8f9af13ba04b2b483f6d441d1c4071174726988,0
1acb3d3f5f8230e4329be95644c9f433b75bf0cb,0
1c95a2a5d9e40d1b7d8b4626890ff1babc4f8862,0
e4c5b3536ee6df12f621583a2bcf5da9f576015f,0
e759649cdd49383c850d9d38eba21d0aab4df930,0
950fa82b37651e1e77421cab9d7c29e194cbf4c4,0
bd93ccda0479075258d18c1596d1c6408ab854f2,0
51a731ba04c8a5555afdb235095076382f67dae6,0
43a4141d3eab58255bd74a0e433fe54fbeee5ec4,1
d651fb37e5a3ebc1f0a4241fe569d13f6e460bae,0
3a7c1a0ec0ef23e318e465fc5cafeebf544f10be,0
ac37d8d64c3f5aeb0032f420ea976712947f2cc6,0
76036954547d0ead559f4e7b258019b3355d05a4,0
ba2886c990242c32e75d94a9d4c7ec9aa2571f10,0
2e3641fe8744a169d4dfbc24c9283b511b2ceac0,0
8ade49c09a726757d9a479f0a310d77d79d6819f,0
4eb186605d1e9393b38e479faa8f0aad79a3ef8a,0
9a8268b53dc2d9bec4c227c454b815d68fae0f11,0
d969913836215396e8f586ffe6e0151c47d057c5,0
01a27abd5809c9fe5a552bd081991af301ab7459,0
c296d280f5c66277a7f0b6fcd0843eb7ad061858,0
a76bed1f8338e0bffb78b3b5a918aede47135520,0
7ff5505d83d39b21f45f2389b040462240abd75c,0
6c8b71411d759d9f4218555e4a29fdb3cabd080d,0
e207b99ba18a18f04f431c1d74ff97b44165b127,0
c9aaf4d4fc9b9dd31f61d95fdbafc820ca470910,0
2dcae1bca07700d6a212399db9b56c775d009742,0
af915c30bea6559e03207782bb02d38fbcfc1746,0
adca5c3209e1e3ca2e61fd10d148c4ec07d6c3cd,0
fcf7e81b52ee7557cf1ce97b26913df707d0c7b7,0
832bf767fe268ede891e9dcc4ac9be5d6088da21,0
e477b4c1b4f8b32ad5b90287146ffa9ad1b811c1,0
72ff538d79184b2542502edbbbb4b6e38d2a71c2,0
b785836d28f31bee038d45e33374c4ec5e15b435,0
4a62504cbd24ad342769ef538e31e91f311f72dd,0
58c67ff22e0a1531d28369ce52f7b30b4ec3d434,0
4564a17fb24a851771f83a614d0bde5bae05bcfa,0
f6b86b380606073a2847b8926d893be047903995,0
9cf95344c06ae96954cacee357694253d12559a7,0
108c5edc91122f913d6962d557e497da18a66067,0
e68020c44a66557c13422e416b8c388f6f2d3835,0
057b36f3f0235f39b65ede6292dbdd4546201666,0
f846ab1cf78a4735836d6d3fc90bcd34000421e6,0
19c69bd834930edde608504eb83db4d30864d1f4,0
796a288e0c2e17ddf7dc44a4cd790a7eab4e158d,0
6697e685dd8d3bb7a41c65a013276e79910203f5,0
34074f97a0a0572518c8736a30f017563cd7e9b3,0
ddaa71735ac8c1e7875d4b7bfe30c92921389982,0
d5c724671fd72d49ec416e7fd086220ef7c8f4e2,0
c038c0c1c317861366eae15f3b3dc70d9e927992,0
6f254e5e71609487a6dc99b2858252569039abd4,0
cd299336abb873f53664063e0a977650f22fe8f3,0
2b0f3383fd8f54de72157ee878b4c92f26a0e60a,0
f79c0c730bd933f96e9b9e5cd821527dff91c885,0
8ac03ce696c933cdcdedac6b7de0f56cc1f59c45,0
ab4a888d3863dd22c6828b01e3e840b4013c70a9,0
c9fd4d57412828c0df0cd68cc40677e822ecbfe7,0
e821bbda82b5b0aa5e834a1f515c2e2088f45348,0
dfb7d3536579edccfd3452b80dd7b8f87608102a,0
9b4a86e68cea12630e5ade386ec78d29d9b8a466,0
370657f48e607266ea493d5949875322e7d32849,0
fa4642768201907dad2d4e37009bf73cc2890ba2,0
bec3eaa55584966aeab7ad00cb16b07656b82553,0
8138f8c25af368ba6b31e6c0885265cf0783d6d8,0
599448703d8922923874db240f29f2669cffc71e,0
cd5eaad040a682355f0b488e332b7f1020e4d044,0
9313bac710b3c71d0c7d5d196550bbe88314647e,0
0af2fc75f2a7a9e6f5021c68c7d503feb596bd52,0
19af5379fa93633e2c7bc0326fc5f3b28aaf192f,0
acf58cffc617b2328c70acaf22026cfaadfcb592,0
96e16497119db404a4e59709e022d4f9564d23e6,0
328c4046d88629d1d7d484e88cb4293541bc1141,0
1ad6488cc46dc7818effdbe572320004cdbfa253,0
fb5ae69daa5773031122a86ae245e400454ba730,0
a3677dbfffa5c71e56bf57b460b93b89f50a93f9,0
4f8d18366c1e450b746a8d670c0b46c5a9160b53,0
ef9d3412e9ecc9070787c820836f93f456e23682,0
1d2b9726e7a8fd7fa4b75b5ed75149f43163b5c8,0
3c472321df2d2cabb0be9d4773afb998d6bd19c5,0
e17af533fb064040fa5e0c5f195c6a14dee37193,0
4a291f4a30e8350cf74d3fd076a31d721020cf52,0
4f02889801641128611463b5e83a3fe098894aaa,0
7d421a35cc24625b247cedc28fb99ca32c3942ad,0
208e8af1160c871a98547aa02a2be048a8d18530,0
f42e49c710e732f9be1efe22568f72d6db699192,0
92dd4eb80de367ec8df62ee8aa4fcaf40f3eb16e,0
d3ccda2ec59d3197ee10dded2d60778f0f33e34d,0
3fcd5e7c95adbb6c4e444a44b56db0f168b43226,0
9601b455b8931feb60e084ee9698ec640256eb3a,0
cb3a066b6752ea6183cea9f7712ac6de5ce762f0,0
7e3ba40585f473071bb3b05d155d3474f39d7575,0
8e0ed2b0182d553a9a68fad43a9d1ec8156ffeb7,0
04ccedfa74f1b26a004b19a0effed756a385e008,0
461a020484eb8c68b509bda6229f8e4c76de0b94,0
4c685c09c9ed2e443adc5ebc09074928fdedb3e1,0
e6228a68433b15b33321a1c45d7124bd1e376baf,0
30d2f0666ffe7f2042c332f8f9c44e4443291b5d,0
25920e44080d22197818ec182618c84a5f80c063,0
5379e899b05a2fe89c1c52f2b90ebdc7127e2c5b,0
558f84322cefd02246c49666d7e7a3b2e2cddc13,0
380a192ee9df078e6bc8c087b241a26c9072ff63,0
89e7c7cf8fda6a6de0e25faaf1edf0decec4e8ba,0
75f3b26a1898cb970a94b81bf7522c633c007c1a,0
02ae1898a1bc9eb7fe541072b6bd1ac0dbf6a915,0
6fe206372bd3c1c852fbf3053fd4cb4dc71790b4,0
349bec6e65e6abb1d69ba18336e60e3296bb8673,0
8834ab9d6553eff2c2389cc8f6dd3060d2107242,0
5d369c4fc53a2ef5c47f16eced9fe917a87146a9,0
45c80e3aae8710e386a4f7560d45ca1f14e5b5f8,0
6bb70406aff4fd377ef0c587633024d6aeae9a27,0
c34b95d8ca27574c979acf99ee8fb81ab4227cc9,0
36259f7c1c9491b70687a7961dc865498b269d23,0
f3eae24d5955de2a2b98b677718f29edbadd7b97,0
410dd3f1eb54620fdb8eac8176061817a3a57757,0
2586f75769dc9c82de31c47412f3b41076a9c55b,0
d1074af06d6cfbc6930cb86052a4ff2b94b429d1,0
bdfbf651601b9fe7732a61aec54c2e29d450148a,0
abd67115a4d48846c43601b3aa26d96727607165,0
d0d31602813372b7d477004dae58ee6244fcb68a,0
6f9783395bf72fab0b69031791f73c25fe0af4b5,0
7b8b5e5af8a117aae3e04b81d42ac4995c236527,0
99281093d6d949001f1324d5113438aff003225b,0
15d7caf240a54109db26e1d7cbd5c441980ba4a5,0
8447d34d37a36fb9b0e360ccac9a6eb1c86224df,0
ab45bdb289e3929d71501008099c0e890653d7ab,0
c660afa96016f6cd2de356439b58fa9c4443d467,0
9bb6841f0f2a265450a4057bc23f75f84c11d0de,0
ab2fd4f98af4d34de1a5ed28c6424c0686f05ed4,0
e8d76ef9c72325b773b9141a8566ce1147c1ebc6,0
77a30c218d8b1505a9ed450e62625321bdf000fb,0
a19fae7262f9212ada7acde170ded85a12720705,1
83b950724307dc1551a7325961be1da89acbabf0,0
642158f72b2534e29b0db024e761118c67eae3eb,0
0177f90032a1a68496ae1e566697c1608fc8cb95,0
05111daef93db06cdccffbdeb475715413a01d67,0
5e3fd2b36e87e86dabb0649f867d464b68dbe61b,0
cf4d206908fa811231fe1b581b6337a17108548b,0
ecf65484f995bdc4a3ce7dfd70909998f0e3c34d,0
16b656fc57d73550ec04e8d253238a10d2255a70,0
bb74e81c29138ee7d6770001d454478e0861a16f,0
414018941927a4b55b1d730fd9091e14eb1feb42,0
d4267c5a70f24b96bb96a2e1d3695cfaeaca91ac,0
65302de24316b21a3955265203c60cf663067743,0
4ca6aa3f287b1765cc1532f5fadc01b145911a61,0
06adc0bd7e8774da1f02d621b58d01acef940fd2,0
f1bb5ed022dfd002221d6e41b1864381d5bf68d4,0
9524915162881d999befa134a42969bb7a02cda0,0
6512d665aab8b9c5760043b64cced13134c5ef10,0
452081a36e6e649ec8958f74a780ddab52e74644,0
c9a1c7d0ea6846f4a19b596b4aa1fceec66a8b3f,0
31044ba56dc378d68c04334b66344a718116821a,0
f5304f2e0f67363505052b93fb6e979e6eeabda2,0
4450add7927f8fc8b6ef630af09ab5bc2aa44b0e,0
55758ab02604154cab4d44f637358625f2fd897d,0
53468c6803842a1c699f16b3cd7e4c935e60de2d,0
12f145e46190bea7d100aae6ab45ea0e486be12c,0
ff519f3d36dc3b4751a06e47def7f7551cc121fe,0
fa0e3dd534bc53e5923327dfc8dc1d39fe369586,0
f6d1a4d9d0fa98e275bef1a65cd40374bfe751be,0
5df3f18bc8abf3a03bdd06443ead128eba2350e8,0
aa36b3b50d0e229468c496d7de2e983632332323,0
e17d89b3b79c71599c5ffee0b1b01bb6b550e2bb,0
3c52e5343a37893408272d4aa6d5f488a2247d4f,0
d12b5c371453a495da726b05913b89945712047e,0
0b32962c573198d3e90542f22f686a37b93d3710,0
43235dbbb644cd3c0c286d8dba953f460e90944f,0
768dd780073d8f8723f93acbd772eca9ae92d64e,0
45113dcfed17aa8cfb9777bbce366a1fe9af65df,0
a31fe81abad3509c3421f3084326a5d3f3606012,0
483a6a52e0cda2fb9127bcb4e97b02b041b0d5ae,0
6eda86daf5dc2668edf4e352b6eed7cbe0dff5e5,0
7de681849b0cb509f3e21c70714148250706e475,0
16c748d8dcdedfa1f6bab29fb50e4013e37bd82f,0
ad6853f56fac69b0479b164c4920e8d7b1b9ac7a,0
8112b37937ba77d2a60268e6713d8c3e91a48d03,0
e36f8917c52a814ad36a14ca95fca8b67042d4fc,0
0d157e15345c98158968825e1ea938c1c7be5929,0
4df00cefbe250d252184997a352bf29b3f9f939b,0
92e5980b81abbc34a81fe4b07596253653002c48,0
c0277c63ac45e691270e5c7b41844ccaec02bc47,0
06341a39a96249f2b1f37aaa61303d36321d9bc0,0
7a4e64b07cc69beb5fb1320ab2d66d0e7b9fa9ce,0
e27c3821ee4bcf66c47ee12ebb094ff58ec1e1fb,0
e49f18518185181905d9690bbe59cf8369b9d8f4,0
cd2d049fac6301077e0e5f441edb55bd71930448,0
724d534bd43360af1858d981710b614f01179a7d,0
00104e73df37ae873fd6a6b2b9e0b69bd940ec25,0
5469e099004732b43b0634ccf633bf8cc1b2356e,0
966226bd2af09ecfdd470d049a9ea1075dc4289a,0
8fadf0018dfdee609636ac74d520609bba8ce165,0
50a124bf76c36d47d797306ccadcb3d97c43caca,1
1762d632b7c343fc524e1e6495babeaf2b9b8550,0
3426c6e089b41243648033f9cd9ed6dcbb0968bb,0
f9a8a38405a6c0c269b21318d1e469a7c392be1f,0
ff1547720ec4b433091745b33d1393a19b46538f,0
85b6e11636bc561ac4a866ece232ddea65b2f39a,0
b43ac62dccc9b4ce2033709aab0a78e1171f3072,0
28232bf93f41ddc8dfa5bac219a1891ac1dadda3,0
d6dda0c126be87aa2e1be85404d9fbc87856c467,0
33df0280d9cbe0f2ad2ec3bceea0bebdf1eaa43c,0
759f29fde801d8eddd93ff1de7537e7f6e8aca6c,0
d822758c2d452f6cc75014bb773f9badc3d8fb07,0
0a3c3449fe484d17b04516d562226337c1b10255,1
03f251f0fd62a84a56d4c5b26f60b6a746870299,0
4632dbae87757ebc9da310ed929220944d09c8dd,0
bfc2d81a8b058c164fdec35a4e031060960ef98f,0
b158a367e92fcdcfe517377039b4fd8765a1df5d,0
dd5967521fcf984c7261220e6b2dbba126be9211,0
513522319bf5488ac4475b9e31f2e515ad1b1112,0
9fb2ca62d1cd49e037d14fb35a00d75a6266a8ea,0
021922ee87667f568d17a94513169e17f3302742,0
5e34e05fd8e4ce1204e19eaf34e55aa95df4c5c0,0
896ccef9c7c6710ad84d41cd7ab4b4e696b56cb3,0
1bde5cd5bfd78ce4f0b39e66439966688380a0b9,0
7caaa91a86e1cf827a6fde2e5a04aed2859ac980,0
e0aba3e6ccb8166991907ec82e38a58378af9b12,0
0e2f4d6f33eb3b74142e1bc2f53dc0d292191b83,0
5337e4e7a559293c8c18adaae3d89f0bd150f821,0
20a4cc7811893962b8e21fdf2f52edcff611e803,0
d225362cb1753ac98af81477ad4d318e783500e8,0
e8605ab77b66d87578f89e761fe475a6e2b0ae62,0
90124986fa98f10b88d0676bfaa612db9d152a2b,0
231850ff0bfbf6883b74b9a2cedb02d30fd6b931,0
b01fe9bf2a54859d6e2d908d04aa760cf37b4674,0
330a6717c673a69996160846513d74f6bb096e3c,0
375a63b1b624af86e5a678a419cf7b1f29c82221,0
c0f6da1ece33fea185edb4d08636aecf05a9104c,0
c2be3466f161ce090ba100107ae4513d45fc60fe,0
32f3b815c9340c9d72e4c65de37488b6a8cdebbf,0
bc21e8bde6b30b563f4e6c7d321adf128855de9f,0
306f43c22f3c087e7f541f0083b60068cb8663cf,0
50fe5b9dc521e0833e62df1f2a1b917c9c26105b,0
0c0d1df4c310e989855557ec1f22a59f0bc51266,0
4b325fe9ccc7dc239fc338dbb97baeb5cbfee3c8,0
cb5b5c3d7c87b141078fafe1e19571be8318add8,0
59f559ad79c588b648e14950af68e4436e37705d,0
b262d06a27c3d1e7f0b970ef86b16a6270f9119d,0
19783e58f789c44a5595b8f50e14842121e0dbfa,0
be045051b6193d80af768f0dbc3caf35f78838bd,0
a9a7910409756eeb5aeeb729ee612bad014a7edd,0
fb85a39f461baa097aad5fbe026673b190574a10,0
76fa83ce78b09a69418a028402eb3011fee5298c,0
c422412d32e14e8afa259124b75f864b4c8833be,0
a4a8f826376808e955a226fc7415a30dfa04ff34,0
bfac1aec2436cfb14e2ce6dfdca5b71ea7149182,0
e2c979909b4486962e5fab150e615f66bd46164c,0
809652a391eca056eebc494d106a4bb0ceefdd59,0
61d2ab41b1d40984be06fbff282c89997f2952e5,0
d219afb072c0786e1195479d9bf1731ad8c6da1f,0
fd10c3d7db77ae3274c89c8fa926c0b5ecda520d,0
3ac7c4c9da9c15f3b2762ec6786fdf7f46a76f75,0
17ecff749acf32ddeb8c8e9883491503b8d953a0,0
fdf3d2c2a275f384fa6361f705f73bfdd0a29b88,0
efa533b3a01e42af04770f8c4ccd49fbc369f374,0
d7eb24cbc1fbdfd09ac61daf4b78022c8641aec3,0
9a06c433d25aa93fc8e192e1f3310b77cf61acb0,0
182a19bcc535c334df6832d91169ca60cb826f18,0
487861257d138ed7b0eedeed48bca28c7d0c4134,0
caa3ae14b9bf2a745e495d7cfbee8fe857993572,0
1eeecab0f038a35b93faf57e0a9b85b733285a16,0
4c63aa0a52823e2fd3e4c18d72a27e82f9c8bcf6,0
b8f3226deacb7b4f969875c88670af85884dc531,0
1a30a36b68eb05ce7e33070d17dfd746d463bc53,0
752a551c95abe091bd69a4c68c8f9d900e5e3b67,0
e68628bb255ff74b33ae19a37e17058806d9592a,0
d4e49ab13c6682ab8811d69546682c4098a4761d,0
2e6efa8f0eff04d95fc55fe0c3bd0f78a72bbc1b,0
316dfd409563f1396521798aefab04ce7999f84f,0
a272cd9746694b2261e6a313d6b0cc3e1e6b3dc7,0
dfadc09fb25e22ef01021bb5a062b721f80e26fc,1
41bdc4e2626a9009b0a0be4d25e182d7929770a8,0
22cd80def1f140c95e4ed723d28c00061299ab4f,0
f9193d5fb3723eb019635a0be77c01b47fdabf26,0
a9d7cc5a03cddeae813b36e1949d373602749e59,0
c3d192479bc0727ea892f75b3d98f08eaf58ec70,0
766da3f0491d6442b6fb57049005cb9564dd6b6e,0
ebf09d320172073e83a57fa7cfbd2c53f660e1c1,0
0f6bc4c0d57f6c0757557a3777ac16e926d5ba27,0
5555226cf8d009ee9fdb9164a919e96d768c529e,0
506d027199a615962ad5df482f077792841a01c1,0
aee94d0b51becdc83ea4a74e86b242d0ca3d6f0a,1
c5192345305636887229eb7ae0829d621effc2b4,0
d75f0c4266157c351d9df54d877c79eaa0fc3516,0
e58cf27d6358a73afeb511a4b57fad7adba3295e,0
b62a8b122b41450d34b0caee5285fe0e7930a08b,0
72ea0f2be8d01e1559aff14889967c8ccbf1822f,0
9eeb9c1507dd319eddb3ba9e21667d3101f1371b,0
6e790e42d80700474fd942c466dd9013c1056263,0
b77ce8229b93b02e7acb48b88f904312348005f9,0
e7e48da660e17bbe5c0f8959c2cb9f6d60555cab,0
953b0d30575adea6f807ab97d7bba155420defef,0
66d6cbb8e173ddbb968afb714383a6ee6af918a3,0
131a120d7e3fc8cedf6552f9e5fdb4ff933a7386,0
1d8d34dbb79a7ef96c5dbc126503cd55b22091ab,0
8fe92b712ea7e5041bbbcbfccb32d6b68d6422f6,0
4115f80821f408d6bf57651dc9ac6f8a296f8790,0
2fec372148a0d8a77e5aaede4af677a644b1f2e1,0
1a25a4cca2e39b505cdf772b121bd6e14e1226e2,0
6077beaaba3f99a30c4100ed0d85017dc0922ce2,0
de559667c7f469bdc9b44661d8d7ff552efee45d,0
e9d6422ba60d537ac0af36f3ae12dd96789c420f,0
56db2c59b0c6ff261f22b8e45d4f26b6e5c51f5f,0
422b0fe3d0875bcd86d22cb6bde557247d36a423,0
b26a3b41b047cdcc37aa65625075fa621d13f66e,0
061d70dd783a9150601fc884cc93831d39efd751,0
727f55cccfe0310487271a148f185e41f3775c8e,0
38141bae57841f3520c27588ee19cd2126c55429,0
cb10f50d16626e5fe0c3f6b177efe234a04cbff5,0
0fb67b407be9b3a0eb36dacb8790eb94029f6a76,0
616cad1f99efc4d4bbb2220225e7169355197b3f,0
cb0d3f61a6890dd7073baf3df99d9a7695e4bb10,0
4db794070fa2f8a20fa761e1849ae4a2ebcdd838,0
001d716da7cee606a74d4671ad252dcb5b2cc72f,0
2e7f91217d0e468a5aaea946af7cccabaf5d1ca5,0
55ebc7bc2c7ef36f27f3433f581fb300c4093178,0
ad8f8f034e3adf903fb2429d2560014805971da0,0
f6ffd04c99e8721b00dedb271fa4601c586d2368,0
c83e0eed208453327c8d5ed02d5f264a39374b72,0
f1ebf757d2789e9950153fb6e8b757f4ef280a1f,0
7b71e2aef1b0e33f772ccc9467931a212914947b,0
29c80bf4ece7d06cfd547f9aff8cd7a5b8c23280,0
e96cf344ddaaf7efe4a7e1f3fc79bd2656bdb63a,1
1e7d8d6f659709d694587261774b03fd93340d0e,0
5d8fa90d1798b787cb10aa023f1e3ce1e0d0279e,0
428bac52f7fc05fc1938b4909fd97821fd8a2e70,0
c21fcb1e0152a2c650c6e46fd73b7326ecf37772,0
f8d82c9b91cf3da898b5aacac9dc432752377597,0
df9480cff0a59da345a0389de6d34b077666a171,0
560e40cac9cc175986a660802602208f088094b5,0
e3b71afb6a456b75c78a8eeb0b16dc359ee6a3b9,0
955d69ed6548ad3667aae380b445ca637a352a4f,0
a0973e365922027c7035adfad827d43485d29120,0
b8ecb3f9fab3350ac9fbf2c0585932a804483c36,0
949be1b574052a8a6aca3097b2d533361641f150,0
f8f24b82211049ee11bd5fdc8a9eb8ede58e944f,0
c499348a671dc6239dfc7634e82f947602bb76dd,0
bfcbea4129bcdf617c0d8b6958b88b34210e907a,0
adfaf3ba4254d38ef80aeb5bc6fd0df6fe98380a,0
d5bceac7a0b8c1a31d46b05a275663c5e45e3028,0
41dd3db34ae2c03f5b5148bcca84653055c0e3eb,0
75129393c169ef25314223d903426c8be0716a77,0
30acc18a7524addab2cbd5fdc44d032b4df56e63,0
934ce8f6ab94ff6935a96eeeac32e7f91442ff12,0
7ac3c66369d7214ee6ad5d722cd430deb14a662a,0
bba8edb1af85e47b94882d486b28311e67803642,0
edfbddb91e437d05b11e29a73aea01a5b58596b3,0
5c38cf8ffc91c6df820d5b8114a7e341f51a1745,0
d645c73eaffe8978f79ac646c7db236898749eb7,0
1d830a80858cc1c402ed8dbaa7eb350a776acadb,0
4379a6810227bf2eeba5860b62d42834d62e4413,0
b4fabe83da5d59144b32bd24001e769a30fd16ab,0
d6a95a75649ec86284a0b90524cd26ef16434a87,0
52b9bc03ca2f0ceb289568bee8c9d189d05f4968,0
0b144842c98b029f0eadb59678840fa4f0ea2d88,0
fbee82eb81b7b5d2fc2cdebc6fd6c29c1ed1d04f,0
aa4da9ef9ee2eaf452b35eb87b144e7b689f728a,0
8290fefe9418ddf71a325c2ced2e6dea3833cf76,0
b438011027bf76ff8937eded59be790fec4c0d24,0
0a354864b87426e325f099c036c063607ac30be1,0
cb17db7ce76142641138ac7000821324550a69a4,0
a8ee23ca86892199ab1c4c4b3555a56602bb9568,0
156724c0bbe79aaf50321716c1fde151f89bc4a5,0
a690f593eb2c680f68c62d880e8057fb12e39693,0
64475d4a2dce48c9eff68abb521ef630b6c91dce,0
430884f69e30e8372f9df611e85e8d11238f7f92,0
717068898a67d03b7c2435e9f16bb65aced68048,0
1ab1a17fd37c377d96c8b41f41178ef1498c7fb5,0
e333ff8e0a4b9bc4747fcc084fa02d3e3aea6a54,0
9c352db423c3d0e823e998f4ba46e25e3d426099,0
ad3da80ff944adb1c611fb0c96bd7a1a34aa422e,0
f2e08e8429dd35afbc522e72091f11e5c2731bac,0
7879fd6518258118611af31d826bd0791adbb5c2,0
476395d79f05ed4dee56d964d15aeba2928c6fe9,0
a02169b37f0a9075d04dac69be2f50a0700b12d2,0
588fb6912f20bb5ff72517d10d23be716ec8adee,0
9d090d40ef488c6c8e0784da877b93a05034e339,0
ceb54335d722859644f74774554a5a02f100aae3,0
b23d7bf4497c9d8d1d9488fdc562536ce586aa17,0
86450a6f5d7a79021c6d9d5aa9cc84ef5209fdbe,1
0a25cf0181718402f85b3dae371e7c73e094caf9,0
5e305c6a2c7d0e3d2dfc9c07a702167f55944373,1
efc34a93b510eb7d736d35523f0d2b9aa41a5469,0
22c63cafa19859560bda1055440eb71008bdbf97,0
bcba9364c60b6b24dc916b1f30af6912c73949e6,0
efc4907643f5dcd6313efcecc3722cf653dba803,0
e95984b49c80d39de10963b4cb80c016d4c6e734,0
8ea9034a0018462782f96242bad444bc2fb6d01f,0
529ae45a9740ea80df10035ed192e5920c715b32,0
d483631bde28f8f117798e9f654a9c6a0dedea42,0
1e4f2bfb0c8fa7722a586fd815d577eb51ff2de2,0
32be4de4624e496a195a6c099b8e48e739787a2b,0
dc0da976c4286172dc66d83ec1deda9798cac396,0
09472a2175e4717846bff4d4d9f29c791833a693,0
8ae1b78ccabe4725f9be9a616eb677937da62ca1,0
3d5e169b975731cb028a7974d81e7be0f2f60282,0
fb09298233d0fd505e69516deb175563c922b0eb,0
fd6c8a21d361e95597dbf1d700a7d8877c9c8c90,0
e25ab319c95f4f2bf76815a9eb6df20be1cdc111,0
9d7b4ead2fc9e78bdffe73d64a55a8308a1f0b0d,0
ab0a294ed8de26920bd72583c975e11e11fa06c6,0
faaa7805f2a082dfe55f1eb644786a3f43001dfb,0
a1af5b7ead60976f35ae3d38c27bba42607bb331,0
a6ba3d371569b435e29440c121427e5d1e4a1c6b,0
f808ea71413d7ebf53db1e2d8f90dd6e6d6327b2,0
0418328f09106fccf4e83079468c2364c78e9dca,0
39995ca8c7f0efd8aff209a03ecc84e1a6184e5d,0
8df5082f4479bdc08d38c7d7f96be9c520f2a2ce,0
d695c27afe2cf39ac4c0a7188ddbcccd9e607ca7,0
bfa87486c2da6a60668b8424433243569868b745,0
cba5de0c0e66755a36f3cbb3640fe810a4f83e52,0
be1026772c92397cda0b9fbfbb5956aec8f70153,0
c2ae7afbdb1ae4987f052d6ec7429aa9b32e6ca7,0
41c6492f7abce10499a5537db7555163158bc47a,0
624f33194f648932163d89d74ef95cb71e54fe28,0
b01c2afa2100a8086363a12041afa9b341f8f8f0,0
18c46958dd741b8bec5128ae664c8b326f92e003,0
b7cd7098a80885fbacaa8cb52968cd75d5a07111,0
a6432c83f6130e8a0ac027ca5770244fded6d31a,0
fa9fd4b11449dd7a21df0c83732e33c605190b69,0
9ff7ca5e6079b51ffc3c1bd93380db8f5dbc6e86,0
64669b3bae8a77febe53c7ad2dd3b144b760b18d,0
864bc32eaa445c93c20d20a4bac80a337d4d4730,0
971d49c114037c72ae42b3e40bb66aebb3e65929,0
2697e15210c5bc67ba7ac6c55c1059bb71198b04,0
483f0098f1a28007025f0a7d9d528df2169fd1f2,0
39362c6943ae664d7eddd25c833d5493a7d699ca,0
99f684bbb9f8237578099794c472d72cec4aaa5a,0
2415106c71530442f1cf9bc7d52eeeb56be0391d,0
621a1c7c48217efeb052ae989db4898095cf947f,0
37d2b06ded4d8774f08779a8d96a9daf04367e18,0
6efd0220ab3f3735cddeb7703f0049bd1ff26d3f,0
d94fff12abc67d2ff61f89d8ea4f938ac34af565,0
822f57b20156644046468990bbccf1a2423d9533,0
b234e68dd848c2aad1b93fc88174ebb184be1dea,0
f8d5a246073c71930827772d2ebeb2d5922947ff,0
f7ae4e1bec8640a902aaf5d0f3ec23a704735409,0
e891827af2bbe7532a922dc454f65ea2bf16b1be,0
9d1b26d9504655d1a9ce5ee01a326c62a9893e8c,0
9cbdc41ab9ec741626cc0959a280ebd4ab078f98,0
81d29dc987a2bf1e2e8188a93ce94ca6858268c4,0
34f6ba51dfbfc6883b3c3752795a3a7fd6570125,0
2fe4a2e0c0ac3c0ad1a43a4da97d1fe109c96491,0
9f1598c959e29070ea55536d69a8f1149b2b7fc3,0
12297cd6cfc260fe6f27160502202b49f8d0dbd0,0
1889f939b4f44cd2f3fcfaba4442fb5dbc1c203e,0
8d0d172d489db3dc8b9b368f1af08cff64669d75,0
fdbef598b9670b704b28b0e3411fc4b56a356192,0
e75b2edd53d840e1163e9eb1715ef304596f69c6,0
1ff9c8b884b6805a5d08e470b9e7771f39d7449c,0
0a65f6c5de4c670a4930d24c5fbafe753cd40826,0
bd5a4db6ae7859bac7513a952103b824ea53ab32,0
7aaa2cdced5bfa1b368bd77d092ead9d279f7a91,0
aec7c943a7f797fa0c28a525a98964593bec89ae,0
c12bcf57ec3d70303aca8bb3251c2941b1232ebb,0
68b4701dfd0f0c240f745fe5a1985d21a3904b78,0
54389f8fa18f90b4ff7f81eacfa9ca5ae23d11f7,0
79253380a13362b631285a427b08f70aef54fa64,0
ea404294c62a1f54bdd238365e3aa3be587f160c,0
ac65ef8457de014462967ee6d9354ed43cace618,0
0a6f4d458d63e41de714ff93f28b4e6b8b5c44eb,0
efed269e52de3d7dc9733b9d47408526bff25a7f,0
188c2d0f926819cb3f133600bfa253b4cc35636b,0
3efbbb22b768d9728356507f8fa9c5b662c7fdc0,0
87058fcc14851401368176e34ccbe07688513c60,0
ba93e499b9e327bc2a131b740c108aa477a1a652,0
cc7cbbb747c1d3034868070e077f51213d0a689a,0
564bd1ee8e227972fa62c14fac730770c8133847,0
417108e8aaa49f406ab7ba6f7e8f341fda5e776b,0
609cbfbc9451cf05f91d857250eafba832a0e36e,0
d2346085cc9b3e325e91fd6d0aad5d42a58185b8,0
b37ef8ded50ff3c762baf672351d24d7e5984b96,0
0341376716cde4efc643bf9ff40dd10a2c151cc9,0
43a3009a1b8be4cf05ef53dfb6a439456d96910a,0
8ff7074a86349be21110b7ec8449285ff0f23727,0
8424e143d63661fed0b9c130981da70c9a40278c,0
8cad4c5c76fb97591f39073c4ee27cb80c4a3382,0
a006b5b8f4300f6bf1c69db1c51f04ced53114a5,0
891dca9f3414752ad16a5c4afce4764e39320760,0
0380e23e77cc5bdc8f1747a229758dc39e00ae3d,0
1f696bb27bd7045f6361f4ab6f131e60a7d52ee2,0
783fea7e5484a7c4fa1d918fc10db3cf151b1e36,0
5b4b5bc6d1e7ce9dd1afaed94e76e0c17ce01efa,0
27369ed150d79a009c72e070ba61ab5b9148f6e1,0
54b53793a5f46eed7648ff3d2236eb114c4f1121,0
8d1fd6ffc999fa31a28d54c33f0d9be3d502ea4b,1
f02f37caf85076ad15b55a7c1a6425f48a0abefd,0
4bb2f5f1a66f4fa8059941549cc6eea53a19286c,0
0fc436474cd29849bd610e7336773e08ba37c17b,0
5ed1c0a37798545ff9bb8e8c188d2e0b47b8aedf,0
91f9dda4fb36be6a0cf4da83083bc8982d5f9326,0
d6b7b102a8f57bded9b1e8055936298278b89c3e,0
75c83c3c3b9a38b8b1da97c88e6e05c509523bed,0
09c8e3db5f1c7a125f894807f3e028bad7e27fec,0
53ca706cfb5ac21324629a55ee2fbd9e80a8b43f,0
d3d797fbd5510fdda7ee27d5a42535ef9661ff81,0
2e790233e0b8477d54f0554c031fd6325614bf79,0
d357270a1f29abebe69f53d92b0f0a1c5c6dd6af,0
4a8be9a26366fd482a0b7075bda48f6562dacb2a,0
2962fbd10fe6858580dbeee4458c0b30bcdfc740,0
71735116260c98a61a3e1c6ad7722a9707aec840,0
aa6b8da7a07abf6d200910c6bdb994ec343b0082,0
6d3d503cc4a4dfe75717fb9eb0b9d2b84ecdd45b,0
9c88461ef8254cdb30f9aaedb312135900d0065a,0
2046d3437601214f7629bb6b755a18e48a2d78c2,0
12d33c3bd2156252b55cb7152fe8a153effc74cf,0
d189001e04b93586e0f07a4648ec402b0e5cc6a7,0
65334e1c34299fc54d36885be1b6b1b29099d854,0
21fe00762666bde2131c441bade758ae203b4bd0,0
ae8d76d65697fcae767f7661ab6b86810fb15628,0
88a17315d99ae6e514dc57c06519c3871556167f,0
ae1ba5b7018db89ab697c52885be955ead7d8f1c,0
ae4686d039731e95465890acb00aed53c896c8f7,0
722b08d1f31ce1b9425880002c8805b069b9b29e,0
737a076added6e41719d205ca9aa5261e68e5002,0
f48876521e52ae38d4e75c08c5fb27edb0eee326,0
4c0888abc38717d496e7781c0e648b30df42afbc,0
6037f828b16141d886e636a782fe81fe69662606,0
8c404450fa97dc5432cec89d37f96cf1c2c2926f,0
668edbb2f91aa5baa6ef0284a20116cf656ac4c1,0
6e6b6dd192f5303264e4735ed4375856198bc6c9,0
58a309554be9de39a3b2665d56b6dddeca4fd648,0
a2ae87fe4b866e3afd332b9b07870fb8c2bc84f3,0
5d81dd12177ec331750beb1bd025076c77633049,0
2e3b062e4839154583224ef0cb69f95fcccfbcdc,0
8428e16383bb3b071bda3760351cbf0b456dad37,0
bb507f2b401f37122f4117c706b20c3bee81021d,0
b438a14c538e8479faff430ee2a6286d7fc3eca4,0
a687abca30ad97a4919c5ea06914339ad0279d2d,0
03b5d7bc928949eb1582a5eca4a4f5f0d4535262,0
78f211fcc237e43e4b35c85c940d4d83aad8b6db,0
dc857b646504087ba0f047f7ff74404a2a1afbac,0
9a7de24bc210f5af4c1f563104151957ea8e734e,0
3899507520bf9bd384590464dee4aa7ffe50e933,0
8569eb9a4ca24934819dd8ca06dead9214c28025,0
31b8206539a36cbf47b4d2a2cc4be6ea0d77d06a,0
a62d38cd071e90b8daf726bda1b8a0ee7f3352bb,0
c8ee971720d62a4d4461e0f9aa736196dfeb5d5f,0
d35f6daaa523560ae22013456d7a3f1dc7ad3eae,0
f10ab2d469218ba5b530eedc1136f2b27f4fc887,0
47fad26b48e2d8d6863e15312ab5746fa88ab591,0
26aa8978d69db64a0754863c4f34c0ac4026d38a,0
f6517101f46aaf05d4c25bcfa95b887ce7f9c2ec,0
05c7e67c441d5c493892debc413334d9f8efcd56,0
606d951a3585d6740a89b02c4e7ca163613ceb37,0
17e22990bf4ecf94b0abb460b33c80a99e772bc2,0
0c59f23586b04371978459f94f5d1c8a10199110,0
b0e8309efda631c00e29a992a87354c119273144,0
2edad17feb04da7efbc765ce6c45627410befab9,0
b4e7853b1dcb8cf582e50e27e0a4be6f12950817,0
673ac3ea6397f696f291aa15870dac5a8304183c,0
54163e7a3aa072d42851df542812829ced14c438,0
577d7913b22afda016bfd86686117a83ada050ff,0
958b2dd3f966aeac7109c1f8a1331a24a5744a7a,0
f68a2f1af01657acaec18de8e4423b3ededbd246,0
50bd22b1626a3b93ffe7e8b7e6a3a004bd449ecd,0
b824ae8b74ab93fb2887bee202251a88fd804a77,0
d8bbd2f6cb457e84429ef13425851beb272a09af,0
ac306ed984bc863a37731a1cb73c415b7658a7e9,0
0414c8bdb1b0f4bd447fcb1a182a40f53068f4a3,0
ee24d41c5b8d921e342d735cd9ff88768a86bea5,0
8643a063fb4f8694ac898b8d6139f124cff9f3c6,0
fc5c6ead2508c96f331da1c773c6fc8f6732ecfd,0
675d5dee0156ceb912cf0fc05141ab3174ba871b,0
4593db5c235bf26cd90f4595b6c82ff16ae99149,0
9531037d109dcd6a08f6dab785e2854694a84bc7,0
6919eed1a4f064f445849b30da2281f67925cdee,0
e4c9503d1cc8eaf9a0d52e98f0f190496e986521,0
a2eb06af796b55e1e6c80b760c07edce7e1eced1,0
4c3860eae1138ec88f4645bcff63e2b8a9133f87,0
0bbe419750603a6c5e9074c657037b03e43c8f69,0
31d315ea10f1b701439503ecef7479a718bcb739,0
ea7b717bcb7279a13bb8479505e884882d54eb54,0
83230fdc08222c1c118c9e6b6cfe9f5b3559264c,0
8c41db3bdd3940b4041809f64f469d235f78cf53,0
c82aad1064a2e08f77f17dd7ea82826400513133,0
d0df553fb7b293be94ac34b2d8da7739bffa6ad4,0
92cb178cdd1d680e35a92bc8281070557a5f59aa,0
f3957bfc7e77d5b952b588d832a0dde4c20ed94c,0
b4215f015e87ade33b188a4407ee780c86942d3b,0
5a1999f11206fa2907921412448b98be342010f1,0
4f21d978fbfa17f550d1b5e47c9c83c24e7f34fa,0
27f5161b1cfcaf5b8a76e7d829e2a16e6a79755b,0
fbff08a20e0883b503aeca3e15079b24f2c8c21b,0
aa2965bd7131c6dfb43496138aa41ff3c41ecafc,0
379524e5af8675671bed871ec69fa688e261f870,0
33c3dd9d29a5db663c335edd5ec442c1d080f4de,0
bc7d941cea0030ecc4b9282ddc652c3a89465bf2,0
dd86e26090c898675415c73dfadc7293dacc8076,0
535b0c5aa6e974a5e0ee229de94cd615b57a8d5e,0
86fce4a66fd12904a9cb65759e68fc6b81e5c4d2,0
b9639117520e44337732e11fae693ae07d3d17e9,0
9627f5dd78c7f21c07c93519a9ed4bd7a2092869,0
e5866f247a3026219dfadb25a0e25343f3de6996,0
86f5aca74c5da432ca04a669ffea1dda9bf97621,0
a099008e784bca066fdecbd0c435aed812897357,0
a1cb12b8dcc7e48954f189d161d7a0b551061fcd,0
e73189759e1e48142173c329a2f06b1695061ce7,0
98edeb51bd1695e76e120a13dee33e3779920103,0
1f8cfe7d2b2306384243cae9a45de523f4e0a8f8,0
b21c46d641c1533da385ab341162bb3fe5883c41,0
22c360826665c044ea5b6619b64771e92579f110,0
82417bea643546342bde70fc8425d0ccc9ee665a,0
e95e21162ddf187a97f2a455e1f4b6bb18bcf2b8,0
6cdae2edadb7ded3c416531012609d3aeebeaca2,0
4d4dae6845f5b64836d1622d77e2497dd6874e5f,0
f43deb04f85efd64dbcb59a9df9820d5bae13295,0
60de42750746ab7aa387e2946accd62bcc88a626,0
b5ac3314309acc4cded8f65cf50adeb7a1c13f95,0
760661dfd35d3c51f4aaddf914b32223787ad0c7,0
ed22efa425b044aa72e1d80ede10d3be49951a30,0
c266a88173dd8d12da5519f0b4f114e9441e92d6,0
c8dc878a01645f13059f9504ea64014f28441552,0
e1297c6d2884360f55abf42564845d6708ddab2d,0
6819f545c667156b95b2be63f543df0a917084c8,0
8af7e125ab1f61574c9f5332545944b848c7bfb3,0
6dc287ac8ff031288e1a10545e55b5e6cd19bf1c,0
8fb7ba23bd49183b23767fab4445e0fbedc465fc,0
01a353143bd237da88da74e9ca680051ca4e2167,0
d0af24cdff2aecc9c63affbb395759d8ab44aee4,1
720442a947bdb0c49bfaf6788059b274dd6d0edb,0
ee631b013f7bdf5173e353bfd144f5735c509f43,0
31ca60623ff48b6b4563ee81901486277610c34b,0
3f56c7abbd2d0257260d2c4a1af458273b4e3425,0
8215881d49fc1a5478b1a30518bbe2b2e90830d6,0
ba75ed23264fdc913f7007323d6ca728bc3a712e,0
addf9529dd35a7a01b3baee7472736dcff28d294,0
cd0770fee0fdb0faa55ed0118bfa95924c746a3b,0
e00b79605f1879a01ff4289e40b15043ca8c82d9,0
ef01edfc9b8afe7b71f2d6e49f592ffa7314f97e,0
175dea1b0d9d8a511b8f6bf423d3510dae8838dc,0
dc153f137d035ae23602c9b299042431802b7be6,0
9e31e3a2151ee6f25bd10200a0e10c7ce889dfb5,0
7d0788095c15982e63aa0c417ab71231c120d07b,0
0d06c61075d9baa3008395e7db68eca5cd8011db,0
bdd464915fd0627ea68606b828e127570443a402,0
2e69b70d9c65ea5dfe6f2e92a52deb7e0dc1fbe7,0
0037eb17d11eda573c02c93a5a7cbc09122fda8e,0
e02aa9a89a39e0c8277fc6c7585c441f87427f2d,0
f0819e2115218340f502155cf73c59afe12b44f0,0
4d18d397c6c6895b5f073d4a8d6d18b8b957918f,0
08dcc5ab93868ac452feb67ce0658999fb63699b,0
5278cd419abc3ccaabc352ba67631b1985eb4bed,0
432510450e21779226669b40d0b3531baaf8e27b,0
9c704fb6de46b9eac6d8f2385a8794458a16af04,0
d93b6bcda4b149fd8a867ec2a04f34530a0b8e9a,0
d8812a3f61941c32e81dc59b4d3ec5679a47f62b,0
e19c09ea549c4ad4d5e92106aa2ee2cabc92eb45,0
bedd42b4ee76f22dc0f418238e71aa12cdd1a599,0
7e14a9d77673eab742d8cce13fe975a6ab272521,0
1d4174801768cb3fe8648078bbe320fa57ac898b,0
0975629868809d5284f6a82cb052c81c6e76f357,0
1d93601c18352ee0fb69d8f31270084e8750c27b,0
e9d0c8421b60a387dd2540092cb09c390b80c1da,0
2cbf067cead08f4c86354fd44f7d1a0c1198fbbc,0
cab0d6ffd6df5d07717af7e93b9afc232bfa3521,0
11f725ec69d1aedc1302f50609c8a49d52fefc6d,0
1f22cb625c2b4a084258f816961153e0951c9e2b,0
e9773a702a474274036d449150914ceae501715e,0
aba661c66f1b4ff57bee62ef4d50477c2d91d70b,0
c1026d8510ea97d8c5990cc0d281269311b54caa,0
15b94bae5c2b153aa0f4333f67ded17ae61a460d,0
9813cb0acf5704ed4b94fe43c77b35af74b88dcf,0
500a6fabb5c9a6a0246ae0dfcebb4be664a00e99,0
a4d217cd8bb6fbde1b5011bb19bfe7cdedc0ef58,0
274dca15099dd5f3429e56fe1ccabcfaf84ec7fd,0
b00c870ea22350b280dbac623b6b214df3485667,0
943c676d185f8df157fb1692c55179468ec7367b,0
5c025d31fc6462f3eb7d1c61e4e9b52779d6bb47,0
5bf2975e3c507911f83dbaa665fee068ffbf50a6,0
cf20f5d0cf141fb53d0d1499906fa65364a129fb,0
cac55bddf3d2f98d8625f20d67b3eb47231bd056,0
662749ec091a106030ab55b93a3a2c098bd0b7e4,0
421f9a3bb7b34815b8c904ab0f6efdd3aa1dce9b,0
dbd239418a94337170d68ff1f08255384b01aa09,0
b9f2a42b3d3273a57266d96249d65a0b3c80bdf3,0
7ecbb2985c1bd5f166793022f77cca544d630dad,0
a7208b49227f6c6de60d8443954b4eaa6b152b91,0
243381396da3a7fe5adbbec8d3f756433f449cfb,0
bd26d33d75e974ae6af6d607a5d718852cd3fb79,0
d8e3076f571e51f32d63dc8f6bb9460bef8fb9fd,0
a2f2613e6bffb695b20b28d4d4106d23949fe5bc,0
685e280b870ad066cf0f0f0425a7a31c5a3bf799,0
693e7914dba436103988448dc6285e65a069da10,0
657e1cbdf33a0b7323b0bdb15b431a5a98898108,0
ef9917c95e6c79579e489dec643d457f3d756268,0
f1d05fc9f38aa6ac062402289d73f2c3a8d23505,0
6858072e1ee0bfc7c9865bffade4df0bb1696a72,0
0e3a5bf9d1fd57895bf1ada985ecc800f5261838,0
87ae91b48a06288678f98c4986af5114c223aae0,0
1b140680b6dc855ddc664b889f4e03928d3b03fb,0
36d066c37a07a4e5e779c318fe3965924831ee0b,0
e7d803c9abb197b9d9060943eea7b8b401605984,0
e1e6c86fcc8734ad5e8f4b1f7d1a3e5d0ad89b9c,0
b4e9d7337834d6782f745b1fa02d6eff83ff966d,0
3f83b4fc975b5ab9266f41eabc1969351de2acff,0
d4d812dbf7bedb98f0c0442ea743318b761eab02,0
65391f43df0fb31feb4a2737e0a9b33a4858fdc6,0
ba7d39cf7999231b81f17e40239f0441316f95a7,0
c443aa89bef6823f681ed982c0912398236a32b4,0
014e2fbcafcce8ef504b2c5dbeced30c1fd75c88,0
f8a2b0fef677dd823cc1d60fc553757fb648a4b4,0
1ba8cddadb6a24592e86831176f1d91480c518ed,0
de0cae59535131c7dacde6eb13ccd8dbbff5f4b1,0
61451b75d4fd8dbd2a3c45158cf0e18a31439a51,0
ea7e093b073d517cadaf2c8b0a7a92b326af5dd7,0
bacfee1ff2e6394fd3a3b8798a6b9d5a5bc61b86,1
b490b133e94b4863e9326e3b3ee7392d287ff277,0
bf35764c7bee8821df7fa26251dafba4dfceec70,0
b80db936650f6b2b67cedc1b283fab2aabea13da,0
8a31d82418b0d551c72eb8f35009ba575215340e,0
e2088bc5effa8b474388e952cbbf942e0799e320,0
4f80a4661419a8fb93e6ccefa3593d78405c7bf8,0
969071d0da795b74b7dc5820d2926cb5e80f1c7f,0
7c1595c4a7397734c128520ced717b56725c4ef6,0
b94ae5cbd6f0bb55a7e106ef1384f885eb34aa29,0
2f66fee4ffac4ce8ecaea1bf709711add4b8d696,0
0974d14e57bae23c29799b659bb35b15d68a2049,0
ea50e462cd6ddc80256a847550a97b7f726f69f5,0
f362322ddb6f3ed05cbb8427f8e3dd2e568bbde4,0
2f51bef387030f95be40cf3645b8fead45dde008,0
837a4fce0e47aa08ca07c25488fb8e16dee024ba,0
1eaa52321395b5f58cbaf6caa27f2bec6f2fe406,0
4d43ad4001c5196e5cde5b7c009bf57fec1b64da,0
1fa1b9ec8b48e6a3e69a2629b051927bd70305c8,0
4ed4690452877ffd028f3a61425191bc3f82f5f7,0
f930ec556e698c536286a3f403f8efbdc78b20ea,0
ba7cf006e30fa1f41f37c48e499e3c6f551ad648,0
07325ff9d25bfbc1604ae239a9f9dbd8b50562ae,0
7af355d7e5830d118c1c0807091204e0d25b4eb7,0
12c952df0694b3df19d02a0fc072d5d1910b0a63,0
e7415018429890873ea9556112f8b04479852deb,0
c062f74182fa8eb15b60b520d1f8ae10eff71b1b,1
393d38e08ec3dd2bd83532ef6aa19a08d446d57f,0
011f0702f9048e0e43757dba9adb05c90dd11cb0,0
9faf79c90ce0b4e6d8acdd6b8bfe5fd5fc7bae9f,0
5f84f0a17b60395026b8600861c70733ff63071c,0
b7174fdd0d95de1920467e18e0ed77065007c0eb,0
42d670ce52b6242ecb974ef48453e7353dfb03ee,0
ed3c3be6015564a3d542dcccb68123ff1a846ec4,1
74e647050f7cd4e4b43145ca6605c7a1b0839e16,0
abade9f2256982796dc4f561795e4f487cab7db1,0
ae6392f4c58c2d24e24903a86ad8c90150b084f3,0
46c9b97454b17150b3ee7b2de973eae4aed8522a,1
2b248a62e4148b5f92ec7c8d10a7eac1184bb015,0
c89689881a0b1ea381251f7f65cf79b9884ac941,0
4ac3c2f1716cf3c8ee3dce8619a77aea87740015,0
dc0f1848cc5e8e57db72039c4d5ede89ac855161,0
292117aebe826a7be82bcc26942b305e80f791bd,0
d93f549640cea6807bcb155ff9c3ad7f3e26399f,0
8a158ff2e7ab57dbc8471533276f76d86389c494,0
79b838e80d60b903c75ff0fcddc88baf7140f3a4,0
c8672779b70cbd8fa049bc09acb86bbc3d6cae0e,0
97b29308bf38ba40c9f17d5fa265acce688a8166,0
bab33bad32ccef9a4d2ee8a57c1965d048fa192d,0
2c0b21e198915a11d6771de0e61e09b38b4aabe7,0
be6cecc6f272256d072f3acf749a590760ccba36,0
56e1bce1c50967d770b311ffc7e97b17ac263ba2,0
461a77e1995068348d27cb27e7216ff6e820dc3f,0
f55f2438c649a4251ebf102b8671a29972d108f4,0
178136b642b3cb396fcaa10172b14b67746aee56,0
e3b90097c56cd80f7f284ae0eb5f3bfe8e0980b0,0
45a1b2dc57b9cc21c3a491d9c868de05f45b8d9e,0
781a36776e39e80e6748480bf34f65017d94eef5,0
090f5d8e8b8b4579001a5c3ecb6f8252cd0ff9ab,0
0167d71ef5c88173d2cea54a3afb152f342c0e97,0
03ea67dd2848145d35403ef14140ff11f901db9a,0
77e3f3cdd72ba175335ddba55a1d4acc90eb6604,0
7f642da753b9a92e43272abf120795a8d93ae152,0
dbc01ff8e45396a4c69cdde6bac1e7ec63297b35,0
92c097d856980d7695a059f5bd710f31920a29a0,0
9b03dfc291540363f6f12ae329da87dc0849a6ab,0
c7295a115582a91baf4271f09401212cf473a3df,0
32880eb5fe67adbc2d13b27cead4499ca03770b7,0
45ee8a68553bfb39765e7b248e94f84bad16310a,0
87179dab45b2a694a6eedcf56c129bc21ffb44dd,0
663e0f0ebf6a914acd5b55d5a3a7a382428b0785,0
52df460f3323b7af8ae9b35af5b2d912c066c989,0
59f7a39b329362931f6d71a0b2eb7082c0519afc,0
734fd158d165d1b4d4d631037a8481c70e38f41c,0
8ba5086a67d38c16c641038c46236cf35f05a104,0
7fb2bb8f06bf5c7ee8b40e4520d689cc709f8985,0
9c6c9945b232f3b5406383309355ec0d7481fad6,0
1e0cb7689adaeb5d6ce5129e43ff50036ef93fc3,0
8f38680dc7b8d38256032fc5eeabb5a782db1189,0
07bee847edf12bca4f2c83d19e961d826d9f93d1,0
c2ceeda2055ecfa02ff7dd44ee2db0625fba246f,0
583aca34a1b42f64c4c9a9a3d84c1ce90823e357,0
ae6d733d50711fd55aefbbd1418bff31a13e7390,0
9a3164f8b1a9298d37ee9ec0edc9f240b91293a1,0
77f2a01fb92766f5fc0c38ce756fca04e61ced35,0
9d82d4908949c2d50551e46bf6f913ddad832f91,0
3af0bc51e0a45370f06efd27e20066c163eea941,0
0e4ebffd5362585865a3eff01ac243e1f645ec28,0
c600054a84935f3637acd3a45abfdad710b72bae,0
e8604d110bd3760778554f15718bc4fafc95522e,0
5f97478733a66d6e42e6b1e7d007f1618ca19d15,0
6bbfe0c32903f6680f9bac6e215f7db5592bdd96,0
2d5c8f896de65ecb7a9809a00ed4779daa40e445,0
1cba7b437930afa560d3567ad29797b145a672f1,0
44f500b0c3e05508bd4c26f5515c44005f67ec04,0
8463307fde965979222a2b96dd15433f7bf4786c,0
dbc6922340487c4986207c78f714f2f234cbf194,0
d1269e4a9809f08ce0c60b23f2142c8609d4289f,0
5129f619ec3884f80637ae10bdde3d4590f37fd5,0
f6e8cc3cd100fefa50c03f5d215fb82bc12cd166,0
2fdc7fdfa5a7c833be84bec975bc6563af3ef9e9,0
1e880549a65365a038e3f6bc7094ca466b76b5c5,0
fa6ed9ed9d59964bb09ad62ac2abc6316b80ee83,0
d1c9e93904bc5206037ed8a9f9162fedd74c8614,0
64a55b64a4af0146cb8e5fc2d45bd184bb114df7,0
ffc0dfd02b9dd34f7cc33cf93c28f536e3b85a03,0
c7cabe24c3d93c95208a8cf422d36a01f3f0c71f,0
ab4f1c2b81edc080727ad1c30ac5466509f498ba,0
da8251296a2f32ed64ad627872241199b3f4000d,0
7ec5ee6502f8be9006e58a8bfe8125d8bb4a9f29,0
d99c9eb175dba3da104c10739d160d1f35f81d1d,0
ab88399e79e26d6a85ff50e78de7ac6e12ae6768,0
4d5c95630f1bd54364d2497e2c55324fec4ed321,0
90925767f181751e308649dcfd877e7d84bfcd12,0
1df16f0e8a6e4463fc3fda9d6ec5f19e9529b5f6,0
10a6ae4bf21617f5295697f467368152472946ea,1
151f6ae9c59249525fdb225b8cbf269c3f8a5bfb,0
3097e3a539b5ddcd0ba8d3c8b1bcd296d10b41c6,0
9f55c17d50e19f57993f3b6cd0b76446ea21ed8b,0
13cf53a3366055fb92af80ffe4b402f0dee1d859,0
fc5cef35069635817eed1ccb2f9607cf6dfb404a,0
6bad6132abb49100b5332a6b58af895ffb4f855d,0
8d7a35492489a1dbf36e78089ed9fdf62657b220,0
d75533a274ba045248c279e9978f9b0be9f697c2,0
2bf3320d464d1b16752be0bebd31b4ad34617273,0
34036f392afb8fef31a1bcbadf5d1459e7dad8a2,0
90ccc18509a354a05768f1c82051b4096fd5a954,0
33caf19f30fd1060d3cf0b863ebf24fc3327211b,0
ab23ea19ca6d7498c00ae3cad930474a0de2a008,0
58306a6159ed51a7b2d0139778725d6c5cb77831,0
68bcc154c4ee05771538a8ff466e087b3072f06c,0
c55f56d6459fc8c8a9a0df19cba54b3f8ca93de4,0
ad39cce40fb518021ec1b7b11af61fb4328ff357,0
5b366f24f6169676c625bcdc2b5ca87aae13f915,1
4783546b7b8af73b7375de64fbb98b1e77d33e37,0
07e91ce0d74e769bb55e3b39fe8f32719c153179,0
ec0b5b941a5059dfb8bf05b4283cc8e4fba3912f,0
ed1dc3161c91f05a6f9a42ac838de996f21cae95,0
1fcdf7b4bd354461c0381d7272a54c19a0e8e8e2,0
d79e555cc867a1ca6059ecacd0351c98dfb9b4fb,0
3881667f046d89f380b189180f13648b7d8e2349,0
24265c503f67ad679e341833d45a0a9c4aed96cf,0
ff566bad011fde7741352cd22eeeb9d2d3e81c28,0
d9bae6e140b340311b0cfba866ecaed7a727fbd5,0
6badb4e4e6e4500f7960f4bbd80d0908abbca856,0
801dfcb9eedeeb2552c7ecd0711ead70c30e5247,0
b0fa10294a77cec001214a4236b5ca440730368d,0
26bc12904f3b5d08e6238490607d98795a802ec8,0
654041ab91173273c19ddba25e3fc9bffc5c8f3b,0
9502e426da6c989b7d3aba8b579333f1af98cebc,0
bac21324aebf0918191864edf69753da0766da11,0
cde2efc78463a4ffeefb92974c573b540f0e421e,0
5a8affcf071bb77d0115ab2baaae6646bd31c9e3,0
7ae613c42fd6d83debc28c0ee38f1a3eb4c9f1e6,0
e21b32ac31cbb88d6cb0fc1c5cac8ad82df856ba,0
691305a7a9440186195c23f20bdde14b67e03582,0
1232c585c3a922d10b319150e55b62dbc3f830c6,0
10d91802d1d0e9549c3b3229787eb2059c660ed4,0
285f8dd4bd50f350e1590d41b6efafbd28c0e378,0
0f58668417403184ba344a95ca5c33da9b8f7062,0
eeda1e738b25b3babc49504c815d8f99e0d7509d,0
c4cd01aee8f529202dd52baf3174d6b8b4fc2430,0
11151125f910e292fd9f22863a5da1c34b094e52,0
ffb2c376f08ea23854f4fad4933005b34827d5a7,0
a36f1e9a281f2a858f88d803bc6b5621969d6423,0
e9d4d2b54e640897e3d12da30904d1c8c4b6a672,1
6ddb53cc0c8e13cdef77b3623dc743665096e0fe,0
5c23827acf3bd0e02cc0f386d7322695ecb483b2,0
0b46380f903bb7004d265f1e913acd38dc46843c,0
5f6acfc679aa32cee323470224693ef2d835a869,0
e325174190924a106fd680fb0eacefffe51dc724,0
ae71c3d4cad151365cc45d3ae4f42f671cef49c1,0
eb5e7406a9afda25af87bc84a43a01e19f1eb2bc,0
48a4d8212d4adcc3ac1de986e2abb0d36b931c86,0
5b470174edcf743bf152b66e208592289f559c10,0
f6f5b4e75e3b554bd813a36b6550a61d6a8a45c4,0
287df4da6597da9c4a26ea96738b2f0d3a405921,0
9b7b7d751c75057244fc9ab5b8c1b2c760ac14b5,0
ca254a9b4f91acda3b5fa16728dfce7beb693539,0
429c22bf4955cbc8ccd0867d093e72d9a664aa01,0
928f96b163ae3bc279ba1d05e848dad355b53ad8,0
53a599cedef64e98b6f47e3ba57824f90ba84baa,1
3a1ffc40e1c223b0d01e58c9b14df2130654e87e,0
59bc4b860928befc6d1c7bd5fd58bd6d4697b5a4,0
85c45c10c326f22d9a6f7e4961a29937205c4bc5,0
1ce0dbda4d398213bf088022ec44a28e8f335c47,0
711014e11b9084d55d8a7f418f051ae10385d02b,0
d9aca2eae166318043a4ec9280211bbb9c2c1270,0
dc59f34b4028983ecaab3e7cb461c31c1f9d7347,0
e95d2f4ca57ab6f598ce4af258af89e686a162ac,0
b02fb194a24a7583e82c8e37b940b0ac94e1082b,0
0e568e8e7e5a887180eb3b23d6f90a5a0d11c29f,0
45b1a1677a20e970c4387af85aefef71b7a11d62,1
2f17ffdd03878fb9ada0523215ba0f3f6407719d,0
7d757759b39af559c9212194df3b803897627a17,0
9537cf4c5ac0be78e181dcad32b3fb67348d281e,0
2e113f6f6b9cf0880f8798012bfced0db86ea037,0
d63563c96a92e578edd9b5373c9c03ceb8720522,0
e46d18cf9cd8a94cc5ae1ad05474c7dadaff1c72,0
97627a7ae8be351c152d5e653c79e29526a5fe38,0
fbf2922291ebef32a8c7878c1a6be27744d057f0,0
c47533f3b57d184ae3a62ca474091ad7fd78defb,0
b38aa2f26479ef36fd17068e5dceb879b145337b,0
98fb18d24333c374eecd428bab59baf63b64fd4f,0
a62cbf212f0ab6e667e86c4a72ccbbc4abe9a8d4,0
59b8d2982b8fcfb2d3ced8215c5fb1de607a0f22,0
4261732c1671138902f23054c1944929538bee5a,0
172a1a240c5fc219018937a6be4c9c5b394172c7,0
6e8183e0ca83a45cd9d959d3cc7aa64261099836,0
83e79eafd3506b6bda4344801a6c12fb65fe1aac,0
d51a56bd795701e9d16b13f4ca67f2667ec49048,0
82c50e9add792bfacfdab273c633ef869bcfe8d9,0
68e4f024682d95d64a27388f8de917261c41c07c,0
5b66b7b25ddac9c94cf7247ce56e099780c47468,0
79f348b243d3da02c9e412f62ed4b5316b970610,0
ab587439f95411545a51886aedc068a5b0548231,0
6c3999a09d06353806f8e020c764dc73c93276b4,0
2294b22f2a3675c47d6d69c1b4071adfc6be2cd0,0
602a7e915c8a585c2beb7c026fe21b88dad1c8f0,0
6e448b24a54571cd3b5e3e450ebcf3223a2950c1,0
83811612b292a6d1bb1be8cc93e521543691e87a,0
1f5b8095272bd0516f8a1d352a0a6eaa00d7e096,0
e5e8ec48f73b27b17dc60daaf184d481738f1fba,0
770029721c0a28a384d64b197e4499319faa18ad,0
3866a4412c0ce98490a002fb3e53d7c3de6c8ccb,0
098e6ff330c29557a0145dc98324a0b558923f93,0
81cd8d90b2771b3f514cfdcfc73ee237bfdad6ca,0
51b6ca9fbf996f3caf44f0da750ff800fa7a2204,0
a7cf83579e784566e5d96e471a105f69963d720a,0
c665a6341395096f3aa4f688f402c98b417c62c2,0
e4fb062e94ff8f29950b68bf3411edfd67728ec1,0
1c27aa0ab6843de634cad6884c66913c1e67007e,0
6f6518fe01fa4d8592bf0bdb684edc930542f5c6,1
b71489b760aa59e8c04a222f6277447c0433b078,0
b7817228255c95ace094294daadd11910ef96c2e,0
c8a59bff0bb7b4c826de95a3a0c14ae1168608ab,0
b3231dce618c4be9b0821e86d30ad2e08f212b39,0
d2b5fa02b66d78dff82c76002aa3cdd72cd609bc,0
07f3741d2c1c5adf5199b132b0012d17d7da862b,0
2ed320b32ecf7268054c225025ecda5f6c62be2d,0
c0475b81f6976cf1e0e5d90d9266b0b84c84bb5a,0
f1f372337575748fc1aedb12093db47067428ab3,0
7330676fd761ff0ad83713f1b3b6070b09a69362,0
b90978e398f439cc7dde074c09830a3335b634ff,0
8701b165e5adbad70d2e44e2d4b5012cbdb0b6c0,0
18b15845967cc3ba7e93a58dd5326b0ec3b4bd4a,0
f7f24e57b918744a807c880d21310b058bb420b2,0
c5da682c24f811eeb549496aab363546855ac6ad,0
4d142b965be59ab567389f2bdbf78c9c7606a1ef,0
f50dd6d4ad4328f0884db12a36ca5e87ea8483ab,0
848066f18feb98ec0b5f6410de7a551f906ef52e,0
fe1234086a20b2d6bc96b681d63113a88621a317,0
fb72575a20f66d1ce68844b21efbe6d730975d87,0
5b8fce765ceaf0831d4de5f3ef18b8f949723254,0
a009b96b6a39744e6c02ea036f1719ae74935424,0
e6f32804ec4d841fa3de29ee1d8267e52b453303,0
bc0f9d2ea697d21ff85d7ff5267b8a77bdb03df5,0
7bba666b88d80afbc2d63ca28a13f9dee4b6539f,0
92a49d9f04650358740bdc854022ddc918f9a8a9,0
ee0a6a094b212a4ca688f167bf9229601b52df8f,0
8dbb4478ddaae61c259b9e0a2328f3d0416eaf67,0
e00bc823c9a81c009057a6348d842243230cb7c6,0
dd95c2662779eba0b9eeef8522a9566a7f2ebd7f,0
fa016f84acd981a01b8b7797a47e8def640813b3,0
4637434691d853d013daac0af1374cfcda3de031,0
c71eb0cb6c0bca9f6bec144505f78c8f1e639013,0
cc78eefa91b450255b64c624166d3d96ed19f9b0,0
544ee2f2a732236a0afe1b375101ec5825927bc7,0
97f46a925b52693716dd53af0fddcd92e621d1a9,0
1226cb414d62e0f7f9b2433fd8f6a839f9208594,0
4e9bd7f4681f6cd5efcb00f0360c0c3c2a5e8a91,0
954c4b4d95f93bc64951066fe4eb1c51eeaad4ad,0
1ee001d1f285647e86049d8c741c3c3fc483a944,0
a6b0394de7938f83d2f664b409ec1d095ef38c2d,0
d638ae537e98f9350869b59f7f72b08e3eeb2cbb,0
03da017dfc0a0a033c9f9cbb07f40df2f7024070,0
6986685e30874e009b537da8db5cceeee831020e,0
32b51bdeaa2e0147ce4215bfbceb0708ff733096,0
59038d93f27d5d096bb2b567f771a8e087af542c,0
2d79944dd4d3e98cb7d63190492f84950aafee69,0
8d787c54f123091d78262b31dafa40ba80b10f71,0
6258be5e81ffab019c2f6f4b8c19c49584995f32,0
bf53f90725a2b8611ecdc1e8e8d239283bb20906,0
67f59e3bd8e8a14175a067d606f323f5bc3af0d9,0
c8f4f212c06438c0a06aefabf35d6cc01fb7db9e,0
f4a510988770746c85b90ffeade032d80d713089,0
a19f793507ce6852209a659b4df621bef7fd5f21,0
c8abf69ef5289b7ff0801a8cfaec9945e20408e3,0
2fec8226a2f0999cfc3b0193bc1547ab71149506,0
5977549a34315fe137ad4fc0f86b9e9cb35c0702,0
4a77b384b16af7eadd2819907cfc77cdb8719b30,0
4b95006a95ba1c4b756c0dfaab8b5a9ab43f3e6d,0
f95281525da7eaaf8565afa4e5c72fb33f17e59d,0
5b4c0d92f4119807ced9ef1b417916b380eb2e96,0
5b7af25830b13b7bab3da7f8f50279b52ce71710,0
12f0769577692737c8f600a5f75ad5652e3cc3b9,0
2d6758125f8da9b1c533398aa5c1acb68e1ec4fa,0
9b32d6d4d9fc84d570945fdc6aa1ced0e0082f68,0
3e8abdc74849f7afe8b79bd3fc11f8ed637a1a86,0
9fc7e85de43213ae797b27dea5005c0cd58a943d,1
be00bd6b4c44e26afc972bd0ab196b1b59eb770f,0
a372f9ef0bb30e45cca52661974ed92cd48052ef,0
c6444b862f931d70f3a8f7e79b4559a63f1b8eb4,0
6597d17935c89c8e15acc46e00672ca2b7b3dc15,0
d402da6d92fb5d5ba9a0a9d81db3ca531fa2b99f,0
627078166a70df589f5527402edf905a95d8040c,1
e4799014d3e4e9587a3d995ff7f0a51b4ae2d043,0
416eb59968102ecc5e415ff020738b2f1fd0ab2e,0
366a10b214a796dc8d75ea74dfd227ffdf585e9b,0
2e1ff34dbb836ed72a4d6cc6af0f4e5b94b94b2c,0
f36e0083e47b383eb25eb96e21d3afd5bff34116,1
5e182f09ee345c0a1d31e853f62adc9e826d6e40,0
e426eef5c698462e9f4c840cb9e3d037419c93a2,1
4ef8b513d9cf5ba80fb300646b330b20ebed1101,0
ea30b2f820cb684bc0046795a9c4b27e44c035d0,0
df1728edc641883812cc6bddf6e8d3f0dd880d9b,0
13a31a7f53fd49d4ea5549db5846d7bd4e5ccfc2,0
d509bb2af40b4ff98089c701cc725fce575bd32a,0
ee34b1dc39e3dee7a4157d2f812b456212f66c9b,0
ff71403dac8ae5b60b53f976d94afb728d514182,0
ce3d7fe461b06eac6cee86da320592766c3ea08e,0
9cfaab14019cc87e906836f7e6d1243e0fbbd107,0
babcf3132e471875ca53d25215a0a7af605967df,0
4af259d5796dd0d5596b133016a6eefada6e078b,0
b0c51fd8ba7e811c68c5bb4fa8ffe121f3c2c382,0
2bf1be104343790a7410a76178f2fd62428b7157,0
04f8c3ed0e26c16f96d80fec3c58d268142d3ad4,0
a6d78cfb46b2901032239d1eba22897dbe18155c,0
81e6dafeeb50afba37230c2d6b70b94571b5248c,0
8ac373c60eb4d3cfe35f1ac4a18e8b95880f9c3f,0
c702d38a6e54c9c949d45b85f34db398c21d866a,0
453f9b3b9672c1f3f6ffb8ad08de661ec44c3ab7,0
87a25d2da8073db496d54f69f9010f4ca0a04aec,0
236fa876006da31b49ce2689bc9fd9d36efd7541,0
a5db038ebb89590ddeb8c2c329a6c6157832315a,0
2c8cd3f415c229564de4ed7d91f8b9ba217b2856,0
ede5bd293d34b4aca3109d813ca14625a16caf17,0
9797e381b182593510b96de70a3a182c4fde1853,0
0fc89050dc06014ec4b451096a6a13c0cb85edcf,0
91db96b2f79d3e22238e5877fd75a8a8f4848c5c,1
903889dac5df0aa9b12719ba3567b5f55378a1ba,0
111e2fa93d73ae0b64bd40e8226503223960f92b,0
60a61115a55eceb6c885cda67a50d4ed5af9069d,0
51bf4802edd7ac7b4e49973a13d4f9e08158e632,0
ce562f4230e17fa1837aab498dc34553ee83e8f6,0
dece00f1b1e99d31deb9f29ef265bfd51a96ef43,0
cf5bbaf91d8de3adb38a5d421c640ce5b987ee04,0
3ce46ae21184aeb703468a3e1628b8de006fde02,0
b6916b6bbbdf23d0b24d273e4693cc19e1d73080,0
84d4a5e875e43d4085d13c342ecabefb5a09c3c6,0
315c725a665b2d575005fc1839ae058c2effc50b,0
217c05762f72d30f222a2f7a042d7fda0bc53ef3,0
0b34997b9205f2cfc007a3354c04da993fa9db51,0
17a1a0237411139a92fdfce236864cfa6ed4f87f,0
b87be437ebf31bd7315ca6b7111c49b706fb0617,0
b9b9bae63e08432f620abd1c0e35abf662a6008d,0
770e70fb97f60872defd5f6be3f150423fc59975,0
dce4aaea85be9de7eb3d398c0a3d8db6395ac8b6,0
e5aa8a616e3bed037999583b86cdf832555cbfae,0
ded83244b468be4e157f148007d7be5c58f1314a,0
448be76982d99ad04333489576cd552736b2605d,0
ef0111452c17605d46de0720b38794104599e01a,0
7bcda80c6f623094721f154ae67bb445b59ba4fa,0
bbb0dea6ff736aead198ea52ba261db0060c2000,0
bae5a17c8e92785b7955d5043eb63cf75d627d0f,0
67ae3620fb00a020198884e189b2dee20b215091,0
5cc4d70985096fdcc7dac1fd1aeeb8825f045463,0
887449b807bd50003f2dd742e68687331a8e914e,0
8302e66819928b2113d3b83fe9be42ee01792c46,0
283d197e50372882ae8d2f985a6c2a493ce58dad,0
31225f96b1f0612efe277980a556a59aa6ea500e,0
ca5da1a157782a2b62f7d7f71850c4b4647c4db0,1
a9635dc59f0c4227c08322108630fb8805cd461b,0
01c7bf5bc7003b1f084fd45fe46811e97a0bf303,0
5ffc4312297992a39248f96baabc2ce5dba9b925,0
3a064c09da798df3b10dff994033baf6a6686e65,0
cc94b271b7dbc9f4512e8d6e578914f4d36cf66e,0
c4786e75f22050e5716072b2ce53463c87a076d0,0
b48666a3fb4e4a618d6ca574597a677397e20c9d,0
a1e68021aaaeb120a47612624ce54f3eb409fbdc,0
c73d661f30f04065c0375ddccf46e1404b7b289c,1
895ffae05ffa20b661e0d189d03beb9d20eea165,0
ed18f4f95c55e7cab56868ebbf712d17f397bda6,0
0ff6a459d2e8f3ed535a3db5b4c4938c0361c346,0
bbff7bfc906bb8d468dbf95ed5218ceff44e6539,0
42266f24b9c37247f6cc2809921c57ac5f4cc8f9,0
d3aa71eb3c79203923a33363cff9525aaac50a87,0
52c7504fb736b63d06b7ddb66da99b1930bafa2b,0
d9195b96c2a20be000a06ad192dec41bee98ebe3,0
2a5c0e6b8114f79a154c4c403277edae66f737cc,0
a6865a372c68abadec38aa22c91b2d658a58b7c3,0
5253fd7d9fcffef2e1a8434a8c98463ed5522e88,0
cf1617f3f3070c3072325801763100ec76912d93,0
a2db3224814e0ef2adcd8c46145eab05a7e439a0,0
b05d72e98177efc70314aad12bbef9a53f6e2200,0
307c85d7d6eec26e5c9a94ac5616f6676d498e14,0
e771cac9982f083e3d9c2d4c827f6f03e88f67aa,0
36f26d621bb20633784bc3f5513e40170c23cb7d,0
49e14e8a705046981237ea6d4350df85b4f278de,0
3a88a3154c779d07e284099c3b83ca568788d7f4,0
f310f6ae6f2bec8239289fb6bcc1a9382929168c,0
bd4ebb482172e656ce008f94d169170f58753cae,0
7fccfce6c1d235daa78e4bb916cac07f3d46d00c,0
045baf90953dda495c94258b5d3b2c835e9950e1,0
906377e8d7b9c0361e902d28ff728e5398dbe379,0
27c68e353540d95c8b287e40ae08e349fd772a59,0
fad92c0ffd3d313b02561e4fcd47db066bc0d9ab,0
2e4f3322f3c75f74b348159a6554dced27beb65a,0
9de4928a1860c043a8aec6a7bdf150650a33632f,0
a213b442caa69bf5902c11e8545e11acfee6bf4a,0
0c3c30d99fa91d75fee373c8a48585ff34bf3701,0
ee2caa2e100b41b108e5f540ea110fc984f0f13c,0
e5255e86575ddede23245c5b12da26732ed23936,0
a68542f4bcbf6d986a5eb62b3584230556c95bb5,0
444d7f13d36b3bb19321bbd0c5cd39f280228eb0,0
dec6c1a347d7521976d7205ccc1910780f6879fa,0
05db5cf55e5e62587beddd0e079c0ba41fa883d2,0
41bab7886c48607fe8a83c8ca1980f2a1e200ec9,0
e207fdd209f88cf8c4f1a1bce7af0dc6f8d181a6,0
971c066594e9c826661902cf39fd9842189fc907,0
6fb3872b3daad263558e01389c1648942d23cc63,0
0e724030c8a44095afc5b62ee7a7b65983f37065,0
7e30e1d04686373e38e6b8590c0225255bf9ac5b,0
efa851cf769df9abe76c600bd19a4e0c19ec80b5,0
0f8be8715e1b24acc0f87a14769107e53f49b371,0
8855d8a56b3927c889e00e965fd5524e920fdb82,0
eda0c4c6fb8f3f09466186ea9d443702c7be2f1c,0
32e31cfffd9002fa3b15521889ff6a57de0e255d,0
007197279ae8495b41884f7de82ccfbf1d3284a5,0
c809cee8446e77696ccfbb5f3af4d9d68033b508,0
c1e15a930ee3ec9734d65b2ba61e51a713115822,0
b94a9e981799af5cd9856e63204c8f3b7b7e1555,0
baec3f0f99abd5d3f4f1d6b033aba0e39b323241,0
b60e513e40d6b7464f33f1dc9127142d7c887373,0
02331aab8316cd25722fbb2022524c47d6f05725,0
9d69e0033a1617cc09d6a56a7cf51cbf85470351,0
5efbda15cd6e47cdd7158a68971675dcd43a7734,0
0e8c16a7355779c0830a554e027559fd7b754b1d,0
57d151578a12bd4602c957b0d8874f70e7a407ca,0
620b3f0ef58b058b88e38a11016a6407756c7e0d,0
2bf7cc94311e1fc6b8bd1ddb58df027d8921dd94,0
501e025bc461142c5990cfdb80268fd938383881,0
722a1e14487a218e54431e0e84c9d2e94f6a06bf,0
5ad9c6e3164f90758803f823d99577e83d4096ba,0
e7f24759ac9a1f01cfb2f079a4f4d86ea3038772,0
7614f523e33a8416e5ded50b0c7b6adfff38bfde,0
e16e3669e159c10bc4e55e513d363dc822f3f116,0
61537329d74bf2275332c38e85f8386910ad8b8d,0
1e8dc1fdb889985347ee2c135a6b7664698d996c,0
ce7d1e157bbfd00cb9d48a80cdde0bf9ab6ea2c7,0
00c95ac9b05abdb6860262aacec565b94bada944,0
ed134e22fdad8e0187c223b37648e457423d4cf2,0
455c596f591b24678fa385809137b3889101c15a,0
ede526943b1ce1ee54d1a8724fa088f41306bf50,0
c7e0959dfff1255d4562624d7f75d4248a631239,0
af41eb1ebcebef151c87fcc14621704fdebd1d8b,0
4241b90dc1819a4a566994e3dbd1affa406d6ced,0
6d6ab6d5df774861ea227281e0fa96f2d95db301,0
0d24c769d07ac85980f70c8f95c5de305e67e27a,0
94f76117466788c1d2d208911eeda5397c6bcc18,0
37453cf313d9a40bc542bf3f7dd8f63bd7f15f89,0
52686b3317613f1b386618f027f84cad03dc71d5,0
ceeeec1b1d6363ec96d4f6210826b91016becc57,0
ab8ff6b7d0b8a6bb1845893e1dff62beeed7c394,0
5b4d50bdd8cdc08099448de0400180446db240d7,0
11459c49b6fffc525609219d0421cb527e6b5179,0
7b7492c6005ddf4ed0e8d22b96184a4ef609a307,0
9d89b2553358a7873b3242f522c8b2fdb3908d1e,0
61d1cebcf7fd8dd632865d3358b31ce9a096c364,0
123dfc633202dfcdad2fc9761a4599f44f89056a,0
53562234de41272c600c0cff9f668298a4e82513,0
0897542b0b15bd59f46fc54a3a48650ba14fbf27,0
978d0e48e08a78d71c59bca0f77064cbaa3a5ac8,0
a5f47b9088f729c8ff6f863e8f5b5ecde767ee18,0
d19e84ca83c0f5965d61f20b272e67e84a171a4f,0
b977151d57cf5a89dc382968ddad66843a1eb0cf,0
6536da936641d44baf5e09b004f577be73e29e71,0
32a25eaf1542a0753578ee243189d55d0f164572,0
f54ac0da655ed5f114d21398fc13cdb8ecd3e971,0
d19e08b17deaad2d92f25436a0bc1835dbf7436d,0
e930fc0104966a8a8613ca4c90e56f9f641d5795,0
417a4f1cb685a861bb853dc5d372201d5d54eb7a,0
5eb5a1f35308cb2a67211b3b7832694c8bfab2c0,0
a04abb79a2db95f093dde9da99bab83d1f0043fa,0
8ee9e73167ec67b1d3f5ccdf9502f9090974235c,0
b59175a74cffb0ffac48a5603bd585c396e388a3,0
53028059e69f6120dbd024fbafa7a632560e7171,0
77c749c01868d0dac15981f8262afa5ed43bcdc6,0
43d7c47293072fdb04defe1220e5664b21a4a766,0
f4406c6f36d87ce1f91e28467bfb4422c05b4095,0
3f3421d0b16dc2a32aa05ad8188882aafeb05d43,0
5da07e27ef1bf17c39c642c437b23be9ff83d0c7,0
7ea6cc1ce303ece1250268267840d8f6e9a5d4cd,0
d4c30694bedd5796d4de42bbcd4d0ce6bfc7a601,0
d0d39cd5c38a14f774729382bb4591272157e3f3,0
2648b7b262efbff275ebd7d19e16ce5d7845ea39,0
e162f80708fd86030041fef44793e983ffe13c1b,0
17ad4bf4f6605e71c338510ae68045131a6ae98a,0
e7e84d83e8ceb8066c83dfca93a03bcd0a62eb10,0
d8eda7d15e31ea4b4e88a4e84f53ed69f8152e4b,0
5aad1de5a532540a0ee33f2a8989f562d4945dd7,0
b4d99097d17c03adcc84719a7dc3c08493264021,0
1dce5f2e54a38f7be1835ec5d5873bd38e31f176,0
ac4b036c3bbed59ddf69ec2f417f29565038f99f,0
60d016b32f6eb9f1071f0fb3827945082a26b985,0
10e152b0c6d022919b8635c83337fdac57ff53e8,0
689806d79415af7013cd59b9dc58f41365ddccd3,0
3d2aee42831cfb10067bdddb384e632b1b4a3e67,0
d95cd0acabf4e2cffbec3e207e6ac64fbe40be18,0
d82d11a82cafe87678d622a8c2b557369de49681,0
2f89e603d963f15c3ae18375e802fac8f795c58c,0
60e56e3c8125e11b554958db9852bc262a66d79c,0
c5a97ba16f9f5144d7e354b20c294002acf0fd67,0
80e3166726a974a2b989790b10d1f439476d896d,0
f84859441743bab2d77906d45d95d9444f2ed7f3,0
cb63a718304c45aee64df34b7d0417df943cefba,0
0ad6ca63136ba40000b5b0af0ab49e5fcb564968,0
3aec31cca26716f023553e5f4e881414f917a75b,0
35734020d1dd4a98524bd1ed91204e6ce0306dd8,0
2f94e6bfa392ddaf2ba804a3c02075a855f4c0c2,0
c0b868cc9dffb25448b18cf34e4665e46603e45b,0
07cdc226185834ca23478228024b2503153b3fa3,0
5dbdd52e4c217733a3f6961d9b1fd40acf36c2ce,0
f9c946f968d4d5f181eff0f2f46537fd3fb3a693,0
b1aa6162366ac32cd0e1d3987e809fa00cb5a2de,0
118734765883a906f191d46c1c71ee304d857067,0
7fc8f5bcdde84df0f9d0137d8998d691bb0db7db,0
6bde48d5ed4ab631924e5ae32d9daa594d20d7ee,0
0cc292c40b3e6379ac76411624b25fed8b5eaf3a,0
a11d8f28f8a9229d83ed17d29a6ab01667a4e6f1,0
5df4bcc0ff370a85c4eda03b1666d8b7e1c22cfe,0
57ab75e3403861546b3c1512ea0c220aa24acae5,0
7e9e06ea8ee8898a8fbfb106b4e060c43ce216de,0
b0c5ab71371098bf99ca67b145a843dc7a3c226c,0
3e44cd5311a51361c1fd8c7964a6837f058bfd4b,0
530a05acecfa170e207699cccac3afa3fbf4b7b6,0
3433554e1b2945f953fc46a0b5e85fcf7e5584fc,0
8df34eea6894ef38e96a0bac2b6057be667532f3,0
3907aac0a274c93900a42390c6c46dbbe867a4bd,0
8e6b511f0db083005ff46aeb5a4fe02a844cdc75,0
85a8b123680760705a74a762d4a97d0346e5fba3,0
c882279073d9dcaa4f3ff82da775ca35a199fc83,0
8ab9563f472ea43bf6a6a56d397560a53c2a7b07,0
8a3a6e1b69aaf45d313f052e321f82c59ec08607,0
f8acdd37d34cead8b39e41171c4c7ae088118f8a,0
8a381d6efb24b27f60df5ff9ede215635d882a5e,0
28bef7c9a3aab1f8e0903b8e17711af1093699b7,0
dcafa38380a48981b284eacc147749213cdfcd43,0
55499d55d9433184a287eb4478dd00a938b4e960,0
b053652eecf4d0d0d79da605e8e1224c230b056c,0
2da1d770fd31826dea7a362fcf4a1979ca6bb3d9,0
f7124894fa92c65537f5ba7567f653ce35107d0b,0
41c3c2131e7120dd0fe9ce783700811b63843ded,1
2d7bdfdee3bfbfff5b83414255c5301b8930a5bd,0
b122edb5310e4ebef5b1a39903b5edb849603322,0
112b44b45c0ed9c0ee51e396244014a378693f0c,0
af13c32ff07fa662b2becb7a9be2146f8400ea02,0
6563126f85362d766f6f9dc5cf8a1769d0db05a6,0
d6862bdf760d917c0c82436ec1c6b6f6434d5fbf,0
92a765b4487d3a0a8b23ae03e6d847f259e987c6,0
89314f5c993f293fa07e94918e578d1310f60932,0
0b8ae05391b7b26f9a1836871c9d6440be87eeb5,0
de8e059225a782eb4bdc5ac14740284fca0efde2,0
62fae6d4717fa7f868a8860f048ea14757cdc2ce,0
a51964468f055a6337876fa810bfc8ae007020f0,1
3fac812fce147bf57bcb616c28343491dd652a3d,0
d3e8a92bac49ac4cf156e11dd900f70b72b087bf,0
a0ae3ae65e5762b66f79fe433db83896bbf21fb0,0
1382c2c056507a001a189872ea72b47ccb70f5df,0
8b1b7fd195403b6e35fb54f78d094d691d90e480,1
88fd980936f1cc9b8f4ce7d373b852244a9edd68,0
af63187f263d9926c564078d15eac90feae0159d,1
cc8870db1014308fb6f426aa72ae697e25a6a199,0
8b7d2897c8997b294d34fde8c16d954f9669ba36,0
8eb5a6eb73cc3d67a98714db33a503bf6978659a,0
bc4c53225b0c04fb77b8843d9096587d18a9d425,0
fb4ebdc782d2eec2aa7695f829bc292097e79eef,0
11130b5d723565e91eb29f2296c49d8a6c5d859e,0
2e1ad7f74ef108983f06a3fd2c48b603fa7eb895,0
7bf7d3b170f7a2e1b24690544f30d353ed320820,0
83c6c13d2353e70d9599ac5f06dcef54f7a5fd91,0
f9f68c7e7d39dc880faca06a3e46032b9a2e8fae,0
2e66a1199df6990ed027ddafd71d5488d8f68ec7,0
c276b76db09447df39414022ee0070071d45d434,0
8bb76b850186e3a9f3e32ad218bf4222bec9a058,0
fac6ae634557f36fd86a092967588da9b3930a00,0
4bd743e281996dcd10b9a45660c9e98d60bef2fe,0
49c1380cc4c4ab6e67744a45d2a3741aa969eaeb,0
1a34c2c4250d2cd516d7431a896e7271e3ca35ab,0
929fd36f650f4229daef8f66937fce9800f1f2a6,0
5e68290386c9a2e5aef3b0442d12d6616010904d,0
a8da84c614ba6e6e87c6c91e0c426ddfec2766a2,0
46548634f12fcfacd2e455a6f45245aaee81c773,0
06d7e6eb7ea8410369576a3baa52db1a8bc29ae6,0
e6923625f616d78d03f00c219a2ed34e28706602,0
7017dd1707d0795799a3770398fe4107fb29ab69,0
c8519458214c26c1983c2dc2c55073ee6474ebd1,0
b3c6f4962e1f850becd5c95c3629dafab83fc42a,0
6de1c92fef3031a669546261b74255644d59fb61,0
cb64f2d8a6198c301e263ca41f56c79240cbf4dc,0
ec990e6906bccd52fd681a940ee63e445b7fe858,0
5eaac875d5c9e4100ed92c72c7176c524ecdf01f,0
3141ea465ed0e8df367bc0a470486b30d3efffdb,0
bf06da2dc19754c501c23d83317686903c0fb0c9,0
79a19d63165db326c918a9cb96c9f55f96fce359,0
7ddf77b60a9f65925d166a5e8b6fa2a7aeff6156,0
b1147fde1076f89b396403cc3a22b4871cb1f5ed,0
9d2d25e620cb4f0d2091f1639fcce53b2584c5c2,0
a29009716c694f44b5469735268f3397b57e0612,1
44cec10c8d2683429a48565072098a89426ed27f,1
d0030deefaaadacb16fd05c8211ad364c341f236,0
43d4aad5656486257ae7543b25f41c4bc2032657,0
c3135a71c72694af2a30b9d22ff6e9a3730e5981,0
28fd1eec52c3a916fd1b9d473d6536353e65317e,0
eac3ab973e7ceffbb6a0af410aeacc619e3cc16f,0
b4c11a3c200d8a29d42dcf8e1266664b08123842,0
67534ea8547fa7f921953999b2a17eec5101124f,0
ee684caf1319b2c63d4029aea7fa5e11a14cb0da,0
b970676baca4661d151c049199322a70acc3ad08,0
a60ef5a616f76c02be972d3ef999ccda0a44cc03,0
b8bc7f83cf3123de1440fd48c65158176132b334,0
6655daf3f8eaf1392a27dccbf0846d2a79e33616,0
e9a769fd0aec0bbd549af9a2804f218dd76a952a,0
316270d06b0664d9a0ed9d618300a6f6058fed99,0
80852c26ff492e9ed7ce54f723064e8dba1349f9,0
c57a194aa5afce18fbdce953e24ab5eb5e363ef7,0
71ba246b1eef48e26327b095cdbd08e524acf60c,0
04e55f06015356a0a0b2358b97fdf8aadeb46435,0
b59310ec79f3dff3c3ddddbee61dd4acece8fdc4,0
3687706250eede3c6f1906a3011d5adc9ea2a216,0
ddd40b701b587c73c51d6b25e5a7422e622ff765,0
0a0a8eb0dc118f60ac7d9ee2953a2a756aba1f4f,0
03b1dec4d20cee110b68cf8325f28f4403468317,0
11d5a490bf9d10f63b2c99837b9b2631f36d32fe,0
28df6cce5a7f5576aac8ca146ab72e27fc88f203,0
e9541b11d57abab15cd7d53a8d769702467793b9,0
7599d7bf6041cc4dbe6f8e7d5678d6f392284a09,0
127730b631d3d0e32cf0d63ed5692fc074899f7f,0
87f807675dae708eb4e70c5e2165f882dfcca88e,0
5d9d9792b727170fd494c81836a7266b6a819a9e,0
ad1a51f03abbe85c6648c1b94d9ca440cb1d6966,0
a4890ef33ef2ed94d04b1694fab8836574d35d77,0
3498ceb9ecf1f9e3b376203c93d837298d254764,0
a7ceb1a4d117e97c960e423e19a7c5e2c87bae32,0
c2fa6a528252a69b290b09fa35d337ee8ec7b8bd,0
4705df354608830db5d53e6dfb476b2b032e886c,0
092aa892f11cb28324dcb0b57f19a220a8e65285,0
a4244f86bdafafb60f7fb63ced991a105d65f611,0
e55d11446fa3a268a5653aa82d51fec2cf4cfbfc,0
11822e984d6a055c39b5051477ad667c37fa2237,0
1bf311737d015ac4ef840d75dd97964b9373aa19,0
8a2c79cbe16865c44a1bfa6b9877b1b67913b102,0
be5af473dca0fd652be1637d824d0baebb492947,0
249dd201875309f4be02ee11732de47a6139512a,0
9371662e089ce565b80df6e8543a2fc6b828a0de,0
5334b49ecbf04b657e315ea76b9bac73500e3b2e,0
4bdc0027bb8cdce699e5ea5fd1fa656b13d6d62a,0
363578eb5737d28fb24265a1bf0b491a53a19eb8,0
bf2553d0cc58b2e571e61aaf9b31b02e82392422,0
6c859a764dd57830db5081b481b24fa4c1ef775e,0
f6b79bb99394702daded15768545848761105f8b,0
2c0c177d1a8b5427d805c6aa1f7fa037fffd9e62,0
037e48b42446912ce3653e50dfa620d9d47cb1c5,0
f7271cc2f293d479d4d1511baa797a96c899ce77,0
c4cd3d1c5ea6d15316713a633196185c78e5a8fc,0
f4509e7fff01493c2f1683c1ef0b9cbbcf3b4c09,0
ad68413e363e51af7259d0fd3c69d5ba2974f590,0
c65ef9d7f1a985cc2edf754f77498654891ee553,0
8f6ddb5b26c910e94ab3b6e4d86bbf3d9f945698,0
12269f6220abce1704d1281cda1efe147196b31a,0
7b3fd294aa35d9a55b3fb02a52783cbc0aa383c2,0
a3b42c1a0d76d8f492ba31395129c508dd8e90d8,0
1e583c0abfafe63ac1c61f9cecc7a96bed23bdde,0
b630a72958719d1505ebf7e5eeb448d7795207b1,0
a70f7c8cec33421db2be57525d9b193a32d44fd2,0
58f702c8619ed0a071d9a5da6c193c3be1ca39dd,0
535b1eefc475848441169794c2354431ec32644b,0
b30d6460ed1e7cf69172eac2b05eaf67dbcb6351,0
9ee3325628e22cddd78d185b0159f086574ccd24,0
5075a9ab1087b9abdbe28e290ca60490b5df0ec3,0
f2aeaa84a8f2c5a8cc309972a7c3e4739c7592fc,0
552b6db33ce3bebce8f868c348e72ebac12aa909,0
bebb0ce8ffa7c0b764d32d47cf33f0ae5c513195,0
3af3f23a1d553ef25fddbb4ceefdd2205ff66c8a,0
243297b9299a3a4ed17b869b17dd3e705d6a96b4,0
0c4aa76c73c7ded722b397225889ad7d8afd1c4c,0
6e859c18a1c624fca140c636658df191a9ef8cb0,0
6d7731e3085da1999035284c65929ad66f63b607,0
77faa7b0d97f026be079d83c04dad7fcee27a1b3,0
0d655227d1220716da7fe6cccea7ddb6d1cd16fe,0
0e5e6df0b124a7408eff0cae11697d618f656b81,0
f239b4723995aa6728c1a30f2124a3c8814d1b82,0
dda1bff5fae389f63bbed495fd0ab6632aa6b2d7,0
19cb6843f030f19f468487ebf511f04e63916605,0
8601927a7abd8a549d737024575fa97cf0643b2e,0
ef06b552079c82190579b32ba41e4e954134fdbe,0
6be7b0f2b97da52d88c9fa10f9cb0c09c1491b0e,0
bb1c0319a76d08ee028ef792064aa5f92fcee0ec,0
2c04d921c6b50ffa3c69b4906f186a4626bc03c8,0
46c188e2a222fe567926cd5c9291855238622ee5,0
3e0591c803835e361bcc0d2ce87152d720966f32,0
f1d01733afd2ac615d754991b94bb93492e85502,0
8f28a93ab1933356496a2fce1d7a6cd39a0dca50,0
f06c2236c17b076666332e38f109f4cc766fe717,0
25dd9e54d6bb882e188a2edffcbd7746e38166a2,0
e8f3ebfdf487f1e70f06b8bd990e0400542137da,1
42bd8f0cae981b40ee86b10d1abc02258b421791,0
3c883211e4853a511a3983f827aaf2eafea89a12,0
061f8feb4f935cbf15b352b396f8247377ce9062,0
eb2dcb907498262effe4c9afc2dc8de33d342df2,0
2198fe083243102c895179a7c802e1e596bd9baa,0
881bd43752025c1315b09177d3bb5478d16835da,0
c8cdd97e568cb25d21374fcb4b6f5cc2660ba3a5,0
0d84e07a916e35eae53961dcf43522ec89e8a2e6,0
7d75d97ff1d071bc688d74f7f5060277ee82c743,0
ce13bab451577512245b345bdf36ac95fd1c1666,0
30ac1c5e1279efc68f8bdcd58f5a521866247aa5,0
cc49d682f1cb32939e880e5ecbbfb8baaf106ba2,0
17959f838d049c87de800ce848d01b3dcdffd19c,0
fafba67a2318599b6565c01e6d13534d95c1e437,0
743ebf1541a728d74f1aa30dd4f63932f2016d34,0
35648a2d7640d8551a372a80c88f7d337daf8411,0
104ff762285bf11ff4305f295d822cc79262eafb,0
2bdec9bac2d6b5135aba3b8b80beadf5492a7348,0
84a574e82115eeeeed3d115f2a09d0a080b8c7c5,0
3687d9331a0002f7735dddf93fc0bc19939bf94a,0
efb89dd9f2f2c4961518f7a20b5c162ad86841f6,0
03d73d56148d078dd3aa93798b0706dc79b4d367,0
f4fab2c93bfb37dd183eb95b06d3551ac0b8c6f4,0
ae547484e78b0280dbbf314d10e0bb98a5e3ce87,0
c9aac81e8b66bf794a71f823e8d7199e9011fc6c,0
0bfc5bbc5f848d203fa5ca0695e88600641d4783,0
8acc92c58faded0f412729b415b156b6445b378b,0
1078ab218d3c0e62c313eec88545d18813b0efb7,0
0dd2e79fbdf14f62db132a837f987fe38f831243,0
8ceaa46d31ce37f3c24aa64ded309191b9165a28,0
b763d55a7f6bec7683f6debbf50332a43ef5c11c,0
02f687df189ed8b2237c5854254cab2241c4b6e3,0
f99153a3b9358d7e2d8b9fae3d9fb5163d5d65bf,0
1695320a42c5e6e5f940c7e0bd617f35c9f271bf,0
c42fdde73cba37e782673ae2310b9fdbc4f7c49e,0
2acec7f2d57c9abb85e7347fc91527aba5365697,0
3e00967ef974a409014dad74c91631320f8df3cc,0
285b35727da244f2951db3d54cb3203eb65989ae,0
1bc6c41d13349f1d21125a3e36bc04f2b19f0532,0
ebcf30d368d7cd8730df74d0d92ddd7ad9f3e7b0,1
2ff4c4686bd5f50f0304eaeeb58231d1b8257047,0
68c3b9644c1e976bf489c1ff029d6e080cafb511,0
1d1f81c8d89959ad90bcb7b33f4069448b8513be,0
54c35690352ce57532a7dcb4f66595688a7e3b16,0
24fe48b987b693ef48619ca3da021e79c1a42b99,0
81751a01236f1aa8e17b298314b99cf6c4b9a79c,0
4f843f4e430bce04b048c4c2c96ebf6a8b3fb6f0,0
f4545a9819bd02a08c8b510bd4ec1f6d6ccbe2d1,0
f67e84f14ef74212c9168ecc63e38fd7ef3d1ab5,0
98b3ea94e70512d81008dbdb563ff7b096d00e4b,0
42ac1f2fc8020a93875c99e70939f7270c651af1,0
6af5849865fb193727a996d894a32160fcfcd047,0
2749ce0e8faaf8434b72c56bab946b0e03a5285f,0
be17a6d191362ff5363ec7d9092e19a6bc29b79f,1
91a8b14869510c2008236cc7f8ed8f56b29eed67,1
f2febe5a3504ac6eb0f5746327a250b1f0b4f624,0
2934c3f8fb0f2ba1290121ab13a7608e98aaa86e,0
a3820d7e150fcbe1fc181196975c3db17e5bade4,0
386c6c0e18853d44754c6ee0ce99fd14c614fe5e,0
c9e76236f32666b05d622ea112c9f2b044c79e25,0
63ac1fa0489cff5cef264fda4e8776064dcdb14c,0
d63063f41ee00f3e10e9e651f579a8b9b1778de1,0
ceaf33092dbbed802fe1a37e52ce2fef3673a606,0
17c37dcda18898f5b2424e02be854d94810ab441,0
3485f1155ebaf5b873de0476d38805df3b180a27,0
30f5293c15477339ca1f6e5ba60a17da24e08000,0
abfee60e6f5aabc268a39f55ecc5f295fc3bb7f6,0
32bab3e4ca532aceb5ec75fd93a4d6869fcfcfbe,0
fea4ef72456cefa506c128f59c3a36a3eb97012f,0
571c9eac8a1471ad1a088e71e06a1a61a95e9646,0
a3da71f021b0ad3502bb07a83bf41412f991ab5a,0
c557a4b11243d92dc0055c3ef992cd2730c760fb,0
360e368538d519a1cf72d2a5902511c20777532c,0
3c394cece81c20dce6747dc5512c25a82194b847,0
b4d24d0c1a2b30b74be218b9c23727ab78af970e,0
7e9b1a447f277ac07267710aa96f42cabf3b49b5,0
d9335291150e80cf27cca2dbce3096ea5c72ca6c,0
6ead4cf11bb026fbe9461cda373838b1e26e2523,0
86af6dd4e87b46fafc34172cf7fc428ca9db2f40,0
d3e2a981256ba84529c72aa5fbd3cb5936d0029b,0
7dd615faec217a694d8a7ca130788a0339f63334,0
a1a4b4f230fa464b2f950467c6090fabb5f792b8,0
8f27277db6bc0e1bd45aa0cb8ab05f248bf9657d,0
5ee140c8621043c31352db9b7ffde063d452881b,0
116ca542b2738296429900ca878cf813780f9cce,0
046f89b965fa53397625a181e71ddaff81b8a0c5,0
287a5ae8d360560658fa91a91d835360e134969c,0
fa26f70b591cc65443ca4686f1c0aa879d369585,0
8c21819f69f5f036113d633c7fc2f51a3874fa00,0
2981acd1cb78b461665954f064be1ac27897cdaf,0
b6cbdfec5455b9e9765263a71da6e9745e224401,0
1dbc9bda8f2cb8b4bc4d69e81ec2473e72711561,0
633b833482a12916fd46cac9988d6525fa286109,0
f4bf81120d8dea48511bc198d581cf31f1958216,0
f9cfa140025093b43483a20b143703950e027678,0
e64b2ae50dfd69258bd41e831690f502cf7ec90c,0
55a63be0a0b77b6601785458575c2718996f0574,0
139474ba41e5aedfae0f2f6be9c7a64a9594d749,0
6958dee0f261628b1f6df7f37c8153043bccda68,0
438aca39b4021e156c2d78017d2847605c1078e7,0
29295e057df057e74bda49d25becb6957deafec9,0
1ccf0989570645d9bb403a916324d07992c16b12,0
d4dc673e9df8b41305b67c15e9bd6b366c467a03,0
0692482fb88ee0c77c8386ba78d3d738380d3fd7,0
4ea7af8a496ec74a1ccb241a2114e110cd3efb1b,0
9c672b13b5a175c231ae17270331098998441fc9,0
626957070b65c00396a43c4e737d5ff8ae3017f1,0
ed38176d7fe97113b449ee18a708c0201c00f4c3,1
418ed6d5f337221ec4c64bef240ab3c994603509,1
251c542162e563fef81954fd373cafcc31f24824,0
d57023da7effb539ad52f8770cfc6b5bd2682cb3,0
9903537af4329db6ae9c35b3e68e0fb3f961f6d6,0
fdfcb814712d7d6c40116bdbb6df183f935f0cb3,0
09348fb06810a9683835cf626fdbcb8510410e7d,0
2cbc7cbaf62176a19560aaa31e47ef2416376d86,0
a1f34e67554ee9df6518ae3f7b419ebbfed1fd5a,0
214947e8baf564afe177da0e3dbd860f0d5c76c7,0
40fffe857a98bfd6d47b69d2b77c309126b2ec71,0
c351e2292f4bca64ce71b75d73b5cd727d623c6d,0
91c8ba0b9509077c87dea7558aa804bf8f02c13e,0
131631c83ba063c63945b87d7fee95e7199897cb,0
7b60d1ec0faf6491ac36d4a17a845fa2b971fce0,0
3f0ede898db6d25d9b395367a0464c7784a7f59c,0
c8b877658080295bd8854d9b7cec3f8d5297ea85,0
a6e5be1ce58fdfb4584ee42184d164a4edc5da34,0
3b964885625ce2537aced9a3f5a59ab1a67b0913,0
19764659d6b6037d53a313a2cb2391e6bd3d8502,0
a8d0b850ace90a04d6a2f46ba1751e9b8785f8b2,0
eec7b631d8708307b1cd6b127c2e9f99eede7958,1
23053d8e9ba95e9dcbe5dac6770cd259572e4216,0
17e3f304a2212795bfacc0f376a90e600f2fde85,0
52d8d739a6ba7e623ba72855597fc0ba5ba77ad3,0
c47e8668ba33b590fe7705ab4778445216e0b8c4,0
11ea576984ad80abe545b5a4f4caf353a57cb9d5,0
5f50be7a36f41a5d806497ca7352fc7216862ffe,0
0f3b4b46185f413bb0b25c6a638e27301731ecf9,0
4b9305a6ccaa1e4210277c978d226c0810695d1e,0
06f20c3edbc89fb64fdacda3e6cb20dba78544bf,0
a02430dbd4636baa43cd3d496a94c33c29cbedd4,1
ef5a226f03260e828bd14c0f08f57719338aa061,0
ca4c6b694befae0bffbdba330aebedbcd7d01e17,0
42424fdb6948b948ca64c333b136a0ccf79c619f,0
7556827f4d25275707a839ae2143a5c4afe169a3,0
eacb4eb812111f8cb8315b291e9b8e8115849270,1
de60ce3803c67c2791d74e058495e008af3e5fac,0
3ce24369a167c7ae2de2bf50c3f8fc59f2a54446,0
000e726af8464d94e7d02d307dde0e07e176d58c,0
41fcf52a10bf31693aae21df5776d051f282002b,0
5a7bd459998a5aa05f1579b907942b5a22fcf059,0
d26934447d0959f1cca83ef987f455b60675f711,0
5d1dc2b9a4bb19c5fbc38c271960be147ef22016,0
a7fb411ce58472825ec1df10282ad883cbd057ee,1
9f974e6016e253396423a236ccd4451e1c53d43f,0
eb254809443214cfdc139eb2ae46fc6ed9ce28bb,0
5349bdc401d39ff59190f52c6d0e86b840edcded,0
88a51dd85571e05571bd2e6a052676f0524cc35d,0
544a822bd63b07c4ca09cc8c5f377849b89e72c1,0
2b596b0d76dd54e272deb092e724070ecf9fe721,0
c72114119f14c0dbc8917abc877539a8ea96172d,0
32d58989e258c41095f545585865fba6f3b3f363,0
601180cfd519eee91f6e65338fe2b36c380a9290,0
6714886216f320d3708d45f6985bbc0a3dbb0738,0
cc1764333ff31351bb8b4b6e51c98eaea5cfc7c2,0
0399c98d4f0b71b54106fdcd2b9c9af73173eff8,0
9f92a6899f948bde1921e6a713346b098f99361d,0
8925eacd03e137530bcc65f0a69e75ebb3acc971,0
845b021bf1c12e5c6abe45d5b463f42ca45904e8,0
22c390e791ea2dda85ed47be73d4ac2113e8070e,0
aa3216275227f71c15c420b976238140b1686b57,0
a7e701bfe7240b6701133935720d2b245ce95dcf,0
68bc4fb44fb2bb120401cd8fad9e59fce455c3a4,0
2fd32b5cc8347d2a782b2e84a1502506c8095108,0
fed28f7002d816dcae4afc7ec0c1d0c400b0e06c,0
d32050f8af53922b79d4c2506b6fc37644fa7f7a,0
0c901bc63720ba51f181199812ce9053fb5c3e46,0
c369346bfcad1decb10ffff879db5b8d7ef2190f,0
69a76a4d17532fb03dfba6b59215f7cbfdbce766,0
4b216c0c95b9019e4b0e092e6682b20741271176,0
afc96c08a80a5b27755b99a1a318d3eae9fc4a9b,0
5582d8bee9241122532f43a5480514f7ab359780,0
1954279d844e301b62cf56e22f21c72ca3dcaa12,0
d8bea997c2642cef4d8e9cb140dcee7017a3089e,0
a425d6f5925bdde09018e72ded45b5a8e28b0735,0
720f5199a742c882521fc280872a8856194ccdc4,0
1264656a7e41090d57b56d81f67b6840171b08ac,0
a1d712291913f2210b3d5307add2235e554d588d,0
4e2b514ad579895e00c2f090f6313ae0c134c031,0
d51dd813f96e7b172059d3f0a956123b3858c710,0
f18633e791253901593e26e612e89c2d038f7c44,0
1207673d23125a673520aef93efe25b3e1e9a20a,1
dd17a2d97f3a1965886fb8bc16e14ebbe0cfbbda,0
e5fe8fe89499730813ca0cd9ad68fca88d898966,0
8f5e197dc5b73fed05d2661d152855107bc58b01,0
3f02322c223c7b712e42c986427f629e133de94b,0
948baf14a67ffdc6a16e3b1bc23e1f1ad22c66b3,0
3c0da5e93c5c2bfaf074b3b740d941199b20b931,0
d1222350c1c9a9621ab3756d27badbc137eb9bff,0
ab4423f9db901fb181cca3934a470c1654f40c6d,0
e957cf100fc0c000f1971dbb0059912cda94a726,0
e43b619735ee7339578117d460d555cc09b3e3eb,1
177e16fb4d3b206ea74fc729415fc19b304671d6,0
f7d6e7bb6bbab28b2851553fe99210649b9f1009,0
5c4bac7c778596338329323482f73d3fbc426a29,1
63c831d032e64d3eb0e25bd7ea9a970ad67ff21c,0
e6823ceee9ee7d17b593cce1bb6b9ab91ee9703b,0
d18fd5456ca61f26788046b4e99a3d88ceb4ec27,0
0a27a120e10ff5a9dec9896aebe2cc6ddc0d7bbd,0
661d9fcef150209c0b60ddb4eb7e9deb1d26855c,0
1d3d4e4e4642bc2acdbeae282482899a94e186a5,0
a03af288732eca729acbb8d8a3fdedfc2c2ccefa,1
63a7c4cd3caf439c36f4135d78bb1f5afffd3ed6,0
86ba42148945ee4154e60b8b278397b7e8a5c372,0
fa72ccd671438cb943ade7a1f654463dab84b200,0
15d6f2e24f749940e4ae97ca71b2cfeb4e261537,0
4676f817b13db90735df8fb9e35304a7a75722f6,0
4daba5579630c906179ce1cfb38346962bb6af06,0
f03d81dcc88261a9f578a150a9ce63ba72f99328,0
e321b9be6df156d9a705c084aded741e1ce1ba6f,0
fa8e6b9ed275adbe07a2f8535253d23ca1d5df84,0
c39b43ad10a08e1ad3f92d301208c8611f6356c4,0
1a3b3082437a985a5bd5fabd02d180177cc02c64,0
0736704e0bb5a2fc259efecc3b5d515998a0ffb5,0
3649a08216bc0ad952678fe8b2aa098c8d492c8b,0
fae10f2cc87ada6cabb15c884aa6a23621f0f0bf,0
83ca1aefde52ceebabe0e48e15ffc3c58e708686,0
2b8c029e678ca8187536d4c8b1629a1a9d9dd2d3,0
00b2736ec0cd90f6bf8d70defe00397c0fdb5cec,1
af0bcbc956144e83cc500541f79e5608f7e44a3c,0
18ad83955d31d13b82ec2a220145cd5e03259495,0
973d236c7de8cd0cdf85348c3094b9c9de84e69d,0
ab6a8f3dcc6b631189bcd6c0916c6bc1b5d1561c,0
e102721844f2add2bfe0ff6ec56a29cd53143429,0
7574db9fd4738da2c6b034965af67ee262d2e3ff,0
9a947e72ee0454a97b23b5fe25f8a5d8f54b559e,0
039df06119a7cd1702e92d097228271cc40ece1f,0
32f967514cec204357ffb43a4566ddb285c33318,0
75c0210ca1e748b0556489005704d736c5ac112d,0
c81edcdf113afc87b95681127f8db99e67049455,0
1d9680147c35a81cc1925b467f640a575462135a,0
ec2e6e9c80fd639fb48fac254be1fcf555c4469b,0
44f7decaec037c39ada8456c4ab43f650c93c40f,0
07efc9b3f74473955baeba4827aec6c9b59020a5,0
446e725ddc0a61ec47291d92a07f0bcfe942bdc8,0
fe18754400699534bc0b0d7d3f9e2424ddbe956a,0
c148a144cf551fb267885ca868e10d4a42a96303,0
be5308c6cad0ac40160d631901b16b5fa43bbccf,0
294f1f93e81ede18e826a9bf66312a7d53f32d1a,0
187c41822e10d1c69779a11ca6ba0e0a7b0c1894,0
b2d10cb1d8dada6e7c6c5b44488aaed419abf6bb,1
eb945ea4b8810c4a32f622b1bea7781079a3ab37,0
e97e359cf24ce802fc53307dae5f267bc2d23c2b,0
00f771359d6b1a09e660fbcad4e3ced0296c3e59,0
aa04ff32ed89f00a0d75fc39098333a3a909a98b,0
2f6cce0a9de948b6b59c0dab22ee4b58c809fe6c,1
8cf4a9ef1ce9d57153c839dc246c6f4ffe5b97da,0
05b92b6049e869f78de79fa71ac48149f10fca23,1
8856eebbbcbadf6fad9a84c6ea7995dcbcb7de8c,0
4c0cbe1369d3246d53c2b27ec799a67664a982c6,1
dcea3bb4343dcf1b818fd7412ea0adefa30ebbf5,0
8e7fce7f1c0de6d5ac84b960672442922076c9ec,0
9803d74b6728d1f7141906dae1ed724d478dee8c,0
ac98ac01c6402965bc51f78e50a29a5d52e5d99b,0
5227bde621879b1ea0c845bf134efa44dffb353b,0
db92ab390bccef9d8a95fbb7f69501ced5640de8,0
1c4d3f3e58e215c8cae636e9051d5d86e3e77212,0
a0d49e223dee2e4c89bf3b0ab97e9f3b11b34fde,0
c5fbd5ad07fc44c5142f00541dc171d1667b2b65,0
cc155cfbd6dcb246439ee1aba75204dd31c724d4,0
a6fa84abace07ed7894969954c6a366bf80b791f,0
cc7f2c81ad259176a9406e6db15de517d6360e0c,0
c9fddd1dd0bc1db812dcc723528c664104ffd4d3,0
2fca632ea5acd3b5151e3bf72810788908ec79f9,0
a430c93c3342fca04a165e54f482210927a40db4,0
cfeedc31608660fb3b7fb43d45071076aad0a956,0
39be198e1344ba51e0051e87e7fc79c8d3515c99,0
2dfad2d2701ea3da0118f9ba69fe416590de0ca6,0
c61b67c2c8589d0f89b6e7016529a77e16460897,0
62cde574fbda9a2be6f06c6361b7550cb59b4c08,0
d5270341557c538ec37d4f8b65b6721be323f334,0
950131d1876bf994194ca2400dcee9750d1f28ec,0
928559647506b9c328d0e83612db27cae400d960,0
00d7fddfe311dda3321f7c1517c67c547b39c5b4,0
eed40040affe2e85bf507ac05c2451caa0e21b96,1
251f4a8eb8257ba19d30450b108f698a0f3e17f2,0
9e06a331d8154d96947e8598c91502ae5bc87559,0
cc3a48ec645000d5880ec711407a2f87f6bfd0fa,0
549948e0461768e6ed4a570af8f966897069c0d6,0
210a6b71937e117ce4a1c1abe0c7936e5b47a46f,0
906ca532e315fb56b22b0c298c488324bff95908,0
6e27f355d10cc68055a5412dde99121843776de9,0
8a9331e0b34fbdaa1113a28c4df4ccf40e8a8e08,0
a443cb388e310e57438c98f20b41c7f7b72cf05e,0
1e1122944b69f5e3f516796bc1b314ce3237d4d8,0
6b8e7a6bee3ed4d992a17da791eaf3e38dc4df50,0
d7e08af9141ddf595fbb523fe2005c96603ff8b8,0
927a15def0fa262faa355db80629e8408500e759,0
685cda5a2b9a802af4d13bcb1ccb2231f5c2c48d,0
d497ea6444e76d9fd16c5af5101a993382e37bd1,0
168b63ed57d36514f691ddfe67112d1a1c065a0d,0
d34fc42a8fe1493ca707ae3ce9aa315ee7d5ff22,0
8dd9486bd4bfdabd6a74077c43434d7d8fab4e0c,0
d7bcc1a31c66bb89d7e2a901236cd1e4e0b96482,0
8339838843ea79811a7dc326c343ba64a7c8615a,0
96c19311a1f6e9fb05a80c92184f25de0e9cd16b,0
25bd758f2c6cd46e693ed7f159044e5b2a1886f0,0
f89ec74700dd4d128fe5b9a549e6d04934f80cde,0
1d5499a5f07a5cb001a9bd9d40c28517d05e2a38,0
666d4f37b40962c646bbeadb29d8b8e46507e87f,0
5e67ea11692ba43b6f223792dbc20e5e6d2c20da,1
7d910ec13f3d942eb35fa2ce15de1ba3595d8f22,0
d35514c3f29d20885d4c3bdf099bafdaa5488040,0
e326bd22ce9bfbbff2a65497583382f1ccd1567e,0
6f7a0847cf4f34748d149091484743371ffba9a7,0
460ec0217d2be7ea29eb406ddb4180b24268dceb,0
609c2a1e66ceaafc635ed00baf2051bb7924dff6,0
51547cdc0a2f4d22d08d245692c33bbba917abac,0
95b5e55dacb12b814f69fa18b2fd04eda96be5f4,0
0650fb6ec3d4adfc581457d61ea6af369e939059,0
bd85620f2d52cc9eb225320820d1035f0ba31996,0
a25fc51b6ac40e2c458055345ae0d43407098c79,0
37bc6b3bbcb803ca5dbdb01519df71bf6af6d70f,0
cf5944112edb28e47b15ed525aa6d089f3eddf41,0
f2f778bf4b0b8cf2efc029ec7bbb066b14b53a21,0
3a790c21b405315b14db61036620ccbeb8159b6c,0
f8575bf0fbd8d3acf79f9c3976890f0ed48bc1f0,0
4e61aa8f8adb0e1ec836a474d500294f423781c5,0
8caac5c5d24c01534ee50024693fe55226ac2146,0
03f3cc2a0b1cdb45aee05b7e636a89dae5d6d1b9,1
1b0ac023651d4f11e7557246cde380510beb3d34,0
144a640c86dbfa7124b4ae215dd0e201acd8abed,0
d2b402da9d067dc2ef9c82b4f40d446427978dfb,0
45200d09867296dd2e9a9ccf5d01236c1d9d0ae1,0
51ffa8d9a117ce218d8d7591ebbfb63c51468d87,0
3915d1b650b0c7263bc1d37a628e0383866f5b74,0
fa45394f9a10af893608d6338a9d3a3f8dab83a8,0
ad69abcb86e365dcb7e79f88c83e184ed485f9a5,0
8b894fddfaaa187f97820f4a4b8b7b83e57cceaf,0
89417b1298e53fa542695721a7685720de4c29c4,0
4255137ba665d6010482e321a475ba3fe2db3b7d,0
a8bd4d8a8f2f9cbe40e4f3e5b2e40f31b96f3710,0
b1bba9385544cc1b2eb08364f24590fefd300e8b,0
172e7a9ed46502e21bcce4c9e2765629f6586171,0
445aec51d442420162075fd92ef6963e86963d5f,0
bd937a5b686c09b7f12225e131cc50d3138c146d,0
a2d0cf17989ff23bcd64453f73293fef920735fa,1
9ebb1672b980ebf9eca9f03e78e66b1bf7e252f8,0
854ec34aa1a666eeffabcdf3d1c6c4dcb94a74c3,0
62241eca6a35bcc134f419de5276c99c66df2923,0
6c03eeff209e549b54fdb1067e62a9a780b521f5,0
a5473c8aab7c23dfb9a1c3348f3944e3165518ae,0
e22148d057d0059c1da5d92dbfff8a85ce4fd4ae,0
048315535aa5aab321a2e6fd8f1c4327cfdaff70,1
73677ae5fe797de5899f26cb3d0bb16cf1d69e36,0
cb89d87864394169354cddfed1cf33d71cb97814,0
71b23e9c8e90e47fe1f85ff1cb38b569887dc4f0,0
3360fe8fa3e5f4d8aa74bdadb609757ce5bd866f,0
ce95aecfff5b5f7157417c3634e6c486ea7a3500,0
b4c62fe4cb2e2c1520e1f4acb5cede22f3b0fceb,0
2d5d17c05e05e6dea4599a7c9625e6dec0f053dc,0
a6296e44d85c59ac6dea1b46c7414b6afa6b85d4,0
ba7883469c7220f3e3ba0852003bedfd5231a54d,0
f0123b1f12d35177408154a80efbbe0e9c5a2912,0
4508457af35989b90baf172c9042e2a173fa75e0,0
d2469add62fe5213a8ed6c8bf1eead8d1b1e6ad2,0
581f34cefc8b434e932280f3c5593c236ba034af,0
46a3a8219454a3404253ec132258f7684968ba22,0
54d29ef30dac4168e79a10627909e9b747215186,0
b3a0b8c5355e5588de6ea07e1cad9aba713e9655,1
30259ccccde63bd5c12a56a765677cf9280c48e6,0
8f07073e9635c4140c4589f31d9b5fb30b27c910,0
caf4e8bd4bc80eccb9597c3c0b2059ff49a469da,0
9574b4ddd4f0fa8ff34f712515037c08b87727a3,0
50f1bb7f67dba4009a68197721f29c662a9c2cb3,0
69e6aa7bc544094738945fe169700afe768db853,0
f49423ac9427951b3775ab1bf301353ebf25576d,0
f636eda790b6ce99ea39188f5492bcdf5b5563bb,0
bd0aacd8b924386b8f31ecad623bdf74fa99cf00,0
ee40947f853397e92f795cd8c495d265e86a2335,0
8aedc3a2956c5b7aaf4ea43725ecb45e02e5949e,0
da23a6c3be96f9e6376dc292465279d80324b8d1,0
5fbc50a66288428e9487304a5609c5607bbb2e1f,0
34f3a4ded3ca939a8e72b230281b407049ecc1ec,0
d619fe91020a44ee974ece3751cb1ce41ee80e39,0
4ccbb4914f457d40c1cad803fe49f9464006b6cf,0
56bce58e1d1b33665500aef1f3e8129aabfb75dd,0
67eacd6329ef9562513c1ae35c7f8e9eb7cae67a,1
79420e0ea8706b64533c7e47adf86becf1c28a0d,0
3b72429ebba6035c92da5556d4f628d4d242af73,0
a98402c5b9cb76a2fbcc6694b170ddbee9e0450c,0
df7ad337c4b14677482fd0d4ee0c97c2f55d7565,0
9ae56b86433e209c8b0d43cab1ba419825cea391,0
d2a0014932578adef8f627b620195a439e9aeab3,0
b33d625edca79d938cb2c47789f323efe7d35ac5,0
e575223c9226c84f0619df7800ea0aa026950492,0
70e5a394a539ffca893abfb18a38238d8874df67,1
4ee460a9622c555fbd283a8587168ca9462a045f,1
19326e0a6c91d5dc15edb6aa866ee42d3d9ff28a,0
c1548077d22b85f2d8bca23e74e2abb478b597ac,0
ea3709b2fc01317222e7f9750f64cc96320896c8,0
d7be99e02cf8b471954d884b83b50e6beb204c4b,0
517fb815dc714c74e543acb1c90b5f94e2fc0d16,0
4d8800bc179c9c7998373aedd27ea9cac68f7417,0
da30e3d378e6630fae2e8612f2fa488dd612d6db,1
b5f85c4864b9125268653681aada53e8f9937789,0
53abfef850009e43a55de8bb79d8344e896f9cfc,0
ffc4d0aecc2e487be46162b4a6a0780413fc072e,0
aa15730a1563b241d61400d2564dc53cabca0c97,0
ff3d695958ef16b7d1c1f183e2c6424146f62b02,1
9b46a4c353d7374fe57efe0cf1cd50c2457f9d57,0
2b2a1151ed1023e6880ec71c2a04e3f25396b0b1,0
67f6a6980275a55689e8770d0becd210059827c1,0
e3f74627d8d20dff7a2d4c616ea6ba7ba96618b4,0
5721da53297503c61780310d15a52d27654a62f0,0
b25ad396872875240c7059e65c2c2e8af3893ec7,0
b32d806664dd264a763ea703c7b3833bdde4d483,0
fde9d5abcff0b7bdad23ae87a6096ea6dba5c774,0
40e38a6e72cc290ff90af422f50e4d1413b1d4c4,0
4ea9ffac58a5bdbd5258130f175a3af240ed978a,0
3bd0f6de9989870f36a4b71ac5f558dd390bd443,0
9fa1e93b3f72a0a27e78b5f5f013006ec76f736a,0
3f9ad0f7bf4336cfcbf0dcab0dd75730abc95e6c,0
7d41534df20fd17f58db902314b2db52296c8a47,0
4cc85648632a91fd1722b22f96cd6cb7e60d61f8,0
bcd22a781346d3f3045c5ada6d50c255ddbc5bdb,0
9e50290763a4ea51cfd31ad7e5454f6763a09d26,0
b2c926d3c417255c171006fc6171657565b3893a,0
70308699381f515f64d038419066481f8b44b272,0
1623779b1dbe849a92fffeb5d2da89e00e388cd4,0
777e0389d1f45d7a5207c7e3a0ddd06d0920e009,0
ef7370f4a2c808d8ecfa84ad0c359a748e61d322,0
8f3a5ca3fb45116552ef86c979360cd1b76be43f,0
c67a16a17a1e3ac9f8b2621c7d0af5ee78ecb992,0
551deb0e5193870967979d5a01b6300745df9550,0
1350234289d4b994a1a5a01a5f9d374a0dfb98a0,0
76c632d8968f58589111eb2953758032736f933b,0
8228838282c7eef11ef24013b1c828ddeb0fc713,0
7f6c9744412abd720673c375256ebd9110f8e660,0
d5108d7b1ab6f529d671f305b73254d16add8624,0
81c4925a88a431cb20492c68bab9a89a5100dd12,0
d789d1f413facd0c43bb96679a9c15497a6e7159,0
4eb7aac6de373b37c791c9946a19435bf7bf3ccc,0
6b68696fdba8a2bfb50d63f30749a52439f1f082,0
ee5d40bd30851a55b3c7612e909bef452c906e8b,0
acbd0dd54778c9a6805abc9f4dd8aac8cadf1453,0
3d52f58ac080779ceaebabdd9fad748802c50cec,0
72fd752a5822235f8e57b898bfa60c535b1de5cf,1
86e2b7b2671db341f2a9c98a3834821257f4829e,0
fca27c766c63093a59494e7164a07d689de7c782,0
26f495032fe1da3590f6c88a3ad429b85ac3be71,0
3f8a3d35490f47b2a15bb44649199af8c4c1ac47,0
7c2e1a64546db1cf7d54c73eb7b2cc338b3a588c,0
af29b2c94efd90caefdfc5a05df7a0a2b13a8ec5,0
cd9e5da7c3132d82758edd506b6eaaf442ee1c21,0
3db82abd68a95152b9b2d928a6339440bb8c33cf,0
fc6a7d30b2063db665c95b0114030f15eb45b811,0
239eca45c99588e187cf949e8cc2caa9b58c3e70,0
d56083c4e884f1f6b66ccbaf49bd802483393972,0
b425789a43f03afb4faf1e48540a85ad09dc2349,0
212215b4d81d69162f009b29a4eef5e2eee458af,0
d6a7ca07debfd3d63761242fc1474e6f888c679c,0
9c50b9ff95cdc9e9f7266431fb3372977dbadb8b,1
423c1b56d8aeda5d136b75b41e3a8e41e7e7e928,0
932856af457df7b2a1399e98b12350f56409f1e7,0
828680c4f2d608b5bb42005b3bb687e663965fa4,1
c2d2e97a72d457cb8bfd3ab6bbe0f03ec765e4c5,0
21f02027300e844ddc172b22edc1af2892382be3,0
de974b683a8a21a47790497c6588a4c07497e095,0
720304269cb311a3437cb0e1273208c732795309,0
1436e1c9b545dcd104b66c50f1940b28213a73ef,0
f5b1dd9bcc8b58ef6190ea6f3cbd5e3629a8c648,0
e5462a0d3dbf2edd69650918b0cf2135052a365b,0
2de87f9fc64a3af25bd8c919852a58d718f01e79,0
62780d70dafe6a4f7fcaedc90ce902772d394f82,0
7f6d01d121accde2c83fea3658c311305b8d464a,0
88a631049caa76e8433dd0fcd7f3f97d4c93e383,0
f755c2763b5dc7e0eb622f7a2a36b3c423acf438,0
558884cdce1000f9eab1e3bfff0791120f6294e7,0
f7881d9623af58f20e91520b1be585d9cb16cb81,1
6992f5c57bf0b49853ac44830df48f5fdc64746d,0
4ccd4636cefb09844f3eca775bd512b6473d419e,0
4ec8ad4b202853ccfdeeb7ea87645f35769f6a17,0
e6d317c46ee6b2cd032f38515f423c004e0f4015,0
78ba66876d9356aa6e24090602ded0f05df70b27,0
f8f6c80f3e88a07bd17220e6f9bdaa8d18408b8d,0
8db762504de3fb01948064b1b1c7b27ad0f1c92f,0
7eba16ffcbbff68181d6c10fc9db8cb1aebd328d,0
986de70799c0b885fc7f79551e6d553053165bd0,0
061229b6b55d9619b92880fd95fc8d46063b2512,0
fe63bf9cdfc3f7c72fdb6c9ef4933d84d70e2f23,0
b00341642f8aebc2171b8daf23317da59639da89,0
f18f858a5eb083b91f1198f78ee36073f1bfade3,0
780371088253f1d0283cf098b6f0676573b909cb,0
c8fcbbb1e5884b4648eafb6b9bfb2ae9c444c5ee,0
912684d1fd96f18cd9310aa6d623d6692e1e135d,0
8db887f0bedac2bdb99242ff0fecc2fcf282e6d9,0
7b8779767bc80f277a001d9c6ca0bed8a7dffe4b,0
759ddb1f33e80387e4568a9fb21e5311b797607f,1
581bbf03270c315c4c706284972fe8cea86a33e7,0
a99b019788ea602ce7e8ff68f5feac529fc19de4,0
09dacc32af863a6a7a37571c1e1b487a33fafcd1,0
3d46a00aefb7af74da875a858a711b23e52bab95,0
f26ab2b06944d20d9ca71a33255b4e0a42d222c2,0
35befdda00fb607f463e167c5c2a76d6d240cfb7,0
aaff43333c3a875c7da697033b135a6627c62ceb,0
5ab01d476a61a803da0766a2b0122f26ac2845a2,0
0340baab373a772adeb1a00ab4e8c00ad161ba8d,0
084ca941c6aa99a14d6a95eb1f1773734ecf8e66,0
80644cdc6e261792dd77631f677a33f24913d610,0
073c21c49ea6950ea14f640ef4a68a42c6657a3f,0
1c3deb24d1d1bf9bc1770b559dec3b49df89dd99,0
46c05311a6c49aad684e49bb93a0a779078590f0,0
41652f51147602716390d2e13c58bfbe437643b1,0
06a408f1726bf537a07e73f4b96b7c015a227b47,0
6d09ca4f1fe5cad4a6bf13b82a7bc087521bcf2d,0
ffb6caf903e24889b970809dcd89d99e7ff225fc,0
5ec9f32b7d534e76adede257ce0cab8a550ec5cd,0
c2bf97ea8fafc5c543f0dc4ac20217a69aa6e602,0
fbfa44845e218d4408f511e7f36c0bde90a5909f,0
fe68229d56d5dd499664c743384f7b29c566d09c,0
013eb18a3136bd05095713e14285359e355680f6,0
e270c8e2b469b6f085773c352c4f1b932432b8b7,0
5728ff6b835db16dbc3f299f6b47fdbcd4a8f924,1
a42babc12533b73ee2ff1d51046f63a8933d8746,0
fe80e1f9bdbc6b0e757408502e2e43c666902662,0
0de60ac9f7601841248a2ab72184f04c112d8020,0
bb1340e9b76fc1e84599a59b1062f1bc6d617ffe,0
f57baf0a32aca74569a2b0ad8300d2cc57de16c9,0
44644826b0f39b8b6b1bb7c203dfab0a58fb3995,0
3ac1e43e80b3e5572345f0a9534d428d03e5f32d,0
259a2f8e7c65f9b3480d5f3ca44d8a93aedf6912,0
657bd59a33d2fe7fa9980f6eae92e7d00a6f75d7,0
68b52d41d1d1d9dbe750fdcfdbf4e85b82ee4ac8,0
12114dbef74b883b94918c78f5ca2f06523ce774,0
3b5c227430258d71dd388520f1e0119a03077d91,0
3d66e27a335aa95c30243a05e8e2a6a79dc7dd12,0
cdb94be8243c50d9549411f829e01d23846c4d53,0
60c17209850e46a4a8bc0ec9260549972076f1a7,0
6390c4552ce679b97c6d717c67a354a6b76f725f,0
9cdfe8b631f8520c9bcf72b76cc6a9e9a5392222,1
e9bc0037a2d1300dd77a1f95a668f28c15fbf1eb,0
e1ac99d88ab283cdcbdafcd6e590d8346153dc28,0
428ac52563930fecebbc48d206e3b8d506fbd14f,0
f9dd2f709b1d447b2b1c69a691c1aa5844867444,0
d9641d96861022cfaf75ead5bb7ba8f7a44c8241,0
5c8b3864cbb32fc56c8395a5ab15ae61e506c387,0
25ace71cdc5e7b0eb8971a68097ff46721460215,0
f264bab9adfbb256e359fe4aad8dc9618e130ae8,0
aad66d798c701af7228b0f9d3bda7ee12fb65c2b,0
7e3bab6f26bd5dc5d9ffb69a84f5307a9da58bcb,0
5b58eea49cad7f5a7c4d133495b9cdbd249a6116,1
119f4607244abc0bba680bf7109623fa037ed024,0
e010a8e49a497ec88c5fe7c59d11d0450feca186,0
ce5ff9d025ee1584e023f27b726a4e389ff4fea5,0
18c69988889123b0dc584d6368cd075b787f9cf6,0
7ff8c399dcf729ca74615be65cc27e9f2f873e0e,1
db4b3f15410a237d97329f676c948fa84a5eb97b,0
406e22d185019eaa104b36197159944bd83c9049,0
b017a2aa8dd78ba15a602829d7d37402ca61260e,0
7520d2ad10fae078887b10c80641fa889e62d493,0
abaaceebe68e3e08c444842a91a1f8d7928469b4,0
38735ba34db11c304a0b6672f67a2104171ff45e,1
6cd58df17020dec71866c05e7522b836f5b60d4a,0
7a8740a3d6d7bcab3d8a9cf7fa70f33dd4824863,1
5b79201e660fd48cfc8d9a659fb252e56d9bfff3,1
85384fbbdce8b8a48625bb3cd34f4ebc4211b111,0
295b1d6223a9fd6e110b761abba659bfb7006b20,0
021aed4e26a8489ac46b511b17edbaa179db919c,0
385e7a74fb975717566416de8c7afb8ae6c4eae0,0
714628627e07aead6632801a30efafcf53b739c2,0
564a20c434f109b484dee412fe055ab2fc9bea0f,0
e35759ac906cafdc265d41028f5a1abeed7de7e5,0
6c181889c62e340138f005c82c48e53d9434e3d8,0
c7f2514ec8bcfda20ab0a109904255bfbc281960,0
a4b0586ec77eb113631f6faebfc8339eafe62c09,0
be806b1a653b7691fd10067df79ebcc7e6f49ff3,0
3fa40216c80827147bfb26e4e261246554c50275,0
415a450f87084525a6960ec4274b2468679ac6c9,0
a2fc30ec018ff27961ed742195db47f24d671232,0
19856ba1cec45f2b1adaaaec57a907093ac1d261,0
e15c57618d15d94263defb02838e3ecab7dc0632,0
d0fa05f40c0927a90e7f9a00af61c95963211f65,0
ba2b9ec70709d5cb098c2501a5dc7a38710ca087,0
bcd2b3471aaa7b76e03979ff5c7b3a93c06c1019,0
83c695db6bece765ed47b401fc29541bf5efd7d1,0
ecd741889d152da60eb793db2adfd5bb0a32ba1a,0
e101b778dc2c1c19894638f2159d707cd1314014,0
eb68541ecdfcf3d38d755605bac03a43b0ef4b5d,0
1a9438f1549d33cf1a287dfaf20e5ba9d1f20b3d,0
3c1a730e6794400463dad9bfb1492fe7d40344e9,0
e7c42ab651f2bdd27094edb432cbf6b98ac9268a,0
e1297b5b1917f45a8f8999628f45427fd094f7a3,0
7b366e3559a982c56fce8ef460b416310c5a929a,0
3330b3724e740a8d621db655a10c995782e0ed81,0
d6a693a575042828781bd95a131eb580261c54e6,0
7413f76bfb900661468f01f7128f23e304e80f54,0
8cae600023f530afff1539f663edef17d1264a0c,0
544f17fead1ce0fb92d02ba4a3db4d055cc1b227,0
faf732d72968e7cae2dfe9c6bdc3e3713f604a3c,0
bc0b480a0c55e64a382f192c5dc9726ace54bf3d,1
6e8b80597865492bbd92e813227abdaf01787372,0
6aa37aa7503ef93cb90d76906e2986419dbeb982,0
03e9d4353d65c29bdc858434e4021aa37930c600,0
c06a8097f8f1bab9709f7c212c0b4e04bacdc0cf,0
7eb05f699c4329693889be615d14a3a5b11d9b08,0
bd86d42563142265c028dc6cee74372782cdda20,0
9332112411bf764791acd3c1ef927c59de3a58c1,0
7d7f0f6b6236e306ce5598f2d7b15b12aa7aa397,0
da025604b20e628a4b3dfa7e8b31af118fef05ce,0
98775cddc9cffdc86d2591a21586cf930df05d6d,0
896b111bfd3028be9e67dd23c5c6d5a8d20154e2,0
f818178ca9710519081428b6620fbc75e376f8cd,0
1f1befc25ab4ef54b524d97e6211b434ff85d855,0
1c3f1a54080572ccfa128133a716165284ff272f,0
12640f3bf048f99830e6fbb735adcc09cb078439,0
94b568cd130bc24e9bc1032e5b56850d26f2393d,0
a1040ab2716b65deb415dcde083789c025e392ef,0
9a24002b863ceacb58bf9c5018948bd6170a2510,0
beda854d6f8c2385f8f6998cf66b7de119b00f07,0
63cad957eb1ba9beb2febc6afb20baa2f5e6698f,0
6097cf961b38e72a328a3c22bd2b7f6553d636d2,0
8d0cc833379b11cd2124da35d649bbc76da6b9eb,0
6faebe0169b0b6db21fe3b77a8d7aaec6732e8e4,0
da5c92a5f07241573f50d2e3f826e65b4810c15f,0
e634bcfb521633c1d1aac06a79e7a7775d7c5ba3,0
64c6399f6d88733a154653bb8c1fa14c96b82d27,0
1fbd80abe5c8f1adbfe2a24e79381b4b19e8e095,0
1f7f54e67ccec0343152046b527c08a62250d642,0
262a97411cd00b68a7f2cf4aa7abcb329b1f77be,1
dbb5d3ea1b519160940ba54edada59cbcd35abf0,1
a5392947e0fc05affd02e36767ac8c25922bcf7e,0
0a741b42ef6ca8df07e8600ab20875900418e551,1
c2747b5bcb2756bf961042dd051678f0f3eeffb3,1
db75b58a7e2f8335af25dee367dfea1ba8e7dae2,1
dfdd18d8974987fa1fc936a74a158bfe8a21ca51,0
2244e7aca592f9914388264b2814a30d07c8d851,0
c10ce573d2a9cbafb3b20e253d7b78f85c9342c7,0
8b18e501e1cc1f764fd458c911ef20fde408683d,0
ef6ad611a69c0301292b85c1162ecc585ef009e2,0
aafe003067fb19ac2c8308de494625f5cdb120fb,0
da23bf235d4e2a39a5853795f2abb50194185b59,0
3b2ca19aa4b5ad8201e622d6056cd5d0cfcc4755,0
1441f4d9ae4d79489892a38ff4221629d2ec4cdc,0
