commit_id,label_MASZZ
27d0664e7ce073748cb28b8bf08011d9f8566cea,0
6ff959dfcb12a53663eab4936d1d280218af8d74,0
5369282d2d254477c71f9c2aba98a7724a4fdcae,0
964036594041fa0a6c8d21f3ea6cb954f2e05b6c,0
226631607f20b9ab314e5cf7f2bcb3346296e7fa,0
6ceaebcd87ba415953620d31f2c35eed38271e42,0
897df72adef639bbf965ae4271be757e8b794195,0
5a0b429ad1f6346bee5d49788ff82e19140cb6ee,0
c27646bd066760a0a2d0a402a99c39f6583e512d,0
4f3b1d9bc6b48b9c390b432a93212fadc1fc2bde,0
4611565fe5cc748520025f015733a32867e3c645,0
1e46d8a1a21850218b98e4b58f6af16a86aaee31,0
43ba06b3243a59e821ed887a82694022c55c4af2,0
901b24ed75867c5508a7baa6832451751719bf47,0
afdf3ad6e5c83c0ca1cbd47fa5d18d31b66cb1db,0
51bd487f1dd385892780dcf3d6c92abd703682ee,0
077ba3d9e115dfa93b794c445dc2aba5f51b9650,0
76195b3546ad9a6411b25b15c6ee0c143c4dc0c0,0
54ce30b44ecdab4a8fcc393c0ca5f26c9c2a4f16,0
b53d130748a37b39d3dc1bccca47346e13b06b74,0
72e2540a4b302fa0434e605b75d5a764fc226fba,0
a959e31a29b32b60250e646e3c2dbe419cc68635,0
4f84d6bfba96ac2ee69c0c3a8dfe40870ba0367b,0
f1eb961803e5508e7cee62e66d3aa68a48753568,0
f3ebcc46a8e6a50e1e145ef9ac92e50eade5d97a,0
24e1a6c631fba3b83ace7192748af058aa6bc450,0
39ebacbf891641ec8c31016fbb9b71cfb9c43cae,0
a6ebbfeddbef69de7a622920f3d70c7d3d97c54e,0
eaddfa7b663ae6542bb8b4c6dfb2daa6f4fa5f09,0
35869bbff94c6695a498cb7757b79bf31ee7c28e,0
8ab43c06c58a46985f73ba1031e5bde0733b1062,0
8f3a144da76b45dfa8c403cf353986a832a78e96,0
dc8f6c832a30f524bf12a5ae7ab013e4ad7c088f,0
8203c1c5bb4342e2fbf258556cac4826eae7ca11,0
5647fe2a66b3e74f044f414ad10d92407ede9396,0
00c27a9c0636f15a0ba1d0bdc1f00fb8d9cee0fd,0
568f2d7d7cf24ff0074eec29e21868ce9fe24236,0
316fb15f3aa1e810a27fcc858d7c0e7ba0a4d724,0
bf6b543c1d49bf36d9ee10de1a1472dc5d677b10,0
e14cdfe55f4837b63daca367374ce996ad87fc5a,0
3351e63155fa41fbfcb0744efa960adce1529798,0
f22dab7ea52e8bd07dfa84a6f37ce915d1536b1c,0
581c7aa1fd0cd1f20b4846506adce6f8547ac0f2,0
a05e928564110cabf4c1f77bc943ce712a7a9fee,0
3ff7a413f74930210ab20af8aba62e8f3b661757,0
907bd78908d1c13e34ebfffae36a63286a9b0a29,0
ed167f2920a18288d5be671b7e080b05e27953a0,0
8869f4ff6ad16d4bf665dfa292fa9b4531836cb2,0
6e5c9b868953a9b5127a894b52baf0a1b8df1542,0
67914a649330c28146f45581b25461ce2d09eb49,0
d66942f84ac04463bfa45e1c19fdbc46b370aacb,0
b8b0e7eb1143487a89f7deb0db7b5475d99336e2,0
868af3848cd8807a21a3d6d3c1831feb9d9d74d4,0
2801f99b930aa56c7db5e0741da823adc003d831,0
819d5687e4e574c04be22a4fa2cc238519a5bdb9,0
9400525894adeb9a7edd5bd5ec4fe5eeb774d83b,0
b7d744302ecf8b5ae775f28b5889a8af0dd4e82c,0
b672f947024ac400a4bbb06fe3b92fbad172e9c7,0
18c03a39f36a368f46a9c41bc9632a44c7a5204a,0
fec5f357618ea592099a2249b0d24e509aa502b7,0
d8f6ee18c1ee6a18f98c6e9a683fbd56d799ff96,0
142ec2c331d65966a6f520a5c87c765bacb78d88,0
23a94cede9ccba2bb2d83f0133f0cba0ff37b512,0
8f2a08ebc73397c56bfd55131709d1fb151b1726,0
84d550d3ab0ab9300176f22a0f496eb821ada857,0
d5cd986e58d086163d2d09151f9e82004216010e,0
1da0ee652afce8a67da6e777298951452d8e9548,0
8470693f2de9d8f43615d407ad7c08f42c2a5250,0
f3c046cbd9070f7f155afc6390f1190596921706,0
7f24197890e089333ad02ad1e3db0174017bf00d,0
98986558dc1c0e2013b76bea92d75bde80568a00,0
ac982579962c32ee28be1e80cdb514a829e3366f,0
472a2894046e14fe2fd6e4f5312da8afb93c8769,0
759150423e3a51adf095ebf770d82f3183f8a9cb,0
833558b235fc9beb7571db416818e871d34c6514,0
f890da3cb5320745009160065ffe95aeb23b91a1,0
143dd5228c02e8ea5db8414aedd9efdb4f9d19ee,0
42ac9960a1b3bc3cbd6788e9384bb1b96177cf69,0
97d5d232f544910eb4e6feaef4172d3fbaec4abf,0
92e18dea1b6bb18b32b8b1443acf38d8342ff827,0
7bead8487390ef6207cd0f771153811b02dcbcc1,0
8194db4cdf9e5c3d7831d6ad750dd9217b86b754,0
931c2fa4672688a58eeec1a98599202759a160b7,0
1bf3426e084f8b4ed82a33bd2797e0ed98949c0a,0
b852d0c6d6c6ccc2d60aecdaa9a38dec9803b661,0
86e664dbde8a4927adde3b852985b878a58d43e7,0
0406d1cee892b2d49c5861630ff77cefddfb4933,0
cda9710de8f1ac6f1a7d2d25d13b7226637bf836,0
fcf4d82a6f08de178baf45acd5ad9265bf6b9c4b,0
19b60fad7edeeff3c096b0cca0653d1f0718d910,0
9676e23787efd7b05548872a2a6731a66a861a32,0
6b86a438b72cfa194af965d0e290e383106b3cee,0
f2ac150daabcd8aa334b94c3d58c3c1ee695e8e0,0
d3179620d7d055bee965b1b2a048bcc846b1981b,0
42f49b4fd2334d01322817119f2261d4969049cd,0
77fcf89711a0e20393105a1247c41968f6eb58d4,0
acb8802a22051651a880de8fbdb1f68b28c7ef7c,0
434789abd38decf069b2787696538580cfaf3359,0
6ff3cc48b02d1725495fa7f1c19427e168c1536e,0
c8e1f069137de1caebcd21dab17080318f99986b,0
6a41a907c7e0050e5de409c63c4df9edd331dfe1,0
250053d31de82d4ccf9bf21ad697352e7d816363,0
ed4396b4cbc85cea60cbd1cec6bc203a940251d2,0
a18cce11d12705213c0da7910eb476da1de22af9,0
81a6295f071df5819893422a397d94bc396f2edd,0
73104b011a9758896904831f9b1bd29aad077f11,0
8e36214fa2760d37e4e9c83336ed5bb324c23482,0
9bd67e787d88705baa26e85f3a9609dec015ba5b,0
25e52b06a3c24dc06216e7d29321a2f01c60ec6f,0
e2ebaca8b30d1d04d0eb6a4e811a6d26631f4d31,0
33998a05a8adc84ca944bad2e5c7215309d1477b,0
50c6583280cb3ed67407dcaeb31df4f8fa8ede20,0
b2be3a82b2d0902e89718a56c6afb5850d020668,0
20f09bfcfdce88760ec9be095b848e85d9084acf,0
fbe6354c6acd5de8532a49e26b9d08706c757719,0
9d2fd407b6caa0a58af6bdf3c62f4a1946730ba6,0
054a4dd0fae429a655e34997bc38d8dddfcada15,0
decdb7d1ac200d4c3d80b7f1042133702cf9cfcb,0
b495206e74025ec07c23eea9e8ac9e27e13eac1e,0
9e8cb6acd1cd7f6aa3362be8e088ebc5c130faff,0
b6a5f74c25e256f4a5fb70bde38e36f6809ff9a1,0
cdb25198c7583efd795bd00d656be9cd27a7611a,0
aa4627d283fd9ae1d9b6448e8f9098c6f40a85ee,0
b047d7a8501514d31eca74bdc8b08a8a5b1a3854,0
250993b873b4367887344d2083cef32f798e9b12,0
b075fd146d02df5259f7f88bc5c6a02db694722f,0
508bfc576eb48b8a655fbce7f63a20a1ab8f64c1,0
e83256653eaa5f1131ef9725de624ab988053fc4,0
c29e2e81110d12efcb9fca446f8e1c5ad6b0abdd,0
a0db7e239dcd9be5d6f9e9c6b97e3cffbbd02df2,0
d757d5166928a8e490ceb8a6a91d269e126a594c,0
feeec7591704b24709e8028c434c7b57a6e2d9d7,0
1ff5140ce427f6cfa53059d292ad91f08cfe8d2c,0
1faf4e6204dad120f894d057098ef0db51db5305,0
126acfaff4fd05621a1ec4d361ec25c5012afd40,0
0e98b77748630e809cd7e659616df24094278912,0
c18180202fc93146797a826d3f0b2a945ee2f9cc,0
a77db1ba905a23aa7ec743a66f661c5c11d8d65d,0
732eb9173e9be8a8244f62bf443ec208946ed3f2,0
631d183f630efaabfc909a228278904ade214bcf,0
74bdc007b300dc8b06cb579517096d497540448d,0
27b228d4c0c34e0108bb07c9b169d07023678f4a,0
387120c901f4a75c3112dfdf8877dcdec7ae685d,0
f5a2cecd2d0484953d41fa4bb8cab849be3a7cd5,0
850d2bb7e6a4626765c44982645e24828e24abb5,0
c44cbb35e8beed6d75495d5ea750a5e0a8c9449c,0
6b8a51f1801505db364453248af71ffb30624f9d,0
7d3deb80bcb40278c516e05f63badec9d6d7d0a2,0
e75f3f94ae6f87070b30e9b6509816635069d644,0
55d777236a36e31ae71a2421235c931c551ea7d6,0
d4f988691602710928ab9e30fbf4ca0653c726ee,0
5267ca5806c3919001efa2bacc9466f07abd8f25,0
c60d0ed1242339cd876d33bb5303ff9e21837d98,0
043c84367a2442cfaf0358b3636913a129ca1987,0
00bfe4a5f46af2b582820b4cde3db45148075092,0
7e8d688f2d3f77586dbdb685f1c389f71b7716c9,0
7491b61bf58b469be093ef4ea4bd9708bcf74cf9,0
d01d773bd40b183ca08fa00c906c72420de61ca0,0
ee4507b969f6b7165dedd5033c3b084465eaffca,0
49044595581fb3fb47ce5219dc1b58fd275b49e7,0
df37ca856a46ff256044c6f696615b9102e108b3,0
db16fe31c19a965ee1fe124744e7f2262d9e57db,0
33831c5c47477e90dbc731ac3e13671170042dcd,0
8f15ac1afc109623d8ac0224e3d5333283aa85bc,0
a45261b90c114802bbfa357bb873e797cd4f9589,0
6de048b3632428c85c811ecf0357a4ac64a802b6,0
cc1fc9b9755a70fd8a18cde786a819007065413a,0
f16cabc5507f1d21cce9f86a39915df5fd49a094,0
396218ad0f3e3fec7f223c910177a6beee2af47d,0
c1fc2a99310fbc8094a8b5b09de47ddfa8af546f,0
f8b21987271744ed6db77d5ae50b99d5a954eba3,0
3a65a4a974f420798f5aec507988cb61bfb1d82d,0
0b07ee358eeccb119186967b6d82006440e9f405,0
f9018bd6ef446bdcdd23558e62ac0d24f5354053,0
d4cade3dd89ca7ac3d7e96fa181928feb730d938,0
0ea889ff61be208c4c0dd495c47fd6b7e71333ac,0
4ece9757a99e7dfdca04fa068e97eb23dd3cc434,0
14f128d6dd12d476d78dcc856fe38ec081d51754,0
f2ca966b506a17ef6c95c85a57c75a73f09df09e,0
3019feb5fda4f40d2f5055f55a9e94d74eb0367b,0
0646e8c39d0b4bad38d75ad49ded48cf5921afb6,0
a14cd2a9f5b2a60139a6aac398fe63ecf33cc933,0
3315fb49d39466fc05bc12c3c4b692937063b706,0
ca52f570255b2e1f4fd6faeb198799169870fb6d,0
f3b0eb5499266e99170bcc674c93d8a69790fc8b,0
537e3139742c8760f95e4e8ce50d32abe58309eb,0
a0b3c0a096465b39b3a4010c8cdf151d747578ec,0
88f56b14a8900191a86b463fe62723f37552a6f3,0
f55056104a73b19f978a67cebdffaac1f7320b6c,0
19b3c4ca327ee4f058de41ecaf61adb2365a4513,0
69928bc25b3d93c09c9ae12f31a88c5addd8c8e5,0
275d73395c6433d6f67f825a96174d85ff4a8e3e,0
e37d10fd817a4f1cbfdd580433a8391d06640e69,0
d296a1906134899bf74df542a6bfc13127758b2c,0
1cc57ef8e42ab4b4adb17c165044966c1dc6c93f,0
715ecb7ec7ae8da1c07c4ebd0a3dcb1a854deea6,0
b20eaaad36b6562ebccd5afbded7199ffc5b040c,0
7862d5765ce607ff3ca64eab5bc204a856ca1202,0
9ca52c9da073dfe5ae9f49da31adab005be39e04,0
688c9f7b0e1edb6321ca7f157622ef0d82d9bb61,0
431fd328c596791f3a20931314fe2a4871811499,0
4ae98b4b85679b6b32cf742478652f4f9016a1b3,0
10c212166591d8ef9f9bc30955eb170ad462e904,0
77896364bd8b464841df189033a60023f6557418,0
b2bbd02217963781c4f53a30e3179d1b53d8b23b,0
6f5a5cdbed81452baf42f9175997ef3a5b8a783e,0
88eccf821dd2c6f0f313183af24d39f6ecb72dd7,0
8912a0600a0eca1fc29a03f5916c388fb810caf7,0
81df57cdd627fe674adddf91ed6ebcf4b04268f2,0
6ef32f5c2329c21456eece2b395ebcd791f8f648,0
2cdfac1a8e34ffba32603d97d81173158b16ba04,0
ca9a599380a8469800b402ea4f17a5b6f94c99c8,0
635cfd199b03faa966675bc89093e246e117685b,0
8cfa1eaaa770a6c9936071e54b8b424b4a78670a,0
347336fb4f7a757b605650aebafe48d1e2233bb2,0
552ace67fd3a5d87e8f28dfd35e69347ac0ef515,0
1b5a00fffa93ab3ca365393f456efe2da9f88241,0
cb09b7a1fcdb8060f96f15dcc48935bffc51cbd4,0
7b77a1a12e4cff97c024acaf41928066aff81828,0
d809fb9ee42700dd8905260c4c4229e3f5cdbf43,0
e352a9b11f47e21ae9ce069e12dab67455dd185a,0
269df1e79cc0d5a113b2a03c090985d3b2d386f7,0
5726892907130c2ac49020cb7be71d9ee0038cca,0
15ce42914d8c275a2d9dd82082a19d759d517e6f,0
bb3c354ce9738667858b97c799fef06980a44c13,0
fe94f932aab2922ed56ccf1e7ee56c4df28931fa,0
bbda5938b1ba8fd6c3edf5282bc1288bd7566379,0
5f208b190fd260f8c30ecd8c2defc7be6695cb1f,0
f410d2ff3f01bf412bf423137626415f11c70be5,0
dc43445205c94e31fe6162027e2a9a6bede5d6db,0
39f74e9e9cbe24da57e99b62bfa48f1873fdff55,0
f92b2f552b43d247c76613d96fbd1e2605ab9f4b,0
939c5c0582b56b76c24848082ae399a8ed7bdb0e,0
91c44048f2751ef89567cd50ff04851da4f56e3f,0
21fe1d7f86bbc198975c4282c9239ef1b5e9f094,0
d4ea4d0867dce2b36deda123d9e477531aefcacf,0
e30b1f6c247468f5ab2d06dd101c535c77778bc9,0
2e4891c194cf4733fda4be4e8b29c2fa3ae46476,0
d02c003231a2ae8d065f9edfecf4e97dcffc085e,0
3c961b83ead5140fbaffb1191692f943758ecdec,0
99cf6b7800f7f1af1b45c4b167aae128e3bb4aeb,0
2df7b9a20ed600ad64bc00edf1c9a619edab76a0,0
0643fdd0b7fcac6bd1543cdd1868ec7b5de4bbcc,0
f9808d1f01d3a4e08c0c46283ef447ee0af6e7d8,0
c785924f5236cc1b3954e64722565ffd7d365eab,0
ddbce9aaeba45d869ab00d330a7ea9ee4d89d0a9,0
1d3bad2cdb785c721da80f09658e8f307e74adb1,0
52c60c3884afd64bb435837496537e7f5b779e73,0
82d8710e723bed2a2e03b5f3004c81fabe0d4023,0
4bae73783fc2da7ff66e4c74090f353531527807,0
77ea44859a1795b6636d2b21766ab3e37d1da647,0
67852014e8d3525c8a2e0eaf2e246ef3b8f21516,0
b316a5b02726d8bf03091255fa225db999f3e4ca,0
3ac04a8a9aceb9d891e0a23a6f000a7f96790a24,0
8398c1ac5492951eae3fba5ca9345b7e17edfddd,0
5a3a3b1644ce957ed4bb921ead00dd929eebb665,0
5c69f9b478e67eddc7924a84fbeb53657079f073,0
4acb316cfc05fc5596e63a6a56af436872ad2c37,0
07c0aa9a95e8a6e5feeaac118e63a95820d9e094,0
db6b7bc648b20b836cedf27319b2f66d20169dd6,0
14b5d6a7e635394a8ce2ab931c8279080721b236,0
2bb4fd9c5744c0f34230b4909018524457d331dd,0
54f6443b5bc95dd53e2c9c52bc91e9275f35fd49,0
d9233f55d70aee9bd58b4a8200b157fba5946f4d,0
76b94688560ea760c98453ff385e7e90e6d33dce,0
be2cf88e5b43928b571acfa318da7741b1d29bae,0
950c65f5ff9c30e61f9a4448979b27359cbf46f0,0
bc968760463ef8f728963baca336f129f339d1ad,0
99c53ffb770833ef2b3fce19da15572e3e17c377,0
e104437b20aabef356adc363137be345c3273c6a,0
a725a353834080ef04f0b629b39ec834265fdb28,0
282999a6af401e11d22bb0a35f51e5eb21e59e66,0
06529d5a09159129fb23416fc8fde83e741b1088,0
72c8e35ad244448d5e4887531822fd1fa3ae638d,0
e620a5e4bcb2326a88f9b854b063619ed186355f,0
1351cb7fd70f5583b290279d0bbf21a84d47e6cb,0
d594dd25868063be2ea5a7744123393d66cad479,0
c7fbb1778e87f3941c33d2ec3e7c59b6550fafbc,0
fde5c6b656eacc8aef95dd3d86c56b6689d98b92,0
cc31b98843ff1ddaa3a4d98c73dc428f89918699,0
1129c6792df7ca92e57f63b6455007c1382a89a2,0
d07487725f94114154ac230ffc75d1fb72fecb27,0
75da1d9c22d07557a0c64f99503dfb936d4c9ea9,0
cd91c9a24d0019efd9833c114c3a5e07419547d2,0
92babf5f83fcca610a5681bbcc8060c9c993823c,0
5ee737785307d4abfff3e359464e680671aee0e8,0
190381636a9e1148045cdadeb4d0c4a11d845289,0
33a80ca3290cf8ec4a7e9fcf8e457aa468e511c2,0
0e2e65764684082f2176e56e66566355e50660b5,0
8b2cd27c49b667e62e29d8b666b0c4ff5ec2d5fe,0
795c95990a3b9bd50921e2ed84df021381d59e58,0
82f0d521b715d2c8f651a874db748e839df2b7cf,0
5552181c5daaba8547d1d879f5ef8ee486dbc19b,0
a7226da1b147a82695f046b5148ef6eb93f6d0ce,0
66af00a9edca4daf585672f384a6921149b4eba2,0
a5d419a8ae2100cd2b28759864010b31e8728438,0
a42411c12def89c3f5c25a56ec8040a9908f2300,0
2ab852320d63a70999120ed8d6b99d95727a78f5,0
1be85af96a893ab8645a94e00099696643f3ca29,0
1e92584ef15a3c7b8c1b8c5efc7ac8b93a8f2492,0
40978ac3889ea78f3cec267a0e86c29a8977baf1,0
71d2a45fa9cf4b4827b40444f1dbdb8016e47299,0
d66a70fdb133c71c69a4ba764c2da359c78680c0,0
540b69cda5d26c9537e66ccd097bdf0907779e69,0
2f823bc85a487d1e4c9d5d9dcc7402124bf4292a,0
e3dca95e7f30527731fb33457b743978ce81d7e9,0
88fccbd4627ec9cb7f5d527e46d45bde318f8b30,0
68620d25ea8d8f49f529cf75ce4b3a2ab5788f9a,0
9e155881bb58c2939bb512111f27ea0912cde565,0
e944d5bee7ed649218389880e2f9ef2244e47fb4,0
5b3efbf6c88623f73bf3e68519a14219f349f975,0
7c07aa820b7aed34a1485e408cea77158aaf07c1,0
55f9cfdc225dc72f7d19848fe4567d34db0fa984,0
891cb89ec8f3b489bd5b1ec6670efad82371c6c4,0
5e0f3e770166830b7a691285294e74bd50400e7f,0
852948a5295a33065c8b33628b110b189cd1996c,0
5f40138c1ebe8353a2b0c9e9169e84210cbe4917,0
5e58894d30aaa43a632675187b0c1985c9a270bc,0
88fbfdb70205c06c808fdf66379a483f8c05216e,0
f5313f33b265669748f7c25151ad3d179ef437b7,0
b20db1f1fa6ee7b0536f6a25c9c33f8289c22098,0
cb344d6cfbdac2ce969c8ed86bc02d25e0a8f2c9,0
004966ba0d70c24e59a3107edc06d13e56905313,0
13208005b9cf043ecd09c149a53eff03c1e7db61,0
fcb8bf612ccdf25c11573ebe82dd9f0474e606d5,0
af58c1af853cd705fa08a5313c7fecd870ed37c6,0
4368bfeb57e2283fee80a296ed460d887b96a594,0
cb2b7b69fdb35725f54f2bfa3a96e2d5974e4d56,0
48bb283c9b11876bedcb26e837a4efee3a71e77c,0
f61c2e6179dabeeceeff0ab2713a0ac7f4eaa64b,0
03cf9375f858a6c0ad66e539f016c4d57971980a,0
f0f1586b14f999d8858ee360fbe1a156c7d6e9e9,0
e9496569d7ffaa71e230d043a821c1d35e90e20d,0
ac0acf9859ec8b9e70ad35645b5f61d5b141d4fc,0
0d2bca78021b0816ce0be68ac4b34b63934259fc,0
d912408d303a81fbcd199e6e07c99780026c5279,0
af89716671ab80daf3513587cf18a8dbc97b200e,0
ffc953ef2af6af5f86dc79bdcd619227e59f284f,0
90bb4ea23f1535dddb53d310778aa4183113c8ee,0
e045680d25264414b33b6af291aee456776458fb,0
f9f750a54e0e19f967ee597f38675544e9abb21e,0
9b595ad00e4b47a6fbea39d207d36a06efdeef10,0
2cef3376c0168ee3dd83dd4570b812e45ed448dc,0
42de0206fd6494d57727d9f139ae6be385214c7c,0
c5f66c9303700f6ee1e426981e33027b4b7b83dc,0
18bd3d041312579486ad12d3f3a803b485d9f5f0,0
e0ddfc10fd3236960a90a5eff9a9cda93a6e486f,0
283358d57ef2fac0bbc2d609a6a21ba5187a4a24,0
a6fd8da50c7ebfac60cbcc89b3a1ec7fc03ce02b,0
937df546016b229fcea57ca03076c887d3849f7e,0
ef72cbdcef491533b5bb5fa6eee573b1e565440d,0
68199f10cec6dabed8344875b5585f090499f93e,0
e7cc9d1b0a61ee59cce8c1dd30b64e4cf700ceb7,0
8c53c1a00db53d1b01dbd5bfd2f0e1e5a121e968,0
941daae10bf9ae963fbd992340c339f7ab88235c,0
7db3cb59590084c30edd52ba1204ee34c7aa30a6,0
1c5f484ee7d1e16c94450149223833b6f7977ab6,0
6ca5a084995e2057ae734df9b11c827ed2a362e9,0
c23a8726febec6882c2357e2c7bcac999d33cf5b,0
1b6dd1cf48b5b731e8a033d7294f42a881a9ec4a,0
a98fa0ad8db08e7b47d475239925838afd0f1e98,0
4a5c94aa36aeb4fc9d54c83eb15edb578e22070b,0
9245cf65a700bb6d5d78890dd039e7860a9133b5,0
a1c24b1fffb4b042771fe48eb2639657efbf8168,0
42725631c9244aa3a86a373ecaec2a196426c409,0
9f444b458cb2a7edb0aed5793b6f625904844812,0
3c84e5f20cb0f8828042bf8fe145219ce65ca9be,0
0decfd73543953aeb16cceee5ba36ed8157ac2ae,0
f2b9b71b8cfbfd0f679677bd168eb5447ed44f1f,0
7f1a796a1726eb6852949f2da35b22e5a7349a02,0
4488b9d8c3825b1658c1e2a13724527000108412,0
f83ca968519eef8cf854049db1d23bef21d03277,0
05f0bfc8274e4ad888e44759887717013e495555,0
892d6719a798c625596cf4e0debfe22f2d204177,0
0b9bd57344b844cc69c31a8a2ca8c6ded5aa742b,0
855c6b1bf37b418cfb9db9b46d1c4625f9f6f0b1,0
2dc2321d42413a33fa94ed39e5bcf2509638166a,0
4e5ba00e90813c3376461264185633a39058ab9c,0
9603db8eec4112c01e410917dc2b713b55f76e1c,0
b3daccdaa423ac033ae56ec0698d1c1952c52e0a,0
06edc475dd62edd73043234d76624a703aed97d6,0
3853a3978dca41891c305f79dfffdc145e981b88,0
8576667daa1fe9e981e8101a8fe61b5e802b5071,0
0b0d2a480d8ed7922aabaf424dd2e44003e37688,0
78e18d4965129825c9718bae4d02e256510cab93,0
25d12dc5cdd93ccfbfbee19e74d450e68f44faf0,0
36be5b290b0eb7c95a7c1c264d50829196f496bc,0
18ec4fbd66255745e52a02fe22cc6a304bcad180,0
d2c70fd3df1570aa494f41a59a20eabe86266ed3,0
6d959482247761cc6c8a8a3ebf651d8e85473964,0
c10361fb04c629f135db703c5470f9d1e6f46fc1,0
7963dd219f4535eb848132251f3de63160d2721f,0
ce3af301d3f0f3629894062a1d6ca7b3882ae4a1,0
f848580cee84010ed15ff31e5ffd6bc97521a248,0
a53be08800f1064216ef264a37218ddfae53259e,0
0b16abc8675ef01c3182b9113a6fd9978591dd7e,0
4acec76313eaf66de2806d1380d73e7e65df0669,0
ec1a4c520a59fca7afeb5974b5ac1fc63ceea723,0
491c8c7dda7a12967bd6caa9313600c122fc4c3f,0
288f950cb2724455eea87d694e28c480789477ae,0
a107b4bf6418a75578db9700c2d846549df14b15,0
a34ed2bf6a60cb1bcf495dde0d22c6f8a8f2c92b,0
167acf8555cf95c7a25fb9336e5c7f71c336486e,0
c6f7e6ffcc1815788d62f60dc92c8f0c56608a6e,0
d1ec6684f706cf3112c858e6cc72f3d613b7f12b,0
f01e49c11253895b4236e8be0cf11a93aa0c8969,0
a1a6caafc55a2a9841662a2a60909d6e3ee0dd62,0
49f91e7a043d28e56fe26fe2b1d1a71d78823ecf,0
bb98f654c2dd45b56c7a54b6cab2ca3ae1274d6b,0
ad1575188d2f9298b75a7b130abc275582ea0f3a,0
e1a0527a47f5f83662399b78ad2d247726bd2291,0
cb6edb5518a37854b93ed22271b2e7e02497acff,0
b3eeb52ff92165277a68f99366f4ff05f20c38a2,0
75bf0c54132cf7cce876ce1f1f8826a6b6e98162,0
3302e7ecaac50f30bb579a1491678bdec84ecb3b,0
8ec0d9532381965beaeac97f35aea3d4bea5b97d,0
6241cae21c83b4898c68018a3fac1e9bf03bf1ca,0
92cd0d60561964da773ecbf1979ef6e00aae4615,0
aa58b214bbdfe25b5875d96faa08a80a0bd97789,0
40f831b0c6b67e7314b5a6367e432c9675014115,0
c77dd6100cfd4d610b2c7cf2972aa0f7534956c1,0
9605e5a1aaf4bb50302cb527a459a6270e0d0f1e,0
83aaa3a22dfa0c8a5104498605ffd5be7f493ae7,0
9e66c22947495c62b898e9487ae571a8fd2a64b9,0
0253534538e440cfda9726f14901b1b638d20fe8,0
351cb22e1e1948aaabb39a463dce631bea156125,0
0d501b60e50ea50e247d8d804945b9a39974ed52,0
d6d4b824539b0d4794200d05286fd3de1ff2f236,0
6d6456ca94448ba8ea105e697e3f89a67f3cb7c1,0
22d62e41374cfe558f995fd2c0f490e6f93339d6,0
c4daf34d4aeb1193ba8feab437b86a871c6b123d,0
8f2b67337af5dc40a3701346c6302ab0cf5ca554,0
466a61d3f957a9a0727937b3772dc6880db22f01,0
ca27bd30b6170561786d421eb48f1535dc41336f,0
1dfb4e5bbdc604dc72fe671fded50a5c91bc7543,0
fe23bcfc073369ade33ed283e1d167f6fa66e763,0
8cbdc117d69aaae78daa7505aaa9b2e40692a67c,0
733e35e0cab3f8188d7faebd3248d916d0a82db8,0
f5db5a2d11ba51190bdf7235a936940131713c7a,0
4c0174fe22187b5e406571f61c802ea36967f925,0
303bbaffbd1de9ec19c7348e15bcf1a5a5282fdc,0
699b0a6411763bb9e70eb86435619c9c9b5b985a,0
0f2dccc7fd6dde301ee48a31b9f43101fbe221f2,0
ea1304029290f649149d8de6fe45707a85f10604,0
9e76e7f760d68f4207509fb53f58d02cf1e2b5f3,0
8ad83cb10a371d440ba57cc1af74389a073a310d,0
9c117905ebee09e52d54cf25fb4f27ee66258ebd,0
96610734f6d4fd8a3c188e76fb99ef45fd06459f,0
46e8cdc5eb6c916d8a140ae519af31ec401d6514,0
163e8fccdfe735490d4e029500b04845c20c63d9,0
d641319b4fcd53465290856ad8b84e1bdc4e1c2d,0
f49428a2965ef94a677d82db3a4ccddfe628f160,0
20df4c9f2947b2c6e992778d2859c4a58856beff,0
45f549ca8f223297a9e0c9972d604784f73cfa17,0
8c7fcfe178832702f837c4211ef02263073a4d4f,0
cd4caaf36d0c97eb72449a02494f794cbd333a1a,0
d08da7557c92b86032718e7d6ad953ff5eb7c72b,0
5b3c2a5e130bc2f27e5ba34384f7b2cf503a5fbe,0
1d718d8515091f49fe9c092455b17bacf3085809,0
5097ba612a5dc6fa39dc684cdee7d1c252166e20,0
3a7cdf5280bc1dd04839bf37862346eaa672b2ed,0
b1b7b5a3e80e2bb4dbf03b1ca7fc95f3bff589ce,0
66bbba913491a89e75fb66e3df9a4dc8710ee699,0
ed43d2a48cd741f62b849ae19b7a9e64d7f73f33,0
cd06e60f4c2a0a63f34192e1ab878d9a4f45e893,0
91d600a3ce072cf47e324a12a2b98efa20231fcf,0
432c62b8d3391ca26b89a367bb752929ce818b47,0
c4d8365e0fccb62dfe6a33a3054247f43be11b83,0
ab9c9208aa5db662a6c540424d7bee8f5a5324d5,0
59929c391777e60157ae9533f624f8383c007e85,0
25225b0ecd58d4c5d580107590b11e6855fc2d30,0
8d6cb77b818f62ffb78ca111e80dd2192a905247,0
ab821ad679907677b5b9da5b0972a47615b2bd02,0
70e423b8e632b416bbf1ddd9d31493758c905940,0
801afd9731ee93cd265089ced09b916713aa761f,0
e3b840fa7401663935ecd66d20e74981b4c41d0e,0
218d031d5c9163b7688e358639b2b0f9b5f891e8,0
ed9431550e8dc485073d3648c9435b43ee0b2e8b,0
8192719757dd243e8335f595c3816f516395b8ef,0
523c8dc927aa0654a5aa0f9170eea087b65a642e,0
c0645178050c9b33367434d54190a4be0c456afd,0
86f594521b9816d2375929eae0cbee842f5d915b,0
31c9aad56202ed030e038325084476aa0b4e4889,0
ba434eca152d57fcc2e3a1f0375c38bbe18ddd11,0
4725c24ab813ff1c1d0b8520b1abb7473866d785,0
8f4f0c4fa7caf512b87abd57490ef417a4f01ff2,0
f8bb72cf39426759e128ba2fb691128a89d48590,0
6cb7d153cd8be2938d0e528a71a880c677d7a1ac,0
6660a227daae8d76f73b70bdf2ac935d244aaa2b,0
33e017dd8005985546d683c45f7fb6bf911bd25d,0
264a34f9630aca6fba9cd07630b2189bf201e42c,0
a9f9be4b0fff82e1a22fc26738a979a0496da91b,0
ec04ff321dca1368069c80f448335755d1e7da4f,0
3d6e922ebc7da0ba74949e0ff97aa683f4243460,0
bb84031dc70a6f53e1ade43849c22b0448cc31ea,0
71090a179ffa96e371a72c55fa0ae2fa2b6d851b,0
1f3b9fe70eff7dbf645a83bc2e949090807b0198,0
1c15f3b6ba78b95c2a00ac087df1fa10a34e6dec,0
a5ad0bb8422619077b22b18fbd5d1a1564d0761b,0
c56e56a96f3f037c82dcb357896162d30a731d1d,0
7222789008f6454ad06e6b1492c0dba23e47099b,0
2c848fbe17d820256d5c45674c3541d4d5d5a9d7,0
0d9a85de587f799791b7cf2a5fbd6a97d8d90251,0
4357dc9bdebf5e32944de74015172872e3da9cfa,0
fa89e5c47943bbf8e6485f78bf4b5e954351b036,0
8e54782842f172cbe66eb5ed196e8f6545f7b98a,0
7eb185b4cc9bb5f90b8de7ce7c466a2b8b8f5744,0
112463e9a29cbb5937c50570edf29684dcd63697,0
43943fcad460c23d64344225236d916df8d53f21,0
489a3ca6b82c9839ffa4b51a5999a06887acd4e1,0
812d020064c29a64fea7a1075bd05436dd01dd24,0
ab7a8505ad2a0530a0233a3dff51350d4d2ab45e,0
1c0c3aca9c170d5714c0d892cfa57c05a842aae7,0
e515180735f7a4c45e0be970b58a87ede834588e,0
ff49d981d0030dcf6bc2e116f047a6b59fc5d085,0
8be1e90f56caedeec5bbe6778bbe14f6c39c3502,0
1825f013fd3ece04ca6bb3abaa6c7c0de9e7bf69,0
1ad76b4f9b2a0055e3cfb5e5a544abc48eae1557,0
e37a42561708adb6006f6222ece7654c68e63667,0
c529b5d912a873dbdb81212cff50b9aed51a473a,0
71fee598323eac3eb4dd7f9f3c4d070769ca9368,0
da16f363adf7c60d45002602afa3c466ddff427c,0
567c084a44df25a917a4074ebbdb90b87850e44d,0
ee23cedff7e319d92d5b7f0fe841e39b9c946cd7,0
bc5e00e704fef0c7869f5945279c4fccb78cc45d,0
211a7f849ebc51e7e4cabf350b07f9aa2f0d949a,0
295bd6ef001ef30cd271be9a6234521683d698ff,0
e119f125302cc6f65ffd4ab6a1284cf31990a507,0
d75af8c249302825ab99f9cd7b74bb1dfb8d4172,0
a92eee65e729f2c686dda853bbcfde82669ec41d,0
a10aed9a985c5c47051ee8c7b64911f4ca83a2e7,0
2cda48520201b7593608b92d33a3fd460e328e22,0
214ed103f27767d80354f2e77a0be99fe04e33f9,0
54137fda8d4fb30965bec1941a197e7d86621a3c,0
62243b483861b7466ee1753a048ca33807e1f76e,0
05d702f154c00cdd4433cdd645354e3727721b4b,0
52e14c97868ce7b2ccb01bc9255b9c4019045841,0
dfa6a70516e03576a81c32dee7385476c8285dc4,0
6e5d0e037288c34f6f7ca1974eafe3970526ac33,0
8156a07e4ff478d8bdc7c37421ca9dbb245ca076,0
c35e3b2d0e51ab201779d7434008516d76c0547f,0
e7f5f108b1ef28d3d67146422507f7e3269a7f62,0
729bdc893d34044bca31466848b5b79be3ffd93a,0
a7d39e3eb8da2480d90753f181566e1678b3df0e,0
b4c7653f2784c78fc42f943e1f89e4d291c862eb,0
a22ddc35d49a004b98d18b88224f2b572b772044,0
7fde92442f48d53ff2b8e80d4153843fcf93070f,0
5c456c3357fb2829f0b13d92b785ed20b9332cae,0
8705d065101c10a092038bcaae44f6ea39275417,0
d9b541881e154da87c83081cf72a9fa00e7a3aee,0
7786c28c39b2d3ddb255fc3e8d20b125aff338a5,0
e5d7a7942a4049739904e40845fb5e6b083f3509,0
1848f8fc46bdfdd54f4c0b28f4644bf6c8f2cf29,0
4eb3f433fcd9e298c6066a481317a6fbe4a84ee9,0
412d2b3d139dfed2268b3fb3a42771ce472854f1,0
8ee76e594cecfde9ed0a85716e45598da91b7d8a,0
3419e7224f1d4a2e74e3829f097750c80b4d9d61,0
3e7f7ef11d1b7656c0f13675b8e27602e2624b9c,0
fe116c91a587ca1380af40a92a8f8ebd3bbcf1dc,0
c60cf6f90282bae169b25829438a87930ad3d2f2,0
fba17cf4e9f76fc896c6bef5196793ac9fa03a47,0
fa5f17e333bc8314ea147a39ec7af675b5bd7557,0
94302cb7525f4554ac83686f24a935d55b05ad38,0
7b84903dc0b76fe81c3e771e0aa9db274f27f25d,0
4f0540829d9bd6b3e3e5e2a982f5f929fd42d83c,0
13d65a152e5fcbc54ed94feb2b5b2e700e2a920e,0
0fdd68546238ae379da52f67a91afae58f4b7ef7,0
e1b43faad434c13711804cb2cf41a8f4bfe812e1,0
5261b3150839a233b3999d426deab75fb1688389,0
8ff747bf41b90ef4617789b22ca3031f40db2894,0
af2957eabaa588bbe8dcb1e2db188977cf19071a,0
fd181466a7bb0e48b3af619a51168a998cccaf3e,0
a2dea2752d61095022eacca498598fad5ed01a99,0
5323ea81060670913c881fa09a8dbb1c7f128585,0
384aab1d33e7c5418c58fce1645b235db111f076,0
9b70ae0102d1a00eb7b6554e77cb6d02bee3d93f,0
0b638414345304d58f19aa58c59f089b3a27ba14,0
9b4f8fd02b38a0dc3c360ecb946ed62bf2434252,0
32372c9813d3f9f751d07486f1df35438cd26399,0
ed56539e654720440b72ce8cc8d346bc4642d054,0
b0a9dac9fd4932bb6c6c54ae5ae9534b1081af7f,0
97bad0a1e0bb58b81cf8c1c2d5fccee18a4449d4,0
f3b6223eeafea6e9bac736abbdc90b4baf3be9b3,0
46cd83aaf33c648b2ec287358e9c9a3fde199cef,0
af6cfef77aac813427ec5a2b0a9d29a88dc00d2f,0
7ab72de23b60827ad953b19c8292bf3cbf1dbf7b,0
a83a6ed60eab37390218646b6adcea62aa1b3ec8,0
3b9feb49485047cdd2f27c38aa11b86dc79ea2e7,0
56b292a0b858aa5e2bf2e9026b75af7456cd5f8d,0
d897435ae032cc4224aed8627f3628887c3edf78,0
19a2a5af185f6a935d96b726e210d1d7dc667a38,0
bda541d22264d9a4202bbb4a9b2e06d99dea2035,0
0ded55628fc944990878bdbb0f321c7b764c01f4,0
f04251c06e6d941dbac78ad132b0a00803f06e07,0
5caa0ca30068298a8242955976cfbc7edacc278b,0
a6b4917a9dbefefef6bc50b23c53fd5316a5ef7d,0
5eff65e517633326d9fdd6bafd231cd98351cecc,0
5f76abb946164b943bc2cf367bc1d70b8f6e70d1,0
204d59e02f234e57f1bcec9e67cba89961213790,0
a38de9528197b2d01e5b6c9b2e0af3a624cff017,0
0689dc8b2b0e2eded0fabeee5aea999bec4b0c94,0
40982220a4552fd04545dcb13ab1d47905a5d1a9,0
ebb29e9a7edf2e7367871c9219c7bc189e340b09,0
110a9f8629de61b1d227c98a588ccfca94bdaf24,0
6444237f6430852341e0666594e73228c2cd51d2,0
9062af4ebbebb68f830ff052979510c7922c872f,0
963ee73837704ccece2b85bc8b714f6566d26fd0,0
94b9c51724d4f09a298b192e75f7b077b48777fd,0
d32281e1160860bf3bfe2cc500e5150dc4f03bf8,0
9bbcc3ded94a476d670f32fc98ecfb3155fea2b1,0
fe5a92ca033c68da124b4f9d8ea4edf937047fb3,0
b9ac85113c6f50f5e9cb5d2d49c07dda63fd9bb8,0
fdb4fba38fff447a0655b17ef63c49dc6ec1ba3e,0
2472371c30b2a27619c3cf70319251a4f89ff2e9,0
e3be4b9d9eee8520e556677d66f0ff9b366cefcc,0
61ed11cb2d76581155dd03cd0c717e23993bd099,0
4a7644217b6ccdbee1fd43299cc9bf240e8e8ee7,0
d4aeae61774dd2e14660fde4d1964f862e3aef76,0
a13cd5c2a8b17f82850c761509fc98333076188d,0
d94797baadd0830ea11bbb42b16698a148b8f271,0
010d67910ccfcfec025f49b528e09ece9294f5c0,0
a4c170cd0398f739cfa7d8ce55af1168d156b025,0
49641cceb76dbf6cd1cff5bd824698868247f3fd,0
646704985a76c15a04f524d0a3f7dbfa42544a0e,0
9fb8ee2a07031b16c8cde31edaaea58bfd5d3739,0
0d683825e11cdf675ff4b646f25a3015d9fe3d86,0
7744e38d2f3fd47298ed5aef7e5f0fca30f440eb,0
86f215ebae9b85f229682d1f0dfe18d27e535f13,0
23359fa8474111a8554d98867e9cd5f21f5793cd,0
a52a4b57ba7fe0fa5693b056afab8cff6dac72d9,0
bfb7ffeac338ffd95578c7fdab788a94bd5616b7,0
c5a2cdcf761fa77fa0880497be5da31e33dcb30a,0
efe7477f875e8417a19cf86aea27c225ebcd32d6,0
5eddf98df7ace664d36a3361092351666ac1ba4d,0
db18756f8d5b82ea756790f0e4057b8c2c467f19,0
d5e8c594d70abff367f0b5c8b459160038cc8893,0
2ab1f02e3f5b189c29f5e3de928492b2e630fa57,0
8d97b0e6a57654effc63d0e519dd75b1525c5636,0
50dcf5053cc3eefba3447b718e014c1a3c4cd1de,0
d1023d2ec08d4eb8a8a18d55e2decc63f3633968,0
fd375f62d280f852ae034ee84baee36c24d0771a,0
19626132f74dc16dd4548f838d1fded1da5285a2,0
1c23ee9696acaf16bec09ed203e845da8c86a839,0
4b32c491e7fb7fb8cd38ce8986ee083bae3417ae,0
7c8f3d63188cdbceb838fc2c2c6bfd55a1f72fee,0
10fd9a4e23563713dea6d8c118ff133d6bb9b3fc,0
4d917fa95d3d31da248f6ef6e8fb4d7bb477d248,0
1b815fef93e6727bd33a3ecdb11f434be28aa1e5,0
6921f982d96a7cf9e531e5001b60e209a19d317e,0
4614b096c2acf216cd2e5464d1584ffd8edfdebc,0
68b655b5d9fa0d281f8e2dd2ddc22d739baf673f,0
284eed909be511ac517e5cde5d02ac0ab345369b,0
9229ea0015fe2ab76ff0cabb7aa661d8d11ebfe8,0
13aedc5dca278a7e74e861411abf2aeea6bd0b38,0
a841452b9f1bdd635710575b1b46163f573c072c,0
9080767fd03a32c3d592d6359f6dc2f08af2cc45,0
73c9634f8cdb54036e7a90ed9199f4250cfcd92e,0
da3f28e302158a412f1e8626d89215cfcf3720ab,0
0d3ae9037c9c88925babcd4e32899b111b8c4220,0
d07a2e618ca38d09d0bb772809261f0e0ba463c9,0
cef31ffa9f4f6f6d2b2702b8b1256cb0893589da,0
f4e02add94de939aaf5c733475f126f3607efccd,0
8212f3a26db6059e4624058c1984d2e83d0523b3,0
cb82d23cc020f8d805acb8240bb84e63ce76bb0c,0
194065ddf9ad6560fc8c1cf77d864b5e5bf233f1,0
2ac36f627b5c15a792a46d6ec302eb38b4eb679f,0
8942c4a1c2830e03e5e96839823629a3f73337aa,0
01edad7586be038a68b7890044420bc6ce4fcfc9,0
8e744dd504fe7ba36c336def2161642d097c433c,0
59784523e9a30a348a271164fce7b63c42b6b84f,0
4bb932dee2b8a5cbefd39322c742056f8b2cea3f,0
1c7169f6cc30c9a7681b2f429b83ff2a164ea351,0
870c9a32788c4c9c8f2575416514a1c5eda01cb2,0
89183cf42932f18ac4a1ea57ea68d1999d06e685,0
ba343294fcdc0c439156eefe55e7ed9ae963db34,0
09d901b6c768afd16c922a016e48732dad8d51b0,0
1ab1181c990622fd48d8b94346b57404897ea18b,0
485f524e7b423a452bb2b86d1dcaab46160e2ba9,0
f17b5a5adef9d79f61fa9779b61a4136b81466f7,0
2973ed69ee3f36a38b07f30ada37b059da50443d,0
a80ca52b57405e5d45f07ab24ba173e8eeba994d,0
4b5ea318b86910cd5fd2677c5f923c6eaa8d3fd0,0
fb532b3815ef05a12f81a08754f90285f7db8f08,0
f4401a3111124896d1edd56bcb2d1a28a85e37e8,0
f497058b329ed549c96445016cbf827d7e0d6c6d,0
06ed815c67a13c58dc723c04c0159588ce664805,0
2a992c824d8106230e90741938f11a8535347672,0
914807a40afc1519a9e3a1fcd8e35b77e0ad273b,0
7eababa121a7945f418a7283a3e425b89dd8d059,0
20fb0d2a7ae4811437efe197dc1af1a10a97147b,0
a555e41e2898133e4bdc988ccdf2cad7459ffd94,0
5dfc237ad75b8b1f73e4fc48d75bb292d7cdccc7,0
3a04658f938f8d825469cd1eb31ac64b3c61f3db,0
44373279e1c3a29f1448abe17c0b993bc3cf88d8,0
ffbabba277653100dc08f4733c9e264f23561dfc,0
b950ea8342130f537f38734a79b9bd62869ecdad,0
066eb5bc77bd413aeda0a8881cb51162d92a434a,0
46648b51260acb3fc9ee9baf9704b100990f81c1,0
a25d169b43f2bdce21a9b75a0bc9ab3ed7662163,0
91d472a0d8e7b7d9be41bffdf7160d70d6275ad0,0
8465cd36c72e0c3d20609f139cf3296ae014f2ac,0
94da6381e5a26f45a1d79a363b4fc14e9afad1a2,0
9d07287824474d83fc0acbf82eea37ee82435652,0
42b6d8fef7fe6fae844ff747e75f977f0377a325,0
81e3e4cbe06366b6219887a71d85d2254c94971b,0
f2c777cb99a5be50a6341de45818265772fb1207,0
4633e834cdd2167cc024df5f2b1cd31a94acb5a3,0
2160eaa3403aa3ebce4d82c95368b96c39d9c24d,0
d27668e674640f0aca0bcb256f574ae9cba16e59,0
3f8f8e942f6e840388f08388084cf8bc2cf23948,0
937d2fde146f4c04d1f9d755b3b339b15e483e90,0
70e765490f7a43f642acff2402f96552c4642f72,0
439721305166ad027bb02a01671eca0c26af8a99,0
ad6748dab24e3381c1159e97b972e1a9c6179194,0
9ef699dcbb598651b6fac64135480d422cfe9979,0
b890d5d35742a86d5ddcb688b1847f1c4e12ffa5,0
66e1ae5d005b34c1bf9bbb40e98ace6272525e8c,0
d9c172abdd84746597cd2586e7657b45011c791c,0
54431b0a0d5dc4d5032ebc0409008f8f88420eac,0
fbc404722ac037729b0e7706194c67adfc7e16b8,0
628e512431c31f445b49d690c687443266e3e7cb,0
1c415edff274a2a6bdae3bcfd320e2aff0061e5f,0
4ab4ced0b7a9c5d0199e5e8231eaa1d6920be31c,0
f77c1f4a73633d1d93af0fc9c1f053e87e2eb037,0
1ccb5c3f38eecd3c05dcd38b5dfd22404169b2e1,0
df6619459e95eef01c450dfb5688c4802cb364d3,0
b881654a73b8b68da0b16e862dfa93c29e7ec489,0
8c856d46859310bffe17746a0dc8a11b9daa6eb1,0
009a9a2ab7b3acaa91da6a6a5daafae7b311e460,0
dadb5846d25bf7af51cd79e12fa942b801fb9ff8,0
95417e86490ee9ae2a99cdd06e98d9b37b735748,0
7fd44fe6fa59beefa344bbaeef2db0f0b178a9e5,0
04249a616d723ab7a2f15e825b49008e0dd1e1f3,0
079baceb015aac59aea95369c166c7e44a6e93d0,0
fecad8abcc8ef02432f695ee4519399f5726f367,0
fe26728fcaf958079cad6747d520e43c207bd503,0
cca6c231630e65108d88d16c1dbd941fde8f670e,0
ccb2a22aad0d8d57670dc6dffb82fd39f0ca5efd,0
babe1807cfc2fbb7c69bc146d33672db7d9eb30c,0
44a317ea0b319190264b20fec612f6c2da6223f3,0
a27ec65632f74cee984715a012b7f93bd66d0d57,0
4e69bde4ce3236b475af3a72368482f1efacb8bc,0
dbebd243d590f786953ad51f643e601573dde2db,0
bbb6829a1e96edb218be27b1e66199d374a74c5d,0
9de6f5b9c417a8c235de4eedd694c4e43d5d0084,0
5ad627e2d8a89037019d1da0beeaf0d880bd849c,0
8f8fe823c0f92e5b3b47df5b8ac056af197a9953,0
a3a36c53cca3453ab3ff8f510ca37d36355209fd,0
f3f5f2ceffa411048487548a64498f0ab22eb8c7,0
5b7963292ca412e53cf3923487978fb01d38c55e,0
6b635fca26dd1555cc299c059d8a853ba6e8b068,0
ac7828c83fca9ceab1a6b1565466bbfa5f85a82e,0
0085343bf206584cc8386d6e7fca31debd125eac,0
e53adf36e10264b318c27d0bb7d2334d2a01f129,0
ab5687e2637b29786b676db2c7ce068f20d97956,0
b80d4b8840e6369a4cb27e789e2242f8ac47294f,0
007ddf13798a20fc6578f670c3bd057c39c6c179,0
83e80d714a58d5c49591d694d6bf030380f36fa9,0
c3188fdbf7fa2c9968f5d2c9ec59750fd2e23b3e,0
a6f7a5372ecb859d6a3a651e76507a4d354ecadd,0
394cde5ec5a1994abeff457ff36685e8dca3c88f,0
b7ad8d219b9c2c3934969c37bba34339d249d1d9,0
8509f94a4f3f620dbfa974797ed5c9f7628ca4ce,0
335ff3534e0dc8039be8851b6d617485688ce13d,0
e2f8ea48d81d7c96d5ee631995b58d894de259bf,0
6061d157a5594562cb298c50722c07ade629a830,0
a9af84752b585aaa952338083927c1bfc14db788,0
7cae886f2de60fabc37d36a1ddd09473c5aeaa46,0
6175c99ee3055b3a87d9c51e59ab8be22a4c1cfc,0
cd91956caf3aed9402b6a0c43affc3a7e8546661,0
97b7e5d170f494ecbc5861f2f0df8925db3831b2,0
8862fb3ca57e0fa9e86be0b56aa7eba5e121f33c,0
c52d4daddb00ce45ecd7bb0ab2e34fab29569b67,0
aaef8c591276a4eb8be871e6ff1fdab3564930f3,0
fd903ce169dc6094c0386fc6ecf85f35c38fb0f5,0
867eafc0877d3c78dd59b6721c78a977dd0245fe,0
cd2b090758ce2b92b6e07bec568687d694db9814,0
370e9aabdb07942e80528833e08926b17ebb7fc2,0
560e87e520bf7d352cdaa489f7628baa986188c3,0
8ff3085819c9f8a3c08f172bb650555fd13eab8f,0
166e04e82f920f4ab0a5fe9e0eb95c7350b2b42e,0
9197db5514bb56b8faf1b74e100cdcd0f992c170,0
acea9f7fdaff3fe5eb1cdc1dc2a98432e54cbb64,0
8fb105629dab09eb7ff96fb245899143a7cc7dfe,0
cb8cd5f3cd3342814b891e4353f104631217af97,0
853bb0fbb3fe88155907e83d660a0755c355f843,0
456d17b4ff38ac255d4e91c62a56bb61d56374d7,0
965109705c5236b05011e1c45f47d991abfa521e,0
0d99b46fa1a8a61cf869ff4cc9b9e2402129f199,0
0c63e18b8a5e5b9b0195a632d136c85c1452b34f,0
be06260d90edd8ad43879eb2862dac765e807cc0,0
09ef422871b8d202d4dca1ff67d91f32723d3862,0
86ef922a57d6c2632dc84c41cb04798fe489431c,0
974cf873936633d7bb7e060b1caf119e60b60e98,0
0c82238e5b9a914fdd862df3f6ab0085f533b5e8,0
1e6544e4f1d269c0edf8b702f60d6dc866b3affa,0
8dcf9d1f745c88beedf54e63c7a5d683725ebdea,0
a7ffcabf619f590c9f33105d41e7cc8a91ae1912,0
dbe8f00fb12ba4830e5d8033bb5b3336a7ee67da,0
9b825364d420fc63438ed14e323163d5d2339960,0
9bcb651b24698fd8af6ec9eba3a2e5897e8c8dd0,0
9f1d2c4a73f6d3b7c5357121ba8349b04fdc4e20,0
a54c0e63a39da406fdc5a904fbae4979b1978c81,0
6517ed1e4aa38f98caef917c80bd30214b529a4c,0
d6a6bc7fe25375bb5b22555763f95b1d58999100,0
0dfbc98bd6712f3fa2b30191869ccb2bbe3c3dd6,0
146b0d82e57e4bf2bf484923103852fc7bed10cd,0
93271116f6636d6a4a216a73f7d0d1475ab6acd8,0
982ee0300d1578d76709762b144ee576408bb35d,0
e145a0ae6e0ce48cbd0e393c0d4102a92d4b3562,0
c07d6a49d5b62b4a370ec57d89235fc21004c25a,0
c7df2078afd071102b0337f5d4f4f152aa5c1401,0
2ba905517125a7d4fc3f65b37848b63eb275a943,0
17e9b6f98161aefae40922d24509625c120a0b78,0
430d1ed2c363f5ff5efea9bbd92aefa659a5896b,0
f6303c5b7c796a75b10ddd0264786bb588aaad86,0
95534ab5c16823a50ec66bfe610739a0f329ed1b,0
b9824fc17cbec4bcedd11121c66c1e8d4a6aba95,0
dfe6d45ffb3d80977fda17eecd6fb974ba96e0b7,0
f2e8ca55554982880af77ad7eb1fba56f4fc25f1,0
18fc7ca485500bd128f4344d258c8808cce5b1ba,0
c214d8ab3abe70bc834074d3828ed94562755757,0
b9b28069035c3d012d862b7034c10f09011e118b,0
2352c990837309af9d4aa4fb7600803d9caf133c,0
ca7dfea764ef17e05635904d1ef8d3512849974c,0
e9a6cdca5f6c3e17fd9c8a6ff7ed134e2e63d250,0
dc07e30c36fca9a6db28906721413f4f91c25b6c,0
de36e5e5110f035396f3a5c11b2c00b50adb11a9,0
12527a0858c7d8763256127081e9455289bcac53,0
3dbd866654140fada4616647efeedaa43d26b5d8,0
743c9cb42adc24ae4ce4804fc7e7788f4fd1dc59,0
0cebd36f61a55588daffb3905d53b5bdac96eb39,0
f1cc4c278ed8db44a2a55970b9b0f1b2e66ea222,0
ec4483074c0be014ff60bca9f39f6b6fcb2b48ad,0
14c4621f4cb6b01f1215446c8037418886482df9,0
10412f4028107273c0da1fb69eaa579be2072140,0
5d0d2704dff3c72d5432395fe0f60cd402e10a9c,0
eb2d16b1b54b188329a3ff9e51c804003dbc4e28,0
f1762cd82e0e2ed400c98940094258d4085b8450,0
c016dac7a4845ec8b3e3a9acd8c19164a269f5d9,0
aa081fbcf142135b9a3836f2c7e9b6e6dc3c610e,0
f0f649c70ee212f58495937c7e3ef6ee86848181,0
19fb64d89bcfb9c2beadb854341fcf3ebd945f58,0
67c9c01786faac04f4666ab47f5be2f1afacb806,0
0e9c2ee7bd2ed5a34398a93ae83e60fd111802be,0
becaef05df69ace689e05dc1b2203c8bf3b9a89e,0
ad28b0f1ea4010dc0eaeb1d1cda041efe0ef7323,0
cd16988dd46ac7533771eb6856a5f56c7aeaffba,0
784713acb66c8b1fa9af7e26ea22a8abfb330170,0
eb458ce8196b39618a496b96e99a37910ac03e6a,0
1ed698e8fd1e7b7e9ed49759f4c842acb467e77f,0
f9e369459193e3acdb00b9e986e99b9d9abae549,0
2646d3874799fa6c60b5e2b25f78329bf0e4647a,0
6e198240e2824027ec9af0518566a600a6b0b223,0
ea648b186b50966928427a0921675defbcb0a144,0
3a6873e888fa0678ee6934c0990f7e41c4df6957,0
f093e24a087679b70e5816ae9e3acb2251bdb990,0
b3bf18cf02014c46d84d055b38bb363dac98b722,0
b6ef905b7487706987b6db7abf1f812fee8a4c13,0
2b966cc145d232991c84522e6341893f4f868945,0
0e538c26661eaaa082f17687824feb689cb75d5e,0
74c0e6aa5f66f217041d7f17d460c9e3e627a610,0
5d809fe3d729bde9b507a51d2b2ed659da053692,0
9a59c1c47b02ca795270b758c8d0591f5925b10f,0
5f0cfd46c89df69b579f37562ff1eded7ffd4b5c,0
8714b5f62bb5fa5950aa5e8908bd0d8d3334dba5,0
c56b95664913aab406f768c66f9264481b28c1bb,0
d2215d5dec3031f819c3bb514587d92a6aec8eff,0
fcc70e6fa1271158dd8f3a90350fa2589713f257,0
ebe805a2730ad38886f9f04bd4d242e0a8c9caaa,0
55043334240eb2a1838e37ea1c8a6e434d328fdf,0
c6c5f11eae145d8e8c655e622f0fc5dd74e6db2a,0
e80ddb7b0788ab2a730dab7098fe578f56ac4de1,0
52c151d5bf804a7a60e50bcbb855931a4126633a,0
2ae86f1f38e2467898d9c61d5248ef1e88170364,0
be58b03b926e6472454ba87af39672005da488a5,0
249037646efcc70b09495f2ff3e79b6ab3bc6460,0
cfa7c4188ad67f08ae9cfb9007e234bca26a7bf7,0
0c7c76fed2c5b1c675fdf5b7e809175fa7b0bede,0
86d10456047e21f7135f5de7f96e8adfc941cd39,0
873ecaa7a291c81ed7c418c7b187ff9e99abbc89,0
78e08b914a9e2663453af5c7986d6d0ab3b9dc9b,0
35c9e80599053c32ed3a77eb7791fe8fb1fd1e98,0
beb39d4e003d0d9e8e3eff02c3529c87e7a4af03,0
f01b7329ce99e33819eda1e3c3d8dca458ebb1f5,0
5c7fac8b95c609bffe0aed1e4a0bf3f23d3926ff,0
000817ee10b1aee72f2cc3ab9ea844afcaea466e,0
457e5cced55c2fd4ab4c68293edf29e89de7daae,0
448bd190566690a0cebce6680ef86b7c2670a556,0
7a96c0da42ada5c36d6aab31704eb61c779e2da3,0
09c7a8ad23a60b60c8cc82812e238a6cd2f91b11,0
ca8c427f3d0b671af266aba076d4ab4ce066a26f,0
d55b092d5f72aa9e039e122370332a16aa7f8f5f,0
3d6d334705a6a90899b4646aa888087643ef7c9a,0
4791d3b33f7513b11bc025e594aa747a258d3e70,0
02235dfce2cb0eee214663804f8bc526435c33fb,0
f6deb133ea9896091de9040dc77db23ba9566b49,0
3e27d960f6b38efeab36bde4afde703fd44f2a45,0
c29d6f7eeccbbfad2193cc975b1c56623f39b346,0
a670ba8675f6643ad4cff6eae6cd40f206958bd1,0
3a9efd27f54cd2d3794e95d638aa2e90bc082c05,0
3b36a60aaedd976b0726b4451195e8851059921e,0
b9e6d691ac27cbd73046ddc7d2a23c39dd3b66fc,0
d35d3e7e35a751fa73fe7ec485f80989434b78c0,0
25c95b1b9863973283600bc8f980f4bf92e9829f,0
19bb1933490cd315d2cb739661c6d5bca6e56624,0
d9d45f676ea2f01b6f5803fd0facbc840b937aa0,0
0856a13762c2f2a60a081064d37af2ff92c8b6d4,0
17d28c19bb872b7cffcb35831e4c15fc27417da1,0
d2b2bf599c8320c4fd4fa44b30fb8c032d1985dc,0
5b9cf68c356ec22a0e5bb35166da25ab1b3ecb62,0
7f93e43583a84bdd3686f15ac137f609fbcc1baf,0
3d1a286b2ad52dfabb4e34e3d71350bfba7d9aef,0
ab84d0d4faafb7c8eb34e35f909a001c2477ddcc,0
ffc24a5d0b6b84d286cbc9a7be278a91b625804b,0
d9f0c46ffc0ebb2871f4f791334216517f414e63,0
9c68c837c28f884d02108729b05b3c9c47e42548,0
f2069573adda37246f1d9cf014485a22e0ba0be2,0
10628bf637276d4594086da499f568f4bb44fc16,0
5e246cb7b4d1cb8410543db77feb7befadb2fcf4,0
624b5cf3d938f115634e834f96cc20388197127e,0
547cf4d098f79257c75e9e481bb8225ce2ed3260,0
57e4f12edd9d10c556b77543a47857f5e68f80af,0
171677c214d139e1100228a0522eaeedf06e1c97,0
a3445794f08eb13d11c138fd63534cdcdf99bb39,0
936cc1c0fdfed4d275182f41914afee2e881eb37,0
45363a58f1c4dbff92a8d1119ffef2b5a85d7b1a,0
ce6872d83a8d8f9e90f099062060cd45f01217be,0
9d24faf5c88c170affdf4696f17774ccb20c19ec,0
1e66f17f79a3bc096cc3e0d70487c3925583d605,0
8c05f1af98ebb0dc2954f9e6bfb2f2a53e3f6a5a,0
99b9d92bf67e374bf03e135167688b6ae4ff6943,0
151dae28f897d9126340e23166f52333178fbcfb,0
1509c554aee8b50276a335e80d0e169f5f7641c6,0
e5bc7dc7b93a425ed1e0979847246fd6fcb13222,0
3f6a63069b22da1dfc2cf339488adbfd8b6a3266,0
b22c791df427d16d0b724981f5a5acedef9220ad,0
0da3d3f2ed975404c04e1907417c70cdeefc5eb3,0
276f1ea42acb66ddbe2ee186a59d6f2e310d6ed1,0
2bf68164fc3024438d5cd4134a4e4c12185c9301,0
91d66c99d7c28f3842180ef01237b057acf8b191,0
8c6bae1bc2e1a40cbb74e2cac54979e2ea9be1af,0
9420d1e71e17a83db4ec94972b628bdefde70ebc,0
eb76f57ea28d72eb7dbf721227731bd6501740e9,0
3bf874e2141dc08550c0b330c7a7006f358bb0f0,0
f6f9b14e8c380a2f2b74a70dd93caaa205aad270,0
353e79cd3edd84e1250021e896974d9018fc74bb,0
72c40fe6f62410bcaa019dbf2cb570ee4e49b70e,0
bcf2381c60f841ccfb542c7fb7bc0654efaaab4a,0
5ff1b4b348fccb6a3abcaba8f1b6c40640265bf6,0
76f7de017f3e8b2e2f6ce6bc4c88b89a61ab21fb,0
9a5e16eff12c79daaa8e4d35c40402f4ddcf3620,0
b4beac0151fa88817c0f3799eb80d8b3d1cd7e5d,0
919f71b66449ba5e1f8166d336bb984370990064,0
1db500ab097c6038a2fc79a62188f1c5e32b3430,0
aa5543c4a296e8e5f3daab25a1f49ed7993e5696,0
4bf5e72e977d39753500ea1f9d65b1e98f9cd136,0
634ac7caba17b3610e8fe3dd19f9f05faf4d1f94,0
435385167920f195971e52e006f1bf9907f5b66d,0
6bb5c100dc423e2e3c37ad3223036e461b716dc8,0
a5253bc70de12b98db3e16fb85b688f98cb1cc08,0
f3aa1912c81265d6b3c2dee8b3a297ac66848339,0
e59fc76531141cb4a36f3031457b9d5f07e5e43f,0
90c8023be911b42bab20b31b0e325174df0ee452,0
05714adcf957e7a7644a71cd82de30145288ff38,0
060be1a1ca4b229ab348618ecae506a65543356f,0
0fd7b59fb1dbd67260429e1d75789fca92ab8a6f,0
19649cdafdd780cbb7805f73e1e02c4d0fd549ff,0
6d92b6acfc8db2bf04115ad0934934a59aa4219f,0
a76c362b5a54227717e82c198165eac49297e571,0
0aee0c82e310e99eebbe7b0909464981054ecf36,0
d322ef089f97f570b0706417c2f9e2a3921e225c,0
71fb705e2d8737a08fe4d50400ff629a4097bf11,0
808ec958867f0314b33050899dbcbbe641d18057,0
ca50ca008f661e2e2d6aa3d301f61eaba558f432,0
630c1dd082172b88432274afeb7c60ee01b64b2c,0
aa06f6e2e3a400daa6affb3d033a88bfc6b8eb16,0
71dca96769510b07eaa37df2a464d838959b86a6,0
cc5caccfbab3d3af2e107899dde50a417367c0d9,0
16ecff08733c1f5fc442993bba5cdea48dae328a,0
19a6efb94c2df1503af0a03827846621d5a9bd61,0
b361093a7a51d9d41d1c103a9645e624ca271fa3,0
5f5aab62dcc5717147bf7c1a00617950563b51e6,0
37009c8b86f745fca8ca7a8630bd0b35a511526f,0
d1df7590b8e83ab7cdb85de83995d790b3137edb,0
d58649a3ba50701a39aec3169ee0b931dd856d13,0
177fea621f850d54b55556a7022676b73c738d96,0
885402cb20d147f94471d56233092e855661d11d,0
9c45ef4f0c661cfdacb36a8a501545b75f171112,0
c4c5fe9dd023b7e3d9f4b8e3ecd848dd44c82f97,0
5812d2cf9d4403384cb4f3b16a66c48261547643,0
da4ab168f9f9629036bea67c0d18b34b59ff84fc,0
7a34faedc8b067a54ffe482f62bb3c0257e8e9bb,0
0ad8c8b9f410451c58ed2d6708feb139e5dd3310,0
59898cfe22d058f1ffb45276fa3c1712d1e03fc7,0
0c4b50b73c8b38478b56dfd3fcf7714eee8c1878,0
5052f169cfe6af72c6bfb4da6141fe80aecc3944,0
73813dcfdd17069df2db8939b701416c5b037b9d,0
a645ad985b6415a1b6ca1b92aa69a4e95db05ca9,0
a3d9ecaf25dd5e6a1eaa87f7d8756867e1a638ea,0
608ef907adc9a3b05e1323b57277d07ab7b017bf,0
61ceff6e6194913e0bcc47744d4e113edc73fbb2,0
4d6860e2544a897c0c391d41a0886ff871acae37,0
275ab531c546a3edb612aa48e6ac38c5c1579720,0
6f70649795787cdd558bdec84c80a08f952ab644,0
fa580ff82e316cd260671be5fcfc13aa26ecf225,0
e287d9636776630251df83e38c9c99a68211a34a,0
554effcd566b6167d23a399e959c2901d7d90234,0
effbb373c0c83d5176cb9b3f820d7fca5534b689,0
dce01119cdf2643312278681d3706c439d45d5e4,0
44bddb055c3d78e2c4dbcd7df5eee366d2e4b144,0
c664c6aa5eae9c010edd57345a7580897ea1a5db,0
299d22b8b6f0c02fa67de6ff2757cc9c8771a275,0
7fd0e5f26bbb238d8f27edc39c6b55d5237d0af4,0
18b76b62a8604204cd380b079c9fc1ecc1fb04a3,0
905821e175e7380bd07b19111d7b574607568263,0
191a5ecea70e5d4036cc7a24f1ec3d98deeace2d,0
a3e2330aa406c94d44f5a4848b9c87540ebc022a,0
2871f855203f2de79dd78fa79252327dca4217b5,0
056ab79a40b2ecc8c26fe703d0b2631b470c89a8,0
92974e6ed0b887b674e89b69c3075afee093b06f,0
d2c5146d27d74891af91ce02a81054e1556c7528,0
c0c5dc6fe68106fd6bc66acf9e679d3615ee2f08,0
06804248c9f697c0fda123cf71b5a9b51fe07869,0
5e10c288957ca9ccc741a23fc382a0cfbc8f73ab,0
82c04bef5e67fa367fc492d50bd28afa9e27796d,0
f8506c1d89cd6e311318c371385356c2d50326fb,0
b1c879885168f9c8ec86e1b8276c76fdcb4a360d,0
fd1cca61236f8f56997bec224b979f4915bbd3da,0
35675c425a8466d5c45acf49ad298a758de37c0a,0
5bbb66994f8e6d04509cbd297c6bf5dc77d328bb,0
e616873e08e2d335ccbc5599ded74335e4cf2487,0
464a5da82e43651bf4d359073f6064f965a01557,0
a87db3af9228afdcdbeb24233be1bb4b1971f28d,0
48ece96bba683ee8f970b2a9521c455e2a57ee0f,0
d6e800625f17e2bd5a5a22621389b76fa21e785e,0
c6b9e15da29fe10ca73677e346b18fef0f5d9931,0
3c5913a88b622d040beee81491e78267e5887fbb,0
7d8666830f3d7a191b8c10df4d04c62d8c220708,0
41eb73a1c2d70dbf14d4e68edc2d9a221f9b4295,0
29012d703d5e079338f9daa9ebceee3ef7b7d93e,0
35f0f319a37423869be596816bc57d3f57d31d13,0
047d24724c4aaae158331cfef0de0a9d5df2686e,0
a2e542dc13cdd3f0e9bb4026229a32f8b4265014,0
c65de5c6270db9b30914da07330db6169321f4e4,0
a56fcfeec9d9f5c87d00b5d12ac1a4e10bceec82,0
1f908b266411c28862c3952f3a3002ed19837b1b,0
41871c2cc31ebab1865736c61026d193409b30b5,0
351950fb582667d52046082e4b4d4410774c5176,0
44e4c4d778c3ab87db09c00e9d1c3260fd42dad5,0
30f58062ec2aa6fd61aa35fda38af49f1712d379,0
b11b6a529a028a2644971fbcac24f01f329c738a,0
979dc0506a94d8397e1f0a882cc05e9e2259c02b,0
de7f29ec3b49f9d55b6b2f18880beb2da22643f5,0
7d5f1dfab7fd3509571d958dffb54b68ffc7a50e,0
e53ac0201b1a5cab57d20563672b20fd5abacec1,0
e1bc2713d5f31e0a04017c9fc6ba4b9e49c8efa2,0
04e220fb23e4bce5456ce643abd84d85d408b57a,0
d8b6a1c1738208d64ccd64a37e45849874292ea3,0
e77301bc62bab26b7110659e61b25bf4eb38f3c2,0
8111437a39b03ea5d47859dbe67e6ae598fa837e,0
e0c2555735db716c9662f95a86520279d5eeea1d,0
27c385d232380183b07af1ee85447028fb537aa2,0
ec6e6c75e972f4f13b93fed84323272a5d5f40af,0
f366c00f4bb138bf260ab6f328d9ce58a017827f,0
d1a1dbb8d46fb92b01f98e5e5c8ee255afa4bf2d,0
36ab02f25a9b05721fa0de54c28bec7c342f3301,0
8e1bc744f3236dc710af827bf1c655400e4dbeb2,0
5958ae705bc9ae06c5d106e62020db6f50330bf2,0
5d3d1bb3c5f74ecd7f38448f87ccbab4c9d0416e,0
ca65f2dc3adc2650940284aa0592c234528fceca,0
eb5959555e59db0c8b14dad96dfefaed46907f50,0
ee91fc302956ca4ca301d35f9de858d967f7bf02,0
58d4223ccbd7572d663c0407ec624a8cf994c140,0
552df8f58cc0e22162d18ced535c25aa97d2a95b,0
931bb815b690b098936beca76c600f134027f1bd,0
cb921ea3f43c0b4baf8f5b48f37b74f5869c7d96,0
10a957e0370b974afdd7eece0c74ec8236c288f8,0
aadc6b51898845e7f5330fdce2bf0bd18321f600,0
f0dc8e10ebae7cd6c80c5b9f7c614464054fc9c1,0
57b1285ccf8c7de66186b9458d2020097813f36d,0
2aa8f67b8c17a059a492ffc889e4a3dd64c8d675,0
f33faf2f5ac982bb690bc3aeab66cf94c358bc1b,0
e2a18bf7b4b44bf9b5e8823bc6051f62ef6706f3,0
48885182765972003e889d9557d297e5ff6efacb,0
a230916db8e404c5d7da7c12190b428e304ff73c,0
b3506f2a3bf5cc6dce692562139384f15be2669d,0
63556c8b58a7277065ad9897fcfc32759411f13c,0
018cc946136b71a45d3e69d2c5ab1bfc3825a18a,0
03bdcab721ef9bf32c6896c9291f11a37a1ec541,0
7593e4fb0cbd60bad284c49a5c45641ed4f97df5,0
5ab5a3ef1f36998373f57e6040ca6d0870665c5b,0
45659e4ee91bc42716a8452e36e4026f699d6b91,0
e38380380e4dabc3235a50e68a90ca3d44381ab7,0
1bed1fd88427c97bafa04cbb39605564dcfabb71,0
40c3a60817a9dd5e67b41e8211d662559f630e52,0
4d53e45bfe2e4ce363c345615aacb3515f82853e,0
e980bb5e97189713a897896731aa2a4c3b3166d2,0
e2cecc7c3e14d7655d76e80b494153bb4a9941fc,0
6b6c764080f12416db38f73afb1c51acd341f9a2,0
ca85b83c7a8fd42c3cbb5d67cc02d29efed3ed9f,0
7f2e0497a73f43c5a304cd9010f89915644052b3,0
a386630a8fb650533dbf9f1bac05181bc2613d97,0
14c2f60a605045f4f3f6ca74a97da34c3aac2536,0
fab2cf8a4b5d61c85db2d03627ec698587f280b9,0
fe3993363b4708fe06c91dd385af7e73f1877a71,0
585497f09b026f6602daf986723a554e051bdfe6,0
20807faa152f2eac2ff13d3dcec5b16180b94ad4,0
70055e371a0aa15cdea221cf3948ec089ada3b91,0
8adfeeeeeca9a3b542d00f85fb648e8e588a4fdd,0
aec977c9619afe2b43a2fe21c781416aedeee7a5,0
4205518a7d115d99f98ccee943462e6dec712511,0
fa700eaaef225a4201ce478c29c037375362ade6,0
7b4faed4d8a5e9eed0b7f61cdc513127088b0b98,0
88936ac4e617881dcc6cba3fb2abd73dbd89d3b5,0
559eed1db79f765ad5022d655af55c2767efd3ef,0
70eaa8225655e8d7aeb94410e15781702c199ed2,0
c5c8326ae53c29aa5aa26e8e9bd30e0070e899e6,0
c5c0dbe8fe456b3e9449639e72b144c2a9156303,0
f13d80ecb575e0dca18f2a7a66d431ed9a0643e1,0
db5e1e718f7fa6325f3a91c9bfdae8d70e3305fa,0
293742a0d2794c455e6deb3624e1e401143cfd28,0
4a1f7d7750f00575c6daa27fb88f4401d8a94790,0
62d58694438950d9f7e7c79d83b5ba134995bb04,0
599bedc4e8cc7e997b947c488e322951a3e53a4e,0
b9ca0f024fb7b9e7b5bee5050b1a23fb362e782c,0
3acdc6c2ff65a0bc8c02b3f0c7e0d8b64adc0548,0
6723ed427a5a5cdea199778c6c47a8d7ed84d99e,0
b18a246cd2b2c7ff5ed5c505e27ee487b48370ea,0
6e19d7bd59aefac71103f0fc5fab8b9c5973fedf,0
a208b52cb2feb8ef8795a6a8941e43e88ab10f8d,0
98283ec4a786359b23dd380db8b173d439498092,0
94709560e3095ea7f013407d81dcfab1b3dcd68a,0
572e02044bf76f2d0735a05e70fa60f0821705f2,0
a5ab4242940b381dd638984d5a8a7966534b3e9e,0
c44ac8f6fdb18275793a69d73d416aedc69dcc64,0
85d377f1de68fe2821ed2df08ab3843b4a9a9a9c,0
4ef99468e6a321d22fa88c484885c9aba048ccee,0
21bca7ae95e3a2e016e6cbc1890187ec657e577f,0
6ae060a420248decdc05dda255e7d00b3c111e3d,0
81e2e9a0f622a2d28e5d07673cd2a4d49a849978,0
3a37fb7b9961f62b06eee92f300f40aa07854006,0
7159563b9639bfef4692d3e02509bb18321dc6ad,0
0cea64916a475cb38844be58963e2fc7f3e2e035,0
207d27bb50212e5bf30d9534835ab5c7f7128e62,0
96a0c5e3758e48c4f8654a6d14d668c5443da6c1,0
9ef918f0f5763ad70308d717b57dc89ab8563511,0
ff691d3876f49c9a685498423d5d5dcbead8179e,0
a83f340487db3a9908cb1eb71428559923df6c6e,0
5e2553c40ecf8b1be0852c18ac82b4424c368bc0,0
f7016c54a9a62b8a2a300ce83cc67229f0599c74,0
8ac71e3b24b6cfd0745c1a2b2d43683c541d86a0,0
95ea706e389e528f3d129ed86ffd01eff88508d0,0
b4b99afd87a82175475ef89b0c3c1015c39f9a94,0
dfe3542af1f75fdf7b51772f9673bcd331224bf4,0
9d90043842fbbd319d025afd64db99f34c326865,0
d56283a609d45e3fd28a5779496143424bb4fc4d,0
ecce2b39c3c91a9945d65860c75a8caeaf8134c0,0
3533bf45f648d1cc4e96a672bfe354c31ee0d558,0
8d7887ad751a21ade05f35a983e13ec559bae34f,0
780cc73a629b332f317f46b30b7ce2df9270daa6,0
46efc03d24f023c3e145181282533e619dab54c0,0
f560ac4e1c9cf353e124003226fa97d446ffb32e,0
2614a4ca9d79c2b96a3147d206b4fb27443f8ce8,0
3a6cde0506a7b473b933aad9627fdb91e6e37aa2,0
fa289a9e77aa3eafa1c6bef8668c8c38f17d92af,0
393b8f78c1e9787d4e440c51e98a404252f30f74,0
7bfa8afe05edd4174746ff9bbaffc12ac2bae945,0
18d83b18ecdb6d397aecdf8047748f39b7e13c24,0
a3d825d13724e99e16f1e7536f3c04aaea64ccab,0
4d9f462f2b4f6588cb828c0c024aca4b05b5ae94,0
af4d48a43079124191af51bd9f5273c196a06fb5,0
cc2808b67cdc9a14fc17f913495dd28bd248c8b3,0
0901537b836062ca189d55ee34bb47dbcf0e51f1,0
b57e84b2a77af22bc619797719a7c64bc74249bf,0
8c08eea2d84800d513fb85e9463840572a24647a,0
3f0d7eef70b47e654a31dc26ad026dad381c66b7,0
8b40e506d6b76032a975ecca9714a56a4c6ecbe9,0
33164b67ae66c58fb656d419883d2a6d1f18a000,0
7d4fae278c6cc955272b4826b6b5d8a76ae1d05e,0
27b5e02be9b3fc42ed3235fe64d2aba067b1e54d,0
10d9e0467e29c2fed3c4a4fead24f39bc6ef87bb,0
9d1dcc9350bcd711460d504b09e0e7345868c65b,0
2dca3cd1154e7332de6277669b89fd05563c3c82,0
7d0018ae03fc3de1279dd16d79b94232c2146933,0
d3877a3f0f017af6d64dabd26fc38ec1bf185531,0
110e8035499cbf014d5267db39369a327fd80cdd,0
36b084458642f89c471632a8f9caea1addf972fe,0
34d871ec8de3990cdf8a12a6380d713383205fb0,0
a79f046459b8a2061a4d38f53e99418af5afa36a,0
94f2d80288335fdbb1b42a06fb5a98896ba43aac,0
8e1652ab30c59cde68d2142ed72271f7e697cbaa,0
a38cf236ca02ab54b2d518324cde08dbd3313c78,0
6bd7fe48950a11232a802265f6e9e6b82f5b1341,0
dc4af3f0f5a53d2bb26369e950e68bf8f9098b55,0
c1e546212f53848c96bf96a8c4d523c0e3133b37,0
14068c64dc7c2114d6f8130d0aabf187edcba1d0,0
3dcb5ea15c874cc8a792da630a919fe9874fd77d,0
088c76602e7ef5bf68d67ff2903980f670d58595,0
33431a7762ab279c4f688d41dba045b6a09d0d61,0
ae0127de48d6967e6a339aa1dd3eb5bd2c53f46b,0
a7f2d0561d86eff715fdd755de8ea65f009187a3,0
a76656d912a32c4fd000634cb3849a4a0e50161a,0
33aad87d62fa332a893135ac026ffb01a51bb8dd,0
49071524a345023909ab4fa30f5e64eb85c627bb,0
6dc6822c6d62209a1844c85c5b458415d9fcf5fa,0
cfc4ec2cad44702c4a1c955bfe088de0a869d0d0,0
63d6b54f3acd0d3cfce842a3356c78313b3771ca,0
d7de1506746641f632f3592b857679414bffac04,0
6aa2610adf19733a17851e0179fe84e34c7b9861,0
aca3970538e89a86be9968052615ae5ed05d9259,0
62674ec28306307a1d98cedec1aeced2bcfffe48,0
cc8e7dfbea63777c8de5f139826a7ada0aae8938,0
e7381b8fd25068dd2fb91059df96a55c23829e31,0
be74b3c512ba224c7607976433b73cc80d0d4c58,0
753bdc4ca6e7d130be1679aada65205af108da8d,0
8496c8c8f2f9027d4ba12ce1e5f7a79b52fd29e9,0
efdc3bdd7d1fc7f01e2cdaf5e5395974e2a9df76,0
a2599e1d624b9b8844dc4a3399f7fb846bde3a50,0
71805708827a608cb8a0aadf0713ba4079b56f32,0
e3ab721affe5ad125bbff9349eac76a30245912e,0
8737181925596c5cde975ecbd131583696e37c98,0
2eddb17292ea79a6734bc9b0c447ac6d9da0af53,0
99a7714ee42fa6f0e64b20ace7d7756ac05b3af4,0
931b6fda4558d5aefa6f9a7f0e962c9e3ac51728,0
aa5cdb1db6acedb2b6c9297a9a16892a7254fcf6,0
0fa81539e2a5ba4e60046d8af5078fea561f1413,0
cf79bed7ddc85c762a291400f904d18fbbf14581,0
b993bec2e28044488b2d106276367000e4ff7ad9,0
63a72f5a2d7033a7c0aae72548174337f11b719f,0
0ffe193f3c82d77a3cadaaa6ee4fa9bbbadcfb10,0
7e56532f242473d05abea10b939f21a940b4f1db,0
cd01a6d4c05aabab28a43c2202423e15b4ad4c21,0
08c4d7cb3a862c663742bb1240c824ca9fe14df4,0
3178ea6e840df0adebc6b3312ea8e7391173d4c7,0
fb34a75730ea59ff54cd1d0b13464b5bcc2c0426,0
a3dd916513e167948119eae3a30a5a2b7767f75f,0
3036701c7fdc16638cd6029915ad05d0de472f6f,0
3d0d4d40d598c215b8e72f23c16f3745e98b4863,0
d8296b6d6dfbf1f152180f22ae76a72c67bd97e8,0
90f2050860d3531c4b3d70a66b44bbb4cf708156,0
291ed9c34a1b66b2d4a2d791d1231943de02a4ab,0
0a944b841c464665a0220a217fe196f191b5c81e,0
d93df1ffa209d8805c09449075d01a467e7ffe03,0
10f2ad17df579d880b1ce0ec4794785b4f2488d3,0
b3a44a409e6de2c4079f933f26e05365d66ca297,0
7e0604cafa7c28318e0d8196d6dc0e926d026d73,0
b3e5381f34e82b6da2abff9039b4f863c441cf40,0
75c132bebbd2e1cb6d4d30c1747085efa0ff52d0,0
37d721062d2baf97e867f8e35592fe10b1ce57b3,0
cb5bcbcb030ec360256558e894fabb81c0e539b9,0
42c895b53f668ae2085f743c750179c8db5ec19f,0
f03cbd3ba741758ead9f59bc07e6688a739a4813,0
2a2b04f8a7729297fc665cb1929f59a0b614f743,0
f69cba0e31ef68162b4b1b044a14543ce533cfb1,0
53f5aed321168e63554969fde4c69a16d1f74dc6,0
37119f884f9201aac97af79e36686a2ae11994de,0
3eafd6cee6f1fe49a676e8dd7adabaebedcdd141,0
27b3f6d9e556b5bcac77139872eb28a1602895ca,0
ebcda65c1e61efef32472ed81da460eb39e82f8f,0
ca99b06c997a63d4b92c3692e2ece3dd4a5fcab5,0
d9a2d2114d6d86cd3d703a384718ed5bb9ac282a,0
32f13bc4d424fe689a1044dec1137e461cbdb88e,0
d62215cc745bdce3333f3c11967ceb1e7a23b3ec,0
b323c01f0fd48ac9a1e8be3aaa3657cd3d9ab446,0
ae32a3f2fa6b722b8ad67bd125a52edb78932314,0
f71de71b65d878884f179ab75d7c2d767366ffe1,0
f12d90901d01c8aa1efa5e6689939a4a9a70038d,0
bb55b44e1f037ae4c133217814986e9c494255dc,0
1b8d75ec974bfff29f4b4bef5a4ceaa97f5537bd,0
c5ce95845cf420d716fd75a59774cd2c8f7549fd,0
d1af896059e5203f00f13d37acc436eb900f4ebb,0
689287f540e7c8485183a1562790f0f8bb88d04e,0
30a9af33b16dc6aa6dbd502be84b8762a2361c6b,0
a32f470f4b0fb11d015c84e0802baa3bd8e59831,0
9022649f7adc695e9a55f17ea8fb616faed3676c,0
0481b0f4d476e2c4343382342719db6f1aaac69c,0
53c051278f3e35e58d4e71160721b78f7697f648,0
a4c0b2b6e362e3a7c1fd4a5e51cb68b66e6b7e03,0
408d9db6e2338df647f9fcefadfa83f0b3bcb5b0,0
17a24961b5ea15afde315945dcf2c5eb7e71ad7a,0
aa5021b70aa29401815ecbb177088ea0363b2b02,0
756f0d3c84857d8b51b0b59c32a2b67fee06bb28,0
0af51c94c0069a7fdd395f65025b3b30c224839d,0
209ec33eb84a631dbf0ed093b559a5b2956e59fe,0
2fdd868efc47690b3dd8e9fd355369ad80eac675,0
68d0d16a8803f506a2f04640e461c3d15eb2da91,0
8fec7191ffff89fd4b3be93a8a575b78660452ff,0
675e87e05ffd62a2716b44beccc942bb8eef52a8,0
b98b94aa1b706e98c0fd26c14b7ecef00126e127,0
0e5cfafb19b9bf1644bd5ce9edbf1b8b4c79829a,0
4e8b2ba6b09c588d13648151da43d933bdfd3b39,0
0fa3a5c02c84ebce892dca25cfcf8ec42009658c,0
700f81a5af483be89ff811fc85850af743894593,0
fd304e3a318601aa85ad7571ab76394f5f7b9e88,0
aa0a174f8f93f62cd62261436c304a2616ed8cae,0
afca35f1d8f36575f88bbd7bf87ccd70d806ece1,0
9e0ae7e70108627aebec2306171055b60e788dcb,0
19d6a901fc9d65ba0e669c41666850f6af5e77ce,0
4fd068a2250664d02eac1e49355d5f7a365136e4,0
785cf3e17f08aa36690d6eff2d99db3d6aa050e4,0
a24c42d464ac96fa6899a507758340766966a8f3,0
101fea65942f9ed5f765bdfac2c7a1ca545ed356,0
3e871d2b093efbc9f8a7149cb6fabbf95bbbad1e,0
4672b3bd395a8c0c8d22be7d0765466781428a70,0
d12b2d6f4eb389b877794898ac72ed8fa2fef28e,0
64013b258a45295765f3fee71520657539b60468,0
4c6e5d90c10bb42204bf3ef8d64f0219ae3e8ddf,0
149e86cec3d08d84425b7d04e59333ce72740c48,0
14fadeae04135015c0b366834c93095b082c7445,0
76192abaf48a65d872a03cc146c751aeead6f77b,0
240e5bdb123c2f15dfd032634955605fedf2da2d,0
86229e09c5dd8d17200a3f9027d21f06ede025d7,0
2da48986a79e17f404d5a0c183477074b64ab6e2,0
4ee2708f4fb9b0a026627d972f490601b69e30d9,0
2d52fe16a65d25710ddaa9b60570ccf13ffba567,0
86e8bf845ba9374b17ddbf53ade0a36abac15cb1,0
ab7f0792599a625afdefad6796f154cd37db80f9,0
e3bfc84d6fe9838c0f2e8a474736e730074ef444,0
ff724b8e032e8d0d43dea121d02c0e80a70c4656,0
5e5a627f7516cb816a576cdb0fbfe2647f547abc,0
2cab1c5b62a5f1abb3a8a24942ec58d6c71e8865,0
889abcf1f58741aff0621a522a96627cee92c8fb,0
da692ed652ac24460c4bcdb3379a73f6def0c061,0
2ca75a4e13ac9cca6087ed8c1f486b8c43e52fd2,0
11f9498f44e2b6f4f463f2af67a2b81cb86151c7,0
8871e9c72eefda5b047d8e9fcc3654e5fab3c198,0
c1078a02dbe270d1dbffda8bd01dffa678cfd60a,0
93889e09314b9dbd72f116e74c82801359794795,0
0f102be593935b73678c8756ba7dcae1f895ec6f,0
c49d210a40dd5ad0c863d2bc54b588f976709de7,0
53af484dfdb989be92a80b06968abc98b67a8157,0
7ccbc3d0c39aaf49ff70f19d85f173f98550d0fb,0
b22276db7282efa0794e2cca02a32006c0bca0dd,0
dc2d1d5701f1796c04eee5aa36a3b04b447311d3,0
92cf816971a6a1ab09bf99252b305bb31da0e34a,0
89cb9572ccdff84082c37e14c49d4ac6cb32f4f5,0
d43fb30066d5b676eaec2d75f461d73b5b799939,0
2792c4dbb5e8eaab519b934d5a1232b8db920cfa,0
7847c114b8960571bfe56552e5e9c27972a9e115,0
e55cca4494770220aceb590e07da261c9fab536a,0
66e3b0ddf08810915d19f67ba5bbb40e0015a805,0
48ac0d8812e28442433efd384cee7b662013adab,0
ebe2eeb30257a8734acdd90ef44a313c2dfbf902,0
2688d2256b133a5dca51a629805b6adb8445b342,0
63d7dd57a081ee4aad70c6ac1cab755bdd0d2778,0
767ecc184246c2a1f11517c8e37d15efb0a2f782,0
f5ed85f6e278b01a173504dc7b06d3378b11f7e5,0
23a1022e8810849d1479ea85e84a5133b34562f1,0
54677f44b2efdf52cade07c7dcf20c856fc7a6cc,0
607bd7f37a7296e3f97433028d87c70062de6635,0
7decf21b6a137b1b9028d3903004fe53dc5ec849,0
45be7010ea1ac4ed7e32d7e7bc55aa5480cfcd48,0
24fd8198e2283fb4357f36adf45fa2a79599f642,0
8f964d4ae4bf524a99ec4cd740efa916c0cce643,0
8f43304c75fa106cf5c58829cbbe893d8c13763a,0
eb5a01ae2c4035924904494f820f18fbec1db1bc,0
0385c8b72d0eb5c840c2cabf8154dbd0e4917e23,0
a606fd994aaa3dbe88d9dcef01d66fb2df1dd7c7,0
8993f9a645d740dc5105443cdfd7277df243b7a3,0
610e1ceb7df22e79c1230fd979d66d7fea773cee,0
d400fd04389821cf80acce33ccd77091d194519c,0
54586e00599fe125ee043f9759f395c9583e1fca,0
9225fac3ae1e25fbf32cfeb97611133989223ffc,0
4ca1ae688fea9308f213fda3b7090ebfd5445834,0
042e4d54a708ed1446de8f7d5ec6aa32cceb64a9,0
5f90731d40e6ed12d1ebfddfeb5dca5550d19cdd,0
744c1c9033f08fa67396055d4631289c2d8b7e20,0
eab5a9e7d8836b8c989fdd09e8ed85846fbb6b7e,0
ebebbd427d80639692b2a06e51cc2885a1543b18,0
19a3a0da2cfda8e9b1ef5aefa18137650e1708bc,0
59c7915dcc56fc16b662893b959bf104e574301b,0
62325260ced6d5bb85f0ef6ec730bdc9b3934a6a,0
297f04da01e0ae2c18afc3a3667313adbf716fbe,0
2b32ca08e1097c92d3ee2a1501c43fd8f2b4130d,0
03ae658e5449d7a3b6c9fa2ee38e712b41d85123,0
c75c0afa7b6a601de6a0e4d59fe43b79a3f5f960,0
2e36e5f5e99191ef378b5fef39dd94cbf29f58d8,0
fb84f6d9732d44cda0edf449f7a5cba0b340731a,0
27c6dde7bd54169f41ada76e6709bcc9e0e5bf8f,0
80fffec4ee9d44a18a4742d53971ed054b1346e6,0
438b54b2075652215a75a834ee64ec5b0b29a6f8,0
d25af0e8310e501e2d40d040d09e2d4c65d79c33,0
5a03f5a493240f26f27ccabe6b8ac7b701c2d5c5,0
0cf3f1169a635c59e27e18598269ccb6ece395a8,0
913694ed8e90fb4859a69e54303516fc85ed669e,0
ac98499f5501c59828c7236c05b7ec73c1abdd4a,0
5b411b6db5bb8a9addbe700ac8d05cf63f1ff214,0
0169c1759a40eb75e9cfc504df52bb12236b3483,0
14d08da50a4783aa98b201670b86a4a3b1efe9e2,0
dd6fe522e59b3899a14e5cae4672d31b14a05ec1,0
1d7fb4c292ef238a9f1d6a4c47c2b56460bf8ac0,0
e57b88ed485b54418b19358328095cd14ea1e742,0
69b46b04b410edb037d3c2e979ba033e7404149f,0
635e5db09a981f7e5eac4e12b80d393b742f7d29,0
52398c4534a94a3de9387ca884c6e48f4b5841fc,0
868941a58910222a4c21d2f27904861aa2945ffd,0
5024e646b87f2efd0cabbeeea4defae720204fec,0
de35b0bc88545fd6a571c75482969262d81de203,0
afa36877e9e3f87c9456793d7af9f2ca75cce9fd,0
a7af6b2159c8868899608a5fe89228c50ab985a5,0
e657f5dcf836d80a53dacdb94fd84ed7e5918d34,0
7ce691df02ef7ad98d5b093676253eadb8ed0d49,0
4f45360f15c2e3d3824a84ffae72bec010b54a53,0
677687778462b0d177f0524ef73f2a33dc0d798b,0
9e38a8a7327375f2841ac141390ffafa3933359a,0
3161be5eb3728657533fd50ae8fd1cf65b217924,0
97b4d9527a7a0048f432bf4190978323c68c023c,0
b95165f5f4d4672de66181d4a43528a42065f5dd,0
4aa5074486304447e8b64c7e16d276c51a9fefaf,0
59731e2c7e0a8c8ae442357a65fbd7e345e84ac6,0
3d5bae0329a402708089e2f87248c44968c20c92,0
fc3c612d8436888ab54ae2d0b6fa8a04d2a59e22,0
964368279fdd7dd1154f452827fd4cbe283e605f,0
054edb678d09b04fb155b6d3b1ef24c3c9dc5bde,0
3569126a6cd6d5b3da0650aa8c6a36bf776e3e79,0
20797f43c980cde307aea654ad3d3b9d7d24094c,0
45649c83b47c80a5078c294757db796746f00752,0
fd44e6b491c9d606d0b91ac0029269d265024cd9,0
b7ba05ad6b99ae9d5f93cd18e936b3e8908202fb,0
f2d0d914bd02e64d7b7aa0c065f1cac71b0a1120,0
fea8c46739b307f30152e50dc1f30f01237a89bb,0
50ff2d24d197ea53c2355d9ca165c43d5f1fc747,0
8ee878ba7f887b74fc70415e05cb30acd21e1617,0
8549903073c2080999961a22efe6ab20b1d6b275,0
f4d53c76b981b0528e6c2833be56db1523282d84,0
bd40de84b55fa63c17c88808c3657018f6e60d94,0
b98cd31a38dc4133ffdc046febe9f6582fc9dc35,0
ee33dfea84c7e0b94c12b60be39bf2438d1e9889,0
6b634edb22eac5c85446681de27671df44798491,0
b1f6f2e563a3772f1b4257535bef768aa2ca71f9,0
80cff64a3b48c0528fc15639d69410ea31e09436,0
33d4975597b9fec318cff603646f94cdf1d4d3ff,0
1073bf6d0cfb8320c6d3d37846c4488276c0eb80,0
5c975984aba6023116a2cc59b578588a4ee34379,0
1c3a94a2f282ea2fcae3d100d60e1b2b44bed763,0
4e88248da397dce9b2ceb7a7f093068d721a849a,0
fdf0356ac7a98e669b2b39400a4112884b0b1bcc,0
4de60e8b68fb749e5380ecef018511bed946bee8,0
ac495d6bd4bb53c30e58682ef76124e7a88a44a7,0
c05eb1b1c5d74b3c1c9ee2e61038303014c9afbc,0
d7cc6db2aceb98dac88f47b5057eebcf7a1c6fa5,0
6b67d6f093a821ede0b393f260b407d035289e07,0
a66b760e7327a8abf57e9e8a5c82cfdd957770de,0
a7c5af95a731b2a3a1baa6454f4c63ae30f719ec,0
a0278f793068d71608b284b0c3d70adae1ab0a42,0
b70e177f8733e9dd4e5f503620ed0b136b74785b,0
1391f3cfeeae872af4f41d7caf859c786e9c40de,0
0839e1a99bf61ee4d66a265b942981760f6a0265,0
9d75ecc707c77eacf12ffb6eefb21245e1d3f6dd,0
80a0768b055214a415034a82b2585f75a20de155,0
52ca0664d7a779bccf0b8a9daee1049cf9ef13c7,0
e145fdada87b9d347bbb313a635bf9912200abd0,0
0ed8bd7dfff38ce00409a2040e5ef65e869b42f0,0
b959a9ea303cd6c1a80d1d70b698d74eff50cb13,0
b71233be7601e9710b6871e8743d34e86561b898,0
921e2cdedac9ef6ee4ac78cef2c9bbeb1913a53d,0
482df6cabfb288acb6ab3e4a732fdb93aecfa7c2,0
85cb447f13280ee29c9311a0c78a26f6d10d44dd,0
c356901e232b65660233350dfb3000bda5ef134a,0
e10e6cff7da6b0c78425d8cec030ea496310ddbc,0
f2a6b4b7ab0567c2c49f0d6a053c671989db3c4d,0
3638abaf6cdb3ba83787e2b6f630e81f014c77d5,0
46969d4fca4db97eaa3d9b49ff918a50a6b5c6b7,0
7ea3a6a035e879587f88938c166322ecc151b049,0
8bfca5c4228bb05e94d8027aadefaba92ff124c7,0
4483cb09ec3b30ecb96e502c99292dd44082e8e0,0
56c0a128fdc4f09b21b0febc4fde749d31283319,0
c59862d16e19236ed6f215d739d6abbd637494fc,0
7b3e0ca1db1beef70cf4731a9c4f40fcd58be296,0
2e9785b93a2aacedd84abc6a646cdb200940b818,0
b0b84d683ec887914600df5f6bd78fbd1af967b5,0
db6b786abf1553a8fe2bebedea362b4e3dff528e,0
aaaa3b7f232e42c3fdd64032c2beef236e73b675,0
05a0b1f55efc69a1a249b87163ca19d47fca9f57,0
2a1fc6b85977f9aa34c4a26234b68f3e5edb8f72,0
00ea5eeb9105b59674cc3cf6c5478e96ee6c1e4e,0
9a390427fee363deb1a906608c76607a95660706,0
168d553cc28ec5a15f0fc3dfd1d937a7295de89d,0
76eaf87180af56b0e79371f71fac61d5aa07e05a,0
35e9cf2538714d71b3091a8c1c216b4416220909,0
340f3b4964e7b26a73736d755d4ad8d3c19991a7,0
62d55fdd9ff6ae56789b38808a60b49aa30a18ce,0
d720e8797233b467f17dc7ebdddfe482d08a374a,0
e9f79c2416973cb41d94aa233fab4020b988a658,0
1f1b5c3ec0f0b5486a2e43baf6b431ca1fdedf9a,0
958e6d2acc66d48dfbaab8982472d3e0e6e42b55,0
4369d10a6019c5ec9515242ae61b4a8b8ad178f2,0
931476423fb042062d17291cd6155bfb4b68fcaf,0
c43c22baa008349dd08536e7e62752c46de99cff,0
457c7928d97fedb7be887333435603e3bb557190,0
889d94fab06e26d5023d8709e4a4696a266491bd,0
8ecd358f0f3d2c743f80a9d6bcc8e490d192b1e4,0
a7824cdffa9a1d0d0bb150aed3942f87556ba760,0
9d0d9919a8813df04e2cc126086e3f824872420f,0
f234c768aae10b0dd7c61b0c2b72aa8cf2e8e775,0
6b634fe49d399184214ec951537ad0bd1f11e6c4,0
2bacd0ba46293bd6c71a09b68e034b303ab5f40d,0
7ca5b56e35c8f518f4826cfad55828e20b626679,0
0a4b0c69986d28db87568689bab3a62acb2e7bf5,0
c4e813f8d822a09cba989abbd2ddc448a0d9ae86,0
fe8b24cb8b9aca990adb7a9623c7db35f0bff75c,0
1378b6352b37b1e2ccac509836c62d1173764fe8,0
475910a521bd23dbba26091be505ad2a71d3e901,0
778d81c5ac07dd6eb22c82f6c0197390e33a6b02,0
0a4e73ccf9b471815503a20ebf752354292c7732,0
eafdff7c2d497bea2381f717cc5edb4d8fc35bd6,0
371ad0fa173b819eccf5f88cc60f653d13e35ef1,0
b16a7c06c74ec479aa4d94557ccabdfb3c5e42b9,0
49af9cfa65870afa133e86cb473278d6ac1b7996,0
0ee5802da5e43c0312ca860cbd048054ea9e5949,0
ae667e0803fb96ae502bbc279ccd236dc1654631,0
316fb263de53a58deba557971784c702ebce3aee,0
e2eb50c655264735ad9ff2f2991b0346afe4a207,0
738b50de4d72083a93b8ff57c83b112f5ecd882f,0
ea6058c3e3f1b4d2e4b0df87f5237feb277054be,0
86e676d19b8c768c5ba98b177e41d47ceef14030,0
e2d1760543c53b37f0c24ada9aabfcef08f9e14c,0
a1b37fe3a01a1300b7bfa3c95d82de8aeb9000f0,0
d470c55714a656f3562b71c391cc67afa0e02ef0,0
20c467273e1474cb8bc90933a4ad43a8385fe1b7,0
0342829c49e22ab984196fef80d60e120ee12998,0
f43bf93df7defcfbd0d0a8fd96301b37a52b3ed5,0
c89d2af770f05457fbefa5fb4713c888bf177fb2,0
ba81ed5dc06661d931a4bb8f7abaa51ee5300396,0
cb629f03516e21ba7daeb4dd9a7b5fe3c76fc841,0
b8090b34914ef456a1262292b554c7a5e1e623e8,0
fa0562e71e2661768c4d2e324ff978aa2af1be08,0
f39003c953df152ff737474d2d2f27b611963a1c,0
9ac33a12a500bbc3ea40685aac61c95169443957,0
3535c17eccb2251fc518aa545a800b4922c8dc35,0
e42dfe1ff2f273926fd759abea82b1c7b3021985,0
536587931cb77538709c57455165379a74e2f04f,0
4c542d7c7a2f9072803d42bcde9748bd36a80ffe,0
fab180b25ed319261de0024cd1a736af284d039c,0
53c93d0ffccb65d182306c74d1230ce814889dc1,0
8dd444556bc22178b499710cde8cea202068ae6e,0
bb50d9f3f8384787f2feff2e39d5a90a953e3c8f,0
49ab8d11f9bec8e28aea1d0b2b8a2c4490dcf07f,0
e87ac437af512cf3a26add8033671f0681b7e861,0
72ebf5d28aaa00db3631de91c81475694694f747,0
ee2ac48543d33a74881d04940306cc9852239930,0
6b889afb2ecb38a5b629003b8de34bc1fe8b8059,0
32e85c8953a9076ce6e57adc4fc0419839a4e255,0
8319d3d53981f1b9628a9a88735e548ec3fc9afa,0
46bef82372c2d42904cbfd004c5ac6ae3377f720,0
28500355044126d233d4fb3aad01e3a463d6596c,0
b0b56055ebb4ecc5d149c23f7ddb4c8eb4e9e99f,0
fc3e6769ee8dbc6d1ec06ff50547e1121b47801d,0
17d0ecd31d770f0cea3a7439e05b537454eb2869,0
f621544347e443c735313d6dd4845a638c5eabc4,0
751a4ce14159809f1d6c2600e59daa29eef606c2,0
b14bdb250e3a51c8d7b498d2521a49812f62c0e4,0
2bce3f9b677875203629e06e09caf2f21b300330,0
a120960a6c503ad753c6ac9bd4b06e4839ff252d,0
9eedd72f92e0006bb0427a55720fb1f3a43ed040,0
b5b90e9f6500d72fc68304d4aa1a5f41a4e2e46b,0
14ad3459812df405e06a903dd2cbf26785b31689,0
54b109f25c86865a12dc782e468338f1b67ccc38,0
34c9feb3c79e6d4866e30db59b593c9d66229f61,0
453407674f8018cd67d7fc5fc359409bd95095a3,0
40e1bfe4c7641ca15903f57353e38955c31d07f6,0
e249d8da7801f428fe7f5f6de8eae621eebb4e31,0
2c969a83454605e204e3e6977f563961f227f185,0
e80304ccec2f01aab18a227ac5f2a30393c75d80,0
74343c08c5b1c458c6fd02528bdd6505f142c904,0
919e2f3229d04ff8bbb18de3b0cfb70948092e34,0
467b85c190dcca2b3c2016cda303be0432757b5b,0
427998a47a25c4bbc6098c7418cafffcfed53f53,0
068654372f77a595fba00bf3b145902af1a596b4,0
a1712d88f39180f5d60f642907843297f4521558,0
4024b4039a886ca1de2325ce04638c8e4ee340a5,0
065b10626510274312ff260b4ac1cd9fc964fa24,0
0b672eb12df68545c9703e32e9bf74d6993cb464,0
196f32e5011d6709e48c5d255bf8079c71b1c0e6,0
77fa03c451ab7ead39bdb9dcc610251dbf2751f6,0
97272858836aa93f28f2f675c8c1d124cf753e25,0
019ee2c989d21bb5de8e26a12bbf87f2f870fa7e,0
1b594c035d79b579819753938f5e53d9435b38b8,0
564c47cbcbe3ade57c106ed83fa83d910d30d408,0
081756b86e25ec5ea7bc786e88a7d56b76f88ef9,0
f19ec7891da4f591910e3a28d6ba87c6bbacba38,0
7118544745cb91f0390b2c0243aa09c1b5e023d7,0
a8f56b472ccfd3c38a56229ce680c5325a9a3d3f,0
41c6f486fd4f5c2450c9311c40dbbf7e576d2907,0
994e11f22e1c22b57412bc3e37e7834d926454b6,0
00c22c317b085e68e6c29b54730a4238d6bef310,0
a887bc142acc791fd9342ee5935961e0852959e8,0
d9d80a61b3a432592c9413ee2fd8680704cd1eb0,0
38f7f12d20a32279823c0870be6238932e06fdcb,0
5b2b313b67cf5b6e79f9600e3f014d95c7f08ae5,0
6333e5048aa77fd6472d857717e3be71576ebc20,0
913efdf10e8e9083cda9a3feb35dcd1f0d8c5c2e,0
1be7a5728ff9120307d48d1af8945ef49495e902,0
f2fc4626ae35ea51b6082fdc73e5c8d0c27821fa,0
bc69ad939243c73d24105e540bde038c0acc3e03,0
961fecfbfaa17219fd7e0a7e3c67c1ce985d9073,0
b0acbb1eefcab1b0e1ef6ee32169cd6b3c10648b,0
e09b236f8850133dd9687d4a0e345e2ffbf79cd1,0
9f1b740a17f0d54366edfb45df0636b8e302666a,0
a6b2f1329beec2cd9abb86dc2ea80300e9ccb77b,0
dce9e547f70788b76072e371108180b708fd8070,0
9efd4f252443a6b7efe8b2a06b29b0bb8710330d,0
bf561f5153183bef3946fdc4c9e68aae3dda260f,0
8d4b53d55d2008339e12eb280d077e072fd6f5fe,0
126f90424cc8f62d928686ec20c6c8bd944b527b,0
3c212236e30fce82ed34f1eba0f667054face92b,0
f5a61f0cd029f18666163f414f848ba0e1b39976,0
24059898ceb92d790f21f680730023b4ce3ab937,0
010799634ce1366bac0fa7bfb5bcc26992678602,0
45263f98f508e9ea4fc3315b1ca8ac85ab8f96b6,0
49125d32ed225a88ce27285fa6cff763f36ba2ae,0
c17e96177814bd8db89d5ae48c9cfd5e3be39e14,0
4a65f8c58fc2b189ecf97b6179dbc8eaa6475b18,0
af7b94750e2178b8437d9812b28e36ac87a455f2,0
7146c720770171fa4aba5a44abbd4b8cdb7b8e25,0
5fcf0987924255f93445cbb6b0babad6109b608c,0
150278ac71c9f7acd5594e64eb8d14a9cef2a7ca,0
b542cf9d098e65a78b71e5671bf700610b03dc07,0
b46a254edaa0952421a3b22ae27bde3211ca39c9,0
4c5b1b745dad5176b27ab3f305553a19db535fa0,0
08bfd445e88464a0d1b3de1f01f0f5903be2118f,0
88e729ecddb4869b61c19f06623d19d347c4e42b,0
bc82d82d2a70200f5c7a084908f3587fbe8cc204,0
33491ff84299cc1a48031fba066e6e69f21e1861,0
a387ac85030cf161b41472212dafc41e85fc393f,0
1a30728418f1d015453c0ad6521de56f4728e7bd,0
84efbacaee58c6232223f6125682de89c09e5ba9,0
5241656633c0b1f098deea410119a3435f41ea59,0
ae0da813d949a850a5937e73b7f57a673a712040,0
6f27ca6680174e91122aa98c188c47407370ca19,0
3397682996c8dc618469b4ca910dd130540451e3,0
b207c452cd354583fa8c4bf10dfa9e70f24dbe55,0
f3fe3afb3f301f236328801bfcd272de57dbccd5,0
627b5fde397040acbf234bc132cc0f7cfaf4673e,0
f40005ad5a9c892fa8d216b12029a49062224351,0
ef6023c551fc6144fa1f8ac776236dfd712a7a39,0
2b0fecf0fc85fcf69ac76419fe1dafe7c8e988f4,0
e3b76c8c389c7fe3c173f677cdbd3a34a8713575,0
535a1311c7a79865ad0c44df5b06b083b92a662c,0
5839ea5ccc2d4d9dcf541744fb3fd295d8c88dd4,0
a327e2cda7c0aa08051dec7af006591d5ad79eac,0
58870e51143bbeede31bf39715bbaab50c6b5775,0
c1fed4364ee344a52d22e7fecca6fb664f075466,0
e91852735aae750523ab6e425c3b31e9653d6934,0
95bc7e1345ead598bbdb757785c0c11077a315f5,0
e4de423b8a197cf1f178256a2b65b28a6f8fe355,0
b957a828ef5682bab987659bd2b03e6043be696a,0
4bc2c28a190e7cc774dda60038c74865c9058946,0
1cf4d19069c64d0493f8b92178ffdb728c0c0ac2,0
799159ffa7cc4cdb98a9018c94523bb0bc32a223,0
48bc987144a579618a914e853c09616d816dd25d,0
38a65bf7f78db7b120752000c0ccbdbd9d5314fb,0
8df3283fb569acca817e787ec20e4bcfa33b2dae,0
3af20694785c9fa9983cba8d3c981f6bf3a2ee5f,0
be0c8dad01c2c2cc65cf13c0d712e48512133c81,0
95212bededf8fbe748d67716928d21c5000982a0,0
01b69110b181aa30406d18f1a689d07780c3b4a8,0
b436b6d95473b468c66d7814db086a4d8a83b154,0
e772d31a5d0db091bdb68d12b3c2fe79ba979bda,0
6471942097893c67004e4990d77002a9071a7f84,0
251d41c38fe917c9ee371f581ecf9ec651c6384e,0
ac7a700094c772aed0668273c31477cb8751c2cf,0
17d8f331a0dafd731a99254a2dd2b6aba2fc0317,0
0ec741ff0b60221c47f047d5ca6266d00fc3050c,0
85e68226ed1a382e5a4e757ae944ef63b3e7b787,0
d58689c3e0fd22004f231d427379aa0887131f55,0
dddc6f10f7bc658d94a03ed3ff0aba0b276084b5,0
1b7ca880bef55ce8050e0b8dd5ead26f9a41950f,0
9637dd44fa0e2d5a6ddb45791e3cd78298842d95,0
d7a4a0290ecaf06be09c1a0c9c35c0a38994c63d,0
6cf348211a23835128465a22c9148138fb99c060,0
965ac73d8167974524a7ebf24381f28a1567ba43,0
a9e682daaa528ff66465de557cb70c107a196302,0
2311c5e58e6922825d7ecb53ef596b7a8c156bf1,0
a84f53d38f93504036fed5cf3fd42f57a8637b16,0
a3a4eddd3e6180385ca38efd9ff4965c07995e64,0
625cedf140f383f3f5c4f992906a4bb6b809dfd7,0
3ab9ce4b76848afd2da7dca3e37c46259dd70866,0
0002aaffbe7c14f42c9da00c243f44f2504b0145,0
fc9a12fcca1e80adfe12280a944adcb864ae1f78,0
7ade1367c6856043b2bea455c3dbe96fb78e2813,0
9125e28ceaca3d3adc2a4e9ab5775334af1f25bb,0
6d544a50c9d7d3717bd9f3261db830db76ba2b64,0
df4a27c9b87d7d2afec56492f96c7e549a32fbf5,0
9a84b3a53b37204c6ae9549ba41037c60f15479b,0
2ee118ddabc071a84298944881854db41c85e528,0
0956493bcb3fe40ca37d66768ec7817f8a1f410b,0
9bd2cda3bcf4cc55ed1396c9c3c6415328c7b32e,0
ff3f026094b8211c4ab372f22b669487d0a619b1,0
242d3fec8cc32e08a01f03b03962161febb06425,0
73c8b5e68823d39b40d4aad0db22cf05df15dd32,0
52396f8136b0328b17afd715b1c3f5a1f7e94608,0
7b1961506509391ec847bb1dc3783a87f8069057,0
1b9889762a86ae50657d5ce0048cbf9c5f62ffa7,0
5204e89987d2cb9de75207226f97452578eb024f,0
31e094ab90d238cfbd98b9ed8c715d997f58123a,0
03e54974626c4abc6004eeecb5db600222389eb9,0
a1fb8486705ff6cea89b0670036c0574d407c339,0
48b23313e7c7428fc421942352c8dba4d1e35200,0
91cdc1680dd16161406376548d175847132ea3ef,0
c143ceee9d8af23d3ca6a2746b3115f70e74d241,0
ae6c7c436066e70c0f61f7f004ee2823f1c04d4e,0
486d8a8ae45e9d9e0e44ffb6048e536491c59c1a,0
64f1b4d91477670a393fb1afb5169dde97998d84,0
82b108f3df4b8db2a2ce56afce19a2b0a97c5539,0
1645ab953ce98bffaff2424cd0b3d2501e21b04f,0
1490fbf959fc0e7bc5d8be43250689ebf625942d,0
2d744c87c2c498510f84b5a91dc14ec703d7b022,0
b5ce7fae5bb6794d41216756f080a087cb956e90,0
8b206b53077999a6d180ed1f4d1daa57523eda04,0
40be3f770c8a1e87342d14a6b730b7d99fef8e71,0
f0e122da19684394123c85577405d6dc7cddbb98,0
8b9d14d1af57118ab2c5188845f8544509490e7c,0
3b9a0a2616fcd0b046363095fef38e03e0373823,0
3ebef4ad92e31697fb52ca7cc71904c68654c2c8,0
1eea8db85e36de58c54d2831d808e0fe4363ad39,0
177d1bd283b54974a41ccfe8d6b3c055bd76ba03,0
58a5d34542f20d51a3fea99af59ab963798b0f2c,0
687283627eb45205e081459e333f6c633354bc2d,0
d8cbd273160207e47202c0d64356b46595a520f4,0
b6d446de23f700692a7d01bb00e3111cffe030b9,0
beafa49f88be397f89b78d125d2c7c52b0114006,0
4200d4d9cbfb2cbfc7f6e783cceb06bb52963887,0
20dc3ec2c6b41f9412ecf4a1cbe9bba10e1498ed,0
7d309fc952fa201c53ba277eee33b751f56cf50e,0
47a55d21515bf2ec49d2c1b4f2f83bf66a09a7c5,0
3730126d8a3fbf98533710e1c9f2ba18b91d53f2,0
9969e7b317777e151646923d302e856b163ba224,0
fe39ffc076712fc8cd55c96fc5cb0eee2efe4847,0
3e6fb93250fb951ccd3b9597cd19b1c2243a77b1,0
9253700b7308dc43f063c87014dce5ee80ee33e0,0
35875fad92782ae31daf729d8883903ef1e69a10,0
5dd79f14f0454b9ea3c82838037457009ce46b61,0
28f351340c2e26668228186bb8ee39ffbe4e6a3a,0
3fd5dcdd3ff86b8528463a19c7b93fe0a460ec36,0
30e5768186f73552b5f1634a76cf2c12bf26b5bb,0
4ddf436b19e0c44221c849d3a5f94feab6ca0a85,0
e0a85c7fac564d8d8818bb7aa4da4f532fca41ab,0
eaf9ae1465d4d8298601c7f605bfca5e28e602d3,0
d2f2830524d59fd62049629097f8a27a0d51aa24,0
8b7244416c276eaaa05cf7133bd2b85de13190de,0
2bcdfd86643761c239ec40e6e1e2f05855a07f95,0
45a195e0776e2dfb85022f034aec3af191cf7dca,0
349083df3b60069be6f201d7829c9540dabbbc79,0
01d1a50c8a2916988a2256247edec2f913523c52,0
aaf7908cd912c7f6867ae06a386ade369fbefdea,0
471fcadbd0db81e16aed153f02c4aa233d491dc1,0
e42727d6c6307b63ead9eb865fb1d874dc01e4eb,0
f5e7a2a5304802fda6c7ff7a6f1d403d4773914d,0
7b27ec64b98131ff2bd2e53c9e22638c54b2ede5,0
79722429dad5256ac0d3871d4ef2977b4e7a383d,0
128c93c26e963dafe1165e593d4351402a0206d3,0
4f8662a758688b845d741a932e28cc8d4fc11b96,0
16a0eeac59ab35bf49a7de70eb4dc70b0c61752d,0
387eba9bd25764fdaa3abb90c98e3e564f3f5a53,0
63a9006754abc4f67bb0a63b378aedc881e30477,0
9f177fdb5f637bd33328368de42ee4eff6f65508,0
d85f343423638ea0a2a8da26df9851704b36dbd1,0
48b615756d1d770091ea3322eefc08011ee8b113,0
0bf5b8a05a535895916a57817b226aec0e05ba13,0
140688993f1070fbc990168c85ee426ec942d6be,0
216ae1bc55002b7aca764398c1e6da750f0030d4,0
89bf8c4835873dea14d9e0162ee3c6f8bd965fd0,0
0c667320394a25367f2009696abdcedbe2b19d49,0
04d9492912de085abf6fe176b79b7e6d923a529a,0
8502e2f14a6eafb0afa0964b34d1d1bb02b44f64,0
93630178dd60bf3949adc642e780aa837a2add6c,0
99ae21d91422b97ed2049c0caee1ec297f12a5de,0
bbb7808bab423c10a6a63a6f6c7858031c5cc4a2,0
20dfde2b303fb8fd6f48a5342c49a1c90c62dc35,0
14380e31275638aef6880ec5fe10613cc582cb3a,0
59e51c428afe895d96d07dfd3e25ac506214220e,0
7b2ab4a2659b987b823c7cb0a163c766557da802,0
dd5e46203e5b12f4b65e76ef2e5c34197692b5b4,0
a94813fb0ce4597d2465a273821306a055f35492,0
ac7e904531c4509ecb9158e4b31cce95ed938119,0
680a648b5bfc8d3d40f213e054809aa51cbde699,0
6a706a66c58bc45e81c8f013126802c33cec6d73,0
8e5084631769bd7973110cf2e40dd374baaeec19,0
6ab7e0cd7e725cabba6d45ca9963859f7416c395,0
e9f1cd80e7f31a8fa4840ad0e62c6fd95869540f,0
477db01dd858150534c5dc128630dc56c4f15aaf,0
ff33052eeb209f9ea61a9df695dd2b37cfa37a4f,0
c74ed13a8b14421a5eb1bdc83430d413545682dd,0
c2b70e8e34a7c8ebd4c60e287c73f1e95526b2f5,0
0082c9e31747d6f0d5a66dc993d817a00e1451a4,0
204825fdcd3623106ac9e44a56c1cf825c343f18,0
6c941863e7d1397ae7cf43ee16ea87329edfc279,0
1588087199c1df9265981ec75ce920e191718ede,0
9417ef2aa9c62552c79080fd7a7390553dc2ccb9,0
c39aa6fd604c0645414d26774b7b0247c3f0d8bd,0
2e0213a7a228dd4e8cdc2a97ca34929deda0168c,0
a760cba7207fe6bc5cffe7471344681f673e0f90,0
a3c23febce6c254f2e77197ed38ec3c6db72645a,0
1884dc028bce8094e8ddd7a9fc192a107a64527a,0
ab83ed53d64e10b627443b0e627c3b5bc1593be2,0
49de01227bc599d0f09f47b899072239c1183966,0
bc22636f94b65e94e7c58de9b93deadd5ea1fcc9,0
08839982d36e9169741311498b6d4b1975012de5,0
b80adee9d1aba0025c71cf51e1158c03b71b1138,0
9737fb2ec07c202957d5e868100507d37e03fa73,0
700424b85e68e60647c165365c9e24362f0a5850,0
fd2d38b668b7fadc92146535d653f60886362d0b,0
dd2a6e1efa7df26ab9d6dcaabef11d8ab162b613,0
9e7d30f1903136949b09fc6c52ede56116d6e6cd,0
dd5d7c43d0de8743b12ac11af93e8d58f6c05c12,0
ad30a000ce7feb350db3f63aca9c8cdefcbd4687,0
524edd46ea45dd7660545876585ad3a6577b0292,0
607bbdea53e73fc127a7969de47061098ee91f45,0
b9c27810a6844e960a53180ca50d7a5340cceceb,0
163d643d1176e0dc9334ee83e21b9ce21d24fc1a,0
dd038c528b9b6794580c6f9a81c90302aa8c1405,0
5bde065def74f27d3ff8a432ded4d004302a3fe9,0
38c14f702af2184a2b7387d724159348d9194931,0
5e3b6f7c106aac1bf2937d33922151fd25e47eef,0
5ce931b904d1f2961078b99049c293c11e779fec,0
36fccb4325f924bf46babd4d8d60226f8dd3f154,0
0b2a0c932d089de9f19e2ea9b278c5d09a239099,0
e246d2ac01f1ac741aa4673aed3d028e08a63c73,0
bdc616d069ba48f0bfdfcb3f550f7afc87759a89,0
cdfb36943f298e780f3e75b762af7268a9b0f8e9,0
90211fccfc48dc36b7cd81a1ce18e1506a6f15a7,0
203918573c29676b179b673aa7e41366dc4215d9,1
4d1c77bae99174b67a462bd5a44950ae08f46796,0
74989844d7692245f9e19b0e803d748c73e91e41,0
d89a872e3eb1f96efe8ff8fe47d99f7db94d922e,0
7994250e15ca77dd3150a2bb95619b935d249e5f,0
e9a2edc877ebf928ad0c056273f64cdc861ba609,0
a9690db48eadd3643adc34cafd6ccc5d4a5bf589,0
4703e76dcbe4a636ac0651e2a328c5461943ff2c,0
ad4f8f0a3a324e802fc3e1de527c651ae8666c35,0
db51a1cb41e9155ca028a73b0637b32a2c37c43a,0
690906f6b790bdb99952407e96ae34f4bf8431c3,0
7f55eea7222daba3e3dcb3b2732fd8bb81bde5a9,0
428dacffe6b4ef6cc2f34e272cf90ee7d7c00175,0
32de66338764b8b75ac2e5b72465ef844caee4e5,0
fc4ce44a1021192bc3d818038cbeb1d3e65938f3,0
ef6e2a1ee0910ef47765feb73e4fedbd996896f9,0
04be4b5f96c0981508eaa75ac27b18b1cd01db3f,0
02011f8ab0c62deb8566b574a310a978bb70aa10,0
67e76550408b235e5cd635bc1c87b42205626b17,0
3eef2f7fa643a9a11bd917d687ce1eebf92f27ca,0
8d6b7fbc86b09a9f16e22720f1e814ca355a81d5,0
049487a61c4f23e2b929f63ea184635e65516075,0
8bc1d8d383f7cf4d829eca6112830f201246685d,0
588602694fa1d19e433f9e2705aed9ccb0b404ba,0
5e6b2cedbb6137c556f66db09285aa2cffd3cf0a,0
2eabe0ca39e77503cd29e48bf0856410c5ef4762,0
2c66bceaa7c11e0c44522dd28624b79914953407,0
94103690e20ce71be389195e37930494e3b942e0,0
3d9bb608a1fa4f77c243b41386d977561c7ca53f,0
8707fddee27d10bded0b3f814845b4a7dddf2776,0
ff57a627511793d7c95c5354b3cf4247859c0b52,0
cada569118232d662146c04b9fc78f7d0d055f6d,0
bc33e591299beaca214024500133568d39a74416,0
e08c12f7216dd5abd1933cb8c033873bd9f10f33,0
832cd7177f5daf0deeb5025e2b9441cb88933d1a,0
a011e57eb7b9fd47b33a582e0b59015b5eee7d72,0
46649dc97546418e1d6d2362d74dca92a8eb401f,0
809bc2171b4563fb642687e87bb68741c1dd5026,0
8edd3ec573649443c2dc0747cf3cddc1608d43d6,0
043178c583cec0271bd00aab4eeb93145dec327d,0
95083b50042f370097f344906fe47d42b76f16ae,0
f779eecbfceb73b3179c14ca067e4285281e0a6b,0
b4c6086c71a30edcfd23991ec4afacab3f0c2eee,0
aabe13f3861bc7727611043a05ae7d09b4cbdfb6,0
b64e6546559e371c729b4b45a26d4c63897ec2f1,0
de8a7fa6ea01e46ca0869dc8bcb259d3a1487eab,0
83e83029dc3b2623adef53d0b8f3a572f633d9a4,0
0842a997e840cd2a7c18121b67f21f334a343a0a,0
c87b885cdfdfdf9cd5dc87267301b95842c7d7fb,0
924540abc919d32a8aaa92c6f18906f01e64e167,0
f1c4b635443c6259aa274f2007fffa4e0d67d079,0
0fdd249cadaecd32a39d25301f5242f9a92ed351,0
76920b7fb6d6ea5a794512161bb29d3e8ea2625e,1
60abc436a64d46df4a4b133d2115c9eee6f1a274,0
55fc36e602532b2157641ef2a72230f9d11aef58,0
2879f5bc0b42aa25a8bb62a9663829ae6f5d8129,0
14c538f2f34e936fbf828d41cecf63d3d3cc90cc,0
14d1dd13d3f047eddbdb96daa8fc0f74b1ec8165,0
c7a5a6afd5d2f7d8c3d518ca625b7d8a1445934a,0
fea1da48fef9e28026704e9cadaeba3e0ecbf6dd,0
19d703488082709e433d86afcb891f99433f157c,0
22c4923942180d6999bb8bbe9ca4e2b14b17e410,0
2d678c28b3a09b89308f7d8231712f8733357acf,0
52f45c2e9f12193a265623541cc3950f0b39a2f6,0
208d3dba9a64dd95f86fb105bcba4ed50ecceb30,0
28910eec203524b002f0dfeb8a391b88f835a7c0,0
5feb03989782d54d665201fb097e43d1b4c7c0cb,0
8b298ee744565738496a46357388a0a8135f40bc,0
ffc689f69217221b505e124d97bca45afe8347ff,0
9ceef2231549e95f7868266f38b0c7e1a0a40ed4,0
10d9ee2cde5b3e3c63e9525e074ce8d06ed5f8d5,0
fe037f6875c7876760fed30dce5db92aacda329e,0
91e2c5ea2a0eb87b0219459b08773b81551e3ba8,0
f53864758ff8125eb17592e2a3cd10cee24580d0,0
f5d152ee2f52887fa0fe10800724fefc6f40fc7d,0
8921a7d1aba32b0a8e076d1e95f67f057eb9b2f9,0
f23f600acdd5b0b8d47a079761f2f8d71e541c7d,0
edfcf0cb1accdaa955762fc4c7325de0bd483d62,0
f1c1b74865363b5f7dbef57ca1380f005cee608d,0
178b0e177a313b33ce4b656617bce832ede1a86e,0
3776b0a9b25814274af94f0cf3099e5f3dc68c03,0
44c48a9728ceb7d3a031403c0318b602f9224fd4,0
fd8199951e1663ef7d24960cb4987ccce19c080b,0
710b02c7507eda9fc037a1394a238d213b6a2916,0
4f8106e196b5684723bc0d978dcb84d33592fff2,0
90c302ca2703312f88b343e2bcf54c6a4e6c3a4c,0
87da2161026eed0f209589973a46925d5e0f1dd4,0
8765c05ded1a3ed31bb3da780203e84c3e6c7203,0
dbbb4035cdb8669f42b42ab2a76460f4da8450c7,0
c8235763b9c043e8b6b2a0630948c585a1fc514a,0
1f6296cdd86f1ceb241e563dc22e032d18d25068,0
66914ffab7d1137d295ef90612cfbaaeae499325,0
b5c399eb3cb65fb6591865e1ee346e197b0882b8,0
65782e92806986680757585bc0e995a7603625a9,0
b17739cb60bed7286f10d62969972303c490bbdb,0
ce44cfaa0a46b79c6c1e00c23f763a2a4b8a15cb,0
c8c94f9a36adaffe058baa07fabb71e2223e6d1c,0
7f5616887127fbe0776d2e7ec6d351658d18c7c8,0
847a6d07793a198d28819731e5166f9ed3845164,1
949abfb10be3164cdabe2a9aeee20d51a4cb9ace,0
8e601f5773c71a005cbe6f3db7592387bad690b9,0
c18b1923b3c1f897c7935d94fb9e443eabfff897,0
b5821bf90af6a92f4f4c5003dcfe82ca8cf5f979,0
f3c0e995896258f253cb17ca21bb91403d915188,0
83b04d9e0a38212e7998d6e2f94b933e71bcb84a,0
16749c5d9d8bd04287792371673b33e094ae15b0,0
d11e7622bc017ad5bb2ffe0ea23458a0d2b18ee2,0
d664776d4cf41d7e1e46b92bd8a4e907cd3bd438,0
87f142f5c85c9a7e86d02b4599e3973e773f3d41,0
29a7e67999568a5c86b32ef513a90d5d090ad2b2,0
8bb11519522dbe0192d6538a29b3356b25f5927d,0
8d55e2cc3e33280c9e9d01634298d12b47fc839b,0
d40adeba8a97d062b8fd3913bafaef579beef49c,0
5ccd7e9f144dc08e16cdefedb0e2e6840a4d9731,0
484698c5415bb578cb480845e2dfa930d3d49d9c,0
ae83747b2b049ba37605622116579e8186dd3422,0
ad98aeccb923add1b7d57e977f8c72d982f6285d,0
447a3abf907991bae614e09624566a1c3c446581,0
8c5c6b936ee6d1afb75cc2cbc151887937dbcca5,0
6a0a1876772e74a1d4a7c82669784f8bcca8397e,0
9e8eec78a71b7d1274043f55c9a5fc7811d53132,0
5ef5bd199a4e3df74479b4b363fa29b0b3092547,0
ca30fae3acb59a5caef3c3c21eecae7c928827e0,0
5d3142a1639c7d8e792f3e72288f18e46ff3546a,0
949ff4a9dd556f8285c477969e2c6f0706ac5bbd,0
33cc94708a0ded781e42af3a910fd70b69e8d605,0
d2f27093d7d95a07da901902f894d88b4ecc3e95,0
1a4d9cc2572d220664f1b7c377cd318cd253052e,0
5096786054bbe6fb3174a567622580a28fc6e386,0
12bd925fb23273bdd7e85f838bd50f1907103ecd,0
1491a45fea0e989a0a59e7ff7c90e4272c18bbc7,0
eabb9149e138833c7f4a0ced15e5b6a919c223f3,0
1895d14e1302522f4d9a11c4751573e943ca86bd,0
a724274e58527d83067bc66892ee285c079af8c6,0
07b1c978af613fb3f3b6bd2f7303cf9e9f9e99b8,0
2a19a7b7507e8e3e02e010d636b355f2f0f3f6e3,0
e7e4a28b483fd58cd74b0604efb8b21e0c59c77f,0
efe3699122699151984e8499da9d42673a42851a,0
f0028e1b90f8d10266f3fe26bafa0882a81ffe82,0
cc279433f33ad0c00e80ff5af734062d92c8a3f7,0
337ed8bef567b6b385491ece5c63ffa84f056609,0
db6f9bf17c1cbf9e6ce518318fe4d14119b87d60,0
1f799f62932c5551c99699f46f7de75c9a85dbeb,0
b7e7b40a3328122549b31c007fa10bbddcb415eb,0
457eea0e5e32dd64c1bee30bff7fc4ea3a1421cf,0
e99eda74d7308d0ac93ae18a5077772e16cbbbdc,0
f42d538b261584ab2a1805af60610cc205e141c6,0
81ab00df47a43a7b95731032d3711bcf836b05b4,0
423a010fa92d89ee1d82fb21f2f6e65c76dab755,0
9c23180caa3477049e7330c05624aa3b98688d2b,0
c7b540bae35372e92490fb47f75fac508fbf25ba,0
410ab04290294dec74180043dc2aa635ca1e4e80,0
09db9daa292e74b6bcff84edf406aec41ecf536c,0
b5955f5948a973a248731b774773bd225af39c82,0
3ea4d5d580a78213504a4611fc7bbab58b93db0c,0
861646b25a39dcdf79bcf5a7643bfeb28e137a8c,0
0b683acf0a5910fdc4235d3103eccbfdebbb18ff,0
184b53f4c100e956a922d02ed1c94aabc24d26c0,0
ae31e56476646b33b0c2a1f03bb095145a22097f,0
52cfbfd91e60db255c3285c90b94cb6e3a75fdb7,0
cff360a340b48070d88a48f06e8748a916ce52e9,0
8939061a3c0218dd3fd27f96f3e60e48f74622c6,0
2286eac40b80248a8f68ceac1f9b0084c2b9e07d,0
160c0ceb132cf8841bc4f10f35bb839df8a0999d,1
771a3b06f996de58151713ebee53e3906510e561,0
c600de52e107d1fd3d5a9c1aa1bdbbd6754622a7,0
68ae60d779e3bf4a46064fc1b537057478a627e4,0
27388c817bf558af48568ce724b9de080e80e8f1,0
ba966190a1f61520201b7d62fdf69aa6515e2e73,0
9e0d37da73d60a7a1173e8bf10da1d2dddaadffe,0
599e57b27c19953487dfa3828432b8ecc7cb8b38,0
162b6a92eb663663f394ed24a7e623d6bc88717c,0
2e03eb8ec6af0c28218a6970a7fb32548431d1f9,0
2d49c9595faf6332541956cb0826224e46c8d333,0
8ab0ecd0af3932f40b931e1d84b2951f7777a305,0
ae70bfc75587321da4d6877420ac91f7a83b9c02,0
7817bfdadb9cda107955de03d3d15d64ab89b5dc,0
c0fdc948182f1d21cc4eb1448f764e63b6c48792,0
61994fef1081c98b729a5e3bb8a1b6b5b9568a6d,0
f8c39cfd773d797adc1b4ee19aa8fc17268946ec,0
a7c03cbe5195ee5f8ee618b8bd6710da09ccb5b7,0
5a5bbc662104afe8f020d89d6e560f2897678984,0
c3b831fa7e4ad148d8e3abe2a0e3c089029044ed,0
5b5e0759459062064777dbb70827b3f65692cb2f,0
83769435ac5fb64c12d6f572b5f4a2a594f324b9,0
817666037d3c09b9138b161964b0fafc76d65998,1
d80fbe4ae28502d01ac948239504ffe5065dca47,0
b72dee3f2590f842283f1a383a384fb1e680d463,0
67e19adab2c2da1306020d251ac18689a4387a09,0
f99b8f9c5cd4bce5590d14355412f6d3f4dca118,0
a2fb29d03eee1b396253804e6c0b21e4781e2487,0
5fe700afb8bcc989a6778f61fe6d15c0fa08f862,0
7b6bf45d83c3ec028e686318b8d4f1a061723908,0
8bac2b6a1bd110cd171c89e75f68cd9a69624315,0
516f6889c9153a59110d3ee9bdd907e95e10cc08,0
d2bfb078ea7660448481f3b8f91d2176b92708f8,0
3753e3c699e48f5879dce182f2bae12d409f3650,0
c353239c4fd22b8991e1488ce81218b1c9769bf9,0
53fd5f39f2897a27e06526db41aa7a4499f4ce16,0
4c84e204cbce349f3c5722750561b91607d3fcae,0
a3816d270fdd2d9d5db285e21b74897df7f2a755,0
346009fc677b252d052e9ee22c6a4cd2be10a032,0
f054152346cbd7c8afcdcdaf55c39f9967edacf1,0
89b1661fde38bd12c4d83b9fbe696db0c8657a78,0
d47ef8f7b5447d0a0baa8be70c5183161e63068f,0
3b6468ac4f765262f68d3d289d25bea3da521c16,0
55e9d25f779a3ba726a9904641e656de93a1fac3,0
752d64769a5ec69b832d974dd679448ae45088e1,0
7e19596505676c5b300bddc39792289441634f02,0
ae5df796be80dfafb523072e4efb30e34dbee46e,0
c76e008480a8230cd2a21226a5fbd9e7ac50f39a,0
a07852203d041ab68438262d0803cae7659e4ee2,0
5590b9510bfec5b0803f6d6bc5f78fd851564c34,0
4a6c36401518a45a709ade671d442e061138d3ec,0
ee7ee35245d3863d16c884a8e1c381ea8ab3472b,0
f0299220ba7dc33b1865068db0c184147283a9e4,0
bb1135e50c27938eeeeb6e6c1ffb3882dceb9f1e,0
1123f6d70b95773f95cb634d916b3399473eb0e5,0
7ff71807ce589931a56ae6f1306af43c6b8632e7,0
cbea3176308e86c6c5c82dbcb8fde367945ca1a0,0
8e1667fa9326aae9e63c4d44eb376b048ba8fa42,1
8bb467aa5ea9d916e82e6022cb492d1c829211f2,0
affe77a64dbf8c90b795ea0b2bb7a44bfbeef781,1
82c7bbf78e69c8f73a4cef61476c155d4681c3b1,0
a6130f9c8c04fc91ebcbe1af7bf8839ff1c7376f,0
f9778af8a8ba8c6579ccd800f53a2cb67baa1c7b,0
768390f935f3916ce3cfe03e8e642087baf457cb,0
76a941217f9272693b5484ef360e8cf6491ef3a4,0
ceb5ccba7bca5f00a5331945c7643c3d102e05a4,0
b1d11d9f15afd98f94d585d23074fe8a1da00c60,0
83c4b1c364c075bbb2bc44ad64d8a282340de4ba,0
858aa75ed257a24acb983df372f634c3fc6c49c7,0
f9d6655b42d8e1b1071f78cd7f1e38cbaa20350e,1
f7e4944a048663e671d12519c4f8068ea0a489dc,0
7b67f1bbc2ed78561db2527e3035bcf1b49e2817,0
c7846ef59c410983b0f668e59791ecaa977d1fa6,0
fe6fad10e1a6cb264a4f6c6c04cab66c6ba818cb,0
321a2f3be27e395e7646393a31d0a1b0df4757b4,0
f7d0a7a2b13fb5eb29d9b815b9c091c89ecfd184,0
c48289b1457f825240043b942ab621b59c5d2490,0
d8695b95cadffa51b7ac83d1dd6fae4bc0bb56c7,0
17fe32716cb4e6250cb0fcd6612388a1dbfae6a0,0
97851a1983e19656e1f82277b47ed09d90bffc31,0
e941b7e3c45e7df96dad9c49235553b1bf585b61,0
c116dde41fd1c073f00093123f771c276e8af6d9,0
2b9c06f58c983bb915b220f02be99aefaccd0a1d,0
1e48e151ea23f8891902834a4553a806c1312d60,0
f207e1439536afd5099c142ee43f070a0bd43d42,0
3fdd24cece3c16c6bf4279392042a73e17a622c5,0
1bc2d785c1ad5facf2a40fa05a3b3e5bf6eb3dd2,0
c47c505c740bae85255a731f65f6057a17185156,0
63950ad11917411d82d9adbd0ad1ccc4884ebb4d,0
300578058c7d6db0671648cbc5bfca84fce6285d,0
ec733cbbf25c103c2c661625717527448a42663d,0
01911a40eaebf2aefbac34cb2760f7f77ccd07a6,0
781bfadbdf3da963002e4c177c3436b7cb116c34,0
e7b0dde346e610fa273bd4ff2c82f6cf8e6de6c2,0
a9b17e3af5b608e9d807fed3344cebd5f624c098,0
8ed787c3799bb9d194e948b54d68ebdabcf1a2ee,0
190b24bcb395e1772624c7f7c3c0bc76876d47e2,0
fc18ae928f5dcfdb331e189f866e3ef96f676eee,0
2a6c6ca711f0f0d6aeef30853d5eb05bc68c2e85,0
6b4b2dff38d7598cee413e5894d6c44772b42144,0
b83e111c619232be9ba0a7bba682ebc141b618b8,0
b184666c1975fa4050121c694e09a88060854eec,0
e8c09f05be1310ea2ded05bdd808c46a1e4485e2,0
b120a8574071197ee494c6f272bf0f4d2e93c2c5,0
82d967a3f9e3d4c1927ff682d0df7a09399df7b6,1
a82070e546d2c2f871895d32cd2f6629480c02bc,0
2d315263cb4a9f0eceaf8720375cd8452a490aeb,0
263fc1987ee6bfe8c09fdcb0f7339f49508978ad,0
4970841052d709afe55d975ac82eaa1c0d385477,0
895315e100486f5778f13106c4ea4f3440eb1298,0
4dcea8d73af3418da828b83626d06dc56be98c53,0
edb4ce323e9aad278d707be09fe1ef24fdba630d,0
07cd4567d96f916c20af10e2779e44d21c9ac703,0
1f0d32796cd7f4419069b1c6d738895c753c6916,0
7f35bd3eed6182c040155d1b672b9e34f89667bb,0
3c7a1d795c855dd1c0e5560f9ff9edf991819904,0
eb5fb2863947bcea7cd62a72aa84afcf2072310e,0
ea130d0a0a0c38cc2f93eaaa587678f0ac4db735,0
ce54f3476745a68d02b1db11444b71c758b1d1bb,0
05f878016d583b58806e59de862fca60e2e69d67,0
3c8d0eec6f9e487b0e9ec8fb7e3b251be8e77428,0
e85e3e7a0b8b27ce7596b30015adbd89dd57b8ce,0
535bd81244aec8fd773a5607343d09da9aa410af,0
3bb47467619ac67fc3ad507cd9581e2d50f5c8df,0
7388ec14401571d45af94906310e136463f7dd58,0
1b7b452c7e49efd2bf6fbca0b4239c7aedc993db,0
cf1f05bb0e8d11ce22f685d8429358df21d72791,0
5c754f50a60326bc2143d9b5af6239781b8a9550,0
d52b257beaf5e5a6008e1301e38185e50a95c4a7,0
09fe551b238c77d2532bd33592fef2493bbfed27,0
afc89ebca46a71a9a3a91c9ddea6e17b49282479,0
f983a961455efed4dbfbfb7623e43941ba8d31e3,0
91901434bd199b104bac6eb89769f78d97f18f3e,0
579105aac9c08f59fbf3dfe61a44d3b09dadc9d1,0
e9c00f2bc50e612f6f5ccfa9ddb4b643876cdfca,0
158d178c58e892ba87d782ecf436d30c038d464e,0
c87ec655d2ca8de325ba91736702a477233b565d,0
40942d54234ec3ae3cdfb4ac88fbca587b9460fb,0
956f80b704173cc36fd166d57a232d6aa27736d0,0
00613d73f7a427f4dbc40924b534b8e28a8fc1fc,0
2ae03e1633ec0a79761b215e8eae2574106bec99,0
c82fe35c48bd0082c16644d16d82d1be79d6b9d1,0
38357dffa2dd39c91c4523beade08c12e8009acb,0
8e687dfecd5c112b36c5607e9c59ba9571a60452,0
9c881675d214b95fcf861b69b4204bcd7932f66b,0
7c0b78dd0ade55bea55abfea30a7b88ff7a4e5e1,0
f917ed2c5f2fb2c0baad7e99c9bbc8ba20994030,0
b8c3b3081c6813d121ab7b5c7eacacb5f15904a2,0
df220913d68aad69af6b441fad75f631aa33437f,0
93b1e734c683aa6f8e29b62cda3371cc1fb13c0f,0
fb15a84d71165ccb31b0700823d0b802b774b816,0
28b7b958d39730fc278fd1919bf335c52133a1a2,0
8fc193527df27beeeb638e6e812e8c4df6c72f46,0
5ea4d8ad05fa39e7afadebd0f75538e2978ae1b0,0
ca8968be63712c1dcce006a6d6ee9ddcef0e0a51,0
b6d83778f5c1995fbc44afc4719ab3cd38eff87a,0
03154177f888757e28db85cbf71c0f67a71149e4,0
bcea10909d2e1a56e72143cd9e51a813eb592d66,0
e3a695bc7ae52e7700d975b5157d69767ef40af8,0
b515228199914ea1767d707bf861b3e8efbaa41e,0
fb09a1d1244fe0331a05418f5ccd32b62f2200e7,0
9bc3701fc327a1730381bea688f62da60891fd40,0
1596d05f667f0eaee70f3c8478fcaf67eed55002,0
b88b3870a996b61ae6a1f865586c97794a1f3038,0
803e5eef54ae9033a4e180e9d7828dacd2db3dd0,0
4063338a3c8c87657a75c3c45a8b69560fee0e57,0
c5154bc584847d19e75c421b71e2f3499164d2a9,0
a3556848ac1836d2815a8dee6397e21c238fff6f,0
8801ec748fbf50a357ac20629808433e16288dea,0
7f5a9acc5ffc84dd1890f17fe01274ae1007f0ae,0
485db150d852d634d21e103040640edfc7dab8b6,0
d9be5752c4ebb4ccf1b054bd8c1367bd8215884c,0
845c2f7c2659427ebae2f186c237c94c763af335,0
c8ebfacdb707f08a919f9c4231bae2fe821230c2,0
fbda264f3c25c6db302f4a44eb71b70f24553ece,0
85d3cefb485fa6f34ce0893ff4ad795dafea8b6f,0
13c152582e5f72fad13a42e1eebfbd8c6c848c01,0
199019d04c26b9aea45c77be6634ba3a49122470,0
0929762d9dc10ccc62c7a227f69cd831e2bfb1b8,0
fcca80b901d0904e2d73c13d5b677216098fcb3e,0
3493ffb7dfeeaf8c3bf811250982ba91d51f98c0,0
e9da3d16ae67f2940a0bbdf982ecec19a0481981,0
0ee9b8c54170188c5e879645ae9f62f7bea4df76,0
67e23d517011154bb769b351955b44757df3e98d,0
cf6e3352324e9caee8d94af525ee6ad1fecca337,0
722c81702112ae07b8fe1f57612a5e82e93e00b6,0
ad1a4691467dbaf7282353ab89a601638c805964,0
566477c9af6eed5b835d854834ea38a638fe17fb,0
54a0fb4e6fe6dd1fb21829c1b68bec2fe69c6758,0
fbdda7143f7c301b60657ed96cddb7af24fc3716,0
bdc77f1b289f349e09051b482d7b4efbc6cd9f6f,0
0110214af6a802b2c7abc4f7151eab7595036478,0
83af056059bd781b6104caba38558cc4b5257220,0
5cd547e7605cc174c6547a0e97bf0982054e8d30,0
9078d37aac753a7b43a4e52adff3de61490e6ea0,0
9a65c1a1d7e8f546a526f404978ec073c3ddbfc1,0
79fb16e1a20c6fd8b333561f93c8d96be5165ef2,0
9cc8e7c16a7710f992b7af6b998ec126922c17f1,0
9c98527bd2c2f22a3c38c3ecb652200c5d52bc6d,0
2d2a7a3ec011aa2a4ab57bf77ed8e40f66f5e047,0
38cc09c6bc617c0bb6ebbe32756e39cb3ea35d1b,0
2118816d94129503b695990224d9edff3560b3ef,0
aed6d321b3407daa36ee6a0f0a44deca05d17352,0
0a390c6d51bbf0708ec36fdc1c7075b6a10617c8,0
5b2806103d5e6d4a7a6df1ebc8d88005ad7731be,0
2b1e98f2744aaa514b75b7f90c0838fc897b4348,0
2cb32b82b22da4e36cd12778ba98637843bbcf06,0
d2d757416ed62f48afc65e570c08f7c08315a98f,0
05bcf7d1cda34baa41333da83b0d743b6ad4d658,0
227aa204152883a628ec980f2ae2c2ef31ed1344,0
49ec4b5d656e8e16d508b04945ad327612d555da,0
2fa5d5c17107f2194d16b9a7d1b6d277aedba3d3,0
9164cd83b44ae9e83bd11c50a5e59e8c6887771e,0
a600bbfd622e4d225ad3b8e6cf3334df3cd6e19e,0
4985dbd566128619584b5d11ab46535deb64195d,0
606a533cb4527378af1280b0d2ff451f3be9ae82,0
9b140df6364d65493360b305db916ca54d0a3813,0
30c5463395d76cbcc1131090964e9c5f64d7195f,0
42fdabacf35e9b8f045055871a0b56fdd1586925,0
09a6f097f8a44f3161235327b872d1ac2f4d9ea4,0
a169746c427ab8d31ee38457dcbf52c33fe920b0,0
39b770325f695578e6c5ae3f8974eca0de3ed5c3,0
52c62086777545f25677137d8b17b3735f0bbb2b,0
83794caf98ec830c302f016a42573b7df6f030f9,0
9bf6f26fcd41b90686e6ed0b4d25abe54ac861a3,0
dd09ea7736fad17916b517adb6d153b25b8b41fb,0
5f8141e3254379958f914d63c193b8d37509a0ea,0
5af6d23690d89bcbae93bbf0cd43cbb91d6bb9ae,0
7b1569046b625c1855cf25297aab3e5d3b5ca2d9,0
7b6f71dd0f65952ed9cba0d76f1aa26c41161056,0
90a212cd2572ec30d69b2e2492671b1c93901732,0
05220e0153e509b0d6f8c32d9579d87dd3c82c54,0
4188997e3f00f47a8a98546cdb1f0b9f8423f0a1,0
d5949d0969cec0d2f036325ed9f0645f69a48c71,0
456097d9f36fb551f233ee67e597c435992c7ac3,0
9fc25d43b4a57b88bfdc1d51cfb0553289cf5d62,0
cc52a7a47fc767a5a218e0cd77989c08ed7f9a60,0
112806027300defb068b44639d86f028d0ab692a,0
8b3653712323de2d9286f1c5e8453bcdc93aedca,0
d18de6baa740beb3e112e96c147af5296a3da781,0
d0ab3c889508e84f0f08fbf9ba7931a94bd8c839,0
fe6dbee7524a5aa4160751155be2e8c975f66c68,0
fd74c0e15da3fe3cc99ffd8297138e59b3cd25d5,0
cd07a9721ed81850d97a2effc26a82154d6d3d29,1
7bf48eefb3dc9fa049f2f0411ebffdd46cea84c8,0
736e150691d244fed8ed9b5f988ccf87f47c7d52,0
9134cf5a10dfc14277562031440f93f53659f657,0
39d5df29fb768fd257f9d328b99f00bc69ec864a,0
50a1d17b5402accbdd59e62e68fa96172c9e3764,0
711c2e1aff80dc3205e7a3608a2ac391894d6711,0
1189e1b201e0234b54df551804098df18bd9f445,0
7d378fd087eab0d66b2e069dca35837ce90ad1f1,0
570431c8502a6705e749b62ebf5519930946a776,0
5dd9e60cb226c571e13832023489e8bc366ce69c,0
1ab9a1c6b3b0d588dd099d4d0db5568b2eb94389,0
72dcb1ddf228c657cdcc7f0143569a78573d4310,0
ab77a5e565f978d81d098c5a0ea59483201f4d74,0
443795f294dfafe40ff159fc651c3dbac6f8d310,0
37ba197e62d6b60037d18afc33801e6221f1b8c6,1
8c145775da55fb33104751199a28809acb657c1f,0
66ba506f5ca0000e8be37b09b053bc58449fc1bd,0
40a63e663caec98771885f8ea4f10c016cce89fe,0
d9d0eaca911ff6654c71b9eca9349cdffc3e5871,0
c260d9f378b7a5c5d4c71c5021cf332a31610715,0
627f47f24f13f7dd8bb96a6ac23ce42290b80845,0
19ccda91e08b398826836a8091c8d1473ccf0f30,0
2e43440c5ddd84a21032ca0cb6bea9dce9c43940,0
379211207d6d9937e11757714f3c7afadabdf567,0
e199951ded476c2dd988490e90092f8beb1cb9b7,0
cfd44eb99719bf045bf78b1e35dba231f98f5a45,0
66436373d83a18676dd6d24f0317200a4daf83f0,0
e615c877c899ef34d118df7c76e2ca32c9dc10ff,0
2fb15ae5d9a34df013f177c47adf5942c3134939,0
621163122bd9f86a320a931612bb2465f8835b1c,0
b0dd05fb076c09fd4c803e86df65b4e43988c4bb,0
ac10de2e2ca1282d643dfb13a149368ff47fb114,0
ba69c23e87c4a6f43428c6957168b9558dff065e,0
1dcaad2c3721a89593b4eb43e3bbf981ff8a3401,0
1056ebf9b48c56395c499c0482da47e9c9d62806,0
d367d3113b56ac066063eb161b2c4b74eaab48c1,0
8e729438c84c3dd3c8e36ae109579676d473c39e,0
52cfc73491e417366c77c226a7b01b40f7677f9a,0
4648b60e89d4206c26c53d55aba4771392e5b08e,0
3183c9011e40f9c19515a3632f7b5f5ab71ba115,0
acedcbabb0933d1d5368c904b2678b12e5f90e76,0
f49aa5e8439831f135de38dfe31cbef58d23e33a,0
bbc739c6ddfd822353a24447337e7b64b859fccf,0
384b23c671829704aa1655361e8e8035e1d6b140,0
c4dd009336d9c2b84781ef2310fe39ba33864807,0
29c094d806fb334591d570246144bd6d4d32f2d9,0
3441b35d90a9dd5ad997ff0b8c477a20c0750c2d,0
112b4b358bbe3750b246e633bdd626a40d64aeaf,0
94d127cca4c267ee2e9ed6458380831da8e081bf,0
139dd931848ec4b7f1d465af566b03c3d024d359,0
4398f33eacf311d6244f5fa8993e54a363ed2006,0
2f769f2b0afdb19b6a99c7945be2f494876023b6,0
33f678b9c67a099eb4ba7970a89584cd773a98b8,0
ddf4ba4e4c1f53014230401b81985518f2434289,0
ff8ad6dce1ddbca02981fef9a5f79055fabbcf96,0
0981d992c9b094bbcc43bfe4d00ab57db1824eff,0
8e128e79e40573e43206e6716e80b32b8cae896c,0
093aa3dacc2a4dce0027657ac1b253158a619338,0
1a03d4297a6f5bda9622233af6d0ee69efe4a4a0,0
bacf66673718f3af8d9500e6fc22cc2a85201839,0
a8b19f4bac481609e2f210e73c0c8018463ef119,0
b17d10dd5d4457ff751f0c37dedd6ae2adfa221f,0
83881d7331950147503d9ad952a14ed06f3c91ae,0
a85362e950874ce8fdc1c741a0b775495f2af842,0
2e92a8705e420ca32c32ecb77edc9f3f76bce7a2,0
c170f6b67d6927aa7e1efff3f0618542483f8708,0
f98699421fe6e66c911559559979f23a50ad0c9d,0
78c75127ae121958de3ec2ee4da69a10528fe52c,0
4898d123b1d3c11a025e7cc707b85809e3627ef3,0
fea31ea9b1511d38b42f70e83ced9cede3c803ff,0
7d7e486df3d177e850f15cdbaa71b7046589335b,1
b91f50fb5ce9c15df4f61b6716542b0984daf474,0
1e531f785c26d608c489ca20636489b898faf964,0
6207523b518b2e0a98c558d8df56f38362066010,0
a8a4bc18c3600ad3fcc9f6ec0f2ce312c81e07d1,0
b8112b003103be8c22849483229ee5a57125d39e,0
69a7fd9bba0b8aa145a11e4b21c7d7462b4feb55,0
791c721449939096088c5a5d52d7f21cf288f14a,1
214efefd4469bbee6303dfc93871f897683c1c87,0
298527f9ed4ed5b8b902238c7edcadbe8cdbabe2,0
e7f9dafe2278cd5d43b6f49b9c0c62d45e160e7b,0
2abec2678331c6972b2cd7817532f1cfe9830e5b,1
5c31aa4a642eca6a3275fc8e9361d28c3af4774e,0
70191f0f7945e35f89d5f0ff2cce4beeeae6d3fd,0
65ebf2cbe46f9c9328ac96f16e7ce1297a4f756c,0
4fec7b8be71732ef571a39bed987b935bb088a5b,0
390aa7125269cde1062dfea9b515db8f63d10a2c,0
9fcdb588c3958c9468fe83dfe5e07a36aeaa9e7c,1
422d2e44cba5d256ea130b418f91c56c723c5788,0
a9a1ef40e6468a11abce920f720197b183b9834c,1
8b0318c9dded3ef6306d3ee5904721149b7981e1,0
d9ea80d10340a5911d5fbc1c6b75bd57edf5d976,0
f4fc386ef66d0f2b2fda3578cc83312b69804813,0
b0394d3c8748cb853ee135540cba2033c2a70f13,0
e09b25d9360a6ca00e564c219cf86c2bd3212dc0,0
322cc85a2c2d20acdebee2d38ef86449d1e7f522,0
b623db94829eda3afa2c244f1519bcc2d43852c2,0
f2528beee5e222f63bc85a4bd7884f558717cd11,1
7fb904ff9e0d5903fa91d967543aed54d97cfe36,0
21a8423514bcbcebd24e3d1c120da62683ad70f0,0
1e548e086a98e6256d831ea38b5ff97ea6f86b5b,0
154600145d66a99cbb9d94e945eef7412e9cb650,0
2c31f2d0e0d8fdfc869ceb32f7f27c667570c3e5,0
ea8ede041009d4a018657db339e68c6823a3c561,0
9e7c59dfd25b087cc56e13e406ab1124b0d28829,1
03aa0776df745abd944666731e8859ec5ed487ba,0
dc9e178ab56cffceb7b32f9a22c9a33653414773,0
fcefbaee83c962ba80405de992cc1fd4b37760ed,0
ccf2ce533b058296fd2a06e6f01526906d7a930a,0
aa988a92ce3317077abd4e8414ef501b382d7fc0,0
e758e087e96265e811baa405ed4695168580b201,0
21153c19abefb75bc5001c19bb8f34e5d6506454,0
2b77c1a63d00a4f78d5d3cf84e638c32afa22b8f,0
ba4593b0c82b15aacef78d4fcbbca0e7b7a5b151,0
0c7c9497b0ff755fc7da9e68a45b4c797302c18c,0
ddbdf4ef4cce89088a20045669f2781c2e88ccc9,1
3c55d10b17aa9ba49cbf95a1979f28609703966e,0
028463d3872212a4cfde4c1bb70f1058e96e639e,0
7d9af26d53c234a779e0126af6a892c05efe9f9d,0
b4cc94fbb0009b44d3f2b8e5fe67988afffc0a54,0
4a8bb5884168cb6c7d3bf7cd2efa5b0f7a74d763,0
881b1c08b49716caa84e20ef9a5b4c353e8aa1d8,0
9020f51418f59f8a19c143207b039b763c9b169c,0
0670d6ed35739bb0a3a445c5045842245b908ebc,0
d354c6f96f5edfb45926707020ce69d18325fbe6,0
79c4777389b173d15fad261ac5dbc98cf7618d8c,0
402339a7578090ef93399606e6966bd9025e5c09,0
b2c2cf3d42dd306c96b6b68283eeeadc1b3e5c22,0
3cc73baf806ea007dea3e66252dddf2d8350601d,1
4276e7b81c07472d2de77ecaa95d7fcfb9fcea4e,0
362f302b5fe9a63ab0f195b7d3d10e86369e5620,0
8e3c29f6aab376152160d7af30c8a839440767d7,0
9ff186bd4faaa784b0ba9bdd8980f9f9d41bd8f8,0
42a06c401c6d3304372ece00a8f697c27892856b,0
58b6aa8c53e30874bb3d83a913db4e4d19878228,0
ccfeaa8684aed0367fc86e4194b55a59a9e77de8,0
b4eba75157d30e86192af55697591e0f2f6ef354,1
63687e70f21639a9a3105a502b58846368733442,0
71312fea34bf16a26abd1f7838d6fc8ca43e687a,0
fd48c7cea91e4cc99e11c54206e0de227728eebe,0
17f61c874fba1688733d1fed69603cbbccb0fb5e,0
26e27bc0908432c5da9dadb0fffe04f59488a77a,0
adcf06dc5a0026bbdbd1c0cde0515e7133554a93,0
8cfa4882a175d3e1327098c898448a701fbb2375,0
84f4735ee1f002b5e21eef4c4dcb05c94ed2da5b,0
4ed92ebd457a4ba964585b8c669e436cc99c69de,0
c9ea60cd8101601390880990da449090875c480e,0
cced7c95fcef93a60f96d67fd5aa990e7f0681ce,0
f87e4af18d1c5670924140b1c02291382c10ec35,0
4fdb92efca70498df10db0a92ac4f4419978093f,0
6da2085bda5a47a585144448d0fa83853312810a,0
a0c7b5f046a9e3a6ce1d9a1a806bdcd9629c4289,0
c8742a898db78494c0da82dddbbc39f0fa92ad38,0
b8a168df404754ba324f743dd710e0f654aae201,0
2d34476e5cfa9d043e8be355ba0007aec842c85a,0
fa32d5d67aebc35b120356a003202ea32dd34755,0
41433a1386b0203d2c8dd2ccd1ad01503f78a755,0
f0ce97b3e41c3ddf6e31253cf3ac69e96dd9f65e,0
a0b82e0aad3ceeba9e77869337e4f76a0171618e,0
bd99b9adc1c94b787d110046e68d9df8b851530a,0
ba1efb71a4c736b30eabee639f3e9d8c17d0bb02,0
50c63317be1a98a8a543217ca38036c71e4ada01,0
77ceca23f1e9370daa9866f3cda5e5b758370623,0
7a560b28c8acde0f75cd274f6d9a50ab02b2ac26,1
a408bf65949670393896e202077bc70ee89c3956,0
78856d8417f9c63c2b6a5616f27df06b1e462ed9,0
382d41d7b5ebfa324e5e5fe08ad3709a2c0132a5,0
55a865b17bc1d1de321dd12605edc4ae8308d5b1,0
ecec1c4d8e7158a6f67c67a0db1e71fbb06e5eea,0
40f4e917f076147faf2492fd3cd837937476295c,0
680ce0b52f5124c652329525ed60087e83f22540,0
885806d5ab409034079fadd2107049fad17808e1,0
ab1ee1b68b15234b62a840c4b1f6d2485d771450,0
c6ad7fb90702a9103a3f565be0faac8ad5303b9f,0
bc9cfb6f0f630b705c8e9aa3ec79dd9c1c51f93b,0
ae4ea77b9f08e6d2282f1c373379b156cd184271,0
eeee7f99e7de28cbe224979c4a86e8ab27791c22,0
4c9b2228297650d9c7aeacbe31912ba241adfb38,0
c1e0ec2ef4af22f490391871fed4339530717f7d,0
e2701a5a1872adc57a2735d39ac9a0dca37f75e3,1
11dc48317f0a145a8f84c26f2780f6a8b823a829,0
6cac3185109abceed625add96c1c7e60ff562ea1,0
9e2f9e8f0062bce5a31988c8b01d638061b39dc1,0
53e90baa4554af27f9e00efdee86ef5efdd8f424,0
e4bc91c1bad25225cf335c1a8ecdf920f79a1f90,0
bedf8732cf2d09f4d5fd1360e2f23e7891af48aa,0
ca5047cdc0a682af5db270423cc8705f2820d91d,0
1137bb8a9c91cabdb65951c164819ea049ce845b,0
119ba35de96fbbe23876a8b9495292dc4c45dd84,0
55a0c64a1d75cab8930bcaad6fee3d62c10ac916,0
b90adfe4e662f5aa893a21349b7351f8a28c0fde,0
14d38ec8155c7bb2d95dfb053dbb1a90e498b78b,0
b82a76ee0406c1dce97070049eda90959b762de2,0
951d23701aa9a81a751a8fbf11948a17680db7e4,0
183aa006e80e5c5a4c8c215d104be39cd77f3336,0
b3f0f7aafe70e57108d731fd5f23d4c3f214b914,0
ed0f6040cac77d95fd06518d5b5f98ecacbbeb99,0
aa7ab2b48bd2a163b102b7c39d9032021c575841,0
04955ba87e328cd639d7248bf8d72b413613679c,0
1c1023192b9c4110ecdb6e05e2ee97e7cc583d3f,0
211cacdcde78f77beb18fe3dc751545c464a7474,0
6be034a93ed1b3f8c6ac1638eafa3ff154bfc1f3,0
0e45eb1464b559efa755ebefd01edbcc5ec39b92,0
0c7dde68d41b02f7a121c16349e4c3714fe3b5a7,0
98c7d89844d75135e35be98ae28e31ccce78a3aa,0
c67f2e1908dfb0c2b978362926359d43f26281e8,0
4de27c34ddc68b27d30c7ffabf248ff07c898870,0
65ff8044c2730ba23d373d8b5b978079b7f08968,0
6ba17fe1b8c84b954a3d19f126618e6c549c6d45,0
2c3ce2826244217eeaea4ccf4539d3ab104f725f,0
ab25ca771e463eb6fb0bac8b1866ae670e8e92c0,0
f863635731ad0a43e4fa62030bc9c745849fb6bb,0
e74f18036edac56b093edeb0a9715c8399197b5d,0
dbb4fe76bfb52518173c4c24e045ead9be1749ab,0
176957dc93615f8d0760b354f149af4d8944ad9d,0
e1232cdff4ed4dc5157aa0ce03ad5c6d941cf7e2,0
f389b9103dfba331ef126c2a5b9fcfef636a3398,0
914185bab8af0db467219526b7f04f9c8934bae0,0
b8e9258ae55a83f35f90f6a333dd167dee014675,0
81a9aa634ad54c424c958595e73151395fe34ab7,0
774607a6dc2a17869c9d96577fc45feead9be394,0
715eeae35c5e70695580a959b54d0e08f6a54a8c,0
031beb1467137e9ded0980767e51cea8c7cdfb69,0
b0abc067a8a5110211c4aaccc360f5087a78d3d5,0
554058f5dca897586217fd9bc30fa9ff266a6584,0
e0c569d56d9e9404635b415688ec34fcf92798e7,0
f19882640438eea87c8ac66724c1acc1e1459d3b,0
5d758fa487d0eeea19fec8209a72dd2744207e3b,0
b72d9cb7c21bcfe225b360f07268e96f5e42fd06,0
1f5240e5f0a7c18e93dc68ee53c4a4ff9b6dfd69,0
28692752c2a23fb3afa855ee22a26877ddc8bc06,0
5912d28fa0116ed7a284b6f550630a0ac054e33a,0
33b47aa139c7a1a7bca6d56d37acaa3ed963eb35,0
c45a7d3ac48e5e10551b9c98a73b6cd8e1a06958,0
d915d755d1befffaac3a54ed667c05d6b6b74554,0
fdb6743af113595cde1a722305ca571f27d03d41,0
531b5dcb45b80f1d72a305603e32105962b14ce7,0
2dfd03934382a9dba4c39dd248b8b6adbeb181e5,0
9b5a2e0a60ed9ba66770fee64cc7bd25e20e2c02,0
3340c3582a5d28eb0bc02354c4860d594bd18ce1,1
f2e7938365b6256e6f1a323602aa63d5df346ab1,0
03fd13821d6f12e60af9de8959584975376c6b36,0
332615685c04e908fd8d752a2af4a8ee8287564c,0
a3a31a19b6478800a0a71273012492385f6ab4ce,0
08f16c137ec17058350c03fa7eb9068377644c6a,0
9c9a659e747a47986a2f310e773b253f662dc234,0
bf0954c903829730f833c62307e3e8558c93243b,0
6d151e706834e7b1ba831e9d3607156996f694ca,0
98a56ae2c54c1baee770cd0eae53c75c3709f2cb,0
abbaedb43f52aeb6ca5b494e8ec10d60e430f517,0
5204f7209c905c3ba2f11c531f30ebebe691975b,0
a5aba02f5ff8a1b53147488324bdb11c2dad561f,0
53f8961cd945276b532775532c7cbe075c668daa,0
07639a36fa0cec75b4d513b27bbefbedb9fc46d1,0
6a8b650cbf4b813ecc644cd90cdec2e1ec902642,0
ace1dc41eb128bc0de794b376f446d276f80ef72,0
fc393f7bdf6c971cb0dcd977d3015ad5ce524149,0
28e7813133a8de8ded191fb6e010123a8e087cd9,1
01a0540a78f58f4d69cbf01adfc387874bad0706,0
f5b26b6aa2b1ab2cb3e7587d0940991b577e1511,0
982ece6cf0e165bab50586020cf845d20e0a68f0,0
026d5047d108ddd36bd807a3c119dd5057814161,0
a078eee32106eb0c24527b7dcd4b045bd8e6cc0a,0
8c9b7a34de76e2412734cb49f6d48887877a46e2,0
717ff5c9380bafc945340c4ff46ef8b5129e0359,0
0951540e669bc5b0f332bd821a269d409c9fa6bb,0
16b3e3e100c00cc3a5eea20d2bd2aecfad55754f,0
211bbdffa3b35dd49d1b85ba4a86faf4dbd5ba44,0
88822456dd707763d6cc41ee4efdaf5f8bf44d60,0
0dedfd955d332edb9c265f45e9819461bcdd0979,0
19478daf74e7a8a33c8705dc742cbc86a27ea91d,0
1a3a1b306faec5e317c8be2ebb9e54244f6ab57d,0
114830d0f1c0ae96b9b546849e2766694fd3e1e4,0
e21c0af594f1d4ac7a1e1946e555bb829ae00a0c,0
dd86760dce1d09cf7b223db77d9470326b566366,0
e0310e15c4cc157e944d047fea9aede327ab594d,0
17a88b3a7558387d75d27e22771993a45969944f,0
b29483fc494c5b5cbf2c347685af6ab9a233e43f,0
7f7bc85528d7ec75b5c5c49b0bb3f83dc99653d9,0
aead18acdf24c7619bd2b63a39603b20ccbafba9,0
48f86f12fbb2f46d359a03439919dc8e1a5bdd48,0
4541fb80e0558682793a5bd2372a74984d62745f,0
7ab7ec58f461db059529715392dce4f7ef3bdf93,0
36dfa194e6155bbaf8d468403cc3982aceeda3b1,0
76c125c3b74a390a39cdcd6666cf7e9cea0e5c1d,0
09f58fbc8956b05aec9cdc7ce9d153639917f24d,0
53db3193cd593e83621da7204477baa9df1f1c57,0
0cc4b1777cf14855de2591840ca430e26977bac4,0
7ca079808e0c54202e7be3192a07b51e8dbbdf22,0
4889e27ae37895a859542def1fd5e3f134058017,0
a2dce9c960f04e62f77e4d086181f557aa72b244,0
915f6d74a91adff2378765df55c0a1cc70dc7d34,0
555b2b5788eb8d7a131cb6d02bdf10f4da6355b2,0
f3d0617d2728eeba5a3c6f0d1d8d201168f560d2,0
2cb3bbda5a0c09bdb4da5533df4ef7061c1c8125,0
79a585cc2945f4f26f0a2d02bd66f58c2182d369,0
0f2c16e35f19c1de7a1170cef3451bdc1beca3c9,0
bdfc28e7a94d5a4d59529cc40eaa5144c6552d6c,0
d9fba481f362f19f3ed0dc0f6e47429ad54fae32,0
e3d6c6aa2523c054059c1b6b85c6a2538fd7da55,0
b69a53a56757ef6906a342eb0dfe30cd6400343d,0
313cbbd55988beb27fad47d9b1752b5e06f8f219,0
ec43b73f7acb4e604fca09cc44afe47df95f74cf,0
536ede39c1bd58ae4aa6138103746b94164287ee,1
d2c0d2a2327e9ddf887b119fadbe5a5366f67e36,0
fefb442fc8beef6b044768ae4d110b4393521c61,0
2b902e59d4da26e4457677cd1b37ce63830a3723,0
288e3d9372af54555a152b8dd827ca211015d1d8,0
b66d41a25fe44847c828bfb188d60cba98117568,0
f5f37900851ae38581ff662d6e81abee8d90b607,0
62ab45e8c3c8645b67203ff8aa0422776729b5ec,0
17c13858e25be3b6a99d8929edb9e1654470af0b,0
11cb9ca9e8b803d856eabced443e540949191801,0
e4bded91eef4c3b7065d608a70e7a361c36ccb32,0
aea9bad021fac529613f91c264b1ee8787967331,0
e19147ef8831e207b08922221db365b4ccbcc917,0
041144553f501011181ae580ee6e18832908ab79,0
0df1a7fb92476fd053ddb7d8274faad98317813a,0
618ef8f477e2e5f5d85e129133613bfe82423b0c,0
e4d7385bd0b62499955ce3709655f43e95b2fb9d,0
188e25d4796370edbf3d07501f4a9676cfa2a5ca,0
30773983a39fc48638af556d4edf492642468f28,0
07cf4e960d36aa15688e6a7989351b294ef749fa,0
fbefe56c0a41a1742872c9d0f624e5c32710ab4e,0
03d62b63f1d8c6551d59893fd3f5dc1add6d3132,0
63c51caac73a4e9059750c3146e3b028e44d1bb4,0
007d6b8423333630213d3ed1d2813ed22b59473d,0
2b8eba2c2851b1c62519daa8dab8d4c35845918d,0
7fd22ec3420a9d79b6b7dcf9af3ca1d9b0b16478,0
0ce2d936f62bcc4da337b14b350a5f6576c3cc5a,0
68b21905460d434394447ab9717fac358f35a5fc,0
4008ff9e49715f77cd6ac956b358160b7e416e69,1
b4c96fa867b4843a0874ea95ce0bb7c879bb5ee5,0
3976e6d39ec139267175324f6ebbabb9b2ecb619,0
9bdd4a43f82ea8a1c373af65bd4f7b1906ca0103,0
5536cf67cf7ae3b72d02f6c398f52a47c9578c0b,0
9efad96e5d9f9b9e02ef0bbd107ecdb0d07299d7,0
85315cdf2f8a97083e891c026876223dd2d301d2,0
c683f14ef654ac62480d6f5bce9609106e09d5e2,0
e04ddcf7426d617036064e9b99d824eb4201d470,0
fcc8b547d6bf219f24e1f2eeccdc28134c86e037,0
3f41cf1609fae7c8848beb0655bcf67132c7a277,1
f424976a31abcc77c7bd1ce558437e04c7fe68f5,0
db51d1541391a90ca22a41a062a192bc66a308d6,0
d7b0b793a919c9f58eeaac692194cb62a71b8e18,0
9a2c8207033ef96ba390009ac971a0c0bbc797f7,1
1ade8d502aacc1ab023cd01e751ace895cd753a1,0
5cd45cca92b4ba31d55f2e5d28aacf2a5d3fca22,0
0a7bbe29d8ecc70ecb84c7f515ffc2e9394b0a75,0
622088ba07b5b9452b73e2b2867549540e431732,0
778eb5418ac6627e67ffd69252d45f8f9fb2284a,1
5819f2dbf638dd4befb1803e0e99dfe48a84f73d,0
9f7dffd9b9addc7999a01ba4378ea347bf6718f1,0
8f868d0c53820812f0298e53ee60c0cdddfbf8b2,0
7c622a0022c15d145decebe7bb9a6c8055b4557c,0
2f9ca58ac65ea06372460d65ff3b14af77c53294,0
f282e951f122c9d4a8d65d92cab1949a98da786c,0
327a79555e547e7c00070337d69daa74d1f75417,0
ade211e45062595351caa3ec3d53c594095a3e69,0
12359b373d93cbb3cee653447115cd766f0425ba,0
c5eeceac028ebb4332792f96221058097179d0ca,0
5dae4d949e1ce53048fdb817ce6e2a76cb3a25ee,1
4f7912d16b286daf1e0db27ad23c6b693a2db72f,0
b0083b6f74be80bcf7b8bba77ad1dc56688a152f,1
e23e8e1df17a81b42073334a80fb896c67704522,1
759b3707f3f4a1e5eedbce479dccb0ec70237656,0
cb9652658d8eb619cc021356eec087c9b169b16e,0
d66b439c93f7d370d42b21b0d9b86446919880a8,1
7bf19f98e6debf76ace944034f7e5d376d4870fd,1
90caed967e6d24a4acd8a9f0739b75f6bb2e7b37,1
453c56cff0dbbc0ecefaa7f20b8df6d11d6d12ec,1
65d05e0fd832de4fd148ad4668c3a4d110488cb8,0
67c60388b44697df1d86bff42ddfc314d75e86bf,0
c3c58f29b440392739dcce3c385048649ae735b1,0
f0ee4661a5e66274eb513902639f0a16edec1b0a,1
ab27defc0f3a3ac9b797c23bdc32f35052492b1d,1
25f149ae9564876c5459dcbb80feb1467a063ab9,0
4bbc660332f3e751ff7e68bdb2756e9d964f4858,0
c4b947d96eb273089b6753534f673640efa77703,0
bc1c22bcb690e9a906abc6a42fa258b39edd9449,0
29220884e616c750cf8bed06ad939d1c366b8c94,0
0c7461b7752cb6840cc5997d54e2ce6930bc1702,0
3fa9adaf4008fc100f2609cea3d6ae56702c4dca,0
fe56886f6d4c6f872caa23faa4b94e34b0b221a1,0
1fc451c79779bdbf788e8bfbec6dc031a47495d8,0
caa142d0399f10ce3ec6fb843e679e2d8c07c43f,0
61dcb07513fbb32c90e5ae90fa376bdf7705e2db,0
403a784b81c5fb845aef1b34aefd56d0d3056964,0
10d8fc1dad1191f593c79cf6dad79af5cabe3ccf,0
2697108cc9f1c7b089053143097c9f8843185462,0
45acec70544cd2d88feb901070f160ca25349196,0
fb78cbb077f6b0b6405ab0c7d74c7c3cce29bf9b,0
1e2151c26bccea33125da79e7c616c2c55edc855,0
058b9726a927501f069f2ce0699dda7ab87ddead,0
d1ae609f70e7c16923049db2ae083cb18a831cd9,0
6072119cc9865476998a2d804fc91b202532772e,0
6489f3f057c0faff69293a1d6f7b819dbed48b9f,0
62de966b9dc6370a546a585ce97f69e88435dd4d,0
18f025eb95212210772fddd50b2f90d73c2804ee,0
69a1558e179b0ef2bf6a3c3010db913fb97180ea,0
61516e8641ab31d75ae2bf0d71e9d90a5a4b2ccb,1
1471bc37d5db8921ba044cc150d49a05890b50e6,0
89de3df8f686c073d3ed60906b0f7f6483386c86,0
00530c91c80b6b926beb5b6f9c11127403407543,0
fd045494ccfa0f65cc725d2628b729d461f31987,0
12cd9940f64a10950c25ef608808d21f2a00315b,0
642477acc96b92a5eb594037c1a01cc5df03193e,0
86beeafa9acb781ddd7cfd82c60f9bcb94743264,0
0980312c6c4a3c29b5612e68c85d5d8056925974,0
e84f6f467fdf5a29bbbc14543d4da92deb5dc39a,0
60cd70bcee64829c4756e0e7403f43fb385f99e6,0
a68102b3a67cab09f0898ee05cc7547e12061b82,0
cdf3dd2d31f2f0b8f9c61b4c88039bf3c43e38df,0
256e0904cb8ab08dab368b140d3306158b922115,0
56219f1c3da9fb118c5e7a02525da397ee4f0f88,0
9869cfec93717e4a74433b5b954903a87e6e0868,0
28cb227f3b335fd11422e0579ed715624f6ed670,0
229ed00b517f1cc0e1262c6903d9e4e3f22d7896,0
805103c2fd53bf2a82575699da9b4f38a59c17fe,0
84e1e79f3837fd112ae33ce03102abfe55ceedd4,0
c988178349de55d0d56b7e11724f677635744b1e,0
75cba401aebe256ccea215674cfe403bbe4a1a75,0
facbc3a39c5eb2ce190c1ec597015da47c51b2c8,0
7e8c20bd1b0593c3496a168be573aed40609a433,0
23f2aa4fb66aa5b026184ed17b6ad070da183794,0
9999937922dc0ebe50f913fbbfb147a19eb8c0f3,0
e071e546724d94e8d57eb075e516f9582c9ae9a8,0
edfedb2dd623524d638f7c6125fb46b12f39c7cf,0
f3db0de1fe8c429bd3c869108074fed4bdf25b3a,0
2c6ada168a47f8dcbc27413123909f6b16b8940b,0
a43e6ac230f2c292430f0534cadcd24cdd591c3c,0
dd13c783c9270e9ed2020b7d66c95c3fe47f36c0,0
f375d169f8e030169d63d9da00bb14ae2da2ac34,0
ae8c27e288d50fb77ccf80c680c09b397e3bd91c,0
ec23a68495a96f5a65e4613545ecee6fd8e37fcf,0
02b497f0238f3d4a6c07df0d9d073f3aa2236bbe,0
197f9e393760d2add973a2bb492481eb00ec3de6,0
551472689cf9570dfe88cecc4e52498db17d59b6,0
4ab36805ca596b475a8902fd9432bac98c489ff0,0
9d520b567e1bf92a18ab6aa2aa8a7da83a6c39bd,0
b4b25595b7f96cbb03a33551c9322a3ad04daaf5,0
bf90a4cf330a92b28fd4ad4861290785fc326273,0
f927520349a85c5125f97f16da11aebcf4d65087,0
3aa6ed130c26b8a98224a7208c183e75940f86c3,0
2bc3cde083586955a836017aa803a17e5341fb81,0
bdf8e5c049a7f6bbe706c6d35bff55a79bba1e65,0
1d8ec5a48180fbbcf245110eaeb7841f6e305242,0
d44dc8b805a7b8a99b264c5bd3f7acf8371247ef,0
d48d89ffb8786a4d16044e76ee869f322537a163,0
0a2240910cd17193faa6beec3b97275e65163ba7,0
b5657da870ca0947c7de4bf94b4b2cc5e23b3698,0
e645c995c06801ddbcfcf48fdfca4e563ab033b9,0
b453bb690b789e391a5b385578402c31a5faf4d8,0
21015931d11bae2a37e390ff70ae55606a692ac1,0
034c04194dba4a3d8b7282940f3f99ade6bf9a95,0
d572830b67ff6c90825e2c0e7ae3c67fe8ba02f4,0
254601a6320b746a64393019702792d1f2300b10,0
e3fbc934e953e0858357f1e6a2a81526682b167d,0
e768b77a9aa667a0caa7543d4189a73bf3013a7a,0
7ab25308ff3885e0df16b585deebd7922f74bde1,0
2a3b2be64626dbfa0b72277ebe0f08482ed54cb8,0
934cd1c4bac88acf1450805d3d3870a36dbd1592,0
0c1ee1f6ba4c660e8db076cc02b5275f449005cd,0
5c1963e4006487001ac610408155ef64556baf61,0
21e25dbb916c70d699b25c2a2ee29074eb9dfdf7,0
35cbae7087f2fef6dcf38c3d4fcac0b4d62cb1eb,0
3b33188d49a03025f5823c56bff684d601b87714,0
7f938f77abc4cc5262a54892042d67c6da1f5c4d,0
b996a740cd2e362631b66a0cda2788bc7da0204c,0
d08714ef083a8b557b24d26161760fb0001f988d,0
107a5a97a9662f747031e2346fc40e626f06dfd5,0
d67766da7b3ab470013cd32e91d18d9074171e07,0
919d3ec4adbaf64cb6b7e9f40f82432b2159d510,0
770daa97631c64a4f00b2dc10f8528280528f742,0
acadfd93f363df5e6c688ea443e7f797b7e47d4b,0
bc0ad1e410c2bb275d16067620edc714e3338dc6,0
3044c24009ed733df16e5a2a0e554edfaf5cbde3,0
f51e1e7d0873153e1d079e0a3b01d7410f3f4274,0
486aa04647bb4f652015f3ea02c82b79c80a3de5,0
048bd1a07b7de79b8fa1d4c4911a45acd888141f,0
8efdc08aa5e29a460ae551e7514bff159c4b7ab1,0
a1cd9a63a824f7d32c115e87e539c95cec236d20,0
a50a63a53398cc66e70b7a87da594fa97d2110f8,0
7211918f48e27560e523727beff689ff8545ecd2,0
6f73fb162af41879fa801d86ae2772a9ac14121c,0
7bdef20a1857eab3663dce204b683cee57bfe7bc,0
6db3ec307d73d1f80391e593789d2175b668d761,0
dace53f5b2dc2791fc6a0c6981fe2756be405cec,0
22b44be41eac36bf92b348776b148751be2afb1f,0
300d24e65b215b1e8278286bc8b1d7a0a9a871d6,0
b472b1742ad55d0cdef007f10f6062990300eaf8,0
0c6a06c60da34a5d3beb31d59e662ab75493868c,0
03af5cc99956ac0b60ba64bfccc0389587b584ff,0
800bfcaa98b883574e3f34f0100d55543d2826a8,0
c80a3640a69c9f2bf3345236e132143a0299878d,0
45c71b732ee51851882898bfa331d0563b7291d6,0
35ad42782697eeacc028cda855c3898d42a9ffc7,0
096c0ccad7baabead73dd53d78a22c29cb78ae67,0
2e94c832384093901692765f901f510115bfed79,0
b94d06cadfb8795cf19315158624f792ee666510,0
02de722f2010af90795b265e4238feb77f0f0eab,0
3400e5ef1c02763ce22c542aa5ec3f9e3ea04067,0
d911dd89a5b16ca8c16432fc60fcbc8e9ab2aa08,0
d905bc98e372c13c1c43ccc60bfa688bf7531e07,0
21d7caa09a2f0e4565670204e20301f9f8d71ed2,0
c2809b4b7ebbf2153114f0803d6b12e7f35cf5fd,0
eafc2b9db93198b247c9481f9934226c11a12fb9,1
29524ee6b16bde662d61c69635760f574f12c1b7,1
26951aa855bdd1927609a2dc72900a0adac08c6f,0
0c0c69288e84e858a34a0db2c1c385a35235f437,0
5214caa011c0a976475f1f5ed2fbe4aa54c08589,0
b263fbfc808f7aab183890aea682557720a1ec86,0
c74687e6ceef93101371c3ad066c542723087f4f,0
2ba6771d5958050e5fee61bf02b9eba9fc816152,0
446dbef41a70e70e6c5993ff314c2a27e27fdc3e,0
9d1cc884ad052083fb72b4107a62b0cbe3c2a027,0
dbe80e777ef25eca49e1c105409f84d7b30fde0c,0
8317dc1a2924cfdaac6171418feffa7d15dfa311,0
b78eee3fa7d099f55f16378237a0fce415df89a1,0
0e89d693201ad7590622c9380570efeb4d759226,0
45041961f9015e8c89873deef96c5bdfeea19e6b,0
dfff43abfeb97d5b34f6c7a3e779f1ba804b6631,0
92fab79e30573bd8fbe3aad4a37ae3c6e6c38871,0
e3b7364d4d48f71f2583f2215da3bde8d890b359,0
9272992fc5edfae9ef806e5dd5ff926cded07cfe,0
1c7dec13b004f8c248ffb9203265f0d67bfe04ae,0
e04a7e54a68bb76a7bf5c00c5c6f1efc83680e9c,0
6677acc3d03e2b68c6f0298285d35443c4ee0e3a,0
161677911f5ab798708503eb13859e8403281c7f,1
8913cb4ed2606ff4be6e6e3d046ef3d4cfe69c17,0
d202ba3b9b4a294499231446b7abe351ede0f997,0
43f0bf573406415b578aae341b08af949ea031ce,0
6e2c9e115d9a3f37f47fc4162c20aa4e70f23e7b,0
0bc53db8bdba6c605fec29fd2c55ad847e14b2a2,0
e61df2e5aa43764f58d3ced90e2de361d25b55af,0
c714697cb1a79c30ec4a30adc14d8efbdd9933c7,0
54f7ca3483251eab0621f75a3373231129753767,0
377691c6a2c8e7f4798584d1bd4f2c8749f2fc11,0
5ecb2b8549ea8677d450d16d387ec9f4cbcbbc1a,0
c35dcd2b488f4d2368d8db6d0f92c27b03794cc8,0
cc17109d2cce8ca52f484dde84c38f8ae51a2f63,0
40dee74b30d97410fa0e31b08d484be489afa510,0
feb22812e14df3863e7b8d3156def7e0379abc01,0
e3dc1e1174dab6831e4d102d987ad890260a520a,0
ae537ccef18ed5d78c89a750f99258e87d409948,0
fee232d8cd73010fdcfee15ef1d3cb54a716a437,0
ddc7143ed89a6c92bbafb89bbe8e1fc4937a878c,0
b7d0dab28185046ffc64b8f36d231a2274b839c6,0
cec801e6b0050ab4d8d94872b92473b1a4cf0f2d,0
0a237478da02b65a7337bb3a567dd1a4be1aae11,0
6d3f3a2585d08117a73617aebeceb0ccd7e4c897,0
a72621c3791a66090274bf5ae42e92114babb872,0
bd0a96e8f61c3a5209e60efe2d60962b98735300,0
437ae4586cadb054e2a7a078578a4213dd45d47e,0
07e106fcd227cb0d5bbac3d18dc7f2ebd3906607,0
53f15e128a1b5fd872c68c922ec8aab1b1a8c578,0
d85ae3aaaac18a8f672bab6c1b1acdc3f24ba0a4,0
0224a5efcca8f29db7faa71cef90ea5ed543ae46,0
87c482725e50eadf01d7312c8eac1be2e7d50ce9,0
567b8e5a9b1ee42e2709ba7d32d452a712564101,1
a5faa6d74944aaa8afd245190fa9b8aede6248b1,0
591a2ecaf3fd08b8f77d2f1e2e15f2258b583fae,0
925e8044356673d0bd6bd5caa8cfabe37c7c1337,0
d61d1cf0652ef679bf18e3668ebe99a17a0d0f85,0
5a9c79f6d7f0c2849320d573fc1f92fd89c570b8,0
b90ffb4daae5a1767fc6dc987468d300e5a4bcde,0
5710914d10aa125e6b2d611cc113b04b7fc4ffbd,0
16e78c484c6357d288b8f23bad9b038e549cef68,0
c6c8ae7a68c4c45f25d1fb11ad62171fffedeb6a,0
ce66f92033c01bcbb8ea2b22f59e1e9a5961e8c7,0
479b5d3fbb28f30801807bf3afc29b195e0366dc,0
de74d1f1c4c7264e3e90f916aec20ce9daaf3259,0
47f0483e8f304e239594693b914a0f9210519d3c,0
d5895b2cab82364e0c328f86d224090b94ab102a,0
ce40a691aaebafff68e360666623f4c59a00980c,0
1573a121c4fa7b39f4f49691cc5fde3cccf4c7a1,0
5d72a46abc9bfc8f8ed146b5f598106802761e21,0
c4d54bc44dd45c38bc44858f54a7e9de8ae2c39b,0
acf70b38d27bf6063d76cd9897beafef8040ff02,0
1440a376ccd084fa50c7e6f7adf251bb0d489512,0
608a7d6373e320789aaf7f1b9f91a5cf8af81998,1
0626e9bc6b700b22a8e30066b9998b2d457be213,0
dc63b69522a9be2402ed8a5828528c76de457cd7,0
72d3af6cc1361e6e7df03db9f243a7681db8b432,0
5a1ea2c961fb856ad70707cf0cadca9a023d6a83,0
2d76aa8e140c5c5eba12a7513aad7340ec84bf13,0
10920798d1133fd5a4f89061b679c2eaa6de09cb,0
94a565c045b28e66d8477656f82b55221eb96590,0
4c24017327dedd6744b308a6ccf6c5903e7dda99,0
6a96813972c7b2571e58ef0fb55d65ef44234f5c,0
62f4f7b1d74ff7fd0ff34f785efd12fe6ec1b339,0
eb301764b1eda54111f8c92623e4852c084d3888,0
a7c97274a35913bae9b3856e301c8dcf16acc36f,0
a9ec5099cfd269c8530ebbb641d7e3d20eae147c,0
a0425fd1a551c5d591ef8a6135090fff25cef5fd,0
8c8783500792d097e792eb4f4028a6e2830db48d,0
d15181b53b64a6ea6a305c3be566a2a29d9321cd,0
8ffb4fb5e09446845f520fa8e759e9b8566d633e,0
36e7620574736400941c5154bf663b198abafa7c,0
af1ad3d72b2b07728b8060153525e8461b17ce6f,0
2ce6791741d501bb2e332f6c23ed319d9cf69368,0
f064740ea0c851111e70cd34568e7217fb91a85d,0
c18d0eb1bafcea2a5c6d990e992664f4d9a9c707,0
0aaff726fd6718afb4cb84accabc64c28fd14adf,0
0940129627c3cfd1d7f913905f555c5dc675ad6c,0
be70512187f99ba7d8478540430a951be32f5b52,0
c48d20afe7706602bb499aefff82fa975bdcb6c9,0
d62245d9ccd1c5bbf387476ad52529e03982af9d,0
e1320c7239b2de97364af55505220ad63286add1,0
ec31d79aa96ccd5c9eb193d69b79fbc99c9ec31a,0
ec54f9b458f6d3bce2cddf17a12d288032e14fde,0
ba5337459a9580cb386568ce835a5e31c8fb7a06,0
f0197631c487c50fb13447ae7ac27eb20bea9143,0
fd0e5daf916d6c85e7cee9057b7c0b0bcdaed9b0,0
b78ce5f37aa9f6cdecbb05b35997bcd851452396,0
01de2b929c7827377a0d4553e02565a0e61af881,0
9e93ba2e34c466c46b2c3690667c3ed897355851,0
af53c8ff21d48214c97c2e8f50b6c3ffd029cb84,0
aa955dc5f3b26a27114b66468c8d4f5c0a5fcc07,0
bde2e23dfe41795425ccd19bd05560ef76cc388f,0
de849decd9f293f5ab5699bb032db49ffe0214ea,0
82e2d03e6524ee159b69f7ea760b575e4db0a170,0
6143f579461684e1f38f64b9fea916bcd9f9e6f2,0
a4a1ac36030d983f232d05e84c04241f2d7923bb,0
dc8e8b1dda7d7ffe01b4a9038cd652440dd20482,0
f3e4dc885ffe9e6be4ae63fb35222b7b7076fae4,0
251586bfa717e75509a16efa025ef5b88df166e7,0
f7e7db3dcf8d195a225507c841e14821f0d45731,0
279577d8501737836ad0241a63755576f6dbc432,0
24c5321fdb1a2e34003193fceb42962d1f293619,0
a7cf7c0c5a040cf7a986831f62a26fe12dbc07f6,0
9a84fa06926edff9ecec6529f83a294380b69467,0
2576c599bbcfc77272cd138fab749df9218ba622,0
9f18303420ae4cd2173d41ff47161ddf4ca167d8,0
d6c05294a2b36a1290a8ca65b8ecdbf0261a8bc8,0
48298494ef82deed8e3002ac6696349b146bd77a,0
c523ebc79247b15dc1b420b03dd3e0766fbf57c5,0
4127b17ff7577d6ad6aa9fc9ae2f67e6c15b357a,0
7530ab001fc2f89d3769bc8d8a0d73248e839577,0
c06e641cb04a4fd62234b9381a4c5e2ecd10630e,0
9885b91b3d8e6eb158fdfc72f7b653a65e5b2885,0
73b308001971f5706b8fdc83194959814a2f795e,0
3e02155fd255d2840892c3e632ad592cfeceb833,0
4d83164dce419ee6afc25d9b9f4252bf88bfdb57,0
ed4889329f9708d52c6d9f96331eb2d415ee4d09,0
e24aa373474caa6ea6da7c542cc2575138960fd0,0
2f30607e7cba172292d5811d638aa127139296dd,0
7656a09e8587355ee142e730f5df99ce72b382e5,1
619fbc2d06101090a7b2ddce227cc379a50003fe,0
48b8666dde21d4087407d5b0eac686c799ca0e09,0
41c68e9ef470696009d72133c7f05a20e2728e34,0
2a8fd84f1f380fc472ecf415b771cb5fd789719b,0
75152a3d986664601f0b50ac3ac76deee0d80190,0
57381cea8e6287999e996da37f41f20f1d2c220a,0
921a97182e6df7b8ee31d142a83f056811cf66c2,1
1a0de7f5b83a7256b86a8ff5ee314b5a8d20f9d8,0
22b7bd4c39c430ce517a614faf0075008d1c31d9,1
9e2945f38c86df86743b20f1184a576ec2a02e4e,0
30f915ae2df088dec3caf4045a935794edf53e03,0
69e1615c4e56ec6fc8d1a702576240a2885d7765,0
1ed04596253bd33566923b1678599209c8794932,0
0c4dca4e4edc3864b24d8badafddee51d824473c,0
ec9cafdf2ba1872becdd7d1e1870d40e67a83d27,0
f96c605bcd45b3df0d6d78c7fbef5bf0f8a5c0d3,0
1277e6d81f152206394b9f3f3d23034ea6e0f1f5,0
9cde66d2bba936d26490f157db97f423c5a8b5fa,0
0be65c011da5c0f2de823ea0d253ca8743689d94,0
11c34fc46b20124f2f23d2503002a6bb3d434a45,0
72c8759a22c6552a2dfcdf61b29729f981752879,0
84e270e7028695df4bf4725ad4c9997d1a3a0669,0
70e7d72322c4888627722baca43d672884d4a532,0
b9cab09755ac97eee175e7a471e5e18151703b53,0
546f871580254d4105ad9612398977ba28fd4184,0
1e81451ba622dc1ec8152f457c9c3e798766ee6b,1
b1561e93f4b53cacc2fee7c48750c8882f0b6b93,0
d9ee65ed9be0e537e61324322ad8e1ee522ae064,1
82eb1a806285946017580d7923334268254b5a6e,1
22a832de477ca450958bfaffcf44c3e7ebe9e6c9,1
f1994bd1aebbd9fe53917c67b3b89b6725fec385,1
c1f8d1fb80fc408af8788a99a5e48f59caa6ed24,1
49e0d8b05af2fc585b75611ece80cc786f3afbfb,1
3b0e93adc531b0fbdb6431868ba3e7ab9e609ba9,1
c84250ad41a943c2d998f0f774d6044a4a1e1b45,1
cf4568ec581870e36870c41d7254e90b0260cbfb,0
77dd3dc8a870962e167407838acf3469507151aa,0
6b4c201217c389406dfb7f0458ae7dc257f78c99,0
f90324f509ca16e50aabd416be4623c835ba9c1c,0
945ae4b18df50223eba626ca7e52b0a85af9bf8c,0
30bcd86e5338d3bbd721ca9a126b62c0e853b092,0
e6db01011c62b10f396ec0dc1c40a04be08cb630,0
7b24a092313dde807e65832c5008813e31956103,0
f8c987f27a0d8ffc13f2eb480f84b76a19fe7635,1
eb237a9d303c4c551345e7ad7795725676a7dfdc,0
00f3126a0c16f413d86132924314cf55c1e3e9e6,0
7d91ab773cbf5b20f1ca9da78510481851d5c00a,1
82a0383e1abe57eb0c21b153ca298aa5754612a7,0
9403b8f94114b1bdbe1255fa5cce1bf9aade8c89,0
a7cef1ba34b4becf101537c7ba7e614ad25b8750,0
20560e4405934e2c4de3ddfa012f94571b8ae24a,0
94355a46deddef5465dad1938c630888eab20895,0
0770e568eb84e9f5f7ed0847ad2ef0193f665819,0
289a091e100aba125b0dc28e7591f8de023c803f,0
dc4eb55574e5447fdc08057aa2892c9d509a04e5,0
d6f305d2efd7560634217a25f3bbee59299844dd,1
ffad0e429003925e6e4427eb996e83a657c1d1d5,0
fbdf624565c02a0a3266c6b29cdba53c2408c890,0
a543d02c1654f607c2b22ec4d965f015ec784df1,0
395b4d902fe83f39581198ebf276079b07bdd442,0
2af0444758f487699201a2b0e451e83837a5daac,0
a544e36f3f938f3be26fe573655c4e9aed89cb98,0
758111e834d688dcb18198b2ee2c5a72a955384e,0
56730f9160d3917e180dcbdc2cf133e7a5da0b7f,1
9ac451e968c2e582716af59c3c1a06208a9b213a,0
07b5e3001ef13d4eefac863cf6802ab832e73bea,0
0309db6bdcc133c4f6ad871c28fbe468df8f6c55,1
5e4cef4b366ba808e9ce260278a701d2aea01e84,0
7b6040c1dd076d8e38349d691ed56f9c6e526771,0
effccf34b070dafe36e05a181d90d1969443fc0c,1
cffa33ee9cc4a86c4e252016e765f78e64d5067c,0
1221af62021d2be25cd161dd8678368b6d785a72,0
b0117669677f27a448c8fcafcd1430e2e0a5c3db,0
c86b5e26e0b9195f4928741b5b7dcd3d857f4de5,0
e7b46fdf5fc20526e0058946f5d47c0e4c3809ee,1
e810384bf01c1ea545757b06af73a4bb2b2401ab,1
872aeff2e5bf911d96ce916234dc50de83abe2e7,0
9dd1961d326bd9f9223093283eb1fa51b1bcdbe2,0
4cc8b66909d3f530f8509785dfb958d71526f3f0,0
2e022c26f86f1ffdc0c6432874dd804b7a2ab4f2,0
6097e2e2f058059da40dad38f9d58d33d80b0771,0
c5291ab1ca4d4d7a041874a66b1c05b7d5c02ccb,0
b396c535ff143cf94ea0d11f50739da1709ec290,0
59c42b102e5396b2ebd4541ed9007f385a00c357,1
5bf8d473175680297d1a1262600cd05f07e7aa5d,0
4a0babdeb3e17b446f5210467351506aedc3e0c0,0
eab29342154e5eb1b9d3ab007ac61d8fe95cf5a3,0
c6fadeeac0487a158234cf5d59a144f67bd68e93,1
ee4b72296556d9d0db07115bbd92cc54f9740395,1
0abbd912f1775a645ea338783b63728ab2a903ea,0
86db7462a497898e3d18bb3d8403ec3120a3074a,1
03d0f6c305014f5df354851f448b3002533fd235,0
ad12e19e614e92f824746c199ebfc31228a8c33c,1
3e725d7dd0f9a1369d4c947bebc85daae1aa7e09,0
6e883fab4dc3b804647e3bec60efd4f00a32594d,0
0582892a7fb2d14f564170607f92ebd909d9b5bd,0
5e52a98fe648d65e10ae4bc71bbf51574edab5e6,0
a791fb32945054c162624fa1aa45122b4034b6ab,0
9c9e36e4e03925138de6088681ea647d69b4a4b1,1
727d92236ae9062c77f372aa4e4edd4b7981c363,0
113ff66f220047f228a57b54e74b96d82b80009f,0
fdd0f9428d092cdadc066abc9ce25d02d337f3ca,0
eb8b79300a7ecb3656c476dbac296d25f12cecdc,0
3040f29dc4a84d5ff8e6d743f27240656bfebd82,0
9250cf31de34c32ddbab386fb0f8bc41613decba,0
eabb90925568f9e4b04754918840db8156e5444a,0
5223a63fa67fddcd092b2ae214b1eff0173a52c2,0
d8acbb037753e5ee864b11138238b9811c61719e,0
6b08732ee9aae06316dbdead2aad13f08190853e,0
8269f17bdb90ebfbfc498503a601e085c7b458aa,0
85b09d76f239b20cf3e37e5507d371c355a9b318,0
2c13032a16e37b7bc9e0272d25fc185b5c82b42e,1
931e25921dc0ec705a0055655aa2b2237a0888d7,0
8027ef85a1ca914de336af572c0de9918d5585bb,0
3472e167c647bf982bd97336a3097c4a38a72d09,0
8d80d1ccba9d8780e0ecda7334622fb007c62e41,0
954d995c5603b616c3c4a9ffb1823f36dd7ebcb0,0
f7966c1b374ebdd3fccb28370d9cb80a2115d807,0
b57a1aec395cff5156812295c9dbaf9b7edbddcf,0
d74fc31604c805a47c44d7853f63a3b06ad6c016,0
5a0d6b1d2b38a8026b1e160b0de9d9d56b07665c,0
91899584adca74f70e474bd1c45bc5d53f0b1d99,0
2e29f4c2872e9a6440df437637286fefda662025,0
8e7cbe5d16aefe7e25e299595ce5a0e16e64992e,0
a53e0ed423d5b40cd0ba3285d9e820e952877b71,0
240542361bcfcd2522e60155686709830e98bfd6,1
c7d837dc6d545e1f0ba3db5e0ef7e91e07bb7ad4,0
8f1c55a59e4d75b5bf828ce31a8db14aa7608cc5,0
db1a9ee77bcd07e49e79a9613778ef253e6791ef,0
800f0531068ebaf2f2d257bb1bd805781ddd4760,0
4c6eea410d34d7ff4aa5c30fb7a2fa7c349dae18,0
6e8d7da871458aca62bf329f613267abf22101ea,0
f3db36f185bbd15635ffb7d2646c59a2a8547eef,0
79e28eabc4dfcef85bd6ed143c825a0f46140109,0
f503b097282cc788ac2e92a3c3e067bc81207d4d,0
5193321d27aec9d3f26c407dac6d4df9546f9036,0
04fe97fe0a5847ad049b6c2ddb7c6e2697f78f58,0
c9430c621d98212485230ede8d166fc891cb6747,0
13546ebf21b57e878cbe6a995c488774b6f1ef0d,0
0fff9723a5d1f5a1e915790ab678c42daf210941,0
bbe1346da2c2cf95a1aea114f6116b37f2ad3d95,0
ed374757af14531ed144fa9bd66364e6933b24aa,0
ccafe29e3422fe8986cffd6a8e1fbdfb7ef80c49,0
f63e8e9a4cd509e3073a2db90e39e985ac7bcf67,1
00da5921e530ee96b4a03cb3f085bc292ac675bd,0
9535a94f6934edc9f3cc16d74621ca61429ebf8f,0
c10f11cf583e8e59bdc146d3a9d25bd53fc97ecc,0
bcfef8906931a7929a6db14b9d82d387fd3f17f6,0
38ba13232cb37374e3c333e2121ebad8a793935c,0
357223247fb76e442d38353332755305cc9d0c05,0
cbe33f0a85fd9f2c04efb96296a26880995618b0,0
af1828bcf55d4b35540a77b972f722e8f313d5f7,0
d43d91ed9b658737ee149b4cf8451f2079db4d12,0
94cc4c496b84839d15d4b7b1a137fac315b3d8e0,0
f04531aa77e216ca01c60d91404860f03b130248,0
b8f607c0ed70d79f7455a03a75d9862e75d8b753,0
0fb00f9d0c2f8d08b8914fcf78fad2995af80454,0
f1f905f2903625f59ebaa94587b09b44c7c9ba4a,0
837d62f21ee0e9460c9f294c6898b35af18a5601,0
5c06c6f24063e7a5f4e2a48b43f6a6edff4efe88,0
31c30792fb86b0fef3fc48a1773c577d5b6dad61,0
caa2b127fd5d9114dbe543abc83092bfeb79555d,0
cd896926e86b21706ae013585356597b1759b6d4,0
5000c189b2893142dc6cdfd5c4e989962b0c3f1f,0
231e4eb69276bc97c30e90e99fa95e3f966454cf,0
1bd7cc40cf99af2a44ebebe9eef1a7de32f7031a,0
6fd9f5c7ff67401a7852eea14addd9b7547375e8,0
9f33e444f82663ad5cb855538438ceadc240d767,0
bdb86efa0ad793b99f680d397a0b168487b5335a,0
4dae15fe9038c2b881436ae338ab1c57f860b58f,0
41cb6aaa772b17c942b72a446e3430509a54d012,0
2f48971db4b1d7b862c820149d2a6a2014f2558f,0
cfe35cfec3cfd092f8580a067a36f5e6f9d04255,0
a9952da76781c43314cc96f11334c7a036706aef,0
f06bed0901b6faa2ed3a99a5c4a6d44e19b96541,0
d89939d5d56b0b2dfabdcf7af2bc83ad32884cce,0
b3607d8b91c7f164cb3b2aa67035bd5c468fcc56,1
bade1b72d526fb6493f1b11d8f2e63e51793af91,0
60cff9d95843e30169b826bc1a2c1888952937c9,0
25ad9f824aef478b61a774ed9402068ad215b23b,0
cc6df030dd2bd4d8693f0b557f097ab3b321b18e,0
01afcb2c8d3bfeacee55f62a441567308f3201f6,0
fb0f38f58d73b868e3bcdedd09d96b1af8c3cbd0,0
a5dfe5cbc95d7f3ce0b4829756690c2cb8439f4c,1
d7b01850ef418b1d261cdb2029f8f85ab4031553,0
3b8cd11d086e4e09e801deb114d34abb80175ac0,1
8d907db8d5f9c4daf82644d11179ccf499dc3bbf,0
ffd08a49645240d4f184f338ecb1175a7b7f0b0c,0
59ebd4d8e3c7bea933ba1ee3a7949468d8619a0f,0
60eaf259384a95787e41dc803aee8929c55971b6,0
bcbf5d68c9a5499b06f8e4b9dd6db39ee590a54d,0
189a4249bb60f3f9bb758dbea7921317e256ead1,0
9d40f09dfb21f94bf9d058c1b83f46e103984aec,0
e17d5c54eebc1dace8466d08907995041c30e04e,1
9f243610fca08de0998ae66c55bb79eed3c45720,0
4ea5032f95075b87cb8bd68681e4182661e303f1,0
1cb3d5a7c83ec4309582ea7c70b783f4b97a71d0,0
93dcc369bdf4423ec7af521d730ecf05f319d974,0
bdf8b5662ee5c1c7bc2d1f7cede945709b27a64e,0
4a2fa90d456a6c6bd1bf4febf4692ead46a38a20,1
2957b30b297caad22f4fcc3c07cf70368dd1282c,0
62e27b40aaa8ceade29ef0115c596f534e17ddbe,0
71a7599e98112c90e3d79518eedf862bd93e4cdd,0
85daf8002a25291e798e4fb9e7b6e37c2a2ac4ab,0
00e030595183922b5157358ec502f4ce4f168753,1
81b6c1171a695a42b72220578d50afb3a43dff2b,1
02a1e84c122137ab0ad9a7ffde9525f4822c5c3c,0
95de62c7b90ad22b4051f3d4f61d99cec59ec487,0
31a3522f4eaf9a94e11fba52fab15e34b70906cf,0
20a88d9b49beda71ddee69af92872716fd00f13a,1
84235691b5d1ae6d4705dba63c19dc1f6450021b,0
dd61a2d5258f831bb16a4ef1b94e74048d69058f,0
a952f092987217322ceb6ab1d559d0612d02a778,0
a5973f330ff30773c2101343c3d6144cede156ed,0
2eef8dee31bbaa10ffb1264fbbe9aba1bc92c45b,0
3210069a57d060b1aaec24af66042798c8942ef4,0
f7e1454b66dfba0a376ad00162eb741db9bfe7a8,0
91a01c9c6c0078bbc055a1e05b705edcbefb247f,0
695754bb76162e2349c8a6ebb4b29aef0bd6fe8d,0
9137228b9ec7e4f166e8940933420fe62071254c,0
0f1e8c3acefeaa0d0c0f3e78a1abd7620c9c757f,0
71191d319734c1ddb804a0ffdcb318db41ff619b,0
26ad9f259e776eb5cea3c283affe385c71ed4486,0
f9867d5a6169931b7c366735dbc219cc44234aff,0
fdc79f72dd25b7564aa2ba1c4ad69fa51c54f0f8,0
372c15eb25b6087d13bc4f107e9a048e69a2a478,0
d2de839c0b2d8328f8a8a66d7c715f07f81a2cba,0
b42904f491b0f736b112544fa256d7af5955be5a,1
1f01bb7e9d30b42709aebd4a88dbf0d067a64782,0
8fceda61a5156c3a14d792d1008a696686d14056,0
9d2b337c4ba73945ceb9a9fe29c3f256dfb6983b,0
a07a2f443a5177ad43b3a0e4e803fc55870af13d,0
7028095497c29edde3c0f320080f7d4aa5b22c98,1
fe76026a9954af5ea91083b3b1b5f05f18fd581b,0
69187b5e3a500878311f2b67ef7385b385845fb6,0
fab9e0f107a929697589618995f259992711d263,0
bc2e477f7530ba40cca08687067082ec6805bcb5,0
165d33f8c676d4b5063d1899beab3a352afb7d82,0
3463e5a567cb4a5168ee7a6f872fb0ba1544adfb,0
7ad001bd3a61163879e49b88738c8945607fb0c8,0
cc021f13e2bc79d75d42b1aa75ce55df6b57d4be,0
e3dc57d6b211aac00e9a211a9b81eb1a0feaa7d2,0
c07992aa15ca26fff5f429bace9791f662aa4d42,0
c507fbc263b714eab82fb11402300d7f8c7384e7,0
168c0dd542e2d3e418513c9d5d66a9bb2c9d1d0d,0
794b2d9b1188090f80ddbaaf99c413daf42322a0,0
01720f957db298b571b7b20ff3a6b7eeb0875aa0,0
0f69bbfd70f349bf2b072b3ff001a47a8eebc0b8,0
d6ce22b75c7d06e24dc2994529dfa79a09016f04,0
4d67ff229be56b150180cd6652d118075d171e05,1
a870413801679ec8d0eefd97878a87bb2697ae5e,0
93333139710428b579e9b9bfb22a431028df4feb,1
6a43ce7aa8fb6be26fd0559b189dce704a0a32f5,0
2a29c1fe3ed16cdda533ca23dbe4f350ab6801c0,0
5b95cdf05da5461c7532f4ba4fcf0b6db488b26d,0
584394545559a895bdfe127f3d729eb4841994c6,0
817b4ee2f166304cca1feda879c35506a0db4743,0
2f76d9d334ac7470d908ab59feab58249f6ea8ac,0
b89372bb13e15899d20a41f538d7df377d40f527,0
1cc505db83878d34007c1178c07fbfc9847957cf,0
8c6b42a65d989469b6e49aeabb1877bae1dc0fd1,0
a2ce0a8989fdc03acda219588c4f044c03afb25d,0
5fb770473c21227a1ed1e1b664ede546fa9ddd8c,0
94817bce272b36a46d8b85d7e6feec17b76d9c62,0
2084d567771c1343fb605a5b48e950bb5137f324,0
2b649b6b95e8921880bc86900ebd19eeb193e866,0
6a79c9e8c9bb62f020d0c6c5bd00446a05a1f63e,0
b40cb99ccd4407f03d5b8bdf818069c57495b846,0
bbd8c703eafb832db9d8cfad9713fd678488688e,0
40d83202569e449b7ea56e0d04f08a0087397126,0
631b934a7f93bf56ea77d0f41c098a76d45c8333,0
ee2d79cddbace4618e7ae31f07343f804d800962,0
eda7f6f9611bd8cf4c1e71f1e16c44611cbfbe7b,0
a28de89f4c709c1f86c513ddaf21beabb3d5e6da,0
9d257008be90ae561583179b64527ce6bff6c3a3,0
ae518f45a2aa79bd1f03e634129d5d0eeb927909,0
356aee756a4b13c717392032cc70ebfeba2ee0e6,0
100d531386e69f70bc73a039b4a5776e4ab36cbf,0
89f28948334cd2136b6cee8a8d91a757b68d043e,0
21a3b8795df1ac6008a592911afaa5118ad3061a,0
4449af5be0d81e35daef251055eca4cbfffd1d5c,0
b8c2d9d9dc9aab45f83cf49ac93cfa8546e4c08e,0
2f7454a01e4c2992bffc3d86137e632e80c5027f,0
875e5cfbc1a13550387262293ccdf450bded8b56,0
f447e02651e5d68166f5be85751d41faddfa72c6,0
e218e44c2ce3b0f2d6c7aa0116022c0ec8ab1bdf,0
6520641c1051abe4c7ca9f87068be8832ae61a56,0
dbf200d03744364dedd37de6437e06db48189d9c,0
7001b66b1bd17ddac7d032d3f92295ea3f27525a,0
6fccdb0f8c72bbe60d5bc301f17e20faeea1f06d,0
cdcca2e6c4ee0d8d7aa92163cac6aa4b551ef184,0
cb63f4a959e30de6882b20af10d189c7307a6da2,0
981c0002d5accb9ebc056b7a34025fd814c4e17f,0
94a4db4fef14db8f1b92dc5191cbdd8c2c1b2101,0
70a6a70fdc6a4152ab146f77310ec7edd5e275ca,0
c64df2a5c524b4603ccc53174a2023623fcc8cf0,0
a3fbcb04e2c9f0f21ce4caeb68cfab570be6b6c0,0
cad66447478d7d29bc04b3ce6a9049d6912c11b4,0
df9d1bbcdf99349c471d934ab9df4cc7eae58c59,0
1b5b070a266b0e1f70302a8d4448d318d7a39a8e,0
2d1d34cc11798e71ebb1ce1869a30ece43ff1a47,0
b7832d438495a0cd2c14ccf663f6f1d465fc1551,0
d09530a36ddb367da4d47c487496b68d999f7837,1
5b74e6da63b1f0ad9972c2ca3f85abcb1080fb53,0
98a85c3bfd859e3bcb6670398f3169ff16edcf4e,0
8494bec8ef46972ddd7f7fcfc488592380550b03,0
a8502b5f546eddda66cc5d75c3c4552ea81c9ef5,0
d0ff33a67f6393e4d50d82c5f4db8506a622bd47,0
5e2c0d15f5960a509275a5cb13a49f356e41a02b,0
d0d8b84cf19eda43894eebf899db6861de852786,0
d3dee54746095efd4a5e15fdc0bbd066c357aed2,0
a9f3aedce1578a6b5d8831718ca218a5e9b38770,0
38dfda04ba5985e228d3f9be61bf9a1fb9481b35,0
a0c1b191fa653c664f966bd12bf2fb929a382a53,1
6bc22c07f7036d3bf8031aabf3ed3ac7dbb17e3f,0
33f9ab90afd763002d61f96961d18641b2931f9f,0
40446e524e0fc7591f0f9879ab8c994827175075,0
6f16107c7ebfdaeb23d6bc7a0f01bdc992557074,0
16541c65bc50f8f303000c727469af7121df2237,0
ce8a31b1ce8a1a555642b4e05387a5b6b414a688,0
fa0f64dfc26fc48d99a67cb74f641198178dfbc3,0
e2df85024e2ab99645a788b4b2836ba1cfdb87f5,1
a7a30fac492f9f72bc2970d145691a7357674839,0
0a5889ef11ed6189c4f66cc9b0bffab8e2d6fb0a,0
d911f5f22724170639c9968581764b1a84017b52,0
b1a9534d7f77e69f0fef769ae5947f7b83454e93,0
0148ae493e7a0462e13ea595f2be1dfcc819adba,0
8e90d4892135355d6dc65443a2039429d8e34e9a,0
dce4ad64d1a0b9b62eea667ba4c7c58cea435d2d,0
52d82d1dfff8c2b2ded9d843e0b03017af6d747c,0
9c0cabead7cf075308b11362172ae1a48d41321c,0
292322e9b3e14e4b560ff1ba0b8648a533d064b8,0
628ece3a5b40c65bc114cb2ffb219599b19db380,0
c8762106671ba6bb585502a2b21128f04303cb16,0
0a2bca77c6e1e8d3012394bb8946d85143bf5bd6,0
51388073b63cbb9689472ab8f5d0294cec23e656,0
40e7a6abc4e42ef55cd40705f5cf24addd1c0824,0
57e05183760c3cf670416a885051adf1a9e87df9,0
1051fcf372d8cbe641a319cebdd0059366a310cc,0
65216aecdc6a6a69f3afdd424f60d6617b7089ec,0
7882213ce2fde3ef9b990c494f47aeae7b6f6946,1
de10106801ea43d169a5b58285a9235ff382981c,1
751061272644721cd1f27fc6ca2ec3acef36bd47,0
b29b7bdc7cc0cc2832a0cdfde01e46e201afa741,0
29c7a7a8e8020141302ae4ca2c4e2c156c90f56d,0
10dc7484de512026681252138023e017eeba87f9,0
66555de56715ccb185dee4dd2b25b1e93cc5c73e,1
f6336648d893f0ad455d53ab85f82128937fa41c,1
0752e9ac06e72b67554450877251e2eca87c504f,1
4ac544469163d6327156b2b844b1e62358910faa,0
57764ead8b493cd27cb1bf1f3e71da6de0ace58b,0
4075aa69bfff3d283fcf59ff371a3bcc43238b4e,0
fd997bab3ba6b3599d9236dfbfa6f0bc80b4c3b0,0
f5185b0229f93097be2433386c2d4022e70545d1,0
3b398a0715d4848a6b71506615b9d230fbf3e60e,0
04c91822ca204f19660b952a96deb77b8dc33668,0
da145a9c73d003017cb96e6b3450083fa01a2c58,0
893611a382c98edfce2bb894bc835cd36f36256c,0
7ede9ce0022c84e837b93834d58b747c6c55d963,0
8fff0de6757482a0bbb0977c77232985fe6e8ec9,0
df40c4324eae27e59cea91b6d20304e674c1bcc9,0
7c80e367cb599ec813f3d9bb42a6d2b36b75644c,0
a50a203248662d2b4fe6f5b6952d3066ab3ab8ba,0
e65d67e1c41746e811503255fadacef6de645eec,0
fb5e3f403b8483627d9661fcf2985e78c8640c83,0
99776883a5b3ed57538302a0de1cc5d238a5afbf,0
bf82e029a98865bf4228c6f4dc091bd5deb69f3c,0
f06489969a4cdf9578cf5599d4c72c2eae74d40f,0
71e7260746a902d1070a190fd78bd560464860b9,0
c0467593241c6dcd72da142ab8d292df86a949c5,0
2f4e370d542a61977d702c92c924202399f2754a,0
90f6a065a7cc969233496062687be9868578f3eb,0
59a609a31871d83cb5ef9ebcb05e7ea8e62e7150,0
240615842ec651c5970066e9b093e24cd02b695a,0
818134acf541bc5df74b6caadb18074b3559f8a4,0
c080c3dcfff478ccd8a3e06e8703805df93815d9,0
02dda73254231ffa5f1b919b1a8192c8e9cd64a5,0
ac4940ebf9935b245df74f708f92f97c8245afd2,0
3fcf7126ae5bac8531a5af1ab60bef8f9d7bcd05,0
9c49cc9cb0249b8941e9c85c49a786c0a16bd9d2,0
f1f4563d5a314962eba93b243eb56cdaed80a617,0
99119c0f4824abdfa9b4bc0c218dc0e8e34132df,0
41be1ef56b39205eee60a032b801a04bd5a3d541,0
153ef1c3301f4bffd1f4943529e78bdea06dbbd2,0
b4e4eee0644a211c209c21a2056b6227bfee8ccc,0
5b703b9818b910490db12181863a274a247db736,0
2c0905a09d5d04db7e572172bf2ead04293477a2,0
ea04a6817912bd50b259e1ada36822b4d444d1cd,0
1af8f98c3bd96501d558bbe980a2a9f7eb188367,0
a562f2f19bc35fa8e7719e2e6c992ce9fa5a9d30,0
5b682443001a0a557c70478c16d2a31e17236047,0
e2576f6e18beaa6fc1dc6438901d8707aa74d2fc,0
7f4333398b2de990ddb6b99317ded0ae17ea1d17,0
02be1551ac4f934d6c8321ba916546efbdaa9b59,0
a815869f7e7e7beb874c3acd96ef766a1ace74f9,0
4810cb76a5186e6dc1e9da8fd3169cd57e02348a,0
e7ce7077689ec454adbabea8f3b2ebb05fe64c57,0
2cdbb74f6e4a50ce046511d32baf16c30d7b4d5b,0
3aa4c08bfbbe35f322f21a3842b1af0a959e7673,0
475cb5e9e649210416a3fadebdfa0a0e0ae0a4bb,0
5f34f98030ea55f1904d122081a0fd186dd78e4d,0
61f44f07bd174f17704cfca348485d5a960ea5ae,0
82ab133afd432f5305af0dc0a8323c042fe4dc7c,0
2c2f6c2d32acb9d39510a7392c6a41cbffa291bd,0
541b04e192d8c5d1d68328a51b0844179ff3e7f9,0
1e4ae10130412bc3d82a254679b6c69f1bf9f729,0
9ec41a80202454e0f74c799dd7821ac4f5370f49,0
101a19ae8129e62895ab502cc8efb17cf5319842,0
bb9c824dd07760d59ea0e665a3b3a46078912be6,0
7424595f76dd9d7558e6acb7bcf0f6246f948a25,0
6af1ae1731c179274dea249711515b248e3cf3e2,0
a50a1ddceff11a38b4b56a04109d0579777f1f49,0
a5dabc871c184452f437cf4ee30af20b22053c43,0
6fbd74844f349fc6346f4afbeb6ab1f1a74b9e1d,0
4d3741fbe9f1d75b1da180bdfc0c9afff7c17c50,0
15194a9e772c4929ff008333d3537221095d6237,0
f77dddac96c759371079649eb9ba01f1363013ed,0
c50e0968c219085d042c8d64d30c716830a3622c,0
81d3e3d2faf883e03354c82d3fe9521d2c172026,0
a0d03d97708589d07104d4b7a38d4aa7994b6359,0
21cdcc4f136608b4ecbb0be6e01ba6380dfd1834,0
bcba076d2841c75611eb89f92fb38a8a6b4d0666,0
a07e91601c37609c3f478f394d68cca4c44a93d6,0
5e1890ea1214892091732acc2172295a4b3b306f,0
d59b90922f7dd7581463f09a3054a6cf78a9bfc1,0
3f9fa6d1c49995de28209c5525fa11a3a3f97b9b,0
b5525f4f214b42c0fb3fb4377aaf07342821a704,0
735582af110b5939844936ee63b2eef9c5c321ea,0
bdd4d3aab3f5a75ab8e7a93da6b17549c873940e,0
46e7f3e6a3f54a6f48f79222c4f2d6d7905a60b6,0
892d0af2563b8337df2bc84400ff951e1a86eb14,0
1967a607d356b15922740804b04d5d7aa65a7422,0
7f95a4a4315470790b2998ab726efe5b2c161c00,0
8eb3e51b581b2eb8db7f698a5d2d887bca18dd16,0
ee41bc36f59fd0e2b720ca6327415c8b41f129e5,0
af0d671328ed4db07d95df169bff71605586afb7,0
e109a469257ee2437c0d8188f78ac78de8d6bfb1,0
ccb973d2c3ea5501b1394e39d766267fa832f36c,0
de78f1263ab80488d5bf8617ed0d49ba8f11e0db,0
a5ff284246a8b910876f9d9d23b59cd2b9d4062a,0
dac3995e46f798ea7256ad940cfd8fcf7c578b5b,0
6993ef0ed0ada263d6eb51e107ca189b31e8c807,0
a07c7a0427f6f0475f5364d2c31181aa02ee9f67,0
d991b6e49172d4690a291f1f8fdb9f370027952b,0
775dce5c0fddbcdb61b097dd840405292f0d7fa4,0
d527be46885d3e46130bf38a0787bc2110f2a7dc,0
07a2c0c046919fab70a43096e5a0bae62b79440e,0
b87a82a01158b6f0f6ed9997caf5e4475d8f86fb,0
5d856dd285cad2a89b6e33f9e93092eab45872c2,0
252f8e7a4258a07675087299ebb0cb6f4211569d,0
d1adb37a6b70d80c5783c864641f7adec5ae5758,0
d9ff23e19919a359379ec170522a116ab88fcade,0
ad3195a7694a2f8671bc7af3b07be0da2c951860,0
3efc1d8ea4e1eb677b036e34cc9fe1bc698c0178,0
7932bdb3b8dd51080c252ca5af50cb5b1d19c1b9,0
be0809bdfde7cb811c33d291f133754377fdaa9d,0
0f9ad2ebc9f566960829716fde8953acae5993f1,0
13a457cc88731927abc43564abd4e2f6c388a6db,0
51a9beef37f33d657937c140bc172da55a92709e,0
b42d42b64c36a2e16beb80ef89e07b7c8315fe64,0
31d080c31f10e40952a113b2cb656a6f5d631dbe,0
c4b764263fad888983c10aa32dbdcfd18b982016,0
bfce5193ff603fa97e18b61263f1bc147f89b5cb,0
b35ac0bb5953d2db7f2be198850ca1e134975ce7,0
3e7120c8fa69249a264face69d3f69e57b8e9c2b,0
3f4e9262e796fc78dfc042766ae7b9c54a20150d,1
fe62254726b67900a16fed2e5ae4206ff96a85cb,0
2943811ef8b3fab9b19c67a581740a139abf83c1,0
cc0efd46094bc55da30630e56726d817e65882f6,0
39452a47b21cbd323a7614b70fadfc55b83007d8,0
356db13229632472d341d52c02b0f8bf0f267458,0
d1c7c8d5ecbf919f9f9a5d69faefa2e37f140332,0
2748aabedbe18790eccf548f738f188c3c88f446,0
ac731fb44d6a6c6ba33702887a8e8cef43ca9cb7,0
035f5283ab5c6e6885610651166631d3461d8a8c,0
79543da9d084c90e29643c6d47e782ae69a2f314,0
bbeb0c0754bbbde313c44d6843cfa5aae0fe4220,0
519cfe52d88d642c0910b8ea74303130c2348864,0
c7e8f03539089ff0cc637756aaf01316c6e9a4f4,0
e57f11af8917edbab47c7cecf55ff1d1f07dd56a,0
6257f83a1fce4c2addba7e3e5c7bcc49d8006897,0
82e6bf9700970395ef234de1609e7e93b20e1a94,0
31ce6a5cf4a6fd59aa06241782966a464681b8fb,0
63ff02e53e5bddd77b8c22af583f2fd0e2bd0c8e,1
83b64a2b5acb327a9a37016b107ababe7244c6da,0
8548bab17a99cd737133160fc6032b1587335ffe,0
6d998a12c101a31048fd175e36c5e5ac56dccda9,1
c894095af0fd3e368832b2c50fb1e591f0354635,0
dfad8deb12895a12dd5967dbd99e49707fc3d261,0
8f944f4e8c5a8e61a4c094e36b921b974d27e46c,0
35ec180aecc59517a53e7d0291bff90e3d7abaa8,0
11b381cb7c54c2ef421728d0fd7da4c48fb44f6d,0
fdbe30ca56f245b0dd14d40dc85402aa0c5f66ff,0
2664f8749650c352f903f7dc4a163182a2c41cfe,0
34257eff5201e50739d1387caeb2ec5c5561984d,0
75906cacd11f833110c9842853d445700c1b9233,0
62bc8c9f9c49acb56f401e75762c664c45564a93,0
fe314f810c016a5bff11b4b4bc319e471bfc1c94,0
7b605ba47222cce194152f06d703c7a8a3464fb0,0
adb452aaa8dda73b0f808a94d71171ab2f6d10bb,0
439acba44e42c47462e112266236e3266b77660b,0
1c4133fe80de84a148579c51808ab9192896026c,0
8a36ab5ebd22aaebdfd8d289b54d43541b1e37d6,0
8d0c9df1cae1ccecc4d19422f96856ef2a862696,0
5d202fc7b0ccfd596927b0df051ad0c471997ab7,0
b7d60a4fb64f28a9b8f705eab4f8240e96001a69,0
0fb0663dbc68bdfcb5734aa45807ffb6261ffa76,0
ab0053d46677f16b02e0a263684f144bd32e3629,0
b0a959e22481c574abb3fe13d4fb444cb3451665,0
96e3fbd9d0b7659a3feb4e23f773732e165ef86c,0
6a31d2409467ebf2311adf639ce5b5492fd1b644,0
88813b038737f5fbc88bb9d50f7a5f1fe47bb388,0
d577580efc0f1f0eed5edfc7de22ecdd97c8111c,0
c8d3626b98e06339c23493420c0bad83f72f1b18,0
dcd88aaad9b6a8ce13075cb4941a9347e58c4156,0
93691a5572245cde0526b175960d5cfbe331395a,0
08a3ed259baa23f4320a2b3abf26ed6a09f3dc05,0
d820be91ff8db901c208c20f29a9ccd698af42e5,0
ed9becff200badd785e0d7780c73b3af22a5e0ce,0
57d131714a8b0628e7c85c95589bebabb5a5ca22,0
e398498388fe995b20a3fd84a9c359039ec82466,0
3ac057145c42528773c456dc6d622b6aabf26e41,1
a175e52e191e5380751be4da52fca26122cf8055,1
0e82d923ac13eda54842c0039777c8e99ad8026d,0
12cb31c3fe59c7893bae91523e664c84abca93c7,0
625914d5fc719c13e3dbba53dabe113486c6986c,0
e2110678ebaa7939687d3c6d6ef85755987a18be,0
a499d3b63046a99845c320f6122a34941a761c24,0
d2f28ae470a015a101a5d172c46c12d4a5a10179,0
ee24bba63143009029408053d153e5cb3cf877a3,1
e8b045b0218f9bf6fca68e088096194c7d17f4e3,0
ac23124f18d996dbaf32617e2af3209d141274bc,0
9897dac93ab98edf73a897443243b98ea6f0eb8f,0
a0555cd19669745f447261decd91c706d4cc1799,0
e203e82bad91eeff6c9f0dda1ddc779f4fa4d14a,1
94c6cc1a69c575aca1bde1b6efef50cb4c1fe0ee,0
f2786e4010e772932d433fba8f873ab552ba2092,0
53df8fdc40ab6ec52c47ed673062ac22d8c6d138,0
a4894c0c87cf8651b23b4128c438e4dd640acbe9,0
dceaa6745c0e1a96a0f2938e47938c7615f69ae8,0
263dbd3009b5145959d4b15c2c12284d2975c472,0
79ba87de2c46978b3066b97b62e23d53b14aefac,0
e133c23d6b8eb548fa3852b52740b523dfa2bad3,0
ee113eb4fbe9a51a7a834f6ac9aafda8238be725,0
c10a2d739970c3dd19409e958fb4479135a821b9,0
2013a1e19073b68a1332ddd6661290c63fc6828d,0
06157fe9e6b79f3599ef998bc492be3989621f78,0
cd63a803c7d17a7ed390273f5c189775e79f0173,0
6af81169f1f1bd72bfdd852ad0e475971a7f9645,0
a960c131869fd549e686c7443f7ee11f57607592,0
e38b781e13aafdcd2ac5b9c4353b305450628980,0
f57037a7dba457822e233129408b4d71353c0b99,0
1479be9d3a6e31715ad0a181e4edb7354d673b7a,0
d69237d8a743a0f6f3f6cf20927baf4c0dbc1ab1,0
59472425d27b86bccb2f4734cf5cab5077779c42,0
2d72fe3f3bbfaef98d3cd32c8aeb9870ddfd079d,1
8fe42694a202433d1ce48e4804162d789d2091af,1
3f17959da84c68bb15d0eeaa1fb01dd2243cc374,0
9b5e0b7e299b1f87ef1e9a9a996c10af4749c519,0
d9a0bec0dd66bfc8e17910f22a85bdccb2699f09,0
11ba9aed65ce83f7394755fdfc406104177e55d9,0
f70672ad23482f620b4caff5aea6c9271138d8cf,0
ec58c0159567baa3407739aad273dd1f22c9c98b,0
df7a3e262936c02f3d93b9f4586a1f1e3f824780,0
01ca21405950e0fcc2a724cb34885f930c86c5e2,0
ba44f3b51e265484d8b89429af8ad623b057ca06,0
6bc2c62f1838ecb37b94ee49d624921b53bb4ab1,1
c6a5b2d5619b3bd7f785a71bdf075c41a0101f1e,0
765445394812db1c3dedd22cce7749dfb7713971,0
d99d0bd4700b43aadbffd159918fb58c7feb52a8,0
d308d513e2cfb26ae2218c51e3c482eded08ff9d,0
2619aba78ddf1e3e0a38f7b7c9cccbce225ce864,0
588d1475c74314803eec9410b2d94be27cb6036c,0
e988be3476413d6b12e9fce379fafd4967bf73a2,0
68e73bed684f9fc16e9ed2b4c1e6bdad97071ea5,0
b5b917143839fb1e063476b0a65029db9b06f275,0
c6812d686674e7006b8de12a9a5ba0f69b10fa98,0
98b5bc5c91679d112be69caf365310ae6b3a0f32,0
d14d17299d655e7556b8da96e86f301068b4af0f,0
6a965e8d892f26a5aaa38d9ed0cfec7783208319,0
2c53a487a8c171c7a9962d7eaada48c245f58352,1
ad0a3c66fce646861f2198be2fbcc25d8516b944,0
166c9edc5e314ba401e35ae3b50090762a86af9d,0
308b93cd61c7d9cf1bb6b8faa4e9da603a814c53,0
015cc52446585a26bdc6eba14cdd93d756db5178,0
6fc9947c7d2b10c066a22a0edfa884832bba3e69,0
0305a10301656d73ed010d3443256cc003cf0018,0
90cb58217ebc628734ebbd4ca84e9eea9305dd77,0
a4865b32a89cd0b39e0a644cf468c25ec8b3ad21,0
b84516bd74a25a66c1d7d754c0df66d138b566e7,0
c1b1a1ffca322edf9af7689f40d5ae3e0e889661,0
c8b8dd8771cca2b5af498d540fc44806ad40637d,0
1af18b0911a784b17bc5fe6a37804ddac96f56be,0
46aae9918d90e4899bc6c2fc0db339a9b2cc2e84,0
63652f3dac17e8778f94e7389eb45e49bfa7b2ed,0
d45495e91bdbc6cae9dc3c7b8d49742f9e97a096,0
dbed28a6d9e8227ab168adcab90b969e529dea92,0
0111bf66567b2516e24370780a61ef7b264f0f83,0
c5b24c20eeef899a43c355678a70290386d56b75,0
c23fdd2c3f0bec540bee78c1d292d4c33a588d82,1
fb851d4c5ef9540ca21968624f6d03d64d2989c0,0
56c204ab61f871a8462151f3043ccadf3fbc2bca,0
c0febe11d91c223e5be2a351afd80346674c8d38,0
69e688272c046cecff57fd456a3f6337a2aca82d,0
edb025bc855047c1d461ee31c1fe17b9c9090c1b,0
e3d3f78631dad4974515dcc8a4bd3c86ccf29fb9,0
80bea2c36fc929cbdcbaa8367a4ee0e58382630f,0
9521d94e141feecaa19517165c004a7849f73b91,0
f6667a69015121a5ddea479d33702273cc96a623,0
22a98502c43d847de3792d7889296b02e5874a43,0
29de287532a61c3fbddaef35f0700c46aa5cb6b1,1
f023dc16c9bd83cc76bb3864b4883f37b6ea712b,0
fb24a15f937b40d0c890cb6bdba2290debd6aeb1,0
cb74b50ffe49e3b792773258a9ba3af3b5d6577e,1
13781f3ce3709a337423363919c5a7b64bc9d588,0
04d863b6e0f2a32e8553db67b08e8513fa403321,0
768be19578a56d6a33eded2da6ff5a8b5cb1746b,0
1ed37a848995e2d2a6f36746c84d73570b636823,0
a8a6d935dd11a2ef759e31afff2a636baae05b79,0
f023e02972ee554cb61dbe2156c90615d80ac6b4,0
1fed0e0a674438ccfb731de668e5d0a2e6e535d8,0
cdc355051d06ba448f655a9b4541ba1e456fb4e0,0
899036a36138ab7ae810ec2b351d8226c66908bc,0
8d85bf94d9c4d8de84d5655dfbec369f5759bf8e,0
1f85bc361c53b25fdcc0cdea80e84b4424c77ac7,0
18bfd075f26b5377c8cd3a05d954952daf77ba28,0
af5537c33bbb27c5f577ef5d7c2b8478ceaaefa5,0
5117837bec1eca7e08e5a372fba2be6f818bddad,0
13672e9f995249fb84f532144f5687df424d39a8,0
5563aa731f93b0c3c2dd69fc104164eb4cf025df,0
931849fb2dfba6e16c55d0593d02715d0eb926ee,0
dea4d55afaa6d6afd4d01b192106148bf20b3f8b,0
80d44343021c121b5ebbae241769ba10b1be72ec,0
598c411603b7e1746771f3f536b06593e8b82291,0
8d09b4e1eed7933111e9febd898dad6275b6abbf,0
cadfe5150c905bde25935a25514de749ecfab745,0
50271515e769769a260f151fa2b3b404dfbabfca,0
a69996799dcba2f8cd2bf845788032d0d84429be,0
9d632c2f513e3b519a4c10a3ba6ad3652cd04b20,0
e0e3ef2ae7a2682d488a4141a0ecafd22a20967e,0
e452439d4b6af5586ca72277480f3fdcae19e060,0
e2227b67415423626352746844d29fc5cc74f0ec,0
5ea3c17d621cb1af773046438face34d223bfd83,0
a524341eff5f06156f70d85e88e1bac448ca7222,0
c6da700da7737cac7e70633ed2cc13f1a7e29861,0
eed8afb96bb1858d410bd3cafd01f815deb672d4,0
306d24046c948f39f3432fe204764dde130155d8,0
458d50dd80a789433d4624b6c735d4a115e3edf3,0
198656606299f771d259e9be551538fba0fcab10,0
63a28b8f0c1936d502d88614a99abf0aac65b49a,0
4e68dfda7c80a48264a66cce93c04697a2ae133d,0
df5d112c1312fc259c43237d9a80e7f15e8b96c6,0
e0ee3930349ed31b7e69c987380ee5edaa501602,0
ee0335a99e62b5c61e313a7b290fd8f18cc0fd71,0
106f454b4a8c0c7c9a2707858cd07990064c84c1,0
36fb76122133d84a2cab218dbddc9b6952f59ab7,0
9a0aebb8790cfa3dc6bd236d6e25b78f7eb87425,0
5bc006005c55912b9c94b9c8273727a7af45f0f0,0
6e2fc7d9aedf30bebd7f9be6e95aa8a0bd3c5493,0
f095ceb27daa38033f1e8368c90668403a4fb520,0
25104f43653b0d319d2c5c0d166d455bb8a1f645,0
e8e461dc43c0de7398d44266568861aa8b26ff1f,0
11bae5270dba4cd5e80f8b1ffb0a8215e14579a0,0
5ad899e3b481ba87002ca0a1aac398547b8099e0,0
6b0e4534b45d9344d13b71ff5f5369d6dbefb8c9,0
9da7d2a69e0c19bb33a6e3ca18ab1c6a2298d61d,0
efed05794b97c19559284aa15e34b7fdc319853b,0
a337284695a13206916d0348af1ae18e278ac027,0
2a02fe784259660283fc80124a699ab9c637dd0b,1
5fc5353dd975e54ad52ed1074cc06c21402a6461,0
66cf3bd969dac311d4dc50fd9a19ce387095afec,0
b87223431e18100a35be17ed44b40fc9c7ff14e8,0
ddf6ebfb1147e0fc3de39050b35cb2bf3857079f,0
625612006d4a4624e51f31197ca0b924914176e5,1
fb41ecd7170303482bb50a5731d121110e15ea84,0
ca867027ada51ce2cccc8669424495fa41eb45b5,0
d5989808fbc60a14bdb57bb526321fa8b978eb90,0
e983a64122755c52935c514c784b85036d685c07,0
4cec5dbc051e5bd1ba4dff9aa87a5c81ad4f0abd,1
124b73fed7492b3118c4ea43c28dc0b1bceda032,1
1078329ade725b36e3617dd7c6dd7a714810795c,0
3652eb64e9c29bdd83d60376b61ae5fb99feeb26,0
b4bd93b48d45b93077bf1b3bc20b8e39a3a2c0be,0
d718e52b671b8395084905f8063a09be17caf2b3,0
10a1327b88bdb842bfb58605887175c2bc7b4a75,0
31114f306900c2ec516a2395fa669156300eb71c,0
83b6dedef42ab67db1faef06f8595c651f03160d,1
ec225adf2f6ce3ad2681d06ab0aeb83ec1a00f9b,0
c76ca5ec26d4b1fd434bc47271ef54fc58fb35d2,0
21804202745423b5fcd0a34a2c8c94064416ab3a,0
ce7886759fb8998d9d15fa547e517490eca3ef0d,0
7f32cfe59d70ff9cf102c07100a44c1b4e76688a,0
bad2fbafa1b05118445810ef44a3940eef26abfa,0
752897b3e5efb8127c3bb797dbdf3bf511ec91b5,0
5938f6809386c509ed8fd7656412725bcd1cbe3d,0
84ee6515c0749bf5c546355f4e6805b5b59a7951,0
29076a48666a30252842bb1a3ecce65211fdb61d,0
3ce9be48248b1c48c1a0da44b45d0a3f0fe5b636,0
d542ac38c91731d1fd91feefee6301d90aa44957,0
65fea55c845d0ea2ee0ae31339ab3df218923447,0
c606f29961a7da5a1f35b223e3f7ebafd827d8cf,0
e94ab54a626a2d35a1e6b3ae5ece7319b6ebc592,0
1a5b9367d39f4430742aa9cde7400e481c1746da,0
312b5f0979ad5a151ae28f487fc57d013f9917bf,0
83a5ba3fcdcd8b3e39c2414b794fa10cc612f965,0
8688129ac24f2e5f26db3fac1ae63a795a5b1440,0
87bc9a67dbbd332bd88c230e9cf1fe8d6c33ffe6,0
4f9ee2be083457859ba1fbb41ec4f6795dd8f697,0
fcc5ff68b687b9b10e7baba05867631d99e2ee4e,0
8bfc101320542e4bbbb584ddf34c4c07443c75d5,0
293d0ddf08193812286ed983c94c675d33ae678a,0
a5f669ce9e10b89c6f0c9382a04c489b53fe2a06,0
8e05fa73b76c03ea35380217931fa3988718d18d,0
bde6e6b5fc4e911107d9e014e037990c1f3882c5,1
c00b6e25b8c636d6bb29d0a2b712c24002915c07,1
e727c992094a447fea8ef2bf9c18e2d55e680254,0
8d563929b82e3c5ff595ee65e650832af95e0a7f,0
89be88f203e8a316463f037f2323a27a94472480,0
bb2c5d80f46b5da242c481d6561a0ebea82902cf,0
1dcf683da3d9f48ff682e7c9a8a50e02392863b9,0
c38480da2f7e5447389494a10032b99810085185,0
ab75c6affbd6074d64c5205d14d350f18a816318,0
5190100336e9218a9ca78eca04908b55858671ea,0
5612674fb2e4e4a8dbc164cc15d17e00c72860e9,0
a7b192dfd931c420763054cc6c73cb79cbcf14c5,0
81621443ff37fd3bd393f77296fd9e19950d15ee,0
41d7c62ba2c811904a21f1821cb530ef28b4e547,1
18f114279392e140081072ef93f3e01b52b07069,0
ea515a8d142e060b70844a040a94c71439171bf5,0
9121badb679c4678bc0b83dec478b5ce5478abeb,0
9a6ce14a1fe1d3e3b6bc0a8526c1bde6739d93b7,0
19e0f44eafe0fb923e292b1dc6dc8706bb8100c0,1
a0c7d99835895fa1836aefcf947228551842167d,0
690728e6332774663f2ae37d3fd473cbd0ada67f,1
dc6ecdaf7e259e3178d4edf466279a05288e5e04,0
c5ddea546bdce2a07adcb961878c881261136b6b,0
e81fd5b7b0f5d2592b9ff9b04b944b1c25aa4a9e,0
e5afc85e67e21f11f7c5240f3b762ed661910b3d,1
f0ff6ed771ce1a795ec84897254ceb008f0e98a1,0
732b7c5bc270ab7a9cd9d947e9a0816a79d40a6a,0
727432fe12821b9e25e2c5a1758076ad83b098eb,1
26c5d764b6af99753d4a5150e6398fa2b5c46b68,0
da5feefe7216a2d04829f24356dac1e8f12850a0,0
7748f47dcab2b77d0aeceef6af87b13851c3e7f3,1
1cfa3a0b85459808392caa7732f30e0bbb6925c7,0
26ee06b652193301b62c869b5623b0687181b4bd,0
dfd60e3ed99c3d78ea891f7776748e87c5f01864,0
7dcc59190664341b5ae38b333c311cf152169194,0
0a997da036e9413e1787df95aab334b28636c86f,0
d76b234064cf7403cab141a641454a0e4d5ab472,0
6351aecb6bf5b140971f82a72d30f70abf152b98,0
9e55dcbc5eeba9be61eb5e03e7fc2cbca6845774,0
ddafa8f0cf6b44ff6df7ff176caeff84be8c260c,0
4f10ae2edef970df9f189754e88d7f92f1b536e1,0
282192ceff92d8a71b57e6d6cb75664fbaf412ab,0
c15812f2b12eb9ada6d049f979002d1b7d7d6f6c,0
446930fcd4aa04934bbb286004e0deb879fd5de0,0
0e0d47592c8ce9aac136d336c8ac931a06fd6feb,0
941f00ce535e98f4f45ba838ed92795f7a615508,0
0f9e031ac327a3f3d75917a8cd4ffb5e35c07a9d,0
2544829e13ef583ac7df2aaf8cd023c8c08f496f,0
59e174d802e5c1f7fd05acd339541f0ce964d14b,0
7091717ce564e783c545b88c99dcdc9023b548e1,0
b75082c6dfaeedcfff6d7f0fd3cfac7cb35d98e7,0
5bbfbeac3287ff0724d4b53e00c40cfce6d37888,0
922dd0ff345d5e76b3410f374c81d22a9f5f01cf,0
42d9bf996a0b86b54764c48a2b7859ae77f80dd2,0
067c0eb9f90913bc9b992780f02280ea9da94797,0
719c08df58e397ce363e188619e1ed9c6cf09445,0
ab3ed476019ab97d7697e0d30383a0ff1cbb7115,0
0fa45ef15324b13fb179150d0e265416bddf9d67,0
ed18c176ef509fbb368485448af0df141f12626f,0
18246b2d3b7119c6e07aaa65ee8bb876d11701f0,0
71205dde6b8eda4140c777b4fb71935d73bf2d12,0
16d3e23d4dbb8480e95a5bfe929e4bd8847ce676,0
