commit_id,label_RASZZ
423d1d0a013328cdbe3c3f8af9642b2549a79498,0
7e2d67785f928306f77596c1490354db8ce4651e,0
70e2548ade44896f57cb059ca16f4b55c34212ad,0
e2533f4918efea829ab2215a22355f9db9b09cba,0
9d88762922b6ec4c52af86df403250442459ecc3,0
937f9bddd5f78fb496fcc654dc4ee55f2a4d9f6b,0
31e199999409b25e0ba1b15a0a0af8c07cdb8035,0
91c061be12b2a8a5b2e92567e567511ddd968386,0
7c910d6d8c555c4c09b64854bfd0d35c5d9e8f10,0
d4627269326c1df709e1aba8139b7df7e8bec4af,0
f5f8f1ff2b0ddf6a81e7bd29be3f7f448a73ee8e,0
02fa4f2864be397ba7d6093d7675669df7f4ee62,0
176b03b78b0916ef8abfe9a64128f6ec057032cb,0
9828d7f78487619fcee41fbd3068b1e1e8913771,0
3bd32712dcf63a8e422987e5f226b34cacbb0c1d,0
c4255426e08676707cc9dedfda456fdcaeb11c48,0
b6e20a2a4731611d6d4ec566c82eb3cb6bdabf0f,0
6df8eba054edb3e54d0003f90b9980cddfa54c51,0
6af9e7de69579c75fa1b5dadda669249977d9c2d,0
5e4a8d4ab1d48597823eac9f39e96c52db1155d9,0
ce24acf431a5cc9d883f9372a9742ddb59ec3a05,0
81fb560aafff50eec1d26529c2b1b8d201860529,0
6a91cb635b2dda81c718a3a5fd516aa1edb60201,0
4b0ed855417be46d258c097431d697d57ac5a566,0
21f0ffbdb8716f65237854a35c15a7eee8809a06,0
3ea84bd228549b8b5ad2ff744fb0aec46ec91e7a,0
2b0661320f9badf0cc12a1856c37aedfb6c19094,0
49d1e5198d9821f4f32edd58d86e4bc9c7901d85,0
8336f72698a1d5c6789d5ac76d21d2cfd566f5b4,0
d3f00fa9f7a74f4a0a5392972949dbbe0b1e7311,0
24242959e43518fc173446f2ef6f8d44b089767d,0
f97245ddb815d79c7a61020ca7956b358b71ceec,0
09378e62d7c3896780267bde1904698dbe656d78,0
609cdc81602d97b84be58a2b0fad6e043f068d93,0
9da485fe37db7a8820d140276ea0bf6f370cdc55,0
60d68d7740dba836c5b3b52d1db9b35de93c00fa,0
f89b6045dcfe0ff2611855c9c578b89a80718012,0
5c7b1647644bba85ec6f1eea49936964ab70c162,0
b88a292fd8ba2e92d769fbcf370beded323f475d,0
1ad95e629a78f38d38588f5178745ba46f7aab16,0
ae86bc49403e8eb1b2261260fb2d1b11260a110f,0
53090ebf5821d5aa4d97bdcaaa05bc73eba80b80,0
aa1fc72c13a39d6132cc00ac52b1e382ce3110d7,0
d2877dd31a545c92b6e43a54e4f0c4e0e538f950,0
7adff672156a1e4f8bd5f5a7d8d36afb752dc130,0
5bff322ed793afaf6e821ee5cc8ba86d3732edd1,0
207fae92ffee7d0b68f8952d88634a5b6e3f663d,0
5bd2bfd39aa799ee7d589c2def6a7f3b22e1f497,0
7ed4d3dc37768e8267c947c9c504b30897bae1fb,0
0552d56d80e07266b09af8bd42cdebe633716da2,0
dc7cd66a497499feea5e9b6b447028b06571abc8,0
cc30117ec3aeda470723f3cc246c0142f6736ec5,0
579ec6afcf3aed6835c661b6bdda441bdb54fbec,0
aaaa8cd01b7a59bd9e0e6d5798209c9314161a26,0
5527384b2419685f0d974457f68305563bcbdcf6,0
0e22ccce451b5013c3aa6580d94b2e1bd62895df,0
80a2a89e0046c41a75ddfd3bb4ebe252568b7d4c,0
d3957a38d7b43e2a970355525b142b4709581907,0
9be28a671273211f5ee220ad3708c7e95c0ed48b,0
aafcd2c4aed76b8017f1cedc95d3dbf1114f9856,0
ccf7bc6b746f98b5846fba94732215663052b742,0
e84ff77ccbbc352e283f57420209f7500f16e6ec,0
69123904c518b322265aa44655242940e8a64d7f,0
898c7485a859ffa7623d7b1bf1186fc0c2e007ab,0
e3f74ace64af00f32d4c647ba7d4cb6a173f4d47,0
573284600f1ccbbb642970175c643cffeffe3a3e,0
4e59b98cd60000519ed6152678b912bf04cfdb6e,0
004bfb15cdfff413cb32a0a6a6c268e4b6413f47,0
191483dc4f33d55d1a2fe4d1673a864da936366f,0
1b510748e70e3075328fe04f703f906015f72b19,0
0a2adaa3cb8bb0d45f105dfc6fcddd2013fda3d4,0
60ecfa68aeb98f651be3b8aa0c2829375794a00d,0
d039fe6dab13afb89fc4adb34750001f6c6c81d2,0
a83c83cd9b75edbef39415178e20be2fc35ce2cb,0
6ed83426d05eb8aa1ab3b89ec0f3958023767530,0
42d12347b7a803afbb9aa660817c563fd07f50cc,0
c817f3f7d7b7cf1127353dcbc845a2deb90b6849,0
7b27dfc921f0a8e424e10569b183593485d21160,0
2c93539e8401eed1bc47432cada06b74ea36de39,0
d19f05d8bf7fe20fb76b715c8dbc22b8be9c3a5a,0
145a81a6b8f6fd50f3d1ca7eed5b483c9adf27f8,0
83e7bd57970944bfb0d70f001e8c9ee9b4495543,0
4632f38bdc9176741c8766b68cc180aa229ab8dc,0
151b245d1001ebb2ad794d7ef894c84593739871,0
67b82ddcdb08d0dcc70105246b0183a0cbb7c207,0
f8984f38d9fa562167f4a7582ab5fe58a92df4c9,0
60c72af72cee84d4c6e694d2f147aa2f325df647,0
b3094a8f71ebb7868312df96bac26b39a59babae,0
21b5cdd4358a565d339a58ce6d5eb279d885536c,0
0c2d641c3845b0cab3958d261d1683767e245f96,0
e8dfe45804911e7bbabba5e9ff5594d91e1a9d60,0
54c8e5e9cde573cd8adaa38fee48c398af998d8c,0
b7b510dc5f3614e24b8380a5baf58befe9560e32,0
e2a3bf244dc672434623d85587979747ef4c0f7a,0
914130fbb13dd86a117096f6a725092390dcbd02,0
8fda43fd85cc3cac0fe71222f76a26b01b2bf1ee,0
0be0a2cee40d1ed228a83f493d3a43734b2a96af,0
9ab43dd2f93025a4d47723e2139a28aa22e015bb,0
1088f44f215e684e0e3f33de9aba4019e00a533d,0
5b05ea608a9bbe7ad4b4dd9c5b5dcee6bbd437b3,0
58bee0b565f368499c4298d5dd6e0dfc9247abc7,0
d9d7a57da31992dc7ebdd18e700c066325660daf,0
d2b9b2eb7255d4d99db3af27bcffc649cfabb9c6,0
76a38ad667a68dafe0f693c178ccdf38d31a81b7,0
e0e249a15f9646483e9c811d81fd15bd35517fe7,0
5e6f68900bdf9d32574212cc80d7a68db9a1d6fc,0
e8f8130c73e2b7df765f6853cc61b4233ab2afea,0
b3a01dfbf6da3f1cd782d95db3b616567d49f90a,0
49d13840f3f3028f65d5d8ff1a3bd3d34e6c225c,0
72aad10320d2579b62db7a65a887cbd6cf62aba7,0
0c8597da6e53c1fc75a275496f53c822787c79d2,0
d86c1ae60ab0405e2570c8fa53d6f6c605ea8853,0
0f5a913ef024d31cad090b997f7776a8c1589ade,0
9eafa4cae54e2c827d8f4fdc1aede349fcb952f8,0
f7e95679babfd30308c44643397fed1bd590155a,0
e227e631e156a06150024cb7c51320e50c41416c,0
c294658cb39d44671e25f608fd4c615587a0c7db,0
c22016e982b31886855f249a8d9825a11b87c21d,0
183b65b9821839a56bd48f175419332d5ed24a05,0
e99abc24c512877b28009ca4a85c93daf73e68ae,0
07069d14598e3b69d06a41dbba560eb040353877,0
ce774df51452a27e8f88eb6deb16731fd95f602d,0
34b5686a8189f5a19e9cc96dbdbd6609cc83aa1f,0
44c610064049959888876b757c4549cb551777fd,0
2c48a527787b8b994971508dad03ff7c38c5eac1,0
5b3340e2cc642c3055a52b77536c42050c973132,0
40794dbd02b60745ddf6fc6cfae7d7c300691d5c,0
f97deb54640992cee14165acc2cab160f699d847,0
12bce74582dcfb037f57adaf803bb40e9dd6e458,0
0323e5ab67a66c9552c8f452f8585e42cd644732,0
4b3c004b9a3131ea36c939dab1114657af6ed366,0
f8e0a43294ece0a2b4397bce8b6bb2e8b64e23c9,0
086716f4c28a1682ed83a38ff731eeb91ee4a4ab,0
123d9a8369d9fd4ff725ae9314a66e5c3a67e725,0
cabaed9a0e570908b872773cda34f503e19779e0,0
4cf27d6b54857345b862f8831769e74285d1dfe6,0
7c809b59e22c8e21de78a26f2d2916b8648bddea,0
936a5e80c7ca78f234ad1569241eabe6d522c27e,0
77395122c593a57fbbd119a166858d761f4df8f5,0
4f88019906fbfc329dc5ef7bef6d10494be52e07,0
09d850083db83fc9893c5d2863f4c3361ff86679,0
1e12c34e1afca1f0d593fba4c0a8c11cdd06000b,0
b03d4aceaf845fccc6e726454f56ab3e28ed08e8,0
b64cedf48f5515b08237170ff784b96a8555406a,0
f3f8344bd9ba968f20a061c93e14a63ac6efbf8d,0
ddb1c351c8b973aa40cc597c47415394c14fb3b8,0
829105f837b2b632578fc0b86ac7bf65906dab83,0
22774834920736fafa93318340479a682f6c80fb,0
cabc2c10026072043f4fe9cb64b3a2b72ccd0011,0
4f21bd743ea7275b6b2312118577fb98b2409c09,0
8d0d59d753a5ef5729de2bb4c621ca8ee41a9512,0
174d3ca29b3263afbbede9ba6ed895806a5f1f56,0
6651d205b15677550a5b13a00241a7e129ef246c,0
0ea7b2870b7c4eddad95effd51ce2304054bd327,0
c15365edfce00054d0e3384fefd6fd5075aaaad4,0
3e378b0d91a50ea43bdb4ded480b4c500eb2def2,0
60aaca4fe43d4bee61f1c7c03090f4c660fb69be,0
1439a1e89a85b8ae751242cbd69785e8745501d0,0
46aff5e334e9b6660e7cee9e02dadb23bda35074,0
4e68151e5edc8437a97fa6d1f97b070255a0ab1b,0
5df42e5e270869b04346e4ff7f396a101a158485,0
e34502df0ac9e2bacdc7d3e1043b3dae7ae4638d,0
b7d1102d0edae3bf59f582df4b02f0584c22674c,0
c20bb0836d29edadf8c1b96f335403c1bbd9169b,0
fcece7165c20afbfaa01bb3e7017271b9070bf7a,0
54ae759117cdbf2ee08722fa740a7a85c948d00d,0
89242a334dab77762eed51b69405753c0981702f,0
89915018f9f574237e806205ccc08856c3ef591a,0
4c81b6c4dedc9d1c35b00fdcc61d70a0edf00233,0
999f8c160ad40ab5f7d9b0e513d2df6d9d955271,0
58ff111ad8b27ce2b55a138661c26528604083ed,0
7cb5c5b32d3f0484c04da242acf04ae5fa1d9116,0
713cc98e6f79ff0996f0329eea5bae2aa58f8729,0
f871a7d3756bfb3e55c684dd7f9f38a8bbe8c841,0
c4c4b495549d9887b7d5546b57b8a1a1ae824ae9,0
5f4c285b5d9a9b899fc86be7573ea94862f5f0a7,0
78d50d4a18524a49959d305a442e84b56979b4fb,0
2c6f32f3b953f00d48c839b5ec36117d11ce5e1f,0
5b86fef36f5be1561619ec8f9f896941acbbe962,0
be78106f9c23cea9838bb83907a62cb7a92282b1,0
6cacada33241ebef28a7f15447dc8da8f010752d,0
062ca7f621be920d955f5010b1272c6c0b19c46f,0
4b1521f211a20f97f1835b2ab2a105396e610bfa,0
0842fee3ba913099e1fa0ddf3a1da8fda5fb0f35,0
e607d18d1e37a8be23bb7ab03e230ccb2ba1a05c,0
0828b9fcaa2243f042bb3d9ccc92b6177322e868,0
845647293f80df10ca4e3b2783eab73a9c5fc332,0
268695eb927be58dcd76c22769355930949ec5c7,0
7b22cc3888fa7c1b0936447a82e82738d9539f0c,0
a9e922fda791e265d5795c9d7d920ae553f7f6e1,0
617b3a3100bfd28230a717be276a22330eb0c73b,0
7124964150eed4044925d2eaf94a429580d8b368,0
e4fbf88b549f05a32e4165c17696dbebb09d4447,0
d1d0825fb61b1b2fc18db58126035ff38f095e38,0
0c4ff75f565a16f0e779c8e62e13bb05d060e407,0
7b34c24863a3d68d79a211bf51c8e4c7401bd782,0
5647c37eb6db1f686c32849de416248d23b170ad,0
86eafdd9f1c1e795b01cc29b431c35c1ecd3fbb7,0
a524ea5417f6a87b2dda46ba35df0205813d9054,0
dc2c59ac652e1923b2e7f163ebacc3c1315e5314,0
53462102b51eb3b6589924150b4ab0a8dcaeae35,0
7ccaa5abed5d3adb8036c7f53a4b6f2bb6eee004,0
44a4b74b27d5e5b6a4cafa24b958988f892aed3f,0
bffe91002d7ff5f58e4b94360d7da82274e63d60,0
d2761e44d09ba43b8279a64e6d4a3d93f85c634b,0
2f1b9d9ea53f3919239a362902a0180fab50fd6d,0
6f6c12e4532a90c722bc9103fa1ee13af10179af,0
e57fcdb341cf37586d4a804d61b806e7dd7e4538,0
83d9341ed0725366dd0ae0504c6623076c65c66b,0
ea6dba616e1447def1470ea200b5c9790dcfc13d,0
8a4bfcdda4a50b78a57fb3fd7150b37e39340173,0
3af43c9fb0bb24bd6f6c22be01b6ffcd3fd1542e,0
5ed30e25565348be0837e3d20734aabd178be416,0
8f8b0bad3e0fffcf5223a545134a8431bea48e9d,0
032fd501064b774aeb5f66e1327fe4761a5e7cf7,0
997e199274124649593ee1f6e479c459a2d348e5,0
dfd796fdae8a22ff7b4d1cf27d0d18d07688623d,0
c1e11fdadcc2da83df141ee309e86f77cf58415e,0
758df627c761d29595d16eedf1b408f08c27d041,0
bff9a3db4b1f8dec0eca0ef93d7aba61393c4431,0
19bb490eaff8c63f633d51d70066f85299cdbce3,0
d933e9304f2d903e60441f8da7de241fd21533a6,0
ae36a8450b51e46c453cd4d8c839dd8b02c46963,0
95cc2e3a3072e03259311c80f350154dd7ea6b8f,0
cd73587241ff5bd16858ddd3bd8cb953e4b699de,0
cd2b17518952be0de44da2eee444abc6cf7c0391,0
82848575b236e1e654f31458169647835bc5e53a,0
627829063f80eeb548500735a9b11f0ab35c0d30,0
e6dcb4319406df739f832aedc67cacbc1c491d88,0
1fad3d8544c51236955c9c37949c291c708537a6,0
3c01bf887f88523f33ab67066d1d2b7b0bd8525c,0
04ee8ae50148c55a925c39dcf53e684f563706a4,0
b73e9ad309ab9b9f7a98d1a321a3cd908809f5fa,0
da9725ce6f33461e096658fb23eec99db34c007c,0
54b5c0963ac1c111bdc6f7e769d1a10bb70764f3,0
0c1093fe3778f275df435448f8c1f80fe4f99ed9,0
fa6c87fdf85e4e6c8692ed15c6590c675b124f11,0
bd7c2afeba6b9cdd9a5b2895fc926e7190febafc,0
ee894d8a80681fc6c9341f9e848c5c1b52d9e029,0
1f7ceaee1207074502c7724dfbfa6dafaae83c14,0
7a4d05137de861b535607d1a8d13b21445e5bb77,0
232a1b629cec4f56100a480ed42d2c819a5201e2,0
4f2d69e5f84e2922d6a1c5b29f56e91e2ce767c0,0
ae78009790b45bae5125a379410df276ef4b0b0c,0
fc15754be4f1f5456ff17dddb91c8f8a875c15f0,0
05a6cd2370c7b7d6098e3e26e6800d3b1ce68dd9,0
b31b71636a98f2fec5022ed362b5ee6b6f17cfc7,0
1eeb040d038c8c87b1397b81271e628918b8c58c,0
11be6b019309420409dfa2dfc40673a8610f1d03,0
116bbaac5ca20b624167be147a4ceac82e6a4ffe,0
e3b93d034f4922db8893b0eee816ae77eac66a41,0
e73f96ad44de6efce87f84d23043c9d830384afe,0
b625b5f35550c50b719e7d2737719e8dca736496,0
4b8b4f52999d3781b5245618bc45e129e732d856,0
e15af336897d98815b9d6d49266b2e0f4db831b7,0
7939fcb47aff1dc7a12faf49b4acabbe5f4ac1de,0
265ad38bf72b3abfcfbe91405b22bfd413b32c97,0
04bee53e888c4f4d7c8bc67c9e23069bae1ed9a4,0
616b8ca0b7c66ae39ccc802a1838505da4984b2e,0
d1b2d4a42f42f430c22f37a4d4b1db2676d33e56,0
20f8ce4b80a70f62d8e4b03a5c37e59defd34218,0
189bf39f32523fb1121afde14863c3b2e907d8f2,0
c4ef211a37f311e8b45ea3ee6ce96899fe39d621,0
2f3b0468de0ad9cee6d078b19db3901d6de897ba,0
ab37bc6f227f7cba41e6e851122a0984b536836c,0
5a8f12fbdee0e576ef10454a00e895b55478136f,0
093c6b78f86973bd655912c7d1f7d231a65a96d0,0
be99bfef11585f9377e0fa4cbdbb6114d814f7c1,0
33e42789c0851d7f501a87bf128e5cb239fcde87,0
c1e2e5ad5b42a2df457d8ac967fdba9484aa5752,0
a10daf295153786efb053e2aab9a6f06f933b958,0
7ed905108b704b2914eca128de8a79cb4f027759,0
edfd1b66ecddc61917947730b7f439d21c79d802,0
bc03bf2e4a316eb01da48428a01c7c63fe81d6f2,0
71ac8c80caab80dc1e75050a9cd42e0a53264c7c,0
617f704022317bf002591acf79b0522482c5395b,0
07e55e26154770e8af2a6dcef88740b041ce58c8,0
04e223680621f95c8f3be3b49e70730315d4d010,0
7851c38a90b718663e30e0f8fb1ce61735bae55c,0
0ea133b44b937a7cf828ce62de62060edf184155,0
e0ded29427ffd8160ce49091a68cd0e28de23acc,0
96704f52015bcf40872d6779333103d720264964,0
470f1d540a536ab3a290eef01508f43973a71a2c,0
5b31bf73f3905e72e1990d985cee453c65450333,0
5a7fa2592a3c5ce829e4080bec9c0969bcd07150,0
d374cb0247ebfc622891cb77e8d89b294a76d638,0
964c18398825ac794ebc8fa13af01e6c77be2d91,0
cfc1dbe82deb3369442ec00fe5668e1a7eb8a43c,0
7fd08beeba8b5a971f5e021339bba36a14f38256,0
a70b467842a82d159ff9ff854993337de3f968e1,0
e51ec543e70bf9ee57a20920ed8ac3317e77fd77,0
674850573b951f74437975c525143245bf12b461,0
88db48e0fc2d211311f5f791afa5e6c858325738,0
9250cb21fdf962f38c863045ae4cd6da55596cc2,0
c6a58fc82e4303e00c8f11f2a20237101cc3c8a9,0
6d41f9c0b0569bb61486b5782ad972199115a680,0
97fb808444a5eed14cbb8c49d267833e921e1185,0
1df3e1c05299b46f71b907814bcf9f58bb583ab7,0
88632312f61dfa616625e1253c7e490df429afbc,0
0ab04508d78f2a11f08a4f23b818267af0d8b24b,0
593e915c706d1f9740ae195a2c3b3a193b11b443,0
8f87c3a7254892beb85cbd6e9600d6dbec7eaaf7,0
2bf17abdb5b2e2752cf3420bd6afb7c559409afb,0
4f051f804a23723674c76cd4c386a433e44a44d9,0
a82b6dbcaec211554c9b3f82b4d544a935a0eda5,0
adc3877d1fc4531df65ca32eb2771182b4e776a3,0
82c4020a264bf088450528da064e66ab018db440,0
5e05880ed04c2bbef4cbb2462093398355bd4223,0
b2837fc1504a3c29c2e75bde218a749ba4843b39,0
68848146ffb15d69b9d5999f9a37f33857f90637,0
27fc0941b7dc1a0ae58904001b3155e917bc6948,0
cc5e6066a989474950025238691f776de874f8f9,0
4b3ce8f30aed2da792d57dc3fe34076f6dfa6022,0
163ce7cdbb0322855ff57e8078701b0f17edf58c,0
20bead44d519cef031d96c894cb53332666a20c4,0
1cb710b857f06a0bed0bf25ec311448ab7539c2b,0
40fb3bce25e25df06a4db069fd791db747dc911c,0
ec41eeda621b606d3dbc83c892dface52cd56281,0
7659d9e55f77a0633972f268a62f68dabb8ff5c5,0
6b2294fd46b9aed9a221bfee8131025a11396395,0
1b842ad8404fc3e12e56d3d1d7b7f9111aba826d,0
a317c3f287220cb87cd3d4e47e56025f568b6735,0
db5e0764283f9244489de9ea8ab1375498c85a5d,0
a568e4af281e2526671482305f25efa16054bd80,0
32d2c060fe26e7a3b4b845e72b35d03925afc6ae,0
374eb8bfc6177787042ed9467a60c989f596c48d,0
96711d0850047546df653b4a0cf91e51e52faca5,0
dc5c62faff07404fcfecef4c7f8c700d8403b37d,0
e0b63dc18c57eb482ae427f6e5b95309a29a8d4c,0
d62fd3c28cdd1af0aae56444db6411e40f7b60d1,0
406189afbc7896b6e6aba8b6340157be906f408e,0
b269c5da5acb25d44b99e9f0b93d8f393af6f7c0,0
4beab5db19b467c8037ebb451df88ac4ac01ada6,0
4eb708a16b504060bafe4ad4aa9142938042e7a6,0
28a3699566e885d1b67c0d7349e18d3e39c62c48,0
206bb01bb66ba702fa0964a9db8950215b2ad3b1,0
91545f55970b9f8a8b000f1cda3a2b4a2ff71e82,0
a6fa8683c696c430fdb3797b96d8f1a9f0566424,0
02cc073ce0c16f864737a9f4b75ee91bd3860837,0
1c668cd9d97af30864cbde465a19b64aa908aca8,0
badcb78c8843d27bedc114ebd44201ec3f723c30,0
8b0598a75f029dc3fa05a498b9b1b616e3fda0a0,0
9a4d0259de21bce4c37f23ff904d0c27c6a20d67,0
282d4214d9b983b96daac2d955d0be8c5f3c8f61,0
e86d0b519f97d444bb603c50fd226594495688bf,0
0ad566aa4536c092258be7b29648ac25b7eed796,0
185deebd61c3ed7c54a0549835f4be3527b77bb5,0
2b0bf8fa0f4eaeda0df5fa9637a2d58d90ef13fc,0
fb8426fe0e7c68f199d22974076313116371ea0a,0
0bac1737f13b22f3c2e4f7ae3b5449f15c530d58,0
dbbf859c483079fe0f32c17ba2921eb14d97948c,0
019293cb42274062a0b422969b658292c6e69136,0
3d0225b618629367d4cf6a97c9c8e501d9d6a115,0
37e7189804ab218c69f38e9038feca120aeff3a7,0
5901ed19cdecdcca8a69db91569a29a761b6f5e1,0
b6fe7d1a1878fc4cfd514a79dd6fc20f0cd950ac,0
b91c91a24d29a14b7ce88c0b692d55c5b33ed68e,0
86f5af36e567f7731ccca50319cb429d65f8ab97,0
8a984c3259459cc75d8b7ceba36dcd35751341e4,0
4cc9f885b48a34e84a4692ba1e8c65883afbdaf0,0
11a45aac2186a1b5cec6b7e6f05cef812949c280,0
6d2ced89834f8a0df5ef5f29e085cfa3a48e0080,0
16b358c81cb86bc0ed61f92580c2d10305cb28f2,0
380990371a61e9dad3768e0a34af049521320464,0
ee70a49a202999ef13822ef9de35d6b482356b7b,0
bc8a594db591179f4ffbd7ecbd00294e1dddbe9f,0
91f3ccbf94585fd2a9a29e870a1d11a22510047c,0
3cccba8e127cf55a4a30c5056e0bb9ec09446fd7,0
2b75ac70b325c167d458b4818b8dcf321dd0687e,0
4157240c1aa560eaec3b22bd7a95ede5f1adfa1d,0
d368426bd061621ff93a88cc5a8ec18661b82b1d,0
9ab70dba21d796d162f246e6d5fd4dc641ac08c9,0
c7273d94dcf54e2cbd39b459fb06af110d909503,0
35c72f62371631637f077aa6f3c16ea7110ee345,0
5cf904c9538bfb8059f40788a8e6a78d3d6815c0,0
0ae9acca205524f0119671c1a1b2a983b1bfd511,0
14cab25562c8cad9103ecb2011e832925cbd7c6a,0
092a0b0170e119c59352c27df48ac573a1ae821e,0
cf9cfb7c62b006f5700f9de4d33fd080713b8467,0
b0d29ce76ae36792880c708b31fda12b97e080f5,0
39f907e31393327a215b2e52948818d921a40638,0
f1e8e5364432c3f16d9fd12ce4c2dfcb0f6f1b4f,0
0d50e482a0c3e90ca848942b9e2bae1b4789b76a,0
26ab567709f739bf47d8588a25e0347ffe2de5b6,0
cef23df8a91f22cef33f5cdfa45f2ee3ed788019,0
b4d4809357ea1abc7a43dad062331786ce82d197,0
a697f46ee4f30a8100dde6eff80c993962b373db,0
cb116861bb5e1b1c82b5a8eb90266962bd12edd4,0
0b9a0054df253c9983d686f624956f6797e1bb0c,0
95ef723114b03f2826ab1ddc4e29ce1d8c63b983,0
8cfe1bd8a6fd834319d3fc9a971e16f6996f0f03,0
28ef1403c774facd715d4e5c8cee238f0276aebb,0
f246d38179c4efb644f3598f70c548995c56d53a,0
8dc0e02f5cfa25e1993bf2a8bdb695bda8b0222f,0
17fa27397478b7091b93d44569627b9f7bf01845,0
504d5feb41c1a4d29d160d77c021d085680874e9,0
04fcba6aa2b41933f96f9dd7ce05f440ef863578,0
80722a56c914acd20b88eac97398e05c3da832fb,0
c8e69dfe72b9730a6eb5939187239166a7ada377,0
8042827978a20732df580eeda00e569817abad94,0
809fc00f2a51da63c4c3e748c4c405b803dacd2f,0
578d8f100b72f2318f3e27f281dc85c03beb6bbe,0
4e780c7e96a1679a8fdef5490b1d62cd673071e5,0
cf7e602b798836841e1039138bbd0d8bec0f64f1,0
5f7ff5ac952d6811dc7bcaaf6042be076aff5951,0
de8f2ed7ce0bc22484ce78618ff365f2c43f24d2,0
20b61408c623828735446f3f08e53d20470202c9,0
d73cae3b70f5d9c6df5bd8e76b4cc07e82b2248d,0
2216da5299cfb15026536097ee990ee39e06d460,0
cd773657fd063b071c004edfa86d3bec8b4e2de1,0
4582d02e71d4502c2b57535da2a3fa6072de24f0,0
fab4c7853af8b29d1840cec3ad657295e5dedcdb,0
2e8eb15a2250d8040806d64eeb55acd368774559,0
a3f8a1a902f18460d18c77070680ec1ecf5d1703,0
566203def248935fa8a4e6ff18b98205e19bfd02,0
f12500a00ebcf741f423ea997afdb3f6d54f2e03,0
65fe477e09dd1d212533be638c4d8379c21de894,0
b85809ee82bfa3204c47e5717732375019545ef2,0
13af332de9128d3687ccd76ec75ea865422f5980,0
04933534b1df11ed575d83cabb005b29afa3501c,0
21d22b8c92a6bbd47f87dc9b0dbbe6fc64fbce9c,0
0e290f516cef464dfebb38a6ea56855d542aee0a,0
2859c8ea41ce4e505c08877691fe0b7aa0d22ee2,0
a45209f87bbbdfbc2925e21101f885a5ce97b709,0
52e032cada5b51910f3bb9632ce94e019853ede2,0
4f3820ffa71680b3aad2a9e5a973aee51e0db197,0
795cbabeb221564031d38b715381822b04a90eab,0
93e27b321097082e2104c5988bd374315937c76d,0
3c438d439e3e00c0ea5f2651b125030e5f80e6e5,0
f352219966a48b8f01068f34d72c86d8807239a3,0
e995fc7857de3fb85034dc390fcfac198adf2eca,0
9d805e06b1cba28ff43d731e9fd7b53899dd131e,0
097b2dc08bb10b58260e58c64406e03d1960fd1e,0
80ffd54656d7600530b28a2794f89fc87ea94fe0,0
77c21e796215481b2ed0483fb3c5301e290f70c5,0
8df7aca94a32f1caefcd626e2a687239abe84432,0
7faad73248c3ae51189e2c0f527545e5880c6733,0
2fc0bbd114a344e4ca24bfc041c1c8d016a77292,0
de897d5f116d5fda2576921647c428596ff595ab,0
171dd1e271d347e02e8e90689548c1ad1ac6ac9e,0
1d71ab447c9c6d01496bcb9a00bdec95f3d8d486,0
98933fef0bb41372a59ec566b791aa32cc54fb48,0
1b1c81d42dd96d08217bee7672f5a00e5eebc38b,0
c519311deaa4cf8a429db7464d54b20109b7af86,0
391e51b3f20876db0361e3b16bff2ed5ef51acf7,0
b6955bf4129162d4c1f5eb4ae8dae953a18c273c,0
295cb3251d7c2239110dacd31ce0a0ba21d842b8,0
7d932ac73576bd93873cb05b13ed7139240cca35,0
007181535220e81f9fe5bc0cd3cc8adaca190c9f,0
09f7209c5080270bcfef90685b12135e73f8e111,0
5cafbb3c5fc8c1e20b0b693130830dc8c2ee7c35,0
d90918027f353ab8db3839c64a095c93ef859576,0
6d1153f0d5b5307f026a414bf443b3fc40ac2af5,0
78eca7e16d8d16669dd28b6da03cea997b61c657,0
1743fdd9f0f2a5a4d13b84c42c49803d22e4d810,0
010b028376bb576fd52f074b2c78a7de78b2e643,0
4ee88ee0da027cd7f5dac64c6157ff60ee56d04e,0
40fc857adb7f4948297ea89473d0686a3a8c3408,0
476048ede93f257d566510cf7021de30ee5eedb9,0
e1960bd6dfb043024b72646b1c5d15b1638286c6,0
d5914a1bb4b50e00eab214d857ca5909e006c019,0
5492859756356b85c5851475813d4bad874e7056,0
200cd6f250ba164fbf86d84d548096053b115f67,0
8774ea52b2093bff4a7e55776b90a141f9faef40,0
e8cc314273a821410246060426f07818a0e643cc,0
936d4d414afeabc1b17b699905bebed7e14f8d0e,0
088e4a7197811bd310d513b71ccf3cf83ba09a7c,0
94736302cebadfcf7fd4ef621a9d6ffba4e40cc2,0
aa04de7af36bfc8fad52a426ba7723e0793e6298,0
e31c128999677f3ee19305be03c687435cf064a0,0
f57c9fef0d55e6faaac89c86786cf1319c984b80,0
f6fbc21ccf8840330f31ae7614dd708bbde22fe7,0
fb4106db86bf66a530f655026a79b60e6956dbcf,0
6cc5ada2e7e47e24d35b79c6b98e08ebf2b7b1f2,0
25aa107a8fd349173dc3ce8727e33215fba29e5c,0
2c13212c6a3a2859a92f929d322630eb4e796292,0
0b4c934d3a5ac63e748e4daca7927bf08063136d,0
04dcb7d601d13669366b952c085674708da3e764,0
adfcfbcee8e7084cbe4ddf2b745d3e6a3feb2a32,0
49c846f1c8fbe8fbc085d12b3462edfb1ce32c52,0
536d9560a25afc2133ed790f93026cc79a741fd1,0
8768edab5fb6f3d9be1c59d48e318da3c4eea92f,0
651c9255db72b0f84aaa75c13287dc3ca3e3fcad,0
0752fd0e51db0739d56e9cbd198907ac83fe9589,0
69b5d9ddf7566e2f680834d868955ff574ef471a,0
1f044b0dfb7f593dc7ed7c60acdddf0e0a73a7be,0
e44d82ca950176b676bb1ba27bc36506b82cc328,0
86acffa6ccb93a63acaac06c21757880c8a62e08,0
b8f3139c258f517adc97da32653273bee2a05087,0
df422388651f61f91828737c5b1b901cccb6fd80,0
4a7a6576af829fc08a8cfd5d933866ab96f35466,0
5a2f73466e64e410d314db89e858867af8422108,0
a03b858896eee3fb417a2b29db61c04e607c642d,0
49fa99ae08766e3e332963f408b7a361cc541765,0
ffe8d43deed0a77e2d53e8866798b1fea10f62e2,0
01d4211b29376c85ee0de4934f40a3834718f184,0
082ded3c409bdac13dd8d8d20bb7d51dff5d6f6c,0
4d23c5ef6b1d5d8cc43caefb02eda51130cb6776,0
2a4e520c913f047174206e74b58a9310a0b45751,0
54e94fde1c12c25ee59fa671d3e14d2f0f87db3c,0
7cd898c8e9a027e68c8802be1bd4f3d0c1cb3460,0
3ae4669c9c70998e45027db37b8054cf9a5aa1ca,0
80e023778edace2aa25e5e748ac351b0d5989968,0
c9cfd334fdc7685493f15d1e6d46b0874eaee7f5,0
27a7818eb1d122af60538459e8daf7eee190a955,0
560ffccc48095c9706cdad3b2379afeb8a1b5fe3,0
a2f666715236d2a9f1d4d769ba2564e3d0c3defe,0
5d610dcde083f9abb2d3069a630871bb676f7255,0
f3e28588a98c916f355c4dd19d05824746e09e61,0
414974b6efce132bfa74e54184733468f8fefca5,0
e6ab6936df70f14eeea50f88360acb79a5aeb098,0
4124a54b96ff20cc9ebe61c91f93360d5bc04df3,0
ffffbb893323f9eac863db5486a95a2ef9277295,0
0b5ca3c50716ca136a532f92dc56bd1fb91f0305,0
8277232afe4ea0635cb9ab2525a1a60dcc116205,0
51f3e985b54f2afe5ecf850af2bbf4395c261699,0
33762a662624d14a6645b0a4c2543851eedf1ae0,0
f5a4211e26d0842cb03c2c9d9a8b5e2e5b556c8c,0
da714d524d3b93939844e18e19b3959a725869dc,0
ee5d7a9e27f8c4212eb64d4cfe64fb95ec09a4e2,0
583f269e913c3d84d2b8ec940c21c8b7b7e66ac3,0
db958c7b6b53fc4d90b3761c9ef16417b021987e,0
759a88c61618a713b6147931ea458a55d1ecdefb,0
d3bd07b57b590a5143d8e1968556177f780f9ac6,0
3367ceddc79690721fcf645a5f8cdb9a4bd23ec5,0
52c66aade7aef5fa257d0fe139af215976d3607f,0
69683ea5355c750eceeea7d610103cee862fb404,0
6ada0c61d30cf88ebac5035b095a120f31692e99,0
2aba7d1c5f4bcffeac75d7c9e71b7b01a55e664e,0
fd739ef1fb89c21ea3a8d6f796c43297ef9649cf,0
3d287e36bf45b32cf09bb39037ba87117669c265,0
0d104b8f4508800354eb39f0381615d48653eef9,0
cf78f942d39b0c1b1f4556b5dd54dc7efb5c99af,0
6a2137142c8f73cb57eeb69c8417d348be7c2236,0
6352dcab43cdba05f7c68ae2f3c9217e68609079,0
13bb605afd3b31750f0ed8dd1a1aa1a0e1776e6f,0
dd32100b5796f18abea994dfeb2c8acf69eb962e,0
affb6b5010dfff48aaa47f085716e75093727855,0
569ae858494348553fd03b4e7347d864321f166e,0
4a7ebbbc7cdec4051f2fc242e3a7d20070defeb9,0
75859b3a782a20830aedaa96737ca2f37c72a584,0
10ee0bf7be88abf57176a9cd5a2bc2b66d496daf,0
96795b6e67bcb3008507702053c1778acd2d5d25,0
f3aef4059cb7ab9318cdf519d0cdec9100dbdd52,0
3494551c3853293392021b28e29378853ad5abb4,0
28073fca33a3baedae34e9872de562ceb4337e73,0
70d1d3942bf8beacf3777cfc976c0d2d03fa8777,0
7a7f74e1b0a8e309ecc3931048c2b62ea402d3ca,0
2fc53ddfdf133e9101081797f008183b3f441832,0
7c6bcd9fb060dd6a2cfb7e4c0f02c89f0957f6e5,0
89863c211fbef462e7265910ecc26f43cd7fc0ed,0
52ac7cb1bb81cdf5bfb06bc9a661febf5b3e69ba,0
546dbab5657ae0dbcb37c06c77110430e81c298a,0
e85c3ff1b68792670c4861eb62b362979f024a6d,0
49cc03a3cbfde27bb0781b85b57ca0a2254d6682,0
f002f9e0dde3554c40512e4d13f7ece922efe18b,0
c6454a8aae5924f32e967728faf20103990b835c,0
34fbdde05fa22fbb960b8a9a71501226cdf9e258,0
c3e7ba5f31fb2f77bf83f4a2d4510fb0627f6a57,0
c8d79ca8a493fe8aa43081df8fcea75bb58e8628,0
8b4ca7526fc8f3ed5088fa6bdad092f0b78d9137,0
0b0a22946438eec278b29518b8077841ab23e906,0
48ec35cfc520780411e12b4ebc9fc3814751d2b5,0
d72b383696e817c0a0d7930d8d4baa6f32a23bc0,0
bbac2d5e55005566716ab1993b1b799f80c30742,0
125540b5229e357b60a2f1b01ef5576d1eaea6d4,0
32ad241262cd0fe3294e1bdedd961ceb01f109a0,0
7d77b064b06f31f08ed4fdba37ef2d0b09e1b755,0
ef9f69822d252b3de522c8df12730bd64feec990,0
24e8d148e775e525e8e9d383577a028aabfb59ea,0
f05b518314a7341b98eca01b1ef8deacaafcbe25,0
39bfef760102b8fd1517c152c1da350873576fd9,0
df140c0b1babeaedfeff50c9dabf3c9535c062bb,0
06b6f5d6378e433fbd9458425267540b2e3decf4,0
ce72c35dc9effbfb1aa87eb2321bb7397089d795,0
51385409a40e74381e045d0f53b07fe6f0d97e26,0
49a6d49612d5a396686d186dbbbc35730b1decfd,0
b8ca77867de65a36e17c9abcdb03b82df37c3211,0
d8fed11606d9af2e60eef79ab7a6b66a052d089a,0
e2a8532d50904fa619213f9cd9986f3c71fdccaf,0
c389067ce08945651c2395806ca76d0430892c8e,0
7d86c98b3bafa01bd423ecb0be2e9857bbb1fb2d,0
3e560ff4b15b9efda259a217771f1bda9a8844c6,0
ff6b6ee32dc871d44996bd2e06ea7f6a9ebd3216,0
5f3558bd120648ce912ecde36868381e5c2077ef,0
96b0fbb948abebdf5266c8ee3450d8483329eb2e,0
ab087210551819fd0c64c4e823ea6b1d30a68ef2,0
382e2d2120d7234dfccd6dc61ef015766c09f08a,0
054ca9417eb83b2cbba14bc107ee25d1aec931d3,0
6d178b3b19fc3145e9a87e7156e9c4c261ae7037,0
a8783e7e5757125896ed96fa78f4e66939b46a12,0
6bd8d5d8ab6a680661231e095c79a320ec71514c,0
2e9acc1207087c257d5097dd320a7b138f088a69,0
5d846f7efa370a873699d04309815c582418b557,0
b6a440e88d989b58819986c6bba5c93619519086,0
eb0e6a10d27150a905436c532a445bc2f0a72d61,0
150798eae05082fae04c6c71677824762d9936e2,0
177e60b225653c507073f7b5e167d6fb3aac89de,0
ee2eaa27675b5e4d6bd3086487bdb7d6b71643da,0
d0f8e4a7f56e99201507b9915384b35ef6dc2181,0
c0c5fa3e525a643802a02e54bd7c1817f49b727a,0
085fbacae9af58230ff5eb1020daf2a47b1f4f95,0
eef90a063bea04dc7b51aa4e0f9d9589861866e3,0
8e33fa6421a84c9cc40ceedac2cae9b18d147f7e,0
193af9a3bf733caf92a0840202a55f86dbbe6dc0,0
49270ef2445b775ed0a6673757d15185d859e6ac,0
28ab3dc13238c522dbf0d236e08a25c3114797aa,0
908f4c754a3202e5da17aa1e275c683ebc9bb2f4,0
a5e46e78a63a15be87c22281fa17e7b8c466a55e,0
e654be3ad043fe1b0094e2b8e3b424027404cd22,0
bb41723121cd0474eeb1da327692406bcd220fcf,0
14790b2082d63b4f8556841999f2527203678651,0
ab05c194de068867f58f4bd16e9853d32a5abf29,0
4c50ec87f62dfa81960d704e8f85d8f1f6c0e037,0
505f749373dedb2ee0cee2d9e6a088744b443a4f,0
e627d55fe8a33b3ca482aac1da1b5555761c6146,0
38d25c8f13632beba0c9a14dd7f77031d00668f0,0
4ae79ad8b3d79370dbd721bcde75d740d8289595,0
e3d1ffa898a239a6d7e9d8951f31f44671e6132f,0
546741225ee06468a7c73aba8a179a972fb288ae,0
87290d9db41b07b9dfb32bb6cc7b0cc918d69db1,0
2ce98fcbdf8d3fb6ecd7b6a01ddf04feef22d08a,0
2b575c4f4a3a977df09db2d553caf888077848cc,0
f2c103056c04816b5071cf787503470980d88489,0
7c7dac14c6745d2c96e69a928768b678c726c762,0
8b2d1b2f116aef2f0fc3ea4e85abc1ff4992d32e,0
e42fd45488bd94520b37c8c8d931170b826510c6,0
709b245b65e41b0fc51319ded489a62478d9cfc1,0
7cb77518d76949daa9a22d4f03d6001b5ff86ff3,0
d6cfd8f8a1aa0230ee8739b1be00cf2878d2175d,0
a0ecc117a0d89703af6742de86bc66544a2458bc,0
64ecbbd5abbf253aff041eecaeb9dbe12c24be89,0
1eee7842f15ad717aaf61b1eb6cb91ac86c2718c,0
4dd9df42ffe0905c6fd74515017a22505ae863cf,0
e92483faabcd5729936db28765f0ac03a03bb4e6,0
1f3817162f529856218884da12b1f9acdfca8c26,0
10af0db1dad0c5c2b0e6fe03f841efeba676e2c6,0
588a0a5de8a705a5a5d25e972c1a41c231d8ed24,0
c69b62f1fa1bf038535a26fc61511040432b6487,0
1eb218b797f54518b103a25cf93729831411aba8,0
35feb24b62afe18f3248bb7dd5467f0afcf2518e,0
437b6b0d1eaefebb2bc4c84ccf915bafb383649e,0
e22a6ef1ab0581fecf59329b0ec100507aabc0d2,0
f82afe1719b0b901947a629a10cdb6799dd7e210,0
ab6207fa63afd33b507e253338f45c8bcff81a40,0
11448415fe88bdfcb2d443d725b642e5cfa1f97f,0
8120c546a5b06be4de950421e690ff402237d869,0
3f6c2149c2610fcd45e90612c765a573520b8dd6,0
6ce68bf0a6f74808aafbae48e4d8544b885e16a1,0
32d8f99e416e16dd5c79c9b3ba68d006b967c02c,0
9967eacb63903f2a57f774e844cc75b90ddb4a8f,0
23793537c62e209d631e87eec3511bbac7b97ea8,0
f547610e93688091784373e7e41cd54e36ede9bc,0
be000e7a3e6f9819a2dca2c8c389006ab40bc71b,0
87126dbf4d21e380fda6949ead2dac6b156de911,0
6135b49a1d7eb3c8d1672b08403bd101213ee67b,0
a5ef685eb36063f8e763eb464e7888f7a30f9966,0
8baadf5ba0910c5ec5f3b9f1896467a0ebbd9360,0
bce18f889ab4b453e6bb794d48b27bad4bbb21cb,0
f258379b855417194b1ff30086bcb6659bfc6d60,0
c2f31d6762387369b4063582ce0fd6642776a3a8,0
284b45f31065f12bd04c6e220116268deb1cc5d6,0
b0b9539da414804dbda125984e881da42385e062,0
bb491e3c07f6100b7c6a5e3c5a5d20d2df4e8854,0
acfe71d33e08f68a7fa0bb0f1987b9960f072b28,0
634065681b471e83eac925065045f55f5752911c,0
a82d511fffb34fa6aa0d0f8dd4b8ebd3ee56f602,0
52f2306d837c53ca1e0814d60499479965bb29b1,0
40d90eb2ef6dd8c08567903a0e27d42a6212f564,0
fc2af699d818bf980b9ae671282fd17048580ec5,0
c3316293b32f02ceea54e9d12cc2582a603688a6,0
0a53553daacd5802498b8438b95317c964197213,0
a7648eca82e82da16fe13cefd4fa13975494fc54,0
69a2f9249926ef1d67180b237a0f03cb8516143e,0
33b8917ef611ae8f544e97ddd38b02348fba2e57,0
a1232909af6efe15e9e82158187330806458f3a3,0
1ce4689bb2a8f4424018c078055a3a7bc47e73a6,0
bcf8e0dfb6c5156a7c638c0eed08d94ac4e93c42,0
d536765d775cef4f3f95d1573b6116bb7d23eaf3,0
b0980a0dd419488735214c801f76f12b6910f1c9,0
430af4c1c478290e9f7ab4d698682fa153fcef2c,0
35d620a6156313458b63ac637aeadfb2313ceb44,0
4d54dc36e9e61583f7fdd80978031d9bebe0a0b0,0
c20deca1504a7035f7d2d221065297cdbffaaa35,0
8b1889759729b27d3bd684e01e01ddb1262e30a6,0
1e3a7f34a8d83099701300a0974699fd9d3e39f7,0
8acc1bfbeaff68ddce179fdcb0617783143c72a6,0
205ada8f77cd998dce45061fb6c632e8e9b46ccd,0
b87a58d3a417209df8be11474af3ca8121537788,0
81ad5a367ccea9bb0c489ebeb7e275ea349cf7e7,0
a433aeb56c5d916232c67267844e03cc78301fc6,0
7e5cf6a164136c7e0f044022016779bbcfcf3ebd,0
2a104dbdee91a4af9d7ba2583dae6d38191f1c01,0
0ec133533e24e9a6b429b7578be3a8411399cd3b,0
e57ce3cf019ffa9534b88735c454c54afbe9849f,0
320c62fdc51bead3955834799dabf10a03ff69a7,0
97be8b4705764ee6f36bc84eb18aac8bf8a8fe68,0
6ed192887de02ecde759999ada9ea18c462688d4,0
988816f287f001471ed2293ffde15cd537aa0113,0
4e6a616c675c83b25b0d5caa31dc8c91f722a055,0
c7e6989fa62a45717f3d4190e7b545f3647c35f4,0
f82332821cc0a6a36a7a731e9c5cd9271ad21183,0
7f418833add9fc0fea334e47633821791ee96c6b,0
40986ebe3cce4929f380f0e536ead1321cf0eb39,0
36d74a41c66746c6205c0f5976002676b320221f,0
fced9384f3936bb4d5504f29ca7211be1ad951ce,0
831f9b064887cf6b3c41d3eb119541d6141b93ca,0
a7d5ca417c3608bf33b7304cff83fb8e16fa4c40,0
5934d0ec4966db7dd1460acae85439317cf06807,0
00ef90cc784a201bd6c98652f39d4b5acb3994e5,0
423f9d5e030d7e0ff69747040bb98b5887aaebac,0
c534232750533f5d82f5a9fc5a5f18964db3ef34,0
7d984da60f01a03640e4befa7b35166bcd0f9b2c,0
63d0efaf9bb13cef2943d41497a844d737b406b9,0
e253df3b6911197820b8796da4b60101ec594911,0
b19f20f89ea2605697fb16987b8f6a3135d05fa6,0
b9391ea3bcf312322d88346884106d7acde26b90,0
230a66d032631113a13a252a021cace1aa6e9e33,0
a86e22474d766c2c7ebdb1f74fdce6ef0762e695,0
fc767bbc110faaa68cdf5788718155b2dc0995a3,0
13272281a90da0443fcab609af8e266e344f5d61,0
fddf0ae64ee631880a9ceb24b576a3a5a04593ce,0
6f7ec821ca80180e259b7cf6d03e3e8a8690db63,0
63accb4a73eb1a1a3c83aaeee38b9b8a0c295a7d,0
54545d65df6779a08cff819d17de8402b55afb48,0
13e98b27f2db450ac80954b7661a582b822eb786,0
9475689c9d2ebfec672d3dabcd16a3f860bbf425,0
4e2d155748aba9a31e0b77b21e9c2803c3eba2ff,0
87d0dbf444ea460d379ef779a7db532ccd8f07ac,0
44992c8e00b516775e041a75f0ad61bf00494a67,0
36e53ded1282b63b1df46a0169a4f87a7b2aba1a,0
b1cac4aa8ffdecec618c23e1c181bea52739801b,0
c437f2ef8bfe4aafd9e00057b8947ab931c571c1,0
70ad0fb54401ae2c5416d7c822519ef6595a24cf,0
f53d89708f7eaf2c9c8356569c6c820a4c124a47,0
a7755dbd9c59d16630e7d302e1a330c440fe516f,0
632462f53c3a83d9bc50b691898c93cc582a9958,0
3be287a02afd2c91ccd146d08d909e0289a21680,0
40f0813b631c4c2d631c6c89b0786a983f08730f,0
ddc43dc72fa4768aa61b4445d62955d192f7a3af,0
229655d90a780fb4929197b76c0d597d2c7618e7,0
80e76e5ba285723b5896164bdff029eb49b83746,0
a9813c9dabfd7c2bad8f8006d05de80d3990ab27,0
7f3223d2faf5e064377531ec8247d8c2aa396314,0
63f733b14d98e6e69308cbbf0c08ab23a2536fc5,0
4eae239fc4a05d3fd982691f694865ae3a81f121,0
3cae6d2988840b188ae4b97f02f0b472b33c2505,0
377cd1b0e886f1f8075d5870c62d41349338943f,0
d9bcee35495a76ffd3913cbd7aafc796511e5dfc,0
f3154077d04c1ade058e7b70f5e2a6367c81486c,0
b7d74a535dcdd9f79e57ba27075f88e506ab09af,0
a37da57bc05ac0e8a82c4148e3ed995fafaef10b,0
e52de7b4f3515efef06638c8ff9184f81d3c979a,0
f612e2f0830f459fc5d2a2fa6004e7c8d2ebf03f,0
7a75d75acfc06ee0d2b6a79c9580bbec3472e7a3,0
b537bdd181fcfd9279bcacf8d3b78cd94abbf03b,0
fad13e0e7abab0a76434d46489c748cc1d281eea,0
c1a70745c4ff6de5650b38ba14363df172dba84f,0
90d8d2bfd3345b20e375c421f35b7be9730c21d9,0
c2c60e72252bac19d6497d01d29897ecacb9e9c7,0
2a10ef8a39790295375454d2c927c770e4937faf,0
83e7cf6850a0d0c010bfbd6cc4529af869d89c4f,0
3e9e1b70b4af329b09a4966f0e43cfe684f5d30e,0
fc7fef8d78f6ca2d9154434c1af757f500810fcf,0
5c645cada3c01a6bac11ff7700fff2f83b86be5d,0
1f1dc6728253712678ebd7824082e421b1bc0392,0
cf4acaa1ce264f4b5b1318e0db819423675f3d56,0
494d53debac25b44c9080c365518504f553fc073,0
59f88505ee4658fff213f12674b98ebb849cfa64,0
7901bcf9dce21236feb0d136be49a8f9a0accd34,0
ecd9b0ef92663e4241c75c40750f60da226f9b60,0
a715208e457980268d4c0d15818ad8a9f9b03b64,0
4f73ea86f6f8c2e98a7209686e5de1e6be0de121,0
5c482d5255b4d42fa972bd8d33c1c467d73352a0,0
22390ff7b37a2de0834ab93419d92520a820bcee,0
9d87c24eee23fbd787e074350af23813c1b93799,0
cab14535bab2c9ea45105f918dce61e11d32e7de,0
dc2cb636ac1c7b7814624419c3d83b72a1a72233,0
95ff23f40eceb08ae1e312bdd6875ce86c71e68c,0
64b07d1781558a2c5f780a60a43d9627b61e3a6a,0
f272201da4712caf1bd71458370096e0808d25f9,0
b9b0bc94c7e7ccb608e5d9f8ed1ab0dce6f3f8f8,0
313efa9498856bc8e62ca8f4d71bfe44b686675b,0
4ed5351e9f679f59b4bd2353e71ee9416e72b9e0,0
1f71d36f4627fe143b48c5ace46dd310d622c5a1,0
e63245ea14909b646b998976985eb92689aec69f,0
40ef0d4b0b18c96ebf089c0f0bdc225d60ab902e,0
a3c3a7862d0dd1b71bfabad7e33f304c2226adab,0
56c54721ee8944d628ca32114c4513bc86277ed2,0
9b1cb8bb8d3b49fd4422a452497e2a76e70d9353,0
ed45af69b828888d030baecf40dbfeaf5647e6f7,0
67f00d3d6bdbbe87f6c7fac54a758bc080c975fa,0
a0f98dcb866388f0460c7f8ab98af09210d11dbb,0
3cd4661a005b377228ebe11df570b20dbe18ba7d,0
29103a1395bbc5fecb8bff7170ccb851a4f9f25b,0
821d60f460b7f8567f0be6c91b7ea6515166a00c,0
a7d81169896c85df84c26b0007bebf1643890e5d,0
459318a97e4af59ca01f19406242634b9a6ab1e2,0
ffaf64b36b5a60a18772c246c144ec07bbce9b76,0
3a411d19fe192a0c5ac22bbe1fd6e620c1261c3c,0
39450604c46e306b62848c4460ff48f1a0c70fc3,0
0a5a20383a2861933c1f76870f05982c669f3b92,0
f7394a671638b826b0ca48b7aab6cf5e720348f2,0
724b639902b0ee2ff36b4c11bfda8c4bfb69fbe7,0
cbcac4d6e59651827b29e7fb1623071665d65ad0,0
a721f0cceee2528af1bff76be8fe80ab01769efa,0
c19da0295fc8e1098a5eb6912084e577922387a2,0
e88f43749b5a44d4ae87583769c083c944653b9d,0
eaeeb9a6be354f6f2dc079164fd19f1d55a1d14b,0
3dd91e318424aff47dd4d1c8f6840729e96f3809,0
6366bf5fc37a1a8f29979b8126b77425353b35cc,0
266840d80ee78ca77263ae97e01b54e4b6c35560,0
69e1eed311130532fcac557d41af1150151dcc72,0
bb18eaace739db107e156d8ec8e929d4a1aa1445,0
e2aa41bf6160cdc64a23865f576e560c9400d767,0
e6dd0c63d9ad3563342849c50c7f98edca1c8e2c,0
79680c0b567280aeddbaaf6d989d1aed153ddb0f,0
7a934f0aba64eceef35368a12036434e04f8615a,0
ad0e38f1d0071888b3f1a09735c6e0cb8bf5b89b,0
a80e6fe0db520e2387d643faf9fbcc54ca7ca000,0
d7d450d1305fc1a76a25c4c71f50ad50b6f3f07f,0
ed22ec797907fa912d5b4f8eb4a218237d93533f,0
b1e0c86d101aa43029625eb191aaee4306911702,0
77f2c06e9949384a0899e87a4a2bcf9f8a7be785,0
772a9bc9cd2465f897f0c5b12852ad620a485df0,0
778c83a18f01fc4e3c8250c84dccf02bbdbf5117,0
fabae5c1d5036867723f3ee735ece74971518f95,0
70e1a2fc147a0da88836f9d44384f2594732ea66,0
fdd7783f7e1922617aa9941e0bf442a79d81ec15,0
a42887d4a841d75655bfc09bc308f7d3d89bea1e,0
05052d6af12bffcd18d7d06588af85d6029f541e,0
0ba68cf86a9c41d69fdc80dbc18e59fd0b79f3e4,0
e0a31949ac76a6059b22e808fce4d98163b3a047,0
1aa9d2508fb9366d95857c42c32080267d142dc8,0
40a8d659d9649b56532478a6f582b894d39994e9,0
1ba67b37f467499493cb28f4b2905eb7baea0ffd,0
b77d2d1de2f4fd4072df4b82daff856794b5844c,0
1a9038536bc71d4c342638bc0c9710dbbb61a15d,0
771f18792dd5d98d41f8b3efae4f9eea2734281a,0
956777e41ae554918e78473ec1fe57c8512b0d25,0
78406f2dcba00eda9df931e19377b12fa80dcdf3,0
3c26e90caa8c66caa33b632af179c5e06286b0ef,0
0a71e359f37efa927f6ee1e17c0ab42eed934ad9,0
7d5fcc9182c038e77e39511077d0ac3d005cc077,0
6e8bb66c7d8be9c2a0067629c711a833a0373b90,0
0a1aa2f881bf64f4069c36ad0f9fec7fe5032175,0
490e5dcaf041cc315a36f40c5647052c544a7be4,0
7f0c78331b1f384b6e4030dfdefca48120f45ab1,0
5835133e916e3653ea4ad7e0eeceaeef6265a21d,0
08134a377faf0c0171ae53af7e75bb031a759b72,0
a54e00f18f856ac87cd6c131cbcc991d5c3f4fc6,0
5cf03780bc46152d53897c2b59174bbc415c56e0,0
a86775c61dbc83ce57ceba60d72742b024b3bed1,0
33014f7339cf61484b158fc863608212a852ca41,0
80fc13e98496f3afee63b4469c6e6dd3e2e1a7a1,0
cdbd36bc0f67b209a104c4da8afd9772fd15d556,0
9a8184064653b95e7d847f0d90fe3d0d2e4972d6,0
74eaccb5f488547960f10eee793c50c8bd3abce6,0
32fcf000333c3d7c7521d66323882e3e8c0adcad,0
7691e80f77a20ab71853003cf693e04c8ca2d3af,0
6e145d55a191ac9d0083db6500c5eed26aef2022,0
15c5f142325a92e6473e350031e1ebe46dcf607d,0
5e22b104e028306d06b527ffbfa721b40a990316,0
2cee1fa2070afe404fb0d11c31d1c3bbb1c89210,0
530ec22dab2573c2b0858dd52636101c6775812e,0
f13128604536e78bb1b45b44f74128e93cfbb7cc,0
dd394905376328d4935cee01938e7a12890cf6d3,0
3ea4fe6533b2b9f70818162d195ce64fc547129f,0
fad776a93d1b7ca023e3ca320bf5d22ed1686c34,0
05084c77caff9d24e15c40a5adcf1e6f34f8fcac,0
079358f765b951fba3bd561ef3bdce4765bf4872,0
261df4d0e8c40050f9f612c5cc40f8c1e0a25b19,0
38db3dd182eb56580309fa67ff0d03d8dfd5621e,0
5501e85970a96512281d465c128b554fbc3bef8a,0
a881522f8e458300c0b9644e27288be5c094bc0e,0
2008276a484d101d789f01bba68b444103a0eb4f,0
169e69e4199458a32d580655f617fff7a2501346,0
a4e6cd84a8f2f9a39bc277ce3b9136805ea46a70,0
a51ece0d640199785ea49744b7acded4b23d1a94,0
e3e838f6186e005294ac02471b2ce6a8d82b667d,0
311b9de07cf8b3b29b06698d7229cb6ac6a79eb9,0
e269038a8767b841b4bb804602df919e8dfd0a70,0
71cb64a90d28929084d58e0d4c2ce0ef26b23db9,0
f85dfb9d8293ceed383a7ad62ac5e3320885c987,0
3776bc7f447535396f127393879726b62a695176,0
e8e2d03c69bb21f4bdaf22c54fa2665b84b8cd72,0
4b94ebaf4ccb616807cd7ce37a83052d0bda2526,0
2fac33199c81202d5ee2ae6db113fd83f67a47b8,0
47f4db9772571f21668de5b34d2174f7d967505e,0
6466ed6e1998d2e262a050415bd54763abfd0a1c,0
d96e0042f971545156711c53b2e0a9cbc0430c9c,0
a7e3bc218cb5daf45c01f2084a4d1fd8971ba274,0
2d0ef62e00ca845b4690e22a8b2c1099e0f88e96,0
03749e654d33335f1703e9ba52f5e534f6ac83dc,0
a09b8d108607d055f49fca8aa5b180c66c8c2297,0
8ed7e2ed3588243f816fe60c95803f3d458b3bc0,0
74e9052e0dbd3c5b6c13c39d350e33c7a4568c14,0
ed65abdf6a03e47fd1c9d5be6b5f830230126a9b,0
c3c30d2fa4fc7874b2de4c379ba02a3d9b327cb7,0
ad32f73cc4dead1b5a9ff766fe68aadf108a1c79,0
a22dd8ddd1b2c572a54a9961776bc702324ea9b1,0
4d262c119e6123c9441e66707ea3a3e183358d46,0
f6b60d174da407c5e01215c5bac87656c4e2200d,0
c7fad4bead9d4b5250b1566e0628aaf941e09182,0
74bf167189a7558c1a90c1d839836f0251be0c2f,0
8e2f14c2db752e2b71e148341ba435c723bf8b9f,0
67db90a09984d22cfcc8e05410db11a78bff2c35,0
86239bc426f2812f1c2be03a37a049b730f07c4d,0
54ef9d3d7ee4d07d792d287c768f8b402306e55b,0
f517f2ffa968eb435ee7505ee9a2058a96a2bc00,0
543f80d1c83eb0c6bf28a0bd0379fa29f70e6498,0
db0fcfc81b6172d4d639668eb36e9dceab3a5ce7,0
c0cc736c9b7693f240671f8a9005ad8cd76b438f,0
7c6bbef7344982328f1378cc82750c3fad443946,0
52201fa2b16f1b42f7d9ea72d861a9f6ff3fbb7e,0
0c788b6546b2bd7afef0e9f5f7ec37fcbae18872,0
f6022b426bc2081878290057a8ecfbf3accc9ce1,0
93de2ca50375e3d0776f85f182a299f0c82e8246,0
ed44d1f85d2820e749f72fb93d3734c807f173ee,0
083c442b64b2bbb3e9e41cab5fe622fe60e50b6a,0
159b3bd94ea0fca725e28cdf1df024ffbd0ef4ac,0
e5e589c52834e122c5328c230043585011f4dab4,0
daa6779687a1682b071ba51a84f2622df1835532,0
d14752b034f669246e25b8fb2d809440f0eae159,0
9d75b2b903e7045cc2ae7f0cc82f0ca8b6481523,0
1e8c26767f54b453c0f0c45805dfdbbe6b77404c,0
919b8ff2e6ea6aa8fc30ddea0c86dc36fb2c7e46,0
b3f58e6c463f5a96233008a87fe6751c1b954f6f,0
397a5f0b860948f5f56e6179531004db66726bfc,0
f2844c3f3f0a23f1e36a37503a7677f63e22d38d,0
0075d6f889eda235ad960d8d3118d6201892994d,0
030463bf652ac5340fc902f19477bf4c4544af12,0
a6e47b8d16e1ecfb4ad80565252562eeceb7aef6,0
9b967afc73caf3047c7b23fc30cbea7223f82fd0,0
41f208cf976d7b9715c79c5e005a55aaf8048f69,0
94e22d0df8e18f79f082a52e58d25097daeb1997,0
acd2544c270bb2a1fc30950fa0c92668139bcb63,0
91b367eec718703d22496af3228e6e57518e6a00,0
d69e6a510328570c9839b31028b723d5e3669036,0
292c167e97ace37ba387cfac635efdcecaac29a1,0
db036eb84ec8c1129e9c644a44b1d9ded1199499,0
37f8cb0740cfba5b3de80785a537cc80f6ad4397,0
5ae58507fa627988f8c4d629a00f3165a575c752,0
a23ca4d151f00ad00ff6666a189088f5ec1c7821,0
76eaed094e81e5d189b94b0d09baae6b3b7c910a,0
d31669a9da8d3321652312d069971cd0484bda70,0
f70a2965ef5cb2e5ddd3f3557417e7a2de599c22,0
e73e851c355194430c1dc787b245ae218daebac1,0
8e8e9e8e32ad2d85d2e17db18fbbfb8132b9b2b7,0
a208bea3727880f86a6affc816cbed4b4cf8814e,0
7f78e7299743573c4ee21ed831aa87ae02218b2c,0
cf8d59244319d1b08249191a1ae1a6a9a7b7f2f3,0
cfd17e00c76f76a52e6b4b5eab413e5d3388fa49,0
6006154a2f89d94e51075a7ba83dd60968e2ea07,0
8649b8eb4093e399206e515f832626d59e51dba0,0
c001b5ef8763450bb6832266f7501b55051de8ca,0
dfe44b69b731fead58cd3f1a3c94430a68fc7789,0
e89660cc77370f12c61d33f5c690f7812d4649ae,0
504e5486bc022718e8107d1ba0ae8f844ffbeced,0
d3a30c44b770bb51a11ad88cf86abae2ef6d7865,0
4581b8d403a16306467c30607819397b73f68806,0
916c7402556182fd48893f627f3f54e1f29dcbdc,0
31dd957714e19889aafb16c2418a1bc07a5d6315,0
79a229050658ac1cb8705111d51b50d38e990dff,0
795970414dd5ed4754edb59c0471d2eaeeca6afa,0
511461d4d0bb2dab381a258e851199135ed8edae,0
e92a0374aff8f973cf29cb3f103224ddb87b127d,0
1841d6a7c37dc0c65ebb0d6a0bd028ffc1a140ea,0
a70a78c257ee98b7f7bc4617c43fc1efc521df23,0
127f1dacc875580cc7813f5f9723df8767c322d0,0
a3e630144a7bca279e3cd4900d65140503c109d5,0
ba17f72e2018251eb9aa0e9b8bfd762ab791b2eb,0
648c5cad5fbd4bab9c62b5d10822a1983d3f9afc,0
6758c426aa908ea061bbcb41f9fe77a0b9e2a500,0
983077e277416939d859ed6c8096e8d028ce373a,0
51d30a80b5ecca70534d89b480770535d13bf16f,0
ca71ec061fc3e73106e6e11dbac76a64711bb18f,0
89234dbd3c6a899d17c81e8c5ca808d1bd76f5ee,0
f8f35195abf03d88822fe45f7ec5aa2511f68c19,0
0df44c1d0f414c80ba15f9f2e10658454098d444,0
9df0e7db91b92a594ec3cc35bf7f0c9a42684c64,0
0e9dc63c6a709c626995a858961c547e75b617a6,0
65389f39e26bb7adbcea076465c8a8fcb4a5db63,0
f659b0c02d318be777e63804c6f06b12f9e5d701,0
de96ab4fe2434bdd861d3bd9446d008c56963aaa,0
6b65b80c6c33b7df4363b1133df7e1cbeb45ace5,0
3b6f88d087a17ad4aca8d9155026f30ac79b2478,0
b806eded4ab1446c70e6b012d394ee3d9fe9902b,0
7b5f5a49378d4187ed0c71d662977fe68d5d15ae,0
d8b26c642781de7d425469adf7a168ab4433b9a2,0
64c9e8781ff150413f7eac2335c3a6db1b9f8c00,0
75896becf426e75fcfc0683862f4274421dc0dd3,0
15a76837ae1b27c527f423b71c021c808d63f782,0
dbf4f05007634c20cdbe189a15c5550728ab7e40,0
22e20943559d10f113e0f29ac5af3e3a3eef90c4,0
9c5b10c4f8e90cc95e9881f5e0c34a2869ed76d6,0
4b2c6854d78cd058adf036f9a84b5a54944ded2d,0
6f597c492b1ffcb67b42ced285be19484033691d,0
a24aa4dec3c992cc168a19e991de9159ee280d13,0
d12294cbd94b3b83dcf4a25de7d3f2a031c24834,0
3525750af0147eed58cb5ee65c76c5d6462495a2,0
f0050b30813ebbec775aa2792f07f37284aa8913,0
d13ee9e2d05d7c057065e1290b702fc9f306ef9c,0
b954fc9321030e8fe2fad54839961c18218f86e9,0
74f6a0193579b8c2a078983dfd7343d57fc42e9e,0
278f169c173c5e6d833fe5283a28e85bf0faf239,0
09677c3e674894cffe2f9ebeaa7e562792f658a4,0
8d6dc14662d65b3c733378962f8bf7160fbdc5ca,0
487daf84cd3bd4bdb44eb54829471e4dcc512aa6,0
35eb56d70d79425cd367aaeb141330e7d1f68e56,0
bb5f594d14a7bf6adde4a72b05f7baf78ef1c490,0
c56a6a4965747f03735969e06f8fc3947b7c1dac,0
ad18ca916f227b13b92f73108566cb7a01450633,0
fac1a9174d99ddd51b043fed190dae20bb5573d1,0
344234a758da62aa422f6f67c6e7b1f37329c9c0,0
67d2c666d8e9824c25c083f6341ff00d76591ae7,0
2fe86559b5df58a6907903e70a0814943f675850,0
fa529d2db1cc8125b1ce7c4813dcd25ceb9217b8,0
8ece6fd2d6e2cccd14a50064cad66b7f18fd72d2,0
20b0c930e2e329dfb9e318499a7b39dc931cdb9e,0
74ee0145350cea4bd276ad955cc81befeb49a021,0
316ed1b324c141b82fb1e2d0cb4cbc91e94cb961,0
d59b4548520de3e2f0e355b072db4be5eb460286,0
1cbcba401ea92e044a0ff1e4674a92d6a1c58555,0
1c09c1736ae69440d16cfbb4ced27deaa0d825a2,0
d978d4635a18c45fc152b48a109dcae2606e4240,0
3c9b1e65494017e873bf67627b9a2e63c4832d1c,0
0014613bb6d3cfe4022a614b0cb0011206a17e8d,0
353be7d58352bfae8ed77a6e2d59e09984781337,0
221f03b9696f502fcce390a29d2aedbd3b201b99,0
bc626419b207e41c7a5c9ba3a1fdb51e49cb6d69,0
d697b482e485d7f493fd2b6dc480470fc67db125,0
bdd1b29c98d092c43e2b3546aeabec77cb584469,0
e121df3f89dd02391ed97f4523e8973df6988019,0
ca246a4b863e0c6c896aa0524fd4c65acf6dc207,0
13ddd25be196a817fdffecfcfdb7dc58a5776f82,0
e06361007a70ff9633ad21eba274f9fd12c833d4,0
c3a37b4266264caac31408c6b9eda0c3a443df3f,0
93467ee53fa365a366a36be6a6941505eeb4358b,0
7b2c11e24779a5f38c3f48ac44d9fb68c95a0c26,0
abd099eb501ed42037bce829ddfe77c55ea2569c,0
e21b52aa3ce16881b5ae8a81360875a16b6f8090,0
1556eb5eebd2923548b3d4c7f0379cae5ff4e040,0
78b79aaeb4cbd3cd2be9f6fb43adffec7b4a3325,0
1c6f22016c869f106c4e9e949667613bb308ba4b,0
91456d1dfc56b710f928fdfb2306f4629c96f633,0
353a171299a889a99e8f81ef1fa684bb622d2eeb,0
1cc272210d60cd3b16c14ca6b8ad2a52b766f415,0
14d3df96d27068b5819863aede83de9125b11021,0
0a197d5f853840e63ac8e76229f7e0eb1b0a2b9e,0
d58240cec1752e7d0cc1f779cb54001698e2e0d3,0
c453171974e0d2ebf73ab4b93d409228266d16de,0
5d8e5d580ab4f66b9cc3a141a316ee6bc3594c4a,0
bb0d49c9ec9c9429bbd1df3b380699836d66c6ad,0
2904ffb34d15eba71b9fee6ce8c3a67f0f636c49,0
f81880609ad025198617b88b3eb2edaf231cd2c9,0
81252452d634422e9c968c5a547c842cc839dde6,0
865aaa0dd2abbb0ba30c3762d02097ac73b718b7,0
8c671743178fcaac93cc4c80c128bbe4aef868e7,0
50b78a7eb47ae007b7fecae0d2c80803e772815d,0
9aaf3fe69c2e06013d81d491efb8574f99bb4c12,0
57f58c428f956474f5026d04e1c16edd7e73b15c,0
314ad67b446e65810ad1350ecc0121508182e89e,0
0893fcdf5ea99dd7a69acd944a7003600f9426c1,0
df673ee688eff39be44652b6e72aec31873f97c8,0
c3ede4ace3575bc81484381169f7dd38c100c78a,0
2061e875f7801a6163750ea212fd9ea66bd2a86c,0
db5a6c54b26bda3ecb54e95364854bdebd27f98d,0
640ae7c3df8f11f3942b4e73a82e11e146a43838,0
41411d7ce4b97f79408ec9f494a0b4409e85f57d,0
55ddd9b2474af0b897a5db362dd6447f7a2d5a02,0
36a09db590cad477ff2e550170cd908830c6ee19,0
07834b2242eeb8bef34fe0efd52fe8989206e283,0
7bb561ab19f62b436b88f13439fd7af42295db30,0
b64df06db1ab17e19372325fdb349e43b5fbee18,0
1b5563220d7f24e387107e751119535623c4b36a,0
803a56e3881f86abb634ecc8b30fca823d62b160,0
4b65cb7b8344f052aee3f84b012321f8ce5931dc,0
9f8782584ac320a8ce9d011ee92644fe49b84a10,0
46475e6b6d3c159b39dede32dec20a6751c176e0,0
d38fb16a2353ce6903b919532899c1cfd4365cde,0
35bee03c19c00d0020f676f54f2a3ef262a37858,0
f6b967fa99e54a3af75c6b0104f3e29a7290e6c3,0
9dac29741cfda429a4f7acd9d6f88e3d80c24ae1,0
a5b11cff995a5117746c286e0370a9f8eece867d,0
6a313f5e59a12191ac06abdda5c5aefb3dfedf9c,0
27b33610df5284e1b61fa51bd473a81886e6f814,0
42758d97f6c564cc84a2955bee5e34bc3fd89abf,0
da4d11c1441ab29588da79910c27facf5bfffed4,0
466091e51d875d2a4499adbbb63058e32ad5a7c7,0
0c1fe9a41c952c4ee53f2ef6d5e7374a7d833160,0
01e468717660b63d1a28fc9dcf41692cea493ca2,0
239acbedcbbad2b4e2cd8e4ca4900363274d00b7,0
d7abc978f576f2f58463c44803e4ef2fa8c2325d,0
b22bc27796a3cfa0ed8aba57c04b1d7169bbbc6b,0
c5d832dd95b403dfd8007d9055f425b2d54d097b,0
13acb3e6b50f735dd4e990d15784550d049a84c6,0
b993fbe828befabd96a1f7b7b29d076200caf6af,0
591c352cb653385d6ee3c9c7b2c79c8cf7241f20,0
0a7681e9d287bafe0eaeba8e3189db16d72c4f73,0
e11373f018754bb13453e5298dabb7a6d9812957,0
3e9154bba91c6b7f6dd37e8e89deb3529ee5b694,0
a2ea369dab3caf6c12f33197312dad2180a58aeb,0
c083ef49017aa62cbf23b7b05040696b084c4333,0
34c2efedde46e42f11f6dbd3063e2dfd5caa979b,0
7f0cf0021e9252ce7de772b988fdb448710044e4,0
26bcc515e7e2853496e35cf7359c1e7602aab4d0,0
f9655135f8aff4731c1ae65ef682f23f62ac566d,0
316068e9d03e9b79795a199c5b23c08d1612997c,0
def8541807aed46b6b9f8d159f9818e226154936,0
6902771c811b089a033daa35ffa184f8e05f6185,0
552d06a7490250f15bb3019ac3cbc6c24303a45e,0
a34eb6c68c18370e5f07bc7992a07896806c9765,0
4baa5e7f953469d0c3e666a2547bd1ba9bd126c2,0
7913031ba8056f07b6d2ae10d866f778bf5e22a6,0
28eb33b5b3551de2e630a4cb59dc3bc5506f8114,0
95b0eb71807bfa92cb8d60dd6ab522af74cc2dc6,0
7933075672e8154f2dbeba9e45854c98a90b7a16,0
9a9a1afdf7fb3320f2a1ffedf13b96e7a8e56e90,0
a0a6fd72ae3d9994a9421c603dcee65204071a26,0
4788d449e171853a01e6502ed905446a92211c9f,0
2b44cb4e8bfc9bea1a70d6ebf6af5aef52950eef,0
9bf17be30b1a11976d0ec1165ceb35df0982e640,0
108be95549a760d5bb946f75d68436b7b585420e,0
2cc0fbeccb5566ec4a3d266b58cd65e9dc4a6640,0
1f3f3ed0ea7776c5d496326f5bf8c86b676ff418,0
c9141966d2eed3bf6896dc6616f3583c6cbfd1bd,0
728faf5c5b6ed7012a025b0d67fa9fed40c367ad,0
01124aea0e4a1d9ea4e2547a85c461c80525b34d,0
954c839ab59ba7d3cc0c2d377215238d7a2f32fd,0
4feb7978786df284a30c2de924b31b5c5f74a244,0
79d498e51d73be9d3f6347cd38ba1f0662e9e7fd,0
c20962068b141a03696944c5659c160846f6c36e,0
d3daa5867c14976decd35f7cea992c94a632ee97,0
4e4498817bb25e46a14287534f237c28c04d6d4b,0
4f41bfcfcf88707cf936c1b8a31f84146bddf7dc,0
f8eb73068e175e81d1dac53c95c5ffba064918c7,0
bcf722d674b59fb350c60eb4de6dc55bd7116f91,0
1fb4c33094e1bcad3406c5362fbe593588306776,0
5d5b5f3d2a28c7b35f809ba85a06e064fe12c33d,0
d38006c8ff20e7980907179b1c089f68c6e5c6cf,0
c8cecaffc0f423f958975c6889edec6838a5f366,0
aa68d693175a805b00b6d9e4f63ab0d086a89173,0
e5bee77d8b3691a632cc7e1975a44ddb29ff2eab,0
ba2d3f7af239fe4e0c23a43aefc020e5e081206c,0
44b3e745f70e774f99333af4349e82fc71530f40,0
e5202548f3000b150dda5bfa0996dcff5fb9400e,0
270433e4a925d07d851cdafca8146ace40c054c3,0
6fc9d15d776b9b75c9978ee662f08ef737921007,0
57d5de8063efed7736f53ebb1f682abd97e241e3,0
a2ff8bdae7038b5a1bc6a91191e90acf8f91b2be,0
6ed9bc91d4d31b1a12919853956ed8b7e727e231,0
d02863be0879949d2356b32d284da10c0d6d3514,0
ff023a8a84eae76d42b47627281d05ff4ca1bed6,0
01b129c921f2eff600bd6a9bc1f9707d6ad74874,0
037e44c72d80cd54b926902d5bd7b9ca83665d5a,0
4a012930e8f093c5ece56487bfd4d963f53bae55,0
767fbd0856e3419f1448fb5d3a5379c4f6076aea,0
95e68a06afc50f5eb05365c9936a45b566fa8ff1,0
5544c0c5a31c14d7e17335ce7502c90e72294410,0
330965525e51d2c85cbd5780d1d41efcdc2a32f3,0
1d1cb55d7128fbda0685adb35a374241b52ef8b6,0
3eab70cead5607b7baaea5e532a1a11796543fa0,0
66d171fb5b8bc2c18948d7fee75725eea9ec84bf,0
6d696f82d68bedba6694fb688e749ac126ddeab7,0
92e4835aab17ce8c7e67f9d9a44c916b520ca1c7,0
e7da72af0942d3f534d4cc3564c01140b79bfa96,0
9418bbd8c988ccb1c897d3cf546d2d87ab92eced,0
756ac126541116af062f4a7fde71d32cb29575a9,0
c5e2f4f542c3235aa772f331e22d6612a672b8c5,0
ac829cd7192977c8c1f702b149fcd2a74e00e812,0
4754e966c52c0bd6eacd37f59b586c0fa1641835,0
caba7c9b67d9eb80943cf65e497e02aa43545d71,0
4e2be5acb2b04aa3b2584f191a9cb8109a7ed79d,0
ea61b18e661c7feb955a751e49d09643be67f3c4,0
2555c38ec47b7bc499c3a0274339d7fcf9b86309,0
5e2f99645a2cef32f9b8956b245e277e7d68c618,0
329d4f98d9c5d28245a7136ca532d8d1cf964822,0
922eb2685ff64bdb27607ceecbe333330e5be4c0,0
1d32d87291096756ab25a3c1d88d50720fdfc9eb,0
8e243aba92c011456336c6360c44ce9654954bf7,0
23bc1bef3d890325de53cc2e353979b528799bcc,0
ee4c4f991e5d7f019a318ff1dc6b431eb2f82d4e,0
0e111aa0f49542b1fbeed04337511ec10d249e74,0
739b90420857b398a7b1a413f17083ce6ff8299d,0
89132a0ba927a7530af595c275714960667f5fe3,0
e49eeab1e0c067bcf8e481741be361401a97722c,0
6fff772007fc5809e31798ca00bc1b8b9cd4c934,0
6e10f636c7dfcc22df1196d97b782d98bd1d10a2,0
8245eef583f6da01c0a6b59133e4f40d6747fa85,0
1c0cabcedea1c0430533268852db81b581535763,0
96896c411ad1708f9418a1003c840ed152d25939,0
945dd07d4a97d15d9d189d2a7e73039c0ff5110c,0
2bcff69258317a02a0d3581ccf48888f834dcab3,0
93207813fd6b6c0230cfcebb0e9f5b19e9fa72b9,0
f2af82698cdf935592548a72607592eae9ea0d0a,0
129ca8e705434ac110c5a26c9069c88847407152,0
fd2519a60207c2eb6a077d27666bb16a1804cc9f,0
d454d8d76dea2235fbfe4891456f4fc1299d6cb5,0
f609b04f916dfe96c13671ed98f990e497975fcf,0
0499dec40f70afad047f30a06242b60d44e0b685,0
eecce8e728e1de0f871e77dfe752b260e662d7cf,0
435fc0ab040ad8615482738ff8bc332012d4a5bc,0
607deaeb1148bc1df12b4405eecad578a495ca44,0
5a90397e5a7b940b62f33f30a0ed619d3ddbff41,0
653a6e2f63608db6cf1a0e8f60b7493de5e634c8,0
1c1b28fc9f03377bccbe3a812c0b3b242f741ec3,0
ac6abba4b08434df3e919cf7f781f1dccfc83c54,0
2eee95b916e99bbde821c9488f10f1dc007f902e,0
2bd0af029ceb7326cb7f055aa59852c6107b92af,0
9a1794810d33e354f1887ee4476b97ef0ccf57b9,0
28defae5ce6e499fda9f07991667769e76b72771,0
a269efb91c7adad72d6158c1f90dbc0f2acdca2d,0
ebd6f8eb91295812834fa0e63a33b4779fc0a6ba,0
0ae96ced0ffbeada4d08c78373b33f25d40a3ea7,0
5bdf514b61857c94b55c1fca3d4dba6ec3f45b23,0
f75b9f7a308840f730b772c1ea3e7e2de46578ca,0
58dd7f58430d6052fe26fa67c274ffcafaf4b303,0
455e94be02743958760b8788b0ed70e807ba363c,0
b450e48aae5a39692879546e4567edde5991e971,0
2abdb498d0aa7b65d668fc5661795bc83844d8fa,0
25ee5b829b8978dfc59dd2917cdb4ca5341fee28,0
a599aa1f2e3d690d7d918c60d93c9bd68b30fdcb,0
64daff285605d317356c7919c1edf73e5a930d9a,0
6b811d33631392542ddf85e40c38123ceccb301b,0
464afa386feee4efe4e9687a651ae49f01ec8dd7,0
92573483db5d87181bbe79b188d7d1b8596d97e9,0
0c10ca288484336d1769aba1e3fc74847e7faf86,0
6701c527fa47103816b7cd31f6caf02a3e89d459,0
e2e504b031c6ecf9fa4a93ea9eb48e4784502d80,0
28883120a950080117417bc9b7bb7c058e0fa38a,0
6b6d2cb736aba9e64f0d8f198aacc31810838103,0
6f1a22694aa208167ce120085b7e0a0bc84057ea,0
9b0f4738dccc4e54c1ea42bbce1478f36bd18569,0
e099337103b5eca37d59fee7e3555f5c51857da0,0
de3db98bef345c326782dda63d1c912dd5f977da,0
f334c400e4fdfb840d2992fa68c65df2649c1442,0
835b1266c92b498f8f093a219679f564b3544707,0
1d1d4e988afca3499224f785a2740f35d7cb6e1c,0
bcb959486ef5d24980f567be6dca6126fc73b544,0
3a510ad9f2d1ae40f4968e7945e6390aacb0cb11,0
f2981ffde4616aada44eeffff9f7035c86cc88cf,0
e57abd45a9164d661140ab62e30eb3d74cec5322,0
446b21f3f0654d7592476cab10d4131a4322e9b3,0
528e513a03354b66f1566a52221508461c7eea2f,0
e410b187f65a6d56c067dfd2db462421bb67a305,0
7790b7c6fc75c27f9ff053a1415beb940c3cd385,0
e4a295ab62679cc54fa95f1de2a14ffbfc577199,0
1a8b17300c3c78ce893af2ac8a390b41ff348953,0
0d05cc7efe5db15bfcd11b67fccfdb49c1374419,0
b4a49114f6041eb409c43462c792d2f4dce730e4,0
337106ee54778798a20ed3fcf6884e03ce33822e,0
63806bdb76ac1c870c0e45cb41b5ff8f8224cc53,0
80fc0cddf0cdc4a8e155f7bbb25602edc01f85b8,0
052d1a561d8c0eb103c2a332147cf10ab4f810bc,0
c512dca8cebf05643a6905868f884cd909cc34ee,0
6272dd6204a8b5cb6be07c92cece94bf540d6172,0
982e9caf8b691993b78d32f0495742d021d95a47,0
d569ec515ccc94747b66bcbf08c84775f8073ce1,0
07382a9521b5b43b324803e3cee3cc8d8f625177,0
0fdbfcda6d3daa51ef79c7428b479be79afbc7c4,0
7da0703a04e58335638da4a943e56bdec2a4d10a,0
20b52b9ade235c599ce7a4aaeccd37a6af687fb2,0
c90720c766be12960913f05c63c68adc267257b2,0
33ddd6066e68aaa71d78d240a058dff24f56844a,0
d768e13c8f6007b2c233359763a36f20f1fb84ec,0
31001566f826c18b3794256154225eb7c316d2fd,0
f87032d819557af8bc06d5ec58b1c25435e853d1,0
c11665673c39adbd0b836034d9c22809f4b5704c,0
5a9817ccbe2fbc43c09f6453be80c6b45616852a,0
f0293062ac465e48ee38801456827dfe656f1a9a,0
21532035d5a3e9443226523a3da0f4fb62dafacd,0
1a0e9e8a61b7e8327a159516907778cd74da7a3b,0
330a6d51f98f02c7ae9021c6e93b339983a301c4,0
854c2481fa7c0e512da356a0c7dfaf4e8b11a980,0
e09634cf37092b348044dbbd3549424de3d6fd27,0
89f74933bd273079be2d69b1c1e5caa373c4044a,0
ebf163ff83d72b79a5b4c4465862c46991961229,0
138841a20bf0df6a4e09021f0e0427c54e8c3e31,0
416efe8efb77be6cdc848b25c72b7ef8d374c396,0
67e0ebada5c64adfc9137d83455b662f9a0760f0,0
914d17f7897cbfd1bbf4e0ace3adaed9bde1b3c9,0
6ca601a80c2b7be62109fe34ef1314e72c35a785,0
012559340277ee7bf4f74aaa0e1c75f46cdf6ece,0
0075f5b725143d12803fd14dfcd424bcffe04776,0
c6d5cd9c95e3fc3e5fc74d9e518a45e870d37a1a,0
137f82c2c5411c6f401db8b735f6ad830c16f13a,0
b8cb39c0effa8367a128dd4d3b908a589d430000,0
c863d75359f2799ed92f9433dac9c88ee06dc63c,0
5585527659bc52a1c2087d8773c6f7b37db2fbb4,0
1aa2ba6cfe16a0815517173ed58f7be8e15eda1e,0
06587495a1cd19e567bd076c8eacb5bac412a811,0
d918b20bbf7726130d3436bd3b4f5cc05ce4fc4f,0
dcab6e05ac32fc4dba70ebf4d512793cc43131ce,0
29f2798175ae19c5d1687b064a570ab56861ad66,0
82c5e28af6947fc50ae7ff2da205cf24c3f08bdd,0
916f5d3247eef55343a94cb6c6bae032a6542d20,0
b43d8ad0c8a0f485cacf85100f308eff530bfa85,0
8d5c91bb17126e7b87745f73f5bcb1dca03236fb,0
e5422efa5cf3d5a0784ce0bd182c762744a390bb,0
d87c0a225d4f8511305edd471d39b9c30619d9a0,0
7b320dbc2c3386f209bee217060936946c19dea4,0
78654112b2bcbb743703a3f00d7cc9cd61d04cff,0
b6bf0167547c1c8a67cfecdc4cdaa22f2862fbb2,0
fc192806f36d97f12eaf340acb08546662d189ea,0
1d778eba7bff32ff735bda81360f60d6fdf6dedf,0
d251611f6ec0287b2b3aefe58ea6618fe2b16832,0
bdc262055c99482800be541dfef0e4334cefbdeb,0
092f620af0fb01b9a533db0879d8557cd8bbb041,0
b716f90072e20c23ca39b44fa943497650a20c68,0
45e9190503e70ed4fbf9c6c08298bd5985c926cd,0
86f9856c117520b51f239d09fff1e1bccef86f6f,0
5b343ad346ee1b937fadba8f66da9e0aca55bfad,0
9457dd8c4fc6240cfd1c274ccb372d3eaf26988a,0
b3d7647d096f1c2a78f624447b607a305cb2a58e,0
4131207b03b5fb2bea7ee72895ec8cc7f0b242a5,0
5c9c923e24e942d3e9e32f35d77ce6685c43d538,0
dec160fd80ff83c43de738547868642eeac323c5,0
e89deb37d3bc681c2791b173592d16a3c7c3fdaa,0
d970b6acbcf43f32a74672805e46b558ffd97595,0
33aed06e66909e615689d2c99d7a3941ff98842a,0
8f5eb1bcf26f6ad6f2ab7de7bd3790c743f582ca,0
38370176e0e0a40a0d1f5949a43c6017e222c05b,0
7c60b821eb6eda053f20c3362275a05d60bd474f,0
839a54b48b95555ed796144afe582699ae940e60,0
0e9fadc23dd91f8f738651dac12d69d85fc74c01,0
249dce59a587cd58bd883fcd1e67ffccef0013af,0
c196118496d24debb8b658d498ee6c1634edc7ed,0
685af123b119c1cc5e47e20883b85755432707a9,0
58a2d2b0342556dd5e773a40e69e1334e4ccfcdb,0
332e50f40d7a60a090ec89ee63bd8dd72fb04048,0
6d07c39e2c494869fd97d79aa03a02b740d4fbea,0
ec71413e018bbe5d4e56db9ccf313caa37e68eda,0
1fa5dccecbdc3c735bb07b22bf4adbbcb9b17978,0
e17a9863e0430fd902e3463d1667b7eeb58f77c8,0
8bee8010c38c0838311208d2da84f92124eebf93,0
87d1f8eb0463c4cdacfb6d881fa24d120cccbdd9,0
07f1691e71c161ba7130625875bb0cc20580ec73,0
254a1e1b6cf4210917d3f3c74aba00a77d48f912,0
3e6aff1c6ed0999b57bf9a97c7b49a2f38200d68,0
b1495650f558f397b630f7f36e9c6e853079e8fc,0
192ee41c0208b4315b006f26c179ed2a9bc0dfc4,0
406aff14b5eb65b26e86a143fa69b871e49d88ff,0
52866934f7d2bd71dd2bbdb4b0a31b75697f8371,0
11233ec808518d4eb8dc359eb03f57d6645e4fc5,0
a86d2278053157ab1564044cceb34af45d682522,0
a10231bc2d7399bf73e7d2f627c92c8056751395,0
e24196a95bbbc531eb3c5f1b19e1dc42fd78a783,0
5e1941ceb35062e749dbc76ec051e71c3b2a7a1a,0
c5d92ed2a47b4ca3dcd3d21d854efad447127257,0
e013ec5b8825adc911ffff992d6af4da5613f3ce,0
782b5fc1363e24c25bfef7f8cafc1985af86509e,0
f58b3886b207854d72163aff53f9f04052992ee1,0
e34be8b2d501c1eb7f5961583c68552342edab1a,0
4c56a3cf66ec2862a3d7b0b40c0baece8a65e8b4,0
2535b94a95c3a1b54b2612109e9ad1267c80ebae,0
430e2f2bee470de5ca702526394d348a4561fba0,0
f36c6feb34316198df840279bd80758e0475f1c0,0
a79c9860a3fc4e63b1c529ee493651a2cf356062,0
37568cd575892bdbb5bc8d2526c457688f6c7d6a,0
26b225c0963785a802ac4144d79619667f94fbff,0
782a1f12e155409ec47d2baa7e277c2bc1227ac9,0
86ade01a6a1b4682c2034cd4cbf7b52b6ce7394e,0
09d2ca0eba2ce5e5073f65bade51ae74fbfc7965,0
dd8be546ee003be83e1246f18340fd6a0a3d41fa,0
e08dd599c2e286a6297e1adc6ae8d079bf9709d8,0
f570301dbd7e1c4a6248275b66f0704baddba341,0
d71fcb19ac69d48a844aca5a1716cd00958e3bcb,0
64a563762f26c45e6d0e75dd56f0162fc7d3cdf2,0
3aefb3f87f864928544590330e105002f39ead2d,0
8098eaa52eaa0d9d17a41fc68559ff7c564cece0,0
fc64ac2f8692c8e52841c771bee51d8e592adc94,0
771b14323b48396e8ad22fee8a38b265ebc36884,0
d917eb7e808566fdbbf43c244e2c0fd35cb7c62d,0
6abdbf20faf48da403c730b5cacc520172aa4612,0
f3f41f604c3b6723ef8bdbc981400c9df6389e8a,0
330a90dd2970f5aba521f7f070e704b8ab1d37fb,0
ea019c89dd32de7165d0d41096e137fd6a1d848a,0
7529c2476e4a53073ebe183eebc34c49e6eadd8c,0
009939097c02c3022506df93cee6f6269514f489,0
8a0dc0273b3dfc72f3a605ce826a28098a811c79,0
c11ddde8f032e660377d12bf7597c20136a0ff92,0
cbf77a08b7c64c1df3e2b2d2ee5e1415c9a885a1,0
95394446919263d635fd4661c4c829567c4ae8f6,0
b6bdcdd529c877ca566b0f6463284a6d9725a806,0
3ac3f5816dc1d0177e1ef49bcd648d5a4bb881ae,0
9312e9ba1cfb1ae36813098e957363efd444ddab,0
754cced03948e1d615676b11f7f6079075c9623e,0
def4d7c17d32bcbed5e16ebeee35ff695b954ea6,0
77c486462fe02255487a398e5ba18d1fa453c271,0
3b37562d76ea03d950f8e99bf47ab94dfb4b2aef,0
0cb8a50d9e48eb1f5b244404ac82d592fc616d3e,0
d9ee969942fa0a67d4b25b7a03b877282241cd11,0
9ba653e8e3b92b930436d9ec4aaa0e9a4fb33675,0
35da73485fcb50ee7a2a05ff326493fbb279454b,0
a07ededcaceb90dfea7e5ad4e85df2ad7dbd3883,0
7fb272a93f1331eb312f994acfb5a66053a2c7b7,0
3cc5fa03e5ef19f58a5e0bbe749a27cdacd5bf76,0
309e204345a7b5181c883b6aa2d8497313f625ef,0
ec6321c7b73c81dc24293710931dc6ce7c3220a4,0
18ae8abf57c1f8b317e26b6546c32fc6b35b475a,0
93334d5b153edbfbbf1f3b7418435c89ac59cbc3,0
de31bd73005a74541e24a2fa66ce7f6d1c6aafdb,0
8ddf6dbcccec8f40358296c32b0daf7edfe4ebeb,0
da1f5ede238a3fae9a2e4ca4958269d7bc3f15b6,0
c020acc85578720c3caa4c5363e4d695c6f6b50d,0
7be1ceee675ae2fafe607e9ec34dbd2eaafe5539,0
7efda36eb7751b525e25a914c8ded7bffdd10a68,0
b133be76375910f1795ff6dc2f0a72f826bbf029,0
4b807ea97b848ec63cf5c6ab53e5ae97094f5483,0
c64bdc8892e109bb640f4bf82b7aabbf02aeae56,0
195a041316a85db7d06e163b3a6a7714c0f5c4ed,0
244411c9ac559852b69d4e7351160f1c5990ce03,0
e3d2a81a8b5915fd4289718d0934831389049c22,0
86c645f88de25ff88d66f488531b482659618fff,0
9ccf251d0449db00cb23be4ac4560b6d485d7f76,0
853cbd50bccdf5baf5481de478a086fb687c7efe,0
84b14490c54d53d04d58aa0882039ce3ced3cbfb,0
3397f9d93bffdae04f3942d57f9706af8aade47e,0
d134a27094b6de3f6465f8d0151b7acfd2a67ff8,0
a1bf4918885d833006e3e188a056cf987b083ee6,0
21d3d2b9ddcdc3b849aa8071281f56c227af6787,0
6718af78e75332564500b9221bb0071142dd71af,0
9324347085685421ea3468b6e01c0018b53aa63d,0
caf4d0e70b5399031bf9f6770a7757ba511ad5db,0
8c4d4c16407537fd90bb474334277a735da20744,0
747c07cc7fc5a94511c0ccf43702f5a388dde216,0
5dea53a5e089862c37c830c725315d90b444852e,0
a4c5af0da1de3a7f50c72fc7edaa1f653ca276dd,0
552463646ea7da8d84c878bec1643e2ff473a53b,0
6667e72ffe1517b5f7384f08e3e427d4eb1ef44d,0
9103d30004447ba576c46e2bfa53836b76b755d4,0
2f51ee419daa1e95318b95ea1305a0e8c487caeb,0
ad44aeaa7481bc5c13b6c30614e7dd0a1aa81a4b,0
d513b4afaec8c0125934e1418ba188bf498ba9d2,0
b25983c57c58bd17de382a09def6380b09bd90d7,0
72ff2333e07f9ece00c9088e496993367c1df13e,0
02526fbd1a88899228d21705e5a50dafc270573e,0
b4a0c6cf985440545bd48c5739bd41ea052b0d7f,0
ba727a7c13a667160a0b8a5ca9d08e121a801911,0
50e5d800317e2ba468fa17afe44cf425f988a3df,0
81a72ad8d3f1dceea257119e6b53e0bbdd02c0cb,0
e17210ed93267f2bcc6aec634d66845bdb11066a,0
2546a2247b962a03bf5371549cec6f6fa1d340a8,0
fbaa74401d061136713819f67c2ad6f02ae80ea9,0
7ea201ad254f1aac4d104f01caea16be7cb3429d,0
c230a113e31b0f6d32630a88e10a1d29c8e9bf43,0
1d63534368672acce341a6a79a9d1dffbbe0d03a,0
618721c0a5eb92fd54b9c1f960e52cbd927c0b6e,0
273f122bd109f41d80094950602ddda88d06f119,0
338105a5cf1ed73e9cc15f85a361c7f00004d95b,0
d3e63544794ed7f28eff67c4921d00e372757531,0
efcc1c287813f2bf5ebba3f885873d9a856066e6,0
39d9e30213b0fea6b315af1677a5edebe37306a3,0
f62fa062508b6ff33b70039dbaa0e8cff8e9d47c,0
065b6257d59990eee8c23b5a81aa8deb81264ab0,0
6d232e547d5725e419832fc514fc0348aa897e7c,0
0d585e3ee8efa99063f01b3b05d3f6ce20615f1c,0
4179ac0b33edb24c71ff01a5b59d8e01ab12c8ba,0
8e37065e55a5245b0cc5056e3a9cd8c0cb7b58df,0
bfb738b0489fc1265e1bcc060fd0a5043775b564,0
d9cb8620c45f207c0fea4dacf6325c2cfd1cc1e6,0
50d33ac186e8b32aaf49c7651ba30d70bb5bde64,0
798e2c5e67e59d9132ee747077998e0b1e7ee7b0,0
8753b71334add09a4520005409461b8faf55c864,0
63ab089fbd4d408b04d5fe893581088b0ac2b4bc,0
5770324f8af51f54ecd46979b804b6c9d5fdfb42,0
5486da670e385646e7e45bdb495dff726870fd69,0
660fc97319754041c72d3a16cab1a91232000b06,0
79422dc193221b745617984d30c321436c2a849c,0
d6edceb1947df7583b3a7975c47ec1848f25977c,0
bef3185564f8b6969d13420f230cf5d6d998fe94,0
2ac2a27e37c4e2beacca6a4df93e09ea364af966,0
29707b7fceb08343ab033d7c27b49331bdf3f994,0
fa76a98a5fdf55aa51af5acdb02abf5a51287cf8,0
c67852aa2507649aece6f1f51cdebdd864cc59bb,0
ef54ac3502efd360051f8a3c31433ad17ea33001,0
b6fe92d513549c08bb9e2ac67e1bfebfd78a40dd,0
05cf6c32b2b82f21cfca6239933c8670649f08d8,0
e264218c05a96f41c7ee63849540a1b2b5d10bd7,0
362c01632185228bc2bc999d1dc1d08ca70c467a,0
9f12e570c15671607b8e511e7eb85aff1ac1ea15,0
ebb1474b9d752644855a158fefb21c136b941631,0
12e9879f32c46f63e91b90e947702c0f6688881e,0
67e5d01d2c142b137394fdbd12f78b6e1dc1b1c4,0
c1d6ab4d4fa6ebd3cc0efbe4c49128f1edea27c2,0
bdc6667c5d4b58ad2aa2c1900bf52411461bc812,0
773ccd9f5fcba5b7508463e68c26b5bcf8a7d327,0
7ac5bf2fa46e15cf1ff7f016675d74b1f14f4b7c,0
b3dbe35bd0ff2e51e35bf6e268b685c500ce71f8,0
85baf5ab6826619a4180cb7b49dabdd435484ce7,0
a059403fd9ce4ad0b6e0ef5867ad236f99fec1d8,0
dd52f853054ebc038e70ab9645ecf755338eaa01,0
1af8abb77fb987be8b5579b390dadf46a13b6ef9,0
c5b196a39fd9a39254e845a57e592d20a54d4cd8,0
6a5a92ef4e9d8f83e2ee8a16866a327581a14552,0
661bade5668c4c0a4199329c89053c4b45e36dfb,0
c098500948b2f9fb7afd864607ba6b6ac6cc313a,0
9ee741e89055ab04f1b7678589c31b88f2669084,0
f84255a90dfef0722162d9b97b84b031d859cf00,0
353c25b74a3f9d49bda2c1b9c39bb74aca519363,0
19e06e7cc0d496b887de3de622f35fba1b442831,0
a02412bd9a6db3b72ba640397d1a149e2dc55a9e,0
edde83d07136ef01afa9ceb313e0f9ece3bcd330,0
318dbeb800e7090a97cb9de654e1b3dbc6156202,0
3a0ce998870cfbd680aa9c0fc386c433a6423130,0
32b47c342191fbcfeb13d9d0c9809e96479de1f4,0
7fbd6260c811606ba19479e6182a13c80b89a79d,0
b901f9f8e9401f11b87df643ff6803ad5a2dff1a,0
6e39153f0e2b578018e9afaec23867986619a89a,0
9cbd3e94b2142d4e0b0d3e08a246ab0c2b6ff46a,0
31dd5f97b15337f1f6a3c79a4b2b817df4b60dba,0
5d6c443e79c7c5b1209ba0c83353c5578479bb9f,0
33d93bf136e3916cfa193b151315b0eb8b3df58a,0
9480a5da8f553d351f744ac3d98287cbd97e1b85,0
1474ba327798ebfabbcf5ab1db01330851f3377c,0
5e51d0fc38dc65e601a9c0c72e48c1ffbc6fa758,0
64d0eb46dfcfcad01f3a0151b12895d65a28bc73,0
7fe3942097c8e12390e161878cb09598bb70e632,0
fc58038254913838800811054d1ab0db5c662810,0
f9944f7518d0ac9307d79d67ed16178e686551f7,0
8072a78d07173a87e84e2944877a5f5dae8a7fbc,0
07d3e3147834ef4e091e21f42d0897ac0755eaa6,0
a363906bf7a039f79c07fa3c68b082a69ae035d7,0
a55d95079f19765f14a6b0f52d36c0638c0e1ae8,0
ed85c0411dffeb96af4760b5b5c269a21b98c392,0
04f56c17066abfad9a56f9a6ff92cae25daea373,0
4813b7f5456c1f4fecc4f701ac731a71f57db249,0
0f30edc467a2ba03e7f2786e1088df624e0c3cf0,0
459b4b84b92cb20499b091a6dd70e795c66eb674,0
5ae78515337fdd87e912a1c447930ba3051e3d2f,0
2fc901e9a94278e7d4ea46262d1c4cbf7d32f2af,0
4636da3ea1cbabba56aeb3778907542bcfdf611d,0
e91f8b79788b70da825b74c5db295efe4095cf62,0
9b3f4f9bbff1be4afd992f68a388faf9b8cbf907,0
50bae945de40a602f5746957bf389c6666b38c9f,0
87d9e3a66b896d81339a0947d001837ad2651605,0
1a3c8acf6e52e60c31885811d2ccb388d3023f67,0
580083315e87d7ba320640d14f58075f059496f5,0
e001b18bae6a4278baae9e28333b510444d5ca9f,0
1918a4419cdb7a6776a8ec5121a070ea1f2277b9,0
35863aec26dca6ca6dd315962d9dd8d3a4a11ec2,0
f84bf38c0170f6b6b723293306a3a11df16d2d36,0
daf15173679e12c56c3b4cfb9a3852915609f85f,0
ea33cbaefc98d415f90bed7e3d1a12cf8d3ffc78,0
6e86e0de00af300293d2182e5395e17f4447f1ab,0
1544ad6da5e4de34b75cebf32bf1671c89455a99,0
b6b253e4a4b4dce3eec7dfcff5089407462843a2,0
dbc4750ab9271f69498274394d48c43adb30f9b7,0
114304f650866678ef3c45876ecd5bcbe9a7d0a3,0
133e9410920c558e21b4f2471cedc856f0c1c214,0
66ac91c60cc45825b3d3a10eb83c404e5bc88a76,0
ba4ab03b1363182062b07d9f66083d38bd82edbf,0
a26c248749b5d1a7e606671203077cd7630fd657,0
1e99873704fb9c101341635032fbe1c88c0fe2bf,0
fdc855e5ded81631c89c9b9142e64bde8507216e,0
7b13299e1c48aeee749396b06eeb8af56b1ffa97,0
cf295bd593a68963d4711f0fbe6d8032cbbf6999,0
34cb96a0af2a61489324366472e096580249f29a,0
578129fd06bf2898df66771bb1f50bf9798210d2,0
dba0844dd214171031faeb53713630a012a731a7,0
cdf40bb723913be20d870864c2ea6fcbcac63ee4,0
29318b60f4a70b9f6f3d618cce95523d18794133,0
dbb0f09e733bee033bbd3c97557cd6c525f7c3f7,0
fee15e81b1f207e8d3a2e6fa5d7a1472975308f7,0
43ec6a924be1fb22b21c40b82f1a4ddc101313a8,0
bdc56975dc63401fa40e2d645ad57ddf32c5230b,0
8431c21d408f67e0f95f8bf0d9ce5a17eaa7ebf9,0
6b62b0ec92356488a1f5e7d1a6c76c4cf5e1ed64,0
16f171b228058acee1e0c6d5848ff099dd978184,0
c0464cd2a19f7cecbccea315d1769091f01de1a7,0
e139360577c015fd08cf7934453d70c59973520f,0
deea85e841b46f7539e022ecefd9253c55040606,0
d7a3d8084761118d035a6a603bdc606ef58210ad,0
e0136ab53bbc3704bf1e641e713095026d902cce,0
912f2b0ed57c97f3476081c99ed6dd8bf07bf92e,0
9045edd76c63a56dfb869a2776c1b3b8634ecd7a,0
20036fae29e1fa3f3d932041e7e347ddfeae7a2e,0
e7552618f185961c739a2f6eb4d0e25b06482d91,0
46a8ba44c524af92a48a184fc4142268b89fc198,0
de5634102df26580a0e63831fcb58d9fbf161ee6,0
9dd869bf46cce155793963b290b5d0520bcf433f,0
18eb0421549efa1993202856d785a89d568017be,0
cb6724137f9e00f33ea8cea44f11b92da8b8bd48,0
183310f751a8fff3a2069abc5d92970be40bec46,0
ab2dc9d0488b701b2e2cf239e288a9f8a860cce6,0
ea10f56889a623370c68ead9fd95bdea5c95e3b9,0
6caf93beaf7e4207ef72c9ca17be75a1244d3470,0
c419630e2342f6acc2109fb0773c55f1a96d9f67,0
5b43bc7347ba68a4d5831060b8198266470c38ee,0
e6893e4580338bc657da41b66efe4be41275de69,0
dabd348acf5e9ea732d2e1395a22aa27ef23b048,0
f6c1c4be33054ec634edf10f16bec71b6f85e3cd,0
d603fc52f548b5e50985b0c6c09e1357bef8aafa,0
91c30237317a31cfc56224ce63e34636add62c0c,0
6619cde1a8047c5366c865e67f6579fe580e4926,0
f5d63237102dfc5bdbf059e6ad308215d4e8c1dc,0
1fcd2b82c791d001168465c779dbaf0a955f8beb,0
528579520d0db6d7ad767b1e02f969fa5aca8556,0
8af2f87305e38f41a2f2ba60483e754455c4c9a7,0
d1c5839750223df95caaf541b184bc1c080b7676,0
05263e2b8b87279ed5259a264577534cf97811f3,0
2d952351fea2c2831fd254f0d4cf3811732b8c63,0
128c7457bb8eb2b1a0171d939dc8a8ba09d76d9c,0
64e2d9e5ebb164558b86c80ceed3e1d45e52cf86,0
aa3c5e9d9a7da5ba6b201d8ff26912053aac38d1,0
6442dc8be3f5b3feba81edd9e92f7d9706fc1c27,0
6269141ad08dd618701432dd6729f8bc898ec0e2,0
6a80bb8910244fce92165887ff9dbf3fcce8beda,0
c81a4ca6c3616f897a98d7be85eaa2dd4495b5b3,0
95f0592c525a9a2536efdf5c81579fd1578a70f5,0
2826441a025ef3e21313f8e2a5ea6523a39e2a93,0
2e2d55816bdb0ec28727e6f3dd29a9a5506be0e1,0
8a579d304595853012ccf8c2bc93022c383a35bb,0
40cf2ab9305442e22e5ae035273fd4aa31bc40c7,0
2ae2304ebb21e2d9d7a665d871b1e08405606bad,0
bf3bb148c93862a1425a977ad2f71ff04571c43a,0
209f4ed6fa12762079fbaa0bf4f0a4104f39e169,0
76104d6b610c3a80b7d884332b0d5a00ee54b07f,0
b137fda65be70c4431a7a09ca379e40a300760e1,0
2ee3c53e75e9ad899ed2aa06bfd882ebeea7b4a2,0
66d70b10e324d0ff75c837a6798c8c19975b0e4a,0
dcdbc72acf51155d2a6c3f10461d9712a3623686,0
73d07af18e0a9adef797a7a9af13b02ecb2ef6a7,0
9d69d2ba273f05290a08b63b931927caf08deb53,0
223548909c44628c81f0f2eaf08dbad8d79aa1c5,0
6c4e8d478637941c6c628cb6f7ec9510fa0e4681,0
dedbb1e79e451aa0bb751315bd14d39dc981f80b,0
4be75e294bbc486967b0f4908de20c16fa64d01d,0
7337960cd67e3222855ed2b9ed24d591df6a608e,0
1959a363cc8950ceb1959bf78d47f8d11e383243,0
1824ac70bd9e9c0c7e026a0759084528874584c2,0
48572362313271bec2bf63a24bac60a71397a073,0
f40aeaeaa0baec1b8b83dd53433b28d1c107047c,0
64a3b977a957964368498916f81be15e7a2fca30,0
a4c5b96d1a61ea44858208e194488f0248b9587e,0
b92a3885ad0eade44d5eb10e8815547633a93b63,0
7930f731bdf242eb17d7bbcc2ac05b96016a95d1,0
d3afaa64f8d2ab6eb8f6eb08979bd9d265589352,0
01d5d9ec40923e93e80c5cde15aea60df5465ffb,0
a43ae9596574fc686113f10db3c620e2430e76ec,0
cad1f197a5c50b43371b6a464f303aa9caa1fecb,0
3d34a5e02008180795e0a809ceb7fd162b09bcc0,0
33e061e4eb0ecdf7e96fddbd7c1924e22851ecb7,0
f39dd56ab508f476b9df4f26a563e4a5f336de97,0
15e3ba0f7bbf0adec8ca93d6acaf5f488582c949,0
558eeebcd08e07fb0bafafc660d82c22799ff824,0
fa10cfda08c3e12c5c187c1880f52f89284eb0e6,0
f69be49cf1cb886c2b0db5ee354272e31a0d947e,0
6e13cf5086851a525df8b3bd54fe481a115a01ce,0
4b0e9c2ec3fc335f7e0157ba421ee13dab66a8cc,0
344a0506f3b6521e6b65e4db39fd02d9bda0dbfb,0
db2046f0739b9b80e11adff40c509dcf776daa14,0
3e7fca08d3585aa7cf70045ee3ed607cbaf04baa,0
036d467898594c0111b0f7084e36fb7e0be41802,0
4e94e1a000831c1542b74676c133ce5715a22658,0
57a1839ea5c56f0f2bf17de661e57c5ec34ec8a2,0
d49f45b579d29eff77799b300d93813385b79db6,0
8262d5e1880e8fea5ae67ee69f990ece62a81eea,0
3d64f608ecf0153c2080374810711428d689cded,0
2a1051abd744601b179df728f9c7fdc647b06c00,0
442df375ca6eeba718489b9db74ff74be4415857,0
219c22efbf81f7c633b63b223c1e28d00104cb24,0
0dc5a3f87c1a9658498df9c5f12fddb498be3bcc,0
3bddc5c5321e492835413bf4e8c9b3caafe4fb68,0
fab84e5b314dd92114bbbc275870ec94c7074592,0
de20b7779214cf8b0056aa61bb6d56c94ed3afb7,0
3bb582b9daa8108fbf5d8dc59de44f6f852bc3af,0
9d0dc847e9d8ed3c84ae96bd5802b9a00515cf3a,0
b156f0bec3f84b151b6d077d59a9e33f03e0808b,0
88a02cecca5cde95090603e19624c285e484c23f,0
47d00b45524a937e9cfebd233faa387faca93cb2,0
11a7aff1b5c38a9cdf056714a20c8c7478925c08,0
d139c4d215ab555c64fad17fd8fc49ba82dfbcf2,0
de62c65578ee43d0f038db757b18954b54c49dbc,0
fbf2ef51728b2cb8459b1edab75b023ac67f8d8c,0
b729bd943b56a99395126d2274012013e07891af,0
2201b4f8a9b168c729f4110aeda08528f9a86d53,0
4060b8ee3347833490dbb2c065f14c1bd592b527,0
578127901a96327d398a42ee524d9dedcea64dff,0
6880e8030b8d26438500842959756b441271ed48,0
dcb7cd96ba9e962ab7ebe9bcc4bf977740afefba,0
6c97f898c82df5dd9815aaf1bbbc0fc4f4ed6d00,0
db4130171a9fdd567b86b73b8538d3d9d802e60a,0
8d719d4ea9dd0996de476e2c4a9728b1f367fe2b,0
ebd133cf778dbee92a1fd175443253ba2bebadf3,0
34cd3da6f240bdd9a0e0844923715ad1fb7a6cc4,0
afc2d3ddd57eedcb3242073067b8f7d089dcabca,0
f36ff599a7670c025010ed7d86ea0fbda7e26bee,0
51124f92b8dfac12ecef3c5ffe224a9f802e8a9f,0
d49d45eba50fae24715a78df93bf5d951c82c6ac,0
5d46f24810707ff847dd2ec9e81819ef84fc6f90,0
91fa2dae7647558bc68ded9c3e7eb5a1c1846404,0
258371be0c31e424ad2392313f15fd126830996c,0
6b54375904329efb89c1e1bd2791c5f621608502,0
8215e0c44341bd27d453be77f5258205470792b0,0
3fe15786c11fdcf1808aacc05b8b15d61f7ce23e,0
04e3fe1d2cfd176784f164413010d87a01f1e5c2,0
749e5b3918721a1143905e1482916d8674128a5e,1
16c46bdb4330287fa64cbb2b71014c76852e5c8b,0
5bac43f7b775c9c876af614e745f80ccb495f01f,1
7b893aed7d6ed6fc0641ca5640b79465e13e999e,0
91f7e267e61047614751763f6c5968a1ff65f82c,0
3449a42bbaeed0ff5b0d07998169ff2896bf45c7,0
81aea944160608838cb2d7cdfb0d9b6893a655d9,0
171528a88cca65f5b192be643c2425458d1edfbb,0
abc048454398d8c9924a1af9c04501817f44a11d,0
af598460ac9990c2a02823b3cfbdaf9f5429ad5e,0
c2efa4a80ff5bdc422999e3cba6843935aded1a0,0
bc7a3969c039f179d5a73c8aff19cfe19d511503,0
c6fe04676429f5c091f09c7e363021dc75692760,0
d7969ac934e752e7a7b258fa5a5af9a563c40a13,0
70822f11d1a290a74f91fa688d73cf76650e3b4b,1
ace3b46bf694272745e92ba6243d0ae4bf89bb2f,0
4bab9c51e927d3f73d90d5050616a39b5c08f1b4,0
23f6717cbe408d21d05460b697d1d9182735b085,0
643c8c1cc121cba5ad01d10b9fb5679037d1fada,0
cbd4fd796cd9fd72ff7fa3f87b01306217f63702,0
e33bcedffe54f36cca66545576377fc43f27cdac,0
334784e3043cadaeaa626f792c3f62ac7b697927,0
00fd9d9b69caffef91aabc4091a9fe2fda787c7e,0
3550adaf1c87af8ec9b80830f9d9e9d2a1e19691,0
5d8fe878fa85928f6363329c9770fc0de32c0e44,0
54803f1ab0f71317e0543d42605d4dc575d50296,0
7b19b4cf7db7c66dafc1fa739639167ff10fde9d,0
d6819f7cc25aa649682215eeab9d7040b5438560,0
6fdbd4f12282791d95d636d427e65b383f46febd,0
71f02c7b66784c9453a551e1a210ddb53eafce13,0
eda95607e97ee903c627460456986be9024fb384,0
0c3e4e0d3f697fa4113555f440a342e1aecb88ef,0
82dc4a18c2118323e4b43cc36a77114d0427f5e6,0
5dd2debd744ac8d57570e05070ad742bd9c82af2,0
adece42b0228e45f0fd0b131db25080b9a926611,0
d815c27f7652dce234403fd95b55278a0423b5b6,0
ff6400238181b6d4ceda00c1eec79da6877bb171,0
6afe06b9e85720d9ddbf4bd92b818dc8c938bf8f,0
3118343d4ed0c932838acb0f733cf67435653b79,0
1b6ead19c05308c4b8e561115ed58d59361249ba,0
e981cae13f7ccb848a827a7b0c6c007f37a01ea9,0
72e5390dae1d013115264b8f9892034bc17de428,0
329acd8cdd3c7b8c2475ba2fa4fe94c53b6e8b88,0
f76767876fd6ba07b4005c9a77b772ad1edfd663,0
82bb2036d4df1eea106f4a0da212cf79d810ffb1,0
bee7b35a29bc55bbf14400db4d1645b68d177612,0
705dd4c97d380357e1b47b5f4d10c554e1a94fe2,0
bae87d9b2cfc01a2c530d3642c796d0783e7a7da,0
6738261a6f838745a2f3c3349908ab9813065015,0
bf8c42ba890eb82a33710b2519c0216fd0033a85,0
64a13ee391894a1aa8b9c0d40d91783d5804377d,0
629040340093ffa66adeb919d0218af48d35e874,0
76c80ad2819c85f71977e584bd1bfb3704ae6fa1,0
13a09f4ed38d85abbf7f86fb8dc5a0d0a627b8be,0
8c2c5f6b0bf96c162bd98eae595f06b5ba990bc9,0
e5707c51408626d40bc07c70e337494386343feb,0
bba1b111e213523054d467c3fe477d0722437a2d,0
bc4cd88aa7d8343dbb031c65d141f4b021a95d0a,0
8e4a56526f342b5ebaf36ea2003a614ddb7e4059,0
a78ebb040a841a14fa0ab8260977f9d2b92623a9,0
1e067ed2d118f9c7a28fc1a62c85204d18ead033,0
ea82ea44b4d9e1578d479a5ba5bbd539e15f8d54,0
ac934778af1eeb4d6dba25a7351c59430a3c8fc9,0
c50607e7c834422c7fd926a345b1badebd1a2675,0
6fac1ecfdbc6d088498b1e7a5556c7041c86bbed,0
2d9149dc807556bdce029b966e1775d768b284b9,0
7a2d76735fce33b815c9fd674b1c3e3eeb3aebf0,0
d7f3d4f5c6a163f18af993fff9d8e52a2f384aea,0
97368dbe9744d7795cd757109a98864d123a9934,0
b53521ba1a104bb725b63f5d11c551447b78ea59,0
a0c48c1e155462c2851b41eb7aa707f310516411,0
35a456bb612cdf33cf84a92098ce58ee9a298137,0
40a36395a410464296ec2ee056724631b5fd17fc,0
155eac83dbf06ca184a49e35577aca1c0f295299,0
99facd0219053f660c43b318b0966de40354d76d,0
b7df9811bf66d7f8ae855a82572fc8472b206c5b,0
c5dc98d98d8b1d06585b9e23e04418532a6cb3d8,0
358509bd7f7553356ad086ff93bbf5e9aaaf7753,0
63bee061f37d09d409aa02d4de122fdd94b538bd,0
21d75a867ed4659b6796406ea26510f683f3ee42,0
c510b94ad8905d4346980c68af1dec143c0f4813,0
e176d65e03aee3135bf91691c0a43f0ef7f24b02,0
812121b8e36f8588973c7ed4deb44838a5616d61,0
37daf894acfcb89582e701a36e1695f772fee3a4,0
f2e00c0453b286f77872b716acfc3ed75467b159,0
b383b9c38090f9eae7ccc7bd82052141a3eeca60,0
f05518d99227ade0b7928592c28a67ff1f0b3bf3,0
11dca5f8746e7b7d43cd62635497946d309fcb60,0
f4bc7cb026b668257dcd5b083282fc6c2f70f2e9,0
e45c8fbc3e119e5044bd0143ba253380ec45ecbf,0
f4cdc188ed53eaeb92f1ba62e3bec61a684a4cf4,0
75c18b2c18f2d478d6d94251e6657337d07c2388,0
1edcd55fc5b2627f4eb52111f955af589a47adc7,0
e2f101cc5bcd0acef17ddb122cd98cc9695be5db,0
d7aa662fbbb99e536ae28c47d0c4e1d51e39d5b9,0
5660855731502d00319f54cd584c95afa487a854,0
fb23b1530cfcf68004bf59a6a3e2a68fe79426b1,0
8c42fb865dfb1a478d3c2d54f1741caaa10f3587,0
4148549ee5b704b4f1291167b9914b8109084132,0
e50c52284e0d3fc47853e16ff9d2f30d10f3c5ee,0
411cf6223e17554a0cb1f2c7ea4113391ba437f1,0
518adf6593ccd239f508254938824b93e95bc663,0
e183847a17f944776ef8230ff6f0c5a06263b9d8,0
f283f4c4b6183504135a98a3e0d77eb89f391bcf,0
7908328f012778568c6da95f7081b8c4b9754009,0
0047005da62e887eb4f1784b5890e0aac6ad89b3,0
d5a24430061654ac5319ba1392415e7f3958a475,1
c43bd771ac9af8cd23f7c6e4672e6d44523071b0,0
9b7cc8b38d7d2ce97ace6e7a9c904f910b7bc096,0
55cc86aad77dace617c745575e9fec173504a56f,0
18e6a973234edce2e46a5c4fd99ab890e8594b31,0
8856608a047f389a40f6d1f409983de139b35850,0
91dc9948fcd4d6b2c5e5223d6030c4855d337b60,0
16626a9b8fdecf3fa80876a244ff74dd171b06cd,0
3df225721c22a5eb7b7b74e774ffe5a0705965d6,0
9eb1e02873e9b56c55ac6b0bd253d5193de15b9c,0
012b164d11282159f695c1af5e5f0ac27cbcfda3,0
6aa057ff95f0c14a7fcb562020d71bde571c2e87,0
f20a569806d5cb3f5ccaf1cfb54946867b78cc91,0
5ccf73a33230857f217a8e456301c2a0e59d148b,0
738aecefacef32fbf53c5932022a5c4157eb1133,0
0eca91ae405f281e734337024bf499bc2e90c8dc,0
75199a4d3244bf3f97979024ac15a55728cb0860,0
00354024c64400dfaba80873e55fa365d45b1f9f,0
628e21fcc75ddf52ff2ad5c67ee7b4840b6357df,0
95b6b99a4828cdedd8b2dbed51b71eefa5d498e1,0
b572ad1e3f956edc958b0142c0e6d296a9d24c6b,0
9a61dc02faf30447bc37d45c79d846c61be5f462,0
8ab7cc1b702075088fb4bc859302e77ee5d0d2fa,0
5cc5624a22fd441ac2ec9a31e8d955993c1ef72d,0
437d4d653a1eb5e4a7261998f1bbd0bbc558a6fa,0
f433a99608baf7ce378478ad212754e9a386d5b5,0
0a928ca2b7a16fd49b49223bba4cd778207d0fcb,1
cb48137d5ab27db5da09ee3940c2cf93fa47fcc6,0
cc7f070063cbecf7289918e63150696ede9efeb9,0
6a612f3c67cc92929c236c69e70b0131726c6808,0
8e1b54f21160ccfdac07039b05f6a4050114b965,0
e7ee9481ed978b1571fab43fde8da46439e9d503,0
15a5cf8860bf16f2b7cb00ac06f3b57618e8fcc0,0
c2999dfde9d33635ce8d9fc5ade5ae19d7f32c22,0
a3ff0a8f0f2859169af38424d9f061fecd1e3a93,0
8672c3560a180a36f854458724ab7b40ee8b9d54,0
c432a075e7c1bca79a63eb2a8f9d9ef5495c0e48,0
b3f1cc30d4e1d9627ffe73e0394048dad5af651b,0
cd326abd88b3ef686f566e0b1735b53383c627dc,0
75c6369189b4ae60c08b21178d0798355b8fa281,0
9f6fd35b16cdd19bf5fa3e8abaed17852bc1dbd8,0
040cc81c32c269fdb4a972db04251c4691f5389d,0
980dfe178ee24578a8ac1c717f82afd2cd2d44ce,0
6c2fac139550b0168d254ee4b925ab206ccf359d,0
8bcb17d2e99f7dd4bdd81a103dbf839589635c3c,0
8e05d337e0fa43a8f8a902e4324768208e8fd9ac,0
0e85b8d81e5d8788c3b29e4979d9dd4c50e57c55,0
10784b87b548683a5fd37819ec490f8272b7c806,0
4858db950be1536b0645ac6b183a20196cf01770,0
de80253102670072f7a4f7e1fbb64b69cd53dd64,0
4ec59528d797732538a1155ec6c5c170fa90b0fd,0
2c555d3f34cc96ac8d6f6cca07b69ac79cea57f1,0
23977d0e561b71060b00060ca4d18cf0791ee77e,0
0431fef427b0ccbc8220cc7d90e03b543fb1e98d,0
31d3f3456ca68f29b98ce5650dee94e1127dc805,0
1ad8fa191c5df90d9f0388d7c483d57724860040,0
180ff5a3c5618fcfba4ed5ac1608917a9d412a08,0
646b853a66c8b3ab98e1a650dc40688abdd94341,0
3a6ecf9260606c9f6073517ff0bf63266afa99ad,0
0bc25b8c73cf0ba7ee5e727cfb34ad4b78e5bf08,0
1418982774ff0aa5bd9c55d045de49affdbdbbae,0
55965e964deb71b11758bf7e8abdf698ed7dd26d,0
773a012cf8b1f125f6a128481bbe2b531beaa023,1
ad403802e0a705e215b46cfaf4634bd674f6a3ce,0
4627678be12a3b25fae317b2f30a4b31a2e80634,0
b8427a3d11414ef27186069845087397093c13e6,0
53d100817e07683df4932f3dffb94873d3c72602,0
56a4b2ae7539c2feb5f1a049634f07f2da082494,0
94c5e33b98f2c2578a55d88e528e1b10faee54c8,0
e9c984fdc9fa6d35744038685698ebc5114df676,0
8bcd036741fad3864b785cd424405cc7da6150ce,0
88bc781f326d51424680a3fa6955632a7883b7e8,0
b899784ff00b4926ea33c9fc693786205c16cf84,0
126cfb02df7942aa8a699fe10c2837e3617470d1,0
0d4bfa919943d2053868ac7a48c2757502c5cdec,0
2ce7b2c3d10c6ae928b975705db26d969453913d,0
25d9407086393ee46fd5c981d8deaa9da2c17be6,0
dad21d73ccb1890e741d98f2ba227c4a81dfc359,0
cc70e908fcd9b309187789fdbc20249ee3eede3b,0
c13bf71d3a1e8eebb624e8a113363998d1664263,0
273bc3ec55764934d54006945edffd73cbc4592a,0
cfb613652c7f36694fc3084cae6f93dfc8fa9049,0
25ec584b09d87581f1844181d1ae3165613dd6d7,0
16f001b4ed6a2507861a50f73f5deed8e86bc6ce,0
75965fd2aaa2ee1c5f34a0ea92b0a444be2cfc85,0
70c57b89a02b68833f2c2ef142b719eb8128cc75,0
5d98623c312b7639c84f1d73e5bb3d4b8487fd8a,0
9773e41c076aec1cb86f4438d37b01a97b852a3a,0
57132135b269f9cf76870ac08b558fd80c861d49,0
3f28c60b2ccbd4d3965eddfc2e652eb0027b10c9,0
064c814833c50fe1f3f87771e6e85dd6b1dfa42a,0
9540122871676a511867c3d2ba54bf76401c8a91,0
63379962669775afdacb14cda8a40cf9c4c9a043,0
fe71bba6f74ce54fd2581af15db777772d7d7be2,0
8fb9b82b186fcf137854e60f48f84bef664f10c1,0
982141d68997d48524ac4f0b9616f06ff5cfbebb,0
efedfb04fc0756603de3763b10110beebed8b9ba,1
ae228cbebef69f06c2137eea0b16a244f12ad341,0
c670c66d5e914bbd45bad9409c9fe068dec9c698,0
25a50750bc6d30b805dcd0aa8c0af2b2c0c6ca8d,0
87266fdb96e7b98dbf4fd2198ed3b8f245726203,1
6658eba6826100e9059186809927f398446e33a4,0
7c272bc96e2053ae9960e61769c38696f4f3b854,0
b4d173d3519854993014731e8b8c1e73a137379b,0
85b9998862274e41ce4fcba21c637fd743432272,0
29cf07169ebaf45dc8eab6c7e55c0039b31dfa5a,0
1d049600404981120633155a69a2effa10b26cfb,0
7dfe5908c0fc4db3332cd78d977821b19e2e1824,0
6b436a0dc1c32095698fa777ea1365f5bbfc672f,0
93b0d6b3acb2d3be277ca8c2799badb005686429,0
bc71c883eec9865f626a77e668f610f1624be43a,0
80287ea5dcec5dc0fe8903fd94a51fcd7252dade,0
e45d91d0386a32edde0ed08b57f53ec2cc1de3ea,0
b7abcb964368bacd245ab07cf2647b078e491ddc,0
beb266a7c1a91bea734bebcfcf0768790055e8ce,0
0b10d14e48d1937621edcfebec24a2caa6676184,0
3187c92b9b39a2f0663f42d2ec2e1ffa8c45db10,0
10636cf7f281864685b64efb6b013f57331c4615,0
24c79b8969b3fbd382a568160a226949ab05875a,0
2f92ec1b0fa868d2c59270abd6630a3cdf2d02d0,0
2705bf0392ea800b8adcc0758f3b08179034b02f,0
713ba5701905c8ba0b019fc39b0b1aa5325fdcdb,0
4f65842c59170271f82f98b5eb3a985f198420a1,0
acfc0522471e13d5fd18c827a76be95560d9eb21,0
62e139bfbcbb1c70bd622081932b133d09aa4a62,0
e27d6a7dd7378a6d1906dae54cdce8468d53ca55,0
845fca72fb3736ba07f9f35b138295d77530e500,0
43b203c81c7d6d6deadce5c25e815c82fe74ec49,0
b68e9f59ce4516dca88ed66d7cd6642b4187b074,0
b7a12cfcf1c3c0181b62c2c47940295821b3210c,0
9f4ececebc793e9121cafead0bdac17e83b959dc,0
a3e1e88bf9276918b3ce591a0936af6051b9551a,0
b92c303f81cca58d4c04d11eceaffaf718031561,0
41157e7a305acd42d820b0dee0dc6cee228142b9,0
1f06856824ecb1896e15059704510455938372ea,0
b6c1226082e9272a3a5eb37422afc24740e7b75d,0
31dac7eb1e2c3683987adf686b0f151925d51b94,0
2bcd63e545252c308f9d8b51d8f357155639e861,0
19c15bd468dc770e255738fa474956d37b8bad07,0
10f7c22ac3955b9ec0879367fa76f6c14821f512,0
9994ba2cdb0922cc16261cf2a165d9b7a66092dc,0
80d570d77a6f0ff71bea6fddb6519d6bc77f408b,0
a310596a75ce3e0cccf268102f070ce85cf9384b,0
53b6258b2465362ccfa3f85a482a9d54425b6d93,0
b8a36ca915ba99c9d4d7151b409b3cb883420a93,0
3832b54d4d6f8a45c7283fa42569e59d66ce3d90,0
b5dc83b2e74b85a2aa5d7187f3a932a1bb7b574c,0
735d9a839110590ff1c82ff619cbd7facb34d078,0
b3654dbd3f21b6d7863eb491faf33a02bbcc9100,0
71a4e3f5bad9e17e7213368de6af803bc3cfc160,0
1704222c04738425958cf17f5c36b3992c4afe36,0
88a14b04bdf20387ffcd50016eb9ab7888c46641,0
f79cabddf2b8ea7b05463329ce2744d72c5eb460,0
e1c9951f658bca94ff290563ecd55be532615236,0
c9b8f902547e6dfed9ca000821a47daeb7800a2a,0
050d1f2ebb9fd7730d8cdb809c8a069f1e6c17e5,0
661fb0c9c01c87410cdf1abda41d78906656c7e5,0
89d2eb8fab09847c42ca1eb32c62e0d4ef7699e6,0
f61244c48d22b86a9c6de16fc4805f10d8d4777b,0
83420394a2e397ed46136c40081e437d5af9c2b5,0
86b6c0cef9e1d09db327197ba2cd64f404c22988,0
baced9175a67c62edd254e8ea985e5ffc0988b69,0
6441942c325fa63301bc0ebd1d43f6a430da8885,0
3e65ff983dcaba073337d3a15b21dfbee2eee4c7,0
45ce66540a365d766987c7e2d7a680acadfd82df,0
dd2c56855c75f55dc7bf718f8f04b91600c396ce,0
db69349c601fca02ed236064bd7c20c359cd9707,0
dec0bde1bc4b4283bd8b9c42f7bdc5145aeb9ada,0
79a242ec3ec8208a9187777cb40d8c269f3cdffb,0
377dd0a46189c53b9af1f89c7e4e9e1bc7698646,0
9a9be4855f3d7b826e6ea1de690275bd7b1da81c,0
131e4926b7a31fff3c6bead10bbe6dcd15e32bf9,0
baa2adbd33b09089c1b9d728d7726e806919a668,0
a853ef44fbe805e7d65f4e35a37785d66b8734fb,0
f8b2186914a4d14c735b9bd7ea4f0961e56bb936,0
6040b67b78d96d05c282a75bb250fa6ea31623dc,0
1957758471b8f6586fb7367b9ced3b53c1afc35f,0
62f460e7ea7e14e631da20d0c7ab75f896ea7097,0
68d1bebe0be8e74ed99392486ff70f22451f4a23,0
b8467c09548030e9687da821e69026e7751d5b68,0
236481258cd4141059d0d0f263b3c4e3b74889c9,0
af9ca771525724e3f303d4fa255b21950a247786,0
39c82bb0149a8fa7c4322c08fcad040ea3255258,0
8d0c258bed70d85c45f35a5669754bc4ecbfb2d6,0
96466c6bf8057917db79fa2cc4333e2c3b8ca9d0,0
1a6f9383470f9b847e7ba779b617823a981dd2ea,0
00a0a33f9cea4e718228b663ed06ec3760f25c2d,0
94cc36101ead3a5602efb19800c7262258927d93,0
b7c4735e7abe2cb481b3bfd14b3db0ee4aa8bf9e,0
167035630f778bd74df976bc46b228a3deb2a99d,0
8f71f628babf21151e54d1a8b0c13943fb17c435,0
a5e715daccc3dcc151735bbc251f94d90bb831da,0
285ea491dee3e50cb0e32da57bb700147963a359,0
efb8cfdd6f1568907c9c2c3a6a672b5961c847ad,0
678c43b76fd7111978569da167229ee562618f66,0
4fe3600d82c3a25770d47d9d99c9771dd7ee831a,0
c046e86395b4a1ededbd7595e9500528195c58ed,0
1a5b367ebabe8dfc3b37481472dca48f115cd261,0
ff38c184f7b5e1e2b9ab88b22464041eade680d2,0
4ac56619c08783f8f0e64c561e3e07ad603d5946,0
33172a83a4eadeb7084486256c57947567ddbf17,0
a120a393442212ada9e3caf4dbb9ea7e422f144f,0
71841bce6f67b8e58b26caaa49b5c0b1f7269534,0
5226462744f1e3c11fe5477b543a60b18a80e548,0
6c1ac64836402a0bc71608978668bc54bb90154a,0
61116129bf45a797552a4154efbb06c9b4c3cfc1,0
72c543a15fafdf8345881f631d4e99bfaf814eda,0
f675cbc93ee4bf7395befd90303cfdc79265cee2,0
cf032314f935892a8cc5ca7a43bcf1c9011f3242,0
a6feb941e5ff8fde22865f981d912c6d5f48546e,0
323d3fbaec7f2620aa29678b10aac05a5ad6b388,0
624cdb14f819ec4ce5a5c02df0293f317cf9737a,0
b0bb65029d1e3dcf57d8a0a56e4ca7cccbd18db4,0
fa2fafcf1e1eae47296fc8ed1d609225ea381971,0
d8e760bd13b8a5c9ddd2029f2ddec3fbadc280a2,0
44d58a53c635d0b42bdd4086c9af09585cd93a64,0
d88698772e13dddaa279343595f57e41d26f0ace,0
c19d7950cbc59f03865225865b44048dfa193080,0
9bc78d88aeb12b5b8bd5d39e4dd9a81c72b3664d,0
487523a34d2930dd5367963467184314f8cd0199,0
c96a7ad5ab1d8c3ee722e5895f57f54e02e39ec8,0
e45d9f8eacb4566087b9a1f0a21add59d0a5f98e,0
d26e7ee3d770f89e164cd62952405bcc85764993,0
1a6ac5146293915a4260341012bd5acf9a2e03aa,0
f1186df949ad9f6e4f514c5b685b69a821641a47,0
c5b86d834a53b4891487e62671873d054a6f38d8,0
db1fb25fa757b20a641c30bd51a684b1e23793f0,0
9930a10c89c181a6a7bfc929889d1c2d45ecd2de,0
818ac9c21c13960437113183b8ed2dc1789036f5,0
ddaee2a590ac1f4d779847989d405f573396f662,0
9969fc080601578133c9eac93c45b98510ec94ac,0
d8dd39b32bbb04a28ea86eb826c56aa6783f3faf,0
7b9fba0be5f9ae7daf55d995b980646838f8975e,0
91edebfed2377e4d5d39335538a53f029c3ddc50,0
a27d7746e1d7ee7fe55276e57b9aaca33e4612a1,0
8a71764a895b234bd1fc76553835ef4c974f22e1,0
34b9351a4f22a582a8c74d15777ec36447a8af31,0
12d010b54e8c58fd6ce323b00b6259d43d34db33,0
845c820c03b613236e603a86d2ca91836abdc30a,0
a9ab11f616f298ac1dc9f1e065369eee598d4416,0
9b4cb8ffb157c5976a6c69ba7cbfd89adbb44830,0
20692f7ac8fb3d6ae500dacaa637dcddc93ce564,0
0f842af8a33f6df0afe116f44dbcc7036cbb7c34,0
ded3509629d16fe10b701908a4f2c488b1b34038,0
7dd3b68cce4a731b635b766f745d76ab4b009eec,0
6c5e19846659d824908ee3aeb57391e97ffed145,0
712a207bfc7ea809c112fa22c44481332a8a822d,0
ab2c8a8865efb483ff898dd2bf82ad21eb494e00,0
ffe9b72488a804b0726e1bfd31d15ca555bd7a7b,0
b943742934aa0a9961b5c6e1825311a80660e541,0
f064963541e47a127f077865d0b50652f89e71d4,0
78a0e7477d17c336716a34bc77cfc29edc4df1cc,0
9b8ecc1ca8fe64fcf11dbe406c14d29a12ef0ea7,0
5e61ba9658a713b5b48ad96c6fcc5cd36af188c1,0
56deeaf5ccbbee5081dbcce374685f4399d71bd5,0
784fb496a946819d6ba38b4075915c4824215e36,0
ee6cabf6bf89240eed2c091fdcfe1b0cadfeba8e,0
6a6504247671ee1c36f35b24f5a87d75d92b79b1,0
8408716a7f2909eab4618ac2ab6e9a1565a993d0,0
6641cc08d9568fcd6a291cab8cb0a7c4860e43b6,0
861879edc67cdf244d1f7d1ea927f7c1a9399263,0
e6543480ad73e45c7f02710b0ee15352664e118a,1
8a1c1118558c8a4ec4d0b972d0c58906eaa3dd87,0
f740290ca049e11fcb61439469d354a97272dc41,1
0b5b1be810baf881d835ef2a96d55f54f537a6a5,0
a2042657406bddbd50fd6d884be65e1b4999b8a3,0
7bc446a2ebd453e98a70777042ffa49aecdb1302,0
c75ed1c01ecc9580d766d13cb54c849013e8fa83,0
b0766fe20004e025a409fec43eb46edf42c96ee1,0
0915644b3af949d3dfcc6d43a5d51fdb719c1a17,0
5342cd32e54d1326cd39945915d8fa36e55f90fe,0
8c4a8709ae8e9f10675d67e60eeed4c7283e3fd9,0
c75b006dda746f7dd996664aacd3cfaf2bbe2f3e,0
4c3436fecd86a9fe609393b70602c08adbab41d7,0
1ebedc77333998aa40030f5bba5c044bc98c94e0,0
2b5fac9ff515dd53cb3f42f6e94a9fbe3081e80c,0
712de710fe52d0847d42dfd06b5c2f79e198c062,0
0b2b3ecc1b5963ad5c34b151252c9659de9bc5a0,0
814adea11a32ac12cba4c1689a1335f694566f25,0
c76c21c7e2b0dfe254a4006a9581ef451a473e5d,0
30dceb57c89c88894d4a879eb0ffbf9820ca7af4,0
7cbfb4191000e170066c25f27b4e48fecf5a6823,0
6bcbadcc35c5f78cc04d6916beab6c5e10a1a016,0
0f656aa336092cfb1662560da39c07bf575b2ebe,0
3ba4695aa9c2e39a26ebc83bdf5452a5351f10bf,0
7cf868d7925a88c02f3e2b7565f377e634ea2056,0
0bde583caa3de5cd7d8def1f41130bfe268673d7,0
12f80ff3ac3d7d5b2dccf4f3ec4f9c93ec21c37d,0
8c0391c2f38e1884b7c1e5ab6f714450302a0683,0
43e1ab6e21b76f08526fb926a71d6dd70aaec5ae,0
4475a0022d22d7a0433983546f89e7f58c713382,0
43a6189c381c64f6c4308b4b19f5f05ab42c257d,0
b19355c40f70c4caeeb5b7c0e804b5f7550b6407,0
1416718949a9c79b859677eb0c8da7eb399e43e2,0
dba639465e33ca3511c1619152341050c9dd8f0c,0
c9bec5ce66db09420d2dd1191a6dcaca844b5087,0
4f585bb11aae98e433068e9736502de49da5ed6a,0
89e8cdd1f1e602c2f367d7ea67749c74e6110f6e,0
c4193c6e4ad3e5f526df5d1e0748abffcfd08bb2,0
bedcf7ec6461a8a30a83534e4daccb20d6287dc7,0
0ca23931f4be280ee81abc565a960e8c3d3b2854,0
47a8a1e852f69dd4f929bf7bbda1dfa8e8717519,0
88906e21957f5297069dbd558b1c08ff036bc488,0
400df09affd7b138823d0438d1118579f014c167,0
6f80a93eaa51917c14796c96f6a184bb45505e1a,0
b3553dd5dbdb850e5818244af5fc86daa3011eba,0
2434b31b9945a2175090927c01bf21910ca19ba0,0
33b4015c47b4a6d3671205b3d742a342cdfc53af,0
3248fc1483a303ac767436bf00266e191501e2a5,0
edb9fba8f89a36b2a7c698c8277204aca3ba77bd,0
d464d82da3213f1b501064c881f650fbc1645ff0,0
6dd3a262f35c0908cdc2706e9508596ebf28608c,0
f1d1693bebf758234e28e05c5f6d0a9a5083a87e,0
30d4550336bbc026a5a7901175ebd30464c9f4b5,0
38ce3ab56230524109b1f66976ab21d27e027c96,0
3a1821ce1ea983f9b4853ad4c39a9f05b4ff8769,0
97cc07755ae99cae5bc163040c80c5d172f68edf,0
93c47c26e63076bc7cb16f3cf442c7e0e0c5051c,0
09d0ffbaeceab55c1ff1be36708512a61d6484ce,0
2ad70a401a88ba28fc9a08e49f81a430af472cde,0
3353ecd157cf4e7f5a916ca03e0cac0d38399ca1,0
3db36bf96881a5133b4610f1c97d925dd7df4e67,0
f82acf29b671027e598f8fd988b72b77bb691558,0
7363c4040d4d0bfc89761c904f4332c69420099c,0
f62b20d5121ff184b6af5618f77d0864832e81fb,0
dbce21381ab9bdfdb1ed5285e66c0e8390f67113,0
97424dc1b7694e2807405a5974615e4dfa840d00,1
84139c09b0049fca08aa538c62839c35df1e5bd6,0
ac5b903b99c80c14dd37854e7663c22df83fe0d6,0
f8dca0b74cf0847f03206aff71a6e599c38f91ee,0
45d6c392de8b797bb46bc76ce2a5761f30a30879,0
f9650450e0f947f1bc7f123ec2da58bc8bfdaaf3,0
448c89d3a05558e95cdf9d83fe9a636a8667f186,0
123b9db35f55e9aabf7201c34c13cafec6fdc316,0
b0f1e8c75058c8709622bc48beb57e628c9c7f49,0
ae631881af2807ac5aac8fa60399d48aa77dff30,0
abf6474cecca2a20a4b8b4ae519ce59a8a0a4475,0
436337dcc38f953bdd0c593fd32211c70bcf3cca,0
1c1181ec4d90b4da137fdbc1f335ef00610f4519,0
4a3d6760cdfc4d3210080a8964d7e1fde5d5a56c,0
d62104c350876cbe4f78e96bae7a8af45258eb1e,0
3851f46884e916474818d00295f524ed6db29b21,0
27e738871f46f486aa8949e8827e81dd28e29205,0
05313a611175bb74565552715d10216d3d8b7be3,0
a3c53da9fc627967007b548e1392b78a6de84d15,0
9ae844dbf476eba54ac52d9842cba0505c4c6666,1
e1f732a6dc9ad194ca6c89bab45ad2d54c963a1b,0
fd31e0153d2c156da17ed8fe1da94917dddcda70,0
786dd4d0c4f84effb0b0b8e2dac643a0b19a5027,0
72d1743e29248502d773f6ad3646d26248ba3af3,0
945ccf67449b706d6b3489c6f789454151ee2d48,0
ec5ee3dc77b5aca0b701179edfa4f1f3be3be7e2,0
8f06fc2f5b774f0a27fc8afecc7a6b199ba18b0f,0
a6e1979ea2adbde89623388b503c551298749f21,0
e862ef2347836f2b6c71b00b1384e27c4c6ef0f0,0
de72eb2ed1b140318a50d1767ea756c6bdf54a43,0
52c2b20ae9f59208612198001c48140d6dcc20ed,0
291e5415eb1c96d542cef3286782a0874f7e58f6,0
a4996392a231cd16a8f842f22bcbc7e231ba00e4,0
5abcf9e8e51e9d889e5a55f4160029744afb2517,0
a49f4b78d357d196f59629f0a1c5c82724602174,0
88209027a20220653bf3b888702abc022c706532,0
7085fe1d0559de673ed7f5b4cf506b0fa8c582b8,1
4eacebfa9bf96ee33891adafaf992b5d82ccddca,0
e2e243246674cb3dd2fcbd65dac7e46013e59eab,0
0541414e7b89570dfdecba279cab4c1df2056306,0
d8bc8acea3afad6dc5f2c2b4e2bf0624a1c3dad1,0
e179c0801f3bc9e38b40d081cb9242ac081c2189,0
938b3cac9f769b8c555980fa4131abc3fb782c1a,0
a8343e90a681a9e1dd69f21a5094979fabf36f77,0
e34bdb31770cb14b69d5f308ce470f7263e5b816,0
56ad935e84867e49a36e1bf493a304632770b649,0
027455bf49dec196258a02b812fa559fb0d80129,0
36fb490321c17723c1ba2e3d612acecd5f800a81,0
a054f105fba11b4f8656691684c450519316fd30,0
93d36800d7c364620ed4b6b371381328e0366470,0
66696a2bedc3f7b6779780ec4517b5a4314e2ee1,0
aab65a42f2e256e0baaac6ca35407d5d6632c5b4,1
15fdfbe63d88b5d1d0c7b37a989d45598c269ca2,0
1c20a732c2bd0f5b8a1d82feb37931c6abbc6560,0
30833d8a3c9ac1e9d7b58c0b0536afb9d84b3849,0
efc15c0800bbeac6e16cce0d395c518a20fce723,0
dc9f4e0ccbe66ffef2b63b242f498fdb30ee95fe,0
47abd6131271d4c65c6916d69a98940da59f7ad3,0
ef1f039ceab31bb7002454bce07f8fab17b8dff6,1
aacdf02f8c783ee97bc7278b71c4c7c359c20e99,0
72f3dd5ef77a818f3be5499abee109765d26f457,0
f49695afb35cda9ca9ad27b1f663c795959bfaff,0
655bd8d3f9b564f3e90c312533af32a572f79f7c,0
2b8e29457ac7b2cee97297672d5c6e530ef857b6,1
c491c2db84c1a62624f110dc177c12433f157f98,0
d4d99dffbdc2bc0ebe64a78b76902cd535ff1a05,0
6f1d24654cf889d068f119b5b0cbcb9a8b8736f9,1
5e15bc7427d4ddff47839ee4828bf27f3d680f81,0
d53e67a4a8ab87434b5704eacea37f98d126db15,1
8c3bd14cc6ffcd2992b2daf494fb8244adfcd296,0
04bc401f5022e47d0fe258686fe9f5c44ef4bb0a,0
acfdd7233efad57a45527a5cb91ea78e49c674f1,1
90f78f9b266310c102529e7d76471696ebf6ba6b,0
d797f131656dbb43e88559832d5c3bd8eb16b66a,1
916e75fd75dd3d67ec0f1b43285e8086e3406c34,0
8edeca55d3070bba3a896cbbf088ef626a5b4b7f,0
7cfee8d092108dce27d3395f0ecc8b1aaa2b0d16,0
9f8e4407af3dd4c679955403066b38e14f5af7c5,0
b9d9f1c5f95ffca774f59c29a50bbaa57d65ab59,0
7055a9666d3d75a57032eaf430370518a417440b,0
3f6f7ba9f585052b07f2b6c7a1fa5e5e2b77a67b,0
3b03a9a90fbf7f0d086f45aa077a62aed6835765,0
fc610160d87bdb30c1e96996f8ffa6ce41824125,0
57daabc20cc69c2156c7a094584148f777051b6b,0
e0eacc9a92ab4c32187182baa635bc63c81b686f,1
ea7369f431bf4ab4388a94709d69fa6a9c861bba,0
76f894a23e5de6bc9fbffacd0edae5c2d8c5a466,0
5eeed0b79ad07ae9376a71d48fc41c2736870e45,0
683812374b0fd4d69a203ebb7a456a653b1ad181,0
a4f24e15746098b774389b4c6381f8191b60def9,0
e313b9f993cff71bb58691ce81b55e896312d934,1
17bc263bd88c035139f3b3845bd44f2e06ca4333,0
a89bccdc20261998fa82ae1bde6cc3db3d01b539,0
ebad02ffc9f7573cf82b871cb454b39e236f9928,0
fe6a16e79d3642a11120d1bd0ea943e47615e144,0
9412b04c383ddbc7384ccd82dc8c012a626f2d70,0
4fcff2fc351bb9df9cf72213b56ef55e3b01b7ec,0
62d96cf544f29251bfd873c21cfef1cfef56ac80,0
c0944f38d7dda87711ff02a52aced79b2f1cbcdb,0
5f91228adfcb1bd35cd08a32ee54c448077b0369,0
4cf745635a957d893cc0b9f8bd151a32a7b59560,0
4844e3cd7933a9240c106758a057afbefe2c41fd,0
d50135bca4863d9a00acb58e04442b2b07b02712,0
8074052d11e0be7f96fa1576189bbdda7c4cd7f7,0
31ccaecc894de2fdb319b32a3d7f90309dc875ef,0
32b7c67aa1c6a63f1c0d3755a4dfad39f05d3dee,0
15eff5b7e4818fa32a5915c00686408c4a93acee,0
c76e6b3df3860a2c1b67f4e60d23d09dfb5ed3ae,0
0e2cf5e8c3012e9475e0fe1dfa738e3208ce55b6,0
ac44fd4d54cabe11d26ad0974ccdf0cd64147c82,0
63a9bab20c20d84e0f76f70d3e674f0cf9f64c90,0
022282343e280447d31c17e8652737338e52f06a,0
32df50334690f99adf91a3bbc96a31be3b46bab4,0
2fa1a211aec2302c9ee0ca59ef6d932bccdfb992,0
952e23f1bb55900674362cadf440999482c1eb70,0
f2b133e56bfe2eff41ac4547baf05ac4253f5614,0
ab182ffd400d1017cfe288047212398484824da4,0
3ccfdb1ff0f6b4a3981834ede2616ae2dd99795e,0
95037e6d34e4fa5029a131a5b1997ca2a81ff661,0
7a833198b587a0054f11ed6953b83ed1487806a1,0
07e86f72c0b9b87f5695fbbe832e3c0029bbe686,0
753f3c91f2d6969fa2ff53a7e821b6347380f4af,0
0bf2173c972217d0155bbd51ca3137727e7a4eeb,0
d58845b4c552dfc7e0501fc20dfe5366098d4529,0
81d89bf0456b66f8507af174a669fe900b814779,1
0b1f5468e45d5a08f948ff77525d3ff4c44cb68a,1
41f37cd4767703fa3bdcdd13a7ad1e949b2772a3,0
aeb892d0a27c414a2d35d3d937654b24f31f9ffb,1
43852f2e5e231b2473d34a4564586d35166ab03b,0
e68adc84dd962c91138b4e951e7c66dedfd98f24,0
4e67caeeb829a045661d5d84c40480e2ec4c62c0,0
617dc66006c88461aac6bb405f493682037677ce,1
7436a2caceb6d3bdee095dcef4a065b20b58d06b,0
c0868e8d23fe9a9ee18f58be640f41e1b29fcb3a,0
79a0bc2a30bdc6b24a5c09b44492d86fc2ff17f0,0
c7ae016fc872d43304ed079713fa7a1685122891,1
368670093bf5929477dd205087a4eee3acfac5af,0
1fbcf342731081e64d71be9c7397d1d9c5409517,0
85cbdca97d68eb991e6baea5c501629414b360ef,0
596ac0f71a4a3d476adea48268dfdd579c4bf4d6,0
22821755b3f0af55ca04364261719114be9a56f0,0
a127eaf6b81f3be06282e4b67692bacc020b8703,0
b6ce3528906997c2a07de1753cc5576fcd8d534e,0
63a2276b8022d9f1bb3de765a16e3d589bfc7b73,0
7272d1a696bec5d2427103e12583039167f842b8,0
41f9d8eee6c6396478067a941db9bcd40c492d7a,0
99ce4fc1e81a1e52ec2fc3250916ad65457dcc2a,0
1e119889d4167617837def38a88645b6a28fcbc7,0
329bf444bf0421674e2f36c93b7077ec1c675bb4,0
b120e41ddf28447693e21784b76e623c37dff6c5,0
b797a4a18dc0b4baeb6eb714a8f0a5c7fc56dfa7,0
5fac94df6a296b5666b853173d2fb7cda4589895,0
7bb60a1562a6502883725a31a205df501ddcc6f4,0
81312f668391faa9b73cd57dc29919655c6889b2,0
b6274d46229c33f88a59a19cd781756216b9a5ef,0
1b83578b51cfb92ea4d47300df305a5d8c0fdb36,0
df89d9e273330fe086150ed48e94ec74c035d17d,0
4e1600a66841987dea3d14bf6bc9165627c4332d,0
d04cc0936a23031e8f44be22fa240d057062fb55,0
a58a5ecdb08f10cbd4d1b688183d2ef1ec595f71,0
7d7423c6fc416d4ff76fec5217fdf19fb21cfacd,0
00eaf45baa00dd940c5d6933daacc48bce33509c,0
5517420243a3e63bb3c9faf7e1251c14e92252af,0
7e4d144c78cb8a29f29216bbe3f6c64801945f60,0
f391c4e29e0dfe698f88025126db3b72ff426591,0
2164a009e91b30c44d8406cb42e18c53f7b3818a,0
1a7fd809bea63d38ce867565a946a467f6cf1de1,0
edf57f24b4dfa9e5d8c37e81f6f443b5384b63f5,0
223063b4b47b9901b3e0e42f084c52359d17bd11,0
86162c71b78aecea3c577133869f5cf6bf5e0367,0
221072f6f2459741c4cccd9d48a49939da3874a5,0
a54cbde591b5cc9c53437a451d0fd901d0be32d4,0
e70a767d520d0f8a399cb5645e6dbe68f0899306,0
327ae28c5f60c15b0c738ac12633fc36d1988a90,0
322961cd6f5ae07c57809b4f73ed436ddbc24197,0
6b141097b6daffb6242e5caf72165390c8d676f7,0
ae8b4cfca293288f1404bab12ec126e7eba32e2a,0
35b54c2432f5445388c27ab4e3a8364bac47cfc4,0
3f4ebf7224a497e0619fe9ad9f7592c68cf553e5,0
548c7a60de3b1bdbe78e5d5f8976cb6711ca8a91,0
ed8dbbe5f0a38c1093cefa75eddd6d73fe0017f4,0
80e76d9108d448640acf94e1cbef6db342270f25,0
86de67d11f8fc9443138f76e7ca45f365e257584,0
377b7b988021520987244c8c7ffe724ad4dc97d4,0
95e3a92cc2531ea8a26516c566bbfe18b8887cf3,0
b086038bce81765d4b0917ac170076f7a0234011,0
1e0d9448a81dea071d4ed428164f834a5ac9d0c9,0
02b1e8a8ba6b5f0e8932af8b6ededffa1888a36f,0
a4b7a68f0540e0486733da2ad07009900e24bae4,0
a52f8d0f987eb2f4104d16eddf87f6f7d2e92d6d,0
a74b73d731549dec65a157231e25417e3ce6e35a,0
32247793c6ffdeb55e7e9ae415fd6945e0182a95,0
50fed26e8056dcd10f06d1b9aa2357e10c94ab29,0
568378388aae4d262fca9450fe5a88ef70913f78,0
f7ff37e7bd330e784227f911c47cfe2980bfae90,0
8d652f55bd14e966e419f637c83f421e1b14972c,0
09e3980ed1afb869b99757945346966543dcbe5a,0
6a0a9455e39ca3b112f7256897be39fb13d08dbc,0
e7ec0243ef9e246cfafee63d4517501c1ff1c4b9,0
f27d55e650b56a0255a36d620cb724e4991099b8,0
78d2132101c4075af5a464effd9ee7e17c92f7b5,0
7311afaa29be63aaae2bb2076b30bd0fce8d6cdf,0
0b624188ed1edbec48b49ca6c5c32a9942cd35dd,0
6b959c1f0936d5476e22f5f4f42f31f2df0c433d,0
61f3c34202a5c50d6cab9cfd4c3e4f06673598ea,0
8ae4cb77c6a604ccf63b08ad1e64262d08c06969,0
ad3bd7f078c90225164df3c6e1cefdb79756bd0e,0
53cf87b5eed5e859542e70dda0ce26caa8113e58,0
1be68439cf059cd0175e71624119e5f99f1e1689,0
a205012b0ecfc54c5b4524173111aaeb9a14d68a,0
fefd8139fdceff817c8b735e09db0d3537bb863f,0
e382cfc2f26a4e958673f5bddf8cde6620e5c5bc,0
04a1de06710b3da74f91131ae14091b358fb6382,0
6cec82ccd0085a03e4e2ebca38a4fee7c0a6f9f4,0
2f098ea382268aec9e995d3e519ada7771340112,0
70be92e0f39e132d533098baaf0ad354fdcda248,0
7d4ae6ba654908ef4eca0796174514fc7fed9e24,0
43df6a414c45aabcda7c8a8b6129f66e0e9edcbc,0
834ddbf7b7de4cbd1e24682ec566640e8f67f22b,0
178d8cfad28b6fa8178afcfdc7ed2cc53c78135f,0
8347a784d741392b126e438c5362415223b1ec8a,0
5e15b047cfdbe0af107fbf5d7b00daa879a3fcd0,0
0955351dbd9add5696a924585edb9a3dc266486a,1
ab839dc9c50001077b05fc12db1bd8a20de90f5c,0
ce5e93db01169db7472f237ce752857cd4b3e814,0
e1134f874502b03b5c1c2b1b8ad74d82312dde31,0
2c78af2689aac841b4e834bcdf8d75703722ef6a,0
1ca86a827680f38fab052b83f4f41423f045b04a,1
f7f5f7d2cfa3eb8b6e1f66a591957cd47a91a8d1,0
ddf17a1b225773c1385be2d264eb5627876deed5,0
2a6d2b869641b94aca45103f5848a74ed2546992,0
13fd686528aefc0b30bace09af5f6f09eb230158,0
c7cb7b5b0196cb75bddd17dbcdee475907a9612d,1
44e1c35f54c15d6ce6c31f0a8d102808ff3a31ff,0
bb1bb9bae4b6a6a84ad6a29104040ba862fe76ae,1
de402c6db51add3ffabf6fd55fd06b568c18dbdd,1
9d84d1920fbc5ae4b94c6fcd16c5ccc695d01006,1
8c1a7f374846dda878ed198720b2fd353f6f009d,0
e9e8cbc1a8ddf14508265de4020c5c99c18eb28c,0
5c8f16b7206e5fb010c12fb50f1de3c36d1d5bf5,0
ee63a260b35259968a326b77612bd73e6b59fad0,0
e5c8fcdd922303fbea9b34af0397b5d808584176,1
c8420c4c5a16a87d1e61e3290d4ad11e09fd4664,0
9ee9056bac283a3934a79894a1a2d516b1f7e49f,0
64f8cdcdddbafbe862697b59574db30a0b00b28d,0
023a972157998f14d94407889b024d915f37fdca,0
4a68258f8f3271506947ee30b6d6d67ac83a9dc5,0
c529c2359f6bd92d986b19662eac398ffb51aee7,0
5c68d489f3813d6e5b8fb15f3304e37e9f21dca2,0
b8a049d001f0b5173e8e1f7f7fc1d3f1937fb6d8,0
0d9d58935f73f3e37a8803bab4e18af6496f1010,0
2820225cd908ae1bea9649afa595982ad0851e2d,0
6b055f0025481fa1f1145e3f9763eecaeca98252,0
95793c7aab86868fc1ebb5ba177481a36d91450f,0
eee139828ddf33eb1937c4412d953eae43263fa4,0
194a937b49e61c86793ce5c62a50820be88c4028,0
a3cefc2063d220efdc8a42a66164a5ff0bfd690a,1
1886e00dc914bb2f7d64afac59bcde0fefdc8387,0
819c57617cca6d764504ee50692971b6db8b2ea4,0
a4ab4f14811b382206ffd3c7ed10af8f1962d218,0
0326677c17051a0e1369327d1f956e7218329c49,1
446cea6dbe7abc06336b6762aae1253830a185a5,1
ccc4d3451144312fedea301067a76b657aa5fdd2,0
be40a7e6bff870d36acce4509dc57fc7691e2cfa,1
18c7c369221534c413af8610a25a919386b3b8ee,0
feda709428bd80738384d14c7b3488b505601d25,0
15011d2545cf4838cd720cdf2467ad2e32e364ac,0
42b0cfd4e0febb6df6c94b621e593cad13736c36,0
11ff32ba0cb90d3549e8f3066ddcb1832b7de164,1
e547be29745816e765ea10a9cdeabef62f5d1742,0
f06f1fd33ca6eefd1266fc87e96c13303c899393,0
0f548af38e5499da7d72991c2b15b9110560034e,0
06e777aebe15621a7a8ff6617113abe36824a016,0
8efee9f57780aa671f822b926afd8bf1de7b0a20,0
45fe45d2987085e81e913ea902887a8dadca022f,0
4e8587b3307d243ffa08b511f273095a38a6effa,0
b1a81b34cad39e79f7404f48e9288afa44fa92e9,0
d254cf2bd17588e5111841b0ca0d349a0f4a6fd2,0
8191d10c39079dedcc75a63b222026e211619b1b,0
cefa0bd3f5964d6eaec5ab17d64e4e6350bab2cb,0
f5878668c887a364a3a7283b81f4ef7f0e4edf8f,1
5a83388b997c23abe711a2f40f7735ee76a561bc,0
3adf215b297e1fa7296ad59120e4479e50cba328,0
2280cbd563332a1b9f3ada9de77af40efc6c97b0,1
c5b29c2201967587245094fd0184070b11dc9667,0
a92d32a912e30c63696d18a4d0a5ac9e5f6f5452,1
b6758e102ed880842f5b52eb50d5cf9030bbdbcb,0
7588097aee3950e0fe6df3b62ecbdd572dd057f9,1
ab030a817a2974df8ca7461839549adad6db58f6,0
8ed212bee495ccd9e885eea54f27d21cfc0a0c6d,0
d44bf78a723eab1757b07dd6b0bd46e6605531eb,0
e8fa6c252720175fa9466aa017ada4078789c0c8,0
556da07ac1b9deac6e93bee87426317767ca5c07,0
fc988390b5de9371388551c20b85782d2ee40f0b,0
994eb0746802bcdc0887bc00e731f38e772d4e99,0
263cb30a386189b0ae807b501bacad654360d3d7,0
ce177a40addbfe1f2d38fcef8195f3a668808079,0
39f2c10e2706a30dc56b9433c2fade42ef01dd11,0
7ae2e24ca6280a848263f853abdf3f0b06b9eedb,0
45b5a681a0a3b4ce29911c9165fe5791b28ce76b,0
0e8d3f7d595e2df72c59eac5cecbf9d461cfbc6e,0
3ded26e96567b47116f5314c71fbf8b462d943ee,0
9512c33403c4aea7726ed501f1f565c6f18b137d,0
888076e3dd34d6e77d554e30cb0914e2f6efa1e7,0
860d57283da345aa96861193b3306f10964c9a75,0
082822334e584c45fc0786822adf7914c5f29863,0
4d97847b3aa6c0741eace88aa0ad1a7516e80970,1
5d0ed6d996d64452faefa072577a30e9b1a96474,0
f9bcaff0691550f9e1f938da528ebaae661a7117,0
80eb8c48f5edbf4baa62b7e866d877a2ccb5f5e5,1
d4b94a0373abcb99a1fd98c6456baf670024e8ab,0
fee5cc302a833fca4b78ed86747f2e44756aa7a4,0
092754e5620d18e0de304d9701a0828026420029,0
47bc5101e372b6c607c2d1e501b6a9ed06950fee,0
1e05a6793c02ef821de4a8d784925327e404ff95,0
b0881858671d251d98390b15afa46a76dc355a0c,0
24b3e31e0b81a4f41d2cb35d60e018706bfec637,0
fb422594ceef4318424c119e1a993202946ef1b8,0
be4339902db371f09a33c940ffb1da29376f21f9,1
78332b75daa1024dd5a72cdc79088876e06715c7,0
04e444f4be3fe3715b14f5d76759ff362809efef,0
75514c5b13e2f022472032af83bd0d9d4e017973,0
4f98a70ee3cd8d129a187f326e9eb8050431c2bf,0
8686e60da176f27715b39437eac1e6951cc87f90,0
33034e99eae415c35606f77f2f7058221fcef410,0
3d3fcddb1fc0137a516ae4dad45a27b08f721d81,0
5a670bcfec7aa9232b39ba4d2c2f479cae74f472,0
3414bd611a941a65f31253651a40c7ca54835bcc,0
c2a5fd5b4afe603a8d0d9c61f4aa6f8032e74036,0
7a7e92c6841ae69e520f0ab3d6f378301662b46f,0
e942747534e0c9096c677a8d0542851eff5d7f9c,0
6abda5137cb35b53ab713d0d11cf9c746a4ef24c,0
51f8a8b55550da04c3d8076e74b8f1dfd924e257,0
e150dac94a066dae124edad7a97224c86ad7d55b,1
4fe1afc94e9bdd7571d64364eea0aa36ebe0068a,0
38aa3dcf59da3d386013c91c261e1bb831b40506,0
f1d3c97295cc5f91ac31540d48566289ab0ee4d6,0
ea596de9ff1b568e718dcd91ceacfb37eaf1468b,0
08ced97534db2e4b7ba450a6d2c7bf7f00c7a864,0
0dd2f3bf945eeca63e420269d6471552010e03c4,0
a8af370b6bbae248c18d8895a613bd6cae45542d,1
d45ea140591226bc9b6e495b029c80b32220e707,0
1d962c59681e4f895c6b09723f50e2606fa916b3,0
92a3d74c78ebbd432412a55f78ace3bd082df07e,0
d81cf0c4a6b34983b0b2cc012891152f84da7c79,0
c7ef491c85bc2c97411622ee3bc79ba1591ace5c,0
2b191a6b7bc577f287e6472adf7638f34d1c0735,0
bf7e1d9f862f4702054c6862c409b670b4602b68,0
4a679f0b2437731841ae3ae2ffe60d84e41ab25c,0
c4b0fb0bdcde1f433a7538efcfd2cf228c286a89,1
1123524f92f2a685d2674f00b5b7474f1e13145a,0
ed6243a88978acfe0b38c2594d59ca30cf1777d4,0
ee1d29a8a991e738456a7c87c2c931b72443f37f,1
0abb8a5670c818c36c84091dddd690117b7be2c9,0
6bc2d25ea6dd424148786f5e0cddeb42ee072e79,0
0c84ea7d6784a9604793c37d39820988e8f120f2,0
25069531bb3f6a6a16c0292526c4cabb1e2985f6,0
f10d8242e560621aa9f6743a89787c81e427c2ea,0
73523265bd1b771ef33611dbfda4a6a47625f8ab,0
94d7744f4bee6d72a41f427b834c4c9e6dc190be,0
17e1a92d72d150baea99c43d2c120c8a0741183d,0
87a53f0124bed5c7e24f599bc3b86ed022cd0c32,0
4f777504341e1e87666649234a7c086de11fc6e9,0
f9b437510a097a27dcccb838843b6e1a5892d262,0
48fec59f44c0df098ce86947f138fe714be7f6b9,0
e84dde5c051bebb920a50159c53e5f00f98f1ab4,1
12d7f3d204a242de56a5a94ea8371bd3f9717504,1
4476361ef05959133358a10df20218c9ad42ee11,0
157e736cac86af53c7db6ad8ed41eba075f47764,0
ab38e916127fb8318670a63cdfddfab986a15309,0
ec532f14b85750a5ffa34bca3d93d60dc44ea430,0
c490264c780ffc59d6e236f3b0411f98705b81a7,0
154ba8f9f457ab8d19dd8eff7d80b287b7499084,1
9e7a1ff3e30bd14241c6f6e7602d1220b61ddbff,0
40a2a13616142e37cb30f61a1f1d7d8400335f23,0
8eb1ffb921fdce48feac61cd990c96f8271eeb56,1
5c3f503daef8560f77d251cb8bf59eabd701b53f,1
b7fe4747c95fe11510c9d4486d329ea726e0e92e,0
e6bc88cf052b100c4930b9d8b2a59cd06db1dc66,0
dd693cf2c1d9621aef3098e1a37843fc7e4d2d07,0
a3b4468ca4730682260db2e7be0d9eae4c8657cb,0
6a2970f591b2188283ca4b028697aed07f2731f3,0
30871c0be58585517b85530796a16e67962978c0,0
135660f1e56082bc7356d89e408b197fd8c16c3c,0
9933dd770a65aca61759ad87283ae34e2d143229,1
ca028cf07b8aab908c64990e694dcb8b334c516e,0
b4f31b565d1442ca9344161ec966945b95095194,0
ade62ec7f112ab37539087f2ee6162d495fcb764,0
275de5ef03269ff800eea0bc1c554b40078c3d63,0
006d0566af0726b8ca5bdb07e28c4065b95238b6,0
615abdb3e4f570275d1839d7649dcfd94e7d11ed,0
102e231003ae403208218d5e1ad2698874c6fe42,0
0577106f0e7d9304622963c211daf91a555139a9,0
1d3baff85fd5ec1403acb5f719010c6111778856,1
7b5625e94947d8416f1db466ee9ec40cc68abffe,0
ee06fb3de93defa399c76c8929edf4c152d3bda5,0
16530794d477504d1fbef4e8de05de2bddba7053,0
8028a262b4b847046d18f6cf8e122403a088fd12,0
e39b0fc249f699b62090bffda9a9ca450a7ec51e,0
85d9f5fe3637703dd9c7103f555ad6db67f3f82b,0
a0266a3f4f1b72508a5a910a00776cfb819b830e,0
32cc765f6fe8c62ddc165bafb08e6f68ac50a354,0
32c1621bca796b48215c54eb24d5f8ca05b320a2,0
67870c17b1b2e718a807229c89ddbb9eccf2cbbc,1
90086287acdf8c4771070c400b7cd3fb8d445391,0
2252c66118dc32e7e66b7a617d75148cf9884c3f,0
7a95d1590a9dbd10004ef7e71dcbb3354005f3ba,0
b79032bf47a17303d1baf24f11f725383e0aef63,0
b56e7169241f6cc4d7f3c953b831d109c2ee0d38,0
308658c6cb18c682f5f3ad90c0e2f4d8c8beca91,0
ee1841b749ae816360bfc9a768aee01f5bcd066f,1
a12b4958efb41dc11aa76141c977135cafaaa1c1,0
ffd4863413cdb91db6f21744ada1d0b4a1559626,1
b925070f3842ac0ae2cd816d7dc99233e7a6ddce,0
4c3784b200f1a63a67274f6713971a42fda54426,0
e2e84e813ece043952f774049b9f281a1582e9b1,0
01cc4373179cbe8a38e96b7dc97ea9cfb01ec263,0
9febc55e91340a1cff36bd8232f75b01392e16fa,0
6114f5479d0bc640390c8f073b40eab94103451f,0
f5d8e5e76b901ab68164dbce1b10f66cd1ff5132,1
d526c5cc4fb4ea7343ffef010efb905561e1b9a5,1
ba069b60ac76b79d17a6bcb45a24b2ced03fc1ad,0
666cec26edbfb1929679bcdb19df15b97760f7b3,1
6274daf4a5639a3b32c4af3d4fe4806252ebed96,0
e1fa84e6539b39a1e316b97fb4f3955cb7551e5a,0
f01cb2f69857b7e5fcdce16733f44856969c0baf,0
b6da224d5d4f07fbdb00b02fe202f15f7d6e768d,0
3a8f202a1d3d649a00a26b01e27d953bf19a8d6b,0
9c67552d77577f0253f6f7e02749737ab6c9a352,0
aa1ca15480d661f2e517e94ac567ca7e9de836ed,0
a2102f7815e4de5ab5c8d4cde9e3ac92551a649e,0
e277d9911d5aa73dee65523e8b9f71b387a397c6,0
e362add8502f05c5eb7aa1d583901dd839ae362f,0
d1641ca2a0f77673f5b433c8d3e2f42759036af4,0
b502317f9586ce306e4105f00d535260f6e2b259,0
272e59d44c40ed9eca099a0c0b1591f84170378d,0
768fb4c13235306fa29ea7e73a6945ba4212aa8d,0
370355d72b198ec0b77ebbdded2e946b47352bf3,1
72906d82849aeb65fc1c1f81e7350c63bfd95fda,0
b37043a6f941fc1f45521553a0c50c4117ab55f4,0
3a6bf647cea25aa9779ca233a3f73a2f2d8d5457,0
7080a16312585d8b2a320e62185b9891cddf408c,0
7353b0af6d4c59921646397797c6f4893db1c88d,0
456c74638f147d01021ab1977cd8e78f2ac3266f,1
87e7704effb6df73dfe712926615d13bae670eff,0
da348bba9c7abd1ae7694dbcd9400e3f1a911505,0
ac6b9c79d2df88c2326216a1fe087b7bfd80e4ee,0
55569bebd7f3c59f3a4107ac5152d8bc7ed171ea,1
0e9b3e5f94e98c4b9ad90e95b17af1edce3b59d6,0
9517650b162eb0843739a4dfe9d9c1aa16284822,0
6378a09de74212eb558ecaf6ca80a86b58e82902,0
88a80c2370e83bb87157690439a66caef81d8fe4,0
ff4a593d5c922bd779a0b2e184338fe5b74e99dd,1
219d519efa2204a35396ea9080ca78edeb27c800,0
545a2a8e8b39fce4a585a5f7ef252009a735a81c,0
5321c990496958703612f7d8310a3eb841883da8,0
0c0f71989ce6eee1edc21e0ed6c827991dcfab08,0
6e890046ffde0913ee027a7aeebbd8c19d7e4454,0
a191e8873aa3d729d924d1128abdd4772258b6c3,0
c0a6166b8e81dbc54482ce9694bc31a541141ba2,0
2c2fa5c05405f27c14ab24daa1584aa722b2ac1d,0
65ae5daae469b4fd9b29f2b8a2128f43bde3e21b,0
89461161478b6991a26e78fd5464cccd481edb79,0
225c584bf3d13aca4bb39bcd69d0224ca3562137,0
caafe01fd72fb9ec647478f479abee1766f73d91,0
b644c611037d7ed3577dc0a7a4f272ef554bc11a,0
e556d18c4f2e836d27e853359e2d37090e142acc,0
03f8b53af1526c038be1e0aa6f519a6c73762758,1
998139059159bbec8e98ec96d946efb94302d2cd,1
2d52f9177c7027f269e3456ed2f016fda2b6bffb,0
466397491324cd7f032972f2b31deed9d8195b39,0
9acb144d19b922778ae25ff73ff7c1c350adfed1,0
aa8ce63abb55e72fdbc3b8173c46f992a2114f44,0
8cd6edeccede6bb95e6fc50982df83580fc60a1d,1
4c2f23b75ec88f550011cb773799910116002286,0
0d26288ba5b8641e57f94ee69e5c9f44b9b31dbe,0
7dfc51dcd7bff4f222115f362ca7fdd09a9a9a84,0
c37d1b27bf2c4885e2e992e3614ad65a30ee6d24,0
aaee5764de6843d289cdfcd23e2bb36f0e9831bf,0
eba707381b08fa7f060a90a859ab7e50e66b1899,1
5303d89273923a52976ed07d736b6cbe94114790,0
d1be23c8838aafe966564e6ccf448269cf2cc8f3,1
31d7b213c92d77bc7dfdde2377bbda22f03dbfbf,0
2c6005ce2efa878f4665cfafcc6a46644ec52895,0
cea4dd389f3d5da5d69be56c069d448802f6dfcf,0
f513a71222226c15cc22f40c0cc8ab8e18b33556,1
605ac8900353496674c6430cb3a53ca399da5d68,0
730282e62b2e922d673ad2fd5ae2ff1762d995ab,0
9e8141bcc4134b672b25e664eb81c32556b58917,0
62bd20310ab58a61e726bc89a3f3b9673490507c,1
bbd156bf81c4e82fe65c9011b1d0e26ff1c14865,0
cce883751382500bf0b5f37621e3e9ffa6d177d6,0
8f25b8dbc7499433929ea101bfa8b06aa978c1d3,0
5d00001fdb1ca86f92ca7ef6c1b708611109d3f1,0
eaf363dd3cb3165d6e610fcfe25a02f361813e1e,0
ac83034287e894a40f546f95a0fe23a8638691d6,0
c694e072da39ca2ba6bba4fe6e6cc35c6e2701f5,0
b1c7a77298167a20df67da35cb10d110c07b904e,0
af76539c8a5a5541eea3f8301b86f5e7ee71dc86,0
c2bd62ccab7591b0a97379c201c9237a718dcfec,0
53497d3c508aba2573389d33f5c16f1c0932eaa3,0
9af2ca0b8ad5676845e884e6c29721822512ba19,0
791ee7b412024153b0450c79a7dee472ff3daddb,0
c15f9c52531c4bf01678a18bd36993b7e9a281dc,0
4b325c8fd6a8d3cb9001beb2b0c15a7c6a6af45b,1
032f2c0111ee128873e83221cde2884819a2b543,0
47e062f081d217670d46a58aede7f0a92461dbc1,0
c8e5855f70f23150f80f88826562a3c732fd20a6,1
3c2b1e0ced3c025f54027f568fdf3e0f484b6bcd,0
e3ead0a1ca46434dee2ba33e0a0911867589fe50,1
90e8cf4802298fd9c278e66e003e5d6228bd3b02,0
957ed6e27bd03b2bc57f0be60eae9fcdd6692dc7,0
54abe2aa6d6ca91848af2d3564567be1ea5fea4f,0
684da118ce1b2294a1492ca3ab941e4aa8d89981,0
1b53d4dc7a06ca92aaabb9b3b13e1781e385150b,0
9c3e280ca10dcbdd13cb57d614e63098b50c089a,0
be44c1c09b8303bfd736b58aac7f3f81795f0ec3,0
b72cc6fc7397985eeb3cc864b28ec3a293376150,0
02cc4afa833881373c0b8a296eed74fd73c86288,0
33da727fd16f51e4d978e3a5641ba0e5fe5134ab,1
17aaa8f9445975bf1a545936283242edcc086ae5,0
7c3ec6e29b812717b1419878025605169c66f1de,1
f3dcb9145b0de37675c50b94b4fed4f96b36a603,1
d6c959ecb246ed89f12eb5f608a547e7f18b41d2,0
862f93b23fa25e59e317675c5211a3365d3cce07,0
d816d891dbbbb9f68e2725dd255aeecb51f0db51,0
1e26978fb1145ec874cbbaabbcaca73bd1c2b166,0
4c4f8bb7b0944870638d6f5d1c50830c7773811a,0
dbec569845c026049127f727d1924212aef69a2d,0
99446ef7b7da1738b0164abc81f6d25110b0556a,0
56f882624803d96b29e264dcef3b9a20aa5c6d3e,0
6d69b7782c7ba8190b23ff2c1695c7ba0667fcf2,0
1735a6b0e13364125a86ed8191aed209c3a7dbd1,0
2440fd0322f9eccbd4b5bbc0d97bc4cc8e6deb0b,0
e04917120b98d3b7cb54199a0b0d1d6114a3eef1,0
32aa2249b98abf39113d4fd01e12843c5f0fa937,0
ceb2a1be6a57220c3121ed1cd7d91aef2a35a9e2,0
8da2e625ba0dd2b72cb453668646f74883721457,0
ee4a2079fb7f2c55145cc69ac99ae92a0b025e6d,0
b6f3333785662e8528a5504fbe427a320a76f492,0
def2056a664c4e52aae686f4a709130b0e752132,0
bfc5f8e4871b2f89b4770916747be4857ced0b52,0
4e0096a1988b08cc27e4e3d670a1fc18908f5e3b,0
e8960b794bf062c4da0fb9d34cc51a697ed43fc7,0
652b21a897321708451828ebbd894ff7f7012ba6,0
a2e77d3cda7113aa0ddebec78f32b86e3572c3da,0
69cca468a84d21a8b95d8ea9b5bd0949e745c8dc,0
d70c24733160cbc65329d9f68630230b681995bf,0
efdfaf48dd46e78fe507cd005db33e7e877f8824,0
c703b4079cca110438840ef8171312feff381fc3,0
194924290a534d82d1b9c36b0a29edde4e749439,0
ea12e0b11ff1b90d20e575daa4707085daa719e3,0
2bc214b287ff0e5833d3e94b2704c12f22943c45,0
ae96f743eb45c91011bd3cc4756ceaa42acfe1b6,1
66fac49530b9d55395c55cf577427b7ce4af8447,0
f76f2616ec9e6e84b5c5236762bab01c9c2253ed,0
31bd85fd78153666ec6ba14ead5edd4659c1b076,1
4088bd0c012cc51f1f15de6a8fab633acc35323b,0
95949e95a112f37b89aac9d55b843faa2cca8142,0
29c9c55ebf9c6267ed1197d05bea9d4b8fc0229a,0
a83c7e21c8cf693923385cda4ebaf0e01cea1309,0
a1eb1a48a16f58638c8130fca1040c47ef48bf17,0
b6443b7d6a05ee51d8ac43e7ad6cd012a6627edd,0
5bea0fa720b4968f721647ebdd2f0ec8edd89bf6,0
11819bd33f724b5cfb604eb82379b79020983f8c,0
30ef8234e6591d8502032eb56271f553954063d4,0
b0602952edbe79ca3a7fb5bb19adfcc97fafc9af,0
9eeeba2cc02b8908a625fb6f3b22fb988a270e4e,0
5337eaf4c746f22519fff2f6bcdbc88547b437b8,0
eb337d9d427acdceb83a4f2c713b13eee82b0847,0
8b5fa14f36e69f33b02265898385db47374e81ae,0
47c723b88e7240529a7eda5ee97884c83a5ef927,0
fe2a8ec94d50395f69a3fd51dccfaf30216884af,0
b4f2e5dae73f50f297af7da397f00c030744b173,0
e02eef17d3f0a88006d7109341a258b537783c3b,0
e2c3dfb9b667a5e779cbd6230555604d21a3f971,0
e1bd226087398721ce7640cbc326e00f4fa43bf5,0
8c872844a5ededaaf6d00f07eb8e1bb532e1be77,0
c4a3cb29b15dfc74748b648002dc26c21088ae9f,0
774809944aeea655cac2820e76d93d8db5035667,0
46852f8ca3b3f636f4f3dc0076e398a0a4625d05,0
85fa9423d67c577abb902e74973c30ba149d8c50,0
7c21f96875a94d06e5cbb5ddd66f63d2ba4001c3,0
329e81920a6179c9bf2cd927b5b39c806e645737,0
954f06000618b5b895487b8b90953d025fb8ca7b,0
adc6761b80ebd00dd5ff1ee3cca94ec97175a697,0
ccfc59e79ee2860f386e6a87f5eee6ab6821fd65,0
2bed52102aa508024c19a762f59677f119f67efc,0
760d93af2177a474ea70bff983a3911b2c4a2bf5,1
41337ff18e301986b514b0dddfdc19672e72ee98,0
55d6b7e740dab681e72d64dd18f9ae9c948b950a,0
cfdd1f297e14c680251a836557f3e0ef00a854ab,0
39b1cf11983082ff9fd7d54dc70be7417c8be3e8,0
a6caba6c9376330dd3c068dec7ee4222b4b8ff72,1
345200f7d2452a967c39ba172ad2967fdc183448,0
1e2e6a7edfbf5cf866389f83b499175e8d6f8a89,0
4b16af731afb1e985098f72b3a1b6e0a74fd5e13,0
82bac0730daa582702df479633f783d64b82a8f5,0
654f19319eccaba531dd9d739ce67dbad25d93dd,0
d249495f0c2577231a6b1a466523b487bfa58e6a,0
a081cfb55f15a0033cff920a4ec24cef8a39e2d7,0
daefb4d40bba54175761f92e738680cc33b3bcb4,1
e6c55c4299a3b562000bcd4440e8639b6f97fb50,0
b60e741de6e53cb2fad6493cb0c4a4c594a35f98,0
eea6be34ebf2cd391a8a7977a97040d315a2b059,0
83fcf44444aa12231071669f001e59182f349890,0
ba687a651e9fbff37f97aa386198289d86ade771,0
90e45d3bcc73b44382f843dbd04934abb12384a2,0
ad71c16a7388c4378e8b6f5d912a1bebab8f0c9b,0
c3d1086abf4ad819b6376ea2a7ddd9af44ae7335,1
172dfb0bea2cc1377b1c5317c3faa8ccfb200a95,0
55acff812d9729bd839a9cbcb7944a45ee74efbe,0
eca4229cb6d69d51523a6af5cbfe72ac95235902,0
e0ec52b282308faa6221b36ba28dc698b86efd3b,0
feaeee19e89922108b14ed1f4fae01dd46afb19e,0
762139ad5d104c3cc8cb26db3942367bbf54ec79,0
f1bfe612bbdaf8f4c45d562e6ccfcb3348101473,1
de6854c8cd580589a805a414e75f55fb5a748ba3,0
3ddb5bbe058ba7945c949008afb9bdb8dec76c34,1
536d93e5663439dc3fe210e1bb5d710f311367e7,0
1b8674a7f080ea528b234b3a34012232d50e9aef,0
47412b8490f2f981f5375ab846a100c39fb7f0c2,0
9cfaea1b5003e151e57b5191537aab483d6525cc,0
0dfda7cbfe2d8b3f5c700164cfe4361e8ec4a676,1
21609760c1c6c9ebcd0a65d73683195e587afed4,0
bd621109d43e4f0ca86132fefaa9797a9ce05efa,1
a0a6f01908c6852e33e3d30c886d2d802c53335b,0
82345fe1707cc7c3d75fa0aa981f341c0b1fe57a,1
bfe146cfa5dcd4966b5c743a8a98fa4d9778b24a,0
9386a24971e410431b796dcc5bd887652cf837f4,0
1a3da97f13aa4ea44ad0c9765d9666ba81c415e9,0
c155633c6a675bce0b3d4c01d0d05bda5507ddb5,1
9657891d54264c1725ad2469d460ed192f6687c3,1
9a481116f14f66f0504ddbd5dfdf2fa46787e402,0
457f22d72a3096452ff245306feeb8e0b919d902,0
ab37f87d846f8fd4fcafca529297d2db78a4d1b7,0
cd1d64aadbed7ffc06418c6929c887adb67dd888,0
366449b5a2ab83c476a241c9444a1ab610772349,0
1fd8565f7b3d19ad0c9de20ac369621f40cc6de2,0
acb2554ef0c7ae7bf78479b74b0c766dc79bfdb5,0
13d5958c79469d6657e614e2bb926ed21e4f4afc,1
c1ae606b9af68fe95a4a9141e17db4da90e4f773,1
0fb067141788ddbc2a2809ec433f1ee9b118ede8,0
9339073b88491b928553c2351341422a5ad3461d,0
708fe1ebdc0975f75ca22207dd55e3a86e90c1f4,0
f5e1ec551fc2b4bfbaff9c81e6855385f4c6b5fb,1
c0a15dda151b0f19eb1499fa05688092941e8fc0,0
0f66b2682ebea556899326a2b5ec54415880b623,0
00f876e37fe96864656a329d44ef511763b8c477,0
6bb35d08bdcbcb6887d59a24790827b7d746bd67,0
c37441e83ada231ebf40d12960255854d0947a54,0
9797e9f54fd4a292a21c304aae482d3c2c5bfb06,1
a5a42670dbfd7a6f953c232b212226715574f080,1
6feba15a24b66c22b50adbb084e4d35d4b06dca3,1
9dcd0b5094db256ef269f4c0e3861aacef6d9852,0
60b54f31d5b949ec9649951c61e935b2ffdbc88e,0
e59f6b30c890f9217328a1f086a1b187295788c0,0
4dc2b873d616761d0d1159306ed8c9755364fd56,0
9ba22a965ff83f2efb8a8b78e0679b8c4204f2c2,0
eaa3ffdb87f2ea9e44c42e4caa37cf2c9a15a065,0
7e4c9caa37f1ff3e7942d60f987970b689fa5475,0
e369ac062878db2d378aec89164939ec0771630f,0
d0b6b3f862fef448656e58352ba9ce9b0cbfd31b,0
d4feb3aee762877bae24d76f48ea9d7a7e131ea6,0
b99c0d0bd4d59c2793ecec987ccbb6d3bd439d19,0
d6af3092e55f7d12aa03ca2c41335ab4a203fb5f,1
358cb92ada6023d77d1b38d371ed241818ec406c,1
4c23883645bad94a03589f36f356221d265f4b6e,0
f961d05ea29e1dc92d93447a93c064ce2a8897a9,0
e9d5198c093d5cc3c23bc2d84cf2c88e819a0779,0
3666df45a7256fbfc1fead7da847276fe8ac28c9,0
1a812d3bc337b13f70f02069b43465d2d9ba233d,0
5c0fc705aa00f934283f9cae09a733ada906314d,0
20a9a75e7ab15cfd898f370f01340b887b5ea4fe,0
60bf97edd3f85f3970d0b9b415c76f1fa6050a37,0
07a69e0b05593551101dbb47807341f627f86996,0
a33d62b6f5c415e108a82ce24a5f9f7f63c914a9,0
2b60423aae68f55c1de5a6202d2d81a26ed120a3,0
7abb4dd8beb4bce0041c540bdfac691f1cc34c19,0
59a7b7e046716bad1f0417cabb9f410ce793cada,0
5853f556cec96ac0ac97c6830a97530a270a4633,0
09ba337258b635fe201781733e67c3ebce48d45e,0
f1596c38419bdd5cee714fbbf86011dc6731b8ff,0
976cc67a15f2d2b64c48236c27063a283181dfe8,0
bb13326bbc5f3c687cb8b61c163137a0349e84c3,0
ce7dc62fb397cc69716e08a8764f0469a1b9cae8,0
85dec91aba322478992f483032048b8158e5b361,0
acfb13b93f396594e190e3b212f7c6b541f8bf8b,1
e2f8908a35aac25a66375a35065f560b1b2135e8,0
cc30c3e9edbe78be0e9d73e6761eb6bbb04fadbd,0
069dd25d9345a04966fe5e7b47b566bac85606c9,0
8c1ffb394f4101042f4e8ef87cbc141c2187540d,0
e25da253765577e64962469d5171d370a10b7d64,0
c3c270d33b8a0274dd4aa51be6618b78ba19166e,0
ffffe87d10e35d450cd3acbbeb06461c6bf19554,1
9f0b899e89b809d7dccefac698dd2691ca583eda,0
b695305b958f294f93630cce34c1bd6ac3212b27,0
464bf1951eeddd0c8e9d1100510999f8cc082ca7,0
117ba91fd2aa0b49f214472c94b546e687087fe9,0
7e85b010fe3c114179ca609b2565f43e12632231,0
3d603ae0e198a30a04b086be28b6cee5b4bb2384,1
3727bb6bdd910a4e6a16d6d35c7f29d8f1d62060,0
2a0a69da1a219458bb72f3711d650d0ef9ab90bf,0
58d02c710f4cfbefd2c2be56a7392f1e14770a84,0
658d4cae561f6a32e2581b7c6b424c812d5431ae,0
04d986d82bacfd4109e6ed2507dd682c1af39f17,0
3fd46f233a01eb4f2e2e9f8a4431eff5b4e8895a,0
364a594f9d696b5a00798a10cec329eed23d68a7,0
08070edfa7c082e0435e03f3678aaaf6a7632676,0
4f989dbdeaf3e031d375b6e9b90ce8a00d6fde5b,0
21b3a22b4a7213cbf836bd25ea9185576e1c8580,0
52a91dd7da839fb3bc183c24094f28c933995e85,0
576d5af51543ba5da8bf13fd12cd0c55bdffb261,0
f591f564083a48b3e7632d054dad886499e68489,0
99866dd8119c010ca9971a02cd993c73793a086d,0
3d82554d8e0a91620a3c57f402fbca349f031c3b,0
c34e4dde1e24a8bf1476935a42c535ef9f0aa2c6,0
4c3c0b57ab35533db48bf85c09b62c78d76c2002,0
de927c13ae5f26822cdc14471207c4c23063c9da,0
54cdbdb7625f2c76aea4331e066ed1b536177ea4,0
884142c5b7940d9f44322bf5775ea306fcdc9472,0
2655b21b6b86a2a0a6601335d6b1c1c8a06b0f79,0
1fd54ef1c15d3bed44d798b28d6bd25be8deb3a4,0
a93b5a275d41e42c35769afb3fe9524f4a96a9f3,0
99082895559e04d048b51747dfc7612092bd0945,0
c6972d755c25ba7fc9746c02019d4f4ce7567bf8,0
f6919fbf132f5f2805f0a379b6448a50ca7111a1,0
fa3c51b5b217b0a3395a1bbbc79cee7bb8ea1a50,0
08f2589102cd33f817b67a6a56718077e855343f,0
d02862bd96d42cb2bd1403bb2b5d96c4de22a8a3,0
d71c6ffdcc60dcf46ffe300327e0e7c52326f112,0
ee6c09f1e770b68b57915a1764e7601c3d95c38e,0
ca1a60e1f9c5f59760ec896e8b790ad515be7df1,0
c434b2bfe3102ca336aa913ca60b48a601f351ba,0
e298de6c3659f6e5b505a7af7670466368792258,0
a1ce76058b783a504a8e66da73e09eb11324d050,0
ffdb87a6e73aa0e3d125371a52011f3c0f7747c3,0
976cc16099e15afe7be72c658d600c7e28fc76fd,0
0756076622cfe53ee0d0556485cd3e799acb7fba,0
c4d7b895f9d080301cedfe2a202d3771f4aea40b,1
e05c8b1cd745070c327af4d4e776215831b9f5d1,0
1d9cd072c86253562ff363095f6195641ed4b9b0,0
cd03f4c759928a9d4be59dd6f5c96b3a2b9eb601,0
06091cb04e81d71c0aa422304d330c4d83ceb2d7,0
f256fb1bbdd28fa3377a2f2b52e71e3e64fbf3e3,0
d9d8d7e681a6b9c04d34f229116aebda364ef855,0
2fb9a902858d3eb363881b1263a6b90ae1e35a11,0
d52bba8c9515ee103e41b35c11667b065299ae92,0
125074d063f6e4209d84e01acface1374d9469e9,0
47b920f49e8215c2cf87069499104a21cf308497,0
ea40a3cae6e01252f508d3a9b2831427a80b69ff,0
aa9ea523364477783a1407e08a1e0a348c6bb0a0,0
0965131bf4380b86187c28aff73520d61b1add2d,0
23ad5808d5fc5ab7dfa8c11913deb20afcbec061,0
ab9375750c21171081491f5e7dc08f39c82a5176,0
9d078e0c928592812af2f6ff6503eee6c818230e,0
64e801190c8d6aba0fd8c4509d0960e573b1c592,0
f34b23c7047b362e5fb46850431c198693b85aff,0
696f6909a54deee46b738afe03be80831a507e14,0
9e1468547eccf51d25b16d4cacc49c26d99796e1,0
c648ad3ca6b926b103eb9f92c013ccbd67ba489e,1
73fca506f50253eaa72a28389d219d42fbddf083,0
60e53bcd01b628d8292f0d085fc66380c2399c04,0
2a37cbf093dbbf19b0612604eff51f6b643fdec5,0
66dd9512d3a4ddef95a7dbcf307b28552dea8d2a,1
42a7a68b75dd433aedafde70f344e361df996433,0
9eb81d306e01154e4628c412b497ed8d9071666b,0
3473e2fca5f2155c2bffd4461a3b555b0f11a99f,1
3a7bc1d456803638c0553b575b327f3deac646e0,0
ef74a532f9801e21c4eb1f544933756b72da02cd,0
15b482d6c529010fc38a66d4508204efaac789dc,1
954bd900c663477cfe1b85b7b5d4c925e2a4f775,1
d5682eeebb5c172b6c67457a7126a41c006cb4c3,0
3eefcfa08c94251e85a8864e41190a54a8ab10b3,0
74ce0d31cb80d691c47a88c7065bf371621e6960,0
e40e44883ae830cae477e1c44185409c23e5767d,0
16152094e963f681bb853880bc99d334b38a0c70,1
b8c86a7bfdcc982eb78e479cda6258a1dc6506df,0
c44846b3dd344b4ab082e8dd4a3e10b75aad3e99,0
a2f6326ffb0baaa9492d75de8bfa65773cf932e9,0
72f39794f7e7063a7e93ae53876d34b3c6ca57d6,0
f20b4398165415a76c45ee6d965b1b21aa16279b,0
750374645a48866101ad42861f01e8e2c1c80424,1
cc09748f7eaef119287813bd2008598cda9a98bd,0
0b3963cf6ffbb9fbbc8c6a35d90c59e20250c76e,0
3c8660682fb3e0ca5ee248db48df0d1edc5cd180,0
8c6abfbaa3f1c76d1fb36df534f98a300f5f2dab,0
3b01b6e2c2ea9f0518777960cdd4ace4af0e8724,0
7ec4862dad7d2618cc4cb4f2c358eac427ffa043,0
45134bd9267cc0266ffabf4de66911feeea147b1,0
8b8968519d74125def0386ed6538173964036bcf,0
5dff5e9e36a99f4ba743e1658fce0782f21895d5,0
15d75fdb13a4990caccf411b4a0848fec69cc1b8,0
e2d835503919caa077513d755556d2dc83692928,0
37d1f284aa969393149b625e2ff48a28268093b2,0
b925ccfbaeb9528d1c7e56aa8cdf4e52af8afd4c,0
c9393b26958ddda9415af0261c0ea9c521bf54e2,0
0239005e0df182c84da0892b1a5916b73b941a97,0
e70c929c68bab40151f951db766b4ab5bd9474c8,0
8a8b7a0e899aa8a2c87939d80a5e5693821e0797,0
757f0ba7a5da3df5fb6c93befbd114bdbd0454ba,0
6115d4a9e18ebade68e51437eaa26fdcf346e000,0
306c0b6172121eeba1a71f2509e0f02461338a1e,0
bc58095a7ae9b29ce19d618ddfeb53f071117c8f,1
c0485f0cf1b45168f34d199b088d24da6ab907e0,1
ce38355f8f90439e3f287b18544e0cefc74b614a,0
441856175d1f7c7b2bc7f04f6f1154e6645896f4,0
9c9d749df253d230ce69eb8df31ff9133c81cff1,0
f09d4029e091ab30a4136a85e0e256d4cc208aef,0
85feab537401689de799ea95e1273093311b5c98,0
4b7b4d4beb061b4e85093a5bde49116129db01b3,1
d8ac9e10ae6ef81555b2aeac8a82eeb04a48f5f6,0
aa3732b3caaa052dc4b5eb8f61b7615a53ee8e79,0
1ae95cbfc6dc949d520981fa781b8a1fe8d14051,0
904ce38619cf3005fb50722f9161543d6f7e7d8d,0
b2a604d437817dfcb27d7f9382a60d3957bc261f,0
d33ee76c841e49350be685c2a8582032d19cef67,0
0fee7465cbbea4492fa7ee21c5acf3eb9cb6c71e,0
bb1ec7ed9dc6349270281913792cf2f39b53f2bc,1
e615ee5f12f39cf8f0b14ec82395a2e6b81067c0,0
c8db3cddb357c11c9197e7624cc50da25f61f0ac,1
f92a4e30d23f3229dde1d23d25473990af559e4b,0
4b770e13fc88dd4032abdeaefd7c03db7625f22f,0
cbc35d5b475fb4f549b849f2145f7fd79c87af1a,1
302b21d0762f4a4aa467f4c25ca73258d8a258b7,1
49eae4f16e94f4f3617e777542c13e6f3cd50b63,0
03edf6ea56a55d44878bf35a62d6f59d12138054,0
df398cc185158233f8916d80ec218daf4da08a70,0
7e06dc4867eac930c79e5ba8caaa4c484a106b1f,0
35fdfe2a478978e9a2e6b4d02e714975ca0da943,0
4b1fdfe66b9392f13c3594dbe01017c47d59301a,0
f3c5fcf6f81bffe757616531e746f52b9e3b4678,0
e9ddc77f4d063e930ac81cb01a2be348e9f8899f,0
ea8497a523840df5f586a072e0f1655be2fab9fa,1
b1b75a326edf0a6df9031e5dd3c142675624bb4a,0
d8bc70ff453fc7865a25770cc728b86b00b61c47,0
e49ea8ca45905162768dc69ee3039a9d8f6620f2,0
541bf95205d8b54d6144eb50ba53c42378441182,0
6a92960228e4ea78ac86478e0239afc33882d0f1,0
3e6616ad81a2ebcfada9390eaf14086c864a7f66,0
f3455a36f85a35d7e2fa6b372f5bf962aa21df93,0
6a8bbe29dfce9b6c31c12c80f05862e9ba1a59ab,0
612a3285b47e43f6af91799dd654152b35efd07a,0
3fd77828117da5e0bf164b209ff800dc2510923b,0
5adb1242bed60d4513acef8ba5e640db872c4c00,0
c61392040e6ec243bb3d54587b468b1a2cdf17b7,0
8a3137664568ff8d3d0b4f31f174edf977665c8d,0
bff46057109625bae2bc682d6d9c9c02605d653f,0
67e1388fac551a7baf10267921627064325494e9,0
a473a297ef2eb7f681e6a6d663d17ab465bb8620,0
771554c6631ac7f202ced1b18b2aa2599895f523,0
40d055368b74508a92b022e51e3c85cb53faf0f8,0
223bac33cb5c8624b6203bc6de3d302e1d677270,1
6ce71114ca9f5a46f833459cced4d52ab5957ff2,0
eab9a0610010037ab1067c58b6e9acbc840c086b,1
86d23613e6ac54ca931e0a70d028b27bb1ce6b2a,0
b44f90cc8273ec75ba4a04100dc00e5b07b46c75,0
2300717917767c1c1771b106d0f7427ed05fe180,0
df42c1b4f8ea0a76526c91114d65c75e66cb34ec,0
03c50021e557ed67ce0f3779f792a096d326d4d2,0
4b40424126e9e61a6afeaeb0acc797a4ccc9cdc5,1
65d90f77397b85c3e6933318cec38946c5c36879,0
ca315f63c54c1082cbe37bad1ed09b73abc65d3e,0
88bfcdb3e2854ca42c8f708e8da7d220c2f2f045,0
7d2e19896a7680144d0f9b0ade570dfc811da500,1
d6e4792d0a9797e6230d0152beee2b66a1869c75,0
39abf4d6a7b068966e57020e44cdd144852e5c3a,0
bafb266df1f25c4bc2cae45ca93a315a77004900,0
511152afa53aa25f63b097af1f9a0d96c03aeaa0,1
d904c6c378a56066c5e863605379e8e5a9868a72,0
6a030855946b94fc01b5850a44d18fb916b04d75,0
7778df22c95908e772ee5064817b19c7d6707edc,0
ecb424b0d342f70830e0cd80c273669c4da402b3,0
92e2344b82ad874a395bb492f51cdb2613957c2e,0
409c6797def53953265197adc07dcf7837fa7b8c,0
c4cc171301d3936d8066e50e4d7f327fe5bcce26,0
72c81f2872b4c29c8593763563b1942ab0e88aba,1
67fad6f56906679a713ea2ee263d082487cdd8e6,1
6c791ff801e8ff827558ea1294b2870f6803f9e6,0
2ef52ac20a3c43d56fba4c02e86a9698cb2f2bc6,0
bc06d6eada2ea409c8ccd699bd3624cd1138f212,1
a63dde2bd91c533fa78da63f66715d8901488bfc,0
1fcebc4fff908896147783c0e2de063694fe464a,0
e9be054828a01998d384aaa4d68ccc83a2233c1f,1
1f7b2904883e8ee0c3585afc4369f1982fd428dc,1
0aac9b6640a269539ecaa859e7fc0b496f79bd05,0
c7223e9589f41d21d137287a66ed1c59fb253f49,0
b2c9151b84ab840723bf927a66ac8a4e5d31c582,0
05c3f5f50320d673651a5e296aee4c928a8275b5,1
aa8f8e406d4667c11b29e319cfe69ec92de1ee26,0
fd59279681cab68b4dabbb4b20c79a7e4ff0d7a9,0
aa153ade0fc11ee7bf2c866e45b8411ae541c1c6,1
68c3025926ba803203640f4621403187cc9746cd,0
8400d1196fa950c4a9bc5bf27d3ed5f2234c9a0b,0
1386965b8ac41e3c1a7ae7419bdd3bf64902728d,0
56c4135a15d5ca86c93e3a30320ca1f64bbf6f03,0
481728b276a8fefeeb82ba655dd4aa6359800d7f,0
0d4e88983e7b58babf5048606bedb14d20516bbb,0
63287e6372231cbce7328d9bc36a316be9c856cc,0
10b5f3ffee75d9c0132dbc924faebcd77e315473,1
baa2c5658e502594e43b13f2c1d90c709db7a8f7,0
dadcb7cec6a787648811be5804a09748bb23f853,0
f96a301ea534a780e332afd69d2fd76744025833,0
e4ac1dd1933a9c62de6c18487de0e5b433d8921f,0
fb29fdcf1205f2084a3a4c491156840d7fb12695,0
5917a3ec9b50c416d32be0f4f535f616114342a7,0
552199e7378ce55c87e77c9d0b78814d5ae8593a,0
e906f259dd959bfc678ff34685ce5a0bdd0685e8,0
15c5437eca1433efd40cd973dcd462572719dd15,0
88ac834c240b5103a5096bf012fc48224a88a75c,0
3aad31c472b15f4116fe2043e87a7941b146d271,0
700ebab9b9ecc8dccd88b6405dfb576f7358a586,1
146fcca0a7ff5915153b17101f5618832e4ac050,0
49a77490a5585b95d297d8a9a5b2c1154a0bae7c,0
1e26a9fe53179f65f8cff03b5e748a6378177eea,0
410d9f1df3bfead8860c18f5d7d4b0a80cf2adc4,1
a2b58a1e4a72b80d5e13d5fcab0894d3819054a0,0
0bc63f97d3fc3c4a49e952371144717942f91afc,0
8992c6f751e9102a6c92927da8e895457aea4c75,0
de3e68e5c747100770e113e6d032d24453e81143,0
d2d9f2fa54ec7d3052a284f749e63b5da984d88c,1
3bef4ad0aafd7df5dd2fec06311b262d3d259d7e,0
98e82b003715fd117bf5536fd504b494b5af8ff9,0
455836cb067a0c49cb7cb2e30bcaecd6998394f0,0
f280b3880954d2abdddf473eec2175fa7e68a650,1
9119aa6333b418884f2f1fbeb55488ecbf614cbd,0
72f4eeeb0cd3153ba3bf1b497e0f664e1fcf31e4,0
fde7fc047f0c26ee8df44e5ddbb0457ddedc6bc7,0
8d735bd2eec925252737138ef7e6eaec6e20c27e,0
f54cfde651d62f5e7a330f379e5836acebb205d3,0
4bf62b339ef3a30dac10160da76905222063485b,1
c8034fa0290b3690e31e933402ee049af9aa39d0,1
a53a60e809e6453e2c66219d7de643b4039d9233,0
787256e4c877a9b90595f5296924195e1b63437b,0
56518098829e645ff66c32de39f379cf2c7b1dc3,0
8dd598d9eb6c611c746b60467adaa44860990054,0
9ffa96e1f44d348e9dd95fc7200fef34bb83470d,1
5d491d56a253edd8433244f5671d3f3c64d736ac,0
e113e61915679ac26740aaa83398594907ae8317,0
ffa5a1b8b5487996bfac4608fc9a1d9d9c1d8401,0
d36a610dcb8693f7762f38015a542f3ebe4ad90b,0
5a8064132107975c6883728f48cb4e318f92063c,0
ed366d9e595abf4c3ec317e2ac2d50a7f026d7ec,0
fb620a9dc6297c6d820fa917107f0920bddfa353,0
8d30c6a7918886773ab20ce88934b7f025a765ba,0
b4f1f3a3aa0aabf8c24873ade428cde241469d30,0
b80a6ef7dd0277d1654ec502883bfe59c1f4c264,0
8353df8d8a56e9862d0d3602ff73aa2a04b08fb4,0
335f464004173813a4f2c8eada085d6c9775ed4e,0
3f8e52f21656b254a8d189110ca1c5940326974d,0
1be63eb9e4e1f4ebe832cc1f7efa35f6d215b562,1
f03d77926bff10e1d15dafe4f6f3ceb3c5f4cd98,0
3d4ae79e73bc253b77c4eda1f01a308d0b4db02b,0
7aea0290b92f5732983e2d45852d57e7001c785e,0
5d520ebd724c5c52ecf55ce34bc2d2aca19256f3,0
0de3a5b8e3626d341f726ea16a011167de3274cf,0
8ec3b806cc637916be27e2c3ece070c659552000,1
8644dbaa9e1203bd9eb6e167cf7aea96667f694c,1
9cc00458fa13b6b7c998dca14048e99c41f79e8e,0
0c03f671046e91740fb603a4667ec714c4990d5f,0
77d3f584191bf23bb792135fd73883344f16daf2,0
f5ec90cd96bc30b6c44f02b8430efbb5bc6ba093,0
e923d25bc17f729f5af41be44f142b8d300d2545,1
e44df37c2cc3166f79f3c674f89ebe38c6706aba,0
4cbd90cb83f7fbe03e863fbc2921d995d2655d37,0
20b0f9102a2794392bb5548ea9e74bb6617f4c5e,0
02c157d6e5f1045dc037ef3fbca6ca9150730fd1,0
48711b84d649aecae4bc951965781c45d52da510,0
a1a853986fb5810bac4ebf1a28cea07c7db40e16,0
b0afc0345803df4054206e1f818dea4c4a5a3915,0
bea554a900ce8863bdc08d134b0dcf773ca54bd2,0
092cade21eed00ace63bcf39d7ab693bc889467c,0
3549dc27ba259bf0228236734d20700963b0383a,0
ed38b9f62f1e1d7020c71e9d752a5ecc6e50751c,0
508b2bc10c96e50d57bc8fd2bc987c24587eec07,0
dd63bde6e67f02749e0367c4c8671697d9116e8a,0
c00e6a8cdfd9db2525c1eab21b6c13f53f1ff2d5,0
f8f2f32029b99d76d86dad4df815c8ed31d8806e,0
6faea0cb6267a0020eb911ebbc9cdac6ad55a045,0
881f3452f31e7d87abdaedbaedb9bcc8d40d9804,0
d255e7ad1f87d1da1c827b38e994857b9d9884bb,0
f1111a55a80d649d435385a860eeee8f0850424c,0
dcd3c2a499e5692f2182497c5bd88062bcdfc6d7,0
2ae3d4dddb2c7d3b9c33c7eab263bf592d68fcc7,1
afdba53781be321f89808e8d25fd21bcb6c73817,0
265aaffe456b7fbf4b29c0feb498581deddb90e7,0
72de43241fd869925c6373629f9e96a8e791a898,1
80a185745ac2a1a34ecd86c340e65c1b83e991d1,0
eebcb109e6844f48750658e2eef4bb695b81bbc1,0
1103f4b36cc006fe64a410664a89c1583618cb59,0
516934814bf1615432be6aa8f6177aef43526258,0
7e2ad45cd61cd2c9d59ec27d147c57bfbe11cb07,1
4a20255fb204ed2fe87600111ee8742ecef6ca8c,1
37ed9995534589899c8735c554c1d9ccc52cba99,0
6591f2fb00306a6c3c24ab74312b2760f0cd97ee,1
9541f72b5f73429af1350ce2922dac2084da7080,0
a0a955d9e4a9fbf0c104cca99e8305f30f6f8873,1
8dbeb641721c47b402c9e708d25cd7617ed97535,0
eac7b3de69d16180e99526f925df891dc0143bd8,0
517c73f762a3eeb1af9d6d376972ec7419558a15,0
cbdd9c082cc3d77d40f27b6bd3679b5de4ec0eae,1
f2d5c3597cbca70add729797cfaf156a5e585318,0
0f2fa6fa7de78fdd39ce9c03ffcb95ac540fdc4a,0
c22f2245ab068750d2b28178157f03c402168f81,0
6e16bdd30989d261ef8fee6632a6d8925c5a408a,0
d62fc70de680cfb5c43e4240c1d6686035ac0ca1,0
8d57302d90c69d7ba92dc511b878b6a17f1874d1,0
5c82462a7ee78ac2fc7b94a441197ce2f1fc3e52,0
97779e6776e4f2f2e67ef54605c97803cd6a7ffc,0
9ab10bde2a178c3c33172718cb9dc1b484b08d32,0
76651a06b2cb6669baed00b9e9f85c23c6136773,0
c2c4c8ad9d1f58737d2897a1063cacbe218c14ba,0
734ac3d0c633f4220545030f7d15e21b7dcb60e4,0
e159c8f38f3ae307ff795089aa723b839c321d49,0
ad78607d06ecef7c8c096973228d0add4ced3897,0
649b87796737c871fee559cd8db72260497c0659,0
346fc148a20d2745dc339633068bf8a5dac0555a,0
3e667f3d2b301e6b6e92845d5be9561459809890,0
21cd243b07f2556a0fd1ab01f94784079052e4d1,0
54b00d284da6533685831f8b1a3d33efe5056a9c,0
8daaea3226746ae2636ca9807cbffd4b030941f6,1
2e6288b9f325e64564d7b5dac247a7b6eaeeba77,0
bf53480a909578d14a38f3845d4264c3733197ae,0
637d5bfeb4c8aabc415f90e96ec38aa2ffaa736b,0
ee5f0eb9d45e79ecdbda3ae346ec9c127242c47c,0
6b472be13fec42b24e3815dba4736b682ec484c6,0
060cf3030b29702f4575d97a7f768bd0cb38ce95,0
8c18e7e2da6895c6c731617b7baaf821d3cb5afd,0
efdc29e9c92fc82435cb31e74e11966865893872,0
abee8304f54920f00b43971e7e05168b33d0b15c,0
181693b50d21469b53551adb7bda8f1693e95c2d,0
5c2744368601163eacc9547284f1345b4e953204,0
4ae50045738561c1c48c31bbad2ece90eaebffb8,0
ec3988c3bad400091ef48713dabfa38e665b434e,0
b594137e56a9aa282acd46aa7eb71b8761313d13,0
6727f18d8e1a6ac183ac7015fa16579fce0791ed,0
9ca38150167f5c5837dabb20f416c6e5f5201056,0
a003d134f174e0a76bc49d013db77eb941dbe755,0
8186a70dc01abda41aa241c39f68435531904458,0
2ab5fc76bdf30a6ed19fbf10ab9f2bf15870af95,0
c41cac0dcddfbdd16ef5712dc1b5e9d26e5d5457,0
46e2dbf22a546e6629ffbc4dddf570ba4a154bea,0
8cd8313e29171c32d75c77943e61c231affed9eb,0
da0acb2e706009142a7adfbf6d75b615c66a20bb,0
11333b045d82a1cb317edf34c1e3754d050760aa,0
24f8bf463c6803302f2b68811c20c07770e4ac04,0
0c748dc522dc76b5d35402c32a58f74aa45016af,0
fd4f421508b7b74650ba11f92bd8dd1c9fdf2e0a,0
897748f8e15879a102e75591c47159a96c9cc3c1,0
ce2c3b60cf60e3c71bbcefab258096f181f3b19d,0
2398af20621a1587a649d3642cf7d637d1d44181,0
e67134dee76e3dbe03f8360ae7b9130573b007fe,0
c3bf1a1dbca2fb237fc7b7cc0828a87dacb381e3,0
a439e77ad2d5bdde5ac470aab787d31ab8b61f57,1
86ffa908cdacd15d2cb70bd090ca797ed97e8a1c,0
59c42350fb29bcb0277df90e849509eedf0d1970,0
30b6c3d40f422eceee0b9f83854df9a3b89de39c,0
e61e0cf0086489fba4dfe6e4a15391035499d0dd,0
6b34e114ed2e174797a65f04eda7a04397a9583a,0
38bfc3f02dee5353c1a3cd301ad036d18daed83a,0
0f4cfef9a1e198c4d285bfa7440a728b288c8d52,0
e3159861b43ad3b8e77276143db739a9877a27eb,0
1cd2de0f3f0a9158d71895e322761162986974fe,0
98f2f5489da6cc7415da28340defdb1731d30da4,0
3b41472ae3a495a4664b2e6e8472af0d765f3f6e,0
3a1d5006ba031bef4d5894576ae1e1556e4df569,0
34dc3325635627fc922ec40a1d3329ece1208b9d,0
d6bafd42dd0f0029cfeb12702d53deb2d071513b,1
b80a4077904c2fd184cdf1b4f497bebab50d00c3,1
583c892a0281ef179ba36cc21d37a08f5a4259ac,1
d2d82f3d98f58182af84223171385bf13e27408c,1
866e9438b9515ac44149109f39e480efb33ebf43,1
1afa3ff0ba0cc7b939d4b4edeaa8364186c30e78,0
1b6872df5dc7912b906ad35f7e3c850946325f08,0
5c2ed5344412a4824f83ddfb84d919568702e820,0
459422b3eb56f54c14c2bfaced84cdfbad4425ff,1
58cb49825a4e71ad5b3323e8f0c54b04d91e89a2,0
07956d69477ca03049f502c41b0b69a242f1c528,0
aaff3cbf84bf940c7bd8410382cf874b083f8ac5,0
a536c4387d352251adc5683a313518e4306ff8bf,0
87149722b773c7f3d859c6d63269f43d8ea6dbe6,0
0b1b48bfda520356a4e18acba792bab5837ef573,1
98809d6c9cf84fed1bce61c7bb50ae2a00d94c5d,0
dcc1f7ee5576820852cdda849c2e999d35008e33,0
41dd5e14ec4dd860471b713ec7a4823a3cd54149,0
5b9dc7d2e7a1adf3d72d1750c242c6eb9b4605b9,0
cf77c37f4d28b977b507e5fdc3691088dbadefe2,0
68c88ab4155448f5d0a6419ba49f26532f4f9db3,0
c0140bbbe8bc626e86f6dd4b61fa561f2ff73856,0
d68b38bb84e9b0077bf099af99c9e1cd23906cdb,0
c66a306f410d3829796e554ace90ed5fd4df950f,0
818f4ecd78dda6338ddbf2a7fd55bec7070471c1,0
31501482e8e655d345e6619387b692a4f1cb3ade,0
eb67054d5d868a3bac804cfbfb56779495736f12,1
b1cbb45593d5ccf93b70db342a9248cc0a141770,0
cae9329eb954a6d954b96850ba3496f6f148e5a3,0
e5272ce6f81491f78c1703fe161fbb01b63cb1ff,1
a72e8f456c0632f958cd7ae7623e7b71126d7cb9,0
9c6f0b6716520d59c7ef5e96709eebab65ad630f,0
197eb086ff6d020124b09133196002a2e31e06e7,0
d994e3dac46466a95a430869d11f43f05ae785da,0
48d314bd12c606b80c8878c9fcb13553459adce4,0
57a9267956c4bbf633568da873f4c1b33c6d7ba3,0
73d0e50d3093a249d0ed621a20311ac620eb52e7,1
632703613a4c107d680c43401c0b2b36ab6133f4,0
263f5b0f87b1d922fd90cea963adb58551fb8151,0
f01d8fdc1beda580658a78f3a5656fb73ba027e7,1
2694fb14963779a9fa602431f575cbf1f45d1bd7,0
c9b0a7f2b59b1d22f6936b7bfa9dbc682a06070b,0
bc5ca2efcdc0072600508a4189b4d5081b067d9c,0
1b9109a6730b1305420521edd21aba0847a1e95c,0
5e7c6a3c857d0b250ce0c613c78a4b5d8c078f71,0
3033c8b6eadb10135b5dce19792fa5db0af02cbd,0
c894aacd0d662afd2ec0338def4c4639cc01bf54,0
cfb62089894ee094403b2f5e3f13c456b8cedd8c,0
6727858fae98a5f23a43a15e6c13383983b1fd4c,0
ea427dbc1c78699c678946104c2ba9337c328695,0
bd45f5da2aa3e7350dacd2f50cae679d19c46c2f,0
ef87ec866d6d700159bd29eb4220386b4041cb47,0
e542a30895cfa2db8af1c19b492a7840de05cbb2,0
c8043790235ddb34152edaefd9043b15a90feecb,0
86f3059088f02998691e35a2283020fb854d44ed,0
77fe2f825b7cbc414230ddbae08a64575769386f,1
8d89f0752bf89654cd4d96f7296d00e6c6862477,0
9491d4e4573227821fb15a150322cc166276b98e,1
58d7c3e7de7f60caab161a1f93bddf9b4803d9ea,0
431ff828356ce40d0bf78ed49188a757366e3a59,0
1dcdfaa5903817f4b1aa3542102d13c893e2ae73,0
9bf344c03425ef5347b88eec7648e9b99da4814c,0
1f1f0a57c49a8e6560249cef58760fa712b8a618,0
5d0c456917f5cbac3fe92fe51cd063a226459dcd,0
b58b71c56c40fcb16f5b271050b77237902ad73a,0
6e231f15ca50875f92d424c520afb8921ad7ab76,0
5caba3f3ee7decef07c7d068c0dcad4c84c5f870,0
88ee4099cf6169eb7eae4f0a03e30b95a8beffce,0
1a255eb2e95bbbbd5b4f8a8876d1336be8600e09,0
f2c98a26b6f7ccea3f23d7e80e487b418cd1c6a0,0
a5e6604ffc74bbcd221c4ab19713ecf81f0297c5,0
5decff6d203b3a1a9139fc52822e3a76b495973c,0
994ea3e30bd44d03117aaac848ead72701019366,0
ec2964fd8f529a5d3bf4c47649a39c0f7a6117ea,1
0ae850dd3bce2b62c2be9b2ee3457939e134d690,1
e5bc736e74118b61a5ea2a306e0ddc7b80870889,0
13e32a8fe1b8bf173eee9c844f8afaee5a31cbe0,0
41527ac6f5432bcb5006fa3bc5b1008ac3d5efef,1
04495acfc1dfe5f9809f280878a0d6b292f16a91,1
733f34686b10daf3e702c7d7d889dc4ef47ccb02,0
32c003a99f9a3a911014a41f717c06dc7a05efc2,0
8a2b4190e70a45f7b767a372ca3c050dbe6cea19,0
2e2545e39de9c65439102e3bab1714635d13271c,0
a52983675a469a69907257a37deb4d2617210619,0
9de481d11915d524e1092088093a27db05fc0866,0
0eb6cd3304e43438ca86c1d0a2d7b5f518f7be4e,0
0bb2d3d17898412efcb833c001a65b933e0f7300,1
37e2fffbbc041d5c01d7700a48d6b8bfaf2a2810,0
449650ec9e663804e77b1d17b9cc5493d07374d7,0
6ce794957db06f8c5a60ef950c6b893248e06db3,0
1205e139b5c2ee10e60474c22d6944b35ab519bc,0
b7eff246c774b8a36e63c6abd8b21af75f4385a2,0
c3da3ff3016557480d265cab96cc18189b3d1aa8,0
f2eece64e4f53af40d23db36c8976a37676658fc,0
fb9f6f330eb7bd4ccaebf8bfdf657d1a7fdc7377,1
e9c5735ea900b2f30b8b8c653032f79876a3782f,0
dcf3ea9191a5ca66edbc8e1caaaed1f43947879b,0
1c5b89f3e286ca1bc2ec20e1f8b5f595b6a765b7,0
a8150bd929a1f4877b23c87c49ed89594d1e844f,0
fd695bf9d5c84520cfb2766a1cc3793046167649,0
d6c65b2a380cfd98c0d21e900a5c0798f0fb208e,0
7ca851ad90922209db72de00e07b92e1ce487a68,0
5f8c2ea78be9efc7040a861982c197d018dbde7c,0
6b79ae93b9911ceef25146857b4f55b7d2ef4722,0
4d422922cfe79ff8654b4d1e1e253261753311cc,1
7820b7c9aba9eea1f2ac956733223cd51bbfcc45,1
0e19bfb841da7bfe324e8db438338ac0042de04f,0
87a436b7f9c29b38e14c77b7120f77050f6ac2c3,1
d71d43ed532c442f996aafa4f53c90d76e3af6fe,1
1feffed0370c5f44775a0f3c35a9be577b2f1387,1
39fdf4ebf8042fb5bf8d85fe7b1acae40cb47c2b,1
41c05c6859e20789c9b79228b3d094ea6fdb66a0,0
53b29af66a95b60fc4ae6b9a03227ada0d834da7,0
c0e5db018ab69968449a6c4c9f6e0966d87cea66,0
f36f82e324e2315b8ebfb78f7b26eec5a6a3ba31,0
adf4333db5c1516448314a124cbf81bb24362804,0
9f6bb4f5a6368a2707680de3a375fcab77b6375d,1
98d61e8cbfa13f426ed459e951e15e9be7471c32,1
0047fe0b44f310edf7b6b592966ed536765e3f37,0
760f188df9677f128e82bbb38a12e3e4c6f8c581,0
3208d23a645ff045f68d5d35c4d612680de9449a,0
e8462f997ecc27305d0e41312056055177458070,1
3b72b297c62fb73e3dc32160680f0cacc5e78ffd,0
07768b35922ed8499a61f8391bcd808635d85c76,0
9207b721033ca22f843ace5068acccf313066a49,1
605174e62e6c10ff83629db69b061228861a5ebd,0
d3422f359e2259ca7ad7729d01427d4dfe8fa3d6,0
b81575c6a67d5788949beb1dbe0faccdcef76b41,0
29580c2e3f84685eaa33cc4bab76482690e94b49,0
7837285187e821797921b4b58ca7128d4b03d842,0
3c3a74f6ac1b637bb96034439b6bb4fe02e38980,0
a8573b634b4f619df6c3b79ba62d29921cc8b79b,1
76200b39b3bdde229ba57be59671e13c1ff93f07,0
9c13c8b37cdcd6793b5a6fa8346cc900f4338dac,0
ebcdb6a3928a8eff727ad7e2346be771a3ac40df,0
672de1ec5d69c3080aff651bd91c39811920a3f8,0
6266ed816767816d2fdcf61bca19e10932ca57f2,1
669cc44f268dd2076c81f991e8cf08b32cd5afa2,1
3b277b1ef96d21a68e361c62c46d46b142d15e63,0
0f0ed2f16961d372da89a291ac33744000b39f3d,1
29d0c361910f0b63bc4c36878e5cb5938c56d116,0
bb944c671206629661e555082a3136636578a768,1
3ef9674398d9d4d036e9ad5a62b924c290221941,1
f39e5d76f587f7d122297140708d18b8351d87a4,0
d1d6a6e3ba5a6d179f81fe1dad44a0aa87aa33f1,0
5feac64fe856495f84c03d5367e18ec06b79ec3a,0
931dcaa6c68b7e35f1866b8a00f3504205c67f8e,0
173a233c81c548b5c8f48e2c68d57426ac54c118,0
4997cc0672cbb448fd9ee38e52956df538002ecb,0
5a1fa0ae55e1b25f837eac00ea533c746376c3dd,0
cce638476249e6cc48b46a3195b65ce48af00ba5,0
80061daabb0cbd45458c18236009af53d91cb93a,0
ccee031836048f3c501dd19d69a26eeb8d17fb03,0
f402216bac2b4db3d6a46d7647d00348606386a7,0
ff8a88afb94754350f3133bf367d2a44f568d8eb,0
59f196421c320431b92f36aa2760124d52b974ca,0
1b4527ba39f5572228f0f075e2957f3f55687d05,0
3ec10a647dfc39ee7aa2e1454c4e453d3638e81e,0
7186c4c0d5a1b5be84349658b990df66a0108efd,0
a2647fb5bb01ca440828a8b2b55d6e85dfdd6d87,1
4f00b045644df370847e5c8988015a4db92c7550,0
aa5a96c4ea998316e17c812f490f3c44e99caded,0
c8372a0e92d4a5464d9eb910d16bf1f1e1b0fdca,0
bd0782079c774ea4ea38d2587087b4d5150f7fcb,0
e5255dc0e405871cb488d609639fb0fde02f3db4,0
484645a30dce81cc1136165723ebdd99cdc4df14,0
7d59e814792d64b3d47b1cc2db50fb133272b09b,0
da6854e3e0b1d9f36a5e0c22d5f569642c08bf22,0
722ae77601ac720d9007166bdff677f7a159ce2a,1
141cdfc21e397b07a448e6bc8fbd3ee26277309a,0
ef039325895d6a3fdb8589aa5fe478dd6320898a,0
5e128736ca4f64336ceafa349fbf44bded5c60b3,0
40598253ac308c3f3e1c3c8d390fbdd10326a882,0
a14515056a88a00350a29dacd3e531508db0dea8,0
85177b93a79fcfb1a0d6dceaf1b34b3d7db507a0,0
effe05bbc61f4ebd6ce7b003c49cfead539af96c,0
6c57b99dfcf338cf095ea93d8c8c5eae5a5c65a8,1
026e720e2be4549689a4d5b0e5a9d827b97cc464,0
0021b46bbd9998295e9b34618e6234967fd5c5fa,0
7a8284d453457f834c54b2b910a79a7a9b32efba,0
015cea4fce3c99053c3ca0cbf224f161477208e2,0
72b7e60295f82b7f28439a978f6b06e09bc2a918,0
583e329c6bb3a035ec0ef650ba03020d7c2328b8,1
c54189c361bed19192a58ed4970ff2f988870435,0
2919c628d9ecbf4dae496ddae1a631a8a40d1063,0
f288e4cafc04144d0f96b26b994778bf57aef4d2,0
fd042e0544d89e522a5d73fb67660a05a07872f9,0
98b72f8272cc35e1ef85187236ed3ab3699a1d33,1
028e567ae0c8c37948cc806b83658f04e470d3d4,1
55b4dafa5004ec85f438764edb8444f3c57f4783,0
0ca58c3ec7637813ed9ba15c63a734323273cb7a,0
6ba956da6b383072f481c457f1f10d3b88867e17,0
b881df8918323e01bd4d17007c5f0fcc20232a93,0
ee1d3747d6110d6f18c1ea2f85675d0ba2fd193a,0
8cf3b406f9a9033b1cc48d93bee632bcabf44b8d,1
ca057833e2268e41ea4c95fd6325358a649f95d1,0
16d4af20fdf10588e06478fee8dc0669e10f2c7c,1
efb8160c7e97f3efe55fb896f9c632ec1354f30a,0
338840f70299b2ac6878692cc13c0dd1feb08036,0
d42fa79477906d28a659a9a4cb87a76b405ddf9b,0
ec58406d6d3722e06c94d2b923a44e5a277eacee,0
11beed4f26497ec1679ae8e333d5292f0ddcf7a9,0
3cf31d1b90a51e639289f414efe370cbe031092f,0
5f6f3853991a17b14ab6e8a8627f29929f926e41,1
3a662baa803dde6cf906e15b67a2312b9f7c6bf0,1
5f746a18ab0602ce9cae8ce7563361dc13cd1edc,0
d8066e63c02abbf4b6d275640fa4e83969c4e988,0
5cf914a5e3b8052c43554cd2b5a2cd00997cac6b,0
e0894cc692bfb197a9341d25ec9bbfc55d5e6075,0
9ca8f8fa43c80e396025c243637f9c5824a8c17d,0
c6376c3279c5e31e6dce7d1e970aba2c050d47b9,1
063c40e3224767a075a88ce52b49ff9a075145d5,1
19a15c3a568a81465e917b9f0f890aa74784ffc0,0
f6f7bc417e218d6092f136b6aeda279284f09b8d,0
a0079b28938073444e22ebad7675dea2520aa1c3,0
fc046cd1369087f6eb040d80d351afa0721717c3,0
d705bccd68500823abcc6a12ab77e23286838c69,0
8f7fd132782378abd27d3c5ad0745fc350fa676b,0
2f01f24ddca6dffc9cb9ff98b49d95e83d6771b1,0
4d6ec55f3f691537690955ad89b294586a4df69b,0
af78c3c2b4347b5664e369573883fab7a2016aec,0
aaac99fcaa9e7fe2c9334f09915e4d4c68d1fcae,0
ce70e371191d576b80c0be4298e591330e343b23,0
2fa73ae4ac1ce6f02c99ee457eb727e7bb97bb5a,0
91be4317be895c054ef7c9413ab3d07fcee93da0,0
018cd6af784916c06e1629f06657c61dd3180f1a,0
7c675b699fb5f03928cf356e0677ae6a379a43d1,1
7573357153496bcaa9a9141ec8258e1e61782dd5,0
2b8ac159cf453f617bbc364732183f7bfaba4bdc,0
966abd295e93316f7bb8e696b4b64fa825a05955,0
a35c2d019ce4a45e2161e8302c7b9703bc651dd0,0
7231ee106716b2eb8bcbc6f1f8156a3fed2c211d,0
8a3b43e9298907f71fcfb83454567a0508a36cca,0
57021713df9da7c35912f5a1c5336943772713f0,0
3db5f718cb67c26eda9b5fdfe892c41ae674fa41,0
934c057c01c07ce72b6d408b230930e62546cd08,0
1fd53ae1ba4a80a7b2585b7e8079f234d345dce4,0
edac53ccbe80546aaf2fb4c1cbbfc23798b127dc,1
2c6f62fcb0d6e42f78c02e7f9adc52f727c3912a,1
86f9e46adcb26bafe6a67d698e067e09056e6b33,0
3c74c2dc51185bc6cd2decc45885a861d26ae643,1
5b839a0227d435dca8292491f9746929cf3199a3,1
05a48fa2af1339d35570c7dbc1633574714716b0,1
4156a5c31fc9ee1c437199de8e606d7818955db5,1
7c30ffaad3b508ce150f9805faaffe9f556e98bd,1
b8ab0176b93e3bc9fe668f624f1f3b831a7cc028,1
016684373bf60680c07442112b197ddc64545b03,1
636b3cf16ed02e84ad6cc7c0b3d6f50f31c0b3e0,0
5fb3f0f468f8a0815389beef087eb9980ce6018d,0
13e4bee9f0f960859786677341fe8d81f848b7cb,0
9fe6a93b8107b5a47e9963056ca502eed5ce5a5a,0
173a8de169034689b9e45a201d2aa884d1f05eb8,1
230cc4db924d666d193f6ca7de9adfb4a11ff45f,1
0cdcceeb9cf327d812e9d9c2370ed03af9c53c74,1
a07c8837b980924d6c2947b371e709e1e780531c,0
2c8cc6d3396cdec43ee5325296782b719d6e3236,1
f4f9bb51fd5effb6ad66db71a5a058fd225287e3,1
1e728da082658afa52110cdbe76750f49422bc06,1
3490586af24c8c2ac1ca9fccfba278cff3fb0000,0
a57d27c3f90b7cd1eb598522767dd31782e7bb94,1
dc2c5b62aa4f0d7271c6f72804ad5feeb5533a14,1
1d8a3d294145ef28feaf66b66b4f9ead250189b1,1
4d6c83ca0eb9fe870655d3336faee9aecb86a968,0
60e7e22e4db362036ee9deeccd1d8a23093bfc6d,0
baf9b7a9070ca3e90c868501692ceb9883e9ce69,1
fa31a75e608e4ef0502e2f6c786c56f1a4f32c36,1
62034ad4c41d56d016979219ece00de60cc64b42,1
6320e08c635ff7ffaeec2a3d352cdb6bafd88b14,0
2e720633a72e649d3ec099d2bf6591c21aee4eb2,0
91025aecbbe05cac62b4b001eb609e9aa335a036,0
d4a09e651632534d7654664fa376ea6d9e0eb122,0
bf1169938c2b0abf933cba23657bb428ad51da69,0
e6486925317a66b4b9323d9bb7243c271da4d860,0
6389fb800f4d8dbaa6ae32e38d7f25ff3f4de54a,0
3e46b18598887443d25243197cbb8410f6399135,0
93b47210d6bde703ee50db7441318b76e200ffcd,0
f838d003118922d49f28d0d2f0c5833742d4842d,0
3967ca5afdd7c6036247e9af437ddd496f640c64,0
534ee0079d648cabf42d7dc830f11c8a55935736,0
d582b144134a0aa86da80c226e40ea80ad28871f,0
be3c468558cb470a0330ce6352ba0d9920d870d2,0
25f3f3155c6a129e866f622951b01a0067e5f7d1,1
e0d850338627a208127c3b22b18ffaf3d2b7f553,0
0dc771737e456a85a4c4f4b3f6a64b56dab3e13d,0
a6c18f97e133848043b258f41c63cf986d6d0475,0
3b370845e898662a839cc232a3ecec8109662613,0
1a91a57ebfd31e256cbd5c6e54cbe2b9529f631b,0
217dc04b711bae5ae6ec8608c50c03e90884a54a,0
486e1ee2608e340393c9e08a06f655259bab4f37,0
403a38991f75b70c0e5c7f2ef69c3bfba3955217,1
8201d772bbb164d93c07df218a963177713d56ab,0
75c88ebfedc4357e9b8dbbdac157998ee1aaba72,1
4de11eec9fa0b4bd5d13567a2b4b22d9f16a1df5,0
a1b4acfd52f553d13214b6c0a2dc427a4d53bd7f,1
f4195f7a17ef07ef4c0b1cad34e102b74864dc0c,1
479a9b48597db5c713b873535e0680c55427ab1a,0
025b97a2368796a7cd4ef733c3fd284c3f4a40b7,0
3af132066b047afb67ea8580f4dfd91199bc8b12,0
0dfe29ed4a1b81ffd8b80b5515e49b633db81681,0
6fdd835350f187422eae059357acf809ce35d7a8,1
46160dc425258a0a4f0e80908a06345a700e83ce,0
f9989c83035dec85b6eef5a63c53ab13fab4ceae,0
db36150bfa763e98f39b0e9e772ec4394198b422,1
5e560d06c06bff93c0cbe06df3218f0938d05556,1
965759e0e771de2bf4036402f7cecd8ba251c718,0
9aa0b30336f995d44fa0b1c8be7dc6779fb9efd7,0
9a845ceec050df899fbfdeaf535bdb6ef893af73,0
30ab5abcaa303f24b7fb0552c4e5e60719968d2a,0
3e71aad190dac579ab3145a3910d518b0d9213e2,0
c27523d2a9b1db404a92ba43cac6ba2e456d3522,0
5a6c0863abd9bb1a23bd66f9ebac8f075b1a8ad4,0
af15b7a9981a74a3082fb7d202c35e10ea327d52,0
c2f01215946fa742eb5d2d1615a9e768a739c6d1,1
4419f1823b32d80ab65c802163c2796ce6fd68f1,0
37509886f4341c359c09e60e600fc235468cba42,0
cc220c1ab0dd279bb28157ebe18f06326d5d61d5,0
fcdc0f2c594b39417293b0f8787d5a482dc3004e,1
c1dd36f3001f798d6d8385248aa294cb7a96e427,1
a28eae5a021a1f6b1c1686c91edd22c1cb882ce6,0
38b53b50f09d5242d665d687d7a0a6f73cf867ee,1
fbfbfe5a798d36d57bdb4861b52f8e7468bc1632,1
196d886105354754504713b6d475a8b7974954ce,0
6717180c34b68f0e5c331878d9183253436d22c5,1
9ba7e253a07191b5850ce646c82489920c6b4041,0
d8fbce33251cad1eee3751dc7e8dc0986f6c1e73,1
b195a09417f17f0f219d572b677fce90082d077d,0
db3e8dd5e0754915de63c49e9a14120b349c8f29,1
6725e1e8285d0be36ac374183730c43730cc17a6,0
8f983a9e06c2689d0a657052bf0ed685e359fdaa,1
109796001f0624a82a56f687f8e0a2f9768d01dd,0
cc83b09ce1ad9e9f02b8212e9607d82ee0781475,0
d7641bf80a9c86904fc5cff197df4fe9495804dc,0
4b4f5b5cff28307c19e56f7682ee741c38e56f36,0
aa6586f3427eb5d290da643c4f8318494cd877ed,0
2783a44a51332d02a0bee3094f9764aaeead5f4e,0
0b7d478bc57bbd1ff887bcb06966e336a4660a07,1
dc41d2b2dbc0943e8709ce5d120a60d4d743e632,0
1ef0cebb68e59de1d593f8a7e93717b3e8866615,0
6efa0fca9ff1f9f5c81636061c3ab095e9b5ea34,0
df349030f11c2318288bfc65ca77f1f7a7e63c95,1
92f2adef00b098b297f32c9852d7619d75a15525,1
b35d9da47920af4b568f5734b09df0caca9ac931,0
6cbb59255415b070706503a12019b32660a3995b,0
8ce079e7a789035193272838d36fda5d88f5eb14,1
85d316cdcc1658cf91ebe56802541129fa249950,0
44b794f3432db094d5565bc3e0563366c6f1645b,1
e91d04137aa78e264f2f94061a6457bcac7875cb,1
4d56deba19a0e7dd955914b08bf26d8fa2ba2b2a,1
c05eccdf72145012d6bf68666d6d33c6b524ad75,0
10fbada7d6a9fe61d58644196fe144617fbe15b9,0
46e0ac04d2e725e6eaa1f3e4b4698a6b6fd5abd6,0
f342a6b735d30c60a5023333b0932ceeddf22e4e,0
d2172c3e153bab88bd2ea22eb1c51489f81c2107,0
ff99914e27721ae4dea0f7687af2f0b669ce0e3a,1
42b94f79e9ebb5d3e8454fffbdf535f48629e61b,0
762e5604d358f2e21458e5f9c734e57501427794,1
5a0197aaa279a28eb698c34690f60ef89c0631a6,1
7fd81132b03e5a15ceda00159d244594665683d8,0
4bd98fe9bd4906fbf11e12e72e04549d1425b054,0
8b37bcb1d6a586261f4fdcf0c0fc5fa86bf40815,0
3079cf810532aac3840e3d6e96932bd6f9661a7a,0
35ade3fe6b22240b15cb04d0bd9193757324b601,0
02c5824deb644b1f319a3c65233ecdb618c95f00,0
d0ca64a3d0ba9547d067c4d5ffa1235d2bb0420c,0
4d319697635e6bbd2bec0e0fbe317538b36be6dc,1
054a997a65de9afb3c73798d00fcc09f2004db02,1
333cefbea0f8e29030b312be11461c61b48bb6eb,0
d5b8ee1dda135f148f08e4a515b745dcae9175c8,0
641c4b85b57ce80c500107f76224953c58ac2627,0
0374bc4b23fed3c6845e5e04b4a5d3978dc989b9,0
3229e69749e9664dc4f71579b533d7f19f3b9a5f,1
d5302dcabbebeb192fcfb94eeca879b00553ef15,0
93179ba2fe9188636fa13858c28f959e3b181ff2,1
0623c3d7f78be783f5daba2862d06f0c26e5310e,0
8ff249963980d00958e0feb2be18568397131c70,0
a8f2633dd34d8d87f27676b7907e94001db270dc,0
3e225e5a15f32a074f40b44dd99309f74456f1d3,1
da025d927ccfd7d3678a641d76d144018095d170,0
a7f615d28f42d1ae0c7cb207bed5bb904b2cf4b1,0
dc035020705b99249bd43974ed55d28bea688bc8,0
6f76c24397d46ceaff502ae5a1a24b57a4be4c2b,1
fb0daa2dedafffab350ddb069e54de21ca3f2b3c,0
724b0c029156d95e21bb680361fb883033d52bf8,0
3af63faecf549736836c147e41078e1402d9c8c8,0
e6d0034a6acb24c1c777a16ebba86ada893cace1,0
abaebc034849ed8db273c54b54c78460f14968d1,1
0e2f0a3e0416d67163a8cede351e348e93948e1f,1
c9b275589b55a2eeb6a5f8d1268f1a89c1752672,1
8c027bf9888dfc9360679498d8226afd97c9dbed,1
5a8aaa0a181fd08cffc93701df545f19771c88a2,1
0fa6bb8802f9cc8c44ae802cb552f4b2397477b8,1
f848bb482b2806cb19349ca4bce1ad105f5b809f,1
5d35320914cf9d5a14ebb4c4167c87a901d07559,0
b1144a8260c28a28e46796526d98383fa59666cd,1
079c3232e88a3453221c9cc3ae2b199083925a29,1
c115246c034af5e78f43f78f9f21bbf0cbaa62a1,0
048e374fd774ecd49ff7dac0339ea27d8959ecaa,0
7f17d311997837df07c57681f0e72952d7ffcdd5,0
df847c0704858c6e5df881dcbcdfc99f1a37fc20,1
c3aaed1973f66dec08389a5eb94d3456fb09964b,0
ca06d481ae96d43485174ac3f5ff1167c852005b,0
46c50a1c206ee0eb2c387c57980c20e290ae91e0,1
a1ec992b30a877b80ecaafa10401df2ac5c52e5d,1
f14fb9b4194ee836432c25496e98fb12f6a019b6,0
f5056938a997e0058a20bbaa4177e8297cebbdfe,0
d23eeef33d1925963d3d2603e3269537416a7978,0
09a4df6e58f8702b485e1c39a99f752ca1af012d,0
84b04abd85d83b95c6933359264a2d867432d40e,1
db552defb16119d59a16a9ddd49b07161f752d88,1
b6d96477b1d170ea72037853ece44d167f066498,0
563d5b78774271045165f2531f26156e72722e07,0
a0e624043d22d784a0b02d02e3b47f04458f088c,1
69f626b25461977954b8f35ff614675d497cfde8,0
242072469290c644ebdf5fc1fd26084ccd18ee08,1
ad21e85db5fa37b0efe1b02cea05e009fd2be5f0,0
09b9af7f176a9bbe9568ec8129f8773cf1a5ff1b,0
41565953525cf7fb3c436ff6776c7b4bf8e1ef1d,0
168a1dfebdd4a10ba593311856d3addcb32696ff,0
2759abae42100a486dda09e787d5aee13a9ba1f9,0
982cb6e906902faf16efea6a7dec879ca11516b6,0
