commit_id,label_RASZZ
6822c69ffc9268fb3f8c5c0b568038bf881a4d6e,0
9ac3a52f889738ca3099ff2c780f14bf3a1ee486,0
80408c6bfabe0f3d6ae576561762688da714c30f,0
e14269809e50b4b30bd665fc0571d93e041b8054,0
a8e3da3eb1e3e9adf2023cc76e5ebdaa8642fc32,0
a0e5051d5716ead5dc237888bb7e67207bd999d5,0
bfc0f5bb7dd9bc2366cd930cdb68dc92aaf42d60,0
7559aa4f7e77e0c3e50db51c856ae63118eacf97,0
059f75d2e998290b1d0720cce7aa6e7d37f8b2c8,0
30c8cf5dc69282b22585bef06786b521404dbc3d,0
932a0f0c26b9ea7e72ad24d6742f32960c0d33ea,0
15f7f4f86dc42a0d8e60520418d5891fc53779aa,0
a83d8ead92c2fd3a51590974fecb6f0b0bf04530,0
fb2f12a6a921bf63620e085e9f5c39e35efe36c6,0
6ed435656c8d3af8068f56c088b08442e5339894,0
901ee855847837c279218dfe6432a624fd9aadd8,0
f8692245c0574c89ae347c066e695a0f3fe54f31,0
aa746faf22076e9bfcc55fca66a0477bf925203e,0
8d2c3a947d98e4cabad59ffd98e5f3ef838fbb85,0
5ce5b0bcb8901f9eb918b362a1ab84a6ade185aa,0
9d78ad2b9d0b36f5ee0ba458a2046d6af128b467,0
30de960404e4b865194ce938cb584e332fd30f1a,0
d0c041bf4829759860a32f840ab51be01ab49ed2,0
c12340169e69157af4cbf8555c1b8f8227ea68ca,0
08328a901dc6e5bc01667e914f7921517dd59d2b,0
2e9e783352b22153ce9d6afe11e64931bc6151f3,0
9c7f1f9a1e174af00ab7f40a56106636adbd4d6f,0
fc942aef78193f5e7468a541cd2d08a63ceae48d,0
ee44d22c42422c8e72400cc8f5aa9cef227df8d6,0
55671e5b5f0c5aae838a5669907085c012589d7b,0
3ee55fa3b3e3420524edb4a2ee438cdf61d0bddf,0
286605a69f527dc9fa4082ae88106864b0ec23fa,0
22765c774ca3277201484862b0a82657b1f16b9d,0
1d33efdb3b952d5c62df14c8d087a5e93a2e73d3,0
3fd0aa586eaa28dac8f66942da299c8a5467f943,0
29dac47a18d5ad7239ca11314b81ec44a1ecf580,0
c15e57daac0950a737d22cdaf4cb268044c230f7,0
f1d89e6c29fed56f11aaeb89fc04e6289e6074d3,0
9ead52e2047fcf647f5bbb520ae218e402acc3bc,0
c6ed0a01590650226cb53875191d246bd40e252f,0
0a152060614806fe8618787a15b7a506c4193023,0
24357bd123ea5853e279c777c84863bc62c072dc,0
24b7a0e964d04b5078d4ee8de44b2032b01c7dc0,0
aefca15e3a890f153b328af8369632d7c24dfade,0
a38c7fecbe1fb195edbb84ce84159b878d8aa268,0
ccdeae9f919e93f5db685e7f07cda26560ffddbc,0
a485017b14888761d9f7fbaa7970b6740bf2be42,0
e5c331dcf746c3425dfedb5831ea7f7292d2552e,0
2732dbebb530140424ec16cfabe1fc782878e508,0
185ee6ca066a253ab6c108dd44049bbfa026b966,0
4e131a974c4d2acddde3f962acac8bf00c014a57,0
34b2a167d8c8f5ed0ad23f3d7a6d72181b13a389,0
560c65d15f7874cb70eadd795162010b91c2fb85,0
f3607a3e5befc3ba697bba0b19af8b47a95a5b98,0
1018646b956c2b002f7a4e7c10e654369f3cbb84,0
e1eed07c7f484b07c9f6c2ca66b6ef61bdbca484,0
2ebe98bd8310eae2e7e434e444ed47a7249ca025,0
989340bde3b2f97b162b53ac4b28bbd7d5d28b64,0
f104e72d93e1ce5c8e02652e95e743b13db7387e,0
b0ed3b2d6479c4aa585aab9110d0e6456a4e458c,0
751f044c6014e6129cdb69c6055e670bea88320b,0
2c7da6eda262ade5b5487308567f59b9e0d89b06,0
75a8c2bd1a734e2ef474ad83364dd35790d074f7,0
4648d38f43d7507b66af7fac9a47cbcabdb3143a,0
b5e315b8f51ad67cd825d7cdac94f783090d035b,0
b2797345245ccb49227351ad8d0d9e3d8182824f,0
654c8a4b42a57c2ff164d2b05286cafa9adc5261,0
c151837c1e8f27c8374326694322518002e5d1af,0
1a2c6ed2628c583eeb71991b11abac5516fdc7f5,0
c514e3f42332ec555b09b6bc60e4250abf262447,0
a3b0d3c2a05b6dae17df710cd2ed0e75b15ae277,0
e51b9d2bacaad04dad542940f20902a3829c324a,0
510891fa0050ef491bd2fc01cb29017eecdf7a6f,0
acd25b001c92c7d45796686428cd62efc5571608,0
c646b1d365136302f49c57e38184ae8b7d452e7b,0
69189732a2a537274bb8163ddf9748a3378b4624,0
3f72abf3c8902b16a618e6c4b4b7b0cec15dec82,0
4ce038a85d7a548bf9faabd188a54902f9661118,0
b5cf590973fedb97dca97abb63f3597cb5b89840,0
13e8707aed689b9348937aea00c5637428d8f93a,0
e6a509e8dacf2aac32f9287b6563d30ddde0f611,0
396284d1a6726665bc2cbd48ee24fb34ad142be8,0
f8c2f6290e49598b77fc5fb25d9addaa0fb85635,0
578e11f3fbd20f0c464cfa7bb4eab8ab04de2087,0
8d0bcdf0a9b5969c49e276a43e848ae881bc8681,0
fa13fb41cac08d91b52b41d322089c065c4331d8,0
f700254d785e3f255caf6ae760a986176bd2c1b8,0
96db75a0dda6cf52f8836f935c701adb1c3f0e66,0
01e7118c6d0dc3c50cc08125bf15fcffaafc12e7,0
4060eee282a4a068b7f5ff8b3a8243b37ec7e5f8,0
d13aa8237b13d39cd5a6146f6c5207cf965bc54b,0
3a85e8e80c4b1ca5998def7cd1dddd4453f3971b,0
d819225af13307f3753dac40ddb4f1db53955863,0
87ebfe72eb7ac4dc3e98084d64d6288383159a22,0
97e05ff9b969f6bde165e081841bbf0ec6e17e76,0
743ad360cf73dfd402f1c8f970e3027b052a1183,0
c10ff697b2f6b9115f6947139724624283515e49,0
326f6fa6f7433d175edd36e95cf8b15569a7afdd,0
b90a23b7656ef4cb9459a17cad20a7107576d453,0
8954ba19a3dcf588f2c073047011dcd563928e82,0
046254190dbce0d7ffec3ac32c616b417dd58986,0
d7ab40acc69dc7756aa2e310815acc3ef66937a7,0
b44423a4fe2b16f67ecc23cb482e634117311a09,0
328e5399de6d952c2329494401e20bbe8fdaed9f,0
15df71a9c813b9c74096290f7b5395cd6f211cf6,0
a9cc9861c9c9e6a0b0c4e6c87f5b5d9b40970b12,0
768e3b843248fe6257e3615802ce63d9df0b42fe,0
f77df1a1fdf9d61dd2947f9e825631fd0deddf2d,0
b58165f42c9f69573d4bf0742029562a320245f4,0
f4a9dd0ddabe2e12b5acd9ba7046e0302b150e1e,0
a313d14687fc8e6e706c0d6dbee4050a85d2e354,0
12f113ab3ca943668cf85f00f8b81083601e7c5b,0
89aebf681bd04daf59eaedf7ae496c3d4b24d401,0
920554b9b02eea21abe56fd564e1a022fef3be4c,0
d473430a5f2b49790e676e95d0d853c1cd8c8782,0
0be2e8e3ab695b99633e29401c3d48075138cde6,0
81a45e5b268f1ba38b75fe7dc6ae94b4e6eb269c,0
0fca522a1d336f4ef6305681aba71099799fe89d,0
6b57c14241260f7234e4a28dde1237328ad6de8e,0
beb33bd26cc1e78bdd2d0487b5065fae6b107d6b,0
91b0dbcba2f3cf9aa24ca5d35f7098ac547163aa,0
7998ef3b135456261f734f0b934c335522da2ca1,0
ca0756078024cb7e34f536a5974fed0c2fd2b928,0
fb913e45371e34dde819c6de9a714276daa9f8c0,0
0d6b420908410302e78ab05698ddcc4fd0a3af3e,0
1ffc96bef955857bbdaa0e3d0413a5863c459d0f,0
8390bc3fa2764948c1a378b2f1a8134ecc7d0f59,0
163ac483d8964f32c666d975ea14309babe6384a,0
6e783d607af56a6341602ccc7b814443888461c7,0
f8c7109a51e568d062750259c2b90cc191f12e57,0
bfb2bbd319fefd21fff1286d4412f365866243e8,0
a0f50443a522db3ce27b3ca334fc515077e880ad,0
8a573b9bc4d9ba593b0934122fe7a433c55e8e22,0
7bca2f4b83b2b444d950615252322660eef80782,0
6306eb65a6a9e310004c69987df2cc511f73f977,0
8811ee50a25cba528a0971f5ac0b9995238f71a6,0
71d7c238eb6be2185b034b0628f781ef17681f81,0
d81e636073775e4fad95b6a52d67bf3be860f39d,0
66025009ac8ad27eb2222a210c109d3a8830d4ee,0
73e5889081a274641697a33f604b3dd313a6bb06,0
8acc64ddac52be1555593a662ec2cfe296b1672c,0
c3b7233e8c2c0b3bd2c10c2f80e819fbfebb8bbd,0
1a7c35b79ad258209eb7721871045bed4c933cc9,0
207d0d39279794216867fadff5997da7c53c3d97,0
362175d77700e7133b4599f0714fe17399b83231,0
cd20a07b68fb6af9fc2f6268809b61ede75552a0,0
f1c0edfbb6d0e5463365711e805bedab0c205e90,0
5f160d3cc43220dbf9996f542798b7b01d0785d0,0
3fe006a9a18a296bada4d328cb5f8115078ed6b1,0
4f31bcec0200f80be4d1d10fba600a3c04923e89,0
9f93ba7c4d496a9a28fcb2d01855f363e9b49e3e,0
2ed7dc0ee45860bf79b0065bb0d76bac55d61b83,0
3f00109169f6705058b21a260077b1f92a1d7254,0
11fce7568a4828f46997d8166182704542cf29d5,0
4d61a2bae58d82239ea6e5f480496e86af31bfb9,0
da39af588933a3f460a6251487e341db71631077,0
35045d68fc699f80e10c84dcb35f511753d04d18,0
18a924e72f29cdcf8089da6c6608853da99e0835,0
126341ea9d0fcd7abba137ba28fa554bb186ba9a,0
14f973733d27e18d1d291c36002387056ab8fe08,0
72cf4f60d57b41ff8abcbde544abeefcd01787df,0
1d2e141f28f4e3b05c7742a5a516fd3fa574645c,0
32b5552de5fbf7948404673d665af00ba4826540,0
9f837b0796b33a3baa53b3a1002de266ebbfdddd,0
3c67c3e379299d484ad2bc994cc716716038848a,0
5c8bef6843eb77d75c3d390150e7b9db6ab9da3e,0
4a0582564d7737800be54035235c7e3068776d32,0
29d49bf48e6d8937e7c1c0677886965dd79e10fb,0
86742d50d843fc4800db196ede7843ec09699103,0
f00732ce59d0ced9e600bc2cc8414074847adb3d,0
4f87b86b6d1da71a341538a86b58d84df30e7655,0
2017de437e6e0ecb3ccb47fa7c2229b2cdf54c36,0
b40a1055ec0a33428efe350b825834de01719005,0
b839483e1d382d89f2be8895fc2ce28c5702d43d,0
4f1724b27ccb229ea5795fe8def0cb2964a0b3c3,0
98e77c631691b5891ab97660a5515617194d721b,0
1b2aefdfdbb305cd4e29756c081a8468db1eb024,0
dc7742ba40ae6f779e71a63af88fd984c380bcc9,0
9c89e0d03ade9b536b9b893fb121879be31979e7,0
ef9a8c79b09c8df2a82d4a2b351239cebe119f0f,0
8d83cd05836d9d66dacdd348390692764fb553e8,0
ad44e7b97ac7d6b7462088c22ed29acfc3c38b31,0
6f0dd1f7061f69a3219fbfde6ecab5e37de27b4f,0
b89cea69a0e398b4904b7464c6c4ad2df0ff8846,0
f3ee69ce9aaf88bbfa9cfbc436b08cc2fede31c0,0
805382c7f9abe854324cdae5b931989ee3fb303a,0
ef4317b38efcb7eba327056dd3efe2b65a2b7796,0
c7887d3dd2effd86705a33b4bbd5e8e08bc965e5,0
2b60786ec9f3ff7e13000856f660228276ecec09,0
153eac1a2672dde740959b05f404ab2ed8209549,0
bd8ea475433c96ac71b9b9cfaf6c725f42526777,0
baa53f3e1afbaa9e26fc4e1a5210d70c26a44e83,0
38b950833eaa0a59967217861512e2ca89ea1f7b,0
30408d29dbc815897e73b738f1fa325fda55f56a,0
c63fa66a8383058e906a1c42e7d14b6a48c22cf2,0
055bad07ff92ab306121ee8510607d29f13e6cb8,0
f3da0abeac5c8e0b6af8b310b3373f30d5e8251f,0
bf14d42eb2525398ebf01b81b78afd84d18623dc,0
eae90f8255abfecc663293d4a057a9c2f3843545,0
7c6d5c0a4bc8af18e61f8e8d64d160d236f30ef2,0
6fc1b8ae7d4fa36d4c6188f37c61dfb1a145e716,0
ed1910f250dc305d784fad5a4d71ce9eabf71d3e,0
1ac355f169c242691d7420cf048a91eb80357053,0
edbf3d92faa19b80a73546bd3e817125ff559710,0
6c35ebffe8dcd8a490dfda11231e2bb7cd44e31e,0
519b05860aac48c57b97f0595bd35169b4ee0a5d,0
56b9d364cbc4ea5bc4371d31bb7870c1c67f1e00,0
bca13f0a6b7d81b3ba19e0dadeb230ed72b63809,0
775c43e38704af554776118f437a05c3b4edaeb4,0
ae20cfbccde3ef7d40e6651b43c3ad63ee416e87,0
cb608baf4cbb620fe1c44b1670d4c6b53fe5d8fa,0
784ae091ca375e583583a3ea60b23f138f604aac,0
9857f2ef4734832846e9fd53648288430e9aa75f,0
7a223938eb16cc53c29935957508f4c7d799f5fc,0
784ba59eb9a28a532c820ad637e4901b81bd0c94,0
c4c627c82d961a9e601b2a93a1e845d48b2893ce,0
e98ee03e012db385289e434064e1ae55848a7bd7,0
7f74bcd154979428ca17b0e22fe37e4be4d09ead,0
de4e9dfd527cbe1a1a098b789f2e7da5ff318f77,0
56043f8bbef596c991bf9cfe837c06b2add94fe8,0
dd945be3edad43f7c5c732ae9dc5e31891d6b9b6,0
b9b65be744a6b76f3a57c26ab155670a0d5bf9ae,0
2baf8eea5b88a189830257b76d3561e74d5434ff,0
23eaeecc43bfc7d2ae7925d5d26819c9a3d1bbdd,0
27fa0a74afa3a0f63b28aa65088b0bc32ecd5335,0
fb1d3cc28204d9e05869be00da1a4e70bc0b9edb,0
12bb72d13212e684f50779711115cfb3adb23345,0
b6ffaef299257b319659ead91d71607f5a99c9f6,0
66f8a9d8d2ed9c3e0ee1b4f16db7123faf952782,0
3215f48f8ca51844ce4ad1fa0ea328e55b0f0251,0
e7f1d99839146f85b27330d9a4d6f751ff4fd8f6,0
795d2d854bebaa9e1157095f97ece1826a1bf177,0
d3fb799bce9752ee8ccc84ec13179fde5353f5cd,0
e510d5b20d25a9ab0d30daf1fd62a61c46483924,0
4b93b656cea984181ff011d69e30daed7594cff7,0
0023402b5a5451d4aae7ae8201072b115e694ba0,0
6bc2a15b7f01aaf3dbd16db6208a3e1b3411cba4,0
b72dbee2ed7d25ef71c46a521f476ff2ffd955bf,0
82e3048778d2aa9f00d2fe85d4c736f218951f0e,0
f14e9e1fb6b8067fad5d5b98a2f722a40d908ad9,0
6db1b66dd8470ba327175bde13d4faae9ec0e993,0
045ca58ebd642be667de4a4e53a0ecf729983b06,0
09296ff4afa678984ddf03ae1e6a97539f4a0f36,0
943c1ee2508bbd3a0f8f2192c33d1bb196a1b654,0
40949b4ff8635a7f9c84330c2d41f2dd553227f8,0
917f3e83be482aefbc77084d3dc861916cef930e,0
724febf45ef53a09d4821597cb8f982366845fc9,0
a4a074935e5a4c36409ed861c67438dd6ff1298c,0
54932dbe66cab1156f331044e31da59c14f68831,0
8391f32d5a322a245f99f5348fdccdde06535557,0
f368d6797fb745f356c266bc5f4d59df2667f46c,0
86062f5bbcc2fdcca319dbad5b2bbced180cd95d,0
b682c9de41bca4056465af4e16c815409eb68758,0
6de9ef2b8f77ba2fe606acfd745f5ed34ba5749b,0
8c16e6957b39db352e294bcdd3b66ffaf918e73b,0
9a5dc7613f024663ffbac2f339271f5ecedf8040,0
320e94f2f8464b06b9c5e56f0ca5d3ae0e4df739,0
c1452ec200d9ed01b2ed2a9d4d3b8de80e064737,0
ae732948a34eeeedb59e5c6d0448592cc49d4995,0
497658fe30ff96b72ce9efdb3581a38cc1b91b48,0
bcb3044777c37063526e2a271cec0a6175ab389a,0
a41770f3ed9c02c299932bbe6501d4e3784d3d2f,0
57379b387638d21d63daf529b5ddd3900665929b,0
7159db80b5bf92816f88650b16acf5799cde21bf,0
6cd833783b47aecf28e0dd1f9f9e01b41ec63dc2,0
4c3019539570e135eec958511744ac18ac5dfeed,0
a2eacd03c43a89dda6c67773f60b3f1418530e76,0
c61841c93ff59a1d2f6c4279a211caabae453ab9,0
9c7a296753d2a39047bd7ef9bf89cbf52e311d69,0
ba1b26140a7803ec3e5db3e294f69c21b2aa233f,0
7edab251d30baf3ceb645c1d2931ce7621082dec,0
92461f95bd3c0b923a33f33c661868503f908f43,0
4afeed80f16d9583f068155eaeacfe158421da06,0
3c39ab1fecea7b247ae2b1d826cee0a803fd8d25,0
21ca168d58643a38380d2e4605f691ca377a40f1,0
7600a91224b3c8be778d02d47d20f3495cb280ce,0
9427afcd995e4f6f1abe6bc3f302d251620e1a0b,0
1166afbf5294b6132359c4e41d93c1800b946bc7,0
2ed82530107890feb848e6c8ffc1b345371dab3f,0
f15d03642208bd5bb6fa09db4aecf1b3bc7ff370,0
48a4c370688721463c23b63ed36c86b3e8525f78,0
0de1992472e122ef6f7339f2be94c508fcbe3876,0
9a5d7021e6238b7b549fb1459526c77c54cfd86b,0
a061cb7a785fb6e719a67b49add66a4dceef420a,0
6b897a6bc69ba5bda6740f0a6d294ddb2e9836ba,0
4cf5f5273c58e302d17e9ccea3ee65dd1ee93495,0
16b6dc301151c4bac7b2541c23d18f8a40533f01,0
36ee274e4d7cc712df0555f89ad8a8e0566597b4,0
dd5fd1540cf1d55db3ba7ce11437ac6348f7856a,0
f77665dcc51bb6ee49a72630312603cb6b861ef5,0
14a94464d17994e9d4897bbc10a6524a654f5572,0
c075fe9afdbf92056b91df6bb9e46b69cb7d6342,0
6186d25bdcbf0289ebcca8a26688bfa187e50968,0
948442e6e0a61120780ed2d609bbfdc7f3ccda5e,0
48d60ed92c6395fe5898bd11b9daeef0037eeee8,0
3a2a400f5fc3544940eda703f4ea383563a62b83,0
99cbcc0ad4f7f6f4e505f94518863feb2b4c7e3e,0
1801b51c123bd7eeccf2054fe30caa1522675c1b,0
3e2cddecd748f32896d10f44a59bb52fd707ed47,0
3216291cfff820542c0a7f4c35e5394f3e8c1819,0
6f9929eaffaed7152dda316c060b2747a23f2936,0
706202c634d0a85847b313a019e578f3df7d1d96,0
33be87dd3d16db3e3a3e2364b680f1ee22152c37,0
6439ef54d1e7dae336c009e400f7d32a0aaeb7e1,0
860463858a2d001ab1e5973505aae72076480e96,0
0b981258907e4ceddad4a53d8c74da1f65371f4f,0
d74c385aa4d6d1adb1b9d8896e6309fd101a6ce5,0
0eaf761bdc8780632582d4368012199f58477edd,0
3a31f06115fa9a19d784dc3bd43939f6fca8606d,0
3ec5e44f7996b7202f0a6d8568f5f6c6e400ef2e,0
07b319af5eb5ca1fed52929c3befb40caff8ae46,0
5201088a665b06f3753df17a0b60be18a86e4369,0
37e8c369bc05a69ea20ca5fc4ebc23a3a666d34e,0
978dd33f4b8a60c80f810f72236410342c3d6404,0
676b149454051ecb3b31a4032a8dfb3c0aa59776,0
acf97693fc4aa5ed7ec9e6a795ba046d6d2d2213,0
418df13b807cd92a2383ddb444e06323c4216e5c,0
7bc7c63f450b643a2cce489219015b9f4a343c54,0
dcbb2366e2d2a02b9bcb12e8a148930294a050d1,0
fbb23752376efa49fd9f3109485404cff9f8ea11,0
e5be93c16e437a757aa2073103674aa2656a4d1a,0
819467e9e1af4b5f3144e78c7972b02771499d6a,0
19ca98c92fa41070ac187ac7c4ac14d041acb968,0
7180e8a0ca40c341ebd7a8ac8b4014974824601c,0
6e53ad3ca5e00596fb5507a4e7e86e811e639ee4,0
266e18ac6212de9351032f28e0ec31ab385c9d20,0
fd571e876577772d55a9377c010d1df346a9d75a,0
7c6d92cd70f419fd8297d7f61bf262e33656e10c,0
f6208bb2441bb43b04167be8f28b496ee9afbec2,0
c63e8a5e7301d89380c4b02f5423cee0b68964d0,0
d883e65ee8bccd949131507ce183f45be2701dd8,0
e0834d9ec8bd60f73ff1a9cf52867a4ecca210ea,0
7a02f5db5149926d8a6186c87f9e88a1665b5975,0
ff03e182c25aecc9464da74127aa0bdf62bb07a6,0
bc3167c608678ad3dfbccbe780c5cecbc94130f2,0
b1117bf05482d0da8c4dcad42df198ea64a8dd7b,0
cc830feffea32b3b65322978996e606c76e30497,0
0eaf9264f55ed75e7c94b64eae36e8f9f7ce97f4,0
72e9a3b437c4eeae6192066c3eb12df1776f78ab,0
96624fb6e5a154969f8f59966e9a68e1ac8016c0,0
9a21e54b77ddf8f182ce9a2a738d2b04bba2d20f,0
d5a001fd3833957068e71113f4d7d2480bfa8d36,0
7c91711cca9747606e8ef03a79fbf9a88a57c1f2,0
83a6bec949b11db9d69aa714c060f7f4ed8ad408,0
7670118f702722cdea60d3b12917ba2d54eb38e2,0
8e9410df20159b4c1303119d5b2deda3bf7dd186,0
827a77da53320b29114d31a3ec32dd834c63f0dc,0
0e40652c6d5dfaeb78577b67075a58c7813aa130,0
82443ca95c5b041654abfee5573a5bab523d0239,0
d6b90290f833eca6596f08267b1372eb73d7db53,0
e83b75f05875d7f3593974ba2476c34e0c2b7cad,0
a92720afbf2c5b8d15e3811ba2a95ef894312da5,0
3692e834f8c52cfb4dcb1fa1ee784d3b03dc035f,0
75537c7ae9de76c16da052a5c29d95fc096da6e3,0
56c5736d2f2b640978542cb996ce328cf75ebcfe,0
d6f452460c108e1cf8fe6239c0809110f2bd0fba,0
c2c5a698d53a0488fb7d7b843a551d560a190a82,0
e8fa91e1ef15b323e584766b648674ffb3f86e52,0
2d7b8efb54292fb848edda6becc9ed42e2838e7d,0
7f7382e0d2b4b45a7191d411bbee8a487b426de7,0
b4d68946b531d92d750a69a3c20dbd4d861126ad,0
94bd7e3f92125960d7e3e43c7839d507e0db0c36,0
71c43976442697770126a0874d5cc648ba9e2d39,0
45da6393b80aaa1ccec54d1bba96600618de2e10,0
b168db6cc3c94f7aa6958fc709d5aaba1ea36218,0
dcca5a796acbe36ad827ffaf0ce0579ad5ed9c82,0
ae31de18aa61ea6096b1ad27408f0ddb8a8c0349,0
2195034fa5aa373af7ddc6b762bb569516dd0991,0
ac802878ab49f30975b67caef887b061a6fd40a2,0
0740b2344e4fd402d3e92feaf5b1f4f8162a5a0a,0
783dc83a0c7468503ed9083bd43e9c09ffccff05,0
d8a09d086d8aae33142fab334840dd9f859deb3d,0
7093b81b4f721315b38ec98fc12aa0a8e3bcf4f7,0
0e8491538a588a5ded3815dc15febe4b8bdc587c,0
51093cfca694ed41b6d4324abc5100bb977a945e,0
4d5fd9584f9cb6d2497048b6f2a12726a45e802b,0
667ddbfbc3a5c8b82a5f5f07303ce80ff62545d9,0
bc7a29e1e0b008932ac0e207b2850561f319ee4c,0
8c0252e1a621ead601ad1d367147cdf98ace620e,0
d97255c61daffd3506dc8404c8af751fdc1c5f23,0
df48209616465165cc4869579b5e6d1723628911,0
f2611e37acfd8c1093023b39d1ea7b267091e1fb,0
3ddc232c94db22cb1e616601c27d0153d4a0de2b,0
a5795209b9faac869fa11bb5ab23e4826e7e5984,0
9456ea9fb6a906e049247d68e182fc5fab93cc3c,0
61a604bcaff40530bb77c963b34e695c7173d09a,0
5506b71782771d4671404d4035d7287ad09e2ff2,0
5f8f52df611e03347f3471a6b2970460169a10f2,0
42ebf0fe98339dc30149ec6f0f910621ed0e1126,0
2249ebcbbd2a4ee5315b4f6173fc199e718708d7,0
9a899036c5894600c814ba61dc53daecc7373a7d,0
30c398e2d8305fae4cbfbcb786d69100da24f759,0
39be12c1d22e1e30f8ad073dd24eac1ff6775628,0
ad6e9dfbba4fd82a36ba9371d11961869f877878,0
c533250d95b5fe7a9785f227bd90b197765eb265,0
a5719ceffb016bbf19c9626b0566d2d7bdc5fa5f,0
7d02eff4c8dd7dfd772eba8fc8a008bcb32b1441,0
259524c6a42e8ca81ac3e5d2e9bf7f3c11900de0,0
feb60501197f012cbe4f04dd15f0b9e3ce7d437a,0
286561b878283c88b9bd6081c585ff5063b37e04,0
c01db5a678d24f72840186bc392d4e3778038e8e,0
c1b0b90b3040fde100c595b565dc7a46fcea11f7,0
06e80e10073d32963ca38e649dff5069f9de908e,0
d650aae68e2e486d9d09189d6edf2b23ce811202,0
39c38e1e03715697fa525c6c038adeeadc4017a1,0
dba11ef97763e350207047c6ad658f10ae41f264,0
bc230ea0d14294b28a60b7e70774a4dcd97d2a66,0
f2ffc27d71edb4fb28d0c9a24d84485332643454,0
20f3cfe6e4ab29cba4d28a69ba7c7c6990518348,0
8d6f03e76026ed0be58ab0327b61c4603f53ccfd,0
6c8c9400c7369e542912c472b1363824c0eb8f18,0
e843e0b7b5967e65d3f69b3a70f98ed873a3f05e,0
ec2198c63a7409798d8c651bc3c307b1a9daf9c0,0
903e695259ad161f303dcf50c62bb4b4c3ab0c85,0
fbe305fbbdbc8cfa8b2f09b868f745bd6caca71c,0
16a0a3fd43132d9de137e2dfd306f3e2ad6e0e18,0
ae99de6fd948a9ed35a5d2ebaf9f0a002ff5b49d,0
44e9f15ad1175aef4debefc8dc3c0d066dfa0789,0
f90f3233115f92174745c845102a5037f9b1f1f1,0
da35198008ebd45028fd7fd971238a3c61ad968b,0
0ee5e9df2e1dda6c409c814b9f4ca3fff8e11fbe,0
4ec93e8e5f99296f13589f3e5e9023365f99e675,0
495d096310980576beae94239f8c0eeb424a5c0e,0
22de4c489eac2bc8e9b891de4e4eb3a567be6d24,0
2f107c8b7a148f7090331d1c358ec99a2577f1d9,0
67acab0974bc40d0c5c4759705a04d1200fc0533,0
d87bda136b127a6cff48a7671d698eed4359673b,0
d395dadaee5cb040926b025b799ad4912de25154,0
038d40344de71cb45d1285f9fbfc31a071c0d7a3,0
e9476d94832fc078790ed1578662869ae577077d,0
27252f0e60c37ae7b66048b50bac50ea626f4444,0
7aac1c674886a0d567edd21f1686bf1c32889797,0
18921416011b1f3503352df89b5bdee762a364b9,0
fcfd741ab248e5bfe2c744cfa5530e5d3ed4a7b3,0
03751e177a9038a9557a90c981debd8ff9c24f3d,0
6bc846f8022e3b794670a7557fe396e13706a442,0
403d883969405cc09409059de9df6ec2cfac2a94,0
ec6b385cef688491ccdc35de8c1676009ec8f361,0
ff1e54e5d444f2a1e26db34a0180fde24a00b3a9,0
52b80d6864f2b6bd4eb21adab7851a23adac74d4,0
9d3a7c1668b1070b314b926b5cf9b07f65df3e54,0
59c1c04c760dd0ac118e568db9e4f0b2560fbf70,0
0df60a08952102014b294b521d6c397092308000,0
3350e7429e8afc4927cb250f5e42020cc92c07d6,0
442058e510f394249a04af9229bd61d8cb21e40a,0
0158ef0379607564a6f8101a3aade4995f8586df,0
217d4b284bb49e0e3eb13b61d5730b9af853c441,0
402bd150adfd55f49b57669ffba68cbd604d3f5f,0
2cb893d7453d63b5d1f57fa1b2ad597ccee39a50,0
e94e4338da2c3983f214158da0407a3ad350df41,0
e57bccf3c64057af0910dc0221ea1178bbac9699,0
0eb772c053ae35749888a676703360df25434c3e,0
85f58d90455aca633f21368e53f83fd16ef5f1e1,0
f03b705f78f622926cedcaeceef35a7703fa3f7b,0
a21432be75b6c15b8236f71b731e1678704fc1c1,0
fae109b4c49296e06c4e7ae20512718370088566,0
851a72157ba99220fba4f06e3c44e8e96ce8812b,0
889859aaa5cd8bd02336d5fbc06a4000abc3cf32,0
1098567c76f8e8f4a53ab3ce72715f804b84b20a,0
bb3be26222b4598c12aaed1b1f830d4f8cef1e30,0
fcf83b964a0e88d2baaff3eb976222d821b3e3b7,0
17bea7392a3598150f42de7018a910278043136e,0
c41b7b09cd5493eac7f4df2655c43afd7414e709,0
682f6e024b3e90cebf38fbf8601d033a20616abe,0
7bc1a5f77676681fbdba1afc1a871d63cc4a47b3,0
0221a2b4b72edb46a6d5660bf4823c978b07134a,0
c05870d82501295890f6fcea48b9770d06983dc0,0
17097eb1daaf69f4d1a814757302b0fe9647f0a6,0
e9ce0fc8291dcb522ebf0e25079151c0a7df42b1,0
827f4ba1bc9884024cda557e60a259467f936ecb,0
cf43792a2b520565ccad6b8d59fdd5ee9ae11da6,0
efafee365cd5a92eb02c465a85bb7fea27d3a764,0
47ac2065b0dcc0e4ae536fd7004e77719ae4a591,0
b3ae5f753f383265f65c6c40dda39001564009a0,0
2f51a404ab94f866cd25ae4220525cf492563f5f,0
4f2902178f2df53955fcfe748a679c9868cc90de,0
6f0285236f59f2f02a2d80a518f488ad050346d7,0
0e19767f3d66153d1ce2f7b93c1c6e1a490275aa,0
1b20b8e0e8d44fcd0b77351ea6fa53704614e32d,0
c0e2c1eb3cc2323aa1150b712e2df9569fa61f8b,0
ff2248b8d3d4e39a561ef36b24a8ab269ef9aabf,0
d7eabac33a45fcbbffa618f7d1db37e3c70013ba,0
259e0905b4cc846f004994ea6c8915d093574408,0
357aa85b3bb38c6c7573e315413e86f2333af4fe,0
1ba7073be881497a3b6c1a90804c1edc59439002,0
0b171171785356bf8aa085164b8351e6a01f6da3,0
089aea46dfca1aa34b58d99243f9e0c193855c39,0
03b8c549ce3f0872145969446fb35d93d9c29729,0
6ae52ff57fc3080b5d17b1538870438b94b78699,0
7e38365bad97772da0d3ea11940bc355ccaeedd8,0
a0b46fd77d5cfe28c9029fe7e5393b3f6f02db6d,0
277b9133b26b933181bf41b4eba39e877cc69532,0
6ba56ecd14066f377ac9ba5e6d7a1d1db171234b,0
16e293a060c652b9850e261f28233a0d20ad7262,0
49f783d9ede69cb25768198a444c4b4dc4088dfb,0
ab4aefd5062909d94dca7b1dcf5911b4bff2dd78,0
502640754f852af66111bde8844fc492cbd399f9,0
41cb443aecd21636d9b089909283f1fad92c726c,0
519f17661690421b20ed60c55de81f36b6151b3f,0
a7188db5b92937bf6d6972b067d214352208aad4,0
208abde5b2ad82d91afae3bf2630819e7d86b839,0
084b1f170866be7ac847817201dd87101af4251f,0
d79e93b0a4d2d5f16036cc867a4df935afe75e32,0
7784f7b29bfdd210b63a887347ee5cb14b037082,0
b087dcd93d33447bc5997fac4f541ec66e869156,0
0520e1f8ebc1d19e89b98899ef059f5cb1c63ad1,0
9373a28d52564369cd370566eb8b352cb7f76ffb,0
6df4b7714b158bfa7f3af339a67880eaa9d1e833,0
358585f9e154db33589ea730ba4d96b633e286e3,0
c41af0f7a76a72a57b745baeaa74d279dec8d38e,0
377133f386c9469fbb3833c52c6e9669858713bd,0
3537dc7d2fc7d6a2d20d9475836da9abd68414de,0
362f22c6caf2e0dbdb0deeacf3ea94ab28c9dab6,0
16049d31c9b2401236d6bc51b58a23930cb8a5be,0
9b88204177f82138c5827250ed6ad7c81b70cc07,0
7638384613744a7fd895c0f05c56ea0140619a0f,0
b4073ad2bf11180196720219c5b0c7be22efb3b7,0
e924568ca49b7485ca3f914458ddb92f7dc7f183,0
5f79bbdc795c3b167cd177c3d456f84c854983a8,0
44d9e49588b8afc2d27538e1ced4a573d24b6a1f,0
e7a4df441b79cddc73f6bef6167f26c7c73a7763,0
9402493108742185bf67194423d4f6444ac19707,0
78851659f9edc5005da74ac6eeec70b7bfe0cb92,0
81e698398bb2454d33996ca2c767a0b4ed753956,0
130cf94a8109042d4eb54e7ab9b114898eac416f,0
d4bbc609121c682e61a667a0b90f80a1ffd3c6be,0
0bfe20ad1340826d324777bee49b8959636b76b8,0
8700a1ac58e120f7130e898f02916f373ae36e1e,0
9e13e619f5bb476a46f8ee3efdd7a5f2e1f2452e,0
3967cf6790e13d450b1f5f6e3bd84f63d3257a1f,0
d230598989ffc3138fcc2d6edaa1ea8bc28417f0,0
9ab9ab1db8ead1f3d5cf2876fe66e8a1eaa8d0a6,0
364e8946b0d7f1fa0f1ec3fb4b59d1dbdc1cf3f1,0
30a16bd5f16bc2e65c1eb85983c6f52b8033e7f5,0
8875081f0a9545808bab3ff05264694b79b54df9,0
c695f43d3b594c045c6fc635fc6074d4c3536a56,0
bdfdf985d23dac48ef720562d95d873b3df2ef62,0
1636d3ade33de742519f8b21bca821201b260f8e,0
744d05965380f0cceba4fd0bfaa5b3e030263f64,0
d3fb0eefeeb66acbabc8c6ce1290307870314c82,0
7e1dbf525f1449d2adab92919c2f371e89594cea,0
8bbeea5f6a3c624cec53070031027292fa7b07a6,0
4344c7b7a84332431139289e64234926acc6394c,0
66b5d654990d2032a841d93ccb13e18160dac87a,0
90a3b0bb537807506509adabea300466b6956314,0
871eb40774b846fe8c6ec9fa689a5328a7d31384,0
54c44703c75ce64cf5ba894f341be344e10a4729,0
c31d867a80d50e8c8efad7045c7e35e560b8835a,0
f02e502030dec8fe066a588f36a4f0129281f285,0
d3ea93740f659a32752c604143e4b033d86a9cb4,0
f436a9ad3a58eee3bb145cd7b552d7e13858424f,0
7a98c8bbf74ceb0cea267e3a31ab559a128de15a,0
4b755cf1792afeca392799f5f781ac8ff29070ec,0
5cf8782a6fd61e168ee49e194a29140f359ce269,0
1727529f57e6bdff3b308d2d946c89b8f7ee32fd,0
21a32afaddde92e106d9b851e2dc7a122a86d10a,0
c31140d34b1e229e407eb598b4137030532cb6de,0
d4eae8d20ca8cd548f652136788ef31d5a2eeb85,0
78bfed0829c2e09366a0aab4b1a437256499bdba,0
dce5882938fa39d72c0cbe7f93f4f320bb2e959c,0
ab873b2a06b6020edb28ede3e877f73726215cc9,0
dc8e045fd374f01191d7b5538a560f1fd94e93d9,0
177047b177a3635e04ce3f2fb417662022487325,0
fd9b5de4705e091f77fc4a5f7b5d133792f5f794,0
7398c749ee32e7360b410f1b5602cf140003cfa3,0
2bad29c65c82e1ad34e3f21cbf6e0693526faa34,0
77d350403f8cd4653417b33597ca01b0af288a9c,0
b27e6ee5854b1e5247b15d5384c3cde208679ec2,0
d5e9e7a776330fbb9f493e9a377c71a82b075aa6,0
cf2bf74b0698d100dc037b941164220c1abf5795,0
65936baa48876273d078a14edf041330ffc7b3df,0
be291064e9cc8eb85d543ef0adc72bbc75e46848,0
78bd8ff727c440ec46ba651cf05de4550a4336a7,0
cc9c84c3a5cc7b23c72013b7fe7bdca7db7f7280,0
af2e43bc3967b89e72d3550985fd299d1aaed009,0
770c7fc0320159922e41f3796ff12ecbf0426075,0
83db5ac93e00503c5457438bd830dfb71e032cc3,0
2da131d5676ff3031be3a6ac2d3de5dca3e23c16,0
fa8d61b9502e9e1ecb06adcb53715534d6a43069,0
841eef155b003369cd56888101e8188dff2d62a1,0
c73be40527b5fecd7203c624565195d3ecee7b31,0
2a3042432ad7479ebffe597f51b90bb3591ce962,0
21bcd17183a95ac9a53bc03a2441610f4d16b156,0
b50d2ce982f2661b118dfdc6e6aaaff2daf434ac,0
05198dc1ac6528e7b647c508b5b621bdfc59c309,0
c37e91c0f8a4af90423272080936e8b43621b48a,0
576e07b4553a76b9316c919e9ec37c41f3110ba6,0
4ec7167de38e1d8623da142b567a2e147a14e90e,0
b5737c73002783e3d400fb1155f422e04e9f0a39,0
6bbacd5cfc61820912967bd6722366b88eded788,0
30775b9bdd689ce0a5d4e6ec98bd66aee0251743,0
e32cf632762d9a6204349d21d74b105bca3ca259,0
9b85c65504d8d7dfd994933ccf8e2a4c3cc64bed,0
8ad0b962c0dc55c1275f0638a1efd99b6a407439,0
04dafddb64a8bfb2ca6cc47bb0212146e374081e,0
808d0686c43ab22df5dfceb46bc585178eecb719,0
7f004dc4700b6e4dcce86c4ce48b534a5a316ab6,0
841a104943757d2b7724fd789d3418b5c8dbdab2,0
45aa6087cac479935d18fd700eb39563f314e262,0
108f60b69562f1e06a05694afe33d2e3f7e23f6d,0
9a26115dbb7b07a6a8d5348842f108519e69b433,0
eeda8770b9a7ae89eec64d4d8601794d2df4b1e2,0
fc450899e4338960f4b627d6eaf14d417097fac9,0
bf35a7500469316becd7fedd65005b04938fd6a4,0
c4f1b80d6c40104009f782045402b777d4db5459,0
20c4ccae737027ba992008d31f585ec476b6d218,0
5b7a67f599d79d7fef05b4d86758bf487a36e93a,0
0a327acbe2838d6311ef543afeec62af832d7d80,0
f6d2768a2c96bc598058cec7e6a1eedd74d9788d,0
944a6637ef55a4737de4d508d29a0e0f9ef31027,0
14f3ea0c37f944f1344a6c1cf8794848643135f9,0
563531c7b8b3d6690f299d4120f4ca10017a938f,0
b07d7308843a6de30670b229fa806a315e6938a2,0
2ebeef77b1f629b0e2fb5626c033145f6a3d6747,0
b7cde9f5c68c3657be3548b07b62fd1c2a1364b5,0
ba42c992389dc175deb9abab773577fbdbc03dd7,0
3def9899e1e178dc6eaa5222bbf37602b976988e,0
04d7da4441dcd0c0bd78ad808396e3525ab7f5e9,0
608529cc77853e7852af5f269abef34d3b4cc8ae,0
ca92cae4c36eaccaa6bf7e1d7ecb9370bde40d3d,0
90292a291c49d4078621a0fb2b282a48746d4628,0
1a964f4a82554224dd28b981cf8ca652fc3c6921,0
0a09081ac5ce58ab4d5d825cc8151e2a99af0ceb,0
e1f8ad87a124f1ecbb8a39c2a358e00d9a405db7,0
43cc25a20771426cece6f2ba40339fa03f8126d2,0
f21dbec771e291877947b024e787957e4c342b17,0
fff3bf1f248031748115dd3f6ce16ec03c104ff5,0
f548e1ab1efdaa979bae5a3df5bd21f8db4c7ec0,0
6031530a501ee9c0511f042a15b6b9a5c6f5cdfa,0
d20016e48cbef19d79e78000ba12069be7363b6a,0
584236810cb1fe859eb008daa64cc862282a8adf,0
d8b36956476a49ddf96a8edde444af95b8eb4db9,0
6b6d270a16bfb233522eba5549bd6c6cb3721452,0
773ca80342a5d2bd7a92f7a2d9fd853c4bab1a05,0
7135e49c168c64c20b3104c8f85ce95074a6637c,0
e7216c26927ad9a88fe0af97898c37abd4d4918b,0
9676019dc80fd9357a198a67972d5da4398ca347,0
0039263f1ce882b5bf7037e4da6eae625e26e11e,0
f24a1c6c7398dbb41c9c0e53ad38e0e2afbb3732,0
61661616d8cb586bc41c0bea5cd3a206ba0ec94d,0
e63ec0e2a04560bd31bc54a8563c1c056365493a,0
3e0b38f8e5a7aa10173487067c6ea8d1eb2359d3,0
a22ce5e53847245ed246d58c9601e76ddfc207fe,0
4ad803dfabb02e761608718e3e793e7d353e4fbd,0
5645f36801199d9e839506f4d308a94c26d25416,0
e262e9fea763d33da10b7417f4c8c283617d3a9a,0
f4daf46c8eda6d6de4f05ea4744cc5341670acbd,0
84bf48711c690517c94df6f52d70412d4bb30156,0
8b6c9631777921c82816f858696d036938f247df,0
292da07396ebc95cfcef66faabb8547695dd2319,0
b48a75577f99ca5f0df3eed1ae13f5f402dd0e09,0
7e5c93032290608ae00d578cbdc2791e31472d23,0
f37b768cfe5819760d2dccc3c87f7ad1ccbfc02c,0
c8d33cddb8258a32fe454ecb59d0a2adb8651fde,0
05ff977c0a8c079885e301ba3636b8d05a29218c,0
0f929059cd06b7451c7f36e35e1858d309f88c51,0
dd637020b0b975ad71a568f9b97a46337039f518,0
c896b186e627859b6f857c6bf052ebad1e9a8fa6,0
44fe27bf2d16f768359010d58100de6dcef186ca,0
a28e5c8bbf73f6525a55fef19e049262e6c46321,0
2ee5479c3bc91324ba4011a3ecbb9544230c5bda,0
fab49ee230dc9d3090c366fb23bfd0ed7ec9d6ea,0
601434b092ed2ab06fcb9ef79d61c4bb8516bdbe,0
4a26ccbe38c7e60775cb5af7a0823ecb540930d2,0
d926bfbfe36b7bed0193748868ed068e51aac1fb,0
816c2a8a40955dac5db3d1ecf401af18a02b7620,0
37955e9569bef27894004e17ff2fd230a1e2908f,0
7c0e4fb0a06a5a4e059ff3f3af1bec734cfa487c,0
1cd0af3a48cafeb510404ce24ad560d73475923b,0
79e5157665b214b787d434ba2aa89cbf50f7168d,0
84d96bb6478a25c95282d1060547d4642234c091,0
279c6682fe0a38213cec1d744560deba71f10c16,0
7dbcacbc2d7a313fb847a798078949cd16660894,0
5455b3af168d59046a49dd5cd0456c38415d7427,0
f0cddf89d5da6649436f6842f6dd1aadd0d47d11,0
e8ce2958669b2a865635857b4ad977a61a74a290,0
298dd61557a0ad36046cee8dfc7bc4227cb2a6f5,0
3d4eac7436272611b56eac8e3f345ababbf73f60,0
88d690d96e3b68266b6b36d56afdfd567778ece1,0
85489718ecae781839e739d8f22aa3f393af7760,0
7e22c1c271de8ebc3e694ff3c93f2cba52f7b701,0
a311c02ebe126c7807e87099e4d3479bf056e738,0
cca781835aa4a015e0724cab874c2f9729c7d0a4,0
374be49e205b2a54b295dc82bfdf319b7265d01e,0
ed935415e7b89154e61f21b0f4efa885e8be41de,0
b830a5ec1169cb819d555e4bb538efd822bb8697,0
80cf4a4b870a4ebeb42ac342f5387540c6fae197,0
d4fcd380ec7e91ed51d9baf4c6b0d87d1aeb3e8b,0
fe94c7895856db0c2cbc9dcb549ad1737fe809d8,0
f187d64a6ca67ccee2128b0c09421d63dad939b9,0
a8a47977660111c82611b5807080c3bbee7c7d44,0
4e67a7d75896ab76554f143e787900ca7ad96fa2,0
d0104c12cebe22483b12a5284931ec2a665def13,0
85a74b347706ba7fcaa23cf1421d03967859c4a6,0
dcfda1060f886b47bd8658a1922dce997c1fcfaf,0
c8ebb7d2691a1a516a7d5a3530a8d3e1322849dd,0
98d1cfccd7c80b26e20b7f46c3941d445cb0ea15,0
ac09f382896d825a70ef14276a3a1e50b1aae8f8,0
38d38c63c13052b7a8326f797feec02e8d28e3b4,0
dc0a1706ae3742a0e97f346f2a8aa6d05f0e5e4f,0
095ecc13a6f6ecbd2908e35eefb8a416d7f9c5fd,0
890745655ef3502b8035efdb94f3b04a56851c6c,0
3faf73f7e1d31f386b6250c255b31943448e0d65,0
95334ced4697a9cb15a411e68b3785d09ecbf8d2,0
c0ebf711559f5bee997801d34d6f73e2bd5c39b1,0
b5212bed4915c34870ab64ea6aed4b0a86f48b51,0
189570c2a29f32f29e20deb27d7a017f5af9e100,0
379cf0c65ccf3575d9187d8af32e3634a613438b,0
c776eb8c381bcc956f2f570095fa90dee8851023,0
27e5290c93a9f98d5c964ee4d1fe6ea1ec0af45d,0
b2fd848867033b412193f9814f8b449363c9d6ee,0
42aa3c766efd1f2ceceb6f7e6a6ded6e8a2f53c5,0
89de19b9a88c6890aef2a6632102f299157378f5,0
496b6c4c4e1b156a2d9c1538cd4778d149ceb47c,0
220d8e93d7d21cdcf501a42c72688bf72c307de3,0
22a927e928f9a2c45f57727159b23b1c9d0f5764,0
ac640eba36bfcea36406a3841ae159a1ad08ab42,0
63563148d3033b0af88e9e70b743091e3c5bbfe5,0
c1c1544d5566c34324782e1c40558b9f26a18d31,0
0c78b5ccb150dd5a68a08f14eea942e7aeaa3939,0
d325c6a9dafe59187255743b0e1695d1967748ef,0
d31e1e74e3523186d9f3504dcc72ab602b3f591e,0
308b0f69abdd0fdd56d307f0a211d30a87da24d1,0
f8c45235ea3c43badd9d9ba08c487f5e24efa1e3,0
1cc79cac249f49202fd4da91cbb0c46c2c94f780,0
a4d68084f70569ecaf1c0e4893cd5fff7ea82f7a,0
043a1d758f893491ab40a100480d43cce8f276fc,0
fda1f46f80e49234988473aeb6e225488f794e4b,0
4c6204086327f9102647b97fff7204fc08a8d2e5,0
251b395f700af36da32af5de2410c054867239b3,0
26678e0b71381e4ec88c4f88f5ea4122d2bbeb51,0
7f535d610b96c2b02a0ec4b13ab3a37a551ba138,0
a831b494ac372b7702223bc86597ed3482381dc1,0
b409131f01ebd17317de8cf0e86ca8366d188127,0
64fa45952459ef079b4519a099a7f71cb49f47ff,0
68ad98fb85f8f7b7ac81b99c5c7fe6c30250a2cf,0
898db46e1e3724192d7ca7bbfc7d90a1dc00b826,0
cc2a496baa5cc3f62c1d1c60c5586545575f208c,0
f52fff67fa9b1af7e4f4b9161953ab7134a97a88,0
67c5f5e7a6260e0d9ce6ec1d955d7be84309cd06,0
f1f654bddf9126b57fa43f716397b7ee48c1b51e,0
eafa58fa23dcb511f200b785b93c9d2f3548b15b,0
6ff3fcd3efca3cdd28f35fa3c687ed42a8407824,0
78296176a09a2b100eb93e7d44be3fe52ec539d0,0
3d217fc34e2f0b6e209122f88268e8d42126aef7,0
538426733c490a716d2bf37e781cfcfca52efed6,0
cbe0ffabd58d801ee2837bd51d1056552d55ac3f,0
2057fe73801f5f9d9cd23bb7d1a8f4acbcabe0df,0
460fcf3ec66adb5cde77ad9240d914ded56ce503,0
969e9fc44819250d9f1428810813a7acb7850525,0
9dfd7aa857ea3dd527928b56772d9af37ac0e5e5,0
2647b7fed6cc55caa742d4fd85ae0fe2abef02e1,0
464af831a5c404f1d546f4512f3ed8af40c78227,0
f3fea046e9032b5a1971ace3ca3629fb04986aaa,0
997b597f4fa2d7b514ba5884eb5492b5a390c09c,0
6da18137508690d8c72a2aaae0a720321855a3c9,0
6bfdd6d709ea0d43ef32f92edfa5f02a4ec9b32b,0
992417caab3417a82bcbb292525cc53f8304df52,0
06b4d218e98d835c9e34e5bd5c4d319234f521e9,0
1822158c007b38a570711ccbfd3159b7a7193820,0
c6558228e201f0fa460423f4d92e5e49aaea6f6c,0
c8af4cb465e229b6d325e3aedfc2ec840449304d,0
b6eebedc8191ba9c99b5ba6d0f6b82e6ae086521,0
fe2904a01d08f334866630e80df7fe7c695f2fed,0
b91cca1f91bcb32b80938e032c66c39988d6b3fd,0
5e56cadb758db5cacf5dd59fcea8cae983fab690,0
b6a832fb77b1637aefe1cc7e4a9c18d1d32e5dc7,0
a97a10004f4b8b5b636666053c1f32c7b865b343,0
326813671c62cb9093d7bc0a1120b5dc332d215b,0
8d5d4caad04974247d1bc19caa70c12b22b63cd0,0
0b37e43046246925aea3fc2d6bfb5c0e9e4042c8,0
899d04134c012aa94174a6e4db9e2f8669ff9070,0
a3e787a6d3e37e6406dd90f8b3e661d96d0f5838,0
c8c9a5d09c4f3036ceb4ab68a35e7b3220a2bf49,0
c5e12dad2a28fa5e344195a4c319fed9bfb7122b,0
ea229c9538a02ca5020b2eb4bab21adaba33ea2b,0
e43f0a4b733899ed0869e15b39fc1213e1b49fe7,0
060bd97b31b647c329607f0516805c8b35ab399a,0
b72eda71feebb1b7184a08d4ea0c7f6e8306f4ab,0
e24a8233f4c233f4a5254c05e3203e379791ce5b,0
ec033d7bbef01b39c4201b903983adb7e1265263,0
c8c291dc44359fb7423e742701eb95bf41866327,0
03c917176c2c3632f413335e6f7549c9b541e591,0
23fe7c460c28b5732704da31bae625b101761c13,0
51361c961f5187dafbb157fd09cc951864b46dd2,0
8cd2a593a846fc798cc19d692bca1960ce8cf20c,0
c11887efd338929c048a9f95c1f4631ca302aa5f,0
8868c132de6a77a6564aa6d39724f6a2264a332d,0
d249c96357f1e0e512457496769dd350db7ec04e,0
7913f65d4a19c83b17b552e89241ef7a5a2f647b,0
16b84c678135cde21a3ef083b1f73ff68d1bae8f,0
e284d08e9797622b352fbbc407b8544120e81b7c,0
1b7b794b23ac4cc540231a7d62c12344cc442e89,0
2715fc5e7eb8d77264c7475a3167db974783a151,0
cadd4e8f41bafdacc935bda1d2735bc26f2be750,0
75dc1ff1b95e934fe3078d57e296941b054b9afb,0
e2be1aa4588e57e497ae0cd7fa724a65249fe7f3,0
bd27df6f4b8be4e3cef4f2ef86e611264150ac10,0
6657af11b16412349a4158ed895d6870184dad1f,0
6633a3d0d3dbcdca74a792e149d143a777c20b0a,0
0e5f9fdcf38f0c31c9faabcc23d45119baa6e880,0
fa6dd9210d86916ac619b2216eb94a7498269c62,0
9e1207c0a3561c47e85505d64c488107e2bcc5ff,0
c8b57f5e18786ee15ce51f219c10e5bdce4f8486,0
bf94278313f461161ed0c2d346fe49f9ba79c6cc,0
8d80b2f64c0f6846955f4f4e5f6f49f6a3ff3ab0,0
cc83b4cfdcf0f27ad38d803affba31e3e1d4fc53,0
03e5f3e42f21c8340c8884f43424989f5d4353bf,0
be908dc4fad2e114ee704e95c6957a3375f56daf,0
fd378b042c2c0074335ab83596d390dc0c4d55a2,0
143689b819112deb72448a215081001554e27ede,0
9c08ea9d7b4440f8e68c5b0eb7cdc792ae38aa3f,0
c3ef3f1d6189eb14952ed3f61364c493660c0b84,0
4640fe5e8f4118a93e2f95e2f440ff1dd7aacb23,0
159accd3340df0479c1408e2b8750fd8f2e443a5,0
902fed0b7298b1a16ac6fe38470db845e54ba815,0
fcd383b4a699a1597ab5c5c56f96fad5d855542d,0
61109691d192d5bd942cee22e20c5c69ce83113b,0
4df04900931657977902600276396b8263d71f84,0
2302c6edde2fb12961f31b6a6b154645b9abd5c7,0
cd8eaab8eecb422cd9c10a7fb898f066fcc4ea8b,0
8b2da09e178637c05079f3d20e5cbf0882b529e1,0
3dc9ac6ce2194d63b8ac607d757257ea714b768e,0
b462d2fb341840e772542a06debccbe8786a9fe2,0
76cca8902d8ae8f654385b4113fb7fcc89d19517,0
bf86d53d6cdfd0eff455816c5b2edcac243bfdfa,0
f07b4c7ed58503bda15d70ca77f509fc56c22b39,0
fd3c85ba9b8a74eaf4a93bc926727df096510f60,0
cb96b774ebe09dc0832671145b6f489e3de9e87d,0
f300e6fb85e33864866e7b8c9f6b4b07999a9ba3,0
af5421359783131f8b70b804d9e77780eabd36d4,0
4ab490df94510a76c49eca579812fcdae673e7b9,0
01d7c245c2e7789b877fe810f005dd1ab1bba885,0
a3ecaf1a4048794d8f6208960cdf9e62669b233b,0
a26b202ecae9c51a7520fb428203d1c22564ad41,0
74342cbd5ee83d76e15d4dcb0ed0752e2cc03f26,0
cabc73c53a3aad41ee7e4cb2e895ec2bcf056945,0
0e30747175e9d214de8e921cb386be09a35b07e1,0
a5ac0ac09c961513fe50180becc18d7829bbfcef,0
c77601e100f80b022ad2556b89579386e3727470,0
0e137922941fe34a9fe3bc8a177f14349c2fc98f,0
1079e8bb5a4c19ea6b364c45c7a3ab9ea5c5c8e8,0
ededd8d964e5e387b2d53271d23bb4d76de1a268,0
de66264b263e776bca8d83dd94ca3ffc18df2f2d,0
0ce7fb355e703069b8839b7a4be188ed99b9b3ce,0
077951a57eb5185bc8d3d40efbbb992886e8a3bd,0
41792db5644c197917cbc0d42119a77aa2700aa9,0
b2aa160019d58b056b7da99d7c218167e151b93a,0
df102cd6314f31c9301098d4d3e84f6ad15f14d0,0
46e279761ea05a8979326649888fa31dbb1680bb,0
5af3a3af3b80203520f660f2617db66e2fed9789,0
dfafaff40df19ca76300286e3e830b26b37a188a,0
c0c75a7dea78f7eba005fa9d4590b6699db95e5b,0
5c1432ad0c184e194de1f867b999dc7a8ee9d830,0
26116f379811007d86840e8ed81778a8e5de9388,0
7d9f258dedfebe9a970c1a53374efa44b2578e9c,0
2fa18237601c6766636de38854a4b85236e34f46,0
8d1fe0aefae67a990a9ea705f2854d5f01072da1,0
e118b529bdeeb8fa92fe59cd78f501499e000b44,0
e26a1e093a66d21e7d33fb64bef16f49f589bf0b,0
03b3584ca512b72320f708d276c41544e28c312e,0
e1f5d104323fb8f5e677e316b843fe0d864a810c,0
a59668879987ecca5ca4e3c6e785d1b9dbd07a76,0
74adaa58245a02e7dcb521f7655c4d4a91da2503,0
78e5a2ef37febb1077cb1b34c61b6602638fbaaa,0
b033faa9c6b82804afe0341a1e5b385a58204a29,0
3b235ebc546d5080895c67dc061c84917edc2b54,0
7c3322d6070e263229d91f1922d422ea6f36ac0a,0
766eb5d4312198941159adeb88cd164987240e21,0
4759b1a77f1a063dd2f1893edcb26879fcedc28d,0
d552b4ae6aa0ff36db217df0c7d460642b57a288,0
475122df196fa7dafbe24d9bac5448182b6dac79,0
e20dd49ef4577828b182fa8d8a704a4dc43d51d0,0
4deeec4f3757cf969dcfb2f31ac3bff81eb474e3,0
687ae487b227df7acd675248e13f88f79374006f,0
0402db65fa4016052d305606005b7b639aa2e66d,0
51190812643072efe57f2af51ee16e9e8532b883,0
e6be75cd3f59263cb7f169b2de293b54abc923a7,0
fb4f947b446f53f3ddc0a9de0132d38a6920260a,0
9735e53eb68d1b6e633c65d29fb8d8ab13cda0f5,0
1c033418e159b8d42953afd4a384bc81a617015e,0
78f65a5a175ce19ca06a38766fd5fff98e7f73e6,0
eca36ed36c3914f717e0c440cd83f1c5564ec334,0
9b50f4f72848119ac3192c06e1c35a4bad16227d,0
cf4653aff5f713791d0ffa9f84603eebb63d673d,0
79bc3fca0c30cd4b907873685840fad27e6be8ff,0
e8c3c776022c98730d3d784c57d1ea4ee5af28c4,0
f4c8be4867a048cdbc6e254cd515687f16f4fb09,0
8f9e302cfb498c809e292b3caf189b08710e50cc,0
56221ddff885344852ee87aacb85f73d775fe781,0
86fdef23eba6a8207fb66726b465d185e5d501ce,0
592addc9212e3236a6164f82dacd7ff389785dba,0
986c4c244faababfdddb8cfc567249ecbdbe4bf7,0
e3d37ed63df95b359a65b1cd20f76bde7c8956d0,0
f2fdfcf50027d25c7e4f0793cb5dacf54e2ba16f,0
26eb3c8b33a87c5bac861b63a0fde2f21737fc70,0
6d27c3cf87ead8d351d89892570cfe37bda1863c,0
b4f93a949b1b977a73ce97ba5d15d653349d45aa,0
890f877194331933cfbebd10d041e5fc43cc7ac8,0
f4cc765bdbd9226c493e78799d408dfc6215390b,0
01c39c632df1362d2956c2cf557ca4b35c4f4643,0
18d9fc842bf254e44d08d160fc8cde98acd3a6dd,0
11da3aaa0b34cd82469b7532361decd0dc73d310,0
4852928a6bd61a1db1b908b92a831f762c7439b9,0
b1f15220c41163f04e158d5624d192e61465aa53,0
d2cc18f91bc95ec99632073688033192254a20be,0
c8cac6bfb42978625a81cbc412a60d0983a7b745,0
ebd8b53c6a997742cf87c95ae7043a3460b67d57,0
4297af8999abf85aba74574d1fd52275191bdd4b,0
f4208cef461653968b00a0a416fd4a173dbeb6d2,0
21ca69330f6a82705fb082fb0188b15e497e8146,0
65a2041632303f32e666fcddc750f45609335e20,0
d6d9d602b18c95c846c90c3cebdd133e931b1c82,0
605029cfe606aac17c977b816b064c8f93df459a,0
7afc6890992fc62d7a5857bf9c015329ea08b50c,0
cd6a68f773db46cfdeceb7f9470e4bf1673d8565,0
a69a35ed78eaa3e02bb46a5b8084984209618885,0
ca4f6696df1bb3e45c404074dc925fcc808e98be,0
a51aebefde1719b1106bb165c3f44681de244190,0
9c69ee59a6032ab297de3e20affe848cf43a9290,0
7c01b3d0b4226330605fad36f68e7feffb6883c7,0
9ad52175d896f431c19f5f00f58e6076ee78c944,0
49091a01a2ea6d658186872b7cb1ea6f45187320,0
db8f200a0629854fb2ebfdcae04cc38f2a14a40f,0
9bc931b7950daa4a26cc00ba77fa4ebf1d9b05ac,0
58e5e88685f5ca1a143e3a7f04faf41a54277ec6,0
dcbd5c20f74cbb291b21fc101086577031132f56,0
52f29d2166016c204b8e7fadcf25d5523d2aabd5,0
744699c0958f63ce528990854491db9c247c3493,0
a568e071df6fd359c4dd9e2b99ddde5e195e6daa,0
45666b09669227bbeb7cba410322d83c6fe6b5da,0
2783dbb9a1321a2d905f3a835ee040e163267858,0
549c6d4084ffb87f797c1f07676e962b4744f99b,0
a2bca43ce80df9158a8552f12a6a64368d4fa903,0
11758116ae6fa545214427816830c63d2cb86c92,0
e332d955621476ab2cfac68898ddcb77d3d44f3d,0
cab1a54580ae2d2fb5ffd598c8635be3c1b893c3,0
b2eebd47ba59f3afe4b80001f847e2ef14d943bb,0
68c2616f16a973bddad6acb60ddfeb1867c6ce58,0
765c419f5391c11e8b0c8c977eeb487d2f5e210d,0
8aec00308ecd5b9632d9dd3591da07f9c5621b94,0
f0243159ecfe67b621ff265f55b1d7942d9cfe22,0
95d9f49f260fac6262fa3594cacf6b480ca1f39e,0
14ea77c566c8fadb7460b8098b8e7d194d695e2a,0
bd2ffc6b107815c4546e0d9213b1339ea2f36c08,0
a6d5614c3a9470524f03b52d64b2b665de2ce589,0
5f75e6db5a07ff7e854f68febf15cb2ae019050f,0
3c787b82f69b2965e2ff8a67e480b9c5eee6099a,0
31973f57de5cef63263b574ae838d833a3e989c3,0
07c038521e19782aa4931b07e8e43fe534175f84,0
1aa1a8088bfe3096d91ad8ac04787007942a9d73,0
8ae10d881516b9b5abdf9447d8e60a3e7d47fe51,0
27ff49fd0fdd1db2d925c30faaebd2d3013859f2,0
1b4ee7c45009f63ae44a4a74438c42d94747dd94,0
860e8e8f35b891753fc43291fcf8c1c0d00259fd,0
31ccacf1f0357d11bb628d234eb9df9967fb1d14,0
6f0b04fdb6fbb65ccfbc24e44801357438144135,0
b37b5f1c05b4236746814d48af65b187ae74cf75,0
a4ac14c154d8ede741b1f4859867cc2e231e811c,0
cacd86c2d6c7ff075eb4673d85dc4783a9839362,0
750b40515f0b5015a8ba831a9c25cbfb47be1d3b,0
5ab70e9816a65cd395dbe96056b80365fade84b9,0
878c1a11ce603a2b764a533879fd07bae4f45234,0
e15d557a09a9d725b1110a21cc81e04f83fe7320,0
6c0decbcb5450e002133611c4f564730c65a9318,0
8b477e068952aefcd859983ffb5a0f0c851baccf,0
e45188d4fc7eb06c75cdffe18586dc694aebcd4f,0
77b45151f20627548e010ff73e8cc59c1064aa9e,0
03d5d3bd98727735901bbec7871be373475ea55e,0
922a1b6e3b4fea3a15039fd823d25416e9881360,0
18f10a77e40be11736bc66a874a87242ca73d973,0
d8346822b9c885f71f68712497005901319c2fd8,0
bb7aa030133baefb2709136445bfa0c39f759342,0
996f373853c2db5d3e3900c2e0f768a9f872c4cd,0
e289abdcb146fdc6e3f13e7ad1a0f33880dbc22f,0
2fcfc68130c86aabfd33e9e185a0683f9a099afc,0
e2a6cef499e99ed8fd18b934347910a2bfd936b6,0
7bf4913f18ad025f9eb482c328199c640edd7d34,0
b09c85a48f839ff5a23e0391122edc4fd3b88775,0
4f08b036db38ac064eeff0dc1a6761ee31887d3d,0
8bbbf4d5cf90e6b6b1310fb12b94e30de3f4231d,0
383b9fbc8a1cf18e0aea65ea4b3b77e77cb7feff,0
21d959a9052ca27f6d49bd893df086cf9e5032d4,0
a98683f716398605eaab1e46e011a0f30a41df16,0
97a2cba17ef61c99e296dddeba8b6b5829004808,0
ff0089aa4660358068925c0440cf6688d9895e8e,0
76b4b352f45876c7589f79d3f1dd6c4ca3e0ec95,0
d107794cd47eb12863f880f9c9d7979632ac324d,0
26ba2edd228a65398393151f3fda19bb5708a87e,0
33d41b3b1696eb1621f8b7aff41e06fdf660cbf2,0
b87620ebde07e2a99574118e1652d250e8a538be,0
463626cb575fb9cd22c6c9d1c2072c26e9470304,0
dc9bc6c257f0c23851305517aeaf0e3810a40038,0
839aea270ac69daf5934bd00434328a0ea186d02,0
b1c860c3194abb39db171d35f9d401844fab2e3b,0
075bcdc285a2eff4c95b6547d09f94f347907923,0
7a67d716febf97d0552572b40dd06636e5cd2a7d,0
796964179d840520b5d2cd333b17d4a103d20b3f,0
0347da74a0c22ff3efc45606a8a82928ace33756,0
e563a3ece544e252600d466515ae2017ee8c5a4c,0
979153f985abc529c2b3038c715a03194a0f6129,0
a5860a7b45ffce91bede6dbd3a6ad76c89c92614,0
c3f0b75fbe58a51db52bf2c5070cf42ddcfb811c,0
c394d99e50316b21f278ed66b317f68694bb5e60,0
5dd23549e86bb779c841e85394389ecb1ec0ddb5,0
cfad3dda150980fe22d9582f54c5aa8e42f7ba86,0
984ebe81fb781be4c7e00deae4893d202932c934,0
305aece5bf75163d88764daec68fa4f23e380b47,0
e4b3157e23df8c963c217affc10f4bfd3dd47cc5,0
301d52b26d5281b7ec5c60c9071220907079bd8b,0
e171a48a56a79f6d973b1042e771fe5e134657d2,0
e186ebbef7f868a9200551769c54ad86f621bd4e,0
f8f2c17de78515e812e631caeccbd124f13f6e80,0
3e365b68148d9bfe9c2bced4ed3e68d9a45928c9,0
a145931b97082f01b79cd6f82cd74a2dbb4980fe,0
81ab2eaa74f66668e2e4ce7d7c74bafa6dc89acd,0
fbe14410fd020b8ae77ba88ea7c3ce8ee027c2b3,0
625f74f6f40aecb3139492b1a5e3e6d750ce4183,0
416aae00febb16a1e59d64b5f25b57530717718c,0
4a23a86750e97e32bee88f41b6e408a01bc69aa2,0
24906bcd867f42ac2121f1f63ddb7a270572656d,0
d2b308bfe3e8770463015303f8b709d1edded0b8,0
530088d93c1d77bdef679e02c59ed4cd572ca564,0
10c752a61489892011879ddaf1e095da8ddd765c,0
129e370f031326f56f7c911e336d8191a0e597cb,0
b5efaaf471ad9b46937b8c519db501d156b995fe,0
25817782e6fbf38d5f598a4b8c55cd5fc8b3435a,0
7026a34bd0de93095a15b3b0ac6a67c1518e68a2,0
761950ee5954c7de92d2f58aadab59ed133bf755,0
ad7db1fa68d77dbe10b99a0bcd72bdcad8ea2bd7,0
e200e39035d164d878093b9a624b53744f350191,0
66feb4191c73b5033fd53ca15403443b71bb38d6,0
fd9cb95f71f18fb851d02fbb3ebc3b675593d634,0
3d4eea7090efcbf75d8e37cd2a64eba9ef838b43,0
aa4dc40afb442bfeb041bcdaf998e453d8ae13cf,0
45c09c90eaba0e7803eb2f1939d385cab1452942,0
15e4f0bf705f0fbfb1b608b0bd6bd8c9c55c064e,0
1892a1d2501cbd431ddf8683ddd19577981ca1d3,0
cb0933db227394cd6ff1445dc0f8885f4140a1e8,0
eb0300b059212abe2ec01b3c73ff41d8008ca800,0
328127d173fcc5b404c49258f9d1a8c4840c4914,0
bed808d10b29925d6196835d4a9ccc0e54d7da42,0
af92d30d8dcf2ca79a1f6dcac71f0cf3cfe42e87,0
2bae95e027921c9bf65ec7c9ed1953a2302fc71b,0
9d4ba6fb94df2ee0f44d59390b6e27061bc6d82d,0
25d51a024866e14510d29a5279fbcbb1bbfc09c8,0
037ed93089c30f3e44e8a877f385285739c1d8db,0
b4d710f67b555aeb6836c500e8a9b4e69aae3457,0
0e272cfe41af1707e69630356913c661717d8e7b,0
0ae764a8a1bff98e6f73bda4f5dab543e7a6aa64,0
b92a4e4a438cd27f71c058685c91d841ab96f4fc,0
6727f3d284bd8a2e820a1054836f8c9d432defe1,0
d8985781ed6b25275326180634ac39ba48e369e6,0
ad49ccf536a45a3198a69a9474bbb7a0f3b1f772,0
cda4f43fbf5684c9cf68b5f7d0c2593d80284c12,0
f8661a894d4538c9cb7ab6eaf19075b3e50c6be0,0
8d222623d902ae004fb505bab495e9d534adc493,0
d2fb0f69db5f4d51f5733ae1699efae68e98668c,0
cde71b00b3e0612a3a9c5ad4ebe77ddae261c9dc,0
31e47473db09065be0f1e0c5e8d161e5bff79d21,0
1a64abaae2cfffb736ab7e5850beb8715029c446,0
59edb2fd4e4b654fc85091550aa29cad344b2ef5,0
2f45937d9cf76755c433aa833f8ef0bb72e6d834,0
d1217d255f7acdc1f12c22a27b99d396a29eab49,0
0813e771c14ce40f96fe46028d0370b513a72083,0
964baf5dd49e03d0729d75c2abf07eed9b9dfbdf,0
4adeba98cd45b46ff18d6dd25f9f83bc9bf6550a,0
300a8f40ecd633bdda4f56be337f1d452ae6813e,0
97ae477a70246871c7fb6fb0a526ac10148ccfea,0
daa0fbddea1cf3db38df888d450a5eaecb1759be,0
e476186e5f9430465bd1242fe0b81fe19849aae7,0
ef04302547556147b6360cd909b82f2597973cac,0
cde4438cbff26ede3366eee1ccaab0d4be676930,0
aa45d2ef0fec02d7d33b58fabe2eddd6a3e76ac7,0
ba93df39b2ca3cd3a4badfb75585cc7b7ed45cd9,0
f6c27f4ecf0e95b6abb222dee73b2ff210cf7028,0
a42e9dd9f46324b33a8b5cee7c176f3ceb4d08c7,0
3d356ee93ba87d00c004b68309e9ee7ee83b6bae,0
a73e9ce84187727f4290c9d5ed1555df59d5a04c,0
7d46d32f95c75b1a65b839f996a4b5d3ace26dba,0
5758ac4a34eebb46e0acfe30de2484f274a37054,0
d846b56892427510ffdf2f39dc4b271c6ca7a5bc,0
55892c5f4db40b3cfaa2c05a55926f67b00a2117,0
a58a85f33b8aae9cefd7f3910f9211ae1e037fb5,0
d7ba855c382218b9c8f1bbc610d55f663858c7a2,0
317ab0e508d8d2bbc2fbba6f81ddd2e7754c71b8,0
7402993e8a7d20a086eefe85e74aeee0668c31ce,0
33aad78b553ce31b3753ae7b0db8a5e69e9aa817,0
f270739eccb141afd998e501c8d1ee15f8b0427c,0
964bfe96964729bdfc4ebf28f9d9382c5db7f3d8,0
30e6b53b0fb4189d9c2c13c8097bc14041fba668,0
7891cdca0c06114b4ee96f4cbd63b79c3243d334,0
83eafb29f0bc3d52bfe5b4ebce3f042c95536f40,0
a444806f8e1a3acf8f7127de75fd5c44d47c063f,0
d8fc2a020e3303255d6ad3102db09b100f0a058f,0
a5f020b88c7d3d4687f2de31f2200c0fd87bc6bc,0
3baf918004bc690cb91593735c32520fd68f6244,0
b14ff6fa2cccf82232edc28b78d9fd130b03a254,0
7c4451849d90dd13567293e564f84aa677260e24,0
7e1f158f4a33b5d4264aa10a7d6c3d89b075371e,0
3e23f8e4244b279b460bccb45ae9ddc9f46017f7,0
6daab9826841e0c0086540e7df5f85bd85937b9d,0
0202fb42893931eff47188b8eac561352addbbb4,0
6e42e783a29dde9d7337ab732081d2a25deecc1b,0
f789bc87c1d17c78727eb53e64531f2a0c48ff15,0
bc5e5968a16106e123eb65bf809ef87e84e564e6,0
e3ed2fdeabfd2e6b96c524903bdcfa9573dbfc88,0
d16e108e7d0413ecb8a12ce7790769e20ccfed74,0
ebc0a7a7ba9a7528b096e346d54e8ef33d5d8cf8,0
d6d705f1f938fe4d65fe315ff52b00bf4ee868a8,0
fabc324298156e32be5937a0c1cc935bc7b35d17,0
62ee38cc8fad67346f912a80606a0896ac089861,0
289922ad1844aeae3f219df24457315e6994efb3,0
1c571444d2ef9ff25754243974fa77980fe72429,0
7e962c1f2c6c4183d96c9c1f0872c52eabbee68e,0
234eb09eb5a7581f594dc74a8fadb7c15a80b83c,0
dbe022738b6536dd0963663bbf9b0f5be10eb756,0
da5ccd512e8042aa1671c0107727b37ddd4e6a6a,0
09ac5f7b24d313caca1b849787177d80b1eeb788,0
177daad32fe954b2086f1cb570d7b250d59db964,0
df801896d5799d29067f8f0f80fda99e266a4be7,0
a0ca81200a5d330185c89fbb8aa59f23e87396f0,0
9bc5dcddde9ed9ddd2e19150a7319b8d24d880eb,0
19a9f39fbbe9c795795c65de3c0535282f09d11a,0
f15847e0b08fa3c741c07e2773a9e747b860ab1d,0
8ccad99daa5810dff1ef4643e72b84c63b4f4903,0
64922628b5bfdcb0950f7d173cddf20049eb28d2,0
1f127c5f63b10a0899ae9859e0003e2ec1118b79,0
ea5a8f3c39d2c0a01f79cc517ce9f2f9f80e106d,0
5a4a6bdded781628ebf527a9b6d9725e771d3ff9,0
866ad76909d6a107626b729b4f4270eeec0564c4,0
afd3e1c6cd77c467766d0f7266f5c0dea61fcd02,0
cee21030cd659dce89da877ee31b8653d2b2d93a,0
b751b81468c28d9b448b449efee4bb6112eb788a,0
3b5775a950ff2bbb4fda25c5089ddb6ee1d7a960,0
e03bc5850537b4276eaa15066ab789b182b1fbce,0
ee3ead0cb6e036e2f37b5498f58ec099ae3e52ea,0
9163010b9360401dc6e1b860b28e8d78f49ca9ef,0
b6c3cc0e3491ff156da0824718bd0a56f16e787c,0
0cb14db793357710767bfeb0ade18b135f17ab9a,0
ed8f877a3147b934838767ea6dcaf6b012261a42,0
1acfda677e12c4bec5be4057260b8d19933567db,0
b5bd89c3ff2a50a141c6ab45f26809fac699069f,0
90a8a20f2ca7c3d3d148ec5bf3a8affef4b86845,0
c67acccab15227c24bc2015931f8e340a3816ea6,0
f1055a7ea32a71569df0860401e6f22cf10ab80d,0
a35d65d33b2aef97ef5d5a4f950a0ab1a19084fb,0
9fa8e9b749131c20a0fea4c57543f66ed479909f,0
37e948ce15c4f216ed82627c78b68740d49d723c,0
afd05118d31db0863dc644726d1041df4902f593,0
0170d3309d9de7bf36fb0dbf5e74e50edff9409c,0
495c6400f4c87ff1a1c804643ca22ae3a647f4a0,0
a1bf7c89c8c4566b140b4f35771762fbf7554d81,0
3fc4a603831303cf7a0bb20bb3ed881292a3b085,0
fe67444f0a1eaeb4962296d69451ff610d3ce4c5,0
0a0dbd48095505fb008caef031a4161e0767315c,0
e039037753d024f999522e40320fa9d557474c68,0
1d64642b82fba136acc2baf0df97d1afe6aa5156,0
a64397a8a320e7683dab15a08fc93418cc6916bb,0
61e175de4b4dcc18cec8cd0a517ee8d49b963d13,0
974b35bd32fafe59a498da73ba84a49fb9c437b0,0
9852e4b1a8d91d279c52f5ede8a99f74b4c23ee0,0
5b2c871be185722be7c3f223674741145a6e0556,0
6399b822c2f53fef985e08b098429b7ca7dab4d1,0
2028831e5601752ac6e959c98086383a93f0a5ea,0
dc3ffeb09b91e5e0d986d4553c5b458bb5ff7dde,0
bc956935cd7a1adc862e6ec406fe01d0ec540192,0
c861267b06dd6f3d3e19f12d7f1704c8bd3d163e,0
5dad6735b2b17daa05bbdaaf003e6100f8aa2f67,0
246a08f29db5d879b04430359c4c2cba8810b3aa,0
bcc3fd4673a6fb83997a9238a4788ccd036aeb05,0
e25e1102dba4331454212bbba24e8dd254e6ab7d,0
7e78fe6a32fe8189978186734b7c589c17c7df88,0
6b9cc573571e8e2ad108b2e899b2d479b4226d53,0
8f24fb29fe0de9949d02a1e20d0a057395abbe61,0
8cdd85eefb181f3e249dec106784183c081dc2fd,0
6d6b3099114685219a2352cec306ea1fe47026dd,0
fe8a9b034787886c6db1720b3e430f815d51ee88,0
59aff4bfea1cf0036aa2aec42246bd441587fb69,0
4a9cafbadce3c266948afa1b910a9a2a669db5da,0
5cd1ad02a8ddd196c9594fbb208d708440f87734,0
e6aca5a96e5b96f80cb2ef5e628bb1cf5f7f3d55,0
20326a48f741a5f223d011d4b52502ae522b2c5f,0
41ed22a2e81bee14cc61b94bf7b1a0522e884317,0
deb1fa2d1856bda804418cb2636ea16345dbb092,0
9c41ebc05caf243265d346525022ca97d31afa25,0
d64325921e8d74296ebc0c04c83db5f20a19ddc0,0
ee1ef74bff04c46a11b27a0a5a6812462f6373f0,0
7ccc364d957d665a6f16a6540cae121d16073fc4,0
e19e4e4b6c90ce5fd4e1ed192634178c4b2609e1,0
ab5ac9a5f1f752731e503e33072874319eb6eb35,0
ff4ebf287d2b2d93fe696d5756db91048e30a3b7,0
b806ff345a342b0586e8379daa968229e433bcfa,0
c5ef4a8fd8ddde256b3d173cc328044bea418ca3,0
7fdbc1c929e553060ea9cf29248f8cc1a135650c,0
f062298ea82a4839dabd4f8a6792a0961139db29,0
c622ab3ab5875d11d5ba115cf9e21abd44c1ddbe,0
d31a5a854e42cf4d9e83ccbce6abcd3596f1854d,0
57a16b68e56c144033b1ac9b69e1ca9a471da2da,0
f370adb43aeef51a5456d93f13f2601f3b87c44a,0
daa01e6f8967f43a175052bc887fd4825161e129,0
2164835bba3535ce3a422d46bfad000c0ed3d35d,0
1f06b06dd93c725cfb042f111876359fcdf391fa,0
a29701ddcf8cb636e82a8d5adc4f8451dcf84960,0
aa14b54765e620b0bee26fcaff7f4e3ad8cd998e,0
5300578084883cd58a7a72c153c8fed7afe15a41,0
bb7116262e243ad0f2e3138730c5a8ded488aa86,0
c5807ba1c9b00a9863d4eb557c78dbbed83f0a7e,0
2acae18a9aefb1f940f23ee73179c8c83202e5fa,0
e565e61eea41e1f37bdebd440a7024e28d0d52bd,0
e95cb2baafdde62c5eca6d407d877a247de6ff19,0
f53c2a350c4701a376e1b73223fecd7464229fd3,0
9571db330cc3705d2d026e9ea198c9cfa6bced19,0
19940bc99ad872358a2d0c9636ba236499c8961b,0
e17b69a11526b56ba48ecfdfe1eabe2f94188e06,0
67e70b97bbeb8cf2f3281a74c774796a2b84428a,0
1f5215ed32979c362e21f078cb14bc84554a7951,0
15c47a942a43f51337ac002df95105c8ea8f8955,0
c6297c527e1e63ce88314993364852d4ca2ecadb,0
faed035f5ebb0c96f46a997b71f434864fbd33f0,0
4eb54fcb4453ce69be17b2958f4f17a40cec966c,0
b1eb843e2b1e4afb7dedada2b5907d1d5ddc5a4a,0
0355d7516547dc76015927df90c2ac2529ecc3a1,0
58a474be5d22da194b4cec66073eceb2af6c763a,0
e36dcbabf79826af32fa982ed095ec6f1d3f6a56,0
7751ea815fcf40548ef0b5ad1bf80406dafc5fd6,0
e20074b29fc8963999bb98f13a38ebbabece14a7,0
b197208cfcd066160be5065ef93e5118cbe92ac6,0
b313e8e922fb177cfad44e16cd6097bb0900eb73,0
f4003ca483e91e6dfa98211b1ed861ddfbf98865,0
2033266ae52bfe85eca2adc19ea7e1c7551a160d,0
deea6ff170a4b171fb76b6ebf11803bf49d9c0c4,0
f44aacd86df895cc24d752da0b00d9100568c8a7,0
e3d8fb571f092ab0d1a2f7552c2719c362b4ec3e,0
c773351f849d38cde874d8fc051638a7a3524522,0
4d77eeb72a594decd8dfffdc81a24a57da07016b,0
b743ebbc66308e2d0708b8aef610bd1aab40eeb8,0
0af926cbb360f8132abcfdf2f350d665086adbe7,0
7007eec0f064a1dfd71e482054683482788a6d48,0
9263fe12c953bb70961cf16ad11a07e23da97b96,0
2e7a0ce72d7357c52a95cde88b3b73df4d61028b,0
dfe1b4eeda2b71f2fa9f374f2d8e7de962868f2a,0
ae1f13422ec21b1304c498e1997ec0597ef906c4,0
cb3c5524cd566b2411996c52a777095702850770,0
70ba53030654f4452038881c2236b71fc60a1d3c,0
6e46ad96d1087d7adb625cd98f42cee1c1ac3e8a,0
f8cb512bac220d1a8ea694032525fe09dd66aaaf,0
7f9ba9a0c1a4d941a265f1f758392bc4e8ba0ef5,0
c6b852c5eb09f91c95dfcecfcdd43d47dc81c28f,0
1b0de3592e5df194315813a2d9eef154200c7e5c,0
f18c11d604f8a830766edb76edd47ae8dcc44f7b,0
7e38d3342dfd96b8078fd9ca60ff3a43d539df4f,0
bb7a0d2fc3d8f4158a50a49bc9f09b7a543fc598,0
f3f817e65e2fab1e9917b6e27ef86eceb506008d,0
9a1402876e32602432b9dd087f31923fa121e6eb,0
2ee72e16b160dcd9040a60a16aaea7fb7f7d8ddb,0
8499e9878f76b654792915844f3d16f1ce50e72f,0
fea274d2262482cdb9f99a3d9dc29860fab359f3,0
37f00dd027777c46e833189822a37e8999dbd966,0
5260888eaec3d1004f6aaa3f6e69aee79ba7f6c7,0
2ef31bf69972f42a5eae43048239d9f9d7a69555,0
18d6418d66d0e43e5d5f49770107c92319eb79c1,0
fbfab785688b266ef7e15fca7db008af001dd5e1,0
9c2c22b0b0a2f8b57c6d618cf979e599f32f6ab6,0
90de82936843b95deeef595cfba9584a37786e26,0
1f6ca3749597d1c7459cf17faf071ec0298645ab,0
f657f3eb0ff2ba093ab73dcd52a530b98abe08e4,0
076b8a22d862430b30dda5ed7e667403fffdfbe8,0
6c4ce25a70c98deb92e776296f0ea25794f01664,0
330e584777e6e0ce7db18e498144aeed105aa92a,0
446829749688e042d10090849e9d346906d9ce9c,0
15c08afdf94a228bff48bd746a6af30a4977d794,0
3360e1a7d92f696b7dc7de3bba2d1f083467201f,0
5e2237b466eaa50383df16b0a47fd3badea1cf8c,0
26c3b6fb37fe7244217d2904d27bf72b1cbf4313,0
3360af08d208e1e4c59eb0cace15c894e53690ad,0
c56e5dd0a1d6ac35411b2c1c2f123b7b34130380,0
ba4c1a3310bbe27d643eb28cb889cf6523de9ba9,0
83c012b1de5a3b72bbad235d55b6be666d12c949,0
ac5b6cbaad9f93580deeb22a6db71ff5e67d70ba,0
ccd8d85550ed5e3d74ac3069b0c985226488177d,0
38dc29deeab7ea299c60e4a5f38e2b06ad446e07,0
df354d8402381f6f0ef968e7b3fd5cc79d8c9e96,0
122211eb7284385079fd4959bcd28c40d310eb33,0
adb284a5cca8080dc26cdb08e629f180190cfa20,0
66fc8c1833b747fc550952325cec0d4c4e070720,0
8ef51baa7ee21f4a902955ab2872be7a8ba27712,0
df75c278033b2036feb06241fda57da738142919,0
56ee068ce3f2a31e7facaf7ebe8b08138f41b1d6,0
1a9b1a02b2e44eaf48808c7017deacb3dc187db7,0
dc754c3b2786064dcd9dac093f385f8476779026,0
bad74ede7be185b71202a7971e9a7d1001da3f9a,0
44bbb9fffa187968468677799f47d766bb369878,0
67988b8bc28918e4d42bcede608bb07c37991def,0
8cc35dc0064925c5343c0e9c0c666d53f828c12e,0
f66db9f25b2d8cba78f1c5e412584f9f84f89bcf,0
0ff5e650201dd0edf8ad468bf7eb713e94c11d1a,0
50afb9f8729052353bf0a989c3fb24f426d031e3,0
3d4930054ca57d4eb9f1822259aeb615a9025ecc,0
a47c29ebd0612fa29a2c3634d468666d5986e691,0
162e9d87cae5c19a52c7318e8448cfcb9a4597da,0
c561e28bdb6b1b7438eed01dffcc6cf23c66bb8e,0
5110f384b89fac9c8bbd97d0cc7e377bcb3d2c41,0
fff7a53b4c100c77c5db2159e2c6ee78b457b0fe,0
6c8b7c5b11a37ba9472b366cd6fc05014d0576e9,0
b317dad66c7b7bf381b78556c6d1af7502d50699,0
ea33a6e55cdf72dfd01b42377125a097ea218af1,0
e9b1052ee1a45ba5cd66d18254e439ba05b7512f,0
49a041ee4d6d222b52b7a2d85b5b3283d55e02ab,0
8ead8e38218a8623298dca1e7f52354bb82f5d17,0
9dbc43e01a5f0f15c6be0a01b3220e0e904e5b46,0
14e2412291dd88d54fd9a283c9fc9e00f4b6d7fc,0
d1f069c63b827ec28c2d3b2323c6715da3b8b1a6,0
380da3c97d3d747d48be1e3256fbc8941d3abe2c,0
576c4dec852296f9472f7cf1a4be00dcb89bcf77,0
aeac7b3f686982480966bbebbeb3b1aeba8dd1e5,0
a66362690c75fa1f64450822f90094f6b15ec2aa,0
224948d108715623590bc39861b4d3cd6a61b845,0
61bb3b49890f2237f1843c61f88d0940a7cb2953,0
6a080c3416094b8cae5f6b917e6f950e80e2550a,0
82607fe5ae451ad038628af60f9dc937f727e81d,0
0ead844934ac7091d0aa5770cb93e55ad940a78b,0
e91b6a6a1050af813d06000520a9b96bf01883a4,0
f40c734941328705eb3ad5c809c373b26f7543e4,0
79cc2eb7271203a9b1e7ca1a64d0970b4db60b54,0
f91ce982c6933e743e40a31bb74dd5f49ea73f0b,0
e7cb3104da32b39be347852243982c7fbcb459c0,0
f55bb34025c26c67076575cd84ade48a8986c5c9,0
f14a53784126c8942328fc8e0019448af06035da,0
6ab3984fdcdac009ea5cfe536685df1a7de79c8d,0
1fffb705e8d6828da1b1233a3d0ad31f7b463f8b,0
37ea46990953f06427492ee631fb6a95de835ab4,0
787136f153fd7f55055427c54b014eb557240302,0
017f3840fcbd5e68d5a04962d34b59fe99a7e2b6,0
67cecd04779ebd55db9a33f86969f0f927887713,0
273cb890805ba41f0d9cf94b8325849a72a9ac57,0
fe90589ea7c050195ccfb313d1fee021fa9dbf1e,0
3dfdef41f71b455589500e73d9c76a6400c33499,0
6bf1378ae8f1b6b1c558b5a6768c2805eba94d27,0
cb6df11821c7fdc9d012103e8d856dd8c67b9b2c,0
17ebf4e8b643047b4c75eea8abb2e20264864393,0
674df548a3770b58a8e070baf7c07a305e630d29,0
e0aab5476758b44583a42bbb8482bfde74cfe8af,0
150688af5959c994ee471b437789e02fe0044e12,0
c272fdd25e4004d4e5af0f73cad1d2598eeba01b,0
d6fb9ab094abf9dba9486c81e2da449a415be606,0
88a9c65ce482e2998a9d38d6a0ea047e035faeda,0
f085442adc0dc4ef248b0872a6bcf8de9da4ebf5,0
2c9af34c6b7ccfa064bf56e0015735f107d846fb,0
d4e0873ce681baee7082dc23eccb38fa532d4e42,0
e710ec2dd117dd7f742615b49b9bde0a9eca0c67,0
e1db1e56af16fd7526e4ac2967a6ad8cc880597b,0
22008b29f388b7681385635dcead9348e0fcfbbf,0
43670dc9a19fed23d7e54ca86399e10b03152a05,0
3afca3f3260f3f5d70231aa0a2156a7bc4392758,0
fd8c509de6060c4e8ead91ee86fa62aa0270081a,0
1e41dc31fa8b6a7a35b1cd425018ec912631a74d,0
2c75cfe32b4e3487c0735543ddf51bb90050872e,0
18a10e60451122cc7591f67209758f984cfb7f4e,0
ab2bc124a211d5a5d63405a06c07bc139e67bab2,0
727172b3c84da21ade3e7118080365db87b1c3ea,0
eddb2adfe9528e75a1d9b2663c4acf2f28e3791d,0
10ce859766f4c593be77c7716c769216fe421080,0
c87c681ce9ab09c5bc30859b812e3d3ef3284f56,0
4f150715375b67b4eb1c0c6d717ba789e14f2be9,0
6c4b7f29d2c2579e8f593576958841fce3f77706,0
c826b6d3a4908d2b84d5d59b5af0e0d49b640f32,0
4653fbc34e7f67c9f99f4a3c10dee8942bd6b068,0
9f76c76d4c55b7c34c703304e7cf978e0199c0da,0
eb3e8073c25ebb3298e0657d31e6b0545228ea8c,0
52ca92780d2361f38b9b4e297aa52dd6656952fa,0
5c43e49bb99b043faf27c14989c10c9f75e9af64,0
8eb1b82016a5a037a03d29c1f57443e279e7ba8c,0
794ad88d5834fb7567be4d0af29658155e1eeda5,0
5b0003527ea71c965fa9e8bceb50cae8b8c4bf2f,0
c1bd2f6048fe2a9227c38cbaf5bd52f7f308cbfd,0
a375c8036291140aac59403ec3358c88b60bf28a,0
e069385b9dc12b9e77d5dac671a2c5e643ce5031,0
d0a7739291741165c29f00ebffd6d7f4b7390d78,0
f9a032ea0cf3f1c6d50343085f486e1f86c1ce29,0
d0b4f22159e083608e7bb416ce755e8bf90643bc,0
854be6c988906a7af788d226fe86f869348d0507,0
5058c78cfbd7afa41471b0ca9087f77f8dfa52a4,0
9b10d6758bc17a585795947865e3ba208c8632cd,0
a34195cbbb9e216137f91e6350e77f6030a4acbb,0
56ba84be4eb7ae054e447eecbb2a5eed330200b9,0
e88b2aa91977aa296f6ebc9e5adb64c62dc89f21,0
566ffc7eb5ccaf2a0d1f5d0c865c89891576dace,0
8994606ae9876c34d97bf1955ac7aa0b6b15d2df,0
9d878a74c7c00239d921322e242b9400948c36e3,0
6170c42012ed2f7d2c105eea5be733a838be895b,0
b0c4124cf7772a00452bbd4deed7fabcc0bc86b4,0
f2e69c4804892c7dc01e102e0bc3a6aea6e47d18,0
5ba33262e5827c4d838641dd3e2775eb9adeff2d,0
ce9b13879a4c69b915d2d22a9b8c9792115c8093,0
294423a5c75c4931be4e8d4b188b3ee7b4e9e0a2,0
fac4e86dbc854cb7102b93635012995e5b1cbf3d,0
9fc39f249942591a9447a444083757099b405a28,0
d75e53cea710502ceff8649166816a9edc38fb93,0
6b6b54b7b13299dd8435c7fc9b21df7efbd25d80,0
3fb44d94cda1866df015dacaa87b118286334eb3,0
ec2dd1e52648fb47981bdd8555f8a92a1df7d1cc,0
7aeddd0f723f72fcac4e7f2df601647b40c1ef3b,0
4e4fc82b6158a9350d93a713bec1a3b5e795da5c,0
bb8aac6ab98c3b6f57261557701060784eb5485f,0
4a216d828005b115a4b8ed20bb7d1b8a7f8a59ff,0
13faffcef8c42398a755f642bde9afa7640af32b,0
0e515c37174f86e965f0e6c9fb4d99ba43e86359,0
0bc464c496f96c47c29f206d39b7db3b66345fb9,0
3fd72993014db2881a9389c0a3290dfe05274952,0
bf826a310f55ca0854117653440c84ec0c1773f6,0
f8890646688188c9b03b70ad070228e6079d71b5,0
83e8dd4f3a8beeb013dbc1924e949b97f7eab1e2,0
0cbda363aafcf7fe234749df7c6b05576b900ab0,0
a9cf3fc0daa2f7448884e9d46e1e410c2db7add0,0
d093cd4c22004047483dc89e2d7b4ad6ef5b3c93,0
24f9cd67256b6596d4f93ed1358ab31a60b940ab,0
edd0eb57ae83c471cc5f102073c51547e484dc36,0
a4acca0cc29af671df2bd576a07780acdb0f30f3,0
46486f71b6c76b2120fdda949353e242e7a17137,0
ed7a2fc7ca3aa64a54d3a6e6fadae05797e11366,0
fb779c6687575638de9945ad5294850237aacfa1,0
61d142baac1c7ccaafcc6f8e556e78d449199bed,0
e3d02d8b3aa82355bc129730a364da4da363d95f,0
3ef95e540e4708b816aed38940eba8cec08a2a23,0
f5641dd92170dbc0633c638665f59a86c9a02e34,0
d4e13e03b5a0eec4b0f238b2ab64dee29b020cbe,0
8f0738d7aa55e7c5116f25fa044166875c451c67,0
5552512611b860084547d511b062b6c564c99f2c,0
df0b07b8cf64ca16c55260a8cd9dcfaced4909c2,0
cd00564865f767627ac6020d111e8faf8f52b6a1,0
11cdf60a77abdb063c427d3c60ee24e0e6821798,0
f079eaadd21c98c5e5f3c11f65f8a66b61f1c670,0
a1014326d3b4a37a1683fa46e59a7b5c88dd3727,0
813ecfc90179872fdf8dededf71e357397077bbc,0
fcf20bbb2a8e75a2f256405b2c873c1e2efe70ed,0
145a027630d1bd857671721dc9d091449031f347,0
fe8a550f3a033775a67a0b631e7788b739d62e42,0
d429d317ca5e28000a1bc1320c8003bace8a0c6c,0
842948113064884f60d7a0cbb1b5d33f67a89c32,0
9dcbdd90277b444752a4903af0619648f30fc0ba,0
84e7daf03afb0691a3d8d20ab945ad68be012345,0
1054366885b79ef87a8168db7bcf73d8a7ac9409,0
c4f84c827eff8c15e76a1aac167275534cf26549,0
8194dca422a80ae03eec3abea53612813ea03ce2,0
a4d70b5f845aa0a98ac91317ab0c26fb9d38bdf0,0
0093b61b0a282c6f457475140af74e1404e7065b,0
125abd89f22ae5b77a482b2a2011da89339d5702,0
fe6c8d7c58a36cb1ce456e8b0d8aa951051995da,0
92853b3bce97574d541b8536fe351aa1f57311a2,0
dd8c26228f9cf442c997b8e625b2f579c34caf84,0
2df162f55e68f4f2930aebd5c067bdaca55d0685,0
79c9e468564e1ee77b2eed8a8e7258fa4d77950b,0
cb40b71df3c55a60fc0d60d726f77f95c812e7c7,0
28af86f15dea1467b8b91a0353ca1355bae8325b,0
94817e0fdf0744af28c6aa8976a698651cfeb223,0
f1e203b72f1bceee7ff2cbdfc09452f3c03c7e04,0
5d9519880c6ac56d24f2a43f1530b0e0ba10ea83,0
acd967210cab98deff879b539d28bb8e3d96634b,0
82c0d9e01bbb763b92eda5a41dfbf41c53d1bea2,0
371d68564bde513ca24f871b2ae169405c1d0a2e,0
9d717e1227aff678caf743fbbe0d8624e23576c2,0
9c9c4e26505f22b8205a33d82ca8e07dff2cb4cc,0
2c5dc68696c6bd947dcaa477f4482b40de8e4af0,0
865fdbd4f21f1bea41d1cc981bc306dce5630799,0
ee9a416615e7be1acd491ddcf0487e64c272b76a,0
fe20296f99fd32b4120b4975e64f773458de7274,0
946a0f6b68c24b236ba0b9eb93c06d2257beddf5,0
64202d72c4a203bddf6dfefe98be791c5e56efa4,0
8abf5b8ec091e0dc55b21a97bb650d1d7558c921,0
1a30e4d68a33d7ced4db338846b9f74f3a0b6597,0
dd6bc314039708bcfc0ef37204cc91c69bce5bdc,0
6dddcfb191adc2cb094d7269ec7d2eec137e64d2,0
30d719ceb5ad930937b1cc57f85d3d728e0434f6,0
bac49e83f44440ed4eadde6c3871d5d7ce4387cc,0
1d14f71d8c4e440d13670f7f9a05eb8390b376f7,0
a7484f03dc218796bc3e97b693122d1edbd5359e,0
58a9c019103554d8fd30d03104a3ba9991226b63,0
8e40b14fc155395efe9d29a7d4d625737659720c,0
bc2411630f25c71bddcb1da3040f563ae8965d32,0
8409207ba12c434196c4f34ba2510c0de32c86ae,0
bbd69d9f70eac3218e617d3b3511a450ea3d42f8,0
b266cb4a030084f7eb5cfbd12424fea899c19080,0
a705e0ce8e5723f4a09862992692aa698c41b01a,0
a530eda697d7c13aa5f395cc7277bab09593132d,0
dc04e4e3ed50e23f463eef00b5d32dbc75cbeaa0,0
62b65c9dd89193cc92bd1f0f60824350cecef126,0
681b174649e6faa5162567fc1949beab296306e9,0
fa3984af581a3deae01e25529195400156f41edd,0
408756d3bda198306d0d39a0d6639580a980f241,0
90593ed6a8f3aa39834c51108b82aef33c3ffdcd,0
3c518b8d03435701f3211be5b38df373d9424e0b,0
356da531c5ccfd7cb32eea1be67c61ef17ef80cc,0
a036543ec8f710950d0f3ce559779c746b8aba44,0
1f9ad7b9bc3ea9e7ab90eddd4b33cc6ae9955a55,0
a842bfa0515f68ad9d3e225b7713cf772083c293,0
e7d533660728e1789fff9cf22107b1d81b7d74c9,0
6be4d249cfedb9a4fca88ce1e871b6a1cc652d51,0
1477f3f503ea2b2471683c3067916a4484539606,0
b9b4477c4c284f972275b13c16e286cf2a8b1514,0
6d0825db7a4ddf31e0c631f8dd8f3fefb0b5ca43,0
ff58598ebc8b5eb56e46409718d2e9dac7f4111c,0
07eaa520841a2a7909d5c14c66fce15e7152ee4f,0
e7d642140895374cd3ae4704121eb9436ab3d056,0
d44e03f726925ca607541a56ae5bbfc00b3c4bc5,0
43ed9a55140bed5eb30074eeffd7ba6f0c820ebc,0
ec4c3e0739eb9bdb39c57febf93ce988f80134e2,0
f5c64898fc210e3aa1c515b34fb5361c9027bb25,0
12ed8b916da076379247b4189521ec1dc8adbc47,0
670642e371c9eebbe7d1cbec001b993cc59e7fbf,0
90b6a38076e3e4f511b74f56a5c887054e61023c,0
ec408ed961edede52bb5ffd59bfaf026553c40b0,0
f4080fe78f15606df4f13bf2b9dbf893a7e8cb17,0
5d308e985f73282d03209e5b3e0a90ff9741db22,0
68acfbfb42f9a8c39bcaa43fbc0901a36e8c045a,0
7aa1e81bc587740165d72d024988291d264dbef4,0
b9fb77b351690414335d9bb8864b7f21e13e7a23,0
ab7fdb6ef4db84330c20097471a23a722ce4575c,0
0946c4d2ab9c2220f6f51390351b4278f4edadc0,0
366e4f001aaa72cf489f25d642ff88648a81a3fe,0
1c6b7262701773db481550b19b6ab59e49c4b7d3,0
ab3eea92cbf44544eb1fb5f3040f043746fc99cd,0
e653129ec0e0ae305fb954a25b403975c258ced9,0
3245c8b66cead6d19b7f416e5d7d5ccc44aeeeef,0
4cfb9ae9accc72883ab2e0e7a845f295ed310b09,0
786bfd811ff1e030c2c22175093a0ce19b050bf1,0
b59d43e64e3759dac71b4b68bf43f3ac32d484c3,0
7fc6248ff0bdb48e809290752bc990e8e272ca34,0
2090b7c80c0156c1b1febb62b5a75f846f6613d8,0
b381e6f083da8d3d7fb3bedf3449ed4e99b84e5d,0
11e3c685051f66b2d107396e89d431e0ed96310a,0
d8b77d11ee4171d73ab8ecd42ee7ee2fb1e8def9,0
b8486dccdc7bec2314a9d7e0b3d445c34e5169ad,0
efdbca65496d8d6d928398833c86091dcbeb74eb,0
6b6cf13d8f0709ea8b6029416805d68df594bbd2,0
bd42161440b98f8485b9dc3b2e79cc1685bb3412,0
eb4ec7143c1d7f4e576c33fc97b17d36d08bfbdd,0
79e8cbbf4afbf5803c50ab10d3f51e5a46425e03,0
4f395986a06fb96187c1a70dddbbac7799a92abc,0
d879971e521505d68cfa9e89b60d5a1eacbd16fc,0
ad897014842fc830483f32fdfb903f3bb8f70289,0
a71e4261609b6ee9989c1d18b55042ed2f636c6e,0
5f375f48c31de0216b082055449842ff5b27c8ce,0
b4979ae8008960e4fc4fbfaa76a03a4421a0a537,0
98f3ca2513ae7ab503478a538bd90921c81abe9d,0
13115da7400d0f0af8bdb233a3a164146a84cfff,0
c8fdc8f1be7fb3fae7a55bb26dab2979e1731b3f,0
21595b62dee08fe6f9127e8549940c9424f42c54,0
bc77f7130297df57668b8c8db23483ebcda29288,0
6d030727fbc3a61ed47a6916074bbeb4ffd30b21,0
b65542de8a2422ed56d1d821eb85bb808e466de9,0
cc14ebffdc65f98f68f8e61643e6fced026e5062,0
3fc9fc01b08334fdec57f18b6f845906246936fc,0
63e82df695bf978a674578aa910d65afde8b3e57,0
0d6b8be8067adc0bf65ea9156f8bce13a8834637,0
e9b70c1841c5b1c1d771bb278b34a17ce31eaffa,0
90949470217f96b3b868e4ac5e02252d03194728,0
7c2f0a597c44ca446a670fbef2b40ea15423fe45,0
bff5a8d08a791f16dfb61f7e0ca8becad3ec9378,0
ba5cf521756620c4dc4a7048af37da3167e039e1,0
e39997bb42e5158bb126e9f4ce664335ca9fa99b,0
35f4dcb996c8feed416038ba3c309a39e266e94a,0
bb2aeef4bc11b17be9233572b7afcfc3da04b887,0
847320656335f3ee30378d43c102d3a809b3bad5,0
6b70a706e2d339ff3b689dfef7441c28d290f725,0
d6310d06318e8d17e698c766eba5d733d80696c8,0
0c62efa772d7640ec808d7fa5a49bc0163603579,0
f50f964bb7741398b1bca6bdb25bbca51de7b229,0
95d8f2db7a1fbd7e09043aa14fbffba118045e2c,0
871c1c1aec516d4d70854e4ee929866bab981a64,0
806ab4a928235bd36fab40e23bf450e1db5a8e9a,0
c321cc96e9b3666035524af0c17767ed8e865bbe,0
c73f626405dc91058ce5cbf4f87acb23384188b1,0
a015b34be8d12bbe5919ac2b8c5b6f74a57e4d37,1
c195a6a4e4d9a583e8fada5aa8cd00579beb32c8,0
cfbd60a92a5eb7d97753718b4747e1ab50e7829d,0
02852f48243245666c0ccf4d0b8dd455d2747fd3,0
e1daffbc202f859e502a0840f6203625a66a1f2d,0
13a3bd86de875de77c547b4f5b222e166e67b3b6,0
8be0809cb0aae1155ef6183f44c733a9a2ea3003,0
be59feb75047d2969795ca52458adb9d4a9deffd,0
e95e0ef149ae62d38738aa5d54c2d18d466362fc,0
0a4b1c3b316335a1ee22ea86c28c1cd58b1bb583,0
49acf7f8a5caad67560c82043cc1f755c0eee826,0
2c08cd5f0c1203186e9cf67a4c9440b77d54117d,0
82c95c5f951ec316a717d72a46e9f1f7792dc818,0
05e550479fc94372dd9d150bc501b93c3c089c1d,0
3fe12d957e79b372cd7c0b6af2d56c7ba514a955,0
0cca1bb8bad342b3f6fe085ec6807187faf4016b,0
d80f242fcc1f9213c179b4651ffd9b9b7f634917,0
b7422b29a36cd0a9acb6e7f54241c728e63234fb,0
98befb689ec8a5b034a25bb9936d63d44223acfe,0
fbb6b3ae1f575ab8fff3eb3a81fb612b099188f3,0
647898adda898d27bf2dab5e1105bc63d50d7f6c,0
1ea9db43f35f932efa0fc2f85b3ea4a175dca80e,0
55cd95f277b1a6f5f50d0dbf064beeb092fc6019,0
3ac59a1df27a7c34cfda89f6a84b8ceb6f430fd4,0
5f189531914e2974558228d49d21d1cbfc3909ce,0
75e7ab124a7ea57de0dbefb34a81b5ab7576b23b,0
fed07594b21f9d60af44a2b4088a06b0e72b31f5,0
b9fe77e5a5983fb9a41440c9791e4054a5950362,0
52f96a4a147d5da09994c1fcdd27b5f88b1d28d3,0
a4193d2a21a2729af93ca216cf2ba5d366bbde5f,0
feecf333cacd2edfa06028db62e5d209f57f0dad,0
e0c6cd514c071ec81a447d43c93bd22832104469,1
13fc1eca0a4e7e8215541159b93a956615b1c6e8,0
5e621cb6739ab6718831e6650495096f718b8014,0
2badad205dd69a9f82edbe150ca5437b0ac0d16b,0
a6d1cd29574818dc220a3751a9c160633f2998a6,0
5c49de8d09661f5250084af0b9c94a7eb5b96a6d,0
80888f9c55abb7ecb18fc342cddc973ec4f46f70,0
4b2982f13fd4aa0707d5fd4243425a6cace6e238,0
9790fd24cb14e8861576404587eb2907dedd6bfa,0
5df5f36868c0fb976cb6333671821fb3e0ead3c6,0
2cd22198623d75ec42ffba6cffbcce437e0a73c9,0
c82f8a30f55a8b0938697d2f7544ef828321fca7,0
cd31d7a1e4ced0ec0700275441563b235c236f95,0
688f9d20a0ff88c3349f73d8cd912959fc236e4e,0
883b6c3b3969eb7f293ee0fcddde528a161fcc89,0
83b8f7860d22f0517373904e9fa7e41e9e23add2,0
1ad2965a54a325d7d11d7daa07d38e0ec575e505,0
75489a661dac6b1823be5804b78d31023e81e509,0
fc195c451f817641319a2668a534e01cca088144,0
451d474a8e31adc3a5ddb479a283cecfb2836f5f,0
5090bda97b489736cfbec0d155c29eec3e455b45,0
351b7f8983e585a3bf6ed703c647e78085b3f782,0
a45fe0e8f71e65677c82af6755bf96f1f5c5909c,0
d6ae360653de7813c0d15e315d733aaee372df3d,0
54420880937476e35278a6780e19cd9b26fe5bbc,0
d68ceb121842d109b3da0f932bdc8f5b94253f40,0
f43cf32eb6c1cead2b8b58abc5ea3165bf7b9860,0
77ec197f193dacfe1c49e5ae657044d7cd5003c3,0
095cc25a6b7bf9b9f99d6afb41f44d41cb41b8e6,0
1d3cd1285a9f875a4b00c7fa609155288d977c3f,0
ed65a90e988e0a3d67a0e64103ee1554b37f92dc,0
00c1cc0cc0b16daaf8b284ac0e7e9328caba5022,0
c4dd39b09bd6cb028b360beb33c71d9d2b6e0cbb,0
665781d649c9009d2fa1922f01dc9d19c9a885c5,0
efed539887059218c69a91bcf6c504c9fcafb8ae,0
8a3cab728832eb739a9697d3a5d2e0184d511511,0
dc6d631a7baed068389d3fd8aab06f33356f347c,0
5089a1bd9a6dd90c9d7bd32130e9ef55a3ce91da,0
fcbce2bd2008f82f7fa52837f4c00a61a2c3c0b5,0
2bc7921b2f2b479a7a391a51054526b716f703d7,0
53c5eae8c2b188ccf0c9d29a120b80ce937c6750,0
90375f06cf8c0154fcfb792aef471964b3cee042,0
be37c2e2b103aa83de4ccc9aa08c3aa4a1da6c24,0
1ae31c786079e0b7eb6585feac71c80baf224a9b,0
9f9ef9aa0b0063215cf0e6526768fd4bab879ec8,0
732ff44a4bb3b41e30139901869fa1b72b7c216f,0
2a0af129ef96830e46a75eb31464646a8bf3544c,0
5ec70549ae7e7d2eb97d3d56e696dbf0cef7ca35,0
f2506de515906d0930b9da02d501c783fe3eb39c,0
0e55dab80c10fdee37d2a07f664322fb774bd3ff,0
66b24cabe95485abbe4398ff468a57e5ea0e3cf8,0
486582e34e95eee6cd9a59c2dd8298f2f39fad09,0
ec767ef3ea627c18a6cb788551f8709d2ccb1cfb,0
b7c1c26468d9ee62df96c80ed469e34e27ca6bca,0
dec9ff71a240e9b121c95db62010170536cbf749,0
e733e2f56f06a7f44b374349c4ba59ee4c9269dc,0
3280d3a5ee15fdcf05c62aa939344cffb6ddd789,0
336fdee0546626015aba12db08942ac20f4779a7,0
97ca48afa2f3ac2d041a9509cd877e323815e44a,0
5cfe5f0787016cc44246d728ccce2ebb4d27e2c6,0
75b8213ab56a73f4750fd8cfd8184de2737de290,0
e581de2f71fdfa4b51d024b56bb38f1c70e7a60f,0
f928fedf1577427022b6fb3d669fd1d5839f6346,0
774c3bf350f737e0c1c648835acba0690a48c9c1,0
83dc4e41f12bbf4c18292cdc476a7e8cf177707b,0
d9ead715eb34de8554a5ec1f00b7b13df11e233f,0
a51936bae0845f3a1121ea071986a9cc68883d3e,0
4eec965458c88e4cd08783da5a30d775011fbf82,0
81d41105c8c5f5e04da4b2370e18604aa2e6d7f3,0
9fc3d64ccfa951f10ee987e0be97d6189e055de9,0
f49c113d05845093aca46c22031617a5f2c4997d,0
267fc4ed3f2d9f63921f07cb5c12527eadacf73f,0
91b3989b803ac85f06a39751ae282cc5b88d6415,0
70166db0ac6aedf8b97cb5ccd3d57f03105ad188,0
1fe3e74d4e83c16089792f06c6e97c8f6c4d8c3e,0
54d06cfd389d9d1cdcfb962ce17e7041edb85e03,0
72798140a9b5c24eaf1c6fe31beaeed8c635830f,0
6a620e9bec7b0ba23dcda7859596eb1841740f6b,0
75aced0dd73a45860d85490071ea019bc4b40a4f,0
76a832e8bb4334e324146d95064ed2cbf5fb028f,0
cbdf25e0c7cc5b53eb8b65e334ef18f1afaa7518,0
a8f517c4398071ac16715e2f30396c9813e73fee,0
490d71e3f21a7a3fbe62dc6bd32837d48c7065ee,0
02f80003d9a0223985e2d7bdfd7278da47c006b8,0
afcf89b6710015a7b1173f35e6d11635a0def4b3,0
99760aebbf680e0a0220c7675075dd908016f18d,0
31a108fe6631f098ee9fe849c6eb34a7635874a3,0
e5c4bc57c3a6d66b08eb48c6333c7aa033eac1bb,0
cc69fd8f55112202155855bb750ef7a8efe94255,0
c90db9be53c4539cffe13657b39ee75d4ef9f076,0
3a8a2dd2a4e02616c54804b58250a6b51f9ff746,0
72a8407bb1272e0b6efe62a284cfb8d9ccad1cf8,0
67dbe6e5064123389acb601c9e5aa6d54327e7b5,0
555e5894e219f552a2e9252ee5f91b04598fe399,0
eee7e7c4b278274240ad7458da9d9073b7374415,1
e650290f85e431f59ba3e11953fbd1afdd16687a,0
e92c1847b892b12af41af76b0e51d08c02b92c01,0
b6ea863a2667310b470ae59413204ff6b2719ba9,0
e50d31397cc19d67bebe4f424cc1ffae9e13bebc,0
caa2a94074b6e45fd4ab631408d3d6dd39a1c1fc,0
7ad415ee4203d056478d08a56151f7aa201455ad,0
e9281ec9261d0c82dfecf143e53f1001178f9228,0
f266cb71d25610c9c0cf3c6c87972102fa2ba798,0
aaa1a0f7156df819896da55e51e17f495717f33b,0
1a867ff80af1fdad617d9b5066966b65f481742e,0
2d14965b4eb591ce9e0d6f0557197bc20926171e,0
7cf2f78bb6d42c5929194bd37fa5eeb654178576,0
7b7341a69bd379484d8e073d979b3f9acb465902,0
943e461b72fe527a725eab26dd3232ad766c7219,0
20b42321488c9af31da430f83eb2267e287dfdf4,0
c02bd24a6b016d3da9cddb9c717feb7bb4ae50cd,0
4e4cf8142c8b12e9ccf766f5ecfd527c5f7e9456,0
4c73069913002e53dbc0d140c6346a787692608a,0
67f0a2dca2686b5b740273fb9f20d32ecdd1e5c3,0
d4ed250a0f508e8e3477342d00b090ee3858a40b,0
27f8aa113360ba931dc8c8f5b9a72c472ab3762f,0
33f3cfdbd24c4714f8d6a7841430127b33c89118,0
5250af878ef0ccd0612cda08e88d341b13dd9f56,0
e9fb730f64a372e05022034429d5450537341a22,0
44b28a38c3bae21d0530c85b7ac8ed52fe3d8fa9,0
d6269627862b9ec693ec0d268907953a09ff25a3,0
0ff845a477db67a485e7a8c1cd8265e520bc8c05,0
70a9d5f1e7ea844758ce3ed9b4f5e46a7015431c,0
f11bea50aa42035f426343e1d0e5058e75e0d928,0
41fe91b0d099ec15c7d4e7e24e598e853ed65f67,0
b829f1e92cf347184d6d184d3c17babda68abc79,0
80fced6db6c15d7833e2c06fac4098640ff4c742,0
2b6f5d7ed93f9975b11ba631eb2f974078c7155e,0
5817244c3276b76d2847cc10ad8ded01b7c8fd90,0
7cec158bc9faa1d2aa267ddd6a02790ac1f2c3ec,0
50ebba3d096b49c3d6856f9cda1664be55c222fa,0
12479fa6625f250e27caccbedbfdbf04febc1205,0
1db3720bcba7384479c49a0de8d0cd4528350162,0
537607d90533283a42cd1c5bb8b75b62cac684fd,0
ff8c444f5b753173567012fd680987ee1ab4c525,0
636121c6fa6af93902ae8357590192f457a2cb90,0
d1c0b0c922855436f3ff54feb822349e97229d78,0
3346bd77fb05e38ae91e0bbaa5700b5869e2d095,0
345e06a95754c7babd443ab8332dad39dc738bc6,0
ad76167a8ceade7e58ce0ed8658bdf22ea248904,0
bb8acac034b1fcdf91a6b1b066d33f3e38a4c117,0
d7d64664010605916cce6da0e16fc5852df14736,0
e57167be91174158c1780d49e7204f85970ff1b9,0
0a4ce90b8c886e85e4e7cdb5158ac7494761548d,0
ddcb014f074dde2f0e442d6493ec7d834df5bbf4,0
cfa533f9cccde6c1fd9cc41d72ab96367c77cba9,0
856e801c9b40786da3c460978b43eea74a226c27,0
965aa7f4fafe59c4f0d09f96f98bb83adc2187fc,0
c0bfa13cc0d139245c58ad39728ef0a10bd99ab7,1
3a2e35c85c92588b1219e2b9df8dcd516f5f2dec,0
18af885b3cf4605812a35fb656daef176fe233a6,1
b45826e3888ec7adbacb4887f4ae1da5520b9d90,0
0916ce72d8cdc6b4dbd213117ecab6f7cf8d5bf1,0
9138cc232a21a24e07dd89cbf43b684dced80c00,0
b6c2d3fd1f70e51aa88f8d12aff006f6b390deb4,0
5748db2537e1037befb076a1de7b1d81b9747a83,0
32fb3adb49f4e729ea541f9dabe960d7aee04de0,0
c29f866c43851fd2ea1885dd16336bff6b29c1b0,0
cb5c4dd73597780fce451e1b643c9b25d4ce7b4c,0
9d450d0b1dddb586ccabe8f1acbe2d2ff7523ee4,1
7a401a73688b72f43e4c70ab1c074a3e710b3b53,0
581baeaa99864979aad55bdd45f054c8a53c341d,0
e91c5e4045a37afe8ef5bac994f9e6f2cd10a9ba,0
332a7ffebdb4c69222c75ba1b0a5b462a0e8f467,0
1020c3985dea224ad0ef885ba6d8dabb48816c5f,0
7f1ab60f7c1a30eb09cb06f23d6f010e3a187274,0
eab2a7b29986a9269caf8ce337724fbe114d01b1,0
0970e8f84e95d8662a826f8417141e3feffb18ae,0
36156fcd0e07726a8883a0825799734ac0058559,0
36fc08fa863d272f0b933212b4bb8db173e27b18,0
f57cdd6ed7f9aeb8ba1e4463b30436ce7c9d5897,0
79d6630fefae5e21648dd874566d72ccf8cca4f6,0
90323aa9f6c1cb89337b60e966e743bce82a6fa2,0
b8d387e57c79b252a1ec739c3f466892f80ee49f,0
13218943435188789ab706c2d97da8e2aba1770d,0
bdab2c92a0bfa5495a1ad4e48c5b72d120cc3e0a,0
1658c21f31b45136a7854e0835bfe1b043dce533,0
80f4fb443b46a6ef04c389f814b70d9ac5161ccb,0
a594211e6e121641a0bb0763dfd48dd8c4b68910,0
38ac95d9bb36722fb9b3e596911aaa7b81caa9e3,0
93f189e8a8166004e8bce70bac3041a84e389883,0
7517f7c33543c0232e002ff541db6e4e3a68f52c,0
4627d99022750437431889d9a222964592f4ef8d,0
40b6fd273de1cccf752fb7e5d1a8470eb5257a9d,0
875e98d3fb54def645b0339fb43ddc26a72e14cc,0
69fb4550e96fd677a922af10fb11d9482a3fc433,0
644eea44815906355f61112c10cce530b8f454d8,0
2e6a9131a07ee0e8844e8e79e84460b7f56ae646,0
d2d23c8aa02960549451c58ed3f0e84fd5ab3821,0
6912f621d22ce66e8b94710f0decdcae3354ca76,0
5b1e314826a40490ce38b532c4ad36fb01afd37e,0
8f5c5e892b907ba7d05c2cf5f4dc7adb2dd2702b,0
f1fc61922c3d8b4aefa26f6f51f0fafd94baf28a,0
c5e9745b8301bde2bab0e46bab2313423bda7910,0
d61ec0994e594f0c514c1739e0689f2595d8bfd5,0
2a697cca8dabc4064e3846823055feeab159c417,0
bcd3845dcc9f26c5bac4094fe6323f03ccf6d87f,0
873d9776d7f3e506b8e67721b47315aebe16de67,0
4c2bca77a04633496d7670c00dcdafb787606243,0
b3fc37802a1f53e92a1600680888dcec4a6ce428,0
759e37c4a2ff2a5cc216ae866c7d65fa7ac643a4,0
eb50c160f57ed4a9927273be6b9708570224d5b4,0
1048126fa5e634bd68a8b670344dfbf715b355f6,0
4c3308d908f56054d44bc4c4c8df0f2fca9de2c3,0
6d28756d6838e6d7e7d226871d86e9fdf1beadc4,0
f9045d47138c3ee515d57effe10109fc8bc8856b,0
6c0db77156cd67b5efb0e00dced7e2daf055ddec,0
adb5bacba3fb370e84c6a8317ac01b7efdb011da,0
e4f293a522dd8a626e670d1fb4a4996ad73c58bb,0
a8f8bb545769ebc2dd0adc2071203236870b3f18,0
02d88008e65c7b66c91b46ffa80a0692ab156da0,0
8db6323266dabbddac15052cdafdb02cf5788908,0
07f7ef793487a087d82db1c0e8ab323243846eed,0
3ddfcd62e2a1367391595d2dbc182f2dee8d3651,0
b986cad3bfa4a0dfcbb550571532979bd3691811,0
674e3005948c5d1bfe17edb32c19a502f22b1398,0
20e560806f90a0d5dab2f2b7d6ba0c4c359c6518,0
a780f35fe5d27eac0c0c8aa95eeb22d1587a1687,0
5927ff03e65fba0ff1164a988887fae95df65d0a,0
fc0388ce8f1b0ee6884de8be9ff94536e552b410,0
e4d73c612c2f3c9eefae2f0c4cd08f29fb29b5ad,0
db25a986d1e6fe2aac8a0d36d6a6298192f8325d,0
22f930a47a0b7cf7a65e255eb3f64e819ba15103,0
389876528703f0d491accfb8a5f54c9a44d1c5c3,0
0ffd6bc0236d2909059809d7a2011194c3132d1c,0
c3df4041b469d813a31492cc924cb8026ce96186,0
c937e1f5ecb13e0749af8079c9aef504136fa350,0
59fce583f451283d8e9e4c558d1c8c1498aaf1b3,0
836eb21c49bfeea407b65eb30a487396d4805dad,0
ad167f9b7dd680768585f2ba348f9f416f343bc8,0
88b2287abc3495afb118ef789135eb3750313ab4,0
339e879a486436318a41debc2fcf64d9ed8a11a0,0
5d43df7b261a295a5855b005435612e998d8ee76,0
3ba50dfd0e693c5d0d1a394f30f9c2d1607c0bfb,0
de068bf9f3f836c302e316e70b7609c3e98cae17,0
b3fe40e798875c432de5dcf6190d33358e42424f,0
02bdf8fa748515ab9ca319d9870641a240ae5ae8,0
365ac8563f72d5bddc8c183a890f0d45eaf9a326,0
85c97c77650a05ba950accf1e0790c34531e6ff9,0
25e1954b72821a314bf33f730afa26993dc9a142,0
a10fbcc1e89f119e0883a8d9ffe6c6ea8b253b36,0
8cbe6883817b8adcd0c1d16f4313bd2d46c532b1,0
bbb4c90aca1274af63ddec5987bd040fac768579,0
f4ddfd417cb86230f344019515a1efdbf488ac30,0
6c762e9750289b6cf1262aae9aa761246a3b6c16,0
037df975660fb522f05933771e9cc52d1b5b5b9e,0
1a8612905e0184afe3d4ec68b865a19bccc86649,0
1d0a4e500e997c65f2c6b8589b3cd5a1d178fc54,0
6bd24a710c092cedbed2ce135cd5c699ae71e700,0
799dbc4c4320d4a424311099f991374c9dd0e4a3,0
a6c881f8c42433b49eb378881b9bdd63a1a52202,0
49d31b094d3f00da4270eedcd720829a67fa21a6,0
83d6baa1c1826e1e11044df1e6c81b9f59e295b6,0
d4c761030a928b8ac86fb93e8dd80f8e01b15b14,0
12562e09417fe134b0cc060575f7e7b8deb3b523,0
5bd5196c7ef0d376ef12a006913d487ce4c87a26,0
6c7b45bfb6af71c0cd821938d9b4e4fb1c1436b1,0
761a5238fc65dfac58fa906a01f19d141e1227b0,0
2ec1c019ef657585e2fd0f8c9a16979fcdd8211b,0
af6fa324487a23c82d28334946c8b2035a26d9af,0
84ef7134c20ed1be07eed1467b579d8997b8b6fa,0
b93229f724b45a26c16fda037135ae0ccd2d85db,0
90ec29a1973b9c56beec88161b4aa01e2d1f763a,0
6f1035407f14068f6d5ddaab4647c63a6d6ad473,0
228d08dcf8ef1ae1e120dd6007fc771f8dacf32f,0
3f64f333f03db9b365ab6ec6cd02df1538b8e304,0
f3b3cf916381768e3f21e342dd46b5a54bc0e544,0
770eb653fcfc4cc2875c3d83d4453e80ac94a87e,0
44b5e31cde3e53b3cbeb4ea5b61728d9284d0e31,0
5cafda7dbd5a1410be644b88e90f050853e312d8,0
f5bb8743d4ae1c2cf82f8151610d2281b0b6b27d,0
aeb7a2a1439f3abb2ba95e429bf8a4468d5cd7a0,0
6e829fbdf0229cbca753aa6bd5cb9bd56cbb7e68,0
d484a0a79c373184a47fc34dc2ee2fbc866c60af,0
ec3e76f25af3d2cbc53acf07c36d1cf9f5177cff,0
9bcbdc55450d37d30b8ca3bd9c1e41e4ca684f12,0
914c86b74f883484e5c193a7b2698957b9b07fca,0
d05f6de766acf9aac9774c469194202019ef104c,0
2468492a1aef370c66a6636f976543212371405a,0
4f804f78e5c0458ddc6dcd9350edc222a6e1a4af,0
89fee834756bbe6d9e060376f95188d66789b1f7,0
ee8a2c9ded95d5c77e4e43a2307ac15322d96d3c,0
60431261912586b5fe0cc5c8b4206e711cb0639a,0
cf5e503db4274fd2c060571c982a0fba8b00c09c,0
096155dd316ed242fa3bcf0ccffb207a124e1e4d,0
3b700639ef337839c69f45ebeea59dcd061d09ca,1
8b1feba4b2e9bfdff9a64110f34808b151e4e605,0
00f99763a3270376ab1b9063313b14d52b9a7485,0
ab5bbe340c2dfd65e9661876442acd7fcc04e586,0
f8f441ef352feacb7c142cbe315e9a6ae96b2379,0
e72f3e2239eb7b72e30737039e88f37e538f33d7,0
75b17393d4013111db081bf620ee1c35c95baa9e,0
bc89dbf03124f7621f42e4fdc731a98ccd75dfce,0
fe9d43335c76f1b7d6dd6547d604371c4fec614f,0
0529505689a19456d1db7a3e7b5e28f9fcf7748d,0
2850c4ba8343a8292c0bd850ea17142125c8f1eb,0
a85ece3d1cff84a3efc0e8dae814bf07adbac864,0
f358b45f8f6610c3bbe3166e955058260f12e987,0
36662f69ea9f9efc29bc7f586607b0f565ef2169,0
6aa4392eb835f5875e5b0eec7fc58caae427dff1,0
4c4069d13fce714de57a5872c113a9020e60468d,0
90a29e2f30de15eec5c864566a6e8870f1dea028,0
9fb0bc583e746aa3a73224f18adb89bdceddbea8,0
e25521c7482657965447c373ef2d9f966e79c8e8,0
4c445215f4a4ed0f297d5408c42ae1bdcfafa5c5,0
42cff055c3d497a67fbf5bebdce2a75c2e31f090,0
a733b7a87ce7abc0da33a3d56da82b72407683d8,0
1552056b73dad741448afeac0a7a7ad449e865ab,0
848c27cefa374f31534ed2e1e4b13e3e0bc401df,0
85eeb8374d73f7701427db06c2ffd219ea38459e,0
22b867ab7909def21884be1da7b31c06a65fbe65,0
4c65ccd52bd884e6f1cbd2f443917d740d022ef1,0
66534efc9fccf5dc70ca25de77bf3d0ed5ed2632,0
3c6ec374e928b4081c32eaa956aadcb2614c70bf,0
82e7785915286f5cf8a66f0a0eea9fe67580657d,0
79ddbae4e53553bebe233f21f8dea69d255596e6,0
e06b5685a17195000351f498432d59038b231b8f,0
32beed4cfb3d653b37ce2727d239ed92eeeb7be0,0
b284f31af8fd24a8bc51c7e507074a26657c85ca,0
8507fe5934b7b05c7e887c0d2f479242f6372fc2,0
b0a926c2d46fc2bc3193806b9d3fc10927d9443d,0
8bfb54fb832e34b60d72a94be398e6ab136189de,0
f88816df92953366146ba6788eed993ad50948a2,0
f1d8181ce5d8cc982b19daea4bfef64cf17cc401,0
c65176e230d275b618dac1259181fdc82abb34bd,0
6a653734619a7a04670c109727c49b6a3500ce43,0
d64f72e720e55b29211acae11694790617756752,0
ef6b7a9b0c1f1c5c2b86b9da3077fd169a0ae577,0
5f86eefd289b22b4f9fe9a37fa93ebd43367e1f2,0
1a2660200657b49ce739f83abcaab674e642e423,0
009e74f8bd06da8d6373afc536f2181690c9a28b,0
8abb16a31b826fc4cdcbffa3f6b6aa5078285db4,0
436d2741b08e52dc0fabe14d7f91d33ca016ca81,0
73fb4b1c1c72424983e3d771d62c2b58ca8b13f5,0
87ca7da981d1474d8a5270c746d4a3f6efe6ce60,0
bdb815151bfb3107f14818b95e90e2d5e6071ed6,1
6f2e04b7d00ac55ae2b62ce61087696fbd5bc529,0
aa0ab529e3dafbaf15caf0cabdaf2690f59a8ab5,0
d868536dbe8a3fe0b9dddfc1fcc134d0f0df5151,0
4aeb992b1993ee94b3ac1fd6265fbd88fd6ae0f4,0
233c446ba9755bf8f0ab6f896635c111497447a7,0
e7ba0bbf3b3c70f3d4679d87294f6aa89daf6b0a,0
aa3bcf09ced1d161833d54613a1eec120d0889d1,0
23adc7dcdc4fdeaacedaba38346e0b6d2b7f5268,0
4d561133ca105888da78c2c162745260b8c95a47,0
de7e52ccae6a14bfe2ab1cd1b9f9382a112f40f4,0
f7085106e72234b61ecedf1580a731ee5db814dd,0
69675d6641093a8b030da29b3c24f40263d10a1f,0
cf5c6e685e62b7e8af3a82db194de17c192acb1b,0
605642c42f81806fd8476f276efbde1b927da714,0
4a65642d691405017c330cebed793861350bf8a3,0
0828778c989757f4e43e2f71868a0c870e9f8ed8,0
19d053705b6deda3fb910fc50df16ea6dc9786e1,0
bf4b873dd3d8aaa5836ce3ce793790c61d3fd45d,0
e66bb3bccdc6ec7afc5d9295b020bb0eb23dc3ef,0
b6749ac5c5bc6eb854ed161c28b76b6d0efc1ddd,0
bbf2655a434fc515302079f7ac4c3e2529d24d2d,0
69e39a3cf3a68a332cd222cf9a998bd0bea8a2bf,0
9bf2156d99f39cb0a3b827ce1d464840a14a8433,0
0ee9458928861f521213988e76072ae3d2018c97,0
959d27ce542e0cba8373468f99dbedaecd26534d,0
4098298c9da50b3a06c44bd9407ffd5fd8c386b7,0
f608b750f917a8c73ee8991674bd541911396622,0
9293f92b0f044c3c1e1eac45214822de88289ecf,0
5cd36ae0c4683b9be14f4f42d131858d9820ceae,0
a5e20956985de342865ecfac8f82bd63e08eee51,0
e16dd92457b875b58a4a0510c83296f8133f33f5,0
667e10496634aaf998f130c2cd925a10e2a940a6,0
8af328aba03e31088ed965119e1edda8aadd0776,0
403618e1e97cc03ac6bc0689bc740bb0113c429a,0
57b4c48457c73419c1f12a59340540045ffec623,0
daddeb604a68d674c5abdb187f81b516e103b635,0
80c863c802ccaea92bac8885ccebac65b1de504e,0
46db890e408978d9b972811038593a753536e0a3,0
718ede1fc290f544453ad10b964080b01eaf4a10,0
c2b9de116ca4f75731c9ad2787bd96d05b345654,0
7ef58af3097815045202aade4196108124fa0bf1,0
4855449b9fed20622d7cff21e7c11626b7fa387f,0
2a9b1c13af47468a4c7059b355272b7eda4b05e7,0
e1a00059f8775856a03950be78ef18e85766013e,0
de6b8d343d6cf63a7fc60cae26b83ae86f0f0984,0
2e4d8aca805c3091ba4442f21730543554f8a554,0
03d651a35b5b8c1a2db4c2d7b0ae9abd54c203b3,0
73cafbd5b7ac1c1abebd92a0c9c0026726a3dfa0,0
533286cfab35d757740059c1ae6ec70cb1b80256,0
426f9422fd7d8786a722dd4bc316de36b86197a5,0
4fffb1b7b17e3f57e440526ee2341f247d133087,0
330f24f979c65ad240b8e42036954e9a3b1f2e22,0
bccbd7b3286250591e6e5e8cfe2a707b994e662d,0
78e42a574c972bef7cba5e690c88a9834525ecfa,0
a56bd8a310e17b1e97015ee79b64aa0d3658a108,0
11622d6b61e92b0f33040c88d12a06867c176f7d,0
91e61dcdadab494c1082d57acf5570a95e8d917e,0
f13613d90f399c48a8c6896b0b106cad347c5811,0
77378037b22e8b5c2972e906ae5f3fdb2a3c3158,0
329a4e2f2f5f22831695221b1350d891da613a54,0
22c4a7a84644489cf71d2f981a89d6336763c995,0
5da6ba1b99c97e3d7f12764d1a9c21e7e6b5408e,0
8a4343f0b522ab76f3cb2a245034687d544fcfca,0
1b3bf05a669fce22930844c239a2c11a246124f7,0
73b266284bfe31b155413ecaa39333ca156fcc77,0
8a318762f03ee2d67b63e292b313e4c7d1cdedb6,0
d690898e7230e451327173648ebf540d62e905c8,0
df20abd215429b03a617e441ef55ee537584e663,0
f437e5a3801bc7491e3c8bc9d4df75dc3939275a,0
9b97db61233a3bd976fa3128e62e55df7ab51af3,0
f3618920bab10127cae455948b6688a43574371b,0
93cdfe092bdfdea972b2e1ea8d1dc2aad484eccd,0
3d7a7f8fdd526d01c1b4240b6da9abf5701acfe5,0
01a6d019718664c8f3609eaef626250bdf2d81c0,0
7fecb4d1dc72ee12e37e29acd98f08073c79b6e6,0
275dba4bcdacd8c222134414d70e9ef01f7ea40d,0
aebc396c1c16e58760ddf26eb3007e1a8f285337,0
14c41a5dcab4a446b8346ee7a6b45dcba230da21,0
67b4a9bd6fd031897da2dc2de61ae0346f985531,0
998b96b6d7974b65d73b7b53cbe4468e77e9b919,0
a912e685d433ba7e79676ccb38d76e90e1440cb9,0
f00cae60c68490e841edf430a52d215f19f78775,0
327c08b43080f51ba3b8bbb922c011f39d7d33d2,0
10513c1e5a0d0e181b8b02b9d3af7ecacee33a30,0
8df17e02f1282f622863a6780d332e758f22b648,1
ca3e1194a9fd0ab5e42811db3be6caef2a4fc1c8,0
5663b553927e988e0a23b32804e53927c2f923f8,0
e74de8fd0d19c945307ca609206496f4fac805f4,0
cde69ce56da22ea1436c65e94a189ec4a255a1e4,0
a1bf9741e00f8636f3dec0d6695893afb499672a,0
71be4f0e3082deb6ea37f0b36b1358daefa9f3e1,0
cc410bcf1c4c9f9e4341f0a7fd55084d2a5c6d96,0
312cdd959aa01ea759219e223dfb3c7956979b82,0
d87fc2d6c497025b0bd3df794a05f3327d7e6394,0
1df4e5fe54fca9d5ef31b778d82eb7124bdc32ed,0
007d275d19c7a4203bd1197b57f7fb72de044b5f,0
8436fa9926a279502c60d80c53e13913c1a19694,0
72a086e58422fe9c7268805a32ea92a49578938e,0
1b69e7b851e8bc0b07979d51fdda184dda8df66d,0
2ab4b959b5c571c682ed11a4d6a5e4e64f803040,0
26c4c6cd92d7719ca7a7e7487f518dee85245777,0
d9da1647a35772de98327e7d40aa27d7c9550b28,0
07ce1a4cd875150035be56ef3b1de45cfff54439,0
bbe4360395d3d5add91d39738abb2f4cbcaf83cc,0
425f8dbe0a43524ef8f63bd4c384ade4c4f72d88,0
0dfa32e5e36878765360bb046244bef5a95bda7e,0
c6357f5eada86694856cedb3e1ab25a231de0405,1
53dcb99f81f77c78f83125eb9ee8a97273fab46a,0
7ef328c7dfdcd614f86bc50d4a4c1a7d0e8077e1,0
54c688bc1d17ebf3a1ae35345ae512384ace3e3e,0
322f96f360d7d6fcc9035394a5b3b16cc79d6b79,0
aaa123d9ff0458ce2dc4f474557b579f00cad769,0
084ac0ed8acdadc385175560e8a60fa83efb8dca,0
ce2799a5384000e034250c4cbfa3286b52d79c77,0
44919154229e620bee91670b16fe50f1e8f06cb5,0
c06c07e76af2d3d452764042db89ebe36109db4f,0
0225a9fad8857bfcc359fef98a4bda429ad1b165,0
443212d2e85051d2a0a920faadc02260a5832467,0
5e65bc71444cf2abab7585a4918dbf93a366c5d7,0
6b2a6cd9f30d2c94537f0003721defd7fb3df86e,0
3685545cd21178bf96ee8edbf63d9bf4dbcf3328,0
891229054ba67d31f7850ef0bc5cba0fe2a40bfb,0
fe119bef23c04d5b2eb30f9ec070b32a0d30adeb,0
0629c42ec155010b0f208d33f00d2ac9bbb81b6e,0
9c0f9c505db6db2fe89522bef2d91ece31aa253c,0
e62f28523072d164e16679ed570f7ea663997b00,0
5520581a70a40db91ad9db4360a8ee4bc9105d3f,0
531414eee3573b1db701603b081511668fe049df,0
72d5bd79d800b6b0eadfe69e57e815cfb03bc2d9,0
9c31370ddb311c803376ec11f179415a4db1a2ce,0
4e4b34b306e263feb40132293de74e06ac7fe687,0
411fb92b632e6d81ae19307ec8c928ba013c685e,0
6110884a41a0f59b6431809c657c892a3afa1628,0
7e817070fbe292bbeb5f7decb0df67b5ea122b6c,0
da0f7ef9d31d2d99859bb58e226fd5d7b3bcc3f3,0
6441f5e5fb733d486d670c30c4fc20350be2a501,0
b164df7d133e2c80ed390f2ee49667c2b2100c4c,0
c0015cca546522e378e49a3a796937859777d440,0
c3b8116f685ff3793a0fa55f95146b58291ff3fb,0
30c94b50c6174ac7e5e142a970114d309321c2ad,0
5065ba6010e0388c1965380e6d395eddb0d799fd,0
c4d0159386a9b7e7302eae3441375c817b84aea5,0
1026bbb5a648221173a7c291e9ac6877439f9390,0
450b33af540281758b79a0654c1550283498aa69,0
076cf8dcf0ac43ee1629f5029326de0cc44152af,0
fb07c730916abf2d21553dd4d0c3af0672972704,0
d4e06d68eb7af5b97d307b12667128dd592b7812,0
a40dbd66401f60cf0a8d52325e061c9857924d3d,0
e072e01829075f8a9601a8eed2f165572494e467,0
544f5e113b68db63d15aa21546d79e8035f218bd,0
cf6aaaa010ad3fdce397a47f672594bb990553c7,0
befbfd3a6da0b2d256164614907e3e252948675f,0
a798c1854ce06e2c6bb9cc216c3624b08dd6f422,0
f4ca51420a23cc86d2887fe2d8708770509804f9,0
dbe9d17c61c804b99deb74cd00377afe000ac063,0
f5d994ec42d66ee571e57de983ac57b3e77faeff,0
10e5e26d4fa290236a30fe9c128122e1e3d4c529,0
a2e22ffed7aee4e728dca3a62d942f75e5925e37,0
e4d60a1317e28fd76f2927e143dea2ad2c31ebbb,0
8d4e9761aa26403f38407c7838c5b4e7f809aa22,0
0262f93906b4bbb146ecf4520794e7821935fc7b,0
b52bd9e66183bcb4104e76aaf9d37d3de12175b5,0
6b27ebdb61d5d8b8da9f8f52507bad4e53194ad7,0
a45838efeccbfd3879d599f6b97a3acfe03bead7,0
d72a7cc7fae949e581be5209790785c164e1cff1,0
53fab95b79f4149a189ee4d6839771ce9b7195ab,0
177f90f64ecdf5d407985ac0c997fc573b3e5629,0
e53dc62b04f1674baf7d7b6235518b5dff45d37a,0
097152769adc2d633878a7c99d5c9ec978608ae0,0
f57fd1e526851f7b88dcabbc02674370e10d9c0d,0
7ffbcce3c0139a839797e21fa21918a273b6a297,0
ede3858ba96f77a5c12769db8e6823165899f9de,0
d35168d9022d57c1a28cc81edc4a72e7411f0842,0
7ec1a3ff0cffe99b4a8eeceb55afe40675b466a6,0
eb1525d7dd4cc4de5e974c4bb7f6efe7b0d70a61,0
07985928a8f5c8f90d87bcc682e8e085d784ceb8,0
312095927a8e0dc3d4f2192575ae2b3f9c1e0fe6,0
230989e1f883a0b6ccbdd0335b37e5a73cdf6806,0
494a9835e1e7b3c94da87413ab29d019af46cc1d,0
3842ab2ea5680004cdbc8fc3dd4f3170938b0f1c,0
a38768cc81debfa8e4e18368534ac8460253334b,0
590a0726be476e45e2d274b39843358c494ab5b5,0
f1eeee9c82b0898799e1d54d0b347e316027bd16,0
d8a10c39193c4390650d600eda54b101e7b811e9,0
099ac6fdd8a7b19d7233f0d13316242a35a16719,0
2848d76a7789233520e7e682492c2824fb262b20,0
bdd52b4542470c4deb511500d5f5cb1c23329651,0
ec17467b0780908f1f512cb5ef859d591c183a11,0
8f4a94fc82587461f2b282789f39107236545efa,0
0e9944e935054d37051df14fb2c63804a3538286,0
13c05ae314c2ce3b200e83eff4113d1024b62ec2,0
851b2415ec446c5a8088b52037a453ee6cecefd3,0
ea0d3e3d75199ba9d9bb371d277ae094403785fa,0
e0269967bce89a5375d94245a27498fecb9637a7,0
d61b4627a9c135c4c7b22917ddb4131fa90098a2,0
21755e0c06835415779b9b0b9bcdcf51ce9d2aed,0
2f8b9af1bd730067fe937cdad0444878fd7ff2e6,0
0f5de7fb4feb85abc3c260729c3d501e722c7d12,0
80ca2443a0a5b233bdf367b3e48665645753f061,0
ebe17ec55b87e8a0ce88efe9c5ecdbd11a5c8c3e,0
2b9ea32ab82b4b18d4a03e332bd01d4d15ee5d57,0
eb440247d609756de0d96cbd9569eca14ca584a2,0
4ffa03c996184214822362ed6b8b16c709985382,0
ca02907169268cad1636b9b2ee42f645ed16a345,0
5b3158eb6e3544673e7ae78371d1dd2ee0bef737,0
f808a5c2b734ac63781b3a8f3ca1f4f297796e8f,0
010a8950cf1865cdb9c8b7b15dce2ee2181407a1,0
12ec9a755d11d7a08b23fb393ecfd7caa595e870,0
c409abeca010166dc9343ee6fdc02d6f9507d1a1,0
1755c45ed72dff3d33c5501aca68856f4b088317,0
e5290fce767f9a3620247f92217477acaa88cda4,0
0e61828188bfeb28f1587c81aa98cc92f13803bd,0
978728a78ff5d11feeca45ad49cdef47ae14f3f1,0
8199845229b0fa9b60e861309e19a8e64e93bdf6,0
a6115e8815850d9d93ba16c2b7391a432ab2fb5e,0
808dfde9cc9cd3aa2e5295e28e6ea4cfdd282725,0
bcad3e8b9878ec840da6abd182930bde9337980a,0
77bd1a6720db04ab02c19cb50985b16cc2167c95,0
f772c1a208ea66520e8472061e0213980976dc08,0
2d4c5f97348126aeaf5a9b357d689e35174a4b90,0
77510cb2ac6b7a5de4aac0653574ebfe6b6450d8,0
80f8f1cbc9e19d2893ebe6d10aa932a29e60fc85,0
eb87d31cd09421812c7bcb5839b01318356d8f61,0
674b668f418887531e03a1ad6087c2fa64ba0521,0
8b85c7076a551bb0285f21169c63435532ff9cb1,0
04a5bd77973a8760f43dadaec8a335f5759b9f54,0
8362904047a636575455b38765803a18b13d55d5,0
6c459bc581eb6459c2b68b2ea1dcdaa4a5cde301,0
47105e3be7c98cb3a5440e08909b06143e4084e6,0
3bd92c07c56e886b02cc65ff019ef38887f65089,0
52eb967def3a49e305ecc3c33605a896e4799cdd,0
0726c6cacb0263530315699375ac4c876dfadaab,0
22502adc5dabd52342ca94c3e6c156e41c948875,0
0baf917b85f2cb67b167269b10846aaa220cc37b,0
18dd64e0b2ed0d107df1971a76e05b54db68aa04,0
7faa666df4fa99fefca9f7243727e5b3d52e9307,0
45cb3139f3819caa08b17d625b1e71cad20c40eb,0
f943092c98a957838034a84cc42b07cb25e7ff5c,0
783148bf35ef469d1100453ed36bf7d9233f7cca,0
7db0396b5103f51fa9398d9f333ef9ff278fbc7f,0
55b6b6ef0d0ffd288558209c9d7e3763875c2dfc,0
488844581b00acac6dff3873ac7f1a1b82f7dc3b,0
13f1dc60a9aed78b1c698b3d2ee954ccc9f6cf31,0
7da62d8ceb24d3c22964c78afd1faf6686be08b4,0
e680192bc481c98b1d161815eec0e97be6ff7999,0
963280467994b51b6fea8a7e3bbb9db68f60fd55,0
0dc9aabfcd880a9e11971b482d3c43066f84ee0f,0
8f94327aaeabbb592b26cb1b8668ce33dde7de7e,0
f5284eb4e9f1b7676bce89243d92f9d9253d6ea2,0
d2a54557bffc8e917d0790bd77b327171661da89,0
28e803ebe1b9529a288f009f32fa2caef75cecb8,0
01c89ddda86bb854e09c68e0811cc762e4adb715,0
2d8e599f730670c064155a5a7a7d26c8cf364b5f,0
e3d668204a92357506f964a099478395a796dba0,0
e124c30d3a440a696d274b3d7266c91a88e8a09b,0
f0b23cc27986d1d9d84db6b6cf9546b87df62e82,0
f2f271a1e7ca0ce6eefaf653b3c094168fb5fc6a,0
b558601321bb23fc5ca31348be65712634a308a7,0
ec52e87351310624f237acd2bdcf8f779262ae17,0
09b97628e41e3136185f817fe29dbcae71417552,0
09678e650fba1b17332641409c4ac0553018e747,0
9c51933ee16666079df56b9c25cf31769e829b2b,0
78e408d865105a0bedc1173333a7293841ecd76a,0
672198976d55c86f59acb81eb4ae44cf9cb996f6,0
6720d521f061da00b378dae2c9fda8cc232a197a,0
732437ae51d935cc3e528d9f6971b8d18d793c9f,0
3ce0fd3bb551655aa93a25f9348a017dfb6c7bc6,0
b971d051925c384993a4265a83081fae9f6a18df,0
9902a11ce7bc5d27bfaa745de53d74ce438d0a74,0
35045d3421d3e476da97c20bd2f1deacfd5e40fc,0
9f11f8b3aa2ecefc825aa0ca61524e26db13ad3b,0
27f58b5c5e6923b977fb03af4201d8eaa973d277,0
06fdd695048989e2808605aaf66ba45732fa9251,0
a0a0f6b685d27b6c1a3e44f81a4a8117aa0ad5c3,0
2d5a289fc20d0644f3e94e84f588c2c555926021,0
60ce96626c5f678671271980094a0e71b04efffa,0
fa5b9b5ff53123bb7f0258aa9e6dc3334102efd3,0
160f5bc2bfa0b9a39ddec7e40c46129b7a5aed41,0
f66b0593a5fd31d5513bab28d3b2650d55d7d777,0
ca4c2bb15baa8002749a036f3d31c0817cdc680f,0
b887fc51ab44b47a5620619950b743d8716bd607,0
a09ae9084dcec3e821d4864491c932a16e81842f,0
0bb6ccba911b835e670164c90edf84508398f485,0
a6af916db644ba78795d3c6b097379ec8a1e6067,0
4bbe49385c39a84a60b5557ae79fc718c04527b5,0
0f652ed9c32b0dd68cf822a451e520d7a94c4d26,0
be4dd0953cfa0304a467b758b214bf088937f978,0
7c5fabd7bec0e75d451bd8c1b606365207aa1cc2,0
b48c8f0370c3041745c8c6aab1f556b5df3352c8,0
df1ec5a6cb12a5539163a68d75a433f5429715b8,0
2be95a5b0f43e40adb51efd45b5025b943cf56c8,0
6721b1b587dae83c9e682829524b3b21b24a1315,0
0cdcc483e77d08e232417ff00aec0fc8b2d429a2,0
6f66c82bb717e53a09f8b84bc96f044f0f9b31dd,0
1e30f084e627ce64f242e96b0590f8818a9e06e2,0
335d3f34568f3d809ad63052780c9623dd812eb6,0
01e5e6542a4dee9f5d4cfd2fc23db24b4b8e0a7b,0
f03cb5b14b47ec3811b9ff51aabc663c1d1045ce,0
b0f2f557bdccacef6e364df985f4c561df75c40d,0
074774f89d15e10e1cb98c5d41ae0874e2b35e44,0
2ac17e9945357423322bb33b97bb5eed2d16a220,0
ed11c655c24d6015b4db6bceb7a5494eabb2412b,0
3eea595afa7c6aa0a87ae96b31677cd51616910e,0
b6e6da0a0395cd3c8587e8e7c9ca69fcfb9ab44b,0
c525afab89c3a4d98481414488c1424f632b5992,0
fc17f8dc3d653f993b284d23f8dfc9577e6d8a7f,0
288339b134d0fa552bd9fd56d943f27043584717,0
914b787e6ac838b807d4169ce8f983fd20ae53d5,0
6bcd86ddadfb6df557ef0d2c56f379c5b2d15c84,0
f974fe67ba60222e972bc70f7d69c224a10ebe4a,0
e8a443faa2a3d7065f3b5292138ea0fd860f3622,0
85eac97fbf8673f6e6346aca023372bbfedc8cce,1
9dadd36064c8cb6d7621750ad7e62a9550f8344a,0
f055009ddb930d7e1906780f6ba23546a2141bef,0
25c2f3dca510f58a42a581beab9f7110cfdc7c45,0
91fb810b6b5df073bce7fc97396a966ecbd8c47a,0
0b360cf01caa48abc802f8b1092ffd4698f03e7d,0
585531e3d5658cfa7affe8aec0db279a6f0a74e9,0
09fd8cd01cc5274fd83fe14988e0271a68cd95c1,0
a7a654c4e0d982bbfa2cd638e0ab91ad94f5fb9d,0
5a6efacf81e46243b95411449c38b672f59a1b92,0
acb46f44c4e3cee6e77bf44c0ca8b0d450c3f232,0
2a49c0ce3b438c1f69f7b7758df67df866d6999f,0
ffe5a74c632f35fb3bcc8d2563d8efb45e0b2a11,0
a77b6b388218f31e8ea3d18021bf548e57c35974,0
c25873e8b79ff2ad5ab1e5d380b0aadce8996b24,0
1d7e61f3597f48ae9bcbe381608d4cb6de320c8f,0
7065811eb0dd440709d18b801a3117b2454578c5,0
80a307ddb999fd9fec3c6cee7108bfff6857c7e8,0
86e8419e2fdcb00c56bbb6410c6db03fe5deb260,0
298ba52429291b581dcf6422e56b637963292b94,1
5b83f8afbd9f632a295b6c5c82d62260e68e107e,0
b35e5994eb0d9d39b3a35fb2e17ea0ae270bec27,0
a29330167da48f472d5c77aac7c6cf1d27fb3da4,0
8ef095dc69cb6b3d7cd06947895f18ed2a7a3db6,0
57044d6a9638747b328c5de8c5b598d996ce897f,0
2da7bb1941dfb74422293e36284ab51a9a2d5e70,0
11c6b54191251251d212acb88410b57dc996cfaa,0
b85b122e35cd77aa04683261d663a315d99ab24e,0
a410922e532920d18e083f7210a8f0fdc7cd24bc,0
7406d89b3aa41abdfb5e3cc3cc7ccb4090ed3ed5,0
164e9afb3bb124385d36475c9341d3d3af1a7d3f,0
fd41f0c1084724b3a14698c884ca552e67a5c059,0
b989d4a9452ee3b4f95912322c1ec19050415704,0
0afbed59306e599ea09af12c7dff9a65856e1502,0
c28f566bbe2ee9ccfb40c28c3a24191ccc1d20c2,0
6ca745cea20a7fff51582601cce3d80e8bc1d93e,0
3bd5b7c5174d8e655a61db5cff977d5e25c3e1b3,0
247d47432fd2cef894a3786c13915b6b3d4b78b2,0
f26adcd6539562eb3cd0b5109f4c4d2dcc3ae787,0
fac0be361103fadf768bfb173a4a23835d607191,0
1c34b7c339a808d6eeb0ce45f8beb3a52513f4ed,1
34b6fbf15d17f204c2d0e2d05e772f358783efc9,0
6adcaf4c28aed2792c4fd9ae09f4237fd339e5f4,0
2c705d2310d4f3e9b4f54e934b6ad1173b4ff47e,0
69e1f7b51c0c833cb9579b4bba4ec77d004127c5,0
f4668142efbecbddf2c5900c12f3cd1d68c3586f,0
62300e9d847b62f733857e2ffa48e0736e137e3a,0
187e8200589a9b16c5c7d811097ab6499446d79f,0
ea1a180e3c865f10b54672a17303222b5efe0039,0
9863351c0fcf0960b28140975e6b7f28ed5606b0,1
45785a251524fb51de03cf52b848de93571bf2ee,0
a8620bfb8900c51814e3f1e785fdf2e0701c3d7d,0
f3b0eabfe1487df4dd7ea25ae66649313d394442,0
ce9c61088d94adac2dbb2f298822a9a6e69420ef,0
6dcf1b5ae7df88500cda955e9cac3569e84322e2,0
718f355292abc13bfa0d0c7b1a16fac70d0ece6c,0
c5220ce572ee4c86ef3bc96e94f699c3eeb6040a,0
57ab3be82df87c1971130d8a3b6da8fab6611d99,0
16d8fe7b158066c724a59e12e6c494d4f0c6f6e4,0
f5c9f717c35686a902615d88088750bf3bf4cd3f,0
fa168c6b29a090cf078beb2ff9b8a9ec0073b87b,0
389ecb57933b5c29133b91c4b049393dee420f66,0
fd55bdcc212b13a3d7c55660711a24ababdc08b7,0
c9279e8368de21fe51e67b0e32fb93ea4e06e08b,1
17ee3923739a1db0b5fa55400e0a5ef7f62d31c7,0
1e7e1c3d0ef102a5026af0baddf3cffda804b154,0
0222c1b548d8dd40185584a9f8995452770fe3d0,0
857eedbc262b801729eea2dc04e682e633b022db,0
6149d6fdbed63519c54e4fffdaa7ea52aa5a20dc,0
b861b1572b227242118c425f951f20464ef22911,0
547693dc290a5f8f085d8321a5fa1ec5f2441e08,0
53068eb6eebc6e580bbc67ff40c37900f79fb7d8,0
e045f230211e84eb768a2a10add953821a7f800e,0
111b59e18d467349124d3365bb01500d44811f6e,0
ba8e6d93d6d1626ee00b1a696ba9f7bd88581918,0
4d798a05f78625d5e389f6ec2cb97072ecf835d8,0
9b29123bc8e3b475e4a902761130f7d39cfb5db9,0
87357a417545b81944eafb6fd94fbf428f6400ca,0
43947c2d2b7232c62173a6f5c47e667810d93988,0
b36728e70f3e67690fae54a9b538e3611425fd4d,0
8932515ecbe50604032f1dda2b26d179285458a5,0
df1d8bbcb3a3ff4a7f697162bcc28351a3720bff,1
d0ad5d02505400dcc494c38af0c1f4760adce934,0
776a4f162711b7acc75bc6902a21342e4326f166,0
1b0fbdc64463e027ca0ece28230a87998eccdbbe,0
b237cabc622cc9767a3f8019214ae868432c00fd,0
eed5a66dfd51cab974cef003b470bf631d612f50,0
41beca6298d7b87607eedb0ef2107287913346bd,0
f5bf788c40897831ef577aef4e9e69464472e51e,0
4398db100cc26af93ae41cae4e48c94e54f66134,0
7ec7fc0a4297bda8985d3f81052fc2adc4de12b8,1
a3d890cef533cc061b971d45dcd93428ebecc0c1,0
7e79c5cada366fce9a333d2000a1df645b97ac8c,0
d150d85f3a07c9097cbb3ed3cc48a0e8f8026ba6,0
b65a667e4106e946cdf567be1e0954fb98940955,0
1e87af2428812cfa505a1772e74f28a3bb66e98b,0
6ae3b38351337cda0dd4b2094bf188c220633091,0
92bda56268702aa0fbd5be001a77e4bbb9027af8,0
70dde8efc6c5e0fee9027cdfd6a13e6e92041f3f,0
04c28450d1704930d4c32217b86081866d7c33f1,0
6845ad5fb3c693f2f2906552b5ecaf2acacfb8eb,0
10bcb5f01d7ea2f2b6af839213c9e7f73051268e,0
56114325c12d526cb2ea8f255a2a464cd9ca68a1,0
c5bb7ddf2f51b666c4f1e5fee52361d43a0c571c,0
9bf006938fac86347e60d9e0303cd1d95167b656,0
570bffab7f8f774486761fcad9454a6d55d80516,0
340b7b69145a03a9702019627cad3071d5d67ef5,0
fbd1f7ac2f332240cb8938a9ae1933864db49ea3,0
bca44c42ba29a0ddd55264d806c982283ad4d978,0
260337f0908a26c1f23470b81d85d6d4058341d3,0
f6767c269a496d36c957f0096fe8dc1b87d1f309,0
9507ed4d1e6ae45d5e23a0bcad8f47f1a71f6249,0
cbec5a2b2aa482b24a92bbb930f5ced95a8a7fa3,0
1dee8196a2a386843f08778e08eb6b281bea31c4,0
72c7604d6dc87119cf0b62fdccc3977cc61bc627,0
c32c91e148fa5d06dd53318c28d0a373594d53e7,0
dd7d4916304020c670272dfe408347925f66af3e,0
0add2ab25e4b4cc2a4c8e33b2f5d66680f151e8d,0
02e43158171cf0e76aae61ea411c958cf5c54dcd,0
449b6b9214b4e4d542344b07940e83da84ba0b0e,0
a20839bbeffc365bb3b9eb74325a6732fe700b2c,0
d8a58ac64a6320e97b98034563b2732388a17541,0
8d31c299142cfd80917156e3c9d19be59fcd64f7,0
0a126a4373e960d06f1d76f3d4512b50fbaab7ca,0
3f8d9dabd322178d44bc3e6151b6fe934295e963,0
dff648d312a1f3226ece5b08c517fbb0718b1835,0
21473b5ab2ba3ee92c34794cbe602d5355aca8d8,0
32b1fe30b9ccc59c8a47973509f5c12dbb706fd8,0
2e057d81c82da9d7f4e55af2296ef2b0ae038171,0
7aaa551fa5592edc58d60b71bbf7c9c55ae4e33c,0
a847ad8401dbfcd2f0af798bd651debefcbc9bcd,0
c20d4cbf5e490de95d8bfee88346db4d5a67246f,0
2f10422bf29be1a8204173c33693ed308a6ed107,0
49c7ef130d200bba35609126a258db17febc5a4d,0
9a9623f92f5218346c2e30a56583ad3579611c80,0
f46360cecfe2caba09f09366599ff492970f012c,0
4d8c5888ee94b423498ecd55ee6937230150a32a,0
93ab00671cd2930eaf3273c9115d6fd2939068b2,0
270736e41a15a3b1f709ee6c30c2f9780b9061ff,0
a885a5638827c095c260d585b05b67c19bc450ac,0
9d317e595c349a0285648abae90f0c1a23e91720,0
307bfcf118079c164a3d05d9672a971b0adfd3e3,0
c56eedd7733db2eaec1d30d626b46fdcf928285f,0
3b97e3dc2c910fe7af64cf7099244542d47f49a5,0
3a80615d4045a678e4f5e67c031c98c8fcbedaa4,0
ac5c85ff555dbfb4d4ef2df99a8c137b12c1f356,0
d796f6454617749bbd95af18a8e9d2820b019c98,0
6791a1a28ea0795e683c25f9fa0126fb2805fd46,0
7ae20658fa168ce6723619b0d89a6b2b97fa3f6c,0
3ab92ea8ce6f6a57fed01111a5a8994e8535daeb,0
7ba907996d120a75ebf1e50f42b04e6859f94e9e,0
27b498cecd284e36d31898b38df4ca276e4ce3f1,1
e6354602617dcbe1c03b3794b8e2b24e43353a86,0
77eb080bfda6c0ad2855432bdce55e9d4e550e73,0
f725b6b6b60d3f5e4265bc00d8d205d0234f019c,0
002950b9585919ff48e70f9feacf0969e684d2aa,0
a99e882ef3563083914e53c3bfc9f124d5f431b7,0
fa61d10371546887e45c620bf53038a5dfd89c54,0
3d4c1946263859ded9c3ec920efd86c8f81af1c3,0
93ffe4ff4c99fb9a226613755e2b69b428f19205,0
3e35d03318455233448e2d05be1ad9978698b568,0
fb0b17540e453f4e8f4b854d76235546c83919bb,0
ea121a5929ea447d1655445a78c8e3a392d576f8,0
a540f43c36a012dc7071f00216664deadeee84ed,0
7b87a423599573f978f753d2084e689aa0ce1848,0
f75470fcb81a26af8ec9de6c2e8e8a1719088528,1
e664d9aefb7408d18e98f01b3e7b95281ab61d74,0
38cceb67bbbaba6fc50b51f0c8f62a15f9a3191e,0
47c1b87cad0e130173272dc09818d37d2c19108b,0
56d1266c7dca7f3bbef5ac2f00f10d44193a0236,0
4338b85bf1e7694edfc7d720eecdd313e3dacad2,0
ce8debb5237434d3043b313aef4d2e460cdc0d79,0
b676c3858697e9191893a573b8ccb9398eda6602,0
769fa48c5b24e6dddcddd7a107f4dc6beeda7c6e,1
27ae645fdaa2dd231bcc756ec77772518804a26a,0
5157c04f630bdef708eaacb5c1180a5d2c9b34f9,0
aa95108443a552b40b5cb513d696abd917a1b5cb,0
72873f5416a3054e744dbc96168ba127fcbf7afd,0
c50c29690786690793d53e5284f996e56e400c21,0
6b8b2d6b90e96aa90fc05610f57e6bc3e318dce8,1
2611e6b1523f54daeaa01299df12a75e30739725,0
2b414d802efd9411c3798f7234d01d7fd26560ca,1
0d2df5368942fda7ac66b8f21a0153ac46e0bcdd,0
9174ee6ffa83551341be687d6cf6da54db4345f2,0
a0b46ffdebbf8bda6f4eb8597c00e8cd315000c6,1
6d434ea3ba7a89246d7a83c3867ca0e8b2c2058d,0
75db528d11b178551c6e46bfbd7e3b55799c1d4a,0
e482f6d7c5fe91533dedd8d717cc5e004b847eea,0
89dc31902574bde4de36708b4e5c68fbb9c27298,0
19b56319388353bf8d36e6afc122bb98afac9822,0
4f224b9eb1483701037bc0281adcd80a12bca364,0
16f14a4eb4051dba1743b06b4f2fe50530c722f9,0
fb1a575261669d39ca22b5f40711803bcc8c8a4f,0
98f76965be76a07f189d5084db5165afae08f416,0
684e120c52e585e91cad987aba69896beb570a43,0
d7a0a6f268578366a1632ef69066d654e66eb5f5,0
56923fcf084c1a5268d7a3bc31714426e1103b14,0
f953f7e6ac8d25deb69877d3a95a3cc83751c6ff,0
0e3efcde55d27c84adfdf3ece85781dcf72556e2,0
7a94aa5116301f3d5146827cd36fda5ad72f83b2,0
4a425263109c020a4e7fcc19dcb85b8ddd314269,0
0722b6ffe4bdb292532523ba9276b37e3b2a4d08,0
238216c1bc93102ed6cd46624f05b9ed6064f4ad,0
24676b95dc65dfdea345dccfbc56ddcd4724741c,1
d6a43de2804ecdb236814c6dd76412bf8e695996,0
3b8bc6fb70e6dacacca6dfeb51576d109ca09290,0
d509cb24d8938f7998dcf1b75f202c28f94f63b0,0
75e2c97cfd5b553f4393a5268a29474cbd82f713,0
1f6977bc7cdfccf1f1c928a5f53e5708de58437e,0
de7dcc4762dcb4cdc198018b387a715dc366d799,0
a3e7f060e52ed8b844e451123e5d25842b963c68,1
5257cb7dc7277d272c624eede2b1a067faa80e3c,0
a0a2a0b1500329b8937b88ee3e10129cf9fcfdc3,1
a5542facc4f6c5670a9a6621a4426037f2cb7770,0
b12a5f682ae079e63be8378eabe67f726d5da98f,0
33dbaf8277788986f09a49c7c9e6246558004d9f,0
7fa167837a0ac0450ea49b792d0b0af5b1981566,0
0e77afc4813a5148bb46b410577902d8e15880c5,0
63b92133298792ecf55e77a169f609a8e248566a,0
64d55b4d152114c9bc64ba495333d44b701ca58c,0
37bb769b5f01053772b62213af2e15d8cbe298a0,0
c4aa349601804d26b68596f8c91c5507b66ed5c7,0
32348d445cb0d0e3a136c5b9b1f980466674f096,0
fd6fad8f2acb6ce442bb3bf43b8ddb98245868c3,0
34daa19537887c7c5ad785b2905605206747ffc4,0
0db299587ddc4ebcac7a989ffcb5851666b92ffa,0
f195452f9ccff5c0237632ee3f94240bd416e39d,0
a62842d478850e05dd834fc3b3d033e48f064ed5,0
cb3d00f50f03036162ddfd19b859e39966eadec3,0
6886edd43f5098f50877534601d74eeaa1617e90,1
549f53baa023b637a041af8f9211f23bb30b72e4,0
d841f2003b0686eed57df184e4a7e14de571f945,0
16917ae83694a1b4db0553e21b2fe3760b0d3ef4,0
9db97fd2ddb6ccf526254e2ff01f70febc5b0c2e,0
adc951f05555cd660a59ec4900c1bcfa45820675,0
ccfc8111a709d417b08c2acb192c92f409ed28bb,0
80385f6ff9d0a39e1d3cc058424f04867d1003ea,0
67667128f0e6782793482f0c290485b2c7102abe,1
c176b154c0101837ed369ce1951d0516dd666b1c,0
08019ff2128283d4f4042f26e546da24bd1b6d6c,1
0914f59eebbf3db40d070b1870e933c7582f4824,0
a643a7d54749f8bc43f167534f95f1fd8928861f,0
51ad585b187c3644291c0214317c546b0b5e789d,0
54c35bb536948731419fd8c5fcd8e12e1e64dc77,0
786a7ea4b193a0e5827a756a872528e2cea6dae5,0
ea10a90368a9d13cc265790720d4908182a29ec5,1
d5d0159f69078b2a03f48512c585c8fe2840b5ce,0
c0cd82030ebed7cf253089fb79e7c77d4b82c388,0
d01d5230f1f41c2e242ad38fc8e21bf48360901b,0
327dc8b0150c4292f5010c6353c6f18352ec12a9,1
efec27ab33eefb2a182bf05422811df9005bfa79,0
8f5bd46436acb351c8d965fce081bbe1c4d8dc85,0
06972c74e652de7526781cae68e72303ceca370f,0
8a886df449c20c205ff4ab7948994067bb19ccbe,0
3ce9d92009e49e4d4274d246268f10aaaa53719a,0
8686c8d7b600d6f078c46040594956136b9a40b6,0
65220bcf01a82c497ae7fa0251ae0c089bdb9cf3,0
6c8267860f25e38c4404dacebcd2550a7ae53d9b,0
ff8c80bcf615c8d346d9aff13c02c79f49d6695b,1
b9c504a78469029e033308862b6f007242fe2f55,0
17043810d5bb8c8b20cc0326ebef25fce110b071,0
0d3034c0b52f8cead15d3ae97b6c506ce831652c,0
c6d21dd63683fcbb27b09b10564ce3f7cd5a8580,0
0df3fa0755970a6487db691440875f74d65dedbe,0
b412b776f00fed673e7e2bc82a46459bdca228cf,0
10a0a2ceff1f20d505b640050caa348b61e348bb,0
f3e6ac4b9e5cc4f1e02e7bdbd62ebca5d3f40b12,0
42fa85ca2e702a7429f1ade972db0e5e6c21295f,0
15ab7dce96899812cea88bd4dc9a60795d666474,0
cbf74327bf7d3db6800fb3dfd5ef606b2d23ae20,0
f087549e1a96c9509edd5dc31c9db16925f8bc1e,0
fc57cd44c88a48d033363c69332a1f2d244c9228,0
c6f7516f6646c2fbe07a9044dadce6dc5b18a403,0
5712da268ec2faca9159312617727104a9960ba7,0
e0e9f7ca1fef320b426c71c1b2ec30d2521ee021,0
6cb97c1b70f01672e406abef89fa745535ef3502,0
de5c5ff8e0e5f25bfd9a940bf94a951d4710a342,0
e2453e11700d19fbcd3d770f558d524a97da4992,0
84b0dc18971f239bb9bc9daab2684ce70785c393,0
ae615b50c59f63bd449df19a45f738472fb9f92c,0
0999864baede0f2da6619fe084d3cec4e51f4a19,0
013df93b3a0149b924ac6d7631a113591aafc3d5,0
dad087295b13b86f0b70236921bcd32b8ce3a076,0
b52a906c8ccfff706251b4f382926bbc9451d17c,0
143b264e028d007899a959e1948ff7c5cbae4ffa,0
9f3cfda5346abb3f08bf953415052dc2bfe1eca2,1
f1042d125953c48aab7938daa5c8b522c9ec89b9,0
0a313d534a9c7fd1462e403a795cd389e5db75c3,0
37fa37841343f2458899300821c00c0e6b1396ee,1
5e42df2eda4ed4c11f062484ae49cf089e120b76,0
44b0c63cc3f29becaf2d8160662f8faa5bb2bc71,0
99891aaf8c716fc862e68cdeb4381baf6f34e468,0
5110fcf9b7144fba531112eee12b047d840b7b45,1
a766e993f4e6f3cdb7d25456ca0f0a32d89632ff,0
36726e523765a046a245fd0f0073d1366e56b5df,1
f938b696caa811fd89b1763357a6efc221c8e89e,0
e2ea9d505e44b8a97c3b2e3ecfe1c20703187f54,1
7b52b1ceba3aee8ced8d62b546c82691971504d3,0
9392e0e44ee95d8b58149088011220559d72aded,0
de4cf5efa3316f4624f8d80bcfc5a922c7e71680,0
402e3eefcf0556423cbe285434439d55754555d4,0
28c9d6fea47886afd2e8777e065f37d7aace1256,0
1d3eb1ff5cac5c69cdb2bfaa13ed9bf59ad4914b,0
4c417fb986bcfab8279e7f092ea6ee004ac4d30e,0
383a8674a26a5478b9f4f849dda9cc47233b5f72,0
2816304111a35ab4b1138353f3e51869d63c85de,0
37a8054dcca808c5d8ecb64ffe0329a35de60b9c,0
246ec3e78fcb1e1906109e2b5cd38e4ea6f294b0,0
6e5de187a6f605eb1ab1236f3969b1460cf233a0,0
cdc8f637bdf98bd1c6e61a9742109634b5a4dc81,0
a221ce06bddefac185284cd93c21362e5280c904,0
09a68c546727961646ed92e918c519c3482b7007,1
0dc223d3a3686499199dcf86244cfa045da4baf0,0
ec5165d027dbc940198eade071fb7ad8054e7fde,0
3b9b06e9c6f5ec08d26e109908cce0e04487d30c,0
ec3bc87dee7ad20795731a2ac2aff25ca9b84a05,0
6ddeb4c2ae8447e889d04f209a07bd0a83966e6e,0
24b88122d2229cd0a597a67df62374dc87e2a1ac,0
e1c09fc4b3bfb88e3eefc1b639bd08d2d73cc328,0
8f5ec43a4a3c8b6055fae34d1eb122ec80b2b8b1,0
487c2e9786bdedf1baadcbdc207bd9520eea3599,0
273c7d8ec0f55088d764925f0f067763733358cf,0
ad2e41a4f0c5bb2c7b7e1bbbcbea4ef0a92b6b80,0
1e42ed1062b587f8d66ad1ef147757d6f3d467be,0
020419b717e235cbd1e2e74fce7d1d8b2babb616,0
ca2612b2089b429eaa85f5f05bdb7ce5c4895a33,0
157211124807cfc558ffbd1a804f81b4cd5379d7,0
fe8f0c323c95e32a609ddc224858ea621dd2d954,1
dffe501f9ff96509708d326ff5243e8fd4982587,0
f98a5c886479ec3fddedaa076d10bef5bc17713d,0
b399f92de7015f04d00bbe9c24009a15e1922938,0
165ddab20e407392203e6bf133c4c5033307a1e3,0
8b0ec9c847c17104599769c6f535cc454ce4da90,0
9b02d7be48f68261bd04246d09f34017e28b2ec7,0
980c8c00bfd1628bc4e23a1604d4a1af46cec0f4,0
79c065d0390fb692915a64c36ece6ff53c573f8a,0
1f08d168a8a3a7b08144f0dde24663973e7a9e7d,0
1f5e3bd1fc4c200f3f8a2a5727e17f27af842e79,0
4d2b4e57456ecee44de08e06a5544914e67ddec0,1
c026c703fcfc43b439cf4788682b0db7b37756b0,0
9f5393f35d04da325faa9276b1beeb2852e9d281,0
545caf319425f1105e8b5c3a62921a80bbe30bf3,0
033a604f95cc432f6fa1e51017e91ed2813ce138,1
c6f97c5bcc748a11d65899c375637d510d37381e,0
aed6277f48366e6f839168536863e0828463cab7,0
94fb8f83398e12a683db71f6f4cb9dd61e5c4125,0
ade9856fe9559413ee4e41b5c94745f1995978de,0
0ba0ab7b68391b039da839d3d549de3ccf0544a6,0
cd126e897d34f32851330c14095e52bee640a2fb,0
f5ce0d164c4a430311bd127793a808b5a2301fee,0
a93f1935a52bfdf82953da5caf7418ce620bf343,0
70fec7daeb1e0267fec14fb12962eb14fa0b7f06,0
6a8a3f70a54603b8d3f329f4940ecd4512449652,0
edbf849ad68136872b21a539377cae04635050ac,0
0b06f61ec584e1715a9b284ccef9b78eee858fdd,0
417f8744afaa12bbd48dad6c36fb182837d9e4c8,0
7bfc4f6bfe857da37bb9b389d13fc5e89b743d9f,0
6df3247a7f022a81f1d5e549bbf1fbe86ec6c076,1
e24ae2b84172ab96b24adf82f5908dbfa330d72c,0
76b824932855082a361292a7c8d1a2e9bf57309e,1
2cbea816445dad8c726640268dd29c69dca5f054,1
5f90a534ffb6494cc0808de033c114ded518d6da,1
dc048e0bb2c3dd535d7db95dd6484910d10d9940,0
305c9548a25bd72cabdc38d91a986da02b4554f5,0
1b1000e935d8aee1831be16dbd6ea8ca13de82dd,0
fda1b3c280cfdf3cec9df7b3a8d0360cbec88559,0
fb59107e76389601362bc73df0ffefe3e5e86e53,1
f90f0211a50852cc81f4c9b73892a85d19b9b07d,0
241554f8f037f82ed5d913c4f62a7861a46f3e84,0
71071ebbe4e3a95780fd2dd00226776b56c7d45d,0
7fab3cb4379b1da8fe09a8d9eb3e9399b3a4dab2,0
6ba3e8de3ffc93a35d6560d6e22905354ad0e0fa,0
b7884ddfbe20503b09ad6ea0d87d63062acb1a71,0
e03b7876ab555d05ebaf08a557fe02587db370d0,0
a8f7cfdcc7d16371ce1ac1d301c48f91955174cf,0
bb471533844a9715690581258d48d844bc3c0530,0
fef78c2267d001fefc70daf888acf247512369a5,0
62c861e198fbbab56d70e58f84515e5f7d29e2ff,0
adaf753f28013179fd2c66e35dd1bdf0ee14f60d,0
b7c5eefc273702a8e79245a86f8daabb4c82102b,0
3ce414957016ad73e1621b9acb034495d403dcf5,0
74c152b998c4cb9494b92dfbec876302297355d6,0
2b44f0914b50aa19e1180f92310721ad9bf466f3,0
af9e6011f4389a597b244dc186fc2eb3f0d11768,0
8322c260ec990d8224a8d5ec645f0e19a4fae1e3,0
ff9072669db6131d74028147870849dea2540c4f,0
4855e2c277e7122060aec3055f8fc788b0b7b570,0
2f63deb5e0896bb04d5c713b8399a03fe16b6eb2,0
8d7b9f9b022142268969b778befa2c5f6212eb7d,0
192411d2b58e875527e35bc79aeedfae5a9e9db5,0
5c8cab45405d8ab93f320d42d26082721710ccf4,0
16bd85a653fe32a14adb75127a37570279526f21,0
2ffc6c5e4ef1f8f5748c2aab20c8b86edad4fab9,0
b72b29d50c17a95fa0530a33871645fa5273ae0a,0
01c53a56975666684b97fcd5c9577f686646a740,0
eb8892c0345e7219223bf500845a649cb0f397a4,0
79135943ee73f95fdd8d41b3972c2e37586d89ab,0
088620e6273fd9f839a7851832a64263d147434d,0
0c6faecf5d33c7c1685e90281368ff9870c9121b,0
73a78c18f4b5a8d10a569d46972836446fe781f1,0
e4d7293a14a80f12d7fcffee0d8c8bfe21c4b3dd,0
fa2203b89f95839c00bdde2c25fa16192d27559d,0
b7b2fab8c7456dc582a0109c38019d332d13ee43,0
d02de0c5abeb4e363ed4be0af26e86403b1824ec,0
7cd3dad0ba20bd452307c92f58008b5044372707,0
77e2d83fa38a272a6f9e9af421bb4a1a8ec13ad3,0
c6b855af86b16b1d2b288b67211f74896d6a26d5,0
5463fa7cba665a38e81b84f3434855a125f93a58,0
f45131025d1bd2cbc40b5a61a47e599871f5a928,0
fa06674380d073f3c15d54cb262f6b2b9610dfb7,0
4e88880b03b77e7cdd32f59f5f23c66c5cf2058b,0
18513f9118f5b794552fca96b8d0f8e1116e158b,0
e702aa10ba2c16598b3a12979905a38bbebf23ac,0
01dafb2de73bbd067ebff6fb34249cd514987838,0
31e7831c05a1e71269832e418b09cbe7bce52333,0
83c4cefcf8a9a8306f860086827021f6142c6cb3,0
2c94cde16649bdf9d883392c444b0871b7fbeadd,0
8881419948ed23bdebebb8ae9cf638b88fe1e7ae,0
40c936ee3bd45b484d6aa1430e1576f37d715ea5,0
3f46dbd4ce671d6b648425f3d4cf9dca83fa705f,0
4e10bf2ffac3db3ca325fdf3c3d5c83465676dd9,0
aff189d676379ab97bb46f9e1f60d992ce54ce50,0
e1492819b5d93e6dedf6779bc0c8383e790910bd,0
d08aea4c31209d826bc2e562ceb494a203424131,1
33d75a88823f0ff832eadd8a7a5f02f01c16aed0,0
ee195a559cd5d98b96f7970c1c188ced29561267,0
1cb9f7828d2044243628eaf40ebc52ea29a3f3c4,0
ab2101a8dcb90cb4e1a1414ebe8a85676a006ef2,0
3a452dba4b87ab4de9bdaf1bcb037bd93fec8dd9,0
ee5883bf4a0265b3f91486810c6fa74243c45fba,0
a1592a9a74d797390af513807b49b191ef2ab7a6,0
e1e2e931d0bbcba6641d24a711df5090bdecbfb4,0
7e24e11cc18f10416cc006cdb21f3feb773f421e,0
a37f077d18c255f381a05d7c8e083bea9fc7bce9,0
0a0258fa5a88988e811034b0de67a3efb221b0fc,0
9f75bc363482e60965f22efae0268c27cf33fc17,0
2298b31d2d774b231e3c567968c82f07768e8949,0
7f45474da8b92734494d4385cc19542490839438,0
23b08db215dedcccd226e3e2b965e59fff6da434,0
817dc6f96b71dc6c9c17e8be80b84498eb8a2956,0
dc6ab5cfc97e8da7675f9c8ac7c5fd60d0a8f0e0,0
e02c91d58298a15b06112782154f9df721d6b766,0
b3e42963005655ab7b4533911c0452ecb36751e0,0
9a9363e50611b666624d148f9ee260c41e050c62,0
af5f1514eb12c6e1295512e6b14341bc18ee1d4f,0
6f664112e4c994ef2ea6c4ae0d77008e348ac2ac,0
e9783b6870d089f332692800b4fc329682e78a1a,0
c07a7f266e66c86b2eb9a5fbeec6fa7a1c757215,0
cec649bf45a0d73ee20743d08bf7c4c44ab4a26f,0
44af7df3517d60db55e54bfc44823f95b7192a2e,0
428b5443fb8512655eca00b94f102d203feeaa10,0
b6ad78aaae2544e390632b5f60d8f8193a438faf,0
150ad67ece281653b0aee460d12a47f6881b0e03,0
d3dcdd5c0778047224f3b7483268217b9d222bdc,0
00627e67c3831633eb3a4d3f3e6d5696a16d75ac,0
784b9729dbd52d88cf295c05d65ac071cb263d7a,0
821c9d4cc59b04f5b7fe5d81314ee86cea6728c5,0
c4e48571f2e9716cf1d407c8def7fcc3391654c4,0
2a0c8621d8958bf1688c3beb7e6b0d697adb99d4,0
541c8814bb180420fe292f26aee03fcc458b6025,0
a605f77407e3868071e0304c2edecbb9a8cf8e88,0
5d6cba1a2927bae4466d636ccf027da226216e88,0
3a81c151894192afcaedc90438a342a6d03fa678,0
6429dd465af19b09f62c37de489915f917fb27d7,0
b978fcf179bf34856cea97799fb38bdd857c7d99,0
544cbdec1260519ff674cd36161320da8bf2188c,1
57345fa00e98c8dd68cc474c5f3e697f086e451f,0
50041588454f81af607c7464f20fb652cdd3b91b,0
8b3c4e6d3e80e80f899fcd397072750992fc6025,0
d610c3bdfd5c3ac18b7f41d4cd085a7201f98879,0
5c356c65286c4ac4aeaeb941523915bcb6e2031a,0
cb7d1a3cfeada4bc3f8629e32e1f31d02af71b73,0
86bff3346adc6cce1770612abffa2e88ee399c6a,0
52df626d1d15674c85cde96b68f03fd0eb72645e,0
b92ebbf520c602852655f17febe9042ea386c34d,0
a0f469dc2d197094332e6fb1ca57d9334da96910,0
71b29a0bc483ddf044eb5595b95d1592f3a3623b,0
da9b2db84fa380c87ec4939fca72955a987502ce,0
21837748a126ba13c3d1d24c95977078cb81f7d9,0
c83e121d9081bd669f48456466058de0da240ac6,0
ecd48d231bdf54854e2f45d9d5071b6b4d9f2772,0
a898b80f6371820f4ab027ccaa8be2a88e4c75a0,0
79225bc39cfb1b41060a622045f7950250574022,0
41be406ac7bc612317fc71011b698ca1d7b5ded3,0
001f9c2a643671244c13a58f6506d3c34a62ae58,0
191267dda20963ec4c7598a9ccf677d931dc481c,0
8a54f51e9d9c277f6c500be39988284b2f0552bc,0
3058a296a863b116ed66b5cd34e3dcbe096eb3aa,0
426fcc80650f299d1c8a06083e2a14551bcdab57,0
13c13ff9a4dbf7b6c8ea5170f8c5bb52df29030f,0
775bef81b137bd049d07852540d8bda04fc89ad2,0
ceeb2053985f3b9a826454cc6053b77b071eda02,0
d77360819f1b726aed7dd1a91b37c08bc25dadf2,0
cd841455437d74bc9868ac4faeaf8011509752bb,0
91f290c6290c23b13f8661545ff7e24de17b3746,0
2445d3795cfa1208954cd1b63661b10140742ae1,0
a9e34ad03f07d5bc6e4e5a5c3a4e0474961b27c9,0
f0338d0d0f7fc29abd504ba4f05069b4adf9ca60,0
61f626395606f22eba446a02d169e9e7347aa580,0
4436ad33127d05d13aa63fe0ccc7702bd03aaf6f,0
db2284f11bdbff503453ea4ddf4c3d0540a6f34d,0
bdba82be8a542c72df08f66c064719000e16c868,0
063fed74b5a869b52e0d3147c10f7494ced647f2,0
752d0cb742ee402ecdaff445c647bd1e68f85ccd,0
541ca718846806f997b5dbf932377190c1ca583f,0
b95c62c29efea587d3f5cae3064884beda161491,0
40dacd91df3dd16566336ef0e7c4e477ae2072c7,0
e0fa4b58e332eb6f942b26e190de378297b7e693,1
3851982142cc01168953c948704a76b1cc0f6aaa,0
3733f04fc525f86ee7a9d2ccc81f8269cf52249b,0
6fc31e496ebc50706f6e048889dcaacacc42f361,0
1792796fd89156216ac1120018813c825a5605ec,0
dda7539db8fd951364001459fac9a99927cca454,0
617ec506a48be9fb40a7250de45f759d7b8c7275,0
13197cf9f19a30485f6307b2894a761e09746c0f,0
02bad7e719292e0007200ab1d7728e5ce78ff28a,0
53d8d1541852f8511f34ef22cc998c1c166b8676,0
367b09a21350d5c68c200d3cd4e61fe7810243c3,0
ef457de55f53ce63397b4d2cbab7c35baa213365,0
cedcc37a75eb8ecff5979def7cdfa63e558705cf,0
95ef00df182133626beb4c5fc9613433f4032bb4,0
a913dc907f2c20f18346acc041f697cc582a37c4,0
7e9269fd86e029f012e4553899e3446dbcf63288,0
426a8a94f87623d7704c921cf95c14a937b31ba2,0
0c35323fe418f18b747b09421f7c609aa3e24cfe,0
98b23a022479aec1c1f0f07c9f664970e7494d37,0
b170714bbed5a076cf29d927c1d029e8882d8d82,0
99df43434afa4102a66c3a20e828cfe2cbb54734,0
5c5dd4aaa6a29872c4dc3a9a372900d6d55fbf05,0
f8bc917fc9dcd7a56fde9ec473601c3dad5f2869,0
e28f0a63013d03fcdf936dc7fa7c36e560501f64,0
e660db6b118da326a55c184d0f9155ca582572ce,0
44d1bba9a46a2892433d2992451c83f1170326e7,0
086d60daa806fd4973a427b65a9da6e8c8ad6833,0
3d6edcdb5d18f9bb786b5aa7adc5326b96f6b366,1
de35667dbe0a96da595f01fcac07c99947322f0b,0
4b8a09a159e888ae2b105779c643eedae8229582,0
4b35312783120aca9c05325c658d485aa06b6a9d,0
282dec7a700cd8310aa9200b3d74f2c64475e09b,1
791db84b30f3a686751c97984a368dc12aa8d9d7,0
af8fb5d009d2dc1ab9b597124eab8d12bf47687a,1
1034ccf97b17edd62ed2285a476a3f8e6923de7d,1
b5879accb52da914c7ac6f0549e72fb7f46a97fb,0
4aafd3ea21b689fa10d06fe4baf714173138d95a,0
db1605eab72a71c06a36942f4e6cefa60fe9e733,0
f398eeeea60484a973117d6024b6513c1aff56a3,0
44ff5d6905a139d1b1a28b986ae38aa4c86f40d8,0
e5047cb9614822a17ccb19d49b9d02575d5d7bd0,0
fe6bfce6c434faa4cf08b4a803b170c8500c7701,0
53090effc5872279c1aa7cd8e49a2d9911ddfa69,1
406ffd1f681698d86276146d3eb4cb7b8b4afc19,1
44554d48dcf75ae8babfbc1e4349a6dc2a002a77,1
4423dfa18edf70b24e34fbe0a54d24b0969c859a,0
949e88c33828922326f90ffd83d79c7d77d157b8,0
e570b2ab27823ec36e1610e3175cb9520474de59,0
03143c095316f96775a09fd894863f7776c2bf46,0
accae83fc2e426f799e5e870089eede9369435a4,0
91067404269520cdd15c0ee32429fcca3b9c2695,0
9d681facdde50a589b6cb7ac07002cdbb13d9f38,0
87afb6be9d641e293de843687e9d503e5f09fa21,0
12f06a880962a683b01d569ab385a1f3c02154d3,0
be2fcb6ecfbd472f3f74c5f71e161aa47b86df61,1
e6a964016cac1f074128235ad975ace6617ba85e,0
7256964941d48825987d9dc46658155c23fc2053,0
465e41082f630768f894558de865eccf4c1a1e88,0
790df314592e6203481fb21e2c3e7ad4b0238453,0
a382eb615ec271c8ca4183e329dd9fb552e26871,0
31dafe1df3624359354d835a24aa7588cdfc3c3c,0
35f44ad5f5d0906c7a391eebe61c5d67a146a42c,0
049fd6f6c8d6e3534758cc53bef6e4f83b0748c2,0
5d02d9ca6b6e2e5b41d835ef9c372bbe1dd76815,0
6beb9dd6ce732e1a33b94f46a71622bda7e1780a,0
e28e699022cb09e847c112362a9648326e68f70c,0
02a9922b2c8577f414b43a08f638ec609892dbc6,0
2ca379b067a0a122cb54db4eef2b37ea3ab7bb57,0
e2b1afbff83dab29aafd54bf3634629fa1598188,1
954087e88a84eabbfb0891dd4a199facb23d98fb,0
33a29223779062e42b27ceaccf04aa99620ed4cb,0
85d0de1b39a148ca8fdb03c196fc8405e7dddfe3,0
b2c8d20be5434f323d756704c70ea06bc4c93df6,0
a70f559001624aeca0f7d350f25dfecd7f2d3d89,0
db63429362f71728bed8b6e12e1dbcd9c62a2849,0
6c40573bcf3f3b6ab232a7f3e6126b263ce56a2f,0
6fe9a2179151992ff7c85998062307280b92cf92,0
1389e49541ed91dbff10a3f5a6dedfc4166ff0ef,0
1ca46d02d18ec3f66f23323d3f90553be35ea718,1
4f5df38bd6249e35392e6bc69f16c127207ad8a5,0
22ca76204e2ca350db7955c90c0d39458d7046af,0
b9fc0e26d114dc4d9a30d111033ca5bb0457a627,0
de629470774fd840736f3955e3b3ba36d7016d2c,1
0b16c84a9b9852c953dadc2899787bc819c4bac3,0
480a5964cfba17d70fc785d27aecd4cf3c535b49,0
a3b0eed08640836e1118d330be1a60c7fcff4dc9,0
1b33ae36501f0ebb5957b26a1cd224c351c6403c,0
d33f7d1a569754b488f43b0ad73958a34f32b641,0
828815559fe6a15552cb23f4155cb7015eda3516,0
901dc16285bde3699b0b1e58a78f569e7398851c,0
e9c8dc62e0f43b5f21c45e6efbb4e52174b03d92,0
be194f96fca4997c79ff5315a2661427ba9f6109,0
c0d146e016d28d7cfc129736ea7b829316911e25,0
7402520db61b29ad0838d1036cb58922bf75cbf5,0
70b1f585dce3265e9862f5224f69ba2a85a77393,0
49e269e499500df71c7d4128553c7aba27023d9e,0
d8a82debd7f1b557de797f439dcb41da819ab21d,0
c68d8e557d2768024466651d6a999649f397a37b,0
52ab8b7876c222a5acb8169a1184b9b54224a68c,0
fe31ea7ceda1b60abcf7df9952b8be6b72c86559,0
2d02017b4d1a86211f4a3cdd7421e63422599845,0
947a4bd522caa79b776a9be5cc95fa6db1710532,0
fff16c4f4f34968aa1ce723f797119cc028e9d20,0
0b226b1102b6e5c48ad287e240c910fa03e51584,0
e7eca4d6853d2005065d7021a5f140319b3d579a,0
88f7f32189c9109f62d4f536590b791cbdba188a,0
d18a8e4b976fec561ebb8c38d04359d7770d62ec,0
36abefebae9f9bddde401f83fac6ae80bf55f014,0
127272e11fbd09991f591a7fb59801ecf924556b,0
22ef37c4b213fc62270e23312c00c4427688b513,0
43e95c312515240f7efc5b102758afd56ed091cd,1
56667874caa001d4ad35c8678950d249be871086,0
cab24050cca873f7d6375e419370fd6fe4a10e11,0
d671bc1cc042a55e72f28f019794482ad1ae3a08,0
de2fff7d6dfa7317d8756040287b6fe2b4a55095,0
6747967df8dcf340d8f64ae9d25046fa592643cf,0
10746a4f65d499e42da7c2db52f1eb13981fc97c,0
aa49e0e06da5c64f6a757238f5d40f381bfe912f,1
5f341b2652eb2d7a7a1fa6a1c772ef0ab9d4dc34,0
29105c0e3a5c8546ccd05e0b9dee63c899d19257,0
b15a8900dd2701b76e11882e6345efc89d5b7a0f,0
14c63a4318b18713e1ee2a6b91ec286867719bf5,0
c377cc9f9b3179e590bc0c096113f8d67eedb118,0
2037f7b38afb1c1b2bbbfec68bff3c4d77975448,0
37c3dbac7b9455e6d973a8b1ada9c79265b9a877,0
5aee58aecd1926b9f8a2e7792473d8926746df70,0
763c4bbf42e4e65a6c7833a6a904c5dad5be6da6,0
28a770e9b976c15af8de9297e25284811d000021,0
bc9f6fe0ecf16c94fff24f0d33305bb56aa5c9ef,0
8ae9c87e7b61e2a6b19f3e188a4887cf9678f781,0
9dfbe7245f0aa68251ab0fb2713064a40537211e,0
bb3d9fffdbe40997c9568533f07bcb87b82e135c,0
0397e750a8b1056041d42728f0dc61530c1e2406,0
c9616c066b11638ed5704e5b4fd71e637026c307,0
57526c3fd1d4d23b9ef3b555456ed3c3d3c9dcbf,0
438bd56cc57dd3e8af7bca97bc4891b1bc142e11,0
4a545553e4f22ad8343d5109f50b0602cc87b305,0
2037a81f6efb87b20f93728346bf98e21df9bbbc,0
d968b59c22aeeadb4e5a12eb68b83acd2232ba2c,0
88ca20dfa787810cfed8a32f811be7a42bbdd8bd,0
ff742e5f8cae8e70f4d11b5f21f8a20742e30ae1,0
7fa2ee5ca521a2c976e6c845c684f08317931e9a,1
1539d161dd15447d2e7f2cf14ad81db9b1e1ad50,0
13429963a6cf34fe11d78cbf98e3ef824875fa77,0
89e19b6e5c4fdb026db47d32b9e531266d7a1620,0
b03223be6378423922d9f9a78eb43ba4ffd7923c,0
e5a3411fbb61911afa6079a7d4e4695483ad9c2c,0
12757a95c2bae61cf8ecd7b8a10b64d189e2d626,0
33c2d7b2e4b6e234dead9843649b1b36b72ee9cc,0
d6c85b50121603e4d7584a6632fcfacf0c9d2c5a,0
a67b402ecb4bf62a6d3e3677d966378e5d943476,0
7fe19a8f902be5aeb19f2e683df6a0e9e8123498,0
8937dc52e4bffa900f12c0afe422903852f5f394,0
a4583727f0dba286e158aa37eab6820b93485aa3,0
a113a5bef5728c66a7f601d26eadb551f7b869c5,0
956c7818dd67dc5c6d8b2bc72525a1572109571a,0
aea5ed35af4cb92b7e8e0c49392f0e77878a1425,0
c6be62270b38e443dc422191dcc748c557ece1dd,0
c317456ec6b610bf8467608c0781348e8ef44b15,0
bcd68c895c54fbe2cff6b49381746630cd51a313,0
95a5f4dbd14c65dbf95cada898fc87adea335ce6,0
27b1cb8814877dd78d513e084a0a165d618816d1,0
7cb4a233505952aeef0214081da477e39f155343,0
ae00fd23efc1d603f3eaaf249d13d7552f5269f5,0
e097f7a9144813b6e6487a0eb87e105d2b3d36b1,0
b0f9566575a14cb6187145d54219c1f5b63c24cf,0
6dcd543bd35c02bb111de4d1fce8631fd710869a,0
983cfcb7fc216b5cf59d8b68fa98fbde9a2fa421,0
b356c4093609092e1c40fbf530308ae3f571db8b,0
18c01162622ef6e970eb7d22a2b87510e919346e,0
665b142e12fe75c8ab75ae729fb9783e467889b5,0
e1b86066ec6a045b5186690bc1316d069f175a80,0
c3c4be330fde866bee5a971e91d60f0e9bc1e8a7,0
274fd6f40a8ebc891a8a023a723b4ad2a41e09d4,0
60f296a1c95fdba2eeb435c9eaa515f57a408f32,1
ad751764873fe27975dcc440802adde08536b4d2,0
3f4df7090be75ce156d476f065422e5b96360bc2,0
809a954da74c3bb64306cf34fd8f5614032e2a76,0
15c9faf2e804de3dce5ce2c72cf19beef58d8e14,0
9aef8b93acb4d3af5b29b58632d45d7b7e855bae,0
9853fa9c8999d9ac5c846953d0ed766d3b0377dd,0
430cedb556f20157cb3b18cab84b72f1a0906841,0
8deb3817cff0ba1ca3b3a563f76010784709143c,0
c2c2d685f36118f26013d7922ff455245c039301,0
5cc026f03abb867311abc3513a90e57c2707240b,0
047066d8f22311f6ed3dc2d3cef16b5689f28f2c,0
61ab1f5fc21b604edadafc94fd1c22cb13d6412e,0
57531b4b1250c7d447c7a6b232c71f80a0bf235e,0
aae87b677fc8ce795ad27c38c95e259d77f6e024,0
dfbad7da634b0a610fe2ca64acd068d1df2b8e3b,0
017b96c105c2d20700723da453ee7d652b6f4428,0
a92822ce8d89c8a1508de4037d1ecd53d6328844,0
f05cbecaa277e29a8ba8c6fb0c9649b5365902f9,0
80c3c56ab9b175d1fe39b51919da6a8f9b981a2e,0
7ef021754434d2f28b11bfa7a9267169710e1ecb,0
121b9444b7d8c8d054fb1368504138b572c1441e,0
12f582d5d3d2c312b31c5dcdbec8293be226f07a,0
0b7c13f55fb13517565c504c35d46d86920114d5,0
e72b17b622975bf3b562b586dd608b6ec2bdebfe,0
f4e92208d29d404ef4adbd4b95ed61f6b21ded6f,0
d30d00ab09f6ea430b965ae978d5ee3a70e4aee0,0
723272187640aa8561c9412984d824c2fe6659b1,0
2e37261fd3c25890ba6e3ca3ad1bcf1aac81c905,0
1f88e675e3d3bc96bfd5db170867fe3e3d332932,0
dd071bd78b32726e56971b9f96f67a44f1a6ceb0,0
33cbdff87b6e613968eede35c845586e9fac24ee,0
58688f1fa4cf066e82b9ff1c740af2e161535baa,1
f3c6c786c01a0235807e665cbac6120ffa6e1a95,0
a558c0aefc19b324986dc94fa3ff2bef8982b748,0
bd09886e0c2fa1cb944ff73bd406baed6ef9ae9d,0
526b4d22d762197bfde95888134ade3cf20980a7,0
887722c607e7ae49bbe3d2e6f18fa139632d7a8e,0
5a0cfe80febcea41dc7d74a07ad7c2d7c44dd299,0
3e95754b44446d1f352283f5e878ecb370ea1a4f,0
0bc5aeb20726f9fcf5af85028ca9fcf5b3e220fc,1
68575d27a372f60ea94e6c3203522a0e3d369b94,1
fd203b721751b341847f7ad1b11ccd02280f932b,1
042f6c09077568989bc691c695a95c97bbb77d05,0
a8a5615c21e83679f37227d5c72f95a8acb52c04,1
d3bb5dd6ab5d25ffe9fa313a65d11f13e98000ac,0
1e6a05f7299e6739a164ff1f6b8835ca6b407e55,0
807d57aaf597bbafbc46b3754a08c080fff85e63,0
c60268bf072742c3d13a58edbb154def822d68b6,0
13e4bf99a7db31ecb4e5fe36a6ad59bf4d14f876,0
91fe98f56096e7c11b2192c7c2bc14c842192197,0
f52c5343bf76427085384263698a9410836ca56c,0
89b55d3024354643d01e2d622f2f262b8d93944b,1
421cb43622b568bd78042647cf923bbbd784f481,0
2ca009db652ad5a844b9e4a49c548b819ea54626,1
b3c25c63081956cb7db247168e60f9b6ac26839c,0
cb514286cbc271f805a895b25aa1e835c9db727f,0
2c3476de997309346d77d69ff90740ffeac14878,0
55860e8e0ab51384aae93d44b06b0d7ccbfc1f86,0
1eb66a48f5830f28679a956639430e1060f1727e,0
d92e02498ca45403a745149a100d41ceef26574f,0
5aa42046d07daace7b10764e61536d5cfb55858e,0
2609bfb5c1f1c3dd49891162449ebd4563ea38b0,0
1f44fb2de170971a139655236e25558f8eaa9b8e,0
bdd6bbe43a2cdbcc71fb12d250c6b1baa5923f9c,0
eaa5b65da23ff42a40c4ae83e3bc08f1970fee40,0
621ab6b135b4b998f78e5062d40d17fa2bd955fc,0
bead5bd5a1ffd3beae6d777ac55d72c6ac9e39c2,0
2a4a5ff613df6e432b18d176282d81853e73f095,0
5844ae491a18c7e217c8028b1013495e573c3b72,0
9681e4bf6fb08a4cba644fd669a2d4f1e345f4a5,0
0bc288beebaeff6605d739397eefc0991a588bec,1
665cad4d114b532241d8ad33c3927da918647d1e,0
6fb8dfd6517f31fb7a4b4e1e53875d889914d4e7,0
e9327bcd07922d39f750362fd6e176dfa403331c,0
88a13fe4a87b85666cafdaa0c634c79a2142131d,0
edea98981a3090c79059bde4b3f06b51b206e905,0
396c3d67a0b43ad38a2f4ff3dd066e3ae2bed2c2,1
b4795b98604e091dd4f3e4b000a895b2a31c1b3b,0
852aefc9b2e9b06329c033e91e235ff26f2dc0b4,0
eaa8adcbd37364dbb49094309bd00801871721bd,0
94e4e4d48211ad2388cea8eeba00df162ed5a6d9,1
8e4c5c0986e1e668fe90dd749f82c8804cc79621,0
8016b7492aa3e19ae3518911c660c66e2dc6a881,0
8e30b488d2dcbedbcb6e0765eeabd40e28c391cb,0
decc7d4b2fe5067c9b3940712fcb1e0d37266156,0
92625787a649f10db1df849656c4831c07bf6cf6,0
df98c87f7896bbe2234b05b90cb5cb966a775575,0
69c5457dc74e8005caab4a5a03538059f0550759,0
d0e7e0d17edd724edee2f14a22e62f1f73782242,0
78304c26544c2a53c1dee84531e92b09f980a18c,0
5d90e647ebd1925ca232c84415db4975ec1ada8c,0
a95c3bc76f105941bf7069417c750269e273774d,0
dff2c6f768359fae363b4b1d06a01809f7f33351,0
