commit_id,label_RASZZ
bc97a91a91e32c7e5d84cab872e814c55e87c962,0
ced1d90dba35843cc4f2bd66e67f339bed19b2d1,0
9e3bcb5529bd74d69377c34a3bf81425ef6223f2,0
6a739a7d01622ab509f03dc6d30f20cf34f7245d,0
98cf530fafb9a60faf3d13c9711768ce453f63c6,0
17f25ccc96ffbf8223fb70928ff9dd51be306709,0
e25a4b955b5725b51668a4e5bddea462e7c86413,0
ecf28d68ddf83d22b5f279356c02b8eb5baddd68,0
984bbb035a4e547e0880bcb30640ee94d936a59c,0
60444ad17cb1e3e38927e5a2c2732e18aabf52a1,0
65ab3558e85e3c4acf872487d63df0a7ac148ee5,0
68698bbd87096b9c6836e2cc13501b5d990a3516,0
dbcfda160bfab5ad5e4d06c1c02b627a581657c3,0
fed3c45753d169c087d11c74aa8e969d2b370862,0
d1fbe478f9bdfb40f5820c29f9a7659e04f9053e,0
d0d3c299c1bbffc088e5b011b8e26f8fb5c8a2d2,0
3785212afe9483e1a182a8ec8decfb930652231a,0
87e8bf860327a3e345b406416acc4aa4b7088dfc,0
88916beeb3aeb2501017646d3affbb2ede18f473,0
9ede8d1c541175b5e9fa2565ac81f92a9798746d,0
9d49870b1ebd47f5c14daed4d00f15d7f58d13ad,0
7d2083f8529f75f5ea1c11ce4bad919798c48c5e,0
b1621d0a47112d099b699ecbf6d67124bdd3dac0,0
c4e7b29a5b5a9e2b2b0d62da0cb68800d84103f4,0
70c561a4771b6f8df321d32193f3f0c08adf97a8,0
f2e18fba6e8dd4bf2d0d1de77827cc3bddd9d73c,0
5203f930dc6f49969cf945c712e9ba417550e67f,0
dfbcff34cd21de8faaf99327d700abae9e284792,0
5262b90cd95b1c9d288c257ea726c777437728f3,0
e945342e35facf32f4efc3fabe6fdb5a0014c15a,0
963122935c9e5b562b5264e95cb922accaf16a7f,0
3a49a2da8e65d3e712e37cc0b30e5e294c4783f0,0
e236c1281c24d1854ea1599d50ab7340d9aa939b,0
7e9777a2d8cd6e03d5d4540c57ec89c55fbb4741,0
2aef1be6546ed79cae003dfc0eefd864c211be80,0
bcf45fcad014b7c7d976bac230e3020b1a36f4a1,0
6d21d9dc00f75bb9251a037b6f0fda4eea89309f,0
cec6179e079f0a5b676f4ba602ca38a3e3d1ee86,0
de52be28ed6457d49dca74fed7de537feb94dc41,0
d6ff11aefb960aa212d39dbd2e70d571e39307ee,0
bf04e5e7a5b88977231b6895ec7cecec812bb4f1,0
5d817469efa624b37d487f7e4080801017d0114f,0
940d2d0ddcd90ed0c5b41d731c3939acad4840de,0
be071fcb70f737c8b5b782eb31180654f60eafcf,0
e4cc2aae3176e2d2cd421cbc501d38f5ffe2bbcd,0
711cb2defc37a3508072d0360e32b335f19f17ec,0
9085ff2500ba6301e451e9946d59bfecee4b66d1,0
5dc71bc234a89aeeae94b60f9bbb5a516e8f2de0,0
d5d17bd9c28590cf44469bc1898c263ecd4d05fd,0
9c867f760b9504cb08579f366349490cfa15bc13,0
2913b4790cd79ebe238ca9a9e57f9efbf1b99fd7,0
d8ca864464c9b23eb7f5a381386db3be8f7e7eff,0
6a89929ec834b403c320c3d5bc15e9a3c3ea104b,0
0398af0afbc1335278e8e5e0a4efa52f2c58f444,0
800fd5eba37ccb83fb5f401e3d8d31f86dd141a3,0
eabadd9c44b580309b95f785127fabe2ced3bf27,0
296a4dd35e3bdb936e98867d1ae4fc7b3ae5d71e,0
6e89169a81e3f41ea6522b1ab07dcc48895971eb,0
604b7bdb2494579b071d6645f86878c0e618a759,0
6118505970154c8465006f1d5b742fe2ca071f82,0
8d7e611a3aab76c7285b21cf29d5cbc6db850b66,0
5e630352d68ce678804666c44d93906697f0154c,0
a4c687b0afc5198954472df16c443756ef7e54b1,0
9274fb76f006d28bfd11f1b3e519e4f8b8af96e2,0
1fcbc87135f860ae399350bad68db66a2ac697de,0
4ede62532a2fb8a584296118900189875c8bec89,0
90b5c74ddd9e03b95b80c5972371e87f9a8f030f,0
1101d7e96fc978642152e7d2484ef31bcdc20da7,0
9a9524451e3f021b066e878da3fe5e44ee045bc9,0
09f7d9335167ad263c363c17d38aad92b56ef835,0
667e888d3d3468045f13549a6161b674f6bdba36,0
9124a5c1859e2be755e52698003815b9e7d059ed,0
d776b3de8b62a9bc24fff6c3cdc91c44ca1b70a7,0
c64231e86392f288fb0524b7fd644bf4f020ab7b,0
dbd621c2f7ac15feaea3b29e3336ecbb2dadebc3,0
8f9a414b118fbe39fb3a476d78afd89d41990da1,0
52a8884be6748cb099d79a6fb764f2163cb93920,0
bf274cfd5742063e70d9690ba0ff966a8f884c07,0
e0ddc776dbc711d7e1207dd83dd3dcafd2754857,0
a6dee1514cf5caf96803988ddca9b61c99726c4a,0
6e037c11d6ddb33f405c79374a648f14e3d71744,0
5d1ac618c264b4decaf5832bd650a6894a17e8d4,0
9beec0d7d12f651412d17bc62b9d7ed8222d3f33,0
68628e6a5c6c5c5d4e8666897ae071f8e468c68e,0
13b14f8fd6ca4b545301b027947938d5c4e5755f,0
1d2a7768dc4b0173b71f2d4946d13583add8e91f,0
6f764382b56a9e695ac204f984469a62c77a9f0a,0
59dc0cee07a65c59fe80fbd75a62a55460382755,0
f9647fd8ed45baf34ae5dfcfc5e485c8444b57a0,0
d7596d0c7c3626d9988f0f938a6e37d86060426d,0
714afef32ba7560acbd6e450eb117a0468a8743e,0
63df9b9a05903d15c141d34dad8e4758b75ea665,0
a1560013b76894ce98b3f2b47eb6a7007b18c517,0
9a08f9342126119a135ba29fe3b28b1ecb0e1785,0
efbb4bbb78de7c172e282f6d616a0d0b7eec8078,0
78d70f97d27a9c6fa9e6ce5a9bfc6dafaaff6961,0
ae1dcb7c4c5b1476dbf97ef434887c767a3c6bfd,0
efa1bcfa8d16324a87e3a31cefa5d313ddeb7a4f,0
76c9adc3382020912682bda510d5c0e2f4547eb5,0
386f1023ee32d00badda00e568fd9c9201b384a7,0
9e464e19cd6588cae24c46c8cbda72c11aca54bf,0
8e0926fa07c119e61c7603f5f1fd8a7ed27ab8d2,0
8aa38bf2c3203ff88b1bf25bfad78834dc29e00e,0
e35f55720564a7ebaa151a411e6938820670b9a9,0
6e1e2c6070056af4a03f7055ce7ee603c1c9b162,0
67419dd145034f5ba2fe86d926c44496fd113db8,0
3c844f915c0c5698a9eccc48e68d90a92f87ecab,0
aec5ff6099082b56f6bdd8c63f9e2baf89eabab3,0
a2b0e98ac4bf27326ad9495024b26fa7c30ac206,0
71ebcd237a411056a1d5983a4c43f0c0319be58b,0
85a5edd96509dfff9d61a81c4f0f632474cb19de,0
c3c3864a77d4af9d6c8026a3a6d4de95c13ccb52,0
b1695d41574dfa60f0520640238cae9da6fba1e2,0
e51c39844ce4fb9328245f842f75d489e5f013fa,0
f217076ea076137dded6140005d428c34c7b64df,0
869b914ed00331e1efe9877f4c9a21700ed22d66,0
379c7da2d317e742ea00f97038ca6a8fe412c64d,0
0339fa43e7821c54b5dc1e22fc1b40038cbc252e,0
3331781627f9e9ccc8c08c6874b7e31c85caa5c8,0
a50afe379c3f3efe2d8339f64db94825c11099d3,0
880c797cfdb089147f669cf52d555537f2977b59,0
d1fe24f8cdec137218f910d2bdaa8e4329c92a2b,0
1beb6c0020c9536f6d34940f638196efe645156c,0
46fd247b20b4d3d64790bc32c31ea9caaa6da244,0
795d300e703acb625fd1a22e0841f8d55e756b84,0
2f4737448ad24572dbed044887cdd93cdc84c934,0
47e75d5dc0497d6ab33aa08e9761770d43e22cdf,0
25e99d85c406d5a3dd03c311591b2e869620905e,0
d9870f07ce016aa7b329d8c0be1987fb9b4c1967,0
f212f20615d2a8d4d4bc2b637c4765104601124f,0
cb5096aa85b0a1c3c1e37beed95ca93c9e492069,0
1e4023d82dbe6e223ea12dc0063bf58d1cd91af7,0
5aa8f9311ea98ca387452ee1bf13676edff4ca7d,0
a95cf90bb0bb5bd783d83312778dcb657398ca08,0
7151c5dff42d2ef265bcc9b2cd73c95b16779481,0
ed6e196674eaf358c21f9d4d7fa1846cbd89653b,0
69eb1bf7967c15dc2878afc9b1bdfbc8ebead3ed,0
08f6a27815ea8399bb7926f42b0158cdd748d956,0
01565f8e1aa88345d28fe803d37c64cd9937e64f,0
9569541f41022ff4e4a13894c9034d48a6b7c362,0
e7f84c3d75e27005caac2ace2dc671fe9bf9b24d,0
c7893fcb677da9362e669f5f65473cb23bc861c7,0
6e5095f4a57428cc6375aaa57498c0da4bb2e054,0
416b355ab451ca3658409b2a80b45a178ebcc90b,0
e189ff935ec79aee4677540e84c0d35309cad7b4,0
0a8517887fe5c0c1cbb260714afab714a7380b08,0
fd04cdcb60867c2e27a0c820d9b9e9fde5a697cb,0
eb24e1f6fe6b453b00d58f0636d5871cec1c287e,0
e70c0f5026f987a5f8070e42d32f414868f40b69,0
557c287d3bcece82fc458b919d6b3c0d3cf1745e,0
b6fb9e7e08466cc9bf9131e547273c582460a110,0
d9868aa0cce9a69989d0f38f77eba1e68d5eb0eb,0
a1c0a394b4de18d3a3ba201aba7394906cd9e3bb,0
9bcad74988f363f7401f4bfde5ed335eb54b1369,0
ef860e13a635f3d298a17d54fce3a78366359586,0
911c7bfccbd6e218bc408c0e799f85ee680724f0,0
f56aa1063c615a5722204a18a0a6928ca9a9b7c5,0
60f4e2a887eecec81348a78c62e13ad65979c218,0
3cb7ff9eba563aca2ffc965744ef0b6344089c7f,0
f50caf3b8429a0ef67171867b3d88f50ca6bb81b,0
9e36f9794895e954d1da654c9356f98f8a69665d,0
80d12c0d57ff70d11861066f9ae19993ba744791,0
17de723e847d5816ac7aa1b07235728c1ea7b285,0
4957bbf011b6cadd282bee3981a343541476c1a1,0
ffe0301d6c34a9aa19cad632a826299bc8ad0bd9,0
ed8f580ea8d16a1f839b654db384f9506a694b57,0
91287f6e343059e77b7258138022d510b0146585,0
5ef2a47f58fbef63a806d9ad551eab71baf707d1,0
167f769d384ba5493d5e4f74723d175a32d1eeaf,0
d78e5f3e6aa167691ad2c3c757536876211051e1,0
e0aa548441323dde19611de44e1e5bb207deff3e,0
1ee240ff21612f5efdb71c7633daf4261f895c11,0
17edf2dee1da78fcafbdc8bd6edff8fdcacee49a,0
7e38ba90dfe4e79198db003efd4385776d7e01ca,0
6f737bc97cf5e8dc754e7fd03faae8c7eeb5f732,0
1ec663c3f57f9bd79077a02eb409eb5216f022b1,0
14017b49001cf4fa5d92cc6cf1553b1907c0335a,0
92b5c5c41d5fc3c0763c067d2e5ffd3445802052,0
55fc4e857ff48457e1fcba1da1bef415e4b7f34c,0
28fc315184895c896a717729f75ce79fd6f5956e,0
867cd4d294b092f277524a4a142471b07feac1f1,0
8d6d63f6122a6274b64b6de719f1534368ee6745,0
725f7f3dc10829b0c046a074b5d60f979823af33,0
23d980a7742308e4da3c862a3e31f91bd242cefe,0
38f194f69678dc94ff8c7a59b14b7ed4f42da734,0
b7abe875ed9c9c12920bb685f8c026b9274d5ada,0
95da538d6d7e1493c9f68b354db061a95c93b246,0
7c273073beff91b2d1d15a27324b620bdd5f2b80,0
b06de6e36ea76f550d34083ccb280a5ad7b8f2d5,0
a67d64ae04ebbdc11418f1a052d024dec97528e1,0
952c64b594d8bb03622383bc7340f2b2f9a84c2e,0
dd744dd8e313318d0a97aaf02af8efb1104f5fcb,0
066181c7beaf04d2b95f8cc8977370992c66f297,0
b7993f9214b2882c77ad4140bb8c48badb0ed8a9,0
bfead0ab010b626ac0b92cfbf3dad26d631464cf,0
b59383700441a464230d16b37d31c45d490dce0c,0
3473c6d625194acd5e0e960403506c8637b10b48,0
055b5863c03dec9d1f75a2035bf348a5825c583f,0
563e7bc27f83859d7b681aba410361cc0e0df862,0
b9ebad1310df011b33cdd4f1a03bcacd78c8d26d,0
bab23f7396250dd861215810260c4f8a35543200,0
89b2aefc106e8dfb1710e438880b4dc61d04be3f,0
b881c8a9800095136f3c7ef7c892945458f61e16,0
9c1cf9005ba7d3b215644ffe93b6a58dcb65c981,0
88556adb3c19b7c9323cd5c0c72084d0d14eb93f,0
45b3a1586c9f641a714400410046b011cc73f7f7,0
f771fabc092b9f920af536938f8bebfdc6fcbb6d,0
5cd030ea7ac483fc2977318d770f78fe9974f341,0
fc617c0ff5046732b769bfbee39b73858d1db346,0
0df5c296d59ce40d091ddf607fc23973fbc23a93,0
348b53135a1274698783f47924d92a92aeee706a,0
0949b7cf21760494f729edd278067fa43d9c2e39,0
2c791bdef0433144766354afc99d5f952d5cb5dd,0
9de21fa3c48a811a23128ac06bb2877c2d5e1a9c,0
8db1d2eeb5b543da2a89141bba5943810e24e5ec,0
4fc5be98091e4364686760e12e7841c4f76b91a3,0
2c15a943c48ed69df661bb69cd0066572141b05b,0
9c82470217894ef0677b248be9bbf20cf831ff01,0
83b9e80ba6c0b255dc5ddff39d86a074d13dd3b8,0
9881d9633f555c16291de2310e340cced4efb4d1,0
ed34bb8e82dfacd7873909358e7f5dc0c0003607,0
bcec4b0af865024db4c6d5877fad9d5cdacdbefc,0
0c0a2f12fb4607317a7493921576d4161559a57a,0
c2873869a860c9ecb723531863f7d3af37926816,0
902bf29777c9a73e6f00d0c4fa9889b38938874a,0
637dc2659d8631751d3d53b507fcc155743a602b,0
a081f602776fa7fc3d2134d14bf4b389975e6036,0
d85b3d19bbdf11893d3b1d8984202e321c11e08e,0
5d025cd60a3f1c0c4dcc26ddac9e3c703650ab49,0
d8d4ae1f6eb266f046a295b16d37c0b555eaa5e1,0
068ac7e4cadedc7e8e41d607d0ff15fb9eb606a3,0
234ad4c2a05f7fba77cebb118d415850c4b68bb8,0
215dd183e661ee3194afe52992aa016891c00a09,0
e0f7a91e269d1cebb7a5e2218ddb76c9b75b0dd3,0
d4d6170d05092be17527f0e5eb0bb13048c171aa,0
b576aa055f641141cacda09f534ee0c2b73cd7f0,0
f3fb875e6c46ba15ada4c20be18cb3881e0ac9bb,0
177bbacbc028b3023077ca0b813665c26ed899f4,0
b23da0ef659f5a2ed2bb78c33eaf0288b59fcff3,0
580fd4ff86e954db8a696c6d8e714df1e2650616,0
119f8c5ba280c776667253dfac9c64e4c79ab1f1,0
04d7f5bf2bbf021be4545f42e9dd9eea1b36d141,0
0f1dcf73199192e0d8621917d17eb0f447627111,0
c2ed65e932078b588c21651566f65977eaa9f10a,0
d68c9ebfbc9283765c5af869553d79c20a032c6b,0
bc90de3beb356260a8c7c9c1381a304872b67b5f,0
c6c2077a9dbda532b84d4e97349dfe48d368cffd,0
eb1889cb77006db57debaed46a0105abb22c3875,0
b63843bdf033fb25d43b5d451b15656fe04f9774,0
39fc034d7d7321003e81ecde8ba1bc34e741425d,0
7f2725ec13bc9f4d28222a4201899f3ed2172207,0
0c0418ab732568a830eb5ca50ae79f4ed77f66bf,0
a7861ec5578277b7c69c51bf8183dfb314110dc9,0
8c8db36e787a2ca604435a28c7c6c66c234de63b,0
88b2396015b6af27e0f9648486d8887ff953c5f8,0
3e59bb437f4c77fd11c03bcbc3096ac7733f7c42,0
e1ed53765d80b2e6a72a7733fa49ec9ae7f0ec12,0
2d5c9c78fb4c4cfe4cd91bcac81a1750b18904c4,0
2545338c5fed2cec19d480d1a74c00811a87a58a,0
32c1fe7536c19f3cc0040a4a33f5068460a236f7,0
4e677d4615ee3d496dcb4a927baf4f4d1bfaf43d,0
67bd0318d50f1d5d563a8b9b51bbefd2c678391e,0
2b0c441c67666e0c48172c0fd34053a17a3c6f2c,0
69aadd78fd5dabbe051d79ed2272427440f638ef,0
aa15bf4621336dc88dbcb7cd3facc7366dd0beb6,0
31ccd5b1888054df57e1d4d1ef863484ad96237b,0
c99d62063061756a3748c9bbf0669ec1ce6ef99f,0
621b7678a08f97ecb4f58752fb3b2f501d8b002d,0
251861e90edcbef281d2d2df9b3ecb2b3712e701,0
1c157e87be3175b7494e671920c9cd6325ebd380,0
eb1852a942571d921a33231b598ba1e264337072,0
073a41e9806c12f1faf03a35f700722ac394735d,0
f0d30f421031a4a83499dbcd4c0cfd91eafe9bfd,0
9891fe5f48bbdb138d732a398242274539978021,0
5e0d3449dfcf9aaf57604ee8fe448735ddbbea93,0
3b07a94db47fbd0e914d372eeec92997e77c2b3b,0
d0f2362f0e245330e6209ec2702d45ebb4aaf350,0
8411cace31c6aa55b7f3d76ba8609a824811debd,0
633ca52b3e0febc81cfd4c050290d9ac9a59f573,0
03195b02a533c7e77e2df70ca076c01cff333414,0
60e21a3f6826fcecf5658e13fd0f0f615a98cfd6,0
648bb3831ada992c8a7607c28a9b9f102274e995,0
301a03a3b0e6a0f4973854ab6d44640cd70ef407,0
c6dd9b40a3b1457b2c1b42292f57fcf87ccac225,0
b71fbb5cdc4a3c3e908b951316ca153509f30500,0
5af469bbb8120a87734584644b8e42fb6a55516e,0
a1a438c6e24c0553712e2e32c562a9f72cf6f8db,0
9f565f328d6577a9109ac724a4a3cf94de5e4802,0
2a5af07fdfe000575966dce47638bc6c72125488,0
14dc32ad203512a6e97fe3e2f7ca4554902c0cc4,0
c02a7b0a56d2dbc4a445ff5f37c3467a6bc0e273,0
08a5cd3f537ce2d0cb831ae579ec610679fcdbb2,0
4855e4f79be755c87ac3e57d015d354f61192b12,0
3d5cd37fe211ebbb4cde52f594d7637f357708c0,0
3f16469d2ad97f0e75e3f87381fbad4d9413c5b0,0
f9762fee416c9e79f2f687985476c080e3e017e1,0
db1ebaf1245ef2100a78b3ca701eb5ccf15c85f8,0
cc599cadbf979107dae8ffc12146f433264b6eca,0
6c706652757b7bc5cfcd0c0c13cbb07e0fe32c82,0
e12837954a32f83c2eb7326451cac78545413948,0
335307a2a6d584162d9684e7fb39a4761d0f2341,0
d449187420b6059cdb417e53dab51b2011b680a3,0
e7bf9f38091ddff331821f09281edd49e38152f3,0
b9e45e7fe35dbe8ea2a7bad558ae47c47296e566,0
ac7eaa893144438ac81cf8a6284b2e27579e8497,0
99beedef2d454b1e146592eeea40ea4966cd8440,0
e735e1584a5cc173ea151b5170cd451a955f35c3,0
3796d72d1c68a0178de2059af9e1ced02959293a,0
3b5b6c69f87ae22853dcf3e3b8ba9322cb227b63,0
8ac7e5fe75db00c9164e08a1e4d01fcc60fcb5a0,0
4d81b47cc3b890680a8b3d1437566f4fd7f2177f,0
43942951e30171f5bec8897b6f550edef0914d1b,0
f1e45e6b670d89e8a92f6dbeb8e40c2eb99423ae,0
f74d95303f901a21bb36fe5958b8aa6cd635491e,0
c4b93279ad4775c6766a0cba8570c7e82a5524ec,0
7c25da238d3e95806505db89316712c65abc2012,0
c9bafcaa181b16e85562fd0b47aef7991cb990a3,0
80f85cafb6d5f82160a87fd602ffa84bce2ef753,0
61183b98f50cfc343450d3e1ff09d4a61f30e629,0
fd0dd3c36c7b2bdfc0b8d245be11bc83e04e9ac7,0
e45dabf2b93585fa06479bf9f9564cfd5265f35d,0
73b41ff7f060101425b3c1b6a1ed925d8ab0fbac,0
376860af65c6661ed6bd3b473ddd7f645d529d15,0
4c0b085d23d14ae3b211c4093b246df038c4e626,0
6e569d6e919fa86de426a09427899108ba02e39f,0
269de5f0177d10b275d51085bf60db0cffc1d6a2,0
79558970e1f0d4e185803629f2a1110e3ae55e9f,0
a6cb5fee7d4d9ebfe1b3f53f554a0df306a2e599,0
ea5b62e54f763651123fd500880c920733b65655,0
3a351aea98e2ffe9ec788f321680308f14779b9e,0
55e8e3d07cedaed289bc7887b647078e356ab877,0
2035f85dada23351654a48cb75237bdf3511b55e,0
952e958a4f3ff060d27435577e82fb11d4d17ecb,0
6c2909a8f819a6deba3f2064988d9866d5634e91,0
a6fa3e14f8d27c6907837af97f1584a620f3143c,0
697cafc11b509f5a5c6b036155b05ba0a9d55d96,0
1fa5afc32da2c1fbd7c5288aa6d4fb282b5ee1eb,0
b4255eb3f41d542e48ca456282154b339512905b,0
1c5fd4e2224572f5e0d07c3e080a34d0dde1de1a,0
bc4a6f8d99d1e917aa3c60f0601455429b8e7967,0
faacc746bd3ea0b9b1f5faea98c4945ccd879b42,0
cf6f3f0bf904adc87c1d6dd877d65e84bf193f53,0
5ac9fa78419580ef7ce30808925262ef1c7224fe,0
a61c8fcf0da8369efc1bc077503c4614d26def08,0
4228d4878fefb42cf69b260b2d7ca8a7942f9e4e,0
635ee599f62959f9cc14b43f6f70c76b2ad85f68,0
33d0033d07b4bd98cba6f3c6e809bf3cf60837c5,0
14e24faa0878cf2d5b9ad73d9f1cc77e464b3b4d,0
c25a287566f7a3d7ce7d68e2192ca6782d265a14,0
ae1b46d117944982945ea1f9cd92e518e7670d58,0
bcbcb00ca9627e142bfdee6e0a96b92bc8612f71,0
544c344ea59a02afebaff8cee0cd5c5bf424ad74,0
dc7ce7622a6cc1dcfc1bddc71a170ed9888e8931,0
0ecd1dd356016320f47d9c9e8a36ee23497b3fa9,0
a32cd2a7c120b1a18b8e535253c067d5221b9eb3,0
db6cab2182c715969800155d2d54a56f8fa14ba9,0
1519e127c52e779ce5094b5a11618c21caa005fe,0
ecc90ca6764bcabc5bbc5818df36e30ae66bf272,0
2a984aa3ef29ba9d6ed1af92b66e1773914323e8,0
6579cc9bf0df7cd281c7a21d5d350dbc07c69f6f,0
6433cc13c29c355b8a6f4cb094deb7ff0136e40b,0
7e21059854ea8873969a7d6a131e8d93da5883c3,0
dcb1ba2f4fe061ba323f1f4b474dda2052aef015,0
0e5efa76e2e97f1531f299ff2de1a22ddb9c79be,0
78ec64065a89bddb4414ac1cd16d837c8aa0fc41,0
230db77e0ad1b87722ccc32933b1c52cc23cbc6d,0
b2efa3a51c2d1ba4e7e44887e0496ab229efbaa9,0
260c6fd3f6c141640de46eeb9961e3653ee96c83,0
19f90e50a0682afc4ec63f9cefa73b184973ba1a,0
b74396238217ccc9eb0ae662dcfae3f3a8e35b28,0
fe73ee8e6ba534a88158ca6c23ffeb018db7a519,0
8a1f208f2c8a9027f795e5bc4a661b89aac94a09,0
3d47c7d72bcc5bfaccc21b01c77c05cc674bcc07,0
2110eb85900595689a944659ecba66dfbd3c6864,0
a3c071a98f187b92254a0213f8be32382d072f9c,0
aaf46a710c191ef471ad5efbcda13c99bdd7d2e5,0
813c6fd9e0c9ea7f666a584fe3655c11b46c2f91,0
8805a064a303ca6044ddbf9171c9879527561ee6,0
4117bad96c51fc98a3cdd2d6b82ef3e1700178fe,0
8597274cdfa5f2d8ed4db016e86d7aa26129d7da,0
5ce46f35dc776356d0aa70aa716e00d990618176,0
2f2d0fc94b820705bdb9f1028afe798e3462637a,0
3c9109a9f7e1e6c20b56999e7ac486e7c9b05db1,0
90195f15d98602fed775bc44437e273c0cd26dc4,0
a7e37731fd4ef60f3ebdbe77e99a8571daa0f290,0
1b863aaf656fc3375241388e1ae863126bfd5398,0
24006f5ff2794a4bcfb539e1356376e00f65e41e,0
7409d7aab7ab31f6ad8cb0eeac0d20c8415c0268,0
1e037cce5bdf54321b98a1048a29b2ca6b140829,0
d3237d0b5e1d613777325cd063a2ad6d11bf1cf3,0
44261a8f6196c8b9fa141e73f443355159e1a511,0
a6751fe7ad098beffd4d34de0eb642df84c8f894,0
19846aba7d9b9f332f2d1cd2f858bc2003379e19,0
a9da245859105c5a7c21510e9b836dda20c23166,0
7dccc9501ab29f7c3499e399ac692988fa321f94,0
56c571bf5124b7c0007b3298a770e167c16cb53a,0
34d906a8ea2484f4eca9d347d4ee319cb4fa6ce0,0
56f595be23a64a63597f65c52ad5d9e029949aeb,0
532a82150c882f4cb57710f99f85f6d4380660f2,0
1e74d171781b236ab5b698db11d951cb21060c3f,0
ebc8b3d6564cd2f5ff9c64854f7ce11c2345d0cf,0
e306bcfcaf5e44cf474b553a0262dfa6e5d29aa1,0
a95f12a20d0efa4d2936a8056a767234870a383a,0
f2a519eab4468b5554c49d80d6ab040cee0b912d,0
7fe4127275bff463afdcdfe0b94a14edbe3be8f6,0
46753940d606b4c2df5fafca2b26e139f8a22d46,0
79e6a9d66bd996021884af082a306714026db6eb,0
abe3674cd73e9740db0489c190a548e8918d7d38,0
f4c15173b64a7f16f3f6cd5adbb494fd220a6ad8,0
4bb68c4a30cbb78410e9f41b2ce01d4c9167cd08,0
a9e899fefdd2c4ef6d4ab77fe0df0bf46a8d350c,0
47729795199987cc3dc1b76fdf637a1b4400295e,0
4a54742a9a1c64ee7545e14f43343797eb1950bd,0
7f9530037bc94d884dce0fd2e551717e4cdd7a5d,0
472c64f927f0f6ffa1c8af0535c8655918975857,0
1fadee53a323d764ac5cb8b369d61f1d10f3211e,0
0de5370e5c9eb25ae3a3599b70ba138f306fb718,0
c41d418dedceec2dfb0cecf8b7c596be19eaed75,0
c8ff150d7313397be4d125e30a992bf647d2bae8,0
82f19df5b960696f71979027614624b79fe41c7b,0
7dc27cdc1de259656d0c09b4cffbffd706939680,0
e58eb62b5eda0d7801dc836e74bfeef69e128235,0
17e74077a1b446c7aa31e6d627e7e5cd53254580,0
afa3216f0e00d90a322a7f021d7bef569ad7aa2a,0
bc5a5372897d777032a3d94e77aa8c9709d41b4a,0
febd1a06c1ba8aee8ee9fb3147d2b6ef3fa7d91b,0
386858a57961e833800d9f26222c50dc85b2c87d,0
933c12032022e375e5489fa6c54fe1186590761c,0
d88d07006e58c6a179afdfa1241b3753e5ae2106,0
70d4baae06932f527c14e480564592e93a879f86,0
c2aefc848e2a0c8d98b059ff67163f80ec73a6f2,0
e7ca9db5ea96f4223f26ae21346c39649c26154d,0
67b5ba8fdcad3b39f084b597c2c7fb7f74a26d8e,0
8488cec6e9a19992669a3acdf5ceabae4d1d5095,0
ca2a9be020d67b1c34766aef99b870f4795dcdd7,0
8c91c464eb7dce41eae10e76fa574c1d6ec8f5c4,0
c62b467eedf6450839577c6a799d055f5b75f2fc,0
a8fe27a53ac2f998f9f96f455caf385bf6d5c3a1,0
0f8dedc0a3817a2aa9ae9d2348c30af5e63385f4,0
4248d68b16ec041af87de2dbd22fda29a3322ea6,0
73e8427517b0f5474ac340263182d25b8c0d3eef,0
8485c2d04bf7b43528ac87121d73afe14b29383f,0
9b12a982fc56515fb5c2e3807cd433d302f19b3a,0
01daf9a5d472c9e4caaba02125bd5170a39532d3,0
c33177218eeea2245b3ec9db75ac911684e15dae,0
f09ac326debcaa10acaba4ecb2bc13f343a789fd,0
2d19838a3e2df26c8a836a0aa55f37a35cc52ca5,0
ca36afb91fc945e4135dedab6776c448e6d80e5f,0
9ec447cf09ee94e316899b765575e2f2fb5e2a0b,0
de0c6e1a0a22da030a31c6e475fd411d3cb71050,0
32966385f849fc2f0317b79d9398fb76836adee9,0
217b0fc9da62fd8e98287adeb0bf44a4549956be,0
b192926606289e3a12021af5b591325e8a653356,0
185179f15819c458a406a3f2e09502afaad6b685,0
f347b987e1c4e547804bd6f14d7cacdd3ffc1472,0
bd3e66777bf1fadd40cdd47ceb384966917f808e,0
db3a4464982d040ddd2a865a8de581616cf25210,0
d3680e646024bf792803f18f8254ecd414d8637f,0
2e51e5e0b660d328802a5ace8aaa2f94f6b5aa80,0
e06ba26994e3d954ca67696bf4f92ea470c1e7b4,0
c9c9322ffb51f5c452b8a32a2ca5394f3f27f943,0
7ec98dc7d75c7646cb7a87093bb5bc7387d11131,0
3450d832c3637054f3014887ef13fbb8a907d4ef,0
461d06aa33c9d879e2236dd18d5fe1c3abb43f36,0
4b6f4fa0b916b8f9b5b827bbb83eda5824797a3e,0
64e43c43e22761c06005e8c8f662084673aad3c8,0
877c758e2b4b01bd2c1b8d057948db84bcd72299,0
0177e2bfb5090f4f3f0d634b474e53ee96cdc0e1,0
ed251d26c9d386033e79d11bc950ba59e348df42,0
eece7a204b55c3d6dac57b112eb28a2c23270633,0
0db46f6ddda4e761f223a93d59d4302ca08f73bf,0
9eaf8f61e3f30e91407c2c95bad31f8427f48a59,0
365a272f4200f1eccaaa35f08b70211fa8d26a38,0
4d39cc1ded6bda4028aff77fd39718fee9311056,0
e2dd6e7c7b416894b34fcab43b0045b890103575,0
91b04d67187b34e4d2df329c764f2067af329310,0
22f4b490a47cf8638e52496331e051a950707e9f,0
f9350f32ea4591ceb57cf45d3abd6e3c085542e2,0
da9113a9639005711e77803232ea7b2a9e460d35,0
f8776cfbbc9297c6e7a06b1ccb2f040396a702c2,0
9057af580308a4184e3fe8153996ecee16000bbf,0
6afcc62ffea723b317fa41345d1b058d2c4a485c,0
afcf691a6fc9a1eeb39ddb16102f677fff6d9459,0
2c8fba9ecf29f3d93b8d409143930bcc2fe47ec4,0
65ab0c84bf1eccd51b6f45a1813556e44eb9c090,0
89e37482e4f3fed0d405053585504472e6c71b5c,0
48a3650260a18b602a2276cd32609e891ff17c14,0
4545f65fb5f197c79320e8ce27c787c93b7b2394,0
5226cff217e48d1f12dde5bdd519d3b651616a05,0
14ed2c1f94df3e5a5fcce0102c7ea7cd18ee88b5,0
afbaaac229e4cae3d1d7bc8fd086e94586af4fe2,0
5a58c92ce721130f722ba675a84a8d4d5780d53e,0
65979251d61f3c23243919c07ca157f888b5251a,0
19d3d4290f83b04b298211a558c349984805bc05,0
2d427fa0d7cb520131db63791548a74337805487,0
84d1fc23e5e6bde6ef02e7b2feadff5e24e68b4c,0
395a6dbb14bc699604bfbbcaf4ec1fa2d9b91532,0
40892332882917b125b111c48b8ed4b43adb99c6,0
bf4b0a7fe83ce9bb5e6bb52ca2eb4d1eda04d558,0
cf7e4d509f7992f04105c7b10d891a160b9097b6,0
79971c40004180c92ff794779a20a39c80e8bf96,0
d50412915d361c6bd7eee8629ab114f2c91c4b9a,0
0dd0c456a4d22dcf0b87a913ef5d0f01da860f7a,0
5142b3f92b99c05f637b34e837adaa5fcd2f7d97,0
c193be38ee1a7dfff2ff81d8dc665509f13fa9c2,0
c8364074261a605d55f486621c305bbdf415d375,0
2eb03cdc89e3eb7693d0ec93de1b9c4a5981e22c,0
af25a0d52fcb8454cc8f589dcdce2374a84141d0,0
499d1aba41ee7c6aef8befad23c7756ef478d384,0
0062dbb1506c0bcd7ebebf74cf2ff28ac6b9e22c,0
c204fc966d72cba0f36f93565de81463a2522a1d,0
3e45627cc59fab2e8c3757c78b8e5cb3a8bd2f99,0
5973173ed3564b3b5c92aa2b9384b8db7c1c901f,0
a560375ec529768cc9f4bb4e3999ccea91a1a538,0
58c76a03ea3b9e623b4c4c5bbaceb2a52a904fe0,0
747e0d26b50aace117cda36465771c7e67464507,0
c871b86742e92c9626933bdd665d4f6d5aedfc9a,0
af1f8aa22bbaf9120502e282634d9ea3e2b59fcc,0
0bb5e1d09ce61c7a9717597d604908ab9d46fbed,0
3005d56bf6427474890e9828253ee04e1ec5c49c,0
012f31fdf7beeab460b801e62c40903ce3bce5f8,0
f07ea02bce6944a83b8f734fd3d821f2a1ff18c6,0
e77f8a5361c6448daacd00004588476280fef4d6,0
49ff72cfccaddd721a29291a5a6c893f79997cd6,0
85456edf41dea75c12eb8ce94c5e06c5389c42e3,0
0c3192f55c6c877cae0d53d4af4e2938f820ff00,0
2050abc5b5791ed2d7c1bbfa8c62c3d853e48a29,0
c2629b95a9421844fdd9156a9092f546c88979cf,0
524e974ed6e1f46eab2362e24ad4e6aec74ad2dc,0
e721f0ebdd8eee2b44699607907c71637e6d0b71,0
dc0feabe0ba6c98f6d705114edde2a949eaf1212,0
31f38131fdf8052eb25a4b405373df6e81b4e6b2,0
65263a8a11699cf55fcb4ea960cf32af25d97b2c,0
402515be515189f0973f4fd4e4977c35bebea90f,0
5b18d15a82ad6e2426466c3fe92f02d49828de27,0
fef3ab56de60fdee6aa0d7ac98e84a84ba456449,0
4aa05e6be147524278a65dd1cd7d1fac0b9b69bd,0
931a2cf28d9a2519edf9f3ed6abdeaf765fa3af3,0
0b32835fb4a4333039ba292723e6bc1e6b53c1f2,0
13bae1811b85102018e06ea5c42728a2d322ccb5,0
a1912f9f24d8b3fa4bb6a8d2091e1a4725dc4763,0
c9a3d44a7a1e18a57e335475c2fba7176aa8d326,0
2f996879734ce65ccc5f484fd4cec7336ec88afc,0
ef1c08ce3e02b376a5866a8a8de66878d608e33e,0
e98ab28fa3088420270e0ab6d41a1dfb7fac7e57,0
40df2247151f9a5407936d3837a0a69170dffc53,0
bde55639590fba28a11576f30edf21221ba4e061,0
2929b0657c44cc209510a393bb3920b96716d57c,0
94179ca9db877d7d88f869477a15c2e84d03918f,0
f0f2fcf2bdcd502dd0dc81ab5bb288659d11657b,0
96b215c5e45c6611ffc23c8de8a3e53ae06581f6,0
79fae548841e56580a96f7954d1a13eb67f64fa4,0
bc4506222c0c6671718ecae87cbcb53b1342c909,0
1b52fe34b46a54e7a24d5d99d812283aaa3c6096,0
07e48992a59df796b9bc3427d5c9763c6fd29fc2,0
85db8835007f8994e05fab2379116febf2354e50,0
364dd8ec827ea1dd3d7e35745de6253ad662b73e,0
2b61ccf99fe8159da7366b30c624c05acf1064be,0
d37806989c12f854e8b4045b6df072e44d72462c,0
f4d21ebefc2ecb34b47bc15c721f9f472fc85b08,0
2d34cf380b48d1e16b97e91ac10c2fdb32cbe4d4,0
11e7e475498cd7f7d561db85ce68d22b85ac3db6,0
82312e2063cb90a2238332aa78495ab44a433977,0
13b6d6eda0a553689e7016fd42246106eb0c4b7d,0
593cc10fd9dd53a968ed7a737b324ffd8a097ca9,0
ac113a1ce781ac2da034b02fc62ccafc83e7d257,0
5b0d75af15f3458d20b3b12885668f3698701dc7,0
94332046399f72a501a91589cf34df1c2718402e,0
8cd6583a06096d6c64736c259f00143238b50dad,0
5208ed9060dc3bc355c778e3819a84e9498eb723,0
fb85e10cd87593ced5fe6bea56f1f756f27a7a63,0
338cb5974e1702b8dbc4032f1b5923610cc3248b,0
8a22b00aef373c252d825aa85b50f3baf415c6d1,0
5a181fc4cb0e30d3a2bb367df62c0af38d15ba58,0
4e1082ebf10e34313b96c50d21b07172d414e7a1,0
32a4f5dda337381d2675061e1cabca12727e7af2,0
f756a75dbd77a757336fd95e10333502951e5372,0
f27c36d6cc43f056f888a05c7d9a8073eeb67aa3,0
13344e846a1f12c374b51c5e57cf9f5f394085df,0
3111155144fd7ee31ea2f13cfa90f67e49feb6bf,0
c4a31c0d371984d147e5b2d6f5fa2ecc74de4711,0
b56ccbde0304d3f5c3cd13939b7089405aecb13c,0
1da54bbcdc7ec45741e719f695eeaf1d419aa2d9,0
ff2b62e2db0e975ac4ba22efd5c1d77af7f7e077,0
caa5c5b1359e2f18c1011bcbacaf78370fc62e17,0
fe41010c26d24d08ccfff38b3de85d683b502197,0
1974edfdcd1fe30a4010852b51b59b15ac35c72a,0
e34d7b2c3acebce6265fe81e432cee9d586d391f,0
e007eb1a1b6674d06d121efa2263c8ce2eb4ec64,0
479803fb3662d5efab184b98127e5454554f27e0,0
1cde2c9390b785664c09902f84fb0d685d7f87fc,0
88240c2a91ae372b2ca897cd73d5aa4f801243d2,0
2a11a0cf84d8ab835c4fa20f17147ff886853dcb,0
a744541f93e46f5bc326c9586bb177dd1ed3a8a1,0
5824eae005509171ccb6637c5f93eeff0169f7e6,0
c54a16d7c678f6a9670876f2b8a49287003827f6,0
6927758417ed45cca9b551c5af3a690f6a1c99fd,0
1635f58c7c8d900413daa9dce65adbf2dd42290b,0
5ae6811d8cfbedd497e72f2bad4d964b1ec45a41,0
19a0c567e0fa8db68b2a3738cabcd75c83c0eff3,0
91a176212348a7731d4cebaa7eec9511dcf13708,0
c6ac94b778f2e5978ce385ccb143a55eb21fff2c,0
d9180c76ce6fda2d11666c09d56529d71dd90728,0
dfeddc8108f85a67e55ee3d4b95d20ad70f03a05,0
0ea74022e4ad7a19758f1acf85414ef9e6650c70,0
c2a37c3ea2197ed9c2b3497329d7deb525d1a4d0,0
9fe3175be4fa18bc238142580c34a16b7030462f,0
abd3ba5a622a4800a19b2de55e02bc7f805e9177,0
fff6be91c026a48f54bbbb75990b68d024484189,0
12cade54b8ef5acc1a42dd8da8f4e29cb9846e49,0
9fe0f1caab7d803699baf31b2343eaca9b8e094a,0
afb5b97a4f6a552f34526e5cd939440820c95fe3,0
70393ae35561328fe9a2f3d55b9259291b07a1c4,0
77d61fc592332bf906040fcd5a18855c2c32799d,0
f05210fd12fcbb5f637f347b4b7b6b984daf0f0e,0
e4a6616eaf3b0424ceede14554190a90e19c376a,0
36a67a6de6572c91a3d8d699783f195d01b07ca2,0
1b68d35271c9ffadbd19a984d36544d8c6935441,0
f9412e34609b36db8bba69798bd57533e0d8c044,0
d9dc7920ebe56795fdcd58495819963da4a279d7,0
b5836b27da77f8c7a6963a42535039565d6339e6,0
b83240dda02b41037c7ecc87e774ca7c2bea9876,0
f278e49b547def67a102bc4a7eea718dfcd928d7,0
65c1907583878f05ad2bd479859c9027f60cf010,0
4a9b09a1b44fba4c1e462aba774964404c31915e,0
0819c96424bf63fa9157f82c15bbd10539ab7e5f,0
c0b8fb69b30181c6f690df2aff144b7fadd454a5,0
e439132466ec31a1b555fd636a372d34bb80effb,0
3f22574ad07b2ad597701da9149a7005a97c6c69,0
639f3c5bb2341c57664e6d3e125588b2a758af72,0
941b996535526a7f3b11b6efd3b8590153a0e22a,0
32588710e9d11c1261d8e0e73e3ed7c7a50b8288,0
afbf9cab23f276df28a8f5cb4ca4867d267dc52a,0
eec0cbdb6cbac3f51d68cd0ea6d8495beb3558a7,0
ca7013cd2b08f037a00d9b99ec9963701a379a7f,0
70e08c52bbb6ed1d5c750ff3ecce300bff820f50,0
01120bdfe9d7905cd819eede46f8b518de31f305,0
fad943c83c804651131c891faf748c7b4df549b9,0
09046cf20a5407d3f9feee098fc0f11e309ba293,0
6a7b0828a736b3d1457288e9338ed0833970c413,0
83dbf9d95161f727785994a08297646bfb6992e8,0
0de917e946bdc4b92f6023c56fc171630c7729a5,0
713c7c168efe888ce7313e073e62ea8a4333ff77,0
f6bd5c5965be5c0631ee69d471069882f7577549,0
cc8f861c7b59d0521ebf57af3f81343708e3d0b8,0
ff2a9cfda5909b3cdf871d45eb4a94fd2c24fddf,0
1451ad5252dc49084e402b340c5ad3aea4073467,0
04f7345bf4ce0bdba8d89d3308c6918dcf808d51,0
f5635a8cae6254b8568102493a11ab5273cb9e5c,0
ff9b6687e440222bb31a9718ff308d18c4b3c051,0
acf4992ce85fa1a72ece8f45d355b163f18d5756,0
5cf9151a99ca5a123a6ef1157fd3a68842b5da9a,0
11c0418bd04a7a029572b8fb74ed497029b000bd,0
5026f3c65f2173ad0753bb879c86d7f2340bc64a,0
dc33bce69d307b2f56a909c5ee2f72ee499f6ab4,0
2146c35a3e350b1ccf0ba7b6a0c6a6fa324ca51f,0
11fb6fb3ccab409e7b4926d88924aa0011fc8f84,0
3277aefa9343b1465f0f7ed0bc4e2dfdcfd9bfaf,0
e77db31db13b8f61496a5cf06a14a47b1fca866d,0
5f797f9ae5ea480d761cf633e01369458abc1b5c,0
90991625cc3e74b015b0230b34177ea0b217ff84,0
ea633360c6b73ed4e100c430e869bd6cac0754e6,0
93461a15aef602c73b55f14e0a8ff98d152e802f,0
fe752d02473fd632cfea6f4d6f3f333a21397366,0
2d13c7c4caa547ef3467104b631d26ab2bf19adb,0
9770ec1a9bc82e5fbe698eac2326be26c8bf93d1,0
81d6e2a9bacebf096b0e50e7536683f5a41e1965,0
3187e3fdbdf85bea8375038b8517c273e00098d3,0
f60654fd0a33db6b443229b6d7bfe84c757e75cc,0
5777c4b0e41078853fabb30feaf605958ee6fedf,0
9347a332c04ec4cb701f869a997e0d22bd6a1683,0
4375c927c47d5cde21dbfe88151c43bf66ae467d,0
2467c57a08fc554b00c80fb66ff15ef8e3cbd196,0
f4052f8e95ee696719825f16a4ab2860cf86d62c,0
2bc427b71918f54bdcd43ab4deeef514b0a6a63d,0
47982ec9904b862dc48f1dda508ee27667fd5069,0
79d5de62938a1b5e7f0b17f70febba421a89a7e6,0
21d49c145dee3f5ee17283848bd6d1c27177a3b4,0
705617282144952e6cf0a2d50e410fd60c61906f,0
5493048bf7347112f4311e00aac375a8a71aaa60,0
f3432ca0066b69cacc0e8bde920a7595c8315338,0
7223cae9f21008ceaeadab0955807a70119fe636,0
9863726a5286a8af1fec96351cf0ca6b9bd3caaa,0
434d725511b81cb2a664b7a97230d0c6e4f8783a,0
70562832ce2cc8925787bacf53911615e6fbb2b7,0
99c546e32a0177dd55bacef3c3532c1330cb724e,0
3afa84f8cc19e56ea550ae743ce0693f4c7d8ec5,0
75578f191eb2241b9841b914ae5877d30a4c0fec,0
3edc2e91677cfee53300eba68b6f6e666790d861,0
55dad62620755ab61ee31eb9f52de8185e5ae67d,0
c2de251c33e291219094e53217286290e378ddcb,0
e8bed3e2424274a2c9b8c235c0b806aeef582de0,0
4580fc6a35f22fa4a0d9592c1286d4f9016893df,0
911a171fecff64fdd37f6ae73d289b0e1d63bebb,0
2fc7193b15091306f385544a4dc24cc4afd100c3,0
406cd9cc4e8dab1a731252c4fc9240a245989788,0
99076adacf1ed18b9944cf1e64593107ab1ef17b,0
16f75b24972122cf357de6f5165ab3a4e8d8004f,0
6c84bd37fa12580ceae63105dcc248cbf3518e14,0
df2bcb12d87a31e24d4297d84961187b264831c0,0
f6220370a231d6794ae2f20048495a3ecbf89e48,0
3aeb4211e0de2f9cadd9a73160927f508fef9c66,0
1aa11df75e649eaf7a9e68e59a343e8c81e2c3dd,0
ae5ea827fd9b9b9ff7953bac362bbf5b448a0001,0
ab0a76c496797d5e14645584abcbb5ffbf4fcc87,0
11cbc08860914038d8a86f8431f9251e3f194da1,0
de08d803fbd72b1b4546661e859d080b6e094e30,0
9dda7936ef12e2032432017ddf63d1d007ba7b65,0
75ac15ae5441831e825366c52f8d1763bf2f24fd,0
9b373a1f9d6f0b3a5a568acf5685785778678f7a,0
5df9b7ad1b83396ea963a1b205ad30f3c6ec23be,0
cc69f820777d2980cf51ac473718082d90fa2515,0
a42cee4f71b77b9d025eea3d34d267f9e7bc2f6c,0
17ffb67d1246ad764475b24d87a0d27a29129973,0
6b1f61114f838d5d401a3490f188e7909eaceab5,0
91f973971de3d72c1485cfb5fa23d56cbd86bfd0,0
7aecfdac79b299c8ba4dfaf77ba48cb445d3a420,0
2691a1734e41cfb5b69404d84d56ddaa558958a4,0
7b79da8f1a72b1081f4ea7ab2704cc179f18e8ad,0
a9b278f81396e0c7d61a34e6bbec4926a093e385,0
f2d366d3c28ff6a24859fdb005c3dddd36e8be7e,0
5d2ee4b4ed748121ddd67d9aa52e311ab747d55a,0
b2969f54e89dff7a9513b79f7e05020e6fe08425,0
ef0d75104302ceb12762524f85d6e34683ee4586,0
24c354f329f0caf6034aa4150949175f435052bd,0
5c2c6b73e69fc1460c7f6881bf918909a12b352a,0
e98921c4e47553bd69f29857bf05dc31536b77de,0
0e21fae72d2c39a9fd177c9a64196bd370449151,0
be12115229b12dc444ed71f8d1967cce102c2e51,0
05aba82dfed4d31044ffbbd033485dc70c93866d,0
2027d434079114620a4e611643ae3de451d3fb07,0
60bf272077fb9c7da7b8f091d2921d258bac14d4,0
30ba7660e0271ad71fefb5ed4f3785a22229f117,0
465b689a394beef799720bde3d58df9377cf80b9,0
5eca73df338ed0058c0edfdc7738ecf0c44f37cb,0
b8d3387f5fcbf24e8a414312114d2ef02670d5f8,0
f79171e95f2e80342de77c295ee121673edd0c04,0
9e48e3442b678570fe9a4ab38de81a0caa8d977b,0
fe927930d7d1c22e1079a039a49a587fa1a7e312,0
6b6eb35c993b9b31a616c98ad762ddb1681e9362,0
31a199a5bcfe7a496d3f662b53937b9e9d9b72f2,0
d1f72bd11d257b5ad361880d2e7de115dd392728,0
cecc6d9240bbc39a29708d690165f3501cf84065,0
1e17ceeaf4c74b2cfcd1e39b554c13a8684466eb,0
b1756739aff3d1e9a798c206d943c733dcad5d77,0
01c10a12bf6a19746e30d2626ae521c3b86e9cde,0
12daf28b249bf8bee8fc2414609794ea5df57065,0
bb81cc82d4984fbc8244c85102d6579df8d8712b,0
c21d640802c3e4a69c2d161abb3546eef718beb7,0
8f4674be23f199bd70c8520f6b3aef2339e90cd9,0
f8c01bc78048add85771e87356f9d883369c1dd7,0
358d9a37ee6dadab40b51ea382da1f108e22b558,0
b3da3796a9776a05a58dcc5f161c33bd0f83cc18,0
076ee915ffa0d0c5041ec34ed298be00e866567f,0
e793bdcc04bf6c76a1d78e286675a382814de72e,0
ad12355d46fd478473d29478574014279e5ebce9,0
6d38b02de993434115e8c80d7627f3ec5171b992,0
116e19226ffd5e0375412c6ca7b7b89de134bfad,0
9ffbb122656e5a75c0e07c9a2719c3fbdc36c13b,0
6a267f0cce4d50d7acc4d6be235a21448927eb70,0
a76f1235ce5ddf0c8fcf211123dac31e3df88914,0
018b07ab8f344d0fd9bdef992aceb20a64beaf68,0
2461870ede1796c70ad0fd884f8a3fb958f74da0,0
849cbf21f8da6e1c9113e284fa53e022cfbd626a,0
0ad669cf4631a47754d7ab8391de610a7718eefa,0
bd97373b10f8f594d1dcccbe33764d2094af6aa5,0
272ff08479405c48c57044b6f4aab124441e3222,0
7e5f32d636988122be6b6ba6f6776c98b0422f51,0
55b999900f5bbc4f1152e4e4114732287259b707,0
8cf16bbfbcbe51855c3f081de7e3dc76cf7dbf30,0
52c75ef66f01b788ebabcbf95e598d509e404fdc,0
3547f42735d2cbf90c61e93cb086624cd953d658,0
1145d5f0f8c7021a0cc82bfdfb8a60346921aa06,0
b2c5c3224ba8f01f178c2db5af3e028c6fc13157,0
0f9fc01447c012fa8122d3ea2e0800e21f3b18ac,0
71e6de628ccd6dd1b1657e154bd8d7d75f5c2328,0
7a50238b5deeaef54a4e7e5dad7b0a47b6944aab,0
1de68160d312f2f5bc49e85b798a1cd9283d1f55,0
33d6dcca00f3ba88d5261fbb84dd8ce7d5bd1012,0
f4589ce3f1b0cd34882ec1d861bfffb0f5cdfef5,0
d6a33031b615814b271b1f89de0c28a7583f37f0,0
1d53b45ddcaf3707227d3b560ba77dc936058a61,0
d7861eb0fab6fc2f1b81ae8891f992e32bb46b67,0
af47000e6ca93462777126f1c38a9ab68e4b7416,0
53f0f5ac32f59636ef396bc52ab34923cf04e2a0,0
51c4dda71d0ef60bb34635727d8ffdcf0aa1d54c,0
2595f70f6bd549b18f190d301a68216fa4da92bd,0
09ce41c16cb8444df3df480f6f8f37dcd7434ed4,0
72560ece1b8880da809cf15a0b33bd34dc5efd98,0
af7aeed35c671ffda992477ce9994737dd37d88d,0
dc2131cf2a270fe16084cd74be144bd2570dcca6,0
44233f5aeff4e06188081aceb01d450128385748,0
203b89f4093fa2935944583536c452c69f91f73d,0
62001e3fe61cbaf7947764201ff619a17fec9b0f,0
7c9b9dfac4d7a3f5b8884f3d909cf63b6f74fa72,0
ce9ebc7e33893044970db95a1777b21030e1bb41,0
b76f31c3b519fb2191eeae51b72215d40c994c8b,0
ade776e1d58b364ac3dc4dd945ee255c33ad12fe,0
edfd6775e3fcd61e3151a2982d42acfe396d1667,0
4afc34614a07ecfed46fa2f0f2b5eb70d2af02e9,0
44ff1861f887fc681af3bde06f56e90ed12b09f9,0
ed5d3538f75feeabb8ade6c3ed6cc3099161c526,0
74970c6ef0eabf2289607ffbe56eda04f87f1635,0
cbb68be13162b9da5da6a9a649a5c041b9f7ec7b,0
e58c18d06bf0d276190d1b2d790eaa328ec52541,0
916cb68da84e0bc672882bfb5d30c65fff1d3355,0
a92c50ab224c0d580e7d047a04158b7fece2a293,0
5952e9c5a5f58f3ce6801ec4a3456915d4cd2eeb,0
3721d8091fce47ddfe6c9a89a46f0098f5c3e78c,0
31da7a8b0d87f81af8b7671d8fa6e83d971be384,0
ca0a81b2ac87051171dcc788ddef0c4129cadbc3,0
ed4234f6984250568ff367c02055f1734676602f,0
59bfa66764546e49f123fc6c642e9d9f63ab1576,0
798cf995b0cc1d4cfd73c9e3cdd16229c3a639a3,0
1e99bf9659a6dc69ee1ad7d98ecf1c255c9b9022,0
a509e1953e33170c89de53a98479bdab8ef1b75e,0
c6872e2e20d731e06f83b5e09af607905ff3148b,0
3766ebf932ff6f24dc494537ed340e11c6235cfc,0
dc46df7b0c383319f4b025441bfc7c897daf3cc6,0
cbc73bab95eee395b0c7cbaa1996668fd36ee047,0
c78c5e54d362fd3f3ba335dff3112e49e6573131,0
6c7fff0274f59cfbd042049c3f1c17c2de5b95c9,0
315645b49a19ff93528f31eeeff35ac65084a5e6,0
8fecb88d5222396b087fc5ca4a03044a19c7c061,0
37a33c054e9b3a844d5f42da3822158181ef0433,0
2e81d1cb277a2d599562880f79c5021b3a39f1ce,0
16cbbbb5bf56371f2ece350f7fd2d9a3a8d22210,0
45fe20281570e237a54dc5c6fde976cf9aefc106,0
8db939bd9036b32f21fa55b434e076ea5d404954,0
5ed7e2b5b73e5fcc2b31ddddf39e9de38a44ba9d,0
f4e0e20dfdc3488d5906b7f2fbe51129d6986230,0
3563457b842101ba77b67f7eaa34b58912d3f0ec,0
fff0c27cf050d676722f1503acd9435fe4b76834,0
14486b6ce53421ae38d88f7a15d348cc394dc99f,0
e1eab728ccc21763e12de5a0d17605bc8948c444,0
658a6f06523e7bdf505e647d60ad588c82c49105,0
907c61da34258b8ab70081056443818312e404f6,0
a7333c089bd27d87fc472eebb6ee9cbb58218f47,0
2d95820fa2a34f6a38edfb9f838195c68b39f6c0,0
8f87b819d3b00831b1e62ac2659dfeb7bc9a0897,0
e9aa06834d3b654713df056a84d4ef008227f7b9,0
9818c8929c9c3e85f85e1518d4d74bed9d245e50,0
10f5191069d88e28d5a08652e315c15bdfd65059,0
fe3651d5cfd4796cec01c8acef88c50ad2bac290,0
d93052b46aa2abe86d6ec73e02550166d98791a3,0
65bd198c10ff4caca259fe6e639ed91a8bf328c3,0
6ffd5ef08c2f2c45cc48655f36998d92d1bcad44,0
e06ce12499646dc31afdd3a87f0760494674edbc,0
328fd49c297b2865fc66e2d6647c92ee002aaa54,0
9365f4bf3fc33e3e86fd390e9eb6fc8ca6edb3ff,0
44423b3b5710a7193947c614333060457630e0ee,0
e953d1c3543f5fb13a4ce3c74916e2977db71229,0
a1de20027fd0d1b0bb79735cdf7a328c64192e7c,0
ac9568b32644e22df5366b2dc1c73e37efbe9e25,0
77651570baad53869d70ecf58d1adc1ea619a6ad,0
8cf581884ae78e07620506b2239c2a7aa8aba9a9,0
854ace8bb7d4e542324928b4ba585b13f8a5293c,0
3a315629293cb5373498bda6e429a817e1414186,0
402e2422eebc4a54d78d8dadad66f1c2fb9bb7a1,0
05530835b9e067a5293a6aadf2cb8eaafa553972,0
d3dcb081603210f241d4ac7c102dd2a2230d6ba8,0
d68b1b2d894c4e53fc0658f5770ccb459e7437a0,0
bf5323de7c032804eb2821b05d317c935a0ca917,0
335e4910c9d40e4fb11f06583fff54c9a6bf966e,0
413fc4efacb38f0e75c0275b49d0eec8f84b1394,0
11dd3050b4f9d6201f3f87953fd95d105440d5a4,0
6fff303bdbae00452ee5623760007704a7c1763a,0
aca584fbe4ca2cfb82edcd75f322558976a25b81,0
59ece03362b1a5559ed2e79b0a88a7919c2b9dcc,0
48cd4799c5d4146b73cfc9e5eeeebc5a505a920e,0
4e10d23275f7dff337433de5d4d7910c0337a606,0
6719429ab71b997ccd37eae2299d0ee13d849961,0
ea940944ee122cdce538002c5b96bbcda6f914df,0
7e9f30a62585b929949619842373eddb6e543c43,0
0d04288f90c37b2e94a6e3c5d015ae9ee287a29a,0
a87395efd3df37d48f52f67af3ed9d275053d42d,0
9e9b3c9344f033982ee02c099e32f2f5cfa05247,0
b71d288305ff4daeea386e7d564a418d8c2744bc,0
ed5a26c5dfb21b10bff8cbe8e631feaf7be2b314,0
644cfdbcfff5ebd6360fdc9209aa86507e8674ee,0
84f74957a61a8346b0331ec63ac8e006a6d0aede,0
195ed0ffba4fd0aa9f379a75f794207e05b6953d,0
c60228067a46999aa39f9b3ecc6f523fbda3e3c5,0
523354d733e58772a7de073f625f9ec0f0523888,0
4f7ad11d554f6c24ec3b352728816b1cd164d679,0
bb53a5ba3c7cec5065b5072046c3da3cbe70a335,0
e4976ff4b8321fd0062b19b4ee8d1ddcb41f980c,0
bb87fc578ec50d3eee3ac71b9f90dc92a8c22725,0
9260aa4ce2150f4096fe0b5d061c38971d1d53c7,0
07b48ca4cd456112afd2c1b54a849d8a850d58b9,0
8f26b8ee0287fea0707e9fef2aae1bdcd5304006,0
e09e09641daf7dc9888b0014b1bbc2680bcbf19d,0
2b3c043388074407cd05acc0e97b89f58efbed00,0
2a5992ff8f81998931a47b3bdf104e4f623a8f95,0
581b303b6751769208dc9f36a0300a9f22b0953f,0
93cf33999670ffc0d0f8131d7609eb0b04905d90,0
c9473daf0985c0929e4bb55d4350ea267ff560d3,0
cffcf789312035b3f56b290951acfc79cd4bdb66,0
a8e156d92612433be3ae300a83719355f459b67b,0
7ad8772178feb4fac548543c891090d40c9f6002,0
fcd825ceb06c81e1deb3c96fa7b965fa9ebdf242,0
a2f5baf97c9087f4e893469b485087d89cddf0a3,0
e1af19f1c3c20bac0298b4568c8cc3817f2e0149,0
4490737a60d44825f89e4ad3859ed4d9982ddfbd,0
4204ab420f17b560b0710b187b9521b2ad869f62,0
4f719bd13afd3b91e7cc7074fb7210d495af5a1d,0
c8a83a85d6b0be76964bc6cfce11762cb55cbd34,0
b81876d6df48250b59873d5380768b74b22a5ea4,0
dfe6ea7fe3597594c0fa1d3947bdd77e72c75bbe,0
e9d274cbf6968cc26d613d7f8f3b47249fcd650c,0
f50364fe6322fe9bed29570ba56b0d93fd69f327,0
3c8136228ad4c431ac1f65c4cdf6854493134d21,0
87c9eaec1a9d82f0c93719f8b22d35c542ed1e99,0
11ada653b57c991104e43f97988780977225b414,0
0e712d049690603cdc432594ea6610cbf667e7ab,0
3e5642d58114002822fff938d686ac977bae4214,0
3974fe2a94a23a973cc8ebe3124dc272ee950b35,0
327ff0bb7880559464d97145f21709bbec26054c,0
36c19242c1141c76b4affb9546e1430b9f24c19c,0
73fc1fd1a383285662be31658c26d578b3489e17,0
9816721aba004ee32dc57070a2ecf52b67bb5159,0
3f5904c93098dba5fae588b20a015cdb2322db45,0
e622158066d93854b515c840f62498274457eb3e,0
745f88fc94c137f02349a6ff529302faee7d9187,0
0d5ac71de88876194db8de64a083ec0799995d2a,0
b970a5b5c62802028176c8378f5e9c98b2f42d09,0
9e5bf69ce2594cc9b55a5fade32e1fd2610cef9e,0
c12418276a9c63b216c99cc9aef2d46e23e2ace5,0
06b62c1c81c6e76e5fffa02ab4c8bc5f78b54c2c,0
b2c3e0eb708fcb3b7e8ed18e16801bc9318cbb6e,0
c3bfb8e59fd1f626f4de6f4bbcda0795af5865cc,0
5d4219f8d624cb9081c8cb7e98c80cd8f85d9dbb,0
5dcf9d9bdd161d6faa024aca1658dbb6aed7acc6,0
7338ee7ad6e7988b21b9f7eeae9dc791daea4157,0
0b1f96bdc411e4f7d0d47f7352957f03667e3270,0
2ba395392ab489069bfeb9eb2cb9ab9668625e2e,0
6d5afb99a2be92f2512768dc44ec6d742da13c68,0
3797f9d66d073b93233f627fcde42bec7be3d8ad,0
b5ff918560c97b5d817160d53004b816b6466c35,0
0a452920f8ccc2c1592ee0c212079479bae97fe2,0
cfa0016f2c23c74ab8add3ec5fba87afce3edac9,0
1d7a98dae4393aa73755696c968654f24ef5fa60,0
beebb72673e0c70bf7236211ff913335cbe928d8,0
2d8133b4ccf0fb143c0a2d1ec6e84d1a702e8b7c,0
a9986d8fc97cde2edc4b5834790613e0fa8137e7,0
dfd59091d08aa1b86f27d0766161750faa0a81f1,0
4770d2ceba5a722e1a1a5ae840b80879d765dba6,0
03ffae7a7a0a7827dd08e097b0de8523460185c6,0
6b696ed937ffd9c529cea22787e9def6b583003a,0
6514ab13c9f1357099ace54588faecdc993374d5,0
cdd1c5ec0375ea35e142a500239d43d2b28d598b,0
0d8d454875313342a6d97441d78e11839057c3cf,0
77353bb0344a8d98a5b8f6ccb2704823417acd0d,0
a1b01430eb18e96a6e28af491d8d287c4e16d5c7,0
c240a615d2fcb2497c7d77ad3993e4c66c16e03a,0
2413661189f419b5716444eedb2bf9f8f1f8a3e6,0
fd77840400c94eb7208c488ab664320a836e730a,0
5dbc07fc7a4fafe50fb8efef6b86893c3ed79ca4,0
eba45c05365fc89b0007296fc3ee188cca5d091d,0
52e48f06ff1488a23c9fa24d31e2d23e6006d76d,0
7579d2925a194bc987194c5bdb2291ca8233bf92,0
7ae5745214918c787a007051350b38231565f6c0,0
f670f11172996ef53e043d4ea48590f33dd31d08,0
8083fb59b6cf7bf41c055aee332501bee59bf99f,0
d18eae68a98d5a82c44fd5030b4375ac93bc1fc6,0
7d1c4c708ad7912645fbf41019f400e39be7e6b3,0
86194e26fe10efa7f336661683a22d38ca20c21d,0
93cf485ab68029de30fe072862f611c4f185d9cc,0
19c959a5db7f64588c045457142c219886a4cdc6,0
1fe6337b91274817339883b7092a26beed08db22,0
399d543b06c55bc8bd0fd3e0892050fdb1e0c819,0
d8968470cedacfcb549d9652d7da7c3f8ef7fd03,0
0aadc311d1e7b382e8bb94a0f691f02036e80502,0
a5cb8b1a1a03795552ef3977be95901a1004fbb2,0
97f2bec8c46e99aa6e29b636fd414f23320f4a9f,0
abeaef0a409470b907ec4892408e34350c02d573,0
10c4fed28828d8d67adb2d278ad5597a342767b4,0
31227a3094beb28edafb4d86a639954ecae06aa7,0
2a91c5d97b103ca742b5bc48bd3e556459c96d81,0
2308a513a3fc581c64104faec99ab2c255a1ae4c,0
1dbef18b2f548174b439a72febf5de78399856ee,0
0e4e0d69df4cfc062e18891953bee085c9f79dfa,0
c032ef5d7db20640d8cd4847df4d46081842f338,0
0aebd69e9fa517a044c491d23fcf2bc22bbe5d09,0
87eac0ab55adfdb043017016d73ff101747093c5,0
ca1add6d481319fb80ac2930c8500484b2e000e3,0
95552fea8528697b0679f2b0a03e4426304f580d,0
511a7787d4298082872ef1b36995f7247d0fea4d,0
fb85ced57db2a9d28b29883b267a6dc3023b8299,0
67048c28df524397127c2836543d4b4e97004e5d,0
e40de4552914c260da61ce80dc5a89c83325357c,0
dc9b61b30fc364b4f610a8a5469ff65fe2000536,0
5b975983d329cfff727f550e4beadf3a854d8902,0
b467e8d980dd8d95343834426802484a9298e58c,0
2586ee0b0b689fd323bf677256d931c025630826,0
9c1771075155420c4c843df32acda455556710b6,0
82bd20aaa6fae62df8e714e839876d914c3022ee,0
3a743f9a4f6d42ea8b97dce76f68b7aca39f45e6,0
0e1b4721e911df7f1746f4cd4cd17cb3250b5202,0
f21a3121abd708fab5357597753d2a993a485dd0,0
7b44a1d8733dbd080f1a0c5670490220c302573d,0
fb6ef54b23edbdc4a34e5c1087d0785f09433771,0
92b4730dba2e1aa10254ec053a20641f46e63bee,0
ac67474e61bfa7ecc80c33f21aea19a209e33239,0
6c0452a853a6820a4c885d79637a01e25b80dfde,0
81e11ac5b573737647c95b48cfafb34e9ffa4521,0
a35914a398f249b14e9b93121aa6ab06a5c2dc39,0
46eb29380955c75cf27d9cdb757debbb5bc64cd7,0
d6fa48b67b691a502cb9696e451944546fc47288,0
80e862649d3ab6fb28ea55eacc772318b1182d06,0
69e745d679447e0e6899923b72df05a70e0e1e65,0
45af9777f33e12bf160f9ddc9a8cbbaa8629ed69,0
97e4ac7c34de9991cfd582dbb8ef461889e288f2,0
d8b437b9c045094e4bb5bc3998b9e9dafcc296c1,0
e8357416743dc009e630d2d47121653e3b6e841e,0
f420889909d2920cb45eb006a860e4b04b43a999,0
c7082c0975590fc052ce10d777789bdd295df86f,0
1e4e630f4367d486694b68b759ea0371bb965bef,0
a7016253948e2b8faa6b14575199ef9f402888d5,0
490800accbf9df8264e94ecde75b9ca1a25fc9d6,0
5235833264a5778843d24de54c0188818473e72d,0
7baa87ac608e28a888ca87d3814b4c563d91d2fa,0
35cc0cc33f3c6df685a2f7f04b955e9925a24798,0
3ba8aa0c24629381140c8159bf854af018f0914d,0
2cbfe92a9e7bc8544768dd83f0783a86a85589af,0
ff013eb22d748e152a45bc10452bf5888d3cb935,0
e82c816dea1e7058991272eb0869e090bb60a655,0
18690dedd95d99f6602ff361f8550147b98fdc96,0
d27cc6ffe4eb7d9df727f153eaa9e179e37a654a,0
dfa1e7e7ddce740dadf666934d0b1e909eff10f2,0
80cc367592a6142981688445a61c63d90191de76,0
8ada59f101ff8d6e64a939746fa026f4e5737cc2,0
bf5e78d765009e1ebd3ca1a7a845ea98c557b17d,0
34d0a3dd2317bb970cce95c5428c744e99cd6e8b,0
4cd1637972d15084122abd134a70dbc728a3ec9d,0
67ba0d82c39ffe19fe88b59155c7f637ca34300f,0
1cf711d897d0d7117b4ad4fa2254cfc2fc20aab0,0
b966237e94730c7fa0d0c2e344aec569fcd5bcf2,0
8925b2e323e19f18ee1936c1eefa1a6bb13c5812,0
f75f5f980f1dc93cd060ce0d07f9f7ad9e9861fa,0
35c80a0c254c9de6955d01d1098ec30350467d5b,0
13e7e0fba64de26875df00081cb12cd10c5f96e4,0
4ae577cd60b83e026e3ee618b3a5e728d346e527,0
7adeae968ff6df6aa1cc086622821353d3ddb091,0
f731ed1125c2b98a7e80da56c98cc9d9d9cf978d,0
9e4e369e70f18a84634285f3fcef2d0e48aa3784,0
96fe4f95e886a8ff3022b064211c8372f61152ff,0
202be39e471ef2b92bcea3807b31df8c4382a8d6,0
0f1ffca72f8499301ac9daf49f980293f4246e14,0
6fc288512618e46c5d252471388c847fd25de1cd,0
c152e93264bcb5682a787539dcda30ee74f70cf7,0
9c026fe98cb66c6739d57b868176ca1c93b67182,0
77f1ff9d5ab707989f7f5fbfde55a19ab918f8f1,0
37411f3b820176897300e59a9f0606b4db724261,0
f5718749d5733e771f6a805b67b53c4ca0db0a70,0
e84df96cffbd58936ef443e327fb9399a5c1a552,0
5d2ddc416aa9ceba12639b9d701d5e869cfed4f5,0
4e3c78428193f13126653cc0e81b3174fe90268f,0
b310fcc29a6a14231da92ba68f1582ea75d8824b,0
a8ec2341ef84a50ab877f612b1b024fbcfb6c1bd,0
acbbd01648d4a42129fe1128d7821f4225177319,0
7aa00268542088f4d64cae27bae5833af5b9a228,0
18c39f0e50547cc3df949ce512582f06e7898bec,0
b10aee458b59de8f86b4ea32d4eb972fe7bb9a24,0
0eeb4314781837548903f3eab40fe89f11bf3d97,0
57ae21083d46a5f3ebdfe1b98afeb6006b0720e1,0
2927c7d274a69794ef81b291b99c832a1e404ab4,0
559b8804a7413a8798951cdbdf275a31baf2a121,0
3d9d563a08797e123c5c3852e7cbc24578d5977a,0
ee9a25843f23741aacc2c2ab9b83ca77aad73283,0
749d99c14180afb991dca2d02c1ad75fd97f417f,0
e7cfca276d25bffac017f47a215d01cbcba2f898,0
d6e29d1f11ef154eb89da9346db8993f366eb31f,0
51254ed5ec044681d2936cc39535af474c8a8929,0
767ea9f458c26de469fdbc88024a54bc388ac90a,0
01fd7ec296bf057ccde3802e5aebbc9528aa1b74,0
e144e4c73072118ad1bd6425f3c2c69c1cf1a634,0
ca9d55dd498115a86fde8a0ebb270e3c8a4fc1cc,0
b381bea09590fc8485b05edbe50c02edaf978020,0
e1e5f5ed551dc4c509009b4847ed1f5dc43ec9a0,0
8fbf94238e215a86c56afcffe5d0d45b61694c2e,0
0dbe4dfef39932eab2ef27f97ddb1b3037e3f54c,0
c0c55313582adca549596eb66763f0a57849a411,0
48ca586842cacf2678bbcbf0ff8db9b852469f92,0
496a8d4e90a249f556fa436ba8653b447de37e03,0
f32c53cd1690d5cc4edf5e1939ec0e438e94f140,0
3b65a4ad8c3905ae7a317be2d0a445959225c7c7,0
19340b1a804ffceff18ffb6fb818b26ad85c73eb,0
228f90e56ee8a53d27dc942e205c02aa150b3869,0
b9902e8b61a1ef3384bb4206a998bb5cfe633c09,0
3c096ec1901a19bc55ffbe1c9571cd3767c030ed,0
e2e881ef5ec8d88d6fe322dcae9d9a9b0ce5add1,0
f15e858b2550fa83beefbda53110332a4727164f,0
03bad48ae6cdb8f88635dff99ec0284cb9ab3b54,0
6a476cacf8ccc5915ef63afa7ff8ed398665b6fd,0
fdae282fa50dece7948a7dbb07e7a8194ec75de6,0
6b4b6eddf66972e3f2007a67ca7e4631b2774713,0
afa15ea4c3f4571204789415745a8db379d10b18,0
2d42221bd7ae3d0be8771df87ad0c98694bb4efc,0
2c1f472816f2c14e89a6355f52a1cb4e5ee7a94e,0
8a6aa4b507dac141966b2f2186711efbf3e44f1e,0
186706ac12c4ae150f012cd939a46bda500e08fe,0
fdb4ddbc39ace77d793e96092607c10c103bfa8d,0
db8442ea8f724501129eb2c738e20ae8662fd6b9,0
10e7235066a771d342e862ada1ef69c1a8e40776,0
6785009095d66a4a2bc01e64d25de987847eb114,0
e9ef48a10a2a732ce3e10e013b413f42b3c74921,0
bf613bd34e5da35de7f707c1c3e62576ef598d60,0
6537d1ac264dc063e445f4eb78e75bcec0bc9554,0
c377b86c0bbf7bdc7a9524222a3105192fae59af,0
f230b0016628bef3bbfd2648d14ba4e607fb03ca,0
add006f089b031d376f568bb8ca28855454a69eb,0
89b10c49598641b6834e34ba00087ca106857aa1,0
b5e5872f5d23cd45b115134bd724cd8a76cc12c8,0
73d3da8b871f9b1ef27d93e8fe2fa76adeaf14dc,0
f3bcd0a7e163813436472b9cfd2f6e3cf0243486,0
f20946d0b1d768617e34aa2ee7a69e2ff0899728,0
da48305845cf112c914fe0993c76fcc8ef43fef3,0
e5111d66561b11a726b7a37911bcac3bcfb65a81,0
fdfa9a9b435ca887d0f3fcb108309c4f81553b87,0
2b2293a9274fa8192901e137e45c609ae3c1211a,0
25ca2777270891b8a54c50bf6bdd217472ce8649,0
f5f53f66ceb35b37ab0f66ca8de74d75d6049fbf,0
566b468ecec8f01c67a6e387082c02993aff00ec,0
fbc58b1d4693048c50849be2027a9b526ab4c462,0
20cf556aad679dc4fc30a1cc027b138070fe8812,0
8c365e42b05647ae69b184381c3d34b2323e81de,0
2355925db95960c6de566964fefc1b52da5463a5,0
5c74d0e56dfea2a3f795b07337a22fcf0923994a,0
3e7592bbc1473cfc932f9eba4c24a8f64ebeb26c,0
932539819d8a800668d772c82b2ab9c0e1746b82,0
4bb23a8d4742c4349df31278e73a7573271eaf97,0
c799e77afb4e23dd190f459126b3a29f98f45f50,0
b3289a8fa3d81c67e20efd024044daecf22f448b,0
7e5e7d75ded63610469dc59f7a5c37792423005c,0
bb9c610e5e2dffd641b19681a480ded1f4025117,0
faba736fb7ff57c422e19726aba63a31c311b2b7,0
e4e3dfff33ec37977f466fae2643996793a5e127,0
184a0cd18ba3be400471d6db96899812c09f4414,0
3dae0f1ed279f987bb2a572ac24bf2a6cfe6ba25,0
d8f116c8a2a41f191d2e94215d11f5a83ffd30fc,0
39f35620a07d17dcf2465b167ff3d7d8dacaf31b,0
0d5365be26fa763d317c07a1e27b158adc33b75b,0
79c08224ba9feb59e86dc8dd8bc99f182564e101,0
a61ffa8df395a34e3b522423cea517bf4f711aab,0
9ed06e477a3cdf5fe082a4b8c20c857ff1e728a7,0
b3056c1740ae4fb34a7c17621e3e787202e0d7c4,0
fa8edb6285e3c7460e99310fbad3c5655f5a8c6a,0
072626c78b5468317f856fb80e267b2dee0192e5,0
4a1f0ed06952df3ef12d3890c7f1d7e2d3f9a145,0
904ab72c8f5cde60a0d905fcd8b607aaa0850a4c,0
cf6f7e710abf4eda2e0aa9aa914aa17878999583,0
62d5d7722f5da8989da00ad6bf18147ef99a429f,0
d1922441355c47167fe3a6a908f0ad30330ad825,0
867977ad016151bbacb923c373bbbeadf985f13a,0
2df092673abb9de8b0c6c157f1d5398a69ca2cb1,0
86de3690f1e5b3230d7fbbf1386fcaa46a9108e3,0
7cc07639e2d9d1873696b5fe44aeeba2b5a1c43c,0
e7473b5aceb05bfbc6801beea30841e2ceb72316,0
78418a6f81ba5234657cef5f03b5b1c34223e583,0
17c21077e180bc20e896491d5791600de7c8a529,0
d79d7fe29a88fc778c8af2f5a1f35d29d0fc1832,0
d7da25063805998de0e021f1ee8a0925779243f0,0
aa3c754dab0ca06d999faf3e08e75dd49170049c,0
67c789ff4bf3364d25d237b7b9207e56818ddbd9,0
9fcb0b96673c64f94ec8919d39e7fc19d1045612,0
c4592aa0a686823837e3f0027ff8a163814a759c,0
9bf4a2a17b75618f171b2b6e5b6dbfb50ae5976b,0
ad5ce0309d8ef3783c675d0503a9430eb00154ab,0
ee21600d2a23b61b1652467f17d8b6d50fb6ac6e,0
3d0060ee0f579b12775c31d923491e2fffba7649,0
12de168699321ca5183251dc989d38a2e2cd9368,0
a88a0f5417a73d3f24bbbee078c929953566ab59,0
527d85188cfccf2fb37d9a6269d58af070708a68,0
c3c840a9b8a7eb8be06f9e382fbb0b05935f4f8e,0
30735e6abeb01008a2298668728dcb933b6ea301,0
cdf228a643dbd7aae962cec58dc4dfea87021cd9,0
0d7e143919f63d00dde4301ae7147448bb344c99,0
06c24e19205c9fe6ade1cef8d349bda4f36a52c2,0
30908b7e3496c78cf3d59ea133d09e94122c5fa9,0
834329a454287644aff53a428b4b9fdd17e7772b,0
6eec124214b5e8903a6149542aa82fb94de9d741,0
2f0913dec6189b32142f6f5a160062cd04f8e58b,0
6a0f51f5f2f7133024d0f54cf925bba8180971ab,0
93eed0fc3606a764a79a48fcdb362ea7bc37c2eb,0
07ef412cfb6be5a8fbcdb76f0dd9f10d03495174,0
5ee16974b341ac1238ae7a32f0b8248d84c8fd84,0
10e21aafe1c4de4629faba6cfd413d832c089006,0
a27a99694166637abffd7c75725e7efccac56a30,0
5b55448d29f8ccc549070b6813cd4f4ab5ceb256,0
97c07626de08197e2bd5034bcd2082261ef2e7cc,0
4efd2da3c66b4b707adf73d35407312085f2eeab,0
3f76f9b9fa9663c4e8124cc7d43d65170ddb3894,0
80e2f27ff197024515e58a7036cc75b0cda1ed10,0
76383a6f351d5492cb1b25d3ee74c421399e8588,0
9b1477c29accbd2391a7e0645b899643398d09c0,0
6598a697001b8ff6aad9b1e88a6c390b44cac55a,0
c744e707445065f64763088b054d525e4c17da13,0
e8075fd64c6572a8ee0bb94ff82ced3fc5d67ff2,0
372016c728a46fcfe9a6082163de04665462eb9c,0
670527d3a9e7aeee33e6b74186d595523f0b0558,0
f11e4b62dc472013da43d39843d4a53473db3543,0
a2ecaa221debaf123689bca4968f030080940ca2,0
79c79b9a73697399fcc93910b8123c55d784c373,0
6adfe1f70951e2e1e2dacec5306a4557d272212c,0
c4c802afcf47dd7eb3fcd72feffceb582e35f626,0
2de197015f999d30d075bffa935983f2f96678ef,0
447f00340c72dc42c5c80388cbcb86527e81369c,0
c819e54c87eb9cc29321322b8ff029ab9d9bddbf,0
a10ae6e496f15cb40fc600a7047a84fb07e2292e,0
1f1a01a079125a5b286b90044fc55e93e44dfdde,0
09ae3aeafd912d8e3bad8c522b7a34e62a4adc2a,0
44c4fb4f52eb1cd779aced177b57d736d970ca23,0
1daf81931797180d6ca309ca5fab35b91cafb770,0
87a5cae734c7aaab25b731604d41bb2f77610c50,0
8b2c004420118b013e434f9dc83fc789283511b7,0
61eeaf6c5d9c3c2404dd2c848f983e64b5add006,0
2f8627a07e5b9b0c6a895e38f5b39ec104624a69,0
5b5d5194a1be5e12c881955f0a9a159f667e6a24,0
d10c3d8050126dd9fed703557190d2caee7e3101,0
b54bd8b3316871ab56f4b74ab5f810e0162205a2,0
331ed499670f953ffbfa7fcbac25550f2c67321a,0
14160d35a329b9f3233247a6522211337d2cf21b,0
23baf4c1027c1b2ed0c63206a3d9df218417feca,0
3ca2be6525afd78b816974e6c321819bf62b4720,0
94a92234d7ec40640399769174798885dde88a84,0
d256a461b40e91569961ae02ad3f33dd51814024,0
337524f8db15dba7c3801bc205d73de23947c0e8,0
4ca6cee4f935b4e5722f8b305049f01f7acc4e37,0
1606c74495d7e1976b286ee99c6d754a13d5cd5e,0
c6a058bd9b65d321f0301460efac3c629571f18c,0
48f887e9f46841f811eb54727827eb727b94e13b,0
6c3ece7f3bcec95b46f5fd28a15de1b350d89e98,0
fc3649e59637d57ec96ac931b0a21b2c0692308f,0
176a2c08dbe8682c02f3614dc8893e498820ff5a,0
67d09660fb41804015d842ecad8cd5e701035eeb,0
7dd50ae59ae888e7f1d09b3d0ebc3c0a1d8ad7aa,0
f566e1355937968a0fa52f3c0717b1500e15140e,0
bcfa4d19511f9c614cb80a28883ce2897abd686d,0
0765eaf81c948449cf7cdd0c0f8967c4b010e0da,0
8b982a6ca59562a3ba5e480d07cf20f1d6835195,0
513d43f1cb7ce1f4b94ba1ab1b227b993b99311a,0
99df9a0fa4ef828c4951ee09cb82d5560fea1bff,0
90e4312d284e7d5366f9fcc91d4755ca84be13a4,0
ea0d03100598d07d1a193256bc236b8c6033b43c,0
f5fc126df48c43dcc3390e973aaee3e0a831fdf2,0
734e1815a23b1188e038d00a776dce30e1cff9d0,0
f4907ff7eb654021bca275e0b691b832fedc94cf,0
72f736642ee5ad2cfe88dd0cb99c04a9bb09531a,0
258d171be5d21e4d2fcf4726c51701b77065e531,0
94a24f886b7041da4293c2b5484e5f5643d96b7b,0
ffdad2d0e2fd4187db556b88267a80ac3f4bb1f1,0
3aab265e75b21f85d4bfb3918be88970281cd749,0
c895155aa7f13245edf559dc71f26170842b9dc8,0
a946274f8f767a9d40142a50e44e2d41e1b3d747,0
77c12c146a98c6ed9b0281cc136263dfabfe6db0,0
1a33d0700b957cf41c2497d3205fd7203ebc8700,0
373b3bf78fb2248b4f85a7864fa669e03b7de3fe,0
859578ef71e91f64ef4536ca407af359582caa1c,0
3f7a8ec805b1c5a6864516c656a7775c95457238,0
64550f773cc8d84cca37d055f8749ade23a88bd0,0
507f1423a60dbc5f94da1c8d7bc10a4a641e85d4,0
3936f2adabce3406c7ec099c38322a38a29e9e50,0
ebef6ec9ecac097f14c2da07a89fdfce7d530f78,0
66a5ef919c1a51d32164c9d03c31d60ae2688221,0
c68bba722e87e0d50e0b49d2773b91b515f59df2,0
0e70219ba3ceb8fb65f3a61ad17cfd1e86c9830b,0
57fccbde05b0f30f656f760fc442a2ec68781c50,0
99863daf9d7a9f06d3003a73bb0e54caca40869d,0
387f5646035752b257eea221d3db55d77e3aae1d,0
7634dd0e1b77cf1d2aefd80795dc67482b28caa5,0
41be68b3f271c07a371e2200a8c603c4573369fb,0
f1229a377fccf206ba3d974b5d4570defb5b927d,0
8b012a732fd2d3375e3b3e8f6c1440819bc37484,0
728b5f26f978902e80f75b3e9c79553492ecdbb9,0
6f3a9a5dc2b515037ecda7b181946c202cfabb7a,0
bab5f1e82c62a91bb59964bdac7a92f3f100953a,0
f798985af6311529d276a29703d6f6d368c67200,0
384e1850acbea4ed23d6dfe15e721a4dff8e1582,0
de3f85821dd82202d90331730bd1ca791e545d73,0
271fa3c577117a321d69711938be4704a3fde13f,0
91f22d2c3dd6018d1abe06f783e003f98acce14e,0
9a36684def5f113dea5cbc11012f4c3189ef7c7a,0
de9188b5a09d2a4c058bd8de4a5a6d16ed4bc1df,0
32e722f2d454c5719b9d04280c86921d7e8510ae,0
7fa02c59e21b3fe0372b1be40983ab98a1e32d6d,0
b3f0a1a051a896ed3d6f3dd9a76d172786aba8c8,0
5aca861696696b2bc40f40d280f2e0144024cbb6,0
a6d330555c64596d0db65bf456df52fe8a176649,0
e3969b8e561197b959689be11b0761c5c59fe3ee,0
430d90de1bc512a5d9c42ca957f6edf7662ad817,0
a0e897e727045f172a12d26003d60260dbebd7b6,0
d0996540e2574d6c8c537ee6f493d5f35e25b206,0
6183a0a31be5ea29be5246e751df9ba2ff4d9f4d,0
15c41ccfaf7b564368be60a56115da497386ae67,0
5306aa357a41b92aa29c394f7a4d6ef5af9118d7,0
40f8a0dd9e7a6ce265392f079d34b4b2597b4d57,0
be601c7eff7e0c9a1c88ff96691510a635216851,0
de50ef791c6dc83468cd5f95c81e921e0a6a3483,0
3e6dfa134dab153bb0f42cd1aef3004f464c48b8,0
f65bb1c6b569f3472c08c045d3ab19fa0bad2cd0,0
2a87912ad99605cf29d2221d523e02c19ac3b17b,0
14fc4dc3b2428a97dd97991fab4dd7753d60f2c9,0
3cb9c9dd28a8ad85e948df9df236c1d71670add4,0
5b43e639b0ae24547dcb052b9afc60a1822fa567,0
ba8068618189318cb4367eaf403a837775ae5a4d,0
d8c6a228ea9c76fbc8cbeba04d2ba17bab9634c0,0
a002cb8fb7108a97dc8245124a027340893a91b9,0
5794d43ab3bdee8371c02021e0dd7698cff13aca,0
22a0c6e29147fcf11dec610aff49a902af681a94,0
010aa74f495ce3664a5882824eb5b3f51b640891,0
d6b9b4857c30b91a5b6f70743de6d857f80cc474,0
3b0379a7a3212efdb0e010ea4a87d53ecdfd450d,0
6a6e20ac130d2d68f36eccb6548a1cdb3c5bac8e,0
29175909fb8c039613e46d071fdbbe5bf7914f49,0
d1ef29c9546fba6901cf7c180ed850825282aacc,0
aaa60bdef19fa88b86bc47b4cfe02c490bbae570,0
397e3b83a34e4628fa7d55e286da2dec20273968,0
54ca2f28603ffa920486d19b458792b7795a013a,0
72d5c4cb92ad13bb9011d5f531a21aa09ca96bd7,0
253455c6a0f570a83662129e77bd1defd3e72520,0
8de0fc2f8a6863b92bab72d80f0c2abefaf8e51f,0
81a5c75fd61c8292e754ba948b680f2f884e5fed,0
1ba27eb57a054da6eb7e8cc9a1b39b1293af0cda,0
4cf6ae6d2077e6c0041abace5dbb9d1d8727bb8b,0
eded54d1cbc8826cdffb9a1733b896c0844d31c2,0
d9707556648d2835c0bef92ddc3d4aa1e5e55454,0
800b65539ab0e3357f86755be32f3e839a2a54ca,0
1571743aef2bf676c6e6a4cbc01bcd6acf6acb3a,0
4a83b3ed4cbe6b8addc234f39edce49181724193,0
28d1f9df6aa540d2830db5f7823ebf9d729ccbf3,0
6795814bddcd348dc18cf91c9f45be8935715117,0
ff2e4cb477013251d43e782bf2ed3e98246864d6,0
ca8541e94f4b467bc06d635c3ad4496095c8e235,0
b0386060c451ad0ee47103518c7b9933e2770516,0
c18b03dd2b96110292c5b6c5115ce3dbb58ad919,0
ecd4530dfd1065b26c4b10d0ac45fced60874e3f,0
d805bc448b5ddc0eece4887627452f38ac46c860,0
358c7da8b921b5f05845452466b774fab686feab,0
087a868024c29c5ff51d4b81390a645f49d7d147,0
8e4e76026b0ec7cfaeefedcf5a96bad63f17a11a,0
fac77774cbf8ced5f733d48527ef25e77ba389ca,0
cd44fcc0014e429a5f8ece8d254938f3514731bb,0
efaba5541f5199103bc2734fc454be01796abb39,0
1730964c54060949c85fb5f91c4fbffcc6479eed,0
a880ee729cca677edbe6a42afc3c148536291e92,0
c653361d75aa60fdacda73db0925f516a15375e7,0
238cc49cf5c95a9a35f69d63113782076b1ce8ae,0
80ebdb745a20bafe6f8b2fa972dd50fa26f01cef,0
f26b424239fd73e9b3acfb3e520c50ed5c30a117,0
19b2d41e244336eb14fcd9a5803fe5b102459524,0
7b4655c4612f824b7c3653bd3a6ae1566e2d2a22,0
1b271d38e5a4ad7edeb839fb3cd54e244118f071,0
9ae356502d973a3674fe65ea9bbfd50f14212bda,0
791184d3d3e4af1ac2886d624b321ef1885da9d0,0
22eb427cc5c4a19cc6db6ffc847d46c0aaa12be1,0
eae5835b51856ff64a2da8813ce8302e019ed1a0,0
7afd88596bceaae29d53c3b1c849e1031d2f2bd6,0
96eae9903e3315aba89a3c654fef599be36ab1c5,0
28f3fe71b4c8e845cdcaa5f0a3fbdd2a7bfaa8a8,0
ab3dfb81fa96b9cb83870d7eb187d2f664d9e8bb,0
cb9c0ecdc798e06e7d081466d06a219b888c30ac,0
b89ae7bd63fc8a2ea9bce505d510d2e5425edf02,0
6a7299b8087168edf27a5f59c725eafac337be6d,0
c07ebe28cb188932ecdd48464e3a717d4ebb22e2,0
2e74e83f3e2df92b63730ed603ddac72c3752a72,0
5515915eb5d44dbcb29303dae824e9d07500bf30,0
2179a441635bceb647fbcf67788f9ccd57563b47,0
9271b00ead38f42b0e235a84f183d4a88b8b0347,0
2ee2bff580c7138545377628074173412c27290c,0
6ae7c828aaed36ff7b211f90c415c987e1fea3de,0
158b7c1702484196cc00aa07cdf58462a7fb51d3,0
7a991770365530648b4d26fa8f5caeaefe95fb14,0
ff9a4bba813b384ef0644552b9dc3263ecbc1ca0,0
668f80bbf1c2963fd8f2bce5c4faa0c30dc5ad82,0
d2539f37ea0f34b05507907c54e17ebf284615a2,0
504e6b3c5ce8a71fbaf98913f8250b44231c624a,0
8c333a7ac58b58158a536548f12b7f483b504fc6,0
63a8456c138505368f8a8db68ef9fb6881057bc1,0
ecd7edc0f9afd15d0f8b715304e2bdfe87f4faad,0
acd9c6bf5b89b4d33465014e14c8a9d93bf9b009,0
4619e7bb0ea61f82a4b551ebd8156b8841e5ecf2,0
137808f891f7423d6d14a7765d2284aacf3ad41f,0
329d3321e66372f4aa334cb335ac6874a5b8ca20,0
e6780ebd86615a970f1735eda6c48775eef5aaec,0
19fd1f140c6f84b48a6c7a2ecba915c0896c2201,0
56483f6fda7ae16244ffdbc11213b98bf4e28193,0
8d04ad5a570c9c0239aa7ebe86f0b8628214d4f8,0
77c79974eb22602e9605444637dfcfd100cde1af,0
50afad507710b27c31aa192abc9ba026b663935c,0
e46e8b7140eefad5692ed82ef464737e4b9bc825,0
b0bb39fa1732fdb0955f8d130d76cb8f189e3255,0
84621c4655baadb2d7af92e9f72c5ce7286a8401,0
dc437a168f352f43916fbeb8fdcc697590910df4,0
5909b0c5cec7529f48f8f63a38d9733c2d43070c,0
18a21e7c8e4772c42a9e2b7133655bb98f86df30,0
2fbcd9e275f18ea078f4fc668e2c8346e39a5afc,0
c3f2705a6aa931b8a7e8e47bce94fab14f7be002,0
edbdd37e10b6adfe6e5b8a81dc61b24345980ece,0
3d67f28f3dd7303913877b9bce07b2d6d61d9e7b,0
1942b188c7aa6860c57933d89407e4a3e71b5175,0
e86f1f6a54b326060ab88f2b60000043342456f8,0
6fc2135e6b1dca14716287e72bf813cb209bdbbd,0
b015e90257850e810e57d1244664300f50de4a4c,0
7507da900b4a11b14f0e564b59270dee5a2f78d3,0
5582fa16bda62081729b98868d63c35ce3a3df9f,0
21aef486af049ca5f4f820a4de7c170a89b6e4c6,0
2eb9736750fb884db269e7e52533295074830074,0
ce634b1e3e7c3c5dc6cad31d832da666240f023e,0
be4aec1b8f204ef51af208c92ac5dd1f14c3a936,0
c6ba36f4c767fe3026397f0eb27f0226311a8a60,0
ae5c94c832bcc2f481601e4bd1fc73652140b3e8,0
ac3c1254bfab859bddb27e264d417a88ee85d8f1,0
a40ec0d4aea093875c48caa89c3c0262931245b5,0
9138e9ea036664c3f765634681be712fa38300a7,0
af73a2ff8fdc0a9b98ccc5adf349a3802d09f20c,0
70b0cfad8bb9f767604a187ace1c9d3822c634f0,0
59d24f4ef4665da89086a6658b1cb5606e1d807e,0
eef6bb9cfb6815a9d445849dd512959bbf416c61,0
31fe91e4cb879e13232526adefcac1b2609c31a2,0
adc47a168e3822ec0a8b7fdf0fd0037a19633f91,0
3d46fb9796e7adf6364f456afd5e065fd60a4f57,0
2d8f87876b01aaa1fa6790727543a0ee84699419,0
3a67fafb3dd7cbb270db5538a108c23932d4d13e,0
d1d2c2acec918564eb9b6c550a979c83e55dc05f,0
e13048199ab97346c4551e63ee2ae9ca18bcce7a,0
7529e74def488c2e949fb5c3fe2d877f82f645b6,0
a8e7fbccbf95d5f05ff3598e3075756ac537489f,0
16bb11a081e7ca201d55b7c0f3417a947379b218,0
f93a0dbd61119e45782cc665d2b5889019b36c6d,0
7acacff738cff413e951da59cf8f4d1218b700a3,0
31eebe37611056411d4bb75e6fd450cae3102ef1,0
35f3d7860e5ce7fd6882e67f5778f9bdc2e036f2,0
e8c4bfbe0a00dc2c6b7d639c3880ca0d7faafbe4,0
f9e50479e78176f6e27cd3d9861428967a974e04,0
d1f5fd2d3c34e1e8b460b6d74bedc5b2c30c9fae,0
939f0eba29d3308871adc2948a6ece803c93eece,0
21fc4ab63fd2e84198185ad4a1bf7786ee778fe7,0
7b5ac741cb5a48e949d1c3fddce9297893f6bb90,0
d7f558d934101b47274cdb6dd45c07141af97289,0
6495de33a6f5a3fee1c46ec2ffd3af9cef6554cb,0
cc9c33cb1bbdb8c166b791e8bed81fa7b82a9407,0
57d1a3c6b8555383e17394dcb37f83f03424f208,0
b00e5e27606388fb99870877e16b6714c5942c20,0
24547cf7ec772185ad04e5dd9aa63bbf9ce2aea5,0
1a04cf3dffc7149a410aa9c287090c278dcfae0b,0
d846b81d65af43d8b42f6086903f1c4eedd69db6,0
ce1450d8b0caed042f78218a29524283edfc0295,0
3b2d41ca8834abdb5453b2d97f6dcf44c4ff9a23,0
36cf651dbf9670127c36ae926818c4ce9ac03902,0
9bd3c2a71f80e7790dc1ff86f51f331083689792,0
56859bfc19d24b460102734b79dfd9510f5de89f,0
d3209d933ffdbaa1406e6c0b51125852a9c05f76,0
99ef9eff8d7b85ce83e8aacefce3089be53edd2e,0
6013bcf41020e191c0c8f017b906832bbf8338f9,0
a4bf0768edd5f37831a97b16365cc6547ef4f0a4,0
84d46183638442939142a61879080b2114f5d1ad,0
48e07f0f5153f0cccb8b0fb820d591bccd3e7e1f,0
61af6ea5972e7e38b02acdb20d15d797db3ca41f,0
5bb1c3f5b83b8e678dc4655201ea5d419ecc0817,0
d002e44d8d4a875fb13893ec92dd4d53a342a61a,0
428b65e0d6cc0f094b428f8ab92810ad7221afe1,0
89015357effff5559d0ae3e73b25801db08d7812,0
acefe3e0118117a19bcc431addd3fd02f54b3e31,0
2a3b0eba675acb2755eee394ca4f7da8b23b2e09,0
2dff910b71f42b4a3e35acd5fdf42891c9f8af85,0
d1bfd30b34c7bf0c3ca75c70c86a189709934957,0
caa44067d2458909c542f22a2f07628e449c2b42,0
c96eb9743a970d3686a858b3e3a56a0ebbd18ea2,0
556b922ffce9ef1462cf27b23ec7c206b67061ce,0
24630299e1402294a87be0255cf99024bb9536ce,0
1a99a1e59e242163169079f16710aa579ed54535,0
08a313c0b79865297952b6714eaaf9a316983b73,0
7603760bb9c6717539089f7a7a6eb0fa4a265dc8,0
c2bb9264e3a930eac3fa0d74e576f330aa3596e4,0
467477cc76221857986ad93c6bff6a142f778b81,0
d6c80b5ea3d26fcb4f3a26fafde5575579bc79c3,0
8b3e1751c6dcdf5cf82f312692df27fb9d714fbd,0
ae4945393246a599e3a53b1c2b2684f7100f217c,0
f9c938655d2e855a74b04dab6c40d39a1758db18,0
d4553d0df647daa8bf341f01b76e5a3c2b14f638,0
130eb09734e370356026345556184401fdea9b75,0
fe246514982f9072e27c233f7eadca2275fa3e5b,0
3d95ee560c7b132e30bfc51286b353155b0ccc2c,0
569c62b9d868ae463c322d0c76edae39865e5bd0,0
486770a3b3a41454ac182c79168e7d0563d04e39,0
3614918b34a85491353ce396ca85f9352086dc59,0
757ef201d1738677d2718c2269993972c211bb09,0
e823a4e02986f8908a1751d8f40ef7185e94bbd3,0
c3a6ef46fe9bab1b5c27391779b76b9aa142c6d9,0
90d3d754879c044c10d6523a27dabc480399c36c,0
c84f4923bf23c9fb7b53b6eb65fcf4c8b050c47b,0
58916a50ab278004ca97dc63ba76ce0ee0de36f4,0
3d2f8ea8513b3e7b680adda90cc9519dd0c2b84b,0
b5697723df7284ef3371221415b9e4bf83e5ef1c,0
6fa46840a3a4b9ee9795fda966fe6c3f5c4e2dde,0
44a5964258b7bd9ddc691884ac804916a3be344d,0
c3cd371364132383f27d7a03ef70a15651d89041,0
034e2c5eb86eb704bd929fbdfa5463419fbd00f9,0
7168c8548862601679d4b78c70b47a452ee03be6,0
e0660512d8ac51e4d135508d4b6214f6a10dd378,0
70b474d0c952f4bceabcc1d93f5fdf8e5bde8fce,0
fecdb1f8dadb9541c5839a7bfc4e57b64cf4413d,0
160884d339fcd12c73ced85ed11ff7094c74b949,0
fdf77ad359a2695af30539e747a1e6113bc55ed0,0
9d16bbaa997437e04a0e189ed406859afc66c7f2,0
1057a89b799626cb3177c6203baac6d67c2f9636,0
e22b22c078bba51ea396da069644700602e75471,0
4b54ea524f14a8f79a81d69e209c0c43dbdf1277,0
12b695ae00144a4a41bd9b1125dcae6587b4dc5f,0
9b73400fc275888d741c33e7b9c379b45caca286,0
dc139cfe619d659225343cedb84d2a5c411943c2,0
5aeaacf8dc1fd53c4344b10641f60bbfe60ed451,0
433b41e233ee913bd4c665e8bd94499151dd70ed,0
f0ec73d4c355d1c727f62c697121fcb77aba6820,0
e42ff6594b7c19634ed8f609c347a8027d71b828,0
5d7f6bef03c4bc3c57f0490561f20015361dab19,0
2e333182e7423c99abc1b707a017001c55583ad8,0
f16e45b90adf12531817015a0b2d51aa4f63a11d,0
1408bad36544d37533ff1b2400b51a5273e6dc62,0
ef92bfc389f1f686b3630cc42e2cef3524b7e005,0
4e2f5cda485101f8b4e0d6db02711f845fea0e96,0
87cf549579e932d2f4415b826ab75f76bc76ee72,0
bfe7035c0c3d6b5238cdf0afb32f8c1d161f5463,0
c5a5ab58d155fda34d5dcaea0af99259f572bbda,0
a70d431319b207cdd55823843dcef0efc84c85e9,0
eecfa5c881de942ef8d89c2e741a0bba9055e697,0
3ab6d811d75a9d77cb7ce1b8af20cb60c2b5cf9a,0
f509deb3cb9f91e965e4db709e08ee3afb1fc165,0
02b81da18ff6e477bc50aaa03cb53031f59376bd,0
31a009fa55ef5fcb0ae93252cc73c8eac844e8b8,0
d6caf2df0d8be01195bc3500594480682e53badc,0
2e4aac0c5ff3e588fac085f6e103b825d651adc5,0
1a26bf24b313e820231ee0b69a0046ba09d917c4,0
44b85d93eefc10d44618c2cad08578580e6ff48a,0
c9ee7fcec4c651f894bfe63431d1586ef58836a1,0
be1cf066aca8aa94d7863536859b3224a2592d06,0
5c4488612af84c976467206386f59ee5e4a44991,0
3703a2d11b29fef59e8e112cc376157e842c0a22,0
0473a82c42164dad8259afca8a87f89bdf4a9ee2,0
ff95f51856cbf05207e72abc9fd877fb62872ad8,0
1d06bedaa613894a3420ccdb59ae2e4819f40975,0
fa0115b1d6b2822435325fda5570500c82cd380d,0
9b7d12da08226b5ae9455fc5c425b1a1287bee85,0
1036f80887c28eeeb5deebbf10aba9c1630a2bc4,0
0f599351bb2ca774d057282b278246d86dfd1a1a,0
1079f38522f00608f70a8c3362f1e208d5d7666e,0
de5c093a8eadcb2b1b18547ba3785d60ac1c64c0,0
e6e52645598401e244e2f74882545df9c10da489,0
16ea493057e7f2ff475c6faedf05dba54311abd7,0
51b64d6b13e5e0ef7978e1cde970c5be0c8ee3c3,0
0988941bc3e8b1550ac392a901e6642d7d667e7e,0
a6ba162c56844cbf9f8449ceab907a8a621c719f,0
7dd5cf75c091515a2e260c1db0726d92cc454152,0
e94b891e4cefe68bc4b71b0705feedfca393a27a,0
3b615d54df8ae4151628c0a00477c7f6a7b6c0ec,0
b686b69f7579305cf98a2d83516d8bc9b9031d81,0
ca11ae53fd3635538e0bb6d35360b1ece0b590f7,0
4e5854135e71bbcc369e0c15a12db143272a4919,0
f5e0843ab284336606e22b3144c1120758836696,0
d5a61a7dac98cc41cd23dcc975ca71218e53fa9a,0
82de5396e26f4ddc22545057bcd7aac589797452,0
69a51004e0a08a935cb0f8f647e00272bb1188c3,0
eb80c2fb9504e01751cd7a40a52cb840a7f1fb69,0
27d756d79d196014a954594ba9d01ed2f5cde306,0
a68b26b2e73b7b87a31f5ba70bec970685820194,0
4bde63f27a913ddee5d4f329a68dbf1bcbed9e9c,0
915cfeffff72ace10618b2b81e29922b250db126,0
26a730fa81e0f54833cdea4dcc4310bf172323d5,0
4aec9f009c0272a540810c5ef8714573f195254d,0
bde732534710479b601c190d8c4db3e734418692,0
60c2784f134e539fcdd32e49ecdf868152cdb416,0
e0d0cbb89ab1c56ae34715565b0b072b6b192f58,0
29cac02ae4b995bfc8d0ef1994188f709175264e,0
a8d514b4edd8a430132ec43a4a20948ffbc9b29b,0
e3e1adcf224504271fa2d3acf7c0bdf7a863ab1b,0
4e4ba90a3e2496bc9576e314ff36e747bbe38c2d,0
6499d147014d55500571adfc3444179fb096a84d,0
e57f90c9ef3121b37d024eb275e1cd138082e33d,0
17e5de3cc4beeab6eeb4ed1da24347252c88ad3b,0
2e70012ae7ef179d7add660c3322b00f35619d5f,0
bb988482b01028a015e3c2169d64975bb853502d,0
db90cef65f10feaae05b07b6845be88285d16faf,0
c3e29751b8a27dee21118de107425ee93843af71,0
d22556d4b21881c5575698509d43d754a92a399f,0
53db934323a2ba2a53a489737de50b6c39316a63,0
c9d593eaf3cb4c673403cf475315ee79f7cd18dc,0
a082f8add4608a845a6761ef0cf3aa5dbf096a17,0
4fb73706620675d61c33a3575defd649a4f1e621,0
39e1722d65f0f7139368b086ef61003bb7bf15f2,0
b04ca968b076c081a67a28095170b5ee1784e5f8,0
f0add0f6a65ca4336fe7a658dc2c7962742b4c57,0
bff420d02229612a2b729d38b40e917d084e7d92,0
bd91abe7fe4cb5044af4f188878e371c6bedd6e5,0
63c2f6b844a1f0a34a6265d0f132395534a76090,0
3ffe6712a64387174dc1b37f393af79adef28da8,0
59b0cc20d7c6a32b84cf3b3ff3baf7ff713bca87,0
f486849fbb5184efda73a50ca62a6d58389ef7a6,0
12760e925d18c77fc4a0a396a57fad1dba7be626,0
6ca6902d68d6ff4d63b189120edf54e4a6e03c81,0
6d689977e86a3eae44ec0dfbc22d03c6d5dae2af,0
f9ee56a75cc49ede61745b1b3f5d9e71e242f7ba,0
137c0dd57c6dd817ce576c4f0c8f8df859996ee3,0
64a805f489edf42c1b9e739c62fc927324701c8a,0
eda94276de5d01c81e73ab2f165a49e841c7b69f,0
587c9869e2dd9abc5dae70457c44f1ddabd0ef00,0
6b17bbe4222948846fbb588cabd9a04f88751d6d,0
8267a869a9e6316f24b94c90ec3e732ff7a5c0c8,0
b1103756ae318e843f54879e95f4e902ff13785e,0
64962b09e87f32ef8a43b5cfc5138ace414ca806,0
e23db3c37ca39b45e6b3e858d71ef0bbf0fcc0bf,0
e30871a3303c5c57237145e82289eb5fab3ce754,0
a3efc6f747e5bed9237e1016fcd260daa8004409,0
93d1e13bf4db24ead11e06e81f4a49845bd1e1a8,0
e6740b9f1e0be8bdb4335a28696831de96efb8b7,0
a7adf5e33093f4a1551730afdcb8569496b4fc31,0
1d5497ef9c327f6a6459015c861d2286e48d3a97,0
fc33b46d21f07eba5f2ee05ad6236acb5494f773,0
1e1fb830d74afcec27597be2cf6847bf87cb0882,0
0b6ca2a1af09a69b3e13464031cbc4c9844403b4,0
f497d4442bf7e0e9edcf0c74dba7cbedc9718dd5,0
441a5902f49df2039fd4613afc2f4716cd488bee,0
70d94ab891ba86b3d24dcbeff9d41adc1dd8372e,0
a2145fb14a9e2e68b52df81667eda76c947463f9,0
65f109957b57ac3ba2f5108010d915762c565914,0
a936c27ee66baec989c669f3736027250986d81e,0
f96d667cfc83223099f35bb5c1d9ae308430a450,0
578d36494fea22e76cf829dd2a6ec1ab8b1c9b68,0
0a4faf4677564c8244ed0bc120742e6d4b0c3b0d,0
4a489b61f13e481b40251e9894979e72465cbbd3,0
555dce24bf26f39159d087debc90560c3e0bef67,0
cb2b75b69ac0cd083f19d1f9e69235c0586e326f,0
61c294f04874a9a05632b2636930bb3a9b0cb726,0
43902a0df2c9d8512b9df78883c99d042923046d,0
7c463b8302df14333e1a72a6e0451a5f5f115956,0
df1f3b1484c9b2368afe9b9026f1f694439a0a99,0
d4311bda6c505556970555de5a3df30f665fa847,0
034645c624eb1f286fb25308c6ad80d13b1baee0,0
8402f8f742259912c3d6b3c63ef40c5f1855cf7e,0
2e883b6f1e15eda9e100154f46e229dd4b7ca655,0
f3c14c70cd4995761f8c8319003364cd696f4dca,0
6a6a34c3eb9c997d110611006611de79f68426e8,0
4c0ad0a4a2f379ab99bad390bf4896f0087a8f24,0
1037f921edcec2d46313b3d4bf11dc3066a44cff,0
881a88bfa4e0d3ebcfd0e9bdd515ceec43050410,0
ec208052baf4c596f7e8cfacc281d3e2408809ac,0
7614e275343b5356fbe88e898e157e4e21e90452,0
9f74be08cb6a5532f04f051d85f151c910cd44b9,0
5a01d01d1650dcbd42001ed10364b2f6978bd7b8,0
2ddace86d1e022a3a278f65839d001e9b616eb29,0
7f74750f73ea4cd448bdd5adc2813609d57eb708,0
6562d326dc1d8e54db155504bc38d90a8fba5ae3,0
b218099cda6b6edfdf1c91328fd5cea21794f53f,0
3f86df701cb96b016472b7b6c647ef4b313507cd,0
8d2a726ff3255823e7bd96248fbf4fa85cc3560a,0
cc7982a9e370546ad3ccffcf47dfbe3de313fb62,0
31ab85a74e17f6fdf8977bb448ed3475c98d7446,0
fcb6febfeb4adbe136e489e0d520b847e5e4ba74,0
529daa0ea9a114be96808294401e2757662ce000,0
2163575fabf69246c3d2b282e1607498fb04851e,0
551da571cd6589fa63aa9e831984c112ebb56ed1,0
296c3873cca6b175fd19827dae2e05b13351fc57,0
244c0d2e58c31d06d8ce3897fbe285fc2357abf2,0
7687745df690a48f81a51651ae660503fc338892,0
a2094432e334957d131a2c3990c698c821e31433,0
50aec2e853d5bc61109bb819a1b15c0c42b4b07a,0
f0bed2eb46a8cd433268d1b062d1cf940ec9e0f4,0
fdc70dd3a4ac4a0cb680164bc0bc4150ac2e3d05,0
69eb192e2680764b4b82cfe0789b24305ca95073,0
04b2ffecf98fac62193b38bee6db77ef4d80522e,0
35884393c33265b370b374199e6f8fd2b2c7cc11,0
ce2f61ef9e5374b5c1497a834c52be4167393110,0
78270f62195cd9c71b46d18de30388c4c468a8cd,0
27873c232cf3ce8731085d59d4433309abd90914,0
c3c71afddaf063a29ce72039c96534d052745dc6,0
ebed6e3c175a05b77d9e6161f502aa986517d7ee,0
0bc837f9e004ed0b266e2b945e167b970d539ef8,0
ac0af3b67d147af7e04d48f0a0f2e71733b87dfd,0
659955d764eedcb53182937a74afaa64b90e7e3a,0
f4c665acbb304f1c761115535263ae53da1612ae,0
463d3a75ccfe11e2e9dc32d05fe81ff6a4698679,0
bc3288524db7f0d77199989b3ffed2d86f489ac6,0
f9169f4cc80c984e6d1197e9e4205127ff16c6bf,0
5b76c595aa95e4b3a0defbc68abf1b48dca52400,0
ff60bd22744c4226c30a4b713853a186f3cb3412,0
6a32dc14a12fc4047ba71df2cba8264544db250b,0
8defcc605d0e6ef05d50ee96ac32d678d0993377,0
c8319cb2ebd799e9f8286a910a2209b9f722467c,0
e8eaacef505ac16b5441ef8999f201d312ae30c2,0
eb83b175bc2057b9a89aa048962d0cc7cd527f74,0
cf520ef45064c8fa4f43717ecc789d5a4f6b0d57,0
97ffe175ca5bd2c99701f750860c0cd245c68f4b,0
78ecfd5a76ab24e9cb3e5fab6bd4f60187cd6342,0
39c7173bf0342318a1053060af82c6c8e1ae782a,0
2c2bf269f5929bad3fbfa03632ea8a2f91d4b92b,0
068be7d72e7b0d3c9f92b79ef471f9a3b897d0fb,0
d31af073b1967c29802901ddbe23748da1f07085,0
60f88f704874b1de0200147dd0f422c18aa9acca,0
739263bb25831c24ea65169e8890dee3f9918fdc,0
b16759062eafa3ec67178f7152c7918e89375e7d,0
e2c266f4438368da9f5f94224e95d79213ff4109,0
4808c32f90d42ab255868fc0613f441e72c89716,0
8370adf052ea89161d2391bd4d281875cb9faf04,0
49d6615c406798ee8d0b0ebe40e3f7316c1db0dc,0
18c2e63a3daec83847ecdfad7cd63a429e7c281e,0
0f2c5597f4c767a97a3e130fa762ec4306dfab0f,0
ad1562df05fbb89afbdd75197025956b82b025ac,0
c6e1019f786fac478298941d7408e415dc7daaeb,0
2539f847d53c96030b00c76ca38be20bb97bf713,0
84a4c3317ac0108a7539f9caf80e74511d8a57b6,0
9691130993098215edf9a353ddc1a483a9ccc3b8,0
6a1ec2217c22d46dda9b23fb2ba1460151af8330,0
ef617c74ae8558139a4e85cd559f67e0c23b1333,0
af864d1db0d80946d5983af4871da09090f11527,0
7446c2d22b5a8feb548bf9da4fd0fa83485c4a5c,0
e1f40f8ff8af240d7930de270876e793d9631f01,0
0a7841e5e547493f9b1286ce3e3bfb337caf13f0,0
970e05aab3f6e57e713880efdbcc13d1cee60f00,0
3b81b40e43f648eb5501abc65f6963c4e719eed7,0
28ff3c2008d42afe31ff506e01cd708414d5aa23,0
a357ad9d0f1b177e9b0c3ffda18e03dbf4d02b9c,0
17f84388b0f2c27b54d94f12f1ad4865b677ee07,0
b8682b0d9dbeae3aaa8c44a3aa536644d0793764,0
3362efc6a468427dc0a51a03c400cd1ec23aa37c,0
0a2c18f029601402b7d4f5c76e382c4764f69d11,0
950c9d9f628706381ff56ffea789fc1c17d21ba2,0
b262307e70f35aae2f2e56bfd6364dfddafb36a6,0
49a1dd123fed20b21f0137ce603503f4c89f5b47,0
05a10c61708f13117eb60e2982437dc35475e2e8,0
fb8785622f440c8f9987d9c583db150473a7071b,0
33e33bf88bfd31344f9f916a3095d50b066fb893,0
14f9c76c8ae24513b12cd09ecaf754c3bed449d3,0
70a9c2992c7d6d532a357ff4e2320a0030c49c87,0
215d07adfab2b4f7336ba90c3b3f1ceb5039ef9a,0
1f7b5bbd939fe2b6a56d0e86b2cac742fa4a5ad1,0
3ec90f601122200193aaf594842e742c2df2d795,0
9aa0b6df495c3e3f5e0cd662130c748b27bae74a,0
de2f76903e1d91473ed8ef3fc6e7409f44d5805c,0
1fbb52ff5584ccc0b2b5993a0818330e027f3314,0
c33430c1a2640fb3d4b7d691731ed3ddacc7d927,0
db0d1e085c6f532acb919567f4e21a0607a76a5d,0
12a1f646564960378cfb4c27c5b8e471605b77dc,0
2e680d3726ea823c79934ac7245ba9e5a4512313,0
8d44e110429c0484d5794dfd9f6a19bc5357c3fe,0
4550edefbf2b0970ab922b72cc7ac2e164006cb2,0
5bfc1423f570e05d0fb57ad3d36b73f60c767b5e,0
ef6cd9709345405185c615444d8788f700d7f0ae,0
6560b93fcafabe3d248a56a71a971521ad6f0954,0
6998364ffcb43d552adc0d6acc51967f5b2d1882,0
4a69e69f93470a5634ad410480d4816b0265bbc7,0
dbad6073720c1c3a8442123bce36a11426b2f8d4,0
c757ff61a521ed5a44dca6444f3a91fa6d40b863,0
5e6505fad8048ff090e22a9b54ed252b9454f3b0,0
a706f6ccf52ee42f87b6d0d87166a2e610f96412,0
f78854453504d7ab6909da481e29db10c0a578ac,0
ca05d2e6a6eed2d3f137b78ff68546c4b206235b,0
5041b67436a3bcc82223fd9c59014331e54520d5,0
39ba517d92ea1cb7d81fd17c03bc86e0cacb18aa,0
c7d1d45f0220370d0aa387bf6f5a7c16ff0afcc8,0
608b1b74705e8a5f5b4bb8112233ae8afe3a10c2,0
81bfc537c757f1f90898993bcab728284ca08ab2,0
6e09ef5c85f33493fb0467a7085b2a8df840b4db,0
2c3d78946e07f8200bc2af326c50c57e830dafc3,0
a45492a11ed9eddda5859558c8cee1791527ac7b,0
1b9f9d5960cda35375f89a00dc7c38927e7b2590,0
2444bfd77a4bbb4b5b88b3d0b3d85c06334bc08c,0
d86c4e802fffc7b0da1bf4f5df4bb37f9c98da92,0
4fa9a6c7179d2e5549fec52d894e5c0b8a8d3643,0
55a5c959e149e6c55fe2a7b446f5dae8a80488b7,0
31304b2310d7cd8d00ab3200c0699f50ac3866a2,0
5be534cc56b43e429ccf1886839b069ba5f81c05,0
74145038a968cd0d4d168ea3eb1303bab02b181d,0
974c9831ea6cce6ce6201a3d81868a1255501965,0
63919b288fe8ec5e9d0dac9e18b4a186acd76d63,0
f3267cbcc900f80851d561bdd16b239d936947f5,0
51406ffe93d1e0ac183d92ee2811f72b46d290ff,0
b2d1ede18d60251fd6af23432fc23bcc0062dfaa,0
cdc37f0b14501815b3581251e37c021d1bd6ae92,0
536bbd568cbb04af4f619bad5d242a055ce73299,0
d7710c0d512e3a06a2269d3d1d6daebc2b4f5fc3,0
9e6e7c685b81c12081459413fcdd809e0875b5ff,0
a618885c1142afc5da69872c00556cfd593968aa,0
66512fcc2bed294b4c55233b2ae1638f96dfee36,0
2770c2e7367f19658445e1b88693bca30851bf48,0
ca49f2555b3f9680a40f219251c34754456a8186,0
3ed43ca27f57c98a02d091bbc20d4d1d035e1708,0
964a0c8242e8c35a810b0af9bfb3ebde380cca3c,0
3f78b95e718c6aa48dd0a1a9b0bceebceec855d3,0
5ae5e6b24969a1796f7721b75a8293f15fbb0e66,0
87c947056d4327c9ba5f5fd14316f9f4d60533c7,0
d7e84ad3d6886e82067e2b57b923ddd983d5368d,0
040c6a96353cb693c2028982e78f944cebbb2377,0
79cfa08623cc320350b095081d4b366b988eb4c4,0
5c37fd7280911e3ffb5792243a971f70dadc7285,0
353362b9e8e30653090ed394724a8c226c011cb2,0
bb9451080994f0f06b1a379d37a9fcac42cfc615,0
1a7daf828d50024f2c7f140f6e9d9405c34f4922,0
32ab8dfabdd0b7599165b065211be21a1a6e1ba2,0
b5dd198762398e2f0b862552dfea2a8cb5b3f02e,0
2595c568c484c6614a8ce1ced1844614423ea6ca,0
de2492f48f6766222572a13bf9552f03289c4c1c,0
899dae27675e8a0da282f3bcc0ac7c2823abf1ad,0
242252bebc1f40d4e03a3ff691c2f19a7d20dd7d,0
9d1b8fa830a0f1b248f05857e33ae3c19afe2b9d,0
152eb5af7c01a160401d667837156e5b6ee647ac,0
596126404b9a7a0562aa4ce0c76c08b917d26434,0
8c38bbb8e756441b5f334b9df3fcdf5fc52ab46e,0
52fae49e309655caf1ab733b678e1139873ad99f,0
2a594bf76d7de0e7d41ee43145f3ae8dfea7f778,0
ed67bad4753d5ff7b62ca807b9553713a6e05d2e,0
2330505d8d7dcebeb6d3bff67c0854fd0e947b9a,0
9b6f88a4959186b6169035b1d06726700a3244b8,0
1e5ab442bfc493623a144680b1374587279a6c0f,0
1a2e1c049d0b94d6b3517d24524e9d84b0ddbfba,0
712376b3f05b402d6cab5833123edcd8c1053f10,0
3c38bf6ff295f82d619d078d836699e2b1377ad7,0
a7027eb3ddc3c6ff36fded5ff8259c93833d4f3d,0
b278964249663c4c3e041c4398509796372c9e86,0
3bce2fff64806415090256294eca5e9a96c5e5db,0
70ead26f8d5d50239b9f9c31ff6478bf367d26e9,0
9e09cac0c5fe72978637b1c13c4ce44c5a8a40a2,0
16b89fd20d6050cd0cbf93366d7c14360569847a,0
b494fde946bc09cd678af41c94f28f67c6b5093e,0
1a8bb61704441e2a696ca23761d25f8999f6a56b,0
f58d0783e60d083da1748716267e352895705c8b,0
8b0b16884064dc51b58ad4c28e41e7fbef90be97,0
9fc5328f6387058b5fb793a64fdbc3120fbcce82,0
009aea36801d77581a3295b12df8121345f23847,0
8424b4010a658438f8b0e52fa208902ef2491675,0
0f6a3a3327f375eb9ab193a441f64003612de356,0
1e452dae7eb33ba0de144692e495ca69bf412551,0
c2f0cbb352d6bfd3f565145a34e74e6e86d67e71,0
a592265e7af311f3eea4115027b7da221cc4f07c,0
cbbeb73218c88eb99ecc00d4626791cc2f8eeebe,0
7b668065d82ba796275f4adfd5e55f9bea08913c,0
f2e3ed2ffe899a826a643692caee90939b434e6e,0
cbbed9ec41c70469cab42a584e205b96c0f964fc,0
95e7a63ccafa60859d1e08c19ddc21a1323b1f89,0
9906cc31926527b09b44a29156b2e6c48e0a8c88,0
997836a0e1015cd7a8fd2f09fbfd9fa6712bd60f,0
099865945810ee8d8e9fc8b92f37c72906b80245,0
e0bd3b6e0992c60bc9198527a5aeccd6d44cdf53,0
e28619e0344733ee5fbb3e1e56ab366b87748adc,0
8d43124ecb6bc9329c9d4abe88a3b74970cae9d5,0
5165671d2bc4bed17918051f1689ee5fd4c3425a,0
46127cbf3f97038ce5ed50d5e4898bdf69a4118b,0
7eae0bd63f4309b11a2890586696da6f84c6f798,0
e0448ec8000172a0ba7ddf08e9155dac8486c5e7,0
29c17da7c24168113063cffae1a7f974225f2d0f,0
077265e4c2434deda7a2c8bca5ddda864945cce0,0
a4e7eee118b59cb4480833dcf934e0dd293abffb,0
1e2bb27a29108c54c371e90ceefa0d88f26557eb,0
8bee94f4fc92f3de384c2362c71c2f2ec78890d7,0
c501230a519d2bc816a2bbddec2f034020803cf4,0
2c02d079acae4b2723b7c14921facec079aaff83,0
a8a28711464966c5d2c23b1eee58f88b6cfccd51,0
7d7e5c88e91a264cff93ac46bdfce0796a04c7d1,0
e1bcf301059dcb1e4138d82f82e1a289fc91a837,0
c4208af5f6346af9359addbb72e7ca75566db9a9,0
671b657df47896e13b140617e95a7415281a10e9,0
45f7e5fcfb927b7dfd66d1d24551efdb5f190cdf,0
9cba939421587e4b0884fe21cfdac41dd0cf8a05,0
62af5a849cac67b73a0074de87674a2da1610313,0
abbda110c1ce6b558766b1ab22726eabe960abb7,0
5a4b4fc17be8df08871649f87a16bdc8054f13ed,0
db3b0e1ffe5ad6dd154cd032a3faf454eef4acdc,0
2bf42c4134161319c82227807aab8d4903fd060e,0
4e36acdf8551647caaf3659606de974eb9c41f77,0
94d31f8e85316329a13dd9a413ca284da502b09b,0
58664a05ac1bc7eb158eb274e8cb961de3425884,0
9f188870edb80c9e3d26a858d8629e396299a932,0
256386cc94299a71e0dd4dc999e4e2adf96e9238,0
bc3bf60b4c33c7b99448fcd6768cde53718d4790,0
48dd3554b3810c8332c92cbd8dd945e9759a1462,0
6493505421027c43655fe8d3e9f7139043338cc3,0
f2b37b0f8fee651a6bb151ee05492eb9b5701958,0
a5858bd80e9ac02e0132942a46de0d468e345936,0
2626f43460a5418f304f221a22a71f63cbc2587d,0
b24126e1f19b39e9f41908a4c95061bd7cbb8770,0
82ab1d662851881ff8677175978a5c744d5aca8e,0
9c5605dede8db3de6032d53666f1361c9b5417a5,0
caaaf5474464b57316e91ff19bba820338d7a92d,0
60eb89a14451a15c7d2b97928f69d2df644dc93f,0
66fac887bb36f14e2819ec14b905b48bff86babb,0
28be4f5363fd621aa8166cb2034fe3c65446c588,0
cf6cb9cefe0f872059d9b7843c489afe713c2c8f,0
482ebd5dbe6c862fcfda7306ad2876afccadb2c9,0
1e967ff9e8e3f3413a2ffb8efa7c65ffc2f3b468,0
2e3e67fe5743cb4533bbde60cd33985a7ec7961a,0
5038b827189e8681227ff7435065c436c6205139,0
7423a1707e0296142105c19db11e63092bc66510,0
ca366e9f40d488077a2a1480e34f3090a32c6f89,0
0665f8e5fe26fa199de944a47553bdf576be6003,0
7ce7162e7f7291ae36f58eb2b7cabfe37b0bbbdb,0
c45bbb96ec6dcfbf4849f97c965c33c2ac6599ed,0
483d3157a8e90ca79e52f929d601a562a52ca739,0
8113694ac4f8d7cd7d8f857802904130763ec57b,0
a3d7d0bc4e2fba05a53d2d87603a76dc31cd9150,0
fdbb535013aa2009d5c426f61385efb0078ff572,0
47828f0d303f6b36bc07a254458ac06a81df5a15,0
7b7aa0487e8c0429021e82032a0afd580110450a,0
cf44f24991667d1f238177171016ff59eed2dd09,0
fe6a18502a99a895802630570769f85abf3833b9,0
51f40051b737f21209173fba0c1cb1e63b5f5860,0
dfbbfd9fc59ca885fa2fadb5bb33390416b05a06,0
7467560245fdbb132489da66c40f0612f2296031,0
b7323d8cca74c77f9749217f13399603f5f813f6,0
c3367d8d64dade363148edd6b9ebb77b0f5b2924,0
2456a2adaa4b88528a62032ba78a1c7bbcd017bd,0
570c60e3dad2c5de62d6236855f9d98cf6bf7221,0
efbcbac1f8d544e4f40b9eb49c6e18ec3fe76d08,0
c980fa196d56e16ef6e4178200756128fceb1f04,0
a4bc0ef8926802adbf5facaf31be8cbb45f800f2,0
fb61c5cad2f31832fdc4e7d929a5f7f59fb56216,0
10f0b692996e22f4d4e936b4d4c004cbb11036dd,0
decf7f51725a3efeddd02dc5f465e41ad5809f9d,0
ee90f2566ac6ead1ea2881d14ab97828923b64ea,0
99da652dc97a636ebaaf8cb2799ef5e8a88832e4,0
c07a2a0339d19a1caab75ea328bc56a4f3195e12,0
6b54397544de944120ec1cd3baee78eaae3f25ff,0
b0a9a0a50c15b36a1580a6c875ecea6b29b70c4e,0
daa5aaa2b8cb965c118ea079440c601fddb3ac48,0
91bb87feb130ae8084bb946f664a847f64dc4f87,0
fa517d40a6890e07f07ed7a9c834f90cfc0f3ebc,0
537987457f9fedd6f9904bc38270544af18af8fd,0
ef860a2ca7fbb679e3d639941a6664f7235a9533,0
26ef843d399abec9417391c20c0a44b8d773fb9e,0
57824eb8fdfd9305bd4f70bb0c185775e671dac9,0
0373f07a9cb71d36088d4bd08cc556efd9a004cf,0
5598028c7fd0427c588f50bf9d4fcd7c098c2c0f,0
cf03355f273c7366f01ea56ff5ef2bfb6bb7dba7,0
10a5f30ae2aca4f467aa6689b723f8e3f431ba67,0
ebf99b3668c25339437acbb3976435b27d987bab,0
d865f2df015fc6e04487cce77f18edb602d0592a,0
7c549fff1becc47cb2081eb97dd0c85a3485fa1f,0
f02823a1093f00563aeb70c7f2040d29e85e003a,0
8bb4742e8735d3c360096724fcbc34c9dba7cdfd,0
2f5a1b53eeff77e216e92ad3badb325bae3f056f,0
c4d889aca20a9ac516b2b06f136e13dd2ae5a688,0
a8ba4e82405dc4f636df94af35fb8ed46dc5f260,0
90c98140a9f72c058c6503eae008c2e056d6bf4b,0
c08018ad676e20769a1cab02e4003e73e47d5f37,0
70518cfcf83b87af559001f128a41466138ecba3,0
707879b724220523f568c38f015ef7c30e71b44b,0
55add8d353b18b8cc051c3710147eaadf029bf7f,0
76d8789bc9327bb7396372f4c03b2a78cbbe6c7e,0
6969bf99487a1c9e063053e9ca832e564df9404c,0
bf507ca01bbdc91fba5e290d130f769f75f56977,0
8956286c221be785909d3c5a7461a8246633c51c,0
ebd8143702b19dff7e71d8696a6a96c033aeeab8,0
7f10dbbb6f1f909394d4c1f7667d9b0a34d21a25,0
cfd3e00ed980dff2d1effc3957f214f8d83c69fb,0
a404ece46e4b8132ae192033067b8c04a6e45960,0
13a57465a93cc305ac480b7c8bb5665ad420ac62,0
424e85abbb24c0854917d36c82c4854b7cb44942,0
110059c9d13c2d590e333896cb7fa0619fea0ea0,0
a85f3c9c3e3d22a5316e146bc7776c6e6a7d134c,0
8342e6d74857dbaaf6156167439118458c018698,0
7dc01f8d338476fec2ea0f51990d54bfb4de0a94,0
12a13ff4199ef817011feda307809d4bf523410b,0
ab637edc70aadb2624285915ba24e1cb1790f350,0
574ed252e4b02617ff988646f4cd3ec78610ad44,0
1097219d0c858979b4856740ad65b6dce9f0879e,0
12743e2fd760b4a1f1e6824be7d5eede396e0e79,0
61c095d205e05cc063045c637ef965d1eb8e8e3f,0
ed7eb4e11b5f3cdeba4c776c5d132c0e0e09694d,0
27e67690a0967de238c3d6d50ac6219a7d181b1e,0
2ae387b69513912c79a15da34d0eef0e00f95d32,0
b78f5a562e6f9abfcafe77dc1ea6f5ac7632dd18,0
ea70981ae411128c4a5d7580a7b927bf165fa5a5,0
e1df76fb2f8e2b93de2716657c3e0c14d7aa949f,0
bb9dcade062f7295d0d1f8c92ea853e2b770cd76,0
cf6f9676e05812228d0e7c8c1e74f3c07af8ca8d,0
ce8f9933cdd4ab9520cd9e05ac86d84334f9c2a0,0
b3b60c962f1da27c17f4b306cd879760994ca7f9,0
6b8b51823a4d6d648444093039f500804a4fca61,0
cb8dca598ff55de021e04768af6bbf62e1482606,0
668dade71bca3f1ca63aa80092e7304cc7fdb97e,0
234e5e04923a253a075c0e9b961ad3ffb9857ec4,0
767f720f77b0cfcda017f95af31b3f8af03c51ef,0
0f7c341b4b36a6b68e146274b4d8d6b41078f54e,0
e1e1e66ac609e17033a8a7b403d5d7a490ff14db,0
8c86418c60e74ab7d1233bfbb1a54ffefff3f25c,0
8fe54c05b553976d00d5b406499d5b0272598058,0
40d5eb4eda290c74b533f389fbc4e3495a4513f6,0
e2209c30b5a7ac37dfd5409b166e9807ff1e4eb1,0
cf9996eece7eb623bcf09463ce4fa6de50742b80,0
d31f0dff272dd2cf9df72541f7ebc58de038dd26,0
0e8a573a793cbb0196a5307c8de0329a592e49c2,0
cba3b596f63ebefce17849af4deca771de92d091,0
3f3963793754427a44f70080d02c8029ef5bed34,0
76cbb3ac744e4513e7b88602c0ccbd0e8773d409,0
f1a1459f19685a71e1d7d7d7dc2de0c3cc2ea077,0
60cf876e18d7f179dd685f4d5799456c3157c13b,0
8f5adaa34a1fcdcd725c0373094018a3a22e01b8,0
98f57d5afa562976aae174922b7411c569da1fcb,0
6ed89aa5274e53ce3a2958079068934aae9ce424,0
e657dea560c7c0653e5b263ac78643357ae0779c,0
8b1c48e328109f7f6c1b52d1d66dc35f5b18a6ac,0
3a52736bb3b7717c1f772a27077c28483e78296f,0
84c27bdd676d03ee3b2dc1a4639d48dc867a7416,0
d09847b92e62a089eafb0fade3da906a056026e9,0
7e1b72e809b3a11387581f6874c8317a1e7220b5,0
c867f5ac7744b1fe0e6e6c7eaeb27fa86bf5ef39,0
206b28bcc7dba66761e0db07977f49cebf74fc14,0
be1864bc927bf6ccbe823b27f1e99c3a743fdcb3,0
4b62c1a5984c43b8e575d0d3c3c46d03e0373118,0
37d3043a8eba15499553b537ba81f4c5e1eb60ec,0
45dba0de8cb3eca65a9076b3799b942895a63db3,0
837eb5956f44c39e8603fcd0be20e384adc37e68,0
c4bb17cb16f16b4fba145f8ee78ae9d479eb31f8,0
0fed5a850822e658ca11da7ddf9c5ddd8e669449,0
d7012bede7fbbf1a7b5b2fc4f587271792a0bd03,0
999c85513144c198bca6c365f3569a14996ba0e0,0
495dd8754d0a7d3c5d5ae59039a1458fe1fb4c27,0
4786de760328de23e61cac27de5dc7e9c8dcbb5e,0
1d44c914d371950b319355cec80c7654cdfa2058,0
1589cab1fd41d3ae33a4103466960f11309921b0,0
2e8cf54329ee81d91244fc70e0e98c3cb349a740,0
4d17ebdcf278a31bf00b9778eb294df9ce01f4cb,0
2ed98367a244696240387c2f34164207d4a6e9cf,0
306660555fdb000adad59d6dbc6572b105b264b8,0
02945d54fc3b544abfccbbfc56b35784cd675885,0
f9a49171fd9dd6062e01d53d73a6789ab3e807cd,0
85556b6e89bfd65854b7de9f00d3031b82b4db51,0
ddce9f789e32a558e1cfc4f92d54ec5170c800a6,0
44c69dedb073a8c238eeb9514d562f3a9e851daf,0
a28e7e858545b6159041b67355934b452a28bed3,0
2f728f24289425f28507e1c68d3d43e7acf60644,0
6fd12fe3c7b1055f0fa00554af522cb1e6979bd6,0
863cd3e3b8dc6dbd1b9f2b0a8d00126cbc0053d3,0
50a023eb77c3e8ea2cc8be18f76a4c1ff7ce51b8,0
f0711835f6cfdc3c14e957ac1cf7f1fa3eff57a3,0
7d9a68072d574e97acc3342b77da27b5520375c5,0
504b7ce7be8ca4a660c91031981a35399ae7299d,0
6173a227c596c9522106a389359e97ad6fbe768a,0
0813b04f9c94a0088ce925ccb8556e9ded29f6a7,0
1a45a1135ced59f1dc554141329956a39d4d98ba,0
63c955c54959cef0e31e3ef4263d166c3bf38a60,0
3b34cfbca35a9c8bd0880273d8a29991b5ec66e1,0
b93fdba7d40f9b24357e1e0bf70cda1c060da95f,0
f77f96869cc6a153ee04fa13e7158bb81374fb41,0
945b43528e678666c996d92edcbd0dfe5810c739,0
8a85f454a0acaf79f2ef617261ec645fdaeccbeb,0
034e5374007593f350a960bc254f3e6881bbbf71,0
284c90d59844af772602595d1291b40433c80598,0
4f241cf8eced082a24f5345e72fb4af8d3b1377b,0
605f5165a770dc6a265e003195d6a097977adf19,0
a2540b7e10613deff9c3ad5b39954cf330636b85,0
c35db459c82bcc52314a6a28574bfe1de025fa7f,0
4d581761689b67e2305204a6a02b97532be90aab,0
4637826ac76db6cd4ff7eb56d1b13e16d4b43320,0
1d90beea0bdf9288eaeb79ba37291ce9e9f34753,0
34234d6a756ad6923978417a993644ed79b99f61,0
c434d6a6f8a92ce40fa0677332eba1c37ac85059,0
867bcbd2882cb9faeb169d530e0c11ada583dae5,0
298385113cac6e3a4b6e7dd40e0e1c36318c7ffd,0
5d6a36c22072aedb59d087b460c6ced63aa4699b,0
50b485ae44e32a696f41c862536fff2c043d42a7,0
c261c611aa0c9fa4314760449bc0ad5360010e94,0
f4377c5b324b8994036b83dc9194b3a201789d49,0
1ebf73a97ac9d3cad3beac32cc372df36b0465ed,0
b4d71729c675c2c328d7c869a091f381428ee08e,0
2bbbaa5a05a6bfad119f9337c0e49ee3dfa451ae,0
35a0731c215c7c473d0425ea5e1505d99024dc00,0
c53fe8f36156610aff6e6ba03f5227786e32b800,0
bc6517c21732435bb5d8001d56efebcae45d47d8,0
ded3be7e055e57f9de6be3cc79653698418170c2,0
31e352b8cdec88c026f727706d6cd859d31ea0ae,0
c26d888c2571fc6202c6a7d22d17ca3ca6ee624c,0
e7de6b0cefc0f13b036fec9cacdfa65ca416e59c,0
899c786357e15420b822fc821826ee84e1ded78f,0
8d1978a420a915b1e8ecc188e6d291db44b3641d,0
7a67c7c93d6098f6e811a61ef24d81d88b75066d,0
740eb92f39c403272cba6324748ccfede7790263,0
40a63a961f4217087d115dc61944cf1a26874ae8,0
32f22dcc5aab94c0805931aab67365357335f222,0
ffa72c705574e2c384caf3db499aeb0cb8cc02d4,0
b08800f724bb087bd3ece9c664ddd1b07b1776a7,0
ee0ad1059ca0b6a9308f7769bac286de1e16dbf2,0
180542e7509f18e2eb27f1a00ebe4c74cd389d26,0
2dbdc8c0905cecb0ebb14d31b2b7fbbc118dfeee,0
c5ae326f6a8210eb20c2605ba7c2fe6ef02dd877,0
1d5efe54b38c00dde0028265f6dc47b94d690802,0
48f128cf72004c0ba881f5ea028d266b0b1cd731,0
8dd9ce2513c4263a868d82c28f3a88206dfacf06,0
3f281e465b404f0a5dd81cc887b2251c82b8ab38,0
5a2235f04df2728a2ff9eb4e9ff48cba3c273916,0
ae9a7b4d9b02464e4295c79ddf83ec654fff78e3,0
4dc5f70b951ccbc3e9ca46d19259e967a0ebd4cb,0
ae7c7e1dcd25d9009db8cf283f403f60fdbd053d,0
3a42d361a50d11d174f50035f5137a04deeecfcd,0
62750ac558a8b325bf7d15e0a3d8fff54bb8fceb,0
04daba9c6b85b3a1903324bdbc8948b33f9b0a4f,0
215508b60f372891d2da0c7190451d8e82bb404b,0
0d75ce16ca652b3722daa3d2ad5144e26748e2d7,0
f967751f50509c5b27362b9611728fd8abe26abf,0
79d02840d178143ee06561a7473eae8780d1d121,0
a21642eb2c0451faa8aa21f22e91515c4bd8622d,0
9cae429a7be96b35929aab2aec305e2001cad5c7,0
ff5986d8441350ab95160f97a2bacc37b9da4b32,0
50b448b8cb29f8ddcf061626d6231d227ecdf808,0
485b1fe866d5c37539d3e1fe572a7873b14238cf,0
ab8105b38be950d49e50c55037d546e8a4c2b68a,0
fead9f082a68b00bf99bdc053dd7973921ae672f,0
8b3085f6241cbc05dbcc0bd3f2080d3fdc8cee36,0
2ab41d6feeb89c86e56249025d631cb55461e072,0
ef7b6db0e8ed03f79bd1ce4720b9c5f88e31cfcc,0
41c1c62ae7f0853a6d705f50e4a52ab897135eae,0
b1a6289b12d2f64783097617061e6c0a1e15f453,0
f1f50d0d7855d4e8059d8367a3170e87c6d4dcd5,0
6f0f9bb10a276412aebbb7a06d9fa566382222f0,0
49da688740a17ea9c8b07611020214bb0070962e,0
8804a93690cd4be12024345225e0934d66aa4cf6,0
abeb623e58bb513a44bbb92bb6ac9c52fa3e5075,0
22da7a215d6bfd6b0d4b33bbb2afb556c98230cd,0
5879003ffa3508468576b64f75fd2a48c89f507f,0
4aa3d765b36108b0f7de769551b9187b8b2e2784,0
88796802d920e20c5d25aed38b4ce42763fe0fab,0
6bef464e8724dc04c2b16ce29d215cfad0ee403b,0
57e8e8e7d53fe73662e6c20b351537d1617c46f3,0
070bd89dd935ed064831f5ada2f17810d0d0c7f7,0
021abb0aa9dbbf7abdc9b18578f6140646fdbf55,0
d74524ba443f8b8fa383bbe593664f9b7af25e55,0
fac84e28529b83b9bd44f2de8eb75be54388bf58,0
b631fdb1ccab5bd42c3de88002973bbf18389a30,0
67e89e21ea1b6e6bd230a411de1f277423ccef79,0
ac387873e4c1db73bcad8a37a6647df67547d5d6,0
e423727664962cfc3a9bfd36d788fe35c4e8e11e,0
3ad5b0e8a53bf98fb1d985ae3ebf0e47d82e2562,0
edc2dfcebdbbb9711f05ef5b603acae15571f100,0
1bff815f8552361cef21ce6a12612c25bc464241,0
a7e6573ad5d9dc62c665c0701b1ca8aad523523f,0
cdc51ea093cb72251e65bd995ac0f5c490f60102,0
8af490f1b3ca2accfc6d7f10adef5f17d0d8c610,0
db7e31c961f3ea00e4f349fcb1615dacdc7a1857,0
2bd287bda02c4a1c592755558a27ecff0f88c30b,0
589cd7027971a627e7e5fda2a7820a1e48de7f65,0
7d46eea6643a70fa283c81f1c71d65e18afd2440,0
9a2b5dea4a2a3444a95154c74c1c17330f9d76a8,0
86ecbb0b7d1981b0b6d8ce4a297551da6fc73ace,0
21082dc102716bd239529299c2f89e706b074ceb,0
9141cfae43a8ecba6f5172ccc787f203c1e703b5,0
a9c13ede0e565fae0593c1fde3b774d93abf3f71,0
5a9aa36e9af235d0a8edc48f0a8832248469785c,0
6aa8b90074f23462fb5d70896fc6413f7e37f847,0
7bac2bb6e9cca97d394892456d078665e1b1509d,0
675200347c8ae853ed1d903d655f6d3288031c78,0
0333c474f79d04ba785e959d3472d274b6f096da,0
567d2b8fb61bcb90b0b2bc73f4c3fa52329488af,0
3245ca4a23ffbeb120ef8fac89688415b4710d23,0
6d05f3e0ee814c437ab20b5844053febea2ac15c,0
48ebf8e9b836afb9d501d97d20aaf271eb4f2a81,0
2cc40d630478f1e5c2ea18c2f98c65ee4b287094,0
9110fe54c23dc96f56d42a1027d6e39ad6917e97,0
7e5355a1eb85940ada6a6bf81258dc9c23211f56,0
f1b16c36f6c1bd1ef6e27b227c5fdf7479107a0f,0
b1a3daea7fdcaef66185e008c1abb583cdde69d7,0
8b0eae7c9c272fbc4e9bbb2a466316c862d9ec30,0
cea9336480564d1bc0c941d1065576788b68bf71,0
18821cbc424ba80516b82be1370a979fc91540b7,0
58c71f288a3db4c729df82c62a99f17e0cd20e91,0
5879bf2ae40c0115e0e8b5df89149fdd98056e0a,0
f04ce8eb3075b0ec210d0ed96a38bd82e051ad79,0
dae276dada456b4fd244ea617693fe1a1395db73,0
c767656e8b48c20862bc47b081890c1bdf2f641d,0
cfaa578439109afe801ef4448df55d5a17271604,0
b1d6486c5fe9d10bc8b5cac1c6d93cb988974bee,0
5ab10f84e2105777f3c0bb138f74b083b5025ba1,0
866875b4e8d669e06840077aa45275ff5dd55c43,0
f432d7f6358ad90c18c6b24d0ae1403c9c33a384,0
a2981610e17dd1ac4112d44f1042923caf609e6f,0
4bc438108f3fbc6baab27666cd17dc9d2ecb7c6d,0
0a5b0ff601161ff8ef43f8b4bcf6cf1e0fe21df1,0
2a590a533a0b5c27c5afd6d9abd2fe93bd9ec098,0
62f3cc347f8cfffa50be527bd67e35d5de5672a0,0
d85b0641ecb9309aa0eaadc71bb2f3b1ab668d21,0
f959849a37c8b08871cec6d6276ab152e6ed08ce,0
0ece85f0626e76ba42cf5ce9092e623a6cb25a79,0
57857223be76ca051bb7687e52c9e3b57e5969bf,0
c7a62c2afe3388ca9223b3f7cdbb583a8fbe49d3,0
5d1e87525ce84a737f6760e0a14073a0ebefe417,0
bf06bdaec1aa40d2069bc72337f0105f7fdc1498,0
a977371b8bd1894743f1ae1661afec31bd553f7d,0
a58ba1dd813759ffcdaf0eb29ef235c64006dcd8,0
5dd53038cc05411497d614a66db435285ef37336,0
612ba80ca3abbfc3c4fef8228c55da2a45235fd5,0
ae1017364bad6dab70e73efd2fe23f0a9c2cfeef,0
668541120b148b66091dc41afc55773e2c8dfc2d,0
178ee704e1a837e13a61a77884ad0ba2c493f0c5,0
b61ac1c0db44d0c7c5253c121bad2c7ae6eb250a,0
ec58fbcb255bc1fb5b00c53c455b0f991ef41b03,0
ca536cdc057640716973d6561e0c930f6d385773,0
1eb75e60cecb2b43cad0ddcfb04fc91e60e4a1df,0
2c7a8daf6227f067677e559c10bbe60f5806d680,0
279b2f2d1efa8b23506913938ed5e8c4e444776b,0
cf91e5b0b673ef4c8eb9b03352215cd40fc5de3d,0
1faf7d9f684f8d12cd87ffa641c472cc5ade610a,0
a46d927b12b150ade07b85ade3d42dfd907c9d97,0
02e7ad47d1cff65b0b36ffa2bb9c486e5bef9c09,0
3bef6ff0ab603ecd94d940dc31fb0ed8551b386f,0
bed8f810c6a5fed63f22dfc4de780e46fc3683bb,0
1af6a0b836b3778d70a92d8659849c094b2b9a16,0
71807dd3fe073b392843635da90cbe2c1dd642f6,0
fae7302a8170bbdbec4330e37db4cef61bd70a4e,0
43888f0f62af9cf7d01b31555a4e60a204eb9232,0
e280662fdf9abcff8c68469f4efb2e5ebc070893,0
d9dc495ba6bdd5f9a39d2c89bf858c35bcd9dc48,0
767e35991afd890862069b9e983b0d44390dc174,0
db51c106bd7de0f70d1fd5512471ec0afd9148b3,0
801524ef931902ef908886f3f2f229089290eeb7,0
c0a88c678e3881aa53be5fe2a4a1d2f5524588c3,0
c44d0060a887030a6b8b54df8f9661714f98487c,0
e6dcacb9ca1dbde1c550d7166198af48c26dd2f7,0
70f4133d789b2b64eb440361683f08dd6ee6a7a3,0
0d65a2718b4171a947388f20b59b4e1ae51d4a74,0
c6d2ad474e4d1a4540e498e2798b6968022d182c,0
ff6941e4491c68f6eaf270ff03c1bc1e554c7b42,0
2aa2a1061fd2990af3a5e11a4e30a2f441573a5d,0
6d53daf89d6fd126be7864a44935dc6e65340867,0
57142f1b2a99f1b691ba430a9cfef50ccd8a6cc0,0
cf60dc62b269a44ad5fcd43bd77ba4431de49e0c,0
6618b2566557e25d276da0a43f7372e74a64b98d,0
53e5fb4296c3c7c5ad9dceaf5e860a57e7e31da5,0
c5329a6ddd5c2632b2c20b0a4862e69bac571f2a,0
c7be397b2964267281c10466e75835c682b52e45,0
b2dcf8ed70ae66b8702dd0ce60a815d004490ca0,0
2f1650f11406492145d7e4e048f2078c3daa72d1,0
bebe70de81f2f8912857ddb33e82d3ccc146a24e,0
f1b97727eac3086695c4f483b49efb1473daaf66,0
09189d56fdc31a9dfdd7677be34858a11209a74a,0
1d528f6cf7ea74db01a03d724f288dd97b2c3f35,0
63e985e77b9883ee30f1b6d51589cef843c577d9,0
bbaf623d750f030d186ed026dc201995145c63ec,0
ea02c4535f73104f1eee16a175d669730b0b603b,0
26b5a6bb6936fbc597df5d438028601fadf44d9d,0
2abf359f5f7f897f070144d6f4f26deaa5ee1597,0
eb0d2b2a72779b116c10021cd37097cac77e493d,0
5e1b24ab5e89b4381b129e524a125b26e1e7b69e,0
41a541a0cf01ef51c118cfde7dca2b48ef31645d,0
8b14aa3e2f4690aba1f770b05f668b1726c2189b,0
974c435df5b3bf3658dc340940a6ee7d82fb3919,0
1fab454ef0501571d575ae6fb0c8367fd03f8a85,0
a8e1dcfeda52b16a5ab99aa5c887053f0f4b7414,0
58e94ebeabb19799a566d9deaf3af1a44a19c2f5,0
9df8518923e78395c77c5c6214ad87f1dd1ad967,0
9f44f41ed1761c2a6b5a8e76cf05e92f28715a36,0
1f9b738c4d4e78acc15e8e2ab98a1f3e669e66cd,0
9a0c7f66e48f9e3c449f10507ccb57b287f8a500,0
f7118e25c5504b94550a8ce7d2b2a48a940f73dc,0
fa271c5d7ed94dd1d9ef31c52f32d1746d5636dc,0
45cd546500da7edb719f114a50c3262fc7c6361a,0
9fbb8221682c644af1e15d04738ffef1c059d76e,0
6fcd0bc6f9f74a23a62e45620312f57d08cffd18,0
afb03391864fdb534efb2433a811e54fed8e0c7f,0
8311c51c3b2fd191e6aca3e78db99e5019d26b67,0
e9921eaae3ee0fbc21887fbd054df016452b0ee4,0
8cabe905c650f99cbffb6c0ed77dc0c34ca4d4f0,0
745d93ca5551d7db9e87c5270473581144a91359,0
d8c066732565ff079c7ba8c6bea8774bb07a5bfc,0
53f2a5421cc49b3a085cc58be2cc638e141365b5,0
61b8686df10644780be6e4edc4d11fd73fb95f52,0
7e8d9a5529854590bcf293f675a37ac309f699c0,0
97f928db392457adcd8777afe6415d0440116cd7,0
06151c0b5f7f78f73354370f8ca4d863342fde39,0
dc78738b2083ef2526b0f392e6359b621b8f3f35,0
9ea57757d0379296a9a72da05437f9a9cbb4a96f,0
05a35cfa3377058d86e93714f890a50de7051ea6,0
fd37f201c2bbf6f32e42747d69371194991a2644,0
8ce6e1fe80ce87f3e5d3c3170c18bd00935401c3,0
0b5246fb3f294d7f8c650facb493300d9c98c6da,0
af0e5ef6784e2bc028b17a1f7dbc2cc5dd5c348f,0
01c424e811e421b90abaa11b32fdf6cb32481685,0
4bf4232b74e91032913abbf05969777dbf4cab40,0
04a21a2dfb1c95563224b166c21d746d7dda18dc,0
586db1262d973fda630f04972093aaaf0bf54414,0
88492234cc8a30fd6228913d354fa5332cf2f4a2,0
d886b01375eb77a26cdf35250f938e1e3c014ec6,0
8dc6bbae4dff5434ae0a112f1a9ace6066074906,0
61f1cfc9d2a91a5b894cca96935dc7be6b50de1d,0
4b760bb53b57b704006a0a33f7ec187b7e7f5ebc,0
ba69ce3ca845de5a2ca0c57ac722e55f98fb4fb0,0
6dc1d646f50a1757c2d3ef8c1a75c2d0440eb919,0
f3757c81892269ca128b049f71a7f6a351ef0d34,0
2840c38c2c3863f4e34c56ea8d7b4b13ab3980d2,0
e6c768ec51eadc2662c198937e8ef6da7e4ec8d4,0
ba0b452301d0eee863e48aebfc5628eb5c6a1a70,0
95b3c3f22a0f70449f2e45e53f54dfe8193b0f40,0
c531bcd5845bf0933d428fdb8922a3aabea391df,0
b0575c2be79ccf0aa40030a04615a7dddf41b666,0
2a30cec541040c0a555432608d4941e54db4b8a3,0
4bc6ddeab009b392193e771762fbaa0b297ce48d,0
24458da3ff5a89caa790acafc9c21ce33a9c0f27,0
20992bfab627d57e74e4623a09db325a244e7d05,0
85387a818296f11c661486b85d127930432c288e,0
177bbc95d935b9d2361b02a0746f61c88d485d96,0
5a7d1ff3f6f51d48f41bc00d5ae33f746884b9c5,0
517483d609c83cd554abab04b5d43d4a08ab93bf,0
ef8c4dfcbd708aba3724e695d6478225303b6f1d,0
5eb4cc543239468697499c9a3766b305bac847d7,0
4224c83d42502f37c781efe4108198b10f9075dd,0
f93bb013e33d31c628ef60b364d1c5be87ff0ead,0
dfb1f7535c36d958a540a273b4d74e9580650087,0
c00f50088de696552fcfe48ab06337343be4197e,0
84936b7a43cdb3bca9e2fd83d521dd6e38891799,0
6e2bd6d5d5cb233cd2e8b83e69d7980d3589273b,0
cd1452cf9953bc59a075670cee5686736198103f,0
47109d0b4a673f40e067d8916f4c683efda5dcc7,0
686da8e46c0d72c9acf440aee68d2f4f7780ef48,0
ebcfa76b2fba1d3f81e1a9988ad8c9a2cb3c0f9c,0
77f936f5ad6d979ced362e5f69703cadf189c0cb,0
8e4a10a6695326c1235fb20ac43b1ccf5acc36a1,0
0785714b9396b91bfd38066f24123e4eb3b026f4,0
e9853a31939c2bdbd15bc321804d7cdc6a4ec995,0
2e1dc83b2ac1dbdaeddc9d48bdc8464eb05db92c,0
34a9f10f606d214024ae2083de80b901c98aee1a,0
179058d2bbca78c1f27d043ed4b32740662a3f73,0
76db302742640bf10f0da91662c3de08ef72fe76,0
863feb890706af182c49af08daf8929e8c7c4e6f,0
f6583d798d636fedda065c310be12c14f575c4e6,0
57e44001f91ab2c4205173cf91e34b0453b3a05d,0
1e9ee4c3daed8eef83ca3f0d971c4242e9ebdc54,0
b3bf5b47138b94042bfae72a23bfb8377911489f,0
31dcc10240df3b9d0c2abce5610aaaeb04d0b864,0
355225e53aba517768a62d7ba3f3d1147c8863e0,0
52d4dac1f942903abebe762fd6173da20f896f07,0
b37d225bc35c260682ffea4e86b386150bf8e56a,0
2b0ef172ffe03891250707b22579e5c476a9f797,0
39708f98d2aa23052e0fcb3361d014ab35b0a083,0
67817f31c1eea63feea901b3d1e11c0e4b88ca13,0
010f8d8dcd8e1f4d4e42438aa80f6b7676a3d7d0,0
89098a071e8ef93ed5d83dbf6782bf7d4b8a3a79,0
651b3afbe89d7064fa6db2cfbf4a78324f2783b5,0
70a6740664a523d9fdbbb5485653d4df3a369205,0
fd01fd54b4c4f8c5f1a4e21b1a3f545ac0bbfb3f,0
5135b83f6253cc710bb4471d40609fd2be280ce3,0
1d16de4af937a1ad004c1f856e594fb89392a7e2,0
f0523b43b000b1c58b415d9ae003e09629e28fd9,0
a815f05e43a078c8ef8ebced0c50ed8f411b606f,0
584284d86e11903052ca4b22c783f09328c8b497,0
936c14a51f9d59a51b91bd96e09bcc78479de401,0
f4785c36dd047302430e1165c628f4745f7fdd1c,0
fdf8ff5aa2e7a1253ab8d6b51fdcc7b8452b5787,0
33b9f8718ac00b2cbbcc3bf498e55872a3066f19,0
0963d6a7722fd0443e053968061863d50788800e,0
bba85a82d9b2dd0a3cacbb7c3f7b2efa1a7b7e73,0
7104fc95b7ec6b5c24a564b824d276cdd31045b2,0
3957d1db8c8cf49c932ce90edcb37c71a41e939d,0
9477230fa0fb5ee6eb4fe7ff543643c0bbe61bcb,0
6b14f93df1533bf0551e78ff6c7e3d0b5bed5ee3,0
4d89da4f52f6ae26a4917ba79259e8c89c67eb77,0
50f6aca5515523a520e1962d204f05a851598c98,0
9acb6422545ea858875e16826906e7b4d6c47701,0
1c9491791a34039f2d1bd6bcb78509dabdf44897,0
dce57b377d1ad6711ff613639303683e90f7bcc8,0
9174edf0d530540c9f6df76b4d786c5a6ad78a5d,0
41aac40d94cc055e05d860305fe5a6fc8d3f8772,0
64b1e7b761dc2ae69e1af905f39f275a6efbcbc2,0
f26ab370ef575e06858dba16c693712016892f5c,0
d7292a3d9f2939f785ec74057d255e5df95846bf,0
71ed89fe8dba42f45a8a02bdf7247a11e1ab6985,0
7ea677edfec45c6b430ee7aebab944eee5f5589a,0
ed95228968d2437a8cc0e160e21accf696a5d136,0
78f672a2c6bd6e21a731e982f8e495563280d7d9,0
45da20f49abafa125ff4f616e8312b89fbd1f139,0
ed403b6580ed403a814e1c821200f302ffa5805d,0
875186cac8b46c2495dd85100ff556adea2eb1b7,0
190dee5fa3b5374f95ae8b3673705802789ed0a7,0
aa71ee65e266a122ba150b6e7cb8d47c806a006c,0
3ad7450857297ed609c5b568fb55f77dd469d8b9,0
971339f58425c06956474a4b3b6915cecdead806,0
8c133dc2c0fa88d4fc948274172ddcc3607faf13,0
008db9f6e0fd2e351b464cb62956b285af2243c6,0
a325c685b34cc8a3189c18ee4f6480f6249bc99d,0
9a672c48667241756aa8e834a19edf2419352544,0
9fb4458609fe69ae4db5c7a1cbb2cfe700f2f136,0
0b486d19a5f923b32c25806b380b592c61176819,0
5c317c68b09b49af1ecb65a6dbdae0a8a4a62e62,0
3aecd517ad0ac4c83828a5f89b6b062acb6f4f6a,0
8058baa6177d01aa6cd4272186b990832a45897b,0
868b357109a4992fd5e7e17e8ff2a6e21df663fd,0
f38847e90714fbefc33042912d1282cc4fb7d43e,0
3ba11f51e948be042a593ffe919727be68e67de7,0
a42a1a0c8f75837b5527352b81f37e579e421562,0
3025f14f1528e5d6d3e1d74f7108bb219abaec15,0
7af57e58daa9872f2066d7d521f5c153d7e372db,0
56d6858f3430e33398976b02f23cc82c25641a4a,0
07e07ba7e0b3a279af3d263f1ba3445f2480ce9e,0
6e91fcdb16eeb10c96f14e732dd09fc95854dae4,0
4d140343f5d1242049b6b4b97155fc7a8dbfe1a1,0
f3bd0b79313c65d41260a7dfec6e041cc5e24674,0
4a83e0e7a19d8e0206cd8598fedc7ded0011c175,0
4e4164b41e273df0c2a8e6222da242d65f54270f,0
8fa8def32abea7df7c3aaadeb2772fa66e47eea2,0
d8bef16525907af19a253e911c964d630b1737d9,0
bc1f257ca987a090ec99ce27c70ec224b105663a,0
6417ece8ae7726149d62f09fe587618d6c968c35,0
84e8230a285bbb56aa20a445bf0a2f5f6d11eb17,0
2a7594a7ded5123b99791b0f16265833ad35c81a,0
ed65186fb746e1a1abfb4e7dcc5958c28e6132d8,0
77c6728433493bee38c6956e9343228d9f6c39d9,0
5e2febea94ae56db7fd0729e808625f7be1f6a32,0
8ea2c18f2b69ca3d9f3a8a1033aa6078df745176,0
84e2cf153d888b5f3a73bdeab13c323c6405c1b1,0
dc4746b69a3580443310765eba606be998e2da4d,0
52eab6561b244a4c84572a04bf6bf05144b2033b,1
60e3bdcbbd3f84654d6df895af97740408ba2bc3,1
ffc216912cbd35a6de74886629f1be009b35457d,0
a1e4f67e9d5480de3d725295f562e98f6c45d79e,0
70f1e65a1fbd882442829cc377be937db4ee1acc,0
cb497ff3ac18bb0832106b624f43708dcb28e034,0
41ba47a04626704ef2fc49ba03b0be0939879271,0
652a094699b7a9eb9f56c4bcc5c688edf17cc50e,0
355dadec5d8729f25fe57408f29c75e64ee65623,0
241fae4559427166733f2cabb134957d75f91251,0
a2da1049443db9db3e2c06cff58463fe6cddb978,0
bf30b1f2af61a37d8e1215e1af6022ede913dc2d,0
6ed18c5bef0f5b93b54783a8e8fb2b9042da26ac,0
8f903f9f799b05ec2680a4922c12068ef445d0b4,0
9fc8dbcd054fd82e8fde73c50b63832b6359f476,0
a962daba86ca951dbfcfc9204b9d4a0e260b34c4,0
c1f539ad85e47c5052bf0e123ef7264fbe5d73bd,0
881af80e8016adc72f7c577bbb88e0aa37c0505f,0
2f3a6020aecf8731750b2e1b3390b2d72d661abd,0
11b6cb54670ec16f8597851cb010c62c6d3a6578,0
4c091922f6f258daf5dd7d1aba1950a6fd005d68,0
5cc4b1638d331d9f6bfa9366e26acade4b412202,0
3b969f94ada6984d69cb4544833bf53bd2c1d3f4,0
1558c715dfa9a7608ffa0232410d44b088c2972d,0
1b6713ca383896a5cd19093572ba7985c2e82d43,0
ebe4622cd9ca3fe481327472a8c8f9e972e6987c,0
893d9bbcdbd5ce764db1a38eccd73af150e5d34d,0
762dcffcb4739af4b61330205051237e73bece09,0
69b4784b44ccebceef03b445f420240d07a85062,0
9cd000cc265bfd0997e0277363dbe28ed8a28714,0
5891d9d1f19028f7fc4d886b54d220913e164f7c,0
de2ee67d83b90fc674967cd2f1e7c303f03c0d1a,0
5936acf06c230ae62d99ff7ee73d0f8bc881c7cf,0
60a1531685ddb729fd4e9de80605907add9fc88b,0
cfdf5903db9b6123df85afb35a35e480f14d2201,0
4955bae2c12cd231dbd905b7fc8cf942ac68ba0d,0
6535c04c044a9a1ff76410251e43932ebafa6872,0
4790afd48bb04258b01965f601f979f7c71cd472,0
6faa7858155e8311890f14e486f43d5f8cd69835,0
db6cf117a225ff973a44972c5fba128b1228a99d,0
2a354150a2193ad32311e675d7452c8059be3bef,0
54567ccc2ec5ca96bf70b0926b56e97659574f4f,0
a4e0476152dba8ccfbf7ca741cfee236acf50b10,0
26eea5b02394fee4dfd3681b8b9c806102c4a1ee,0
a485b2443aac91b600fe3dbb36bc1d715861f835,0
ae57c74449db1d55abea013eb0274fb9a1f636bf,0
aa572329553e0f532ba65f542594dac27249effd,0
774228b4c6d5e6f8ec239bc9a3d8f09ca7bfa51b,0
4f30fa5358a7712bbaba7e25d97166d9b4a0f0a0,0
d700649c1748cdec25ce871925d80a1356e3147b,0
0d33e877b1642b1bb630415304b8d01de2ce427e,1
90e94269f7d64684ac7dc3fcbee055eea866d370,0
7a8ff741e0d60d6430be6f8a25bc1bbeb65832a2,0
3ff08e111b795eece8eb7036ac6d360fd34a08fc,0
5215032300c4df88e09ffcf48d2ba2fd769211b3,0
afd66447ba29e35f81e4777676d334aa0f523024,0
d6084f54a097a6b0a2ebf5056189410c714d6552,0
9c8387d0d9463c4bf9501bf7c22ec347a07f5fba,0
f70742fde892c2fac4f0862f8f0b00e121f7d16e,0
a303928530ee61e45b4523cd5894c9a8bdb9deaa,0
a2a9f2b3e335732dcd2b5462ea3f8af3a9c72080,0
4741171df8c3ac6dc85057650226a4ed655452e7,0
9f554c19b54d2543a464ab3dea5a90e8f6cdebe8,0
9d7bc15d2381115aca8fd720bc6c848a814d7392,0
789557e9e21e9518083ecc69b8920c739d7759cc,0
d10a6d7f6d30e7addd19c0e18b4381944b51e3a6,0
d69f4229083e4636345863e22790b67db8abe6f5,0
db1483ae639de19872a023e2af418ac695361500,0
cb9d0a8369704bfc94a84371561d30a6b4317767,0
8e09c4dd0f87cd8e54df851a7e0d4689731b31ea,0
df7a37858bdf7c465d6ba96637558695e42e2fe9,0
54a95d899854ad5a0a7b896f99cd8ba68b89d471,0
93c12bbb6d22a165a407b6184cdb40545f86c683,0
efc4809b7b73febc18cdd8976ff8e9d6d4537ade,0
d6fbb3d57fe2a1722d2c123f74dca83174f81358,0
ce846a4386c292f929000dbe31c3d31f5f0b3f71,0
99fcc3ba37e462efb65924bdf4a7538675f532a4,0
f640f4ea1b89be01d820cb8d25bc27d6506f89bb,0
05164d24d77b4f05a309cef5375792b08316f1b6,0
b73ff92c29ff18c5cbe81ef75e44ba752392b0d1,0
e4472979707c9e59ef5edc9f6541902310d3d036,0
f5b247a7e264fcd1177bb4ee206275ceb4438fbf,0
05b614d6042e1852b8bc14fa0fd66adcbc1406ef,0
6ab978234398d8f114fb1866720a9c5dcb3060e4,0
7ae868bf08934330bdf7caf5f988fbed27e078cd,0
3d4bdf93865505a79384e6585db0ef67fe4995e8,0
2028f6f3d5fab907ac277ab95a76f76fe308066f,0
673f396ef525ed3bd48c2d2f3da3688d5e13e93e,0
96885abfa084d41780836121ce887b6c4725c0c6,0
3ba08af14d3fccb0f2466d5dcffe0f4a176feab8,0
5df07263f9fd644e8045569b82fce08b50c008a2,0
e74df2c0e90e5e4ee92a0d45fcc6f5db5958861a,0
5f5fa24f351870d57a196a2280ae7a0b668f26c7,0
28d51dace3fbbf8f0bd71f749e5290685b0c5df2,0
1aa8cc0940b5c132bf3f83680a6558f9de7cda3e,0
ac6d62207f9f4d356679bd95d0fd5fce0a3bf2c1,0
1c391d093d3c1be504d720cbbc257850328601e4,0
bb9dea37dc558378dfc6559133171f45c6a3b5b7,0
bbd8cf5616bc1398d4b69caad090401efd9dcfe4,0
f284e601309d1754be8ebe351730ddee1cc60e19,0
165518ac82555661207efca4e23b9f349c0d2fd4,0
c0e6c1e8460a8f88b2adfeb808a32d16365aa866,0
c96a3e5a40040ef43e0a51935a368458763d3424,0
7ceb5a6b8236517d708d7965f4873344c5630969,0
8df53e2ef1866726bba923d064319f050413fa49,0
2116e21bdd65cfb1cc2f5ea394b5f3c2d18ed111,0
ed8e1abcf1e4dc43ab4622169fdce4d40732a093,0
22f0897e19509cb2881ee8f0cfc578d1652385d2,0
7065b452709cab3c6c2871f93cbe011b2abedd6e,0
647c723ba1262e1ffce520524692b366a7fde45a,0
fe98b6f098069607955a68f1d695031c011f6452,0
ed454a31e58cef704302c7cc86617cb8b0919d6a,0
7b028c4d40e4070b9c3f91f5b4c6cbbc86538eac,0
0f08ebb846c16cb94b9d001337af5664b6d4fd77,0
99c10d3650e2066eebe408ee65da6710692e5429,0
fdc460dce69c6ef2caaafaf9628ee94d07d17625,0
a3fc218ad914c8e1de13ec3d5f5fb4a54597bc8d,0
960febe9458e4213133bb7751c8ab9c3c0b88bc8,0
5bfa4baa2b7b2cc3dc4cc2600bbcd5d74df7451c,0
6b0c5a3b409511646984f34989ca7826eb4379cd,0
55380ac854e37b3cf1f3169f2e9d2f7fbf9fa960,0
924120ba5d5f923cb1fbb80a7912a0f3a30a4b42,0
bb04d083026dfd018eeebf5139850c34e6b49b1f,0
62950beb8d9ae79097a7651cc3e1fcbd8d5e31f6,0
d5b3c4d6b4eb96c1c13b2e74d4fdac86e70125c3,0
be65f88a38578b1561e791fe72e2b57b3bedc327,0
ead80912ebd6791932bfb53ef1b9d92c41b298fa,0
2e1d3d3b668ec1470772e77258168f33d1498c73,0
61ac1648e23b700da9375e5667cbf8a79e89cb4d,0
d7bb2550dc0e5f68e1c28a46648ac60169794aef,0
47c0e905bad838b751638c3e7d29637c52c8193f,0
bb668dd4dfa40d6640bd053400b5829c3bc888f6,0
0aa96a17f8cf9c96874c9519c93e9f7723d41adf,0
bb5bf378493a893462fb84b4a8bf5a4456c839f7,0
8ec1c52351aba784e90c2cabe8dd3639f233debb,0
35b06e09dbebf887afb6ba5191451074496571e5,1
a94943098d61f48a5508c2ba32996a0e98eb1704,0
2106a8ae107fc2df9099b12b23fb89f95d449f27,0
8025b2aacf291bf9197171d9ff1f7a693431726a,0
98b0e857a4e8a54739a10e5016b6ef3b9753af77,0
2697e3b5de46565fb817e5ebad3e337fb7eb915c,0
7a28a2d05733714850bd7e51a98fc97c42e47103,0
e0522db412e3fce6e5f1e8b965a67c873b2251fe,0
f2e9feb8cba3cf504de07c07c5c4791ad0af7ce4,0
c8c91b47da7a68bfd7b335d664934c302332b06d,0
6b15ab9b40bd83a70b52d70eb24b426fd54418be,0
8e00ac7a927f8ab42cae75fb6c5a54cb2bde8c83,0
047f53fab6e1ccbc406ffe8fc017cdc608a3e945,0
d68403226cc23a579ef165c180f2ff7c6e0c6067,0
8fb97bd21c565e0da8300d6a87a95d0fe812bca8,0
a21d27b85ad4553d329bb43060511d706e2241d5,0
744619b484c59ac09513b36840128a678ee5dc9f,0
2f3ce1debb2f8b49a381bb6ae0709203d7403aa2,0
349f502a9a01aa98199fb66208c1dff70ed98d55,0
15d015a2817103594e013e2ff6a7985e35ed03d0,0
b57d09ae5a0f4625d89aa0a6feaf9751db108e7e,0
daada0977098e6633de09fe4c73643ddd8331f06,0
f5b8154051fe10dd2bc5d5c5ae0ce0dfb149c5e4,0
471fafd74a53bbf23f249d31d9b9db21bcb5fbf2,0
33bf7954a984226a120343a73fd59dc536921b28,0
b40fd07080be26f4ae76e741c69f0a926989293d,0
842ebc6f1874811db183d3027584e5e5d3f306f2,0
cc1c0fbf13f7757a8fbc696653aced5f8cfd4005,0
648f7533d9abee1c437dfdd7704b925935d632e2,0
a7820fb5f34c5d477200a31f6b09606e08f5343f,0
da12cc07faea1045b8f0fbc46d7b5c1cbdfe7078,0
97b832f49f21d24076e6e508fe9dfc3a10920c92,0
8e150172994146a1e8c444a772a75948bf446fad,0
25232230d98d47fbb2be4648ce776702089ed13d,0
2763654ae96df60f6b64833f68c49241daa21b93,0
52d7fb64a4535f7797eecdce2d27e20fad39ccea,0
6d723105a0f1b64917a7ca2fa93ae5c25d74fcde,0
c9e3a6928deee99c23c6f74bfb7c3d560da22157,0
4bcb80f4c671357b20f72fd3b42da046b7a71fdc,0
b24dc73be37f00dc35bb1e41cad90c703c96a13b,0
dc51387cfcd868ea837da2b7d2be87c70bcb8f9a,0
4aec5c55ff8bd122cd5d8cf093a595de81bbdce8,0
0da91a3b68d0ab6c28c89bd03057704c35ddec35,0
3ad097a555013fb78f35643d2c8c201435aef8f2,0
7f384e85ea9ad0fc7f4cdcbf9451dece694ac63f,0
bf18ab3679d025b4da88797bb9759f45b1eb00e5,0
1a0330f912c0aecdac5a394997932e94a618a4aa,0
e0d62420f7020b7e6a88d6f41b27547eb8ac397b,0
b82b8b2cc51220537d247d45133838eb868fe213,0
57e1baefea09dd41ad932047507bfc6401d46405,0
2f2698fa5739eba1cdc3bdf8299a754fb98ae871,0
5865fdde89b92235cb080637810e178f21bbfc11,0
f1532f0cdd5cfc6c40fdc85bc50d22ef2dba699d,0
b0017f772daa5e7f05094e38e4bec9bc99e5792f,0
92a3a06876fc47d55d189f6483b1efc37b1c59bd,0
241f2ba7aa3225724a80421b56075aef7bfb21a0,0
3e7ca122fd7cdd5435b5c8bf83b234b3f68bfb89,0
f5b48cb2b84d0cdcfaa99efda564a827f18bb49a,0
4a4074b7f330d77f296c16abd82cfe026de31f99,0
70add68322e8145ddcff59c2347a40c0f2e9addd,0
27641679e9fc948bc33ac13dbaabdd831954ca29,0
769df5afa88c6ce4eda5c675626077a24827181e,0
aedbfd5bef8442e5559c0439ce157e3b8cc37269,0
bbdd3e827d23c085d6c669914efa2798313b1b52,0
145272c6a729e6ac3aaef5c973c2c86bdf0f329a,0
eb15183f8f1272ee3cfde61eeaf048c2280f0e23,0
ee4ed5171c34694edac71add10dfab9abb6b003a,0
53065084d622423dd086efdc6e76729f97d463e2,0
a35b256ce3c2aebcc96d054b2a526bb37b4f0bd4,0
687fd988a316c937698c6c550b3c87507a60e361,0
06827d11a7bddc7a02f2804618219b862f63ecdd,0
20a1b9578effdc68ea07870f49e4e93289d86e1c,0
28d77b5a7dbe357d3a5a6d2e0688ffa2ccb7cb75,0
b5981e07909d4d1626d6f0ca359d3124c932cd60,0
475e02f6b0f0e7b650b44929b19cf6d5812ad2de,0
d3bef0558d47861d85ebee02bfbbe09d67a60c3c,0
4b46a1595c4c8688644549b3cd762819f4ccfac0,0
452b5e69e4bef3adc664622b93fafb9e8889a313,0
227008cff233f9424ab37044b2c0d7b2d178c330,0
100cf21e5b877d160eefebdbe109b331427aff3f,0
c2d5b874a0ce05b41eaccb4c75915adf4a80f8da,0
bbdce6299950eed1a98572e7d5ec568ef7812ad0,0
d1c6180d61e4045bca18c1c9f6ea32a94ee8a3fd,0
3fb2586d98da0c06d3ef02ba8cd022bb87fba832,0
9774f1ed50ba0115be58becffe4fae1da1b234e8,0
3643e772cd3a70241d06a97450bb6860900ef023,0
bf5bb7d677e0b1c11292717262a351cba5edebb6,0
f6ebd74c348d099d3e3ebb56ec19b1393c1bcb14,0
d522432b79044740831a132d8b92e7dab5477444,0
58e0a1f9ffefd97b803ede8138e7cfad225aeb2c,0
8ddaf505ae033aae2ed71e900b53159ce640f37c,0
72ae6481006681f0ed57f2e5e19eb40f8ba492fb,0
a6ba62225dd397858cf1e63946039b5bd8fdc5f0,0
5d292188132df5c5d4c188bbaa07968d4f385eda,0
6d1a43fbf3f8c90af2bb6c0194495fa5c1f9e10b,0
b739b7533d38d5d19b785619c24ddfd9c72b6d06,0
25c211fa973870a27752c9f9175844af45524d74,0
ed0519f6946f24ba4ce224d91377343cc6e74fdf,0
05d9a9d6f97304faa1fb532052955821ee809c03,0
9ed4a4dbc87bca7ca0865f032fd6313b8b84720c,0
f8e618138c6ba4af63638df26b6308004076af82,0
28f4f17258aeaf9426cd1230b16c6445eae588ab,0
f574335914900890e909f6ab9cc1665a313c9987,0
1fe62a02c75c1a1af4df78ec1b269837dee69314,0
914c9ccf4872aa70fb5ce3748a661768d345c81a,0
b433eef1c1ae41112791584346558600d134f7a3,0
cc50f64aa8598728365f282056035cfc094e7bbd,0
4904788fde58204d5570dbf2268d8580a5d8d4cf,0
81d88e666fd9bdd3424b526be46626704e0b9c7c,0
32e60029f0aaec95ce9c3d79bb1e33b30a8ac5c2,0
53539c20c2b4e15c8994924ad5de4a42322f4ee7,0
d47fec240c633b061a3ae9351f8199e8785261b4,0
387455c408f9de0a9870a215e1e6b9497bef1eff,0
9b841a30265fe0652e5e94c338ef82970363f4ca,0
6db5764c3a7a05a4befe0d6fe4642fa25ebaa257,0
3431d46a60e643d5b6fcc560935dfb22cdbed590,0
c8224b1745b8c4408ff4a16cd42eb3d1a7895458,0
466351e60ae08e9677adcf71198776252787ed84,0
0a8d5d3b9b5f516432e9cd1aed016ac5eb628f71,0
65a7d362bb81d68ac44968de3e18410ab8162599,0
62e637d1ac3b4b7fa32f7cdf76cb27bd76b3f79a,0
6224b1a337746ffcd170ff09e1a55a1f0e5138e2,0
07e0698ed6961ac535a8971e52d61e53f877f58e,0
045d2ec6e1b1dc9294a2cabbe3112a1e2ee509f7,0
4e16bd5fe947f9e140d679e8c1220b0f3ae91338,0
67ae81169ed593eb53fcd147e6b825dd67e6aa0a,0
e591fa7a306b1b65d628e86de36cbfd3e16d3f9f,0
a41a7fa5c8028c326eb81b37ae653be2dd623235,0
b5d2df194283d928c2664034bae4e2f872f6d58c,0
a40c772427c8dd563184c1922ac73262982a16b2,0
a0f3392d441cf422b31348a90cdcdcb971fc6a69,0
72aebb5d85dce53f02bdca3685fdaeb9a99f55ed,0
0b85abad6a951191875d8cb2af84a7da804c30c9,0
af8f4784a11bb885bfb79b7ba1dc9620238103c4,0
fbd7d3c194dd6486cfb0ded10e9a449686d79709,0
9bbff9dd617324ebe6487a7481a85cb291985293,1
38cf22a1846fef0a718386791f029b3ec7f125bf,0
042888cd680eb37a4461f7d35220954c0cc59055,0
feba9d2cb9dcb009f64fb8107febf1af8a9b8b40,0
f3fbdfc725b5f1644b7a436c38ce953d0b464a17,0
9bebecefb2ffeffe0c2834b2be10aadb33b559e0,0
f53ac2222d10c1f749a616919f6bcc383f599cec,0
6e08c112527e45080ff99c6bb1ae4bd2165d292a,0
3c08cbd2ebb2ac5bf335bdb38d3fce0b0482673a,0
3251bce2d463c4ba51fc24c04904a8e3ac886c3b,0
b28fbd424e28c146ca756a3faf694d7fe6d4ba0b,0
fc4ea57480f081e23e4b1ef2183881e5da2a4169,0
6ecde2c42da4085c2e0270865aa3b7254029d237,0
40448470d6384fd4128840151a62be646f1eb88d,0
04c041211cdc102ec44ca098a7e7ddfee27a0ce8,0
02f53e4fa6ec7fa339c8c9273183669d7f5928c9,0
bad2013536c318ef13b48443c1ed08c60fa8ccad,0
885b0a0a353275739c9b1658a8384fdbf6a9af2b,0
d8bf84a141b46cde9f0a31294e21053bd8d7cfec,0
97abbb745f31c635c5e2b9a9a4edd8ec7c15430c,0
15a8bfe09c130702e44525b99f4cbc2bce657d9e,0
16258a3d18dd9d020400aecd3539ceeb0b99003b,0
479212c2a8bb941d4621a42e640847c58a7a71eb,0
e83e010913d19a91ad9ce75adc69815a974f7c0a,0
7befe93c8533645ff3b23cddfc7c7eed56b8ed80,0
84b282ed15ba3999b328c92720d48f668d8493e5,0
de39dc6e141e79bc5eb87616764247867ca11449,0
3d2e4a013b9f1bf0612afcf53eaa996d654860ff,0
2ac8f67206fdaf6563b97baa9ef4cb2bbdfb8c70,0
c76b0cf2d4ccfb6b214fcfd4eefeeea1f048eaa5,0
4374b673a2b2ebbc7042c062b4f87ab49dd14930,0
80ed7676093c6ee19c271fd9414d360b6a8d1712,0
c06fa14c5e96ee1114e701cb522bc84e0e1a1a91,0
d4505a8dd0db0fb50fa89e85b9320c0bbc9eafea,0
4931b2d3cab1cb040e6e200060c4195673a35488,0
06d969a8fe228de6a637e832743cf6df518fceb0,0
7e303218009724e91ed7d3a008f89e8659567072,1
b227b3b6aa81ad319bdfe91a7611b957f0beffdf,0
d0474edbfad324e68daa95e58d73b670d01ffca1,0
5627e45ac3b893b7b8f69566738f8f09167fc87a,1
03264295028ec1baa23189bdc5b3ddf09c16c94d,0
26b8224b8bd46a3a56d424ae8b9716c495e597d4,0
8a127b81963d28a06bc438c47dd551f860ee8055,0
f762083f51340749238d5cdf0ffdd4e8e9b1ff88,0
2ba248284c5b109eddca24ea67dd8fcd7e2af10f,0
681d44a93249531c6f7d765007795c1f11da2e6b,0
81b9cb74e57bfbfb13d977b2d6dafcfa52c83b0c,0
988802e00cc2ab1eb15f7e6f8a29708bb240c7d5,0
b1b2490928f048940b14d88dc8687f5b8029d483,0
87ffca22115ae701191ef763c95cfad0f632da50,0
93ffd019f75d82b36064ee1131e6232dd6c92dec,0
4043b129d00b358814ea8b60fa5fed05d99997bd,0
b6896e3a9584748df32a5ff2a3795bc557c2c904,0
cfbd46ac5bfbb669776e9403375a581fc4d4e8bd,0
1123baa3bbe3ac4f8ad89ad803893b1997fa70f3,0
b71a0f371551be0ce4a0b775f8753e0d9ca685df,0
56059037a68e61cb73a2dc89cce0ba4eb0da3af4,0
b6cc83b2a126eec524ff19be3321f0bc0b381f21,0
70449924d28109978383243172ccb2c2306ad585,0
bece20a4a7e3af26ddd511c4fffd49e4977d430f,0
49738ef206d06a9afa1b3dff9c0d871f37756a0a,0
f81df1a38c6e184a3cf2042f9fa794ae714a0a17,0
0e88bfe8e7202cac9c9fd99f67da8572dadb2609,0
53ca3753e89c05730ac3795a26d2a3e3bec1bb60,0
17683a0ac274d117598fd388d05a6b2a3370e0db,0
ab6bf6283d710cdf4d44e9952b1ccaed00341d8d,0
b6560256d9d8f78304130efcb03bab7ce4f0bfd9,0
8294b3203273cf9cf096c722c60726b5843a53a9,0
b7e9430e13a9bd0fad042307cb1995fba1ffe4ae,0
d6698f945e5f5bd9e62756d36302b4a4de39dccc,0
12bea29cdec2be134f8a8e5497a6a97f66940510,0
4f72517b0e7881107a0db3046f0247ea2218039d,1
adf9fc13b37f866d731c73a09071170d50bfa807,1
b623232aadc986b1bd89d8ddacac49a241459226,0
f248d9756b1581c016c2dbb8f002d3ae9a001f36,0
8e9bc8223986af301900dd51aad5c17e491a5446,0
1c69ff4c0932b5a468e426e93909ff9686035732,0
f5e45f48223420fd391e076784c4eb3aca35de2e,0
ecf8799fd3d401e7afcb62afa061daef50a37b61,0
2c76cda4b5a6032129b27c6e4806c5c683e5e715,0
bf300c3e8f03bf9aa1ff66195d79cafd8a626cb0,0
2e8d1dc0963fcfa153cda0c08597684e9e0b0d14,0
b3e372639e793cc43b194628e180d5bdd1e1b7b5,0
498084de1b24450bebbc577f62e2dbdf1ba3bc3a,0
80b753933fa3d954f71d073984d698712a4eb08e,0
4137dcb4c8c592f34d23a2f4962d10d5c776e326,0
e352fa963b60c6feb113ddf4a6845cab172cd3a9,0
a6e15d48081db36dc029994297e47f7d6fcf10dc,0
7fc29d8619f8ff627e93d4e55c278f072e4ab0d5,0
a375a02891369b9f0204e33a25ebfad424d642a7,0
2dfed781d14c801f9856fd5ad570d3d53ad3dfcb,0
4ad705443258be2483cde74ca49033a9a2b93924,0
22268f1f4cfc5099360be55405de7e58778013fb,0
ff173e0c073f1ee2e16333d3a1eb899303e33ec1,0
676ca076e0556f0302096966eaa3a8186e65140f,0
964023959d1779e4e447e5c47c40ada6c1ab3741,1
b77a0829e2bd2a80d5590ed2cd90163771c34167,0
c4560eabcd60cd0f0e211978036519db748360fa,0
d370705e0596eb7a00a3642cf79707cf3f4174fa,0
b47852b51d158e42adf0965a3974d77553f35001,0
6f4eb33bc9090e53b37de4cedfd28723350d04cb,0
7e60e8aad7eb551518e9d4d6221dead87a9b08e1,0
5ca53905fd892619b7bcb9ef3c21602bb7883c8d,0
ff700dc59934e936426cc373d751db8ed7e6433f,0
6d31386e38c69fbae533ce9fe5e29c36423e0f2f,0
e12390f05d0091d5936e0a1f8a5ce4816d57f8b5,0
05e4d659d978d01470dc2f5835b5597aa35bbac7,0
323c7a3ea9e5a0910e709b4e11336d4b1f2e4833,0
572854cb170091faf4953d8f501be016caafdf97,0
3fb37c7cb54cfb0b867deef9d0da1782570ca665,0
353335014c30e25603fe0a2b9ef500748faa2959,0
309bca783167a8e6743603912d065e7053cf5ef6,1
26eaf6bac8bab3fdb19a485028f104d8fcd0fc62,0
7ba2d7d344ba697f9d27252ac049acaa15b1f40d,0
4b19def4cab20de7d85eb482392e0a5c9af85703,0
d7967546d9d544d4aa14ddf1790540073495ffab,0
96ef81dd4b0b923753484150bbd7c7504e997c69,0
b9480136ee2116f570fa1c6b59e9ea41c190ea8e,0
4ac6417a15e7e492746a7c51dd106fcb6351bc4f,0
1ca90e098692930c9fa429c1dcdccaa03398fe17,0
7cb8a8d739c341e9b2738d1e801724f72b6cac2a,0
f71fd151869e4e00454c1928be6aebaf34cae503,0
1ee2799e8a3a2f7ddd7e2055db88601ce3277a91,0
e9b1c00018d79668e0fd747a2c4500cfc15a21f5,0
5fc2d4fc7e8bd75b0a0a79ac94bef5c70999b578,0
d4d8c4d7b48a661c7732ae9d6cd0d779e6f390a3,0
bf4d3dba06f488e7b3a4fb4c7894e9143aafc832,0
f14429b6341be67b3581c1cbb815efc90c7d30f0,0
2151a9c2051fe2c0d44251c799726b8f83821914,0
21feca713e75b1c486d9fca07aa9aea19410d72c,0
865b3d516cdde462c8e63a094bad6c7f3ec73d52,0
36066a5695899b6df3272e469658f56827fac461,0
34994d8c0a7bdb157260a51e3d3a6d2a2404ab0c,0
90a2b3702e158e1f457ac2ff566fe6a7752d0723,0
4226c1528f1425370ef0175faf962cab1cd63748,0
29d7a908fd37c6f40889c35eceef98f8d9195ca4,0
772d2aabf6f92e05f646e91f2edcdaa7c08918d6,0
2d42d0963a0d4f2fbc4f6cccc4b90b65ce48a951,0
343498ec2dd53ecbe7967f31f02c44e743973b49,0
39b9b8dade8bdf172701ae2d28426dca6ed6f826,0
9f56fa1c752378a47bcc066ea6ad485bbb02029a,0
e7372d5e73745a7d96f8972c7e72a9b4eed7a237,0
0dc9fd11fd80c5556d4bc41e6f102f69e567541e,0
35ec2c8fbc38f4b485d61c35d725ea71b4a4b66c,0
827c7864d73605af968aa8fc8fcc69b5486a8ca9,0
be6faf17cae07fe28b879be8ea5966ee062887e0,0
6d52e4cfcf51c6e29850d17e2044d68465b7d018,0
294b5827154e60ccde947a7c850a98104d670041,0
8861e8a0656759384b6dabdb95bbaf8de753582b,0
1741dbf441f68a00a36ade096e7be37254c73055,0
fc930bf633b34ce47274fcce68e60487f28913ca,0
a804f4dd8a05c3d7252f6491215b0155bba59660,0
2bd3923344f68f8b2dd0b1fc137869fe5a3a7e3d,0
13f1429b7b8d0e70443a812aa58d8f30b3a3e632,0
981e15beec40c79f889458f71f5c7b85e901d337,0
ad6db2e4f4aea9f00b38570a65c6d2a93fbd65a6,0
52a5f3b2cb2e59a29cdf36fe45a151e11752b15d,0
83f5a442a362b9475f416c381f777fe221a95756,0
8ddf59ca30fa3b52310fec6ffddb3e22d5c33be6,0
8b641fa744d629533891f1c01562e62020a39994,0
5e964aebcc5eb6b6809955fa3b09df55b6df8fa8,0
6a8a186d056fa583e0a5eee0cf5ac9f9b333c966,0
971dd42f850a1277224a612dc8cc343c2f224a47,0
03926a950e9784098a5cd66c88dfe3496fb99c3d,0
fed8b01037420a601a86ed62be3adbcbb3f5fc9f,0
17e3b214be8b0ecb4275dea164e46f2c871bac70,0
11c4b2a5995d8d3816ea27bf0565761176c95479,0
c2f5b0afe28af49f3b0360661545d52df70eac7e,0
af89ae58f914f400e198be73bc43ad556681706c,0
f1b42f447342224bec53e1c991057432f7365102,0
7f98a3a249cd1dea6c4113856e34350aa32ee84d,0
d1b74311efd9bdbe6ee442186ad7eef78eb7b052,0
818a9f93dae91ad7157ef907132ee18612bcee7d,0
fb46f5ed661e6f4212ac08886c354c5201a39a91,0
a9647f78f869a6ab1e6c028cb155681a596d784f,0
bf5d373501b7d1ed24d9434222e2999af883ed28,0
65bbdebd843d9d8eed1a4eeaa06db3ec1ff42764,0
1c0235aa31fcfe49c8495de49c75aa4537fcd7b4,0
dec14840c083565eb9ad019b7f67785ac767f449,0
1e99e0b21cd03ac7c63df3bb1b3ed029f8232c14,0
dbd47e573968d8ba0d55f6f07523aac9c8f1647b,0
4463a5ac3eb8fd2141e21ee61684a8bfb50609b4,0
3d18de89cb960df1a785472ca46ec9cc67ee08ea,0
efe37ea42940ffbb7f6e10bf596e629a6c03bc87,0
49b0172e3f6e8be43c2abef1780957e3830e13c7,0
011d22895719c182ad3ddce859756154a2eb7a37,0
f5e8a156a700ece9919778f4a4ca6753739141dd,0
a300945e54f7f7ab3a86c7de05d723d4f702b16e,0
12fa860b66d1e7ea61d1e2297edcd59857ce0c66,0
17e1eca59e193531830e0a04929089267916e1e5,0
eaed3ff5cb46bd78038c362bc3706e26da92f85b,0
25aeeeff73ce086ce4fb7d2e108b981f445d3b28,0
531b1849af7682cb4f1faf981b506a6b4d2c9fc4,0
bf1496eb6761acaf3f05e7bb8621ffca59a620f0,0
ad1bdcbcc97e3586f4a498a29a74bcf3c89dffee,0
0137376d538261f22180566ad866eac0247bd2b0,0
5582eced547b24a37737683f04784fdab0847859,0
2dfb8e55bb3db05fcbf39811281675ea0e6f0b06,0
d610f9eb45e70031eea4f568c175801fed53f9c4,0
90b7963da1181d0053f53bd30f005dfafbf92d5b,0
e5c57a2772dad4241818f1459dbef9dba8026718,0
3eb7299f4fad1fd95c13c81c7b67cdf2cc86b93d,0
fe0d947a79a3abddacbfe06eff1e3763b4f1fa04,0
e3871934f7683bb73427a404751e58ee1e0f76a5,0
dc1e924a78c7f650373114adf210495deb59091e,0
e0285cafe563f8ffbfc04dacf052c39489953819,0
a435e2e9bc1ab2883e64d055163cedc8b6b073fa,0
3006f1b716c6d56f0915e8ee57e78dee2d19ccff,0
e163353e0d55f295c77a6c59fc91a0ce188ef14b,0
4fa90b7f234002ee9e90f2d3f4659157bee8ba28,0
ada936f5830048fca57b9bac3fd6ffdeabffa753,0
9f307d3947513e9008eda54b9d9dfdcdf76b4031,0
5813218a5fe6fa3f62e12b8cdf00ee6a1dc992b3,0
b4d4d168b6077c8c6a35257dee0967fbb85398c5,0
cd10b153b1b3899636a3073a857d1c40fa96fa98,0
52e1dd485c8851322f9d87988b94efee8c8fec74,0
d691d34fe17e5f673713e9ac231de48902e95df6,0
0d4ef9257077080fb9116a137550eded8995e9cc,0
694ace667256dd15a38548308179f1f3305fac4e,0
6c3321ea4b1dd23964473221f376736c0e80c9b1,0
90d616c2d69b145d4935a52f880a7dce18535c98,0
5292a12753c590a62a21f991057db3c4ed5d3775,0
d54e40c20b0fa9f2001a60b547f36d72c528de55,0
70e89e04d355ec40217cd08c9cdb4d9322a5c460,0
cf39e4cd745289a2adac23354ed4c1b1d82b4c26,0
1419bf8e0765894204c674ebad0c09f377326df4,0
3da8b11c6c310e5fa5805ab90fb6634c4a7033b4,0
70c22d31eafc7d971e2b4fe8ee09f41065aac3e0,0
35ac47dc112c69259622bf1f702aa809c5307ecd,0
9637f8fa7943d19b4108ca63d02de9b50d333c10,0
06a63c57bfa932917bc5fcd9ece391083caca55a,0
b9483f5b42d6b03fbea9b65bf1f2f8bd836fc4bf,0
ecdc6f1f11178c29c812ecd5725c2a2818d3f255,0
90867a91054a478d4b87ddfe32103771347c144a,0
5464c3b1066dd4646dc9951e7c16a2658989966e,0
c986fc18b8ccf9715b7bf78c7c2d86f85ce501ed,0
c78e08a0cbc9e82a946b7f4947fcece92e89d7a4,0
02cab1f4fad0658e12a29074370bd21a0d408508,0
b65a29cdf96ed9a6d845a982ee3cf16ff4d8d051,0
7a9d5f6b2260f0138914a6a7b34dc37422d6e43f,0
ef6553b5dfab861e575c6d3bc963440d2c91c2fb,0
d3271134b8cf1e21fc36cfe669c41d347b53ee72,0
46b84ff2e6fc0aafff6c54d193bceb98e1814486,0
8569aab0371446618cf8b9c378077fe98955f24e,0
b458818c9540dadd53eda12c6db1048bcb5da474,0
6c60fdc014de2746c407e3b5c1417db3b2646afa,0
8627a297d18f459902bea7283683a432b1caa0e0,0
66a105eeb194b73ebb656eb0ebe647b37aa3f6c3,0
a41e9a7f7c9c1fb3e30dd6ec5ca250ebb58f5aa4,0
03946285e4d8d812b3485e036de69226f7fd4345,0
4227c5cf0ad132e1238ea556718d9bd6a3a592a2,0
8e29a71464b8dd555a9a9bb428e2812d63a8e089,0
4b75fdd1f345616a2acc62393d626e5094ca2d44,0
14fdded02c630bb89b9d9ff3d7168da3b54f8617,1
9325aac806818a7993d42e82dc57814d8725f014,0
f652bb64235643a268123685e853d4dc22bb5d5c,0
cdb2699fdcd74fd4698aa5c66a35c6705e8ced2c,0
84120b06fd5a3edab73eb5eda6aab6595d7eacd7,0
db84d4027bf3c4e2ea9f3c011e10fee7866235a4,0
0af0fb3158488b64b4b02a794a757891bb636de9,0
bb47ba1914c0c0794b7665ef2113801bda45ee37,0
e9c4b03698ac997267ba187e731a9a100ceb51cb,0
da5f54665dc13c7ccef9b95d7fe58d651248eefd,0
91481052f8a277f2fa76f80e05eccc0f53c9a08e,0
cb5fbb3c9a15bd6b6833ebcfdbc4f35c039f95ee,0
4a2fba25228536501c202754c9cb7a442c1e496d,0
1256eac20695a0152a10dd14617a7eddc58d8746,0
32f686420686069a826ab2c747838368ee587dc6,0
81af90ba4a02321aa29430d13dab0dddbb6f698f,0
9da9fc8e3ea8e9c2cc150fe0273383a892e9da1e,0
d1a73f78b48f20596da8f0b011156f7bcb8d7a6a,0
0ea7ebe90701a08f8417816cb3715de011f01420,0
7f07c6e4c49939632cfb1faedbc79af75bec1cb3,0
d45a94e4a366aebc3d666ace480a0d73040ee818,0
197e2a83b2898b6b295d0ec168ee648295b6e4ef,0
7e34067268a3938877c22b4fdd3c4fe8356b259e,0
44c64cd96ae2a8b3e4bdebef7de0e8ff8eb82b07,0
ae73ee8529938715e54aac99fd573b451d2d0ce9,0
fef71e3c880f8f3c04121481948f790f8531e7ce,0
f285bca8766093a912e0c118417fc268823aac96,0
63b48c3d79633393951ab7ead5213f0046d2615c,0
9cfeb74ab75780f1e0c2983905b7e217ddc530a9,0
31799e060afc7998ac5421ab682633ec3568b3bc,0
db1e301c394ee46980fcd0ca2aa790aa42509a60,0
8fff1c94d19f5222206c0055bc0622c5bcb7593c,0
86e7b6900b98aeb84cd50d54b47117faa65a4f1b,0
d660fd1a1837f4ba9a426930169cec945d5af21c,0
8636054e96a536ae8a14c8971111302c4e1a9391,0
142ac0e90c0ead204dbe203b312d781cafba08c4,0
136d8931860f6fd99584e75cca9053c2d5a30c2c,0
a7a3f9c3927f4e51bdabd738cadde7b12a50ed56,0
55e6b47470998ea0acd8e9dd53a4bb7099806e3f,0
bf5d87dd0d8e8fbbdd8d47a4eb1e896bdef04ba1,0
661eb7285a02fc156f91932d4f936e871378253e,0
0889be66edfb4fefe6d4167e4a6dce91caf27551,0
f49ce629f3ab89847094ada44cbcfcb6a32ef897,0
a02eeac5440ef3d9887df8bdd9b486e61d510ffa,0
efaedd2fb3e9794d37d46b6d8643ef815ed57481,0
c419142ae7da2ee5907f961b132d42ab838fb3c3,0
f6825448545fdb3185d8cb2ffb5914fa6e5e63a9,0
0125677a9c438696fe14d51127da2147d43db8b0,0
2c98c55f78c136c5c8111da09249aeb2b4d7acbb,0
023046e8fae86c220626db0327dd339aa309b0ad,0
bfb12d39d41b4bd969a93ca42918c48d5fce863a,0
13ad5d992416c719bcdd5d54a9b524862661e952,0
eb82f8b4cb3e0aaa2a82a3f1a66535cbaec59a9a,0
522b077cab5f3620cd546c10cd3607b5f9133b4f,0
9a41fecce8b7a43e7d77b97c12c7e1c8daec7363,0
d0820e6a1efa688b5298afe3ca0e56d7d16af607,0
c40c10f68401d535aeca2756cf1fcd90425dff5f,0
1202ebf39277215717c22e411e993c2aac471988,0
c8ef82cca5ff5043456cdb451ad0a5d4b0e9af42,0
c3c9015a44b5657ffb5143cd0c27ae1ce998e78d,0
834e49f7ea20975ff955a581f6499f4c73a4cc49,0
9d6b5d3d2eccbeaa39eedc42d49cad4b49aa4d2a,0
c8fc9d6e4930f31e8765f0a4552ff96ec2b914cb,0
03ed1fad025d970bf6f8f8b8715eec87a3a0274a,0
bc18ac5cf08708e52b7a6faf13b01a5fd0d63f3f,0
d217dea38061c19fd94fb143a209730049660c4e,0
7d39e209268a040cae3f8450ec449d7dd0d799e2,0
a2963957bb804c2885e381c064fa196e241f67e6,0
5c44e78855308979d07359e65cf7e87a84bf4275,0
21ddc87b0ac689e25d521d96e5ddb7ae204443ef,0
785662da492acfdf4e7bc4155d1e003b6f0e6f9b,0
2cca11a3e3ad5cc142c5e078934d10b26050ecd4,0
00196e4c7d6cafcf7ff94aa6d2e068dde5b6e36f,0
f3f9e9b02c101973da0ed1a51e5dd60b83e5bc65,0
24014e5eabb321adf276f90599bddedb018e88aa,0
df83c0d7b78883b693fa44194e4ea00f106b44e0,0
99243fce4d9c9e6bd2ddc4b38f32bd74680010a1,0
bc6483cdbc2d1f65aceadb7de95417a6ecc45969,0
763333c2572c5ebcb8f1d09c32876da987741c54,0
48426e0049b01d86b2af3b0cd4c7452a98bbcaaf,0
c0e9f324eacc6bc8bcf3ae307bb659c27b7236b0,0
7147f91060df5ab33c9fcc30068b872aa8394117,0
0b7a904bb495afe1314120fe944fd1936e0f275e,0
9a09f41b03df238043e0eda59d5cfa11cdd36523,0
a667105d323cfaa5584b8067bd6840a4a39d2b5e,1
1120dfb0df6256985e85ca0f46ecf52902e0aa76,0
5f029f691332139ea0bb0e938b90799d74806a93,0
d24936191391128db30ff49e298e2b31aa643d3a,0
670048bfa4d805a681f49a7f9b8c32b46ef8d031,0
2b145ec96042357afb3be123a4880680e7f816cf,0
3513fe3566dd9ae7792f21581f6f94eb5c02adcb,0
329f21680cc1c4e5c662813be3956bd6e8c0d38d,0
45cc006b3dfbf49b1974dfea29947431d724e16a,0
9d963354f628534ff3c0173c4404234297a9c30c,0
91af4178c1ff8b70b7de794ae28d539821f01d03,0
c070c23750e4720fe44b92237b2b55559619e8ac,0
101996e7ade8d700263b6fc7504ccfcae4884ef6,0
ff5344694261cef3d3d68b71d663073d6ac7d0d0,0
cc8df59cf3c4287325e0e9bfffe591609bf01ed4,0
1fdd06ce9f554eb3c0a5e9d3c1288cf039c88a90,0
67dfdf60f5f8ccb8ed910bfe9d1cdc6e84f0db36,0
9be7b6effb23517ec2e23838ba16f469727d9dda,0
60b089eb7ab1fd226faf48074e52f33f322b7df6,0
fcab7bbda44776603c4b244da724d4346dbf03cf,0
2446fb88daee5e8e9973b22fd5a6981b2d041541,0
fc5fd06047bf751ec1a2ccd37c3efbd7f353cd1c,1
bb05408fc8ae05b5219170c86d70fee10dc410c9,0
ec825656b3b3a6c42e49c201bb785bd1af69507b,0
964c0c8fd6abdb4c32c050db3f129edef7232cbe,0
d2883e2ade18d07cb76b0bf99d1b9a0aa66afdb2,0
b49c7c0f23436b936c98f5a27ac188a64fd7ab12,0
94e90614bed502d9e77b8f916c00eb442cdf9d63,0
8dab4e845ccbdb0a0f287c38ceafd7d15e417c06,0
e103eea0addbbe3781775ac714c89473086d1ad7,0
ae887bde4df5b1f61ff418635a51925d2d94aacc,0
68edb354fa8c29c628263631b446721add4eff6e,0
a6571621303994c35774674dcb65ce42c98672af,0
e73d4e5e2e958c424006e1ad6ea99374df617e1d,0
880eac2afd7acf2b835d6fe43c35c6a0066babea,0
fbcd823d35677e12d3bc37db531f3f18cdb17535,0
a2639fec4beb3db8e68c9a89a5f289c62da67648,0
61e6be8ca7046bbb725276c9a3c155094065f720,0
961062659bdc9aa7ada2a0fac5c03671493d1a68,1
33b3e03a1898409cf12ab5092e87ef56224152bd,0
f9b81a07317f588f93a101ad3398d476a7b353b9,0
1aea35e0701173e7c979576ece3ff76700d9543e,0
7e071ab886d7d181b79cb23a9aa6925c8a714389,0
5c2a99ac1da30cafb7de9475ef343dbd25ca17d0,0
a6d28b013f3c9b4d4c17c6020c9d72c919e4349d,0
3dcb04087e8f17678659e715cb9a0a885a55a2b7,0
497078b507a2a71164c30aaefe6af50ae8305b38,0
1d511d5f9db4a40c79a41ab928fd9ba4049e8a19,0
910f940351695ce7e9b6da297dc2aff01e5521a3,0
9b43d102b5f203616a31fd240cae7ba10d3b148e,0
eaf7e8a963f494bcc555bfaf6baa21d5324e416b,0
3237845d91d73410611cf623cbe4c21868e14b06,0
032bcf74352988228352f7f1528d0500d2455262,0
4444bec3f7d1f2de4ca994dd829abb2281ea354c,0
4b1a48e71dc58db9fa4e59d31422219f6fec8ba4,0
f141d828286d6bfa15e36af5507e3e00b9667487,0
f71e6e02a6ebe8eb3e8a6a0265fb3ae436af0416,0
75a8d8c69a3da99e6ab553b4f9947aac44af6928,0
db449fcaf4d45e600adbe96713d388818707b55e,0
b90b2b266275611fae7f197c1dcbb83e19ea351b,0
c33b2b3cfad2da35842e4f3217e32f6829f11063,1
ec55fc5aa1c06f1f6e6f5ba1f86fb4e56999655f,0
d03f484bf4362d9cd81e35c02176ccadf4bddd4b,0
16da93e87c3aadc8898f707055f4a6be727d83db,0
0a6820d7804f6b38f4a5410365e2b6f22bbb4fb0,0
e72325cc05582241f875d7cf0d9b93bf6d597d19,0
72db2aafc72c0383228d7e055ea7a33c5b01c724,0
4b3e9fc78c26b89b0bfb020b5c788efbc2fd6e45,0
7108eff0d1611dc233d1e4db7c3fabc34823633c,0
2d421fb00dd746af71d319cb6f4c1cb4696111bd,0
3b451047534be7ab6e101272c4b649dd73a94088,0
c88ee9079baf9f65a43e67b254a073bfed9ce43d,0
b9a56a864d5da79d7c20906eb79ab0788a1690f8,0
d9ef5c5547039fa416f002ab658228041a6b6e9f,0
3af3bfb0da5cd3b3ee7b8aa8e3bd45a7341831ef,0
17ed825dbb7a06129c8e12c2e8c329abf9fa81f0,0
7cd0d4aab61b014903d78464e21b5477bdb0d83f,0
0706f6c5e3cae234180493803fdbcc9cf7730ae8,0
1cfd6599f1fcfd5f00f1d2dbdff41f5b8144f796,0
ab6149a3c75a02511879e27f22aef38c8252dc4d,0
7968bd632857979c341b804f2e43e28c33a36036,0
c5914f6e47477373bfebb0386757bc0478fcbf16,0
19f2272795cb64aea14bc7e6264baee7b1595d9f,0
1c9190cba4ca087a6bb6b0844ce028d4520a9fec,0
f896e6c9eb751b24de5637ab86731068fa0e2096,0
88d0fbb7e6f4d3d2731a0ebab95458ef02fcb538,0
b7f5bd690db09f222e36a9a994355f72641056e7,0
205f53aa7ba350b5d1a82192330a36d6feaa4666,0
99010fb34cd4e52a37bcc0739891f5619e4506ba,0
1ea29a6f4a04868e12f417792e81abd183ce3462,0
e02f195560e45cf4a03f8f3801c855bee8226f28,0
e92750e5d3b9a77123f5f0ee31d52a8009b11891,0
8ef45d64a3af2a29d34368ab011cf2c7061b9bc1,0
bfde21cf9a193f14a2f46156515a41ca9b6c30b4,0
3f054fe90def942bbc334ed85a516686489cd176,0
d9167dbb1a274b2e3d846af73b6f205f78035d81,0
a2e8c450b4c051cf6d37d702d14ddc9a6002f2dc,0
d841292bc8e29af114acace510512146c7488ed9,0
e69263b93d25821840737b0ee6be17235f067a05,0
44cc973599eb43bda65705b482626bf68a0359bb,0
da6c1a5a3803aeaaafcd005d2fccaabc537d9741,0
7771ea6152b4bf03f108d9c66d5712abd3837bb2,0
7a4e7574fd232f41b96616f968d410ebee49aea2,0
c036e95f6956920e6f4fa3b5e4963c82701c63ef,0
3c0d56896169b62b2e523447b688a3f1a82b35c3,0
b965df420b77e0ab229d2c8bae3931f747f34807,0
f5d7796ca4a4776c9398d1b8691435643895349c,0
1e278c2972d932c104cf50c8d64d665398da389e,0
d16e38a5b74a8f57e0e961f05f7f606f9c69f56f,0
619b0456ab3b38e4fe3409f29613a8bb78902d57,0
bb619d05d00d780639d73538d9422889bb3788a3,0
dadd7b459837c6b0fd92a7287410709528309cbb,0
486d8f6ec2a924c30fbc9da13faab5742dd5700d,0
d1fdb9a02cd23b8ff7df8e4436915fc4bf057092,0
6715e7e6caf3ed4078ffc11e91933e74b43c582c,0
596fb1c9f5c9ccb5115855cfd7ca43925289741e,0
58d136416eed2729268a8824848e57e0a4913436,0
8a40937c06d893e87a61d9bfea2843a75ffd12b1,0
17e8850f782351583dadeb4aaf290f49a4f22978,0
655a6b7b53fccf9d52f022587c27005296d3fcce,0
4c16fda65e01b16e685233c84fe3e7653bff745b,0
6a78640da87c1545c0c84f95400450e4a9be1866,0
089ccc1a11dd733efb6eea5c271d1b4dcc1b280b,0
64dd3f0a22a5625f095666e27b7bddde84843883,0
070e3809a2e0f2575c3c6d12cadd9709557b2bb0,0
96d53bde903c05a23be9526d96701f42563144a7,0
b5903a529cbe064c5d4f75fa466c767b0e89d58f,0
077a141132ff793c6f0744635e85fa0a49a92863,0
b472d2976cecd098d0431f451a086df52acdec40,0
0bccef9117c0f0ccee3d5c7292d8100bc82009bb,0
fd663802595f71b2ae9d64695ce9029cbfccd56c,0
3e9d38dc0000bce51c90e380029b19d8ce333ac3,0
91d2e419ce8c1e4ab731a9372c6a3946325c351d,0
083ba6106f9f27ea0c0137e0d35b016559865159,0
31a5522b20d22ddb80f93d7b9b0ccbb6effa8356,0
4db095fedc3918df4b0b3352171bb06ba4323f01,0
78fd1e46317a4cd43ed3c8fab618327863ab1bad,0
9f1704e9fd0b3323825dbbc65d82d7bbc8f02384,0
fb3787fb2b704a37e2a1105d4469bfa640e605e7,0
81cb0485f6edc95fc7649bdbd1297fd79bd5bd98,0
48c72df64bf39e14e2c139de0af02f44bbbd910a,0
f883b9b07d949d976a97fca10a12ab194cc93378,0
c27087747491947892fea304c8771f76e99f9121,0
5ba5f3d8ffdfa10a6f64893cc7f6ca63c9d759e2,0
389c0b69c4e479d8b2fb7412d892e9613173094f,0
72d9b5efbd03798f17ed1ca6edbf43f77cd6910a,0
f6b598a6ac5217aa184bbc348f5539cdd065f1bf,0
e330f679d269032ccef40f0aa39a3c44238fd4a3,0
5a2483e13468902a51dff7f531ae12ecbb5d37d8,0
9b4dd37cbd8abc498a76308d770e399722d35c26,0
d8ac9383f22595280e104287ddc9d1fe6ca68dd3,0
142edb8043bc41401872204edb24ac6af36e7b35,1
86081411f480dd6cf8c7cbca74b9b8fa87f87992,0
8dd181cb2646b5688676997c8f2725b443d39744,0
42d848271343c69524fb6337b142c0cd67d989b1,0
2d1844307639c26caaeb50b1de93ac623ae96d8e,0
101b4bdb5e9e5d7437da342b76c4589e52e02139,0
ff6300120bb949338644817c7bb2a1d38396560f,0
e1b9c7fc151e9bfe395fad14f7647fea0aa8c185,0
9e46bf1003e2c37f004bc3436515fcf1c312fb16,0
cd745f71268f8e332d0a11dcaa3b43b7258e4a23,0
c39472e60da1918148db84711b7fb32b62841c7d,0
1ded664fcd59030169adad27b6027c11ba4791dc,0
fa9a90ca68c706a27da33eaf4eb06a562b354d21,0
72a0592b11226c0c0b3927505a03687b85329078,0
614df47828daee5fce9465087e63db3639daa851,0
9c5088cb66e46d66f017b0e9c4629107541cd201,0
b5363c326831e775791a2011c7da2d86188497d8,0
82d7e096b6cda64d31571ed40db295d8a48c3d9d,0
c879b381454f0e7c2709fde15a94dced872e880f,0
7bd6832819bb145e74edf82b3020de5f6b940a26,0
56292561f3a891ae8af40702358bf6ad31fe1b52,0
09499726b740d11acfdd16d1658ba98beb808d71,0
9082f2bd701d6b0a90b0b319948057d2ec2922e0,0
e4d51a55eac15354bfb8f7dfdec3ebb06deefd1c,0
e40aa84e96395c700178cc1e9b70a7398eff9a58,0
76ea824c31f96f28f7b4b00e7e39375178f9809e,0
a22944b29002370a9c41ea5fdc442ebb0b199b0c,0
83eb67740ef89faca4a14de1c0c058cf0945e28c,0
7a908fd556f041f8788452e943b0e9c8cedd7660,0
0a8effc1014f5e3c152fde4c506fb93ca30dec99,0
8ac3e4d8cb64e354cb06b720614d498bfe021669,0
d6f2e3f928809768df877e416bd71e7849daf3d1,0
b6346a134c8dc5965a6ea0ea69768e8245a2e816,0
a1fecb7c424e2c2fd5066a3294133fff6141cfd9,0
fda0378a8b21009210b160b04a95a5b4c649a7fa,0
0e464ba885f002664f70a1f6b1dcc945dbfeb5a9,0
e05c00e5b7e4826cf3220123e4c6d4b9b464e350,0
dd045109ff40c502a157c03dbc6acef3b5400de2,0
c343ccf297a93d47fc936a639de4e0e56e47fcf4,0
7f4faa85489bc02250686f67a1086db0cdb81424,0
0ff40ec0d074ad9c790e01c2e150aee99eda5382,0
fccd1a0ce4cd7a3b400fa04a6f0f380af57a2bcb,1
6430bee3005d1615f9d038a271460e64ff08a237,0
dcd5c988d6cbf53c1e5b58812a412aca4ea9194d,0
53e38c321462943bff06778ce5210fdea0d41ced,0
a47c46bc9ff807119c4810caae00705c02821574,0
0128d7e799e52419bdd8b0d9b1c031c745e2d122,0
85caf57be0261503402fb20d17fab9be7a6199dc,0
5b359afdcd5e097343cadc1fe53027712ce82e06,0
bbbf3d9e1cca4ea690665317368cb4b6d022598e,0
dcae96f24b09c6e56a0ea755e21fc1010e1aeda3,0
5ffa04d9ccfb14ea2255faf0d1719021a7c7154d,0
2afbf5abddbb6194ad84de2f913051a74ff7e8aa,0
f38936857b7d7d055c9acac74cf75537e70699b1,0
c9332511fd4824e11002b6a895c2a78a365f45b4,0
b99842f9b4e3f124d1e7afa8737302e979c5e5a9,0
e34547e8a94b6bb3295d4353e77ab82adc3a7c3c,0
f9aa61017870169bcd7ed94906d70267d3bda877,0
77606beee721d54a371396e0424eed0c52881855,0
6c2dad7c2bb10d230670c28e97bdf9cb8c466d6a,0
688f5cb3d0dfe949bb589c537d4fb31cab303b4d,0
92fbce984f34eebd91193d9427e99875f56739b3,0
2ec4ac54041a2e4d6dee563a185f35d4bb436962,0
8d35e672c8ebe701aef87db2bf21d1ec857bb0fd,0
470a4d52acecf294070ac7a847995c21b0d77764,0
ef9e0252cdd3c9b27b0f69bc93424f0ae72fedcf,0
fce3553d5eb6264a3625c5cba7c05988b84990a2,0
af907b709b7417bd3ecb0b7e97be7ab6b404c586,0
cfc1fc472192d1c341017570d8b4dd554ec14a81,0
f21a2a3e7e16b31faa07e4186840a27689b0b83f,0
53fc0d32bcdd3479d61505de2ff1d925e2668944,0
e0b787a99cc0c99af18e819b31a75e94491214e0,0
73503e6ba17ed20b4348a023cbd400b42a1ea615,0
b0451cf3de38844db11faac0e6d91fe613436708,0
b7fcc3edecff897bfac4ee376b4338d2290d4810,0
1055361611b21b19d92688c8fc813cb63b8245a8,0
faaeefd2a43324c7ccf0e22b8be591e97e2c3a92,0
dacce848c849087d228757651d5b95ac310836c8,0
516c5030190fd6fe6894ce423622643286ec8211,0
bd70827a887fdbb29408dc09e0cd304cfc173f8c,0
18cd90b162ede071f20e855d592345851b1838f9,0
a22e58002a52bb28fc8f81630623c84d4157b96f,0
6322631182763bc438de98092988ff0dda6c96aa,0
25d3c6f1c061bb81bc384ac8cc05e72b57849cf4,0
610a4758f454cb10fc1fa0f64581b3d2ad098921,0
5907f72c0665773b908cf943b5afbe16b6ef3cbb,0
87bda477b65f8c094784d7cab389c04aff48102f,0
345a8c784c694b3a9c2fff3c5d329454ae4f0c54,0
99afef4d9eca7974817e7ca3a43e9ba921f720a4,0
ef067d5e130734c8f24040f5313e756156f682d2,0
c660a46a1a2b8d32a9fff848cf44b38d2ff4f0bb,0
967d0e527d3ed832b680a9f08ebed97c58c7f221,0
d3a2f62b81ce1d9a3f1ff478608e0f5608b051e7,0
1f77b16379ad5fd6ae31294397900f5a316f6ab5,0
0deb50d664e7ba5647cd780f89e41f18c871f67a,0
9a836c98328dce7fd2bf6abbbcc264d3ea50274e,0
a9df93ae78f23eb8da7177674b58fc1e4bd3baf0,0
0745c49bb806f8f986b52c28d74e5c85c3e8fb13,0
3b4c50a08eeb171cbd51a9d618513d8b948bb969,0
4c56b0fe1614270219b79ebe81f6ca3e28206b9e,0
6dc1433420a7eb214fcc8447b4dd624a235afb7b,0
66ea7db92c27b494bb2980f25c81685d54f3ce72,0
5a53e0c606525b60431f846f0fb1be8995b1ca1a,0
b40a4faadc0f835ee0fd1be9fa085e38cecaf2d7,0
e0515efebf5525e894bdbb55c1a15a767a8d7f9f,0
0de77bb7abe9027384ad2f7346cb615d075d5ea5,0
30e62eb2dc26ac4cb1b9c40b04cafde5a2783262,0
3e8a499d6269cac67df9b3ef0baefdf9e4776d3c,0
4f2b59597e8463d85bad90b48c8d876815291f4f,0
0fa7513ef6a2ecdd7e14701fed33f8dcdaed0077,0
b546dfdaaaee9eec23c4d0bbe1454a2d6edcaca2,0
2159c2e8e75d240f140061a1216a84df97edab9c,0
1401091e210a7f3a354e89c39240649332239b54,0
da82c513852835324398d734a57fd093acc761cd,0
6fc66d089d16ea52d1bd95c9255fc7573fb4544a,0
b41366cb2c78e50452356edb2142556ad534cc40,0
4df7825c2924e165d787bfdf4bc777e30ed8b847,0
74ff4157dc2867858a28a9d5c26582547f0676e3,0
55de3c0df1025ca6e1c064d8c8120a2c2030797f,0
8b9354e54ed18165476d1ce2b98b8193719f370e,0
ccfd3493fec03745501218dc87d46566e67bbe76,0
ee8aae19603688d57e321aada9174f8bfb2b38a4,0
d329b790c0ffe7cecbd087aace372fb0376e1949,0
62b29c3df73a2d0a32eaf321fbf88cde5cc0a4af,0
f6196252a5aec7473c34243538192ce045b8e1cd,0
536a14fa0b8909b6d06eaf2ee25c88e6407fc0a4,0
327799384e5aab9468517041db9e9d8c456f34dd,0
b148369a7d2144e7513a7295349ea9381c02cf5e,0
dc4712dc8bc481498d4e860647225ffc14b2dc96,0
603aee913e5782662868eb86596912a3020049ed,0
e36a1e6045a82347f773525d76bed69bfc0abca6,0
5e415a163fa34e02b421620f638b53ebcad1ceda,0
5bbe80eb7404d0d03245cfedc218f870f0176c57,0
2010565a4152aef7b2a8dd01064a680df8791468,0
fc373557ac4763cd889b3af8662259eaf2303946,0
963198ccb4c6db2bf521d84afbfbc8d4f6bc337c,0
d53e45ebc063b19adf2d6fe0f1cc8d11d6cae20c,0
f2ac82fe94023ff30b294545311a94364d74de89,0
d014dd733ecc633d7239b6bb6930ddee99772920,0
a1aa64ce32bd920eae13094026a789d4dc8b20ef,0
5cd079924e2f5278fd20d67296b5a10d9e79e3eb,0
9fb1d7f8d2a0c135c43d4f8abb7211338a877870,0
92687300b4d05fcaab82edde3f70f74af6a2e479,0
57d6bec6433036d53efc6fd19405b982d590c616,0
0769f2ab1fae20a34b961476a6d863207c679ffa,0
f435145f87883ffae48e0a78fc5a2307ca037733,0
1c4714e9f7600a53dce7c9221c72d77035d56dc8,0
e5585e4468b2462c7387eff52dc06de96d50f893,0
a6c987459b48b4e39b8e68ae5f85fc0f35d1bc31,0
9cb003311e0869cd0a1cb9bb550d0f41c5ab78c4,0
836982c4a5bab37dced5fc578c44020a84aee7c3,0
aeb20939f149d3620b9b1dabce939f8a9acb2e04,0
6f142ddb3c026f00145232ebe4a501f1520963ed,0
8ad45b40d34952c124c03d975f8c9ecde9753345,0
4c91ab1d1db8c7adf1177ae77ba6ed0c850a52bc,0
fa4d01ee0def6d0d0237ce8128cf7fc3cc7d1090,0
f20b04f1266b1f4aeb8d82a4e9b20dd48e14cbe3,0
385f1d810d0aaed988e7ac0a91fb21919d507f89,0
f4c5857d0137017ff1e007f2efce3dd19ba8e58e,0
dfe6c87fec0ec41129207819bb4b23ac9938df2f,0
5d310176bc8257d2fe4d39feaa1e9a12cfe30626,0
46b46b4813c88756a515d0657d540549d823c35f,0
39694e84b80295cbb1afab6855ab9331f00ce622,0
b18771dfe8529ac9dea72f77470d056504735feb,0
dcc2927a2579f095657c16760c18c3219201e23b,0
6f58a5933e665d77b87eb60b16e2acba1971a23d,0
115499dd09fb182589c16521761bdc84ded4fd5d,0
1ac197fed846621f620d3bccfbdc599bdb62c83a,0
24fcb8c3486f888ad90571b570676b4fbcd2364c,0
6f69e9b2ee4791530aa71257c3dba45d13b1321b,0
f95b625f3df9c3eb8275348f8b4eb4ce335b15b5,0
463cda7c609806662008df09f6bbd2fbbf7d13f7,0
e312a01c5385527eb8fe94db28c469207483b5c6,0
a9c1ac31b577159d5bc1f8a425365b51364145bd,0
16a672d6ad9af4de41231c8f3e99d4c6e8db1a58,0
4b7477d1bca8ab131e74818b2f37a20204ecdbcc,0
06029cea8718a42b4968b33ddf092b4e7c6a1e21,0
eed510642f30f119a86d27dcbb829f02823ffa2e,0
ca29e258b9d9f824ffc3fdda728303cb55b386a2,0
86802a5f4bd57f692ce21b788308fabf1532d633,0
30110fffbe17299fc92b2a623cff7f2590b54954,0
d658cae88da725890cdab04c0c7ec2a357940da2,0
0498f3cedc124735e391d3ed746fd9a8100edb9f,0
d553fac1571d96b0403d3cec623a978e768e289e,0
37aaadf64f9d1e1d7ff19311f82f5d9435942cfa,0
ed046759921e7536129f52c76c74de29d6ab15de,0
6ee4b766d139e150bc7fefe77b8198417c988139,0
662ae81171f5c0640d5c40cd42d9f5b80764cd9b,0
29a1ba9e2fc8eafd1c81d7d2e6406c8b472191e3,0
a8e2f86ac1176d2769a680b9153527f4f47f4751,0
7e552376fe0886ed3879c94ffb5565184ff21d8d,0
7113a783ae7848f812f53d88a571ef5e461137e4,0
85e33264feba0ba9578b1ff2c011e2d3c421516f,0
cfa9652aab757d82fdee3aef9c51f6be4139d68c,0
269f12062ee35d9af8df1119aa32a21498fc8079,0
1103df13edda48027f6b830209bfcb8e25ebca9a,0
bdaaea0938bf2a531472b5bf7c335a677d8117ce,0
c1b82f0b449a686ecee68ca679bc0f941c421c24,0
c8b1ea3e23c4b30a85dfff30aec1df6e90911316,0
d119a8c2cb79946ea259b2065ae6fb319caf6681,0
04e4579e90e765811020d4f1d2860af6feaaa422,0
0d6018bf917eef01d3d665cbe83b3152c2097919,0
36206236786a00a7ec0c1009c976da18cf326dff,1
3916d632d96f17d7e732983f4bd3a0a03485fbd4,0
bbaa40ab4c608c2450f3406128d247cc70658d0e,0
eefd15b2b589df47dffbb398b22c6b33be5c5a43,0
a083af547173a593d2ee5f4831932b590f600f51,0
dd9ee56a3f625005bdbfce0747cec1c515da0924,0
75f82c731b94744aae118a72a95f036e0f640a7b,0
f2387dbdd01ec97935728a77530211c73918cc49,0
ff6317ed4e2c76bffdfbaa9e836e7ae328bb3b74,0
b4f1e7721fd3f2f47bd02eef209ddd1a66ac14cc,0
9870dfb644d30f05f037132392dee6953f42bcf4,1
ef8d9e667dd4ad18b9360091aa1fb4e63a1fabaa,0
c59f9991986bd66ba59c339fd0d6b7f2c2a88149,1
dbfa4ddcd327609622cc6e5c670826e43cd459c3,0
129eca8eb2700f9279f56a4003383ffe46601902,0
29a1c8373cc2c89fe4d69fba888df662cc15d9a8,0
e0d546938f1884233319a16002e95dbc54f8b9b7,0
21c6a0d27d9239b1b80324e26ebd6e44c17ae917,0
645828a22f42387309b55f4d08586e8a219f01b4,0
f5a54e5edbba32dd8092d503169773938c33d2d8,0
be0a11c85b2065c2369b9dd0d2a6bd68dc79a33b,0
72ae064649b0a69899a2fd5efd80ab8e1ea27562,0
0a8fa7c05c1f94f43bdb6fcd7988dbea82d1730d,0
7df92b36952cb730e139b6b79e9829c2349a54cc,0
12d3d4b0699c0e5ec7bc5a42e4225f2c818c80b6,0
1f89962fb15118104c114398c1d8e324cf11e3b2,0
f695cec8d6a98f810c14afb8bb554250f02c03ab,0
97c4a124a3d6be835221650a9aa218f4fe37aff2,0
e2f30f11397522db11616ed7fe966961b2e62dcd,0
404f0486649454b5e7a83f7389250f912526a591,0
9872c7a6434680c6adb3d029df2bd651f8d06d41,0
9dcd9aceae72538910fbe8ef278dd4e1b8fd388d,0
dd07c4244e52b5f69632079385c6bf7b3751b717,0
b56656a9793eb01fd87b58ab73b82f9b4ba8cb32,0
03948200d82cc5638cf873bb05bab5162999c58b,0
74a823249c66276c50edfeaec4fcadbc35cca2fa,0
b895f0b47405bbe1181c968dfb092129b97cb379,0
fe19fb11861f75468f2504b20a1226e04b54da77,0
6df62241a759bb5d3c7528a2effa34281a95639d,0
4983f0b519aedc82e2d0b52a794ae9f90b6bf21c,0
4320cc5bd7107e61e9f8cfc6fbbd8ae7651f37c1,0
86234a37f52631e4ec364e7e914042d0cbc52de9,0
0d0b620cbf25cbba2d42fd0695707cebd342b082,0
469beb55d55a3ad3292b7783b2f4cd386786eb24,0
7369673991f8cbbe22d7e46dd2482e753954e046,0
a37db297a8591a1b5103b053de4c1ceede6a8617,0
b157314d0804d472dc1c84c031ce822034af75c3,0
49d370d1eef1964b067fabc4aef7c0f5f1759290,0
bfb25f6ee47c20b747ffd173649db085a535704c,0
e41ef3a4cec4b981de90a3108c8c550d7f98284f,0
9f2001ff20e7b6f15c962c561b5ab35089606e18,0
da4ec29493d9497e9fc4b41910716613826530de,1
555a09fd92af88a171f1302231ce6a3aaff1cffd,0
f4865c297547619b5865fc59786b72ae48de73f7,1
9c63ab3fa09e73c65f1b44500b35e6cc904fb7d7,0
57f47914edea6252f1144c69ae56d1a4567ae1ad,0
7ca3d8ec6278548833e5ce6d41ae2040b1d41f7a,0
1aa7e878e3e3c38a03e154a42cc77f00658c9742,0
14347856c9fd7cd7e1b7a15989b8b0f1aba24c9c,0
7fd9d86fc02c09b316755394e0079fda64f0be98,0
f7283a50db60c3d61d66c61fda030fde3a29fb68,0
b3eb11323704cdfaa15419572aa8053696cc842c,0
7386db2ffc074582cd46d0881a83a20e9f8dbb2f,0
f2478d242ce7d50ab04b4188facf1b9111e72be6,0
e230db45fa7aa5a75ca4bb046e3438acdfb08bdd,0
0b830a6e0b792321afbe38342acd8881b523b5a8,0
1891a7b714f16556d633a8d64dc4953d71a2cc68,0
682afcee99912a57a01b9dcd6ab509810a8a379c,0
1f0781b14a26a6884695c79eac4b3abd443d884f,0
e1498d8c4f0d6273c30569df772f9a9ac9001e85,0
7c9e43a2acff09c176bab47ab8159dd7e97c0296,0
b6a72235ee9d0e6f1bd29a54badc3d286af05be4,0
7f7e3b0fee32979ea54f006462c78e0cb504d4a2,0
9c073b8ed12394a571c7df0f48cba97c397d6bc1,0
6f1fff6c11443cc64669b85264cc5cd40603c5b1,0
5060d02034084b833b257544ba1d8ca305166d98,0
dc9b33240febab90f93d66a1900a5d94574620ad,0
a55dd020f08ed55cbb28834d586e81a13e2db7c0,0
e13d70f52bad099357a77ff33c416fc82b31154b,0
548a36c907acf46ce4f5bc5d60389a7d80ba7806,0
ea27ae4b861ca17d36835bd75b5e1de8bd9640db,0
e71856fc12fa22940b8c39867fe409c931964350,0
080e5e7ccb47a70b6f3530259d02f17d866ff27e,0
d4c5e50d6ee83df8c981d898e5c4664fea739408,0
d532ec1089fdfd05004f143c87b96ed036a9abbf,0
66a5265e4892e959269e915d14f4351f608e84b1,0
38bf6843ce6fc6c878a5b0b55c49c034a3720184,0
2a6b3ba9796c7674508b3002099e5f1e9afb95ac,0
7271a6611eb3d097bb5af499f0e08d7a7e8f1078,0
fe8fdd95ada8078ce29922f739cad07a7454f700,0
72b901548b56402b77c8d0208439f4b952f9b6de,0
ac72b64cb73a5a680f8059b695f2ca22d520613b,0
ec123d1c1930c7133c584e932af3b3bf39e57700,0
cef0ee4b770ad8f4f12991ce1000457419de429b,0
69ce6659f7c9e4fcae2864d26151cd27b4c0dd59,0
7945ef82318516ff6fe228f28bba24e1264002a1,0
45ffef315f40d0b2e553b53ee53bd02acae46306,0
770ceafed9ec829314b8e095e01ff39474566908,0
87ef0ad4e4760c57a6140cfbd42efaf8d628a20b,0
3888394f430e7d338af532faf41d1145ae44fb42,0
b278d6a85189d7df38cba762131ccd3473121177,0
53a5690851939ec6ae0ce988a7683565fc353d57,0
d1ffa4a26ed0a62dfd663f1f03899d3c35da0bc1,0
4ddb0bee87c8deccef0cbc59e50fc029cb3e6288,0
2e296faf208a8331e24633c85acfbcbeab63de0c,0
2b0c79fc9b37d0c5f4dec23c94aa5ccbbc463e56,0
ff2d1dc34bd2da10ea8f71dceb50208564297d2e,0
034c46a950d994454d150c2a272b33ce783d26ef,0
9e91928455484dc215a14742cbf4e46b16f25f61,0
0fc434dd6868c1b3d40f998a670af9b48e9ca180,0
ae6d54e80864e91787c86d79a54eeee87d485ed7,0
b6d605e1beba3ad9c1e5a94e4235fb7353dcecd1,0
f6034c9dab637dcf1aee51de3e33b062594bb31e,0
58ade24c18d14f7cc622eed76d697eabe8c8f814,0
ed11de1e7c59706f8adae5933607695d3ccddafe,0
063745255b3c9463a2ca9daee6aa2e7f4c7e8604,0
1ceee6de62bb0b43a262783bb4bb5302601d5142,0
52b7fbfc9dcc793f1a9806ad2cd266d13aeb9a3b,0
3bde59ad3a6a8baa095c2b069b4b043fb1c445bf,0
53c1168bddb72eba5a6ca833cd5a22070da43334,0
cbfdcd5835caabe5bbd1b20de83b4629a64507d9,0
4f7494f037a098da61b1b04a7a523d1832a9af61,0
3d83bcbc1a69e5e9beade4aa76f8c1673960a321,0
e5bfd0ee994f5e59488b4641bae59da0bb295f90,0
6e204bcf64158788524eac55123dcaf1d4c2d965,0
0c4fd6a8e811a8eb2370ee48a7ab1e813b6d4744,0
07747aa1bfa2db0e4ffbd5d5e9d1833d16649645,0
c06035894ae52d074b86e2c5d97dfc4a20097470,0
e11634f0cd387813e85a04e7cbfe7163f83e5ed5,0
bd7e95a6c9b68d0a6e42372aa871ad1a9ae23c89,0
b82c04ff6726b70b4f0dd0e89d66bdd62d00185f,0
13229681dee6c95eeb8dd35a4840e3d2cb1b1470,0
26f384f0d5cd53208a77df202da026654c19b552,0
49e3e14b6cdde779b6a5ef3469c97cb5d73301bc,0
5ac676c3e11b2ff045730c5d5d1d2a922bcae3ba,0
7ae567bd0412390f25256b6b14c64f6c28410981,0
ff125488084bb6928fcb8137d9956e55cf9cac8e,0
f95097e2e3e08d4e1e59a07a2cdd07ddaa461444,0
bf21a628534c92e5147f284007dc7d758e8e4aae,0
2e5f2339f1aaeb72f5b3dadfe8ce344042971021,0
e62cb8390e70030a76ac88717b7d5af6906ab7c7,0
4e56fa6b620e40202a3157b535d82d71fa610e9c,0
a4aca59c746beebf81cb0aab941e77340762bfcf,0
f07e2550989955261b915e630df4148f904338e4,0
5d4ba77868f5f68f95d9c59825abafcaa363638b,0
0dbae7295aef6f772dcedf61f8f0ff1b07c96058,0
26a073e80cce004a3a6f3408333011d1f7f39816,0
0e3574bdaab211c2fbe6f200415e386ebb9681be,0
6b7c137291865a6d066e5f31776c358366708bd1,0
5d435ae2f457b0430557273801f76a946a35ee56,0
b9be582d08d95e8ea7d7fd29b446a0bdf677b6d8,0
ca5bd8b012499ecd53424cabfade683949bc548b,0
e467316654d8337300f891de0776dfbb6b1358b6,0
c75d5c3707e0eacf2eeb93e7216403cbdba80d8a,0
f7fe8f8bb627866690b33a1d70534ac36b1e6970,0
ed9198fe32dd8ec2b20bd4d3f45ace7695e7f717,0
19c850976b9346c4100ef38b3b2660e855609b14,0
2ef2cc3f7c170fdf4f4af1b8362af1225cb18352,0
3cd809ae5c56015ccf52fe10aa0c0fc78ad143a1,0
51e30a0ab2d6873bdb7bc048a323dc3967e32015,0
3d2d0d45e7bb3f2ee3f2a35a87dd3e87d7135254,0
6af4a7ebce8e7193473468eb4768e912286f4731,0
35dc5fc1d4ac353d4c40fef826f8534ba2d1974f,0
cee9cbd4e23188a38f48d27f493d7bedf9a6f3f7,0
1dab68caed3d038526d49b950fdcebb1c8c0a5a6,0
718bc301bf884f1cd1c8c27e39254d2819cba1e7,0
d01c03aa83438655a89f5036a31f56e274aecc18,0
5d063eabaeeb26a849ad4b9f0517ec5a49196bf5,0
6ce8e738075e6e3a8035b19ba60c9b0f0bc82ec1,0
34358032ad0c0ec2290366aa3972f1bee21726d4,0
38eb8456f91d3d6ce51f1cced1bbfe9dfc08bcc5,0
2531956f2049749d3bdb759573c36baba49ea53c,0
8352cec85fd76d0bd0697f7cae6162411c97ac85,0
65a42b56b0104a378f83ccd4d7c94c574d86e42e,0
d4e9eaa7181852f2004b4006d781f97fce330445,0
300bb79f24200fcb13ab809f99fe1c5394db7a95,0
85d17208341c8082e23e4603cce984fc0a26a289,0
796cb13dceb36d511bc0d5c2c9244f8d6b44084c,0
748445f5fb0cf27804d911dfbcc8c0f060bd9e7a,0
cc1ed55e26869e9927e89b0cb7e639c39f39d573,0
68431dba1d65889b015c40fa7f23d8ed0235f2c7,0
4823aa74687970a113b7d1e98282ffe8ce7b7778,0
6d2abd897ae832e2cc05481db45d57597064e3b4,0
5698a20d82e76310ff30b35305808bfb45b33368,0
912290e3e5f57bc9a1b4a3e55d406c5b00a18237,0
2e0a31c1a5041dfbb837fc77dd3939877a7da368,0
6575337f19e161dbde3a83e3c178408717275892,0
244a45c01154b9615e131128800f4294e66741ab,0
2d9218029f419a616bb6a757868ed304063d1ac6,0
816a777a77eeeebdd4f244e3ce968760d1e7550b,0
74aa43f584d21e770aea4feb5d341731ab2f0c5a,0
8dede84ce5aaded444833f97c5a0501b609cd984,0
3c391bc8e78574921bb2ef080ee802a6827b214d,0
ff53d1ee023ba56097fc1b0da5a0f3af67d8857f,0
6cb47ba686e871907a50459ca1288bbf0bda06e7,0
54e0fd3bc540b1c1728cdf2ffb9c2411196eab25,0
c043e3f2934ed7b1eff49fc851016ce0c3b49cc9,0
b0f7aa7fa00c94f194559c058fb23803c5519914,1
da241ba8175bf654bc9871ca346224e1dde19445,1
2f84a25dd8f29e897754ad886ff9e5dc9d9789c7,0
1e7605ee2bfddc26bfb901998e2a4fa834a88195,0
b72be09e6f1693723b62f652f1c953b2cbc08e45,0
6a18462d6f54702f1ccca48f9ea76d029f303b1b,0
08767c65f3010ef397b8d537ccc0866db552f7ca,0
93caddd8d2725421b35c7116fb4b49829562a3d4,0
f597e9b2cb95a277f5b2e01f2a7cc7079b2f27e8,0
c9b225acbd47025498ea9e06c1bb6b1e06f7c57b,0
40df3b4fe9054827669850bc0c19f5e112f8fb2a,0
3a711be96d001da5e8236e23c75e9dfe5d89a400,0
f29c513e4e76f97af39c82554e203208a8e8e942,0
93ac6828ec58edb2e050a2e7705ec47ba24c6d4e,0
dde133e8246a0302f1925408c0f68d59d939edd6,0
933e1d7c54c93dc5b85b3324e13669a915c75981,0
b856cdaf2110a726d98594024a869cb07cab88d2,0
f94e57193a7dbd9f674ce63fc76f3fbc6ec2b593,0
7e96d62d2ea467ffc07210193d3ba9b52b14fe99,1
62ee164a59e425d889f75421fd7f8404376e039e,0
6e613ee05cd45d9c547a2044eaeec2b98999ee50,0
6b2314b8e75d282d6d9942eea56b85b2d059c62d,0
13428ce9688d21e535dc42aa72b18d8c11527ded,0
81eb60c50f51ab81c573d1d49dd8907e827957c2,0
755ba0746897385d90a6287bdd50ad43df21300a,0
fe2fa82fefca17a7e8e8aced922bd75632ca49a2,0
a453b531e5ab7fccdcfd95f4f357c60f915b4934,0
8df08d28f8d2df1882ea880a56afce5299584f6c,0
3b7244fa245acef49cd23f84d0ac2c8f68c8108f,0
c39bb264604551b0bbacf84b506c0fdd172fa78f,0
59b96db2c215d85cc769ff3a2ab529015fec85bc,0
95abfdfba3fba506a8a23242b4aaeea8eba8686f,0
932534e705a7c5768d5654b38930589e358551d4,0
4006eb883e4468b72126b9dc1f907d85e2ebc0c0,0
b37e81d7ae48d62cbec9e7ba2b4aaa15aac1a6a8,0
9b408fe8bee4daf70b5fc78f9e3b8bc27e9a639c,0
18dd85248cf621da8b499006c5a5bc77dc300c74,0
2fb3df1b98f831055c0a49769697cd696b2f075b,0
a69a49aeb8e80a9063888dea4a15b57060ed3dc1,0
055cb94a58be07f16532e1ae7400ffcc5cc494a8,0
cdd5e4211c9fec4bad9319d2556dc371bd4ea90b,0
15572f33f6cc47584accaa42d68e2d64831569c3,0
0acefb111e3f2692f4f5f90bda11497c83901905,0
be666e28adffec211b8f43a169a7338e3c7eab8a,0
e63931d774980c0f2823ea37be096f0a18ae6c15,0
3e3d84189cd09044fbff896909cf2c640362b430,0
86cce33f539f62cc13ffc6953b8851b2aec5da0a,0
c76438ff5ab889ad5be4753bbbc1e4e68c045225,0
321fd49e4933d4a513dd7eb7eca15930d6fd83f3,0
1ba4b531eb4aaa9f96a0e98f7320702a35fc76c1,0
82e8161bffd04e97eb548bc05ecf29a5cc659c5f,0
fe3a9204c7423fb7a85471f93f9978f132425b84,0
a2fd1fc81f4c95f673a2ff20f52e3194ce3b3b77,0
b4040ff90ffa92408e4a23972c9938daa11fdc28,0
6708062a67a78c7468e4a8a7e845aca4e884cd2d,0
daf982b669bb558944ca5ba0bcb292d0f078ceb4,0
7c662c3fea75e1d8dc4b10316c694eee63e9316e,0
8fdfb968c883fda52edb700cb9f8b948dd4967e1,0
48de37f3607b8f091b2685965d18a229e49da38a,0
a75952e2599c90c2dbda2885f8ab1a21060898fb,1
85f2595a2a936fd020cac98093cdc307a1145111,1
ec8fe821fc3b8609c16dece4fb29933b85c838ca,0
a7d1141f2b7688bb0ae690d74dd24efea60bae7a,0
59375ade39a55997dde03c4552b4a42c9ae54f50,0
72f26e224cf5d5967b60040adc6ca0dad87d9039,0
27dbdf1c084ffd68e5d8822ec01d97aaed6c6698,0
de225705373b5f92d72ec6999c2fe408c510a100,0
b5d3486c1c701fcc5fb90c659f583c1a3c1230d0,0
81332c4186c3e779daa75a5820956df1284654c1,0
6923aa13640dc9515140911cd57507eb11878376,0
087456a425adcde0f7fada87c57bbdcbfccef8cd,0
2baad335dbc0a404ed07e6d0c1eda91f69355862,0
65514aa96d83e0fa1857828cfb7e9052ba7a5e40,0
ef36f3d6938c8f953da7073406d60affec71bd89,1
1b9b87256451d6477687dd0f7a32973d970779a3,0
0d7c0086eca2457168e676be8e990565e3e14d1d,0
b34ddad1f13abb75a53d858cf5392ee944f6cd68,0
86a23eee9094f3ac88c0748d5e010c8fbe22efee,0
d664a2619aee6450b2773e7eb1c4aad3ca4fe104,0
338623d5937e3e3b5e55f27bb2e483b720bcef60,0
8abf7cfda27b9a6ba3cf0dfcdbae04a24dcc54db,0
f8a4db0e0df081f0a72468adf740a9832c331817,0
a496505e1559f781771e14a31de1a2ed4d079677,0
36839ec8d05eef546a9a87f0bcee3053cb94d596,0
910ae17e4eedf792dce6137f7164cb2f31657d25,0
b40eb761f1cb991468487a714270c8ea5eeb1cc6,0
3cc7dee81889f1c0f37a44c74d5701b45b059483,0
85baa0aa33316118ab96f3f10b3cb41c42d419e6,0
8b85720148cc10b0f636e02c2ecf878bb5aa326e,0
5e8a05f8fb5c9320595035129868925adbe8dd0d,1
ced51c6d8581469aa1b1958f46f6f77742e7e90e,0
631b6eb55a00fab88bf36ad19e4f3b00579ba204,0
58c68210d04d9f032323d13db63cee70df4a6e33,0
89f30f28f0506502cfdd95a80159080da7055348,0
a16292c5022389fb151fe454f8a1a98a6435d9a2,0
51916ad90a28ec44874b6fa00d5e6c4fb0588e97,0
26119d241097374f6f800cfa3a81aa0c28f78bf0,0
8e562f339ed058edd3b52641174f87fd712901fa,0
88f2adc132a8cc84d62f403c82ebab3924cd15f2,0
6f6e87d76c0297c3dd5db18aa002e407be3754bf,0
002ec56d2ffd405e3fa61370c9b43d03df015575,0
93c105990997b66b1a9f7569b2b24442dda3a240,0
05d0ec96b7666073158866909e1311aed209c006,0
8351625a7710f5e1eb146bef3adbf72e3bdfa0db,0
5da2618d00b5d8d1240a5ff93b94c644abf2432d,0
d9523a7f55f322c81356329fee5672dc8d17f351,0
5e4a38cdbbf363b3be6cf200fcf0c8e82f02f1ed,0
a01974a6ded9e529dbcf84072913d2b8bb47be03,0
57a7f1cc9b7c99359354f4186eef32cb725d79bd,0
1178210ed67afd8ef5c71031c6750b3707263df1,0
2c598045fe87fe4baf360279be64b664660f630b,0
3b034adec8be6773b262766ce37b464be6f1b657,0
0bb773f5e811a1fe11c11c40c89a89c135027049,0
31545de2e1376a30636eb3a06beab9642b434235,0
510c0e4b24ee8804f54592a2f74932fe5660fbb7,0
83bebf5b828816a663e5c6763d5bc325efba503f,0
7642970f5d53d050ec76804634d870f96674dac2,1
7330038c3fb8b6c8860f025831cc4da035e33087,0
1eebaead38900f49d50551cfec4d94190da934c8,0
d1097aa1ee25ab0fbcd2e95d45c3a9c93537caec,0
cd876a9a185329cb250ce597bcca38f2723b5e9b,0
d3e10332651085e204baf6c9d3846505cb8f9857,0
927b4a443c433712f851172e1fdbc476897a0631,0
07a9af6ee0641f6852199d2be6c6d988611ef712,0
c704115d5d2c00935f7632b72887298941d0a180,0
1eb1e1df5ababe5cd9806a5d22488989294f5f6c,0
d5590c115015a33da3f285b9682953670d26826d,0
b409e12863b8a7f4e4478aed810d30929e776765,0
e4fdde9dc0394ce396db0ca13ac6f5bf7b8f2a6c,0
7353b042d83025f3e9d346e35b4215baca604016,1
2741d3d2d9228a9eba2369df99a040133b06ef86,0
f232e70efe2a632fabb67bdc42d557f63de133a6,0
b45f1b2ba10408547cac0221f4ddcaf54c557fb8,0
81cf52ca6d46637cf124850e9c744ec5e8c7f660,0
30defa70147ef6fdd15304c9dc4514697f13a665,0
29ca260a41f2f3dfb023689d00cdc982ea123bd6,0
39ef11c5c12aeb1d3e3262d9284bbbadbc26d105,0
1cbbb4db061d5ffbd6e093a9b1e550b362034946,0
2f48e2ffca63bf2cc4ea0b43470815f638fa192a,0
ec4e83bc4e85cb1d73a9a7d4d3933dc0475c27af,0
e0df617dcae156c3c2f8ee123c444798c5471170,0
6a093793853dc040714190d25949abe86481b16e,0
cb1dd3b8aeb788403668e99b77a6921f0e68a6bc,0
93d029e3c29bda5d0c5e07cb70b8ead408e07ea9,0
3a441f5c289e6b6e1097e779ef04a7e821ee2905,0
70012842c92e523e50258a184d8e90def7b30907,0
5f82fee61b9c1612a8d6ef23438f2d8bfe3c1b98,0
77db6f413e37f4ddbe025753a80b5c12b2f83fcf,0
f9ad573d5e8688744d16df7ab012df54527cce2d,0
2e1483ea99e130df9600d3b742320a4121f4933d,0
30af14fb2867e9be9d89031613f3b26871834949,0
54202accd72f9e094064234eb49e52118de9503f,0
42ed4d959db06554661427f99bf78a60be78d09e,0
2d42ef996add22a99bb3f0581da2fa953cb478f7,0
8c7065401f91c8a560d9e866ee35274cb536d011,0
ea7703e668716591260035fa316f89d338e3b70a,0
6c2ec4bcbdc372ae4d5b47471870ceef354bdd6d,0
86b4aa2d707e56898bc78a9656e7475620de3795,1
f9c55314dd9634dff16db0cabead85d39e7efcdd,0
4ccf2cc0afb02525a3f0b85b7519b9a90170f612,0
183ee5dc51d41957bee0702364f0bd7049513691,0
610e215231ba1bd6126cc75812c7173cac172967,0
3275d508b30dcafefafdc3f70305d473d1e09e19,0
711b255da655f47922bf787d9380d39882c7a704,0
df83ee9665069978f7d3411193fb744b959dfcb1,0
5bfb1b3e4c4b2a650381d1fe027154a63b01331d,0
75a4179a03628c204a2c08e1027a26c277748b51,0
fd0c06086eb903f20287f24b7db4e3e5a89055e7,0
f1067d73526a0315d54aed16a456b04e16935883,0
45373a17ba9a97e8521f9322578f0a69cf171722,0
519a941dc276677ab1510b0620758a474775c596,0
8490de21009dca2dcfd2a77f0d6aa545e3f30a37,0
fff452e453f405341039a44a9f105457ca247124,0
fcbca34ba4329562684fc8e9b98b375f751f8fd5,0
d73caec50d0d7ccc47bb7c60197a067a9e38d3a5,0
ed944a4b5495f8abf731ad723c10e810a52c428d,0
3f9dead3ef76b18671cfa6c8507a92a8492189d0,0
874a8073beebac6a86f2a9758d810618196f3bac,0
cd0bbae028a88365aca358cb76940ba8cb1e7ece,0
fa52c73de776d7c66e83ba44ef31b3b7c707d8a4,0
f66d858f99038f2fea34502a2e54ae8c6f565df2,0
09cdcb4101f6d0d762624f54700ed90edb10f634,0
318263a8e5442914a1d4eb4661054d6fdef41786,0
10f853464a01d13c4405b9ed325cd1e8ab63a03b,0
ae41631e05a6d4745c0d7c086229e745b4a4aa97,0
7b23ad8a4c74199c18724b32276c72571a0e9be2,0
deb24c8679b13a4544507573f5c531d4c538e6b3,0
2462820cd81c944e317633a8e223fd53f5ede010,0
4536484032b273e4d8b0a0e5ad6878de054b0929,0
cee51ea7125aaf55d912fe70beec3138d96a77fe,0
454645d2524bba29ba7123c992c0cf2ef088601c,0
e55afae9a42d2790c733eecd2cacd3ea58b2b2b3,0
14d6312d7281dbaa5c4c1db0c6e07c17827d70d0,0
7d256da0812980dad9d7b29f3850fc866cf74c51,0
f76134a764aae28cc47d9433aa9999a284ba5b67,0
5c462458477f362d508f66d8c846d1a4b29a0569,0
52197046397a2a937d865c1488ccd1297e8fe988,0
ee211a376e5aeeb75381d5c2b3a05e301662b09f,0
24a5aa6b09149f293dd20d0d8bf23068dc3352cd,0
378638269ebbf81f751aea817b14239fe09d4fb0,0
81c3c69c50f9e1601fd62067b53626d7a3768315,0
2bd26ca1099e08153cb7c99bfb9091e78a031ef2,0
c00fe93c5248900a26b2a9a0c79020ad01a224dd,0
2b764788b9c8aede5702665c2c882359d25da329,0
2d30047d07b492c01ee759e680594c16c7c83fbd,0
16aa6c1f5d02cdfffebc02d426ee9a0c4d58f784,0
155734b961e36d08a3eafea830305cec780ec14d,0
802d27b32e02ae8074e964709f7b68731e1652dd,0
94cb58749e985d40bbabdacba28e60b6a34d20cb,0
f666c24eb7f7a7a99d27b90cc1f4170038d9c590,0
c36a8a989d3b80f591d4534c2e2dc8799bd2b474,0
52b2d1148776c9d6cc78eadabf3a03cf9755cc09,0
2ce5fe9e93dfa5d1573af4f249e2497e1ddd3542,0
085b7456d4b4eb857b88baa5cfcf5b4489a2aa00,0
c97882204ff0fe1ce47d85954287c8274a2d5f11,0
dd2b239329d298482a406c7c8ade232e71489ada,0
9df929dafb81c678c974b49891dc30cd2e11bf42,0
867921e60eef19b84e11314e65b3dc503da06b4e,0
11ce9d52b59ccb47063d54609b9acd8026d5848a,0
5ea0fe1fdc7512b82ccc5008ceef8b06234a1a34,0
3262f9df14a8e5b7c63ec9da8c787d2455641adf,0
cb92385139d0aa3d12aa16c71ad37c8700eeac87,0
96ac0670cf9944d4912ab25ec885a4bea651443d,0
ad04c6d3988545e7497f38dcc22ceaabdddead9a,0
b5e647d07a2634b72ba828a405ba83e332fb7c65,0
32e0972903c55452f01defb3322dc0ce9ef0dd58,0
8dce24ed5fc3f77f1e3caddcbfa88cf0fcd17a70,0
