project,seed,profile,dose,latency,n_pos_true,n_pos_noisy,n_pos_retained,mcc_avg,gmean_avg,mcc,gmean
ant-ivy,7,symmetric,0.05,none,332,384,316,0.13062041922733678,0.5634252941012747,-0.016419809122894445,0.4579284116174692
ant-ivy,7,symmetric,0.1,none,332,434,294,0.14404194803881273,0.5711786854536427,-0.02792786205104283,0.44692994160086164
ant-ivy,7,symmetric,0.15,none,332,494,279,0.12213043573387766,0.5655672431394093,0.0011822289852324796,0.4962044011050308
ant-ivy,7,symmetric,0.2,none,332,552,261,0.07390270080565234,0.5324083094742242,-0.044987102232751056,0.4229518002536045
ant-ivy,7,symmetric,0.25,none,332,603,246,0.09902992274896076,0.5573817671326371,-0.06014992670685312,0.4008095379962683
ant-ivy,7,symmetric,0.3,none,332,666,229,0.08666170482099189,0.5508344943468281,0.031767963623091464,0.5381810020936468
ant-ivy,7,fp_heavy,0.05,none,332,372,307,0.14616975775554064,0.5684973627895757,-0.012092681099442525,0.4595550459636091
ant-ivy,7,fp_heavy,0.1,none,332,420,285,0.12363222422950673,0.5604155463772291,-0.03458288648076612,0.43803191827891097
ant-ivy,7,fp_heavy,0.15,none,332,468,263,0.09158133060232612,0.5386857174679721,-0.049170306441792044,0.4188159247867085
ant-ivy,7,fp_heavy,0.2,none,332,508,245,0.11998903400502982,0.5640218084310286,-0.022160741417770868,0.45878277694780395
ant-ivy,7,fp_heavy,0.25,none,332,556,221,0.10335052800379665,0.553463436880059,-0.02192881295533717,0.460942695909906
ant-ivy,7,fp_heavy,0.3,none,332,609,205,0.06917174507369697,0.5355891962999497,0.012772653218269777,0.5116971528156234
ant-ivy,7,mid,0.05,none,332,341,289,0.12751373683800157,0.5494449852054832,-0.05112313922338327,0.4049328630459045
ant-ivy,7,mid,0.1,none,332,353,251,0.12360917574916347,0.550572663467766,-0.02895302533967252,0.4325592968040795
ant-ivy,7,mid,0.15,none,332,370,219,0.09778371702669661,0.5396705641657347,-0.03812903811340207,0.43175974358914954
ant-ivy,7,mid,0.2,none,332,393,184,0.06903719340352511,0.5214840931993994,-0.029861698546658703,0.45125669637261245
ant-ivy,7,mid,0.25,none,332,398,146,0.06909050894467077,0.5304666308785175,0.041402783715430505,0.551076041927938
ant-ivy,7,mid,0.3,none,332,427,113,0.01324338073693967,0.4923977310890484,0.0011709432379053422,0.49683416867838737
ant-ivy,7,fn_heavy,0.05,none,332,286,263,0.13387566707567106,0.5547210526136814,-0.00759018779996122,0.4482623208348847
ant-ivy,7,fn_heavy,0.1,none,332,254,205,0.09758776797564542,0.524271516307492,-0.05203668384123676,0.4026085497147102
ant-ivy,7,fn_heavy,0.15,none,332,213,141,0.09750506437325035,0.5293285863463519,-0.026720138396944332,0.4603824712435101
ant-ivy,7,fn_heavy,0.2,none,332,185,84,0.07726040624374868,0.5152342021180226,-0.048041202756720185,0.4223692947091139
ant-ivy,7,fn_heavy,0.25,none,332,143,19,-0.021321733962798448,0.44489257149630757,-0.10203309081529596,0.2769427761604444
ant-ivy,7,fn_heavy,0.3,none,332,146,0,-0.06744621272797685,0.4150993060014553,-0.08035867119501752,0.35856313278592156
ant-ivy,13,symmetric,0.05,none,332,393,311,0.1805446092346736,0.5972084780133068,0.04757066505661843,0.5274322111111406
ant-ivy,13,symmetric,0.1,none,332,466,299,0.11808336654206761,0.554495359616012,0.004857897096257111,0.49078247816691
ant-ivy,13,symmetric,0.15,none,332,516,282,0.08940294060726602,0.5448319690845722,0.02179137334382207,0.5217122777632256
ant-ivy,13,symmetric,0.2,none,332,561,268,0.10869661389869897,0.556748773018408,-0.04939003128793589,0.412935840974681
ant-ivy,13,symmetric,0.25,none,332,623,257,0.07540515960815763,0.5370615263078171,-0.029914497470394145,0.4381327488600837
ant-ivy,13,symmetric,0.3,none,332,698,248,0.06659260357472578,0.5384098015726166,0.04450697317260176,0.5535628009950375
ant-ivy,13,fp_heavy,0.05,none,332,388,308,0.16706176555151686,0.5868299780135011,0.03365318994704812,0.5084938387680911
ant-ivy,13,fp_heavy,0.1,none,332,447,287,0.12974071472199977,0.5600645694357921,0.0008324029004217792,0.48478199893481705
ant-ivy,13,fp_heavy,0.15,none,332,492,270,0.12792853299567553,0.5712364734390529,0.08899934715859271,0.60834328692041
ant-ivy,13,fp_heavy,0.2,none,332,535,256,0.13383956090217436,0.5723683167017585,-0.0039860390397242216,0.4710542810091832
ant-ivy,13,fp_heavy,0.25,none,332,590,243,0.08303881864567732,0.5410669329534876,-0.030684519997247257,0.4341633100726183
ant-ivy,13,fp_heavy,0.3,none,332,637,214,0.046351677602134315,0.5187200710923375,0.032633636614393835,0.5345092625330685
ant-ivy,13,mid,0.05,none,332,356,291,0.1669689974732645,0.5847296401593296,-0.03845629219726758,0.3875594920776367
ant-ivy,13,mid,0.1,none,332,382,265,0.12512101171208112,0.5607752608536606,0.025748328631460718,0.5225559858233251
ant-ivy,13,mid,0.15,none,332,412,238,0.0981683580160922,0.5431673342032481,-0.0478022612866192,0.40133347668442426
ant-ivy,13,mid,0.2,none,332,415,191,0.07369847446706883,0.5321236238781469,-0.016374313446417165,0.4612329370814798
ant-ivy,13,mid,0.25,none,332,419,153,0.08978565480856346,0.5354132306712702,-0.041464077481131026,0.41702044434120605
ant-ivy,13,mid,0.3,none,332,430,111,0.04528446127750022,0.5068119761791638,-0.06088497540189444,0.3849993934497529
ant-ivy,13,fn_heavy,0.05,none,332,296,270,0.18924247462081545,0.5946109939850567,0.05061819523995042,0.5334888541930551
ant-ivy,13,fn_heavy,0.1,none,332,276,214,0.13061131606440654,0.5498110103701879,-0.10016264494376181,0.3046480978330438
ant-ivy,13,fn_heavy,0.15,none,332,232,146,0.07568607963428653,0.5090718882624845,-0.06985191581658895,0.291603040380986
ant-ivy,13,fn_heavy,0.2,none,332,193,79,0.01336863802469631,0.468942668780009,-0.04897448844153534,0.40393385836534423
ant-ivy,13,fn_heavy,0.25,none,332,154,8,-0.03877573166758958,0.4315286917692221,-0.049682104163344946,0.38192505512268726
ant-ivy,13,fn_heavy,0.3,none,332,172,0,-0.08168564579465647,0.4011369088014547,-0.015838030779341764,0.4565490081849885
ant-ivy,21,symmetric,0.05,none,332,404,314,0.1663644452876588,0.5852743610058423,-0.026281006192081922,0.42822136608122635
ant-ivy,21,symmetric,0.1,none,332,441,293,0.14331109810328824,0.5728581979241131,0.05170042857140864,0.5538763209122068
ant-ivy,21,symmetric,0.15,none,332,492,279,0.13887403004392387,0.5768483702597607,0.018095553912664757,0.5119351564696811
ant-ivy,21,symmetric,0.2,none,332,543,266,0.14354185932652072,0.590535842119306,0.13595300139076152,0.6640644191017544
ant-ivy,21,symmetric,0.25,none,332,597,252,0.1508714112331334,0.5919628285459982,0.1309405630933889,0.6583196702637688
ant-ivy,21,symmetric,0.3,none,332,661,235,0.07410289257521337,0.5408588121640875,0.09107621708021527,0.6115625528055489
ant-ivy,21,fp_heavy,0.05,none,332,396,310,0.16884176009374594,0.5810607821582163,-0.036763813256927395,0.4179755464209525
ant-ivy,21,fp_heavy,0.1,none,332,422,284,0.1390434695217278,0.5727990724116828,0.06059588082978633,0.5702302241428074
ant-ivy,21,fp_heavy,0.15,none,332,466,268,0.1409133558903531,0.5797233468431849,0.08722378565406043,0.6057996484313191
ant-ivy,21,fp_heavy,0.2,none,332,514,251,0.12766064803751753,0.5733355808776515,0.10761491140739075,0.6293351652280145
ant-ivy,21,fp_heavy,0.25,none,332,552,227,0.12857976226954418,0.5778800117236251,0.1503347651588901,0.6800253921804779
ant-ivy,21,fp_heavy,0.3,none,332,614,213,0.052845016831785316,0.52772889881851,0.07864867133993735,0.5967905401773066
ant-ivy,21,mid,0.05,none,332,354,289,0.157485025763034,0.5824567135627164,0.11330051550975005,0.6252893916893659
ant-ivy,21,mid,0.1,none,332,372,258,0.1403630287954435,0.5691969450221783,0.07876933717045023,0.5910416028214038
ant-ivy,21,mid,0.15,none,332,380,225,0.12987712761701015,0.5676381846526861,0.054010689538230156,0.562178111075217
ant-ivy,21,mid,0.2,none,332,399,194,0.1014945091898464,0.5504551592139043,-0.046424528934570726,0.4056426367449897
ant-ivy,21,mid,0.25,none,332,408,155,0.07617715613476929,0.5326630328228013,0.08397462516849885,0.5986183276443332
ant-ivy,21,mid,0.3,none,332,423,120,0.06815259100357177,0.5309437961394573,0.0896914489021249,0.6096419275944258
ant-ivy,21,fn_heavy,0.05,none,332,298,268,0.16321915854747032,0.5817544247341647,0.043370988776222974,0.5065249989133755
ant-ivy,21,fn_heavy,0.1,none,332,277,213,0.14447310060689977,0.5723276572549355,0.09197648673379066,0.6083838188673785
ant-ivy,21,fn_heavy,0.15,none,332,245,149,0.12601929077575388,0.5588675045719846,0.03925040170640142,0.5381980766510934
ant-ivy,21,fn_heavy,0.2,none,332,199,85,0.047034596425248425,0.49249919134022985,0.017372183685022812,0.5110512773735956
ant-ivy,21,fn_heavy,0.25,none,332,154,19,-0.057067064213347764,0.4095205377036555,-0.040735078096680914,0.4386282785790632
ant-ivy,21,fn_heavy,0.3,none,332,151,0,-0.050602993594012144,0.4218044940564946,0.06357070954085989,0.5778715151414453
ant-ivy,42,symmetric,0.05,none,332,377,314,0.17126397353413336,0.5932054400427248,0.1389006234798115,0.6451122373880775
ant-ivy,42,symmetric,0.1,none,332,422,295,0.14610102153306037,0.5784253077528467,0.08374573343947794,0.5930657396272002
ant-ivy,42,symmetric,0.15,none,332,487,274,0.13602370436718955,0.5690097724155552,0.05365367136271691,0.5595138819681795
ant-ivy,42,symmetric,0.2,none,332,561,262,0.09722866073412798,0.552714774559561,0.07607543600976481,0.5917120465498973
ant-ivy,42,symmetric,0.25,none,332,615,245,0.09674541402936833,0.5582249174297069,0.06964456010728792,0.5853336844523903
ant-ivy,42,symmetric,0.3,none,332,662,230,0.08459352933228474,0.5480679265663311,0.0710890095702395,0.5864044061017634
ant-ivy,42,fp_heavy,0.05,none,332,364,307,0.16381316147576402,0.5824552997743607,0.12811271248519857,0.6326926740930446
ant-ivy,42,fp_heavy,0.1,none,332,400,287,0.1803046632077721,0.6012693095597077,0.10151049087006099,0.612417779361928
ant-ivy,42,fp_heavy,0.15,none,332,464,265,0.11330875955410086,0.5593987131279408,0.07952669159799618,0.5933588243327186
ant-ivy,42,fp_heavy,0.2,none,332,514,241,0.08439107137524024,0.5422128636971625,0.06322386248308864,0.5736014643390952
ant-ivy,42,fp_heavy,0.25,none,332,568,223,0.06399256382767932,0.5347380501841628,0.07034951096496952,0.5857070347824868
ant-ivy,42,fp_heavy,0.3,none,332,604,198,0.05708259670263694,0.527855465485955,0.028346123411576406,0.5305597962781438
ant-ivy,42,mid,0.05,none,332,330,292,0.15378940994381796,0.579336720240955,0.1262920375467082,0.6379994040327864
ant-ivy,42,mid,0.1,none,332,351,257,0.16112128599044692,0.5833627928202194,0.10332324718467233,0.6092246181182143
ant-ivy,42,mid,0.15,none,332,355,216,0.11840418456200132,0.5508989880989734,0.08524544384658941,0.591459076381907
ant-ivy,42,mid,0.2,none,332,380,179,0.08343035695969916,0.5345911687438967,0.06021282386005403,0.5694356389254644
ant-ivy,42,mid,0.25,none,332,406,140,0.09509883945918983,0.5486878747074401,0.099062878605666,0.6211318239235589
ant-ivy,42,mid,0.3,none,332,431,106,0.06391433126004804,0.5258214821117434,0.0679000425201366,0.5811819761141711
ant-ivy,42,fn_heavy,0.05,none,332,283,265,0.16779190282083506,0.58436925792521,0.03517532184430032,0.51964722871661
ant-ivy,42,fn_heavy,0.1,none,332,234,198,0.14468890765870612,0.5582349772950416,0.1150155829163235,0.6338887446449639
ant-ivy,42,fn_heavy,0.15,none,332,205,136,0.12649365765736148,0.5538154568112025,0.15049965097220058,0.6794715714121152
ant-ivy,42,fn_heavy,0.2,none,332,159,68,0.07172756369089137,0.5138492460869392,0.10092771736785766,0.6124948335393487
ant-ivy,42,fn_heavy,0.25,none,332,114,10,-0.06116945849102001,0.4041041349410183,0.07259263875520047,0.5849402656233906
ant-ivy,42,fn_heavy,0.3,none,332,132,0,-0.020994083789072665,0.44176108848871265,-0.000641847482540656,0.48516821104945146
ant-ivy,77,symmetric,0.05,none,332,390,326,0.1874754065532427,0.6036816013018357,0.06228430230575377,0.5516832879256937
ant-ivy,77,symmetric,0.1,none,332,453,306,0.14487204294539457,0.5706057239278194,-0.04542227888449417,0.4142004447139411
ant-ivy,77,symmetric,0.15,none,332,511,286,0.0938749544957761,0.5378372155882147,-0.03765519302013019,0.41976040922915975
ant-ivy,77,symmetric,0.2,none,332,576,277,0.08273697522110791,0.538887978407732,0.004022704725972923,0.49904869331042667
ant-ivy,77,symmetric,0.25,none,332,629,258,0.029001118852437925,0.49767814149230455,0.05410514012719783,0.5655199223895847
ant-ivy,77,symmetric,0.3,none,332,672,241,0.041042371617093766,0.5111333836424373,-0.03344231885337219,0.4445473364035425
ant-ivy,77,fp_heavy,0.05,none,332,377,320,0.17536912919472145,0.5962433092911308,0.0914284129008471,0.5939816396779535
ant-ivy,77,fp_heavy,0.1,none,332,430,298,0.1339518969375898,0.5651217062498315,-0.0009216126963997182,0.4665327923563844
ant-ivy,77,fp_heavy,0.15,none,332,487,280,0.12524723864590812,0.5666774539533717,-0.032372508949622056,0.4307242494236017
ant-ivy,77,fp_heavy,0.2,none,332,539,257,0.030687606619352076,0.49712198679736536,-0.05273821301927015,0.4088846069931913
ant-ivy,77,fp_heavy,0.25,none,332,573,231,0.039931344980447266,0.5081826312128266,-0.03222519827675924,0.4442234715601044
ant-ivy,77,fp_heavy,0.3,none,332,622,209,0.013555449978216083,0.4866712466458104,-0.027582385276590654,0.44851102034788304
ant-ivy,77,mid,0.05,none,332,349,304,0.15818510731993057,0.5835818872670052,0.06954896632015678,0.5699552405651888
ant-ivy,77,mid,0.1,none,332,358,268,0.12304494227985133,0.5483290481384072,-0.009437591289048442,0.4388482732222573
ant-ivy,77,mid,0.15,none,332,385,227,0.07925176874266253,0.5275493035714419,-0.021779748449769792,0.45320540149894417
ant-ivy,77,mid,0.2,none,332,407,195,0.0845909870098739,0.5341878751847952,-0.002262096683986404,0.47517015362926796
ant-ivy,77,mid,0.25,none,332,432,161,0.027874646705643085,0.48762170430794416,-0.12497079428440559,0.2625669171418687
ant-ivy,77,mid,0.3,none,332,443,125,0.03513039082760493,0.49929417972286305,-0.09942602329347738,0.30735669092565354
ant-ivy,77,fn_heavy,0.05,none,332,300,280,0.19408353992434915,0.6044390037756655,0.08460360083839351,0.5874621169666762
ant-ivy,77,fn_heavy,0.1,none,332,253,209,0.1682662129467226,0.5868745759394389,0.08316409127527305,0.5893132266233873
ant-ivy,77,fn_heavy,0.15,none,332,220,153,0.13120160437311962,0.5644436671997273,0.011744879529039784,0.49184082638565924
ant-ivy,77,fn_heavy,0.2,none,332,172,85,0.06415130426077896,0.5077061956339223,0.014512010317386241,0.49182101679191526
ant-ivy,77,fn_heavy,0.25,none,332,133,12,-0.06539154811724734,0.4054517287552344,-0.05457267380034753,0.3932258743940505
ant-ivy,77,fn_heavy,0.3,none,332,152,0,-0.1098486213274269,0.36191905339001207,-0.020680969579305895,0.4515560609002358
ant-ivy,101,symmetric,0.05,none,332,379,315,0.16774763481030722,0.5810382598195687,-0.056156748121049524,0.3489203114272525
ant-ivy,101,symmetric,0.1,none,332,454,298,0.12903790590365863,0.5652913701612805,-0.009024968957593697,0.46217926088240086
ant-ivy,101,symmetric,0.15,none,332,514,285,0.10504767211209563,0.5504171309517358,-0.015552034387647394,0.4563385365901373
ant-ivy,101,symmetric,0.2,none,332,564,264,0.07515090725198043,0.5345241619069057,-0.010644870571498863,0.4680925221580584
ant-ivy,101,symmetric,0.25,none,332,604,241,0.06286056606564512,0.532430979475122,-0.011310676774981803,0.4750497710228881
ant-ivy,101,symmetric,0.3,none,332,642,217,0.04212628877838937,0.5168206695241272,-0.03767992499942294,0.4404196606642122
ant-ivy,101,fp_heavy,0.05,none,332,376,314,0.17402292029147576,0.5838555051021127,-0.0915248826933228,0.29784950267479005
ant-ivy,101,fp_heavy,0.1,none,332,436,288,0.13198413873509976,0.5682148268475238,-0.009656864297113798,0.4646911151318558
ant-ivy,101,fp_heavy,0.15,none,332,484,268,0.11070163121080408,0.5538587973119612,-0.013561072105784354,0.4664663415673781
ant-ivy,101,fp_heavy,0.2,none,332,519,239,0.06295840083456979,0.5298587387354686,-0.0086969980254005,0.4747123007519284
ant-ivy,101,fp_heavy,0.25,none,332,554,211,0.02862470430568431,0.503781666673583,-0.036318097578073825,0.43542736664944154
ant-ivy,101,fp_heavy,0.3,none,332,591,190,0.057223137387707936,0.5237571440388274,-0.04431760610531966,0.4282474059379464
ant-ivy,101,mid,0.05,none,332,337,294,0.16189880943450846,0.57309991100687,-0.09265692570680777,0.29957756732461976
ant-ivy,101,mid,0.1,none,332,360,257,0.11208255678128742,0.5522989416443701,-0.07449373622273198,0.34952411741577033
ant-ivy,101,mid,0.15,none,332,376,206,0.1298010633616802,0.5674190890711447,-0.0012427301534810747,0.4831111100682709
ant-ivy,101,mid,0.2,none,332,389,170,0.0421058048455136,0.5013762723531443,-0.03071484635602336,0.431821861945326
ant-ivy,101,mid,0.25,none,332,409,141,0.03388336450532335,0.5026153175806046,-0.023337366688844185,0.45412552950922735
ant-ivy,101,mid,0.3,none,332,420,105,-0.00866868144799154,0.4710726599907626,-0.04988866400524637,0.4197839706322948
ant-ivy,101,fn_heavy,0.05,none,332,282,268,0.1576329943365578,0.5732618173565769,0.060550539956181655,0.5621340912087476
ant-ivy,101,fn_heavy,0.1,none,332,227,190,0.12755719412242206,0.5504236223260474,-0.009965204287732116,0.46396702834685377
ant-ivy,101,fn_heavy,0.15,none,332,203,134,0.09384375152920636,0.5179232048132325,-0.11719834923298812,0.25019440382358255
ant-ivy,101,fn_heavy,0.2,none,332,173,75,0.022326233238991026,0.47444711294519465,-0.1068751271768202,0.30011800352164036
ant-ivy,101,fn_heavy,0.25,none,332,151,14,-0.05438394719571992,0.4051283885842458,-0.09239665309339586,0.3359982642406112
ant-ivy,101,fn_heavy,0.3,none,332,166,0,-0.07053946734141278,0.39345898502693427,-0.06361664493110238,0.3997508040325288
ant-ivy,123,symmetric,0.05,none,332,394,321,0.14498887760040757,0.5703904195533674,0.061706147669487316,0.5574884975918937
ant-ivy,123,symmetric,0.1,none,332,446,307,0.13898974004375012,0.5720505686506318,0.017312767194997296,0.49830245416318125
ant-ivy,123,symmetric,0.15,none,332,509,294,0.12730646440355287,0.563736856487973,-0.011332410915162891,0.4627642536749009
ant-ivy,123,symmetric,0.2,none,332,554,272,0.09756835105530376,0.5479169457403024,-0.005117928223229975,0.48023854108136654
ant-ivy,123,symmetric,0.25,none,332,613,250,0.10897625437489648,0.562825869299055,0.001645663126085755,0.494512298284343
ant-ivy,123,symmetric,0.3,none,332,676,232,0.1177464209133686,0.5669440205752787,-0.016191152895112672,0.4719753980512823
ant-ivy,123,fp_heavy,0.05,none,332,384,317,0.12401704984764737,0.5478033072569234,-0.027575013067914433,0.4232338601407285
ant-ivy,123,fp_heavy,0.1,none,332,433,301,0.14226858801323916,0.5683529198143629,-0.011202178115780436,0.4481761736700855
ant-ivy,123,fp_heavy,0.15,none,332,475,274,0.12398502199568816,0.5562003276812434,-0.02654937351806937,0.44270211362851275
ant-ivy,123,fp_heavy,0.2,none,332,518,250,0.12269885068453694,0.5647047301329869,-0.005101488600289093,0.4784755832047601
ant-ivy,123,fp_heavy,0.25,none,332,552,223,0.10184359298188558,0.5532757011596995,-0.014427152255528796,0.4702481501360305
ant-ivy,123,fp_heavy,0.3,none,332,620,206,0.0983194642069937,0.5560480098155146,0.012205867992129261,0.5093409454368522
ant-ivy,123,mid,0.05,none,332,357,303,0.14249246578047337,0.5623998567720232,0.01264197762584742,0.45540030012262367
ant-ivy,123,mid,0.1,none,332,358,263,0.11989044312720532,0.5516413333618946,0.07159352315160587,0.5788130159980643
ant-ivy,123,mid,0.15,none,332,365,220,0.09277241057895906,0.5267355614489249,-0.01603738719669536,0.4512557766563203
ant-ivy,123,mid,0.2,none,332,387,180,0.08261716813799413,0.529642387566295,-0.011897601487202512,0.4709015493763632
ant-ivy,123,mid,0.25,none,332,393,140,0.055362811013933866,0.5070384293545425,-0.11866439683936848,0.26579741473520374
ant-ivy,123,mid,0.3,none,332,392,90,0.03718761096292938,0.4973601512336946,-0.033238230223001465,0.44273944038157936
ant-ivy,123,fn_heavy,0.05,none,332,301,274,0.1744046205070238,0.5885933640624471,0.028656605417457095,0.49261871317301736
ant-ivy,123,fn_heavy,0.1,none,332,261,207,0.1446923844583588,0.5618281031973928,0.1303447692671363,0.6286970808085811
ant-ivy,123,fn_heavy,0.15,none,332,204,130,0.08333468895698251,0.5123923694738509,0.031689395183850416,0.5246399714713136
ant-ivy,123,fn_heavy,0.2,none,332,157,65,0.08535222232594669,0.5159057084230451,0.04965041823299127,0.547500857813942
ant-ivy,123,fn_heavy,0.25,none,332,135,14,-0.03453413910649707,0.41994029510540853,0.05099854074614455,0.552291163437668
ant-ivy,123,fn_heavy,0.3,none,332,142,0,-0.05708220361780685,0.40024277424351634,0.05048271081298581,0.5579377325031257
ant-ivy,202,symmetric,0.05,none,332,390,321,0.16061202058237323,0.5822745593997934,0.09104542065554551,0.5774338187698419
ant-ivy,202,symmetric,0.1,none,332,439,304,0.14147700048586806,0.5720919515562162,0.06779700835900519,0.5761345371181364
ant-ivy,202,symmetric,0.15,none,332,491,281,0.13791404061300877,0.5832654131991039,0.1068174853644971,0.6301608161171507
ant-ivy,202,symmetric,0.2,none,332,538,265,0.10157452387874163,0.5478313365624282,-0.07639467144940186,0.36503924219058276
ant-ivy,202,symmetric,0.25,none,332,606,253,0.07737933998884865,0.5414695083378538,-0.023675024413366247,0.4483307877637572
ant-ivy,202,symmetric,0.3,none,332,670,235,0.040362914327918525,0.5129452678976167,-0.05374619860997611,0.41475733134920534
ant-ivy,202,fp_heavy,0.05,none,332,388,320,0.18147499646753482,0.6008095225953783,0.08967908531648701,0.5808104040495402
ant-ivy,202,fp_heavy,0.1,none,332,409,291,0.15227290265487217,0.577813473441906,0.16571832608267056,0.6918679119880808
ant-ivy,202,fp_heavy,0.15,none,332,465,268,0.12418318946354366,0.5636514692380173,-0.06834929910895518,0.38043554984447353
ant-ivy,202,fp_heavy,0.2,none,332,507,251,0.10723613709517446,0.5562655957620041,-0.014571276016654401,0.46769012017434897
ant-ivy,202,fp_heavy,0.25,none,332,559,230,0.07869485478850181,0.5367000482225763,-0.07171275366314932,0.3580829463942607
ant-ivy,202,fp_heavy,0.3,none,332,607,215,0.03268056333121103,0.5097784108831968,-0.07492580816621972,0.37493209161372215
ant-ivy,202,mid,0.05,none,332,358,302,0.17024741718954778,0.588641127573162,0.1025332924905594,0.5897557916232534
ant-ivy,202,mid,0.1,none,332,358,258,0.1415341752234789,0.5734965035350178,0.10703316285477624,0.6180461195889394
ant-ivy,202,mid,0.15,none,332,375,228,0.11920618857596163,0.5582919252797209,0.053646192850463945,0.5564370062687778
ant-ivy,202,mid,0.2,none,332,398,193,0.10244085947885478,0.5550112077088633,0.10834027658010788,0.6321082459588219
ant-ivy,202,mid,0.25,none,332,406,161,0.06578550629904009,0.5195630149748258,0.029780750396608723,0.5307995115928601
ant-ivy,202,mid,0.3,none,332,417,116,0.057084350494101446,0.51761479258297,0.05130781087019182,0.5559478120169425
ant-ivy,202,fn_heavy,0.05,none,332,291,268,0.15818585544952013,0.5770769327330334,0.04765661401372313,0.5245683858018294
ant-ivy,202,fn_heavy,0.1,none,332,268,215,0.10527258555766904,0.529146259005999,0.037833923294290674,0.4968407754526302
ant-ivy,202,fn_heavy,0.15,none,332,224,151,0.1122058307294396,0.5452793450637673,0.07964081091822588,0.5874184291402986
ant-ivy,202,fn_heavy,0.2,none,332,176,78,0.06243749257606346,0.5095938723394515,0.05480465083384126,0.5522385411682773
ant-ivy,202,fn_heavy,0.25,none,332,126,11,-0.021371226898381706,0.43440941756695844,-0.01807524203206058,0.4416488371955383
ant-ivy,202,fn_heavy,0.3,none,332,143,0,-0.04119176431434618,0.42198359356344367,0.11874893130971013,0.6423225765301127
ant-ivy,314,symmetric,0.05,none,332,406,321,0.13202133369611496,0.5660138202750833,-0.0660369830971254,0.33964073014899454
ant-ivy,314,symmetric,0.1,none,332,453,302,0.13144952026538095,0.5705539032294048,-0.0454847997725978,0.4089161991804869
ant-ivy,314,symmetric,0.15,none,332,508,289,0.09669753604459903,0.5413337141578498,-0.08195262843201039,0.34996886374136094
ant-ivy,314,symmetric,0.2,none,332,575,272,0.11169810183258058,0.5504237662384618,-0.051548844211267375,0.4099449504141723
ant-ivy,314,symmetric,0.25,none,332,625,254,0.06902720948374026,0.5251705716778092,-0.10694097689831486,0.29656301057820667
ant-ivy,314,symmetric,0.3,none,332,694,239,0.02449040691244456,0.4950231593071907,-0.1295624788843282,0.2654372610618017
ant-ivy,314,fp_heavy,0.05,none,332,395,316,0.1330604461485897,0.5632416674955589,-0.01644347471024954,0.44471552842285006
ant-ivy,314,fp_heavy,0.1,none,332,439,295,0.14392244868675375,0.5736800600042481,-0.09290712672526058,0.31451491082046923
ant-ivy,314,fp_heavy,0.15,none,332,479,274,0.1298668469215068,0.5597959868191936,-0.07409762997879785,0.3563117616643885
ant-ivy,314,fp_heavy,0.2,none,332,529,253,0.11534886544149728,0.556925994566001,0.05494608114071664,0.5581513436847348
ant-ivy,314,fp_heavy,0.25,none,332,585,234,0.06118783884034266,0.525652231160288,-0.04064083898919131,0.42722983770567213
ant-ivy,314,fp_heavy,0.3,none,332,636,212,0.02096541350781805,0.5008046002471925,-0.0680567350071487,0.393945776883651
ant-ivy,314,mid,0.05,none,332,361,299,0.12905378830008074,0.5556452732665196,-0.07102299502447659,0.3135314400035323
ant-ivy,314,mid,0.1,none,332,378,260,0.11701877403014954,0.5510711202786951,-0.10058927977298834,0.3133962214795909
ant-ivy,314,mid,0.15,none,332,394,231,0.12993803254631706,0.5626556257966898,-0.07961010007975045,0.3469872360799988
ant-ivy,314,mid,0.2,none,332,413,202,0.09355872570099309,0.5308692653434214,-0.11060310063404345,0.2702290437490713
ant-ivy,314,mid,0.25,none,332,426,165,0.07404224925001497,0.5286847814680906,-0.005417117208545123,0.4767313879771056
ant-ivy,314,mid,0.3,none,332,447,126,0.015850911081772452,0.4900978607900254,-0.07337807618224523,0.3639659867815052
ant-ivy,314,fn_heavy,0.05,none,332,309,275,0.1763188386200607,0.5896626579168583,0.11233226180256263,0.6123572118341164
ant-ivy,314,fn_heavy,0.1,none,332,272,212,0.15124390740996776,0.5721352687370778,0.006143672743535784,0.47186884248743366
ant-ivy,314,fn_heavy,0.15,none,332,246,157,0.06561250618586993,0.506264378331588,-0.12005271818747362,0.26974202179175055
ant-ivy,314,fn_heavy,0.2,none,332,202,87,0.07551025329156046,0.509621648743465,-0.11852203177199926,0.28938467696874487
ant-ivy,314,fn_heavy,0.25,none,332,159,22,-0.020482414365391034,0.4184561629750046,-0.09170576725468596,0.33512845685490594
ant-ivy,314,fn_heavy,0.3,none,332,160,0,-0.10772221838919772,0.3526761750808616,-0.11279204859354938,0.23857831472502872
ant-ivy,999,symmetric,0.05,none,332,385,319,0.16545249225249428,0.5924418501328486,0.07049433582556579,0.5681890856886205
ant-ivy,999,symmetric,0.1,none,332,444,303,0.1273307937021997,0.5628333089608031,-0.0032747781534617315,0.46890132726449385
ant-ivy,999,symmetric,0.15,none,332,492,277,0.12058121215896106,0.5629589678001629,0.012506038626499204,0.5026433409054393
ant-ivy,999,symmetric,0.2,none,332,551,265,0.05035468811409902,0.5259827808985739,0.0795608950319189,0.5978443234358737
ant-ivy,999,symmetric,0.25,none,332,603,254,0.06683319176319685,0.5391991360769505,0.08942164831447554,0.6091016603014724
ant-ivy,999,symmetric,0.3,none,332,674,233,0.07160118456745837,0.5381959009445201,0.06336780983843349,0.5770157478140197
ant-ivy,999,fp_heavy,0.05,none,332,377,314,0.1739466998379578,0.5946808020411395,0.04796676458321431,0.5479781408364435
ant-ivy,999,fp_heavy,0.1,none,332,424,289,0.113378559259798,0.5523664091300275,-0.018853802395664213,0.44458751698489996
ant-ivy,999,fp_heavy,0.15,none,332,466,266,0.11750615537818639,0.5638410912550288,0.020227791912826053,0.5108242122130601
ant-ivy,999,fp_heavy,0.2,none,332,514,252,0.07956171725689254,0.5428976088848799,0.02946422125638682,0.5306636843423278
ant-ivy,999,fp_heavy,0.25,none,332,555,225,0.08889851955477074,0.555104633869234,0.11460174413856332,0.6388767177344311
ant-ivy,999,fp_heavy,0.3,none,332,611,203,0.06620633780889064,0.5370660735850117,0.08954572129867631,0.6098320121288973
ant-ivy,999,mid,0.05,none,332,347,295,0.1951968451143904,0.6092045609872486,0.0369724199975516,0.5385581620101305
ant-ivy,999,mid,0.1,none,332,359,260,0.11554452361374248,0.5460100880846636,-0.04764920827433028,0.4105328411620199
ant-ivy,999,mid,0.15,none,332,367,220,0.08850939881373066,0.5315064170841235,-0.02934992778837407,0.4260268895803703
ant-ivy,999,mid,0.2,none,332,384,182,0.05805025925903445,0.5160598807458044,-0.019210315834371015,0.4497547534385439
ant-ivy,999,mid,0.25,none,332,402,148,0.038281878122618705,0.5096295315581452,0.01952727674258986,0.5167173583629243
ant-ivy,999,mid,0.3,none,332,405,105,0.011855853981664947,0.49433642199555705,0.02364862235675431,0.5248540379935708
ant-ivy,999,fn_heavy,0.05,none,332,290,266,0.16541082009393282,0.5779654558179864,-0.0241186770655721,0.43410055096280065
ant-ivy,999,fn_heavy,0.1,none,332,253,203,0.15264243799248894,0.5767800575048957,0.02136508842152035,0.5221304333568682
ant-ivy,999,fn_heavy,0.15,none,332,215,146,0.13975624375554188,0.5680722103014016,0.012221860349679666,0.5086807827392875
ant-ivy,999,fn_heavy,0.2,none,332,161,64,0.008338251556688275,0.4671619222053642,-0.058406365183636025,0.3766406144296473
ant-ivy,999,fn_heavy,0.25,none,332,137,11,-0.04122097630600044,0.4215795865211324,-0.08729576703014175,0.35318998589547224
ant-ivy,999,fn_heavy,0.3,none,332,144,0,-0.056260201683278555,0.41983571724893803,0.003395983833417953,0.4977724581752009
commons-bcel,7,symmetric,0.05,none,60,96,59,0.0777028750413771,0.5336930830491328,0.03117867688403279,0.49963841299774187
commons-bcel,7,symmetric,0.1,none,60,128,56,0.04239733316223335,0.5122194370331493,-0.05120562470953847,0.4274692945542435
commons-bcel,7,symmetric,0.15,none,60,165,52,0.050035975498286485,0.5185017729898315,-0.08741860660561362,0.3655251376620197
commons-bcel,7,symmetric,0.2,none,60,209,49,0.03127973087718069,0.509915176186528,0.03988236242442362,0.5373823207736194
commons-bcel,7,symmetric,0.25,none,60,234,45,0.029540661483260535,0.5004413571411289,0.061845614180299914,0.5630023024501737
commons-bcel,7,symmetric,0.3,none,60,266,42,0.02621971020091212,0.5025181449312695,0.07573209298346885,0.5777891944144757
commons-bcel,7,fp_heavy,0.05,none,60,95,59,0.08835170850000747,0.5469811910565626,0.05548649242634199,0.5248587567879386
commons-bcel,7,fp_heavy,0.1,none,60,127,55,0.05179580227093326,0.5215323694095099,0.09066098082376545,0.59251435849495
commons-bcel,7,fp_heavy,0.15,none,60,161,49,0.0360336480723414,0.5021888898036998,-0.05346346545835892,0.4233812021471078
commons-bcel,7,fp_heavy,0.2,none,60,196,43,0.01662729177416492,0.48202200682882884,0.002115232812342026,0.49160915178758513
commons-bcel,7,fp_heavy,0.25,none,60,221,39,0.01177474936371215,0.4774896243716885,0.029127241562286642,0.5213323317260468
commons-bcel,7,fp_heavy,0.3,none,60,259,39,-0.02429529781595565,0.43838029936219486,0.018892931865277036,0.5131671797746534
commons-bcel,7,mid,0.05,none,60,88,55,0.03556322178147978,0.492159616563577,0.016600317806225107,0.48896050159392035
commons-bcel,7,mid,0.1,none,60,108,42,0.028546997613434048,0.4867145157276142,-0.05336611943224989,0.4253638991259558
commons-bcel,7,mid,0.15,none,60,132,39,0.031123704537884767,0.48876029851900793,0.08703624324871675,0.589268770134214
commons-bcel,7,mid,0.2,none,60,165,33,-0.03828715277502859,0.407846403639391,-0.020028893975659892,0.4658148210540141
commons-bcel,7,mid,0.25,none,60,200,24,-0.025228093212622857,0.4332331886887273,0.07548317241386696,0.575375588382031
commons-bcel,7,mid,0.3,none,60,212,15,-0.047474768782380675,0.4123735127311293,0.05783402110999097,0.5522905903816879
commons-bcel,7,fn_heavy,0.05,none,60,56,39,0.08053578691953607,0.5232320512175925,0.14682377585357,0.6300255628181618
commons-bcel,7,fn_heavy,0.1,none,60,70,28,0.06509166644911155,0.5190771601654165,0.0880371538471428,0.584530586809882
commons-bcel,7,fn_heavy,0.15,none,60,67,1,-0.014564694714305043,0.41867722077858877,-0.10345037775973173,0.2990847145747114
commons-bcel,7,fn_heavy,0.2,none,60,81,0,-8.263108809365885e-05,0.44493906222887836,-0.10853844142764284,0.3248656876058644
commons-bcel,7,fn_heavy,0.25,none,60,110,0,-0.05619011327798821,0.3703511778767714,-0.060187680980347526,0.40953329197809835
commons-bcel,7,fn_heavy,0.3,none,60,132,0,-0.04465332617497266,0.3887313188896342,-0.015866850219088367,0.47511382253544204
commons-bcel,13,symmetric,0.05,none,60,96,55,0.07006960542186366,0.5249843759048715,-0.0560750876866938,0.3991387177748721
commons-bcel,13,symmetric,0.1,none,60,127,51,0.027068144201330763,0.49124364424796596,-0.02363921299511057,0.452400729735044
commons-bcel,13,symmetric,0.15,none,60,162,49,-0.0013964305419599664,0.46630662190375805,-0.10675571500919356,0.3362015857017948
commons-bcel,13,symmetric,0.2,none,60,185,43,0.026220829585877535,0.5018091309260363,-0.02955721579720739,0.450305776036753
commons-bcel,13,symmetric,0.25,none,60,209,39,-0.01929390290155571,0.45219642386297615,-0.020519802836047908,0.463804257100816
commons-bcel,13,symmetric,0.3,none,60,252,35,-0.014275817729089198,0.4457161254995108,0.03128098509882561,0.5231023591762909
commons-bcel,13,fp_heavy,0.05,none,60,93,53,0.06344759791886902,0.5167887939749176,-0.028029020090921536,0.440436448834069
commons-bcel,13,fp_heavy,0.1,none,60,122,49,-0.02003062237128334,0.4259563738671834,-0.03591647543480582,0.4344616870708407
commons-bcel,13,fp_heavy,0.15,none,60,155,43,0.06021425358322737,0.5301805926735843,-0.036543892696224996,0.44262836028414865
commons-bcel,13,fp_heavy,0.2,none,60,179,37,-0.06257846013904549,0.37012895902014875,-0.08819054181607423,0.34596735558403674
commons-bcel,13,fp_heavy,0.25,none,60,199,35,-0.027483228550319472,0.42763514704050165,0.02816660181544406,0.5236890512097115
commons-bcel,13,fp_heavy,0.3,none,60,240,28,-0.004235642598396126,0.45283978444262935,-0.020034701847648998,0.45324710382120975
commons-bcel,13,mid,0.05,none,60,86,49,0.06065629487452046,0.5134890425671147,-0.05065230829990272,0.4207983300946508
commons-bcel,13,mid,0.1,none,60,101,37,0.010615150982098002,0.45201301730553495,0.03210394867005827,0.5210627109265711
commons-bcel,13,mid,0.15,none,60,133,28,-0.011415456305214105,0.4374613629906437,0.06810704238819675,0.5617262349234857
commons-bcel,13,mid,0.2,none,60,149,23,-0.017834891701832084,0.4186807649838972,-0.019242068676032394,0.462005995278427
commons-bcel,13,mid,0.25,none,60,171,18,-0.030062767259133195,0.40633511138474837,-0.11722871621171935,0.2842430818750167
commons-bcel,13,mid,0.3,none,60,195,9,-0.028429681755230744,0.40309977216576554,-0.030617387064868513,0.44684451434753075
commons-bcel,13,fn_heavy,0.05,none,60,58,35,0.062137039447653156,0.49716900803416464,0.12670398516727974,0.6183229529864539
commons-bcel,13,fn_heavy,0.1,none,60,65,19,0.017038454347275588,0.43158794395347383,0.010324100170422576,0.4788688662411336
commons-bcel,13,fn_heavy,0.15,none,60,67,3,-0.019823079336462587,0.38043448298788474,0.03431543572290741,0.5173908507298236
commons-bcel,13,fn_heavy,0.2,none,60,90,0,-0.07273602686439827,0.3126677326092175,0.02504257350077905,0.5207029412616635
commons-bcel,13,fn_heavy,0.25,none,60,111,0,-0.02731078991684951,0.3934871335137544,-0.03126607987700348,0.42755669866625917
commons-bcel,13,fn_heavy,0.3,none,60,126,0,-0.028685706223645684,0.39749279447139463,-0.09343621645397963,0.337854306359469
commons-bcel,21,symmetric,0.05,none,60,100,55,0.14316373224093662,0.6025942084354415,0.06956811365621088,0.556389385710973
commons-bcel,21,symmetric,0.1,none,60,130,53,0.03130809454186174,0.4889888637029842,0.14248386047768788,0.6480766418886468
commons-bcel,21,symmetric,0.15,none,60,158,50,0.021483047932061763,0.4787181145486913,-0.0433464760418592,0.42329800234068665
commons-bcel,21,symmetric,0.2,none,60,182,46,0.031291170182452394,0.4992314742600115,0.10805097776032983,0.6134192775040835
commons-bcel,21,symmetric,0.25,none,60,222,45,0.06818358008016033,0.5415572217390688,0.08218265096842402,0.5862965854823949
commons-bcel,21,symmetric,0.3,none,60,273,43,-0.004355577507713097,0.47138939620760195,0.052505581855807025,0.5549383083837856
commons-bcel,21,fp_heavy,0.05,none,60,99,54,0.1332822342084825,0.5939968885461531,0.11186107665896655,0.6153532992436647
commons-bcel,21,fp_heavy,0.1,none,60,126,52,0.0029035604558263137,0.4541822232269451,0.11642759120208886,0.619627173092339
commons-bcel,21,fp_heavy,0.15,none,60,151,46,0.004098570276477753,0.46642326797249745,0.13215087604411005,0.6358911028112049
commons-bcel,21,fp_heavy,0.2,none,60,175,45,-0.007300046733316107,0.45161574480259564,0.10839283430838371,0.6120677537917545
commons-bcel,21,fp_heavy,0.25,none,60,214,41,0.03635143722224328,0.5108906756689868,0.06622788264020948,0.5689614530927727
commons-bcel,21,fp_heavy,0.3,none,60,255,32,0.044074792371358605,0.5190346381281784,0.057150388593864,0.5591414260986644
commons-bcel,21,mid,0.05,none,60,91,51,0.09449165825796592,0.5424070456697467,0.18103806083554355,0.6770979812450175
commons-bcel,21,mid,0.1,none,60,113,45,0.052500468879715316,0.5105822517809577,0.16262133310758767,0.6671517546348248
commons-bcel,21,mid,0.15,none,60,127,32,-0.008486928637828212,0.4463797805350867,0.07972045663300852,0.5761194248095679
commons-bcel,21,mid,0.2,none,60,150,28,-0.053661473140682016,0.390728306806386,0.02604876616647045,0.518127902862776
commons-bcel,21,mid,0.25,none,60,176,24,0.013053706862380785,0.48134622450487347,0.07049428730725325,0.571539429843782
commons-bcel,21,mid,0.3,none,60,200,12,0.03387060365042891,0.4978673941650567,0.02825403968391614,0.5188325478508801
commons-bcel,21,fn_heavy,0.05,none,60,72,43,0.015208089278310901,0.436950562302286,0.10645517419179415,0.6045945258126895
commons-bcel,21,fn_heavy,0.1,none,60,74,24,0.1477388544127444,0.594227094660064,0.1373185956877498,0.6296961377521111
commons-bcel,21,fn_heavy,0.15,none,60,69,1,0.06372169180351074,0.5150383727335024,-0.0816234605589356,0.37130910730692246
commons-bcel,21,fn_heavy,0.2,none,60,88,0,0.039064579390977905,0.4783923380955814,-0.031369148092768105,0.42944298605068204
commons-bcel,21,fn_heavy,0.25,none,60,103,0,-0.020052279762289106,0.41142245466245836,-0.10135888344885348,0.32047156331948745
commons-bcel,21,fn_heavy,0.3,none,60,122,0,-0.04530444806721689,0.3758119038527558,-0.0705622645533445,0.3916393486027401
commons-bcel,42,symmetric,0.05,none,60,101,57,0.0904824010251068,0.5541233150601834,0.07424952966842803,0.5692789314632428
commons-bcel,42,symmetric,0.1,none,60,127,52,0.07985432343333683,0.5495607728994298,0.006304476036883095,0.49096385093840883
commons-bcel,42,symmetric,0.15,none,60,177,47,0.05857626034503429,0.5334614526782767,0.1223456365057093,0.6250281099029441
commons-bcel,42,symmetric,0.2,none,60,212,44,-0.0046232503548094255,0.4754880111251643,0.0498342015366028,0.5472806726010498
commons-bcel,42,symmetric,0.25,none,60,246,44,-0.002730688732107212,0.4731272137185628,0.06526887731572029,0.5681645438453056
commons-bcel,42,symmetric,0.3,none,60,275,41,0.018998607711110373,0.5048918600978939,0.045217322706887636,0.547372248342064
commons-bcel,42,fp_heavy,0.05,none,60,99,57,0.07169222298828737,0.5299669801269495,-0.008580030192430758,0.4656335889006224
commons-bcel,42,fp_heavy,0.1,none,60,123,49,0.0583671595015525,0.5284187566153777,0.0019155329590360298,0.4869504017670668
commons-bcel,42,fp_heavy,0.15,none,60,172,44,0.03480452624383377,0.5072820941133079,0.02036383359573306,0.5104436667958788
commons-bcel,42,fp_heavy,0.2,none,60,209,44,-0.005479115884465789,0.4687672059443038,0.01164507789879471,0.5055728669194679
commons-bcel,42,fp_heavy,0.25,none,60,237,39,0.03669553292842677,0.5157860886303468,0.021114289328824098,0.5205443339996232
commons-bcel,42,fp_heavy,0.3,none,60,264,36,0.007840497242465726,0.4919100628658464,0.06827763695181832,0.5721811937200132
commons-bcel,42,mid,0.05,none,60,85,49,0.09551896898555977,0.5552762345911372,0.130064520290319,0.6345040360648494
commons-bcel,42,mid,0.1,none,60,111,44,0.07494315080709588,0.5461540497515411,-0.033492642694003094,0.43897898227558596
commons-bcel,42,mid,0.15,none,60,145,36,0.06099679720833263,0.5285193422500878,0.09032116950549526,0.5889511594112383
commons-bcel,42,mid,0.2,none,60,177,25,0.003906264691126501,0.470702786437172,0.042723896894115716,0.540526247820723
commons-bcel,42,mid,0.25,none,60,194,18,0.00078478144723581,0.4745130807594102,-0.009760099586811318,0.47347421804018913
commons-bcel,42,mid,0.3,none,60,215,10,0.015232050751558764,0.4788932360117495,0.0692123285773822,0.5716074887899267
commons-bcel,42,fn_heavy,0.05,none,60,62,40,0.04747881701372533,0.49880027428945073,-0.06621776433683539,0.397065013663211
commons-bcel,42,fn_heavy,0.1,none,60,73,20,0.049963459451179096,0.5034983407484744,0.16104265954107527,0.6665073050405035
commons-bcel,42,fn_heavy,0.15,none,60,69,2,0.08772337535914637,0.5371884453411632,0.09040060828635603,0.5837705283046393
commons-bcel,42,fn_heavy,0.2,none,60,93,0,-0.021712944068139478,0.40408524157999487,0.012565694358013866,0.47081760923479304
commons-bcel,42,fn_heavy,0.25,none,60,127,0,-0.008969246083774921,0.44051697291949593,0.08307976532091672,0.5808923965966881
commons-bcel,42,fn_heavy,0.3,none,60,152,0,-0.04608141152954149,0.3974339577235743,-0.01588674166455496,0.46085130543252234
commons-bcel,77,symmetric,0.05,none,60,93,59,0.10394183529165014,0.5727954413684888,0.17327307489518093,0.6783389745260074
commons-bcel,77,symmetric,0.1,none,60,136,54,0.06678310927630865,0.540534898441362,0.16934390272005762,0.6732008212924532
commons-bcel,77,symmetric,0.15,none,60,173,51,0.036709975188802965,0.510824118727802,0.04025119864433336,0.5374637518234252
commons-bcel,77,symmetric,0.2,none,60,202,49,0.03999764441608654,0.5208408978712381,0.030782453572808274,0.5259121454035977
commons-bcel,77,symmetric,0.25,none,60,240,48,0.08869680201465137,0.5735292253422679,0.06991429666847708,0.5666858054315618
commons-bcel,77,symmetric,0.3,none,60,272,44,0.0009964023897967378,0.4757245238768939,-0.039583294322056345,0.43736474376340134
commons-bcel,77,fp_heavy,0.05,none,60,89,57,0.10071135667433558,0.5693539219293275,0.12533022279768552,0.6309017243306483
commons-bcel,77,fp_heavy,0.1,none,60,132,52,0.05622968367891109,0.5277426755844933,0.08915973580023308,0.5931394026658168
commons-bcel,77,fp_heavy,0.15,none,60,169,49,0.07445221310589405,0.5546068728822215,0.12375657523740109,0.6270688106649946
commons-bcel,77,fp_heavy,0.2,none,60,196,47,0.03160687122283961,0.5120136068178364,0.028664367141754014,0.5190260144175689
commons-bcel,77,fp_heavy,0.25,none,60,222,37,0.01370784328720281,0.49357178647076155,-0.004310100368961687,0.4878158947639566
commons-bcel,77,fp_heavy,0.3,none,60,258,32,-0.010448018927202509,0.4622148801548021,-0.10340558826385218,0.3357304085136575
commons-bcel,77,mid,0.05,none,60,80,52,0.12084635200397521,0.585057192884582,0.10086180815634686,0.6029570503560256
commons-bcel,77,mid,0.1,none,60,115,46,0.06525260112144951,0.5337651716289331,0.017528734687979258,0.5158268841702002
commons-bcel,77,mid,0.15,none,60,136,32,-0.01673830442528096,0.4196891897888025,0.028084879340877347,0.5229711308517433
commons-bcel,77,mid,0.2,none,60,159,25,-0.024457177761186746,0.41620237150132006,-0.07434928362886138,0.3806366655131413
commons-bcel,77,mid,0.25,none,60,187,17,-0.006788402357308546,0.44023468390418175,0.013025272545067142,0.5013342858248178
commons-bcel,77,mid,0.3,none,60,213,11,0.03166553032034177,0.5140512224760744,0.06343104253901065,0.5624476653184937
commons-bcel,77,fn_heavy,0.05,none,60,62,41,0.041867188506499245,0.4935099959486087,0.1236706961178688,0.6220619761876393
commons-bcel,77,fn_heavy,0.1,none,60,59,18,0.029894950782252728,0.4563940060072916,0.02330212859008621,0.5231927323298685
commons-bcel,77,fn_heavy,0.15,none,60,71,2,-0.02934072558893625,0.3607528960336689,-0.06070409906182314,0.4225069198965811
commons-bcel,77,fn_heavy,0.2,none,60,93,0,-0.018276477696912097,0.39236759959065626,-0.05450690535179685,0.39564858571116174
commons-bcel,77,fn_heavy,0.25,none,60,119,0,-0.012125826423389885,0.4152919506164992,0.029481500300595386,0.520586863270119
commons-bcel,77,fn_heavy,0.3,none,60,134,0,-0.025878580935140314,0.40002644571485096,-0.03826082990122069,0.436885059727198
commons-bcel,101,symmetric,0.05,none,60,92,57,0.06344016449640939,0.5328264919438108,0.14055539342860815,0.644183218701712
commons-bcel,101,symmetric,0.1,none,60,141,54,0.03827161285877282,0.5125353061737762,0.015116283392521562,0.5104556243439256
commons-bcel,101,symmetric,0.15,none,60,169,50,0.030318880594168412,0.5034275124233767,0.03437092716951255,0.523442664638884
commons-bcel,101,symmetric,0.2,none,60,208,47,-0.00631294345091486,0.4661147091083503,0.00951498386153829,0.5035223593221475
commons-bcel,101,symmetric,0.25,none,60,242,45,0.005424440361149636,0.4824300266282019,-0.04424590615216986,0.4434627876614928
commons-bcel,101,symmetric,0.3,none,60,274,42,0.015819648603235086,0.498146866914153,-0.02744360196017887,0.46564673678936697
commons-bcel,101,fp_heavy,0.05,none,60,91,56,0.06366312295106884,0.5329964622070407,0.13888277794113124,0.6427170743667723
commons-bcel,101,fp_heavy,0.1,none,60,135,51,0.026751504565435645,0.4940951105097699,0.10503494471456663,0.6098979628410567
commons-bcel,101,fp_heavy,0.15,none,60,165,47,0.036960164877471155,0.5123535184204229,0.036777627621402915,0.5287192004785795
commons-bcel,101,fp_heavy,0.2,none,60,202,45,0.06361951590878206,0.5446056033960778,0.034005215652223995,0.5320228454944762
commons-bcel,101,fp_heavy,0.25,none,60,229,41,0.012942462376921045,0.4843004345707696,0.01753951637474477,0.5170200456931152
commons-bcel,101,fp_heavy,0.3,none,60,260,35,0.04370537930892107,0.5295947112946341,-0.030847082825660174,0.4620392263939038
commons-bcel,101,mid,0.05,none,60,83,51,0.06597002151034197,0.5350239877351041,0.14130342784235872,0.6457222640989696
commons-bcel,101,mid,0.1,none,60,117,45,0.07555501556899649,0.5454190031032697,0.1411126048109548,0.6423758658187849
commons-bcel,101,mid,0.15,none,60,144,35,0.015479776381989227,0.488150384485295,0.07323314023254547,0.5746458722590292
commons-bcel,101,mid,0.2,none,60,166,28,0.0021636807462452447,0.47577813897316307,-0.011993261560363322,0.46554503480704584
commons-bcel,101,mid,0.25,none,60,194,23,-0.01904675569741322,0.4186637743984519,-0.09224509677823776,0.3590119945305711
commons-bcel,101,mid,0.3,none,60,221,15,-0.022628174341134608,0.4412186955568526,-0.104633652174907,0.3606240683202489
commons-bcel,101,fn_heavy,0.05,none,60,55,41,0.08388554158911989,0.5418314931632683,0.1054714609620701,0.5993169895917572
commons-bcel,101,fn_heavy,0.1,none,60,68,25,0.05031220238027683,0.4958391412546029,0.08306436111747452,0.5825356258978389
commons-bcel,101,fn_heavy,0.15,none,60,76,4,-0.026780364164188795,0.3832484362042061,0.08361498150869316,0.5784378543331288
commons-bcel,101,fn_heavy,0.2,none,60,97,0,-0.04221812653822991,0.35460786280600565,0.14196217339134062,0.6455676703390089
commons-bcel,101,fn_heavy,0.25,none,60,118,0,-0.07670925943205614,0.3120170069681722,-0.07955052587653763,0.3813628240104413
commons-bcel,101,fn_heavy,0.3,none,60,138,0,-0.0777525069492361,0.32627023258681503,-0.06585837730408577,0.3859521496275382
commons-bcel,123,symmetric,0.05,none,60,88,56,0.1465889998193119,0.6035680246844178,0.18017301177926362,0.675943444841199
commons-bcel,123,symmetric,0.1,none,60,125,55,0.08100485540548613,0.5536322583758263,0.09218432793755513,0.5909703910150108
commons-bcel,123,symmetric,0.15,none,60,161,53,0.12190256466340632,0.6015768638768314,0.15287829850406665,0.6561298875877276
commons-bcel,123,symmetric,0.2,none,60,191,49,0.06958209441174747,0.5405186453534498,0.06119169100465631,0.5606186138457968
commons-bcel,123,symmetric,0.25,none,60,239,48,0.04508387461587895,0.5317687252353299,-0.0013972221654428773,0.4873431649471943
commons-bcel,123,symmetric,0.3,none,60,271,44,-0.010222432018952806,0.4697110533063433,-0.043101447204174276,0.43950038110513684
commons-bcel,123,fp_heavy,0.05,none,60,88,56,0.1465889998193119,0.6035680246844178,0.18017301177926362,0.675943444841199
commons-bcel,123,fp_heavy,0.1,none,60,121,54,0.0755753382456227,0.5457791706278959,0.11218794562132631,0.6121449091109488
commons-bcel,123,fp_heavy,0.15,none,60,154,49,0.06919112984825235,0.5348636774795141,0.09640233453336641,0.5967516525755814
commons-bcel,123,fp_heavy,0.2,none,60,189,48,0.06983699972794565,0.5410542474109263,0.11755073331012088,0.6230686237647085
commons-bcel,123,fp_heavy,0.25,none,60,227,44,0.043360298582839955,0.5279944843242885,0.07194549450926867,0.5733654411346362
commons-bcel,123,fp_heavy,0.3,none,60,260,40,0.034956391602006656,0.5209192553066775,-0.06622620424361401,0.4034766161837105
commons-bcel,123,mid,0.05,none,60,85,54,0.1429193632233424,0.6017215309552381,0.17536283056677804,0.6757373857059984
commons-bcel,123,mid,0.1,none,60,105,48,0.06505629691108168,0.5239098392162501,0.0739139557095162,0.5751979306900583
commons-bcel,123,mid,0.15,none,60,129,40,0.03895875390724892,0.5007233625121682,0.061561338766691426,0.5584144429002316
commons-bcel,123,mid,0.2,none,60,158,31,0.042734082549246405,0.5062044201553337,0.04207933733222759,0.5312899790058393
commons-bcel,123,mid,0.25,none,60,172,22,0.08651853157224224,0.5576485406562762,0.14605906862657597,0.6515691528515579
commons-bcel,123,mid,0.3,none,60,201,8,0.023701894615677028,0.5027533874014988,0.1527092175915766,0.6576283365905113
commons-bcel,123,fn_heavy,0.05,none,60,67,44,0.07413491389560867,0.497640476064503,0.19831297015206867,0.6833946475018419
commons-bcel,123,fn_heavy,0.1,none,60,59,24,0.08430763013451521,0.5153874939030619,0.14322715625410676,0.6463492388560901
commons-bcel,123,fn_heavy,0.15,none,60,60,3,-0.001252498683598847,0.4257459690812168,0.19013539948152833,0.6837907684719421
commons-bcel,123,fn_heavy,0.2,none,60,78,0,-0.009535107853019309,0.42951129397588295,0.04808201703014444,0.5451026420729002
commons-bcel,123,fn_heavy,0.25,none,60,104,0,0.013105808555343393,0.46284826416825997,0.019825098849232302,0.5054146371272891
commons-bcel,123,fn_heavy,0.3,none,60,127,0,-0.026242770042665446,0.42267888365544687,-0.007251387955754852,0.45944303041766144
commons-bcel,202,symmetric,0.05,none,60,84,51,0.10026420975773886,0.5434121063111469,0.16372917184981772,0.6462268342528588
commons-bcel,202,symmetric,0.1,none,60,108,49,0.1273767354458924,0.5941211304963818,0.1346621884502563,0.6384628136196203
commons-bcel,202,symmetric,0.15,none,60,145,45,0.16075758447734553,0.6370956462172453,0.11746037524554928,0.6132156211471603
commons-bcel,202,symmetric,0.2,none,60,178,42,0.07096891070406919,0.5530684753244102,0.09475739651201712,0.5936098960406418
commons-bcel,202,symmetric,0.25,none,60,221,40,0.04341961521937237,0.5260424218715805,0.053514914871273266,0.5523958383329474
commons-bcel,202,symmetric,0.3,none,60,261,38,-0.0014628848289000127,0.4800951055123116,-0.009877458419678072,0.4771090942567578
commons-bcel,202,fp_heavy,0.05,none,60,84,51,0.10026420975773886,0.5434121063111469,0.16372917184981772,0.6462268342528588
commons-bcel,202,fp_heavy,0.1,none,60,104,47,0.1271702115443555,0.5926571454600148,0.14703895914612994,0.6521402125646472
commons-bcel,202,fp_heavy,0.15,none,60,139,42,0.0840691902740419,0.5627728981855676,0.056066580767734055,0.5402717020773271
commons-bcel,202,fp_heavy,0.2,none,60,171,38,0.06462794371667148,0.5492996660631859,0.1361870892360668,0.6346302532506314
commons-bcel,202,fp_heavy,0.25,none,60,210,34,0.04799149977454094,0.5312668154012946,0.0600081839967754,0.5526215005222922
commons-bcel,202,fp_heavy,0.3,none,60,247,31,0.035835727976110454,0.517161292607243,0.042474872598266954,0.5315432352353568
commons-bcel,202,mid,0.05,none,60,78,47,0.0981564496316168,0.5481565490622674,0.19402130088350206,0.6707875282337451
commons-bcel,202,mid,0.1,none,60,88,38,0.059233919162989146,0.521213571143552,0.1017200148619783,0.5910405671166653
commons-bcel,202,mid,0.15,none,60,117,31,0.12712284277698105,0.60095081026742,0.04691553242064342,0.5347359931209584
commons-bcel,202,mid,0.2,none,60,144,27,0.07383700639589338,0.5527701041045421,0.1741687336297865,0.6771065449379735
commons-bcel,202,mid,0.25,none,60,171,18,0.09008930761975975,0.5697177390118523,0.1472749165495458,0.645380256791119
commons-bcel,202,mid,0.3,none,60,196,8,-0.010161317578439908,0.45285504157734313,-0.00977241118490096,0.4711281411958173
commons-bcel,202,fn_heavy,0.05,none,60,53,35,0.05390927177979039,0.49127384476527525,0.14504257462362127,0.6168888815037746
commons-bcel,202,fn_heavy,0.1,none,60,55,20,0.08901213817216842,0.5314501704019096,0.1918945002327161,0.6832291100627423
commons-bcel,202,fn_heavy,0.15,none,60,51,1,0.037781121078679966,0.45937288844085655,0.09131269039591247,0.5770920430074475
commons-bcel,202,fn_heavy,0.2,none,60,69,0,0.003263175502821179,0.43330508184545946,0.07177240921282983,0.5706883363334807
commons-bcel,202,fn_heavy,0.25,none,60,97,0,0.03665225333466358,0.4820928059455287,0.05784631684661173,0.5442921644895956
commons-bcel,202,fn_heavy,0.3,none,60,117,0,0.025204534091688227,0.47339322816988105,-0.0026838043170104935,0.46710183652865317
commons-bcel,314,symmetric,0.05,none,60,97,56,0.1025581746667204,0.5614505977273943,0.08411235733203308,0.5825871678859258
commons-bcel,314,symmetric,0.1,none,60,125,52,0.10666432570589439,0.5768963416711471,0.03949183067752267,0.5379839075772123
commons-bcel,314,symmetric,0.15,none,60,165,50,0.0724049609209568,0.5444704708400406,-0.0734539003192346,0.3939548131554009
commons-bcel,314,symmetric,0.2,none,60,201,46,0.04264083191799147,0.5231284426486066,-0.015311004592052192,0.47429387558427144
commons-bcel,314,symmetric,0.25,none,60,240,43,0.08475693180927082,0.5677426284731288,0.054640004720916305,0.556639971062749
commons-bcel,314,symmetric,0.3,none,60,283,40,0.0686650030607704,0.5494528010990117,0.043308941456940406,0.5460290785691697
commons-bcel,314,fp_heavy,0.05,none,60,95,54,0.11891749611203081,0.5797620706405479,0.15767786893847321,0.6585966332472343
commons-bcel,314,fp_heavy,0.1,none,60,123,51,0.0904619612812933,0.5583196895790313,0.03304659590900472,0.5325986228597963
commons-bcel,314,fp_heavy,0.15,none,60,158,46,0.09301921690598444,0.5667327762431497,0.03294608594306617,0.5304615009705337
commons-bcel,314,fp_heavy,0.2,none,60,191,42,0.04759362515412915,0.5284415801677758,-0.012847511841357004,0.4814472747804157
commons-bcel,314,fp_heavy,0.25,none,60,233,38,0.07783914495254711,0.562098881172049,0.036579675232645395,0.5378595981655475
commons-bcel,314,fp_heavy,0.3,none,60,276,36,0.04973014241368914,0.5324223763919196,0.03715075512826058,0.5387607587764572
commons-bcel,314,mid,0.05,none,60,89,51,0.09867322732157029,0.5618983093569992,0.1307683857606721,0.6281935112322361
commons-bcel,314,mid,0.1,none,60,108,42,0.1201339659890898,0.5880040654476077,0.03141201699295485,0.522011046700416
commons-bcel,314,mid,0.15,none,60,129,35,0.09270100385678708,0.5656915690772731,0.09361680797214914,0.5986152130320909
commons-bcel,314,mid,0.2,none,60,160,26,0.004582278437269125,0.4754688874547944,-0.0016685170927282175,0.4967399448813067
commons-bcel,314,mid,0.25,none,60,182,16,-0.00033929250658151533,0.458058722507868,0.005355707258142466,0.49789400599515565
commons-bcel,314,mid,0.3,none,60,216,12,-0.03662675843714012,0.4036558631752649,-0.027021769121702763,0.46046126246563107
commons-bcel,314,fn_heavy,0.05,none,60,63,38,0.1515398847438409,0.6052268433882598,0.1586723421753537,0.6518094084356604
commons-bcel,314,fn_heavy,0.1,none,60,68,20,0.028517046479122118,0.4529054097015556,-0.004284505066220679,0.48090974872294756
commons-bcel,314,fn_heavy,0.15,none,60,69,3,0.058064343413604884,0.4913446592604144,-0.022592346974809285,0.4631426219120801
commons-bcel,314,fn_heavy,0.2,none,60,87,0,0.06640917969169519,0.515109276124565,-0.0333756723824378,0.4425417231008582
commons-bcel,314,fn_heavy,0.25,none,60,110,0,-0.005315840760309314,0.4106698461598545,-0.047230986010941826,0.4389737832095206
commons-bcel,314,fn_heavy,0.3,none,60,134,0,-0.03965518974021976,0.3754686501301358,-0.03893435888621758,0.4467373589562609
commons-bcel,999,symmetric,0.05,none,60,92,57,0.08289410733519424,0.5453394768979339,0.04585525734757985,0.5331280415715145
commons-bcel,999,symmetric,0.1,none,60,130,54,0.07684303278010655,0.5544717136427987,0.04319108608965392,0.5271278617552294
commons-bcel,999,symmetric,0.15,none,60,169,51,0.03056746298481688,0.4984760513048728,-0.06107310429798344,0.3864099446528678
commons-bcel,999,symmetric,0.2,none,60,200,48,0.03376266029423535,0.5098387426662182,0.042644466258777464,0.5385727443562807
commons-bcel,999,symmetric,0.25,none,60,230,45,0.005517318101123624,0.48570973442356546,-0.06166669738513629,0.4088327176581772
commons-bcel,999,symmetric,0.3,none,60,272,40,-0.026496866980423573,0.44209563351509895,-0.14919327633963034,0.2798059798434949
commons-bcel,999,fp_heavy,0.05,none,60,91,56,0.0785282901621013,0.5427065622098632,0.036968492972855,0.5258643662259049
commons-bcel,999,fp_heavy,0.1,none,60,126,52,0.05954871234111907,0.53710892173682,-0.03365116351286818,0.43109896931377684
commons-bcel,999,fp_heavy,0.15,none,60,163,48,0.06286401927208025,0.5371852712841694,0.0040172843196445845,0.48506102822581565
commons-bcel,999,fp_heavy,0.2,none,60,189,42,-0.015222224966868087,0.45941148284099415,-0.06042350388995553,0.4024356340646882
commons-bcel,999,fp_heavy,0.25,none,60,220,38,-0.040488426934892054,0.41644105427778466,-0.1357154372446196,0.26793080160814253
commons-bcel,999,fp_heavy,0.3,none,60,254,31,0.015445886397619967,0.4879970273988107,-0.1604136084002274,0.24901225676868022
commons-bcel,999,mid,0.05,none,60,83,52,0.051003574070607384,0.5101399548649461,0.08263639463495957,0.5792885011100515
commons-bcel,999,mid,0.1,none,60,109,42,0.04534771763950307,0.5104894822046103,0.09616081488796259,0.5881487177874488
commons-bcel,999,mid,0.15,none,60,128,31,0.06129860321376458,0.5296430331721899,0.013281487732543461,0.4936915744185924
commons-bcel,999,mid,0.2,none,60,156,27,0.03210392907852982,0.4984060266699212,-0.04126065539197893,0.4125095296673703
commons-bcel,999,mid,0.25,none,60,182,21,0.02005412095203115,0.49621158727873865,0.05681129625597216,0.5580735972326518
commons-bcel,999,mid,0.3,none,60,210,15,0.015314505911166811,0.4809754207544981,-0.016057873026195282,0.4706340509529958
commons-bcel,999,fn_heavy,0.05,none,60,56,38,0.06994855216239589,0.5052083557320688,0.04337309936540263,0.5382928751901687
commons-bcel,999,fn_heavy,0.1,none,60,61,22,0.0379697591327085,0.48940041071885276,0.062096600439364776,0.554876378812999
commons-bcel,999,fn_heavy,0.15,none,60,70,3,-0.014054978884875686,0.4158688597529965,-0.010561291977530909,0.45189341583459586
commons-bcel,999,fn_heavy,0.2,none,60,87,0,0.015489508225102562,0.4639247063670104,-0.06521851195497352,0.34531332165147827
commons-bcel,999,fn_heavy,0.25,none,60,115,0,0.0034808791584612143,0.4530609888038213,-0.1101609990930014,0.26714784532507685
commons-bcel,999,fn_heavy,0.3,none,60,129,0,0.014869551167679802,0.47145566413038004,-0.10244121089558121,0.2777822226923922
commons-beanutils,7,symmetric,0.05,none,37,64,36,0.07517618618677145,0.525526134984884,0.065254275195447,0.5998974833104054
commons-beanutils,7,symmetric,0.1,none,37,86,34,0.09892640074790013,0.553099844525244,0.025118194327067,0.5439108631462384
commons-beanutils,7,symmetric,0.15,none,37,106,30,0.10094312102043398,0.5633505245391647,0.0013696641544340214,0.4875495123517626
commons-beanutils,7,symmetric,0.2,none,37,140,27,0.05888402643016675,0.5214399018805296,-0.0031610837035957926,0.4743001629076429
commons-beanutils,7,symmetric,0.25,none,37,160,24,0.023178334483216063,0.4522639262566853,-0.007970848667553614,0.46933162338089146
commons-beanutils,7,symmetric,0.3,none,37,183,24,-0.02467095917331445,0.4011909572746793,-0.04065915095994753,0.3919025764543487
commons-beanutils,7,fp_heavy,0.05,none,37,62,35,0.07724125532416322,0.5270511638192495,0.07224444574515376,0.6075405895160534
commons-beanutils,7,fp_heavy,0.1,none,37,83,31,0.07588659982720461,0.5267543974472545,0.0026967188060387326,0.49480757994084906
commons-beanutils,7,fp_heavy,0.15,none,37,102,27,0.11416195808252863,0.5785375812711158,0.014983088357760585,0.5186947944086239
commons-beanutils,7,fp_heavy,0.2,none,37,133,24,0.09691557658628824,0.5661102634700542,0.0514513434401073,0.592024698697151
commons-beanutils,7,fp_heavy,0.25,none,37,156,24,0.013007920205490705,0.44091068482325096,-0.01401057406383688,0.45603382891483335
commons-beanutils,7,fp_heavy,0.3,none,37,181,23,0.007355324730732767,0.4462139444467325,0.02778346329601973,0.5479765740982647
commons-beanutils,7,mid,0.05,none,37,57,31,0.11630339949603048,0.5706678584471161,0.11376570589796833,0.6856163432295167
commons-beanutils,7,mid,0.1,none,37,70,24,0.0871522056877855,0.5344605492625585,0.004468286106433694,0.5020862738871357
commons-beanutils,7,mid,0.15,none,37,89,23,0.08662798270170234,0.5474849760214437,-0.005744091496278576,0.4777378591065673
commons-beanutils,7,mid,0.2,none,37,108,17,0.08705363408730517,0.5481455226441238,-0.0054531878304294335,0.4828633357987829
commons-beanutils,7,mid,0.25,none,37,137,12,0.0424601462689132,0.46970716517045413,-0.005471670566439983,0.4799887090828275
commons-beanutils,7,mid,0.3,none,37,154,10,0.006788837947594351,0.43472646536208404,-0.019887036196997707,0.44244380829660324
commons-beanutils,7,fn_heavy,0.05,none,37,39,24,0.13935986607226084,0.5467893263658695,0.08292548437425933,0.6161122971580583
commons-beanutils,7,fn_heavy,0.1,none,37,47,13,0.08679705734541905,0.538586864552178,0.0778222969373845,0.6283984301447209
commons-beanutils,7,fn_heavy,0.15,none,37,49,0,0.05891327140254451,0.5058985682928111,0.06028785394187359,0.6048858394366866
commons-beanutils,7,fn_heavy,0.2,none,37,60,0,0.0009239943191789114,0.44086785622661057,-0.007983272362377647,0.45777645223243624
commons-beanutils,7,fn_heavy,0.25,none,37,81,0,-0.01255040522776722,0.4264003303345448,-0.04020092209924318,0.40390858421247283
commons-beanutils,7,fn_heavy,0.3,none,37,102,0,0.07096265252676447,0.5352787015375478,0.005580929418509934,0.5012242187750102
commons-beanutils,13,symmetric,0.05,none,37,69,37,0.00036507812167880946,0.35721041416169824,0.028650467304150003,0.5095710156869633
commons-beanutils,13,symmetric,0.1,none,37,99,36,0.009639454480898793,0.423568303375793,0.021908861523841965,0.5224447795679652
commons-beanutils,13,symmetric,0.15,none,37,125,34,0.01849704379719232,0.4675286963166858,-0.011439439420057958,0.45825775231031907
commons-beanutils,13,symmetric,0.2,none,37,144,30,0.09008484664149335,0.5560691829982243,0.019609944882669962,0.5321907676112084
commons-beanutils,13,symmetric,0.25,none,37,169,29,0.10008594098415309,0.5702543171072826,0.03466697147306742,0.5606969194432047
commons-beanutils,13,symmetric,0.3,none,37,198,24,0.0715108548515128,0.5437899744746082,0.03230893541839192,0.5570565093319297
commons-beanutils,13,fp_heavy,0.05,none,37,68,37,0.019731747265702985,0.3796632623679834,0.039259447576453624,0.5384344184224166
commons-beanutils,13,fp_heavy,0.1,none,37,95,35,0.012572052466370673,0.42594922321020307,0.03345860198791115,0.5367455329172265
commons-beanutils,13,fp_heavy,0.15,none,37,121,30,0.051646607308915835,0.5083946171550519,0.0013770705146034649,0.48917691403463426
commons-beanutils,13,fp_heavy,0.2,none,37,141,27,0.05744281917287673,0.5191245544900001,0.0135025839178864,0.5183503617650336
commons-beanutils,13,fp_heavy,0.25,none,37,156,23,0.05686061544904757,0.5238769881378206,0.019231310215379133,0.5256221669718012
commons-beanutils,13,fp_heavy,0.3,none,37,190,19,0.07395677212554852,0.5430552062438506,0.030084399208270964,0.5548041026797543
commons-beanutils,13,mid,0.05,none,37,65,35,0.036755098433676234,0.39868931670223956,0.0442050726137113,0.5662686904693863
commons-beanutils,13,mid,0.1,none,37,81,27,-0.005184302742814341,0.4109726192486906,-0.004171799039231502,0.4603553658182634
commons-beanutils,13,mid,0.15,none,37,105,19,0.07153197766579675,0.5294858730576236,0.038793526660564785,0.556594351798571
commons-beanutils,13,mid,0.2,none,37,118,14,0.05943251924761581,0.5211427780836018,0.004431300947843071,0.49866187355993663
commons-beanutils,13,mid,0.25,none,37,137,11,0.07645421781364678,0.5438011862085759,0.02220882187485698,0.5363005972217407
commons-beanutils,13,mid,0.3,none,37,160,6,0.05581379359190088,0.5215456625687102,0.017815295960411866,0.5290870765930371
commons-beanutils,13,fn_heavy,0.05,none,37,40,22,0.04732812021192625,0.4139621890915349,0.02295233996129039,0.5195028805570071
commons-beanutils,13,fn_heavy,0.1,none,37,51,11,-0.022481945719889575,0.34603527062816747,-0.04653915224442974,0.33618852747989497
commons-beanutils,13,fn_heavy,0.15,none,37,59,0,-0.03670585882692562,0.35660736028081025,-0.0223615228798014,0.41577344154401535
commons-beanutils,13,fn_heavy,0.2,none,37,81,0,0.05482142052950934,0.5111314274882374,0.01447908721079461,0.5063499395371001
commons-beanutils,13,fn_heavy,0.25,none,37,95,0,0.08377254546909656,0.5410762867156516,0.03727108650237573,0.5597022279603329
commons-beanutils,13,fn_heavy,0.3,none,37,111,0,0.044347032005666726,0.5073691573689698,0.016271547047559794,0.5207842197851394
commons-beanutils,21,symmetric,0.05,none,37,73,35,0.04712184286369324,0.49387659200980644,-0.004592679585217942,0.4644745573822063
commons-beanutils,21,symmetric,0.1,none,37,92,32,0.0070952412642979685,0.46010591102639875,-0.013475304698644542,0.44664023188455587
commons-beanutils,21,symmetric,0.15,none,37,113,30,0.01695475092618648,0.46932192469373,0.01495082915104331,0.5137274071394673
commons-beanutils,21,symmetric,0.2,none,37,138,29,0.08216388620591097,0.5427455233729428,0.04983261169197901,0.5850297587702652
commons-beanutils,21,symmetric,0.25,none,37,160,26,0.03838227070138183,0.4888877346367534,-0.017294061794630486,0.44461351779865904
commons-beanutils,21,symmetric,0.3,none,37,200,24,0.05732403681788113,0.5134571900110385,-0.0018162674791618134,0.4854423388133105
commons-beanutils,21,fp_heavy,0.05,none,37,72,34,0.03866386481493552,0.47936585190016495,-0.01928465387564432,0.4256206744560677
commons-beanutils,21,fp_heavy,0.1,none,37,88,31,0.027684224597950297,0.48329900513190804,0.010029718663446723,0.5044609702116905
commons-beanutils,21,fp_heavy,0.15,none,37,110,29,0.012672629769124012,0.466304728364827,0.015336001250107166,0.5164938789310705
commons-beanutils,21,fp_heavy,0.2,none,37,132,26,0.010116060699757602,0.45601682492053536,-0.020564990023064493,0.41488591801132124
commons-beanutils,21,fp_heavy,0.25,none,37,155,23,0.027104410103804294,0.4778089119527456,-0.013804060461007085,0.44634052140708397
commons-beanutils,21,fp_heavy,0.3,none,37,194,22,0.028445966415736098,0.4787694426845813,-0.020664627449628922,0.44432597139448715
commons-beanutils,21,mid,0.05,none,37,66,31,0.045390020731183166,0.48782639312629755,-0.002429641496534976,0.46251203707300714
commons-beanutils,21,mid,0.1,none,37,79,26,0.02306577677919892,0.47100082603013277,0.02054847004114035,0.5117871695262589
commons-beanutils,21,mid,0.15,none,37,94,21,0.045673000829929936,0.5027882860625033,0.022258999752778362,0.5298231197218014
commons-beanutils,21,mid,0.2,none,37,116,19,0.004300150951227685,0.3967110709097039,0.020688778309566353,0.5221821202434426
commons-beanutils,21,mid,0.25,none,37,130,11,0.0019445067522993811,0.4445292712071481,-0.032918174517230725,0.3993539867837685
commons-beanutils,21,mid,0.3,none,37,158,4,0.0024540944213551565,0.3941779481574567,-0.02474317571633023,0.44056169949186974
commons-beanutils,21,fn_heavy,0.05,none,37,50,23,0.06511677578014254,0.5075449733110164,0.01740417901981515,0.5013398777256263
commons-beanutils,21,fn_heavy,0.1,none,37,57,12,0.03626400269479067,0.4612962385111562,-0.02863509997002613,0.39740243446041673
commons-beanutils,21,fn_heavy,0.15,none,37,55,0,0.03499443616333161,0.4729665011181576,-0.00020383753983979153,0.477127431056316
commons-beanutils,21,fn_heavy,0.2,none,37,71,0,0.02045235484990553,0.4577004875165206,-0.002676866407639122,0.481590262837942
commons-beanutils,21,fn_heavy,0.25,none,37,88,0,0.023185863541688143,0.4641756876534878,-0.0013506924271751177,0.4868456565577759
commons-beanutils,21,fn_heavy,0.3,none,37,101,0,0.05795553566254446,0.5162451098241077,0.009451737064967818,0.5072465024293429
commons-beanutils,42,symmetric,0.05,none,37,62,36,0.05082473378896862,0.42825864023538546,0.022590387957709172,0.5053935350891515
commons-beanutils,42,symmetric,0.1,none,37,86,34,0.10190563782004032,0.5585270449895648,0.050555737716679455,0.5704366426422492
commons-beanutils,42,symmetric,0.15,none,37,127,31,0.08244193667499355,0.5169259650149679,0.017110994584720454,0.5219035276251641
commons-beanutils,42,symmetric,0.2,none,37,156,29,0.1041609431711082,0.5661695926099362,0.0049043111509176245,0.4949348777158865
commons-beanutils,42,symmetric,0.25,none,37,179,29,0.056608955113903875,0.4929241396050065,0.007187939309848701,0.5033881759847904
commons-beanutils,42,symmetric,0.3,none,37,197,26,0.04186081947196639,0.47528360311234885,-0.009551859657493675,0.4652245156001285
commons-beanutils,42,fp_heavy,0.05,none,37,60,35,0.06943802874283599,0.4474180640018455,0.01931712478510983,0.52565849761146
commons-beanutils,42,fp_heavy,0.1,none,37,84,33,0.052806694842302215,0.505283941071106,0.006244961066604545,0.48098300777714376
commons-beanutils,42,fp_heavy,0.15,none,37,123,29,0.07310659812788602,0.5072945071038735,0.010267399788140959,0.5061551011749275
commons-beanutils,42,fp_heavy,0.2,none,37,152,29,0.1333425643706734,0.5959868682374948,0.02544825483103705,0.5378918631341182
commons-beanutils,42,fp_heavy,0.25,none,37,172,24,0.08689350620188711,0.5202031014136113,0.01721252740766898,0.5238030376170815
commons-beanutils,42,fp_heavy,0.3,none,37,192,22,0.05181353545487793,0.484913313823652,0.0005675838671313125,0.48783684895892787
commons-beanutils,42,mid,0.05,none,37,56,33,0.068566880023819,0.4440785107421475,0.01891652045734037,0.5144727824016659
commons-beanutils,42,mid,0.1,none,37,71,28,0.07043132733505597,0.5197678884425911,-0.012229930834044842,0.42937200637157075
commons-beanutils,42,mid,0.15,none,37,103,22,0.06702832160286935,0.4945885502392179,-0.004173513888607732,0.46697638181877316
commons-beanutils,42,mid,0.2,none,37,131,17,0.15532511456634712,0.613077894113637,0.02021265835516404,0.5293078799385428
commons-beanutils,42,mid,0.25,none,37,139,6,0.12011059980615636,0.57929416996762,0.01628282897599518,0.5179620261061395
commons-beanutils,42,mid,0.3,none,37,158,4,0.051890879338139205,0.4818747675157254,-0.009322602026598726,0.4589823099366523
commons-beanutils,42,fn_heavy,0.05,none,37,40,24,0.05517969816415521,0.4189099066586795,-0.01483048106550791,0.43561185463145347
commons-beanutils,42,fn_heavy,0.1,none,37,41,6,0.02647275478161016,0.440370756736319,-0.030024419713009873,0.4024643630790955
commons-beanutils,42,fn_heavy,0.15,none,37,46,0,0.05431097060483296,0.49110982297982797,-0.024721495191226458,0.3948813280052509
commons-beanutils,42,fn_heavy,0.2,none,37,75,0,0.06101722666364337,0.5144126043088731,-0.006056919670352762,0.45391682526854554
commons-beanutils,42,fn_heavy,0.25,none,37,103,0,0.09833628156257182,0.5606445185682051,0.02292665722891743,0.5389207243498488
commons-beanutils,42,fn_heavy,0.3,none,37,119,0,0.09973108525618081,0.556705919789095,0.0022803605915387207,0.48895787021775483
commons-beanutils,77,symmetric,0.05,none,37,57,34,0.07457621619073386,0.4578456893537872,0.062391977996795925,0.554303904599614
commons-beanutils,77,symmetric,0.1,none,37,89,30,0.0631016412609338,0.4630214093642789,0.08856408420932972,0.6385051101642832
commons-beanutils,77,symmetric,0.15,none,37,121,30,0.022835878351322284,0.4280156450366928,0.0592062960650193,0.5957099897260284
commons-beanutils,77,symmetric,0.2,none,37,147,28,0.0026056094691001906,0.4080277086378252,0.05124465355724997,0.589514733735966
commons-beanutils,77,symmetric,0.25,none,37,176,28,0.04871797242430875,0.5219987921963081,0.028057975137706987,0.5457675359063302
commons-beanutils,77,symmetric,0.3,none,37,197,25,0.026577947161065936,0.4984012044103582,0.016267892245865497,0.5214130220371797
commons-beanutils,77,fp_heavy,0.05,none,37,53,32,0.05452532647953421,0.43034530144775524,0.057473480920051584,0.5493956922395332
commons-beanutils,77,fp_heavy,0.1,none,37,88,30,0.06444809083403963,0.4639968721359945,0.10076004864544097,0.650348473513535
commons-beanutils,77,fp_heavy,0.15,none,37,118,28,0.024865859234702747,0.4295016608037021,0.06283023773468806,0.6001850898569133
commons-beanutils,77,fp_heavy,0.2,none,37,143,26,-0.011444084263735345,0.393561290677504,0.03633450854522225,0.5637716712163825
commons-beanutils,77,fp_heavy,0.25,none,37,167,23,0.08628508435504703,0.5583844360092923,0.053031307245420364,0.594107173770819
commons-beanutils,77,fp_heavy,0.3,none,37,192,22,0.05324929848204865,0.5271725895601655,0.03421068453027638,0.5613741696818987
commons-beanutils,77,mid,0.05,none,37,49,30,0.07863312066118232,0.4462218906156454,0.039582044067018964,0.5315438806085931
commons-beanutils,77,mid,0.1,none,37,73,26,0.07973951069346033,0.4626061084593942,0.052528953822820475,0.5370022193284696
commons-beanutils,77,mid,0.15,none,37,104,22,-0.007782476218334894,0.3914347028080474,0.04204685638314096,0.5479195195664169
commons-beanutils,77,mid,0.2,none,37,124,18,0.07104866394516941,0.5450952525040694,0.0642205521772762,0.6077209781676756
commons-beanutils,77,mid,0.25,none,37,145,13,0.05487782024718451,0.5212010420227563,0.02343358947910908,0.5337434541495961
commons-beanutils,77,mid,0.3,none,37,164,8,0.05953599233917589,0.5254865471179822,0.0483808093485434,0.5870239735145146
commons-beanutils,77,fn_heavy,0.05,none,37,38,23,0.08719744540954952,0.4578608943460567,0.054452443527696424,0.5447670725569224
commons-beanutils,77,fn_heavy,0.1,none,37,43,13,0.11196817543459889,0.4907209752471326,0.09666508710996381,0.6537861161743623
commons-beanutils,77,fn_heavy,0.15,none,37,54,0,0.0093366357913669,0.39453951963196965,0.058444708735019564,0.585628677786792
commons-beanutils,77,fn_heavy,0.2,none,37,77,0,-0.060174260305686844,0.30280534901585415,-0.032794184272420826,0.3570257389915912
commons-beanutils,77,fn_heavy,0.25,none,37,95,0,-0.03655956927247333,0.3469146765882813,-0.03701477323307713,0.3753306533545122
commons-beanutils,77,fn_heavy,0.3,none,37,113,0,-0.03786110809515129,0.3459597927723662,-0.037087496503092864,0.4023380327503054
commons-beanutils,101,symmetric,0.05,none,37,60,33,0.08948675379915769,0.5239117685394615,0.028405525080007453,0.5041632240169244
commons-beanutils,101,symmetric,0.1,none,37,99,32,-0.010705342099646636,0.4300568211339828,-0.025593806871183657,0.4049467216249484
commons-beanutils,101,symmetric,0.15,none,37,126,31,-0.023977205402862693,0.4215369849582948,0.005372850710255887,0.48348725979365786
commons-beanutils,101,symmetric,0.2,none,37,151,29,0.021525565674899338,0.4818533935367151,0.023029895097482173,0.5286844052877896
commons-beanutils,101,symmetric,0.25,none,37,174,27,-0.03678899336290642,0.4013104082124884,-0.045245211962170497,0.3500034312785571
commons-beanutils,101,symmetric,0.3,none,37,197,24,0.011057727496158604,0.4620116807921475,0.009965751857708408,0.5036946141687448
commons-beanutils,101,fp_heavy,0.05,none,37,59,32,0.09587653970618334,0.5333160768600487,0.019193218757433007,0.5062847649923988
commons-beanutils,101,fp_heavy,0.1,none,37,97,32,-0.056284076907949114,0.36854520308527294,-0.053208578838803415,0.32486613804010933
commons-beanutils,101,fp_heavy,0.15,none,37,123,29,0.03447379255695953,0.4926897981371435,0.0239424248289163,0.5225082584339781
commons-beanutils,101,fp_heavy,0.2,none,37,148,27,0.011640125673426328,0.46391547290849344,-0.01561828419661365,0.4416137438152184
commons-beanutils,101,fp_heavy,0.25,none,37,164,22,-0.005422749687743549,0.4423342918065958,0.004218131530590778,0.4864595886787972
commons-beanutils,101,fp_heavy,0.3,none,37,185,18,0.018179463855783957,0.471952321294374,0.0065745977795254856,0.49641608416073163
commons-beanutils,101,mid,0.05,none,37,57,31,0.04994592555711684,0.48460305192793257,-0.017188016480676187,0.41478625230253224
commons-beanutils,101,mid,0.1,none,37,86,27,0.04262333932314725,0.48394277520780915,0.016668669129253934,0.4999434915777564
commons-beanutils,101,mid,0.15,none,37,106,17,0.04324722273405151,0.4956126961762075,0.04893211001376144,0.5835127268820574
commons-beanutils,101,mid,0.2,none,37,127,14,0.05992926836227089,0.5156672253835092,0.03458221693036522,0.5531053911727597
commons-beanutils,101,mid,0.25,none,37,138,10,0.07423762548395474,0.5333891494595205,0.006541265706814122,0.49142946732264076
commons-beanutils,101,mid,0.3,none,37,159,7,-0.04706844317714615,0.3957128723076604,-0.01964920199934104,0.4300351126626914
commons-beanutils,101,fn_heavy,0.05,none,37,33,22,0.14856642794176866,0.586469322840561,0.015958137073635748,0.5145406147560793
commons-beanutils,101,fn_heavy,0.1,none,37,47,11,0.08268573669946319,0.5034099749291582,0.02298761153691657,0.5256656369103557
commons-beanutils,101,fn_heavy,0.15,none,37,65,0,0.03716790202588049,0.48375163329965926,0.03336360322024329,0.5433927062310006
commons-beanutils,101,fn_heavy,0.2,none,37,83,0,0.03762688132887855,0.47248141545196,0.026613185870040454,0.5364480334132117
commons-beanutils,101,fn_heavy,0.25,none,37,98,0,0.029555508100292956,0.46736572589405484,0.032521907092803816,0.5443442934643022
commons-beanutils,101,fn_heavy,0.3,none,37,118,0,0.027873983769830833,0.4777523195259255,0.029628059672610313,0.5422723740175068
commons-beanutils,123,symmetric,0.05,none,37,59,35,0.12496654830718763,0.5442251946363901,0.06877660418444165,0.579014616741581
commons-beanutils,123,symmetric,0.1,none,37,86,32,0.10396478577968234,0.5364555003211995,0.06627803872360256,0.6193468580454681
commons-beanutils,123,symmetric,0.15,none,37,109,31,0.046244659022753924,0.4480656789420669,0.05367316191764904,0.5931684782947398
commons-beanutils,123,symmetric,0.2,none,37,134,29,0.11451000620590467,0.5831311348297222,0.0521536540940235,0.5927174873439064
commons-beanutils,123,symmetric,0.25,none,37,169,28,0.09182049133731728,0.5614622757322977,0.04087624512947396,0.5740010977489834
commons-beanutils,123,symmetric,0.3,none,37,196,26,0.008047181011281372,0.4478633015763927,0.008856209787032453,0.5095222564566914
commons-beanutils,123,fp_heavy,0.05,none,37,58,34,0.12932224389439279,0.5467704016577041,0.0720285473707132,0.5817044581934991
commons-beanutils,123,fp_heavy,0.1,none,37,83,32,0.12099944613542088,0.5510553014883804,0.0795738614525918,0.641927334749511
commons-beanutils,123,fp_heavy,0.15,none,37,105,29,-0.001826620657994721,0.3847422436053003,0.01587504895656981,0.5158090003622985
commons-beanutils,123,fp_heavy,0.2,none,37,131,27,0.11777461103933831,0.5855713792194274,0.04892985622782241,0.5873058927612511
commons-beanutils,123,fp_heavy,0.25,none,37,164,25,0.07733137236857865,0.5474942626589013,0.036743648275022016,0.5672462855540737
commons-beanutils,123,fp_heavy,0.3,none,37,191,25,0.006873245875853866,0.44211016878347914,-0.01589363143546259,0.4554064497164326
commons-beanutils,123,mid,0.05,none,37,54,32,0.13227263423972418,0.5442528914964638,0.07449413399413632,0.5786690867812769
commons-beanutils,123,mid,0.1,none,37,69,26,0.07087747857629573,0.4872094815303727,0.03154728343757699,0.5261889975539068
commons-beanutils,123,mid,0.15,none,37,91,25,0.029574371140610078,0.4178401452533779,0.0361997593064552,0.5608319796077076
commons-beanutils,123,mid,0.2,none,37,116,20,0.05852974569127537,0.5243509152042024,0.010679294347535282,0.5135303713302678
commons-beanutils,123,mid,0.25,none,37,137,16,0.043944938366259054,0.47628202683120463,-0.00017216171801019855,0.48942618957509104
commons-beanutils,123,mid,0.3,none,37,158,8,0.013458080826353906,0.4589622071581343,-0.06997427431574542,0.317481222469887
commons-beanutils,123,fn_heavy,0.05,none,37,43,25,0.051365976302222754,0.4229454055644255,0.054287292383156306,0.5336767547140676
commons-beanutils,123,fn_heavy,0.1,none,37,42,16,0.02859125669821108,0.3979456581823424,0.010598605142610492,0.4768827174766216
commons-beanutils,123,fn_heavy,0.15,none,37,49,0,-0.03015014078914873,0.37187898418050175,0.015612894971773213,0.5107790058744501
commons-beanutils,123,fn_heavy,0.2,none,37,62,0,-0.053481937677677165,0.34182706148448877,-0.022865017700573326,0.42213305572667265
commons-beanutils,123,fn_heavy,0.25,none,37,83,0,0.01148103959638211,0.4293211725707849,-0.02330000729517555,0.4394872792503167
commons-beanutils,123,fn_heavy,0.3,none,37,103,0,0.07552087205087536,0.5421575923915662,0.027174938214134036,0.5483353769878482
commons-beanutils,202,symmetric,0.05,none,37,65,37,0.09930434175612578,0.5360178037685275,0.025540273451532102,0.49465280382681387
commons-beanutils,202,symmetric,0.1,none,37,80,34,0.0959377385365141,0.5474144176742384,-0.007212640390516537,0.45290638645779135
commons-beanutils,202,symmetric,0.15,none,37,105,30,0.0026063146641204685,0.39120099725821883,0.0023897330654371477,0.48585159835997543
commons-beanutils,202,symmetric,0.2,none,37,131,27,0.04030982240149034,0.4907266983879932,-0.012846966377198796,0.4448522106182366
commons-beanutils,202,symmetric,0.25,none,37,166,26,0.044395681221451454,0.5109183232818768,0.02780476512897929,0.5389445273346297
commons-beanutils,202,symmetric,0.3,none,37,193,25,-0.0019205709540536374,0.42355239732212235,-0.0374801275391069,0.3986633144846171
commons-beanutils,202,fp_heavy,0.05,none,37,63,35,0.12404176109315236,0.5692863761597099,0.06766862927013569,0.6095210766214868
commons-beanutils,202,fp_heavy,0.1,none,37,76,30,0.09076585636826275,0.5447376436922059,0.003194552726427888,0.4791474204565094
commons-beanutils,202,fp_heavy,0.15,none,37,100,27,-0.005109168758250652,0.37901557607380343,-0.023976953918827246,0.42129940246999004
commons-beanutils,202,fp_heavy,0.2,none,37,126,26,0.03923225467461739,0.4942372285879859,0.04478095452795053,0.5760483801118856
commons-beanutils,202,fp_heavy,0.25,none,37,162,24,0.010217079993065164,0.46233615610664275,0.018142838420134793,0.5178337617421053
commons-beanutils,202,fp_heavy,0.3,none,37,190,23,-0.0026465950766336207,0.4249657614168751,-0.029826055529744808,0.4161070461511184
commons-beanutils,202,mid,0.05,none,37,57,30,0.1288419847360772,0.5728028947482954,0.08463815683523006,0.628289910906016
commons-beanutils,202,mid,0.1,none,37,67,26,0.07851375400278748,0.5174005180285183,0.007376559280308887,0.4834680704341255
commons-beanutils,202,mid,0.15,none,37,88,23,0.04695767775526689,0.4352139579822788,0.003735966297689983,0.4800412505551889
commons-beanutils,202,mid,0.2,none,37,109,16,0.00502470451982071,0.4456805353854082,-0.023700707506658557,0.4112566620460286
commons-beanutils,202,mid,0.25,none,37,131,7,0.052139001774495854,0.5178377465404944,0.040873821142493716,0.5699244527097638
commons-beanutils,202,mid,0.3,none,37,152,3,-0.0034066478257008892,0.44558731015755365,-0.04178502460014028,0.36628676126407717
commons-beanutils,202,fn_heavy,0.05,none,37,43,24,0.11294468727303689,0.5353047206770699,0.008944003734037788,0.47415746175534285
commons-beanutils,202,fn_heavy,0.1,none,37,38,7,0.08965680086992518,0.5193526241030832,0.008054353696814304,0.48978108057825914
commons-beanutils,202,fn_heavy,0.15,none,37,44,0,0.048474245615935094,0.48587658958779456,-0.004172544487584382,0.47336712352914156
commons-beanutils,202,fn_heavy,0.2,none,37,58,0,-0.0013844009029499213,0.37601953366606533,0.02317176028225853,0.5213698479452593
commons-beanutils,202,fn_heavy,0.25,none,37,79,0,0.06234837932319995,0.5173138076896028,0.020856548452592934,0.5353534269505461
commons-beanutils,202,fn_heavy,0.3,none,37,96,0,-0.025106578145916082,0.40050530571093573,-0.025652083045166252,0.4146722724825297
commons-beanutils,314,symmetric,0.05,none,37,61,37,0.11947414768533576,0.5480445323482384,0.16060597885354705,0.7062324310720051
commons-beanutils,314,symmetric,0.1,none,37,87,37,0.05900209256775483,0.4929898546086807,0.0867215854253238,0.6179383627123031
commons-beanutils,314,symmetric,0.15,none,37,109,32,0.06679231869186006,0.5037574803748641,0.09328969976637097,0.6520077974895317
commons-beanutils,314,symmetric,0.2,none,37,135,28,0.092005319829787,0.5272142312096478,0.06976422000334541,0.620415974154252
commons-beanutils,314,symmetric,0.25,none,37,167,26,0.03997570138185407,0.43696856423336083,0.022438109764169267,0.5314498862219214
commons-beanutils,314,symmetric,0.3,none,37,191,23,0.05121975704106283,0.48805538030262335,0.026617412972671877,0.5448513462960403
commons-beanutils,314,fp_heavy,0.05,none,37,61,37,0.11947414768533576,0.5480445323482384,0.16060597885354705,0.7062324310720051
commons-beanutils,314,fp_heavy,0.1,none,37,84,35,0.0581444619639538,0.4933349099316352,0.13196123968599552,0.674653415478361
commons-beanutils,314,fp_heavy,0.15,none,37,103,28,0.08796024509146881,0.5249053746534537,0.08644167897495374,0.6526744460590596
commons-beanutils,314,fp_heavy,0.2,none,37,132,26,0.08456864523608784,0.5213336169486567,0.06870622843600004,0.6240842592017876
commons-beanutils,314,fp_heavy,0.25,none,37,162,22,0.03527839986740215,0.4373113202281979,0.06576164603058568,0.6193695741798672
commons-beanutils,314,fp_heavy,0.3,none,37,186,19,0.07153890172068603,0.5153508142296775,0.09135573559370878,0.6655526243861601
commons-beanutils,314,mid,0.05,none,37,58,34,0.08841324381516762,0.5194916880629938,0.08839699567675227,0.6352543236466108
commons-beanutils,314,mid,0.1,none,37,69,25,0.15912954739736546,0.5801509330457325,0.10831209993317165,0.6436109081674913
commons-beanutils,314,mid,0.15,none,37,87,19,0.02756020540320589,0.4601201596112041,0.05087705543295153,0.5762523173137948
commons-beanutils,314,mid,0.2,none,37,110,14,0.040637591196540215,0.46421550683203594,0.0013011918504598377,0.4648587483225724
commons-beanutils,314,mid,0.25,none,37,129,10,-0.00963135632428215,0.41939525226450614,0.03085216343029744,0.5471032623079355
commons-beanutils,314,mid,0.3,none,37,155,6,-0.02565196805251328,0.3571837743406651,-0.00932669006085087,0.4632155507552837
commons-beanutils,314,fn_heavy,0.05,none,37,39,22,0.15806668607051086,0.5677282720569106,0.1369810588659272,0.6353844484667666
commons-beanutils,314,fn_heavy,0.1,none,37,42,10,0.09217964107927407,0.5012322348517835,0.0780890949046645,0.6272891064135342
commons-beanutils,314,fn_heavy,0.15,none,37,48,0,0.031122544396322328,0.4465223246258517,0.03331848391683666,0.5469070983972121
commons-beanutils,314,fn_heavy,0.2,none,37,63,0,-0.039931007768520446,0.36936986410596917,-0.007593350913532545,0.4727469736852257
commons-beanutils,314,fn_heavy,0.25,none,37,82,0,-0.024851541698077864,0.38685953602831025,-0.004246623120039364,0.4716993907900614
commons-beanutils,314,fn_heavy,0.3,none,37,101,0,-0.043690348116350614,0.36584987740787506,0.0056623678749127835,0.4716373826235508
commons-beanutils,999,symmetric,0.05,none,37,51,31,-0.008238101762858096,0.3279805333347933,0.026575190202935094,0.4684949873505089
commons-beanutils,999,symmetric,0.1,none,37,88,30,0.08176462264086418,0.5317269731339248,0.0945227410239363,0.6645447465256306
commons-beanutils,999,symmetric,0.15,none,37,119,27,0.005737325984334009,0.4664834414350016,-0.000548990528398611,0.48068515008344753
commons-beanutils,999,symmetric,0.2,none,37,149,27,0.016589970496200257,0.47455774832142145,-0.010649679473609095,0.4667058810844144
commons-beanutils,999,symmetric,0.25,none,37,171,25,0.028646120544169484,0.48600389281082484,-0.026378365203222887,0.4167102199471373
commons-beanutils,999,symmetric,0.3,none,37,208,24,-0.0007331390472674857,0.4563039079237339,-0.042542437643419084,0.38132906938746897
commons-beanutils,999,fp_heavy,0.05,none,37,51,31,-0.008238101762858096,0.3279805333347933,0.026575190202935094,0.4684949873505089
commons-beanutils,999,fp_heavy,0.1,none,37,85,28,0.050175772910521534,0.49795200798426986,0.06834979307294212,0.6120316582511918
commons-beanutils,999,fp_heavy,0.15,none,37,116,27,-0.02073239331179689,0.42916180888071653,-0.040985062968203034,0.3787469185016095
commons-beanutils,999,fp_heavy,0.2,none,37,142,24,0.06296816535192994,0.5271326091117423,0.009305299217369604,0.5129985438303819
commons-beanutils,999,fp_heavy,0.25,none,37,169,24,0.01328112903040599,0.4675185344217286,-0.035809102182441536,0.3950039937186569
commons-beanutils,999,fp_heavy,0.3,none,37,201,22,0.03228288050203309,0.4928577143325373,-0.021235700672392957,0.4362043201690421
commons-beanutils,999,mid,0.05,none,37,46,27,-0.02479721318345961,0.2926385647908103,0.015636633066470777,0.4724747671262419
commons-beanutils,999,mid,0.1,none,37,74,24,0.027694461433519134,0.47522921279772146,0.03785575508240065,0.5470502031943594
commons-beanutils,999,mid,0.15,none,37,100,22,0.05694762403094601,0.5005127505233673,0.0687317215537292,0.6259102919613941
commons-beanutils,999,mid,0.2,none,37,120,14,-0.027250947530872746,0.4040668609026101,-0.045665674878528816,0.38019404942009044
commons-beanutils,999,mid,0.25,none,37,141,8,0.0074018358817697525,0.45687158727737665,-0.03387302280170456,0.4027325209439876
commons-beanutils,999,mid,0.3,none,37,166,5,0.021133573748656796,0.4887252073714999,0.017747334246289888,0.5283426529238183
commons-beanutils,999,fn_heavy,0.05,none,37,33,24,0.03880129605685375,0.40700154850998566,0.053203071980276365,0.5256643633769827
commons-beanutils,999,fn_heavy,0.1,none,37,38,8,0.055900368981162345,0.48438394534877044,0.07148762605847551,0.591563802584029
commons-beanutils,999,fn_heavy,0.15,none,37,51,0,0.0948370164649203,0.5308590048499424,0.022493078243431663,0.5407613047495614
commons-beanutils,999,fn_heavy,0.2,none,37,72,0,-0.01567902133070475,0.42031897832263115,0.009280773397716895,0.5112946580425788
commons-beanutils,999,fn_heavy,0.25,none,37,94,0,-0.0009628724144767894,0.4457296383239292,0.006742580644016456,0.5052647964565106
commons-beanutils,999,fn_heavy,0.3,none,37,111,0,-0.030044543900522448,0.3953525827613015,-0.043067791509366765,0.38296287380794847
commons-codec,7,symmetric,0.05,none,36,60,30,0.15673263290594835,0.653900508289606,0.022714285326904143,0.5235922405820406
commons-codec,7,symmetric,0.1,none,36,91,28,0.1091440345207269,0.6105119854978296,0.011218076627744501,0.5107437618945704
commons-codec,7,symmetric,0.15,none,36,130,28,0.06505865775652,0.5560234466440005,0.11463430523742288,0.6752017457429016
commons-codec,7,symmetric,0.2,none,36,179,28,0.054576438613632296,0.5473111333444405,-0.029859411360137363,0.4271500241154927
commons-codec,7,symmetric,0.25,none,36,202,23,0.03479909750568691,0.5143943503033761,-0.060614306712319266,0.3660144281094907
commons-codec,7,symmetric,0.3,none,36,236,23,0.028277385534839366,0.5004245262450797,0.04341856953515387,0.5686507882700036
commons-codec,7,fp_heavy,0.05,none,36,58,29,0.14728602280485914,0.6403552907723051,0.11221027812141818,0.6723692211134372
commons-codec,7,fp_heavy,0.1,none,36,91,28,0.1091440345207269,0.6105119854978296,0.011218076627744501,0.5107437618945704
commons-codec,7,fp_heavy,0.15,none,36,129,28,0.03990422928964502,0.516372876942471,0.05537467921891042,0.5846941116572704
commons-codec,7,fp_heavy,0.2,none,36,169,23,0.05847189612891189,0.5506959402630164,-0.028511888535428166,0.4291204269875359
commons-codec,7,fp_heavy,0.25,none,36,194,21,0.020166249371852057,0.4897211119354802,0.07107062378902479,0.6114069308528131
commons-codec,7,fp_heavy,0.3,none,36,232,20,0.012658160582209305,0.46287434185492676,-0.0033811766245901505,0.4900765912294993
commons-codec,7,mid,0.05,none,36,56,28,0.1130944844424048,0.6025766014539613,0.0059123649516933975,0.4744684347842658
commons-codec,7,mid,0.1,none,36,80,23,0.038289889337706114,0.5132568772525058,-0.021691070345116394,0.4384346160173984
commons-codec,7,mid,0.15,none,36,112,20,0.01904540044811921,0.4905703469483758,0.07228502641802356,0.6120205516054619
commons-codec,7,mid,0.2,none,36,140,12,0.014722003084103612,0.49855122712118033,0.07939187388128956,0.6241086586068763
commons-codec,7,mid,0.25,none,36,176,7,-0.00840427900384786,0.42267626250877277,-0.09979808434320048,0.2286298161335646
commons-codec,7,mid,0.3,none,36,202,4,-0.04535412898903164,0.37093966371206566,-0.11783353427187732,0.20200675471381113
commons-codec,7,fn_heavy,0.05,none,36,39,20,0.053323990126076984,0.4974096492197342,0.03018541650018559,0.5087216099304207
commons-codec,7,fn_heavy,0.1,none,36,50,6,0.03938928866186856,0.4966428699683186,-0.05472150300767105,0.3825255845795514
commons-codec,7,fn_heavy,0.15,none,36,65,0,0.03743089669967559,0.4960694783400786,-0.08681845898764357,0.29047075678357703
commons-codec,7,fn_heavy,0.2,none,36,91,0,-0.009890374178100361,0.4296868866022573,0.09292756601137712,0.6431875293511865
commons-codec,7,fn_heavy,0.25,none,36,119,0,0.004608104131255406,0.4687821838733382,-0.04525043537777153,0.3833531801959471
commons-codec,7,fn_heavy,0.3,none,36,154,0,-0.0234066130420276,0.410130793836712,0.017996911713714994,0.5241197145379723
commons-codec,13,symmetric,0.05,none,36,73,32,0.10550212480728813,0.5908157049381101,0.13048330366525324,0.6971045907510781
commons-codec,13,symmetric,0.1,none,36,107,30,0.03956951315576382,0.5206287331290645,0.10568862051230062,0.6589726037532947
commons-codec,13,symmetric,0.15,none,36,138,28,0.04893641760248151,0.5311368118949017,0.11573908253215731,0.6769039601570661
commons-codec,13,symmetric,0.2,none,36,163,24,0.01728093557000398,0.49539540985554464,0.10424526169222413,0.6608050390134853
commons-codec,13,symmetric,0.25,none,36,190,24,0.0176031170280275,0.4848586616108554,0.04805843783598697,0.5730884752799389
commons-codec,13,symmetric,0.3,none,36,236,23,0.06187379677533526,0.5506985708739078,0.09869022511384962,0.6528498394633308
commons-codec,13,fp_heavy,0.05,none,36,72,31,0.10550212480728813,0.5908157049381101,0.13048330366525324,0.6971045907510781
commons-codec,13,fp_heavy,0.1,none,36,103,28,0.02893546373239016,0.4997361348756688,0.09449313558099456,0.6442791971202564
commons-codec,13,fp_heavy,0.15,none,36,134,24,0.04749143155530269,0.5287316220724554,0.11926407998459207,0.6825124502817871
commons-codec,13,fp_heavy,0.2,none,36,162,23,0.007627133634878314,0.48053621896373166,0.10583718083456992,0.6632995400342842
commons-codec,13,fp_heavy,0.25,none,36,185,22,0.006981682521408187,0.47730370587597165,-0.0331126165615001,0.4187381942270822
commons-codec,13,fp_heavy,0.3,none,36,229,20,0.07318555347724705,0.5617713603659059,0.07259853800161017,0.6138310637518938
commons-codec,13,mid,0.05,none,36,66,28,0.11557436537444565,0.5923992726015421,0.03900181562857178,0.5373893936590177
commons-codec,13,mid,0.1,none,36,92,23,0.010765925437933591,0.4548448977731498,0.04509350305510534,0.5558849388847111
commons-codec,13,mid,0.15,none,36,122,19,0.020949275170411945,0.4878683896126014,0.06415264545016588,0.5991365395860282
commons-codec,13,mid,0.2,none,36,145,14,0.019834795263108308,0.4939467813222458,0.13274971659741447,0.7018158304273725
commons-codec,13,mid,0.25,none,36,164,8,0.04133656431455837,0.5337138545266166,0.11310413559836832,0.6737383486669759
commons-codec,13,mid,0.3,none,36,194,2,-0.012873685639154434,0.4437620990746964,0.084691307836724,0.6318417848749521
commons-codec,13,fn_heavy,0.05,none,36,52,22,0.09690499037316438,0.5670878162326656,0.03348275712512861,0.5307188249759875
commons-codec,13,fn_heavy,0.1,none,36,60,6,0.05627513610395106,0.5193637380490514,-0.05116750144455382,0.3671226474697244
commons-codec,13,fn_heavy,0.15,none,36,78,0,-0.0595392098189401,0.33104664634862163,-0.06641234650267848,0.32125194626378234
commons-codec,13,fn_heavy,0.2,none,36,103,0,-0.019420494627940103,0.4187915802314329,0.07536990752618314,0.6180514593591421
commons-codec,13,fn_heavy,0.25,none,36,119,0,-0.048499331744412746,0.35571513147041456,0.09012602252236698,0.6399073012648757
commons-codec,13,fn_heavy,0.3,none,36,142,0,-0.03665133264403933,0.3996475291665632,0.12722120142660073,0.6938209102848351
commons-codec,21,symmetric,0.05,none,36,72,31,0.08422287955038474,0.5536225454385224,0.11062400084817181,0.637622583345023
commons-codec,21,symmetric,0.1,none,36,101,30,0.08382437741137658,0.5508291894230217,-0.07078881811371918,0.29797628175776086
commons-codec,21,symmetric,0.15,none,36,130,28,0.09025715460806703,0.5737528140634032,-0.014361789642136163,0.44057655220631853
commons-codec,21,symmetric,0.2,none,36,160,28,0.12560004113902684,0.6337390588439719,0.11850099648067244,0.6814182793644252
commons-codec,21,symmetric,0.25,none,36,196,27,0.10886267986018128,0.6157244914003086,0.1182026022023901,0.6801976415697508
commons-codec,21,symmetric,0.3,none,36,244,25,0.06746399126439737,0.570209687711281,0.12262682556126077,0.6874905816928853
commons-codec,21,fp_heavy,0.05,none,36,72,31,0.08422287955038474,0.5536225454385224,0.11062400084817181,0.637622583345023
commons-codec,21,fp_heavy,0.1,none,36,99,30,0.11950500120896698,0.6040179883107109,0.15924119077357138,0.7243147018026096
commons-codec,21,fp_heavy,0.15,none,36,129,28,0.10152356540076035,0.5888504254893197,-0.0058060070199284965,0.45590371712390687
commons-codec,21,fp_heavy,0.2,none,36,154,26,0.0684064591954978,0.5605311262804888,-0.00982086973379305,0.4531818996328321
commons-codec,21,fp_heavy,0.25,none,36,189,23,0.06374938299720403,0.5603888169873608,0.09935865881969251,0.6523414680829442
commons-codec,21,fp_heavy,0.3,none,36,238,22,0.06907172728359448,0.568748215092366,0.07782449389175035,0.6217601499248323
commons-codec,21,mid,0.05,none,36,69,30,0.08340430027656733,0.5516710131537457,-0.024634104619762263,0.3366211051234552
commons-codec,21,mid,0.1,none,36,89,26,0.10234021099724666,0.5844676327000194,0.13399863324005257,0.6988575187588817
commons-codec,21,mid,0.15,none,36,117,22,0.1177352953410583,0.6094902089247898,0.12884426142430982,0.695501654003985
commons-codec,21,mid,0.2,none,36,138,18,0.10626529529964951,0.6056284163397695,-0.0037502760297299566,0.4604251004526763
commons-codec,21,mid,0.25,none,36,166,14,0.1117980404632618,0.6188276106086543,-0.019241082391767233,0.4458403028623391
commons-codec,21,mid,0.3,none,36,208,10,0.01882298681033567,0.509940604465777,-0.0415140650500192,0.39794667948514156
commons-codec,21,fn_heavy,0.05,none,36,53,22,0.11046385083258314,0.5875114003441244,0.09945081226727442,0.5961222093976605
commons-codec,21,fn_heavy,0.1,none,36,65,12,0.02878401616227392,0.4879216275818792,0.07791781277847276,0.6172796515697195
commons-codec,21,fn_heavy,0.15,none,36,73,0,0.06992824365524228,0.5320607824559925,0.07866929777169446,0.6178149196659866
commons-codec,21,fn_heavy,0.2,none,36,95,0,0.09903058818320487,0.5845782821333086,0.13024763144386098,0.698343404418749
commons-codec,21,fn_heavy,0.25,none,36,114,0,0.06358174697669788,0.5403456442542387,0.10008833056262781,0.6541489410587047
commons-codec,21,fn_heavy,0.3,none,36,134,0,0.04067887077502823,0.5284441895608953,0.10222792697599187,0.6554464243143704
commons-codec,42,symmetric,0.05,none,36,71,34,0.1092932107454677,0.607706951749253,0.11838532650968255,0.6806565352246198
commons-codec,42,symmetric,0.1,none,36,103,33,0.047293003953511256,0.5309707533211496,-0.01744323652868817,0.43919001442975575
commons-codec,42,symmetric,0.15,none,36,158,33,0.04331421816865039,0.5205783264015849,0.06331817492481237,0.5905495910094487
commons-codec,42,symmetric,0.2,none,36,190,31,0.051495226988378134,0.5534889936426529,-0.014091530556245253,0.4509559359075122
commons-codec,42,symmetric,0.25,none,36,222,31,-0.007183656369372768,0.4694527909219873,0.07891224676657946,0.622640969317108
commons-codec,42,symmetric,0.3,none,36,254,31,0.022454457665267557,0.5198284782835112,0.09048057380475284,0.6407115034711182
commons-codec,42,fp_heavy,0.05,none,36,70,34,0.10887482189190477,0.5945146474538383,-0.007169451044642086,0.43312278415247873
commons-codec,42,fp_heavy,0.1,none,36,102,33,0.03756670263250623,0.5126810614587908,-0.052495517695135906,0.35166159104682754
commons-codec,42,fp_heavy,0.15,none,36,154,31,0.04581912338134879,0.5331550084760117,0.06590098684086636,0.6034903398402279
commons-codec,42,fp_heavy,0.2,none,36,187,31,0.004273277438207954,0.47281382065727395,0.0539822417659313,0.5811222586543501
commons-codec,42,fp_heavy,0.25,none,36,217,29,-0.034348076370140375,0.42955467292402943,0.04907009638040536,0.5726291907345772
commons-codec,42,fp_heavy,0.3,none,36,244,26,0.005968422477730879,0.49371980032502794,0.08509893116638792,0.6319821456165976
commons-codec,42,mid,0.05,none,36,66,33,0.10573519970917995,0.5845447534980376,-0.007702602870537858,0.42618551224134543
commons-codec,42,mid,0.1,none,36,95,31,0.020201847365508684,0.47980973044680286,-0.06688978313199638,0.3112215446199101
commons-codec,42,mid,0.15,none,36,135,26,0.046238222328459706,0.5403354381444352,0.006524298008940976,0.4984068130956472
commons-codec,42,mid,0.2,none,36,171,23,-0.024074993723803943,0.43893115431963076,-0.04750875470599177,0.37246926884502035
commons-codec,42,mid,0.25,none,36,184,14,-0.02067705324874062,0.4513827341485119,0.11696075664960817,0.6790934385240336
commons-codec,42,mid,0.3,none,36,205,4,-0.03286047184289682,0.42244179847671426,0.06417407415916813,0.5988882217662924
commons-codec,42,fn_heavy,0.05,none,36,50,29,0.13316614227191859,0.6105734071922007,-0.006513676089494639,0.41479254887417144
commons-codec,42,fn_heavy,0.1,none,36,64,12,0.008122812492074588,0.4607802796283986,-0.05359744124326786,0.3404535239746847
commons-codec,42,fn_heavy,0.15,none,36,71,0,-0.024253676004218145,0.3959812943821845,-0.055276644335612427,0.34032592728683153
commons-codec,42,fn_heavy,0.2,none,36,109,0,-0.01184744200003787,0.43317284359058317,-0.06649281468303361,0.3069716959267973
commons-codec,42,fn_heavy,0.25,none,36,138,0,-0.015505142054839136,0.4373200348683044,0.0736132420680978,0.6146863719289937
commons-codec,42,fn_heavy,0.3,none,36,163,0,0.01647735945849465,0.4923857397343563,0.1314932143322262,0.6984210932389693
commons-codec,77,symmetric,0.05,none,36,67,35,0.1038902374438696,0.5824462898657862,0.07215450386826529,0.5608914480522236
commons-codec,77,symmetric,0.1,none,36,110,33,0.04932516369650298,0.5333860678339681,0.13719148791747512,0.686076053641777
commons-codec,77,symmetric,0.15,none,36,148,31,0.05087611146091888,0.5295740132036783,-0.06440966513665376,0.319751021138264
commons-codec,77,symmetric,0.2,none,36,176,29,0.015489511170753832,0.49211205601112956,-0.06634671455256998,0.30315379994165886
commons-codec,77,symmetric,0.25,none,36,210,28,0.054122791917678124,0.5529371553307548,0.062052997266202864,0.5970859397605476
commons-codec,77,symmetric,0.3,none,36,242,26,0.033253466201575974,0.5271990622173403,0.09383836698851078,0.6456873918858287
commons-codec,77,fp_heavy,0.05,none,36,64,34,0.1480654459562699,0.6418194385138889,0.07868930541701204,0.569335667244916
commons-codec,77,fp_heavy,0.1,none,36,107,32,0.035899369059736175,0.5117676991930982,-0.005892998635778111,0.4192125839244537
commons-codec,77,fp_heavy,0.15,none,36,144,29,0.03959164211254425,0.5132066237348842,0.05531899021521214,0.5830786736914428
commons-codec,77,fp_heavy,0.2,none,36,173,28,0.0382859416071776,0.5330978970451544,-0.028481325189483195,0.4195117191665585
commons-codec,77,fp_heavy,0.25,none,36,205,24,0.0357764664382599,0.5303830386203393,0.0693371556846501,0.6061176355756092
commons-codec,77,fp_heavy,0.3,none,36,235,20,0.04124312211135167,0.533603459478705,0.063783315801257,0.5986169731882481
commons-codec,77,mid,0.05,none,36,62,32,0.1418483038714633,0.637097168565736,0.0754035097999676,0.5651811473295132
commons-codec,77,mid,0.1,none,36,96,28,0.052398493817778447,0.5362235311927354,0.007040327552077961,0.4792736839881991
commons-codec,77,mid,0.15,none,36,128,20,0.08471735276763592,0.5608986813391533,0.08245233076220303,0.6187574297403098
commons-codec,77,mid,0.2,none,36,151,17,0.061068854593661154,0.5531599085261764,-0.026426691145944675,0.42467249375348975
commons-codec,77,mid,0.25,none,36,174,9,0.003917597929165139,0.4774499271299284,-0.06531639785989303,0.32261922913497665
commons-codec,77,mid,0.3,none,36,205,3,0.03768361339183266,0.5311564533651095,0.10165580024796105,0.6560478736755376
commons-codec,77,fn_heavy,0.05,none,36,47,23,0.12272206811919376,0.5954958408484757,0.04272485191057279,0.5262088150355709
commons-codec,77,fn_heavy,0.1,none,36,55,7,0.02257797899773725,0.4600981622661186,0.001055118842746982,0.46241857280886683
commons-codec,77,fn_heavy,0.15,none,36,78,0,0.008722835660542157,0.454988519817997,0.12544772855190317,0.6751128760794852
commons-codec,77,fn_heavy,0.2,none,36,108,0,0.016904732514536995,0.47608837046161795,0.08386610629802328,0.6210198046994762
commons-codec,77,fn_heavy,0.25,none,36,128,0,-0.006655376362399115,0.44457151903380593,-0.07359803570334801,0.2892561704474371
commons-codec,77,fn_heavy,0.3,none,36,150,0,-0.02339034840332014,0.42223601987527504,-0.06289105530671922,0.31450521643134044
commons-codec,101,symmetric,0.05,none,36,64,33,0.06297394052643765,0.5149615477375739,-0.004429396152696206,0.4342404853559547
commons-codec,101,symmetric,0.1,none,36,107,29,0.1205010462798368,0.6010923358136652,0.07234647825740853,0.6061409832488384
commons-codec,101,symmetric,0.15,none,36,140,29,0.1252643732143154,0.6116134928735445,-0.039767679935596316,0.37368780530440776
commons-codec,101,symmetric,0.2,none,36,175,27,0.13714379205822008,0.6350123289645819,0.10661522814304841,0.6640389305154358
commons-codec,101,symmetric,0.25,none,36,206,25,0.060974462817960574,0.5598491121436019,-0.03424012952411923,0.41430232482401075
commons-codec,101,symmetric,0.3,none,36,237,23,0.08662015383631182,0.5895703472961754,-0.021318939890762927,0.45169469153169156
commons-codec,101,fp_heavy,0.05,none,36,62,31,0.12209882036886346,0.5999381465539921,0.035038226809652094,0.5127561165415859
commons-codec,101,fp_heavy,0.1,none,36,104,29,0.09492317161722633,0.5706557214389334,0.07631038456331381,0.6137785547816936
commons-codec,101,fp_heavy,0.15,none,36,137,27,0.11578353583288063,0.5916755773180371,-0.06104044252762182,0.3000822134662273
commons-codec,101,fp_heavy,0.2,none,36,169,25,0.1389075596789643,0.6419783768132585,0.15769315400255787,0.7352961949214554
commons-codec,101,fp_heavy,0.25,none,36,197,21,0.10590140253206456,0.6087427199265244,-0.04367303807732128,0.4051673567950154
commons-codec,101,fp_heavy,0.3,none,36,227,18,0.11351969656069406,0.6182658447261212,-0.031711558441749985,0.4283810746237311
commons-codec,101,mid,0.05,none,36,59,29,0.05550939389824327,0.500863621772461,0.015222582381022792,0.4786821437710677
commons-codec,101,mid,0.1,none,36,93,24,0.08534205006065268,0.5641169102753558,0.0911805853747617,0.630941567464084
commons-codec,101,mid,0.15,none,36,123,17,0.11111917798810862,0.5979689626625245,-0.013453609438331975,0.4172510985913948
commons-codec,101,mid,0.2,none,36,149,11,0.08895038029851152,0.5756045389959359,-0.01804614670788638,0.43801609889818793
commons-codec,101,mid,0.25,none,36,170,8,0.13816232059038647,0.644511499426581,0.09538283139608479,0.6479176038381464
commons-codec,101,mid,0.3,none,36,202,7,0.05824424686849854,0.5458344232907237,-0.07831314815826768,0.3160397088862127
commons-codec,101,fn_heavy,0.05,none,36,37,20,0.10187139643956453,0.5554729970094902,0.02792989879774086,0.5010686877624635
commons-codec,101,fn_heavy,0.1,none,36,55,8,0.050002219689236176,0.48843847530417,-0.021079360132861515,0.399690234458447
commons-codec,101,fn_heavy,0.15,none,36,78,0,0.06918288285443532,0.5074995100612739,-0.08282392571227325,0.2392151843705457
commons-codec,101,fn_heavy,0.2,none,36,105,0,0.09369637042359262,0.5463550743462174,-0.0775687564864281,0.2700467366982507
commons-codec,101,fn_heavy,0.25,none,36,129,0,0.08145035879796643,0.543161113820573,-0.06609897761312307,0.33028484246052286
commons-codec,101,fn_heavy,0.3,none,36,152,0,0.11360154637368032,0.5932942836200439,0.06878512769188959,0.6045912932513358
commons-codec,123,symmetric,0.05,none,36,69,36,0.09884419196738771,0.5787156063021365,0.028526844184065432,0.5221433415140434
commons-codec,123,symmetric,0.1,none,36,103,34,0.023558953219055104,0.49479536221337345,0.09809764369199794,0.6436279530494201
commons-codec,123,symmetric,0.15,none,36,136,34,-0.01828857151424095,0.44042232537606074,0.1074686647971657,0.6650614468511038
commons-codec,123,symmetric,0.2,none,36,164,30,0.018644807629944794,0.5006496816653201,0.107138383627205,0.6650609109077177
commons-codec,123,symmetric,0.25,none,36,204,27,0.0160201366479863,0.5082423342682587,-0.007172190169255684,0.4831991275453273
commons-codec,123,symmetric,0.3,none,36,237,25,0.012535855539195718,0.5084799371922359,-0.03134079362453419,0.43526760860563457
commons-codec,123,fp_heavy,0.05,none,36,68,35,0.10861510636969708,0.5940767906719052,0.03449704510136352,0.530322797240102
commons-codec,123,fp_heavy,0.1,none,36,101,34,0.05763401881950905,0.5480395146202811,0.1423735836666418,0.7150314923519169
commons-codec,123,fp_heavy,0.15,none,36,130,30,-0.00850689130063532,0.44010552709410333,0.11174118867735254,0.6717671030736988
commons-codec,123,fp_heavy,0.2,none,36,157,25,0.009460663295976328,0.48255446322480544,-0.02203214787233252,0.4390825635408456
commons-codec,123,fp_heavy,0.25,none,36,199,24,0.006460318164094896,0.4963650426887968,0.09696041648376379,0.6497729988017
commons-codec,123,fp_heavy,0.3,none,36,230,21,-0.02828823421915858,0.4453787495864322,-0.0035175722688696835,0.4871507594260204
commons-codec,123,mid,0.05,none,36,65,34,0.1422097796843971,0.6337960340705797,0.033067154732608094,0.5201444335629043
commons-codec,123,mid,0.1,none,36,86,25,-0.00033003279313074073,0.45726617525708296,0.004309169484959394,0.4671898977072837
commons-codec,123,mid,0.15,none,36,108,19,-0.04375564559445434,0.3870628381870277,0.04065550881984316,0.5600968159988653
commons-codec,123,mid,0.2,none,36,145,18,-0.022650149680185847,0.43789656227345847,0.11128282038617254,0.670660738447062
commons-codec,123,mid,0.25,none,36,168,15,0.023097690125302973,0.5147054357936229,-0.0025745532765419485,0.46960139306283155
commons-codec,123,mid,0.3,none,36,193,3,0.017322821503445995,0.5083583845344388,0.09635726405128951,0.6486939397557616
commons-codec,123,fn_heavy,0.05,none,36,45,21,0.038317117529105646,0.46376248432142936,0.07371884622923063,0.5748678623077528
commons-codec,123,fn_heavy,0.1,none,36,50,10,-0.041241817721766015,0.3648824237752235,-0.003969151327266947,0.4612768551720111
commons-codec,123,fn_heavy,0.15,none,36,69,0,-0.027330542277968696,0.40513764291932414,-0.02411750144896117,0.4355173544802624
commons-codec,123,fn_heavy,0.2,none,36,88,0,-0.06388612855558728,0.33907490702212656,-0.04325349022408539,0.3803095155649765
commons-codec,123,fn_heavy,0.25,none,36,119,0,-0.024748202888666717,0.42066825470327246,0.11157481888327955,0.6716322606499411
commons-codec,123,fn_heavy,0.3,none,36,135,0,-0.04977245201584175,0.3757765436776379,0.0643950387363309,0.6013185471827038
commons-codec,202,symmetric,0.05,none,36,70,33,0.12633760103179822,0.6082754088270004,0.15520074100675707,0.732309958639318
commons-codec,202,symmetric,0.1,none,36,88,30,0.10229922591285819,0.5822771306025455,0.09368327021769313,0.6432230877564442
commons-codec,202,symmetric,0.15,none,36,127,29,0.0345889440482354,0.4979753303350717,-0.07522082988105293,0.28656781901204526
commons-codec,202,symmetric,0.2,none,36,157,25,0.05919190717167325,0.5462140840293228,-0.07608490021236787,0.32105349175618036
commons-codec,202,symmetric,0.25,none,36,195,22,0.01745584323592394,0.4810923301178426,-0.09282610644492204,0.24618773466356828
commons-codec,202,symmetric,0.3,none,36,231,21,-0.0446831069740719,0.40385833280146266,0.0342048129986486,0.5502227736460205
commons-codec,202,fp_heavy,0.05,none,36,70,33,0.12633760103179822,0.6082754088270004,0.15520074100675707,0.732309958639318
commons-codec,202,fp_heavy,0.1,none,36,85,29,0.13856421277500597,0.6221866268614542,0.1467575752279442,0.7176372581089232
commons-codec,202,fp_heavy,0.15,none,36,120,25,0.007285334237227904,0.4677773824831009,-0.036245359524224564,0.392654304664357
commons-codec,202,fp_heavy,0.2,none,36,151,22,0.05028018371178522,0.5330226556667603,-0.07714023144353056,0.31574827682379264
commons-codec,202,fp_heavy,0.25,none,36,191,19,0.009010394196292638,0.465892923425198,-0.09350589586237597,0.24102708334811032
commons-codec,202,fp_heavy,0.3,none,36,223,15,0.018775893332542825,0.484320679843766,0.04552593831831468,0.5705822202716864
commons-codec,202,mid,0.05,none,36,65,29,0.15134984906600438,0.635560088415062,0.17102181945766165,0.7534019788378227
commons-codec,202,mid,0.1,none,36,74,21,0.09956750076907107,0.5732052593743109,0.12021571826745303,0.6737108146141181
commons-codec,202,mid,0.15,none,36,101,13,0.06379312588411744,0.5317903185574019,0.011381228727883084,0.5021870096328848
commons-codec,202,mid,0.2,none,36,131,10,0.0329000403237492,0.4794559426890781,-0.10610234488691195,0.19982121068345143
commons-codec,202,mid,0.25,none,36,166,7,0.007846967992743903,0.45124022077588133,-0.09853423963608632,0.22419644858052679
commons-codec,202,mid,0.3,none,36,189,2,-0.040537866170330714,0.38153124898113,-0.11303846137357385,0.142635641570868
commons-codec,202,fn_heavy,0.05,none,36,43,15,0.15311679707520226,0.6158585112162097,0.1615910217741359,0.7388851147862562
commons-codec,202,fn_heavy,0.1,none,36,50,7,0.06826231515700805,0.5205346114353325,0.07725719876302889,0.6191396645264368
commons-codec,202,fn_heavy,0.15,none,36,59,0,0.09548601645344564,0.5525117141193823,0.11403188588985956,0.6744528142253563
commons-codec,202,fn_heavy,0.2,none,36,87,0,0.03445846835268183,0.4823269973845087,0.08216506972844194,0.6271877716154763
commons-codec,202,fn_heavy,0.25,none,36,110,0,0.015790130358831336,0.44737501464624535,-0.0847920709162218,0.23533707117314773
commons-codec,202,fn_heavy,0.3,none,36,136,0,0.0179225373385699,0.45961961718421945,-0.09584826614567973,0.2245017459672982
commons-codec,314,symmetric,0.05,none,36,70,35,0.07508605922764927,0.556548379613443,0.17424304894566628,0.7394271144801686
commons-codec,314,symmetric,0.1,none,36,101,34,0.14544758231794266,0.6481333892350669,0.08248164062716264,0.6287287541953159
commons-codec,314,symmetric,0.15,none,36,135,30,0.03892008197261705,0.5201874010174041,0.04678848014217429,0.5707810454270503
commons-codec,314,symmetric,0.2,none,36,170,27,0.06223493123973025,0.5613222638149085,0.11451786745008388,0.675816330925024
commons-codec,314,symmetric,0.25,none,36,214,27,-0.01849807400525428,0.4529842535582091,-0.0840933848207929,0.292577057652959
commons-codec,314,symmetric,0.3,none,36,252,24,0.04575277207381469,0.5522100234320357,0.10397700101619438,0.6595423762735863
commons-codec,314,fp_heavy,0.05,none,36,69,34,0.07403049762693528,0.5556832176347196,0.16534117167517356,0.7319129459052476
commons-codec,314,fp_heavy,0.1,none,36,97,30,0.09044152073756963,0.583782054280132,0.04252236065868706,0.5674521849177626
commons-codec,314,fp_heavy,0.15,none,36,130,27,0.0083685851844072,0.4750508240303739,0.04498388522104171,0.5656086605200874
commons-codec,314,fp_heavy,0.2,none,36,166,25,0.03719823814348832,0.5281782201115205,0.09747987287836937,0.6510667732952121
commons-codec,314,fp_heavy,0.25,none,36,207,22,0.02399309946002086,0.5171894557114802,0.09789634703226957,0.6516047822456225
commons-codec,314,fp_heavy,0.3,none,36,247,21,-0.006013799953644394,0.4843331262138468,0.05652655490145643,0.5885240900752851
commons-codec,314,mid,0.05,none,36,65,30,0.05753906426904629,0.5194027086100754,0.023326669331158963,0.4772196216028468
commons-codec,314,mid,0.1,none,36,87,25,0.07539988617154834,0.5565706271341325,0.12292496065438918,0.6875272771802645
commons-codec,314,mid,0.15,none,36,112,21,0.01814226960788978,0.4930240936880131,0.08183509477558659,0.62655127397335
commons-codec,314,mid,0.2,none,36,144,15,0.03787901804187018,0.5238770434208814,0.09752573761368205,0.651123799297081
commons-codec,314,mid,0.25,none,36,178,10,0.046467568863020586,0.5295224554505735,0.04800320753687035,0.5733193566960961
commons-codec,314,mid,0.3,none,36,209,5,-0.030282605241531715,0.43933719315276476,0.058084530603779126,0.5914168981245459
commons-codec,314,fn_heavy,0.05,none,36,47,21,0.06602954505030346,0.5099763637649772,0.02011900396669474,0.4878811797060333
commons-codec,314,fn_heavy,0.1,none,36,58,9,0.050445120225055054,0.5099905166946506,0.11552073650387051,0.6773070495439593
commons-codec,314,fn_heavy,0.15,none,36,68,0,0.06947770705858952,0.5354775187582562,0.060738390553823615,0.5950806894326328
commons-codec,314,fn_heavy,0.2,none,36,89,0,0.039898395358258336,0.5104412781411609,0.07118710010530399,0.6109374040914846
commons-codec,314,fn_heavy,0.25,none,36,124,0,0.026469816679543488,0.5027174866136273,0.1317152903333299,0.7001478830110983
commons-codec,314,fn_heavy,0.3,none,36,148,0,0.0007126294602140469,0.46451542798710227,0.08230690469729922,0.6280695265730779
commons-codec,999,symmetric,0.05,none,36,69,35,0.03871094573080742,0.4915234868247075,-0.02896618920838994,0.4314776519271541
commons-codec,999,symmetric,0.1,none,36,103,31,0.06664101641836236,0.5486162899116238,-0.012826825235315045,0.4397400366190525
commons-codec,999,symmetric,0.15,none,36,137,27,-0.004140347118991189,0.4620022251801399,-0.05066697864621801,0.3729012536970837
commons-codec,999,symmetric,0.2,none,36,171,26,-0.035188537925118175,0.43708058165584474,-0.05440919544189317,0.3619229460367426
commons-codec,999,symmetric,0.25,none,36,201,24,-0.062186169802836776,0.394304692533603,-0.06377513994082591,0.3461521961195678
commons-codec,999,symmetric,0.3,none,36,244,21,-0.04185361074066281,0.4431684412212884,-0.028299815335075723,0.43001041232964754
commons-codec,999,fp_heavy,0.05,none,36,68,34,0.07276521119745155,0.5402570477079397,0.00832606246659262,0.4980400544531251
commons-codec,999,fp_heavy,0.1,none,36,99,27,0.001394006488898716,0.438421400171117,-0.09923569585045684,0.1888904795491561
commons-codec,999,fp_heavy,0.15,none,36,133,26,-0.03544474023112335,0.3976560929719075,-0.04489694350964425,0.3786344144632132
commons-codec,999,fp_heavy,0.2,none,36,163,24,-0.058700131216010726,0.3985624848539848,-0.05873690458013917,0.346149900448183
commons-codec,999,fp_heavy,0.25,none,36,196,21,-0.051828431658038285,0.40984152877146535,-0.059696697629434095,0.35611191553046595
commons-codec,999,fp_heavy,0.3,none,36,238,19,-0.09554306101941794,0.3277282204291035,-0.08153672493629019,0.27856936703551133
commons-codec,999,mid,0.05,none,36,59,27,0.03112043817828786,0.47880664450212707,-0.0376866129446524,0.42267192704343937
commons-codec,999,mid,0.1,none,36,86,22,0.002064949629117321,0.4524539075168572,-0.07133720955783475,0.3094208646455384
commons-codec,999,mid,0.15,none,36,115,19,0.008932806963686368,0.4697753275667583,-0.015382219896519368,0.4498655499098219
commons-codec,999,mid,0.2,none,36,141,16,-0.05276694374959759,0.4014251540626055,-0.020094881077387758,0.43996080330026505
commons-codec,999,mid,0.25,none,36,174,12,-0.018244530519908764,0.4566507758027159,-0.018523377565634856,0.44875801645168195
commons-codec,999,mid,0.3,none,36,206,5,-0.059493106065170095,0.390659807642294,-0.06703356349299112,0.30868163554971706
commons-codec,999,fn_heavy,0.05,none,36,43,21,0.08480727493960952,0.552059586114573,0.07312949383216752,0.6088208123710921
commons-codec,999,fn_heavy,0.1,none,36,57,10,0.023051057102656758,0.4823036309238284,-0.036720175718283586,0.41729814282093564
commons-codec,999,fn_heavy,0.15,none,36,73,0,-0.0475893768573355,0.29366483777118896,0.04343444415836865,0.560073530112017
commons-codec,999,fn_heavy,0.2,none,36,96,0,-0.027447757406987766,0.3797067691855838,-0.08419880721454587,0.27722600442676976
commons-codec,999,fn_heavy,0.25,none,36,117,0,-0.01021065541440622,0.432660572703038,-0.05951666788456879,0.3500976640738858
commons-codec,999,fn_heavy,0.3,none,36,146,0,-0.08495414290190159,0.3268777770043007,-0.05412650237073458,0.3510889151660392
commons-collections,7,symmetric,0.05,none,50,130,47,0.05606776839604275,0.577882672737969,0.008005957569822947,0.49716879116528884
commons-collections,7,symmetric,0.1,none,50,222,45,0.04231145803034641,0.5633828856070682,0.021238910244004528,0.49745586572152856
commons-collections,7,symmetric,0.15,none,50,314,45,0.0038735431800883896,0.4484522761794118,0.06689499113204056,0.5894542663461024
commons-collections,7,symmetric,0.2,none,50,400,40,0.05977033937140114,0.5926101426034486,0.07101901836664067,0.5991842255737637
commons-collections,7,symmetric,0.25,none,50,480,38,-0.00037879511173417646,0.46260683747694153,-0.05510425636330772,0.3617651191303711
commons-collections,7,symmetric,0.3,none,50,575,35,0.003922391472066957,0.4629053128060489,-0.010576666887018934,0.4731490292177881
commons-collections,7,fp_heavy,0.05,none,50,129,46,0.04073389835509622,0.5564161940511317,-0.04592921092456649,0.39129485239859096
commons-collections,7,fp_heavy,0.1,none,50,221,45,0.04750178947635925,0.5637856880135559,0.036126786553831766,0.5330375207075424
commons-collections,7,fp_heavy,0.15,none,50,309,40,0.00425121848816502,0.46018388933196813,0.061258568790024615,0.5817955117868909
commons-collections,7,fp_heavy,0.2,none,50,392,36,0.010519858984107728,0.506774043331655,0.049913893690552075,0.5613626159237625
commons-collections,7,fp_heavy,0.25,none,50,470,34,0.0070262466354921276,0.4784016143838012,-0.027455632409817764,0.4245735536222004
commons-collections,7,fp_heavy,0.3,none,50,564,30,-0.0001505862760076687,0.4750376536099091,0.012941755059026134,0.5115340402209202
commons-collections,7,mid,0.05,none,50,126,45,0.056100399810507205,0.5784367578368043,-0.044799352161376746,0.3924670389803076
commons-collections,7,mid,0.1,none,50,204,35,0.06797097909815343,0.5973016360557879,0.08368166188912143,0.6086808064000966
commons-collections,7,mid,0.15,none,50,288,28,-0.00594341195497277,0.4355921024223846,0.08019768695405788,0.5997885988756093
commons-collections,7,mid,0.2,none,50,355,21,0.009227364391778271,0.4679857094621383,0.057991059771313254,0.5805164803355911
commons-collections,7,mid,0.25,none,50,430,12,0.02870192887995678,0.5619339058892424,-0.017433074704950438,0.43992873927446097
commons-collections,7,mid,0.3,none,50,508,4,-0.021345824655151856,0.4112649833066383,-0.09363028735982735,0.26416214096042817
commons-collections,7,fn_heavy,0.05,none,50,98,29,0.02809079678929326,0.524117696890325,-0.016309974115529455,0.4455546546775604
commons-collections,7,fn_heavy,0.1,none,50,142,4,0.00537804185432876,0.45325566500194736,0.06390689570703627,0.582504241950509
commons-collections,7,fn_heavy,0.15,none,50,204,0,0.041332470331526754,0.5660869318307291,0.14730947317532106,0.702385472782316
commons-collections,7,fn_heavy,0.2,none,50,281,0,0.002158233389379288,0.45000592209041873,0.015597266527901176,0.4982670310000225
commons-collections,7,fn_heavy,0.25,none,50,349,0,0.027974595617373983,0.5522964560857989,0.09613334401625176,0.6316825887884948
commons-collections,7,fn_heavy,0.3,none,50,418,0,0.015262491531907204,0.5366398205423346,0.03774921017825356,0.5426693454766508
commons-collections,13,symmetric,0.05,none,50,148,47,0.037227542704968274,0.5107182795773999,0.11100574079529765,0.6605881089467409
commons-collections,13,symmetric,0.1,none,50,236,42,0.019523494501456292,0.5092217616271932,0.07548466265508004,0.6062455167542447
commons-collections,13,symmetric,0.15,none,50,318,40,0.005780993423207985,0.4891914095665688,-0.018747557637144665,0.4305558845215856
commons-collections,13,symmetric,0.2,none,50,392,39,0.013952299251799067,0.5101560847793244,-0.05954214150982738,0.335440137128151
commons-collections,13,symmetric,0.25,none,50,474,37,-0.007982463849694263,0.4456084325107464,-0.042294291526001504,0.3971819304404281
commons-collections,13,symmetric,0.3,none,50,564,34,0.005934765250173697,0.4923081955306665,-0.002712458565625998,0.48415752215749
commons-collections,13,fp_heavy,0.05,none,50,145,45,0.03114857787039279,0.4865755610827787,0.11805488725368254,0.665914856501548
commons-collections,13,fp_heavy,0.1,none,50,232,40,0.017859963603424917,0.5207236870992434,0.09886610571813378,0.6434570801148632
commons-collections,13,fp_heavy,0.15,none,50,312,39,-0.0018558798582289258,0.4762881596120164,0.01642519036129674,0.5110469090583392
commons-collections,13,fp_heavy,0.2,none,50,386,35,0.0374697648844678,0.5742169697310887,0.01706044193711432,0.5122043370085392
commons-collections,13,fp_heavy,0.25,none,50,465,31,0.028367556657901923,0.5745317665156731,0.032314542906728964,0.5406288324830375
commons-collections,13,fp_heavy,0.3,none,50,550,24,-0.00727466218396074,0.43810839372365556,-0.0006863997905568856,0.4863664928733181
commons-collections,13,mid,0.05,none,50,137,40,0.06452951215688128,0.6011846400038173,0.13279680211575826,0.6902448074968138
commons-collections,13,mid,0.1,none,50,220,35,0.022610886052838387,0.5449864588024964,-0.008288435835675007,0.4675883850682128
commons-collections,13,mid,0.15,none,50,287,22,0.029679004114951637,0.5732865991947091,0.04563914231565549,0.5579750742221871
commons-collections,13,mid,0.2,none,50,357,18,-0.004009110924525317,0.4649341204894191,0.027224157014220155,0.5245655982727888
commons-collections,13,mid,0.25,none,50,432,12,-0.011841672064880243,0.47451615719563484,-0.09341697719863175,0.26110296471365113
commons-collections,13,mid,0.3,none,50,508,5,-0.003454759380132847,0.49941311768675495,-0.044991170743412814,0.3952341393142384
commons-collections,13,fn_heavy,0.05,none,50,107,22,0.027619077879050064,0.5404688411128381,-0.06284932486835906,0.33652938883290845
commons-collections,13,fn_heavy,0.1,none,50,159,5,-0.018221953549118902,0.3942746866660061,0.010627030093469273,0.4967939148202599
commons-collections,13,fn_heavy,0.15,none,50,223,0,0.02802644438740074,0.5503386515581268,0.03052222792548446,0.521989952908805
commons-collections,13,fn_heavy,0.2,none,50,289,0,0.010357082304787497,0.5110079910899059,-0.04405306548076284,0.3775394554744899
commons-collections,13,fn_heavy,0.25,none,50,351,0,0.03095702800057013,0.5502079350621911,0.044300179150589175,0.5550739158077924
commons-collections,13,fn_heavy,0.3,none,50,419,0,-0.008332717388125434,0.47691469382330187,0.018131848909436216,0.5133879288680157
commons-collections,21,symmetric,0.05,none,50,158,49,0.07353135155082648,0.5689512820205127,-0.0018362686740316016,0.4436413998910026
commons-collections,21,symmetric,0.1,none,50,234,47,0.0409301058647777,0.5369421640737901,-0.021355224457862313,0.42634648958967214
commons-collections,21,symmetric,0.15,none,50,315,46,0.023674771193289552,0.5172303286025914,-0.008533925918732298,0.4719711978274357
commons-collections,21,symmetric,0.2,none,50,391,45,0.03531669068048033,0.5619451118960395,-0.05178750485043548,0.3637064719493047
commons-collections,21,symmetric,0.25,none,50,472,44,0.03791995073077937,0.5655256139427515,-0.04686812925217296,0.3697833334192055
commons-collections,21,symmetric,0.3,none,50,566,40,0.002700921658450699,0.5000005916821932,0.03737787583436885,0.5538565428266996
commons-collections,21,fp_heavy,0.05,none,50,158,49,0.07353135155082648,0.5689512820205127,-0.0018362686740316016,0.4436413998910026
commons-collections,21,fp_heavy,0.1,none,50,231,46,0.07391355182283338,0.5905850337417033,-0.02727377275074646,0.3931382642077757
commons-collections,21,fp_heavy,0.15,none,50,313,45,0.015027595486404284,0.48745480784120915,0.005163660721900412,0.4863618201395049
commons-collections,21,fp_heavy,0.2,none,50,386,42,0.01751433328339777,0.5305233833153875,-0.01046086442023449,0.4477118284304275
commons-collections,21,fp_heavy,0.25,none,50,463,39,0.027663494480838238,0.5419957459494501,0.07185837532235237,0.5957900921609266
commons-collections,21,fp_heavy,0.3,none,50,555,34,0.0387786412725641,0.5693390099108742,-0.0001498507917076584,0.4873697019151359
commons-collections,21,mid,0.05,none,50,152,46,0.06821594573874452,0.55503073788462,-0.03326099666593022,0.39176589574468146
commons-collections,21,mid,0.1,none,50,215,40,0.05132313177398914,0.5622645977099752,0.03167877173986256,0.5251094971805174
commons-collections,21,mid,0.15,none,50,290,33,0.014840275774625097,0.481904625600813,-0.009603381187338679,0.45191146233320056
commons-collections,21,mid,0.2,none,50,352,21,0.038005432383986744,0.5642657164518473,0.0075261592904587934,0.48930558926461015
commons-collections,21,mid,0.25,none,50,420,10,0.011198528015508219,0.5183448463627294,0.043124329687465664,0.5537736646021952
commons-collections,21,mid,0.3,none,50,504,3,0.00436956599466272,0.5036687512916984,0.02440756231549118,0.5316142549366493
commons-collections,21,fn_heavy,0.05,none,50,119,33,0.05179119978361347,0.5291310410675115,-0.04232253397393451,0.36511544755281056
commons-collections,21,fn_heavy,0.1,none,50,153,3,0.030257287518377817,0.5653399640849223,-0.08949372892387614,0.23894656489021843
commons-collections,21,fn_heavy,0.15,none,50,214,0,0.04296855927297311,0.546426522656976,-0.020319452458530958,0.42174826689753486
commons-collections,21,fn_heavy,0.2,none,50,281,0,-0.00819820680962627,0.4378936992753027,-0.07537516113225516,0.30554386850990756
commons-collections,21,fn_heavy,0.25,none,50,340,0,0.0010377886595019552,0.5041326044103993,-0.09571352482913666,0.22703915774812305
commons-collections,21,fn_heavy,0.3,none,50,407,0,0.011257624930063381,0.5182272457305712,0.0693511040488137,0.5953905000422094
commons-collections,42,symmetric,0.05,none,50,129,49,0.08017236565656584,0.5978191981452257,0.17565846023997736,0.7391052168315614
commons-collections,42,symmetric,0.1,none,50,209,46,0.028589168077934556,0.5297431195707728,-0.06280928216023254,0.38156043784595317
commons-collections,42,symmetric,0.15,none,50,315,45,0.06385350019317332,0.5879824539437322,0.0927078228048986,0.6319352328045876
commons-collections,42,symmetric,0.2,none,50,413,44,0.04832146236466605,0.5667197126170279,-0.10518301752299876,0.238176713168556
commons-collections,42,symmetric,0.25,none,50,499,41,0.056042439003038326,0.587845829995626,0.10069410628108356,0.6464867883234753
commons-collections,42,symmetric,0.3,none,50,575,39,0.07083189486818034,0.630225163025555,0.1633073420729544,0.7299764222883135
commons-collections,42,fp_heavy,0.05,none,50,129,49,0.08017236565656584,0.5978191981452257,0.17565846023997736,0.7391052168315614
commons-collections,42,fp_heavy,0.1,none,50,205,45,0.06762494479487058,0.6033090099265246,0.07714143515843876,0.6122701916262109
commons-collections,42,fp_heavy,0.15,none,50,313,44,0.059240015872362196,0.5742557104822987,0.028665369989356284,0.5328255291146322
commons-collections,42,fp_heavy,0.2,none,50,404,40,0.04597222955074896,0.5628994902441337,-0.1018351488744188,0.24042264471769237
commons-collections,42,fp_heavy,0.25,none,50,493,38,0.08932329216415306,0.6584494799089785,0.1231121331093331,0.6772169767009236
commons-collections,42,fp_heavy,0.3,none,50,567,33,0.06053242760047998,0.6128423946139436,0.11336418315885859,0.6639783171406566
commons-collections,42,mid,0.05,none,50,118,45,0.0747901734836252,0.6061552677347772,0.03663374800840808,0.5284513252858073
commons-collections,42,mid,0.1,none,50,190,39,0.07260632180845265,0.6440612730793117,-0.009727014991289763,0.477392534520695
commons-collections,42,mid,0.15,none,50,290,33,0.05992352754913047,0.5823008694233197,0.037126858163544295,0.5430136370100784
commons-collections,42,mid,0.2,none,50,376,29,0.0738388251884145,0.6045327258327278,0.0377930236295734,0.5552081666900878
commons-collections,42,mid,0.25,none,50,449,19,0.04723535783636022,0.6001933492067997,0.037988982315235544,0.5523931681681163
commons-collections,42,mid,0.3,none,50,513,6,0.06116323085818311,0.6224361506842482,0.10367122064991523,0.650360296079005
commons-collections,42,fn_heavy,0.05,none,50,91,33,0.036696547975628116,0.5112500482847004,0.02318221540555359,0.4890181099276465
commons-collections,42,fn_heavy,0.1,none,50,132,7,0.05756395245885454,0.6025360039055453,-0.03709095088394385,0.39193399619474106
commons-collections,42,fn_heavy,0.15,none,50,196,0,0.02121351280291873,0.5061889121488246,-0.1010098939975023,0.0796818669903017
commons-collections,42,fn_heavy,0.2,none,50,287,0,0.04365505069631419,0.5589657126481457,-0.029915955831454746,0.40596979079686313
commons-collections,42,fn_heavy,0.25,none,50,360,0,0.040633392073183366,0.5442523179940724,-0.02906602415334897,0.41665574936882666
commons-collections,42,fn_heavy,0.3,none,50,428,0,0.03258722045700983,0.5771147493413366,-0.007673364789355938,0.4684192487743055
commons-collections,77,symmetric,0.05,none,50,115,47,0.04634196022816098,0.5566624084025511,-0.035922363781971306,0.3842969126205925
commons-collections,77,symmetric,0.1,none,50,216,45,0.060764891499343505,0.6045909512769078,0.05476932328359354,0.5610198757287224
commons-collections,77,symmetric,0.15,none,50,310,42,0.07308504861173286,0.6253854065370079,-0.012800531240422857,0.4545923649300057
commons-collections,77,symmetric,0.2,none,50,395,42,0.0658276821562769,0.6235546630196801,0.033319995629932576,0.5382795031237757
commons-collections,77,symmetric,0.25,none,50,486,40,0.010141994293594643,0.40935386041777155,-0.002552468724787846,0.47176640426248284
commons-collections,77,symmetric,0.3,none,50,563,38,0.006308327143571114,0.3946251480970521,0.06635183046068863,0.597325312288269
commons-collections,77,fp_heavy,0.05,none,50,112,46,0.05965481549185338,0.5844519127432173,0.02747077738396104,0.5048991415853137
commons-collections,77,fp_heavy,0.1,none,50,211,43,0.06282923744119924,0.6036782266020502,0.0661914677573461,0.5835089520798362
commons-collections,77,fp_heavy,0.15,none,50,308,42,0.07292483631825071,0.6210558066188131,0.06577950252418097,0.5928704821768374
commons-collections,77,fp_heavy,0.2,none,50,390,39,0.05279531497456585,0.6051528729624089,-0.016745725179075393,0.45045295271902913
commons-collections,77,fp_heavy,0.25,none,50,475,36,-0.0014160857087517718,0.37442154184587656,-0.014183199366639188,0.45270003213579674
commons-collections,77,fp_heavy,0.3,none,50,555,31,0.0018027009226114891,0.395459700668816,0.027484606104361937,0.5374543875693705
commons-collections,77,mid,0.05,none,50,104,42,0.07164284916320787,0.5785350337290917,0.0481132919550236,0.5499484179355205
commons-collections,77,mid,0.1,none,50,195,38,0.08924659006413925,0.6666103614014778,0.07725604024937807,0.5990483417530148
commons-collections,77,mid,0.15,none,50,276,29,0.053149415355262214,0.5978866629705708,0.0198240757049596,0.5055970309791762
commons-collections,77,mid,0.2,none,50,357,23,0.07556663297207629,0.6526434752957779,0.06738665741428067,0.5934854888467654
commons-collections,77,mid,0.25,none,50,434,16,0.028987605933785392,0.5447439963019169,-0.007708857316553908,0.46636070872814206
commons-collections,77,mid,0.3,none,50,513,6,-0.0008517353126531421,0.38840115281302434,-0.021337336635947137,0.4462239360713217
commons-collections,77,fn_heavy,0.05,none,50,83,29,0.02521626711923717,0.5185290040037577,-0.013816369594794117,0.4203881454438038
commons-collections,77,fn_heavy,0.1,none,50,128,7,-0.005815118256197183,0.4039871823199834,0.06685361866304836,0.5941806726188078
commons-collections,77,fn_heavy,0.15,none,50,203,0,0.038913323516393136,0.5579610816000724,0.027286731061337204,0.5274958367143033
commons-collections,77,fn_heavy,0.2,none,50,281,0,0.060364773544906734,0.6054664424065821,0.07493290299374196,0.6085416957615211
commons-collections,77,fn_heavy,0.25,none,50,346,0,0.05512311060738208,0.6119323177459671,-0.012806286958722041,0.44692940858280117
commons-collections,77,fn_heavy,0.3,none,50,415,0,-0.017982313459481744,0.4529872832754685,-0.04134562397444788,0.3977204892743369
commons-collections,101,symmetric,0.05,none,50,124,46,0.06341038173038804,0.5866054320121582,-0.0035807769914926843,0.4706076027140469
commons-collections,101,symmetric,0.1,none,50,227,42,0.0682124790328731,0.5904038350270011,-0.008083297685971746,0.46309030140248714
commons-collections,101,symmetric,0.15,none,50,315,40,0.04364660484077061,0.5709726751866473,-0.0032049632682686602,0.4805776751417186
commons-collections,101,symmetric,0.2,none,50,407,38,0.036580594083607136,0.51418221950244,0.01399339032375991,0.5162268864090062
commons-collections,101,symmetric,0.25,none,50,489,35,0.03239986189883046,0.5103423553492614,0.017948289087316226,0.5255331387230029
commons-collections,101,symmetric,0.3,none,50,568,30,0.039110649503191985,0.5108104363008217,-0.024267032517619098,0.4560213879980794
commons-collections,101,fp_heavy,0.05,none,50,124,46,0.06341038173038804,0.5866054320121582,-0.0035807769914926843,0.4706076027140469
commons-collections,101,fp_heavy,0.1,none,50,223,40,0.053339763317124506,0.5722701424790146,-0.004086492595538178,0.467209467533734
commons-collections,101,fp_heavy,0.15,none,50,311,38,0.048245914646493915,0.5791952439399777,-0.05209467665257708,0.3745250656316893
commons-collections,101,fp_heavy,0.2,none,50,397,33,0.022742118807573864,0.49177775316731104,6.502986665920162e-05,0.4891181923281081
commons-collections,101,fp_heavy,0.25,none,50,479,30,0.03226439450392864,0.5038815803120493,-0.004951448581041367,0.4832836822167961
commons-collections,101,fp_heavy,0.3,none,50,560,27,0.030830629167829162,0.54143094768326,0.007331596563246966,0.508206665913727
commons-collections,101,mid,0.05,none,50,115,40,0.06785723042481699,0.5891251375732416,-0.036286609120768025,0.3849245987194283
commons-collections,101,mid,0.1,none,50,208,31,0.04958743148476707,0.5676956031570872,-0.042316203212898904,0.39908856710482904
commons-collections,101,mid,0.15,none,50,282,24,0.05827043041275668,0.5919369082979365,0.0260366635867546,0.5328806941951739
commons-collections,101,mid,0.2,none,50,363,17,0.002632818287059817,0.45979285499178224,0.018732006495798235,0.5242639842053533
commons-collections,101,mid,0.25,none,50,445,15,0.03401105470792734,0.5045489474360038,0.004649492396175581,0.495378261530226
commons-collections,101,mid,0.3,none,50,512,8,0.046959266442653025,0.5800880213673402,-0.0015643541663197377,0.49170382437968146
commons-collections,101,fn_heavy,0.05,none,50,87,24,0.024159164477547086,0.4882335349543741,0.011703833828634203,0.5026721304067898
commons-collections,101,fn_heavy,0.1,none,50,143,9,0.0220917728002165,0.5550285499187096,0.001648520920664899,0.49756787434148364
commons-collections,101,fn_heavy,0.15,none,50,223,0,0.029560351193977093,0.5082083837585791,0.018984565356697944,0.5244327277141768
commons-collections,101,fn_heavy,0.2,none,50,290,0,0.019740182129957342,0.48544211517734354,-0.016029440752968555,0.44481190567119117
commons-collections,101,fn_heavy,0.25,none,50,359,0,0.031784297637795694,0.5037236075751715,-0.010349765704143966,0.47508526305991383
commons-collections,101,fn_heavy,0.3,none,50,429,0,0.025815860722061316,0.4915670442901869,-0.05894936582221797,0.3748809482311088
commons-collections,123,symmetric,0.05,none,50,131,46,0.05199099331999932,0.5701524668302193,0.0031658435076586154,0.47987874692130633
commons-collections,123,symmetric,0.1,none,50,211,45,0.03803650553849948,0.4436451683353051,-0.039296127791324915,0.4120186294857544
commons-collections,123,symmetric,0.15,none,50,296,42,0.03586249502326968,0.4872139940012637,0.019026950768842026,0.5249051158570793
commons-collections,123,symmetric,0.2,none,50,375,37,0.022005071654278594,0.4555852684589302,-0.026723598133201312,0.43623877349183915
commons-collections,123,symmetric,0.25,none,50,481,37,0.01870109814508618,0.4594499181699793,0.017192966018589342,0.5198887390922894
commons-collections,123,symmetric,0.3,none,50,578,34,-0.01954114193877175,0.3901361948213705,0.0507704667381318,0.5746382307394995
commons-collections,123,fp_heavy,0.05,none,50,129,46,0.06306402477262839,0.5895062108618355,-0.023214139064060016,0.4255471514707045
commons-collections,123,fp_heavy,0.1,none,50,204,42,0.04661918381777493,0.456362521304393,0.04224034593551869,0.5442379788802306
commons-collections,123,fp_heavy,0.15,none,50,288,37,0.013676761070029467,0.4478175752206134,0.026787883625064433,0.5347423261905742
commons-collections,123,fp_heavy,0.2,none,50,368,36,0.014074607560242185,0.4477028235946186,-0.008848086582669936,0.4707637894810447
commons-collections,123,fp_heavy,0.25,none,50,471,33,-0.019886043432165785,0.3663624630818652,-0.045314917265662474,0.40580352527113295
commons-collections,123,fp_heavy,0.3,none,50,566,27,-0.04382627424768363,0.3350253431464884,-0.033236794887972106,0.4281539305685464
commons-collections,123,mid,0.05,none,50,121,42,0.10170278074378095,0.6809194459994339,0.06774534107876042,0.5910476377084464
commons-collections,123,mid,0.1,none,50,191,35,0.023309453683659435,0.4244658053395992,-0.04313513425273918,0.4062039789287333
commons-collections,123,mid,0.15,none,50,266,27,0.0027926623107380707,0.3891735013288818,0.030906422668312648,0.5383358282307263
commons-collections,123,mid,0.2,none,50,342,18,0.009235256554216068,0.42998877092306376,-0.021863023096006653,0.4356190382277633
commons-collections,123,mid,0.25,none,50,423,12,-0.026672230948161287,0.36306128366710155,-0.018721613311619305,0.4421585239080826
commons-collections,123,mid,0.3,none,50,513,3,-0.0364053165400824,0.3322302908060354,-0.03228185765653264,0.4295327648979148
commons-collections,123,fn_heavy,0.05,none,50,96,27,0.05343445382056289,0.570291848793221,0.03728238618025353,0.5324906245799454
commons-collections,123,fn_heavy,0.1,none,50,129,3,0.0024061612446014667,0.37554736031508934,-0.04936632412819885,0.368618364124897
commons-collections,123,fn_heavy,0.15,none,50,198,0,0.005906212504788324,0.39413812189414477,0.015035440674854109,0.49918318200214323
commons-collections,123,fn_heavy,0.2,none,50,268,0,-0.01289572413416287,0.36332542737669066,0.035550892489320286,0.5455048398158443
commons-collections,123,fn_heavy,0.25,none,50,330,0,-0.00076444309113216,0.4069667869759387,-0.01585785194954393,0.4404047859512264
commons-collections,123,fn_heavy,0.3,none,50,409,0,-0.010263565199043482,0.3941649343142685,-0.03026120963117277,0.422611209510804
commons-collections,202,symmetric,0.05,none,50,129,49,0.04388238921896009,0.5824956419525398,-0.027910611773036192,0.3864349592224075
commons-collections,202,symmetric,0.1,none,50,209,47,0.09212231465242447,0.6627717032746349,0.1512078458467871,0.7137860193298025
commons-collections,202,symmetric,0.15,none,50,300,43,0.0557979997377938,0.584495154990333,0.03409722143713376,0.5325815961176852
commons-collections,202,symmetric,0.2,none,50,377,41,0.029288532801538796,0.5084828905287864,0.0717274234262404,0.591977023277686
commons-collections,202,symmetric,0.25,none,50,473,40,0.029435411209062613,0.5105526774047886,0.03488422715328424,0.5450507049301377
commons-collections,202,symmetric,0.3,none,50,568,36,0.022018058764796754,0.49950324144542496,0.03320750933073399,0.5429988951364061
commons-collections,202,fp_heavy,0.05,none,50,127,47,0.05014554253895664,0.5897468069340708,-0.027957782130265636,0.38530007645346287
commons-collections,202,fp_heavy,0.1,none,50,203,43,0.0553537416855937,0.5927455956448406,0.06748087809823154,0.5740989448444316
commons-collections,202,fp_heavy,0.15,none,50,295,41,0.062319306665813,0.5907653386336922,0.06905512235324404,0.5835620899533062
commons-collections,202,fp_heavy,0.2,none,50,372,40,0.0417949691603749,0.5234113166558145,0.09307030135006515,0.625404427693654
commons-collections,202,fp_heavy,0.25,none,50,464,36,0.020669852162234475,0.49100907591852,-0.007786278628608528,0.46462615433215065
commons-collections,202,fp_heavy,0.3,none,50,555,33,0.016381033494259324,0.4884469043684391,0.036483193632069894,0.5469476892399199
commons-collections,202,mid,0.05,none,50,122,43,0.06218865268784114,0.6019644315455955,-0.00803401283532173,0.42406782448770286
commons-collections,202,mid,0.1,none,50,182,37,0.0525726515196608,0.5785021358328422,0.11759302341027804,0.6573381975110894
commons-collections,202,mid,0.15,none,50,275,33,0.03737154842973286,0.5055372569170139,0.0688923166310882,0.5838222600264447
commons-collections,202,mid,0.2,none,50,344,24,0.024647961174988377,0.4985080135520463,0.09542603045307729,0.6281611794247555
commons-collections,202,mid,0.25,none,50,421,13,0.033396284408974714,0.5630467047510908,-0.008229957240787738,0.47037708955276264
commons-collections,202,mid,0.3,none,50,497,5,0.019839028568423202,0.49334242692986013,0.046760560526527634,0.5663568660999405
commons-collections,202,fn_heavy,0.05,none,50,101,33,0.05140548150524984,0.5992092608574586,0.03935117699930705,0.5264505823300318
commons-collections,202,fn_heavy,0.1,none,50,130,6,0.04563218827693638,0.5920745481507745,0.07561594421743707,0.5823787863033447
commons-collections,202,fn_heavy,0.15,none,50,193,0,0.05309724332617754,0.5744601370930259,0.13835167251495856,0.6784749684588439
commons-collections,202,fn_heavy,0.2,none,50,270,0,0.04165438961173212,0.5382112789023056,0.09736614549468774,0.6297975872218544
commons-collections,202,fn_heavy,0.25,none,50,330,0,0.02522100086167221,0.5475604593817783,-0.012673763784841521,0.43959203603337593
commons-collections,202,fn_heavy,0.3,none,50,408,0,0.010531136912015467,0.5123729397791753,0.050095628632172914,0.5668106219569896
commons-collections,314,symmetric,0.05,none,50,142,47,0.07762731977299689,0.6043720955370738,0.14898450205747735,0.7078452310623837
commons-collections,314,symmetric,0.1,none,50,227,46,0.05842842352733602,0.574628505583118,0.12594408567050247,0.672947022206995
commons-collections,314,symmetric,0.15,none,50,304,43,0.021468050590307926,0.5190844895194039,0.06318310582359646,0.581799337308162
commons-collections,314,symmetric,0.2,none,50,404,41,0.04382433934955276,0.5956243125321815,0.03611463807464567,0.5426058107279278
commons-collections,314,symmetric,0.25,none,50,492,41,0.05903937405843551,0.6151211460853301,0.11243515686742218,0.6626449752899591
commons-collections,314,symmetric,0.3,none,50,584,37,0.08467176065534492,0.6552064406013518,0.14384772834384169,0.7049046526811912
commons-collections,314,fp_heavy,0.05,none,50,140,46,0.07738866159876233,0.6040898249547775,0.14772515732229152,0.7064927011069358
commons-collections,314,fp_heavy,0.1,none,50,224,44,0.05120740425691052,0.5505771637035531,0.1074194222177972,0.6525928014437471
commons-collections,314,fp_heavy,0.15,none,50,301,41,0.04297898282433576,0.561240257000078,0.08181528825775504,0.6134050208364267
commons-collections,314,fp_heavy,0.2,none,50,397,39,0.05361875232623393,0.6056623703647144,0.003358609945150118,0.4830483823643859
commons-collections,314,fp_heavy,0.25,none,50,485,37,0.05574730715744747,0.6133619672401056,0.07431526011234325,0.6078525309104981
commons-collections,314,fp_heavy,0.3,none,50,574,30,0.08594379016586745,0.6549095406549554,0.12167282710010728,0.674330805349613
commons-collections,314,mid,0.05,none,50,132,43,0.06848012110691752,0.5869494076294797,0.12377597837184787,0.6645507028741755
commons-collections,314,mid,0.1,none,50,210,38,0.063516391280532,0.5889109262934693,0.0912953184864929,0.6145315131601332
commons-collections,314,mid,0.15,none,50,278,28,0.029516137468970596,0.5397231422505683,0.06701522680862439,0.5888633017957028
commons-collections,314,mid,0.2,none,50,361,21,0.04795922349999029,0.5934060262431362,0.06687230158125883,0.5900476377531126
commons-collections,314,mid,0.25,none,50,439,14,0.06387353166334982,0.6162489104362802,0.08845830309637595,0.6261460463584057
commons-collections,314,mid,0.3,none,50,522,7,0.06669970765001831,0.6388021987312703,0.09341531612467445,0.6356808222222604
commons-collections,314,fn_heavy,0.05,none,50,103,28,0.07809204102589977,0.6066102322549378,0.11224637309202665,0.6281974364885679
commons-collections,314,fn_heavy,0.1,none,50,156,8,0.028273806786951627,0.5367954688215449,0.05611213749575249,0.5619384159312178
commons-collections,314,fn_heavy,0.15,none,50,207,0,0.026431488783378754,0.5224734673775122,0.010180607065757508,0.49927342364258087
commons-collections,314,fn_heavy,0.2,none,50,272,0,0.017441639292306195,0.5384046940606091,0.005690214301266091,0.4724526488258028
commons-collections,314,fn_heavy,0.25,none,50,356,0,0.033015573404220414,0.5730493932636461,0.023417686206732333,0.5254044867226846
commons-collections,314,fn_heavy,0.3,none,50,424,0,0.046783924532013896,0.5914917382995635,0.10040671981950634,0.6459105857759787
commons-collections,999,symmetric,0.05,none,50,130,49,0.0867408278309886,0.6257258831060797,0.10362371013705672,0.6386755668721892
commons-collections,999,symmetric,0.1,none,50,225,47,0.053023711373324234,0.5474580757131381,0.059115585257205484,0.5866179253169344
commons-collections,999,symmetric,0.15,none,50,323,46,0.048686803661834775,0.5731681518475557,-0.031125521428241678,0.4140959596552508
commons-collections,999,symmetric,0.2,none,50,404,43,0.0002812250822077267,0.3426146002231031,0.05148464078740241,0.571962979885259
commons-collections,999,symmetric,0.25,none,50,474,40,0.018956779185639837,0.4174364420580814,0.043304427743458725,0.5619569261730348
commons-collections,999,symmetric,0.3,none,50,581,36,0.00422839144633127,0.36791285088931547,0.14456667684703825,0.7045285188449733
commons-collections,999,fp_heavy,0.05,none,50,129,48,0.08082014105615422,0.6177481673144789,0.09913209493660881,0.640678442694212
commons-collections,999,fp_heavy,0.1,none,50,224,46,0.06185171839264894,0.5599119556049613,0.022330218247607093,0.5222736154996774
commons-collections,999,fp_heavy,0.15,none,50,318,43,0.06343337048866692,0.6015211611428377,0.09478126294851583,0.6355978366950872
commons-collections,999,fp_heavy,0.2,none,50,393,38,-0.003341043904802956,0.3347960606054932,0.09063448258128266,0.6323256196722131
commons-collections,999,fp_heavy,0.25,none,50,464,34,-0.048983805117211,0.2533339113518718,0.0710788875278351,0.6043217559137969
commons-collections,999,fp_heavy,0.3,none,50,571,30,-0.018163166529692742,0.33089300849588166,0.06403184438920827,0.594614368475255
commons-collections,999,mid,0.05,none,50,125,46,0.0987561468537497,0.6402221326286712,0.10391455667287539,0.646538337657022
commons-collections,999,mid,0.1,none,50,206,37,0.02057488311648177,0.5260519791779287,0.08849489241690188,0.6274103467753109
commons-collections,999,mid,0.15,none,50,287,28,0.011983227115709065,0.5095498963350581,0.05673677640978292,0.5815982058540518
commons-collections,999,mid,0.2,none,50,356,16,-0.004490525081924921,0.3734451375534703,0.016234181267014012,0.5079792826351527
commons-collections,999,mid,0.25,none,50,426,11,-0.008716363203318023,0.377085211592911,0.009965979172155163,0.50020739193141
commons-collections,999,mid,0.3,none,50,512,3,0.006586416911389497,0.4011646265591612,0.032249653962180144,0.5445580117393494
commons-collections,999,fn_heavy,0.05,none,50,97,29,0.056434677502489254,0.5401706111537938,-0.05367803172647498,0.3507120259503083
commons-collections,999,fn_heavy,0.1,none,50,142,4,0.02878756935881835,0.5402575680587879,0.027128487065632718,0.5405054914663574
commons-collections,999,fn_heavy,0.15,none,50,207,0,0.004819121850392398,0.46536098653448954,-0.03190462809330156,0.4237620437389362
commons-collections,999,fn_heavy,0.2,none,50,285,0,0.020583760511141132,0.5281431917315685,-0.08112335148285268,0.2833143375277182
commons-collections,999,fn_heavy,0.25,none,50,352,0,-0.03920208206839543,0.26927613932971,-0.024548143843171614,0.4311299702949102
commons-collections,999,fn_heavy,0.3,none,50,414,0,0.0060670130256808025,0.39728892335193033,0.08365524079932878,0.6217836175042696
commons-compress,7,symmetric,0.05,none,178,234,169,0.08795181931885654,0.5395880990131536,-0.05668267232121591,0.3525987654555894
commons-compress,7,symmetric,0.1,none,178,297,157,0.0791370248484286,0.5407988259072716,0.0529355132700897,0.5772421740699462
commons-compress,7,symmetric,0.15,none,178,360,145,0.07814275361409208,0.537434870685,-0.07238055926558033,0.2997288983546556
commons-compress,7,symmetric,0.2,none,178,430,137,0.08741761671744094,0.5557048238058788,-0.021168409593298083,0.4355168576167563
commons-compress,7,symmetric,0.25,none,178,488,132,0.06384801586061475,0.5332338186497246,-0.08085890410317809,0.3081380141561427
commons-compress,7,symmetric,0.3,none,178,565,127,0.027918980893567535,0.5068831004498937,-0.08457309398063262,0.3095821412583208
commons-compress,7,fp_heavy,0.05,none,178,228,165,0.0895916835350775,0.5387941989650985,-0.07472635590789514,0.3153990204006249
commons-compress,7,fp_heavy,0.1,none,178,283,150,0.08494569725804267,0.5438867444981282,0.058663135137749824,0.5852772654230098
commons-compress,7,fp_heavy,0.15,none,178,348,139,0.08904358492463012,0.547263098816582,-0.0539810502861434,0.3460289057982357
commons-compress,7,fp_heavy,0.2,none,178,407,130,0.10087015481548904,0.5706123308785015,-0.004859616935323314,0.45887114389555617
commons-compress,7,fp_heavy,0.25,none,178,465,121,0.05954550837531602,0.5348685037767521,-0.03526949347747749,0.4201223654219376
commons-compress,7,fp_heavy,0.3,none,178,522,106,0.032961954910429477,0.5079380320973754,-0.09198150925626285,0.28930998583973633
commons-compress,7,mid,0.05,none,178,211,153,0.08382239293880854,0.5372066578798569,0.04864906103920321,0.5570953527173859
commons-compress,7,mid,0.1,none,178,243,132,0.08366485857528258,0.5427832003778288,-0.053788805759985646,0.3548032523251942
commons-compress,7,mid,0.15,none,178,274,109,0.03610670935978607,0.48775803973347354,-0.06360187686277473,0.265871630553366
commons-compress,7,mid,0.2,none,178,327,94,0.06674809919578611,0.5315052297519886,0.03905179196303494,0.5465182644028622
commons-compress,7,mid,0.25,none,178,381,78,0.00985688167787568,0.475060370682408,-0.08523909041021352,0.2518768906432597
commons-compress,7,mid,0.3,none,178,395,50,0.028502429549094686,0.5082432487207329,-0.03963887985489828,0.4076376570982974
commons-compress,7,fn_heavy,0.05,none,178,161,130,0.16063017560308449,0.5991849427751305,0.11910571441667356,0.6616828732786473
commons-compress,7,fn_heavy,0.1,none,178,152,89,0.07622928854501977,0.5186649403320419,0.034143091314815015,0.5300013673207349
commons-compress,7,fn_heavy,0.15,none,178,141,43,0.0030679062980021325,0.43702117739051805,-0.0913119643502254,0.18728160247564687
commons-compress,7,fn_heavy,0.2,none,178,133,0,-0.0617122247791132,0.400975057729698,-0.05846133536709175,0.2718461351501764
commons-compress,7,fn_heavy,0.25,none,178,164,0,-0.07239000266357487,0.3771727496734341,-0.07585356472054056,0.21340528172421655
commons-compress,7,fn_heavy,0.3,none,178,209,0,-0.02493522731574298,0.4450442772650994,-0.03195184530686289,0.3505139134946648
commons-compress,13,symmetric,0.05,none,178,262,171,0.10407591439469822,0.5609496328761666,0.14558330572063605,0.7124827971091157
commons-compress,13,symmetric,0.1,none,178,322,158,0.10726028478075875,0.5680201826707052,0.04909765453735671,0.5691367437127248
commons-compress,13,symmetric,0.15,none,178,365,144,0.09203869769650226,0.5494403186014368,0.02339098413455413,0.5263308043973788
commons-compress,13,symmetric,0.2,none,178,415,135,0.09884579644317952,0.5622196550808,0.12206612918681921,0.6796267988941639
commons-compress,13,symmetric,0.25,none,178,469,122,0.07532983617129647,0.5417906275144063,-0.08050366405479206,0.30739625771214035
commons-compress,13,symmetric,0.3,none,178,543,116,0.03589544699545353,0.5057489446582837,-0.09887191513164088,0.27090586274909
commons-compress,13,fp_heavy,0.05,none,178,255,166,0.11346892850696945,0.5685106280488866,0.14699607309874368,0.7143572867758079
commons-compress,13,fp_heavy,0.1,none,178,305,147,0.07594218382832764,0.5372718130345808,0.042985332484627686,0.5599841837738818
commons-compress,13,fp_heavy,0.15,none,178,352,136,0.06132940449814115,0.527742239900573,0.026849953690542838,0.5348206211924439
commons-compress,13,fp_heavy,0.2,none,178,395,122,0.07252338720527046,0.5347986204440659,0.0151295015293847,0.5153192357322818
commons-compress,13,fp_heavy,0.25,none,178,449,114,0.06787664438663164,0.5311056310609458,0.006740876308978972,0.50185155160195
commons-compress,13,fp_heavy,0.3,none,178,510,102,0.03291116422646002,0.5099603676002419,0.021485452945834337,0.5283602084443841
commons-compress,13,mid,0.05,none,178,227,147,0.09902842461337664,0.5567323768332183,0.11608093928293449,0.6683149836319163
commons-compress,13,mid,0.1,none,178,257,122,0.04662916625685055,0.5090129701327166,-0.052372857264305295,0.3335043135516733
commons-compress,13,mid,0.15,none,178,303,106,0.024778108229393542,0.4910076497752294,0.02286099108896789,0.5202993098910683
commons-compress,13,mid,0.2,none,178,326,88,0.008117697787791686,0.47928291992112737,0.0019359624309771297,0.4933461078497115
commons-compress,13,mid,0.25,none,178,335,50,0.011172895002403703,0.4807741602555787,0.01606404527735404,0.5128875182352499
commons-compress,13,mid,0.3,none,178,374,35,0.0005958015300930073,0.47094868455242944,-0.07839453126082666,0.3180622198024816
commons-compress,13,fn_heavy,0.05,none,178,162,121,0.12656277546124867,0.5737590445906113,0.15095626224694916,0.7196366728791362
commons-compress,13,fn_heavy,0.1,none,178,171,84,0.051418013712075404,0.5129016397461308,0.1444969579080861,0.7108493349402435
commons-compress,13,fn_heavy,0.15,none,178,153,31,-0.03782192257074538,0.41173105324466724,0.09944619317997715,0.6485950589064267
commons-compress,13,fn_heavy,0.2,none,178,156,0,-0.07200066429015971,0.3611647650063704,-0.00478113124915893,0.47240380569005397
commons-compress,13,fn_heavy,0.25,none,178,189,0,-0.05028476429749951,0.3925290169532497,-0.008019272095117894,0.4731577919421552
commons-compress,13,fn_heavy,0.3,none,178,214,0,-0.08182438728545581,0.35886499016065904,-0.018283125639521978,0.45587497471683414
commons-compress,21,symmetric,0.05,none,178,250,168,0.09267288973920608,0.5443756120496378,-0.022256384449404896,0.43756963327889553
commons-compress,21,symmetric,0.1,none,178,307,158,0.10993456327990687,0.5605066073692438,-0.04011766214286232,0.3975649442646527
commons-compress,21,symmetric,0.15,none,178,364,150,0.07429989682347118,0.5392294727426614,0.058861852805913696,0.5890142493181483
commons-compress,21,symmetric,0.2,none,178,422,143,0.06748464751678683,0.535904799026144,-0.04316690076536642,0.40387177257236917
commons-compress,21,symmetric,0.25,none,178,487,138,0.05307628499531972,0.5311993935312825,0.05960103482867541,0.5903362998306062
commons-compress,21,symmetric,0.3,none,178,546,124,0.042345704032696045,0.5236900917990167,0.04757964319590729,0.572420755583523
commons-compress,21,fp_heavy,0.05,none,178,245,164,0.07977082424402811,0.5345760951406746,-0.015233380392106179,0.4308175413357548
commons-compress,21,fp_heavy,0.1,none,178,291,151,0.0765916925365949,0.5300462734393341,-0.04518109950523669,0.38860387145343966
commons-compress,21,fp_heavy,0.15,none,178,350,144,0.08830092787031012,0.5456972339858177,0.05895784461021462,0.5878035734851201
commons-compress,21,fp_heavy,0.2,none,178,406,134,0.09077215337116698,0.5520999632497341,0.03090619530573783,0.5418055766127697
commons-compress,21,fp_heavy,0.25,none,178,457,117,0.09527016118084079,0.5656760889940466,0.06161440308315576,0.5935137592016084
commons-compress,21,fp_heavy,0.3,none,178,508,104,0.0669047973258128,0.5395845504029996,0.06062279308637084,0.5917996715196339
commons-compress,21,mid,0.05,none,178,225,153,0.12103368681243061,0.5714956349672465,0.0035916119799552517,0.4677556410226094
commons-compress,21,mid,0.1,none,178,257,137,0.07535953904615544,0.528359548311591,-0.05171336493300467,0.38287839783933647
commons-compress,21,mid,0.15,none,178,282,105,0.056255828637087314,0.5149572937448545,0.03684538112784505,0.5552189909847641
commons-compress,21,mid,0.2,none,178,325,88,0.07431964588082753,0.5401858877297315,0.05301093651706714,0.5804020431458369
commons-compress,21,mid,0.25,none,178,349,64,0.021535920406941394,0.4936059141344265,0.04059488236892502,0.5600827942282753
commons-compress,21,mid,0.3,none,178,388,45,0.05162371203559216,0.5210606396769721,0.016496911990383663,0.5182001809193947
commons-compress,21,fn_heavy,0.05,none,178,176,134,0.10346257882114442,0.5498507449163844,-0.015770810829987107,0.4346897175954341
commons-compress,21,fn_heavy,0.1,none,178,164,83,0.0589211769867875,0.5060861405347656,-0.06291992940615544,0.3482940316536682
commons-compress,21,fn_heavy,0.15,none,178,143,36,0.057098403236517166,0.5071156367592905,-0.04283246919016799,0.38258247137228896
commons-compress,21,fn_heavy,0.2,none,178,138,0,-0.02457865419725447,0.4265701603820706,-0.06478635178021658,0.34680299460400565
commons-compress,21,fn_heavy,0.25,none,178,173,0,0.03741230335399637,0.5046938742744816,0.07439654697463066,0.6117716477388302
commons-compress,21,fn_heavy,0.3,none,178,206,0,-0.013906498484215253,0.4383770187212332,0.027210591147920966,0.5380167192432772
commons-compress,42,symmetric,0.05,none,178,239,170,0.14421831695005372,0.5917620368340708,0.09421391541018621,0.6105129178398133
commons-compress,42,symmetric,0.1,none,178,298,162,0.12119839157229462,0.5825552330626261,-0.009359382312820125,0.4568038641237772
commons-compress,42,symmetric,0.15,none,178,373,149,0.11410962718041012,0.573272633081292,-0.07617224555181616,0.3245199358512376
commons-compress,42,symmetric,0.2,none,178,449,140,0.10675091883039366,0.5660745959549005,-0.0651895692012854,0.3253627195491558
commons-compress,42,symmetric,0.25,none,178,516,136,0.08153059469537392,0.5528111232128047,-0.0481996116594379,0.4002025701162945
commons-compress,42,symmetric,0.3,none,178,570,128,0.09431632507555734,0.5621294018726058,0.027269112176969264,0.5392538658173973
commons-compress,42,fp_heavy,0.05,none,178,231,167,0.11640167633364175,0.5672857450287047,0.12420248798435095,0.6209867833655793
commons-compress,42,fp_heavy,0.1,none,178,284,153,0.16246851483913197,0.6146722199369107,-0.01080119630398393,0.45701326312712637
commons-compress,42,fp_heavy,0.15,none,178,357,140,0.11712591352539718,0.5761275294042938,-0.07782893530116024,0.32314997050535627
commons-compress,42,fp_heavy,0.2,none,178,425,132,0.12358905851835268,0.5870129864701985,-0.030566635162588923,0.4309275595513174
commons-compress,42,fp_heavy,0.25,none,178,487,124,0.10814637651740518,0.5729557550878166,-0.0380918804991522,0.4143604326595931
commons-compress,42,fp_heavy,0.3,none,178,542,114,0.0839873839421719,0.5553096146319182,0.02855193873534634,0.5424534763633623
commons-compress,42,mid,0.05,none,178,205,153,0.10145464417914406,0.5477515157400648,0.08250100243242439,0.5863169507166569
commons-compress,42,mid,0.1,none,178,242,136,0.11440014224363305,0.5705016196096151,-0.014257593466136082,0.44523974418390305
commons-compress,42,mid,0.15,none,178,291,117,0.07946638024863172,0.5403436235548202,-0.05365452797303737,0.3448408838466621
commons-compress,42,mid,0.2,none,178,337,94,0.07374114657841947,0.5380628492983281,-0.04151030618780286,0.38470271621605134
commons-compress,42,mid,0.25,none,178,380,64,0.031559828494432986,0.5046116649177396,-0.04331346198907255,0.3830594731211296
commons-compress,42,mid,0.3,none,178,419,47,0.0580686293140984,0.5266660393790649,-0.05871854272024278,0.36949230335085115
commons-compress,42,fn_heavy,0.05,none,178,161,132,0.07507045958871424,0.5189439313725412,0.08175664161883298,0.5789337089352343
commons-compress,42,fn_heavy,0.1,none,178,152,88,0.04049380747277601,0.49019394971743874,0.08229410478600321,0.5699285703129607
commons-compress,42,fn_heavy,0.15,none,178,141,41,0.02158273023420245,0.47719471623256615,-0.06221620528336837,0.3701224019838485
commons-compress,42,fn_heavy,0.2,none,178,130,0,0.007521637102298904,0.47273039425948926,-0.032831039630453016,0.4282852532187604
commons-compress,42,fn_heavy,0.25,none,178,168,0,-0.015947575236261433,0.4531794886633525,-0.0734708037328913,0.305052485880932
commons-compress,42,fn_heavy,0.3,none,178,214,0,-0.029681652019720273,0.4391960509930137,-0.09556202539140997,0.24283479085430643
commons-compress,77,symmetric,0.05,none,178,226,170,0.13828005241236374,0.5877504922281713,-0.014699619885692572,0.44201502177483404
commons-compress,77,symmetric,0.1,none,178,311,164,0.1210737009341413,0.5800445047873415,0.08016127757886739,0.617093234767302
commons-compress,77,symmetric,0.15,none,178,378,153,0.0653793852666195,0.5373796613996042,0.062015762200273494,0.5942033329936884
commons-compress,77,symmetric,0.2,none,178,443,148,0.09021187491182382,0.5636591368599385,-0.015989366406945083,0.4558820492705798
commons-compress,77,symmetric,0.25,none,178,510,139,0.048346425938815156,0.5222411468196786,0.010413825229136572,0.5130202051393291
commons-compress,77,symmetric,0.3,none,178,570,133,0.06572168637412987,0.5357871559112476,-0.002488665960218323,0.492121283694037
commons-compress,77,fp_heavy,0.05,none,178,220,168,0.12154005496873797,0.57583967482657,0.09366624443633226,0.6347587718434866
commons-compress,77,fp_heavy,0.1,none,178,296,155,0.10248056453678564,0.5640124051097973,0.1725462412362454,0.747638740477196
commons-compress,77,fp_heavy,0.15,none,178,362,148,0.047053693612431315,0.5247238845893271,0.06823647650105251,0.6032007461611377
commons-compress,77,fp_heavy,0.2,none,178,420,134,0.05764081528697406,0.5302309040034494,0.026082961623342105,0.5373533187550974
commons-compress,77,fp_heavy,0.25,none,178,484,130,0.08843100821354997,0.556173980209083,0.023417709015171893,0.5310856315847049
commons-compress,77,fp_heavy,0.3,none,178,544,119,0.06983216150498558,0.5371436725118363,0.012788497979720516,0.5152253856917788
commons-compress,77,mid,0.05,none,178,200,158,0.1512793768544865,0.5978571127197018,0.08797475702150108,0.6279972702233504
commons-compress,77,mid,0.1,none,178,249,137,0.05982259883604404,0.515859964108379,0.05532448480766403,0.5816359760106786
commons-compress,77,mid,0.15,none,178,302,122,0.06707995643568251,0.5300460856989023,0.04693837689994316,0.5715446703684602
commons-compress,77,mid,0.2,none,178,346,97,0.021508269494286646,0.49163851566019545,0.043661344000561,0.5654191207388731
commons-compress,77,mid,0.25,none,178,376,76,0.0653545131257804,0.529362391128704,0.01157827002297806,0.5122226592975376
commons-compress,77,mid,0.3,none,178,410,52,0.03664733759372407,0.5092438383218105,0.00011126354009818351,0.49651700892733913
commons-compress,77,fn_heavy,0.05,none,178,158,134,0.13145643763693166,0.5604134239405228,0.12283170317396346,0.6796472899444596
commons-compress,77,fn_heavy,0.1,none,178,143,91,0.09883030008037078,0.5450400827155929,0.060518610331107774,0.5865617109825983
commons-compress,77,fn_heavy,0.15,none,178,133,43,0.06347936947485887,0.5109319216343743,0.054024736282711094,0.5757142746518862
commons-compress,77,fn_heavy,0.2,none,178,140,0,-0.009497615354938153,0.4441665847608075,0.12340727394932838,0.6785571528811754
commons-compress,77,fn_heavy,0.25,none,178,176,0,-0.032314405157532824,0.427282353983562,0.019861196272188936,0.5278754092713479
commons-compress,77,fn_heavy,0.3,none,178,213,0,-0.03717627138007062,0.4134752996523175,-0.019069780263940014,0.4595968849796025
commons-compress,101,symmetric,0.05,none,178,231,169,0.14114628583202446,0.5929858349084794,0.005781151871271195,0.4758020083107473
commons-compress,101,symmetric,0.1,none,178,311,158,0.06821813181269075,0.5320512931156796,-0.034435157618090746,0.4053759174141394
commons-compress,101,symmetric,0.15,none,178,361,146,0.029332052369100553,0.4997956144227241,-0.021307701727927227,0.4260913717275487
commons-compress,101,symmetric,0.2,none,178,421,134,0.017932736315424008,0.4988974543380071,-0.022602639295560775,0.4302302698749382
commons-compress,101,symmetric,0.25,none,178,480,124,0.015002031413443835,0.4982285473234422,-0.04165147210967711,0.41309311332802373
commons-compress,101,symmetric,0.3,none,178,545,119,0.03273078747279396,0.5203038047317298,-0.015255108935745046,0.4558777008350879
commons-compress,101,fp_heavy,0.05,none,178,227,167,0.1396759005879044,0.5911622844392649,0.0036931502248345365,0.4737694731073468
commons-compress,101,fp_heavy,0.1,none,178,297,150,0.03928940003827279,0.5017695063610749,-0.0640063885485114,0.3211832393976619
commons-compress,101,fp_heavy,0.15,none,178,344,136,0.013545376006509553,0.4849182594302083,-0.024930334652718655,0.42742652329242065
commons-compress,101,fp_heavy,0.2,none,178,397,121,0.024268582044202167,0.49339845226009377,-0.034514753069490346,0.3986790705644362
commons-compress,101,fp_heavy,0.25,none,178,462,116,0.007919190579050796,0.4842245049690578,-0.04115923317637404,0.3944752060871642
commons-compress,101,fp_heavy,0.3,none,178,503,99,-0.008407349392572752,0.47418102535238665,-0.050961517785627374,0.3911712176705361
commons-compress,101,mid,0.05,none,178,204,150,0.11569513394746105,0.5639170805563208,0.1000301271322624,0.621639606429007
commons-compress,101,mid,0.1,none,178,242,124,0.0693105381056814,0.5308877783348233,-0.0037580430922204543,0.4513950143206629
commons-compress,101,mid,0.15,none,178,292,106,0.04652619773846967,0.5114705762160203,-0.03009724094353011,0.4117546536034895
commons-compress,101,mid,0.2,none,178,318,81,0.018203176986095398,0.48726915466989695,-0.03686495479460187,0.4000618579480087
commons-compress,101,mid,0.25,none,178,356,61,-0.010999190614623048,0.4624606655529275,-0.044758225704549015,0.3932103195701771
commons-compress,101,mid,0.3,none,178,389,43,-0.04338316812605667,0.4313604614556301,-0.04599975412911002,0.38854000080602075
commons-compress,101,fn_heavy,0.05,none,178,140,121,0.14442792247681988,0.5812700523889133,-0.013849860631360442,0.38208528920543927
commons-compress,101,fn_heavy,0.1,none,178,134,74,0.06558322425960574,0.5210356419650058,-0.00010342465007439703,0.4682164176341036
commons-compress,101,fn_heavy,0.15,none,178,136,35,0.015350114136596983,0.4657833040045542,-0.05585831275166027,0.3534863534689684
commons-compress,101,fn_heavy,0.2,none,178,146,0,-0.03713937694726987,0.3970535669404105,-0.09991091299243247,0.190229384123499
commons-compress,101,fn_heavy,0.25,none,178,181,0,-0.022676737327221516,0.41832644332762414,-0.06976150122592424,0.32078114010716063
commons-compress,101,fn_heavy,0.3,none,178,208,0,-0.01837862544237045,0.4271954079279228,0.036928358627826424,0.547196063667285
commons-compress,123,symmetric,0.05,none,178,242,173,0.13857314913752206,0.5791458620738008,-0.049703916467204526,0.34496847057016344
commons-compress,123,symmetric,0.1,none,178,303,166,0.11338010286096992,0.5653460250759227,0.03966307983795607,0.5537288925763189
commons-compress,123,symmetric,0.15,none,178,368,161,0.09180175858549923,0.5541504095218007,-0.05501345593211636,0.3542709039212108
commons-compress,123,symmetric,0.2,none,178,428,149,0.07667679847663403,0.5407283053157035,-0.058421709484844125,0.34498478129397736
commons-compress,123,symmetric,0.25,none,178,515,146,0.0637101506609373,0.5298270508896805,-0.07111539834431164,0.3110793330648124
commons-compress,123,symmetric,0.3,none,178,574,130,0.051581926428762956,0.5202952895159942,-0.08485323878195437,0.29221806812276596
commons-compress,123,fp_heavy,0.05,none,178,234,169,0.12429113134181323,0.5671252831984175,-0.021462522543098984,0.380475983173202
commons-compress,123,fp_heavy,0.1,none,178,294,163,0.08623776253866249,0.5455956787113309,0.16810889646157795,0.7389622356883171
commons-compress,123,fp_heavy,0.15,none,178,347,150,0.0930185137693578,0.554879964221102,-0.05440548084060879,0.3540475031104849
commons-compress,123,fp_heavy,0.2,none,178,408,139,0.028837201382450856,0.4923496882528809,-0.08387768005322216,0.27368716255924297
commons-compress,123,fp_heavy,0.25,none,178,480,128,0.05494603359923584,0.5184869448237105,-0.08328186785311972,0.2810000763169785
commons-compress,123,fp_heavy,0.3,none,178,539,115,0.049481095023252354,0.5162980733601018,-0.08679917392429651,0.28448587329861486
commons-compress,123,mid,0.05,none,178,225,163,0.11583938252751451,0.5609176617420429,-0.03505703943067168,0.36805138151502664
commons-compress,123,mid,0.1,none,178,255,146,0.06770167693038764,0.5250791618692845,0.015029038608553355,0.5187373781339799
commons-compress,123,mid,0.15,none,178,284,117,0.04817923079197358,0.5083182933119861,0.016754137942609004,0.5214583923554019
commons-compress,123,mid,0.2,none,178,322,95,0.023467135334403207,0.4901848611076333,-0.06604270329667335,0.331106833022285
commons-compress,123,mid,0.25,none,178,347,64,0.0027376334753420003,0.4709854515043638,-0.08099040989185667,0.29893913417775064
commons-compress,123,mid,0.3,none,178,399,42,0.025782842843499965,0.4822427320000407,-0.10522973285120826,0.212443097701242
commons-compress,123,fn_heavy,0.05,none,178,173,139,0.12768592494852682,0.5677376937850066,-0.045279008176600966,0.396810785763249
commons-compress,123,fn_heavy,0.1,none,178,155,90,0.0658485426623383,0.5123726276617458,-0.05034296071082504,0.3270835076235858
commons-compress,123,fn_heavy,0.15,none,178,130,37,0.011678327603480504,0.44664079650562766,-0.07851410027526518,0.2478784931827988
commons-compress,123,fn_heavy,0.2,none,178,129,0,-0.04327254455968395,0.39526402485210405,-0.026239408433284442,0.4505884680001004
commons-compress,123,fn_heavy,0.25,none,178,163,0,-0.06434683296908085,0.3739136428320917,-0.029303548710755422,0.44508722692968866
commons-compress,123,fn_heavy,0.3,none,178,196,0,-0.0748277584671108,0.3650950018601659,-0.0182835516063625,0.4574236707738804
commons-compress,202,symmetric,0.05,none,178,237,169,0.14301489697827652,0.5883422253247831,0.06534097188850496,0.5973000848482346
commons-compress,202,symmetric,0.1,none,178,297,161,0.1255630876888643,0.5713971964502249,0.025984631838736387,0.5305231001360039
commons-compress,202,symmetric,0.15,none,178,371,154,0.07153944920131802,0.5270721518998964,-0.07037703358694294,0.32756750141939955
commons-compress,202,symmetric,0.2,none,178,430,147,0.05796260461688787,0.5140201662560987,-0.09273556157942951,0.26418069293814317
commons-compress,202,symmetric,0.25,none,178,495,136,0.048528915676149864,0.5222775112575383,-0.07584592960320176,0.3167108417325997
commons-compress,202,symmetric,0.3,none,178,567,126,0.011726073749843084,0.4850469450289272,-0.0888459069283567,0.26622582704634856
commons-compress,202,fp_heavy,0.05,none,178,233,166,0.14111993305469758,0.5838299063575495,-0.04214599234694022,0.4053144291612819
commons-compress,202,fp_heavy,0.1,none,178,287,159,0.10512979692112934,0.5554196977907312,-0.026937817766539876,0.4216645870524495
commons-compress,202,fp_heavy,0.15,none,178,359,147,0.0890153938957709,0.5532229352769679,-0.020605709419873695,0.44050726481512176
commons-compress,202,fp_heavy,0.2,none,178,406,134,0.020975139165479058,0.48651393782798924,-0.0878971554863717,0.27463010221459233
commons-compress,202,fp_heavy,0.25,none,178,466,118,0.04698071496712948,0.5142249944509117,-0.07208225797274351,0.3056543325307262
commons-compress,202,fp_heavy,0.3,none,178,520,105,-0.02007683794306598,0.4529608505668865,-0.08076044205424551,0.2784248291441171
commons-compress,202,mid,0.05,none,178,218,160,0.13967768266539823,0.585209591514929,-0.022818351966657144,0.431520747565601
commons-compress,202,mid,0.1,none,178,245,136,0.07740258948584915,0.5245385152282855,0.02719887837404458,0.5327754224838871
commons-compress,202,mid,0.15,none,178,285,109,0.06727254313812443,0.5170595162299145,-0.0768909720458773,0.29952936139883096
commons-compress,202,mid,0.2,none,178,311,78,0.017873756711018443,0.48192537780813127,-0.06026186152041375,0.3379088175685354
commons-compress,202,mid,0.25,none,178,338,48,0.02297157655028985,0.48048636791976934,-0.09577679103934812,0.2397944190676187
commons-compress,202,mid,0.3,none,178,374,24,-0.017155573481856683,0.44930788510389463,-0.09025953832505944,0.2611034995888338
commons-compress,202,fn_heavy,0.05,none,178,168,134,0.13781412809121288,0.5703167224711435,0.13787212526078954,0.7011963905713426
commons-compress,202,fn_heavy,0.1,none,178,143,76,0.08237199395185697,0.5457298981400333,0.0882715220838088,0.6294000092357573
commons-compress,202,fn_heavy,0.15,none,178,119,21,0.021833975011779538,0.47119239362394927,0.04326570606896163,0.5628641067047347
commons-compress,202,fn_heavy,0.2,none,178,127,0,-0.03238890205171911,0.39278497364743237,-0.1060132142167392,0.12258240058776713
commons-compress,202,fn_heavy,0.25,none,178,171,0,-0.02545541807608416,0.4183168622476189,0.09994395619072909,0.6483106047084997
commons-compress,202,fn_heavy,0.3,none,178,212,0,-0.051505129834854814,0.38987016156688653,0.01479602278150688,0.5160156330031909
commons-compress,314,symmetric,0.05,none,178,253,170,0.1369845029393544,0.5849286272848873,-0.031220746386724788,0.414361110389989
commons-compress,314,symmetric,0.1,none,178,309,160,0.061705713588136195,0.5203340261368421,0.048463589622185575,0.5699307370517455
commons-compress,314,symmetric,0.15,none,178,367,151,0.055222395993345344,0.5211333563865751,0.04149977418255968,0.5485855908386178
commons-compress,314,symmetric,0.2,none,178,435,141,0.07397602976656403,0.5455998522566606,0.07671264429929694,0.6138428813812055
commons-compress,314,symmetric,0.25,none,178,499,132,0.027521641900227156,0.5078942527771829,0.08306166241983515,0.6213194019402062
commons-compress,314,symmetric,0.3,none,178,573,126,0.06388344091900945,0.5393360775852218,0.054882932179407935,0.5825930966602453
commons-compress,314,fp_heavy,0.05,none,178,243,166,0.1328171067959662,0.5760668239182914,-0.051913847523288634,0.3802203471512761
commons-compress,314,fp_heavy,0.1,none,178,299,156,0.0683331931604972,0.5260005169829444,0.05097254670307201,0.5747685942206867
commons-compress,314,fp_heavy,0.15,none,178,353,143,0.08146747009010429,0.5501609060645463,0.09295968936821403,0.6328231247903503
commons-compress,314,fp_heavy,0.2,none,178,417,132,0.05421942337374385,0.5211730632479945,0.030294039522296538,0.5366238048621456
commons-compress,314,fp_heavy,0.25,none,178,477,122,0.022634871976263946,0.4988166952155756,0.056867301567528936,0.583659202331926
commons-compress,314,fp_heavy,0.3,none,178,537,106,0.017802455432042848,0.4960345983679262,0.04753034400955865,0.5711849557237576
commons-compress,314,mid,0.05,none,178,224,156,0.12975567104101596,0.5723642107430561,-0.040540779098062,0.40294976659455817
commons-compress,314,mid,0.1,none,178,263,132,0.08400854769250639,0.5392505919700838,0.039093793988336664,0.5578880230330077
commons-compress,314,mid,0.15,none,178,283,110,0.04767232013218211,0.5093497372180709,0.04997752450417367,0.571734376667145
commons-compress,314,mid,0.2,none,178,324,91,0.020510161632358474,0.49209797097264163,0.06551575422514298,0.5927312823293117
commons-compress,314,mid,0.25,none,178,372,73,0.008851531452424065,0.48115806676983547,0.05173329799539215,0.576575228683258
commons-compress,314,mid,0.3,none,178,412,49,-0.004262721448398221,0.4662385733880906,0.028185548933764938,0.5376357318672039
commons-compress,314,fn_heavy,0.05,none,178,172,132,0.133388966768447,0.5776765813930506,-0.04193328496733337,0.4014801411703387
commons-compress,314,fn_heavy,0.1,none,178,165,88,0.06942342840261612,0.5093695557177046,-0.09422090752302778,0.23635786171044332
commons-compress,314,fn_heavy,0.15,none,178,158,42,0.01217367103647965,0.4567029098578601,0.016154618238755088,0.5219469024526289
commons-compress,314,fn_heavy,0.2,none,178,142,0,-0.051500337952942316,0.39595094744199294,-0.006648459778949062,0.4794641383086181
commons-compress,314,fn_heavy,0.25,none,178,171,0,-0.08929834782782732,0.3529711626806589,0.017424987175450664,0.520168800499121
commons-compress,314,fn_heavy,0.3,none,178,210,0,-0.07756228593931623,0.38069134583289227,-0.004505013742216202,0.47607006312929273
commons-compress,999,symmetric,0.05,none,178,231,170,0.12463440091243297,0.5717140480858771,0.034863036783557975,0.543525466792342
commons-compress,999,symmetric,0.1,none,178,295,158,0.09408304499378063,0.5490956318685977,0.06951505253786233,0.6023141439757009
commons-compress,999,symmetric,0.15,none,178,373,153,0.12443421285104843,0.5783463310953745,0.02902874760460588,0.5343504016791392
commons-compress,999,symmetric,0.2,none,178,428,142,0.11699684656065218,0.5742087136607593,0.023000665902679854,0.5298803280814005
commons-compress,999,symmetric,0.25,none,178,483,135,0.08955409413115711,0.5475727288151175,-0.07952659486621937,0.3010257624618708
commons-compress,999,symmetric,0.3,none,178,573,127,0.09584102810102546,0.5571979269644206,0.011503854642490045,0.5121480417771397
commons-compress,999,fp_heavy,0.05,none,178,226,165,0.14256610485206037,0.5858827065850654,0.034681086415075876,0.5434976943649327
commons-compress,999,fp_heavy,0.1,none,178,290,154,0.09465191159769804,0.5449218383907241,-0.06121697358600931,0.31202370083709396
commons-compress,999,fp_heavy,0.15,none,178,356,144,0.13737467021444483,0.5860544104353594,0.12312401321826999,0.6818490620220282
commons-compress,999,fp_heavy,0.2,none,178,409,132,0.07774681492453517,0.5335427751136546,0.011713763664890077,0.5077363561896596
commons-compress,999,fp_heavy,0.25,none,178,454,120,0.09222927947779042,0.5456346420700786,-0.08727221806829685,0.2750466732711603
commons-compress,999,fp_heavy,0.3,none,178,531,107,0.07247339142473237,0.5365701590807733,0.0022479230822030653,0.4969319792882883
commons-compress,999,mid,0.05,none,178,207,155,0.1121280957052586,0.5544257800772958,0.036494805524894106,0.5447751290022048
commons-compress,999,mid,0.1,none,178,244,133,0.06415506857480063,0.5136623764816618,-0.07635260766883503,0.29923223327849424
commons-compress,999,mid,0.15,none,178,278,110,0.10943498256996657,0.5589523868445919,0.13556502072630783,0.6982892354766914
commons-compress,999,mid,0.2,none,178,319,86,0.0995249169522374,0.5530268450494363,0.02047437920680416,0.5248495753467878
commons-compress,999,mid,0.25,none,178,353,65,0.053457431314941066,0.5155614440847536,0.03155920712970162,0.534162603003564
commons-compress,999,mid,0.3,none,178,384,43,0.02116346863003717,0.48915167001071147,0.009524273939201149,0.5064744292789823
commons-compress,999,fn_heavy,0.05,none,178,159,132,0.1121077180889594,0.5545218356580899,0.030896808881562213,0.47204027187875497
commons-compress,999,fn_heavy,0.1,none,178,144,83,0.11601187449006212,0.5491550652818841,0.04778434585620321,0.5541865798118257
commons-compress,999,fn_heavy,0.15,none,178,135,37,0.07920726404556508,0.5171575511716022,-0.06952402729622356,0.28665020877719494
commons-compress,999,fn_heavy,0.2,none,178,135,0,0.04303395756140568,0.46887632569811305,0.009221312412900853,0.4830854547871028
commons-compress,999,fn_heavy,0.25,none,178,162,0,0.05762383014911946,0.497739797800251,0.033483955781743555,0.5429609817094794
commons-compress,999,fn_heavy,0.3,none,178,208,0,0.014628657582777644,0.476321480617495,0.10934171402569147,0.6622992963229252
commons-configuration,7,symmetric,0.05,none,155,234,151,0.09577921243337602,0.5702161313574452,0.05542034585637983,0.6015174407008991
commons-configuration,7,symmetric,0.1,none,155,323,147,0.06602359228132752,0.5344860355961601,0.10951427270798371,0.7224697561194483
commons-configuration,7,symmetric,0.15,none,155,403,141,0.03789443685098949,0.4829294114288006,0.09465226325451678,0.6944308569956377
commons-configuration,7,symmetric,0.2,none,155,481,132,0.006904346677594537,0.4681316033949824,0.08314657808957611,0.6680549858192857
commons-configuration,7,symmetric,0.25,none,155,553,125,0.021807511150953956,0.48684500871982417,0.0943401909228185,0.6929830802634998
commons-configuration,7,symmetric,0.3,none,155,649,122,0.020043157659884413,0.4693710288631219,0.013575035355998728,0.5269094336380507
commons-configuration,7,fp_heavy,0.05,none,155,231,150,0.09415083756537006,0.5684577391957701,0.04257280258771761,0.5823113632209052
commons-configuration,7,fp_heavy,0.1,none,155,315,142,0.07660990742722702,0.5396567874788557,0.10972950103582811,0.7228497760369982
commons-configuration,7,fp_heavy,0.15,none,155,389,132,0.06346658163633044,0.5214164180362709,0.08476350422388008,0.6735998073714339
commons-configuration,7,fp_heavy,0.2,none,155,460,124,0.060995461178547115,0.5391332036496825,0.0881295816394254,0.6766911448479686
commons-configuration,7,fp_heavy,0.25,none,155,531,117,0.04202179600011317,0.5054348320120833,0.09352199357640639,0.6901633018198376
commons-configuration,7,fp_heavy,0.3,none,155,608,102,0.006456778960193828,0.46729441262890914,0.0854766478136929,0.675220449729257
commons-configuration,7,mid,0.05,none,155,216,143,0.06626007285307468,0.5364241947610564,0.051794913165801565,0.5930243028310707
commons-configuration,7,mid,0.1,none,155,274,124,0.07331850257351334,0.5472522770561331,0.045333390305698766,0.5868053178615541
commons-configuration,7,mid,0.15,none,155,322,104,0.04938039608898935,0.4941832986468589,0.08540567504822405,0.676100382248606
commons-configuration,7,mid,0.2,none,155,372,80,0.016644147796618634,0.47249746959924704,0.08671478768018434,0.6779124010424135
commons-configuration,7,mid,0.25,none,155,433,62,0.025079941869312398,0.48582271030217083,0.026824692624685134,0.5554811072078178
commons-configuration,7,mid,0.3,none,155,470,34,-0.01601004131885507,0.44111693720250106,0.02442700776498632,0.5472580581175273
commons-configuration,7,fn_heavy,0.05,none,155,169,122,0.11364820212072456,0.5927435432951446,-0.017283129663133626,0.37390734614258475
commons-configuration,7,fn_heavy,0.1,none,155,164,74,0.029211017698928754,0.49278748568364816,0.045908598373979675,0.5851614368674091
commons-configuration,7,fn_heavy,0.15,none,155,154,13,0.00423865636821932,0.45629004346902113,0.09934613832746494,0.7035421671392095
commons-configuration,7,fn_heavy,0.2,none,155,189,0,-0.022738765726564206,0.4052434127704643,0.09675178905069237,0.6986050293962536
commons-configuration,7,fn_heavy,0.25,none,155,234,0,-0.028536370266984218,0.40002499323414414,0.08478516138277593,0.6747675648235542
commons-configuration,7,fn_heavy,0.3,none,155,284,0,-0.03282087515602703,0.4215624136029001,0.09851223931080058,0.7016517544148598
commons-configuration,13,symmetric,0.05,none,155,243,146,0.07242036972350262,0.5010220190143307,-0.10076244232649846,0.09921558743922154
commons-configuration,13,symmetric,0.1,none,155,330,140,0.04942435935264681,0.499902507656893,0.02680063928380439,0.5493849472254502
commons-configuration,13,symmetric,0.15,none,155,402,133,0.056305102570565806,0.5175179619330869,-0.001011503322669861,0.4727004140598135
commons-configuration,13,symmetric,0.2,none,155,468,128,0.017165161377838436,0.4779629051782763,-0.012016150876668196,0.453070172297541
commons-configuration,13,symmetric,0.25,none,155,530,116,-0.004930684835747299,0.4716999843818576,0.046644819181962685,0.5985222597004134
commons-configuration,13,symmetric,0.3,none,155,604,105,0.032331234216317464,0.5267284900858514,0.1253502027782353,0.7501407227906547
commons-configuration,13,fp_heavy,0.05,none,155,240,145,0.0810405515583121,0.5387213220565618,-0.08680051339910713,0.1967183902630496
commons-configuration,13,fp_heavy,0.1,none,155,321,134,0.04956635096591966,0.49707725434990185,-0.07977966532072986,0.11470727624494263
commons-configuration,13,fp_heavy,0.15,none,155,386,128,0.041715400308858966,0.5161370954570091,-0.004602823780336601,0.4718382209291493
commons-configuration,13,fp_heavy,0.2,none,155,445,111,0.032312737960308535,0.5067526295007623,0.05457801664509453,0.6148403626783125
commons-configuration,13,fp_heavy,0.25,none,155,506,103,0.026701089750643968,0.4989607231660735,0.09495447705451887,0.6943814046936801
commons-configuration,13,fp_heavy,0.3,none,155,580,96,0.021382038138696727,0.5129117965996352,0.12899121044329773,0.7565572871761804
commons-configuration,13,mid,0.05,none,155,222,134,0.08074732795025587,0.5344107056351568,-0.09760122409910084,0.17452072063714708
commons-configuration,13,mid,0.1,none,155,276,112,0.04795970724386721,0.516104476490602,0.06496219463179942,0.6298513426081203
commons-configuration,13,mid,0.15,none,155,337,96,0.037798366983575235,0.5087773950003192,0.03723801338298952,0.5730126476841738
commons-configuration,13,mid,0.2,none,155,374,75,0.001358631173515507,0.43245377827203824,-0.08140188928036753,0.10640319615189006
commons-configuration,13,mid,0.25,none,155,400,39,0.002773320561783193,0.46945474076398847,-0.07545992217014513,0.18336759872255468
commons-configuration,13,mid,0.3,none,155,450,22,-0.04417448259690469,0.4235950048211877,0.08692119051274133,0.6768194577483301
commons-configuration,13,fn_heavy,0.05,none,155,158,106,0.12771240082945928,0.5942529860589588,-0.052375894696398945,0.3332504899745209
commons-configuration,13,fn_heavy,0.1,none,155,159,54,0.03540402212463282,0.47951621889546747,-0.09211104896759727,0.16560037688654244
commons-configuration,13,fn_heavy,0.15,none,155,166,9,-0.013415577516507635,0.42143019860612013,-0.07520704773776826,0.19370791936666767
commons-configuration,13,fn_heavy,0.2,none,155,202,0,-0.047070377432068794,0.3963740970852745,0.0755870888442585,0.6537315107963152
commons-configuration,13,fn_heavy,0.25,none,155,249,0,-0.031177183660382184,0.41766739391882746,-0.006235851947770114,0.4644669268262503
commons-configuration,13,fn_heavy,0.3,none,155,291,0,-0.06519609883832539,0.3785729929627767,-0.04989079500904337,0.296219139311573
commons-configuration,21,symmetric,0.05,none,155,246,145,0.0715263098400116,0.5314689301789982,0.04079849248429329,0.5813140385923679
commons-configuration,21,symmetric,0.1,none,155,318,141,0.05575359955496213,0.523426673699481,-0.05753000335901749,0.22595664834068374
commons-configuration,21,symmetric,0.15,none,155,392,136,0.04090852091236094,0.49147775800949567,-0.08456383018372338,0.17524917834867534
commons-configuration,21,symmetric,0.2,none,155,449,125,0.045777954640951295,0.5248559781370629,0.05821858875676295,0.6206141749916398
commons-configuration,21,symmetric,0.25,none,155,516,117,0.021009045716288227,0.477180109373699,0.024442220110785822,0.5474117910775604
commons-configuration,21,symmetric,0.3,none,155,607,111,0.03569042842379144,0.5209576851687839,0.013519080497988476,0.5238159560987707
commons-configuration,21,fp_heavy,0.05,none,155,241,143,0.06530294330048537,0.5237858817641717,0.09564487340088569,0.6964299055974892
commons-configuration,21,fp_heavy,0.1,none,155,307,137,0.05154258886205047,0.5201421099518206,0.012754808501020717,0.4955445775186052
commons-configuration,21,fp_heavy,0.15,none,155,374,126,0.03962017506422846,0.5079892571888285,-0.0094034298837245,0.4620488317007016
commons-configuration,21,fp_heavy,0.2,none,155,434,115,0.0291408914746288,0.4947304860925417,0.02999501985896478,0.5588334449259328
commons-configuration,21,fp_heavy,0.25,none,155,499,106,0.007216843882751739,0.4462672894773557,-0.08817489983428571,0.11147413008798136
commons-configuration,21,fp_heavy,0.3,none,155,578,99,0.017146242205342516,0.5077060196317352,0.018397408045405354,0.5357261216061402
commons-configuration,21,mid,0.05,none,155,224,137,0.09117715353896001,0.5620958036836756,0.06323040681733205,0.6316753358677007
commons-configuration,21,mid,0.1,none,155,269,115,0.06555555378123415,0.5354812854080994,0.007903175513315352,0.4942194006712234
commons-configuration,21,mid,0.15,none,155,315,99,0.004659204548924396,0.4502824562791902,0.037429760574561884,0.5692762790614699
commons-configuration,21,mid,0.2,none,155,362,72,0.055760539504966136,0.5421156370357247,0.03263316332939828,0.5634708623956527
commons-configuration,21,mid,0.25,none,155,399,50,0.009354280378495334,0.46305237865419724,-0.08245645253439957,0.1488628275489413
commons-configuration,21,mid,0.3,none,155,440,34,-0.018782007950990415,0.4230400442554123,-0.08761500386158713,0.14310826103500998
commons-configuration,21,fn_heavy,0.05,none,155,163,112,0.10784860142020385,0.573076507594299,-0.043285454952768254,0.33710570559624226
commons-configuration,21,fn_heavy,0.1,none,155,175,64,0.047503347975913816,0.506463464111417,0.11314960541558472,0.7292675165321791
commons-configuration,21,fn_heavy,0.15,none,155,167,20,0.028203934573615357,0.4741005277227268,-0.06827157478691981,0.20829377487528383
commons-configuration,21,fn_heavy,0.2,none,155,188,0,-0.05095825823043342,0.3939129520252771,-0.07413153707314761,0.18465060364771205
commons-configuration,21,fn_heavy,0.25,none,155,233,0,-0.049078470650313226,0.3932606117497676,-0.08591341886125876,0.14961366225753817
commons-configuration,21,fn_heavy,0.3,none,155,279,0,-0.04021336466128141,0.4102239396748563,-0.07468925786308585,0.18213358665485643
commons-configuration,42,symmetric,0.05,none,155,221,147,0.05677106229429654,0.517345745067855,0.022319010304974917,0.5036228434764191
commons-configuration,42,symmetric,0.1,none,155,297,141,0.01659471192795361,0.47089532818676066,-0.07827025363781301,0.14321233930956193
commons-configuration,42,symmetric,0.15,none,155,383,130,0.04288662583219435,0.5098485814880379,-0.07011991195480909,0.17314911316594264
commons-configuration,42,symmetric,0.2,none,155,474,125,0.04562309058229204,0.5064553244924294,-0.08012568923348415,0.15010457412189737
commons-configuration,42,symmetric,0.25,none,155,559,121,0.00796548423112837,0.4637139449703818,-0.09506626203788773,0.10957260429998807
commons-configuration,42,symmetric,0.3,none,155,625,114,-0.02719378419041046,0.4542599314693355,-0.06122131820131961,0.2998553184194523
commons-configuration,42,fp_heavy,0.05,none,155,214,145,0.06540868203558171,0.5357987236826113,0.02614209408398708,0.5160061457151609
commons-configuration,42,fp_heavy,0.1,none,155,285,134,0.0302022607857389,0.46596761021152316,-0.08772215894990584,0.10183117917328159
commons-configuration,42,fp_heavy,0.15,none,155,373,126,0.025164906545606405,0.4820825112939118,-0.07153353607687746,0.15674973532585113
commons-configuration,42,fp_heavy,0.2,none,155,454,118,0.013647496154200602,0.45931560761104273,-0.08091547489047227,0.13665876711371425
commons-configuration,42,fp_heavy,0.25,none,155,532,108,-0.013871266348960413,0.4527596201839265,-0.08098397044436255,0.17644043050252214
commons-configuration,42,fp_heavy,0.3,none,155,601,101,-0.01888329044930253,0.45763792237019985,-0.06081958876257643,0.29847866450282595
commons-configuration,42,mid,0.05,none,155,198,135,0.08240462145886795,0.5541667392981399,0.027714620878211915,0.5210987534852127
commons-configuration,42,mid,0.1,none,155,246,119,0.04740136675068457,0.48545503851368577,-0.07753169594337912,0.1374236305032207
commons-configuration,42,mid,0.15,none,155,310,101,-0.00695717223919254,0.4416275507284082,-0.08188978804406863,0.12496886661832311
commons-configuration,42,mid,0.2,none,155,370,75,0.004968232118117934,0.45005752712253283,-0.0760281704699147,0.15608139270429605
commons-configuration,42,mid,0.25,none,155,421,49,-0.053257787456051545,0.3788193097070219,-0.08663178719125486,0.09413404916129119
commons-configuration,42,mid,0.3,none,155,475,30,-0.018896447482291207,0.4353067925567046,-0.08478627487779959,0.14397322996234002
commons-configuration,42,fn_heavy,0.05,none,155,153,114,0.10880684320394575,0.5757104035100998,0.15108139142419386,0.7868986696399192
commons-configuration,42,fn_heavy,0.1,none,155,146,60,-0.010871029077417625,0.4435811429548519,0.01658039765806972,0.4949770264663197
commons-configuration,42,fn_heavy,0.15,none,155,137,16,-0.009240026460979003,0.42508335537859443,-0.07800644535127774,0.1430837668851454
commons-configuration,42,fn_heavy,0.2,none,155,167,0,-0.05413466434350522,0.36508478982434917,-0.08008483086098582,0.1375707935231794
commons-configuration,42,fn_heavy,0.25,none,155,227,0,-0.052120908093176814,0.37598791833525985,-0.07293717653995563,0.16488585400610156
commons-configuration,42,fn_heavy,0.3,none,155,277,0,-0.015785803245156486,0.41381957719036805,-0.07719256228295171,0.1403693195481511
commons-configuration,77,symmetric,0.05,none,155,218,150,0.07381398537182678,0.5203338664268964,-0.09242707360977906,0.1508673960491349
commons-configuration,77,symmetric,0.1,none,155,309,142,0.08613660172948745,0.5719421438332112,0.13201565087302602,0.7589871006213323
commons-configuration,77,symmetric,0.15,none,155,394,134,0.07930063209761543,0.5719976283168098,-0.046800991907043954,0.33557733214379243
commons-configuration,77,symmetric,0.2,none,155,473,130,0.04285023977936313,0.5029054713019417,-0.08777393332683972,0.12235587140571712
commons-configuration,77,symmetric,0.25,none,155,548,120,-0.004024695999402801,0.43138937713183695,-0.09353676011066603,0.06073096957597457
commons-configuration,77,symmetric,0.3,none,155,609,110,-0.0032241148723161513,0.45422580699112836,0.010053042041016846,0.5175348073546838
commons-configuration,77,fp_heavy,0.05,none,155,212,147,0.09636274235628996,0.5347085139024497,-0.07976008909965453,0.20934534752729161
commons-configuration,77,fp_heavy,0.1,none,155,295,135,0.09019196746668884,0.5744384218447993,0.055661372539586675,0.6055899458970762
commons-configuration,77,fp_heavy,0.15,none,155,381,130,0.07671348301291896,0.5593894884521564,0.04930067537207113,0.5959466924364941
commons-configuration,77,fp_heavy,0.2,none,155,451,118,0.049814499559023236,0.5028805528039861,-0.08898177576138953,0.11954827835241394
commons-configuration,77,fp_heavy,0.25,none,155,517,106,0.015511970918152325,0.473734291203365,-0.09330020717305454,0.09057065583356648
commons-configuration,77,fp_heavy,0.3,none,155,584,93,-0.002322504591077181,0.46385002686136206,0.011209443453354522,0.5221338519765697
commons-configuration,77,mid,0.05,none,155,189,136,0.07650372172839925,0.518643403421242,-0.09113468758270112,0.15787338533378142
commons-configuration,77,mid,0.1,none,155,251,119,0.053572142117857276,0.5062865926016542,-0.07079176676282545,0.19814902804666748
commons-configuration,77,mid,0.15,none,155,304,93,0.06639367733220321,0.5340621313738361,-0.07037292159608656,0.200365821131719
commons-configuration,77,mid,0.2,none,155,368,75,0.074034963400596,0.5690403594472517,-0.04156537837214628,0.3581817024884779
commons-configuration,77,mid,0.25,none,155,424,60,0.03891857971993086,0.5102254102462406,-0.08945023437551311,0.15388084644522693
commons-configuration,77,mid,0.3,none,155,471,34,-0.0014019116580917832,0.4338984837804968,-0.09473984994255596,0.07198961545421305
commons-configuration,77,fn_heavy,0.05,none,155,145,110,0.10257679332908165,0.5585938160876677,-0.07822115728298368,0.230901821611158
commons-configuration,77,fn_heavy,0.1,none,155,144,69,0.07186505999329822,0.5260779372798796,-0.07652508091479604,0.2133325514811649
commons-configuration,77,fn_heavy,0.15,none,155,141,14,0.0363511787968911,0.47329025253344376,-0.06628940688249847,0.2045230135151247
commons-configuration,77,fn_heavy,0.2,none,155,179,0,0.03355575422337883,0.4889081221748533,-0.07075319276250791,0.21696744019219746
commons-configuration,77,fn_heavy,0.25,none,155,227,0,0.0163882805165365,0.4732541611359402,0.04542636859973077,0.5851661173260917
commons-configuration,77,fn_heavy,0.3,none,155,286,0,0.004083114761952751,0.45941404847316625,-0.08729092896363443,0.13840738566811292
commons-configuration,101,symmetric,0.05,none,155,224,148,0.04602562730240393,0.49724911242112535,-0.04059107340617423,0.32876413760880385
commons-configuration,101,symmetric,0.1,none,155,315,137,0.07232216020007784,0.526924045630612,-0.08123237835588798,0.17236587935148381
commons-configuration,101,symmetric,0.15,none,155,390,128,0.075867179008232,0.551597656192352,0.13191103334597748,0.7630303800197217
commons-configuration,101,symmetric,0.2,none,155,474,122,0.04075356491031016,0.5318958123253911,0.13166363945452386,0.7612319934596389
commons-configuration,101,symmetric,0.25,none,155,541,111,0.04223504098659567,0.5239818436941353,0.12516974415932286,0.7482302667528328
commons-configuration,101,symmetric,0.3,none,155,616,103,0.05235633452702954,0.5453907346907203,0.12930933223597085,0.7556002571359761
commons-configuration,101,fp_heavy,0.05,none,155,219,144,0.05474882301796538,0.5058745582252204,-0.04066836435346483,0.3289275423400412
commons-configuration,101,fp_heavy,0.1,none,155,303,129,0.04760234128185444,0.4889352743659134,-0.08571427157137258,0.11499010049633336
commons-configuration,101,fp_heavy,0.15,none,155,375,122,0.06456654571082944,0.5256744507721807,0.10332008202255978,0.7110037750853498
commons-configuration,101,fp_heavy,0.2,none,155,450,111,0.04190725252380411,0.5147849443344013,0.04916728808026565,0.6038609513698113
commons-configuration,101,fp_heavy,0.25,none,155,515,98,0.049737700445071295,0.540810580571715,0.12979530062610067,0.7565696509770661
commons-configuration,101,fp_heavy,0.3,none,155,581,85,0.05541248787391622,0.541266181415536,0.11220962108409281,0.7213782634467968
commons-configuration,101,mid,0.05,none,155,198,129,0.03658785835941473,0.48017394282757214,-0.04314644654254983,0.32533334895236016
commons-configuration,101,mid,0.1,none,155,260,111,0.03539010498794283,0.48564913429290213,-0.07882131634619619,0.1735118596412963
commons-configuration,101,mid,0.15,none,155,315,85,0.05884507632762978,0.5131550672190582,-0.07777202295294522,0.14388538933041028
commons-configuration,101,mid,0.2,none,155,369,70,0.005290533729852287,0.45989107629624026,0.04157381099943482,0.588470611828154
commons-configuration,101,mid,0.25,none,155,422,54,0.03312048649265208,0.5180631558835966,0.12142057100735423,0.7421484284235259
commons-configuration,101,mid,0.3,none,155,474,33,0.022865840463474688,0.5100205966898169,0.10690676015001845,0.716535447814333
commons-configuration,101,fn_heavy,0.05,none,155,129,103,0.03275761631415038,0.46539621599257125,0.034004186184848156,0.5645776015191756
commons-configuration,101,fn_heavy,0.1,none,155,144,61,0.027590293762358668,0.42913097532103706,-0.0758142680709425,0.14747234584910576
commons-configuration,101,fn_heavy,0.15,none,155,156,17,-0.035020062948246104,0.36707780046424693,-0.0820514307968292,0.05660689759006003
commons-configuration,101,fn_heavy,0.2,none,155,193,0,-0.05453582206945204,0.3389063860616333,-0.09280640140558308,0.03835652147663832
commons-configuration,101,fn_heavy,0.25,none,155,240,0,-0.036596832958526095,0.39484269788827014,-0.07489799280164998,0.18795716232726623
commons-configuration,101,fn_heavy,0.3,none,155,289,0,-0.03928411375907763,0.38848796249566075,0.049780149139379865,0.6022807292657206
commons-configuration,123,symmetric,0.05,none,155,219,142,0.06412835769592054,0.5265820106492323,-0.08258487045251336,0.1869201002035483
commons-configuration,123,symmetric,0.1,none,155,281,132,0.025442347766904343,0.49045673667415046,-0.07186060405457208,0.20935082863871232
commons-configuration,123,symmetric,0.15,none,155,363,127,0.04469732553801673,0.5312513661443358,-0.07276957145766075,0.21692205128641953
commons-configuration,123,symmetric,0.2,none,155,440,121,0.027645400868260495,0.504223005780007,-0.06605595361465247,0.2349793403497622
commons-configuration,123,symmetric,0.25,none,155,532,114,0.0049728210009032945,0.5013686522689166,-0.04144978692289721,0.35442465060051953
commons-configuration,123,symmetric,0.3,none,155,617,104,0.0008586453993895972,0.5051415028909465,0.009471756001588331,0.5177179449799176
commons-configuration,123,fp_heavy,0.05,none,155,214,140,0.07356703409076712,0.5407128578213648,0.030758788994071105,0.5612684492893195
commons-configuration,123,fp_heavy,0.1,none,155,274,130,0.05320165355074151,0.5250322720218517,0.03853952375010816,0.5732437462704862
commons-configuration,123,fp_heavy,0.15,none,155,352,121,0.05768165006360466,0.5575304599854669,-0.04279930353372126,0.3470429937308014
commons-configuration,123,fp_heavy,0.2,none,155,421,112,0.03767575097364917,0.516825055780474,-0.07263089898132806,0.22094162470670006
commons-configuration,123,fp_heavy,0.25,none,155,500,101,0.0036906664841585652,0.5025401465481687,-0.037824400387494954,0.35525023959715957
commons-configuration,123,fp_heavy,0.3,none,155,584,93,-0.018689535612227925,0.4637617736407859,-0.061429595936181,0.2930612003605748
commons-configuration,123,mid,0.05,none,155,198,130,0.05904123463313364,0.5055848203248133,0.025114405657698548,0.5461330000466877
commons-configuration,123,mid,0.1,none,155,239,112,0.029647468224538794,0.502630634945857,0.03887585897802934,0.5773424918255273
commons-configuration,123,mid,0.15,none,155,290,93,0.032565633305899566,0.49510208972301767,-0.07584263191019801,0.1497068277656036
commons-configuration,123,mid,0.2,none,155,343,74,0.036244313532704346,0.5137230938094415,-0.07075803939796356,0.2040846489593974
commons-configuration,123,mid,0.25,none,155,389,52,0.00021844391142255437,0.48272869780145444,-0.06937879721820371,0.22284338718991123
commons-configuration,123,mid,0.3,none,155,457,32,0.007299145533570155,0.5048011035402493,-0.050481058500414795,0.3388023645863425
commons-configuration,123,fn_heavy,0.05,none,155,152,105,0.1090421104306148,0.5812336753215351,0.04779884835637625,0.5969949618002022
commons-configuration,123,fn_heavy,0.1,none,155,145,63,0.009375339664676633,0.4476128979074202,0.10402561175024913,0.7122832904453632
commons-configuration,123,fn_heavy,0.15,none,155,143,22,0.023515435345247394,0.48716676980111295,0.044933682708516186,0.587839507607141
commons-configuration,123,fn_heavy,0.2,none,155,159,0,-0.01817266275835903,0.4305097058889734,-0.06977781973525522,0.1627423428410332
commons-configuration,123,fn_heavy,0.25,none,155,210,0,0.006056256860093398,0.47643742000180067,-0.0625677385202039,0.21093735047747006
commons-configuration,123,fn_heavy,0.3,none,155,260,0,-0.008587611579580906,0.4533667260270411,-0.08347273742534415,0.13882244696448426
commons-configuration,202,symmetric,0.05,none,155,222,147,0.09228356758451975,0.5639002495158607,-0.07142519994983876,0.231032995480894
commons-configuration,202,symmetric,0.1,none,155,293,140,0.07847771388376597,0.5526504099755349,-0.05807724275293257,0.2594263399023461
commons-configuration,202,symmetric,0.15,none,155,382,135,0.04811438914378333,0.5234739326679927,-0.053053124321279135,0.3090796583406963
commons-configuration,202,symmetric,0.2,none,155,447,127,0.042843883788665486,0.5074531925564609,-0.08267441906817316,0.16476310402452302
commons-configuration,202,symmetric,0.25,none,155,527,118,0.009641778616588137,0.4820591719105496,-0.08235312485558616,0.1896793769745801
commons-configuration,202,symmetric,0.3,none,155,620,113,0.008507183368890602,0.5008097174314953,-0.04691887411092242,0.3477426941193347
commons-configuration,202,fp_heavy,0.05,none,155,220,146,0.09579746883236995,0.5766531159255451,0.004053457102615434,0.4962916194096978
commons-configuration,202,fp_heavy,0.1,none,155,283,137,0.08192737417363818,0.5443662504407542,-0.06164629088248269,0.25348984023538995
commons-configuration,202,fp_heavy,0.15,none,155,368,128,0.05437355016796564,0.5254576016223353,-0.04721508098586371,0.3307114759554434
commons-configuration,202,fp_heavy,0.2,none,155,429,118,0.02854415182852211,0.49721406779004623,0.024879334440556546,0.5511747210454689
commons-configuration,202,fp_heavy,0.25,none,155,504,107,0.01336084093312315,0.4932467225401127,0.026827382828969418,0.5548888319518356
commons-configuration,202,fp_heavy,0.3,none,155,578,98,0.02669392132236232,0.506073632287636,-0.07080843586470897,0.24814633664263325
commons-configuration,202,mid,0.05,none,155,203,137,0.09360679765184142,0.5622439796340238,0.002545046397231116,0.48913581618209895
commons-configuration,202,mid,0.1,none,155,240,118,0.09151722166603923,0.5569139568536944,-0.06282650656356774,0.2374098574857993
commons-configuration,202,mid,0.15,none,155,306,98,0.04938464501758722,0.517958441197151,-0.0504195971085255,0.3286818664983726
commons-configuration,202,mid,0.2,none,155,354,79,0.02569753413142302,0.5110938357611862,0.056342412648796775,0.618769610419634
commons-configuration,202,mid,0.25,none,155,401,57,0.004124396871387687,0.46785966811873914,-0.0777842726435556,0.19289889508538752
commons-configuration,202,mid,0.3,none,155,454,36,-0.03974589399191851,0.41803498350300927,-0.08116253030653828,0.1874368749401468
commons-configuration,202,fn_heavy,0.05,none,155,154,113,0.08760994491523948,0.5455560602316543,-0.02037980680691221,0.4455168507309748
commons-configuration,202,fn_heavy,0.1,none,155,149,66,0.06316302967206228,0.5012960183836357,-0.08274085602558594,0.16604122789751105
commons-configuration,202,fn_heavy,0.15,none,155,136,18,-0.0247031622467847,0.3870773119433235,-0.08242654552493751,0.11803194580110517
commons-configuration,202,fn_heavy,0.2,none,155,165,0,-0.049760839965247494,0.37972000107361725,-0.0679671541079478,0.1986685538620447
commons-configuration,202,fn_heavy,0.25,none,155,221,0,-0.023943638675712697,0.43331674018842853,-0.08106364384726042,0.19343212091735312
commons-configuration,202,fn_heavy,0.3,none,155,266,0,-0.028037970211468703,0.42010415570982457,0.029880846907826126,0.5604026038708023
commons-configuration,314,symmetric,0.05,none,155,239,148,0.08707293081637818,0.5325882390506511,0.10506332723513359,0.7142490838584139
commons-configuration,314,symmetric,0.1,none,155,317,142,0.07882970258913033,0.557913169049214,-0.06920721192740699,0.23417131614429365
commons-configuration,314,symmetric,0.15,none,155,382,133,0.039178798708716184,0.5292955148453239,-0.054316000556441646,0.3208863608582084
commons-configuration,314,symmetric,0.2,none,155,471,125,0.027647009035182125,0.511934124391974,-0.07146763226503555,0.23281424524811528
commons-configuration,314,symmetric,0.25,none,155,541,116,0.041712579697817526,0.5296625185991786,-0.07574999785012142,0.23738917589637423
commons-configuration,314,symmetric,0.3,none,155,621,106,0.031091007158722917,0.5247031022158619,-0.06684477740106301,0.2536806469511009
commons-configuration,314,fp_heavy,0.05,none,155,230,146,0.11405922402926524,0.5763223109268434,0.04621710315203381,0.5909854945233416
commons-configuration,314,fp_heavy,0.1,none,155,306,137,0.07261491822387721,0.553416992132179,-0.06794460925771025,0.23784747549932306
commons-configuration,314,fp_heavy,0.15,none,155,367,125,0.04477071913089956,0.5320158562917693,-0.05414732329080514,0.32109706174145647
commons-configuration,314,fp_heavy,0.2,none,155,445,112,0.04920084585040772,0.5379028654071257,-0.07125131206811182,0.24922128088526097
commons-configuration,314,fp_heavy,0.25,none,155,520,103,0.0016482203406958309,0.4869695093572506,-0.07632429743040615,0.20870000563903537
commons-configuration,314,fp_heavy,0.3,none,155,591,87,0.0193245789737422,0.5172476920030344,0.0028494364279630347,0.4965119534973711
commons-configuration,314,mid,0.05,none,155,214,137,0.09286178602594748,0.5557268811677772,-0.07514961863296662,0.2200282002826155
commons-configuration,314,mid,0.1,none,155,269,113,0.04331263404864042,0.5102878636983899,-0.08038344959016795,0.19526371361598582
commons-configuration,314,mid,0.15,none,155,297,87,0.04257924762592949,0.5265504865469571,-0.04905358407866538,0.332711283606109
commons-configuration,314,mid,0.2,none,155,357,73,0.012578634226213668,0.5031774116364073,-0.0600545507198954,0.32330931786835226
commons-configuration,314,mid,0.25,none,155,421,52,0.028676304563251584,0.5230803814107137,-0.06761241395555978,0.2736728421941803
commons-configuration,314,mid,0.3,none,155,462,32,0.0002478701330979668,0.5024399882066032,0.0015210448014573792,0.49695274322312954
commons-configuration,314,fn_heavy,0.05,none,155,160,106,0.09436795709758292,0.5766881521958347,-0.03813716330585733,0.36030446070717087
commons-configuration,314,fn_heavy,0.1,none,155,162,63,0.044628242657576596,0.5115293329188556,0.030940585460935928,0.5610634289294952
commons-configuration,314,fn_heavy,0.15,none,155,164,15,-0.016810562484201912,0.4217878160552344,-0.06400247302755725,0.22568828465034668
commons-configuration,314,fn_heavy,0.2,none,155,187,0,-0.01087714251492222,0.44179769313584655,-0.07328923534232165,0.22787457331333075
commons-configuration,314,fn_heavy,0.25,none,155,224,0,-0.01461461862340712,0.4615718580376786,-0.04394957529003256,0.3516714214037533
commons-configuration,314,fn_heavy,0.3,none,155,270,0,0.016022009387129613,0.5005416594944033,-0.056996401518864884,0.32735433196640007
commons-configuration,999,symmetric,0.05,none,155,223,148,0.09786882113019359,0.5711300234756458,-0.04821782141893334,0.34880250816547154
commons-configuration,999,symmetric,0.1,none,155,307,139,0.06391853863334487,0.5521971549427461,0.026708782528553875,0.5569615972692112
commons-configuration,999,symmetric,0.15,none,155,382,126,0.0869836401710121,0.5551090740767061,-0.0808082632364731,0.2125516350423305
commons-configuration,999,symmetric,0.2,none,155,462,121,0.09401537943378245,0.5800495967371591,0.0489045546974994,0.6037284907412006
commons-configuration,999,symmetric,0.25,none,155,533,117,0.04800780167905461,0.5327815090424212,0.08620394476646481,0.6735889149030465
commons-configuration,999,symmetric,0.3,none,155,623,104,0.041377154415021065,0.5321886343532374,-0.01514338847709389,0.45864494900464375
commons-configuration,999,fp_heavy,0.05,none,155,221,146,0.13675706528312076,0.6145476210398402,-0.03136783427184516,0.38254788870454354
commons-configuration,999,fp_heavy,0.1,none,155,294,130,0.07526683053635687,0.5574706918807045,0.049397271800069247,0.6046830560908586
commons-configuration,999,fp_heavy,0.15,none,155,370,122,0.04840567032397805,0.5035165167880743,0.01805116362192856,0.5359369130531684
commons-configuration,999,fp_heavy,0.2,none,155,442,113,0.03733522170461612,0.5150537187442275,0.0514730863094584,0.6091621177501301
commons-configuration,999,fp_heavy,0.25,none,155,506,101,0.03555408870977742,0.5198484236577513,0.08673383307241134,0.6764830362745919
commons-configuration,999,fp_heavy,0.3,none,155,596,93,0.03975893896025846,0.5265606869825278,-0.016143396885938244,0.4541419231403016
commons-configuration,999,mid,0.05,none,155,196,130,0.09065636488843144,0.5654630128597147,-0.038498832655759326,0.36012684231429193
commons-configuration,999,mid,0.1,none,155,255,114,0.06102142304481604,0.5371235855275074,0.05396288714215343,0.6125834751066777
commons-configuration,999,mid,0.15,none,155,304,93,0.04928765292975144,0.5226637062884399,0.0207715276652364,0.5423416628597539
commons-configuration,999,mid,0.2,none,155,342,64,0.040248493020573595,0.5147305636576217,0.02728469152646723,0.5571048793182493
commons-configuration,999,mid,0.25,none,155,405,51,0.01103188571755591,0.5005552565573482,0.052596225103664726,0.6113119647859805
commons-configuration,999,mid,0.3,none,155,458,28,0.04356561581887139,0.5362269848661243,0.0909574034350588,0.6817565789137736
commons-configuration,999,fn_heavy,0.05,none,155,144,105,0.12533919146971845,0.6054044952627441,-0.02878131923561625,0.38380404036870114
commons-configuration,999,fn_heavy,0.1,none,155,142,58,0.035004237373677256,0.4875646273888896,-0.06216638513898408,0.24217589126733888
commons-configuration,999,fn_heavy,0.15,none,155,152,16,0.038282314295573446,0.487165968851981,-0.07980258411921598,0.1706765288979456
commons-configuration,999,fn_heavy,0.2,none,155,177,0,-0.009253591404670499,0.4599282401921823,0.03354037890049533,0.5689654281520843
commons-configuration,999,fn_heavy,0.25,none,155,229,0,-0.0007866666829201186,0.4579994955522173,0.02230674010941622,0.5471457742938018
commons-configuration,999,fn_heavy,0.3,none,155,271,0,0.013249676424300635,0.47842222343847435,0.02098283116144082,0.5441278267453712
commons-dbcp,7,symmetric,0.05,none,58,104,54,0.06036562640679051,0.5253762446154749,0.02697759401029654,0.5902924486486972
commons-dbcp,7,symmetric,0.1,none,58,154,53,0.02439594383540395,0.4699470886386109,-0.02529596274831344,0.34404593987377524
commons-dbcp,7,symmetric,0.15,none,58,206,51,0.059654455789076875,0.5088424531818798,-0.022085738839952497,0.3538384678528598
commons-dbcp,7,symmetric,0.2,none,58,254,45,0.023250163980695814,0.4753960121671682,-0.0257284348205069,0.3301832660862205
commons-dbcp,7,symmetric,0.25,none,58,299,44,0.010146801161608713,0.4671451177894338,-0.02436805480783886,0.3521909559100564
commons-dbcp,7,symmetric,0.3,none,58,352,44,0.021443666391173857,0.5169936537413848,0.011650780504741456,0.5485714143808518
commons-dbcp,7,fp_heavy,0.05,none,58,103,54,0.057896398068164295,0.5214921368878919,0.018469414165548332,0.5664553186854261
commons-dbcp,7,fp_heavy,0.1,none,58,152,51,0.06083957430976702,0.5469522797269606,0.026310646385198998,0.6056067566518217
commons-dbcp,7,fp_heavy,0.15,none,58,199,45,0.034350452511126985,0.4878588182192311,-0.019142136555863474,0.3717601017783466
commons-dbcp,7,fp_heavy,0.2,none,58,247,44,-0.0033437203846041273,0.46086651774184295,0.0001990819395737144,0.48672862757983376
commons-dbcp,7,fp_heavy,0.25,none,58,288,42,-0.026465282628756047,0.43576236635612886,-0.01601183636186017,0.4028871818001181
commons-dbcp,7,fp_heavy,0.3,none,58,345,40,0.02797477851964314,0.524941573715613,0.013835968877424382,0.5577650418796006
commons-dbcp,7,mid,0.05,none,58,98,51,0.06156212820252192,0.5271106366351566,0.026539431250566105,0.5871095571484296
commons-dbcp,7,mid,0.1,none,58,134,44,0.05769369588235426,0.5395709141352882,0.03014345332464269,0.6164051448410719
commons-dbcp,7,mid,0.15,none,58,175,39,0.02138638328129657,0.4773997764416901,-0.013605900234124663,0.40403805781219065
commons-dbcp,7,mid,0.2,none,58,208,27,0.02207827858091794,0.4701652094197464,-0.02626898976923632,0.32423903870938797
commons-dbcp,7,mid,0.25,none,58,253,17,0.009507251941554662,0.46048565414311754,-0.022151570025890716,0.3545969076716091
commons-dbcp,7,mid,0.3,none,58,286,9,-0.023657559557737316,0.43755989156149927,-0.022224572877870916,0.37001189009559554
commons-dbcp,7,fn_heavy,0.05,none,58,70,42,0.07592076086699935,0.5187338679501996,0.007973968628694279,0.5195388863861926
commons-dbcp,7,fn_heavy,0.1,none,58,81,17,0.056145365222582795,0.523763918671734,0.028355704675180764,0.6134771339713342
commons-dbcp,7,fn_heavy,0.15,none,58,96,0,0.014622902684527995,0.4629111126271283,-0.009816291077003126,0.41947983034196346
commons-dbcp,7,fn_heavy,0.2,none,58,124,0,0.02948671282399485,0.4692240130068522,-0.020668753786584854,0.3539453992666738
commons-dbcp,7,fn_heavy,0.25,none,58,165,0,0.04333796009880441,0.521070773439605,0.01999763654957157,0.5787167030334401
commons-dbcp,7,fn_heavy,0.3,none,58,197,0,-0.028715183878393818,0.4058520159023889,-0.027650207197682096,0.31264321851522936
commons-dbcp,13,symmetric,0.05,none,58,112,54,0.017617642492027553,0.4345111287053743,-0.028832060568511265,0.2614956471828524
commons-dbcp,13,symmetric,0.1,none,58,159,51,0.037216883031578815,0.484854895613981,-0.01897939210947685,0.3559231684597414
commons-dbcp,13,symmetric,0.15,none,58,200,48,0.023593372037984787,0.47563271823321807,-0.023044538549875572,0.3364316934054251
commons-dbcp,13,symmetric,0.2,none,58,234,45,-0.032248035608823354,0.43226376770242486,0.004185583664038021,0.5041161570174654
commons-dbcp,13,symmetric,0.25,none,58,275,41,-0.005549919978087814,0.45233649507852497,0.0014230004300754902,0.4944625031319324
commons-dbcp,13,symmetric,0.3,none,58,334,41,-0.004452669821377421,0.46265469000760945,0.0011508490600609688,0.4927131714065133
commons-dbcp,13,fp_heavy,0.05,none,58,111,54,0.017507551137040007,0.4342924389687083,-0.030730757868948275,0.2579028080860443
commons-dbcp,13,fp_heavy,0.1,none,58,154,49,0.06892183509446012,0.5418918387249705,0.01584221852133811,0.5512869723082249
commons-dbcp,13,fp_heavy,0.15,none,58,195,44,0.028850352780136305,0.5076093592966693,0.01708572079979343,0.5533694824494574
commons-dbcp,13,fp_heavy,0.2,none,58,228,41,-0.017955738160477484,0.4581963021182781,0.009013438859004167,0.525890761374741
commons-dbcp,13,fp_heavy,0.25,none,58,268,39,-0.009261612507923,0.45305221850101346,-0.0018846572995978416,0.4758489404364687
commons-dbcp,13,fp_heavy,0.3,none,58,324,37,-0.02479237341060212,0.4391278656871457,-0.0027626599140696106,0.47830303351639625
commons-dbcp,13,mid,0.05,none,58,104,49,0.030734068810584488,0.4628571470567515,-0.02193928267292836,0.3414250741206606
commons-dbcp,13,mid,0.1,none,58,138,41,0.061872801181145486,0.5266228262270566,0.010323709670579842,0.5288862463888334
commons-dbcp,13,mid,0.15,none,58,179,35,-0.025786858261941794,0.4065063886469255,-0.03003385021640075,0.2806901138638625
commons-dbcp,13,mid,0.2,none,58,199,28,-0.016443073769186408,0.4212085400263101,-0.027568812935856588,0.2858337529517571
commons-dbcp,13,mid,0.25,none,58,233,19,-0.030139406328238565,0.37534985801201876,-0.04126939337367101,0.17804550182129544
commons-dbcp,13,mid,0.3,none,58,273,11,-0.022378346207578167,0.4542104517914565,0.0031199318330212824,0.5078615498609239
commons-dbcp,13,fn_heavy,0.05,none,58,80,39,-0.004271587545223611,0.45228915750497317,0.023821965773768737,0.5797723662785302
commons-dbcp,13,fn_heavy,0.1,none,58,95,18,0.030040862692204896,0.5076571761664896,0.0252917153669197,0.5963441308303004
commons-dbcp,13,fn_heavy,0.15,none,58,104,0,-0.05824175977868924,0.3589055889933373,0.005662948600510662,0.49629532021627054
commons-dbcp,13,fn_heavy,0.2,none,58,140,0,-0.007572516232232426,0.44865624867595044,0.008287287461940608,0.5190658621429619
commons-dbcp,13,fn_heavy,0.25,none,58,156,0,-0.021556194745931807,0.41766667991201156,-0.01764515287527261,0.36211764767042176
commons-dbcp,13,fn_heavy,0.3,none,58,185,0,0.00871543638079053,0.49195646495576545,0.01635860725377983,0.5602024157682023
commons-dbcp,21,symmetric,0.05,none,58,109,52,0.07106239874862082,0.5462471036297196,0.013824070978664267,0.5383889226801222
commons-dbcp,21,symmetric,0.1,none,58,153,51,-0.016949052280391175,0.42673309233184803,-0.019988234243081854,0.34242603314249376
commons-dbcp,21,symmetric,0.15,none,58,189,49,0.03179427880159108,0.525580769093515,0.03092368238403179,0.6253173467722256
commons-dbcp,21,symmetric,0.2,none,58,223,46,0.0017445571350884154,0.5055827509805623,0.037614307689704383,0.6527164176967537
commons-dbcp,21,symmetric,0.25,none,58,267,43,-0.0029018003576537694,0.5083472008464242,0.04300097351337684,0.6737672379344533
commons-dbcp,21,symmetric,0.3,none,58,319,37,-0.04586583981797215,0.4362761890561029,0.006837964497704043,0.5164695160558099
commons-dbcp,21,fp_heavy,0.05,none,58,108,51,0.05769719817168614,0.5318830079861131,0.022050228546087344,0.5748434564350523
commons-dbcp,21,fp_heavy,0.1,none,58,146,49,-0.03419976429356598,0.378146769194556,-0.036469046944067995,0.21538603277388094
commons-dbcp,21,fp_heavy,0.15,none,58,183,46,0.0001510155564354678,0.49117328468786914,0.024708344308858952,0.6021992941319506
commons-dbcp,21,fp_heavy,0.2,none,58,213,40,0.02745863777412162,0.5201646434333359,0.022424251310255557,0.5859973475587126
commons-dbcp,21,fp_heavy,0.25,none,58,255,34,-0.017539941991507275,0.47353520755078277,0.013106472928303784,0.5507956003365377
commons-dbcp,21,fp_heavy,0.3,none,58,308,31,-0.025186426168710235,0.4778281176800192,0.027326668067106957,0.6125036939837192
commons-dbcp,21,mid,0.05,none,58,102,49,0.0774812648145305,0.5528798589120637,0.024206777097657173,0.5864569271814609
commons-dbcp,21,mid,0.1,none,58,127,39,-0.009928228775521856,0.4628829589905309,0.017963465453827474,0.5600345409704688
commons-dbcp,21,mid,0.15,none,58,155,31,0.0010129295477231855,0.47329566943254964,0.013997815261418196,0.5333526614082448
commons-dbcp,21,mid,0.2,none,58,184,23,-0.0019333821921063384,0.48579720403770127,0.025063143578576915,0.601773466398791
commons-dbcp,21,mid,0.25,none,58,218,17,-0.015059333308893912,0.4883142833925583,0.041265463282094066,0.667204755771758
commons-dbcp,21,mid,0.3,none,58,260,9,-0.04990403244467087,0.43588356932235295,0.028270482111432457,0.614950481291115
commons-dbcp,21,fn_heavy,0.05,none,58,74,33,0.08777137334675009,0.5561921420822037,0.017473322199842718,0.5517076590415083
commons-dbcp,21,fn_heavy,0.1,none,58,86,15,0.06871735803658903,0.5581247801055245,0.04698164126682068,0.683233230288
commons-dbcp,21,fn_heavy,0.15,none,58,95,0,-0.014506215268256488,0.4473686934177088,0.03091920595823345,0.6171479925375153
commons-dbcp,21,fn_heavy,0.2,none,58,120,0,-0.004399670921223013,0.44928415352263396,0.032295172687008884,0.6195520668898151
commons-dbcp,21,fn_heavy,0.25,none,58,147,0,0.002083397620437582,0.4795116872680234,0.02786181699161384,0.613250514737903
commons-dbcp,21,fn_heavy,0.3,none,58,171,0,-0.07936272344939672,0.3230527841047174,-0.033861623469921394,0.24850718592632381
commons-dbcp,42,symmetric,0.05,none,58,110,57,0.03894121300193146,0.486481514496824,0.0022116645246861846,0.4650358238236529
commons-dbcp,42,symmetric,0.1,none,58,145,53,0.07277651861020829,0.5660862089793662,0.04182105681102774,0.6665034815860851
commons-dbcp,42,symmetric,0.15,none,58,214,52,0.08309903935709381,0.5961432301095384,0.05645354529045836,0.7229104104686306
commons-dbcp,42,symmetric,0.2,none,58,257,46,0.026931147228612767,0.49666377913658644,-0.009124205666434198,0.42128341756739746
commons-dbcp,42,symmetric,0.25,none,58,294,42,0.008430515216433341,0.4783594959272548,-0.013999694337163601,0.40558795815732324
commons-dbcp,42,symmetric,0.3,none,58,335,40,0.012806359780332722,0.5084853846642909,0.01979168281024569,0.5780818769269261
commons-dbcp,42,fp_heavy,0.05,none,58,107,55,0.06648167491066422,0.5084959809947583,-0.009054823451639611,0.3886916216181033
commons-dbcp,42,fp_heavy,0.1,none,58,141,52,0.0788546402391601,0.5755384937645527,0.047160289942563646,0.6861129794615267
commons-dbcp,42,fp_heavy,0.15,none,58,205,46,0.0886553211416099,0.5785553743243523,0.025499439097305492,0.6021161298062275
commons-dbcp,42,fp_heavy,0.2,none,58,247,42,0.044319358875845795,0.5182260309138093,-0.009826940725869392,0.42818150807817706
commons-dbcp,42,fp_heavy,0.25,none,58,286,39,0.016033636861104227,0.4893796799256739,-0.010292073838137317,0.420083384448603
commons-dbcp,42,fp_heavy,0.3,none,58,321,34,0.02397803949065541,0.5193356378090035,0.012138429503465725,0.5443524936207649
commons-dbcp,42,mid,0.05,none,58,98,52,0.059699134095931534,0.5203871431631062,0.012525529159717776,0.5166118079631563
commons-dbcp,42,mid,0.1,none,58,121,42,0.09415445554662416,0.5688010991833535,0.03445735808258056,0.6356709284046314
commons-dbcp,42,mid,0.15,none,58,174,34,0.03863114785824621,0.5169809523697956,0.013836107633704877,0.5460991356019522
commons-dbcp,42,mid,0.2,none,58,221,28,0.02929452110417538,0.5063437770419362,-0.0075113988681019634,0.44091429245515484
commons-dbcp,42,mid,0.25,none,58,247,22,0.00828035368667728,0.47975260674565995,-0.01172971925228649,0.4115524370132939
commons-dbcp,42,mid,0.3,none,58,281,15,-0.0014818669171377415,0.4716679581823154,0.000250453984858988,0.4841354121125254
commons-dbcp,42,fn_heavy,0.05,none,58,71,39,0.017582566731364994,0.4306366250548918,-0.020814275068317994,0.32159525338872214
commons-dbcp,42,fn_heavy,0.1,none,58,89,22,0.03492586072936586,0.4863428586508539,0.003058667237047704,0.4731999277644597
commons-dbcp,42,fn_heavy,0.15,none,58,87,0,0.02819117747805555,0.5132370823006046,0.05383738871657572,0.7110109512381294
commons-dbcp,42,fn_heavy,0.2,none,58,132,0,0.016315581388253505,0.48936619073576504,0.02484626269105787,0.5839651164749438
commons-dbcp,42,fn_heavy,0.25,none,58,173,0,0.03654938554834626,0.5268675932059661,0.0236612308841668,0.5933831914900426
commons-dbcp,42,fn_heavy,0.3,none,58,204,0,0.030214258754436986,0.5134431344289697,0.009936654445606385,0.5331252199076454
commons-dbcp,77,symmetric,0.05,none,58,94,55,0.06327621346369584,0.5100469473913859,0.020507188442342814,0.5379971815999168
commons-dbcp,77,symmetric,0.1,none,58,148,51,0.024129408424093376,0.4851299263671357,0.0034037132798998833,0.49457319360038837
commons-dbcp,77,symmetric,0.15,none,58,197,47,0.017710482982792528,0.5019466582197408,0.01924905448348758,0.5697169191089985
commons-dbcp,77,symmetric,0.2,none,58,234,47,-0.00030834218204575263,0.48839169877335664,0.01968009994855662,0.5706375537145486
commons-dbcp,77,symmetric,0.25,none,58,283,46,0.0006142204069594147,0.49288395627022613,0.019248211774861287,0.5710285884443141
commons-dbcp,77,symmetric,0.3,none,58,321,41,0.019747415182578398,0.5142711868844926,0.01793629355109778,0.5681448162216391
commons-dbcp,77,fp_heavy,0.05,none,58,89,52,0.0709387797350086,0.518537579426366,0.02353776327484,0.5432658059664675
commons-dbcp,77,fp_heavy,0.1,none,58,144,49,-0.003963049751017985,0.4681820399172655,0.011669061898951947,0.5368517301627792
commons-dbcp,77,fp_heavy,0.15,none,58,193,47,0.018081077214053252,0.5027535634926985,0.025375822858111907,0.587275702550612
commons-dbcp,77,fp_heavy,0.2,none,58,229,44,0.014764890318317197,0.5014749741490758,0.022194599951657318,0.5748699861214449
commons-dbcp,77,fp_heavy,0.25,none,58,270,38,-0.0004831899831297548,0.49789458638665285,0.02134358775556321,0.5824126487578758
commons-dbcp,77,fp_heavy,0.3,none,58,309,32,-0.041908446365869545,0.39703342056456237,-0.03099410964555396,0.27039833487573467
commons-dbcp,77,mid,0.05,none,58,79,49,0.04885762337329304,0.4801417273269746,0.022814447452701333,0.5326360180433299
commons-dbcp,77,mid,0.1,none,58,124,43,0.02242760231701187,0.47239611002805354,0.003107550017628613,0.4939341820332662
commons-dbcp,77,mid,0.15,none,58,162,30,-0.026542400757774032,0.43022376560397263,0.00546954943464398,0.500381201531269
commons-dbcp,77,mid,0.2,none,58,191,20,-0.02028050662210777,0.44800329878507456,0.015399890494391347,0.5523003294467038
commons-dbcp,77,mid,0.25,none,58,226,15,-0.0027915871809686722,0.4885614566051242,0.024480904024563717,0.5915944660939496
commons-dbcp,77,mid,0.3,none,58,261,7,0.018576951933631704,0.5110994645440459,0.028291013591459507,0.6115647769784572
commons-dbcp,77,fn_heavy,0.05,none,58,58,36,0.06660913985554676,0.5265781433904306,0.07096713010802234,0.6582852672486669
commons-dbcp,77,fn_heavy,0.1,none,58,66,15,-0.04530997540410069,0.36373315307560794,-0.006700160325011834,0.4518840370580551
commons-dbcp,77,fn_heavy,0.15,none,58,92,0,-0.06208905616550324,0.32182193442405216,-0.03208506639150913,0.2213670912012993
commons-dbcp,77,fn_heavy,0.2,none,58,124,0,-0.054302975970778454,0.383936833796655,0.00965594520373709,0.5108275370311738
commons-dbcp,77,fn_heavy,0.25,none,58,160,0,-0.037690211756920944,0.40684078529770257,0.015345717824298801,0.5451954813632721
commons-dbcp,77,fn_heavy,0.3,none,58,183,0,-0.05028389623676523,0.4102499489783203,0.02173653881191369,0.5767784322039632
commons-dbcp,101,symmetric,0.05,none,58,101,56,0.08363858794663047,0.5328522268094162,-0.011185558116731947,0.39384048984406483
commons-dbcp,101,symmetric,0.1,none,58,160,52,0.04722731894186747,0.5348360117397231,0.013866930904247295,0.5547232031341316
commons-dbcp,101,symmetric,0.15,none,58,203,51,0.03486598403392379,0.490922606970794,-0.018323327817964193,0.3597813676950085
commons-dbcp,101,symmetric,0.2,none,58,257,49,0.02273291848137715,0.47297258047003315,-0.020086109424608357,0.3430011603432437
commons-dbcp,101,symmetric,0.25,none,58,304,47,0.03915406161298271,0.5007574078781374,-0.021443381062696953,0.3706434253572457
commons-dbcp,101,symmetric,0.3,none,58,350,43,-0.03737039181395394,0.4294114014202406,-0.026351740717514876,0.3468511422201103
commons-dbcp,101,fp_heavy,0.05,none,58,99,54,0.034233237244701335,0.4824763445440379,-0.012734453705066665,0.38682174719754664
commons-dbcp,101,fp_heavy,0.1,none,58,155,51,0.03988858654354739,0.4908703359908724,-0.025360311826674267,0.3372396936907518
commons-dbcp,101,fp_heavy,0.15,none,58,200,49,0.035188176726232784,0.4905961048217011,-0.018907613006161953,0.35933873426827806
commons-dbcp,101,fp_heavy,0.2,none,58,247,46,0.020356942803812936,0.4717535277517973,-0.022560150178190175,0.3365625958404513
commons-dbcp,101,fp_heavy,0.25,none,58,290,42,0.013611976265635274,0.46152546729372923,-0.028678245203244093,0.3130433730562221
commons-dbcp,101,fp_heavy,0.3,none,58,337,38,-0.029438110265943132,0.4284904248080952,-0.023044837876878166,0.3563461038678921
commons-dbcp,101,mid,0.05,none,58,93,51,0.06181399754281181,0.5339869909330327,0.026018435239177136,0.5851716784714626
commons-dbcp,101,mid,0.1,none,58,138,46,0.03213108864085195,0.4762060935260938,-0.015187362052604063,0.3594914785832231
commons-dbcp,101,mid,0.15,none,58,179,37,-0.002635627889539389,0.45552711454498857,-0.01858631301907716,0.3631627120668064
commons-dbcp,101,mid,0.2,none,58,210,30,-0.05511684158273586,0.38251688483884577,-0.027403757568410608,0.29962715704311504
commons-dbcp,101,mid,0.25,none,58,242,19,0.003447317690749452,0.46102603753108085,-0.024346408835944272,0.34307799488325114
commons-dbcp,101,mid,0.3,none,58,287,9,-0.0361245092604152,0.43804839800079354,0.006371865946279285,0.5215723309912503
commons-dbcp,101,fn_heavy,0.05,none,58,66,41,0.04690438497137419,0.46904890311568803,-0.03526025259560807,0.2846883799153023
commons-dbcp,101,fn_heavy,0.1,none,58,75,17,-0.0032579565538445104,0.4333084756823392,-0.005150024199883441,0.4193559349818086
commons-dbcp,101,fn_heavy,0.15,none,58,103,0,0.07646136029359295,0.5293023746262039,-0.009323733209486155,0.4193073448518852
commons-dbcp,101,fn_heavy,0.2,none,58,137,0,0.0245630303962325,0.46480715313773296,-0.02185586923541024,0.3452493210161532
commons-dbcp,101,fn_heavy,0.25,none,58,162,0,0.03771738520795948,0.5014144824121863,0.009694255535516224,0.5321695628943093
commons-dbcp,101,fn_heavy,0.3,none,58,197,0,0.013700111814192058,0.4554683213820686,-0.021107895520429437,0.3402188357764337
commons-dbcp,123,symmetric,0.05,none,58,96,54,0.08227843396997657,0.5633382099951427,0.046267983033107564,0.6548147320545137
commons-dbcp,123,symmetric,0.1,none,58,139,51,0.06506034145904988,0.5635201485827317,0.05117787181515275,0.6996999698049091
commons-dbcp,123,symmetric,0.15,none,58,179,48,0.009671203795755038,0.4857575077529255,0.005546522888068158,0.510822843186045
commons-dbcp,123,symmetric,0.2,none,58,228,47,0.024071859167589336,0.504518429661192,0.0013026974322699989,0.4908660597773552
commons-dbcp,123,symmetric,0.25,none,58,283,46,-0.0074577689780531125,0.484137777082114,0.008555053051227873,0.5310643260517767
commons-dbcp,123,symmetric,0.3,none,58,334,46,0.02166938879275334,0.5262439280441291,0.028519336496002856,0.6175859343967821
commons-dbcp,123,fp_heavy,0.05,none,58,94,53,0.08717583214805577,0.5610627736332631,0.035521554101054224,0.616292689413397
commons-dbcp,123,fp_heavy,0.1,none,58,135,50,0.057297632074265505,0.5513904967380201,0.04230886972001492,0.668238574713665
commons-dbcp,123,fp_heavy,0.15,none,58,176,47,0.034318099935075126,0.5173822084266481,0.011616516527028326,0.5337229315818837
commons-dbcp,123,fp_heavy,0.2,none,58,221,46,0.03892762967640299,0.5288188779059348,0.012695282318501915,0.5459476471786935
commons-dbcp,123,fp_heavy,0.25,none,58,277,44,-0.0232971305654563,0.45093107467788085,-0.007646072351612106,0.4480178238331468
commons-dbcp,123,fp_heavy,0.3,none,58,317,36,0.015284817795708883,0.5058786173635058,-0.00018094877332734045,0.4893411710182962
commons-dbcp,123,mid,0.05,none,58,88,50,0.07350034876766583,0.5514839906805845,0.04075306439212354,0.6419901180150039
commons-dbcp,123,mid,0.1,none,58,121,46,0.013536311215716688,0.4902265710810403,0.02060506482913403,0.568558698931012
commons-dbcp,123,mid,0.15,none,58,150,35,0.043971341583120716,0.5383544138068959,0.04322602763453243,0.6732663118260829
commons-dbcp,123,mid,0.2,none,58,178,22,0.015524434823367348,0.4968293220147409,0.01393456674186888,0.5408322028672291
commons-dbcp,123,mid,0.25,none,58,218,15,-0.011948978049654701,0.47038689541384127,0.005719716722832182,0.5146170910165517
commons-dbcp,123,mid,0.3,none,58,260,5,-0.06252617195961782,0.37955179337844175,-0.028399581182049466,0.3206657582846029
commons-dbcp,123,fn_heavy,0.05,none,58,70,42,0.04741313400877958,0.4821454686112713,-0.019433398126372733,0.34983434438047945
commons-dbcp,123,fn_heavy,0.1,none,58,65,15,0.02497053922817404,0.45591140885480946,-0.01914943185682851,0.3750323579326376
commons-dbcp,123,fn_heavy,0.15,none,58,85,0,0.033933648440680975,0.5052577108567833,0.05190491053591079,0.7008859812381225
commons-dbcp,123,fn_heavy,0.2,none,58,109,0,0.09942396127435695,0.5880630801791602,0.04981473132656635,0.699053951939418
commons-dbcp,123,fn_heavy,0.25,none,58,144,0,0.028849273030621247,0.5155663085588178,0.04483272588187941,0.6788992878586807
commons-dbcp,123,fn_heavy,0.3,none,58,175,0,-0.02026387766266712,0.45128441101148487,0.009415053018165712,0.5314383169683745
commons-dbcp,202,symmetric,0.05,none,58,102,56,0.033637171488285475,0.487322887024141,-0.0009110577319217551,0.4306083895104992
commons-dbcp,202,symmetric,0.1,none,58,141,54,0.033233377183129034,0.49419770320597894,-0.011598454781309282,0.409510779592241
commons-dbcp,202,symmetric,0.15,none,58,188,48,0.05156167309260534,0.5200038513835012,0.01030317222359272,0.5277074194673521
commons-dbcp,202,symmetric,0.2,none,58,239,48,0.027352914175010328,0.4766445301417328,-0.020994094378589886,0.3439513944912677
commons-dbcp,202,symmetric,0.25,none,58,286,44,0.013976500249701778,0.46754029500398736,-0.01969831659344057,0.3492780373585123
commons-dbcp,202,symmetric,0.3,none,58,341,42,-0.04218218756772848,0.3860278706028302,-0.03526942468198285,0.2370512835054523
commons-dbcp,202,fp_heavy,0.05,none,58,102,56,0.033637171488285475,0.487322887024141,-0.0009110577319217551,0.4306083895104992
commons-dbcp,202,fp_heavy,0.1,none,58,136,51,0.03463575877893935,0.4969282905203845,-0.0099785235841909,0.4168883374628273
commons-dbcp,202,fp_heavy,0.15,none,58,186,48,0.03662896323038793,0.4699096536806964,-0.025256344756570147,0.2991759789964092
commons-dbcp,202,fp_heavy,0.2,none,58,230,43,0.04097421711959372,0.48969381027984454,-0.022571383480792184,0.3431603970607849
commons-dbcp,202,fp_heavy,0.25,none,58,279,41,0.018086840621565178,0.4575709424446305,-0.028154057944467327,0.28609421231349025
commons-dbcp,202,fp_heavy,0.3,none,58,327,38,0.013902515130077987,0.4404968404965388,-0.034207931630457426,0.25300391185025617
commons-dbcp,202,mid,0.05,none,58,95,50,0.07638728668572231,0.5638756626293447,0.042218190659525305,0.6514447799010564
commons-dbcp,202,mid,0.1,none,58,120,43,0.048474825571708874,0.5331301873864852,0.03245716433764255,0.6144777703616181
commons-dbcp,202,mid,0.15,none,58,161,36,0.07413732893133122,0.5286512797387084,0.014656450089242415,0.5401150153960224
commons-dbcp,202,mid,0.2,none,58,194,24,0.018274778627031276,0.4725405103808737,-0.009452139924786504,0.41872853819666556
commons-dbcp,202,mid,0.25,none,58,234,16,-0.004612686835403221,0.4385824857672894,-0.022133514927355567,0.33974287734793557
commons-dbcp,202,mid,0.3,none,58,264,5,0.02548806961999071,0.48268016054856333,-0.016166192820333755,0.38248164599806594
commons-dbcp,202,fn_heavy,0.05,none,58,72,40,0.0651609588878299,0.5347707570201804,0.039757081748391265,0.6454834935078623
commons-dbcp,202,fn_heavy,0.1,none,58,69,13,0.004002741646291241,0.3995689986567901,-0.02250998752618229,0.29510634934384145
commons-dbcp,202,fn_heavy,0.15,none,58,82,0,-0.0062809908519509215,0.4035462118055875,-0.026048852042731503,0.2946694823761132
commons-dbcp,202,fn_heavy,0.2,none,58,119,0,0.012878704310545415,0.43198112993906734,-0.016637966760364428,0.3514323653113273
commons-dbcp,202,fn_heavy,0.25,none,58,149,0,0.0011629402411363428,0.4305103287502695,-0.022914496679024142,0.31671849718298895
commons-dbcp,202,fn_heavy,0.3,none,58,183,0,-0.008364977991624587,0.42681507584640277,-0.025114494129033747,0.3209339743411386
commons-dbcp,314,symmetric,0.05,none,58,112,57,0.030251794625623378,0.4918877323401653,0.0114812645438261,0.5364250816940491
commons-dbcp,314,symmetric,0.1,none,58,146,52,0.06479923457903804,0.5392191993580284,0.028961328380633145,0.6045972289283627
commons-dbcp,314,symmetric,0.15,none,58,191,48,0.03341495331591726,0.480242723855098,-0.01927552665856522,0.3481269062828547
commons-dbcp,314,symmetric,0.2,none,58,232,41,0.020629296384266006,0.4411379974894958,-0.031069548185408274,0.25896921662765754
commons-dbcp,314,symmetric,0.25,none,58,282,38,-0.011595528017677468,0.4231255488497322,-0.033573113062247806,0.2791693773397164
commons-dbcp,314,symmetric,0.3,none,58,336,34,-0.009113707547263853,0.4447369388426432,-0.024157257813593753,0.34854439292155487
commons-dbcp,314,fp_heavy,0.05,none,58,112,57,0.030251794625623378,0.4918877323401653,0.0114812645438261,0.5364250816940491
commons-dbcp,314,fp_heavy,0.1,none,58,142,49,0.048208317987577014,0.4805391301248016,-0.02245423044933573,0.3177890230845728
commons-dbcp,314,fp_heavy,0.15,none,58,182,41,0.002399149817831646,0.4316886268349634,-0.024540037977574997,0.3006665576019996
commons-dbcp,314,fp_heavy,0.2,none,58,224,37,-0.008169286954927567,0.41810441891563316,-0.029220726934876325,0.2831580756463738
commons-dbcp,314,fp_heavy,0.25,none,58,275,33,0.021669961392404888,0.5004815835968232,0.0014838210934460922,0.4989827801128055
commons-dbcp,314,fp_heavy,0.3,none,58,329,30,0.0007205407738601767,0.46116828046783637,-0.02094180237058096,0.37059011654121515
commons-dbcp,314,mid,0.05,none,58,100,48,0.025056787025067178,0.44197155462168564,-0.026973971800777475,0.2791204343982135
commons-dbcp,314,mid,0.1,none,58,128,37,0.014379553106677627,0.4569723004592838,0.008550802217224384,0.5138864806828924
commons-dbcp,314,mid,0.15,none,58,150,29,-0.010755649231632913,0.4102422574369987,-0.025252270192783356,0.2908963145225366
commons-dbcp,314,mid,0.2,none,58,194,24,0.002966813542917151,0.423527748514128,-0.03177545259341519,0.25577372478527943
commons-dbcp,314,mid,0.25,none,58,238,19,-0.040488213062723245,0.39662229690576445,-0.026963610083438283,0.3176553549764556
commons-dbcp,314,mid,0.3,none,58,278,12,-0.007828086324894571,0.4466627563818378,-0.02330080690003722,0.34944204884057195
commons-dbcp,314,fn_heavy,0.05,none,58,66,32,0.008215958599267242,0.45539058801354976,0.029943148294648544,0.5782855714767987
commons-dbcp,314,fn_heavy,0.1,none,58,89,18,0.0040248365065392675,0.4175649556363941,-0.0245968922653988,0.29289216863359774
commons-dbcp,314,fn_heavy,0.15,none,58,93,0,-0.02254476842980156,0.3777758497639199,-0.011646638066297689,0.35395209424511664
commons-dbcp,314,fn_heavy,0.2,none,58,116,0,-0.051151611360944475,0.34058044919541064,-0.025095794327578743,0.29412865571421215
commons-dbcp,314,fn_heavy,0.25,none,58,154,0,-0.025245554189369877,0.3998142202645061,-0.023908264858162533,0.3043891091199722
commons-dbcp,314,fn_heavy,0.3,none,58,182,0,-0.00893813365255731,0.4550522407345782,-0.003353076169716321,0.46998784922991305
commons-dbcp,999,symmetric,0.05,none,58,99,56,0.04872534381784149,0.5067405993863783,0.012846165041857571,0.5495770324102975
commons-dbcp,999,symmetric,0.1,none,58,142,50,0.06605269622316798,0.5299182925765368,-0.008930531626064412,0.44041093595174924
commons-dbcp,999,symmetric,0.15,none,58,199,50,0.03813271109932743,0.48788093388486165,-0.017089526130526958,0.3517235206124097
commons-dbcp,999,symmetric,0.2,none,58,241,47,-0.008011709338103945,0.43038299562510685,-0.036069820520839686,0.2638599700183105
commons-dbcp,999,symmetric,0.25,none,58,283,45,-0.02020935911542491,0.42877989099564545,-0.03027856707359113,0.3064140124295631
commons-dbcp,999,symmetric,0.3,none,58,339,39,0.007213995221535438,0.4803070872911599,-0.020386834350910946,0.38007138317217526
commons-dbcp,999,fp_heavy,0.05,none,58,96,53,0.030018321776768348,0.48397430575705347,0.013822471257315696,0.5495771139161416
commons-dbcp,999,fp_heavy,0.1,none,58,141,50,0.033695371894890934,0.4729714109366816,-0.02672623357474811,0.329441328565668
commons-dbcp,999,fp_heavy,0.15,none,58,193,47,0.030905971131688078,0.47602292453238554,-0.024949745971962076,0.32638316792340005
commons-dbcp,999,fp_heavy,0.2,none,58,229,42,0.01078085381841356,0.472682489136563,-0.022816702201167903,0.36178567605532586
commons-dbcp,999,fp_heavy,0.25,none,58,271,36,-0.017803023132026655,0.442190061697358,-0.021391426455357906,0.3623463567082862
commons-dbcp,999,fp_heavy,0.3,none,58,324,33,-0.0395303931035609,0.4071048922825919,-0.03496796201284046,0.27551937742935656
commons-dbcp,999,mid,0.05,none,58,91,50,0.057433207471652654,0.5205880389217652,0.016891147758874174,0.564469665312992
commons-dbcp,999,mid,0.1,none,58,124,42,0.005300391019503581,0.4713877386926325,0.011534769218321164,0.5379266704512428
commons-dbcp,999,mid,0.15,none,58,159,31,0.05260888600533994,0.5333605147023931,0.021135136197871336,0.5868401940343011
commons-dbcp,999,mid,0.2,none,58,187,18,-0.00022299869477198977,0.452677866350729,-0.024248434832657043,0.3362793992096378
commons-dbcp,999,mid,0.25,none,58,225,12,-0.034163536072462364,0.4062797778567819,-0.03217308241812692,0.2857141069482579
commons-dbcp,999,mid,0.3,none,58,267,3,-0.02074811912689555,0.43498873641245606,-0.026666219762121898,0.33344650916046825
commons-dbcp,999,fn_heavy,0.05,none,58,60,34,0.04002933683683249,0.4522014301189038,-0.023009963953429437,0.3271413282002348
commons-dbcp,999,fn_heavy,0.1,none,58,68,12,0.0009575369963248631,0.42871527498844214,-0.026384875825764154,0.3482824720379641
commons-dbcp,999,fn_heavy,0.15,none,58,89,0,0.018051740521891516,0.440746145613604,-0.018456044099779374,0.3665045987998986
commons-dbcp,999,fn_heavy,0.2,none,58,119,0,-0.01223685215545297,0.39441093087976126,-0.025740581276400876,0.30363606497204976
commons-dbcp,999,fn_heavy,0.25,none,58,155,0,0.018877151796887825,0.47375003841696145,-0.019223254771551384,0.3834550511711267
commons-dbcp,999,fn_heavy,0.3,none,58,186,0,-0.01709157484845807,0.4261197765026977,-0.030416687543769912,0.309480300839614
commons-digester,7,symmetric,0.05,none,19,74,19,0.05246984968146029,0.568350455010689,0.0637676673278883,0.5707938821882926
commons-digester,7,symmetric,0.1,none,19,127,19,-0.0014719724129364175,0.4651488263153788,0.04173993370073821,0.5382943704365346
commons-digester,7,symmetric,0.15,none,19,186,19,-0.006104712953146259,0.4529345905618446,0.023427651326720807,0.5202111833348843
commons-digester,7,symmetric,0.2,none,19,248,19,-0.048325909442823785,0.28771639797945076,0.015276077157948282,0.5109552126010248
commons-digester,7,symmetric,0.25,none,19,294,18,-0.039048177570225974,0.36399514314371983,-0.09071554375431161,0.3099456651840442
commons-digester,7,symmetric,0.3,none,19,345,16,0.009123035603887084,0.5081592046297612,0.011998095195317426,0.5107540882697882
commons-digester,7,fp_heavy,0.05,none,19,74,19,0.05246984968146029,0.568350455010689,0.0637676673278883,0.5707938821882926
commons-digester,7,fp_heavy,0.1,none,19,127,19,-0.0014719724129364175,0.4651488263153788,0.04173993370073821,0.5382943704365346
commons-digester,7,fp_heavy,0.15,none,19,186,19,-0.006104712953146259,0.4529345905618446,0.023427651326720807,0.5202111833348843
commons-digester,7,fp_heavy,0.2,none,19,244,16,-0.05328249834315596,0.2789745182987773,-0.0342128000166898,0.4280593800924443
commons-digester,7,fp_heavy,0.25,none,19,287,13,-0.011112073295078507,0.4512216246535178,0.008060860610406206,0.5031313007799584
commons-digester,7,fp_heavy,0.3,none,19,339,11,-0.005796404692046319,0.47996314666355194,-0.05623718810211306,0.4021049680143403
commons-digester,7,mid,0.05,none,19,73,19,0.04090030462182739,0.5522790531117103,0.0425625085383421,0.5476151537268201
commons-digester,7,mid,0.1,none,19,120,16,0.008517297192705282,0.4977116746696223,-0.016919851845500745,0.4385435940731127
commons-digester,7,mid,0.15,none,19,172,8,-0.042178832375227196,0.32924027178128423,-0.0372695472013633,0.4166445959129562
commons-digester,7,mid,0.2,none,19,228,8,-0.05958655470943761,0.24258413856710231,-0.03910974333369616,0.4191335964774585
commons-digester,7,mid,0.25,none,19,272,6,-0.03594210078789497,0.32282063314503856,0.008453633566472676,0.4965466981213857
commons-digester,7,mid,0.3,none,19,323,3,0.001530235402329547,0.4999000675098898,0.0127062242283832,0.5093412734507319
commons-digester,7,fn_heavy,0.05,none,19,58,8,0.022787201750819802,0.47121046298330566,0.08925219009940448,0.6049480010710138
commons-digester,7,fn_heavy,0.1,none,19,97,2,-0.006793568669990429,0.41869275453762744,-0.05404159109433537,0.3401838454819396
commons-digester,7,fn_heavy,0.15,none,19,134,0,-0.01834227988186902,0.38707968080575944,-0.06662932656658337,0.3384390253446523
commons-digester,7,fn_heavy,0.2,none,19,189,0,-0.06577894233113199,0.09573431640557402,-0.016264491228643395,0.444049858343159
commons-digester,7,fn_heavy,0.25,none,19,244,0,-0.04286898176507429,0.33456420137078596,-0.02703122372072588,0.4311492785798338
commons-digester,7,fn_heavy,0.3,none,19,284,0,-0.06386657280837942,0.23440084524991642,-0.0440343512809222,0.40662531802163693
commons-digester,13,symmetric,0.05,none,19,84,19,0.0030119667823940766,0.48069717145872537,-0.0588690075911448,0.3661543189826418
commons-digester,13,symmetric,0.1,none,19,142,19,0.020504714889938182,0.5212458629462352,-0.07036990322848831,0.37266784989866525
commons-digester,13,symmetric,0.15,none,19,192,19,-0.029062298543790267,0.38344558746572827,-0.021304280752716162,0.45067865122626355
commons-digester,13,symmetric,0.2,none,19,232,19,0.014092726036089706,0.5096334585780808,0.03233864803292181,0.5385421879353514
commons-digester,13,symmetric,0.25,none,19,284,19,0.020157143502150664,0.472553900424963,0.16035922990620882,0.6988035300262319
commons-digester,13,symmetric,0.3,none,19,337,16,0.013058736872406372,0.46130782258802794,0.11122223000563744,0.6424296748509691
commons-digester,13,fp_heavy,0.05,none,19,84,19,0.0030119667823940766,0.48069717145872537,-0.0588690075911448,0.3661543189826418
commons-digester,13,fp_heavy,0.1,none,19,140,19,0.012290309757982282,0.5045723063576626,-0.008490935005808378,0.4742848870675703
commons-digester,13,fp_heavy,0.15,none,19,191,19,-0.029058643556438737,0.38344910052712133,-0.017360549400417424,0.45446924446938336
commons-digester,13,fp_heavy,0.2,none,19,229,18,0.018589068313350266,0.5163709532158026,0.07928089572778226,0.6034109942682245
commons-digester,13,fp_heavy,0.25,none,19,278,16,0.006716199902776551,0.4543244318164502,0.07351926803894206,0.5954445415139841
commons-digester,13,fp_heavy,0.3,none,19,333,14,0.0053080683858829055,0.45023108434129966,0.07830967947350935,0.6018939485585361
commons-digester,13,mid,0.05,none,19,82,19,0.003161900387026161,0.48213610453671085,-0.07198609139087421,0.35550416010530256
commons-digester,13,mid,0.1,none,19,135,16,-0.0014544309011457275,0.47666192922269257,-0.013123807623302054,0.4744525693951012
commons-digester,13,mid,0.15,none,19,182,13,-0.012603809871867015,0.41815943984404125,0.03629291022229811,0.5411621852606505
commons-digester,13,mid,0.2,none,19,220,11,0.005862357623637293,0.4956731837139179,0.00017170555618968678,0.49109351285701014
commons-digester,13,mid,0.25,none,19,263,8,0.017325158510861617,0.5169374211048794,0.07949260334260161,0.6036780183521739
commons-digester,13,mid,0.3,none,19,317,6,0.014061045226783822,0.5091590050690493,0.003654245513196995,0.49996225071933015
commons-digester,13,fn_heavy,0.05,none,19,72,13,0.0308005352157593,0.5435202009160717,-0.0035116146095299904,0.4800648767979775
commons-digester,13,fn_heavy,0.1,none,19,107,3,-0.028015899286278134,0.35038616487898067,0.06460901492923364,0.5779945679639475
commons-digester,13,fn_heavy,0.15,none,19,158,0,-0.021295040738871264,0.38743984701588635,-0.04957328842931936,0.4020965537889931
commons-digester,13,fn_heavy,0.2,none,19,187,0,-0.020692501624698482,0.3886872990947408,-0.0494301321778519,0.402226954732552
commons-digester,13,fn_heavy,0.25,none,19,227,0,-0.028061349154916,0.382253043461893,-0.04963187831604274,0.4031928146390783
commons-digester,13,fn_heavy,0.3,none,19,274,0,-0.035673218984090524,0.3634719092112338,-0.0037724071160109294,0.4847588122228883
commons-digester,21,symmetric,0.05,none,19,78,16,0.016540399008915723,0.4472329621600732,0.054334888860445234,0.5673429809755783
commons-digester,21,symmetric,0.1,none,19,123,14,0.006809221782708788,0.43369387929428005,0.0004528955399983288,0.48819162984267317
commons-digester,21,symmetric,0.15,none,19,163,14,0.0232690080496455,0.46995617787603383,0.013105665551373366,0.496243728925086
commons-digester,21,symmetric,0.2,none,19,201,12,0.014485131778889737,0.4583707429295941,0.023138015868288817,0.5117816258061807
commons-digester,21,symmetric,0.25,none,19,254,12,-0.013808950843225526,0.3887703778512898,0.06458105254630768,0.5838680181761953
commons-digester,21,symmetric,0.3,none,19,314,10,-0.02340310392887516,0.35819019704162003,0.08271423249671017,0.6052635791193759
commons-digester,21,fp_heavy,0.05,none,19,77,15,0.016274701974615356,0.44722397889406745,0.039910997999485186,0.5509111316965065
commons-digester,21,fp_heavy,0.1,none,19,122,14,0.006769906757789737,0.4332633939910187,0.0073040967888537735,0.49878399665827095
commons-digester,21,fp_heavy,0.15,none,19,161,12,-0.0024967881284118395,0.4223190842016704,-0.07834938603624175,0.3349104601206261
commons-digester,21,fp_heavy,0.2,none,19,198,11,-0.0002825539667494434,0.43257366701137334,-0.07059786642983236,0.34792128443261006
commons-digester,21,fp_heavy,0.25,none,19,250,9,-0.013135195860096078,0.39476128870874394,-0.03393418178937088,0.43402136475072295
commons-digester,21,fp_heavy,0.3,none,19,312,9,-0.04073899246309167,0.3270061624653309,0.015287781357804012,0.5130588367268488
commons-digester,21,mid,0.05,none,19,75,14,0.013913390959943372,0.4438845366768876,0.04089821496248677,0.5520747194387987
commons-digester,21,mid,0.1,none,19,112,10,0.02728089911538834,0.4626560703895006,0.03889051690445042,0.5454842617929189
commons-digester,21,mid,0.15,none,19,152,9,-0.01837596792197592,0.3865719827854272,-0.08428969868933671,0.32784530264644324
commons-digester,21,mid,0.2,none,19,187,4,0.01065447453116333,0.44874075480949466,0.1676598863944681,0.7104750921079581
commons-digester,21,mid,0.25,none,19,238,2,-0.008562526731952345,0.40185905102405706,0.02268671093289186,0.5217830881168679
commons-digester,21,mid,0.3,none,19,290,0,-0.014002588045765978,0.3537429287076348,0.09312501272971108,0.6208648241990048
commons-digester,21,fn_heavy,0.05,none,19,66,9,-0.001007041513070539,0.41240376466142337,-0.004751687860894206,0.4895180593362945
commons-digester,21,fn_heavy,0.1,none,19,92,0,0.005691865245284299,0.4235172734620635,0.02707079841373142,0.5288040949986642
commons-digester,21,fn_heavy,0.15,none,19,128,0,0.0009776185822979685,0.4268688583820747,-0.07559256335054934,0.337040011187924
commons-digester,21,fn_heavy,0.2,none,19,167,0,0.009797893069721886,0.4394798291879473,-0.061114708209788524,0.3552698905761832
commons-digester,21,fn_heavy,0.25,none,19,205,0,-0.023958963317804814,0.3684244594799143,-0.08227576026846882,0.3165362147345799
commons-digester,21,fn_heavy,0.3,none,19,248,0,-0.013590730468138992,0.3545150303254904,0.00571028881333504,0.5032403727407451
commons-digester,42,symmetric,0.05,none,19,75,19,0.07706460729621019,0.6145249470810837,0.11635562843988255,0.6488799572859627
commons-digester,42,symmetric,0.1,none,19,117,18,0.04417596385334503,0.5659236913659423,0.003220921237353769,0.49051889409622745
commons-digester,42,symmetric,0.15,none,19,189,17,0.03256975233731466,0.4838074415448043,0.05841037810306994,0.5725805557764795
commons-digester,42,symmetric,0.2,none,19,243,16,-0.0011405114079361814,0.4381958679124806,0.012842420313403182,0.4993235288510136
commons-digester,42,symmetric,0.25,none,19,286,14,-0.009002903124438952,0.40932648606124944,0.029391119807205508,0.5275305230712574
commons-digester,42,symmetric,0.3,none,19,334,14,-0.00999265337165935,0.4568073782762313,-0.024375337469779153,0.43702134304387885
commons-digester,42,fp_heavy,0.05,none,19,75,19,0.07706460729621019,0.6145249470810837,0.11635562843988255,0.6488799572859627
commons-digester,42,fp_heavy,0.1,none,19,115,17,0.04940788791869264,0.5725828221750021,0.04842943340500419,0.5604882433613712
commons-digester,42,fp_heavy,0.15,none,19,187,16,0.02632328080122925,0.47588354901172814,-0.0014789792847607155,0.4876234181720858
commons-digester,42,fp_heavy,0.2,none,19,238,14,-0.0073509196809425125,0.41275903709010275,-0.020749969746497995,0.4440907292521047
commons-digester,42,fp_heavy,0.25,none,19,285,14,0.010810302350748539,0.45293241424848224,0.010763553017425459,0.49815879248766787
commons-digester,42,fp_heavy,0.3,none,19,331,13,-0.014387182163821179,0.4168069210545178,-0.020649967648752307,0.44318538459881057
commons-digester,42,mid,0.05,none,19,69,17,0.05943910089696101,0.5772187965870388,0.11706011549256186,0.6494294124014883
commons-digester,42,mid,0.1,none,19,109,14,0.054604097732552793,0.5778334367974095,0.043178175244257815,0.5446007849446347
commons-digester,42,mid,0.15,none,19,178,11,0.030716898078837297,0.5418521840636865,-0.011544686182882352,0.4533115335748104
commons-digester,42,mid,0.2,none,19,227,9,0.013330588591614144,0.5051413378719126,-0.011943317034452849,0.45301291016440326
commons-digester,42,mid,0.25,none,19,268,6,-0.019618031970641048,0.24803889568149387,-0.00560700186450287,0.464186205767725
commons-digester,42,mid,0.3,none,19,312,3,-0.03419128046689721,0.2097554094289962,-0.02587690017449498,0.4397712350101267
commons-digester,42,fn_heavy,0.05,none,19,56,10,0.06086579515313074,0.5822650889900278,0.08590614798333106,0.6070568243348766
commons-digester,42,fn_heavy,0.1,none,19,86,2,0.049434737867801656,0.5618205895853928,0.07038205414149121,0.5897528226057166
commons-digester,42,fn_heavy,0.15,none,19,140,0,-0.020671837134272106,0.23152721615716546,-0.014623272923386351,0.4492280486216028
commons-digester,42,fn_heavy,0.2,none,19,197,0,-0.0022181164757785693,0.43990682399571274,-0.09325870029089255,0.30578743415509274
commons-digester,42,fn_heavy,0.25,none,19,240,0,-0.004690340555390765,0.42838960882825644,-0.007189220243138573,0.4579260907645358
commons-digester,42,fn_heavy,0.3,none,19,278,0,-0.033536524050773224,0.22047467154354586,-0.0893336956822442,0.33063210729745074
commons-digester,77,symmetric,0.05,none,19,59,18,-0.04972782509050462,0.12244236927791696,-0.04051715056865191,0.423664841019726
commons-digester,77,symmetric,0.1,none,19,117,16,-0.039954894284310045,0.20013502490906396,0.023893262346242335,0.5023193587127553
commons-digester,77,symmetric,0.15,none,19,179,16,-0.04432596887404683,0.31986660208095885,-0.0722602047610931,0.3574912818097201
commons-digester,77,symmetric,0.2,none,19,216,15,-0.046691483004305825,0.31527556373987875,-0.06289604865071154,0.3652408256909872
commons-digester,77,symmetric,0.25,none,19,270,14,-0.03211142114665655,0.3813780654420195,-0.06780245758813495,0.36326017220352874
commons-digester,77,symmetric,0.3,none,19,317,13,-0.025892508402283892,0.3904038228404129,0.030862005030896363,0.5376479889256657
commons-digester,77,fp_heavy,0.05,none,19,57,18,-0.048618336725314924,0.12866268782215953,-0.009868154265715776,0.4648641234225063
commons-digester,77,fp_heavy,0.1,none,19,117,16,-0.039954894284310045,0.20013502490906396,0.023893262346242335,0.5023193587127553
commons-digester,77,fp_heavy,0.15,none,19,176,15,-0.03161065374370883,0.3394238500498907,0.009446323950451353,0.5064987833698601
commons-digester,77,fp_heavy,0.2,none,19,215,14,-0.0468872225265966,0.31507209121780505,-0.06805346187945556,0.3609978369295296
commons-digester,77,fp_heavy,0.25,none,19,266,12,-0.044632944188144744,0.3209083060327251,-0.020643562920093003,0.45344228670007836
commons-digester,77,fp_heavy,0.3,none,19,315,11,-0.02606082951549859,0.39046126561331285,0.022833146833805416,0.5282536633799897
commons-digester,77,mid,0.05,none,19,54,16,-0.04826739467815358,0.1234120952287438,0.04078098556489736,0.5535024242657828
commons-digester,77,mid,0.1,none,19,108,13,-0.025315189595937603,0.3868755499059246,-0.007594820331030384,0.44363780454845286
commons-digester,77,mid,0.15,none,19,165,11,-0.04014374772181126,0.3244438270044877,-0.018689396998056815,0.45977219545271925
commons-digester,77,mid,0.2,none,19,204,8,-0.05028274562831858,0.304859033287807,-0.11929343021863016,0.22973320593480234
commons-digester,77,mid,0.25,none,19,251,6,-0.04991487143368426,0.3024230658937464,-0.03525312913834216,0.4215371863207605
commons-digester,77,mid,0.3,none,19,300,3,-0.04887772562875326,0.1797706068825093,0.024805888587654444,0.5264751461182494
commons-digester,77,fn_heavy,0.05,none,19,40,10,0.00148250561463464,0.3884112633225182,0.03517864855942092,0.5354560018075548
commons-digester,77,fn_heavy,0.1,none,19,80,1,-0.0029704039462586833,0.4352607988221024,-0.08241813895200092,0.3243436425257889
commons-digester,77,fn_heavy,0.15,none,19,133,0,-0.06625580855906547,0.1001190105889435,-0.013899189020275645,0.4564615009761674
commons-digester,77,fn_heavy,0.2,none,19,179,0,-0.041925113334941366,0.31773757309535516,-0.05674903510526731,0.3702068228922072
commons-digester,77,fn_heavy,0.25,none,19,216,0,-0.0306547019952345,0.3728986500311767,-0.10355515370061043,0.24310655536968495
commons-digester,77,fn_heavy,0.3,none,19,260,0,-0.03255955457979384,0.3710233225576308,-0.11315951345561459,0.23757187264943674
commons-digester,101,symmetric,0.05,none,19,66,19,0.09919343361949329,0.651479091589141,0.07392485417664307,0.5931213169572518
commons-digester,101,symmetric,0.1,none,19,134,18,0.02491032160083907,0.46408021773455416,0.01091047304704013,0.5012970793644789
commons-digester,101,symmetric,0.15,none,19,182,17,0.013823364484803298,0.445741221766996,-0.0384442423439606,0.41456008133315864
commons-digester,101,symmetric,0.2,none,19,240,15,0.021920612799426274,0.5028360427806245,-0.10608275676309802,0.2791498056457699
commons-digester,101,symmetric,0.25,none,19,291,14,0.04758346239418566,0.5943208308612116,0.10495124586783884,0.6348308236847746
commons-digester,101,symmetric,0.3,none,19,337,10,0.02995895977284196,0.5584038291326618,-0.008919393554488507,0.478373876063618
commons-digester,101,fp_heavy,0.05,none,19,66,19,0.09919343361949329,0.651479091589141,0.07392485417664307,0.5931213169572518
commons-digester,101,fp_heavy,0.1,none,19,133,18,0.03778800525184464,0.5220003181473519,0.01781955083196924,0.5091249122437412
commons-digester,101,fp_heavy,0.15,none,19,180,15,0.014805801756015202,0.4468800226536345,-0.031441611324964765,0.4211932905361695
commons-digester,101,fp_heavy,0.2,none,19,237,13,0.040200198012208956,0.5315585450524063,0.025585833274081357,0.5306444835405222
commons-digester,101,fp_heavy,0.25,none,19,284,10,0.04212603962988357,0.5852558696468608,-0.039629536123826775,0.4272253120677603
commons-digester,101,fp_heavy,0.3,none,19,335,10,0.0326366812932441,0.5630336593343775,0.0850474256761702,0.6106373218610215
commons-digester,101,mid,0.05,none,19,63,17,0.09900608977231155,0.6466224257836946,-0.011748379596988623,0.44335868308931636
commons-digester,101,mid,0.1,none,19,124,11,0.020905607361219162,0.45921337624298647,0.0036657582414328523,0.49386077269007833
commons-digester,101,mid,0.15,none,19,172,8,0.0027917290885978024,0.4270726838092585,-0.043841746060035394,0.404718277433179
commons-digester,101,mid,0.2,none,19,221,6,-0.020617542041755935,0.3742165616661706,-0.08304040122662217,0.3225906989413295
commons-digester,101,mid,0.25,none,19,270,3,0.009247898541499471,0.48863604130591326,-0.08766131621209593,0.32340449574237623
commons-digester,101,mid,0.3,none,19,317,3,0.012466747626409477,0.5285777015156583,-0.03129111344286757,0.44486108542882624
commons-digester,101,fn_heavy,0.05,none,19,49,7,-0.005597924508066091,0.37475647665577416,-0.010201506598793651,0.4726610985287184
commons-digester,101,fn_heavy,0.1,none,19,94,2,0.04238265440080803,0.5241053597951932,-0.0698573118185043,0.29955754273674384
commons-digester,101,fn_heavy,0.15,none,19,150,0,0.015307921872945057,0.4797436195877791,-0.11368279741102365,0.26409347021588914
commons-digester,101,fn_heavy,0.2,none,19,191,0,0.042561628892810024,0.5603752235266396,0.0014794885580840006,0.4797695126854379
commons-digester,101,fn_heavy,0.25,none,19,236,0,0.02806824593876983,0.5168458447582108,0.01685882493332677,0.5128370380037167
commons-digester,101,fn_heavy,0.3,none,19,284,0,-0.013250937092113658,0.39793222590277494,-0.14953398231913723,0.1419234319104379
commons-digester,123,symmetric,0.05,none,19,65,19,0.0024753938324782146,0.4701207623897917,0.06383509280446217,0.579112225764548
commons-digester,123,symmetric,0.1,none,19,114,18,0.029551053552206465,0.5365873200183733,0.049762277075133594,0.5472072263535221
commons-digester,123,symmetric,0.15,none,19,160,17,0.04120969389433656,0.5623866815353877,0.03277547233089774,0.5189396007778195
commons-digester,123,symmetric,0.2,none,19,210,16,-0.011486362503237669,0.4554094536948463,-0.05278608397452017,0.38399437021644545
commons-digester,123,symmetric,0.25,none,19,265,15,0.0036331667649286067,0.4593285845174206,-0.03291609628747156,0.42016006382849796
commons-digester,123,symmetric,0.3,none,19,318,14,-0.008946158289988855,0.44132439920544364,-0.09620079566769799,0.2832805616607702
commons-digester,123,fp_heavy,0.05,none,19,64,19,0.002503409910490897,0.47018033446857266,0.0626177783165751,0.5778033682454445
commons-digester,123,fp_heavy,0.1,none,19,110,17,0.045146995212505585,0.5688180335535247,0.022692879939891702,0.5105219845027141
commons-digester,123,fp_heavy,0.15,none,19,158,16,0.025191158691984034,0.5167159757598747,0.020308496642147615,0.505274079629033
commons-digester,123,fp_heavy,0.2,none,19,206,15,0.001440658092818406,0.4817292684167285,-0.03896615744108555,0.4035505806198508
commons-digester,123,fp_heavy,0.25,none,19,261,12,-0.012473442508191445,0.4309130336654069,-0.09522303315283297,0.2699973545330991
commons-digester,123,fp_heavy,0.3,none,19,312,11,-0.004489268555633703,0.48657692805584407,-0.06972604350378496,0.3467498075195877
commons-digester,123,mid,0.05,none,19,61,17,0.004831980638151838,0.47262123960368174,0.08659215888304234,0.6018544857725804
commons-digester,123,mid,0.1,none,19,107,14,0.046827172929813816,0.5709488097136838,0.023108641694680306,0.5109059772239656
commons-digester,123,mid,0.15,none,19,147,10,-0.03184774774352604,0.20996611981121058,0.01888602565356093,0.4946529250834307
commons-digester,123,mid,0.2,none,19,196,8,-0.03564686133374394,0.35877172909771443,-0.06219234474180002,0.3344683529500676
commons-digester,123,mid,0.25,none,19,244,4,-0.014735077091602355,0.42568819214070025,0.0024379054005614245,0.47581148440005855
commons-digester,123,mid,0.3,none,19,289,1,-0.05149222587924483,0.30270567446811014,-0.14476246987675598,0.11855948488589885
commons-digester,123,fn_heavy,0.05,none,19,52,10,-0.03342528164633464,0.19114154503939154,0.016192689314311785,0.5058778892314946
commons-digester,123,fn_heavy,0.1,none,19,80,1,-0.021385949325699337,0.223966451331789,-0.01471403521642561,0.4423447030749433
commons-digester,123,fn_heavy,0.15,none,19,117,0,-0.04211066889702674,0.17853671265073098,-0.08282101262861515,0.2959995156039577
commons-digester,123,fn_heavy,0.2,none,19,164,0,-0.02965283143429932,0.21691029787363048,-0.08220791260776539,0.3062050513419384
commons-digester,123,fn_heavy,0.25,none,19,201,0,-0.04024748867271082,0.33700321593400445,-0.10941644903421219,0.22627537402400238
commons-digester,123,fn_heavy,0.3,none,19,253,0,-0.04005495979796717,0.3451729085637199,-0.1302676470129948,0.10650607483532401
commons-digester,202,symmetric,0.05,none,19,69,19,-0.01018341306500069,0.33690329313403683,0.07422575921284623,0.5813101399016786
commons-digester,202,symmetric,0.1,none,19,112,18,-0.029838251596812783,0.3139932300253806,0.0015104638556482346,0.4813144598620547
commons-digester,202,symmetric,0.15,none,19,170,17,-0.038034363021223795,0.3066398418694725,-0.0023808335032198613,0.47771623752800335
commons-digester,202,symmetric,0.2,none,19,223,17,0.04427782362744467,0.5720358386946715,-0.001079224032015891,0.48540428962831844
commons-digester,202,symmetric,0.25,none,19,274,15,0.025988498535651074,0.568401299052603,-0.003706063297921666,0.4800454435560163
commons-digester,202,symmetric,0.3,none,19,336,15,0.004285907349028684,0.48002325102750687,-0.006971627109398335,0.4772218982764188
commons-digester,202,fp_heavy,0.05,none,19,69,19,-0.01018341306500069,0.33690329313403683,0.07422575921284623,0.5813101399016786
commons-digester,202,fp_heavy,0.1,none,19,111,18,-0.025770377548439652,0.32061235359051166,0.0251248504999962,0.5299997572342965
commons-digester,202,fp_heavy,0.15,none,19,169,17,-0.03781242518358753,0.30696846418237594,-0.0001586029684829043,0.4796254363714707
commons-digester,202,fp_heavy,0.2,none,19,218,15,0.0166859510072525,0.4969111257688807,-0.006927849843677315,0.47609960697331477
commons-digester,202,fp_heavy,0.25,none,19,269,13,0.0232433971948721,0.5225880553255035,-0.02685706621222223,0.44008683762797896
commons-digester,202,fp_heavy,0.3,none,19,329,10,-0.024690004380222032,0.3958043596105427,-0.012007339472723871,0.46796899754306975
commons-digester,202,mid,0.05,none,19,67,17,-0.010438876356165326,0.336571886766307,0.07728411620286006,0.5839852107413905
commons-digester,202,mid,0.1,none,19,104,15,-0.019981462247352623,0.32567732281667533,0.08330547765475826,0.6084972365523709
commons-digester,202,mid,0.15,none,19,157,9,-0.05226891090287822,0.11703631843888374,-0.007475849592769109,0.47631703005537257
commons-digester,202,mid,0.2,none,19,205,5,-0.002015600870267676,0.4413237840498975,-0.0003166330638173803,0.48269835548859946
commons-digester,202,mid,0.25,none,19,254,4,-0.006670596021659978,0.46765165232484984,-0.05820080781412844,0.3808721421448495
commons-digester,202,mid,0.3,none,19,302,1,-0.01313545586323923,0.4197795915392329,-0.05730524257009246,0.375227453902836
commons-digester,202,fn_heavy,0.05,none,19,55,9,0.021368624604673005,0.41130839006702963,-0.02302122875998792,0.41679567318193883
commons-digester,202,fn_heavy,0.1,none,19,79,1,-0.006407010622409222,0.36810189460717435,-0.005303803584475732,0.4564433065328534
commons-digester,202,fn_heavy,0.15,none,19,130,0,-0.04983586301326766,0.12253650089161201,-0.04145886297862214,0.4177487562947506
commons-digester,202,fn_heavy,0.2,none,19,170,0,-0.027585591934701375,0.33373184142257634,-0.03141264408773537,0.4323741098894943
commons-digester,202,fn_heavy,0.25,none,19,222,0,-0.000994284880874836,0.4373430711478622,0.05720978509684432,0.5677584761585102
commons-digester,202,fn_heavy,0.3,none,19,264,0,0.000974724112554438,0.4825422247821514,-0.007069915565781737,0.46724302604674844
commons-digester,314,symmetric,0.05,none,19,72,17,-0.0091416467423031,0.35760087806353624,0.10558333847001844,0.6147318082238079
commons-digester,314,symmetric,0.1,none,19,115,16,0.019331967701095517,0.5104722436526776,0.11697042060420376,0.6396122297115935
commons-digester,314,symmetric,0.15,none,19,169,16,0.012219991368362153,0.4912111563078728,0.045528795027034365,0.5433247039585654
commons-digester,314,symmetric,0.2,none,19,226,16,0.030544862182323846,0.5316169566375204,0.07057738713348148,0.5893017724232089
commons-digester,314,symmetric,0.25,none,19,286,16,0.002454647396588077,0.4744377679667156,-0.01320174493456947,0.47156687036349537
commons-digester,314,symmetric,0.3,none,19,348,15,-0.01857886536285092,0.3973340854446742,0.04957948697072799,0.5624600338476837
commons-digester,314,fp_heavy,0.05,none,19,72,17,-0.0091416467423031,0.35760087806353624,0.10558333847001844,0.6147318082238079
commons-digester,314,fp_heavy,0.1,none,19,115,16,0.019331967701095517,0.5104722436526776,0.11697042060420376,0.6396122297115935
commons-digester,314,fp_heavy,0.15,none,19,168,16,0.021534279374601527,0.5095048527373461,0.07915718337290126,0.5918197024735888
commons-digester,314,fp_heavy,0.2,none,19,226,16,0.030544862182323846,0.5316169566375204,0.07057738713348148,0.5893017724232089
commons-digester,314,fp_heavy,0.25,none,19,284,14,-0.007696788509507967,0.45135687918167855,-0.02057196028892012,0.4611920115645713
commons-digester,314,fp_heavy,0.3,none,19,341,10,-0.0179595744445744,0.39947350386024794,0.049267379346972104,0.5621052177312376
commons-digester,314,mid,0.05,none,19,71,16,-0.013152678713084604,0.35364436451344344,0.07690721308389353,0.5900517298182264
commons-digester,314,mid,0.1,none,19,112,15,0.011507179387811662,0.4972094995645468,0.09397336547872422,0.6030932848828685
commons-digester,314,mid,0.15,none,19,157,10,0.03173735794475349,0.5320811781555085,0.012317949375162894,0.48227296956967064
commons-digester,314,mid,0.2,none,19,208,6,0.030927657605116884,0.5320989114035352,0.06586706834717838,0.585532870002992
commons-digester,314,mid,0.25,none,19,266,4,-0.006251255224720196,0.45375815122817326,-0.008545547733397541,0.47604966900028123
commons-digester,314,mid,0.3,none,19,326,3,-0.03347682355007633,0.3701049955301193,-0.08577191692945088,0.3228354348440644
commons-digester,314,fn_heavy,0.05,none,19,58,9,-0.000797747167144646,0.42010591177577467,0.053072949619710576,0.5355716319906806
commons-digester,314,fn_heavy,0.1,none,19,91,2,-0.006421876002006325,0.3955150487955841,0.101939811805671,0.6091085481910422
commons-digester,314,fn_heavy,0.15,none,19,123,0,0.0016807213715676896,0.4405634672191352,0.06002488358702476,0.5575219327310085
commons-digester,314,fn_heavy,0.2,none,19,179,0,0.017344243491694396,0.45499563245011,0.07643778810508044,0.5802631161221293
commons-digester,314,fn_heavy,0.25,none,19,228,0,-0.029994935791282817,0.3579670564664406,-0.014112113916100717,0.44710476516602615
commons-digester,314,fn_heavy,0.3,none,19,273,0,-0.01395585074994597,0.400138147860801,0.00033651581755255627,0.48881664264829155
commons-digester,999,symmetric,0.05,none,19,63,18,-0.004291922738477613,0.26429874503954426,-0.005313315016334168,0.47991155687139375
commons-digester,999,symmetric,0.1,none,19,120,18,-0.017380115451561283,0.1865552941022437,0.10312057747708343,0.6281872915528132
commons-digester,999,symmetric,0.15,none,19,180,18,-0.014081344722440426,0.36738403141139436,0.0075997619604589,0.4941002174670573
commons-digester,999,symmetric,0.2,none,19,230,17,-0.04025670593312939,0.15809633486051716,0.10890065254906202,0.6405003820569877
commons-digester,999,symmetric,0.25,none,19,275,16,-0.04723869724563012,0.15399016004536284,0.022520357559672494,0.5229169326327145
commons-digester,999,symmetric,0.3,none,19,340,14,0.007082626385240663,0.5100011487402861,0.05784635864263344,0.5751019641451582
commons-digester,999,fp_heavy,0.05,none,19,63,18,-0.004291922738477613,0.26429874503954426,-0.005313315016334168,0.47991155687139375
commons-digester,999,fp_heavy,0.1,none,19,120,18,-0.017380115451561283,0.1865552941022437,0.10312057747708343,0.6281872915528132
commons-digester,999,fp_heavy,0.15,none,19,178,17,-0.014029650119672351,0.36743373556335696,0.011231089570302291,0.49763407130988074
commons-digester,999,fp_heavy,0.2,none,19,226,15,-0.04274213740284007,0.19128690138947335,0.0828941456904304,0.6070906432263141
commons-digester,999,fp_heavy,0.25,none,19,271,13,-0.05213566222895749,0.16335069898430715,0.010227889624190585,0.5060728251908808
commons-digester,999,fp_heavy,0.3,none,19,335,11,-0.03357376396447631,0.23834678404720236,0.0511670541297558,0.5669514047795752
commons-digester,999,mid,0.05,none,19,63,18,-0.004291922738477613,0.26429874503954426,-0.005313315016334168,0.47991155687139375
commons-digester,999,mid,0.1,none,19,113,14,0.011379289460415061,0.46542445817104494,0.02482150031678463,0.5115181205107993
commons-digester,999,mid,0.15,none,19,167,10,-0.02077952359100134,0.35080707199860445,0.013512224612737784,0.49776088047849903
commons-digester,999,mid,0.2,none,19,214,9,-0.06557311504346931,0.10902663967771997,-0.036649481907688825,0.4143133915090981
commons-digester,999,mid,0.25,none,19,256,7,-0.05250336852721837,0.14128413274021534,0.012456941358067011,0.5071846252639369
commons-digester,999,mid,0.3,none,19,314,2,-0.05259288121011832,0.1656155401297838,0.05076899202764065,0.5655699171111954
commons-digester,999,fn_heavy,0.05,none,19,50,10,0.003530672608821815,0.2732967059487031,-0.04386886288826529,0.39712006965563934
commons-digester,999,fn_heavy,0.1,none,19,86,1,-0.0443450025715964,0.260383007958919,0.029818765385646966,0.5291613828540594
commons-digester,999,fn_heavy,0.15,none,19,128,0,-0.026416855706490598,0.32519265009700293,0.05633465062594904,0.5714832561788121
commons-digester,999,fn_heavy,0.2,none,19,173,0,-0.040486314147029905,0.3066584991375406,-0.0717586067164214,0.3603367011811195
commons-digester,999,fn_heavy,0.25,none,19,222,0,-0.05397573191721526,0.11834618182248922,0.07345512011804593,0.5957710738371901
commons-digester,999,fn_heavy,0.3,none,19,266,0,-0.0698039334300083,0.06508544067750568,0.054958696268059215,0.5702698714615038
commons-io,7,symmetric,0.05,none,73,126,70,0.03919804191514431,0.4919525793568461,-0.02492866113614479,0.36276336969783896
commons-io,7,symmetric,0.1,none,73,176,66,0.06205492082257222,0.5385265680009449,0.05331608152314022,0.6480111127317145
commons-io,7,symmetric,0.15,none,73,234,64,0.002137620876135226,0.4318633979872779,-0.05291262480731065,0.1942979551192171
commons-io,7,symmetric,0.2,none,73,283,56,0.02263271122929315,0.4639319996448626,-0.05372943219366479,0.2310429601919278
commons-io,7,symmetric,0.25,none,73,321,51,0.039239944400063495,0.48838032304552853,-0.047679755167967894,0.2537534174533507
commons-io,7,symmetric,0.3,none,73,372,47,0.006366987848073843,0.4661904054252204,-0.040939564148380014,0.31214048805295624
commons-io,7,fp_heavy,0.05,none,73,122,68,0.07806547459261719,0.551617243253469,0.06781686271178194,0.6784121555442905
commons-io,7,fp_heavy,0.1,none,73,174,64,0.07258069921712593,0.5569797631157885,0.0652548689913859,0.6833437216301149
commons-io,7,fp_heavy,0.15,none,73,224,56,0.012623587457539267,0.4575690775592124,-0.04857740991347853,0.24860155637220233
commons-io,7,fp_heavy,0.2,none,73,270,50,0.011557488260186115,0.47002962950412197,-0.04329986341172278,0.30117007522491523
commons-io,7,fp_heavy,0.25,none,73,310,46,0.011412401357172424,0.4551666262282616,-0.05372950019002923,0.22990029278380736
commons-io,7,fp_heavy,0.3,none,73,364,44,0.022121100132458302,0.4870426016896714,-0.03690365581796458,0.33884615786172007
commons-io,7,mid,0.05,none,73,115,64,0.03500297003841301,0.46697458995172986,-0.03839740078093325,0.271995524749956
commons-io,7,mid,0.1,none,73,147,48,0.025060969432357975,0.4932785305394214,0.045569732324601056,0.6296325445767427
commons-io,7,mid,0.15,none,73,190,43,-0.0035192612520580538,0.4483295223317612,-0.04073260486716187,0.30189379228270113
commons-io,7,mid,0.2,none,73,230,34,0.010733534487765468,0.45279248600904626,-0.053889669352802684,0.2417881477669372
commons-io,7,mid,0.25,none,73,279,26,-0.02116895022216925,0.41057007843923854,-0.05683303134569008,0.20224848026070769
commons-io,7,mid,0.3,none,73,301,15,0.039957731707545824,0.5223883944227578,-0.010070451652042543,0.4507861640314003
commons-io,7,fn_heavy,0.05,none,73,76,45,0.017873281095617196,0.4273961746335722,-0.0510010791342098,0.1811742418269429
commons-io,7,fn_heavy,0.1,none,73,93,26,0.005102372663561103,0.44152794310835064,-0.04184477538010208,0.28855189225952266
commons-io,7,fn_heavy,0.15,none,73,99,0,0.04547963798944169,0.47155437409101014,-0.04054091791222091,0.2988274800349271
commons-io,7,fn_heavy,0.2,none,73,128,0,0.05157010877780586,0.5209826194225416,0.041524367981248714,0.6208717342752632
commons-io,7,fn_heavy,0.25,none,73,174,0,0.0030766555815305023,0.44090955035660334,-0.04874658167483258,0.28123777333842753
commons-io,7,fn_heavy,0.3,none,73,202,0,0.017756039430888992,0.4718539589158993,-0.03742594078011124,0.32428404564181673
commons-io,13,symmetric,0.05,none,73,136,71,0.05528332513225258,0.5153482162564645,-0.013134191957612012,0.3835908929343746
commons-io,13,symmetric,0.1,none,73,186,66,0.027658061098421376,0.5107257511728847,0.06529912602423252,0.6748855075103105
commons-io,13,symmetric,0.15,none,73,234,63,0.00914283962479537,0.46105630600390046,0.026984277760163697,0.5705226959162437
commons-io,13,symmetric,0.2,none,73,266,59,0.017159226799503782,0.47323306346320365,-0.04281751715989387,0.2802296328716431
commons-io,13,symmetric,0.25,none,73,307,52,-0.01453322539394563,0.43294465789273534,-0.04834934096106802,0.23451466634085089
commons-io,13,symmetric,0.3,none,73,355,45,0.0245882768460391,0.5102209386334673,-0.014863504361919218,0.4267847571806904
commons-io,13,fp_heavy,0.05,none,73,132,69,0.03837908184200366,0.5037092112912571,-0.009823884091214086,0.40761310764901465
commons-io,13,fp_heavy,0.1,none,73,181,64,-0.01693769516406111,0.4272074077276401,-0.03422470665377637,0.27401736993004655
commons-io,13,fp_heavy,0.15,none,73,228,59,0.0006515441475589168,0.42324815205019417,-0.05377330559315059,0.17138813003874007
commons-io,13,fp_heavy,0.2,none,73,253,48,0.0016467969661843054,0.44736634290385574,-0.04456164184909864,0.24620006874391473
commons-io,13,fp_heavy,0.25,none,73,293,45,0.029064168079167292,0.5102708227345285,-0.015790131582425246,0.4190961826051533
commons-io,13,fp_heavy,0.3,none,73,348,44,0.027620143508737274,0.4922207147570213,-0.040391047791191355,0.30183951256649655
commons-io,13,mid,0.05,none,73,124,64,0.06099417763836382,0.5305934631025019,0.0013073175582851092,0.43077172829787413
commons-io,13,mid,0.1,none,73,155,48,-0.015421689681858343,0.43767041819278724,-0.028101318711706545,0.31641534450111863
commons-io,13,mid,0.15,none,73,205,44,0.010258943350984562,0.46219069418321373,-0.04250207229183601,0.26746228756661555
commons-io,13,mid,0.2,none,73,222,34,0.01884990751605559,0.5057234383876719,0.052303857264487254,0.6499124192642455
commons-io,13,mid,0.25,none,73,252,23,-0.003745069510279424,0.4712749861208339,-0.02114937994043041,0.39659568188298516
commons-io,13,mid,0.3,none,73,285,7,-0.0013932728148171312,0.4560350097341216,-0.03742905863798345,0.297624818375704
commons-io,13,fn_heavy,0.05,none,73,86,45,0.00489710526154332,0.45712947530317377,-0.009767247109361112,0.3894353090991653
commons-io,13,fn_heavy,0.1,none,73,103,24,-0.041233304626964486,0.36754713125828997,-0.039225988715566366,0.18202838343223995
commons-io,13,fn_heavy,0.15,none,73,111,0,-0.03657829414948298,0.3980973805573735,-0.022501292922222523,0.3553936788140175
commons-io,13,fn_heavy,0.2,none,73,149,0,-0.039377272835966114,0.3878370682393211,-0.052341004015587854,0.21814172790144437
commons-io,13,fn_heavy,0.25,none,73,174,0,-0.0008428746106298376,0.44716186765979643,-0.03258652898535929,0.3324788385478383
commons-io,13,fn_heavy,0.3,none,73,195,0,-0.014399632596655262,0.4352183062604482,-0.033668360209229635,0.31799807227085286
commons-io,21,symmetric,0.05,none,73,128,66,0.0628728788852288,0.5359594755340206,-0.00044559668155472827,0.45589677819404884
commons-io,21,symmetric,0.1,none,73,178,64,0.04704946034419626,0.5136164397023045,-0.02191240137170725,0.39744649422320794
commons-io,21,symmetric,0.15,none,73,215,61,0.03935767197102433,0.5039983800740268,-0.02975614875023448,0.3491703463756489
commons-io,21,symmetric,0.2,none,73,259,60,0.014763882132857268,0.48308450663451435,-0.032113409353243846,0.3537245938735395
commons-io,21,symmetric,0.25,none,73,309,57,0.004219112942701608,0.4771906856897015,-0.03372114538821715,0.35608782933683963
commons-io,21,symmetric,0.3,none,73,365,52,0.016768900768032953,0.4928054264952898,-0.028173764248396814,0.37186006401266614
commons-io,21,fp_heavy,0.05,none,73,127,65,0.04750502446509124,0.5133797726838866,-0.009966993869925719,0.41377896181329776
commons-io,21,fp_heavy,0.1,none,73,170,62,0.06075350319195794,0.5406335078703798,-0.009042977956042128,0.4491311319995925
commons-io,21,fp_heavy,0.15,none,73,211,60,0.015195608750594267,0.47812808220535413,-0.03031102441860974,0.3550292073218416
commons-io,21,fp_heavy,0.2,none,73,248,54,0.03765581774288216,0.506531126500246,-0.025291568005738375,0.3884157316676368
commons-io,21,fp_heavy,0.25,none,73,299,49,-0.00810425886017552,0.4555171773032995,-0.029952806285228287,0.3606056566870091
commons-io,21,fp_heavy,0.3,none,73,350,43,0.0033590854776605807,0.47002028386597905,-0.03811015630890954,0.3345255801894065
commons-io,21,mid,0.05,none,73,119,62,0.06932271499657469,0.5412113330904352,-0.006217681993317893,0.4372937214490684
commons-io,21,mid,0.1,none,73,152,54,0.08882271604119257,0.56035356093162,-0.009747805226204592,0.4445036434297056
commons-io,21,mid,0.15,none,73,179,43,0.022598303084738695,0.5024564193199511,-0.004078202645834816,0.46396334763007124
commons-io,21,mid,0.2,none,73,209,31,0.026840295782050654,0.49398831358064277,-0.027224305729073212,0.3834020024884863
commons-io,21,mid,0.25,none,73,248,22,0.002487244902154416,0.4667253710059359,-0.034488129694574786,0.3424935755168268
commons-io,21,mid,0.3,none,73,293,14,-0.02330205285713031,0.43395642754662805,-0.044229333514248,0.3156444023716667
commons-io,21,fn_heavy,0.05,none,73,93,49,0.08083020579082567,0.5561377811092633,-0.002997714689135427,0.4635293945063901
commons-io,21,fn_heavy,0.1,none,73,99,24,-0.019451983364713932,0.40699441178840334,-0.05279490501459651,0.24479497209095283
commons-io,21,fn_heavy,0.15,none,73,100,0,0.011510804160496341,0.46847344113278394,-0.019291156499377068,0.39764573670340875
commons-io,21,fn_heavy,0.2,none,73,131,0,0.04807626034103048,0.5225389999435694,-0.003875493230009784,0.4670007023203406
commons-io,21,fn_heavy,0.25,none,73,156,0,0.02715378682370545,0.4894885401443996,-0.02433090896847036,0.3872526168480202
commons-io,21,fn_heavy,0.3,none,73,181,0,0.029907723716256072,0.471510011954747,-0.046840863689205654,0.25817732787721187
commons-io,42,symmetric,0.05,none,73,120,68,0.05421550397675555,0.48395353612217956,-0.047395992115907906,0.23640711641011145
commons-io,42,symmetric,0.1,none,73,159,64,-0.005465648544215688,0.4328206217643264,-0.05552640300787042,0.23115671456083503
commons-io,42,symmetric,0.15,none,73,231,61,-0.006663206936118223,0.4622914239506824,0.042726966658491586,0.6146898212456043
commons-io,42,symmetric,0.2,none,73,289,60,-0.02334938649079867,0.43752450870188525,0.016809500507834252,0.5462663637262813
commons-io,42,symmetric,0.25,none,73,331,56,-0.040624561865602496,0.42651396861540897,0.011523595226317726,0.5329201844193464
commons-io,42,symmetric,0.3,none,73,378,54,-0.044799422337246146,0.4309022478158842,0.020572765581796163,0.5592667301169144
commons-io,42,fp_heavy,0.05,none,73,116,65,0.05498015978947126,0.4804455280340185,-0.04435376569531778,0.2288470926012731
commons-io,42,fp_heavy,0.1,none,73,154,62,0.01917075581856692,0.4817299928082315,-0.0366980613412711,0.351572335789121
commons-io,42,fp_heavy,0.15,none,73,227,60,0.015657839243235938,0.49501881474868437,0.047746090425546416,0.637087235500341
commons-io,42,fp_heavy,0.2,none,73,277,55,0.012120942637796912,0.4986941022559885,0.039815534692241944,0.6156134837282103
commons-io,42,fp_heavy,0.25,none,73,319,49,-0.042242237578231395,0.42589818876618807,0.013622013846114688,0.5392689928528344
commons-io,42,fp_heavy,0.3,none,73,358,43,-0.06376446112649624,0.4037188881161685,0.02494761372231559,0.5698972104814561
commons-io,42,mid,0.05,none,73,107,62,0.03972884905952786,0.4499755166839213,-0.03460483933903365,0.1954783088983882
commons-io,42,mid,0.1,none,73,134,54,0.06087991934127729,0.5026228070029214,-0.055724810621049975,0.24986951896117696
commons-io,42,mid,0.15,none,73,188,43,0.001126089328732602,0.4593553493099488,0.022121535492546456,0.5628468149716304
commons-io,42,mid,0.2,none,73,237,35,0.003684013397607187,0.45948208294018245,0.02581721529843098,0.5725511616463677
commons-io,42,mid,0.25,none,73,268,23,-0.014199830905764065,0.44930714525119214,0.02927857618187972,0.5802997999319416
commons-io,42,mid,0.3,none,73,296,10,-0.034088699990139554,0.42175684005398223,0.013556719213242197,0.5371346621979107
commons-io,42,fn_heavy,0.05,none,73,79,49,0.030751080252535208,0.4695984519961231,-0.041281520328353964,0.3082243191440653
commons-io,42,fn_heavy,0.1,none,73,87,23,0.05749594073511121,0.4962223437596697,-0.05317091546140456,0.26419567096682006
commons-io,42,fn_heavy,0.15,none,73,82,0,0.025662844170111426,0.4491609767718442,-0.06165815415828935,0.21872819969111312
commons-io,42,fn_heavy,0.2,none,73,129,0,-0.02692202730071206,0.4092757089536452,-0.04089499868138975,0.3220623730279714
commons-io,42,fn_heavy,0.25,none,73,174,0,-0.030154837689674217,0.3951257370520574,-0.052959667160266344,0.23533677703379424
commons-io,42,fn_heavy,0.3,none,73,211,0,-0.031237400753945363,0.4189590243059437,0.020853879766761403,0.5579499026291558
commons-io,77,symmetric,0.05,none,73,115,72,0.0193616864166185,0.45765622104948916,-0.03885013353746338,0.2753744314446635
commons-io,77,symmetric,0.1,none,73,168,65,0.029720147330129218,0.4908652163633194,0.04787280914824784,0.6175765855858399
commons-io,77,symmetric,0.15,none,73,221,59,0.06660599437603111,0.5601824494454696,0.07387241163348611,0.7074836846527418
commons-io,77,symmetric,0.2,none,73,260,57,0.029301660811098813,0.5238606865687115,0.04867221921363899,0.6391084709587471
commons-io,77,symmetric,0.25,none,73,314,53,0.0973769441523599,0.5946865599730391,0.05756413633688874,0.6628978243628513
commons-io,77,symmetric,0.3,none,73,356,49,0.016995082716172973,0.5022141165899959,-0.025265759028138157,0.401742530969158
commons-io,77,fp_heavy,0.05,none,73,111,70,0.03181642870019973,0.4655457480035248,-0.036957807227790684,0.26565961786080944
commons-io,77,fp_heavy,0.1,none,73,160,60,0.02850538566692142,0.516205713598255,0.08044391598029905,0.7146707321971904
commons-io,77,fp_heavy,0.15,none,73,214,57,0.040423381446584465,0.5310923494181621,0.06434754937253544,0.6829843294059124
commons-io,77,fp_heavy,0.2,none,73,250,53,0.07159214286094447,0.561935168467748,0.04781541977917655,0.6383456988188833
commons-io,77,fp_heavy,0.25,none,73,299,46,0.048029916196927425,0.5235862438789883,0.02900492417770816,0.5852744026293867
commons-io,77,fp_heavy,0.3,none,73,340,36,0.018294966161757194,0.5121017217046401,0.04593141213701237,0.6328887820977573
commons-io,77,mid,0.05,none,73,93,60,0.02634555010020591,0.4676834924458948,-0.03737119210915628,0.2875773539461776
commons-io,77,mid,0.1,none,73,140,52,0.04675598999492983,0.5037368713424765,-0.031398371083720476,0.3409761304473401
commons-io,77,mid,0.15,none,73,171,34,0.0452347150580108,0.5291996895832156,0.057630390661884766,0.6648836753036579
commons-io,77,mid,0.2,none,73,206,26,0.030792705180665896,0.5135825700287054,0.043028741925335255,0.623794236202387
commons-io,77,mid,0.25,none,73,244,19,0.01777841508654308,0.49857502071416154,0.03905145479316501,0.6138830062869667
commons-io,77,mid,0.3,none,73,287,10,-0.00184571643087204,0.4740548985351241,-0.025947697754949522,0.3981012568247897
commons-io,77,fn_heavy,0.05,none,73,70,45,0.06757025751704816,0.5171931610369486,0.008073950328460566,0.42588435470925823
commons-io,77,fn_heavy,0.1,none,73,71,19,0.06507503717105886,0.5155889806987445,-0.007121450139391183,0.4199597102483851
commons-io,77,fn_heavy,0.15,none,73,93,0,0.02314002291198319,0.4848981923761214,0.03862595451841982,0.6110447693522955
commons-io,77,fn_heavy,0.2,none,73,128,0,-0.008422521934592135,0.44223415377702796,0.030962871724305733,0.5860628055202359
commons-io,77,fn_heavy,0.25,none,73,164,0,0.03943074827627286,0.5242423012605898,0.0599843929403907,0.6702540781315984
commons-io,77,fn_heavy,0.3,none,73,186,0,0.016883142589775815,0.5057526411510627,0.06022309976598028,0.6714614599230134
commons-io,101,symmetric,0.05,none,73,115,69,0.08151058688962547,0.5270677018870684,-0.022619233403635176,0.34391025400145114
commons-io,101,symmetric,0.1,none,73,177,64,-0.005398767563372997,0.4349564649949912,-0.04071114485551273,0.2646170720416007
commons-io,101,symmetric,0.15,none,73,227,62,0.012394159650809413,0.4837389955798719,0.032581019234942936,0.5945124240597317
commons-io,101,symmetric,0.2,none,73,292,62,-0.006662468872309356,0.4572918312374691,-0.03292630086326705,0.35539701177803923
commons-io,101,symmetric,0.25,none,73,341,58,0.01544984496088752,0.479222687528021,-0.040010609897763734,0.3212720302913298
commons-io,101,symmetric,0.3,none,73,384,52,0.018134806801764995,0.4920719021463248,0.026389140254301297,0.5755614186222873
commons-io,101,fp_heavy,0.05,none,73,113,68,0.08805340685006326,0.5322311564990228,-0.027140947943378763,0.3281942076533232
commons-io,101,fp_heavy,0.1,none,73,171,62,-0.0014919098464138954,0.4493452520863861,-0.031289866151903496,0.32910314726495776
commons-io,101,fp_heavy,0.15,none,73,224,62,0.04272152821566448,0.5087100228653834,-0.033970365092541435,0.3351273425002142
commons-io,101,fp_heavy,0.2,none,73,279,56,0.04460580283575742,0.4920327351322124,-0.04964370156844964,0.2541668242523755
commons-io,101,fp_heavy,0.25,none,73,323,49,0.023017811219273827,0.48288988929780524,-0.03966605510660288,0.32145013853327814
commons-io,101,fp_heavy,0.3,none,73,364,42,0.024931372248276927,0.5104039285942074,0.04541080381714852,0.6315488189511407
commons-io,101,mid,0.05,none,73,105,62,0.07850199675138517,0.5293673115652913,-0.023172929315997914,0.3514695142477962
commons-io,101,mid,0.1,none,73,150,56,0.031086019714053816,0.48310193326903184,-0.03135863530797828,0.3167847637127488
commons-io,101,mid,0.15,none,73,194,41,0.006049515720345676,0.45647757321432253,-0.04150629811340632,0.2999663643791865
commons-io,101,mid,0.2,none,73,224,29,0.04244302177005341,0.5055712979992479,-0.024873902799355297,0.3623728264809676
commons-io,101,mid,0.25,none,73,266,19,0.017425024633469656,0.45739607835848456,-0.046095630465916006,0.28402792288014
commons-io,101,mid,0.3,none,73,311,10,0.02719656429887432,0.5066305842587898,0.04594850529154114,0.6322329757232891
commons-io,101,fn_heavy,0.05,none,73,70,49,0.10417148478425502,0.5504361419438831,-0.0018947139529143001,0.40483781291736615
commons-io,101,fn_heavy,0.1,none,73,81,22,0.0398243776210249,0.4650662566307466,-0.04510508470991107,0.2695314601261085
commons-io,101,fn_heavy,0.15,none,73,100,0,0.003493810899274961,0.45885068299892,-0.019876648124143973,0.4030282998472094
commons-io,101,fn_heavy,0.2,none,73,140,0,0.012901466150890203,0.468306464021254,-0.02796085182045105,0.36839823181418424
commons-io,101,fn_heavy,0.25,none,73,167,0,0.0047527146605345644,0.4560561449528303,-0.028060783981988732,0.37359317292121597
commons-io,101,fn_heavy,0.3,none,73,206,0,0.022976251156910748,0.46487352989628433,-0.051162634303067875,0.2616752094780025
commons-io,123,symmetric,0.05,none,73,116,69,0.05669687263707479,0.5160816629268341,-0.003360782331817548,0.4046181971119885
commons-io,123,symmetric,0.1,none,73,163,67,0.049508175988134326,0.517711674977395,0.04135653021507887,0.618397952218613
commons-io,123,symmetric,0.15,none,73,206,64,-0.029244664488581287,0.4279522853436848,0.034517746684083084,0.5928018674285034
commons-io,123,symmetric,0.2,none,73,257,61,-0.008779640047412754,0.4646896063212985,-0.023432901048035255,0.39270862322200445
commons-io,123,symmetric,0.25,none,73,311,57,-0.019816219111774006,0.457079320724719,-0.02535117596468296,0.38152835287825987
commons-io,123,symmetric,0.3,none,73,362,53,-0.034497147994237774,0.4411257577217615,-0.03805951981636663,0.3343469715587553
commons-io,123,fp_heavy,0.05,none,73,115,69,0.056754340905391096,0.5161156564606021,-0.0046527151483030625,0.402856331968549
commons-io,123,fp_heavy,0.1,none,73,158,66,0.05508286484444716,0.5249762335850593,0.05324462143779339,0.6451193646878359
commons-io,123,fp_heavy,0.15,none,73,201,61,-0.010661817211788178,0.46468956957937746,0.04616859823016851,0.6277224534498509
commons-io,123,fp_heavy,0.2,none,73,246,56,-0.016810463419203277,0.4690990436627467,0.03783075283937922,0.6093252260922265
commons-io,123,fp_heavy,0.25,none,73,299,50,-0.014397566044028873,0.4581616712579819,-0.027382735052378187,0.37994716118041216
commons-io,123,fp_heavy,0.3,none,73,343,44,-0.030148909770257904,0.44123532696533047,-0.030973270557227324,0.3677767215107588
commons-io,123,mid,0.05,none,73,108,66,0.05642118374810807,0.5243356927703787,0.003563408313495405,0.4403920794924477
commons-io,123,mid,0.1,none,73,135,54,0.05054356561505778,0.5123593016680414,0.04139272561584463,0.6165763292227557
commons-io,123,mid,0.15,none,73,166,41,0.03911025779961275,0.48649879264712415,-0.03978484846413963,0.27894048973485
commons-io,123,mid,0.2,none,73,198,29,-0.03730994179955197,0.3934635949245134,-0.04419991432579781,0.23914112657501918
commons-io,123,mid,0.25,none,73,243,26,-0.03231398352807596,0.42990943507856244,-0.034110946609851485,0.3449682495485612
commons-io,123,mid,0.3,none,73,281,14,-0.001365072143721321,0.4648894698610269,-0.0309230777815168,0.35582376079519334
commons-io,123,fn_heavy,0.05,none,73,80,50,0.07351575377746808,0.5480756395417241,0.013994148620978275,0.49912270535147574
commons-io,123,fn_heavy,0.1,none,73,80,26,0.011168125092252925,0.4705353889658951,0.060306809797690354,0.6649323666396703
commons-io,123,fn_heavy,0.15,none,73,86,0,-0.00032942805599395404,0.4540008417216972,0.04608654724921368,0.6292057153273953
commons-io,123,fn_heavy,0.2,none,73,113,0,0.013922906779918896,0.47577838086433993,0.05787080385192406,0.6501781993708607
commons-io,123,fn_heavy,0.25,none,73,149,0,0.00961371435626815,0.46853024985677405,0.036254217326619015,0.5975073461341578
commons-io,123,fn_heavy,0.3,none,73,182,0,-0.01311524437081219,0.449673639493855,-0.015630645809770968,0.40657421442963426
commons-io,202,symmetric,0.05,none,73,120,71,0.058020240176444554,0.5196539043998998,-0.01578253280331928,0.3929026878030926
commons-io,202,symmetric,0.1,none,73,161,68,0.04305108772330584,0.5279930707507644,0.07489521595688052,0.7004360975388408
commons-io,202,symmetric,0.15,none,73,220,65,0.02125906138124703,0.47513376599278656,-0.036173270271849765,0.3070418157087229
commons-io,202,symmetric,0.2,none,73,266,60,0.04747623735948124,0.5182962641870559,-0.01915379182781396,0.40104485580914023
commons-io,202,symmetric,0.25,none,73,323,59,0.0060322532915518465,0.4931614573954026,0.036959364887800064,0.6077237189815795
commons-io,202,symmetric,0.3,none,73,381,57,0.035003439832836165,0.5270834165701064,0.05851923455190644,0.6667900211909465
commons-io,202,fp_heavy,0.05,none,73,119,70,0.04987267471868997,0.5101404501313722,-0.003710679210637989,0.4039094093391654
commons-io,202,fp_heavy,0.1,none,73,156,65,0.04300654888172385,0.5032965787773205,-0.0067531952741714555,0.39782274956080715
commons-io,202,fp_heavy,0.15,none,73,211,60,0.05605079700727796,0.5380282228189341,0.020839731022887564,0.5304216153004202
commons-io,202,fp_heavy,0.2,none,73,262,59,0.028821512290506744,0.5012635112012254,-0.0135755837565909,0.4208494214838272
commons-io,202,fp_heavy,0.25,none,73,313,55,0.017544706524187947,0.4968480941889247,-0.017662342343017938,0.4112100451097913
commons-io,202,fp_heavy,0.3,none,73,364,50,0.025716679904704408,0.5217530124533634,0.058461581194459745,0.6673296674294882
commons-io,202,mid,0.05,none,73,112,65,0.025979721327377366,0.4755151625285446,-0.02032160017159392,0.3700573876834479
commons-io,202,mid,0.1,none,73,137,58,0.03684465585271735,0.5003969258285708,-0.0030849947514586134,0.42632422231800665
commons-io,202,mid,0.15,none,73,184,50,0.000505936001920445,0.459224260326462,-0.016442136915912602,0.3944158381520636
commons-io,202,mid,0.2,none,73,216,36,0.07223419885553937,0.5503718177938418,0.0026490722843133976,0.4853687456746781
commons-io,202,mid,0.25,none,73,261,23,0.03465242066196027,0.5130947015828095,-0.013598639720851319,0.43047518787133704
commons-io,202,mid,0.3,none,73,294,14,0.036138315570103316,0.5221915574852474,0.042910937641466924,0.6246956229376605
commons-io,202,fn_heavy,0.05,none,73,90,55,0.060181228520587986,0.5207642429772156,0.05737000422476599,0.6615899072174495
commons-io,202,fn_heavy,0.1,none,73,80,24,0.09051516880949663,0.5550667349145292,0.05130237507285183,0.6477113066243175
commons-io,202,fn_heavy,0.15,none,73,86,0,0.062252127899677594,0.5270482153475512,0.08432998094149158,0.7231806669224159
commons-io,202,fn_heavy,0.2,none,73,120,0,0.009739603952134886,0.45160981867197947,-0.014887951624842318,0.39247199296219004
commons-io,202,fn_heavy,0.25,none,73,157,0,0.006865680668145557,0.4598744763582478,-0.020762505655727383,0.3804854529688041
commons-io,202,fn_heavy,0.3,none,73,188,0,0.07259496311031555,0.5400434048621239,-0.01614662145274129,0.4254802124082884
commons-io,314,symmetric,0.05,none,73,125,68,0.08639892394664404,0.5380581635835044,-0.0295877529521871,0.33275178685169765
commons-io,314,symmetric,0.1,none,73,175,67,0.06179277577473363,0.5291266854998031,-0.020949524100199846,0.38699548794223343
commons-io,314,symmetric,0.15,none,73,225,64,0.013604885736325236,0.49275956231273516,-0.012553179189336723,0.4278613790177201
commons-io,314,symmetric,0.2,none,73,282,61,0.013116971156950648,0.49658858557670427,-0.01596952387795642,0.43851515426517995
commons-io,314,symmetric,0.25,none,73,338,58,0.01688974842162442,0.4927195168166854,-0.03506058967871012,0.35348326475133046
commons-io,314,symmetric,0.3,none,73,394,53,-0.011925053305336551,0.45681503963146736,-0.04461716352874505,0.30467961305499053
commons-io,314,fp_heavy,0.05,none,73,124,68,0.08650890224734481,0.5382177512530782,-0.022709302743567687,0.3433645737291575
commons-io,314,fp_heavy,0.1,none,73,170,65,0.07644914912735291,0.5495520186044863,8.355714213331335e-05,0.4446753158267277
commons-io,314,fp_heavy,0.15,none,73,219,61,0.017784337379787716,0.4953665436228872,-0.014730988697833297,0.425146345938733
commons-io,314,fp_heavy,0.2,none,73,274,57,-0.024810927476998774,0.44481060327984934,-0.03277062304204159,0.3671621069078171
commons-io,314,fp_heavy,0.25,none,73,328,51,-0.001722516516417519,0.4796536774627095,-0.013094335600309023,0.4429147036083431
commons-io,314,fp_heavy,0.3,none,73,377,41,0.011433187515697465,0.4864421862300888,-0.03643196473011126,0.34674852164446057
commons-io,314,mid,0.05,none,73,114,64,0.08791529344063485,0.5584428482232311,-0.0012530028838628204,0.46423336344210486
commons-io,314,mid,0.1,none,73,154,55,0.06596876909241685,0.5327749291385633,-0.015636654538804803,0.3924958391884469
commons-io,314,mid,0.15,none,73,177,41,-0.01776358696172386,0.4408195919786624,-0.025939558826368992,0.3666894744938983
commons-io,314,mid,0.2,none,73,223,33,-0.031287404039110525,0.4400800891363336,-0.00571379455140228,0.4599122334532781
commons-io,314,mid,0.25,none,73,275,25,0.001456736593837517,0.4779181336940638,-0.020872890811381096,0.411335119837082
commons-io,314,mid,0.3,none,73,312,15,-0.0060899747050568494,0.46330019669212236,-0.03943239757680081,0.32459296006826127
commons-io,314,fn_heavy,0.05,none,73,83,51,0.05594936146280637,0.49648724480956463,-0.020370784254589536,0.338172104654555
commons-io,314,fn_heavy,0.1,none,73,100,25,0.007778841008507691,0.45282272517682176,-0.022672433284664596,0.3546982135153243
commons-io,314,fn_heavy,0.15,none,73,101,0,0.041536926219486625,0.49740593352148477,-0.027314945520537027,0.37018524991184243
commons-io,314,fn_heavy,0.2,none,73,126,0,0.0028564330221134402,0.452820990041729,-0.018624015818801867,0.3901583638005643
commons-io,314,fn_heavy,0.25,none,73,163,0,-0.06610938727046671,0.37002394187281124,-0.02304239494998559,0.3738704795080707
commons-io,314,fn_heavy,0.3,none,73,201,0,-0.03957825739050121,0.41322240937081706,-0.030184366910756932,0.36185180779246656
commons-io,999,symmetric,0.05,none,73,116,70,0.09149273216452067,0.5616848548193099,0.002797953364181387,0.4622500034362742
commons-io,999,symmetric,0.1,none,73,170,67,0.1077603207258684,0.5884878271653573,-0.0006407623756469422,0.47238442425904426
commons-io,999,symmetric,0.15,none,73,224,63,0.035869120155411174,0.4965120204896869,-0.034405460436317634,0.31304141612992537
commons-io,999,symmetric,0.2,none,73,275,62,0.05754863355007893,0.5359244754052029,-0.01933125296343715,0.3999475574281937
commons-io,999,symmetric,0.25,none,73,317,57,0.00035579598440315676,0.44570641660972704,-0.049353291324753294,0.22394655646183495
commons-io,999,symmetric,0.3,none,73,381,51,-0.0029024798330556357,0.47796183930424685,-0.03553108816148175,0.3536594270667754
commons-io,999,fp_heavy,0.05,none,73,115,69,0.07888342377159265,0.5369029973266308,-0.015801016975303697,0.375294892969547
commons-io,999,fp_heavy,0.1,none,73,167,64,0.12556536084442643,0.6044568844224776,0.0024745961403489845,0.47904850826997797
commons-io,999,fp_heavy,0.15,none,73,219,62,0.046932642268223794,0.5282761190004177,-0.0057131580885120825,0.44702843710377843
commons-io,999,fp_heavy,0.2,none,73,258,53,0.0439548798800025,0.5187716954518601,-0.02151953114109399,0.3784813504557218
commons-io,999,fp_heavy,0.25,none,73,303,46,0.008056202313938648,0.4706420642586159,-0.038685390376041504,0.29748354580929254
commons-io,999,fp_heavy,0.3,none,73,361,40,-0.02313559158974214,0.4641051338278322,0.03788343496960987,0.6105997563349633
commons-io,999,mid,0.05,none,73,106,63,0.10164414742070464,0.5583814690617682,-0.011002981027313787,0.39359328734449917
commons-io,999,mid,0.1,none,73,146,53,0.09889238124038759,0.576181288224795,-0.0013277279285118899,0.4716093394633304
commons-io,999,mid,0.15,none,73,175,40,0.0714682447496978,0.5604756586902864,0.011137575857038617,0.5180333431474589
commons-io,999,mid,0.2,none,73,210,29,0.025711401347611736,0.502506139427003,-0.011830237889454401,0.4010098167142156
commons-io,999,mid,0.25,none,73,249,19,-0.005643476678401294,0.4673454552822563,-0.026565876631432755,0.3614995809282251
commons-io,999,mid,0.3,none,73,293,12,-0.03443037679929434,0.4192385864085581,-0.04591359175077394,0.28220349413011175
commons-io,999,fn_heavy,0.05,none,73,74,45,0.11900825086555254,0.5788147800339535,-0.009389000342521964,0.4276129895937842
commons-io,999,fn_heavy,0.1,none,73,74,19,0.07125500319798361,0.5327460833634577,0.005569936593016578,0.4655111613835688
commons-io,999,fn_heavy,0.15,none,73,94,0,0.04706927042424851,0.5102208400347669,-0.010410021740460247,0.44649718857168536
commons-io,999,fn_heavy,0.2,none,73,123,0,0.015137580590454038,0.4752307249213435,-0.010695815699957579,0.43054616497889914
commons-io,999,fn_heavy,0.25,none,73,163,0,0.05259188717493171,0.5221909856445189,-0.012061213339073831,0.43152335631754085
commons-io,999,fn_heavy,0.3,none,73,187,0,0.01691504169322865,0.468798887935509,-0.028615306203346475,0.3163077758291121
commons-jcs,7,symmetric,0.05,none,88,122,86,0.1575833987875886,0.610877176446119,0.06358331461442368,0.5404450041212694
commons-jcs,7,symmetric,0.1,none,88,152,82,0.08604140654338575,0.550319124249645,0.054757514189024525,0.5327762426865826
commons-jcs,7,symmetric,0.15,none,88,183,75,0.07434252259690165,0.5436209637407385,0.07140808498865149,0.5583125602013718
commons-jcs,7,symmetric,0.2,none,88,223,70,0.04744919018356433,0.5317294895954308,-0.0675787676652924,0.4226718596291246
commons-jcs,7,symmetric,0.25,none,88,256,69,0.0016569364903878327,0.48145447581387485,-0.059469353160819936,0.4289340821605311
commons-jcs,7,symmetric,0.3,none,88,285,64,0.008331975752680952,0.48641049296745514,-0.02256530481491596,0.4783467202137009
commons-jcs,7,fp_heavy,0.05,none,88,120,85,0.1529119094850511,0.6066230240174099,0.05281705359783991,0.5234142265035958
commons-jcs,7,fp_heavy,0.1,none,88,148,79,0.08151673166160514,0.5488596006254893,0.03293275064109089,0.5189375359894565
commons-jcs,7,fp_heavy,0.15,none,88,178,72,0.088251030139852,0.5537849171555868,0.03628100861635221,0.5272042656437068
commons-jcs,7,fp_heavy,0.2,none,88,216,68,0.07307737443643082,0.5543759401975122,0.02179720760842525,0.5155739403270236
commons-jcs,7,fp_heavy,0.25,none,88,238,58,0.02272873748384491,0.49890666271686,-0.09915199638400012,0.3992797882323605
commons-jcs,7,fp_heavy,0.3,none,88,269,53,-0.019476646754796892,0.4656169298570616,-0.056140180028687835,0.44658489088593345
commons-jcs,7,mid,0.05,none,88,112,80,0.13713647228933143,0.5918902551139424,0.04276027880208173,0.5089557348154448
commons-jcs,7,mid,0.1,none,88,131,69,0.0773296276306254,0.5417338277917344,-0.00036278790894586583,0.48877216126710255
commons-jcs,7,mid,0.15,none,88,138,57,0.055346699093674546,0.5152215415680558,0.0023815648540788507,0.4922747658175713
commons-jcs,7,mid,0.2,none,88,163,44,0.03396309094688317,0.5051646021132776,-0.0006810426108626002,0.49601032289969804
commons-jcs,7,mid,0.25,none,88,193,36,0.00649070050902528,0.4818904173170246,-0.0690502813816467,0.4271665128086319
commons-jcs,7,mid,0.3,none,88,200,20,0.04283941222594192,0.5159941114858505,-0.030753915684990293,0.46662785284652347
commons-jcs,7,fn_heavy,0.05,none,88,80,68,0.2181814159648264,0.6504857923282801,0.15039446397710465,0.6116651174935512
commons-jcs,7,fn_heavy,0.1,none,88,75,40,0.09917094190680431,0.5267685718502724,0.07198854545360737,0.5555466326162191
commons-jcs,7,fn_heavy,0.15,none,88,71,18,0.059038538473699345,0.5203698502275312,-0.04744682687102924,0.44454986175424743
commons-jcs,7,fn_heavy,0.2,none,88,70,0,-0.0051452266749081235,0.447876886584321,-0.10278267878719353,0.3518089974180778
commons-jcs,7,fn_heavy,0.25,none,88,81,0,0.006461904351845235,0.4583108830741107,-0.12144205340022955,0.33553110871414227
commons-jcs,7,fn_heavy,0.3,none,88,107,0,-0.01775900905633194,0.44069996053752014,-0.024512266610092242,0.4595901923105727
commons-jcs,13,symmetric,0.05,none,88,126,83,0.02492666133877915,0.4635588194974986,0.0005651105563480232,0.4625049071773426
commons-jcs,13,symmetric,0.1,none,88,153,77,0.020337870084715482,0.49643516636110135,-0.050979357893213464,0.4022955854227032
commons-jcs,13,symmetric,0.15,none,88,180,71,0.051988982601507014,0.5263524024532158,-0.06254405051056931,0.39838864876367686
commons-jcs,13,symmetric,0.2,none,88,213,70,0.02747077689391106,0.5132952294196108,0.0005471773307510985,0.49013307749649215
commons-jcs,13,symmetric,0.25,none,88,237,66,0.03493515477081026,0.5216657587715084,0.001046136346444574,0.49278736003391704
commons-jcs,13,symmetric,0.3,none,88,275,59,-0.011791615104009768,0.4758287209015821,-0.03680914951971746,0.4571579967567768
commons-jcs,13,fp_heavy,0.05,none,88,123,81,0.05386778381357094,0.4870409774583762,0.06371333365207699,0.5306480380933972
commons-jcs,13,fp_heavy,0.1,none,88,147,73,0.05066574301508887,0.5225466420182299,0.00021477166929572967,0.4563867409735099
commons-jcs,13,fp_heavy,0.15,none,88,177,70,0.03221596549044628,0.5113440101952295,-0.02154339124881815,0.4544342506279072
commons-jcs,13,fp_heavy,0.2,none,88,207,65,0.04263235792120291,0.525924049603058,0.001776969423871831,0.48753136137764275
commons-jcs,13,fp_heavy,0.25,none,88,221,58,-0.006726200808467469,0.473764821425197,0.027254608028868442,0.5154527221625267
commons-jcs,13,fp_heavy,0.3,none,88,263,53,0.00013941630404727912,0.49048597022877494,0.04418849357401506,0.5341150463006796
commons-jcs,13,mid,0.05,none,88,111,73,0.04699956164340929,0.46703858292693534,0.045376775768128874,0.4859950271730503
commons-jcs,13,mid,0.1,none,88,128,65,0.06004833318801109,0.5285512573927607,-0.01411220448904605,0.44809346135200323
commons-jcs,13,mid,0.15,none,88,152,54,0.05329115008285754,0.5248656544958678,-0.007126586501443056,0.47790724297317444
commons-jcs,13,mid,0.2,none,88,167,46,0.02491625809717498,0.4968537446933262,-0.008193927706184915,0.4682353228884158
commons-jcs,13,mid,0.25,none,88,183,37,-0.012302879298759069,0.45574747775615626,-0.04917160591304759,0.424626864659127
commons-jcs,13,mid,0.3,none,88,190,22,-0.058479266958709954,0.39707142573205867,-0.08732297384772901,0.4009893019303472
commons-jcs,13,fn_heavy,0.05,none,88,86,65,0.12674486729328674,0.5489383052213145,0.03918266995698345,0.49182641377947217
commons-jcs,13,fn_heavy,0.1,none,88,85,43,-0.008872601671931934,0.40387274627354064,0.06306029850234574,0.5317826747435962
commons-jcs,13,fn_heavy,0.15,none,88,74,17,-0.015593697571924416,0.4037893737117619,0.004310539728245501,0.4772651197475223
commons-jcs,13,fn_heavy,0.2,none,88,74,0,-0.06531193721359779,0.3814385672790435,-0.08826756125925521,0.3534814050237364
commons-jcs,13,fn_heavy,0.25,none,88,98,0,-0.09054451482556998,0.3648900957138116,-0.061453958460441625,0.42604916300538076
commons-jcs,13,fn_heavy,0.3,none,88,107,0,-0.06098176844044856,0.3964716778895932,-0.1304944909513799,0.3269896962863453
commons-jcs,21,symmetric,0.05,none,88,132,85,0.16647193868692786,0.6206301079776707,0.19270103834542898,0.6543565645420427
commons-jcs,21,symmetric,0.1,none,88,157,80,0.08686154547899971,0.5299508961649732,0.05367638817680571,0.5372497449873519
commons-jcs,21,symmetric,0.15,none,88,183,76,0.07522254900545747,0.523430069399971,0.15968732002906913,0.6302823852575866
commons-jcs,21,symmetric,0.2,none,88,213,75,0.06266852914342573,0.5190066671716548,0.10211142793673743,0.5793007941930801
commons-jcs,21,symmetric,0.25,none,88,247,71,0.033586520682816055,0.49522970401294264,0.062213102462251375,0.5493599119749618
commons-jcs,21,symmetric,0.3,none,88,294,67,0.010046858321267331,0.47935449713638745,-0.0029577174118975307,0.4870125414629182
commons-jcs,21,fp_heavy,0.05,none,88,130,84,0.1615161147715446,0.6144115627829412,0.08923159087090306,0.5624521067826398
commons-jcs,21,fp_heavy,0.1,none,88,151,76,0.11023605442761117,0.5524388674601071,0.11341704262936786,0.5888329055644025
commons-jcs,21,fp_heavy,0.15,none,88,177,75,0.08386508788828863,0.5262739409129653,0.14861697131734558,0.6201214973835639
commons-jcs,21,fp_heavy,0.2,none,88,201,70,0.06744183955547142,0.5225537785297734,0.017009948681071328,0.49966432074723605
commons-jcs,21,fp_heavy,0.25,none,88,232,61,0.02216929204428628,0.4830705420181043,0.11288847601969063,0.5966071867587235
commons-jcs,21,fp_heavy,0.3,none,88,268,54,0.010982135875865377,0.4739276220822712,0.06073956329898948,0.5495135197299951
commons-jcs,21,mid,0.05,none,88,117,77,0.07039456094543539,0.49814302355409246,0.1211366653668341,0.5861558155620813
commons-jcs,21,mid,0.1,none,88,138,71,0.09910029946564285,0.5429896944791306,0.11349734816906876,0.591164429482347
commons-jcs,21,mid,0.15,none,88,145,54,0.03836106107774898,0.4733318874132755,0.17774496617815896,0.6477490320411431
commons-jcs,21,mid,0.2,none,88,161,46,0.025806713575857135,0.47147555519532935,0.04791903245532365,0.5261267815566428
commons-jcs,21,mid,0.25,none,88,174,34,0.04882598670848802,0.514552742348156,0.02257564897523858,0.5068585254303952
commons-jcs,21,mid,0.3,none,88,198,25,0.06262027763487973,0.5201567382963155,0.1272066275202276,0.6087100198043649
commons-jcs,21,fn_heavy,0.05,none,88,93,68,0.11738750240592884,0.5212758022034187,0.2899989268401377,0.7303155302050329
commons-jcs,21,fn_heavy,0.1,none,88,88,41,0.06318428691048532,0.5015457138172448,0.12586219900735124,0.5962577000649025
commons-jcs,21,fn_heavy,0.15,none,88,79,19,0.05317819353514074,0.48939771023631523,0.0006385319152987074,0.47964580642861654
commons-jcs,21,fn_heavy,0.2,none,88,75,0,0.06966282587135177,0.5194747686195321,0.08828801092162022,0.5664454370916451
commons-jcs,21,fn_heavy,0.25,none,88,91,0,-0.034237213550743606,0.4126160213399541,-0.044798608988697926,0.42626433117571905
commons-jcs,21,fn_heavy,0.3,none,88,104,0,0.013334961990740623,0.46237673326250034,0.12174216880112104,0.6008076831632296
commons-jcs,42,symmetric,0.05,none,88,126,83,0.1166696185540185,0.5822174602345176,0.025390190999592183,0.5158901566349356
commons-jcs,42,symmetric,0.1,none,88,156,80,0.12365194218284782,0.5906976203747043,-0.007649049919338969,0.4794675418650454
commons-jcs,42,symmetric,0.15,none,88,202,73,0.08415291672619193,0.5626088266138307,0.0691212727123071,0.5566219007839546
commons-jcs,42,symmetric,0.2,none,88,233,68,0.013256080535462643,0.5017101864713746,-0.020298797328580753,0.4735245712939288
commons-jcs,42,symmetric,0.25,none,88,268,68,0.02044766833142539,0.5158900054136778,0.020282561160515435,0.5151380487431959
commons-jcs,42,symmetric,0.3,none,88,290,61,0.072460501182902,0.5562256355866385,0.06991911296220331,0.5595160204648659
commons-jcs,42,fp_heavy,0.05,none,88,122,82,0.09519183468369703,0.5597125529471616,-0.05944607672911899,0.4254901383328436
commons-jcs,42,fp_heavy,0.1,none,88,151,77,0.08263091164892164,0.5491283230240953,-0.01175591782428186,0.47406179225450595
commons-jcs,42,fp_heavy,0.15,none,88,194,68,0.08502016510920367,0.562123243084847,0.04658938218607042,0.5337632661960222
commons-jcs,42,fp_heavy,0.2,none,88,227,68,0.06780176273892154,0.5508123797478114,0.057153920064437515,0.5466070405812411
commons-jcs,42,fp_heavy,0.25,none,88,247,56,0.020181217922091377,0.5114104144015155,-0.05687542007082938,0.43990573878032585
commons-jcs,42,fp_heavy,0.3,none,88,277,53,0.058004887908066315,0.5441045513171331,0.09905880827893915,0.5858375820639182
commons-jcs,42,mid,0.05,none,88,110,78,0.14615608864298463,0.593257328839396,0.018216080007387354,0.49227694143471523
commons-jcs,42,mid,0.1,none,88,129,68,0.05373414125731461,0.5224175087116395,-0.022213064672153476,0.4680954761578888
commons-jcs,42,mid,0.15,none,88,155,53,0.06902437787085768,0.5402954762442245,0.0750933007089672,0.5545418871199564
commons-jcs,42,mid,0.2,none,88,178,40,0.033876718881337975,0.5110850950647494,-0.0029186100919456775,0.49127452060065324
commons-jcs,42,mid,0.25,none,88,200,31,0.037957571838561716,0.5230796794038034,-0.028750310263553607,0.46212679192583145
commons-jcs,42,mid,0.3,none,88,217,20,0.02115254938224046,0.5065559957067934,0.06391219613490652,0.5548946527075703
commons-jcs,42,fn_heavy,0.05,none,88,90,68,0.10711646924863351,0.5570126664724198,-0.0049700331720609475,0.48098975091264373
commons-jcs,42,fn_heavy,0.1,none,88,78,38,0.03857159826357216,0.48861259163713505,0.040306392733775474,0.5265397132249582
commons-jcs,42,fn_heavy,0.15,none,88,71,12,-0.0682463570924558,0.3697515267229334,-0.13169148061860178,0.342347680518411
commons-jcs,42,fn_heavy,0.2,none,88,75,0,-0.007371971503790127,0.4286231982126494,-0.029652136904481353,0.4351206068928037
commons-jcs,42,fn_heavy,0.25,none,88,100,0,-0.007924991171550835,0.4457043008894581,-0.06691028759640573,0.4229417489520331
commons-jcs,42,fn_heavy,0.3,none,88,127,0,-0.018756521744895126,0.445003354445415,-0.06311291063353826,0.4202342314952687
commons-jcs,77,symmetric,0.05,none,88,121,87,0.1534769441318242,0.6065421369742219,0.07420225703200764,0.5337188990080649
commons-jcs,77,symmetric,0.1,none,88,152,76,0.05954664143984083,0.5194299880568748,-0.07719982131841052,0.4053074173483585
commons-jcs,77,symmetric,0.15,none,88,184,70,0.0029854798634974086,0.4760308034647279,-0.08323446612270435,0.4004768823380386
commons-jcs,77,symmetric,0.2,none,88,209,66,0.006431688481764347,0.48375093594111107,-0.08087114082356794,0.39754414280877404
commons-jcs,77,symmetric,0.25,none,88,243,63,0.01845404050714417,0.49612080984755036,-0.0412156886112844,0.449128789425886
commons-jcs,77,symmetric,0.3,none,88,277,60,0.004052142921060356,0.4855657268959211,-0.014060413635028208,0.4763321235951037
commons-jcs,77,fp_heavy,0.05,none,88,112,81,0.11726555177279245,0.578044667830455,0.017619754446610486,0.4846484326259414
commons-jcs,77,fp_heavy,0.1,none,88,144,72,0.0985344411594334,0.5521544560991842,0.03602465041715915,0.519895096101943
commons-jcs,77,fp_heavy,0.15,none,88,177,66,-0.029525633965904935,0.4294137685889185,-0.04766397193349738,0.43075073683085247
commons-jcs,77,fp_heavy,0.2,none,88,202,63,0.03081432618776283,0.5023406293844066,-0.01894539699774366,0.46738789798121755
commons-jcs,77,fp_heavy,0.25,none,88,231,58,-0.005298507938987656,0.46931959643044036,-0.0560995695654676,0.435478939668013
commons-jcs,77,fp_heavy,0.3,none,88,266,55,0.019662132463036545,0.49542014163935855,-0.038926550338442625,0.4548249452716335
commons-jcs,77,mid,0.05,none,88,99,72,0.13740525612138368,0.5660075486166336,0.09950749070267442,0.5649733334869439
commons-jcs,77,mid,0.1,none,88,121,63,0.07480343112405835,0.5236026212276148,-0.12393672026317255,0.3422114961346265
commons-jcs,77,mid,0.15,none,88,150,55,0.02646450794208468,0.48698197894532314,-0.04084261318283453,0.4438256028583932
commons-jcs,77,mid,0.2,none,88,170,46,-0.022488867065163853,0.442809431993051,-0.04780214749682683,0.43773781642266624
commons-jcs,77,mid,0.25,none,88,186,39,-0.03139501618175925,0.4448540752944074,-0.13882164109655826,0.324420578158529
commons-jcs,77,mid,0.3,none,88,200,23,-0.0530504016594047,0.4155316934994323,-0.08871070124015702,0.3859482673776579
commons-jcs,77,fn_heavy,0.05,none,88,81,62,0.1592873441026143,0.5760976001667633,0.09736250145727567,0.5672945267457797
commons-jcs,77,fn_heavy,0.1,none,88,78,46,0.12617412319294344,0.5606654164997206,0.01556309304971194,0.47622327204852577
commons-jcs,77,fn_heavy,0.15,none,88,70,21,0.037261694320699784,0.4793112788470083,-0.05705282955927398,0.41901771998885434
commons-jcs,77,fn_heavy,0.2,none,88,73,0,-0.010196846196542209,0.4250580606420107,-0.07885622266628636,0.38260515274873996
commons-jcs,77,fn_heavy,0.25,none,88,94,0,-0.08094517001204513,0.3558062293553116,-0.05630382469779348,0.4279127443065809
commons-jcs,77,fn_heavy,0.3,none,88,112,0,-0.1256571995610381,0.3146505876050871,-0.20599487222391108,0.2370138391622397
commons-jcs,101,symmetric,0.05,none,88,118,84,0.1298284133355741,0.5868384915449296,0.0906525917912017,0.5573752177870668
commons-jcs,101,symmetric,0.1,none,88,169,82,0.05509591443542709,0.5348984003730614,0.08322916104885365,0.5653176390498509
commons-jcs,101,symmetric,0.15,none,88,198,78,0.062495338970973674,0.5295359116511719,0.1732884879846186,0.6454643007595912
commons-jcs,101,symmetric,0.2,none,88,230,71,0.081436479137868,0.5648547004421575,0.05453544180429784,0.5422050591922724
commons-jcs,101,symmetric,0.25,none,88,268,71,0.048416205332482906,0.5350814286023262,0.029526028610117376,0.5238210015367064
commons-jcs,101,symmetric,0.3,none,88,300,68,0.03391969743264357,0.5274607509518491,-0.07064812624209824,0.42182602495859894
commons-jcs,101,fp_heavy,0.05,none,88,117,83,0.12277543588086562,0.5812028377647849,0.07561677147631789,0.5381967765486657
commons-jcs,101,fp_heavy,0.1,none,88,162,79,0.04604951420310402,0.5169749880844732,0.1362637479834538,0.612543204777672
commons-jcs,101,fp_heavy,0.15,none,88,190,71,0.02619370158395533,0.4991054721234766,0.09469694695429022,0.576540669342199
commons-jcs,101,fp_heavy,0.2,none,88,224,70,0.0693029754830748,0.5507875110116186,0.09295619821457529,0.5801475031447029
commons-jcs,101,fp_heavy,0.25,none,88,254,66,0.04669708541504359,0.5337835775758938,0.08127504494261494,0.569974703133253
commons-jcs,101,fp_heavy,0.3,none,88,278,57,9.13194997246365e-05,0.4776701636035367,-0.06555973652979992,0.4287894698225054
commons-jcs,101,mid,0.05,none,88,107,79,0.10983137324350789,0.559740049627528,-0.014762386447666725,0.46457989886587914
commons-jcs,101,mid,0.1,none,88,137,71,0.09680907386098245,0.5607247703734107,0.0895657373176318,0.5636234567758815
commons-jcs,101,mid,0.15,none,88,164,59,0.002510917933920753,0.4532474082175205,0.09522421520262257,0.5727954339429986
commons-jcs,101,mid,0.2,none,88,181,47,0.02818477334286264,0.48313862327980855,0.07768475899875764,0.5620201480343128
commons-jcs,101,mid,0.25,none,88,198,34,0.03505595234192541,0.5030922153579074,-0.04633255171696403,0.4417575906626379
commons-jcs,101,mid,0.3,none,88,218,26,0.008902569978400637,0.4818236937444353,-0.06471432019220871,0.4249418387114366
commons-jcs,101,fn_heavy,0.05,none,88,78,70,0.14392693056837555,0.5719315531170504,0.15114713748935374,0.5928791798922259
commons-jcs,101,fn_heavy,0.1,none,88,77,43,0.06365168841288558,0.490133214916014,0.13551437822196755,0.6149990318691968
commons-jcs,101,fn_heavy,0.15,none,88,80,23,0.012370729373279704,0.44627193648733005,0.08162094448147479,0.5648861731700349
commons-jcs,101,fn_heavy,0.2,none,88,84,0,-0.03866260139124829,0.3966639137084029,0.14507137217487961,0.6195191181898552
commons-jcs,101,fn_heavy,0.25,none,88,105,0,-0.026338304383070724,0.4118791640717943,0.05753951222208859,0.5396035028757997
commons-jcs,101,fn_heavy,0.3,none,88,119,0,-0.04251675158487821,0.3985251188262173,-0.07843005703583118,0.3893890481786498
commons-jcs,123,symmetric,0.05,none,88,114,83,0.09433429361108749,0.5231131038796624,-0.013984222290228363,0.4422928449599445
commons-jcs,123,symmetric,0.1,none,88,147,80,0.12869579315935267,0.5774061572781147,0.12406495615599454,0.5909452430758259
commons-jcs,123,symmetric,0.15,none,88,177,75,0.09144662975228245,0.5385853531939123,0.1928958305337514,0.6619894360287277
commons-jcs,123,symmetric,0.2,none,88,207,71,0.05274026660423039,0.5046826900017379,0.12168864774267635,0.6008026450994723
commons-jcs,123,symmetric,0.25,none,88,253,69,0.0754113489829154,0.5348962462472239,0.22939543606509652,0.6938218391570781
commons-jcs,123,symmetric,0.3,none,88,277,61,0.05040249371279433,0.5157153304730028,0.11453006005927023,0.5970356071009235
commons-jcs,123,fp_heavy,0.05,none,88,114,83,0.09433429361108749,0.5231131038796624,-0.013984222290228363,0.4422928449599445
commons-jcs,123,fp_heavy,0.1,none,88,141,77,0.10729026684005803,0.5572413403193572,0.06796628123223299,0.5231122009020153
commons-jcs,123,fp_heavy,0.15,none,88,166,71,0.08442224657170673,0.5377579520705019,0.14120718350680142,0.6152671802135691
commons-jcs,123,fp_heavy,0.2,none,88,203,69,0.07335393757372993,0.5204458005337643,0.21211779539633074,0.679486779714698
commons-jcs,123,fp_heavy,0.25,none,88,233,58,0.024093090896503376,0.5004264766531065,0.16106392776761552,0.6358455355622665
commons-jcs,123,fp_heavy,0.3,none,88,259,53,0.010287864813904809,0.47354827267698313,0.14064991193565166,0.619717518083362
commons-jcs,123,mid,0.05,none,88,109,79,0.13602896961276204,0.5601964448041702,0.10306017347205236,0.5691356499759453
commons-jcs,123,mid,0.1,none,88,122,69,0.15246632717082206,0.5935160780429597,0.15584844704789313,0.615865337518671
commons-jcs,123,mid,0.15,none,88,134,55,0.06428360345368422,0.513974622521728,0.01911208555203198,0.48762744475416775
commons-jcs,123,mid,0.2,none,88,160,45,0.06885579252111435,0.5266772731117793,0.0833527870018688,0.5607846641828184
commons-jcs,123,mid,0.25,none,88,172,36,-0.039864718475946886,0.40849301399764315,0.017249212507730004,0.49815218693918045
commons-jcs,123,mid,0.3,none,88,201,20,-0.025608052003880808,0.4444285871790446,0.05921829489778011,0.545866743904987
commons-jcs,123,fn_heavy,0.05,none,88,83,66,0.12223030706342883,0.5428826333117239,0.06750245566785437,0.5206260524156325
commons-jcs,123,fn_heavy,0.1,none,88,74,43,0.04611332176491431,0.44886488367092253,0.08075969258693695,0.5382157639200179
commons-jcs,123,fn_heavy,0.15,none,88,58,15,0.03360015615449997,0.45570280038175,-0.045448739788453194,0.36867501703078553
commons-jcs,123,fn_heavy,0.2,none,88,64,0,-0.021407063603959758,0.40074934135526674,-0.10967599180075743,0.29441145921338713
commons-jcs,123,fn_heavy,0.25,none,88,79,0,-0.03325069058468325,0.4017551494457004,-0.13492955546193297,0.31468504167967737
commons-jcs,123,fn_heavy,0.3,none,88,99,0,-0.019808041421863893,0.4105599781471322,-0.05884171246734232,0.4101056267943925
commons-jcs,202,symmetric,0.05,none,88,128,87,0.12390500038928122,0.5829372286587468,0.050230927859756754,0.5194625712759354
commons-jcs,202,symmetric,0.1,none,88,149,83,0.10965237793655902,0.5720288420103335,0.1353491967772111,0.615107384823874
commons-jcs,202,symmetric,0.15,none,88,184,78,0.09436065503672686,0.5663199774386265,0.08773025933594443,0.5734358296395369
commons-jcs,202,symmetric,0.2,none,88,222,77,0.05314896946072829,0.5362870888398954,0.03765624210381528,0.5290999417339247
commons-jcs,202,symmetric,0.25,none,88,261,73,0.039547695704055884,0.5255166436447701,-0.05112236140773464,0.443935568184165
commons-jcs,202,symmetric,0.3,none,88,293,67,0.021387298984090367,0.5108580577902547,0.022803506052932982,0.5179642767664614
commons-jcs,202,fp_heavy,0.05,none,88,126,85,0.14428457121624136,0.6001307066071085,0.12318773783284749,0.5899846679522516
commons-jcs,202,fp_heavy,0.1,none,88,142,81,0.12236817768474298,0.5838555646345153,0.11700233102199867,0.5991916276396978
commons-jcs,202,fp_heavy,0.15,none,88,179,77,0.05386248277694043,0.5285591164984619,0.0873319848828239,0.5710255070669648
commons-jcs,202,fp_heavy,0.2,none,88,211,71,0.04460223507204187,0.5282187777101125,0.022534029938578764,0.5162605126038547
commons-jcs,202,fp_heavy,0.25,none,88,246,63,0.0019616213112472218,0.4835845825172757,-0.07119498657075073,0.41225292379979994
commons-jcs,202,fp_heavy,0.3,none,88,272,60,-0.007622548388346959,0.4828315637902815,-0.06386014281437061,0.42701692957068327
commons-jcs,202,mid,0.05,none,88,118,81,0.1587391338874436,0.6094484266160589,0.14018489459443284,0.6109603850570998
commons-jcs,202,mid,0.1,none,88,127,73,0.06567107958335473,0.5252756096962473,0.06720995769658099,0.5460599092512076
commons-jcs,202,mid,0.15,none,88,145,60,0.11358731578598749,0.5665203379980148,0.1276430129803276,0.6085269975248793
commons-jcs,202,mid,0.2,none,88,168,53,0.027816114965485927,0.5020764873798982,-0.0935449542793533,0.3827288257851435
commons-jcs,202,mid,0.25,none,88,183,34,0.015605143956424308,0.488482031607763,-0.02621069933291281,0.4558010867437471
commons-jcs,202,mid,0.3,none,88,205,20,-0.04994229258145779,0.4108092008204478,-0.046833710736664314,0.43836041583342783
commons-jcs,202,fn_heavy,0.05,none,88,93,71,0.1632332958823615,0.6090555583046551,0.11043960610513334,0.5889704340659324
commons-jcs,202,fn_heavy,0.1,none,88,93,52,0.11959979483811199,0.5642511561362656,0.02759048214687933,0.5088998572340109
commons-jcs,202,fn_heavy,0.15,none,88,67,17,0.03286433065711482,0.44831683680242385,0.1019239425052128,0.5789572309136517
commons-jcs,202,fn_heavy,0.2,none,88,64,0,-0.047442186073392685,0.3323685617432033,-0.022642771097630108,0.45705894366908606
commons-jcs,202,fn_heavy,0.25,none,88,83,0,-0.09799807461426424,0.29185286189324583,-0.07962628239180182,0.37295650562206684
commons-jcs,202,fn_heavy,0.3,none,88,102,0,-0.05048346900231069,0.35034251182319787,-0.04416931927189675,0.4335601363114439
commons-jcs,314,symmetric,0.05,none,88,124,83,0.16428601399787052,0.6212473366572049,0.043504510264564304,0.5335533151180626
commons-jcs,314,symmetric,0.1,none,88,154,80,0.14583397599212397,0.6117373696150207,0.03575535260674057,0.5240162017440567
commons-jcs,314,symmetric,0.15,none,88,187,74,0.06608192242442285,0.5487792586744638,0.016235375641298785,0.5072571506727388
commons-jcs,314,symmetric,0.2,none,88,221,69,0.04561081718938414,0.5312471606434073,-0.03162697809584594,0.45985209573158514
commons-jcs,314,symmetric,0.25,none,88,254,63,0.00025093908401459486,0.4902988838603516,-0.047271656051004855,0.44647810319410636
commons-jcs,314,symmetric,0.3,none,88,292,57,0.027709838719337968,0.5163303286579153,-0.05851238547067443,0.439219629489833
commons-jcs,314,fp_heavy,0.05,none,88,124,83,0.16428601399787052,0.6212473366572049,0.043504510264564304,0.5335533151180626
commons-jcs,314,fp_heavy,0.1,none,88,150,77,0.1322970742995006,0.5993891685306533,0.031428545445278254,0.5242984986874246
commons-jcs,314,fp_heavy,0.15,none,88,180,70,0.13042304955986125,0.6001220824893522,0.015455970092531305,0.503835790011141
commons-jcs,314,fp_heavy,0.2,none,88,206,61,0.057276716585632964,0.5403558985343061,-0.00906493551394374,0.48484483767787423
commons-jcs,314,fp_heavy,0.25,none,88,238,53,0.028948188284340034,0.5148622897827203,-0.03899354260864834,0.4576982923842926
commons-jcs,314,fp_heavy,0.3,none,88,277,46,0.02661932808147649,0.516690714803778,-0.010224295447797429,0.4866896876267006
commons-jcs,314,mid,0.05,none,88,113,77,0.1565613875822372,0.6112236525057717,0.061073053024982865,0.5481493419638882
commons-jcs,314,mid,0.1,none,88,129,63,0.10597394924456006,0.5713324175054768,0.017048877817867552,0.503133518797137
commons-jcs,314,mid,0.15,none,88,138,50,0.037860327347155984,0.4944313900239855,-0.05551353502058059,0.42801651215168873
commons-jcs,314,mid,0.2,none,88,165,39,0.06231934456548999,0.5337462202731252,-0.003983771955484556,0.48382944990897964
commons-jcs,314,mid,0.25,none,88,186,28,0.054571729416247404,0.5324635885507185,0.05011936942807729,0.5397308084003566
commons-jcs,314,mid,0.3,none,88,208,18,0.01047486946055424,0.49248298640259586,0.017312088056280903,0.5114471897279096
commons-jcs,314,fn_heavy,0.05,none,88,83,61,0.12950012068754116,0.578993374107099,-0.021048103086137693,0.4671663794314189
commons-jcs,314,fn_heavy,0.1,none,88,77,36,0.07799535165518531,0.5171264453011759,-0.01851862493549009,0.46212251565806056
commons-jcs,314,fn_heavy,0.15,none,88,78,18,-0.003574137162879068,0.438773041887393,-0.12372656673494131,0.34309420876504343
commons-jcs,314,fn_heavy,0.2,none,88,73,0,0.0145903958256159,0.44660574000367925,0.058896273576504496,0.543946661563878
commons-jcs,314,fn_heavy,0.25,none,88,88,0,-0.012462818891441269,0.43108370710004895,-0.029155425686304817,0.457197272640679
commons-jcs,314,fn_heavy,0.3,none,88,110,0,-0.052996293049115496,0.4130560128216492,-0.06682981387495446,0.42381374389704185
commons-jcs,999,symmetric,0.05,none,88,122,86,0.15644795282404542,0.5951287605968523,0.05823389440088045,0.5408762205097074
commons-jcs,999,symmetric,0.1,none,88,152,79,0.0841455870385433,0.5427633086177844,-0.003566346524324274,0.4846264339683754
commons-jcs,999,symmetric,0.15,none,88,183,72,0.08955935230500828,0.563136149891129,-0.006374059852328089,0.4803829949097377
commons-jcs,999,symmetric,0.2,none,88,217,70,0.07942230168006079,0.5646771987196085,0.0027043781300135146,0.4908434127434413
commons-jcs,999,symmetric,0.25,none,88,252,69,0.08883328503388861,0.5753571149698419,0.0696000587616615,0.5531872349036906
commons-jcs,999,symmetric,0.3,none,88,295,64,0.061912867141593615,0.550761091102558,0.041330307433662616,0.5305832332960102
commons-jcs,999,fp_heavy,0.05,none,88,121,85,0.15241901346652292,0.5914677953182447,0.007148925596627331,0.4930422653867498
commons-jcs,999,fp_heavy,0.1,none,88,146,75,0.10530417047440808,0.5633852231064344,0.013396784807891256,0.5018626061065503
commons-jcs,999,fp_heavy,0.15,none,88,177,70,0.07225305857219408,0.549081009927496,0.003200719312337236,0.48973976316108886
commons-jcs,999,fp_heavy,0.2,none,88,208,68,0.08378093615997954,0.5624702392108083,0.06831215339314987,0.554361537152524
commons-jcs,999,fp_heavy,0.25,none,88,235,61,0.04796538608225866,0.5381916763570995,-0.01435416280705183,0.4686044914023142
commons-jcs,999,fp_heavy,0.3,none,88,273,53,0.06362190527928377,0.5519736916813784,-0.03454660579142018,0.44875307847455526
commons-jcs,999,mid,0.05,none,88,105,75,0.08059932201274744,0.5200397479437864,0.018062052790939892,0.5038837730499504
commons-jcs,999,mid,0.1,none,88,126,69,0.10272822087317333,0.5591437490296872,-0.0005646465669922907,0.4818670440673289
commons-jcs,999,mid,0.15,none,88,139,53,0.06369058241573636,0.5276178099306541,0.06572327333971051,0.5460996703094535
commons-jcs,999,mid,0.2,none,88,162,44,0.071303411150348,0.5478505607620555,-0.04222331263949174,0.4177417368352269
commons-jcs,999,mid,0.25,none,88,183,35,-0.008659054277905483,0.4665786966607456,-0.059923101336244296,0.4008185342792801
commons-jcs,999,mid,0.3,none,88,203,22,-0.05117501562064831,0.4257782577386754,-0.07129326654812357,0.4134555359701178
commons-jcs,999,fn_heavy,0.05,none,88,83,67,0.10459769555078959,0.5312641586420819,0.1472373480049881,0.6091126953774881
commons-jcs,999,fn_heavy,0.1,none,88,77,41,0.11219715370908079,0.5454087519573003,0.0889672031930889,0.5343817322547685
commons-jcs,999,fn_heavy,0.15,none,88,70,16,0.010279435613769998,0.457242472996562,-0.03763481145293687,0.4263225200046893
commons-jcs,999,fn_heavy,0.2,none,88,72,0,-0.023306159846331984,0.41767008134764916,0.010579392854631877,0.48302997807062203
commons-jcs,999,fn_heavy,0.25,none,88,86,0,0.011452753249766627,0.46020099288065,-0.022548689774752453,0.46224571906630796
commons-jcs,999,fn_heavy,0.3,none,88,108,0,-0.036992249525857265,0.4035455058479394,-0.13569032027642197,0.2944932339068941
commons-lang,7,symmetric,0.05,none,146,272,140,0.028895944159759157,0.4720991071827319,-0.03659329588939807,0.27506408830464096
commons-lang,7,symmetric,0.1,none,146,421,136,0.023764115662719135,0.4638641036253761,-0.037161362415941535,0.27222194879900957
commons-lang,7,symmetric,0.15,none,146,540,127,0.014702056599152082,0.4599368681336375,-0.01643127443411156,0.40312776409948053
commons-lang,7,symmetric,0.2,none,146,671,121,0.004245817211074734,0.46145250880878114,0.011606809746575351,0.5383084256389454
commons-lang,7,symmetric,0.25,none,146,807,116,-0.026439130918776383,0.41388806621132296,0.013488473607440328,0.5459508251752081
commons-lang,7,symmetric,0.3,none,146,965,111,0.007116745588605252,0.4786035874358165,0.016276324080842303,0.556263468982161
commons-lang,7,fp_heavy,0.05,none,146,268,140,0.01915768823864165,0.4637412382734277,0.014608343465126223,0.542896736200641
commons-lang,7,fp_heavy,0.1,none,146,409,129,0.011834443767617296,0.45487677285106465,-0.006520443816862532,0.44421272323907435
commons-lang,7,fp_heavy,0.15,none,146,531,121,-0.009495668064762075,0.4314382312225795,0.011407623531284435,0.5341096793519116
commons-lang,7,fp_heavy,0.2,none,146,652,115,-0.01263312314180948,0.434351405064294,0.029015738341801458,0.6043526161687424
commons-lang,7,fp_heavy,0.25,none,146,781,108,-0.01655927156670668,0.42847425284147506,0.011622544322795655,0.5384170307442124
commons-lang,7,fp_heavy,0.3,none,146,936,102,-0.023789549220409656,0.4408992215539747,0.011219026786245298,0.5391840392431022
commons-lang,7,mid,0.05,none,146,249,128,0.012989363795145722,0.45294118673359696,0.010992687506984887,0.5258842052895728
commons-lang,7,mid,0.1,none,146,370,113,0.028861966849481002,0.4754458621499226,-0.02900048496368972,0.31918784644533815
commons-lang,7,mid,0.15,none,146,478,101,0.0011487240743527627,0.4500627130041088,0.01977963422141031,0.565164868055131
commons-lang,7,mid,0.2,none,146,568,80,-0.00821557787625742,0.4375027506023896,0.011102871725495742,0.5367474834512442
commons-lang,7,mid,0.25,none,146,679,52,-0.002986241302157989,0.4476409824919946,0.01278152604103875,0.5449836107638544
commons-lang,7,mid,0.3,none,146,802,33,-0.02094374049558002,0.41569556255712115,-0.028131971382794,0.348655371673693
commons-lang,7,fn_heavy,0.05,none,146,192,104,0.03420451335216294,0.48299256660368395,-0.006426552194062397,0.423673008542022
commons-lang,7,fn_heavy,0.1,none,146,238,49,0.027977111392494997,0.47282368807655933,-0.004556556730026303,0.47619507387202237
commons-lang,7,fn_heavy,0.15,none,146,287,0,-0.016054331737851344,0.405046191486021,-0.04395217730095092,0.2255648173061972
commons-lang,7,fn_heavy,0.2,none,146,374,0,-0.011470545993828992,0.4228545439013072,0.015237449801093046,0.551354881967097
commons-lang,7,fn_heavy,0.25,none,146,458,0,-0.01736074188213747,0.4224303905451471,0.007764571797803486,0.5247002726637295
commons-lang,7,fn_heavy,0.3,none,146,558,0,-0.015308349063835663,0.4380566497557836,-0.03247318614975536,0.30960279256222706
commons-lang,13,symmetric,0.05,none,146,296,140,0.02918535685450774,0.4704976191094275,-0.03515623641193351,0.28008957297959847
commons-lang,13,symmetric,0.1,none,146,443,131,0.02477352572511399,0.4857173781853364,0.008818123680706488,0.5210159869521447
commons-lang,13,symmetric,0.15,none,146,561,122,0.02268886040514885,0.48685894388820605,0.011791387398187194,0.5362208109240026
commons-lang,13,symmetric,0.2,none,146,674,110,0.0023823393917126517,0.4774412778726452,0.0069015152923903745,0.5143033407459535
commons-lang,13,symmetric,0.25,none,146,806,103,0.007986390536407425,0.48231967773108086,0.007641532212194419,0.522945013268908
commons-lang,13,symmetric,0.3,none,146,932,92,-0.0021073153105844776,0.45618450725482945,0.02898392309151394,0.604645972090579
commons-lang,13,fp_heavy,0.05,none,146,292,138,0.03453567782272915,0.48659441075117965,-0.0019463955582447203,0.4670775015440781
commons-lang,13,fp_heavy,0.1,none,146,431,124,0.018658215529974893,0.4753787367213048,0.026589238482211792,0.5725265682051182
commons-lang,13,fp_heavy,0.15,none,146,539,110,0.016198272230543258,0.4757329723809353,0.00982758432378621,0.5139392877437123
commons-lang,13,fp_heavy,0.2,none,146,656,98,0.009671492618782659,0.4749858320301815,-0.0018656884577885333,0.4788861900262758
commons-lang,13,fp_heavy,0.25,none,146,770,86,0.008287013423609307,0.4851216825579307,0.003962576008026083,0.5098466117074073
commons-lang,13,fp_heavy,0.3,none,146,897,72,0.0039060116062440858,0.4716999711190302,0.0329857758763045,0.6182489537408175
commons-lang,13,mid,0.05,none,146,266,123,0.03121442886885144,0.4823112686694797,0.0052466362538052865,0.4897168054372972
commons-lang,13,mid,0.1,none,146,373,93,0.03823540076663144,0.4987735069267251,0.020310576152016993,0.5628534617485154
commons-lang,13,mid,0.15,none,146,478,70,0.001024093331412218,0.4524311825289651,0.010267890790517799,0.5211649607379039
commons-lang,13,mid,0.2,none,146,562,47,0.025454550778996613,0.5060778639663503,0.010845163940041922,0.5318692182553788
commons-lang,13,mid,0.25,none,146,672,34,0.005652180357482782,0.48261077069978264,0.03970275476976823,0.6416468686189446
commons-lang,13,mid,0.3,none,146,796,16,-0.01978576320352675,0.44012923195846304,-0.0014199463067964269,0.48630952318602766
commons-lang,13,fn_heavy,0.05,none,146,188,80,0.06453522959493917,0.5249121781536407,0.011909593229553993,0.5357118377829765
commons-lang,13,fn_heavy,0.1,none,146,237,31,-0.012729318746850139,0.44320881808545876,0.06165977070462766,0.7029971013698803
commons-lang,13,fn_heavy,0.15,none,146,314,0,0.011265442105631778,0.48038599321779746,0.03998146823019812,0.6426177063884325
commons-lang,13,fn_heavy,0.2,none,146,406,0,-0.0011716725032924792,0.4509013721808242,0.030799938211153587,0.6078510603443886
commons-lang,13,fn_heavy,0.25,none,146,481,0,-0.005976171510713484,0.4350176934824541,-0.0012071594777338548,0.48003814035063713
commons-lang,13,fn_heavy,0.3,none,146,569,0,-0.001079194360548649,0.45437035489892663,0.008683617525016086,0.5198739006545111
commons-lang,21,symmetric,0.05,none,146,290,140,0.02600848726383575,0.4808412505869286,-0.03535907540745723,0.26636560199524384
commons-lang,21,symmetric,0.1,none,146,418,131,0.020234052789445844,0.4867151401811876,-0.027454609706804366,0.33999567223212174
commons-lang,21,symmetric,0.15,none,146,541,123,0.03260627985647963,0.509786777343608,-0.027470411178672216,0.3457249069196819
commons-lang,21,symmetric,0.2,none,146,672,118,0.00874509398560751,0.4605515906923448,-0.04469127782312342,0.22524848451410875
commons-lang,21,symmetric,0.25,none,146,791,107,0.022019760439436136,0.5030070089457473,0.007940446153654381,0.5251007070857765
commons-lang,21,symmetric,0.3,none,146,930,99,0.029888340413620512,0.5171831245212669,0.009140237866863857,0.5329700721953792
commons-lang,21,fp_heavy,0.05,none,146,286,137,0.014678141708308973,0.46581578573459387,-0.025678981542491146,0.33156936231576967
commons-lang,21,fp_heavy,0.1,none,146,406,125,0.036479653914769816,0.5138851184245742,-0.023828890069206708,0.3589173230085918
commons-lang,21,fp_heavy,0.15,none,146,525,118,0.03984942406313943,0.5178152838128202,-0.03317954743063156,0.3085248797836512
commons-lang,21,fp_heavy,0.2,none,146,647,105,0.00453462435064132,0.4541316162683494,-0.04461133352641927,0.2199485401714993
commons-lang,21,fp_heavy,0.25,none,146,767,94,0.016615962838918204,0.4858347569903592,-0.04491407939637733,0.2595886526769933
commons-lang,21,fp_heavy,0.3,none,146,899,81,0.03230547077956449,0.5220516693104094,0.0071259953264043475,0.5245813016307233
commons-lang,21,mid,0.05,none,146,267,124,0.027439200351146633,0.49156521758343447,0.007035667547025104,0.47786199863758705
commons-lang,21,mid,0.1,none,146,367,103,-0.00780711400928322,0.4412078718754698,-0.04932468030619316,0.20478035670201522
commons-lang,21,mid,0.15,none,146,463,78,0.016752891834622106,0.4814885565948419,-0.033345380933628474,0.2949856285670569
commons-lang,21,mid,0.2,none,146,562,55,0.041837126974383104,0.5127058719918223,-0.04214423968893529,0.23241950784435106
commons-lang,21,mid,0.25,none,146,657,39,0.025141177663067418,0.4939881131482283,-0.04851542867471596,0.2174762643298587
commons-lang,21,mid,0.3,none,146,779,24,0.015404673855711397,0.48791214286834633,0.04040827644251351,0.6431076604065165
commons-lang,21,fn_heavy,0.05,none,146,197,91,0.04211964203718897,0.5027813409339397,-0.02968677355840835,0.3268987082763081
commons-lang,21,fn_heavy,0.1,none,146,234,35,0.004181677828798668,0.4710537090920427,-0.006115312918335251,0.45385017140639156
commons-lang,21,fn_heavy,0.15,none,146,289,0,-0.0006584562279236396,0.4552737203429994,-0.0405672199594428,0.2761676798457896
commons-lang,21,fn_heavy,0.2,none,146,376,0,0.028806089982511805,0.4969028629855175,-0.036890370545678605,0.2762001872220641
commons-lang,21,fn_heavy,0.25,none,146,469,0,0.02280271888658644,0.49095401367144664,-0.03564525248723364,0.28164669288665783
commons-lang,21,fn_heavy,0.3,none,146,558,0,0.00256238420844301,0.4455142022939009,-0.048662694491645696,0.16812424315034505
commons-lang,42,symmetric,0.05,none,146,279,140,0.015538617494471387,0.4394080579157547,-0.035661919777428136,0.24471098400440663
commons-lang,42,symmetric,0.1,none,146,408,132,0.03299129551861466,0.48733315372280755,-0.0002626820363954016,0.4779590888491915
commons-lang,42,symmetric,0.15,none,146,558,127,0.023146976626873154,0.4727415124338073,-0.04457734642165097,0.18109430997877432
commons-lang,42,symmetric,0.2,none,146,707,122,0.011138594665737989,0.4698099584976521,-0.04219377586457704,0.22399995186718988
commons-lang,42,symmetric,0.25,none,146,848,115,0.01784256648744835,0.4975738340951354,0.0017488168886825473,0.49212037327583175
commons-lang,42,symmetric,0.3,none,146,974,109,0.020968578899912625,0.5005484993912622,0.023479796943789554,0.585192531194162
commons-lang,42,fp_heavy,0.05,none,146,276,140,0.008011031739871293,0.4365935170211734,-0.0242433019142799,0.2592596124668385
commons-lang,42,fp_heavy,0.1,none,146,399,128,0.000979149086325044,0.448877706006946,-0.002989425704480112,0.4598084576119031
commons-lang,42,fp_heavy,0.15,none,146,545,122,0.034036160305232994,0.4988749039857878,-0.027859754249309466,0.27371990667452967
commons-lang,42,fp_heavy,0.2,none,146,685,114,-0.0007177948554728636,0.44887725000041434,-0.04638601844708569,0.18926214076509315
commons-lang,42,fp_heavy,0.25,none,146,821,105,0.033559916067767155,0.5175665956991184,-0.029208297025222762,0.33815651122193663
commons-lang,42,fp_heavy,0.3,none,146,944,93,-0.03012679092237553,0.43383814991488134,0.02643525754265762,0.5957400562193235
commons-lang,42,mid,0.05,none,146,254,128,0.02925001945910336,0.46853785268285564,-0.013657372266868983,0.3359078897322777
commons-lang,42,mid,0.1,none,146,358,113,0.03455673710114755,0.4898736395779189,0.0039739591298762365,0.48931182548321034
commons-lang,42,mid,0.15,none,146,476,90,0.004163832551305677,0.44454035757859456,-0.0008527256610469987,0.46075770877753186
commons-lang,42,mid,0.2,none,146,602,71,0.01990263314531244,0.47751307311776126,-0.03083755102544834,0.3033870649130931
commons-lang,42,mid,0.25,none,146,704,46,0.021399066820724236,0.4994732637176178,0.00858903764187152,0.5272385411739159
commons-lang,42,mid,0.3,none,146,823,31,-0.0005430437696243716,0.4655717517781285,-0.04411684107148301,0.2238523648807111
commons-lang,42,fn_heavy,0.05,none,146,184,101,0.013890687693267123,0.4441038277148234,-0.026055264425258982,0.30954778943068717
commons-lang,42,fn_heavy,0.1,none,146,235,45,0.013921610601040748,0.44722524362339616,0.002416740414626958,0.46491720176711565
commons-lang,42,fn_heavy,0.15,none,146,279,0,-0.016840141793193784,0.4048368979217452,-0.014640966486995708,0.3913190436937812
commons-lang,42,fn_heavy,0.2,none,146,379,0,-0.006568897725046182,0.43304934018319224,0.0057171802720285825,0.4976876537353
commons-lang,42,fn_heavy,0.25,none,146,491,0,-0.01441420820988067,0.42182500644229937,-0.029727391349861458,0.31162509633918195
commons-lang,42,fn_heavy,0.3,none,146,587,0,-0.01781411037496335,0.4219681304987704,-0.04892479228108951,0.18880431292362945
commons-lang,77,symmetric,0.05,none,146,254,136,-0.008197005192381401,0.42563302137797265,-0.009150260647785102,0.4169968647943246
commons-lang,77,symmetric,0.1,none,146,399,128,0.0033938571572581914,0.4444588825378008,-0.010199908184201465,0.41692474251491907
commons-lang,77,symmetric,0.15,none,146,539,121,-0.0142662132673917,0.4405574115913095,-0.022035135950204045,0.3292168298224667
commons-lang,77,symmetric,0.2,none,146,690,114,0.022159318571396427,0.5029055996133694,0.009199062369598991,0.5168793742544969
commons-lang,77,symmetric,0.25,none,146,841,109,0.004072775944851428,0.48099865971260813,0.05675578510850031,0.6954866212757129
commons-lang,77,symmetric,0.3,none,146,964,100,0.0013802516904217375,0.472611571793304,0.02232723240148233,0.5783520482520415
commons-lang,77,fp_heavy,0.05,none,146,247,132,0.01878750425003921,0.4703713253310327,0.014022349016080465,0.5116644787152732
commons-lang,77,fp_heavy,0.1,none,146,388,124,-0.010564096453505999,0.43720946942087674,0.018844036822422888,0.5456813665925799
commons-lang,77,fp_heavy,0.15,none,146,525,114,-0.0034280993299182472,0.4581246412763196,-0.018726467493607478,0.3542875913160866
commons-lang,77,fp_heavy,0.2,none,146,669,107,0.0015777629089100214,0.4630655600383946,-0.02507531569032579,0.3295999944647379
commons-lang,77,fp_heavy,0.25,none,146,806,95,-0.04122354084659903,0.40604106797796324,0.004456822755516105,0.4949771060102586
commons-lang,77,fp_heavy,0.3,none,146,940,87,-0.010517915398913917,0.4611401757698767,0.018924351601833297,0.5633320806348731
commons-lang,77,mid,0.05,none,146,228,123,-0.003918969028293076,0.42664060262345027,0.0010864789892518084,0.43740921116209225
commons-lang,77,mid,0.1,none,146,342,103,-0.009102822956948075,0.4369501894111126,0.014601604014700358,0.5371166629646957
commons-lang,77,mid,0.15,none,146,451,84,0.0027025759034262687,0.46007451042036634,0.01655245548807906,0.5446647497121483
commons-lang,77,mid,0.2,none,146,578,64,0.002296752641854921,0.460789004944941,0.007271809011001364,0.5071373150221191
commons-lang,77,mid,0.25,none,146,689,41,-0.04788482127993764,0.3910124266252769,-0.02650967372178518,0.3189663545886977
commons-lang,77,mid,0.3,none,146,810,21,-0.0430231530847242,0.40072895852812385,-0.029793248452955952,0.3042332242646446
commons-lang,77,fn_heavy,0.05,none,146,168,90,-0.0031947959441874906,0.4197410439815101,-0.02405278650687929,0.26820830524769906
commons-lang,77,fn_heavy,0.1,none,146,200,37,-0.043170891791854564,0.3510438736020021,0.015033406045061794,0.5337735984136122
commons-lang,77,fn_heavy,0.15,none,146,273,0,-0.05425817691769197,0.3402486170702838,-0.011897644536172017,0.41979711143942255
commons-lang,77,fn_heavy,0.2,none,146,365,0,-0.017857481900640074,0.4131745067667551,-0.0019005686905272576,0.4522585986010707
commons-lang,77,fn_heavy,0.25,none,146,476,0,-0.03418429329734152,0.40938402702660937,-0.01673096476357058,0.3727531540489616
commons-lang,77,fn_heavy,0.3,none,146,582,0,-0.035287101968603324,0.40876261169237305,-0.025514357280430094,0.3350685513381792
commons-lang,101,symmetric,0.05,none,146,268,140,0.029790084950464122,0.4758794909369087,-0.00916222029484407,0.4399510726164524
commons-lang,101,symmetric,0.1,none,146,423,132,0.030757626705636275,0.5048615480420193,0.024478216582337953,0.5799766761158515
commons-lang,101,symmetric,0.15,none,146,565,126,0.019465805918563176,0.49432139421274246,0.003098489258878293,0.5037795776793498
commons-lang,101,symmetric,0.2,none,146,696,117,0.01883814481260608,0.49604548042260965,0.0006792965747505695,0.4935482720581741
commons-lang,101,symmetric,0.25,none,146,831,112,-0.0035689394783467447,0.4698935290007704,0.0006134178611714536,0.4973281366429293
commons-lang,101,symmetric,0.3,none,146,961,105,-0.011919520187416327,0.459880803882248,-0.00041839913261880625,0.4926849646650032
commons-lang,101,fp_heavy,0.05,none,146,264,136,0.025252899193112233,0.46771733030745744,-0.006853049805228187,0.4345828698702508
commons-lang,101,fp_heavy,0.1,none,146,415,126,0.013591547846795553,0.4749513690952979,-0.026741454624036314,0.3270495753488481
commons-lang,101,fp_heavy,0.15,none,146,549,117,0.03123211424529308,0.5063427259169282,0.0036071363336020973,0.5027575371488338
commons-lang,101,fp_heavy,0.2,none,146,676,112,0.015389403942046407,0.48727894571427965,0.007559249568425835,0.5198179248849072
commons-lang,101,fp_heavy,0.25,none,146,804,97,-0.007358229765253977,0.4546789760427916,-0.005088414047841129,0.47146073667025484
commons-lang,101,fp_heavy,0.3,none,146,919,81,-0.009050971516406275,0.4698054901338661,0.03677227339956536,0.6311780810306797
commons-lang,101,mid,0.05,none,146,245,126,0.006680136067516921,0.43864577190114895,0.004850189751524698,0.46715403399598737
commons-lang,101,mid,0.1,none,146,372,110,0.007121913086074509,0.460696186454716,-0.021401417050678495,0.3376713330502774
commons-lang,101,mid,0.15,none,146,476,79,0.0013209151628505473,0.47189504531662607,0.013507935055890562,0.5416798551086914
commons-lang,101,mid,0.2,none,146,591,63,0.012117748993934085,0.48704701243035803,0.003982173833432441,0.5082914893159787
commons-lang,101,mid,0.25,none,146,694,46,0.009851271935401173,0.48110112332742844,0.001708930327853448,0.4963535762352653
commons-lang,101,mid,0.3,none,146,799,21,-0.020270322157608135,0.43077549718171443,0.0004287523815352647,0.49496848779395997
commons-lang,101,fn_heavy,0.05,none,146,156,86,0.00884806772002167,0.43135999706787165,-0.029606529155869515,0.28470202781924414
commons-lang,101,fn_heavy,0.1,none,146,221,42,0.0383089440155492,0.5043208378522275,-0.007109647215128998,0.454908883468666
commons-lang,101,fn_heavy,0.15,none,146,293,0,0.008369584043056558,0.4737125184422095,-0.016510699409771856,0.3975892846423142
commons-lang,101,fn_heavy,0.2,none,146,392,0,-0.00612585783145666,0.45697767602280587,0.021865150636591082,0.5787227847573116
commons-lang,101,fn_heavy,0.25,none,146,487,0,0.0010584204375639426,0.46439594352726116,-0.0017499217892551462,0.4826033405858491
commons-lang,101,fn_heavy,0.3,none,146,587,0,-0.01268297273646493,0.44729310669110006,-0.0006981713391561789,0.48388103939857585
commons-lang,123,symmetric,0.05,none,146,275,140,0.026635331683596466,0.4611738737746919,-0.018662587894189,0.31961888261826765
commons-lang,123,symmetric,0.1,none,146,399,128,0.021346176893417532,0.46808345899534815,-0.044580484799158264,0.2214877930368454
commons-lang,123,symmetric,0.15,none,146,524,118,0.02953123416821757,0.49988389306869574,-0.041011888112367605,0.26471601500414565
commons-lang,123,symmetric,0.2,none,146,671,114,0.03853608384018031,0.5221293674927351,-0.01997405177850194,0.38633534492304
commons-lang,123,symmetric,0.25,none,146,828,109,0.02345159086614476,0.49869685400831687,-0.020584948560878027,0.38711274737550877
commons-lang,123,symmetric,0.3,none,146,973,100,0.035333556224416175,0.5177126580809458,0.010670028735848469,0.535199472112303
commons-lang,123,fp_heavy,0.05,none,146,270,137,0.03301691626329696,0.4755600317191624,-0.011123408630635628,0.3736016525401051
commons-lang,123,fp_heavy,0.1,none,146,387,122,0.00171016343069973,0.4420096171344503,-0.03921509886217819,0.23935299636936144
commons-lang,123,fp_heavy,0.15,none,146,516,114,0.035835997425328794,0.504209768204956,-0.04802556756823728,0.21955662020934455
commons-lang,123,fp_heavy,0.2,none,146,649,105,0.04772452494583238,0.5231374474892676,-0.044563926363649094,0.25620074525261427
commons-lang,123,fp_heavy,0.25,none,146,800,97,0.027306313124717707,0.5050647043702189,-0.0245567137659821,0.36792553148802193
commons-lang,123,fp_heavy,0.3,none,146,947,89,0.032793055231934376,0.5198008464664416,0.012605567697645995,0.5441837521663319
commons-lang,123,mid,0.05,none,146,243,119,0.012804108069606569,0.4529154641266978,-0.020667199372171628,0.31256497466804256
commons-lang,123,mid,0.1,none,146,340,103,0.014954920229141846,0.460995278889044,-0.03528873709210176,0.21483042563335386
commons-lang,123,mid,0.15,none,146,443,81,0.0055498755982706606,0.4525584102671573,-0.04279544345743433,0.25806635337078376
commons-lang,123,mid,0.2,none,146,565,55,0.02327399439889267,0.5000855740789736,0.00011370876334468705,0.49784557546054
commons-lang,123,mid,0.25,none,146,664,32,0.030560157573011972,0.5079470669462677,-0.02297961896032076,0.3752220086155254
commons-lang,123,mid,0.3,none,146,796,17,0.031345404879688864,0.514672471817307,0.013107786038335453,0.544511244860291
commons-lang,123,fn_heavy,0.05,none,146,186,95,0.032484689421763975,0.46682444156585434,-0.015546503167562292,0.36939031047023546
commons-lang,123,fn_heavy,0.1,none,146,206,28,-0.01587602698797318,0.4110504226355708,-0.006879064059969316,0.42275117427483877
commons-lang,123,fn_heavy,0.15,none,146,271,0,-0.011510261340100442,0.41646788974018556,-0.03540350726893583,0.24128338813124992
commons-lang,123,fn_heavy,0.2,none,146,356,0,-0.0035567094497103674,0.4391930642294136,-0.03550173367756206,0.2969588474783075
commons-lang,123,fn_heavy,0.25,none,146,471,0,-0.013395193960962377,0.4392639766262372,-0.003074385975446722,0.48098093880666987
commons-lang,123,fn_heavy,0.3,none,146,559,0,0.01693971106902085,0.4772914952648122,-0.04119133249335982,0.26652715159124674
commons-lang,202,symmetric,0.05,none,146,274,141,0.05305578387829052,0.517288654361441,-0.02401954710833924,0.35133918914188217
commons-lang,202,symmetric,0.1,none,146,396,135,0.02782123995361026,0.49198977598131594,-0.03169717676826985,0.334574755315165
commons-lang,202,symmetric,0.15,none,146,531,129,-0.011286246036279235,0.43721915907262615,0.005250258491622999,0.5087681042179726
commons-lang,202,symmetric,0.2,none,146,658,121,-0.007422402442889289,0.4462035930772627,0.013434490509334358,0.5458990790153918
commons-lang,202,symmetric,0.25,none,146,802,117,0.051210317015481586,0.5311217129869696,0.06743977799521227,0.7294516686817135
commons-lang,202,symmetric,0.3,none,146,922,104,0.033977445195336464,0.522089619299593,0.042392715787681834,0.6500372492718234
commons-lang,202,fp_heavy,0.05,none,146,270,140,0.04703095406540288,0.5055767847480428,-0.03206494275944236,0.2928568226380853
commons-lang,202,fp_heavy,0.1,none,146,386,132,0.03434747864137491,0.49679241600843327,-0.03550285647528571,0.2985727160014758
commons-lang,202,fp_heavy,0.15,none,146,512,121,-0.01050578079928855,0.4277360922655483,-0.022760927832187833,0.37383410522409055
commons-lang,202,fp_heavy,0.2,none,146,641,112,0.018702674577019626,0.49564932107890713,0.05644044771670893,0.6965080706003605
commons-lang,202,fp_heavy,0.25,none,146,771,95,0.024696218254499608,0.5074254823261171,0.05989242322418736,0.7072511033758003
commons-lang,202,fp_heavy,0.3,none,146,890,90,0.022103503649644977,0.5087213446451424,0.038975714383167125,0.6390124920802814
commons-lang,202,mid,0.05,none,146,256,131,0.04048174480417436,0.5000072154494866,-0.03199841482296806,0.29094242811714094
commons-lang,202,mid,0.1,none,146,345,111,0.03465772246795683,0.5047057640327971,-0.005874564757976345,0.46647157966912545
commons-lang,202,mid,0.15,none,146,447,86,0.0031176676327730433,0.452404459940611,0.0037716068487230543,0.5089681118427931
commons-lang,202,mid,0.2,none,146,562,71,-0.018358487379904847,0.4273534568194234,0.004869683457501793,0.5130210483853465
commons-lang,202,mid,0.25,none,146,668,47,0.012577989707497746,0.4818822153212149,-0.03304330980503126,0.31503897013465554
commons-lang,202,mid,0.3,none,146,760,25,0.00843262798141082,0.47356679553618475,0.011773861981859635,0.5365243847523807
commons-lang,202,fn_heavy,0.05,none,146,188,92,0.012719216567126785,0.4312423316218155,-0.03449371793800298,0.23870811107033535
commons-lang,202,fn_heavy,0.1,none,146,216,39,0.031233819371574385,0.49803007386815823,0.0061006560674464515,0.510678817066572
commons-lang,202,fn_heavy,0.15,none,146,262,0,0.009296018134692791,0.45848591522508514,-0.0031218158541976675,0.48028204624257514
commons-lang,202,fn_heavy,0.2,none,146,358,0,-0.008187514894113797,0.43552728982615774,0.008622042418573945,0.5249383870997408
commons-lang,202,fn_heavy,0.25,none,146,447,0,0.013518362596760198,0.48476514532286397,0.019202943050614187,0.5690259531545354
commons-lang,202,fn_heavy,0.3,none,146,541,0,0.010016611760352111,0.4865290708636042,0.06675866640363472,0.7278756842859003
commons-lang,314,symmetric,0.05,none,146,290,137,0.0003458617396326871,0.4248594825453472,-0.01935281913533373,0.3414969153962198
commons-lang,314,symmetric,0.1,none,146,433,134,-0.013916890304332047,0.42036353904112767,-0.020391691970842073,0.3719126117764071
commons-lang,314,symmetric,0.15,none,146,565,128,0.011777891049279366,0.4737236028119769,-0.033364698546695916,0.3049175347895041
commons-lang,314,symmetric,0.2,none,146,703,119,0.021057272758118868,0.49464820455169706,-0.03199509840867154,0.33396549625137545
commons-lang,314,symmetric,0.25,none,146,834,113,0.035733638440595517,0.5145459105879261,0.005875430130709,0.5194229777456985
commons-lang,314,symmetric,0.3,none,146,990,104,-0.0018079678598754132,0.44757539933435425,-0.04262712141505387,0.27133554373995655
commons-lang,314,fp_heavy,0.05,none,146,284,136,-0.006015602338148208,0.4182120998859904,-0.020578602623917332,0.3380443890381078
commons-lang,314,fp_heavy,0.1,none,146,422,128,0.007359905895697966,0.4437837816618019,-0.030734845174317706,0.31856313755353516
commons-lang,314,fp_heavy,0.15,none,146,552,119,-0.00881142550336775,0.443529232206967,-0.04266553600552221,0.23340318125249682
commons-lang,314,fp_heavy,0.2,none,146,682,112,0.004275514794458493,0.47187101047747293,-0.03357068091191145,0.3193241622752929
commons-lang,314,fp_heavy,0.25,none,146,812,96,-0.003695997960619503,0.4646258301315147,-0.029093229789290413,0.35458947831179843
commons-lang,314,fp_heavy,0.3,none,146,956,86,0.007489397861682839,0.4725342249303337,0.0031382904013355223,0.508661119823609
commons-lang,314,mid,0.05,none,146,269,128,0.015074982368562261,0.4400241607178712,-0.02054388569107105,0.3451170250819708
commons-lang,314,mid,0.1,none,146,387,108,0.018122240387809508,0.45674811336335447,-0.028302517916639396,0.29312229232029735
commons-lang,314,mid,0.15,none,146,481,84,-0.015606804477920318,0.4305525037706548,-0.04148219342642926,0.23014738812172808
commons-lang,314,mid,0.2,none,146,593,68,-0.0020120920167480904,0.45995025149036495,-0.028190075286775505,0.3501120663825828
commons-lang,314,mid,0.25,none,146,717,47,-0.013432939784734508,0.44253942816286457,-0.05004859526134851,0.20297179613966812
commons-lang,314,mid,0.3,none,146,817,23,0.010849358302779496,0.4702517363709577,-0.016833829714935238,0.4231306934539679
commons-lang,314,fn_heavy,0.05,none,146,197,93,0.01400990763389953,0.4504378315123031,0.008826826950571071,0.5247401348430177
commons-lang,314,fn_heavy,0.1,none,146,248,45,0.011741997880197044,0.4588084086103449,0.030997839833135653,0.6059130171491927
commons-lang,314,fn_heavy,0.15,none,146,300,0,0.017393956295659114,0.4625712084419555,-0.029324733759404756,0.3125539734779655
commons-lang,314,fn_heavy,0.2,none,146,390,0,-0.02683032816310114,0.4066943245397904,-0.03850015084768062,0.2564506569389096
commons-lang,314,fn_heavy,0.25,none,146,487,0,-0.02357436986013085,0.41930747077930475,-0.04768930694006042,0.22668006282657002
commons-lang,314,fn_heavy,0.3,none,146,586,0,-0.018864620120799865,0.4422725151514401,-0.020951721301205033,0.38751541327733613
commons-lang,999,symmetric,0.05,none,146,270,140,0.0008030690941327963,0.41908581277863444,-0.037133793264307345,0.16762788843583395
commons-lang,999,symmetric,0.1,none,146,417,136,0.003038723968275034,0.45472997769076356,-0.000707459802638402,0.45925950992043274
commons-lang,999,symmetric,0.15,none,146,550,127,2.2981271102876577e-05,0.4676793902528817,-0.0007362671775412089,0.4743823851083821
commons-lang,999,symmetric,0.2,none,146,682,118,0.025597470694403684,0.5057058486591872,-0.02530966740765009,0.33362414591054707
commons-lang,999,symmetric,0.25,none,146,804,112,0.004297881128242896,0.47388155987209096,-0.04017200624158808,0.2692771159033138
commons-lang,999,symmetric,0.3,none,146,960,101,0.018207870001787946,0.4980713113137189,-0.002023342580696993,0.4876277528668506
commons-lang,999,fp_heavy,0.05,none,146,264,136,0.01379772752347655,0.43623496163349235,-0.02440607935114262,0.24157010262887926
commons-lang,999,fp_heavy,0.1,none,146,407,129,-0.012283900044333232,0.420745243163916,-0.040213075368506046,0.20295718312253896
commons-lang,999,fp_heavy,0.15,none,146,532,118,0.013872608536567256,0.48392414473919043,-0.016991115459165557,0.37810200720317527
commons-lang,999,fp_heavy,0.2,none,146,652,106,0.017344315224713077,0.47885644984039893,-0.02491747301888189,0.3340932530899804
commons-lang,999,fp_heavy,0.25,none,146,778,97,0.00677205022558066,0.4698738935689179,-0.03687330981637644,0.2950583433452742
commons-lang,999,fp_heavy,0.3,none,146,931,85,0.002000382124818045,0.4743788510330853,-0.0029655698716989044,0.47637792335435664
commons-lang,999,mid,0.05,none,146,249,129,0.010512389333035407,0.4300211135179339,-0.03131892799170961,0.21236920475154195
commons-lang,999,mid,0.1,none,146,361,105,-0.009627775506299122,0.42732759841032897,-0.010550417614848068,0.43364477971324084
commons-lang,999,mid,0.15,none,146,461,82,0.009586865813003278,0.48633832781981307,0.002660625564268967,0.4900019038923196
commons-lang,999,mid,0.2,none,146,570,65,-0.01701776843528253,0.4248707588829171,-0.026494047251725023,0.31507880970945695
commons-lang,999,mid,0.25,none,146,679,47,-0.012993922373808248,0.44481002925851404,-0.042655370345156964,0.22312710402312175
commons-lang,999,mid,0.3,none,146,793,27,-0.030841990172693175,0.4169477929020571,-0.03902082969530709,0.2634995736810264
commons-lang,999,fn_heavy,0.05,none,146,177,93,0.022557542755351476,0.44562828521170333,-0.03162586235333851,0.2286970465975968
commons-lang,999,fn_heavy,0.1,none,146,218,39,-0.030036573029632526,0.37796991623015963,-0.04782578436523085,0.1702842223660432
commons-lang,999,fn_heavy,0.15,none,146,282,0,-0.03360576721106018,0.38981193870777,-0.03891962745276368,0.19603959937957757
commons-lang,999,fn_heavy,0.2,none,146,371,0,-0.0017640746614001766,0.4580274775517649,0.004482261628049019,0.4988694073690525
commons-lang,999,fn_heavy,0.25,none,146,464,0,0.0012198973897974484,0.45630868934483015,0.007284734182076926,0.5071599225902507
commons-lang,999,fn_heavy,0.3,none,146,565,0,-0.003281064456215982,0.4667641755620772,0.006580500278542635,0.5085246855680868
commons-math,7,symmetric,0.05,none,335,496,322,0.11729183828552872,0.570656937210081,0.17106673270747177,0.7457900716621944
commons-math,7,symmetric,0.1,none,335,670,305,0.06920900826723696,0.5215917211382736,0.15081375652594778,0.7254658984703565
commons-math,7,symmetric,0.15,none,335,820,287,0.035375992347286944,0.4929425746312319,0.17940446156667883,0.7682175909257388
commons-math,7,symmetric,0.2,none,335,985,268,0.03230920843873033,0.49317640326140966,0.18716106184534662,0.7796742317893934
commons-math,7,symmetric,0.25,none,335,1166,257,0.014820543868149513,0.4875770313762274,0.14606280903800778,0.7201579124877898
commons-math,7,symmetric,0.3,none,335,1350,237,0.017924392918967448,0.49220092600748416,0.11442732939500745,0.6781681890742138
commons-math,7,fp_heavy,0.05,none,335,487,318,0.10150808591254545,0.5595192847361705,0.10312018676099344,0.6368123897757272
commons-math,7,fp_heavy,0.1,none,335,649,295,0.0646139986591859,0.5183392695563616,0.140007296414111,0.7029341402644184
commons-math,7,fp_heavy,0.15,none,335,790,268,0.045894333384094,0.5001544912869598,0.20960203962551155,0.8079453184532828
commons-math,7,fp_heavy,0.2,none,335,938,253,0.03177854643850113,0.4952712827629454,0.11889276893620408,0.6847267622880356
commons-math,7,fp_heavy,0.25,none,335,1099,224,0.028501400927828182,0.49372676296683987,0.15837288015771153,0.7333086780015703
commons-math,7,fp_heavy,0.3,none,335,1275,200,0.01305839317087302,0.4861875667243948,0.04506459869610046,0.5714082624033715
commons-math,7,mid,0.05,none,335,447,295,0.12158350835839274,0.5577433738738875,0.02361877810463152,0.49554706865702863
commons-math,7,mid,0.1,none,335,555,254,0.07093631549086465,0.5286927908989673,0.15796210509381844,0.7316128003384702
commons-math,7,mid,0.15,none,335,665,201,0.03453177138701913,0.49091798393131314,0.14594521059968293,0.7173863271327291
commons-math,7,mid,0.2,none,335,746,148,0.006289857528343456,0.4690491976396612,0.17055778205679129,0.7556628573681382
commons-math,7,mid,0.25,none,335,879,114,0.019645128198482204,0.495712940393409,0.1752060174189486,0.7619987751598564
commons-math,7,mid,0.3,none,335,992,61,-0.004796645994445651,0.4680229124756126,0.10485330796899721,0.6640584868886318
commons-math,7,fn_heavy,0.05,none,335,340,237,0.07353072346770506,0.5063616663738052,0.05519634605797063,0.5807523961641547
commons-math,7,fn_heavy,0.1,none,335,319,130,0.08329509918168325,0.5391948412246872,0.010991867673474301,0.4564107649416278
commons-math,7,fn_heavy,0.15,none,335,318,31,-0.00819680607367906,0.44105362824662586,0.07425984344269783,0.5838699486695678
commons-math,7,fn_heavy,0.2,none,335,400,0,-0.007680134211620073,0.44721254403042465,0.07871186215428798,0.6102207136811946
commons-math,7,fn_heavy,0.25,none,335,491,0,-0.018896243202377677,0.438942929136144,0.12449942969958235,0.6916517176221391
commons-math,7,fn_heavy,0.3,none,335,576,0,-0.04013002285070053,0.42381888233531884,0.049463147121316636,0.5771382262445748
commons-math,13,symmetric,0.05,none,335,504,316,0.06520122474315676,0.5147304951433498,0.0701895348614679,0.6043322720571426
commons-math,13,symmetric,0.1,none,335,680,297,0.08284802325952066,0.5435032233922525,0.07810484282705255,0.6160150264369972
commons-math,13,symmetric,0.15,none,335,828,281,0.03266529415503868,0.47172562111295174,-0.0939187255289957,0.28661558331872483
commons-math,13,symmetric,0.2,none,335,973,263,0.04606279344080839,0.5153777023611574,-0.08431691999420862,0.304277796704467
commons-math,13,symmetric,0.25,none,335,1134,246,0.0260063474324646,0.4904809091080978,0.032276175079273904,0.5521419937317141
commons-math,13,symmetric,0.3,none,335,1308,235,0.044701348398062106,0.5109696075586178,-0.08612303043811746,0.30186842809664666
commons-math,13,fp_heavy,0.05,none,335,497,314,0.07142123944816633,0.5184020448031401,-0.046266665395879904,0.3271442202574899
commons-math,13,fp_heavy,0.1,none,335,659,285,0.062251075039070576,0.5225359706353808,0.0066781574798662376,0.4880979675331534
commons-math,13,fp_heavy,0.15,none,335,793,263,0.04014602968239896,0.4799591676103575,0.04511767631451802,0.5720369330358854
commons-math,13,fp_heavy,0.2,none,335,928,240,0.04605654595565923,0.5136587362212832,-0.08268809649927178,0.29727618844182524
commons-math,13,fp_heavy,0.25,none,335,1079,222,0.05492951587522769,0.5302629667850537,-0.02523197784565034,0.4493335514563235
commons-math,13,fp_heavy,0.3,none,335,1248,208,0.03506018344739777,0.48109352241336745,-0.02428762248832881,0.4503195393176467
commons-math,13,mid,0.05,none,335,449,285,0.0840140967854967,0.5253445076366766,-0.059906710757714296,0.31056378272310875
commons-math,13,mid,0.1,none,335,560,240,0.05656636871762436,0.5051927956859138,-0.07210951565077585,0.314688811220819
commons-math,13,mid,0.15,none,335,696,208,0.024580041863411665,0.46457984376016387,-0.08542805893223492,0.2906948018396953
commons-math,13,mid,0.2,none,335,771,163,0.016582550754872912,0.4823010702819734,-0.07685738403188125,0.30834855447754395
commons-math,13,mid,0.25,none,335,875,113,0.01703957976353959,0.47946411682862433,-0.09050928508803548,0.2820279536344837
commons-math,13,mid,0.3,none,335,983,66,0.005401575962712347,0.4792145982216034,-0.02997370815908642,0.43740096869802486
commons-math,13,fn_heavy,0.05,none,335,334,235,0.10156202286749974,0.5389474018450668,-0.08261988907069924,0.28512205345770514
commons-math,13,fn_heavy,0.1,none,335,337,135,0.052040578638026545,0.49859825663495855,0.02072927214886519,0.5026935729196194
commons-math,13,fn_heavy,0.15,none,335,337,29,-0.019160910566335097,0.4184490829059004,0.04175335251799892,0.5652856937565864
commons-math,13,fn_heavy,0.2,none,335,414,0,-0.014756654586557586,0.43967536068282487,-0.0969866113309625,0.2725446679663364
commons-math,13,fn_heavy,0.25,none,335,509,0,-0.017742128161103665,0.43850217464341473,-0.071271097997963,0.29529809259807976
commons-math,13,fn_heavy,0.3,none,335,595,0,-0.034652900266849015,0.4163939245175007,-0.09747827675444343,0.2686810031253233
commons-math,21,symmetric,0.05,none,335,513,320,0.09626770492347506,0.5444883809226795,-0.03895656829175838,0.4088729850950895
commons-math,21,symmetric,0.1,none,335,683,304,0.06936027731025288,0.5155838337588128,0.10673011040204022,0.6642203341371757
commons-math,21,symmetric,0.15,none,335,838,287,0.05359208555507881,0.5114171939883805,0.1418994208450364,0.7165558117411839
commons-math,21,symmetric,0.2,none,335,986,270,0.06262881759591535,0.5190087617397309,0.0730042375732142,0.6155268960259537
commons-math,21,symmetric,0.25,none,335,1142,250,0.05285012213210413,0.5143889842493202,0.07604180733636548,0.6203770706090903
commons-math,21,symmetric,0.3,none,335,1322,235,0.044811863984202345,0.505007318449202,-0.06074337027718199,0.3773316061181552
commons-math,21,fp_heavy,0.05,none,335,503,315,0.10164787422802864,0.5476245432711754,0.027192435283139117,0.538495178354019
commons-math,21,fp_heavy,0.1,none,335,668,296,0.08731675788590122,0.5370194257234531,0.03635668776515262,0.5511681926054318
commons-math,21,fp_heavy,0.15,none,335,809,270,0.06230716430214319,0.5180923184690052,0.12812144954298424,0.6925757930063975
commons-math,21,fp_heavy,0.2,none,335,946,247,0.056011539343148176,0.5147927781988471,0.0749177255898813,0.6189329149154488
commons-math,21,fp_heavy,0.25,none,335,1099,229,0.024676324284142376,0.48456890228981264,0.06037450661776768,0.5951436334842205
commons-math,21,fp_heavy,0.3,none,335,1266,210,0.034582963077948545,0.49133109357139576,-0.008671432960132197,0.48330631902807614
commons-math,21,mid,0.05,none,335,464,296,0.09549752373735432,0.5420349631058693,0.041455479136029545,0.5525198959308684
commons-math,21,mid,0.1,none,335,577,248,0.07084154910576893,0.5174794598039081,0.0971714264268915,0.6526554218956537
commons-math,21,mid,0.15,none,335,680,211,0.07501605609588337,0.5344868059816921,0.025167777441741795,0.5354286573935408
commons-math,21,mid,0.2,none,335,779,161,0.020802689492445223,0.474213027157212,0.07348679408435213,0.6169331224492876
commons-math,21,mid,0.25,none,335,893,126,0.019849767451609518,0.4759643016439803,0.07399944905233417,0.6176932194826747
commons-math,21,mid,0.3,none,335,987,76,0.005670791116940253,0.46922345833771606,0.10464583362555109,0.6637081262526923
commons-math,21,fn_heavy,0.05,none,335,339,235,0.09262426354572838,0.5235383734193277,-0.030851432264387958,0.40845152262577283
commons-math,21,fn_heavy,0.1,none,335,357,143,0.05851704060067591,0.5080611081407035,0.021860547357974797,0.5308894755490219
commons-math,21,fn_heavy,0.15,none,335,356,38,-0.00460299879431756,0.4362063760347157,-0.046110085377045966,0.384692326697421
commons-math,21,fn_heavy,0.2,none,335,411,0,-0.004863860866475698,0.44972511274564747,0.10309689465780435,0.6584377342900029
commons-math,21,fn_heavy,0.25,none,335,507,0,-0.01263759654751154,0.4308518403751288,0.022821990258212424,0.5275373428696165
commons-math,21,fn_heavy,0.3,none,335,598,0,-0.014073932723987574,0.43578924307020833,0.07182169449063847,0.6141276630056544
commons-math,42,symmetric,0.05,none,335,487,313,0.10492695729410081,0.5520301551092315,0.05515040016514963,0.5773682220238902
commons-math,42,symmetric,0.1,none,335,673,300,0.06718335483025552,0.5208733340352055,-0.022854550576525356,0.4115609657995861
commons-math,42,symmetric,0.15,none,335,834,277,0.05955828058069258,0.5133744573577917,-0.044214692036749825,0.39295749970083127
commons-math,42,symmetric,0.2,none,335,1023,263,0.030727065109400646,0.49869987771827495,-0.04189627300288087,0.3970794196095051
commons-math,42,symmetric,0.25,none,335,1181,240,0.0010507242391611649,0.46377528732621653,0.00018073572620833946,0.49367878178525954
commons-math,42,symmetric,0.3,none,335,1349,226,0.019219429287863857,0.49371760619507116,0.06709742489641411,0.6069771002913894
commons-math,42,fp_heavy,0.05,none,335,475,308,0.09443452868001072,0.5448503765105152,0.054018558102399535,0.5759795894761456
commons-math,42,fp_heavy,0.1,none,335,645,284,0.06685199377071967,0.5183596116424798,-0.021132455247858156,0.4175620619175442
commons-math,42,fp_heavy,0.15,none,335,806,263,0.058893701150095644,0.5090606697874982,-0.052127635282061144,0.3776082729802251
commons-math,42,fp_heavy,0.2,none,335,972,237,0.036496247918509105,0.5065821915743154,-0.049762819332306196,0.3829064360940307
commons-math,42,fp_heavy,0.25,none,335,1116,209,0.027014958504550903,0.4935116014510991,0.06483087069339145,0.6034849674658579
commons-math,42,fp_heavy,0.3,none,335,1293,197,0.0032118866703926903,0.46632389045545697,-0.0569862466346642,0.37539986988661217
commons-math,42,mid,0.05,none,335,432,284,0.10504128781194377,0.5498913140038435,0.09053242220506254,0.6425805636964831
commons-math,42,mid,0.1,none,335,538,238,0.058757760874510644,0.5168869618505173,0.039275462800780384,0.5447664470399339
commons-math,42,mid,0.15,none,335,668,198,0.04120995673574846,0.48899788087599666,-0.04297750040569723,0.3792570133007332
commons-math,42,mid,0.2,none,335,786,144,0.006878309853367582,0.46774796161208987,-0.05365444480782369,0.3710623202392258
commons-math,42,mid,0.25,none,335,915,109,0.015157465738212774,0.46844987644942704,0.014355597190215511,0.5167515320352195
commons-math,42,mid,0.3,none,335,1025,63,-0.006289911314189571,0.45441909193881563,0.0005040634196744276,0.496586315379502
commons-math,42,fn_heavy,0.05,none,335,314,226,0.07251752246183774,0.5174467570944881,-0.020564588634268296,0.4438276258753513
commons-math,42,fn_heavy,0.1,none,335,315,120,0.06030309415128535,0.5012624585956668,-0.10421507396272844,0.17117800736183242
commons-math,42,fn_heavy,0.15,none,335,317,28,-0.013034385856046401,0.4302015398960175,-0.02543233735759549,0.40005536386630186
commons-math,42,fn_heavy,0.2,none,335,406,0,-0.026252108048811288,0.41689980600276183,-0.04030179850043695,0.39005681505209255
commons-math,42,fn_heavy,0.25,none,335,500,0,-0.028677149256976012,0.42112430257085787,-0.10049536529282252,0.1603987848201912
commons-math,42,fn_heavy,0.3,none,335,616,0,-0.03384539091607003,0.42038468749564123,-0.03992257843754554,0.38580179917810586
commons-math,77,symmetric,0.05,none,335,501,327,0.10635835725439365,0.5532971199998189,0.06413885534981288,0.5992360179979805
commons-math,77,symmetric,0.1,none,335,674,305,0.0787271423193268,0.5407026175086734,0.021758073862500612,0.5352228741759181
commons-math,77,symmetric,0.15,none,335,850,289,0.025939541060214306,0.48211749932868825,-0.06094130999901899,0.35617207378579135
commons-math,77,symmetric,0.2,none,335,1021,269,0.03186881968546576,0.500984023679647,0.10643366912890286,0.6665421362158866
commons-math,77,symmetric,0.25,none,335,1206,249,0.026324549912925255,0.4991943548179112,0.10070953006508018,0.6578825400581572
commons-math,77,symmetric,0.3,none,335,1367,232,0.04675452471946836,0.5168433967649468,0.08681730388367782,0.6352558946800662
commons-math,77,fp_heavy,0.05,none,335,486,321,0.1335645383478541,0.5894863539182388,0.13794326432566714,0.7112872407903393
commons-math,77,fp_heavy,0.1,none,335,650,294,0.08300077565234834,0.543380772964692,0.0272934119491714,0.5439747711965144
commons-math,77,fp_heavy,0.15,none,335,813,269,0.04087563068088949,0.5058422084048186,-0.016630494816622717,0.4567076885635581
commons-math,77,fp_heavy,0.2,none,335,972,244,0.045036919185199614,0.5109807267271496,0.0988085078943093,0.6552831874873473
commons-math,77,fp_heavy,0.25,none,335,1142,225,0.035287490732819386,0.5031454259158761,0.11371836462481767,0.6772953208749946
commons-math,77,fp_heavy,0.3,none,335,1314,204,0.03522016845145871,0.5091798317530603,0.041766222103574335,0.5647611385820306
commons-math,77,mid,0.05,none,335,437,294,0.1055343586366454,0.5491519007884946,0.10712772278093233,0.6667599969386903
commons-math,77,mid,0.1,none,335,551,246,0.0656665089509888,0.5224974423415167,-0.018880057651206896,0.44619038906033565
commons-math,77,mid,0.15,none,335,672,204,0.04794333222690119,0.5099848810061278,0.04304730759243007,0.5668998280511942
commons-math,77,mid,0.2,none,335,801,164,0.027628373769326996,0.49512165891716464,0.036451298429662375,0.5567191316530209
commons-math,77,mid,0.25,none,335,922,118,0.008113638150237044,0.47894604124574225,0.1122022731086562,0.6750399786710942
commons-math,77,mid,0.3,none,335,1047,70,-0.004742394265417161,0.46784994413786796,0.0442867544688602,0.5679886237975336
commons-math,77,fn_heavy,0.05,none,335,324,232,0.10344190104372722,0.5502009934637584,0.04536630792379979,0.5726778008110097
commons-math,77,fn_heavy,0.1,none,335,327,140,0.0420684455557105,0.4777176670147122,0.048302415838100195,0.5618837240253709
commons-math,77,fn_heavy,0.15,none,335,327,33,0.007384746967472657,0.4546218691838405,0.013152636129653223,0.5212400951450185
commons-math,77,fn_heavy,0.2,none,335,394,0,-0.028646345043074964,0.41518727281650464,0.09291329870611648,0.6441646178391296
commons-math,77,fn_heavy,0.25,none,335,501,0,-0.008928441248339036,0.44543011043188174,0.0344929257652205,0.5545497697251754
commons-math,77,fn_heavy,0.3,none,335,617,0,0.004495030919499048,0.46966077459004607,0.11491625588126439,0.679045213945142
commons-math,101,symmetric,0.05,none,335,496,320,0.10385292979020097,0.5468036776412694,-0.014425903440708078,0.4555201678530893
commons-math,101,symmetric,0.1,none,335,689,308,0.07746406672759587,0.5243446435234778,-0.108649228249797,0.17088053549475984
commons-math,101,symmetric,0.15,none,335,863,290,0.04066445319580352,0.49921655677663324,-0.03653058150491647,0.39880027041448285
commons-math,101,symmetric,0.2,none,335,1024,271,0.08647832031210718,0.5501953492935375,-0.038322229682367384,0.4064674845549227
commons-math,101,symmetric,0.25,none,335,1188,254,0.03571238616355554,0.5009450020341005,-0.04683907858374542,0.38411979733792206
commons-math,101,symmetric,0.3,none,335,1355,238,0.05652098984140536,0.5368252344434389,-0.03254205485966212,0.4346367665001172
commons-math,101,fp_heavy,0.05,none,335,486,316,0.09873164478283042,0.5397214859515649,-0.011012052719319744,0.45842306238280695
commons-math,101,fp_heavy,0.1,none,335,668,294,0.0525677061043111,0.49345396383944506,-0.02426029786793798,0.4140364385800967
commons-math,101,fp_heavy,0.15,none,335,827,272,0.05818741452405792,0.5212959404580023,-0.008762260068892283,0.4626166038876773
commons-math,101,fp_heavy,0.2,none,335,982,250,0.05806654849957703,0.5195829026750701,-0.04064287182649365,0.3928928275601173
commons-math,101,fp_heavy,0.25,none,335,1131,223,0.031227361978888375,0.49944777666525064,0.023769556238097195,0.530807747147762
commons-math,101,fp_heavy,0.3,none,335,1275,201,0.052462540410435556,0.5104023772105779,0.018725749865431067,0.5246651149364593
commons-math,101,mid,0.05,none,335,440,294,0.09427136461039524,0.5302625664002322,-0.011204598516480408,0.4592609399983757
commons-math,101,mid,0.1,none,335,571,251,0.04532003330742147,0.48293051685797345,-0.03868002151959169,0.3925042984749052
commons-math,101,mid,0.15,none,335,698,202,0.05225800040117776,0.507338180362259,-0.01658086402020503,0.451407637710236
commons-math,101,mid,0.2,none,335,800,159,0.04339617627888858,0.5049639005676708,0.025628623692488434,0.5331043893349979
commons-math,101,mid,0.25,none,335,926,124,0.03698673660557429,0.5028990036162496,-0.044480290403393095,0.39164389107121944
commons-math,101,mid,0.3,none,335,1029,77,0.01441424628175239,0.48687635128723894,-0.04302116448884811,0.3964317063709488
commons-math,101,fn_heavy,0.05,none,335,306,238,0.10087583682295298,0.531675163765777,-0.047174471285133635,0.29856895071024825
commons-math,101,fn_heavy,0.1,none,335,331,138,0.04382653638899281,0.4737280216958877,-0.017979003756225354,0.4504536183177879
commons-math,101,fn_heavy,0.15,none,335,345,38,-0.014005872558324403,0.42502792691616725,-0.09419196101538116,0.19973589142912423
commons-math,101,fn_heavy,0.2,none,335,424,0,-0.0217893107268198,0.4040327641947571,-0.10686171399264811,0.16112475006512125
commons-math,101,fn_heavy,0.25,none,335,524,0,-0.03390665473264528,0.41012828276472796,-0.07673917342719125,0.2824998987546097
commons-math,101,fn_heavy,0.3,none,335,625,0,-0.016303161134338197,0.44245613333562367,-0.09292157580136383,0.19847801776721996
commons-math,123,symmetric,0.05,none,335,487,315,0.10368248990765992,0.5546713671384339,0.15025399399886502,0.7245513066339289
commons-math,123,symmetric,0.1,none,335,657,298,0.06412995788432094,0.5188548851556917,0.07656817833779991,0.6111557850937307
commons-math,123,symmetric,0.15,none,335,818,279,0.061878102545544815,0.5254561100895854,-0.07522688743748414,0.29251990521273996
commons-math,123,symmetric,0.2,none,335,991,262,0.06113096913034559,0.5302466684840338,-0.07589341269119597,0.29747928799512385
commons-math,123,symmetric,0.25,none,335,1166,249,0.0274414793708812,0.5014159526389831,-0.07234193943142611,0.30267612660227217
commons-math,123,symmetric,0.3,none,335,1331,227,0.031961506436541526,0.502927267844965,-0.07384829340283793,0.2904804156047467
commons-math,123,fp_heavy,0.05,none,335,477,308,0.09173016089914149,0.540462855621982,0.14703198139102325,0.7211422052148665
commons-math,123,fp_heavy,0.1,none,335,627,283,0.07445019207625672,0.5313974426274825,0.013631802417860153,0.49263575062629844
commons-math,123,fp_heavy,0.15,none,335,792,262,0.058091472783142625,0.5236325448504795,-0.061881847121887074,0.3043917532561432
commons-math,123,fp_heavy,0.2,none,335,940,240,0.03987310802796723,0.5080780671336643,-0.08118757700249976,0.28117429132907884
commons-math,123,fp_heavy,0.25,none,335,1109,221,0.039343729021517275,0.5069599802117212,-0.08469215575062505,0.2853933566984044
commons-math,123,fp_heavy,0.3,none,335,1264,194,0.03049668114837333,0.49876583996114365,-0.09583787058155582,0.18438291448623778
commons-math,123,mid,0.05,none,335,431,283,0.09018470468538134,0.5324166470514974,-0.022298550271731644,0.41928512301068305
commons-math,123,mid,0.1,none,335,536,240,0.06151389791386557,0.5125227392178379,0.0896014885032633,0.6296334108903682
commons-math,123,mid,0.15,none,335,649,195,0.07328968464733956,0.5247443184448823,-0.07875163844786778,0.2889524382086725
commons-math,123,mid,0.2,none,335,772,155,0.03832029923750197,0.49656155202483687,-0.10352522109800662,0.16772959419912656
commons-math,123,mid,0.25,none,335,875,112,0.021096759406598418,0.48576800972608886,-0.0989745849340679,0.19945466983994384
commons-math,123,mid,0.3,none,335,989,58,-0.005433066230745808,0.46290763826785253,-0.07966837320877096,0.28229806416870695
commons-math,123,fn_heavy,0.05,none,335,329,226,0.12494278700422756,0.5690542745990552,0.043256204886533596,0.553055714520395
commons-math,123,fn_heavy,0.1,none,335,317,128,0.045639879273382165,0.4889896380910986,0.08949829459153792,0.6222918037493169
commons-math,123,fn_heavy,0.15,none,335,314,30,-0.019524424806979936,0.41966954049787786,0.036138892721238824,0.50078578517053
commons-math,123,fn_heavy,0.2,none,335,385,0,-0.03053791820073403,0.4124983676594143,-0.016075449954413037,0.4485916278279071
commons-math,123,fn_heavy,0.25,none,335,486,0,-0.017108338627631843,0.4304632628685412,-0.08122638422207341,0.2744794934235709
commons-math,123,fn_heavy,0.3,none,335,602,0,-0.015733564478411753,0.4306784584486071,-0.07274045221692635,0.26990052735319997
commons-math,202,symmetric,0.05,none,335,493,320,0.08841787795632308,0.5273935650323497,-0.04054465458313397,0.39498957363980186
commons-math,202,symmetric,0.1,none,335,650,303,0.07662166827840167,0.531916482247446,0.06153512632703437,0.5952378944796298
commons-math,202,symmetric,0.15,none,335,826,289,0.06099401725593947,0.5143919152833045,0.013194648232363227,0.519155381972349
commons-math,202,symmetric,0.2,none,335,973,271,0.04950015543216627,0.5017228101590312,-0.029276778583986935,0.43546399279002873
commons-math,202,symmetric,0.25,none,335,1128,246,0.05182634564879974,0.5091935152728119,0.08466733075197104,0.6337348743159108
commons-math,202,symmetric,0.3,none,335,1297,226,0.02149245386644832,0.48347314584146284,0.035453994406529604,0.5568626436856601
commons-math,202,fp_heavy,0.05,none,335,481,312,0.09836675582494776,0.5417777607741731,0.02165549220593297,0.5294371204882963
commons-math,202,fp_heavy,0.1,none,335,630,295,0.06663462042874167,0.5193169557854885,0.04868032083317816,0.5777906956646236
commons-math,202,fp_heavy,0.15,none,335,790,271,0.04300556827697882,0.4987543497589347,-0.010354172090954374,0.46247491363937904
commons-math,202,fp_heavy,0.2,none,335,923,240,0.0404908998575702,0.48896998230633204,-0.05777758911210558,0.37692484897693024
commons-math,202,fp_heavy,0.25,none,335,1075,215,0.04050670280563792,0.5093267658077222,-0.05365914472397615,0.3848091082952475
commons-math,202,fp_heavy,0.3,none,335,1214,186,0.014217012707774746,0.4755346114958275,0.1022313616293513,0.6588768460018831
commons-math,202,mid,0.05,none,335,447,295,0.09777732418708555,0.5380410792969998,0.022574765275707225,0.5286548976012521
commons-math,202,mid,0.1,none,335,529,240,0.04417178732576797,0.5020643631088333,0.0010694326491162201,0.47808331727881376
commons-math,202,mid,0.15,none,335,631,187,0.033537206543896005,0.5000005557356394,0.054033398481289595,0.5835964054356426
commons-math,202,mid,0.2,none,335,749,153,0.020674859520933946,0.4808658198995235,0.03752008565116973,0.558990936739303
commons-math,202,mid,0.25,none,335,858,104,0.0006302309728561782,0.467272361211429,0.03606467242319133,0.557526569350475
commons-math,202,mid,0.3,none,335,955,55,-0.0191560177869035,0.4428665504662371,0.01294674489123967,0.5124956870580546
commons-math,202,fn_heavy,0.05,none,335,323,226,0.08850843452050362,0.5199646736607182,-0.09844032424251253,0.1603991241028853
commons-math,202,fn_heavy,0.1,none,335,310,122,0.046367184077306736,0.4910879022526405,-0.09228708974748896,0.194739710016234
commons-math,202,fn_heavy,0.15,none,335,301,24,-0.023007666366348323,0.4208720337903752,-0.09024122991335484,0.18584985127204745
commons-math,202,fn_heavy,0.2,none,335,366,0,-0.04531454689340794,0.39426248968513383,-0.00709765683891296,0.4563962334742466
commons-math,202,fn_heavy,0.25,none,335,488,0,-0.04352093406694073,0.3911670338991876,-0.08132774679326385,0.27953825947877053
commons-math,202,fn_heavy,0.3,none,335,576,0,-0.037245298692808855,0.41035271036741877,-0.04798559518405239,0.37377337221709833
commons-math,314,symmetric,0.05,none,335,506,316,0.09767471646553055,0.5416105011630556,-0.03288227673711547,0.43615027120683536
commons-math,314,symmetric,0.1,none,335,671,292,0.0924989167462665,0.5451432066645555,0.06562503827819739,0.5984008087369138
commons-math,314,symmetric,0.15,none,335,830,273,0.04402975323733372,0.4972399434602163,0.02742317202117803,0.5441134377092174
commons-math,314,symmetric,0.2,none,335,998,254,0.04032254249111323,0.5027325048212345,0.03500826177512905,0.5535677841783091
commons-math,314,symmetric,0.25,none,335,1151,236,0.029597593088014722,0.49985261188108465,0.03549449355800977,0.55584359530779
commons-math,314,symmetric,0.3,none,335,1356,219,0.023093834408086558,0.49234980844152676,0.09955062377711246,0.6560370647528027
commons-math,314,fp_heavy,0.05,none,335,491,308,0.07876766162746078,0.5260498779703425,0.05127455850191249,0.5817354396064998
commons-math,314,fp_heavy,0.1,none,335,642,275,0.08020720503511312,0.5306840579634111,0.05498115265203127,0.5831226301537112
commons-math,314,fp_heavy,0.15,none,335,796,255,0.05718790305532629,0.508905364363067,0.03708483476532015,0.556290056218369
commons-math,314,fp_heavy,0.2,none,335,952,234,0.04886308870743981,0.5172639188906061,-0.02750346193485474,0.43810439996047906
commons-math,314,fp_heavy,0.25,none,335,1105,205,0.04617325864819518,0.5133941642400611,-0.02651482639630287,0.44160418928762063
commons-math,314,fp_heavy,0.3,none,335,1288,182,0.017765651041081833,0.4887749810901254,0.04083765018339272,0.5635767440550745
commons-math,314,mid,0.05,none,335,437,275,0.07359211946540366,0.5169926455244152,0.02667827652469422,0.5377883503106219
commons-math,314,mid,0.1,none,335,562,235,0.07010988024923726,0.5195638601210469,0.04332616561128604,0.5683805775781765
commons-math,314,mid,0.15,none,335,654,183,0.0324743504285596,0.48037912230855234,-0.027718480322122728,0.4327824299383919
commons-math,314,mid,0.2,none,335,775,144,0.02320904513773621,0.47618116771795377,0.0318385866817304,0.5486496850401276
commons-math,314,mid,0.25,none,335,900,108,0.006820419898098942,0.47071809572557594,0.022931831448685002,0.5364954857694934
commons-math,314,mid,0.3,none,335,1007,70,0.006125400280608378,0.46872204650118954,0.027807576116235296,0.5432718438759764
commons-math,314,fn_heavy,0.05,none,335,317,219,0.10328362633722313,0.5424795765900654,-0.009331048324501153,0.4689736527451485
commons-math,314,fn_heavy,0.1,none,335,326,121,0.05820530448904757,0.5121461150243968,0.04477056210739042,0.5712619127511653
commons-math,314,fn_heavy,0.15,none,335,348,33,0.028310213778232406,0.46813772275909427,0.04721219770791584,0.57139116665004
commons-math,314,fn_heavy,0.2,none,335,412,0,0.001180394648817187,0.42862449162972993,-0.06854039422061674,0.3008361419901907
commons-math,314,fn_heavy,0.25,none,335,504,0,-0.00112657155966504,0.4396507144727625,-0.04271890672659896,0.41343032262375373
commons-math,314,fn_heavy,0.3,none,335,604,0,-0.0037814018838563286,0.444195199877324,-0.08622765238178717,0.2716298589411945
commons-math,999,symmetric,0.05,none,335,521,325,0.06734501931075276,0.5144230408800956,0.008025843828575333,0.48544044840045236
commons-math,999,symmetric,0.1,none,335,669,296,0.05844052269330594,0.5052814108892836,-0.003352496552405985,0.46390570307995077
commons-math,999,symmetric,0.15,none,335,835,283,0.03439526382696009,0.48251763088762567,-0.04256164820042585,0.3921006884477262
commons-math,999,symmetric,0.2,none,335,1029,272,0.028701953450244524,0.49154311344529167,0.04428962180995116,0.5700504270283908
commons-math,999,symmetric,0.25,none,335,1201,257,0.02328745490922792,0.4962918220318128,-0.08982509625377674,0.28272887091205423
commons-math,999,symmetric,0.3,none,335,1381,231,0.015003182568944052,0.489019368719055,0.03460221998343061,0.5553219706518817
commons-math,999,fp_heavy,0.05,none,335,507,313,0.08333303408502724,0.5284985611772615,0.007616433718355021,0.4795945897525519
commons-math,999,fp_heavy,0.1,none,335,647,286,0.04755466179507273,0.5086381244405106,-0.01038901687689749,0.45554744651957074
commons-math,999,fp_heavy,0.15,none,335,809,274,0.031553374332379654,0.4677611053234034,-0.1007073990898676,0.1889957787371955
commons-math,999,fp_heavy,0.2,none,335,979,249,0.02616082843732844,0.49505565176610583,0.04883029471366087,0.5765544069263774
commons-math,999,fp_heavy,0.25,none,335,1141,220,0.018089265772321186,0.49107489485468225,0.03548854804076154,0.5561291197026282
commons-math,999,fp_heavy,0.3,none,335,1319,202,0.017242438788698952,0.48083646037511,0.041437983549454646,0.5660124830707618
commons-math,999,mid,0.05,none,335,451,286,0.10183526691602263,0.5279454064231607,0.08392245539311502,0.6197938381482271
commons-math,999,mid,0.1,none,335,574,251,0.03343267692116766,0.46582252761876003,-0.015022417292200477,0.44496479199061467
commons-math,999,mid,0.15,none,335,666,203,0.03336538553819046,0.4883585438552635,-0.019336608023814542,0.44838690589642693
commons-math,999,mid,0.2,none,335,775,150,-0.006305468916947184,0.4495645051517965,-0.08868193822898389,0.26177181068280897
commons-math,999,mid,0.25,none,335,908,102,-0.012513144096341232,0.4447272384833711,-0.0957959844462517,0.24918953032418995
commons-math,999,mid,0.3,none,335,1023,57,-0.011680618345566284,0.4556132103525479,-0.03543309977939955,0.4205462466387334
commons-math,999,fn_heavy,0.05,none,335,334,231,0.08683407244189656,0.5234352237779314,0.0398040300672018,0.5114643765601529
commons-math,999,fn_heavy,0.1,none,335,335,124,0.028605518730981716,0.458364385424962,0.01927200993479893,0.4868296463746578
commons-math,999,fn_heavy,0.15,none,335,345,33,-0.03335265227711775,0.3857924385680719,-0.0738936915323386,0.2539972566842767
commons-math,999,fn_heavy,0.2,none,335,398,0,-0.04687474185907205,0.3885432005505044,-0.07186429761234212,0.2668159050881721
commons-math,999,fn_heavy,0.25,none,335,496,0,-0.0741751217664994,0.3379585066084487,-0.08732691458242334,0.23476827530025518
commons-math,999,fn_heavy,0.3,none,335,605,0,-0.05161099313158436,0.39583928118620115,-0.07556119641535067,0.2598100970739387
commons-net,7,symmetric,0.05,none,117,159,109,0.15258047160267285,0.6102043741641832,0.0005264858541947864,0.4590785253189811
commons-net,7,symmetric,0.1,none,117,209,106,0.07164372174754559,0.5278781425466943,-0.0826379945777433,0.3259783599757534
commons-net,7,symmetric,0.15,none,117,255,98,0.07555862708665283,0.5286625390225578,-0.12157372682997107,0.23652689645125724
commons-net,7,symmetric,0.2,none,117,304,91,0.07658676321035132,0.5451332373397654,-0.05977680810755344,0.36896270713305973
commons-net,7,symmetric,0.25,none,117,344,87,0.07306335138611787,0.5408465352097354,0.06273983223648752,0.5713941791715771
commons-net,7,symmetric,0.3,none,117,388,80,0.09584108617580915,0.5735236574613536,-0.023011543770619064,0.45007673340994164
commons-net,7,fp_heavy,0.05,none,117,156,108,0.13131662995163446,0.5905633395566661,0.11337495331566397,0.625019167265444
commons-net,7,fp_heavy,0.1,none,117,200,101,0.06755736130171607,0.5229258718630475,-0.09441135307036137,0.3138935937989263
commons-net,7,fp_heavy,0.15,none,117,245,91,0.09610282263108492,0.5612058040865647,-0.07101783915054503,0.34302581808058524
commons-net,7,fp_heavy,0.2,none,117,289,85,0.05519173394559377,0.5254062428399411,0.0293000744531125,0.5318372072848689
commons-net,7,fp_heavy,0.25,none,117,318,70,0.08647695574016334,0.5569177206242879,-0.04299145721580644,0.40039437317289134
commons-net,7,fp_heavy,0.3,none,117,362,66,0.05006748212592708,0.5255951145486013,0.033259415769539946,0.5370327301508692
commons-net,7,mid,0.05,none,117,146,103,0.12794827001716458,0.585750141604244,0.09443290986952797,0.6081529357217782
commons-net,7,mid,0.1,none,117,172,85,0.11588801278880123,0.5710871729223514,-0.06995957282298372,0.34100746740802784
commons-net,7,mid,0.15,none,117,188,67,0.11181890252642711,0.5687066829299039,-0.06203217039405602,0.383094269162615
commons-net,7,mid,0.2,none,117,228,57,0.09376857214469117,0.563530226894995,-0.040926677567546386,0.40890826164257044
commons-net,7,mid,0.25,none,117,263,41,0.02143668416069103,0.4968153720516787,-0.07398331791576189,0.35177888792825485
commons-net,7,mid,0.3,none,117,277,27,0.03194851481757149,0.5095538867306291,-0.04821115470633462,0.3955371147623983
commons-net,7,fn_heavy,0.05,none,117,102,83,0.09228607579741327,0.5295291131994011,0.0668899363980875,0.5642401880901
commons-net,7,fn_heavy,0.1,none,117,102,54,0.05380729644602571,0.5184235335421443,0.08327880906411378,0.589711476577133
commons-net,7,fn_heavy,0.15,none,117,97,20,0.07633853186822794,0.5269308341956522,0.06530976684290425,0.5588411059659985
commons-net,7,fn_heavy,0.2,none,117,103,0,-0.0075221334946917965,0.4356332314687465,0.008387721628804088,0.4881433172696382
commons-net,7,fn_heavy,0.25,none,117,120,0,0.017831518775657793,0.4673602249710874,0.006432127370026095,0.48505578725215204
commons-net,7,fn_heavy,0.3,none,117,155,0,0.00808533502393891,0.45309511649502204,-0.09759432047674972,0.28046116397511023
commons-net,13,symmetric,0.05,none,117,170,110,0.09028297007107838,0.5521700870258203,-0.05810734254965136,0.36757297922520876
commons-net,13,symmetric,0.1,none,117,220,105,0.06612311476187076,0.5252535784294059,-0.11490949289359852,0.2490052112584768
commons-net,13,symmetric,0.15,none,117,264,100,0.06709896546627019,0.5361996347256784,-0.0774863725025994,0.34716126794672986
commons-net,13,symmetric,0.2,none,117,298,97,0.06139056529642428,0.536144669592054,-0.07743018900019606,0.3584761372910566
commons-net,13,symmetric,0.25,none,117,337,90,0.056047674222778156,0.530234898457795,-0.10556295859087543,0.29273528135704313
commons-net,13,symmetric,0.3,none,117,380,82,0.10065387528747838,0.5736999377530423,-0.06938669941754941,0.36820693452294423
commons-net,13,fp_heavy,0.05,none,117,167,109,0.07038440545454046,0.5293136338674153,-0.07335583510091744,0.33492035358205613
commons-net,13,fp_heavy,0.1,none,117,212,101,0.05370896744101893,0.5201030408433714,-0.06783696816519204,0.356880372232727
commons-net,13,fp_heavy,0.15,none,117,258,97,0.03536735748728271,0.5107165627245905,-0.07955559527653326,0.3437086598015446
commons-net,13,fp_heavy,0.2,none,117,285,88,0.04443514208854541,0.5178465765450923,-0.07779038567666964,0.3403837600042961
commons-net,13,fp_heavy,0.25,none,117,321,81,0.06736626826227017,0.5411941657978786,-0.10230076788411864,0.29399443548869836
commons-net,13,fp_heavy,0.3,none,117,363,73,0.09728718001382798,0.5698348137227095,-0.08933333846276029,0.3311203852640496
commons-net,13,mid,0.05,none,117,156,102,0.09803562678064806,0.5493912256785539,-0.09591381917499553,0.2725550382893721
commons-net,13,mid,0.1,none,117,184,89,0.07949830317816713,0.5328433825715326,-0.08717808897680568,0.32137477661964586
commons-net,13,mid,0.15,none,117,218,75,0.07066326789123684,0.5388246645106542,-0.06547829007364661,0.3764188834462673
commons-net,13,mid,0.2,none,117,234,59,0.009751562603125723,0.4855205126278237,-0.07745619223976023,0.34263760930357967
commons-net,13,mid,0.25,none,117,249,46,0.04518667442497673,0.523862270569268,-0.07014685384716254,0.375855348328389
commons-net,13,mid,0.3,none,117,276,32,0.01619452633542488,0.4978224852216014,-0.09687891586712265,0.3074547849235184
commons-net,13,fn_heavy,0.05,none,117,114,88,0.11515501666314341,0.5453640914546333,-0.11219562584132424,0.2319245481637236
commons-net,13,fn_heavy,0.1,none,117,113,55,0.045642685117661765,0.49398202848426837,-0.11335405466932837,0.23669393513476478
commons-net,13,fn_heavy,0.15,none,117,115,30,0.029289689519207674,0.4868800944129287,-0.08993036547060342,0.2934300219976292
commons-net,13,fn_heavy,0.2,none,117,111,0,-0.03560901108970684,0.41791824160010027,0.010455257407901637,0.4924521143200458
commons-net,13,fn_heavy,0.25,none,117,143,0,-0.004312352804636421,0.457211511677128,0.008859615096247076,0.5017329140455935
commons-net,13,fn_heavy,0.3,none,117,161,0,0.015835170174135035,0.4813649187439605,0.015073094966208015,0.5004533458212667
commons-net,21,symmetric,0.05,none,117,174,112,0.06298894006087183,0.5250497321702347,-0.010896656622924994,0.4610067647642926
commons-net,21,symmetric,0.1,none,117,214,106,0.11330898154554148,0.571750212484787,-0.023490416436970463,0.4290017014876486
commons-net,21,symmetric,0.15,none,117,248,102,0.08591028137011655,0.5617854883493475,0.15014706152259505,0.685447102045526
commons-net,21,symmetric,0.2,none,117,287,99,0.09076211850113818,0.5699976590788222,0.059578503731907054,0.572752817430084
commons-net,21,symmetric,0.25,none,117,331,94,0.08814618840696227,0.5685608742037357,0.0018733837105425319,0.49310906764127793
commons-net,21,symmetric,0.3,none,117,387,89,0.06877607327547085,0.549878022280542,-0.011894561698004102,0.47625111243116997
commons-net,21,fp_heavy,0.05,none,117,171,110,0.08216174310432257,0.5450697728160319,0.15738352217983584,0.6874954893829822
commons-net,21,fp_heavy,0.1,none,117,205,104,0.06471774947603817,0.5362017512833952,0.03659378078255583,0.5344633322663166
commons-net,21,fp_heavy,0.15,none,117,240,100,0.08188550669134262,0.5548723625967267,0.04651934017332344,0.5475087393590282
commons-net,21,fp_heavy,0.2,none,117,276,92,0.07973307219234954,0.5539710762863752,-0.00434343213298863,0.47932838407891004
commons-net,21,fp_heavy,0.25,none,117,318,87,0.07998486508179882,0.5594922774750217,-0.00841212676938841,0.4787937355104947
commons-net,21,fp_heavy,0.3,none,117,359,74,0.03037705630622255,0.5207477871598661,-0.06816384019288928,0.373638057242081
commons-net,21,mid,0.05,none,117,158,104,0.07231215874449266,0.5333736369484687,-0.019786875599527146,0.450444595085127
commons-net,21,mid,0.1,none,117,184,93,0.09450489505238789,0.5595736238525639,0.09122901671817676,0.6104930982895709
commons-net,21,mid,0.15,none,117,200,75,0.04644485297425168,0.5138674295854535,-0.022426586952699803,0.4273390965833673
commons-net,21,mid,0.2,none,117,223,63,0.079041871726472,0.5501929028978532,-0.00905967209384133,0.4617678185315829
commons-net,21,mid,0.25,none,117,242,46,0.07230281060708414,0.5491163620856836,-0.048021104116653064,0.4005146752696144
commons-net,21,mid,0.3,none,117,262,28,0.033933037362658694,0.5154906318521116,-0.020474366598964813,0.4639737741552397
commons-net,21,fn_heavy,0.05,none,117,125,91,0.10049320476113001,0.5495547924773303,-0.05415861364152502,0.3796209942601565
commons-net,21,fn_heavy,0.1,none,117,118,56,0.022344513601750243,0.47181299860345266,-0.02736604935159247,0.4380142990821723
commons-net,21,fn_heavy,0.15,none,117,105,23,0.0647376848937116,0.510841514947421,0.07206871466552885,0.5886226881428168
commons-net,21,fn_heavy,0.2,none,117,102,0,0.02663385958934472,0.47863441450986094,0.07806004018257935,0.5948708765224839
commons-net,21,fn_heavy,0.25,none,117,125,0,0.04020863985695897,0.5041871712870452,0.09587909989532921,0.6168742345348963
commons-net,21,fn_heavy,0.3,none,117,143,0,0.03277883036155472,0.49668146919228795,-0.0480110274749488,0.387292207404003
commons-net,42,symmetric,0.05,none,117,164,112,0.12786761913482586,0.5768975663906605,0.020325816047962842,0.5200712686765095
commons-net,42,symmetric,0.1,none,117,201,108,0.0617943212424608,0.5176987716743153,-0.020141307109020207,0.4550626999053787
commons-net,42,symmetric,0.15,none,117,256,97,0.061521756106889654,0.5199913732682109,-0.011177302412369753,0.4616715625195953
commons-net,42,symmetric,0.2,none,117,307,93,0.04620312451603006,0.5135467957970177,0.004733695227520815,0.4949756825267758
commons-net,42,symmetric,0.25,none,117,349,89,0.05619378589627606,0.5227869484334576,0.05241655661754958,0.5644196886268826
commons-net,42,symmetric,0.3,none,117,390,84,0.08663631329356578,0.5628946443958618,0.0712794717257576,0.5897134488449107
commons-net,42,fp_heavy,0.05,none,117,160,112,0.11961833082221628,0.5718302246356293,-0.010097876232996463,0.4639631041334947
commons-net,42,fp_heavy,0.1,none,117,188,100,0.09595402707126233,0.5546160543140837,0.025741139952486232,0.5227692940053543
commons-net,42,fp_heavy,0.15,none,117,249,94,0.04660528405474505,0.5066038346481708,-0.01628267165900882,0.4594754754311186
commons-net,42,fp_heavy,0.2,none,117,292,86,0.03036836540607937,0.49261034221223915,-0.11663792082282964,0.22841550885208597
commons-net,42,fp_heavy,0.25,none,117,325,78,0.04537363734209949,0.50094538323129,-0.0315866212988887,0.4348522330929213
commons-net,42,fp_heavy,0.3,none,117,366,70,0.06364644109156241,0.5348552796730988,0.05539603783727745,0.5668480351288241
commons-net,42,mid,0.05,none,117,141,102,0.12201470989828221,0.5760971840335489,0.08699840110873935,0.6093091916170127
commons-net,42,mid,0.1,none,117,163,88,0.1038650665213514,0.5555832008260432,0.009651935639295632,0.5068557716150316
commons-net,42,mid,0.15,none,117,194,71,0.031700553733171245,0.5079869525369108,-0.009175647896152762,0.47647497975490544
commons-net,42,mid,0.2,none,117,238,61,0.049445363757623,0.513378470463839,0.014057705262687282,0.5043797892662291
commons-net,42,mid,0.25,none,117,269,48,0.012586780985329555,0.4863602311721109,-0.11635253924534031,0.23783015932230758
commons-net,42,mid,0.3,none,117,294,38,-0.003119591672999591,0.47407762817818583,0.050344215060445265,0.558096006596513
commons-net,42,fn_heavy,0.05,none,117,110,86,0.13688384811855445,0.5818838933874219,-0.005481217825233541,0.4882755817934404
commons-net,42,fn_heavy,0.1,none,117,111,61,0.06108347007372656,0.5161984947011258,0.06696719158611791,0.585533722940813
commons-net,42,fn_heavy,0.15,none,117,103,30,-0.02668016230888374,0.43332897716374524,-0.09528707633031883,0.3102007437834667
commons-net,42,fn_heavy,0.2,none,117,90,0,0.0045812748601442715,0.45367143632046136,0.08037325846983022,0.5957168003840203
commons-net,42,fn_heavy,0.25,none,117,122,0,-0.028077690749684442,0.42842215251382365,-0.07816773177086053,0.33374573039800215
commons-net,42,fn_heavy,0.3,none,117,156,0,-0.020461597575952773,0.45147936125217725,0.053946512525844426,0.5557920436455611
commons-net,77,symmetric,0.05,none,117,150,112,0.12261931028864707,0.5769232338495112,0.0964439710835582,0.6158740153534918
commons-net,77,symmetric,0.1,none,117,203,106,0.07084184444541966,0.5306289378426203,-0.08408401897604212,0.2846917036756808
commons-net,77,symmetric,0.15,none,117,256,101,0.07271839432886182,0.5431769462518278,-0.019031395952666254,0.44128634719046583
commons-net,77,symmetric,0.2,none,117,285,95,0.027984054413127187,0.5075126601693475,-0.01100512808218899,0.4695623858356523
commons-net,77,symmetric,0.25,none,117,330,87,0.01067413748836885,0.49073973463105,-0.002320024379962368,0.4784525726924862
commons-net,77,symmetric,0.3,none,117,370,82,0.030759624183959857,0.5140779774262241,0.020633439800821413,0.5160399303424786
commons-net,77,fp_heavy,0.05,none,117,145,109,0.11845449258187812,0.5758208350893286,0.09435085866339069,0.6152328574354556
commons-net,77,fp_heavy,0.1,none,117,197,106,0.08227807094130962,0.5444211885929144,-0.0731691774831284,0.310112772285453
commons-net,77,fp_heavy,0.15,none,117,242,95,0.027608007949328838,0.5004285496991603,-0.09129498694710005,0.27620784202490156
commons-net,77,fp_heavy,0.2,none,117,271,85,0.009433510727399516,0.4872556309620627,-0.10177748843302417,0.2684376743284646
commons-net,77,fp_heavy,0.25,none,117,309,77,0.05711154366046948,0.5254945039334232,-0.001101044675597988,0.4821772043551387
commons-net,77,fp_heavy,0.3,none,117,350,70,0.009571337790298512,0.487640492384444,0.06701705086729726,0.5788303072057343
commons-net,77,mid,0.05,none,117,133,106,0.12603729179376538,0.5755697239984099,-0.033408218658308945,0.3881853633772252
commons-net,77,mid,0.1,none,117,161,87,0.04007837044009662,0.502401082616904,-0.05816163811204105,0.35354907133224633
commons-net,77,mid,0.15,none,117,199,72,0.030290295523179325,0.49238129502679534,0.06770342496416222,0.5818476950509258
commons-net,77,mid,0.2,none,117,220,55,0.00859385752692501,0.4795460320556322,0.08854550634103363,0.6009240155285158
commons-net,77,mid,0.25,none,117,237,40,0.005558418296915887,0.4711517360940517,0.01867903737279534,0.48945584636633654
commons-net,77,mid,0.3,none,117,265,27,-0.00016946477460317314,0.4665182701703027,-0.016709380885217354,0.4603303898649747
commons-net,77,fn_heavy,0.05,none,117,101,84,0.0860398099008756,0.531059940868706,-0.0363695071087532,0.38698864280120543
commons-net,77,fn_heavy,0.1,none,117,88,51,0.06849099217779901,0.5093860001767523,0.08771091493880799,0.5039897440267804
commons-net,77,fn_heavy,0.15,none,117,82,19,0.039158746926857876,0.4789224246781937,-0.06023631329304366,0.31912885988412326
commons-net,77,fn_heavy,0.2,none,117,94,0,0.07147475993248675,0.5289634313098637,-0.014597530828492362,0.41870983061409517
commons-net,77,fn_heavy,0.25,none,117,127,0,0.03900143896895782,0.5087751691349769,0.06000681979949949,0.5674839234102763
commons-net,77,fn_heavy,0.3,none,117,150,0,-0.00921036810208131,0.45805955578212243,0.03614687511929635,0.5207773478232409
commons-net,101,symmetric,0.05,none,117,152,110,0.07965769957260913,0.536863250646098,-0.03737977764654437,0.3745936503563568
commons-net,101,symmetric,0.1,none,117,211,104,0.09772268156912677,0.554476417446,-0.02883837776909443,0.41094972232300553
commons-net,101,symmetric,0.15,none,117,254,99,0.060395850611854714,0.5263232767271141,0.06750265424070519,0.576674384337378
commons-net,101,symmetric,0.2,none,117,303,91,0.07057307567202215,0.5413633614718683,0.11990401152822545,0.6503467138788347
commons-net,101,symmetric,0.25,none,117,346,85,0.06151487612548379,0.5330769185266009,0.14207006687028206,0.6762995148053106
commons-net,101,symmetric,0.3,none,117,393,81,0.04480031002887692,0.5309751407330513,0.1796237392640286,0.7168807547077906
commons-net,101,fp_heavy,0.05,none,117,149,108,0.08327364734377858,0.5430990662646996,-0.05959305926162553,0.37129180905667614
commons-net,101,fp_heavy,0.1,none,117,203,100,0.10583991432205692,0.5636460856640113,-0.007629815583532301,0.4602555036904707
commons-net,101,fp_heavy,0.15,none,117,244,91,0.06660438442963648,0.5236775147833592,-0.040407764698249804,0.39391498679285303
commons-net,101,fp_heavy,0.2,none,117,287,84,0.08601421124987986,0.5568935726786163,0.1692994932387669,0.7079346096640209
commons-net,101,fp_heavy,0.25,none,117,330,78,0.029594120204188626,0.5020436509444662,0.1035970182165276,0.6307552606864328
commons-net,101,fp_heavy,0.3,none,117,365,69,0.04710418458904971,0.5299027921280011,0.12205316032614845,0.6529882135969323
commons-net,101,mid,0.05,none,117,136,100,0.060030744588731075,0.514060491854006,-0.08128418741250404,0.28230235921666186
commons-net,101,mid,0.1,none,117,163,85,0.0780582520656648,0.5339625435939976,-0.052042420608017476,0.39048080315949446
commons-net,101,mid,0.15,none,117,202,70,0.0352907729048273,0.4913445215758594,-0.04242640826666201,0.3921394805303084
commons-net,101,mid,0.2,none,117,228,55,0.022202956410735775,0.48763754384302554,0.12575758504452594,0.65629433907881
commons-net,101,mid,0.25,none,117,264,46,0.012752078099344541,0.48845677266420445,0.053884993325011586,0.5654490674305169
commons-net,101,mid,0.3,none,117,287,30,-0.029181722147374963,0.4435937759758901,0.1308635062943523,0.6633979488576437
commons-net,101,fn_heavy,0.05,none,117,97,83,0.07638359575756101,0.5259629402518716,-0.031879297849839505,0.393208520782118
commons-net,101,fn_heavy,0.1,none,117,93,52,0.024204660937615214,0.48655411799133247,-0.04299305716893754,0.3615255482116945
commons-net,101,fn_heavy,0.15,none,117,92,25,0.016541631379563226,0.470110332456318,-0.04901192970220781,0.36263802641397697
commons-net,101,fn_heavy,0.2,none,117,103,0,0.04336807399053508,0.49969602720105344,0.06879183892066673,0.5851140595472469
commons-net,101,fn_heavy,0.25,none,117,132,0,0.00844376734935552,0.4778120539082527,0.0870061542767155,0.6079473223372504
commons-net,101,fn_heavy,0.3,none,117,154,0,-0.013692567304311374,0.4362477284147911,0.0355524227249123,0.5345011004102261
commons-net,123,symmetric,0.05,none,117,163,116,0.08805663224458032,0.535469101753114,-0.02197600078146832,0.4562122012334413
commons-net,123,symmetric,0.1,none,117,202,110,0.09434424228141369,0.5538302284916524,0.02257991014157258,0.5207379457292479
commons-net,123,symmetric,0.15,none,117,236,103,0.07121432824158413,0.5363319645943975,-0.013789234137073716,0.4540828056389194
commons-net,123,symmetric,0.2,none,117,277,96,0.06815062471816491,0.5391455238753192,0.16181108330630956,0.6989152146428902
commons-net,123,symmetric,0.25,none,117,316,85,0.09571226584819138,0.5628849046650237,0.1352234845180595,0.6668909576369637
commons-net,123,symmetric,0.3,none,117,365,81,0.08935986583845952,0.5628012070859504,0.04940536503119165,0.5583910185252257
commons-net,123,fp_heavy,0.05,none,117,161,116,0.1049835351640449,0.5598668428192332,0.01718195150947432,0.5169124210393591
commons-net,123,fp_heavy,0.1,none,117,195,106,0.1222118292493472,0.5829231490203723,-0.008620278631204912,0.47010254421730224
commons-net,123,fp_heavy,0.15,none,117,224,96,0.057244039598166936,0.5206588669460093,-0.07769368885577395,0.3346092081372217
commons-net,123,fp_heavy,0.2,none,117,260,85,0.08769607672330312,0.5495176967219442,-0.01349101671192743,0.454776579243464
commons-net,123,fp_heavy,0.25,none,117,301,79,0.03037942013667054,0.5093151569831708,-0.037610256182459896,0.40660599794275204
commons-net,123,fp_heavy,0.3,none,117,344,73,0.07845811999036972,0.5536661412929555,0.016946333822429327,0.5137441738495728
commons-net,123,mid,0.05,none,117,151,108,0.08780750022793375,0.5320708463068817,-0.033713262406993114,0.44227111120219054
commons-net,123,mid,0.1,none,117,160,85,0.07150844937288506,0.517792154674537,0.027248827291837932,0.49650553118318835
commons-net,123,mid,0.15,none,117,181,74,0.07645441449405413,0.5386764012476476,-0.008324349390660993,0.46003231251461035
commons-net,123,mid,0.2,none,117,205,54,0.05277957233463567,0.5223773017106116,0.09283050395054442,0.6124611052105157
commons-net,123,mid,0.25,none,117,225,41,0.05536730967496988,0.5154783259517207,0.08502088377906684,0.605878601694321
commons-net,123,mid,0.3,none,117,256,29,0.04688489823341993,0.5158758837435138,-0.035014252091104404,0.41333713423458496
commons-net,123,fn_heavy,0.05,none,117,108,85,0.0832448073725493,0.5295483693081369,-0.0045596249571132645,0.47495323634029674
commons-net,123,fn_heavy,0.1,none,117,95,49,0.07466002151918308,0.5270104331218248,0.030141334880829637,0.52855695141158
commons-net,123,fn_heavy,0.15,none,117,89,24,0.044823296740412286,0.49874214153903434,-0.007718026004636146,0.4732200643810424
commons-net,123,fn_heavy,0.2,none,117,89,0,-0.020746460996357557,0.43534241535656276,0.03568574485154654,0.5278623820081895
commons-net,123,fn_heavy,0.25,none,117,107,0,-0.014150029110197408,0.439085761644021,0.10033561399045182,0.6128801201533578
commons-net,123,fn_heavy,0.3,none,117,132,0,0.0027451755777190712,0.4644958887510387,0.0012204370191836631,0.4565264970272679
commons-net,202,symmetric,0.05,none,117,159,113,0.1728995484965437,0.61752988101487,0.0849137177160308,0.5719904306894946
commons-net,202,symmetric,0.1,none,117,198,109,0.11931001233930422,0.5733040773872149,-0.05247535001489137,0.3778971380908421
commons-net,202,symmetric,0.15,none,117,247,102,0.09697248787988824,0.5616568680605104,0.13926242362423788,0.6703148927922175
commons-net,202,symmetric,0.2,none,117,290,96,0.09740028460691058,0.5607447728185722,0.013887223317324528,0.5032206159465973
commons-net,202,symmetric,0.25,none,117,339,92,0.060693823218674996,0.5380206154143399,-0.09286729147130586,0.3168677110667345
commons-net,202,symmetric,0.3,none,117,389,86,0.03845082506204206,0.5243560666695748,-0.033346198413184897,0.4403150804001776
commons-net,202,fp_heavy,0.05,none,117,159,113,0.1728995484965437,0.61752988101487,0.0849137177160308,0.5719904306894946
commons-net,202,fp_heavy,0.1,none,117,189,104,0.1794068945132317,0.6242758384902719,-0.02627024380658214,0.4242902713249678
commons-net,202,fp_heavy,0.15,none,117,236,97,0.11727853613575141,0.5662242940734681,0.09008917480327314,0.6071750928385582
commons-net,202,fp_heavy,0.2,none,117,280,92,0.08899463571174857,0.5586899999685191,-0.07501395872780175,0.3505215491716515
commons-net,202,fp_heavy,0.25,none,117,320,82,0.08780243210971818,0.5566276925301779,-0.08488280907363659,0.3256805096753399
commons-net,202,fp_heavy,0.3,none,117,363,76,0.04869524336452004,0.5252674311385052,-0.09495742179039658,0.30657210375087585
commons-net,202,mid,0.05,none,117,145,104,0.15690504429167074,0.5952208229259229,0.03859031649696002,0.5265090229199285
commons-net,202,mid,0.1,none,117,166,92,0.12144554400303155,0.5793153388017622,0.049209843821117163,0.5397405641645947
commons-net,202,mid,0.15,none,117,190,76,0.07925728129777707,0.5420663855665507,-0.019363780309350008,0.4504162676937885
commons-net,202,mid,0.2,none,117,218,59,0.0826747383502267,0.5462167673898026,-0.025346989183798213,0.4457300726969175
commons-net,202,mid,0.25,none,117,248,47,0.05006072554689188,0.5231665386708821,-0.010986925108552665,0.4648374516665538
commons-net,202,mid,0.3,none,117,270,27,0.06726463572162109,0.544235411987072,0.020666948058711953,0.520592805847983
commons-net,202,fn_heavy,0.05,none,117,115,91,0.07776725877210983,0.5259724703958515,0.002130549029835716,0.4637217994283126
commons-net,202,fn_heavy,0.1,none,117,104,58,0.06616345444077397,0.5047837584995037,-0.03638592414694032,0.38839167544875697
commons-net,202,fn_heavy,0.15,none,117,90,23,0.09739164631263283,0.5366986107066548,-0.07304354176216518,0.35448738930128604
commons-net,202,fn_heavy,0.2,none,117,87,0,-0.007779878999604441,0.43518868650012615,-0.010585745770962867,0.46300929062026797
commons-net,202,fn_heavy,0.25,none,117,114,0,-0.006308171855088886,0.4131657395949216,-0.021436837346761398,0.42072850432202
commons-net,202,fn_heavy,0.3,none,117,141,0,-0.011208620906819003,0.43389494719556804,0.0099785876725428,0.47593646451438076
commons-net,314,symmetric,0.05,none,117,163,110,0.08924809303883835,0.539845685097185,-0.04823598060200135,0.35401722011989906
commons-net,314,symmetric,0.1,none,117,207,107,0.04100603321521961,0.49138085600461,-0.12167189623512736,0.23955584967878582
commons-net,314,symmetric,0.15,none,117,247,99,0.0408691682695143,0.4995293167454693,-0.11068711349707472,0.24729059829963185
commons-net,314,symmetric,0.2,none,117,301,95,0.045115594048782084,0.5166798183075885,-0.06485825485301483,0.3808806741134426
commons-net,314,symmetric,0.25,none,117,354,91,0.07814104198717027,0.5580503953190628,0.0386001317051443,0.5475735471827848
commons-net,314,symmetric,0.3,none,117,401,82,0.032831076338103816,0.5148764357847503,0.12625155991860645,0.6579316828342716
commons-net,314,fp_heavy,0.05,none,117,162,110,0.08928683280634116,0.5398745983013691,-0.044670191153183283,0.35632747366200246
commons-net,314,fp_heavy,0.1,none,117,199,102,0.019525302712703967,0.4742352477836407,-0.13029093959512894,0.20398743335290376
commons-net,314,fp_heavy,0.15,none,117,239,96,0.08632677630235444,0.5504529404880761,-0.08012535303444752,0.343329040896179
commons-net,314,fp_heavy,0.2,none,117,287,90,0.019043193061532303,0.4881635621111215,-0.11177016986885042,0.26141237033551945
commons-net,314,fp_heavy,0.25,none,117,333,79,0.020580119176389456,0.49300589861796706,-0.046903901229833074,0.4089482204894127
commons-net,314,fp_heavy,0.3,none,117,380,72,0.03799823494297048,0.524613515555114,0.09849745863300918,0.6243657286697598
commons-net,314,mid,0.05,none,117,147,103,0.10578872181967162,0.5511246824671582,-0.04576212184582101,0.36837085509935025
commons-net,314,mid,0.1,none,117,182,91,-0.007216695067281737,0.4558059513825676,0.040538750811896805,0.5352342249913051
commons-net,314,mid,0.15,none,117,192,75,0.016173682405499573,0.47117262315806696,-0.12186489534602535,0.2254376622723629
commons-net,314,mid,0.2,none,117,224,60,0.002714142615434596,0.4564503726875832,-0.02452915201580322,0.44085195535867505
commons-net,314,mid,0.25,none,117,262,49,-0.016871281788040468,0.4507898437405576,0.01867550357600838,0.5190283035282746
commons-net,314,mid,0.3,none,117,290,31,0.09165165705645963,0.5646556595605398,0.11334175309205247,0.6420193366610604
commons-net,314,fn_heavy,0.05,none,117,108,87,0.08643819929330784,0.5363646496096346,0.003162606344038778,0.44959220646468634
commons-net,314,fn_heavy,0.1,none,117,107,55,0.0012376536104338524,0.45002481509207104,-0.08750469647661617,0.3082052068219847
commons-net,314,fn_heavy,0.15,none,117,108,26,0.015415740819844665,0.4724432966709052,-0.027403917752746736,0.3571042310736568
commons-net,314,fn_heavy,0.2,none,117,97,0,-0.052866177479556596,0.3909114936240679,-0.051807415049955265,0.3994619193038776
commons-net,314,fn_heavy,0.25,none,117,117,0,-0.05845213842484356,0.3767511093533083,-0.07343984135734188,0.35994924836867553
commons-net,314,fn_heavy,0.3,none,117,146,0,0.025040649848410052,0.47346411905862806,-0.1161527893626923,0.24060501264075357
commons-net,999,symmetric,0.05,none,117,154,112,0.12524032223436285,0.5699200654325985,-0.0824149749246239,0.34080692496530507
commons-net,999,symmetric,0.1,none,117,208,109,0.08963541119353116,0.5451462558215746,0.04480649972762735,0.5433678805450066
commons-net,999,symmetric,0.15,none,117,261,105,0.09309728259404981,0.5613923204949115,-0.01825288459968807,0.45998692602892294
commons-net,999,symmetric,0.2,none,117,298,97,0.021292088820656203,0.509882389738031,-0.009571023249519313,0.4677725238249555
commons-net,999,symmetric,0.25,none,117,342,94,0.010258332006549955,0.4928509969350597,-0.0902700783180309,0.3166079158239051
commons-net,999,symmetric,0.3,none,117,394,84,0.04617373938312016,0.5334106444600858,-0.03710286040995134,0.4357542842411877
commons-net,999,fp_heavy,0.05,none,117,152,110,0.1435783578548349,0.5923406689392555,0.02782262459093487,0.5059051172395818
commons-net,999,fp_heavy,0.1,none,117,202,106,0.0680084818840518,0.5168919050277178,0.08433753846502928,0.5987396206164373
commons-net,999,fp_heavy,0.15,none,117,249,99,0.02051681763522472,0.49110734837324604,0.011411937153318806,0.504884150245294
commons-net,999,fp_heavy,0.2,none,117,284,90,0.008593886648679572,0.48462526193524946,-0.06302916421122788,0.3734393602907255
commons-net,999,fp_heavy,0.25,none,117,321,81,0.021395971571549908,0.5029635998727264,-0.0884684648693986,0.32702880291517905
commons-net,999,fp_heavy,0.3,none,117,371,72,0.024012041220949902,0.5144294936316239,-0.0348932181406966,0.44065843989025677
commons-net,999,mid,0.05,none,117,144,107,0.1174187166653745,0.5607577403075616,-0.005281447400486119,0.4621366872784285
commons-net,999,mid,0.1,none,117,172,93,0.05593769413003523,0.5226513719015353,0.09454786543483545,0.6123181470029162
commons-net,999,mid,0.15,none,117,193,73,0.0631406309586649,0.5315668762724154,0.03922788078907709,0.5393472324229389
commons-net,999,mid,0.2,none,117,223,56,0.03655374964782023,0.5133516955481771,0.1421022434501515,0.6767003224645947
commons-net,999,mid,0.25,none,117,241,38,0.019952265855936187,0.49597299217635316,0.1374306302132384,0.6712248561263687
commons-net,999,mid,0.3,none,117,267,22,0.014331153344413908,0.4962967338481259,-0.012690286971336739,0.46685178353139906
commons-net,999,fn_heavy,0.05,none,117,112,89,0.07650532862441357,0.5188206246529802,0.022501608914977562,0.5020179550269019
commons-net,999,fn_heavy,0.1,none,117,94,52,0.07309561985201884,0.5294068202104605,-0.059897856993695396,0.35955465188847213
commons-net,999,fn_heavy,0.15,none,117,90,20,0.021712888152342437,0.4723681845566611,0.02532983040926587,0.517388904408587
commons-net,999,fn_heavy,0.2,none,117,98,0,0.0063984212697303575,0.47249122009073374,-0.012298167356661671,0.4571207911250162
commons-net,999,fn_heavy,0.25,none,117,120,0,-0.0016318194228788574,0.4592969767829932,-0.06335772002415384,0.376111994095824
commons-net,999,fn_heavy,0.3,none,117,152,0,-0.023914087498809477,0.43940714004666537,-0.01958426823872145,0.4509248614317386
commons-scxml,7,symmetric,0.05,none,47,65,44,-0.009912198496973158,0.4301948096697685,0.12285243559328639,0.6133354481522428
commons-scxml,7,symmetric,0.1,none,47,84,41,-0.00706744404112535,0.4523649038359589,0.10163480653960459,0.5939198967605162
commons-scxml,7,symmetric,0.15,none,47,105,40,-0.015130616413703972,0.4583538187436382,0.11907029318262913,0.6102976549510756
commons-scxml,7,symmetric,0.2,none,47,128,35,-0.00635063785964202,0.4634035699731688,0.044991975337457205,0.5294290615732528
commons-scxml,7,symmetric,0.25,none,47,147,32,0.038889892285477956,0.5219149791196507,0.11655842353122409,0.6052493433170479
commons-scxml,7,symmetric,0.3,none,47,164,31,-0.026705043420756126,0.46643664999471773,0.004960352112266708,0.4992960265011995
commons-scxml,7,fp_heavy,0.05,none,47,65,44,-0.009912198496973158,0.4301948096697685,0.12285243559328639,0.6133354481522428
commons-scxml,7,fp_heavy,0.1,none,47,84,41,-0.00706744404112535,0.4523649038359589,0.10163480653960459,0.5939198967605162
commons-scxml,7,fp_heavy,0.15,none,47,98,35,-0.0317414601982136,0.4408471198366942,0.00017205634667110132,0.48125300916093855
commons-scxml,7,fp_heavy,0.2,none,47,120,31,-0.0014773019502551444,0.47012424541706915,0.025043550118765072,0.5129386051149998
commons-scxml,7,fp_heavy,0.25,none,47,140,29,-0.022801957753068185,0.4610644098578947,0.03079603181031471,0.5191157661642318
commons-scxml,7,fp_heavy,0.3,none,47,157,27,-0.022995281725237182,0.46877017813062627,0.011761058677828194,0.5047695697784468
commons-scxml,7,mid,0.05,none,47,60,41,0.030954883400250172,0.4671234359121821,0.15014427481421067,0.6408060591329348
commons-scxml,7,mid,0.1,none,47,69,31,0.00633260399264917,0.4548076774677104,0.0703334364866456,0.5540963322439136
commons-scxml,7,mid,0.15,none,47,81,27,-0.0072801897290050745,0.46032223718668724,0.0520231003719563,0.5428441507131074
commons-scxml,7,mid,0.2,none,47,96,21,-0.01376742476499011,0.45238073128150175,-0.060775184416477,0.37150976919116757
commons-scxml,7,mid,0.25,none,47,114,15,0.022022306039394906,0.48454751155327774,-0.05243203162523003,0.41288517791339185
commons-scxml,7,mid,0.3,none,47,127,9,-0.02435894200168581,0.43929169471480556,-0.05272482289972957,0.4109276724878575
commons-scxml,7,fn_heavy,0.05,none,47,40,31,0.03609148617705661,0.4572653731003213,0.008533928370468588,0.48037290516703524
commons-scxml,7,fn_heavy,0.1,none,47,41,18,0.015383382113794596,0.4350849367086696,-0.10809248638651234,0.29348888912506804
commons-scxml,7,fn_heavy,0.15,none,47,41,5,-0.021872512557889964,0.3860288641097901,-0.08822830240872562,0.31315894431211244
commons-scxml,7,fn_heavy,0.2,none,47,44,0,-0.05878706409724725,0.34581929281013923,-0.10767644428596146,0.29164036265405435
commons-scxml,7,fn_heavy,0.25,none,47,60,0,-0.02568402059700992,0.41642093546416054,-0.09420067594544783,0.33246367372573604
commons-scxml,7,fn_heavy,0.3,none,47,71,0,-0.009968392222458612,0.4394377880846148,-0.1387645419224112,0.23594344179164473
commons-scxml,13,symmetric,0.05,none,47,71,45,0.10155458554164815,0.5347108842910125,0.08811117110395417,0.5822467436195178
commons-scxml,13,symmetric,0.1,none,47,94,43,0.0005167514050209873,0.44537771646381036,0.0649218893915941,0.5589168382516047
commons-scxml,13,symmetric,0.15,none,47,119,42,-0.007281505263830551,0.44683664937551676,0.059445052294390496,0.5562033052489941
commons-scxml,13,symmetric,0.2,none,47,143,42,-0.04003246083940181,0.4164920747064702,0.08828418958233798,0.5831348480684037
commons-scxml,13,symmetric,0.25,none,47,166,42,0.03031148331938831,0.5009379839992787,0.13489932431649282,0.6281318032712644
commons-scxml,13,symmetric,0.3,none,47,196,39,0.007706776999301015,0.4788004140655038,0.1471860040014133,0.6394031259884467
commons-scxml,13,fp_heavy,0.05,none,47,70,45,0.1174262063247537,0.5506854606232547,0.24332746380471823,0.7210100515523572
commons-scxml,13,fp_heavy,0.1,none,47,91,42,-0.0033186166572625945,0.4407238773115129,0.07921793462516297,0.5728925590606886
commons-scxml,13,fp_heavy,0.15,none,47,118,42,-0.007238877318838838,0.4468737760316111,0.06514308259065235,0.5611787092432632
commons-scxml,13,fp_heavy,0.2,none,47,140,40,-0.01972725788355515,0.4437193260517579,0.052157019525304486,0.5465395765545858
commons-scxml,13,fp_heavy,0.25,none,47,156,39,0.014139659192465627,0.4991636462816549,0.1253622155664567,0.6193166007408863
commons-scxml,13,fp_heavy,0.3,none,47,188,34,0.017351253119067482,0.4844836292885033,0.055822132197124966,0.5504815724774468
commons-scxml,13,mid,0.05,none,47,65,42,0.04481800735936742,0.4744061605630075,0.16841648302303408,0.6548713771505602
commons-scxml,13,mid,0.1,none,47,82,40,0.11246221671571031,0.5683407078362827,0.09508550382580547,0.5878318021417238
commons-scxml,13,mid,0.15,none,47,105,35,0.008625373997590079,0.4824564675515661,0.07887186748113471,0.5745314012889029
commons-scxml,13,mid,0.2,none,47,110,24,0.02424200845579345,0.4796935328740664,0.06549773035268307,0.5599715316385067
commons-scxml,13,mid,0.25,none,47,126,19,0.040812566982534715,0.5201834931023087,0.14320329520107275,0.6356741611406711
commons-scxml,13,mid,0.3,none,47,137,13,-0.016847619203411573,0.45633522422638556,0.10601756477698623,0.600331327726561
commons-scxml,13,fn_heavy,0.05,none,47,52,40,0.09680756761737903,0.5354592018996334,0.11708125227204755,0.6116200399981473
commons-scxml,13,fn_heavy,0.1,none,47,48,21,0.12324190788193491,0.5589755317309394,0.035865989920208806,0.5316809958781565
commons-scxml,13,fn_heavy,0.15,none,47,48,8,0.0086432958022904,0.42061360661481634,0.025852092244970436,0.4928511208640133
commons-scxml,13,fn_heavy,0.2,none,47,54,0,-0.09252246368085275,0.28601476404710047,-0.039635710932503496,0.4336774785962639
commons-scxml,13,fn_heavy,0.25,none,47,74,0,-0.07782273929873787,0.3163298178160619,0.04462889172642336,0.5319629984255481
commons-scxml,13,fn_heavy,0.3,none,47,84,0,-0.12372489129173264,0.2457481143406806,0.03404240095878821,0.5238195730597414
commons-scxml,21,symmetric,0.05,none,47,80,46,0.08813784189879142,0.5489855665001642,0.10948864010912027,0.600649028218462
commons-scxml,21,symmetric,0.1,none,47,95,42,0.12555270914917818,0.5848282553237998,-0.010572905810791214,0.47309431340525143
commons-scxml,21,symmetric,0.15,none,47,116,42,0.057972294487954885,0.5385647268810658,0.07470803986438457,0.5665371628255996
commons-scxml,21,symmetric,0.2,none,47,136,39,0.09364714718689274,0.5749641829980922,-0.0065376514996612345,0.48233326075978167
commons-scxml,21,symmetric,0.25,none,47,152,36,0.07831603259106083,0.5607355247687228,0.006797821586438873,0.4932758100388988
commons-scxml,21,symmetric,0.3,none,47,184,33,0.03677647557691025,0.5190972406368163,-0.04872256399214966,0.4340981041501612
commons-scxml,21,fp_heavy,0.05,none,47,78,44,0.07442610157410433,0.5352766232088598,0.10305915275684867,0.5952847104501269
commons-scxml,21,fp_heavy,0.1,none,47,94,42,0.1331800956138818,0.5932585535232123,0.04294550944685466,0.5332137585614294
commons-scxml,21,fp_heavy,0.15,none,47,110,40,0.07095139127154274,0.5442774001098826,-0.012839314662857653,0.47423242191554565
commons-scxml,21,fp_heavy,0.2,none,47,130,35,0.10114125294956489,0.5837226728668495,0.03650280069965533,0.5275066652420266
commons-scxml,21,fp_heavy,0.25,none,47,146,33,0.08772317362536759,0.5719909760634123,-0.01108099234024422,0.46973458488801084
commons-scxml,21,fp_heavy,0.3,none,47,173,29,0.06525003526342864,0.5424464862884356,-0.03539969996595877,0.44465905907965714
commons-scxml,21,mid,0.05,none,47,73,42,0.14720957561989695,0.6056898211393393,0.07512086263627375,0.5657986551641278
commons-scxml,21,mid,0.1,none,47,82,35,0.1602438222820756,0.6106934107421169,-0.028729537175778273,0.44715527560046947
commons-scxml,21,mid,0.15,none,47,92,29,0.07527985026564982,0.5391081178857908,-0.10101121078376896,0.3347675769758422
commons-scxml,21,mid,0.2,none,47,109,26,0.04054233212106207,0.5077137619649293,-0.14917628709838024,0.2906504067226177
commons-scxml,21,mid,0.25,none,47,125,24,0.07476667023958072,0.5481405245623316,-0.1615091388328303,0.2353846702148117
commons-scxml,21,mid,0.3,none,47,131,13,-0.024640634613203087,0.41719575395624103,-0.202132492131186,0.1412323611615231
commons-scxml,21,fn_heavy,0.05,none,47,53,34,0.18044299848043913,0.6245196664115893,0.10325163513368822,0.598661563797687
commons-scxml,21,fn_heavy,0.1,none,47,61,25,0.08623803409055461,0.5478189080956355,0.05055530372149979,0.5470978743312451
commons-scxml,21,fn_heavy,0.15,none,47,54,7,0.00408186258180294,0.4381273505535444,-0.1227388474002876,0.33916107676710816
commons-scxml,21,fn_heavy,0.2,none,47,56,0,-0.03473145454871662,0.3843666531297214,-0.12404112341036337,0.3310373073820457
commons-scxml,21,fn_heavy,0.25,none,47,64,0,0.023509159039436615,0.46269752048176804,-0.11704800285605133,0.34011372545698354
commons-scxml,21,fn_heavy,0.3,none,47,80,0,-0.002475720735991806,0.4339565139612964,-0.14031947321271965,0.2943693290552066
commons-scxml,42,symmetric,0.05,none,47,67,45,0.07622910873473977,0.5299761942947996,0.21592164561178448,0.7004300576021281
commons-scxml,42,symmetric,0.1,none,47,92,45,0.09694058423596405,0.5645813381591871,0.2142772883597222,0.6994076445823572
commons-scxml,42,symmetric,0.15,none,47,130,42,0.04319120804789118,0.517825711983432,0.09147739764629838,0.5826110180990051
commons-scxml,42,symmetric,0.2,none,47,155,40,0.03404510386154958,0.5205518239622193,-0.0010550578736005687,0.4889291195188245
commons-scxml,42,symmetric,0.25,none,47,170,37,0.00594702704154497,0.4928208978192501,0.03316283573960126,0.5290750648258702
commons-scxml,42,symmetric,0.3,none,47,186,34,-0.007645684436259877,0.4833223318387276,0.08206087412126442,0.5779739429875891
commons-scxml,42,fp_heavy,0.05,none,47,66,45,0.07751356218551007,0.5308657634144128,0.21470417451751928,0.6994345668681299
commons-scxml,42,fp_heavy,0.1,none,47,90,44,0.14818748832541803,0.6166825591515902,0.23667011634243876,0.7187492374909545
commons-scxml,42,fp_heavy,0.15,none,47,125,40,0.05094863579873904,0.5394068176125657,0.21842177129577944,0.70290308000146
commons-scxml,42,fp_heavy,0.2,none,47,146,36,0.04452748437218687,0.5268123169667096,0.07313089654940183,0.5684587238000001
commons-scxml,42,fp_heavy,0.25,none,47,162,31,0.03145654524812403,0.5190796952018772,0.08883381032760061,0.5851458557652774
commons-scxml,42,fp_heavy,0.3,none,47,176,28,0.040143923375106694,0.533535689991564,0.03653834066533624,0.5309939652736706
commons-scxml,42,mid,0.05,none,47,61,44,0.09751386871587565,0.5453981598855396,0.19494177377112526,0.6800353032490873
commons-scxml,42,mid,0.1,none,47,73,37,0.06444018764879307,0.5334147523827407,0.2215833750426073,0.7054586893093289
commons-scxml,42,mid,0.15,none,47,97,28,0.060636894006424906,0.5394300653781849,0.12106497332418689,0.6096268288019081
commons-scxml,42,mid,0.2,none,47,120,21,-0.016639955452053788,0.4604716765595845,0.038660436822078835,0.5282344846019112
commons-scxml,42,mid,0.25,none,47,132,15,-0.030883761183890097,0.4527419989083795,-0.018575531994748325,0.46824521302673794
commons-scxml,42,mid,0.3,none,47,141,7,-0.001970308053779003,0.4578399541651295,-0.12957563223350071,0.29365453244757367
commons-scxml,42,fn_heavy,0.05,none,47,45,34,0.14279391483478154,0.5685697433613986,0.25569198363938417,0.7348351839985766
commons-scxml,42,fn_heavy,0.1,none,47,43,18,0.04048617833093185,0.4799553962979348,0.14139033841852208,0.6339493459534972
commons-scxml,42,fn_heavy,0.15,none,47,35,2,-0.01633179457912864,0.3594748373117223,0.02671601272891655,0.5064488265509005
commons-scxml,42,fn_heavy,0.2,none,47,52,0,0.02504849680006623,0.45426608570481275,0.057157580910968404,0.5436235544406396
commons-scxml,42,fn_heavy,0.25,none,47,75,0,0.026549404867653427,0.47153860218062854,-0.07600556507529332,0.373060292406167
commons-scxml,42,fn_heavy,0.3,none,47,95,0,-0.008248158468584102,0.44141511842579817,-0.01084511487972169,0.46700614915099153
commons-scxml,77,symmetric,0.05,none,47,66,44,0.09318166411286824,0.537220788497557,0.15468040361908736,0.6454171650505071
commons-scxml,77,symmetric,0.1,none,47,93,38,0.034983237854378874,0.4791572875272452,0.06445907971412543,0.558965826126386
commons-scxml,77,symmetric,0.15,none,47,115,35,0.005804239421165127,0.465949666465259,0.09233988614889954,0.5885367097501562
commons-scxml,77,symmetric,0.2,none,47,138,34,-0.005940382770287574,0.4646491705641482,0.13611521367842558,0.6270055166195614
commons-scxml,77,symmetric,0.25,none,47,159,31,0.021710634434610913,0.5038243211001935,0.0743549736313136,0.56546142869669
commons-scxml,77,symmetric,0.3,none,47,177,29,-0.08621355891698493,0.3886901652226245,0.038695650121307386,0.5307686533569763
commons-scxml,77,fp_heavy,0.05,none,47,63,43,0.07737917418765272,0.5127724230551598,0.15288432541934652,0.642190841569195
commons-scxml,77,fp_heavy,0.1,none,47,87,35,0.03802153767549046,0.4971665121236164,0.09162080855096094,0.585212472462832
commons-scxml,77,fp_heavy,0.15,none,47,114,34,0.006256083694643712,0.46637499670918126,0.09582706947202331,0.591781896426736
commons-scxml,77,fp_heavy,0.2,none,47,131,29,-0.04437136502697475,0.42198201944525227,0.14104487510169228,0.6299547880308097
commons-scxml,77,fp_heavy,0.25,none,47,152,28,-0.01774251075318866,0.4412089891173809,0.029139920056111393,0.5207447179784676
commons-scxml,77,fp_heavy,0.3,none,47,170,24,-0.035980599739004124,0.44557240746567583,0.02258747840514432,0.515602899306222
commons-scxml,77,mid,0.05,none,47,53,35,0.057293673916512536,0.487722803914288,0.16509883717114004,0.6504868909935231
commons-scxml,77,mid,0.1,none,47,73,29,0.07303785289698497,0.5198714292177705,0.1229185828219048,0.6163931466209536
commons-scxml,77,mid,0.15,none,47,97,24,0.01694187552991695,0.4760249451127219,-0.0007249130375971609,0.4837257431496481
commons-scxml,77,mid,0.2,none,47,111,18,0.035510139976768454,0.49682392104873735,0.08345025540243688,0.575643002008566
commons-scxml,77,mid,0.25,none,47,124,14,0.022210110422454497,0.49029441887206887,0.057838602909213686,0.5507346580353394
commons-scxml,77,mid,0.3,none,47,135,5,0.02785139820780591,0.4949321563705979,-0.041397121097059494,0.44035697405316504
commons-scxml,77,fn_heavy,0.05,none,47,42,29,0.10074738556550383,0.5226442308436928,0.1267163533021094,0.6032347721126184
commons-scxml,77,fn_heavy,0.1,none,47,42,17,0.04714028092279281,0.45469630532464717,0.2473062509975051,0.7280315695056604
commons-scxml,77,fn_heavy,0.15,none,47,44,2,0.020215377377602574,0.42819535973526696,-0.09664606942978331,0.34235840378337623
commons-scxml,77,fn_heavy,0.2,none,47,58,0,0.01299501856989944,0.447863718380308,-0.03708491167843042,0.44155029902052817
commons-scxml,77,fn_heavy,0.25,none,47,75,0,0.07064014349526072,0.5228697830503157,-0.010207916710672378,0.4769662945380434
commons-scxml,77,fn_heavy,0.3,none,47,90,0,0.04551157857477655,0.5131416639089951,0.015939594842593597,0.5108792624833856
commons-scxml,101,symmetric,0.05,none,47,68,44,0.12434598894368183,0.561188707755664,0.1710284739033905,0.6579586965388406
commons-scxml,101,symmetric,0.1,none,47,94,37,0.060919732578836816,0.5152936322594591,0.1870791009301193,0.6661461238228547
commons-scxml,101,symmetric,0.15,none,47,116,36,0.0994189678823742,0.5734668832466827,0.06543713560718867,0.5577059634544755
commons-scxml,101,symmetric,0.2,none,47,136,33,0.049255181120723544,0.5198800799723328,0.09237035836701583,0.5868376169643914
commons-scxml,101,symmetric,0.25,none,47,157,32,-0.037457424002931825,0.43165446148043,0.10207947496997699,0.597218483988193
commons-scxml,101,symmetric,0.3,none,47,180,31,-0.03167136248159701,0.447309565399475,0.044014386727214506,0.5399414663090052
commons-scxml,101,fp_heavy,0.05,none,47,67,43,0.13402368998757264,0.5712108850408323,0.21090568432204143,0.6952462509775517
commons-scxml,101,fp_heavy,0.1,none,47,92,36,0.07895186244253355,0.5307772302521914,0.0704450254437353,0.5628972712175957
commons-scxml,101,fp_heavy,0.15,none,47,112,33,0.07000299630561849,0.538119367376675,0.04728046349174868,0.5342367264353368
commons-scxml,101,fp_heavy,0.2,none,47,133,32,0.0559427224148621,0.5358986947019053,0.08290454937140679,0.5786983422721024
commons-scxml,101,fp_heavy,0.25,none,47,150,30,-0.01817965953540417,0.45310630354024506,0.1228346693763085,0.6169980140749236
commons-scxml,101,fp_heavy,0.3,none,47,168,26,-0.03738236542811597,0.4328260223307974,0.022045607183741947,0.5154147192367521
commons-scxml,101,mid,0.05,none,47,56,36,0.13003824266562586,0.5564787542980939,0.20879308271836758,0.6933555825228099
commons-scxml,101,mid,0.1,none,47,80,32,0.07757955069660599,0.5230324242438861,0.08796598833725551,0.5771614326510093
commons-scxml,101,mid,0.15,none,47,97,26,0.036350994806376165,0.5090045652371349,0.09958264906578992,0.5911377764808818
commons-scxml,101,mid,0.2,none,47,113,23,0.042840880363979685,0.5139660276931816,0.07685327016963357,0.5696589925764652
commons-scxml,101,mid,0.25,none,47,120,14,-0.023611210222609605,0.43947828294961294,-0.003340273268650446,0.48487832151706006
commons-scxml,101,mid,0.3,none,47,138,10,-0.1356880748456092,0.31974148431097377,0.017388324397169204,0.5092008254573438
commons-scxml,101,fn_heavy,0.05,none,47,40,31,0.04619781983941969,0.47020171113894854,0.11261277490382669,0.6057919452902714
commons-scxml,101,fn_heavy,0.1,none,47,47,20,0.04821668865894011,0.4890185629531176,0.16393800024752408,0.6434370198454756
commons-scxml,101,fn_heavy,0.15,none,47,52,7,-0.02897132093728981,0.397568523956503,-0.08929951686342702,0.349292057191673
commons-scxml,101,fn_heavy,0.2,none,47,64,0,0.010099231526415984,0.4275532359141785,0.053434396841566194,0.5372460657060594
commons-scxml,101,fn_heavy,0.25,none,47,74,0,0.00854650073866616,0.43238887588677816,-0.048769433976992876,0.428395787615988
commons-scxml,101,fn_heavy,0.3,none,47,87,0,-0.010824895681828338,0.4254963196573604,-0.09915397777181939,0.3465680421808993
commons-scxml,123,symmetric,0.05,none,47,67,46,0.056267133315080715,0.4818101701991364,0.23552987195269334,0.7176394477993239
commons-scxml,123,symmetric,0.1,none,47,95,45,0.10334184520537393,0.5664256761613392,0.19809922421164097,0.6844657025753945
commons-scxml,123,symmetric,0.15,none,47,113,44,0.053343378531587896,0.5055875746481238,0.08280243085349391,0.5717021901867256
commons-scxml,123,symmetric,0.2,none,47,128,38,0.0401158604279379,0.49474911861971516,0.041401364385464885,0.5235374741168786
commons-scxml,123,symmetric,0.25,none,47,157,36,-0.022621949473669224,0.4624162690797401,0.11514451549425854,0.6025235636425639
commons-scxml,123,symmetric,0.3,none,47,180,33,-0.07019073547636567,0.4066064282439775,0.08104118357560072,0.5735204130021816
commons-scxml,123,fp_heavy,0.05,none,47,67,46,0.056267133315080715,0.4818101701991364,0.23552987195269334,0.7176394477993239
commons-scxml,123,fp_heavy,0.1,none,47,92,45,0.09330923058074166,0.5570084482519514,0.10437877599252558,0.5928540862783912
commons-scxml,123,fp_heavy,0.15,none,47,105,38,0.04443112132535321,0.4910313725544389,0.0063934316451675416,0.4938903439297262
commons-scxml,123,fp_heavy,0.2,none,47,124,35,-0.022468558547155786,0.4476809528413443,0.02021838906388101,0.5001509809486379
commons-scxml,123,fp_heavy,0.25,none,47,148,32,-0.021940631948484907,0.4678937664136236,0.1637558411954249,0.6530950677099749
commons-scxml,123,fp_heavy,0.3,none,47,170,31,-0.02234891776853718,0.4607162906940211,0.1566664531959113,0.6477953042714538
commons-scxml,123,mid,0.05,none,47,65,45,0.08454511138173393,0.5174348408778409,0.24880998626807607,0.7290935050006676
commons-scxml,123,mid,0.1,none,47,74,35,0.041387175711380904,0.5054575146125861,0.18783519561222106,0.673269445769105
commons-scxml,123,mid,0.15,none,47,86,31,0.033196664329562385,0.49557881705712853,0.09352620086494741,0.5811508739897306
commons-scxml,123,mid,0.2,none,47,103,23,-0.046175029153720785,0.41245310914240607,0.154867943632487,0.6330063072550004
commons-scxml,123,mid,0.25,none,47,110,16,-0.06937298190092332,0.38466355562858195,0.0107448869340324,0.4796624562920945
commons-scxml,123,mid,0.3,none,47,129,8,-0.021524367947363142,0.4193336499726055,0.011140181859897735,0.4983741542653547
commons-scxml,123,fn_heavy,0.05,none,47,44,33,0.012133470427997983,0.4362286321032323,0.1462379311672181,0.6296492661117434
commons-scxml,123,fn_heavy,0.1,none,47,41,19,-0.02038170908629943,0.4141565883900132,0.26402383537485496,0.741004663283069
commons-scxml,123,fn_heavy,0.15,none,47,42,5,0.007018293028271133,0.3760857966453045,-0.14670920008931643,0.13193583150234794
commons-scxml,123,fn_heavy,0.2,none,47,52,0,0.05661796339429208,0.46690005571069815,0.07361171771924269,0.5276549067622602
commons-scxml,123,fn_heavy,0.25,none,47,59,0,0.01469892031156264,0.4210974113184673,0.059108003918804566,0.5213788455836355
commons-scxml,123,fn_heavy,0.3,none,47,76,0,-0.010991444253326477,0.3927053465528553,-0.03613984235582123,0.40600946740280275
commons-scxml,202,symmetric,0.05,none,47,70,46,0.09885175043697199,0.5275498308917036,0.044093332447999664,0.5303907102137855
commons-scxml,202,symmetric,0.1,none,47,88,45,0.04755347389123748,0.4914699678555743,-0.03468828084523604,0.44465819147964225
commons-scxml,202,symmetric,0.15,none,47,110,42,0.0038234976020409058,0.4594816054711766,0.043995875802228475,0.5383103976094386
commons-scxml,202,symmetric,0.2,none,47,133,39,-0.1035537838485906,0.34647802050908383,-0.12826755187896283,0.3276482245188458
commons-scxml,202,symmetric,0.25,none,47,156,36,-0.12713485028862898,0.3195609961937507,-0.1051430958415885,0.36764238277050537
commons-scxml,202,symmetric,0.3,none,47,177,34,-0.11206979906764791,0.3512814922166723,-0.008022265155640468,0.48547873758118676
commons-scxml,202,fp_heavy,0.05,none,47,70,46,0.09885175043697199,0.5275498308917036,0.044093332447999664,0.5303907102137855
commons-scxml,202,fp_heavy,0.1,none,47,84,42,0.02098469999089269,0.4627715019286619,0.08935167605323178,0.5809970808308809
commons-scxml,202,fp_heavy,0.15,none,47,108,41,0.003105394507298149,0.45787544559753507,0.00909541645716484,0.4928093851251642
commons-scxml,202,fp_heavy,0.2,none,47,127,35,-0.025078117958917723,0.4298637965863775,-0.0464320570704098,0.4348655569793038
commons-scxml,202,fp_heavy,0.25,none,47,150,32,-0.10902364595403655,0.34894678179711913,-0.140359894961441,0.3113565852256475
commons-scxml,202,fp_heavy,0.3,none,47,167,28,-0.08866588319324811,0.367118923844592,-0.14342704386852817,0.3068872380122807
commons-scxml,202,mid,0.05,none,47,63,42,0.04111593630659744,0.4835080753085433,0.04663689602849853,0.5327253456355274
commons-scxml,202,mid,0.1,none,47,73,35,0.038607201796370394,0.485082197973203,0.03806868525529639,0.5275895313221425
commons-scxml,202,mid,0.15,none,47,85,28,0.02429253824341666,0.47555068400964207,0.09719169150053074,0.5896341105024577
commons-scxml,202,mid,0.2,none,47,101,24,0.021319885381265977,0.473625587128329,0.002042283365483954,0.487752205872576
commons-scxml,202,mid,0.25,none,47,121,19,0.00519914953178822,0.4665536922106789,-0.12201594109046576,0.332742904726727
commons-scxml,202,mid,0.3,none,47,132,10,-0.07922578355691755,0.3746000988145165,-0.12344333386349737,0.3408796964653066
commons-scxml,202,fn_heavy,0.05,none,47,46,34,0.07055766913765332,0.4935932220042645,0.05748184298332474,0.5492914898724188
commons-scxml,202,fn_heavy,0.1,none,47,47,22,0.0816210079506445,0.4991328333905141,0.05228564696762881,0.5379281676562043
commons-scxml,202,fn_heavy,0.15,none,47,43,6,-0.009917323497612297,0.37515504323582893,-0.03054722058434537,0.4528313415938497
commons-scxml,202,fn_heavy,0.2,none,47,46,0,-0.025637823250888196,0.3590474887454215,-0.03923107295329051,0.4247814776411551
commons-scxml,202,fn_heavy,0.25,none,47,62,0,-0.04595043817642242,0.3543900387845722,0.03831031984214296,0.5289063901519937
commons-scxml,202,fn_heavy,0.3,none,47,74,0,-0.05218241708192069,0.3515243217046108,-0.044715645852177716,0.43642057680747115
commons-scxml,314,symmetric,0.05,none,47,68,46,0.09299546395172387,0.5388619651977965,0.11766895411004046,0.6094029579082314
commons-scxml,314,symmetric,0.1,none,47,92,45,0.06616601145804411,0.516418543739227,0.004753265503240144,0.4774929695514535
commons-scxml,314,symmetric,0.15,none,47,116,42,0.055417430307735,0.5354155108834187,0.11579255468737523,0.6074842676016403
commons-scxml,314,symmetric,0.2,none,47,144,40,0.06575030163171848,0.5600259974525837,0.16526861953288788,0.6558979610590912
commons-scxml,314,symmetric,0.25,none,47,173,39,0.020428381956555677,0.512421942116444,0.13726260940675267,0.6303705939058017
commons-scxml,314,symmetric,0.3,none,47,195,36,-0.03330588468988477,0.450827887989917,0.033802056311616126,0.5305684428541988
commons-scxml,314,fp_heavy,0.05,none,47,68,46,0.09299546395172387,0.5388619651977965,0.11766895411004046,0.6094029579082314
commons-scxml,314,fp_heavy,0.1,none,47,91,45,0.09256131152558189,0.5424961240350216,0.04582250426608719,0.5335146340924087
commons-scxml,314,fp_heavy,0.15,none,47,112,40,0.009248744936474327,0.48799622283570715,0.08620084212930537,0.5807713546887528
commons-scxml,314,fp_heavy,0.2,none,47,140,39,0.06048790924231621,0.554750230173159,0.11885976113288202,0.6121720924817126
commons-scxml,314,fp_heavy,0.25,none,47,166,34,-0.016540217927958057,0.4723310451721825,0.08791927201772845,0.5837842774795208
commons-scxml,314,fp_heavy,0.3,none,47,185,27,-0.06846954539745022,0.41736311970031453,0.10176428684135447,0.5973566967041453
commons-scxml,314,mid,0.05,none,47,67,45,0.1458810304144126,0.5873472954331663,0.1297732893574165,0.6198755589372404
commons-scxml,314,mid,0.1,none,47,80,39,0.03505760459005151,0.4791437592389015,0.009361558633044453,0.4821470609884186
commons-scxml,314,mid,0.15,none,47,89,27,0.012506374673092584,0.4823001116287446,0.07211047256549634,0.5630135963869627
commons-scxml,314,mid,0.2,none,47,112,25,0.0416179771542508,0.5269623686018503,0.14037716592189803,0.6332310174184804
commons-scxml,314,mid,0.25,none,47,126,17,-0.03571262957301749,0.4334943076737129,0.09067837969201112,0.5864532602205424
commons-scxml,314,mid,0.3,none,47,144,9,-0.05483751081982699,0.4027315564156201,-0.008532250995624477,0.4751521541814942
commons-scxml,314,fn_heavy,0.05,none,47,50,36,0.042879380920585554,0.47455136906084333,0.15126110545162114,0.6412867843985987
commons-scxml,314,fn_heavy,0.1,none,47,44,21,0.04856495941910615,0.4809391981665364,0.00085516804010916,0.48322648019530967
commons-scxml,314,fn_heavy,0.15,none,47,43,4,-0.12351184787243638,0.2516321567752683,-0.15561665502126157,0.21184982172432773
commons-scxml,314,fn_heavy,0.2,none,47,51,0,-0.11412306746974839,0.24011908384478756,-0.14662476269009442,0.2505290336511922
commons-scxml,314,fn_heavy,0.25,none,47,66,0,-0.050297111763420596,0.3774483885222149,-0.0019479859605700605,0.469213465237936
commons-scxml,314,fn_heavy,0.3,none,47,83,0,-0.017337125458218795,0.4183630461725234,-0.09840762688611279,0.3458368355391367
commons-scxml,999,symmetric,0.05,none,47,68,45,0.10751456526720823,0.551863495990344,0.19559801847778027,0.6812428225998951
commons-scxml,999,symmetric,0.1,none,47,89,40,0.06424716083176757,0.5221499383703807,0.02826816548700259,0.5195010987045419
commons-scxml,999,symmetric,0.15,none,47,121,39,0.08258211081065167,0.5642323670936541,0.0972066862453541,0.5916551617988344
commons-scxml,999,symmetric,0.2,none,47,141,36,0.06960012855603219,0.5284946016999705,0.03606552023861977,0.5284769583537968
commons-scxml,999,symmetric,0.25,none,47,162,35,0.09651200057773177,0.5556119267673818,0.09215416399027009,0.588250904029084
commons-scxml,999,symmetric,0.3,none,47,194,33,0.08290638226061009,0.5509602954699552,0.09196219830449273,0.58791645576865
commons-scxml,999,fp_heavy,0.05,none,47,67,44,0.060044591630852545,0.49507754469352916,0.21388621861070137,0.694928054350831
commons-scxml,999,fp_heavy,0.1,none,47,87,39,0.08097659037731685,0.5384236943380472,0.03666225622721239,0.5267531287093085
commons-scxml,999,fp_heavy,0.15,none,47,115,36,0.04573297351219073,0.5247100608616034,0.0532883198744413,0.5417303468396216
commons-scxml,999,fp_heavy,0.2,none,47,135,33,0.12343096587654145,0.6005818366105812,0.07286029830012503,0.5662778594048841
commons-scxml,999,fp_heavy,0.25,none,47,155,31,0.03626464513692277,0.49796524451964963,-0.017298383519052902,0.4751035896406891
commons-scxml,999,fp_heavy,0.3,none,47,178,24,0.05303529961332839,0.5123027871720147,-0.020200961189799926,0.4691403999555488
commons-scxml,999,mid,0.05,none,47,58,39,0.09721124117351268,0.5273222135172373,0.260169912337883,0.7376491580702955
commons-scxml,999,mid,0.1,none,47,75,33,0.03862206247620998,0.4962169567471423,0.036479785117693765,0.5263413226187732
commons-scxml,999,mid,0.15,none,47,88,24,0.014880474823378934,0.4818245674823765,0.03232482194182352,0.5277517733100519
commons-scxml,999,mid,0.2,none,47,105,17,0.0346744542111587,0.5154508557032277,-0.037224742161383564,0.44683520878769806
commons-scxml,999,mid,0.25,none,47,124,16,0.07770983209009091,0.5347462734164312,0.08399748576226558,0.5754862777321994
commons-scxml,999,mid,0.3,none,47,137,7,0.038322637429790266,0.5076015432541794,0.07142008924686565,0.5670800379546119
commons-scxml,999,fn_heavy,0.05,none,47,39,33,0.10099215727006185,0.5168305397555417,0.18592596421588456,0.6739304656640982
commons-scxml,999,fn_heavy,0.1,none,47,41,17,0.04944889460598826,0.46680452802787437,-0.12160678061702541,0.31494111963856564
commons-scxml,999,fn_heavy,0.15,none,47,45,5,-0.007534231706226696,0.4034396965964996,-0.05703284077236581,0.4062459256636177
commons-scxml,999,fn_heavy,0.2,none,47,54,0,-0.02561176403917927,0.390812251258453,0.013170257720758628,0.4931614019506152
commons-scxml,999,fn_heavy,0.25,none,47,68,0,-0.0003928889779681115,0.43031397926588527,0.041390533127526316,0.5261552122088157
commons-scxml,999,fn_heavy,0.3,none,47,87,0,-0.005261940047108545,0.44695579090501464,0.03828750234646162,0.5253349721150916
commons-validator,7,symmetric,0.05,none,36,63,35,0.06743877581154241,0.4860239565803244,0.0006686518279497692,0.4733722302856436
commons-validator,7,symmetric,0.1,none,36,86,34,0.05247500298339042,0.4769392626108808,0.047613627273709894,0.5364185223420586
commons-validator,7,symmetric,0.15,none,36,109,32,0.04482144889718456,0.4434328456356645,0.0837582565068871,0.5813376254392598
commons-validator,7,symmetric,0.2,none,36,144,30,0.02546338598230863,0.4538130569785716,0.07624370941848344,0.5757320483632857
commons-validator,7,symmetric,0.25,none,36,170,30,-0.08401774447931679,0.2641358483827427,-0.06841662402162421,0.3835712596581944
commons-validator,7,symmetric,0.3,none,36,192,30,-0.02723061858040579,0.33223925675172383,-0.0481842925507202,0.4193840263925106
commons-validator,7,fp_heavy,0.05,none,36,62,35,0.0683993811991484,0.4866381197523192,0.03390141336946834,0.49582573401205915
commons-validator,7,fp_heavy,0.1,none,36,85,33,0.03205463367508229,0.4573577560661696,0.08778108888245914,0.583620154462308
commons-validator,7,fp_heavy,0.15,none,36,106,30,0.034790401637665024,0.4334119056262685,0.02471994293940697,0.515500655785915
commons-validator,7,fp_heavy,0.2,none,36,140,30,0.01907820904553756,0.4466733414327178,0.01926875804689012,0.502977180505193
commons-validator,7,fp_heavy,0.25,none,36,164,29,-0.02380637890073074,0.37960334587078265,-0.02423829389030912,0.4503745742896282
commons-validator,7,fp_heavy,0.3,none,36,188,27,-0.0584276187417504,0.29954394788015076,0.04288656305650776,0.5442705654739048
commons-validator,7,mid,0.05,none,36,59,33,0.08682455422667415,0.47609979979908584,0.09958819136523718,0.5714202038456265
commons-validator,7,mid,0.1,none,36,76,30,-0.05309354868745312,0.22462254141243967,-0.001369338370104057,0.4731419765506839
commons-validator,7,mid,0.15,none,36,94,27,0.02938949462947096,0.45418702729536303,0.030848640774178628,0.5071925173169238
commons-validator,7,mid,0.2,none,36,115,22,0.04290318734982487,0.49917505644132454,0.08342331637492331,0.5836348375214296
commons-validator,7,mid,0.25,none,36,144,17,0.022769737357748298,0.45292255683698684,0.0006150933407008449,0.4842027916592222
commons-validator,7,mid,0.3,none,36,160,11,-0.09618984732176653,0.19433101452555507,-0.06859677630481018,0.38579507630555043
commons-validator,7,fn_heavy,0.05,none,36,44,29,0.033451404383781684,0.3124206884525074,0.06815209565382294,0.5368607215233142
commons-validator,7,fn_heavy,0.1,none,36,51,17,0.050787935094928856,0.3351692152264965,0.10825174069081116,0.6066842801789623
commons-validator,7,fn_heavy,0.15,none,36,49,0,-0.04562894281432029,0.3149354106316776,-0.032023460191169716,0.43779628376998964
commons-validator,7,fn_heavy,0.2,none,36,62,0,-0.026627434851612328,0.387658360055673,-0.030787112912863485,0.44719112033687664
commons-validator,7,fn_heavy,0.25,none,36,82,0,-0.013416906558079818,0.406838444606616,-0.00028889299374948175,0.4923673262480913
commons-validator,7,fn_heavy,0.3,none,36,103,0,-0.0294314416551062,0.3836354874176386,-0.017324295134836475,0.46448490198068654
commons-validator,13,symmetric,0.05,none,36,61,33,0.02787498793867879,0.37359175549594864,-0.009853871631043891,0.4595532043059856
commons-validator,13,symmetric,0.1,none,36,88,31,0.0761956907491192,0.5086813651725751,0.06885965535952976,0.5710793095744175
commons-validator,13,symmetric,0.15,none,36,114,29,0.03448629593981962,0.4656931785090922,0.047565916528791184,0.543287346755423
commons-validator,13,symmetric,0.2,none,36,139,28,0.03456761797984689,0.4714250050625701,0.07815315308460698,0.5824591346429218
commons-validator,13,symmetric,0.25,none,36,162,26,-0.0035364896721113413,0.43410832951212514,0.045990037622396,0.5472777531278304
commons-validator,13,symmetric,0.3,none,36,192,22,-0.05922627318663664,0.2954853278840435,0.0003820026672370277,0.4931955544357115
commons-validator,13,fp_heavy,0.05,none,36,60,33,0.06477912430375277,0.40677775260200943,0.006300862063831047,0.4789832335851171
commons-validator,13,fp_heavy,0.1,none,36,84,29,0.0762368434927264,0.5086801684990092,0.11481200629407762,0.620757155289016
commons-validator,13,fp_heavy,0.15,none,36,113,28,0.03461123548395272,0.4657137104599379,0.03684456283347474,0.533924989251048
commons-validator,13,fp_heavy,0.2,none,36,134,23,-0.01492154315359082,0.41726117530063217,0.03179456792098665,0.5291158258525557
commons-validator,13,fp_heavy,0.25,none,36,149,20,0.0009316624826974465,0.43690716472683605,0.07087702785213895,0.5734494329083302
commons-validator,13,fp_heavy,0.3,none,36,185,19,-0.025955082085976088,0.32966528036484044,0.037526201935907985,0.5394243022871308
commons-validator,13,mid,0.05,none,36,55,29,0.046198130931749744,0.39047498715852186,-0.011171280627616867,0.45189431433931876
commons-validator,13,mid,0.1,none,36,72,23,0.09998314366933361,0.5696034910884415,0.010751123929257972,0.49541691713585534
commons-validator,13,mid,0.15,none,36,98,19,0.08666918831822974,0.5167996830609409,0.07836021929583141,0.5801339497403522
commons-validator,13,mid,0.2,none,36,113,14,0.03574903574629401,0.4652590802782405,0.11923750591782895,0.6260496390050394
commons-validator,13,mid,0.25,none,36,133,10,0.012491422516689603,0.4459842435090074,0.05382876687958097,0.5546682483133888
commons-validator,13,mid,0.3,none,36,153,5,-0.09956316179347469,0.18476121476418567,-0.031155555126937868,0.4499111379529144
commons-validator,13,fn_heavy,0.05,none,36,34,20,0.009337589095016228,0.33973510094085685,0.003505164044640506,0.4725447831167492
commons-validator,13,fn_heavy,0.1,none,36,46,10,-0.019397043628463593,0.31212640571475403,0.08251165711138068,0.5828980293736769
commons-validator,13,fn_heavy,0.15,none,36,54,0,0.008802348300530184,0.44187414758752747,-0.06941397411115036,0.3920936343776598
commons-validator,13,fn_heavy,0.2,none,36,76,0,-0.010064168054134268,0.4115241249168195,-0.050345697553951574,0.41105055958834313
commons-validator,13,fn_heavy,0.25,none,36,90,0,0.02202120010795318,0.44853723800502904,0.03228558213701408,0.5316932881253306
commons-validator,13,fn_heavy,0.3,none,36,108,0,0.02371775119272529,0.4453284996322517,0.11162863890864802,0.6184188198126211
commons-validator,21,symmetric,0.05,none,36,74,35,0.023402016621149185,0.31635264899383175,0.009662452157246548,0.49352999798996433
commons-validator,21,symmetric,0.1,none,36,95,33,0.049977799406805044,0.3961893248537191,0.01581873469679414,0.5024064369991981
commons-validator,21,symmetric,0.15,none,36,115,31,-0.016649050919953057,0.29047859853596275,0.006679242927069001,0.4899720027138225
commons-validator,21,symmetric,0.2,none,36,134,27,0.055431430959549145,0.49386602028972804,-0.022426472194249383,0.45717225113813487
commons-validator,21,symmetric,0.25,none,36,155,25,0.054891160646061796,0.500480024720914,-0.004897679397978612,0.4824767340028569
commons-validator,21,symmetric,0.3,none,36,194,23,0.027559459381415012,0.46881246920585407,-0.017965994457035665,0.47174118979722357
commons-validator,21,fp_heavy,0.05,none,36,73,34,0.021682597320995995,0.31522035708681007,0.0023186374251683104,0.4875842888361272
commons-validator,21,fp_heavy,0.1,none,36,91,31,0.053968887590633625,0.3995119942102251,0.0191793667329514,0.5112099745188874
commons-validator,21,fp_heavy,0.15,none,36,109,27,0.0017547418617308579,0.3079150746467961,0.042191802060509924,0.5404475928732765
commons-validator,21,fp_heavy,0.2,none,36,128,24,0.04381140387486266,0.4539815278144233,-0.007244679580051225,0.46775090788104984
commons-validator,21,fp_heavy,0.25,none,36,151,23,0.04270446163541433,0.4901063673526923,-0.00017746725737779364,0.48885434897868485
commons-validator,21,fp_heavy,0.3,none,36,188,22,0.025474233287403152,0.46642639903701244,-0.02943255254155703,0.4582764276066377
commons-validator,21,mid,0.05,none,36,67,31,0.07174996632387375,0.40491164540929764,0.024919608791089554,0.5049661836850102
commons-validator,21,mid,0.1,none,36,78,24,0.006594196532094238,0.34887938335094604,0.05899720422599184,0.5549843304396302
commons-validator,21,mid,0.15,none,36,95,22,0.029256055739465537,0.33050633944126884,0.11584128808405553,0.6229280698097253
commons-validator,21,mid,0.2,none,36,114,18,-0.0034909903899959746,0.300265098185507,0.01373433096846681,0.5034001852575611
commons-validator,21,mid,0.25,none,36,126,8,0.03300701360968965,0.47773551253139046,-0.01813558315530099,0.47404399667758096
commons-validator,21,mid,0.3,none,36,155,6,-0.0915304281234418,0.19133011012152912,-0.0813066337250607,0.38004754094165655
commons-validator,21,fn_heavy,0.05,none,36,52,23,0.08539569621035784,0.41567857322614016,0.12594012970568605,0.6263899525437169
commons-validator,21,fn_heavy,0.1,none,36,53,8,-0.016279346387894775,0.3213297964780055,-0.12178776346552642,0.3351817911915163
commons-validator,21,fn_heavy,0.15,none,36,57,0,-0.029533272524463087,0.30962383185109915,-0.06635308700256533,0.39080102490687263
commons-validator,21,fn_heavy,0.2,none,36,71,0,0.03838817606766131,0.3838560234993491,0.06017999899263438,0.5609260215287469
commons-validator,21,fn_heavy,0.25,none,36,87,0,-0.05758607862339455,0.24317957792906245,-0.09772995621548268,0.3560346506444169
commons-validator,21,fn_heavy,0.3,none,36,101,0,0.015407025846113425,0.4534265358021912,-0.0498831480913289,0.4162674387412119
commons-validator,42,symmetric,0.05,none,36,63,36,0.025504103026875134,0.3077375149927036,0.12070137334136834,0.6133286659817875
commons-validator,42,symmetric,0.1,none,36,85,33,-0.014596201225952031,0.28462752210753484,-0.01085123372416372,0.46774312884428654
commons-validator,42,symmetric,0.15,none,36,119,27,-0.01987187828599887,0.3347780754288192,0.03512491673188434,0.5249765823821778
commons-validator,42,symmetric,0.2,none,36,152,27,-0.002219271625680209,0.39946923832312287,0.028487043813986,0.5212831537187086
commons-validator,42,symmetric,0.25,none,36,175,27,-0.005172923022951415,0.35945056292195926,0.09207098259629115,0.5970419218705062
commons-validator,42,symmetric,0.3,none,36,197,26,0.04780464526577962,0.4819512043126647,0.0769695188147996,0.5801113224130006
commons-validator,42,fp_heavy,0.05,none,36,61,35,0.04224288354976887,0.3168174706480602,0.12594467201749468,0.6209507593059577
commons-validator,42,fp_heavy,0.1,none,36,80,29,-0.01235284162030521,0.28553014236473,-0.0017412847028704483,0.4800583291646925
commons-validator,42,fp_heavy,0.15,none,36,117,27,-0.008829430642597967,0.3455998630346819,0.067643437926564,0.5656362201167459
commons-validator,42,fp_heavy,0.2,none,36,148,27,-0.0038006616729839224,0.4004054835532936,0.0659964461416662,0.5663197949682637
commons-validator,42,fp_heavy,0.25,none,36,171,25,-0.015828611091313304,0.34402008104071746,0.058093883291085405,0.5564478517774271
commons-validator,42,fp_heavy,0.3,none,36,194,25,-0.010548470199834596,0.3060582731556388,0.07886542046271801,0.5825587902677406
commons-validator,42,mid,0.05,none,36,52,28,0.022188686822612498,0.3135721776713423,0.0006466013151079885,0.4748101607508659
commons-validator,42,mid,0.1,none,36,71,27,-0.02287020846193115,0.2596859498563497,-0.03273062311139378,0.44222573362012213
commons-validator,42,mid,0.15,none,36,101,24,0.01765863862740262,0.37602556666360265,0.02780918301802296,0.5155154549734594
commons-validator,42,mid,0.2,none,36,134,21,-0.025051658790634267,0.3716207883029787,-0.014867443455431164,0.45539249769820683
commons-validator,42,mid,0.25,none,36,144,13,-0.02963324935941057,0.32552867367978594,0.025990388759799508,0.5187365933583499
commons-validator,42,mid,0.3,none,36,159,7,0.04066583663700519,0.4693022930932109,0.10337075512978569,0.6073318048456449
commons-validator,42,fn_heavy,0.05,none,36,41,25,0.05102160971693212,0.334531708590763,0.12478078503595351,0.6115412407555448
commons-validator,42,fn_heavy,0.1,none,36,48,13,-0.011399650458965195,0.26037814338210546,0.1147279914163049,0.6089327762885316
commons-validator,42,fn_heavy,0.15,none,36,46,0,-0.07380152292653244,0.18007095056940847,0.013381960585900982,0.47634401567532303
commons-validator,42,fn_heavy,0.2,none,36,71,0,-0.04650525275781943,0.2925798455979236,-0.08119252628270898,0.35572871777336634
commons-validator,42,fn_heavy,0.25,none,36,99,0,0.025621314998696482,0.45235308651263917,0.07409174841931579,0.5753293859425799
commons-validator,42,fn_heavy,0.3,none,36,117,0,-0.04959758363162633,0.29636568516238315,0.021108020328512916,0.5139108000384869
commons-validator,77,symmetric,0.05,none,36,54,32,0.03560697689883562,0.4231574064168837,0.004431764355020861,0.4676331567460743
commons-validator,77,symmetric,0.1,none,36,86,28,0.03712224815780938,0.4373220226631553,0.06449989224877457,0.5520020842407595
commons-validator,77,symmetric,0.15,none,36,109,24,0.040176753381600164,0.4765817779786659,0.029090517873954398,0.5179725328484375
commons-validator,77,symmetric,0.2,none,36,138,24,0.033873658448135786,0.5051612775801231,0.007887314705441031,0.4922570938596311
commons-validator,77,symmetric,0.25,none,36,160,21,0.01354696210556556,0.48226588900040473,-0.07463100832708203,0.3674592615325829
commons-validator,77,symmetric,0.3,none,36,183,19,0.07934926337957815,0.6004271269723576,0.11455670505189924,0.6220233254434927
commons-validator,77,fp_heavy,0.05,none,36,51,30,0.025546252134847573,0.41307373225092475,0.0002010657240001674,0.46114143706593375
commons-validator,77,fp_heavy,0.1,none,36,82,25,0.03317131175255507,0.4316214302054188,0.05627822164662388,0.5280593592662911
commons-validator,77,fp_heavy,0.15,none,36,108,24,0.040176753381600164,0.4765817779786659,0.029090517873954398,0.5179725328484375
commons-validator,77,fp_heavy,0.2,none,36,133,21,0.02932847327017094,0.4985672915191202,-0.017211991383974234,0.45647490232482546
commons-validator,77,fp_heavy,0.25,none,36,154,19,0.028661685860568577,0.5006970959069518,0.03711553937995885,0.5216246912541824
commons-validator,77,fp_heavy,0.3,none,36,178,15,0.04883590011610049,0.5682054076151217,-0.011596169873093474,0.47382940539455237
commons-validator,77,mid,0.05,none,36,43,24,0.0470587035138842,0.4349979558623086,-0.06646641388233318,0.3914399758812265
commons-validator,77,mid,0.1,none,36,69,21,-0.005846489094301126,0.38909447121788904,0.002926360491247754,0.46656516090632005
commons-validator,77,mid,0.15,none,36,92,14,0.021171912618617453,0.48615476021844733,-0.025009847008118223,0.42514469436650043
commons-validator,77,mid,0.2,none,36,110,10,0.004371740012198032,0.43734799823076437,0.004757314850620931,0.480603014564464
commons-validator,77,mid,0.25,none,36,131,7,-5.380493467280767e-05,0.4357728512360535,-0.019871450287015167,0.4507533547892793
commons-validator,77,mid,0.3,none,36,154,6,0.04977296576242997,0.5540256835265817,0.05789332169369259,0.5535716231947843
commons-validator,77,fn_heavy,0.05,none,36,34,19,0.021281331449293565,0.4047483613750768,-0.038671923351001225,0.4299575923531415
commons-validator,77,fn_heavy,0.1,none,36,36,7,0.02306098225735515,0.411202154190305,0.08617591150905182,0.5414814068514078
commons-validator,77,fn_heavy,0.15,none,36,54,0,0.003110450568319752,0.3946094040849364,-0.06757133526528297,0.3578597513716263
commons-validator,77,fn_heavy,0.2,none,36,73,0,-0.040617498508440035,0.3485144397426031,-0.023950944959187263,0.4078355245887344
commons-validator,77,fn_heavy,0.25,none,36,89,0,0.013535591249602722,0.4807953653210552,-0.020161595861799105,0.43552670910994384
commons-validator,77,fn_heavy,0.3,none,36,106,0,-0.0051644127459816135,0.462312412055574,-0.06421439548830572,0.39698200744862727
commons-validator,101,symmetric,0.05,none,36,65,35,0.1006316812816547,0.497403507829351,0.18145005226260988,0.6884518705406488
commons-validator,101,symmetric,0.1,none,36,105,35,0.026342156274142627,0.37009038502542196,0.05497201831789128,0.5429582355284294
commons-validator,101,symmetric,0.15,none,36,128,32,0.01743862583293098,0.36389819070789636,0.08764281952463704,0.5919524499556814
commons-validator,101,symmetric,0.2,none,36,153,30,0.026184256621979863,0.3726523255688057,0.06913492230140274,0.5694744616341504
commons-validator,101,symmetric,0.25,none,36,177,29,-0.04448731550794656,0.2522788832234184,0.04168916833030941,0.5426488306933398
commons-validator,101,symmetric,0.3,none,36,206,29,-0.05469932544002229,0.24882987015695862,0.05317386119384547,0.5561744864494763
commons-validator,101,fp_heavy,0.05,none,36,65,35,0.1006316812816547,0.497403507829351,0.18145005226260988,0.6884518705406488
commons-validator,101,fp_heavy,0.1,none,36,100,32,0.05795083740445879,0.42575955965573087,0.10743752223058395,0.6102727522485083
commons-validator,101,fp_heavy,0.15,none,36,125,30,0.02714396701199326,0.3731361671621562,0.13087870845273586,0.6377670933648953
commons-validator,101,fp_heavy,0.2,none,36,150,29,0.00040005896092851906,0.3497863543225001,0.05394626537010835,0.5513124341996967
commons-validator,101,fp_heavy,0.25,none,36,169,27,0.019387280277356696,0.3701373403003688,0.09068807852967523,0.5963821055858124
commons-validator,101,fp_heavy,0.3,none,36,191,22,-0.03427142837263724,0.2657327885751663,0.0991599301507605,0.606114492658228
commons-validator,101,mid,0.05,none,36,61,32,0.11385403550652932,0.506649408822061,0.12419713572571124,0.6235857968596643
commons-validator,101,mid,0.1,none,36,91,29,0.06868689520040519,0.4292308149772272,0.1200197400667109,0.6245080826275502
commons-validator,101,mid,0.15,none,36,111,22,0.053774024473051435,0.4218530842097298,0.11579906416974609,0.6225942468681868
commons-validator,101,mid,0.2,none,36,131,19,-0.02061817594003511,0.3323309550736509,0.06075818441388734,0.5626204590799012
commons-validator,101,mid,0.25,none,36,142,14,-0.002258662988447099,0.34880938739142175,0.08492496860936301,0.590513127836897
commons-validator,101,mid,0.3,none,36,162,9,-0.05567560812434342,0.29204370508687283,0.04808776887115044,0.5491439507915593
commons-validator,101,fn_heavy,0.05,none,36,41,27,0.09523721603750963,0.4765995402265222,0.09615525459382451,0.5990936119003648
commons-validator,101,fn_heavy,0.1,none,36,53,14,0.017673205321437593,0.304072778727087,0.12828312158874622,0.6241002558273769
commons-validator,101,fn_heavy,0.15,none,36,68,0,-0.029149627653568058,0.3182991356656761,-0.009559979666090481,0.4479971460831039
commons-validator,101,fn_heavy,0.2,none,36,85,0,0.016359323720549313,0.44600716525388406,-0.02982248894063087,0.43633696814095213
commons-validator,101,fn_heavy,0.25,none,36,101,0,-0.020681214789367148,0.3374082276148054,0.06048405035248257,0.559021171640933
commons-validator,101,fn_heavy,0.3,none,36,118,0,-0.013375279503299352,0.4095144331914889,0.0872887333062144,0.5913810770052216
commons-validator,123,symmetric,0.05,none,36,60,36,0.07580436915714027,0.3473470203579715,0.05832835444042331,0.5549612035020098
commons-validator,123,symmetric,0.1,none,36,91,35,0.041523800023146304,0.4663165106282733,-0.047635836187797646,0.4224929888875167
commons-validator,123,symmetric,0.15,none,36,113,34,0.029560817799594283,0.4355351543062671,-0.03593856018802072,0.4351057099881961
commons-validator,123,symmetric,0.2,none,36,137,32,-0.02794831082663753,0.2621686445211024,-0.07209763532304815,0.3829474776796048
commons-validator,123,symmetric,0.25,none,36,168,30,-0.017691750050258335,0.343168485323442,0.020961650077038603,0.5155509891050447
commons-validator,123,symmetric,0.3,none,36,198,30,-0.033031156169043736,0.3300735864398779,-0.0977003275085111,0.338905002812048
commons-validator,123,fp_heavy,0.05,none,36,60,36,0.07580436915714027,0.3473470203579715,0.05832835444042331,0.5549612035020098
commons-validator,123,fp_heavy,0.1,none,36,87,34,0.009630947638681385,0.43514533997135224,-0.056485794665684166,0.402176852725557
commons-validator,123,fp_heavy,0.15,none,36,109,32,-0.011800188959975392,0.3831411763761174,-0.059035250523761774,0.3990505518493061
commons-validator,123,fp_heavy,0.2,none,36,134,30,-0.045270952644894974,0.2464492335473542,-0.08049071164735912,0.3638631201767268
commons-validator,123,fp_heavy,0.25,none,36,166,30,-0.037160490570327824,0.26009107382413565,-0.053784129794225276,0.4139808166071786
commons-validator,123,fp_heavy,0.3,none,36,187,23,-0.0637392159695526,0.23510811935395534,-0.07268601723576462,0.37611564338519665
commons-validator,123,mid,0.05,none,36,57,34,0.09077316759413515,0.3592584480175708,0.08310965856484807,0.5840708443152641
commons-validator,123,mid,0.1,none,36,76,30,0.03536979131676377,0.4606284587883625,-0.022625553773123804,0.44802020710283375
commons-validator,123,mid,0.15,none,36,90,23,0.020279836302795128,0.4141926341846471,-0.06994030498566965,0.3945793125970484
commons-validator,123,mid,0.2,none,36,114,19,-0.042954449499173465,0.25919078155594244,-0.07175950263661376,0.38151868672552625
commons-validator,123,mid,0.25,none,36,136,16,-0.03894462800992495,0.3079452846239895,-0.03896368106267115,0.43265556339597316
commons-validator,123,mid,0.3,none,36,153,6,-0.11538345069553772,0.2148389124637855,-0.11431028611081784,0.30448410025044725
commons-validator,123,fn_heavy,0.05,none,36,45,28,0.06686253186137257,0.4641556218161686,0.026021223045074367,0.5106621270729957
commons-validator,123,fn_heavy,0.1,none,36,43,16,0.025834580188874447,0.29896583304212404,-0.04391652900299381,0.4407431225788106
commons-validator,123,fn_heavy,0.15,none,36,51,0,-0.05460716155738978,0.2843512356315879,-0.059974659914354855,0.4051677586461774
commons-validator,123,fn_heavy,0.2,none,36,63,0,-0.039097905440965995,0.2961651814305597,-0.07363206504585096,0.36499266689413895
commons-validator,123,fn_heavy,0.25,none,36,84,0,-0.05046152357341603,0.3349144826139783,-0.017227159312535312,0.46992270811239806
commons-validator,123,fn_heavy,0.3,none,36,103,0,-0.07111616813626369,0.22320944564437373,-0.0944004805966427,0.3372290053331643
commons-validator,202,symmetric,0.05,none,36,56,33,0.09843439728285787,0.4804627546201334,0.06808322716489715,0.5362060987417243
commons-validator,202,symmetric,0.1,none,36,72,31,0.12665613812444948,0.5416738959215904,0.12488673949417654,0.6215808956515716
commons-validator,202,symmetric,0.15,none,36,104,31,0.07492926976201944,0.4685894897954374,0.05952471611472289,0.5478555257640091
commons-validator,202,symmetric,0.2,none,36,127,27,0.0192455448638187,0.3702870391863173,0.027544302997337792,0.5177748263698986
commons-validator,202,symmetric,0.25,none,36,157,25,0.043512165469949564,0.35022377804143984,0.10922524690967511,0.616535870417664
commons-validator,202,symmetric,0.3,none,36,184,24,0.026031564380339312,0.3813989016697066,0.03363664801143628,0.5313476828839429
commons-validator,202,fp_heavy,0.05,none,36,56,33,0.09843439728285787,0.4804627546201334,0.06808322716489715,0.5362060987417243
commons-validator,202,fp_heavy,0.1,none,36,71,31,0.09151773943093912,0.5071798756050324,0.027809663220163663,0.4889630205727065
commons-validator,202,fp_heavy,0.15,none,36,99,27,0.05860549214317482,0.455841760805141,0.06799279754657025,0.5651360492086375
commons-validator,202,fp_heavy,0.2,none,36,121,25,0.012477866572641378,0.3155277600201473,0.052833320927184284,0.5496963348385747
commons-validator,202,fp_heavy,0.25,none,36,152,23,0.01704097139868534,0.32349556604790375,-0.028577494167147804,0.45699792765051994
commons-validator,202,fp_heavy,0.3,none,36,180,21,0.0076836367371595745,0.36272066800523456,0.022702732606943676,0.5204472874834786
commons-validator,202,mid,0.05,none,36,54,31,0.10718399462904576,0.49079676371648506,0.16484481272198598,0.6589435360075772
commons-validator,202,mid,0.1,none,36,60,25,0.15341962790607477,0.5611226243526555,0.25096874463880237,0.7456852233385216
commons-validator,202,mid,0.15,none,36,85,21,0.08403528436408894,0.42452435497528995,0.13852682232054797,0.6352204656370795
commons-validator,202,mid,0.2,none,36,103,16,0.028806786025779296,0.43653663719777686,0.05551251978254595,0.5440880349983069
commons-validator,202,mid,0.25,none,36,128,10,0.02295184856660633,0.3809495114099682,0.044290860720265945,0.5329868745678983
commons-validator,202,mid,0.3,none,36,146,5,-0.010294952403187368,0.3001823828049728,0.03474341240716402,0.5376344455798397
commons-validator,202,fn_heavy,0.05,none,36,39,23,0.06287561572225661,0.31745378766029425,0.15645605771852517,0.6396609739322745
commons-validator,202,fn_heavy,0.1,none,36,38,10,0.06876257374787909,0.4486152867167404,0.12162311841559875,0.6274637898649068
commons-validator,202,fn_heavy,0.15,none,36,38,0,0.003710084524294078,0.38605629280115655,0.10041265299720324,0.5894812945734562
commons-validator,202,fn_heavy,0.2,none,36,56,0,-0.04178823676129138,0.2891545727997191,0.02127819447694424,0.4742560875999112
commons-validator,202,fn_heavy,0.25,none,36,75,0,0.009491808333055105,0.4065056555511366,0.02104819662534226,0.5123270021757896
commons-validator,202,fn_heavy,0.3,none,36,90,0,-0.013473093638304982,0.2875209880228424,0.05114022767557182,0.5380598387592109
commons-validator,314,symmetric,0.05,none,36,58,35,0.010741893645483972,0.2823599439073916,0.09896841317196364,0.5844972897529153
commons-validator,314,symmetric,0.1,none,36,80,33,-0.010816491665831412,0.26585702780335996,0.012696964650788001,0.4881094161912815
commons-validator,314,symmetric,0.15,none,36,109,32,0.04518849161735444,0.4768396572049808,0.016815070047695765,0.5037506323142302
commons-validator,314,symmetric,0.2,none,36,139,30,0.036088528581031204,0.47306744688441693,-0.01792854247708092,0.4632725855244786
commons-validator,314,symmetric,0.25,none,36,166,26,-0.02133302353628867,0.2765019735371924,0.05664857489519009,0.5545411390892161
commons-validator,314,symmetric,0.3,none,36,192,24,0.015600359844541412,0.41805814993495755,0.018601989083650437,0.5090466262820903
commons-validator,314,fp_heavy,0.05,none,36,57,34,0.0025458540663099464,0.273140834124945,0.0665079465801025,0.5494464697408478
commons-validator,314,fp_heavy,0.1,none,36,79,33,-0.0014555883701742438,0.2775510003689793,0.010393722203990655,0.489130856078634
commons-validator,314,fp_heavy,0.15,none,36,106,30,0.037809654238971535,0.4511161865652175,0.05141079904452965,0.5469000567414375
commons-validator,314,fp_heavy,0.2,none,36,134,25,0.046379476348421114,0.48233678250141526,0.0036044474407892976,0.4956824438694744
commons-validator,314,fp_heavy,0.25,none,36,162,23,-0.028840475545841487,0.2645434374736264,0.06054030336207658,0.5584520128773357
commons-validator,314,fp_heavy,0.3,none,36,187,21,0.028794919554330306,0.45551279953326057,-0.03866842750011888,0.4369540531625357
commons-validator,314,mid,0.05,none,36,56,33,-0.006897963723141204,0.2639309147650976,-0.01596927460263736,0.4560814257105856
commons-validator,314,mid,0.1,none,36,65,24,0.020153507343803282,0.2964713772555066,-0.021987890468938478,0.44637497863253217
commons-validator,314,mid,0.15,none,36,87,20,-0.01783170246381747,0.26660979716896166,-0.03761145152102454,0.4274272102331397
commons-validator,314,mid,0.2,none,36,114,16,0.05466404894651844,0.49195832048544436,0.071481047767167,0.5729336571239296
commons-validator,314,mid,0.25,none,36,131,12,-0.015142192182370314,0.2796327704205202,0.010516725572459315,0.5020483118790693
commons-validator,314,mid,0.3,none,36,153,6,-0.029576269492197486,0.3228768347389626,0.0650595690734512,0.5673054119620862
commons-validator,314,fn_heavy,0.05,none,36,39,23,0.0351097567993159,0.30155186314315097,0.10172235234012186,0.6026138504928323
commons-validator,314,fn_heavy,0.1,none,36,43,13,0.0478920218825514,0.4646767604769223,-0.05241670268276843,0.3800230298504119
commons-validator,314,fn_heavy,0.15,none,36,45,0,-0.02628773246618233,0.2619605320265842,-0.03594138769653023,0.44437495551385187
commons-validator,314,fn_heavy,0.2,none,36,62,0,-0.008826405649175088,0.3899887278819168,-0.07779966252528686,0.37248480915952153
commons-validator,314,fn_heavy,0.25,none,36,83,0,-0.029261104551455117,0.3921789804462353,-0.04849502125364563,0.41067241368448354
commons-validator,314,fn_heavy,0.3,none,36,103,0,-0.0317065527959964,0.3719856277263747,-0.04078718470822935,0.43057591288153985
commons-validator,999,symmetric,0.05,none,36,59,35,0.048913077379840166,0.3180261592679635,0.10064425810991925,0.5907431465238578
commons-validator,999,symmetric,0.1,none,36,95,35,0.021698707881246664,0.32009498037354406,0.08038118223887689,0.5756723189819967
commons-validator,999,symmetric,0.15,none,36,122,30,0.027929314613835382,0.32604475597875016,0.03871797029589288,0.5237904090454915
commons-validator,999,symmetric,0.2,none,36,150,29,0.011973448425767278,0.32110070256614187,0.09995672396069925,0.6048171782058273
commons-validator,999,symmetric,0.25,none,36,172,27,0.06411272433674423,0.3689262183529469,0.14245157893661708,0.6486406725910855
commons-validator,999,symmetric,0.3,none,36,205,24,0.006354834425268983,0.32206258849174874,0.0275888169601706,0.5238872791817736
commons-validator,999,fp_heavy,0.05,none,36,59,35,0.048913077379840166,0.3180261592679635,0.10064425810991925,0.5907431465238578
commons-validator,999,fp_heavy,0.1,none,36,92,33,0.02894571642217806,0.32665684042963766,0.13117717388689706,0.6262700856312043
commons-validator,999,fp_heavy,0.15,none,36,119,29,0.03707648587722423,0.3356291085950832,0.051594814809937876,0.5405940005882126
commons-validator,999,fp_heavy,0.2,none,36,142,25,-0.01640634668739725,0.2906646845250557,-0.02995505811298879,0.4364572941066583
commons-validator,999,fp_heavy,0.25,none,36,165,21,0.02884429492795175,0.33976645391932087,0.12797977722722942,0.6344632665747492
commons-validator,999,fp_heavy,0.3,none,36,194,18,-0.029162903101420216,0.28614787670520875,-0.0684778418870056,0.40012069929002997
commons-validator,999,mid,0.05,none,36,55,32,0.048856497835160634,0.31762666474578755,0.11919221886635056,0.6136964115363591
commons-validator,999,mid,0.1,none,36,80,25,0.002197204659112506,0.29727574189203004,0.021389657655133287,0.4976274062490038
commons-validator,999,mid,0.15,none,36,98,18,0.010127772900192303,0.3063845896898195,0.032368789620774635,0.5172142480397116
commons-validator,999,mid,0.2,none,36,120,15,-0.020461485799745018,0.2839065799434135,-0.012008122612452213,0.4577638654748417
commons-validator,999,mid,0.25,none,36,141,10,0.0033841309890314435,0.31106886595675926,0.061547609738648174,0.5597941390294826
commons-validator,999,mid,0.3,none,36,164,5,0.03298783885928213,0.4422636618129584,0.07122471108711087,0.5745944002310773
commons-validator,999,fn_heavy,0.05,none,36,31,20,0.06013874717463445,0.31282610074808576,0.12983854247423074,0.5507005706068377
commons-validator,999,fn_heavy,0.1,none,36,46,12,0.06753415102623564,0.45526984291338773,0.11465906289091529,0.6194400872541193
commons-validator,999,fn_heavy,0.15,none,36,56,0,-0.011814983447927401,0.3841277388431053,0.0032847962261160174,0.48777027712650833
commons-validator,999,fn_heavy,0.2,none,36,74,0,-0.03073064728671933,0.36423954256882085,-0.09039920208311107,0.31463597049739644
commons-validator,999,fn_heavy,0.25,none,36,94,0,-0.05855904688709203,0.23645575779203218,-0.0464243449957725,0.404937881443874
commons-validator,999,fn_heavy,0.3,none,36,111,0,-0.07408691670658388,0.2082938718187537,-0.061274825449147995,0.3747692822559984
commons-vfs,7,symmetric,0.05,none,114,164,110,0.1222207948104611,0.5774885492837037,0.0211376827925067,0.5192303093296202
commons-vfs,7,symmetric,0.1,none,114,205,103,0.1027977348176587,0.5640834177957224,4.298322571707631e-05,0.46133081915066637
commons-vfs,7,symmetric,0.15,none,114,254,97,0.05797731167651785,0.5060519088472275,-0.06146688609451673,0.2892622017176798
commons-vfs,7,symmetric,0.2,none,114,299,88,0.08547999545150062,0.5597482877267751,-0.005029202932271409,0.4773271028747992
commons-vfs,7,symmetric,0.25,none,114,333,81,0.013318527926770414,0.4924446947821041,0.009277231811598478,0.5065107719073993
commons-vfs,7,symmetric,0.3,none,114,374,73,0.027538623759990277,0.5093069133162295,-0.024677254211180947,0.4355138427117278
commons-vfs,7,fp_heavy,0.05,none,114,160,108,0.12897327402303693,0.5814015439431024,0.01954274206087145,0.5172463423451517
commons-vfs,7,fp_heavy,0.1,none,114,199,101,0.14032177890726732,0.5957697855612119,0.033829774675881046,0.5482085550649521
commons-vfs,7,fp_heavy,0.15,none,114,243,89,0.07274849092797585,0.5338106113503428,-0.043398119102518534,0.3652587766236356
commons-vfs,7,fp_heavy,0.2,none,114,285,80,0.039758205831609356,0.5116347779532066,-0.030844704244016627,0.40697548848741627
commons-vfs,7,fp_heavy,0.25,none,114,315,72,0.0028387094219084097,0.47979844720927084,-0.022057907777423277,0.4328889709404366
commons-vfs,7,fp_heavy,0.3,none,114,356,66,0.0059076758252381316,0.4838772864410265,-0.05629419903643338,0.3423144444707423
commons-vfs,7,mid,0.05,none,114,149,102,0.14356575383939146,0.5945836764288752,0.014501633450331708,0.5126020728014002
commons-vfs,7,mid,0.1,none,114,170,81,0.11236147081887202,0.5695858926977391,0.016617870592938972,0.5129287131612423
commons-vfs,7,mid,0.15,none,114,189,66,0.07002884937105582,0.5297739089625156,-0.03170918493590196,0.3986849813359173
commons-vfs,7,mid,0.2,none,114,227,56,-0.0028595640204933225,0.47014314597350804,-0.02789111923189427,0.4084595117871787
commons-vfs,7,mid,0.25,none,114,261,40,-0.017811656426476436,0.4393502135433625,-0.06582396973315381,0.2927416402453378
commons-vfs,7,mid,0.3,none,114,274,26,-0.05355922098299194,0.42074606579156903,-0.03290739819007484,0.39994377485833266
commons-vfs,7,fn_heavy,0.05,none,114,99,78,0.1376033464433518,0.5872373023677957,0.09742117508140573,0.6782995562430799
commons-vfs,7,fn_heavy,0.1,none,114,104,52,0.04930490281863828,0.4938094605927867,-0.018955113101462688,0.43018082136032054
commons-vfs,7,fn_heavy,0.15,none,114,101,21,0.0016628837315493547,0.4526848456958695,-0.005609965990462711,0.451902541066611
commons-vfs,7,fn_heavy,0.2,none,114,102,0,-0.01593356173625461,0.4369712598289445,-0.018016766011788157,0.4257898681001941
commons-vfs,7,fn_heavy,0.25,none,114,122,0,-0.042631250689024534,0.4105550059307747,-0.0673351355890212,0.28783952053563894
commons-vfs,7,fn_heavy,0.3,none,114,156,0,-0.0334404205733461,0.4276890526057258,-0.04639940796186879,0.34954788371812257
commons-vfs,13,symmetric,0.05,none,114,167,107,0.19683244911225037,0.632422895408976,-0.004777242294389597,0.46084663033641665
commons-vfs,13,symmetric,0.1,none,114,216,102,0.14488900530510485,0.6012817041187355,0.001095852950013223,0.483094324309522
commons-vfs,13,symmetric,0.15,none,114,255,95,0.135609813509766,0.5930380782880792,-0.020932671270686567,0.43516097494540196
commons-vfs,13,symmetric,0.2,none,114,289,92,0.09835167811968104,0.5521154326195674,-0.04831916874071849,0.3470675037917505
commons-vfs,13,symmetric,0.25,none,114,326,84,0.060962858572667825,0.5242944385611644,-0.05441595164419922,0.3429920587712558
commons-vfs,13,symmetric,0.3,none,114,373,78,0.0774950431050611,0.560269726320674,0.02409790628200654,0.5465635581015006
commons-vfs,13,fp_heavy,0.05,none,114,163,105,0.16761104937500323,0.6038318197768118,-0.0277030123229562,0.40777215286827473
commons-vfs,13,fp_heavy,0.1,none,114,207,96,0.1413799773005387,0.5938390784825222,-0.01718153289008102,0.43934285926071304
commons-vfs,13,fp_heavy,0.15,none,114,249,92,0.10991133344355386,0.569693119030154,-0.028359344541369534,0.41184500187093176
commons-vfs,13,fp_heavy,0.2,none,114,275,82,0.05521966237536046,0.5254264920690562,-0.03357897666190568,0.3991047010373569
commons-vfs,13,fp_heavy,0.25,none,114,314,78,0.045055841483227464,0.5140083658749068,-0.024811348539984072,0.4335304140409316
commons-vfs,13,fp_heavy,0.3,none,114,357,72,0.05295044444417435,0.5343971780665678,-0.026287378213721253,0.43414099295648917
commons-vfs,13,mid,0.05,none,114,149,96,0.17403074297684654,0.6109886587478821,-0.025296706426487882,0.4159550828086288
commons-vfs,13,mid,0.1,none,114,179,84,0.1177980957061314,0.5635296449454817,-0.0475594579984509,0.34087092978707423
commons-vfs,13,mid,0.15,none,114,215,76,0.07402196889234376,0.5316368213790544,-0.03978845106004542,0.372103348067549
commons-vfs,13,mid,0.2,none,114,225,54,0.056161679492169235,0.5082803023662862,-0.06928165881570593,0.2929772783266767
commons-vfs,13,mid,0.25,none,114,243,41,0.014223678737003389,0.4761106731216995,-0.05411469321753519,0.3231907337106958
commons-vfs,13,mid,0.3,none,114,266,26,-0.006131441565978058,0.4679520410067172,-0.050118479312764544,0.36094152459780277
commons-vfs,13,fn_heavy,0.05,none,114,108,81,0.14608276590730157,0.6019854797743347,0.09547602095118804,0.6730235157527598
commons-vfs,13,fn_heavy,0.1,none,114,108,49,0.11761623364242238,0.5627896072781081,-0.03377490345951703,0.3647132478087894
commons-vfs,13,fn_heavy,0.15,none,114,104,19,0.04879565914823052,0.5143346386407063,0.06891970116585996,0.6278578439306607
commons-vfs,13,fn_heavy,0.2,none,114,112,0,0.05224772051321542,0.5037689544962026,0.04582277868774213,0.5845033278002343
commons-vfs,13,fn_heavy,0.25,none,114,139,0,0.01697547031547982,0.4743256806365176,-0.025445321587611484,0.41903725330244
commons-vfs,13,fn_heavy,0.3,none,114,158,0,-0.006107653758469724,0.4462584845789687,-0.03855568055831958,0.3769200532892601
commons-vfs,21,symmetric,0.05,none,114,173,110,0.09607309014104093,0.5424971530787877,0.04332103633614687,0.5585884790346082
commons-vfs,21,symmetric,0.1,none,114,220,108,0.09274411212275897,0.5649894936372677,0.06919516042837137,0.6322939479333347
commons-vfs,21,symmetric,0.15,none,114,251,103,0.07015050822840514,0.5409258133596517,0.022277651058617877,0.5168877560234708
commons-vfs,21,symmetric,0.2,none,114,284,98,0.02970780322167495,0.5075989929890168,0.045242827282149005,0.5817039742832767
commons-vfs,21,symmetric,0.25,none,114,324,91,0.03418108354330027,0.5170043229118566,0.07168314266022151,0.6372731223427056
commons-vfs,21,symmetric,0.3,none,114,366,79,0.03438568954678432,0.5232827673435848,0.08081363099341728,0.654257021603985
commons-vfs,21,fp_heavy,0.05,none,114,172,110,0.1020480273430239,0.5529788614117458,0.05932053082087934,0.5949421676729884
commons-vfs,21,fp_heavy,0.1,none,114,212,106,0.07275166590996403,0.5459050692029602,0.041911720821268796,0.5756443421549489
commons-vfs,21,fp_heavy,0.15,none,114,242,98,0.07404158139434094,0.558115085041959,0.1029597235224158,0.6927013315125072
commons-vfs,21,fp_heavy,0.2,none,114,268,88,0.01413651769844071,0.5035035664834828,0.09018335586082175,0.670560159223382
commons-vfs,21,fp_heavy,0.25,none,114,299,72,-0.028984463090792344,0.453873431075903,-0.03272999052421022,0.394619135642185
commons-vfs,21,fp_heavy,0.3,none,114,338,62,0.00301793144963595,0.489849574950573,0.07814165995483022,0.6493750011418781
commons-vfs,21,mid,0.05,none,114,161,106,0.11953061937438722,0.5740657135360785,0.055346519450782214,0.5923037491486745
commons-vfs,21,mid,0.1,none,114,184,90,0.11413911896461659,0.5784885802045766,0.08282248367238924,0.657114216590665
commons-vfs,21,mid,0.15,none,114,191,63,0.04511455413771669,0.5319410649477689,0.050845904784116235,0.5942927733382323
commons-vfs,21,mid,0.2,none,114,209,52,-0.005715098575191852,0.4785822678435662,-0.007464164171229744,0.4612112737065915
commons-vfs,21,mid,0.25,none,114,234,42,0.0059000148537039256,0.4983168029207336,0.019977155287335145,0.5321492254861726
commons-vfs,21,mid,0.3,none,114,255,25,-0.040117741598439914,0.4372856342330837,-0.0025203494383573373,0.478219289797148
commons-vfs,21,fn_heavy,0.05,none,114,118,84,0.1052331410248566,0.5664157200137875,0.10802038079920873,0.6647737473934887
commons-vfs,21,fn_heavy,0.1,none,114,114,51,0.054593235156661514,0.5233708101154764,0.13320601257774775,0.7407962729686516
commons-vfs,21,fn_heavy,0.15,none,114,105,21,-0.016482820335131668,0.4118377106897766,-0.033395839088724566,0.3773447678628293
commons-vfs,21,fn_heavy,0.2,none,114,109,0,-0.068185439827983,0.39828195680849715,0.09199760817103905,0.6742685237594152
commons-vfs,21,fn_heavy,0.25,none,114,128,0,-0.05972648633717677,0.4019336353342806,0.12347687352959714,0.728608581715574
commons-vfs,21,fn_heavy,0.3,none,114,146,0,-0.07102596373651716,0.3992873436131675,0.053489165412992486,0.6024035911913569
commons-vfs,42,symmetric,0.05,none,114,161,109,0.10597205369229973,0.5467042016599942,0.022934299596642834,0.5421556901140988
commons-vfs,42,symmetric,0.1,none,114,195,104,0.08285334196380277,0.5418221318625952,0.01228245150530129,0.5072059983069005
commons-vfs,42,symmetric,0.15,none,114,249,93,0.07230645317679277,0.5195836452650775,-0.016152439748389428,0.41988263293320294
commons-vfs,42,symmetric,0.2,none,114,289,84,0.06655019009562552,0.5358749390236925,0.06420408398508622,0.6201197719510734
commons-vfs,42,symmetric,0.25,none,114,331,80,0.03219443404926257,0.5173824599485404,0.06395742092803358,0.6229938361432494
commons-vfs,42,symmetric,0.3,none,114,371,75,0.0656207700146594,0.5510434928328435,0.09762565563214036,0.6837841763345333
commons-vfs,42,fp_heavy,0.05,none,114,157,108,0.10619323802729162,0.546988872451675,0.025317277091511197,0.5461949444409913
commons-vfs,42,fp_heavy,0.1,none,114,182,96,0.08814126796278085,0.536638919477369,0.006577451159401529,0.4808761991800313
commons-vfs,42,fp_heavy,0.15,none,114,237,84,0.06591852080396084,0.5304207105440389,0.051194168955462256,0.5932169878593976
commons-vfs,42,fp_heavy,0.2,none,114,277,79,0.027024282405761928,0.48247255156733904,0.0033472428992796354,0.491637958666362
commons-vfs,42,fp_heavy,0.25,none,114,305,68,0.04555521474252701,0.5226840236133241,0.02627585461008007,0.5492082292049937
commons-vfs,42,fp_heavy,0.3,none,114,348,63,0.040094110092524095,0.5272843136973256,0.0025687586184354795,0.49158585789340276
commons-vfs,42,mid,0.05,none,114,140,98,0.08306174777584178,0.5224061263686608,0.02756078697175146,0.5489803172954759
commons-vfs,42,mid,0.1,none,114,150,79,0.10937112187869188,0.563347465859086,0.07069284873110697,0.6359077005560685
commons-vfs,42,mid,0.15,none,114,184,63,0.06594137658336839,0.5286556593223067,0.08780175167378924,0.6630550619970723
commons-vfs,42,mid,0.2,none,114,229,56,0.02519097164266894,0.4882577095191293,-0.022519477998610832,0.4125812828268955
commons-vfs,42,mid,0.25,none,114,255,44,0.052836972284371155,0.5280300906293922,0.0556039765520461,0.6067170847396619
commons-vfs,42,mid,0.3,none,114,284,36,0.01647766587749831,0.5000622123069741,-0.009795059833929653,0.4658924843011388
commons-vfs,42,fn_heavy,0.05,none,114,104,79,0.08162190929379222,0.5049114558766316,-0.0378774704523944,0.3613195970936983
commons-vfs,42,fn_heavy,0.1,none,114,104,52,0.09995213404274521,0.544367017845774,0.022867517205287204,0.537720244003679
commons-vfs,42,fn_heavy,0.15,none,114,95,25,0.030662213764505664,0.47019888323881975,-0.04034269741096725,0.35458596099545625
commons-vfs,42,fn_heavy,0.2,none,114,88,0,-0.027023526908149274,0.43774441914875895,0.025371507780196256,0.5416704702267131
commons-vfs,42,fn_heavy,0.25,none,114,121,0,-0.01009650692987704,0.4484605387535771,0.03322806702080912,0.5503351824503001
commons-vfs,42,fn_heavy,0.3,none,114,155,0,-0.012746279763212916,0.45508779730454124,0.026427353457678722,0.5470914644693089
commons-vfs,77,symmetric,0.05,none,114,147,109,0.1450860076285108,0.5932336608479359,0.10753837731803191,0.6846560697779427
commons-vfs,77,symmetric,0.1,none,114,205,106,0.12461763493532346,0.5907392389413338,0.04824881204757756,0.5639242889021308
commons-vfs,77,symmetric,0.15,none,114,255,100,0.08148487900197313,0.548116437917349,0.0075875089739142745,0.4883777192195097
commons-vfs,77,symmetric,0.2,none,114,292,98,0.0599454207373636,0.5209703004950348,-0.006482561143260388,0.4584598845047908
commons-vfs,77,symmetric,0.25,none,114,340,93,0.08402440543452486,0.5514715975441005,-0.0034297759783376183,0.47968724859576894
commons-vfs,77,symmetric,0.3,none,114,380,88,0.07930435928648996,0.5624605320704024,0.03399981325532847,0.5612159675766939
commons-vfs,77,fp_heavy,0.05,none,114,144,109,0.12309127675274224,0.5723096698079932,0.03841147712282232,0.5527307695976809
commons-vfs,77,fp_heavy,0.1,none,114,196,102,0.07778181463534717,0.5496290988608511,0.08779353223829743,0.6558686118748818
commons-vfs,77,fp_heavy,0.15,none,114,244,98,0.07187143379743306,0.5378106109628426,0.01711736214765306,0.5089969079393201
commons-vfs,77,fp_heavy,0.2,none,114,281,92,0.09138648349665797,0.5539998832396612,-9.862432581322981e-05,0.474813206983471
commons-vfs,77,fp_heavy,0.25,none,114,317,82,0.044254498154458616,0.5120664192643019,-0.021101569360064108,0.4281722740476339
commons-vfs,77,fp_heavy,0.3,none,114,355,69,-0.008240324565169712,0.4720505906502418,-0.024583872173083613,0.42071919179688716
commons-vfs,77,mid,0.05,none,114,128,102,0.13163193481673038,0.5824515948454797,0.1436974521373123,0.7168398245313679
commons-vfs,77,mid,0.1,none,114,168,92,0.09621187916260522,0.5641509956878125,0.11420275265789388,0.7030194941885879
commons-vfs,77,mid,0.15,none,114,198,74,0.02274060480162098,0.47694519099296734,-0.03253445203122148,0.363182890783247
commons-vfs,77,mid,0.2,none,114,224,55,0.030088331851680736,0.5055606465648038,0.008474941320450548,0.48833102645091453
commons-vfs,77,mid,0.25,none,114,245,46,-0.0155016022921011,0.4433390807240603,-0.05598647662621048,0.30259992818449266
commons-vfs,77,mid,0.3,none,114,275,32,-0.042209987022026704,0.4191311329377866,-0.06131400446786714,0.29453020673308755
commons-vfs,77,fn_heavy,0.05,none,114,108,91,0.14439615633575942,0.5818559156028554,0.1268151282433306,0.7011317328894637
commons-vfs,77,fn_heavy,0.1,none,114,88,52,0.04121075218385073,0.44789472944047165,-0.0670510094339602,0.2467940545378055
commons-vfs,77,fn_heavy,0.15,none,114,91,24,-0.008332160365832746,0.4309304812069387,0.02458067377347194,0.5248947088689383
commons-vfs,77,fn_heavy,0.2,none,114,96,0,-0.05364018968629307,0.38109892941863704,0.02441691745072047,0.5318440016243734
commons-vfs,77,fn_heavy,0.25,none,114,124,0,-0.060555066800120884,0.3799032183812998,-0.043031966741573384,0.3444805470311117
commons-vfs,77,fn_heavy,0.3,none,114,152,0,-0.06780240947641947,0.3896248340404541,-0.025587814222028597,0.40619474262695443
commons-vfs,101,symmetric,0.05,none,114,152,109,0.0887804984493804,0.5404060239426761,0.037392790129390584,0.5598916366034454
commons-vfs,101,symmetric,0.1,none,114,210,103,0.06805370559977712,0.5195489635160393,-0.03474227309125299,0.3633444014030555
commons-vfs,101,symmetric,0.15,none,114,255,100,0.0728091886843481,0.5377430322970702,0.02696705386448824,0.5406883989344983
commons-vfs,101,symmetric,0.2,none,114,314,97,0.02991328707185185,0.48260478514330646,-0.0765492667309552,0.24109979112558058
commons-vfs,101,symmetric,0.25,none,114,361,93,0.02647539499695043,0.5045402756926218,0.00532998170082042,0.50295751008674
commons-vfs,101,symmetric,0.3,none,114,404,87,0.03216907086786082,0.5131874720194385,0.029734050904606277,0.555828328902464
commons-vfs,101,fp_heavy,0.05,none,114,149,107,0.09184134170033711,0.5440326600572233,0.044147614139855906,0.5760746523887436
commons-vfs,101,fp_heavy,0.1,none,114,203,100,0.060339263744545374,0.5217797093866285,0.02538459380633346,0.5421476857307305
commons-vfs,101,fp_heavy,0.15,none,114,253,99,0.059049824566951674,0.5277312534242259,0.03326031156245539,0.5546406343093395
commons-vfs,101,fp_heavy,0.2,none,114,302,93,0.05737234265042459,0.5115089949843464,-0.06291123049719409,0.29807900323142184
commons-vfs,101,fp_heavy,0.25,none,114,341,82,-0.02423839138378244,0.45216892033725425,-0.017207944916878302,0.455233215276746
commons-vfs,101,fp_heavy,0.3,none,114,379,76,0.015524855704899273,0.48878148227298907,-0.044699729662567494,0.37367678616515354
commons-vfs,101,mid,0.05,none,114,139,101,0.08629720633404593,0.5433592508608835,0.055716953637694404,0.5928562481552022
commons-vfs,101,mid,0.1,none,114,174,93,0.08204240403543119,0.5355025290186893,0.0439100886479976,0.5685759886323893
commons-vfs,101,mid,0.15,none,114,211,77,0.027825609391516945,0.48685974626059947,0.030580387052272603,0.5465564036354201
commons-vfs,101,mid,0.2,none,114,245,69,0.05329847487410853,0.5214144462199658,0.02899401969261658,0.5450485600827475
commons-vfs,101,mid,0.25,none,114,276,53,0.010703190680985278,0.487937931144477,0.022540138037376495,0.5313823264037781
commons-vfs,101,mid,0.3,none,114,297,33,-0.07593551958561642,0.3740858259680284,-0.0872297053201156,0.1857710069482502
commons-vfs,101,fn_heavy,0.05,none,114,106,91,0.15722332060695624,0.5910800153314996,0.11592335620207757,0.6521229857504102
commons-vfs,101,fn_heavy,0.1,none,114,106,63,0.033249835367118556,0.4799757085227652,0.027286391722367048,0.5501799838274001
commons-vfs,101,fn_heavy,0.15,none,114,97,25,-0.009087939781988512,0.4083832296788117,0.0361221886025415,0.5479694997954778
commons-vfs,101,fn_heavy,0.2,none,114,104,0,-0.06583713749261322,0.34176035671738436,-0.030294069621612213,0.39660971360417446
commons-vfs,101,fn_heavy,0.25,none,114,134,0,-0.0825926506207795,0.32718329448775657,0.004499655110646517,0.4633048790711804
commons-vfs,101,fn_heavy,0.3,none,114,154,0,-0.060958270254566585,0.36004512376567105,0.006665197700418882,0.4791876079597878
commons-vfs,123,symmetric,0.05,none,114,147,107,0.14814025185838356,0.5930360237743014,0.03147862189694348,0.5226706173784256
commons-vfs,123,symmetric,0.1,none,114,194,105,0.11790968247056961,0.5885717040211546,0.054060336134676513,0.5744114181275605
commons-vfs,123,symmetric,0.15,none,114,232,100,0.1115893381713424,0.5763168898879516,0.019420748460849714,0.4857061699146432
commons-vfs,123,symmetric,0.2,none,114,274,94,0.027257743086886867,0.4980959780259509,-0.03200865993731273,0.3617660967307089
commons-vfs,123,symmetric,0.25,none,114,321,87,0.046847723835894764,0.49976441585504106,-0.06542687166659589,0.2797282597878945
commons-vfs,123,symmetric,0.3,none,114,367,82,0.06358825538621876,0.5389029831662464,-0.04650593231167248,0.3642959103663756
commons-vfs,123,fp_heavy,0.05,none,114,146,107,0.13920007295894052,0.5785902727138443,0.0014634681684968106,0.45017687272161694
commons-vfs,123,fp_heavy,0.1,none,114,188,103,0.09524695056717404,0.5725534746777328,0.05093210588313305,0.5707487732215296
commons-vfs,123,fp_heavy,0.15,none,114,221,95,0.08509807624494545,0.5465556749780672,-0.0006040272750976709,0.45000531807996197
commons-vfs,123,fp_heavy,0.2,none,114,261,86,0.04505867390468845,0.5049373045222928,-0.05397868389310982,0.2824937042966893
commons-vfs,123,fp_heavy,0.25,none,114,306,82,0.07807670724631584,0.5458756968759253,0.011924639910166998,0.5128385592816088
commons-vfs,123,fp_heavy,0.3,none,114,347,78,0.047299628081361046,0.525846972681695,-0.04198780563977625,0.3669551301797761
commons-vfs,123,mid,0.05,none,114,141,103,0.15012788729140406,0.6030529688581326,0.04533366867539476,0.5595380925937424
commons-vfs,123,mid,0.1,none,114,157,87,0.07495790042468038,0.5311849669917944,0.004535163755914722,0.4315518448076385
commons-vfs,123,mid,0.15,none,114,183,79,0.051699964704900916,0.5119193089588765,-0.01803105542438304,0.38161463438555576
commons-vfs,123,mid,0.2,none,114,209,58,0.0215492058041114,0.47401001014582866,-0.053541800798792345,0.2784513435695774
commons-vfs,123,mid,0.25,none,114,233,50,0.04223292286196326,0.5101062881438043,-0.0508729702023622,0.34608108538708815
commons-vfs,123,mid,0.3,none,114,266,35,0.01174951325328066,0.47082725603772896,-0.06944393338479121,0.2491460632050703
commons-vfs,123,fn_heavy,0.05,none,114,107,85,0.12189656152863616,0.5601228925553264,0.02356220332316326,0.49373047610747023
commons-vfs,123,fn_heavy,0.1,none,114,94,55,0.057611265522127024,0.48699006872678996,-0.038212916543028844,0.33380297341893955
commons-vfs,123,fn_heavy,0.15,none,114,86,26,0.03753442911440757,0.47743478478577944,-0.02500323106806622,0.3556606529637577
commons-vfs,123,fn_heavy,0.2,none,114,86,0,-0.028859883070374678,0.41872743150803865,-0.014572168420402704,0.385603726285463
commons-vfs,123,fn_heavy,0.25,none,114,104,0,-0.034231349228515624,0.4178731116895121,-0.04491806234782227,0.33351101083073337
commons-vfs,123,fn_heavy,0.3,none,114,130,0,-0.061618559871872654,0.381148163502087,-0.05966731654593912,0.24669603945248275
commons-vfs,202,symmetric,0.05,none,114,158,111,0.1651147925242787,0.6110895925076726,0.005096677361050935,0.49932725051677823
commons-vfs,202,symmetric,0.1,none,114,195,106,0.1279216763053532,0.5816180442456446,0.008529702236790223,0.49186920221691904
commons-vfs,202,symmetric,0.15,none,114,242,98,0.07846928986018076,0.5343717593203,-0.0344083502330982,0.3744262327879227
commons-vfs,202,symmetric,0.2,none,114,286,93,0.08797032887803914,0.5292798671284465,-0.06764916890027865,0.2698563670486218
commons-vfs,202,symmetric,0.25,none,114,327,85,0.047990776364411195,0.5095763707084145,0.0013143323872451382,0.48782320184247896
commons-vfs,202,symmetric,0.3,none,114,377,79,-0.013125902837123043,0.472657906849542,0.04684172660957134,0.5881009774351602
commons-vfs,202,fp_heavy,0.05,none,114,156,109,0.12363374123823162,0.5730045311457516,0.006028110709855061,0.4950916761479187
commons-vfs,202,fp_heavy,0.1,none,114,185,100,0.09412985308964376,0.5460000338866461,-0.019542966976123594,0.42959665514825046
commons-vfs,202,fp_heavy,0.15,none,114,231,93,0.07750567698079523,0.5427367286370189,-0.014726175280251552,0.4265412863406588
commons-vfs,202,fp_heavy,0.2,none,114,269,83,0.06992891686455527,0.5290372763254516,0.008333102388432073,0.4996951002844737
commons-vfs,202,fp_heavy,0.25,none,114,312,77,0.054368035456325715,0.5312273491378988,0.0461231444483743,0.588204338215127
commons-vfs,202,fp_heavy,0.3,none,114,348,68,-0.01569903466205647,0.45726216411655585,0.019812624955711795,0.5311584619009339
commons-vfs,202,mid,0.05,none,114,145,102,0.14918932530611387,0.6006963851982612,-0.0022380919988990128,0.4879124570813978
commons-vfs,202,mid,0.1,none,114,156,84,0.09704992413825901,0.5531635307008972,0.012256247797022043,0.5176933876743902
commons-vfs,202,mid,0.15,none,114,183,69,0.05132949024580949,0.512042447102726,-0.016459395042510334,0.43135737388200734
commons-vfs,202,mid,0.2,none,114,213,56,0.005612821714994978,0.4588735514982182,-0.054935258919078946,0.3035312186789904
commons-vfs,202,mid,0.25,none,114,241,41,-0.005628524148399551,0.4589621801446415,-0.033262552722303204,0.38739143382878083
commons-vfs,202,mid,0.3,none,114,266,26,-0.037945678695515295,0.42323727175715103,-0.004516885355213636,0.4714796859300216
commons-vfs,202,fn_heavy,0.05,none,114,107,83,0.12394547252945333,0.5764619712280856,0.024281606283755967,0.5474092183260728
commons-vfs,202,fn_heavy,0.1,none,114,99,52,0.03411904399182326,0.4856332273579335,0.017009620746015253,0.5319170887624377
commons-vfs,202,fn_heavy,0.15,none,114,81,16,-0.050003196050077754,0.3554349121913275,-0.08491694093014283,0.2206945070377755
commons-vfs,202,fn_heavy,0.2,none,114,88,0,-0.049483694165608695,0.33809123716124606,-0.056571465377450315,0.295366945818021
commons-vfs,202,fn_heavy,0.25,none,114,114,0,-0.018728313403502818,0.4088548766778635,-0.04362826256861752,0.3552542007577381
commons-vfs,202,fn_heavy,0.3,none,114,141,0,-0.062329239369383664,0.3615955234765491,-0.051547574095043375,0.3114204334559483
commons-vfs,314,symmetric,0.05,none,114,167,111,0.11309972121179244,0.5740208970082791,0.07575337449738744,0.6410447553890576
commons-vfs,314,symmetric,0.1,none,114,202,104,0.12296581358007805,0.5833168226618188,0.06466440684919914,0.621642398312512
commons-vfs,314,symmetric,0.15,none,114,245,98,0.09215938196465735,0.5620024445776229,-0.01262147264332066,0.44435099663013244
commons-vfs,314,symmetric,0.2,none,114,291,91,0.11062365186463381,0.5776528069037296,-0.005431393283082298,0.4682404667598123
commons-vfs,314,symmetric,0.25,none,114,339,85,0.07541151800125742,0.5581336717040247,0.06634984858189659,0.6261296769316743
commons-vfs,314,symmetric,0.3,none,114,391,79,0.04861363445719066,0.5427686806185267,0.07855973217524678,0.6499527755275992
commons-vfs,314,fp_heavy,0.05,none,114,165,110,0.12758388847134208,0.5855640714300774,0.08968438437982,0.6606033714891487
commons-vfs,314,fp_heavy,0.1,none,114,193,98,0.10390697531988838,0.5556167412059568,0.03127249974304171,0.548215519406847
commons-vfs,314,fp_heavy,0.15,none,114,232,91,0.12972342985162963,0.5923397408106037,0.05571557335137679,0.6052805283077888
commons-vfs,314,fp_heavy,0.2,none,114,275,84,0.12383631998036297,0.5986799887315403,0.06857767362556688,0.6309907856231287
commons-vfs,314,fp_heavy,0.25,none,114,322,76,0.06045611357351453,0.5364932822058618,0.041718356745735895,0.5796581114215859
commons-vfs,314,fp_heavy,0.3,none,114,375,72,0.012696237134871249,0.5036140209949108,0.05764045844289667,0.6108383268277507
commons-vfs,314,mid,0.05,none,114,145,98,0.12899448134288236,0.5788393691563348,0.0649323167073806,0.6094248023516636
commons-vfs,314,mid,0.1,none,114,175,85,0.1068273437652883,0.5590821311606606,0.009938212243158003,0.4905041096720586
commons-vfs,314,mid,0.15,none,114,187,73,0.09112558895223279,0.5430827254399051,-0.036524847532580236,0.3689795247036466
commons-vfs,314,mid,0.2,none,114,227,64,0.048504230270419876,0.50602646245976,-0.020469747952404412,0.4050981885818974
commons-vfs,314,mid,0.25,none,114,264,55,-0.0062398327184237405,0.46200314921814717,-0.04160619986022124,0.36349309084197984
commons-vfs,314,mid,0.3,none,114,288,37,0.03712937449969154,0.5230844924901902,0.06495979301973044,0.6252346580327748
commons-vfs,314,fn_heavy,0.05,none,114,106,82,0.14514146765786604,0.580657261255983,0.0743521607280389,0.6302805339537974
commons-vfs,314,fn_heavy,0.1,none,114,116,61,0.1074579348455496,0.5640890134906932,0.08419265686841623,0.6528591203017933
commons-vfs,314,fn_heavy,0.15,none,114,109,26,0.04273528189074696,0.4895532988575815,-0.00968171745709792,0.45214090331939544
commons-vfs,314,fn_heavy,0.2,none,114,98,0,-0.03437132945077105,0.3951943614811207,-0.0653345613837732,0.28807700548234083
commons-vfs,314,fn_heavy,0.25,none,114,114,0,-0.054441987643535264,0.376281898042005,-0.06518992349924828,0.2813832313048882
commons-vfs,314,fn_heavy,0.3,none,114,146,0,-0.05002450867667535,0.3976488377612843,-0.03429841357427778,0.38274810510025176
commons-vfs,999,symmetric,0.05,none,114,155,111,0.1443017002916371,0.5803710926483362,0.00376133341299862,0.4678501797221498
commons-vfs,999,symmetric,0.1,none,114,210,109,0.11433097726333011,0.5801938593418887,0.14472575398041282,0.7568396757570713
commons-vfs,999,symmetric,0.15,none,114,255,101,0.06139133269216516,0.5405737011979793,0.0028538001852405014,0.48871492463522714
commons-vfs,999,symmetric,0.2,none,114,298,96,0.027891769896605103,0.5120999561554072,-0.0026984871289642202,0.4764993685094816
commons-vfs,999,symmetric,0.25,none,114,336,90,0.023346176604765668,0.511459509771402,0.019909396184532243,0.5361818838357595
commons-vfs,999,symmetric,0.3,none,114,389,81,-0.06755791399516245,0.4254312868827555,-0.019830639455165014,0.4427899007907354
commons-vfs,999,fp_heavy,0.05,none,114,154,110,0.1531181380500065,0.5948374563545256,0.03583432556155001,0.5399025871886541
commons-vfs,999,fp_heavy,0.1,none,114,201,103,0.09222935026588513,0.5593143398728622,0.09191574141457265,0.6703342296220902
commons-vfs,999,fp_heavy,0.15,none,114,245,96,0.0764030750781272,0.5490808810372864,0.06883525490508981,0.6258440835593356
commons-vfs,999,fp_heavy,0.2,none,114,282,89,0.011200414109044014,0.4994258519242464,0.008107782139813832,0.5042210082969442
commons-vfs,999,fp_heavy,0.25,none,114,313,76,0.04088227671027187,0.5307381367541772,0.03363074604848423,0.565417144910693
commons-vfs,999,fp_heavy,0.3,none,114,369,70,-0.038886317690883944,0.4488247220625446,-0.03522453027349301,0.4059498829373462
commons-vfs,999,mid,0.05,none,114,144,105,0.1338874590842722,0.58425114438585,0.08634476015882832,0.6515826165778279
commons-vfs,999,mid,0.1,none,114,172,90,0.10375920220066868,0.5707149239615061,0.11517548973101129,0.7093156868824302
commons-vfs,999,mid,0.15,none,114,192,72,0.0529468484876645,0.5209113571467482,-0.025694918612077775,0.417371483728586
commons-vfs,999,mid,0.2,none,114,224,61,0.03494130970105706,0.5180911142005994,0.08035367792826065,0.6507833102589902
commons-vfs,999,mid,0.25,none,114,242,39,-0.027319661774580745,0.45927055082538554,-0.005931818695810403,0.4694435139984139
commons-vfs,999,mid,0.3,none,114,266,23,-0.052562984777283224,0.4361179213898435,-0.017116858806428006,0.4526245199865513
commons-vfs,999,fn_heavy,0.05,none,114,111,88,0.17297929736358092,0.6034470671723111,0.07797433223712597,0.6108068280720339
commons-vfs,999,fn_heavy,0.1,none,114,96,52,0.024856842972858874,0.47826514375674595,0.05970518136980464,0.5804801992317691
commons-vfs,999,fn_heavy,0.15,none,114,87,15,-0.0030151172799210493,0.4319403750406809,0.019311518116057358,0.5144293585765826
commons-vfs,999,fn_heavy,0.2,none,114,101,0,-0.09942321350104899,0.32784738789165474,-0.0010738503305383405,0.46898383194036136
commons-vfs,999,fn_heavy,0.25,none,114,120,0,-0.052430763992652306,0.3939636798094618,0.02121935197320357,0.519695647488186
commons-vfs,999,fn_heavy,0.3,none,114,151,0,-0.03102335141205284,0.4349556079903494,-0.012480087680506518,0.46310741589311377
giraph,7,symmetric,0.05,none,163,188,156,0.24437694543564925,0.6359944622672874,0.10786092766379284,0.5681054807580297
giraph,7,symmetric,0.1,none,163,214,150,0.20167646385490517,0.6118852386956294,0.12594072306682222,0.6041171804129755
giraph,7,symmetric,0.15,none,163,250,145,0.1893423296747583,0.6067156003813328,0.09185854230561283,0.5787706462475933
giraph,7,symmetric,0.2,none,163,277,133,0.14536783167607464,0.5850522799258742,0.1228404081731826,0.6113914706616845
giraph,7,symmetric,0.25,none,163,300,127,0.14779018633949884,0.5877942162198782,0.1245719257126715,0.6146458142885332
giraph,7,symmetric,0.3,none,163,331,122,0.09791134942232148,0.5520317515088028,0.016988450197330265,0.5099650216064694
giraph,7,fp_heavy,0.05,none,163,183,152,0.28791419906435206,0.6625771921728423,0.12601503962766405,0.5877361795908344
giraph,7,fp_heavy,0.1,none,163,207,145,0.22278535639064026,0.6234078369101194,0.13991478383335154,0.6175132238597241
giraph,7,fp_heavy,0.15,none,163,235,136,0.18369010987375106,0.6019635986492345,0.09697169212462603,0.5812275360319886
giraph,7,fp_heavy,0.2,none,163,263,127,0.11829406767598288,0.5626462522325276,0.01543686449961008,0.49534637554573435
giraph,7,fp_heavy,0.25,none,163,281,116,0.12358102498537626,0.569814213545463,0.060646879388938695,0.5449691398051386
giraph,7,fp_heavy,0.3,none,163,310,110,0.09220358441742574,0.5505895671148234,0.0671043322628099,0.5584588831825659
giraph,7,mid,0.05,none,163,174,150,0.2985729867015626,0.669961881699611,0.1835963562683193,0.6442976324603321
giraph,7,mid,0.1,none,163,178,131,0.2473741268636863,0.6384022068769493,0.16734470345673677,0.6406835184531935
giraph,7,mid,0.15,none,163,182,114,0.20053807224468603,0.6104863091458167,0.14525439887466576,0.6307189298943835
giraph,7,mid,0.2,none,163,201,100,0.15930727878901194,0.5839842687427546,0.09784327093961814,0.5879605398742614
giraph,7,mid,0.25,none,163,206,79,0.05876714758755012,0.5133179218005339,0.005731942528822785,0.49279952268370075
giraph,7,mid,0.3,none,163,206,54,-0.01839807628238674,0.4624124258696544,0.00993827828075941,0.49323181745632205
giraph,7,fn_heavy,0.05,none,163,146,138,0.27108139272687265,0.6494238880753882,0.23856491518057965,0.6817967992669637
giraph,7,fn_heavy,0.1,none,163,135,112,0.22528999428099408,0.6167785018465244,0.14091667747950282,0.6062808987534294
giraph,7,fn_heavy,0.15,none,163,111,78,0.14001575982564218,0.5558035889921439,0.03811154379237779,0.49920466219156645
giraph,7,fn_heavy,0.2,none,163,90,45,0.08788617697481692,0.5226291472230157,0.1225415548994826,0.595542835507814
giraph,7,fn_heavy,0.25,none,163,69,10,-0.03673726563784703,0.41429476628739637,-0.08156620287890987,0.33192643985157433
giraph,7,fn_heavy,0.3,none,163,66,0,-0.0728789393943295,0.3887467098475176,-0.08753414192599553,0.36810505345027644
giraph,13,symmetric,0.05,none,163,193,154,0.2597177532700868,0.6425130887000091,0.20995486527319915,0.6845320947692767
giraph,13,symmetric,0.1,none,163,213,144,0.1745670016796519,0.5928537985049909,0.16200885243070764,0.6437699523979105
giraph,13,symmetric,0.15,none,163,238,137,0.22307736949529233,0.6226718444082512,0.13778279639652521,0.6260119205785022
giraph,13,symmetric,0.2,none,163,259,130,0.1284913585679175,0.5626980626965435,0.013199212525031815,0.4983652424131478
giraph,13,symmetric,0.25,none,163,274,121,0.07713148406316339,0.5364173929884302,0.11650229545502329,0.6084267465439303
giraph,13,symmetric,0.3,none,163,310,113,0.03382472182413087,0.5107981329447404,0.12391048329010018,0.6155422969077579
giraph,13,fp_heavy,0.05,none,163,191,153,0.28192783192483806,0.6562196163776441,0.20727224500889893,0.6874545495199043
giraph,13,fp_heavy,0.1,none,163,204,139,0.25343453932375637,0.6438826236050939,0.22373765105946664,0.7018838776215977
giraph,13,fp_heavy,0.15,none,163,228,130,0.17781531637852424,0.5943101370835145,0.13877023526588517,0.6277472192479093
giraph,13,fp_heavy,0.2,none,163,243,120,0.12737908944855936,0.5641527202219655,0.08561295422549836,0.5729346073402816
giraph,13,fp_heavy,0.25,none,163,256,111,0.08438739440908255,0.5401105934776101,0.08921563656154487,0.582686347878022
giraph,13,fp_heavy,0.3,none,163,285,103,0.006345317251056546,0.4874463296772454,0.029392566276364208,0.5250208392248992
giraph,13,mid,0.05,none,163,174,143,0.25922542895348655,0.6396816080403916,0.2575648401650774,0.7067484766087366
giraph,13,mid,0.1,none,163,178,126,0.2013331437751696,0.6039438552336605,0.14103825700381897,0.6244285240190369
giraph,13,mid,0.15,none,163,186,111,0.1816063497073363,0.5966570722893265,0.14967064883099668,0.6280683288255818
giraph,13,mid,0.2,none,163,190,91,0.12589021203149647,0.5613616789387139,0.09971957016907534,0.5885329192697573
giraph,13,mid,0.25,none,163,190,72,0.1158432738627767,0.5541390708572135,0.0669418260868171,0.5564592096284064
giraph,13,mid,0.3,none,163,197,61,0.0886065533097975,0.532165865193127,0.017443150273881207,0.5051175282346962
giraph,13,fn_heavy,0.05,none,163,144,130,0.2778805531325152,0.641928828458105,0.15761641249111089,0.6307805596352865
giraph,13,fn_heavy,0.1,none,163,133,103,0.21105801035495245,0.6057569675016037,0.16445775868499374,0.6438810885802628
giraph,13,fn_heavy,0.15,none,163,111,72,0.21422870367751548,0.603452012869941,0.0691850029861479,0.5541673806484537
giraph,13,fn_heavy,0.2,none,163,97,46,0.11357968723225553,0.5242121765997064,0.07140137726962217,0.5467707213001444
giraph,13,fn_heavy,0.25,none,163,70,10,0.010412890588950934,0.45447232756261485,0.04028462397582069,0.5273556954518461
giraph,13,fn_heavy,0.3,none,163,71,0,-0.05571049223738358,0.4032499878663444,0.011355101839789456,0.4980374302657414
giraph,21,symmetric,0.05,none,163,197,155,0.23290203662214057,0.6265711447673612,0.17111333865761602,0.6493293430360998
giraph,21,symmetric,0.1,none,163,218,147,0.20255078743427726,0.6080542943413428,0.1485386816058547,0.6322413163094553
giraph,21,symmetric,0.15,none,163,238,140,0.1874505017898512,0.6033588648925124,0.17928624213326003,0.6596870297901627
giraph,21,symmetric,0.2,none,163,248,129,0.14417928405735372,0.564835395868178,0.0789158570983313,0.5678332898406876
giraph,21,symmetric,0.25,none,163,262,115,0.11857372861887251,0.5554865683180624,0.08044298550295743,0.570868514653927
giraph,21,symmetric,0.3,none,163,301,107,0.1087245601466339,0.554341514808293,0.08193487995838042,0.5733498962450543
giraph,21,fp_heavy,0.05,none,163,191,151,0.23575309321441584,0.6283702240029408,0.23969555756984245,0.6924438136698917
giraph,21,fp_heavy,0.1,none,163,208,143,0.21515510211790942,0.6143801337412622,0.08722878277841448,0.5698875962817311
giraph,21,fp_heavy,0.15,none,163,221,130,0.1417740553455987,0.5668057727000247,0.11403455003538553,0.5900758078062527
giraph,21,fp_heavy,0.2,none,163,227,115,0.14472303486903546,0.5715051302076269,0.07473846467390133,0.5620486412076836
giraph,21,fp_heavy,0.25,none,163,248,104,0.12320198742334504,0.5606329318108181,0.14674977661921454,0.6357436568522323
giraph,21,fp_heavy,0.3,none,163,270,89,0.05017790946643946,0.5155822099222287,0.07581728918021517,0.5663257648263699
giraph,21,mid,0.05,none,163,179,146,0.21988432008213973,0.6169627313859348,0.14292514747185514,0.6206933587640202
giraph,21,mid,0.1,none,163,177,127,0.2197420086610102,0.612285226140569,0.14934685074714651,0.6260041215854403
giraph,21,mid,0.15,none,163,175,100,0.15171940390182612,0.566828219932275,0.023709731048248837,0.5096900588821724
giraph,21,mid,0.2,none,163,174,79,0.09642340538561382,0.5308947542922702,0.07549367262348376,0.5615305082334738
giraph,21,mid,0.25,none,163,174,65,0.09455646529701467,0.5353735336719437,0.07926033877191248,0.5677288115329162
giraph,21,mid,0.3,none,163,180,51,0.06470990821013008,0.5064466617530214,-0.06534190809713086,0.39485925996918253
giraph,21,fn_heavy,0.05,none,163,149,132,0.2436514100680879,0.6281275291003298,0.18593482128849953,0.6314686981604397
giraph,21,fn_heavy,0.1,none,163,123,91,0.1239702666045607,0.5418881469067512,0.1393686653969966,0.5708642407281274
giraph,21,fn_heavy,0.15,none,163,105,62,0.09388822023956597,0.5234088481804033,0.09914917123310811,0.553222564136443
giraph,21,fn_heavy,0.2,none,163,88,38,0.03713023967433853,0.46866765818712863,-0.05139926762222005,0.4023857865868238
giraph,21,fn_heavy,0.25,none,163,66,6,-0.03430365240931799,0.4232717418936103,-0.031947796815932634,0.4546782881229405
giraph,21,fn_heavy,0.3,none,163,73,0,-0.08818390201514525,0.3721078422381092,-0.055006891385601116,0.4139476111857186
giraph,42,symmetric,0.05,none,163,196,155,0.24508911073975653,0.6297024881985213,0.08469262535510212,0.5682841356673641
giraph,42,symmetric,0.1,none,163,206,142,0.23550177425409563,0.6290887214689189,0.19986040198731833,0.6784764795398786
giraph,42,symmetric,0.15,none,163,242,130,0.18384861843362615,0.5935851746865471,0.17316339562458452,0.6568662541929792
giraph,42,symmetric,0.2,none,163,267,122,0.11137315982778384,0.5494841368051666,0.055780609093138624,0.5413836883857123
giraph,42,symmetric,0.25,none,163,280,111,0.1267008978685826,0.5605605181308358,0.010814124076902687,0.5005352285835903
giraph,42,symmetric,0.3,none,163,302,104,0.10655185530145914,0.5471351348493267,0.007374167386992805,0.4996890503070991
giraph,42,fp_heavy,0.05,none,163,189,151,0.24662311211625887,0.6309261950079469,0.07629248889638923,0.5557463518710916
giraph,42,fp_heavy,0.1,none,163,197,136,0.21103825733589712,0.6131703354954247,0.15555268492586954,0.6398537030137597
giraph,42,fp_heavy,0.15,none,163,224,122,0.18341226293926954,0.5924854068640701,0.1448119362034596,0.6320636947341163
giraph,42,fp_heavy,0.2,none,163,246,111,0.12698244576694573,0.5596084171939925,0.09903443847070173,0.5880691108431351
giraph,42,fp_heavy,0.25,none,163,259,101,0.1049735038174526,0.544651860820031,0.01992244883525161,0.509397987445536
giraph,42,fp_heavy,0.3,none,163,278,96,0.11336458235018428,0.553520049464119,0.01932662576531718,0.5119461064303693
giraph,42,mid,0.05,none,163,167,139,0.21783104242900853,0.6112739511344405,0.07012779200574813,0.5568472621647067
giraph,42,mid,0.1,none,163,171,119,0.15694636393554187,0.5665015637800271,0.06904767729571303,0.5589119880643648
giraph,42,mid,0.15,none,163,170,99,0.14761776068970733,0.5716201604671578,0.1678261600049766,0.6537981042413931
giraph,42,mid,0.2,none,163,191,87,0.15571208892181942,0.5731777429321984,0.13855951746387934,0.62482912881009
giraph,42,mid,0.25,none,163,205,75,0.1379448457420161,0.5582684666997371,0.04857076940912124,0.5310148326225441
giraph,42,mid,0.3,none,163,203,54,0.0742055127300572,0.5156288233445451,0.09630287610494166,0.5829893450190635
giraph,42,fn_heavy,0.05,none,163,136,122,0.20132870948786155,0.5980310315823596,0.10393296028813759,0.5878446987330233
giraph,42,fn_heavy,0.1,none,163,124,96,0.16908980691435543,0.5754154076971366,0.010848870362754854,0.4931367211766213
giraph,42,fn_heavy,0.15,none,163,112,69,0.15308965501781077,0.5644698183988426,0.07384779544139564,0.5547999214541584
giraph,42,fn_heavy,0.2,none,163,91,39,0.13955878579776554,0.5505302330431313,0.1780139647125408,0.6576037930146624
giraph,42,fn_heavy,0.25,none,163,70,10,0.009723328875250395,0.44890061386860847,0.06048070676722447,0.5519307169001155
giraph,42,fn_heavy,0.3,none,163,66,0,-0.05537182531609459,0.39160067019432154,-0.02829908286960993,0.4498351796613149
giraph,77,symmetric,0.05,none,163,186,157,0.2553304501458253,0.6346246344995748,0.14708014253346977,0.585534604646602
giraph,77,symmetric,0.1,none,163,219,147,0.2156315908980144,0.6119366683450423,0.07625950414578532,0.5524526330723674
giraph,77,symmetric,0.15,none,163,245,138,0.14432867320895892,0.5749319383116123,0.13463923575866155,0.6146866242347911
giraph,77,symmetric,0.2,none,163,265,131,0.15096550520991805,0.5830142543151795,0.1331372064410366,0.6226050144912902
giraph,77,symmetric,0.25,none,163,281,119,0.1047987010566384,0.5549979968242229,0.10331578735390058,0.593858090212733
giraph,77,symmetric,0.3,none,163,310,113,0.055356602278566355,0.5230125758891996,0.06583054953977895,0.5541013758941343
giraph,77,fp_heavy,0.05,none,163,183,156,0.2680149669999527,0.6415106934470215,0.20568839710640366,0.6522655178652758
giraph,77,fp_heavy,0.1,none,163,205,141,0.25710591241478725,0.6359893672432954,0.1348483158224051,0.5927036931662518
giraph,77,fp_heavy,0.15,none,163,234,133,0.19951527570834346,0.6076060236141456,0.11967064604351642,0.6032955240494169
giraph,77,fp_heavy,0.2,none,163,246,118,0.13360819778848063,0.5694182661259485,0.11942618072305931,0.6086053318579615
giraph,77,fp_heavy,0.25,none,163,261,110,0.08645112892456468,0.5427051286745189,0.05672437669484368,0.5486292346471275
giraph,77,fp_heavy,0.3,none,163,285,99,0.07823944201036202,0.5383250844189583,0.0734479228893104,0.5676725185975434
giraph,77,mid,0.05,none,163,166,143,0.24423710050879635,0.6209781935698104,0.11425367164584936,0.5615038637445764
giraph,77,mid,0.1,none,163,173,125,0.22501937994799806,0.6102680315386404,0.18504909772187494,0.6389991092178727
giraph,77,mid,0.15,none,163,183,107,0.18909401471430812,0.5977458767070801,0.1830518363317499,0.6595085544421442
giraph,77,mid,0.2,none,163,191,87,0.10525610549389082,0.542663492827291,0.08538329107610282,0.5656021383071841
giraph,77,mid,0.25,none,163,186,65,0.11703590545725664,0.5514008189091737,0.11797000170129998,0.6073445167714018
giraph,77,mid,0.3,none,163,196,55,0.08150793284932002,0.5313136441091508,0.15253249507535022,0.6428208904075037
giraph,77,fn_heavy,0.05,none,163,146,135,0.2641261418365182,0.630955028135957,0.22097065468869342,0.6579738786343449
giraph,77,fn_heavy,0.1,none,163,125,102,0.24783589059607058,0.617464472326635,0.12609558574097726,0.5781532572059914
giraph,77,fn_heavy,0.15,none,163,94,64,0.16582965740514877,0.5668112161923764,0.14279343552096677,0.6135709578558326
giraph,77,fn_heavy,0.2,none,163,87,41,0.12072624031442963,0.5338353246105456,0.11582192771782458,0.5923813717751663
giraph,77,fn_heavy,0.25,none,163,67,10,-0.017154348074319852,0.42828249035509824,0.05855852798763775,0.5055262257935234
giraph,77,fn_heavy,0.3,none,163,72,0,-0.030784567755312426,0.415453846965119,0.041484495048984465,0.5173002960100955
giraph,101,symmetric,0.05,none,163,189,157,0.2320968552322529,0.6215099728229448,0.16388634160799323,0.6269586409558359
giraph,101,symmetric,0.1,none,163,217,143,0.11703669048119389,0.5555797196535582,0.16245790271204255,0.6395369893215238
giraph,101,symmetric,0.15,none,163,238,135,0.1325614937149841,0.5673800904014762,0.11204409247583993,0.5932071219840421
giraph,101,symmetric,0.2,none,163,268,127,0.08394813993878375,0.5402012193184136,0.0947256178240099,0.5838356844955743
giraph,101,symmetric,0.25,none,163,296,122,0.08446912088719159,0.5420759475699836,0.06429192216054923,0.5595269030818131
giraph,101,symmetric,0.3,none,163,318,114,0.06118124385744304,0.5312216517574003,0.1561883373062942,0.6460572746106272
giraph,101,fp_heavy,0.05,none,163,185,154,0.23718526664649392,0.6272874884808994,0.24189666435577808,0.6977550965055501
giraph,101,fp_heavy,0.1,none,163,207,137,0.1506348044556044,0.5756505484336317,0.19056433342698423,0.663896884151736
giraph,101,fp_heavy,0.15,none,163,230,129,0.10197215685138326,0.5482816757650297,0.07835273243378071,0.5632974444805869
giraph,101,fp_heavy,0.2,none,163,251,120,0.08628164576079651,0.5422206368737815,0.12182229551009041,0.6137687810533774
giraph,101,fp_heavy,0.25,none,163,269,109,0.0759522631045438,0.5365867279602461,0.11440364398766056,0.6078762920037815
giraph,101,fp_heavy,0.3,none,163,285,96,0.028348155800730385,0.5022402469218011,0.03726300872391073,0.5335638334158006
giraph,101,mid,0.05,none,163,160,140,0.20909889428686024,0.6051234419892446,0.1923788288660475,0.641242809632754
giraph,101,mid,0.1,none,163,174,125,0.17893195021666808,0.5896395158939365,0.11496737440453075,0.5895566801240838
giraph,101,mid,0.15,none,163,189,108,0.07101153224151029,0.5246225997189589,0.11966475827040407,0.6006803539848963
giraph,101,mid,0.2,none,163,189,87,0.0546402268269012,0.5126915574923325,0.1881257756349141,0.6715836714167102
giraph,101,mid,0.25,none,163,192,68,0.02179717197793867,0.4878417018328924,0.04426194261961576,0.5244506577206548
giraph,101,mid,0.3,none,163,193,46,-0.018874341241511848,0.45047889070816916,-0.04030951064757688,0.444199424688779
giraph,101,fn_heavy,0.05,none,163,133,129,0.2673887594265965,0.6324061992233855,0.2107650189615052,0.6354635421656141
giraph,101,fn_heavy,0.1,none,163,113,96,0.18701222693835706,0.5777606892405255,0.1493852430781874,0.6064678823141
giraph,101,fn_heavy,0.15,none,163,97,65,0.13346144720640796,0.5469906849875974,0.005886786517977078,0.446164032444595
giraph,101,fn_heavy,0.2,none,163,76,30,0.028989745452922575,0.4656835305859008,-0.013005269752889027,0.42032162472796014
giraph,101,fn_heavy,0.25,none,163,71,10,-0.07288476495885085,0.36109906404413156,-0.017698746919904106,0.44272707765374336
giraph,101,fn_heavy,0.3,none,163,75,0,-0.14109611603105668,0.3148493507198538,-0.06636541924089645,0.3681546173459375
giraph,123,symmetric,0.05,none,163,178,152,0.2946827375754192,0.6615298549698598,0.2619277673247424,0.72186145072691
giraph,123,symmetric,0.1,none,163,203,145,0.20556522151403972,0.6147388976670369,0.28023183778266586,0.724319494792515
giraph,123,symmetric,0.15,none,163,229,137,0.22808683085278744,0.6293781732854199,0.18865198230407457,0.6710804432054102
giraph,123,symmetric,0.2,none,163,254,130,0.15923278949931452,0.5849590816829175,0.08847874465901563,0.5777779164639326
giraph,123,symmetric,0.25,none,163,288,121,0.13160969151975185,0.5694813049106392,0.08936506877482249,0.584736773312025
giraph,123,symmetric,0.3,none,163,307,110,0.1006117005342724,0.5519432593094803,0.1058733062936488,0.6001924915142884
giraph,123,fp_heavy,0.05,none,163,178,152,0.2946827375754192,0.6615298549698598,0.2619277673247424,0.72186145072691
giraph,123,fp_heavy,0.1,none,163,193,141,0.19382615127881808,0.603148889952317,0.2480375297969937,0.7066743171840183
giraph,123,fp_heavy,0.15,none,163,214,132,0.21065666075588024,0.6158852201123796,0.18855481300757213,0.6633160446592474
giraph,123,fp_heavy,0.2,none,163,243,121,0.16237942276318046,0.5864120828445284,0.13779476630029114,0.6267909013109717
giraph,123,fp_heavy,0.25,none,163,258,107,0.10168389149636144,0.5476410732921686,0.11154440715091997,0.6035490855602561
giraph,123,fp_heavy,0.3,none,163,274,90,0.06630439617219767,0.5306622713134221,0.07169641669451117,0.565643275837767
giraph,123,mid,0.05,none,163,163,142,0.24449441073415787,0.6236904714210912,0.08095063881623858,0.5320876430174014
giraph,123,mid,0.1,none,163,164,127,0.22318963232134403,0.6188302454726194,0.2592480860098577,0.7036213349336634
giraph,123,mid,0.15,none,163,165,105,0.1797274834621829,0.5895657567440098,0.1850654631148347,0.6515074909372298
giraph,123,mid,0.2,none,163,167,84,0.1832469512249628,0.589600578822252,0.0679032875646006,0.5517640427259748
giraph,123,mid,0.25,none,163,172,63,0.10260693113591249,0.5411182157990458,0.06719128043336485,0.5513061769756696
giraph,123,mid,0.3,none,163,175,48,0.09439189768490379,0.5382911691202092,0.04981191373367578,0.5368842604047237
giraph,123,fn_heavy,0.05,none,163,141,132,0.28331725199312086,0.6487988061023504,0.2572521924982191,0.6965217843934929
giraph,123,fn_heavy,0.1,none,163,111,92,0.270102793666116,0.6311291519776403,0.24857515188257343,0.6899444651452716
giraph,123,fn_heavy,0.15,none,163,87,61,0.2174695411486211,0.5959099336478979,0.19370105536970733,0.6594779117647623
giraph,123,fn_heavy,0.2,none,163,72,38,0.14101169634739752,0.5471877497922938,0.15390862951857018,0.6182162022256382
giraph,123,fn_heavy,0.25,none,163,51,6,0.022184803716824835,0.4530651006709374,0.04859377323782084,0.5025966113748478
giraph,123,fn_heavy,0.3,none,163,59,0,0.00528302555587338,0.4324293363798833,0.06669746348420198,0.521972090306908
giraph,202,symmetric,0.05,none,163,179,150,0.21629323035553322,0.6085828786008304,0.10471619622411654,0.5620207532301822
giraph,202,symmetric,0.1,none,163,204,147,0.21821440403304068,0.6198628716279575,0.15320579870241072,0.6380868153953927
giraph,202,symmetric,0.15,none,163,225,134,0.12737346513963432,0.5601009369951389,0.05729306666937076,0.5509098837875375
giraph,202,symmetric,0.2,none,163,244,123,0.12868222718746689,0.5613677941074392,0.0757689401065426,0.5712076802278129
giraph,202,symmetric,0.25,none,163,281,118,0.09605306781238662,0.542261724130844,0.053657317338503104,0.5476049254383458
giraph,202,symmetric,0.3,none,163,315,113,0.06586950508036052,0.5248462684005208,0.0758474132034729,0.5708729828121409
giraph,202,fp_heavy,0.05,none,163,177,149,0.2187884688505009,0.6111984846909977,0.11555007017136089,0.5628424669794081
giraph,202,fp_heavy,0.1,none,163,188,137,0.19523267464483626,0.5983331543165302,0.06455825385853008,0.5527921371306262
giraph,202,fp_heavy,0.15,none,163,209,125,0.16056641178359962,0.5807530579278565,0.11380765333401974,0.6051445825274012
giraph,202,fp_heavy,0.2,none,163,230,118,0.15197484268373027,0.5747421721437873,0.07591704273118938,0.5685112337641273
giraph,202,fp_heavy,0.25,none,163,260,108,0.12565641206136433,0.5629680137250564,0.1388943915275286,0.6304295150690356
giraph,202,fp_heavy,0.3,none,163,281,101,0.07833359592170692,0.5338280352190767,0.10437084408047886,0.5974267984686815
giraph,202,mid,0.05,none,163,171,146,0.2656179744897929,0.6387733513356377,0.12394809446352936,0.57752618156891
giraph,202,mid,0.1,none,163,162,121,0.2149385539983649,0.605492406044397,0.007138178069008013,0.49193110182686495
giraph,202,mid,0.15,none,163,169,108,0.17574344125163413,0.5898922569522325,0.12237725616156596,0.6146254675384324
giraph,202,mid,0.2,none,163,177,91,0.06189010656805678,0.51314653753845,0.05084669708979465,0.5414162180505274
giraph,202,mid,0.25,none,163,184,77,0.09532476320328065,0.5364314215487316,0.07410591481192193,0.5694863721358787
giraph,202,mid,0.3,none,163,191,56,0.02603029865852111,0.4869992736865779,0.033340767165907045,0.5264560669899434
giraph,202,fn_heavy,0.05,none,163,138,126,0.24566350488957817,0.6226756560812012,0.16029327476159946,0.6128160597794764
giraph,202,fn_heavy,0.1,none,163,124,102,0.22747161910579192,0.6093400915660071,0.14010308095473462,0.5852379317579486
giraph,202,fn_heavy,0.15,none,163,105,75,0.12273397372355108,0.5413567296504295,0.05862796208907276,0.521740489910798
giraph,202,fn_heavy,0.2,none,163,83,43,0.060993463850554264,0.48135409394432693,0.00872408511359288,0.4900089589347068
giraph,202,fn_heavy,0.25,none,163,57,10,0.05044282330976911,0.4823121628297035,0.020809179904972188,0.5102996094303407
giraph,202,fn_heavy,0.3,none,163,57,0,-0.060363220293003624,0.38022514353497383,-0.10488547744672644,0.3340378125798784
giraph,314,symmetric,0.05,none,163,198,157,0.25387920464995445,0.6319567327359937,0.0889427627150882,0.564524433295335
giraph,314,symmetric,0.1,none,163,214,147,0.2066080764731417,0.6058942857794173,0.10277029394655714,0.5859918945928859
giraph,314,symmetric,0.15,none,163,249,142,0.17072588521768525,0.58489538723734,0.07517251069277019,0.5619852413544185
giraph,314,symmetric,0.2,none,163,269,130,0.1217677310081716,0.5558893704539439,0.030160263191964017,0.5238546167011615
giraph,314,symmetric,0.25,none,163,304,124,0.050777089397285695,0.5110815475236605,-0.03218412690934641,0.45564569073143457
giraph,314,symmetric,0.3,none,163,324,109,0.03179602250088322,0.5061545200983963,-0.08384764007925855,0.40181244594870746
giraph,314,fp_heavy,0.05,none,163,196,155,0.2467273715187084,0.6274241300476122,0.11316659159340345,0.597363431606746
giraph,314,fp_heavy,0.1,none,163,209,144,0.23665451811542337,0.6192595399246279,0.05463619071664669,0.525866109647943
giraph,314,fp_heavy,0.15,none,163,231,133,0.14902038648678353,0.5684569498018989,0.052043814072128235,0.5391697178677489
giraph,314,fp_heavy,0.2,none,163,251,123,0.11188543714768735,0.5495354715392206,0.04884049684502568,0.5380456746180352
giraph,314,fp_heavy,0.25,none,163,272,105,0.046366279228016234,0.5044090344526461,0.020512362817498027,0.5152701398259348
giraph,314,fp_heavy,0.3,none,163,303,95,0.05774289617205936,0.522219679499004,0.004468796643050229,0.4984509355938496
giraph,314,mid,0.05,none,163,173,146,0.23385650860931662,0.619909460086029,0.14161580155991352,0.6198395991758204
giraph,314,mid,0.1,none,163,185,128,0.20016985408190507,0.5963778867894378,0.10915308712372498,0.5910061329314051
giraph,314,mid,0.15,none,163,177,104,0.15702576304542815,0.5645671705170239,0.08932385226346483,0.5794145173503961
giraph,314,mid,0.2,none,163,190,88,0.08605254984369265,0.5227325895665261,0.008040902008769692,0.492513523490041
giraph,314,mid,0.25,none,163,193,69,0.04642775480444324,0.4940617224766593,-0.010340670538288625,0.4744056633888471
giraph,314,mid,0.3,none,163,202,52,-0.004457393928253287,0.4611048186460832,-0.07728563309832767,0.3941665053469783
giraph,314,fn_heavy,0.05,none,163,147,133,0.20945183257312894,0.5956484135118691,0.1578966078434667,0.6039630890404692
giraph,314,fn_heavy,0.1,none,163,122,96,0.1914619500052453,0.578526608874017,0.2003919527453894,0.6795102212757653
giraph,314,fn_heavy,0.15,none,163,111,69,0.10031421338270083,0.5145798976601997,0.05191861640107893,0.5373559882180958
giraph,314,fn_heavy,0.2,none,163,96,41,0.023901589495973347,0.4623300748877991,-0.018806889235203923,0.443900807518592
giraph,314,fn_heavy,0.25,none,163,71,10,0.033755591557631734,0.46038300984798847,-0.017984323325084067,0.4708856918368533
giraph,314,fn_heavy,0.3,none,163,71,0,0.05574715247421937,0.4724263308608745,-0.04171118637687477,0.4091152550372353
giraph,999,symmetric,0.05,none,163,186,155,0.22933027802538353,0.6175373016615094,0.060136290779008686,0.5300253073464471
giraph,999,symmetric,0.1,none,163,205,142,0.2159040090997423,0.6127671343595432,0.07500470648660497,0.5559199545650971
giraph,999,symmetric,0.15,none,163,233,133,0.17699919422924426,0.5932115644472038,0.058201753651329936,0.5435104601093442
giraph,999,symmetric,0.2,none,163,256,125,0.14453760453975317,0.582977507406616,0.12571331704882738,0.6177556146413808
giraph,999,symmetric,0.25,none,163,275,116,0.08920208220364048,0.5457806859577196,0.07457233233063015,0.5706834047628463
giraph,999,symmetric,0.3,none,163,319,111,0.13198234968658207,0.5771030156360931,0.14009929052660275,0.6312269556581823
giraph,999,fp_heavy,0.05,none,163,181,151,0.2540849541148956,0.6295244413151093,0.032042833065084174,0.5037104837048393
giraph,999,fp_heavy,0.1,none,163,194,136,0.21389953651327734,0.6087671267532675,0.025007566302495152,0.510205635709864
giraph,999,fp_heavy,0.15,none,163,219,128,0.19827759103361,0.6016021830834333,0.09831816867189866,0.5888248951639407
giraph,999,fp_heavy,0.2,none,163,234,116,0.07879489677436029,0.5330631568241332,0.0035622705822652314,0.48840940443502195
giraph,999,fp_heavy,0.25,none,163,258,108,0.12044774534557513,0.5682498707846719,0.12665689504950522,0.6180744582969836
giraph,999,fp_heavy,0.3,none,163,288,95,0.08017716081189462,0.5424743629260648,0.08467594435252708,0.5781918749828852
giraph,999,mid,0.05,none,163,161,139,0.2133944207603841,0.6035125816553665,0.07654633745571328,0.5498247642220512
giraph,999,mid,0.1,none,163,165,122,0.23332313718389092,0.619828776433842,0.07994650030285771,0.5607695393638454
giraph,999,mid,0.15,none,163,171,105,0.19168026496658333,0.5961168116972433,0.09014404406232333,0.582199511754899
giraph,999,mid,0.2,none,163,174,82,0.13394548334544443,0.5694580100423161,0.10796646772584621,0.5990382611002528
giraph,999,mid,0.25,none,163,182,67,0.05892703319990694,0.5181910784748655,0.08828830841255687,0.5817426712976645
giraph,999,mid,0.3,none,163,187,49,0.006673641968671397,0.48166551928261647,0.062265222850613706,0.556692554555862
giraph,999,fn_heavy,0.05,none,163,138,128,0.2480800679275955,0.6240894158510626,0.17160750179968176,0.6183211204849135
giraph,999,fn_heavy,0.1,none,163,116,96,0.1562200200506781,0.5706230311468576,0.1555523086048091,0.6170513426564166
giraph,999,fn_heavy,0.15,none,163,97,65,0.07391432548118375,0.5096395231479159,0.09473695337097403,0.5659165886133222
giraph,999,fn_heavy,0.2,none,163,71,29,0.042529136164361554,0.4552328718033946,-0.11662896015738788,0.281306118875315
giraph,999,fn_heavy,0.25,none,163,61,8,0.06547122533322401,0.4851306226272986,-0.021058910986391965,0.4520308140432134
giraph,999,fn_heavy,0.3,none,163,63,0,0.0015379276178951828,0.42508336537466646,-0.07456396909528228,0.38479468360215147
gora,7,symmetric,0.05,none,39,61,38,0.283359646905251,0.712583423583333,0.14070220823123503,0.7263164708948877
gora,7,symmetric,0.1,none,39,82,36,0.21446008316046186,0.6595544085391071,0.06380324215795055,0.6261785467533373
gora,7,symmetric,0.15,none,39,97,31,0.1470063585195432,0.5792144145142656,-0.0007069775951722983,0.47255905137585263
gora,7,symmetric,0.2,none,39,124,28,0.13316773053268802,0.5650797447611541,-0.010032740762159237,0.4447865192488691
gora,7,symmetric,0.25,none,39,147,27,0.04732459111992457,0.5027932472685783,-0.01410199079264322,0.4322421816419038
gora,7,symmetric,0.3,none,39,165,26,0.05121844412446343,0.5256540428570191,0.026880735628600914,0.5527124721437123
gora,7,fp_heavy,0.05,none,39,61,38,0.283359646905251,0.712583423583333,0.14070220823123503,0.7263164708948877
gora,7,fp_heavy,0.1,none,39,79,33,0.19783600035086385,0.6348475324049271,0.04125922462873393,0.5752647164536295
gora,7,fp_heavy,0.15,none,39,93,28,0.1785752006665042,0.6266049599731861,0.03190036344952253,0.5572566630811902
gora,7,fp_heavy,0.2,none,39,116,26,0.05680813600101259,0.5218286344516911,0.011724673585556962,0.509392758693201
gora,7,fp_heavy,0.25,none,39,139,24,0.04313339603946466,0.5212288221640282,0.030076791392816063,0.5509247011213332
gora,7,fp_heavy,0.3,none,39,156,20,0.028501129722452376,0.5115143804070716,0.03180107452984261,0.5663521825553813
gora,7,mid,0.05,none,39,53,32,0.18943716375513325,0.6058711454054854,0.044329638959606024,0.5442844123415661
gora,7,mid,0.1,none,39,66,26,0.10364544613124055,0.5542742978702315,0.025786588649867923,0.5361320972933938
gora,7,mid,0.15,none,39,77,20,0.028490768910113578,0.48752619208420694,0.004700200333759492,0.4808473178463378
gora,7,mid,0.2,none,39,90,15,0.04597083289474831,0.5105482024888336,0.003480455306016071,0.48871649050463956
gora,7,mid,0.25,none,39,117,10,-0.009203551928285581,0.4692913067765929,0.01998264298057126,0.527808732219168
gora,7,mid,0.3,none,39,133,7,-0.002451975198537716,0.47347928244690124,0.012239623098215233,0.5124573148443201
gora,7,fn_heavy,0.05,none,39,34,24,0.12311278791290994,0.5608446961241134,0.055120225891997186,0.565979989319479
gora,7,fn_heavy,0.1,none,39,38,11,0.07996673814956667,0.5237287194864433,0.02425600040266465,0.5166423900980175
gora,7,fn_heavy,0.15,none,39,42,2,-0.016162180220398566,0.4209113657301092,0.018605230451823794,0.5013965269490134
gora,7,fn_heavy,0.2,none,39,51,0,-0.05170629469917718,0.3845968623276441,-0.015899927780901657,0.4170828091503789
gora,7,fn_heavy,0.25,none,39,65,0,-0.06965552706354128,0.3574743139554728,-0.03448698802048233,0.38068771458887163
gora,7,fn_heavy,0.3,none,39,75,0,-0.06544201766828525,0.3679106212438252,-0.03294688528155273,0.37182225698367366
gora,13,symmetric,0.05,none,39,63,37,0.2712516189209237,0.7053298531543125,0.07411280463851977,0.6454901007152772
gora,13,symmetric,0.1,none,39,86,34,0.18870903091486477,0.6439390054493261,0.06707175167511226,0.636314017939206
gora,13,symmetric,0.15,none,39,110,32,0.15156921833528184,0.6187288242885532,0.06990201150638163,0.6443808209488858
gora,13,symmetric,0.2,none,39,134,32,0.1553525444296354,0.6171090708510883,0.04640123133203382,0.6000125341792882
gora,13,symmetric,0.25,none,39,158,32,0.13741691538691148,0.6141470457403596,0.0639751121824242,0.6371865104330879
gora,13,symmetric,0.3,none,39,189,29,0.12361142355374401,0.5974377142781712,0.04988565693148158,0.6080184602305815
gora,13,fp_heavy,0.05,none,39,61,36,0.28500683526082793,0.7174129763142105,0.09061981546558537,0.6825399175224306
gora,13,fp_heavy,0.1,none,39,82,32,0.12705206246768724,0.569248737784607,0.007271910217363876,0.4798637344731543
gora,13,fp_heavy,0.15,none,39,110,32,0.15156921833528184,0.6187288242885532,0.06990201150638163,0.6443808209488858
gora,13,fp_heavy,0.2,none,39,132,31,0.15665309311218537,0.6222820352550282,0.06652630493815677,0.6399843297633484
gora,13,fp_heavy,0.25,none,39,147,27,0.13653055842930217,0.6042263249209179,0.046047861878438345,0.6004293901231553
gora,13,fp_heavy,0.3,none,39,182,25,0.12279504578030086,0.5900832494080617,0.031300360389645586,0.5687995484655998
gora,13,mid,0.05,none,39,56,32,0.21166444409612975,0.6648351346582968,0.09182407186461287,0.6806294463557722
gora,13,mid,0.1,none,39,73,31,0.1728537892153898,0.618125609619522,0.026987596065830278,0.5385706002603422
gora,13,mid,0.15,none,39,98,25,0.0905160895121765,0.5588135484102931,0.06572407950704737,0.6203116768102647
gora,13,mid,0.2,none,39,104,16,0.04691015873849851,0.5082193534461509,0.005411313283542366,0.4990619339338225
gora,13,mid,0.25,none,39,125,14,0.045720572932227026,0.5120171583918531,0.008343179491088686,0.5122577763513825
gora,13,mid,0.3,none,39,139,6,0.06069466218764143,0.5318978263003846,0.028285956106273498,0.560219928875709
gora,13,fn_heavy,0.05,none,39,41,27,0.18564005994892444,0.620832048861356,0.054712574034029626,0.595048985189204
gora,13,fn_heavy,0.1,none,39,45,14,0.13645855969948542,0.5967158439677513,0.07408863657380112,0.6434208645381463
gora,13,fn_heavy,0.15,none,39,43,1,0.0877048635217976,0.539512409972831,0.05883711333420603,0.6213591967717489
gora,13,fn_heavy,0.2,none,39,61,0,-0.03491975066810661,0.383996127213655,-0.02710404915642701,0.3864345015527054
gora,13,fn_heavy,0.25,none,39,78,0,-0.028218839531251587,0.41262806450695805,-0.00012853102140113247,0.47659754249952857
gora,13,fn_heavy,0.3,none,39,88,0,-0.009740420733130624,0.43507791643691585,0.012056372076506216,0.5096897953411587
gora,21,symmetric,0.05,none,39,68,36,0.24575385729374985,0.6962564674523152,0.10496609935734423,0.7151032295618133
gora,21,symmetric,0.1,none,39,86,33,0.10943082366765709,0.5760830624841755,0.055521521006671286,0.6031273846447953
gora,21,symmetric,0.15,none,39,104,31,0.13693693317913033,0.5903407426207672,0.02904080274416899,0.5369952952723388
gora,21,symmetric,0.2,none,39,126,29,0.09883321809759812,0.556078464521199,0.015539674600257266,0.5027515617202489
gora,21,symmetric,0.25,none,39,144,27,0.09322389626765189,0.5620206867676051,0.028581824396790797,0.5466714678731656
gora,21,symmetric,0.3,none,39,172,22,0.02306555641811377,0.48700820755089447,-0.023641542299326662,0.4230178311854001
gora,21,fp_heavy,0.05,none,39,67,35,0.22746007732917062,0.6738656198306195,0.07423019310491534,0.6551299344449802
gora,21,fp_heavy,0.1,none,39,82,32,0.11038529083510783,0.576242939103486,0.050486605346742014,0.5939145868006154
gora,21,fp_heavy,0.15,none,39,99,29,0.1089875780532331,0.547428468167765,0.0014290463012741964,0.46420882175862244
gora,21,fp_heavy,0.2,none,39,119,24,0.05184544530128433,0.52195256510015,0.03792763635776165,0.567635914550656
gora,21,fp_heavy,0.25,none,39,135,21,0.08175043412479024,0.5536960653958387,0.03504151994136493,0.56967717626049
gora,21,fp_heavy,0.3,none,39,162,16,-0.0029383683261897772,0.4550547066040839,-0.02621124592284015,0.3964299998034823
gora,21,mid,0.05,none,39,61,32,0.1675760323048633,0.5988818402057077,0.012539671749418559,0.4955404781080906
gora,21,mid,0.1,none,39,70,24,0.09572522065269229,0.5442157806332635,0.03639200789929215,0.5445237508440558
gora,21,mid,0.15,none,39,79,16,-0.03316230042653654,0.40315205154107986,-0.01810601685443773,0.39631108271679266
gora,21,mid,0.2,none,39,98,13,-0.01823209035093367,0.4356572674778479,0.01690761794471552,0.5160430566960941
gora,21,mid,0.25,none,39,117,12,-0.02804081469339508,0.4379792417264182,0.0010938600489103236,0.4740064100149467
gora,21,mid,0.3,none,39,131,7,0.04279666741386564,0.515291092373947,0.03266897901018208,0.5571289032236565
gora,21,fn_heavy,0.05,none,39,41,21,0.013913047191796158,0.408515445498893,-0.05061194407263219,0.27602169690588313
gora,21,fn_heavy,0.1,none,39,47,12,-0.02986044137533523,0.3511179781164394,-0.06729714091374839,0.20542181494781944
gora,21,fn_heavy,0.15,none,39,47,1,-0.06997159687014363,0.3098968817251954,-0.046355113949276695,0.3147090489128036
gora,21,fn_heavy,0.2,none,39,59,0,-0.10905878709046775,0.248665171908552,-0.06478465176074043,0.16801405724587257
gora,21,fn_heavy,0.25,none,39,70,0,-0.06799347700977294,0.33031866151102035,-0.056175164781454144,0.2462709493178926
gora,21,fn_heavy,0.3,none,39,87,0,-0.013378651614994679,0.4526681262140058,0.03045271524387209,0.5514274191510343
gora,42,symmetric,0.05,none,39,59,37,0.20587733547163792,0.6574536173300806,0.13311152254468753,0.7435872663806845
gora,42,symmetric,0.1,none,39,79,34,0.11136121014194156,0.5408861511901589,-0.007011457897118744,0.45277043245314885
gora,42,symmetric,0.15,none,39,114,29,0.14784162839040832,0.595940827733222,0.024632329878921125,0.5510227444141046
gora,42,symmetric,0.2,none,39,139,26,0.14929523503432382,0.6039434314964067,0.0321816651946661,0.5685337548736711
gora,42,symmetric,0.25,none,39,154,23,0.18898583063750607,0.6242621246210803,0.025885616065593555,0.553088396627441
gora,42,symmetric,0.3,none,39,174,22,0.15360337086588477,0.6037069758604323,0.023025340885339942,0.5488595054872714
gora,42,fp_heavy,0.05,none,39,56,35,0.22671779097337064,0.6721200914469762,0.13132473731399139,0.743429875817857
gora,42,fp_heavy,0.1,none,39,75,31,0.15589946107100755,0.5771656364326884,0.00035850876162626895,0.4704571014135601
gora,42,fp_heavy,0.15,none,39,109,26,0.1562541703352412,0.6063600834338285,0.03034019432958365,0.5626281615332065
gora,42,fp_heavy,0.2,none,39,132,23,0.11438573526521839,0.5788782089176754,0.049335014148495296,0.6057011475256942
gora,42,fp_heavy,0.25,none,39,149,20,0.17818121225160224,0.6134786696744361,0.012934017438665362,0.522953231105788
gora,42,fp_heavy,0.3,none,39,166,17,0.11272315095868041,0.574069133632949,0.023746823527892813,0.5501468675022966
gora,42,mid,0.05,none,39,50,31,0.29113977682164044,0.7114295799302301,0.1118490104868112,0.7059531602177823
gora,42,mid,0.1,none,39,58,23,0.11657253935846731,0.5307916893640072,0.005603877430952671,0.4739885444504101
gora,42,mid,0.15,none,39,84,17,0.0666542677690217,0.5145579906904534,0.002954870774531359,0.48958060434279355
gora,42,mid,0.2,none,39,115,14,0.04265437390232497,0.49694324951339397,-0.009439113165198597,0.46290149130596153
gora,42,mid,0.25,none,39,126,8,0.07297955407783331,0.5210286998321912,0.009908895441876512,0.5119753375401724
gora,42,mid,0.3,none,39,135,2,0.02563813143643077,0.4660785431549247,-0.031151591432679898,0.40255591498922016
gora,42,fn_heavy,0.05,none,39,32,20,0.1989887667249558,0.6192073320466303,0.06177323916983984,0.6150648509243697
gora,42,fn_heavy,0.1,none,39,39,10,0.044363215584160426,0.45767074762097737,-0.012379828306651986,0.4165883012173926
gora,42,fn_heavy,0.15,none,39,36,0,0.0048217926443286305,0.43379324718460055,-0.0019275742279343665,0.4544929371307533
gora,42,fn_heavy,0.2,none,39,57,0,-0.0344232403571555,0.3797396280365889,-0.04176846214412826,0.33714781762737295
gora,42,fn_heavy,0.25,none,39,83,0,0.07858660113907086,0.5190406733871343,0.0018290191395670108,0.49959377852112613
gora,42,fn_heavy,0.3,none,39,102,0,0.04006870714773064,0.46891858154282173,-0.027436398252436135,0.40785433032802887
gora,77,symmetric,0.05,none,39,60,37,0.23742747962588664,0.6859988769491537,0.10582320696692812,0.695210658079176
gora,77,symmetric,0.1,none,39,91,33,0.20430245884978088,0.649580331398945,0.04416175264042921,0.5773752904484505
gora,77,symmetric,0.15,none,39,117,31,0.1456178300955607,0.6177900373604206,0.050483056077988385,0.60570859689396
gora,77,symmetric,0.2,none,39,139,29,0.14224953127046855,0.6102706008438635,0.03561284538571165,0.5769674564540003
gora,77,symmetric,0.25,none,39,164,28,0.08376258265225131,0.5638245773777408,0.028266489335006372,0.5588972950374542
gora,77,symmetric,0.3,none,39,180,25,0.08358860585656504,0.5601993269101271,0.025790151926354577,0.5541379499466763
gora,77,fp_heavy,0.05,none,39,58,36,0.24021250846553469,0.6862579368481949,0.09016132481384347,0.6765514940426196
gora,77,fp_heavy,0.1,none,39,88,31,0.22270011209740156,0.6616313817082087,0.05153404628818057,0.587999022170426
gora,77,fp_heavy,0.15,none,39,115,29,0.15382902064649437,0.6185513459118127,0.04478572639812704,0.5946526665047259
gora,77,fp_heavy,0.2,none,39,136,28,0.13894874934345858,0.607026145022191,0.04157673809937575,0.5883898964741474
gora,77,fp_heavy,0.25,none,39,152,21,0.10446792034673028,0.5800597251971118,0.029302919596499326,0.5621304328061068
gora,77,fp_heavy,0.3,none,39,174,21,0.05194471280895739,0.5382419670535237,0.02269914401702893,0.5470953638756408
gora,77,mid,0.05,none,39,51,31,0.19015504184825457,0.628860441233658,0.042539684798699864,0.5545938423693932
gora,77,mid,0.1,none,39,75,27,0.16269344048937334,0.6122346679179601,0.03908944616002588,0.5614569339471969
gora,77,mid,0.15,none,39,99,21,0.1577764227930503,0.6273494962057572,0.05230963475222709,0.6096855258266072
gora,77,mid,0.2,none,39,114,15,0.08010062403021374,0.54967074113144,0.013115029143836495,0.5218527908840213
gora,77,mid,0.25,none,39,136,14,0.019661846736230133,0.4992149059376517,0.011541574115150133,0.5156082955422288
gora,77,mid,0.3,none,39,153,10,-0.007856405623199359,0.47589565031456044,0.012345005437561786,0.5229839817144067
gora,77,fn_heavy,0.05,none,39,35,21,0.157262948674332,0.6031314031779788,0.05025379225421992,0.5904892310197836
gora,77,fn_heavy,0.1,none,39,45,15,0.10200677254460401,0.543470517607039,0.006693774720987064,0.4898541859129412
gora,77,fn_heavy,0.15,none,39,49,1,0.07522753029244424,0.5274108900476525,0.014352536628356104,0.5137710400729304
gora,77,fn_heavy,0.2,none,39,72,0,0.019406916121338526,0.47916066681474506,0.004895200601359666,0.49319324581056023
gora,77,fn_heavy,0.25,none,39,86,0,-0.03730489006666588,0.40749897481057673,-0.03488263416283331,0.3764250244632026
gora,77,fn_heavy,0.3,none,39,99,0,-0.09607446272988839,0.32300642720397776,-0.05094839734899624,0.3162690370842632
gora,101,symmetric,0.05,none,39,65,38,0.2790771537489146,0.7158477220784727,0.12571422143255345,0.7391528731785763
gora,101,symmetric,0.1,none,39,101,36,0.2261744498629343,0.6759562251840114,0.08128138850410564,0.664657809118505
gora,101,symmetric,0.15,none,39,126,36,0.23187832514232926,0.6865949400949274,0.08009233689725133,0.6688810757477907
gora,101,symmetric,0.2,none,39,147,33,0.16130082852848882,0.6192688372286327,0.051335342970894676,0.6069974410944536
gora,101,symmetric,0.25,none,39,168,32,0.11880344175536173,0.5947336115462603,0.05400393232038544,0.6152667032251798
gora,101,symmetric,0.3,none,39,192,31,0.08847987910505048,0.5613917991453531,0.02685674433940464,0.5577891061107576
gora,101,fp_heavy,0.05,none,39,64,37,0.28629948067276006,0.7315921859740685,0.14903788683341437,0.7827264423614494
gora,101,fp_heavy,0.1,none,39,99,36,0.23891319089362867,0.6830547627070243,0.07944481255037077,0.6619722647575147
gora,101,fp_heavy,0.15,none,39,122,33,0.16488128317055717,0.6224937556784998,0.06258854761094652,0.6252989606385296
gora,101,fp_heavy,0.2,none,39,144,32,0.18114519083302794,0.6407641587474878,0.05858551071527718,0.6256146049145599
gora,101,fp_heavy,0.25,none,39,162,30,0.15139519371266535,0.6184302094639987,0.05547268214396753,0.6185959235091002
gora,101,fp_heavy,0.3,none,39,178,24,0.09234237506369537,0.5605274136329947,0.032543656769616854,0.5675709025819576
gora,101,mid,0.05,none,39,62,36,0.26801197128943444,0.7087403756297392,0.10224361320340315,0.703790478531863
gora,101,mid,0.1,none,39,85,31,0.1676399176806986,0.617524282032621,0.06235372831354038,0.6218214082567695
gora,101,mid,0.15,none,39,107,24,0.09566851181929793,0.5547218667918555,0.03280628038046897,0.56490185802488
gora,101,mid,0.2,none,39,120,17,0.05262540095836372,0.5174513794324983,-0.00035466356707120967,0.48185283264378664
gora,101,mid,0.25,none,39,131,13,0.028252468523693272,0.5057609086268307,0.028723872863444598,0.5526864099796777
gora,101,mid,0.3,none,39,146,6,1.731914093886774e-05,0.4679136222829494,0.002727410931003185,0.4917356437806136
gora,101,fn_heavy,0.05,none,39,42,31,0.16504299164449643,0.6034500710439056,0.05264867767027917,0.5986035552386951
gora,101,fn_heavy,0.1,none,39,46,14,0.10767613162155593,0.5570396381535506,0.034072175127824005,0.5548431732252397
gora,101,fn_heavy,0.15,none,39,57,1,-0.004947342632072695,0.4256865621727296,0.016227120353205983,0.5075906054355221
gora,101,fn_heavy,0.2,none,39,77,0,-0.02388213114549922,0.4104606613156283,-0.02481197961840525,0.3941847379691356
gora,101,fn_heavy,0.25,none,39,89,0,0.0019676984761765035,0.45623701799928645,0.0030262448386517964,0.47138026087440144
gora,101,fn_heavy,0.3,none,39,104,0,-0.0301523632494502,0.41346435839332535,-0.028592998515984954,0.4004199848821543
gora,123,symmetric,0.05,none,39,57,37,0.23560482510245273,0.6853884018722863,0.1355932805090007,0.7359179803571708
gora,123,symmetric,0.1,none,39,77,32,0.09455619799154792,0.5382348380455416,0.03113097161605061,0.49579556706689853
gora,123,symmetric,0.15,none,39,92,29,0.0814366912719853,0.5400404074011049,0.021383385846717815,0.5176169337802075
gora,123,symmetric,0.2,none,39,113,26,0.08864466367385704,0.5459012564181459,0.013488313983399726,0.5014132154320015
gora,123,symmetric,0.25,none,39,140,23,0.1346870997442176,0.5817994483122967,0.015115161542599308,0.5028206658012566
gora,123,symmetric,0.3,none,39,163,20,0.10649691611760559,0.5735995859345785,0.03071044786901418,0.5576783521520453
gora,123,fp_heavy,0.05,none,39,57,37,0.23560482510245273,0.6853884018722863,0.1355932805090007,0.7359179803571708
gora,123,fp_heavy,0.1,none,39,76,32,0.09251194040684874,0.5363861887330331,0.018492062368961,0.48326995204520146
gora,123,fp_heavy,0.15,none,39,88,26,0.07573434369793404,0.5338215199036388,0.022933026714551278,0.5303498754806681
gora,123,fp_heavy,0.2,none,39,109,23,0.11644524615131022,0.5697067259208307,0.019849810772260956,0.5289108867798317
gora,123,fp_heavy,0.25,none,39,131,18,0.09337825001749674,0.5508321195208099,0.01798305058589831,0.5084738047484576
gora,123,fp_heavy,0.3,none,39,154,17,0.12988918313196715,0.5950433593258492,0.04525072084560414,0.584177376562128
gora,123,mid,0.05,none,39,51,32,0.20404147487314964,0.6371800809795227,0.0854277996122085,0.6076537917430528
gora,123,mid,0.1,none,39,60,23,0.07216396660730431,0.516600606323952,-0.0007381838683221466,0.4397345043307349
gora,123,mid,0.15,none,39,70,17,0.0547559561733034,0.5115940979131139,0.018019192141140766,0.5039729138619462
gora,123,mid,0.2,none,39,89,12,0.03608769331253578,0.4941706676571203,0.012115762058673053,0.507812996674245
gora,123,mid,0.25,none,39,104,10,0.029226567927352252,0.4810496399753002,-0.00891189573876764,0.43457888794100785
gora,123,mid,0.3,none,39,124,6,-0.02073832595642967,0.4352884427272744,-0.009593829082300108,0.4340576783189074
gora,123,fn_heavy,0.05,none,39,31,18,0.1699069848827943,0.5924282735922891,0.02753608437756917,0.5302212794095394
gora,123,fn_heavy,0.1,none,39,34,11,0.047892846557350426,0.4975183121022505,0.0573628136481324,0.5995536467625364
gora,123,fn_heavy,0.15,none,39,37,0,-0.12374289920691993,0.255472177645975,-0.04360807575449061,0.28715204705147707
gora,123,fn_heavy,0.2,none,39,49,0,-0.08489280223552213,0.3285398736978437,0.008641249912853446,0.41974273003872364
gora,123,fn_heavy,0.25,none,39,62,0,-0.13415541176755483,0.23002436421799718,-0.058235244062770274,0.17811998363704856
gora,123,fn_heavy,0.3,none,39,77,0,-0.0995467025101644,0.33161112262498826,-0.023587471097990278,0.38818815226804965
gora,202,symmetric,0.05,none,39,63,38,0.27604611834908094,0.6974617382100263,0.07392775982837961,0.6482341319455737
gora,202,symmetric,0.1,none,39,81,37,0.22268740900651235,0.6633028505003208,0.06030213966231037,0.6210552291148558
gora,202,symmetric,0.15,none,39,99,32,0.23337615950102356,0.6808410832418844,0.08720400205380545,0.6804461848258431
gora,202,symmetric,0.2,none,39,121,28,0.09513761437841628,0.5544263822236971,0.008157916928107174,0.5087590908115568
gora,202,symmetric,0.25,none,39,149,27,0.09201241948145927,0.5363175551386935,-0.028649353497223067,0.41424771818686507
gora,202,symmetric,0.3,none,39,170,25,0.07355600912827581,0.5410294505732742,0.004956582162474168,0.5072366043967093
gora,202,fp_heavy,0.05,none,39,62,37,0.262704913995501,0.6777451405664251,0.056313494751034116,0.6023970019333633
gora,202,fp_heavy,0.1,none,39,76,33,0.17451663001910578,0.6192074102895804,0.035500855879787144,0.5736093414187516
gora,202,fp_heavy,0.15,none,39,95,28,0.17810630568099187,0.6299309944093858,0.04208788146961519,0.5892618834153476
gora,202,fp_heavy,0.2,none,39,115,26,0.11412341589901974,0.5773250875145338,0.04333436952328164,0.5922306885126135
gora,202,fp_heavy,0.25,none,39,142,23,0.06674166061315004,0.5121199469955379,-0.029821253517191594,0.4068645689590198
gora,202,fp_heavy,0.3,none,39,165,21,0.08084608617508925,0.5395645688654502,-0.002752938035848436,0.4844636594953546
gora,202,mid,0.05,none,39,56,33,0.2298156341736759,0.6555448097683431,0.06338218428155401,0.6147874140655292
gora,202,mid,0.1,none,39,64,26,0.16632833310524833,0.6003961529758393,0.02027887368079757,0.5225169743414468
gora,202,mid,0.15,none,39,81,21,0.1241183494865627,0.5801541994500524,0.04753864397383029,0.5910876178459074
gora,202,mid,0.2,none,39,91,13,-0.010026657999401717,0.4520667923578758,0.003078821587988926,0.4912826724856375
gora,202,mid,0.25,none,39,117,11,0.03158379679947461,0.47888166421358447,-0.008561707584752377,0.45887123128138296
gora,202,mid,0.3,none,39,133,5,0.029508885452116836,0.4704502996978214,-0.03815824534688717,0.3853596920432352
gora,202,fn_heavy,0.05,none,39,37,23,0.19411840015053883,0.626159487845585,0.07526193542121885,0.6284758723738859
gora,202,fn_heavy,0.1,none,39,37,11,0.021194445527678046,0.45774164183275196,0.015419276929777022,0.52344648484095
gora,202,fn_heavy,0.15,none,39,38,0,-0.02204903754497225,0.4001976711370386,-0.00284385512633658,0.4715975276481552
gora,202,fn_heavy,0.2,none,39,50,0,0.009200990486708496,0.4322152950499916,-0.014686586484005075,0.40976889302275216
gora,202,fn_heavy,0.25,none,39,67,0,-0.014021573723844829,0.40111207270804994,-0.04306232525674106,0.357798510545358
gora,202,fn_heavy,0.3,none,39,80,0,0.012831054657089625,0.47391376175279254,0.038714723772902776,0.5819030660215588
gora,314,symmetric,0.05,none,39,60,38,0.22809062459140184,0.6718698932217665,0.09420836303451245,0.6714213995687608
gora,314,symmetric,0.1,none,39,82,36,0.16844791365858577,0.6103563466850968,0.035549853415601095,0.5413795322592828
gora,314,symmetric,0.15,none,39,106,33,0.08401617758855691,0.557582855878635,0.0329652248986389,0.5656196733576591
gora,314,symmetric,0.2,none,39,133,30,0.13070331604841154,0.6208649073356027,0.09202694517848443,0.6939390411413512
gora,314,symmetric,0.25,none,39,161,28,0.09461723258135259,0.5819891078577576,0.05262593281147376,0.6138709860513549
gora,314,symmetric,0.3,none,39,187,27,0.05857066201368686,0.5523234693633178,0.0516717091302511,0.6122783629681493
gora,314,fp_heavy,0.05,none,39,59,37,0.258222393525762,0.6982601534379105,0.11343016594345033,0.7066302586467703
gora,314,fp_heavy,0.1,none,39,80,35,0.20623088632682915,0.6610129732952605,0.09759559942913276,0.6886915367222339
gora,314,fp_heavy,0.15,none,39,101,30,0.07449405573317719,0.5510794430406518,0.03681906285826465,0.5714256428611241
gora,314,fp_heavy,0.2,none,39,130,28,0.07013657757015573,0.5524323899607432,0.030527732027206104,0.5664859813129103
gora,314,fp_heavy,0.25,none,39,157,25,0.052952720221750044,0.539771425771804,0.022679746663558237,0.5479858218649458
gora,314,fp_heavy,0.3,none,39,180,21,0.03153563385594688,0.5268421218249272,0.028925821301065812,0.5628463746098432
gora,314,mid,0.05,none,39,57,35,0.23053013869306174,0.6734592431700989,0.1065697404529042,0.6919530196278655
gora,314,mid,0.1,none,39,68,27,0.09766829042899941,0.5421838151298972,0.04754654217970306,0.5791933460356056
gora,314,mid,0.15,none,39,82,20,-0.01317892110327363,0.4367209534947289,-0.015249583031980748,0.42139408709133114
gora,314,mid,0.2,none,39,102,14,0.01881739026270388,0.5061248718331669,0.04266840204774856,0.5901338824573059
gora,314,mid,0.25,none,39,122,13,0.008887106940972505,0.48860883594997634,0.014944339149078136,0.5231984896625623
gora,314,mid,0.3,none,39,143,6,-0.002182809763017813,0.47778594164118116,0.0013530764657039627,0.49672933189832
gora,314,fn_heavy,0.05,none,39,39,25,0.09853606532400724,0.5239917235095091,0.04316269466473755,0.506322510365845
gora,314,fn_heavy,0.1,none,39,40,13,-0.006532101085402861,0.42863624550470975,-0.008563901830319576,0.4168696330195488
gora,314,fn_heavy,0.15,none,39,43,2,0.0036681283767074,0.4478057931060399,0.0009225882161939808,0.4790013458898775
gora,314,fn_heavy,0.2,none,39,56,0,-0.006913219391928183,0.4488671984730116,0.005978602731888927,0.49013309011690104
gora,314,fn_heavy,0.25,none,39,71,0,-0.09226816729100787,0.3184001847326063,-0.07103545556055836,0.2408704700350897
gora,314,fn_heavy,0.3,none,39,90,0,-0.04005804621843784,0.4199518639567732,0.005507613814624476,0.49558103386138025
gora,999,symmetric,0.05,none,39,60,37,0.270034360685099,0.7059860706433763,0.08874644976136596,0.6737108555834975
gora,999,symmetric,0.1,none,39,86,34,0.189932667913982,0.636595651691084,0.028729639707301004,0.5525600714293848
gora,999,symmetric,0.15,none,39,116,32,0.15898177787311266,0.6150926247427404,0.04021883623458989,0.5769230563464738
gora,999,symmetric,0.2,none,39,139,30,0.12173394986852816,0.5725810750939881,0.004468049265033827,0.4993856451412297
gora,999,symmetric,0.25,none,39,158,28,0.1656341526412885,0.6266500944729222,0.037856882356334304,0.5823402330725953
gora,999,symmetric,0.3,none,39,186,24,0.12159278095146131,0.5918730081737861,0.03798820401169818,0.5831838884735543
gora,999,fp_heavy,0.05,none,39,60,37,0.270034360685099,0.7059860706433763,0.08874644976136596,0.6737108555834975
gora,999,fp_heavy,0.1,none,39,85,33,0.1924689016656872,0.6313529159732393,0.01869474005652204,0.5262337592338436
gora,999,fp_heavy,0.15,none,39,111,30,0.1554766091995053,0.6152357695404136,0.03979444003962076,0.5780085461142682
gora,999,fp_heavy,0.2,none,39,133,28,0.13043806219126877,0.5899319032601753,0.023197196742574117,0.544427688200186
gora,999,fp_heavy,0.25,none,39,154,24,0.19749534114141526,0.6555340143471178,0.07006655165962199,0.6491857285638836
gora,999,fp_heavy,0.3,none,39,180,23,0.17496940787176218,0.6364361557628402,0.054745087597819556,0.6184726436172072
gora,999,mid,0.05,none,39,54,33,0.24184159097311134,0.6844853940146667,0.07993068276282128,0.6595291963579234
gora,999,mid,0.1,none,39,76,27,0.14624559092617456,0.5774931727761856,-0.002677448823650868,0.46860265461278716
gora,999,mid,0.15,none,39,94,23,0.16520450552868318,0.5936142535718116,0.001190100124406233,0.47067610012608335
gora,999,mid,0.2,none,39,111,17,0.0945031269945769,0.5512417952654424,0.009633798584733436,0.5107882493654956
gora,999,mid,0.25,none,39,129,11,0.06238272989741937,0.5374962030392443,0.035876275981902246,0.5755662453215943
gora,999,mid,0.3,none,39,143,2,0.052889317985191676,0.5292667498327965,0.05554930247669174,0.6186750295535802
gora,999,fn_heavy,0.05,none,39,33,24,0.1679317939290442,0.6017704210185228,0.11281150470797481,0.6608145490915189
gora,999,fn_heavy,0.1,none,39,43,14,0.11647552210400049,0.5658401868465227,0.0328940643783697,0.5601714818563478
gora,999,fn_heavy,0.15,none,39,49,0,-0.06777877957314558,0.29938446284022885,-0.062153111446185794,0.18834122332513345
gora,999,fn_heavy,0.2,none,39,63,0,-0.00820183317575582,0.41334980509604186,-0.047801522208117175,0.3405588756533356
gora,999,fn_heavy,0.25,none,39,81,0,-0.021052495299086368,0.40689093266183063,-0.04298091235669718,0.34767488581902395
gora,999,fn_heavy,0.3,none,39,94,0,-0.029341517577085936,0.41165053502265775,-0.03980878010855366,0.3639954724511398
opennlp,7,symmetric,0.05,none,91,135,85,0.08854598118850389,0.5457715937466323,0.11342071423060072,0.6117588164384259
opennlp,7,symmetric,0.1,none,91,181,81,0.046168732837349194,0.5124275333970161,0.04897736964574565,0.5289820521633193
opennlp,7,symmetric,0.15,none,91,230,76,0.010208496460992629,0.4863218212956728,0.14701784909345814,0.65979960045156
opennlp,7,symmetric,0.2,none,91,290,75,0.048640451170506235,0.5297122136493285,0.15634495686540945,0.6723014058888794
opennlp,7,symmetric,0.25,none,91,328,70,-0.011395542812067476,0.47070344061711894,0.13642622525194964,0.6513177905673495
opennlp,7,symmetric,0.3,none,91,379,68,-0.00417988468680176,0.4824950070996894,0.02751416698994587,0.529611429728614
opennlp,7,fp_heavy,0.05,none,91,134,85,0.1019131788588197,0.5585640876121968,0.13170787044430635,0.6343548484210987
opennlp,7,fp_heavy,0.1,none,91,177,78,0.008919766710817657,0.4729970610744942,0.06262468198852653,0.549420200978359
opennlp,7,fp_heavy,0.15,none,91,227,75,-0.011451176591288094,0.4628599897253401,0.06843531155578658,0.570101502812948
opennlp,7,fp_heavy,0.2,none,91,276,70,0.02899308352703707,0.5104761520132404,0.11902903167895058,0.6313547040518602
opennlp,7,fp_heavy,0.25,none,91,314,66,0.011286569573710858,0.4951600841764994,0.10685873672337595,0.6189286011887611
opennlp,7,fp_heavy,0.3,none,91,366,61,-0.014581251656938505,0.46851850958437263,0.03237020347850558,0.5338217633685793
opennlp,7,mid,0.05,none,91,123,78,0.12468061387662407,0.5817329520261132,0.1643955666109469,0.669115649280325
opennlp,7,mid,0.1,none,91,158,70,0.03235883483442982,0.4981078399001489,0.05764072565053447,0.544564243595734
opennlp,7,mid,0.15,none,91,186,61,0.02022648247382246,0.4891859338396217,0.01861839232252747,0.4945276791303434
opennlp,7,mid,0.2,none,91,222,47,0.011321616612067525,0.48680709577338205,0.014824601829904527,0.48512015204207826
opennlp,7,mid,0.25,none,91,260,31,-0.019675867884311356,0.44810753960691224,-0.0001717523335651057,0.48056114602721306
opennlp,7,mid,0.3,none,91,290,24,-0.030728551738651216,0.44785787073623773,0.07819394976326126,0.5866304795767361
opennlp,7,fn_heavy,0.05,none,91,91,68,0.0767235011267009,0.5319136310834363,0.13395154427389142,0.6325428501913463
opennlp,7,fn_heavy,0.1,none,91,94,40,0.07222929372291928,0.5269975418918197,0.03199601010342996,0.5202233934087728
opennlp,7,fn_heavy,0.15,none,91,96,10,-0.05793614295306151,0.3734885050354135,-0.026347009123729552,0.44372435113226727
opennlp,7,fn_heavy,0.2,none,91,108,0,-0.039437283325199204,0.4084268826465492,-0.008430251263067663,0.45825045002484355
opennlp,7,fn_heavy,0.25,none,91,139,0,-0.053448659596814344,0.3893947113487423,0.0839062926914847,0.5696229373529131
opennlp,7,fn_heavy,0.3,none,91,170,0,-0.058786401206552034,0.3990983087333026,0.0495490600025941,0.5468036770343117
opennlp,13,symmetric,0.05,none,91,144,84,0.056828265675430874,0.5192113248741087,0.005842829837055918,0.4679197943817309
opennlp,13,symmetric,0.1,none,91,196,81,0.07232967726989437,0.5389666886052498,0.039745827686448215,0.531038259964907
opennlp,13,symmetric,0.15,none,91,240,78,0.004026096671815138,0.4763048641702891,0.04481971774282561,0.5443886434991775
opennlp,13,symmetric,0.2,none,91,274,75,0.02535726506077206,0.4919773717873842,0.10788504000704456,0.6180021666909001
opennlp,13,symmetric,0.25,none,91,320,72,0.03318465047599,0.5090287653557701,0.09279093936965158,0.6043282122656324
opennlp,13,symmetric,0.3,none,91,369,67,0.005448832072672006,0.49061541252870255,-0.04515373671285032,0.43220937346142924
opennlp,13,fp_heavy,0.05,none,91,141,83,0.055293517828390676,0.5187724696157976,0.033608759013734626,0.5057078911067122
opennlp,13,fp_heavy,0.1,none,91,189,78,0.0611967453278202,0.5256228120684738,0.10632821432819262,0.6154344168362262
opennlp,13,fp_heavy,0.15,none,91,233,75,-0.021365888058756954,0.44679612367240035,0.040603941061011846,0.5384475819933591
opennlp,13,fp_heavy,0.2,none,91,263,68,-0.01957308943330922,0.44828113217793436,0.019081929234458804,0.5047562426194381
opennlp,13,fp_heavy,0.25,none,91,303,63,-0.03017737206160967,0.44351989217261273,0.034798723235726386,0.5367650824105071
opennlp,13,fp_heavy,0.3,none,91,349,57,-0.015862072066116784,0.4667754205040461,0.04941168248518358,0.5545909359733088
opennlp,13,mid,0.05,none,91,132,78,0.04385135439027657,0.4992747485323133,-0.0001500805865677402,0.46608559097386587
opennlp,13,mid,0.1,none,91,166,69,0.05459202689299907,0.5174826359246937,-0.02184658858814855,0.44277519743014954
opennlp,13,mid,0.15,none,91,204,57,-0.02461504965578799,0.43745715095000604,0.12370223136586135,0.6313369004203517
opennlp,13,mid,0.2,none,91,217,42,-0.03801102694281662,0.42585670567114897,-0.005104619460923376,0.4831259106744802
opennlp,13,mid,0.25,none,91,242,29,-0.04550159612488412,0.4179032585847725,-0.0002602143195292717,0.4877831890880901
opennlp,13,mid,0.3,none,91,271,14,-0.004047462669242866,0.46695298296222826,-0.07789246995075405,0.3717921574244587
opennlp,13,fn_heavy,0.05,none,91,99,67,0.04784781227305826,0.49139539700541557,-0.0068453044281736874,0.4756886650174528
opennlp,13,fn_heavy,0.1,none,91,99,36,0.04100857050274036,0.48102949642579756,-0.10742148631753558,0.3067534399395556
opennlp,13,fn_heavy,0.15,none,91,99,4,0.046320540999752545,0.5007296453542719,0.018916901611164612,0.5082498990965689
opennlp,13,fn_heavy,0.2,none,91,124,0,0.017214248494985474,0.46746094774408736,-0.020953093031930742,0.4481740305103615
opennlp,13,fn_heavy,0.25,none,91,151,0,0.008958075743602889,0.46579382127156765,0.0005153726686121973,0.469301303745253
opennlp,13,fn_heavy,0.3,none,91,173,0,0.016036431218939582,0.47659479614870237,-0.036425794991065436,0.42271726188795317
opennlp,21,symmetric,0.05,none,91,144,85,0.09565324609897007,0.5438436276083585,0.08516382797581096,0.5741871608806759
opennlp,21,symmetric,0.1,none,91,184,80,0.016033964805777068,0.47591899447319164,0.0393090019612138,0.52272769816682
opennlp,21,symmetric,0.15,none,91,212,74,0.019184924276921124,0.48386757531397995,0.07828545188335062,0.5655978601285605
opennlp,21,symmetric,0.2,none,91,250,72,-0.03345569294485465,0.43257287169533487,0.01179206440047191,0.4942217644102872
opennlp,21,symmetric,0.25,none,91,287,64,0.0028915222613511912,0.4831891060106284,0.08274812509145389,0.5926018529487429
opennlp,21,symmetric,0.3,none,91,340,58,0.009757476570624049,0.4993935218056271,0.01851813103769287,0.5160571489326224
opennlp,21,fp_heavy,0.05,none,91,140,82,0.0865389268643337,0.5388941727014692,0.09867671723932335,0.5919470014746949
opennlp,21,fp_heavy,0.1,none,91,174,76,0.03334061784378027,0.486158937412133,0.08468885071849096,0.5801211849514527
opennlp,21,fp_heavy,0.15,none,91,205,72,0.00224408595363229,0.4685140646035487,0.0576392907567114,0.534992809516852
opennlp,21,fp_heavy,0.2,none,91,233,61,0.021119925551563314,0.49991268021362095,-0.037075037395669794,0.42089645151972793
opennlp,21,fp_heavy,0.25,none,91,271,52,-0.0006362388784449138,0.4812799172013095,0.023326848792653468,0.5213927373826048
opennlp,21,fp_heavy,0.3,none,91,323,50,0.03223337324884312,0.5204653518090243,0.059625995210893006,0.5668390619744252
opennlp,21,mid,0.05,none,91,128,76,0.10019449412367251,0.5482970501084373,0.10680540175642021,0.598852941252596
opennlp,21,mid,0.1,none,91,150,61,0.05328409713075963,0.5100077489169317,0.03692136471472569,0.5278589168719803
opennlp,21,mid,0.15,none,91,169,50,0.02028551975124979,0.4904078919303023,0.0281711435227597,0.5140875249533077
opennlp,21,mid,0.2,none,91,199,42,0.01047228056333029,0.4778391638219834,0.049046209491108855,0.5337760492631202
opennlp,21,mid,0.25,none,91,226,34,-0.027030650143682007,0.44814829941724604,-0.046467514825764944,0.4082882128581951
opennlp,21,mid,0.3,none,91,246,17,0.03914902013627598,0.5188219209141995,0.058261340738981454,0.5628937513572232
opennlp,21,fn_heavy,0.05,none,91,94,58,0.10871044498393989,0.5599155954540613,0.08730176621496251,0.5982694778225663
opennlp,21,fn_heavy,0.1,none,91,104,39,0.048071069177292,0.5042048656442638,0.04843313772312101,0.5439875395956203
opennlp,21,fn_heavy,0.15,none,91,94,8,-0.02520648658732552,0.41647279581668806,-0.005715846104054952,0.48196280973959943
opennlp,21,fn_heavy,0.2,none,91,109,0,0.026650449661528207,0.47673730562690614,0.042266963102386354,0.5400089647946117
opennlp,21,fn_heavy,0.25,none,91,127,0,-0.013751244290789449,0.4403451020366455,0.0881296301352797,0.5813341296284221
opennlp,21,fn_heavy,0.3,none,91,149,0,-0.021729751141751633,0.43609735988248144,0.013227148141410293,0.49342543258394367
opennlp,42,symmetric,0.05,none,91,133,84,0.01980878060734676,0.4589167576450793,-0.02282858272612335,0.42217699746294884
opennlp,42,symmetric,0.1,none,91,153,72,0.02023456909774112,0.4802794936937302,0.02094763309408718,0.5106199811785076
opennlp,42,symmetric,0.15,none,91,217,67,-0.004073157751175865,0.4516293276214065,-0.06508153514379941,0.36428162745960874
opennlp,42,symmetric,0.2,none,91,265,63,0.029187877526348133,0.5097154856507371,0.0837799708659262,0.591099875524457
opennlp,42,symmetric,0.25,none,91,301,57,0.012524289530439816,0.4851957245040126,0.1256289824470174,0.6396172740842162
opennlp,42,symmetric,0.3,none,91,347,56,-0.004618114909133448,0.47020713834103667,0.11568537959741546,0.6273449393832407
opennlp,42,fp_heavy,0.05,none,91,128,81,0.07677570702695878,0.532112896859347,-0.023863774723646168,0.42462488739571425
opennlp,42,fp_heavy,0.1,none,91,146,67,-0.00012294944926813026,0.45298811884098766,0.0331531580282147,0.5272560855306113
opennlp,42,fp_heavy,0.15,none,91,210,64,-0.004722784824282907,0.45604918884423373,-0.004875044132496267,0.47750864428561696
opennlp,42,fp_heavy,0.2,none,91,252,57,-0.005024083215020431,0.46169147646005554,0.07051933183836769,0.575450950642992
opennlp,42,fp_heavy,0.25,none,91,288,53,0.0059734000112676615,0.4739183183348232,0.06130038797998404,0.5600393529826411
opennlp,42,fp_heavy,0.3,none,91,329,48,0.01711055769712926,0.4889637990627284,0.08825946689582453,0.5983586908699967
opennlp,42,mid,0.05,none,91,109,68,0.028209918506375612,0.47675723963293176,0.00040686368127145644,0.47461102543876715
opennlp,42,mid,0.1,none,91,128,57,0.0049770591306257245,0.45826723541121833,0.009583452818505023,0.48448867532810325
opennlp,42,mid,0.15,none,91,166,48,0.029908115822937644,0.4969633276142498,0.006297365351025231,0.49083323406320667
opennlp,42,mid,0.2,none,91,207,35,-0.016823660847397517,0.44482396299356286,0.051772116870847304,0.5556126556851749
opennlp,42,mid,0.25,none,91,239,27,-0.007417740623885052,0.4582662030894016,0.0771502109551087,0.5846238378181436
opennlp,42,mid,0.3,none,91,263,12,-0.009030349797779723,0.4582130457464982,0.013177071274677233,0.5050231785348328
opennlp,42,fn_heavy,0.05,none,91,81,56,0.05078727464821326,0.49932521381123973,0.030297754097925848,0.5242355859905885
opennlp,42,fn_heavy,0.1,none,91,84,29,-0.011157552900547391,0.4254967657948868,0.014564095740940575,0.4988969262638483
opennlp,42,fn_heavy,0.15,none,91,70,5,0.024799191393760706,0.4630192619294372,0.027241398313340492,0.5275345213697985
opennlp,42,fn_heavy,0.2,none,91,91,0,-0.026541129096285896,0.41312414025167454,-0.06390682705239303,0.38947606189331446
opennlp,42,fn_heavy,0.25,none,91,129,0,0.011418166573339253,0.4658604432932489,0.04644162856000585,0.5353606205936287
opennlp,42,fn_heavy,0.3,none,91,164,0,-0.006366841793568636,0.44395168239360144,0.015125400718681906,0.5035318089390501
opennlp,77,symmetric,0.05,none,91,121,85,0.10311505175326599,0.5547119757833463,0.11294752924501321,0.5871229893406567
opennlp,77,symmetric,0.1,none,91,170,78,0.04011635625183956,0.4944502284410652,0.02776438397606372,0.4917280097947284
opennlp,77,symmetric,0.15,none,91,224,74,0.034503872784884246,0.5000139414504347,0.005843681739615535,0.4915947526133903
opennlp,77,symmetric,0.2,none,91,259,72,0.056037648069022554,0.5324296117396856,0.054199126167013396,0.5582072633197133
opennlp,77,symmetric,0.25,none,91,304,66,0.01389858514037302,0.49423518560771945,-0.019506170928640137,0.461797613501377
opennlp,77,symmetric,0.3,none,91,343,61,0.0002725916681071644,0.4821765881609741,-0.052304673300778495,0.3920282240113041
opennlp,77,fp_heavy,0.05,none,91,117,83,0.07748557969727869,0.5253928107130044,0.0024151057904442746,0.42106444058326514
opennlp,77,fp_heavy,0.1,none,91,164,76,0.049657142892928614,0.5050888065412739,0.0853357628526498,0.5759116994307337
opennlp,77,fp_heavy,0.15,none,91,216,72,0.051164162722046116,0.5216769963209189,0.009785545483966632,0.48936110497296764
opennlp,77,fp_heavy,0.2,none,91,246,64,0.02077853967213098,0.49753102155061496,0.05474472948486162,0.5552786223660903
opennlp,77,fp_heavy,0.25,none,91,289,60,-0.003045151259595304,0.4737468379335883,-0.03283633853349321,0.4296118203902068
opennlp,77,fp_heavy,0.3,none,91,334,56,0.021288254274040384,0.5069102817584172,0.05072701010757248,0.5515703343167754
opennlp,77,mid,0.05,none,91,103,76,0.10663007566119002,0.5564833357334301,0.1440783846708145,0.6362847827170174
opennlp,77,mid,0.1,none,91,135,64,0.05296849564516005,0.5020128462775656,0.08732631659079945,0.5650813539038843
opennlp,77,mid,0.15,none,91,180,57,0.02979976017116296,0.4865761736028643,0.018102790236063322,0.4911594266692997
opennlp,77,mid,0.2,none,91,209,44,0.002571925149431529,0.46861050571193424,0.0376445598771876,0.5367421107572167
opennlp,77,mid,0.25,none,91,238,36,0.02635818548923847,0.5000973576441202,0.0053512588790893285,0.495948999795656
opennlp,77,mid,0.3,none,91,265,24,-0.006869124118899436,0.4624129013335953,-0.03852690818697088,0.4302294849867858
opennlp,77,fn_heavy,0.05,none,91,81,61,0.06666347317300331,0.5124358792253699,0.06071981243468298,0.48635479249621844
opennlp,77,fn_heavy,0.1,none,91,80,40,0.05473467636073735,0.4912113920982015,0.10578436331364491,0.5925817840338466
opennlp,77,fn_heavy,0.15,none,91,80,10,0.026665955837457074,0.46375509159160155,0.09051592286262916,0.5706012787526578
opennlp,77,fn_heavy,0.2,none,91,102,0,-0.0262570363435618,0.42428245880306603,0.021448441953313798,0.4223356530092326
opennlp,77,fn_heavy,0.25,none,91,130,0,-0.00016813029606179664,0.45946969527653014,-0.04342209764210285,0.38191573290413006
opennlp,77,fn_heavy,0.3,none,91,162,0,-0.011334928288122069,0.44444165976804,0.054976839419590674,0.5475128838975087
opennlp,101,symmetric,0.05,none,91,128,86,0.03401532459989546,0.4862628081001988,0.0399924580356135,0.5180440081077066
opennlp,101,symmetric,0.1,none,91,192,83,0.01193804231526023,0.4870933164731142,-0.041059426258424805,0.43024450146901144
opennlp,101,symmetric,0.15,none,91,238,81,0.020275985965026767,0.49626616568443144,0.009298548284174545,0.4904865965425882
opennlp,101,symmetric,0.2,none,91,291,76,0.009185601119902758,0.48702642828845033,0.018618872808380312,0.5141883043325935
opennlp,101,symmetric,0.25,none,91,339,73,0.013447278330507881,0.49673127291357383,0.021310249976378697,0.5213034233464099
opennlp,101,symmetric,0.3,none,91,383,68,0.008096122389595579,0.4939643886508377,-0.058069620045971944,0.42263519733423893
opennlp,101,fp_heavy,0.05,none,91,126,85,0.04195200882237138,0.498835763687034,0.04385213275743652,0.525538003744477
opennlp,101,fp_heavy,0.1,none,91,186,81,-0.00828975896409532,0.4624914330019188,-0.05874532967696331,0.3872811841582508
opennlp,101,fp_heavy,0.15,none,91,232,76,0.01767608944947064,0.49699232980130525,0.061323591657417284,0.5623548381982235
opennlp,101,fp_heavy,0.2,none,91,277,71,0.024490412162343784,0.5060346402964763,0.02647315630431255,0.5283742891404167
opennlp,101,fp_heavy,0.25,none,91,324,67,-0.019347618683525743,0.4580298593205223,-0.025157813462258122,0.46371042089767406
opennlp,101,fp_heavy,0.3,none,91,362,59,0.01307852569292168,0.49205913619043856,-0.011347506457509945,0.4843799570885156
opennlp,101,mid,0.05,none,91,119,82,0.026893650465259825,0.48167264317150316,0.06194618051694964,0.5291814930943711
opennlp,101,mid,0.1,none,91,156,71,0.033042727734311717,0.5045586113525161,0.06420295557373658,0.5322822076968787
opennlp,101,mid,0.15,none,91,201,59,0.01293418157271474,0.4921661039308304,0.04936814592826121,0.5404055448545111
opennlp,101,mid,0.2,none,91,229,50,0.018063497357189685,0.4925000073103261,-0.054792735237916126,0.4076268468292304
opennlp,101,mid,0.25,none,91,265,38,-0.008340825637539793,0.46905599951052257,0.04286240403040637,0.544755996174201
opennlp,101,mid,0.3,none,91,300,27,-0.03494959901084484,0.4374146093531571,0.008386179153361916,0.5068384260066516
opennlp,101,fn_heavy,0.05,none,91,83,68,0.028825137042774937,0.48692320504635694,0.08253637921506382,0.5915230705474915
opennlp,101,fn_heavy,0.1,none,91,93,44,0.045587873140581776,0.49629585531073533,-0.0046051110860041615,0.43998671420316604
opennlp,101,fn_heavy,0.15,none,91,98,17,0.003858451052768104,0.4607290067924421,-0.06036210426513449,0.3889241413453644
opennlp,101,fn_heavy,0.2,none,91,124,0,-0.02326894868521775,0.4296549959458711,-0.03164753230397983,0.44375176578186176
opennlp,101,fn_heavy,0.25,none,91,150,0,-0.0144619191665244,0.43886618621277607,-0.06492192703999962,0.3804042340015172
opennlp,101,fn_heavy,0.3,none,91,175,0,-0.007381686936825742,0.4460276051860965,-0.14562827447999407,0.2553466564763402
opennlp,123,symmetric,0.05,none,91,129,87,0.06253372820611233,0.5179129546777027,0.08996071657364636,0.5580525066911479
opennlp,123,symmetric,0.1,none,91,168,81,0.07691701186763078,0.5444403880256673,0.11245857280659027,0.6158782214661472
opennlp,123,symmetric,0.15,none,91,202,74,0.03155351119566737,0.49670864664393216,0.034714777091309545,0.5171861519103503
opennlp,123,symmetric,0.2,none,91,251,72,0.02733107412947683,0.5047022625403345,0.009489977800393786,0.4855374730794082
opennlp,123,symmetric,0.25,none,91,296,65,-0.011691725778514102,0.47222704986557756,0.020206315299182678,0.5124320405738837
opennlp,123,symmetric,0.3,none,91,343,61,0.017504183321593522,0.5046971716925984,-0.040237350956620205,0.42840840256370677
opennlp,123,fp_heavy,0.05,none,91,128,86,0.043761055970058485,0.4972387916059466,0.044200252882453925,0.5004740223242673
opennlp,123,fp_heavy,0.1,none,91,162,79,0.07212821619742504,0.5398934455163231,0.05319332288569935,0.5358213632384385
opennlp,123,fp_heavy,0.15,none,91,197,72,0.0024765664727683335,0.4691126091136875,-0.007127330804844556,0.4486977846649665
opennlp,123,fp_heavy,0.2,none,91,238,65,-0.0004146066195215973,0.4716772009115828,0.017166972791891902,0.5064877228224498
opennlp,123,fp_heavy,0.25,none,91,280,60,-2.754424537854741e-05,0.4848397219250329,0.048615417429711386,0.5447614122754342
opennlp,123,fp_heavy,0.3,none,91,323,53,-0.033617880462150564,0.4485181522548778,-0.10328671490068762,0.31101799996459106
opennlp,123,mid,0.05,none,91,119,79,0.018618867757556775,0.46901430033098657,-0.002341064428374029,0.4168599601347081
opennlp,123,mid,0.1,none,91,135,65,0.0661260865829407,0.5249178469449781,0.01175961813068092,0.4858383755072825
opennlp,123,mid,0.15,none,91,162,53,0.05658187470102113,0.5186181897110909,0.02720955490629595,0.5091023553771239
opennlp,123,mid,0.2,none,91,189,41,-0.02647246627689234,0.4382645261326081,-0.026630864704236017,0.4166107551027619
opennlp,123,mid,0.25,none,91,218,32,-0.010734645368634551,0.460799176187308,0.018781200745471547,0.4982626352816134
opennlp,123,mid,0.3,none,91,250,16,-0.006996234642545343,0.46685823364312634,-0.045302207192512246,0.4216280073992721
opennlp,123,fn_heavy,0.05,none,91,85,61,0.055966505728484384,0.5078314342250163,0.043360842460118426,0.5103473902930342
opennlp,123,fn_heavy,0.1,none,91,83,37,-0.015927673236840908,0.419664987665517,-0.03825399369423771,0.3679625883034563
opennlp,123,fn_heavy,0.15,none,91,74,6,-0.03904388016853534,0.3925632579620065,-0.024816414758610898,0.4398326577021036
opennlp,123,fn_heavy,0.2,none,91,95,0,-0.022549050098383074,0.4150946177178775,-0.04272383239762538,0.4026894834160145
opennlp,123,fn_heavy,0.25,none,91,115,0,-0.049461893506599776,0.3841158767160254,0.014928261789432322,0.4775635881423059
opennlp,123,fn_heavy,0.3,none,91,144,0,-0.03425298462478666,0.4147024771573476,0.014321908997019281,0.48762959496563074
opennlp,202,symmetric,0.05,none,91,135,88,0.06385425016890979,0.5193088264244012,0.09857300432028454,0.6095267816668568
opennlp,202,symmetric,0.1,none,91,170,83,0.036649452271147125,0.5012861429469262,0.08161689616433832,0.5869350708985914
opennlp,202,symmetric,0.15,none,91,212,73,0.0114999776751515,0.4789852606838002,0.07618655457012308,0.5760551010748787
opennlp,202,symmetric,0.2,none,91,261,71,0.026053196501870927,0.502774896984999,0.07538377380440056,0.5835435191804099
opennlp,202,symmetric,0.25,none,91,313,69,0.05204518030850114,0.5312484905074429,0.18118083538391563,0.6979975506004487
opennlp,202,symmetric,0.3,none,91,369,66,0.04959027675588215,0.5299834776954577,0.04134489765569365,0.5454787141053501
opennlp,202,fp_heavy,0.05,none,91,134,87,0.05013381132521164,0.5075792368498588,0.11692977587746141,0.629931011448804
opennlp,202,fp_heavy,0.1,none,91,163,78,0.02383627702438724,0.48323129486581995,0.026059709684931747,0.5139471335073403
opennlp,202,fp_heavy,0.15,none,91,205,71,0.04934575030951639,0.5183283248990999,0.025710898018217875,0.5173649893711894
opennlp,202,fp_heavy,0.2,none,91,253,69,0.028519989649542103,0.5072369491616939,0.10634381333665689,0.6180999560505448
opennlp,202,fp_heavy,0.25,none,91,300,63,0.027254052111476593,0.5043309181009153,0.05807537533091628,0.5632233237515597
opennlp,202,fp_heavy,0.3,none,91,340,53,0.009176833403564556,0.48290457824350275,0.03622100725773999,0.5379824217103165
opennlp,202,mid,0.05,none,91,121,78,0.07017207541226046,0.523662529362916,0.1060084782825974,0.6147678415050095
opennlp,202,mid,0.1,none,91,142,69,0.04044036608030301,0.49938125976926934,0.11081148413193397,0.6163878734074207
opennlp,202,mid,0.15,none,91,172,53,0.0334894704016619,0.49360894173859915,0.055542887049801405,0.5508949906572612
opennlp,202,mid,0.2,none,91,186,30,0.03244486025258849,0.4967978308681409,0.1273414004578827,0.637349152552562
opennlp,202,mid,0.25,none,91,227,21,-0.013395274247538589,0.4486042961635107,0.04980052075111603,0.5497848848815189
opennlp,202,mid,0.3,none,91,259,10,0.006552360951482126,0.4763345088361536,-0.05702652490383912,0.4056830179232324
opennlp,202,fn_heavy,0.05,none,91,94,66,0.09977683104058813,0.5527135049623771,0.09348176139589498,0.5988137879326728
opennlp,202,fn_heavy,0.1,none,91,77,28,0.02578003442363001,0.453698454435803,0.03448404326605803,0.5146129975983669
opennlp,202,fn_heavy,0.15,none,91,77,6,-0.002971021819202416,0.43000960733333554,-0.004294233958371964,0.4791042150897119
opennlp,202,fn_heavy,0.2,none,91,94,0,-0.025048616909826384,0.3945417306365528,0.05497905524458924,0.549999656670526
opennlp,202,fn_heavy,0.25,none,91,125,0,0.004271954535497052,0.45250220396211893,0.006278639328764332,0.481788625386919
opennlp,202,fn_heavy,0.3,none,91,149,0,0.017583080048116078,0.4708263638766935,0.043638556385743814,0.5422715948306575
opennlp,314,symmetric,0.05,none,91,148,91,0.06871283188128449,0.5274819208290707,0.06466672034039955,0.5495853027667912
opennlp,314,symmetric,0.1,none,91,181,85,0.0848825244786474,0.548957369128142,0.10674031628640672,0.5965170995927275
opennlp,314,symmetric,0.15,none,91,219,77,0.06485875692246294,0.5316206215022437,0.07810706110400902,0.5545200381737423
opennlp,314,symmetric,0.2,none,91,270,74,0.03630252368767219,0.511675949231275,0.061083003942554365,0.549413050606352
opennlp,314,symmetric,0.25,none,91,318,68,0.040674113869650086,0.5214265411194473,0.14416748402131935,0.6545565719898133
opennlp,314,symmetric,0.3,none,91,370,62,0.04547458688485054,0.5264979680169493,0.11577633898854921,0.6234288159599704
opennlp,314,fp_heavy,0.05,none,91,144,87,0.08298781965865228,0.5388531690909735,0.08061120541757749,0.5714020096420315
opennlp,314,fp_heavy,0.1,none,91,174,80,0.05074285209078752,0.5171645228384409,0.11722685893393028,0.6114301971320826
opennlp,314,fp_heavy,0.15,none,91,212,74,0.09193467091327347,0.5612216576918014,0.12495168039634777,0.6265786204284107
opennlp,314,fp_heavy,0.2,none,91,256,67,0.049589150226189725,0.5246948889148798,0.21208509868478476,0.7204417953759128
opennlp,314,fp_heavy,0.25,none,91,305,58,0.015034133021463046,0.49340764754760363,0.14673803272902272,0.657756633948604
opennlp,314,fp_heavy,0.3,none,91,355,53,0.023646040362633708,0.5051085049180591,0.11081039993295914,0.6173315103297203
opennlp,314,mid,0.05,none,91,130,80,0.06580223402964876,0.5226033115036374,0.04717727119376516,0.5224872709628615
opennlp,314,mid,0.1,none,91,154,68,0.009876520216530177,0.455243546861701,0.07422638949230025,0.5576540435692741
opennlp,314,mid,0.15,none,91,169,53,0.000517205384618934,0.4662704601081281,0.051945398503965394,0.5316544778991896
opennlp,314,mid,0.2,none,91,211,45,0.03296662740518326,0.4995711159680823,0.02372438136457804,0.4789868344117797
opennlp,314,mid,0.25,none,91,244,31,-0.012915325717817226,0.4522468001414857,0.08029275001196975,0.5754342141098425
opennlp,314,mid,0.3,none,91,277,24,0.03428007994738944,0.5052155292633611,0.14035068358751385,0.6513338764843188
opennlp,314,fn_heavy,0.05,none,91,91,62,0.07112288311617805,0.5212352376180883,-0.02014470477466514,0.43182744655171085
opennlp,314,fn_heavy,0.1,none,91,98,38,-0.014818131926605164,0.40733186797087395,0.060154402973464076,0.5312698281561378
opennlp,314,fn_heavy,0.15,none,91,98,13,-0.0015581244829689627,0.42850015101843714,0.07513049922797965,0.5580778615259593
opennlp,314,fn_heavy,0.2,none,91,103,0,0.056239541553779346,0.5144275239824075,0.023141321996192236,0.49702935136443127
opennlp,314,fn_heavy,0.25,none,91,125,0,0.0413100155647035,0.5024623269174986,0.055184710273517096,0.5350925328667944
opennlp,314,fn_heavy,0.3,none,91,157,0,0.05001364808787485,0.5141050515264876,0.014362093391375227,0.4638962379332752
opennlp,999,symmetric,0.05,none,91,131,88,0.04816317991661852,0.5047736455648679,-0.0006538268088141227,0.45756469860094434
opennlp,999,symmetric,0.1,none,91,183,85,0.03511043940875079,0.5033279165724892,0.0012816829674619909,0.473327821238969
opennlp,999,symmetric,0.15,none,91,233,80,0.03817257411028678,0.5096045084851083,-0.032384879583474316,0.4323707976095596
opennlp,999,symmetric,0.2,none,91,276,75,0.026292482827902013,0.5034618603930194,0.0624885178197368,0.5683046741090629
opennlp,999,symmetric,0.25,none,91,313,70,0.0275115008447986,0.5041087807713881,-0.06288642469183167,0.39890676491733995
opennlp,999,symmetric,0.3,none,91,372,65,0.0023741632359403817,0.4863513067927575,-0.017563056423764593,0.4725543218411739
opennlp,999,fp_heavy,0.05,none,91,131,88,0.04816317991661852,0.5047736455648679,-0.0006538268088141227,0.45756469860094434
opennlp,999,fp_heavy,0.1,none,91,179,83,0.059533636969248106,0.5224910758082657,-0.017309851280941802,0.45229671341848265
opennlp,999,fp_heavy,0.15,none,91,223,75,-0.018492904861771322,0.45475635932739344,-0.012967302756535369,0.45406785025062213
opennlp,999,fp_heavy,0.2,none,91,263,70,0.047512924300577505,0.5203755885953559,0.023219332982190435,0.5122476589545291
opennlp,999,fp_heavy,0.25,none,91,298,61,0.02417718450193521,0.5010716254536369,0.0023408021835275698,0.4927831611680242
opennlp,999,fp_heavy,0.3,none,91,353,56,-0.006257725912196317,0.4724857180396668,-0.04276286861609509,0.4353864747845797
opennlp,999,mid,0.05,none,91,121,83,-0.000343355247330033,0.4520238249000546,0.00748238781790694,0.45462582726436995
opennlp,999,mid,0.1,none,91,151,70,0.03202325161566129,0.4865312188049314,-0.021202620214425903,0.45760908887732854
opennlp,999,mid,0.15,none,91,178,56,0.01758358273419446,0.47688459335232114,-0.0015421131865485684,0.46739393207548724
opennlp,999,mid,0.2,none,91,212,48,-0.01451755126550004,0.4474911017500687,0.0569301929980484,0.5559621135052604
opennlp,999,mid,0.25,none,91,246,37,0.0062374363370526955,0.47904342494033497,0.014105477326394474,0.508061217045137
opennlp,999,mid,0.3,none,91,271,20,0.01070986281162273,0.48411088467353314,-0.050519663646735574,0.425334322722334
opennlp,999,fn_heavy,0.05,none,91,87,65,0.07537560940613798,0.5288132339364082,0.050016998369307286,0.5241333788958313
opennlp,999,fn_heavy,0.1,none,91,91,45,-0.010081144866276745,0.4252730602074061,-0.04544562860344609,0.41840231841165576
opennlp,999,fn_heavy,0.15,none,91,86,9,0.020642620249047394,0.46130355017582386,-0.07719763486832008,0.3688571239677188
opennlp,999,fn_heavy,0.2,none,91,105,0,-0.05231702850524836,0.38067821654377126,-0.02496629249906739,0.454760574505405
opennlp,999,fn_heavy,0.25,none,91,136,0,-0.046815767493513016,0.39060031156281866,-0.05079547625597541,0.38484347569551175
opennlp,999,fn_heavy,0.3,none,91,164,0,0.0015348633064699725,0.4543136743319204,-0.011413843552834153,0.46944076530833156
parquet-mr,7,symmetric,0.05,none,158,190,145,0.11695002560959449,0.5566337959748142,0.2756825791619722,0.6709479554534349
parquet-mr,7,symmetric,0.1,none,158,240,142,0.1284299933416393,0.5680266193248421,0.18382718221183522,0.6172833291983256
parquet-mr,7,symmetric,0.15,none,158,290,136,0.07785244880107049,0.5306173728823945,0.1864699428836664,0.6245054761462236
parquet-mr,7,symmetric,0.2,none,158,341,130,0.08146386718274726,0.5383040208168224,0.20570987512884623,0.6428312774337097
parquet-mr,7,symmetric,0.25,none,158,365,118,0.05259524676187743,0.5232298928260694,0.1550378465137538,0.6070463625470599
parquet-mr,7,symmetric,0.3,none,158,409,111,0.028837606245833446,0.5044094124896972,0.12864003264688306,0.590054896201181
parquet-mr,7,fp_heavy,0.05,none,158,190,145,0.11695002560959449,0.5566337959748142,0.2756825791619722,0.6709479554534349
parquet-mr,7,fp_heavy,0.1,none,158,233,140,0.12781642354001702,0.5674515278842832,0.2705195178431898,0.6779463736760777
parquet-mr,7,fp_heavy,0.15,none,158,281,131,0.08515314594477624,0.5398451888817746,0.15975107418963638,0.6058861973384558
parquet-mr,7,fp_heavy,0.2,none,158,314,116,0.1273087873938438,0.5793274599412209,0.18793809146528123,0.630626274143283
parquet-mr,7,fp_heavy,0.25,none,158,347,109,0.05716277119668863,0.5182390279746774,0.1394280556080718,0.5955454114822175
parquet-mr,7,fp_heavy,0.3,none,158,385,100,0.05440140910503596,0.5272557359549491,0.11050321251921665,0.5770486014634896
parquet-mr,7,mid,0.05,none,158,176,140,0.1443320610649117,0.5730570177597974,0.30771495008207783,0.6871297807923937
parquet-mr,7,mid,0.1,none,158,198,121,0.143349140306742,0.578634885885057,0.23016530725411857,0.6423928616918585
parquet-mr,7,mid,0.15,none,158,212,102,0.067287125878812,0.523128552169138,0.09267506022826548,0.548463464341188
parquet-mr,7,mid,0.2,none,158,243,83,0.05733553625015931,0.516918971185467,0.050953448088079584,0.5174726005463206
parquet-mr,7,mid,0.25,none,158,265,62,0.025569039324564304,0.495696750008998,0.11504257381759474,0.5769177352806115
parquet-mr,7,mid,0.3,none,158,270,34,0.014848855832812423,0.48233335866215504,0.05205164429943996,0.5218653860439055
parquet-mr,7,fn_heavy,0.05,none,158,136,121,0.14053916321826457,0.5721755562759737,0.266830960397484,0.6647538277700884
parquet-mr,7,fn_heavy,0.1,none,158,128,88,0.12485337206741949,0.5535721229470671,0.23935458220457562,0.6493720962703934
parquet-mr,7,fn_heavy,0.15,none,158,99,41,0.03215743094920907,0.45663579784483044,0.1519707799128553,0.5696903992287996
parquet-mr,7,fn_heavy,0.2,none,158,96,12,-0.0112436865194636,0.41168065697046713,0.010978272547376587,0.48468685284592333
parquet-mr,7,fn_heavy,0.25,none,158,103,0,-0.04703059598180499,0.3806907651283451,0.005651063140872242,0.4775055984429046
parquet-mr,7,fn_heavy,0.3,none,158,118,0,-0.09163551469945837,0.33587866526370236,-0.007929228035963548,0.4765685109903954
parquet-mr,13,symmetric,0.05,none,158,209,150,0.05646284515705717,0.4956086313940034,0.19937258306517008,0.6257417739532962
parquet-mr,13,symmetric,0.1,none,158,248,140,0.07534277809451086,0.5349457701922877,0.2726155518777827,0.6735312668495104
parquet-mr,13,symmetric,0.15,none,158,286,132,0.11891549322994488,0.572558138146837,0.07246022915770531,0.5392829365918721
parquet-mr,13,symmetric,0.2,none,158,310,124,0.06745196638027107,0.5291907259009958,0.14982424580148798,0.5947379108272574
parquet-mr,13,symmetric,0.25,none,158,335,110,0.08145178346586553,0.5436022802881454,0.18024955939638848,0.6168133013009967
parquet-mr,13,symmetric,0.3,none,158,374,100,0.0686622088996205,0.5399890759592777,0.10309849094151011,0.5657128551585721
parquet-mr,13,fp_heavy,0.05,none,158,204,147,0.09165208871544261,0.5248794591443863,0.28134351836381305,0.6813634214531432
parquet-mr,13,fp_heavy,0.1,none,158,238,135,0.10451361495318257,0.555275917451795,0.22213854929524093,0.6379877397570408
parquet-mr,13,fp_heavy,0.15,none,158,275,125,0.10117363969697477,0.5566454489245843,0.1736045970221169,0.6140703711269133
parquet-mr,13,fp_heavy,0.2,none,158,288,107,0.06622341993286458,0.5322810859735799,0.04045746656888901,0.5152704895172452
parquet-mr,13,fp_heavy,0.25,none,158,314,97,0.04244062657075213,0.5101059965426588,0.16728516739558358,0.6110318486074512
parquet-mr,13,fp_heavy,0.3,none,158,345,85,0.04347696123500705,0.5077315693563758,0.022221726597239224,0.5004891426313993
parquet-mr,13,mid,0.05,none,158,187,137,0.11644143093310146,0.5477476611447464,0.22841951713942943,0.6379560571925275
parquet-mr,13,mid,0.1,none,158,197,113,0.0743509580745165,0.5064332396509104,0.2571979439692586,0.6435473587090067
parquet-mr,13,mid,0.15,none,158,214,90,0.050878130067135076,0.5126183204053149,0.14879732600037385,0.5868170484906484
parquet-mr,13,mid,0.2,none,158,224,67,0.04767125526485488,0.5064387510445325,0.0225130034505702,0.4997997941949284
parquet-mr,13,mid,0.25,none,158,235,52,0.03352394162057278,0.5003174360204294,0.0522960104142914,0.521361622488217
parquet-mr,13,mid,0.3,none,158,254,42,0.0500782713655477,0.5181548420988152,0.06403320150747532,0.5291853171058931
parquet-mr,13,fn_heavy,0.05,none,158,141,115,0.10132331664553801,0.5288228371096744,0.2434847675255479,0.6221221512034456
parquet-mr,13,fn_heavy,0.1,none,158,123,69,0.0743236246778505,0.5136459610950275,0.17990891938104467,0.6089779353946072
parquet-mr,13,fn_heavy,0.15,none,158,116,43,0.008733144662503554,0.4516218892324168,0.11107032359120426,0.552622641602074
parquet-mr,13,fn_heavy,0.2,none,158,101,12,-0.015448662880430973,0.43195113561959186,0.031966790865480474,0.47786652644632116
parquet-mr,13,fn_heavy,0.25,none,158,110,0,-0.005743626938777288,0.4457297401845605,-0.06889329977798817,0.38469928161487565
parquet-mr,13,fn_heavy,0.3,none,158,137,0,-0.014569146516637873,0.4477709576664232,-0.04079973723662665,0.44612278049745224
parquet-mr,21,symmetric,0.05,none,158,215,153,0.12800181094927457,0.5704783165910072,0.35206775061547896,0.7282439562845477
parquet-mr,21,symmetric,0.1,none,158,258,149,0.08430173521471525,0.5316938412344643,0.2290692953561457,0.6502402010857975
parquet-mr,21,symmetric,0.15,none,158,288,143,0.03673937711870036,0.49544126382434367,0.1836336291649983,0.6185985662707857
parquet-mr,21,symmetric,0.2,none,158,315,134,0.05770132265120726,0.5271306222628624,0.15487331662061118,0.6020552733435556
parquet-mr,21,symmetric,0.25,none,158,359,129,0.05274368778509256,0.5277202826821524,0.06337749925356581,0.5339722743033387
parquet-mr,21,symmetric,0.3,none,158,411,122,0.03916416457233604,0.514303500326445,0.11538726661130369,0.5781231194462118
parquet-mr,21,fp_heavy,0.05,none,158,212,151,0.10436123510527778,0.5534040998931681,0.25609518721143715,0.6576520917799443
parquet-mr,21,fp_heavy,0.1,none,158,247,147,0.10374133813805456,0.5436386712411753,0.2314277900874555,0.6519790791125574
parquet-mr,21,fp_heavy,0.15,none,158,275,134,0.05164145373019377,0.5077567258981457,0.1472573685495293,0.5935421207409008
parquet-mr,21,fp_heavy,0.2,none,158,299,127,0.06662049033966276,0.5303610835971416,0.09709644134217627,0.562212569516812
parquet-mr,21,fp_heavy,0.25,none,158,338,117,0.004977839385530612,0.4825504842760855,0.03985146461208314,0.5206509012998267
parquet-mr,21,fp_heavy,0.3,none,158,381,106,0.01703160414189734,0.4966577883712359,0.12239012376133598,0.5800411570634599
parquet-mr,21,mid,0.05,none,158,197,147,0.14060312866921887,0.5751490192134115,0.31203793725715384,0.7045646031960422
parquet-mr,21,mid,0.1,none,158,214,129,0.09301640355177339,0.5403974720256571,0.24541802556800776,0.6660789751026683
parquet-mr,21,mid,0.15,none,158,228,108,0.08288862369845089,0.5232386141633455,0.20348712199926425,0.6394062139599735
parquet-mr,21,mid,0.2,none,158,240,92,0.06628979071323438,0.5159673040843734,0.0633912944861688,0.5284290666826194
parquet-mr,21,mid,0.25,none,158,245,70,0.036346576932770616,0.5051913522757933,0.04799820594146938,0.5218391831467751
parquet-mr,21,mid,0.3,none,158,259,48,0.013331083476867447,0.4910966400514412,0.016673978289054193,0.5005208024179628
parquet-mr,21,fn_heavy,0.05,none,158,160,130,0.10572054137148584,0.5465949770158093,0.3202417320274135,0.6959470109106285
parquet-mr,21,fn_heavy,0.1,none,158,149,95,0.07896443624131033,0.5258307707722092,0.24772601473060823,0.667688700812114
parquet-mr,21,fn_heavy,0.15,none,158,128,55,0.08476214011327138,0.5404869812348271,0.19129519980009319,0.6303716264801281
parquet-mr,21,fn_heavy,0.2,none,158,106,14,-0.02471799116573721,0.4190870212510057,0.09888844614535927,0.559234599594958
parquet-mr,21,fn_heavy,0.25,none,158,111,0,-0.04093249164838081,0.39994085355931697,-0.10587121153096136,0.3831124885952241
parquet-mr,21,fn_heavy,0.3,none,158,126,0,-0.03964030264236482,0.4122759020005755,-0.06711166002680025,0.43211471661221224
parquet-mr,42,symmetric,0.05,none,158,203,152,0.11534721529532066,0.558698185498385,0.28507609145508045,0.6851828753508077
parquet-mr,42,symmetric,0.1,none,158,232,144,0.1153903976082545,0.5658419602880158,0.26286514097266733,0.6633346007785389
parquet-mr,42,symmetric,0.15,none,158,297,138,0.06493810432674768,0.5338817861046412,0.1695388521278727,0.6126220042627059
parquet-mr,42,symmetric,0.2,none,158,340,130,0.018791135353631784,0.501400984141548,0.06313182240545896,0.5349403772169002
parquet-mr,42,symmetric,0.25,none,158,382,126,0.03682936417850346,0.5183566206019597,0.21294739281976527,0.6466883835189821
parquet-mr,42,symmetric,0.3,none,158,417,118,0.022335488509581992,0.5086056368015012,0.07556628118927383,0.5526586137297713
parquet-mr,42,fp_heavy,0.05,none,158,197,150,0.1383046884941885,0.5766208574545274,0.2990880464329757,0.6855317303743707
parquet-mr,42,fp_heavy,0.1,none,158,225,141,0.11367830252986517,0.563253886004619,0.24555552385307083,0.6613205179970649
parquet-mr,42,fp_heavy,0.15,none,158,283,132,0.06310886701460022,0.5351926476251454,0.07331389610046647,0.544726975293183
parquet-mr,42,fp_heavy,0.2,none,158,327,125,0.052475084613704724,0.5299511806861483,0.030749698529244727,0.5131109391963296
parquet-mr,42,fp_heavy,0.25,none,158,353,112,0.015705670321815853,0.4967010975090513,0.17610973828438478,0.6198628696170331
parquet-mr,42,fp_heavy,0.3,none,158,391,106,0.0014370746530295354,0.4912101011006927,0.05932160879577929,0.5391583055574444
parquet-mr,42,mid,0.05,none,158,178,142,0.10924193244530338,0.5495825994135051,0.26371728708392655,0.6608283732978205
parquet-mr,42,mid,0.1,none,158,198,128,0.11280824026513171,0.5590849035240661,0.25371919069164156,0.6559834609320628
parquet-mr,42,mid,0.15,none,158,216,107,0.04900994247469966,0.5167355791509206,0.25258912747616014,0.6640271842321946
parquet-mr,42,mid,0.2,none,158,261,93,0.05900973772876425,0.5298663793273958,0.10157434676463536,0.5674464770553242
parquet-mr,42,mid,0.25,none,158,278,74,0.010636092070146739,0.48696721336984,0.15415706662808323,0.6027736697323018
parquet-mr,42,mid,0.3,none,158,281,49,-0.019799417347379146,0.4621784355321664,0.13772843982930022,0.5865753198323748
parquet-mr,42,fn_heavy,0.05,none,158,149,129,0.11043373382637943,0.5477681212446593,0.2452448552573375,0.636174225205103
parquet-mr,42,fn_heavy,0.1,none,158,135,95,0.079865047765467,0.5174562641272527,0.2170363580840602,0.6200142905950567
parquet-mr,42,fn_heavy,0.15,none,158,117,54,0.06358036970895439,0.509981429144831,0.1873961651367718,0.619808677881835
parquet-mr,42,fn_heavy,0.2,none,158,91,19,0.027959920359521877,0.46835452596486066,-0.03776698539192467,0.4173800007642586
parquet-mr,42,fn_heavy,0.25,none,158,92,0,-0.017136515784837936,0.4305677888036861,-0.15876699710383402,0.311549246090135
parquet-mr,42,fn_heavy,0.3,none,158,123,0,-0.024379799284803143,0.4360230417231182,-0.16540025402913489,0.25868563242203857
parquet-mr,77,symmetric,0.05,none,158,183,149,0.09675442347725013,0.5384479999450849,0.25621012713944397,0.6575970179308334
parquet-mr,77,symmetric,0.1,none,158,228,139,0.09383852667416147,0.5278468690531919,0.2863162977416537,0.6892502839582709
parquet-mr,77,symmetric,0.15,none,158,265,126,0.026218599134611068,0.4811002907588149,0.11620591230424945,0.5725716982306835
parquet-mr,77,symmetric,0.2,none,158,294,120,0.059284993928899764,0.5245303803693621,0.08779726084566362,0.5559644129384669
parquet-mr,77,symmetric,0.25,none,158,338,112,0.02665963917268447,0.5050941523572172,0.04202024306448511,0.5228799109146491
parquet-mr,77,symmetric,0.3,none,158,372,104,0.030259117519025932,0.5087489935464746,0.05487369342646945,0.5312129015667953
parquet-mr,77,fp_heavy,0.05,none,158,177,145,0.09131214628633848,0.535874033350404,0.26247564937696943,0.6656103332311811
parquet-mr,77,fp_heavy,0.1,none,158,214,132,0.0660060045413466,0.5064914760106182,0.20651169653753948,0.6312561860461153
parquet-mr,77,fp_heavy,0.15,none,158,251,120,0.021746548449518073,0.47393463084660226,0.07232796417255545,0.5372083103861537
parquet-mr,77,fp_heavy,0.2,none,158,276,110,0.051280965944024426,0.5200736428775382,0.1378445321742797,0.591939571852555
parquet-mr,77,fp_heavy,0.25,none,158,310,98,0.04546571947746392,0.5132937218020548,0.13961730640902037,0.5918066469678298
parquet-mr,77,fp_heavy,0.3,none,158,349,89,0.005501584299002541,0.4864081517575132,0.06966217551754564,0.5412565501990753
parquet-mr,77,mid,0.05,none,158,159,134,0.12406952196104021,0.5574683810590795,0.3137059094092886,0.7000409427534479
parquet-mr,77,mid,0.1,none,158,174,114,0.07460925102725896,0.5307054645822252,0.17700086880358598,0.5997668887628779
parquet-mr,77,mid,0.15,none,158,197,94,0.04394277343308889,0.48653041519751516,0.10174921065487513,0.5596802052201307
parquet-mr,77,mid,0.2,none,158,217,74,0.047132314701590704,0.4944327040037645,0.10298791493571399,0.5651121562593141
parquet-mr,77,mid,0.25,none,158,228,59,0.013307831245361,0.48386438760370903,0.0038386472890027477,0.49413508555623425
parquet-mr,77,mid,0.3,none,158,256,49,-0.04486994193056562,0.4349307571517756,0.043816130597198695,0.5238177951805273
parquet-mr,77,fn_heavy,0.05,none,158,131,117,0.1368039637425336,0.5687779547772376,0.34064923295090355,0.7148817009405606
parquet-mr,77,fn_heavy,0.1,none,158,100,75,0.08164939777947164,0.516891375422966,0.29001856458942965,0.6818795242498198
parquet-mr,77,fn_heavy,0.15,none,158,94,52,0.060698225547042295,0.5042702591558174,0.04404272631443055,0.5097519311694979
parquet-mr,77,fn_heavy,0.2,none,158,76,11,-0.09084740577582469,0.3435758780209512,-0.012641032931704153,0.44593378762260716
parquet-mr,77,fn_heavy,0.25,none,158,90,0,-0.13187848294570412,0.2908981610926574,-0.019630890648707496,0.41837641825071875
parquet-mr,77,fn_heavy,0.3,none,158,113,0,-0.09339477292698248,0.3514117547551648,-0.12240024319287082,0.37007215594826603
parquet-mr,101,symmetric,0.05,none,158,187,148,0.10302480870743236,0.5480590093834609,0.22221258028078172,0.6287225238826469
parquet-mr,101,symmetric,0.1,none,158,242,140,0.05541212317804702,0.5113740151677622,0.19257178917550072,0.618785263044151
parquet-mr,101,symmetric,0.15,none,158,283,134,0.0705332436726906,0.5265467541898701,0.1132072795768352,0.5765368609974533
parquet-mr,101,symmetric,0.2,none,158,330,125,0.08116816820031121,0.5380326024399802,0.13522086764322747,0.5928108254552223
parquet-mr,101,symmetric,0.25,none,158,373,119,-0.006281585316824913,0.47038084915500694,0.08981262673598618,0.5616438911783345
parquet-mr,101,symmetric,0.3,none,158,414,112,0.010494835811269837,0.4903216972349148,0.12363882038553776,0.5858075811969792
parquet-mr,101,fp_heavy,0.05,none,158,187,148,0.10302480870743236,0.5480590093834609,0.22221258028078172,0.6287225238826469
parquet-mr,101,fp_heavy,0.1,none,158,234,137,0.08402071711724912,0.534480433996051,0.1795434464413508,0.6132741234540044
parquet-mr,101,fp_heavy,0.15,none,158,271,125,0.06539010376259037,0.5240936498485306,0.16180588785139777,0.6110497915997216
parquet-mr,101,fp_heavy,0.2,none,158,306,116,0.04646847774036627,0.5137045146390168,0.042591228259458006,0.5211055798310932
parquet-mr,101,fp_heavy,0.25,none,158,350,108,-0.004963533333300606,0.4751164643348865,-0.023536549176284345,0.47125424467370675
parquet-mr,101,fp_heavy,0.3,none,158,379,93,-0.010236521320215701,0.46797117939719696,-0.01504696184899943,0.483168583817656
parquet-mr,101,mid,0.05,none,158,170,138,0.11626203967001147,0.5513015129731658,0.2729164520440763,0.6615454516115357
parquet-mr,101,mid,0.1,none,158,192,121,0.0914487430822868,0.5430756975542099,0.2677241152281893,0.6544156615390019
parquet-mr,101,mid,0.15,none,158,221,100,0.0506999908602893,0.5117320835101459,0.0966782142419502,0.5565160324706461
parquet-mr,101,mid,0.2,none,158,229,75,0.0580026958865575,0.5239032155968711,0.021207087685028214,0.48830005595416426
parquet-mr,101,mid,0.25,none,158,257,62,-0.0004860332311438612,0.475745457913299,-0.03882160543356527,0.45979674728117675
parquet-mr,101,mid,0.3,none,158,280,46,0.03758677567258536,0.5074628830147473,-0.009666932954542162,0.4837666505191602
parquet-mr,101,fn_heavy,0.05,none,158,132,123,0.1475221289869746,0.5731580001258865,0.33388032198611267,0.71128583283155
parquet-mr,101,fn_heavy,0.1,none,158,115,81,0.07415301483953204,0.5126888541793609,0.27125758109934905,0.6583730933702653
parquet-mr,101,fn_heavy,0.15,none,158,108,53,0.028374244596303232,0.47944995514454913,0.1785699227923685,0.6110413063359891
parquet-mr,101,fn_heavy,0.2,none,158,92,15,0.023235126805535786,0.46940344579737275,-0.08051446725597537,0.40850495196073444
parquet-mr,101,fn_heavy,0.25,none,158,108,0,-0.04595803089851984,0.387514079913569,-0.17434777744788826,0.3332814259386607
parquet-mr,101,fn_heavy,0.3,none,158,131,0,-0.0807179672199619,0.3588056529638321,-0.21632008154881707,0.27756641674451765
parquet-mr,123,symmetric,0.05,none,158,194,152,0.17173875984640985,0.600362353653133,0.2571339124221585,0.6475286784320303
parquet-mr,123,symmetric,0.1,none,158,235,147,0.13001167666805788,0.573195583997419,0.246042224020462,0.6566991748943493
parquet-mr,123,symmetric,0.15,none,158,273,142,0.12311939095165104,0.5758064652436021,0.26005347282594116,0.6647778188009957
parquet-mr,123,symmetric,0.2,none,158,316,136,0.09009880794745369,0.5544018750034874,0.1809366841378832,0.6189308204575625
parquet-mr,123,symmetric,0.25,none,158,361,128,0.07705272852605909,0.54688443346108,0.04104055684273673,0.5156338465262968
parquet-mr,123,symmetric,0.3,none,158,396,117,0.0506666814718549,0.528698976292094,-0.02817890852078954,0.46462919758090554
parquet-mr,123,fp_heavy,0.05,none,158,192,152,0.17749604872978786,0.6042748930415519,0.23731627041329037,0.6451594716263825
parquet-mr,123,fp_heavy,0.1,none,158,228,146,0.09176990021578627,0.5456714912551254,0.1687686661122954,0.6050871848977124
parquet-mr,123,fp_heavy,0.15,none,158,261,138,0.11551331753087012,0.5686707216863637,0.2539533143862543,0.6591707636329917
parquet-mr,123,fp_heavy,0.2,none,158,303,128,0.10803359089632954,0.5711306749848024,0.16272656223230228,0.6059925817626607
parquet-mr,123,fp_heavy,0.25,none,158,331,110,0.06456504796694736,0.5339778827776049,0.03495853846962371,0.5101617985352928
parquet-mr,123,fp_heavy,0.3,none,158,364,97,0.07356184307946868,0.5444508685119749,0.06721183157027602,0.5447155932369541
parquet-mr,123,mid,0.05,none,158,181,146,0.1511665999760247,0.5842647470708019,0.2859184747071727,0.6767265560039661
parquet-mr,123,mid,0.1,none,158,192,130,0.1552489583307888,0.5938234108328209,0.27202980201664406,0.6712760479572555
parquet-mr,123,mid,0.15,none,158,202,102,0.13921663005138576,0.5813425142336816,0.18583537075450798,0.6187001259086675
parquet-mr,123,mid,0.2,none,158,223,82,0.07105274784434183,0.5307610155673892,0.13928544521618258,0.5796962879512453
parquet-mr,123,mid,0.25,none,158,242,66,0.007053114646523006,0.4886148843129794,-0.03428430878740489,0.4325456073848909
parquet-mr,123,mid,0.3,none,158,259,45,-0.016809480782140843,0.4616156932379101,-0.03043464499355658,0.4490431348467353
parquet-mr,123,fn_heavy,0.05,none,158,150,135,0.16527181519215506,0.5886904450772339,0.3229108792508574,0.6891338204377879
parquet-mr,123,fn_heavy,0.1,none,158,126,88,0.07847744402145947,0.5209593782390651,0.3106102378330047,0.6997410438049515
parquet-mr,123,fn_heavy,0.15,none,158,103,53,0.041781134467246614,0.483755421086445,0.06127512694689325,0.5041860065728618
parquet-mr,123,fn_heavy,0.2,none,158,83,14,0.04146288970949687,0.46871161533208455,0.015809454023517657,0.47112843915614344
parquet-mr,123,fn_heavy,0.25,none,158,90,0,-0.001457635633957028,0.4440194358880062,-0.07863100722824501,0.41678852858631565
parquet-mr,123,fn_heavy,0.3,none,158,105,0,-0.025546034619624926,0.4293180390759507,-0.16731510987772344,0.2829625053648082
parquet-mr,202,symmetric,0.05,none,158,198,153,0.16585360771582772,0.5905671607256284,0.31134323341441905,0.6777496522374356
parquet-mr,202,symmetric,0.1,none,158,235,148,0.13521629219472706,0.5747875412703353,0.20384800229907796,0.6201560484170764
parquet-mr,202,symmetric,0.15,none,158,288,143,0.10741857779665617,0.5585029390196234,0.15331704384420913,0.5959737334935946
parquet-mr,202,symmetric,0.2,none,158,323,133,0.09473022201193049,0.5600316180772318,0.14867060233104515,0.599208942442273
parquet-mr,202,symmetric,0.25,none,158,368,127,0.07201607446554598,0.5381974929186099,0.06725566678316787,0.5418531100569941
parquet-mr,202,symmetric,0.3,none,158,410,117,0.030468247768425893,0.5110843769490461,0.046368055910351966,0.526119481571257
parquet-mr,202,fp_heavy,0.05,none,158,196,151,0.1545169338524152,0.583419567198827,0.18505120189705604,0.603876516104506
parquet-mr,202,fp_heavy,0.1,none,158,225,145,0.11874845962610639,0.5584982810529867,0.2050828562812598,0.6212533021520309
parquet-mr,202,fp_heavy,0.15,none,158,270,133,0.13188062466902675,0.5785781435328107,0.22224684665253622,0.6435415594013338
parquet-mr,202,fp_heavy,0.2,none,158,305,125,0.09760700171244334,0.5564202184715802,0.17291539740722262,0.6155897653186574
parquet-mr,202,fp_heavy,0.25,none,158,346,115,0.07861269455417798,0.542679766644705,0.06639978235656253,0.5402815790143085
parquet-mr,202,fp_heavy,0.3,none,158,372,101,0.05993524731329665,0.5293380690539577,0.04653476258347436,0.5278415784629862
parquet-mr,202,mid,0.05,none,158,186,146,0.12438841852704,0.5618143345514223,0.2831133552196954,0.659771799559861
parquet-mr,202,mid,0.1,none,158,195,129,0.0883064251986138,0.5303193929081522,0.15390582108910797,0.5842792736102278
parquet-mr,202,mid,0.15,none,158,210,108,0.0793537027228673,0.5350047866263462,0.1862643977939791,0.6134402549274747
parquet-mr,202,mid,0.2,none,158,228,79,0.10497139294951194,0.5564447603253203,0.09445741496168066,0.5478547985949725
parquet-mr,202,mid,0.25,none,158,236,51,0.037485347846133533,0.4963996172244734,0.11068893738699198,0.5579549363740262
parquet-mr,202,mid,0.3,none,158,262,35,-0.007449340240060373,0.4402757466025703,0.07644820318108426,0.5411322662611293
parquet-mr,202,fn_heavy,0.05,none,158,151,130,0.14349554638406883,0.5680888271673434,0.2707482391358254,0.6551057163800953
parquet-mr,202,fn_heavy,0.1,none,158,121,81,0.0868098747026135,0.5211424676393038,0.030952471742454003,0.485269134772889
parquet-mr,202,fn_heavy,0.15,none,158,88,37,0.018048083331278032,0.438106963862818,0.00023442187479596002,0.4711311730078981
parquet-mr,202,fn_heavy,0.2,none,158,83,12,0.05467679390177428,0.473286410145639,0.19877755922308316,0.6328912412928286
parquet-mr,202,fn_heavy,0.25,none,158,90,0,0.04614372966757071,0.4800130071447234,0.0238551448250137,0.49122062301573155
parquet-mr,202,fn_heavy,0.3,none,158,115,0,-0.014043486806607122,0.4421134347183934,-0.06488807998141889,0.4139242184251053
parquet-mr,314,symmetric,0.05,none,158,203,151,0.1280406546519005,0.5711021120970455,0.24588865227604326,0.6634076439001952
parquet-mr,314,symmetric,0.1,none,158,241,145,0.10651215377198762,0.557202789584753,0.18837831008045294,0.6269336566928839
parquet-mr,314,symmetric,0.15,none,158,285,139,0.07973230423129314,0.5388390804697869,0.1600867945555208,0.603263955669963
parquet-mr,314,symmetric,0.2,none,158,329,130,0.015033650550787862,0.49116307778098767,0.12460524910427946,0.5850675109369831
parquet-mr,314,symmetric,0.25,none,158,382,126,0.022405502733232798,0.5035392894639434,0.10667299090519762,0.5732741702312079
parquet-mr,314,symmetric,0.3,none,158,427,116,0.01930528663144777,0.5041939799018017,0.09065134434117227,0.5634199691163781
parquet-mr,314,fp_heavy,0.05,none,158,201,150,0.10724111522230646,0.555368759255753,0.1597292708738477,0.5982861085731452
parquet-mr,314,fp_heavy,0.1,none,158,235,143,0.10159061279641546,0.5510734191938791,0.24746528725455483,0.665348799887941
parquet-mr,314,fp_heavy,0.15,none,158,270,131,0.07499816778041894,0.533017618365705,0.2144748800883773,0.6452013095595523
parquet-mr,314,fp_heavy,0.2,none,158,311,123,0.08356882085936755,0.5424421534038449,0.15081061318342207,0.6042044588073265
parquet-mr,314,fp_heavy,0.25,none,158,357,114,0.04011653383629357,0.5184605703082976,0.12884637856591344,0.5891892028701387
parquet-mr,314,fp_heavy,0.3,none,158,393,101,0.08257388941025268,0.5554139606403579,0.16749794110937144,0.6170261046669656
parquet-mr,314,mid,0.05,none,158,183,144,0.09519272026934433,0.5431163807448923,0.15833693402864127,0.5907651720221577
parquet-mr,314,mid,0.1,none,158,206,126,0.0695300675684504,0.5225353491067952,0.266787632032108,0.6763970832063249
parquet-mr,314,mid,0.15,none,158,222,109,0.09493210724517952,0.5472143244644619,0.19805634895398688,0.6318301619387916
parquet-mr,314,mid,0.2,none,158,239,89,0.047955377601896644,0.5166176707426171,0.0957433211785438,0.5615228071687107
parquet-mr,314,mid,0.25,none,158,259,68,0.029132591665049303,0.499680201016114,-0.014979505311388839,0.4758548582003302
parquet-mr,314,mid,0.3,none,158,280,42,0.025600898243740344,0.503048283641149,0.05440974021887452,0.5361232178383695
parquet-mr,314,fn_heavy,0.05,none,158,149,127,0.07555199567756185,0.519943086007118,0.20869861689662014,0.638439986159154
parquet-mr,314,fn_heavy,0.1,none,158,134,91,0.06916186251314516,0.5184680742551425,0.20943982736546873,0.6260142231660782
parquet-mr,314,fn_heavy,0.15,none,158,118,50,0.029133414350364418,0.4920602283537063,0.04781859049653985,0.5116825847175681
parquet-mr,314,fn_heavy,0.2,none,158,100,13,0.005679289496612684,0.4637602211960525,0.004323904169022369,0.4850252926679532
parquet-mr,314,fn_heavy,0.25,none,158,102,0,-0.07639985143100324,0.33950247493094354,-0.09165307585021559,0.39636862613697693
parquet-mr,314,fn_heavy,0.3,none,158,116,0,-0.02130941272666826,0.3980992987204453,0.13436731535369972,0.5853367407314398
parquet-mr,999,symmetric,0.05,none,158,195,153,0.06094452123137111,0.5096992275280245,0.2830646155412888,0.6841369471450406
parquet-mr,999,symmetric,0.1,none,158,245,148,0.06223987315713444,0.5145148877918422,0.2762781842773332,0.6897949774751084
parquet-mr,999,symmetric,0.15,none,158,288,139,0.07441482134476912,0.5403402062485896,0.2233580231511115,0.6492360884651872
parquet-mr,999,symmetric,0.2,none,158,331,134,0.06293219971865904,0.5369117815986946,0.1725847407329569,0.6180175628959278
parquet-mr,999,symmetric,0.25,none,158,363,125,0.06997170655152168,0.541499504479852,0.21203243599807264,0.6469991905197137
parquet-mr,999,symmetric,0.3,none,158,409,112,0.03573144512970237,0.5194432316322847,0.19640388874223078,0.6367309391944144
parquet-mr,999,fp_heavy,0.05,none,158,193,151,0.08029905315848089,0.5230630161073279,0.27714001422272105,0.6806207319144283
parquet-mr,999,fp_heavy,0.1,none,158,236,143,0.04103717603370362,0.4943741807476698,0.26765209060324335,0.6816617067449346
parquet-mr,999,fp_heavy,0.15,none,158,274,135,0.07808495170392817,0.5401064975735337,0.26419887884227244,0.6778114670138634
parquet-mr,999,fp_heavy,0.2,none,158,306,122,0.04470175037343108,0.5218432057548414,0.1469641693199597,0.6008213573805696
parquet-mr,999,fp_heavy,0.25,none,158,336,109,0.04618334866187905,0.5240988240867915,0.12437073750917624,0.5849640117826108
parquet-mr,999,fp_heavy,0.3,none,158,378,100,0.06607887336121793,0.539070425766125,0.21400975818680368,0.6487433674988435
parquet-mr,999,mid,0.05,none,158,179,145,0.11709825119999184,0.5596260549703734,0.25362368960215237,0.6683877245465953
parquet-mr,999,mid,0.1,none,158,194,125,0.11067998860359167,0.5535856260124167,0.25347214921433675,0.6724931547233778
parquet-mr,999,mid,0.15,none,158,213,104,0.10924481558127064,0.5609408130741552,0.20169084004095858,0.6321351624853215
parquet-mr,999,mid,0.2,none,158,232,80,0.07253942961739018,0.5348259207986326,0.17929069858970312,0.6193687370041508
parquet-mr,999,mid,0.25,none,158,253,64,-0.0011331648468637981,0.4834354709862234,0.11563640530438771,0.574200815219561
parquet-mr,999,mid,0.3,none,158,271,46,0.015708879809495667,0.49860029429853614,0.04782829193652703,0.52838381308058
parquet-mr,999,fn_heavy,0.05,none,158,148,128,0.10647389021516017,0.5412620909909894,0.3322280777711541,0.7189737883270452
parquet-mr,999,fn_heavy,0.1,none,158,121,84,0.1110295620846713,0.5441981325637404,0.2627380619388136,0.6719394003054293
parquet-mr,999,fn_heavy,0.15,none,158,107,52,0.054827693455127766,0.49915194857379513,0.14622177776413875,0.5908391579619893
parquet-mr,999,fn_heavy,0.2,none,158,91,12,-0.052644085137304474,0.3809125061419012,-0.009853088348295671,0.4674571085532632
parquet-mr,999,fn_heavy,0.25,none,158,98,0,-0.05785932176593886,0.3882215374686733,-0.07335693617895342,0.4140427843189258
parquet-mr,999,fn_heavy,0.3,none,158,116,0,-0.05922420471616332,0.38491082870888593,0.008571989927791993,0.47309619595791297
