project,seed,condition,n_fp_available,n_fn_available,n_labels_corrected,mcc_avg,gmean_avg,mcc,gmean
ant-ivy,7,BSZZ,451,48,0,0.15261081444690988,0.577088136745475,0.004349781924136379,0.5054240128883946
ant-ivy,7,BSZZ_immediate,451,48,0,0.18597278309229504,0.5653131705169182,0.024298952371660645,0.5302059429045373
ant-ivy,7,BSZZ_at_window,451,48,0,0.2398429349377449,0.6312026097357729,0.2094860452970937,0.7438986820291037
ant-ivy,7,fp_repair_matched,451,48,48,0.15861523276283102,0.5848513612666751,0.01670035168031522,0.5208110476260635
ant-ivy,7,fp_repair_frac_0.25,451,48,113,0.1420245981602173,0.5754723672882872,-0.011947626496560108,0.4851057126189278
ant-ivy,7,fn_repair_frac_0.25,451,48,12,0.14806415437208417,0.5701356190036806,-0.03826122661384548,0.45226325799582867
ant-ivy,7,fp_repair_frac_0.50,451,48,226,0.14823715958063394,0.5849176285693519,-0.03973993287584592,0.44177506366232816
ant-ivy,7,fn_repair_frac_0.50,451,48,24,0.16983841051376478,0.5855640675376903,-0.0029432013462903812,0.4933370940190774
ant-ivy,7,fp_repair_frac_0.75,451,48,338,0.15185962253019783,0.569140722512478,-0.07408546851191211,0.36550600766055646
ant-ivy,7,fn_repair_frac_0.75,451,48,36,0.1284101768834556,0.5645471327905756,0.04688514582067327,0.5507940870553897
ant-ivy,7,fp_repair_frac_1.00,451,48,451,0.17582357002657137,0.5942161297364927,-0.015693541893873137,0.4468249266166787
ant-ivy,7,fn_repair_frac_1.00,451,48,48,0.11765044969545677,0.5567698910177701,-0.00990557047860894,0.48654381975198335
ant-ivy,7,fn_repair_immediate,451,48,48,0.1955339888626639,0.5638154256248467,0.01222341195957625,0.5151155068011782
ant-ivy,7,fn_repair_at_window,451,48,48,0.24650198129843753,0.6370131190447076,0.1846510131685332,0.7184806874499787
ant-ivy,13,BSZZ,451,48,0,0.1623206166077603,0.5834613296696375,-0.0024288606600655132,0.49658803114936306
ant-ivy,13,BSZZ_immediate,451,48,0,0.178478181466909,0.5581195124551588,0.05986694493454731,0.5712818898249595
ant-ivy,13,BSZZ_at_window,451,48,0,0.22677073036394024,0.6169554502361765,0.17694733400475923,0.6932842136432916
ant-ivy,13,fp_repair_matched,451,48,48,0.18586413159504828,0.5985816679183662,0.020303200851365284,0.5250937353980107
ant-ivy,13,fp_repair_frac_0.25,451,48,113,0.1289463021180813,0.5672228378294443,-0.0560644039507971,0.4267753697927287
ant-ivy,13,fn_repair_frac_0.25,451,48,12,0.13520733117710887,0.5688169522585409,-0.0688569973041563,0.4002643305828694
ant-ivy,13,fp_repair_frac_0.50,451,48,226,0.15154193525287865,0.5771474632035807,-0.009240368460534384,0.4871938055027959
ant-ivy,13,fn_repair_frac_0.50,451,48,24,0.13757202847879021,0.568371500606128,-0.018326627058460526,0.47694455854271905
ant-ivy,13,fp_repair_frac_0.75,451,48,338,0.20250815282191373,0.6121940109332118,0.008889205124491078,0.5034872855460589
ant-ivy,13,fn_repair_frac_0.75,451,48,36,0.1258460694761644,0.5626641197111931,0.0005410389704621329,0.4995067998735061
ant-ivy,13,fp_repair_frac_1.00,451,48,451,0.17899553299582577,0.5989234849674244,-0.01779941542372963,0.44654344350461406
ant-ivy,13,fn_repair_frac_1.00,451,48,48,0.1391414719286157,0.5688261195308699,0.005435231524669976,0.5063537965918986
ant-ivy,13,fn_repair_immediate,451,48,48,0.19015314066650998,0.5630670188493789,0.05249418936797249,0.5629275853974283
ant-ivy,13,fn_repair_at_window,451,48,48,0.21792930301427538,0.614734261693152,0.15846590152696816,0.6881489804111378
ant-ivy,21,BSZZ,451,48,0,0.12978377885440562,0.5646988059055583,-0.0045388178085104414,0.49423180928677385
ant-ivy,21,BSZZ_immediate,451,48,0,0.16626877981428853,0.5558079535465448,0.07152747829464155,0.5843414974846067
ant-ivy,21,BSZZ_at_window,451,48,0,0.2558960179436294,0.638746395603731,0.11300831843786709,0.6278174844356723
ant-ivy,21,fp_repair_matched,451,48,48,0.15102674585399056,0.5729213357861721,-0.1067753788323001,0.3609170962377369
ant-ivy,21,fp_repair_frac_0.25,451,48,113,0.16957957471533427,0.5869303062112958,0.03715616051730982,0.5458407432116122
ant-ivy,21,fn_repair_frac_0.25,451,48,12,0.14868648140462357,0.5769850747954096,0.00521397543459881,0.506427993078583
ant-ivy,21,fp_repair_frac_0.50,451,48,226,0.20035821443109803,0.6135895384229444,-0.055212205871605684,0.42598956363595375
ant-ivy,21,fn_repair_frac_0.50,451,48,24,0.15061307315573538,0.5792697126937034,0.010845683496476705,0.5134098156373947
ant-ivy,21,fp_repair_frac_0.75,451,48,338,0.1982020792300395,0.6076660663228439,-0.08057311813138365,0.36884625142817823
ant-ivy,21,fn_repair_frac_0.75,451,48,36,0.15097714325694372,0.5788966299963021,-0.053834437970905764,0.4294319975662381
ant-ivy,21,fp_repair_frac_1.00,451,48,451,0.1944277262943179,0.6048948590061911,0.03746479366523359,0.523583374955365
ant-ivy,21,fn_repair_frac_1.00,451,48,48,0.16354706267602637,0.5861656254822891,-0.004189966563242578,0.4947694546178455
ant-ivy,21,fn_repair_immediate,451,48,48,0.17196783818658395,0.5550345480985361,0.07263866340518692,0.5867934230627502
ant-ivy,21,fn_repair_at_window,451,48,48,0.24567916135755577,0.6366166673870589,0.17897676464619242,0.7122144127267326
ant-ivy,42,BSZZ,451,48,0,0.1507683063186034,0.5767410763621454,-0.0047865700252412635,0.4938476003961262
ant-ivy,42,BSZZ_immediate,451,48,0,0.19274909918933664,0.5716151712115405,0.09887955582893156,0.6167119783090441
ant-ivy,42,BSZZ_at_window,451,48,0,0.22217570850966875,0.6180288880223617,0.17662110751883084,0.7071720686314826
ant-ivy,42,fp_repair_matched,451,48,48,0.13608863027302026,0.571621761355549,-0.006650977513311776,0.4908184086498307
ant-ivy,42,fp_repair_frac_0.25,451,48,113,0.13196291960078216,0.5714471052584794,-0.064288749580674,0.41685384555397687
ant-ivy,42,fn_repair_frac_0.25,451,48,12,0.1458519802626022,0.5715219203485592,-0.014410467766378991,0.48203853902652727
ant-ivy,42,fp_repair_frac_0.50,451,48,226,0.1475756795710013,0.5780604639700032,-0.07140540732787054,0.4033405172763144
ant-ivy,42,fn_repair_frac_0.50,451,48,24,0.13654191984469252,0.5661247677817094,0.0070598153760984906,0.5080865569135731
ant-ivy,42,fp_repair_frac_0.75,451,48,338,0.15187745449259138,0.5770732463720811,-0.07893471760915538,0.38008153162886577
ant-ivy,42,fn_repair_frac_0.75,451,48,36,0.13645339940720605,0.566116124999105,-0.01884770368330966,0.4748112613471413
ant-ivy,42,fp_repair_frac_1.00,451,48,451,0.18571911655132126,0.5995402981130786,-0.026161592886452062,0.4258452772642785
ant-ivy,42,fn_repair_frac_1.00,451,48,48,0.1404893468164393,0.5720024139355704,0.02239535577445835,0.5274888801256652
ant-ivy,42,fn_repair_immediate,451,48,48,0.1899789702446162,0.5670613426304496,0.06527814263024861,0.5713707959386748
ant-ivy,42,fn_repair_at_window,451,48,48,0.229137890815818,0.6225972141583846,0.19556833537255766,0.7218238062731805
ant-ivy,77,BSZZ,451,48,0,0.15676102994231786,0.5796825526226526,-0.0033220959610051853,0.495608497228713
ant-ivy,77,BSZZ_immediate,451,48,0,0.18063380373391213,0.5630763223605745,0.07763667225093142,0.5956009502380093
ant-ivy,77,BSZZ_at_window,451,48,0,0.21659183441545662,0.6155583509959383,0.18919219361870246,0.7230215289240546
ant-ivy,77,fp_repair_matched,451,48,48,0.16419675861662977,0.5885562075283263,0.014322398809371256,0.5178173863707565
ant-ivy,77,fp_repair_frac_0.25,451,48,113,0.14582108681941355,0.5743003013324576,-0.03375609477582932,0.4502052447191048
ant-ivy,77,fn_repair_frac_0.25,451,48,12,0.15941060852839467,0.5830436371685483,0.006715135288932066,0.5079999283629597
ant-ivy,77,fp_repair_frac_0.50,451,48,226,0.16215388616409868,0.5834960351411502,-0.05877479286954277,0.4100390502058051
ant-ivy,77,fn_repair_frac_0.50,451,48,24,0.13545108501270625,0.5675437592085051,-0.024809556631620877,0.4690535817264406
ant-ivy,77,fp_repair_frac_0.75,451,48,338,0.13385597118052303,0.5597800648744361,-0.04924023242014495,0.3776797500507017
ant-ivy,77,fn_repair_frac_0.75,451,48,36,0.1367806083550221,0.5666193947885003,0.008086975664757145,0.5098135553393658
ant-ivy,77,fp_repair_frac_1.00,451,48,451,0.19276919559987193,0.6062937906042342,-0.024608871940371285,0.4340960747854076
ant-ivy,77,fn_repair_frac_1.00,451,48,48,0.14294687999722172,0.5762415727243029,0.019349144870535448,0.5241073829843876
ant-ivy,77,fn_repair_immediate,451,48,48,0.1956526500643999,0.5676914359355214,0.07407778110402932,0.5811225220288695
ant-ivy,77,fn_repair_at_window,451,48,48,0.2522699607318807,0.6389052418534712,0.1800481160403204,0.7097141905484121
ant-ivy,101,BSZZ,451,48,0,0.154558523739131,0.5821646731807758,-0.011072141317866243,0.48557589796631817
ant-ivy,101,BSZZ_immediate,451,48,0,0.18682610328085789,0.5705385527231109,0.05641006667674816,0.5693384413031203
ant-ivy,101,BSZZ_at_window,451,48,0,0.23770799995599098,0.62909330381899,0.19628734223731176,0.7307651711671168
ant-ivy,101,fp_repair_matched,451,48,48,0.15066242473376062,0.5710696873124509,-0.02044885357253513,0.4709232247666744
ant-ivy,101,fp_repair_frac_0.25,451,48,113,0.12732770604613644,0.566572607466776,-0.025559679785792763,0.4681347631074613
ant-ivy,101,fn_repair_frac_0.25,451,48,12,0.12979290534087964,0.5675676457275586,-0.0038861892881261683,0.49421424100813793
ant-ivy,101,fp_repair_frac_0.50,451,48,226,0.18523027435828637,0.6054462285541429,0.03570174912587882,0.5429760679358906
ant-ivy,101,fn_repair_frac_0.50,451,48,24,0.1372325774672219,0.5719150281124721,0.0005757015386480347,0.4979789965094031
ant-ivy,101,fp_repair_frac_0.75,451,48,338,0.11903342803183359,0.5572187744642364,-0.08854728839284608,0.36102974352608674
ant-ivy,101,fn_repair_frac_0.75,451,48,36,0.12239497770606911,0.556301104398666,-0.02721687962649777,0.46603623234656816
ant-ivy,101,fp_repair_frac_1.00,451,48,451,0.16349614239724086,0.5869235657680184,-0.035787287011953495,0.4121471634097887
ant-ivy,101,fn_repair_frac_1.00,451,48,48,0.11847933961055071,0.5555262614564629,-0.032189970805187894,0.4597859147966061
ant-ivy,101,fn_repair_immediate,451,48,48,0.18094491989008948,0.5578408648778065,0.05009084608747557,0.5538641380766157
ant-ivy,101,fn_repair_at_window,451,48,48,0.22714798056632868,0.6214421497329887,0.16971117865780724,0.7004522529858366
ant-ivy,123,BSZZ,451,48,0,0.15162274079823987,0.5734779736333284,-0.005915107629340646,0.4917557755067823
ant-ivy,123,BSZZ_immediate,451,48,0,0.1901715486383897,0.5706989592486275,0.08538959034758219,0.6044497057914833
ant-ivy,123,BSZZ_at_window,451,48,0,0.22577330531462583,0.6193015267651649,0.18079817175520838,0.7081534967346559
ant-ivy,123,fp_repair_matched,451,48,48,0.14936175340591978,0.5777861272295015,0.002194483308514261,0.5024084435494816
ant-ivy,123,fp_repair_frac_0.25,451,48,113,0.10859766188824113,0.5497949154287277,-0.061090888523179135,0.4241963728209865
ant-ivy,123,fn_repair_frac_0.25,451,48,12,0.16899918545996712,0.5828059726273478,-0.017513258987908713,0.4781583584500131
ant-ivy,123,fp_repair_frac_0.50,451,48,226,0.15602784790681176,0.5781528711434921,-0.07246225750333035,0.37746787650926333
ant-ivy,123,fn_repair_frac_0.50,451,48,24,0.16867607276063748,0.5806703831466179,-0.012692234295837938,0.4840555894840758
ant-ivy,123,fp_repair_frac_0.75,451,48,338,0.13635265156365955,0.5689205975310916,0.0618969771028557,0.5647690313968674
ant-ivy,123,fn_repair_frac_0.75,451,48,36,0.13301176172292706,0.5629777159849655,-0.00841184900982192,0.489077873526076
ant-ivy,123,fp_repair_frac_1.00,451,48,451,0.17980865018471215,0.5960403611091776,-0.032167897198883764,0.418588867463195
ant-ivy,123,fn_repair_frac_1.00,451,48,48,0.15773911110670868,0.5755181665848872,-0.010172287627979398,0.48497594312473186
ant-ivy,123,fn_repair_immediate,451,48,48,0.1882394637643051,0.565536690727959,0.06674473281172252,0.5732711925433837
ant-ivy,123,fn_repair_at_window,451,48,48,0.2413722401185045,0.6352334005898967,0.18868408695518815,0.7229776697490025
ant-ivy,202,BSZZ,451,48,0,0.16911124349893575,0.5863518793422662,-0.004435842765415123,0.49427238354067293
ant-ivy,202,BSZZ_immediate,451,48,0,0.1869336895027609,0.5641423362749538,0.05309681676018454,0.5654465412779677
ant-ivy,202,BSZZ_at_window,451,48,0,0.25502905196051867,0.639777903031777,0.19955188188415715,0.7346586501717467
ant-ivy,202,fp_repair_matched,451,48,48,0.12740041266269245,0.5683156649448541,-0.020321567215533024,0.4743255644515864
ant-ivy,202,fp_repair_frac_0.25,451,48,113,0.13810557821136085,0.5679223477287111,-0.008779441578930732,0.48875285665062596
ant-ivy,202,fn_repair_frac_0.25,451,48,12,0.1555223747053243,0.5763742810284652,-0.023017944229677945,0.47121754883927314
ant-ivy,202,fp_repair_frac_0.50,451,48,226,0.13602909788508843,0.5722167001801095,-0.07782709535592444,0.3915217743488603
ant-ivy,202,fn_repair_frac_0.50,451,48,24,0.17211194716056813,0.5869237449215295,-0.014119275843827116,0.48160630872851173
ant-ivy,202,fp_repair_frac_0.75,451,48,338,0.1053988685896677,0.5495149263468769,-0.0010771052268932853,0.48955488485043464
ant-ivy,202,fn_repair_frac_0.75,451,48,36,0.16609643459991658,0.5837578301286687,-0.0017764140432416121,0.4962237617772005
ant-ivy,202,fp_repair_frac_1.00,451,48,451,0.18462467421976303,0.5991899928719274,-0.016379889860978585,0.44691828427655633
ant-ivy,202,fn_repair_frac_1.00,451,48,48,0.14534837211229643,0.5755185007578563,0.033223803184244394,0.538825394336314
ant-ivy,202,fn_repair_immediate,451,48,48,0.1773331629397798,0.5596326543570205,0.05352201451707022,0.5643339145874262
ant-ivy,202,fn_repair_at_window,451,48,48,0.2412992925481287,0.6329725819068858,0.1802962612174716,0.7135302431817234
ant-ivy,314,BSZZ,451,48,0,0.1612195665372854,0.5853944176196879,-0.004120169478692969,0.4946204911278951
ant-ivy,314,BSZZ_immediate,451,48,0,0.18214909672010887,0.5649133738153789,0.08907527141725674,0.6060384922346609
ant-ivy,314,BSZZ_at_window,451,48,0,0.2126378038857423,0.6112033205447568,0.17103184162798732,0.7034324782105063
ant-ivy,314,fp_repair_matched,451,48,48,0.15630362371699388,0.5787109948830673,-0.015854605259962774,0.47998319887235
ant-ivy,314,fp_repair_frac_0.25,451,48,113,0.15469825471627563,0.5829839981588012,0.0133037842795602,0.5165245153337961
ant-ivy,314,fn_repair_frac_0.25,451,48,12,0.1355159170780695,0.5690337973508595,0.012789821225865715,0.5157847376093389
ant-ivy,314,fp_repair_frac_0.50,451,48,226,0.18562124263499358,0.6064070973611918,0.01874441604341093,0.5213791607625485
ant-ivy,314,fn_repair_frac_0.50,451,48,24,0.13934816893101756,0.5687877808157564,-0.04558316323652314,0.44085014180312676
ant-ivy,314,fp_repair_frac_0.75,451,48,338,0.13947473333819982,0.5739863696327322,0.016991125923371576,0.5149311764161139
ant-ivy,314,fn_repair_frac_0.75,451,48,36,0.12886665640351574,0.5642255658117663,-0.04835378606204089,0.44009032851026786
ant-ivy,314,fp_repair_frac_1.00,451,48,451,0.17725796083130776,0.5982022691964484,-0.014117847089054569,0.4521214133562196
ant-ivy,314,fn_repair_frac_1.00,451,48,48,0.13968394908281465,0.568384797961855,0.023246666274305185,0.5205637090427262
ant-ivy,314,fn_repair_immediate,451,48,48,0.20098313758344796,0.5708347829460607,0.058161502988968425,0.5693947094254412
ant-ivy,314,fn_repair_at_window,451,48,48,0.26003307515205615,0.6463459913174682,0.21043738719771757,0.7461932862319979
ant-ivy,999,BSZZ,451,48,0,0.1510225947405722,0.5771181716084526,-0.0009105392406168583,0.4985805139614829
ant-ivy,999,BSZZ_immediate,451,48,0,0.16363926426816935,0.5520226406171514,0.07073280153767215,0.587162729578094
ant-ivy,999,BSZZ_at_window,451,48,0,0.22520476449786797,0.6198383077813002,0.19410372423320973,0.7280980956484797
ant-ivy,999,fp_repair_matched,451,48,48,0.138659165413634,0.5665929025727124,-0.04113526772255988,0.44853672394747035
ant-ivy,999,fp_repair_frac_0.25,451,48,113,0.16550012680647325,0.5899068163625686,0.030729399474031978,0.538010754812399
ant-ivy,999,fn_repair_frac_0.25,451,48,12,0.15400110711682236,0.5798458138049398,0.00036796678430006777,0.500054091336342
ant-ivy,999,fp_repair_frac_0.50,451,48,226,0.13053354779264575,0.56845684168163,-0.027968787544152707,0.45726191465849125
ant-ivy,999,fn_repair_frac_0.50,451,48,24,0.1622233640007562,0.5797597118994686,-0.004806521219642019,0.4933584995013718
ant-ivy,999,fp_repair_frac_0.75,451,48,338,0.19519302704398755,0.6044849490800704,-0.08722766427990862,0.35866238427636443
ant-ivy,999,fn_repair_frac_0.75,451,48,36,0.16057912809439331,0.5839038795487912,-0.0004048296706434592,0.49878459261669494
ant-ivy,999,fp_repair_frac_1.00,451,48,451,0.17283165998745095,0.5924603733326841,0.02757215649221482,0.5202910498024688
ant-ivy,999,fn_repair_frac_1.00,451,48,48,0.1367270105332211,0.5675419640353061,-0.016069243714191626,0.47828083705678487
ant-ivy,999,fn_repair_immediate,451,48,48,0.19741123921552922,0.5656095323043413,-0.00010040283794833217,0.49986580550517157
ant-ivy,999,fn_repair_at_window,451,48,48,0.24104200761879638,0.6336315062446278,0.17610022946627504,0.7091783931539808
commons-bcel,7,BSZZ,86,31,0,0.17936243539566982,0.6180924976336486,-0.03742985500588571,0.45996798413356343
commons-bcel,7,BSZZ_immediate,86,31,0,0.05846420775118836,0.4857937274932538,-0.1637962486858674,0.32521188415650004
commons-bcel,7,BSZZ_at_window,86,31,0,0.12919539284971068,0.5776073582285737,0.0578545326361901,0.5604429322943394
commons-bcel,7,fp_repair_matched,86,31,31,0.12576829916003857,0.5674127282018633,-0.10460658267703482,0.3882414435876619
commons-bcel,7,fp_repair_frac_0.25,86,31,22,0.18780152651793852,0.616892532517768,-0.03653779212795552,0.4607873450925827
commons-bcel,7,fn_repair_frac_0.25,86,31,8,0.14640960261832178,0.591915803975961,-0.03514022530579573,0.4607191276519283
commons-bcel,7,fp_repair_frac_0.50,86,31,43,0.14150328984272384,0.5728003269555346,-0.06803388838586245,0.4223226663011829
commons-bcel,7,fn_repair_frac_0.50,86,31,16,0.1338480310403971,0.5760431151864468,-0.07962271046056216,0.41598417754469
commons-bcel,7,fp_repair_frac_0.75,86,31,64,0.16727443966611083,0.606718177427386,0.07152681037069424,0.5680019644055821
commons-bcel,7,fn_repair_frac_0.75,86,31,23,0.13038587755338765,0.5951115071325939,-0.04690902917477655,0.44986235557790133
commons-bcel,7,fp_repair_frac_1.00,86,31,86,0.172971112263283,0.5985972228347316,0.1969732546062865,0.7009077489985657
commons-bcel,7,fn_repair_frac_1.00,86,31,31,0.08108551022888559,0.5558948125891237,-0.04816580703214068,0.4482669828822243
commons-bcel,7,fn_repair_immediate,86,31,31,0.055537566076807834,0.48412232234237595,-0.046406778596541264,0.37894642800654665
commons-bcel,7,fn_repair_at_window,86,31,31,0.15639967744994535,0.5874865187405792,0.004297348719695682,0.5024725558092565
commons-bcel,13,BSZZ,86,31,0,0.140563033369301,0.5873213013009715,-0.016831085897104955,0.481849127299748
commons-bcel,13,BSZZ_immediate,86,31,0,0.061105570355415105,0.48895045039485246,-0.16029234687938437,0.32784609683973176
commons-bcel,13,BSZZ_at_window,86,31,0,0.14479443903464428,0.5920020971723432,0.06696290036027364,0.568811034472185
commons-bcel,13,fp_repair_matched,86,31,31,0.13616602315152934,0.572022993606765,0.008614242752298605,0.5078419386104026
commons-bcel,13,fp_repair_frac_0.25,86,31,22,0.1125461386579784,0.5483164391543766,-0.08098826617533524,0.41337493235875344
commons-bcel,13,fn_repair_frac_0.25,86,31,8,0.1306757580004258,0.5770583943720899,-0.1066769180575716,0.38269002082953535
commons-bcel,13,fp_repair_frac_0.50,86,31,43,0.1545189037117347,0.5863624327051205,0.0019842106967445975,0.49454828803825773
commons-bcel,13,fn_repair_frac_0.50,86,31,16,0.09036605766511444,0.5355706107757673,0.025292245030604527,0.5224488812134775
commons-bcel,13,fp_repair_frac_0.75,86,31,64,0.14741163172258223,0.5833853876612096,-0.02864507102828724,0.4685828922783049
commons-bcel,13,fn_repair_frac_0.75,86,31,23,0.15642093909126328,0.6048489959548706,0.061348975737186125,0.5555260897041766
commons-bcel,13,fp_repair_frac_1.00,86,31,86,0.17119520295071006,0.5971188166084739,0.19350022527088126,0.6977755329943146
commons-bcel,13,fn_repair_frac_1.00,86,31,31,0.13758100879383536,0.5888065960569921,-0.0650658192482057,0.4298128030020001
commons-bcel,13,fn_repair_immediate,86,31,31,0.05387229814932579,0.48886516523693047,-0.04122262008965192,0.38786824860284763
commons-bcel,13,fn_repair_at_window,86,31,31,0.11002179270587,0.5461377932992253,0.04898131187462232,0.5520371892700401
commons-bcel,21,BSZZ,86,31,0,0.17742008846124538,0.6127348908256414,-0.048253870452761964,0.44760893324921336
commons-bcel,21,BSZZ_immediate,86,31,0,0.02650891599027827,0.456185817884687,-0.1617263942091221,0.3269316346738392
commons-bcel,21,BSZZ_at_window,86,31,0,0.16321480725798537,0.6093495958532509,0.08261383304266076,0.5866095762298953
commons-bcel,21,fp_repair_matched,86,31,31,0.1628904207936121,0.6040242278821357,-0.10750622113922688,0.3828022070053716
commons-bcel,21,fp_repair_frac_0.25,86,31,22,0.19073285221623365,0.6292614261005416,-0.041609846100430295,0.45537000197811583
commons-bcel,21,fn_repair_frac_0.25,86,31,8,0.16546475595085475,0.6034138345442535,-0.043707765560878534,0.4491302033225019
commons-bcel,21,fp_repair_frac_0.50,86,31,43,0.13457345899826653,0.5699664431361914,0.025914543261907598,0.5273579248754887
commons-bcel,21,fn_repair_frac_0.50,86,31,16,0.1719657585021471,0.6143033189845029,-0.033564974401900725,0.4638252318286442
commons-bcel,21,fp_repair_frac_0.75,86,31,64,0.17610403786104534,0.6094969676252909,0.05304525295116747,0.5454442210601309
commons-bcel,21,fn_repair_frac_0.75,86,31,23,0.13832588760622663,0.583471928768073,-0.07026176406350922,0.4254179899407491
commons-bcel,21,fp_repair_frac_1.00,86,31,86,0.17703550852609526,0.6041250956545956,0.15908463751617039,0.662872384525213
commons-bcel,21,fn_repair_frac_1.00,86,31,31,0.14039063530939885,0.585698972580343,0.036767400258512474,0.5203902558820596
commons-bcel,21,fn_repair_immediate,86,31,31,0.04880701746373149,0.4870324939929275,-0.04010110133392185,0.39028371847477755
commons-bcel,21,fn_repair_at_window,86,31,31,0.14472672243826187,0.5705754068315866,0.011178964427113651,0.5092730877084937
commons-bcel,42,BSZZ,86,31,0,0.1946686456856143,0.6322427688484238,-0.031055662325835003,0.46689583477220703
commons-bcel,42,BSZZ_immediate,86,31,0,0.05711725436584235,0.4857004099410995,-0.16181623176804147,0.3267771938535485
commons-bcel,42,BSZZ_at_window,86,31,0,0.16262561284387403,0.6086224862480402,0.0714200523131005,0.5739697550557764
commons-bcel,42,fp_repair_matched,86,31,31,0.1770048744279098,0.6154595141622184,-0.013418663826171165,0.4781601931282475
commons-bcel,42,fp_repair_frac_0.25,86,31,22,0.210463902167945,0.6437488352939198,0.11128020977141143,0.6140757653310542
commons-bcel,42,fn_repair_frac_0.25,86,31,8,0.16640560901625367,0.6078178206745376,-0.07710850516880867,0.41842910670509564
commons-bcel,42,fp_repair_frac_0.50,86,31,43,0.1501682597093382,0.5866749492685763,-0.04495448786290538,0.45175355874934203
commons-bcel,42,fn_repair_frac_0.50,86,31,16,0.1075738683213379,0.5551480405110887,-0.04431469551872763,0.45268116654725177
commons-bcel,42,fp_repair_frac_0.75,86,31,64,0.09446660775346766,0.5210455482325779,-0.07920325901976585,0.4131666828036416
commons-bcel,42,fn_repair_frac_0.75,86,31,23,0.11124940656893048,0.5804448352838905,-0.03506618793435733,0.4626712284201975
commons-bcel,42,fp_repair_frac_1.00,86,31,86,0.15527582931049572,0.5846898636625714,0.16035197031464776,0.6654738074548124
commons-bcel,42,fn_repair_frac_1.00,86,31,31,0.13527934237685013,0.6033496414620049,0.10240810898257946,0.5951030222735144
commons-bcel,42,fn_repair_immediate,86,31,31,0.04433571408167953,0.47646972988347575,-0.032659896314256115,0.4170979682142174
commons-bcel,42,fn_repair_at_window,86,31,31,0.1560074627084393,0.5854179283410235,-0.011882358882141057,0.4864926958620473
commons-bcel,77,BSZZ,86,31,0,0.19836787697357247,0.6348229676729475,-0.017527603477402384,0.4812243709806035
commons-bcel,77,BSZZ_immediate,86,31,0,0.03807916117918442,0.4675444979993598,-0.15997792418614235,0.32808480154805253
commons-bcel,77,BSZZ_at_window,86,31,0,0.18554419819930704,0.629850511200741,0.06854986650022056,0.5706000512938633
commons-bcel,77,fp_repair_matched,86,31,31,0.10417879802396043,0.5472916653973283,-0.05990553226525671,0.43601659257623326
commons-bcel,77,fp_repair_frac_0.25,86,31,22,0.09953888579227417,0.5428205106540168,-0.04651544683587336,0.45044714797363933
commons-bcel,77,fn_repair_frac_0.25,86,31,8,0.1727873968853265,0.6144024883506548,-0.03806063475833218,0.4592246085688464
commons-bcel,77,fp_repair_frac_0.50,86,31,43,0.15764970312471813,0.5907215609968317,0.06594212089908393,0.5691966533767154
commons-bcel,77,fn_repair_frac_0.50,86,31,16,0.15654534177359086,0.6006637955772566,-0.024294769767850746,0.47403123507635364
commons-bcel,77,fp_repair_frac_0.75,86,31,64,0.16322116261664832,0.5937000639942672,-0.0472612695519352,0.4476037478654304
commons-bcel,77,fn_repair_frac_0.75,86,31,23,0.13449102485116649,0.56334269260727,-0.05562843404446134,0.434795536211442
commons-bcel,77,fp_repair_frac_1.00,86,31,86,0.17216196270166512,0.5984145747513603,0.2005649068532506,0.7040855478389947
commons-bcel,77,fn_repair_frac_1.00,86,31,31,0.1285580450981485,0.5387495633216949,-0.041890472470728864,0.4449852531084562
commons-bcel,77,fn_repair_immediate,86,31,31,0.0477500530412731,0.48429684033204784,-0.08896837990620769,0.38262669463720284
commons-bcel,77,fn_repair_at_window,86,31,31,0.16708604087127182,0.5926605268912665,0.014742724962695125,0.5127568934765488
commons-bcel,101,BSZZ,86,31,0,0.17164113902476935,0.6093552831329633,0.03073379727560771,0.5317037987099615
commons-bcel,101,BSZZ_immediate,86,31,0,0.05788550478321889,0.4852106974523192,-0.15736684102603676,0.3306541515149732
commons-bcel,101,BSZZ_at_window,86,31,0,0.17450617784316894,0.6036816860689105,0.05487362554535567,0.5581956112140174
commons-bcel,101,fp_repair_matched,86,31,31,0.1312782193799196,0.5624337267747958,-0.0074598947467840555,0.4893083915916353
commons-bcel,101,fp_repair_frac_0.25,86,31,22,0.22549088696497896,0.6571784600952332,-0.043128870785794686,0.4538120862190843
commons-bcel,101,fn_repair_frac_0.25,86,31,8,0.167176038129795,0.6009647969716106,-0.07241406782722938,0.42328302222132513
commons-bcel,101,fp_repair_frac_0.50,86,31,43,0.1576021229134851,0.5962361461720344,-0.03026863875326322,0.46722292090091583
commons-bcel,101,fn_repair_frac_0.50,86,31,16,0.11687544365970501,0.5637115628320406,-0.02497236088536465,0.4732952208122777
commons-bcel,101,fp_repair_frac_0.75,86,31,64,0.11419151917089673,0.5536910062358124,-0.049945582908998296,0.44688881605686837
commons-bcel,101,fn_repair_frac_0.75,86,31,23,0.08734921925681444,0.5245822855012261,-0.036836250940273436,0.45532764285609895
commons-bcel,101,fp_repair_frac_1.00,86,31,86,0.17554808267493882,0.6028638340137652,0.18981587001781972,0.6925752625086737
commons-bcel,101,fn_repair_frac_1.00,86,31,31,0.08461470380494931,0.5338138904049359,0.0714739222611094,0.5624438401362274
commons-bcel,101,fn_repair_immediate,86,31,31,0.041196138132713875,0.475981332774669,-0.034976744290585504,0.4143688679666033
commons-bcel,101,fn_repair_at_window,86,31,31,0.1705721391492275,0.5953038924521729,-0.054528873759626804,0.42591782320071975
commons-bcel,123,BSZZ,86,31,0,0.18164664478442977,0.621868699596861,0.003504739602946771,0.4986089929986232
commons-bcel,123,BSZZ_immediate,86,31,0,0.053555000056124145,0.4812300473413313,-0.15908886131975072,0.3290905043575078
commons-bcel,123,BSZZ_at_window,86,31,0,0.14187213006496543,0.5843567483299069,0.06477702176216545,0.5681726887256677
commons-bcel,123,fp_repair_matched,86,31,31,0.07808837961426517,0.5118884004092003,-0.031273768174146795,0.4491957808168638
commons-bcel,123,fp_repair_frac_0.25,86,31,22,0.21971664636381877,0.6513390267597082,-0.02378793373171358,0.47218373705319117
commons-bcel,123,fn_repair_frac_0.25,86,31,8,0.12913096684008743,0.5957177565582795,-0.048865156039478747,0.44810199216633356
commons-bcel,123,fp_repair_frac_0.50,86,31,43,0.1692260669443319,0.6036968346939326,-0.02387672748877574,0.4744893891190414
commons-bcel,123,fn_repair_frac_0.50,86,31,16,0.05476573609272972,0.5256028166023787,0.03206223490124026,0.5196427959558372
commons-bcel,123,fp_repair_frac_0.75,86,31,64,0.1639216938237575,0.5976836592556585,0.10496953015306452,0.5931881391788265
commons-bcel,123,fn_repair_frac_0.75,86,31,23,0.08249367329808076,0.5261659488416428,-0.07744855316549876,0.4161035957395024
commons-bcel,123,fp_repair_frac_1.00,86,31,86,0.15669608253781825,0.5860623244265023,0.17690456224488205,0.6819895786754898
commons-bcel,123,fn_repair_frac_1.00,86,31,31,0.07474446993443826,0.5451875706704357,-0.13195905690601353,0.3164968601797363
commons-bcel,123,fn_repair_immediate,86,31,31,0.04658717577378924,0.48671361459997653,-0.017490476632209023,0.44019904833879386
commons-bcel,123,fn_repair_at_window,86,31,31,0.1573553398664804,0.5878099783404986,0.028756646504376027,0.5298332546049089
commons-bcel,202,BSZZ,86,31,0,0.1839195992371062,0.6206438053763225,-0.04790827811443622,0.44910958268609386
commons-bcel,202,BSZZ_immediate,86,31,0,0.03526614923240097,0.46546562944469444,-0.16015846356796046,0.3277524656535932
commons-bcel,202,BSZZ_at_window,86,31,0,0.18339557860684122,0.6161611248144001,0.01607242864993271,0.516919192713669
commons-bcel,202,fp_repair_matched,86,31,31,0.18573022670613518,0.6178847608201538,-0.1126228750309328,0.36959351122703604
commons-bcel,202,fp_repair_frac_0.25,86,31,22,0.1570386234479942,0.5961056789937919,-0.1181741309880228,0.3756638231584472
commons-bcel,202,fn_repair_frac_0.25,86,31,8,0.14885760871818163,0.5864139049405807,-0.08203761272224878,0.41358683204917435
commons-bcel,202,fp_repair_frac_0.50,86,31,43,0.16353200739412996,0.5977800433014474,-0.07330172749021607,0.41372018161113444
commons-bcel,202,fn_repair_frac_0.50,86,31,16,0.1352550349449433,0.5783538920360233,-0.06236543588400662,0.43399557486357504
commons-bcel,202,fp_repair_frac_0.75,86,31,64,0.1079669209653051,0.5337406446734065,-0.024429858494206824,0.47264060924496487
commons-bcel,202,fn_repair_frac_0.75,86,31,23,0.11226711665988463,0.5871723357224544,-0.043259186781598936,0.4537689418439533
commons-bcel,202,fp_repair_frac_1.00,86,31,86,0.18154753199682808,0.6074933968276277,0.17449270546117537,0.6757109208833868
commons-bcel,202,fn_repair_frac_1.00,86,31,31,0.09483514320006609,0.573402891252239,-0.06435948221908754,0.43062759234477016
commons-bcel,202,fn_repair_immediate,86,31,31,0.06166957898161546,0.49295587118402406,-0.032881285811637406,0.417039806170072
commons-bcel,202,fn_repair_at_window,86,31,31,0.1711202712294181,0.5915278579059868,-0.06594284269946464,0.4164107293963203
commons-bcel,314,BSZZ,86,31,0,0.16151010113745046,0.5986869529524393,-0.06001865569214028,0.43571312541081275
commons-bcel,314,BSZZ_immediate,86,31,0,0.05175220838726951,0.480017675619511,-0.15838970846802614,0.3295335378740311
commons-bcel,314,BSZZ_at_window,86,31,0,0.15545445398473395,0.5958425209946404,0.07296261752632606,0.5770760155768092
commons-bcel,314,fp_repair_matched,86,31,31,0.1745671456764472,0.6131559599957044,0.012255994912863121,0.5122833725322797
commons-bcel,314,fp_repair_frac_0.25,86,31,22,0.1538519065148809,0.5924823488431457,-0.051311927398714735,0.4418302092224725
commons-bcel,314,fn_repair_frac_0.25,86,31,8,0.13093486612573915,0.5664873059538599,0.08590886432019328,0.5770903702543155
commons-bcel,314,fp_repair_frac_0.50,86,31,43,0.1258146267927391,0.5684459715188573,-0.04629988137444059,0.45067981730992834
commons-bcel,314,fn_repair_frac_0.50,86,31,16,0.11753296915147897,0.5599331464247116,-0.040714835094655226,0.4549357955971801
commons-bcel,314,fp_repair_frac_0.75,86,31,64,0.10840064430794306,0.5341020415508256,-0.010733147082230027,0.4703655665698753
commons-bcel,314,fn_repair_frac_0.75,86,31,23,0.12542925336979122,0.5666797789263953,-0.12647932880085758,0.3610485964615956
commons-bcel,314,fp_repair_frac_1.00,86,31,86,0.15302909339852808,0.5841683934019638,0.20264182632006916,0.7067618876727622
commons-bcel,314,fn_repair_frac_1.00,86,31,31,0.10763881667591632,0.5576532296546539,-0.05684641816910336,0.43931581013931825
commons-bcel,314,fn_repair_immediate,86,31,31,0.06732257598152748,0.5002310885784956,-0.031199785585335857,0.41945017554518815
commons-bcel,314,fn_repair_at_window,86,31,31,0.16145274268080273,0.5949379791962367,0.005934267801001861,0.5043206505288637
commons-bcel,999,BSZZ,86,31,0,0.1884930743502481,0.6243392719443642,-0.04657797266611098,0.4502261791397655
commons-bcel,999,BSZZ_immediate,86,31,0,0.029696067519605837,0.460894030584491,-0.1603045529649046,0.32763691726312366
commons-bcel,999,BSZZ_at_window,86,31,0,0.15558514964027484,0.601996765635255,0.07817826025357805,0.5816531131543738
commons-bcel,999,fp_repair_matched,86,31,31,0.1634210130632458,0.5974159068847411,-0.04021030075856975,0.45714702719159794
commons-bcel,999,fp_repair_frac_0.25,86,31,22,0.17343186625812052,0.6082692356226206,-0.09541891898665157,0.39334626616926865
commons-bcel,999,fn_repair_frac_0.25,86,31,8,0.12023136233283961,0.5607211062333364,-0.05553719310634702,0.4401703524347
commons-bcel,999,fp_repair_frac_0.50,86,31,43,0.10865363754289457,0.5494724837884559,-0.03259126744158782,0.46530887672208143
commons-bcel,999,fn_repair_frac_0.50,86,31,16,0.06442519133305297,0.5392924674307757,-0.045043427432520385,0.4503635885551783
commons-bcel,999,fp_repair_frac_0.75,86,31,64,0.13949832916612803,0.5687365444601088,-0.013654480864170114,0.4842566945719517
commons-bcel,999,fn_repair_frac_0.75,86,31,23,0.05294967502259868,0.5296007334257367,-0.06450371169922042,0.4286882177946257
commons-bcel,999,fp_repair_frac_1.00,86,31,86,0.1673726291658944,0.5916443969267426,0.2073898110323379,0.7111352238661378
commons-bcel,999,fn_repair_frac_1.00,86,31,31,0.05924532638306935,0.5337245449238883,0.01831692438894493,0.5136848920074346
commons-bcel,999,fn_repair_immediate,86,31,31,0.04669974378482028,0.4826897948498682,-0.05496408111739326,0.4247619276067051
commons-bcel,999,fn_repair_at_window,86,31,31,0.18522653806464323,0.6041445511755497,-0.06426076340328517,0.417788852319767
commons-beanutils,7,BSZZ,195,3,0,0.08439550935120113,0.5215686451419651,0.08140917964871436,0.6432768481335281
commons-beanutils,7,BSZZ_immediate,195,3,0,0.042994243273801316,0.42346093700819554,0.08815035887499213,0.6110463083973141
commons-beanutils,7,BSZZ_at_window,195,3,0,0.09274994110285396,0.5016955313033623,0.0755431772594914,0.6163661750442427
commons-beanutils,7,fp_repair_matched,195,3,3,0.03426177066774477,0.47160985710071296,0.010040209074292967,0.5139977174536647
commons-beanutils,7,fp_repair_frac_0.25,195,3,49,0.02878399003281899,0.462377446421647,0.034584114625408356,0.5598122838021717
commons-beanutils,7,fn_repair_frac_0.25,195,3,1,0.056025721372649134,0.480882085473386,0.026523633656522317,0.5299770503646
commons-beanutils,7,fp_repair_frac_0.50,195,3,98,0.006983664561916956,0.46310708256144567,0.008425241375807068,0.5092689756326657
commons-beanutils,7,fn_repair_frac_0.50,195,3,2,0.057504169510810006,0.4826022945470028,0.03503127126975166,0.5510287591493074
commons-beanutils,7,fp_repair_frac_0.75,195,3,146,0.06275960094115268,0.5128806073007031,-0.02829734403822109,0.4426800261743338
commons-beanutils,7,fn_repair_frac_0.75,195,3,2,0.057504169510810006,0.4826022945470028,0.03503127126975166,0.5510287591493074
commons-beanutils,7,fp_repair_frac_1.00,195,3,195,0.10285098692321637,0.5415200620756639,0.06850296488655294,0.6012901272805558
commons-beanutils,7,fn_repair_frac_1.00,195,3,3,0.09845115003577992,0.5230251326496753,0.08678295062929298,0.6369615954586245
commons-beanutils,7,fn_repair_immediate,195,3,3,0.0403440347451426,0.42190991403959327,0.0882530941676652,0.6113755692846861
commons-beanutils,7,fn_repair_at_window,195,3,3,0.09965363493262198,0.5167107806371165,0.09550046752324744,0.6647784696517569
commons-beanutils,13,BSZZ,195,3,0,0.07537830171016371,0.5257804228235435,0.061606196328557614,0.60856549053526
commons-beanutils,13,BSZZ_immediate,195,3,0,0.038268990617876364,0.4455230232194286,0.08819032095123845,0.6224667263141848
commons-beanutils,13,BSZZ_at_window,195,3,0,0.03830963720511419,0.4700416906193517,0.013769076467677473,0.5171251297949692
commons-beanutils,13,fp_repair_matched,195,3,3,0.07494625139296024,0.5249002310288783,0.05823274316662252,0.601147623641766
commons-beanutils,13,fp_repair_frac_0.25,195,3,49,0.04238413959438137,0.4639583241423494,0.031421611701427356,0.5320072086869087
commons-beanutils,13,fn_repair_frac_0.25,195,3,1,0.062089610919172124,0.5148666546649454,0.045835878236857155,0.5815885136904417
commons-beanutils,13,fp_repair_frac_0.50,195,3,98,0.0387955414134241,0.47914872484548127,0.03494708921997227,0.5650847220841342
commons-beanutils,13,fn_repair_frac_0.50,195,3,2,0.0733131960554192,0.5323718651449869,0.06299516312901658,0.6160416590432645
commons-beanutils,13,fp_repair_frac_0.75,195,3,146,-0.02954504306261993,0.3572898585636129,0.0160312417157878,0.5248056722463108
commons-beanutils,13,fn_repair_frac_0.75,195,3,2,0.0733131960554192,0.5323718651449869,0.06299516312901658,0.6160416590432645
commons-beanutils,13,fp_repair_frac_1.00,195,3,195,0.1152768571158658,0.5461370583629283,0.07189167600459141,0.6048418676645823
commons-beanutils,13,fn_repair_frac_1.00,195,3,3,0.07359405532172007,0.5328843356850101,0.06729041661324993,0.6239766472844125
commons-beanutils,13,fn_repair_immediate,195,3,3,0.06220661650662361,0.4601805278496849,0.08546596605636186,0.614469560323014
commons-beanutils,13,fn_repair_at_window,195,3,3,0.066536637634372,0.46962511016305747,0.050565253578107816,0.5598518016726104
commons-beanutils,21,BSZZ,195,3,0,0.01118491408309725,0.4169507212361472,0.03593013523430437,0.5650153087601132
commons-beanutils,21,BSZZ_immediate,195,3,0,0.043918460265610984,0.4546889907083378,0.07407429444765377,0.6002546750229073
commons-beanutils,21,BSZZ_at_window,195,3,0,0.10176404815203301,0.5576363048114565,0.013877695969082369,0.5254877337106186
commons-beanutils,21,fp_repair_matched,195,3,3,0.05644887129253444,0.4566462723617142,0.08544521223110203,0.6468385526148672
commons-beanutils,21,fp_repair_frac_0.25,195,3,49,0.01797192951791382,0.4136028551555633,0.018904574120637386,0.5265566990408638
commons-beanutils,21,fn_repair_frac_0.25,195,3,1,0.04721566965917941,0.4451339565229624,0.08027351854457869,0.6312581196985471
commons-beanutils,21,fp_repair_frac_0.50,195,3,98,0.01519726358222074,0.45363459734945805,0.04723788585144338,0.582959922951507
commons-beanutils,21,fn_repair_frac_0.50,195,3,2,0.020634903245537062,0.42021506595034014,0.0452028943523999,0.5728275133563895
commons-beanutils,21,fp_repair_frac_0.75,195,3,146,0.005711865362761192,0.3962059426297722,0.010416925176472538,0.5195697317888868
commons-beanutils,21,fn_repair_frac_0.75,195,3,2,0.04721566965917941,0.4451339565229624,0.08027351854457869,0.6312581196985471
commons-beanutils,21,fp_repair_frac_1.00,195,3,195,0.08995996182831495,0.527726200408941,0.05850565474799786,0.5841099424590726
commons-beanutils,21,fn_repair_frac_1.00,195,3,3,0.036600658744594054,0.4454136832118962,0.07374731428088689,0.6343556387550465
commons-beanutils,21,fn_repair_immediate,195,3,3,0.06933638387744913,0.47422222953798526,0.08856033973150364,0.6250094355508926
commons-beanutils,21,fn_repair_at_window,195,3,3,0.12611938554147495,0.5597873776521867,0.05473771459018035,0.5682586148289499
commons-beanutils,42,BSZZ,195,3,0,0.06513461131459053,0.4978046192697303,0.0345246971906069,0.55804706341448
commons-beanutils,42,BSZZ_immediate,195,3,0,0.04213536125625851,0.43171851654140636,0.08408321726244859,0.6066815396969157
commons-beanutils,42,BSZZ_at_window,195,3,0,0.08605601614404486,0.5057130156096775,0.08426582874605495,0.6315035976746965
commons-beanutils,42,fp_repair_matched,195,3,3,0.0848394362511486,0.5183539688428024,0.06327346129140064,0.6104336934940274
commons-beanutils,42,fp_repair_frac_0.25,195,3,49,0.0694455526502226,0.5050647459257417,0.058097792096295266,0.5948894556121823
commons-beanutils,42,fn_repair_frac_0.25,195,3,1,0.08481747362249815,0.5159920875060552,0.06379475635067354,0.6115838473890419
commons-beanutils,42,fp_repair_frac_0.50,195,3,98,-0.0036224862832099267,0.45802104952838735,-0.02963848461906326,0.4444844667608587
commons-beanutils,42,fn_repair_frac_0.50,195,3,2,0.06699403116214636,0.4991676593037066,0.053219569490352905,0.5899520731623132
commons-beanutils,42,fp_repair_frac_0.75,195,3,146,0.0969494612853357,0.5277909113642402,0.06789285224674715,0.6161325009901076
commons-beanutils,42,fn_repair_frac_0.75,195,3,2,0.06699403116214636,0.4991676593037066,0.053219569490352905,0.5899520731623132
commons-beanutils,42,fp_repair_frac_1.00,195,3,195,0.08945637024984225,0.5272949214589557,0.061474651686307905,0.5873444345500611
commons-beanutils,42,fn_repair_frac_1.00,195,3,3,0.07989801181978567,0.5201980593037941,0.07146427068534045,0.6292671632679158
commons-beanutils,42,fn_repair_immediate,195,3,3,0.026306398192149198,0.4178719165663221,0.08530166350939818,0.6194758276785276
commons-beanutils,42,fn_repair_at_window,195,3,3,0.09645847696252695,0.5146020037266447,0.07095557180196481,0.6302909104668167
commons-beanutils,77,BSZZ,195,3,0,0.0499345739999378,0.5110473572743973,0.02308439117701543,0.5379321926327523
commons-beanutils,77,BSZZ_immediate,195,3,0,0.03830477127847788,0.4279765360906646,0.09493152216504262,0.6350808141102994
commons-beanutils,77,BSZZ_at_window,195,3,0,0.09419001217971446,0.5009070294361371,0.061382624080606386,0.5847424981649469
commons-beanutils,77,fp_repair_matched,195,3,3,0.10186239289191946,0.5316262921012312,0.054741990714745954,0.5880928360746898
commons-beanutils,77,fp_repair_frac_0.25,195,3,49,0.10859057120514079,0.5467585441632189,0.07234419181370311,0.6327195302184813
commons-beanutils,77,fn_repair_frac_0.25,195,3,1,0.08354263695449199,0.5379892081823013,0.04824778037396558,0.5745264419921372
commons-beanutils,77,fp_repair_frac_0.50,195,3,98,0.04187582515979973,0.47492163428607626,0.027569475601814584,0.5515132079892762
commons-beanutils,77,fn_repair_frac_0.50,195,3,2,0.08532347404580493,0.542949934750838,0.05666868184896866,0.594733778353168
commons-beanutils,77,fp_repair_frac_0.75,195,3,146,0.062465070094004704,0.5029060164685302,0.05832347883085136,0.6073864243351548
commons-beanutils,77,fn_repair_frac_0.75,195,3,2,0.08532347404580493,0.542949934750838,0.05666868184896866,0.594733778353168
commons-beanutils,77,fp_repair_frac_1.00,195,3,195,0.10823925176694878,0.5512497795876267,0.07948097604427294,0.6265826336750825
commons-beanutils,77,fn_repair_frac_1.00,195,3,3,0.1142116168432699,0.5723133873214538,0.08772324755849112,0.6480489278443711
commons-beanutils,77,fn_repair_immediate,195,3,3,0.03155361101119122,0.43208895320202423,0.10637778309587596,0.6751857237269296
commons-beanutils,77,fn_repair_at_window,195,3,3,0.07878763858652224,0.4898787340072254,0.06102018480455931,0.5885740151115709
commons-beanutils,101,BSZZ,195,3,0,0.08715092352478818,0.5209032436362608,0.04015267494610715,0.5703637008969873
commons-beanutils,101,BSZZ_immediate,195,3,0,0.032530761674467765,0.41825674970358107,0.08623120522813629,0.6098257373130062
commons-beanutils,101,BSZZ_at_window,195,3,0,0.06958275032518936,0.5093550341549867,0.05141638600942158,0.5954821176635575
commons-beanutils,101,fp_repair_matched,195,3,3,0.11285346141701601,0.5446124155139171,0.07136610272973848,0.6188425516209063
commons-beanutils,101,fp_repair_frac_0.25,195,3,49,0.014507071299007367,0.4717168622523781,-0.012449572747057235,0.46795915114305436
commons-beanutils,101,fn_repair_frac_0.25,195,3,1,0.0914499255422996,0.5233948183993692,0.03908922196891412,0.5680518402527083
commons-beanutils,101,fp_repair_frac_0.50,195,3,98,0.14360021179911345,0.5960640604036433,0.1007372525801475,0.675952543376744
commons-beanutils,101,fn_repair_frac_0.50,195,3,2,0.08979921385309729,0.5218642164673581,0.044560258303219205,0.5781019302512407
commons-beanutils,101,fp_repair_frac_0.75,195,3,146,0.04119884436946475,0.4727510855279145,0.032833617221377794,0.5586024228510638
commons-beanutils,101,fn_repair_frac_0.75,195,3,2,0.08979921385309729,0.5218642164673581,0.044560258303219205,0.5781019302512407
commons-beanutils,101,fp_repair_frac_1.00,195,3,195,0.10078121140030563,0.5405004436872747,0.06827251477236547,0.6010437423503618
commons-beanutils,101,fn_repair_frac_1.00,195,3,3,0.0923566739588278,0.5252743163514225,0.03937223136784363,0.5686684703542344
commons-beanutils,101,fn_repair_immediate,195,3,3,0.04003996398283952,0.42051258866240543,0.08653335623309842,0.6034493485959843
commons-beanutils,101,fn_repair_at_window,195,3,3,0.09513557232731114,0.522063232085058,0.08647836908773736,0.6570518479820551
commons-beanutils,123,BSZZ,195,3,0,0.06846965231569174,0.5217795095609501,0.04510048737235681,0.5749446201208492
commons-beanutils,123,BSZZ_immediate,195,3,0,0.07924551869876353,0.47658159929453336,0.1324404665977436,0.7312325796570351
commons-beanutils,123,BSZZ_at_window,195,3,0,0.04186377537158146,0.4702753055364962,0.0006340780744120382,0.4906520149034238
commons-beanutils,123,fp_repair_matched,195,3,3,0.12540494622848525,0.5718508844830915,0.09707233494707221,0.6626009800038815
commons-beanutils,123,fp_repair_frac_0.25,195,3,49,0.04890214635433848,0.48431312309503594,0.04309518724404131,0.5792296694832585
commons-beanutils,123,fn_repair_frac_0.25,195,3,1,0.07051756241031973,0.5239249634308045,0.04095495498607099,0.5710435592595726
commons-beanutils,123,fp_repair_frac_0.50,195,3,98,0.07332776218180573,0.5009137622560578,0.019225706410339306,0.5142493611550963
commons-beanutils,123,fn_repair_frac_0.50,195,3,2,0.08133058526915744,0.5336931761181708,0.052181292452735874,0.5920752771576422
commons-beanutils,123,fp_repair_frac_0.75,195,3,146,-0.011332490680777064,0.40115738938501655,-0.04034288569978149,0.422344516588648
commons-beanutils,123,fn_repair_frac_0.75,195,3,2,0.08133058526915744,0.5336931761181708,0.052181292452735874,0.5920752771576422
commons-beanutils,123,fp_repair_frac_1.00,195,3,195,0.15506431535695991,0.591264045750685,0.08430618996568945,0.6457965514497455
commons-beanutils,123,fn_repair_frac_1.00,195,3,3,0.07175432049201713,0.516746611361347,0.03614686937688557,0.5555878333552484
commons-beanutils,123,fn_repair_immediate,195,3,3,0.08093684600307835,0.4544701273932635,0.1381442708414385,0.7313585085318061
commons-beanutils,123,fn_repair_at_window,195,3,3,0.09633282778997593,0.5171980584352605,0.07605816345452883,0.6225808331601282
commons-beanutils,202,BSZZ,195,3,0,0.051833124548487874,0.4526653264006636,0.04034877466934542,0.5674545424457642
commons-beanutils,202,BSZZ_immediate,195,3,0,0.02657715441731491,0.4212909704017928,0.07705678493926815,0.606403072891453
commons-beanutils,202,BSZZ_at_window,195,3,0,0.09389775974500612,0.5229152973023571,0.07126567531422841,0.6287858331373785
commons-beanutils,202,fp_repair_matched,195,3,3,0.027301768653616085,0.4288348797329367,0.04310976408337656,0.5765720810051725
commons-beanutils,202,fp_repair_frac_0.25,195,3,49,0.07152040459272667,0.4616503013895996,0.06470337634941309,0.6029329156116641
commons-beanutils,202,fn_repair_frac_0.25,195,3,1,0.07019439249232766,0.4696034490729786,0.06141311121511118,0.5995934125960005
commons-beanutils,202,fp_repair_frac_0.50,195,3,98,-0.011839588227388387,0.41946257117047286,-0.05596860604820653,0.37642237637026926
commons-beanutils,202,fn_repair_frac_0.50,195,3,2,0.07795388567675643,0.48408977914838425,0.07815665379526371,0.6379157296452239
commons-beanutils,202,fp_repair_frac_0.75,195,3,146,0.025964054851773295,0.4822968851060158,0.0035732965948772418,0.5063118981868395
commons-beanutils,202,fn_repair_frac_0.75,195,3,2,0.048996054737479464,0.453014087360742,0.03693904276798132,0.5623823728115741
commons-beanutils,202,fp_repair_frac_1.00,195,3,195,0.10910997961109131,0.5353010177185566,0.06630133209141963,0.5923832389293859
commons-beanutils,202,fn_repair_frac_1.00,195,3,3,0.04776246480218931,0.45164186490653246,0.03803930678072374,0.5648363916874736
commons-beanutils,202,fn_repair_immediate,195,3,3,0.029439996177348146,0.41434193240757516,0.09180850583876507,0.6257092111116227
commons-beanutils,202,fn_repair_at_window,195,3,3,0.08562869458963081,0.5116587315208984,0.08775712501821262,0.6535375451474538
commons-beanutils,314,BSZZ,195,3,0,0.08510791501996601,0.5158423372445808,0.03325461272496966,0.5526816136362501
commons-beanutils,314,BSZZ_immediate,195,3,0,0.06624114835581132,0.4656010569923253,0.08629912564174833,0.6037117583082933
commons-beanutils,314,BSZZ_at_window,195,3,0,0.07504182982888032,0.5083302961608112,0.037790835782958866,0.5608036200330057
commons-beanutils,314,fp_repair_matched,195,3,3,0.1088115131381564,0.547200075063671,0.08077271095634175,0.644329091411199
commons-beanutils,314,fp_repair_frac_0.25,195,3,49,0.08346685400908405,0.5358716207744693,0.040653360178876455,0.5701513705967564
commons-beanutils,314,fn_repair_frac_0.25,195,3,1,0.086917270666252,0.5187907574140714,0.038755435013011076,0.565246570688468
commons-beanutils,314,fp_repair_frac_0.50,195,3,98,0.047949359032391274,0.4473067423401426,0.03724947293758723,0.5661088728454255
commons-beanutils,314,fn_repair_frac_0.50,195,3,2,0.11511358182288654,0.549796860846613,0.08785865799274224,0.6567278084725541
commons-beanutils,314,fp_repair_frac_0.75,195,3,146,0.017529717660569977,0.4664926893781566,0.009092922170794684,0.5152758829496166
commons-beanutils,314,fn_repair_frac_0.75,195,3,2,0.07967449028800869,0.5067059980762779,0.032734132151972725,0.55147480398192
commons-beanutils,314,fp_repair_frac_1.00,195,3,195,0.13157787878196547,0.5576188055173494,0.05506994194462298,0.5651500987531347
commons-beanutils,314,fn_repair_frac_1.00,195,3,3,0.10620614328191913,0.5326671166019574,0.06576293346257694,0.607400597740915
commons-beanutils,314,fn_repair_immediate,195,3,3,0.06955928951985872,0.4730704227412912,0.09801687650685201,0.6390182242398219
commons-beanutils,314,fn_repair_at_window,195,3,3,0.08211666211487696,0.49501069620102717,0.062889215153776,0.5946510024833354
commons-beanutils,999,BSZZ,195,3,0,0.0379199197510845,0.44064179373572143,0.0862176278825993,0.6444422793418355
commons-beanutils,999,BSZZ_immediate,195,3,0,0.03527001280522919,0.42161873900172436,0.08271045244335284,0.6027246960408532
commons-beanutils,999,BSZZ_at_window,195,3,0,0.10574088265088417,0.5581857443161771,0.03976477698259336,0.5730716571781908
commons-beanutils,999,fp_repair_matched,195,3,3,0.03825163118751607,0.4858277806897586,0.07706402141555102,0.6411287904124423
commons-beanutils,999,fp_repair_frac_0.25,195,3,49,0.03480121550054259,0.4687393207570283,0.04159986851649296,0.5714228052328151
commons-beanutils,999,fn_repair_frac_0.25,195,3,1,0.04922914574662589,0.44924232037353634,0.08575036011482741,0.639886566071035
commons-beanutils,999,fp_repair_frac_0.50,195,3,98,0.015164530935578319,0.47003079161915345,-0.024005307042181248,0.4549299874670834
commons-beanutils,999,fn_repair_frac_0.50,195,3,2,0.040017149723109706,0.43319721281252344,0.07857403543552019,0.6215416523733064
commons-beanutils,999,fp_repair_frac_0.75,195,3,146,0.04734975503515431,0.5063275436963632,0.015590117430339825,0.5275999387672817
commons-beanutils,999,fn_repair_frac_0.75,195,3,2,0.04802901741088265,0.4479625947918689,0.08604289642032963,0.6406117791148664
commons-beanutils,999,fp_repair_frac_1.00,195,3,195,0.11084035264591602,0.5422780136984603,0.06951020856179048,0.6023597352823716
commons-beanutils,999,fn_repair_frac_1.00,195,3,3,0.040175049549705785,0.43258569180049544,0.07411677311648454,0.6096170508279442
commons-beanutils,999,fn_repair_immediate,195,3,3,0.060742969126302046,0.4576473852986035,0.11538509359248046,0.6963072036882153
commons-beanutils,999,fn_repair_at_window,195,3,3,0.095068787601462,0.5423470684842511,0.017094967972880397,0.5246855655103868
commons-codec,7,BSZZ,241,7,0,0.03764300217682465,0.523603397942868,0.11057808130896114,0.6609157136384032
commons-codec,7,BSZZ_immediate,241,7,0,0.016435133778783115,0.4613224806584666,-0.0964590544262471,0.3100319341347743
commons-codec,7,BSZZ_at_window,241,7,0,0.08728055253019976,0.5592352174148956,0.04059818269553426,0.5569488774919498
commons-codec,7,fp_repair_matched,241,7,7,-0.0027670019208996285,0.47456166933577654,0.08840050280810541,0.6246836425333702
commons-codec,7,fp_repair_frac_0.25,241,7,60,0.013706860275404272,0.49677720314905083,0.06593354591288617,0.603646454934198
commons-codec,7,fn_repair_frac_0.25,241,7,2,0.03875575268862735,0.5263983366928369,0.07725336744192252,0.6201150385184192
commons-codec,7,fp_repair_frac_0.50,241,7,120,0.10931751041955094,0.6050796109917373,0.009036376106499867,0.49496971576069193
commons-codec,7,fn_repair_frac_0.50,241,7,4,0.031914173515884825,0.5236882762288422,0.1002412808437116,0.6550878549283908
commons-codec,7,fp_repair_frac_0.75,241,7,181,0.09625400249568576,0.587836752288556,0.09071541837975859,0.641056920236744
commons-codec,7,fn_repair_frac_0.75,241,7,5,0.025703123545357132,0.5113040357979841,-0.03348820399230638,0.38490458915002795
commons-codec,7,fp_repair_frac_1.00,241,7,241,0.09449111880540274,0.5686007094701353,0.09412792169619941,0.6458853923718291
commons-codec,7,fn_repair_frac_1.00,241,7,7,0.00801634025465983,0.48338082963585555,-0.0880472408042824,0.28567937148961536
commons-codec,7,fn_repair_immediate,241,7,7,0.029105433922145697,0.48331028874676524,-0.02678644812613603,0.45021083085759395
commons-codec,7,fn_repair_at_window,241,7,7,0.05828031238084597,0.5368176856098679,-0.0463610883809816,0.36947076644710214
commons-codec,13,BSZZ,241,7,0,0.03769143998746257,0.5376111099271293,0.12712108917256618,0.6937633763299518
commons-codec,13,BSZZ_immediate,241,7,0,0.024134354970843916,0.47612054298034456,-0.07848132838586061,0.3351028995457008
commons-codec,13,BSZZ_at_window,241,7,0,0.07818259547041718,0.5495097352857913,-0.07229231109399491,0.2639462221547821
commons-codec,13,fp_repair_matched,241,7,7,0.04228529758150729,0.5383832022615526,-0.038377330831745424,0.4297413326878215
commons-codec,13,fp_repair_frac_0.25,241,7,60,-0.006072491074780622,0.4800716282747506,-0.03633925862762701,0.4126291455827122
commons-codec,13,fn_repair_frac_0.25,241,7,2,-0.028428423719089144,0.4477181137364945,0.05906782627634672,0.5890286662696775
commons-codec,13,fp_repair_frac_0.50,241,7,120,0.06430281672146557,0.5572984364808922,0.03123392267634564,0.5431731725511689
commons-codec,13,fn_repair_frac_0.50,241,7,4,0.011550126284354426,0.5050552225332258,0.10287458250080293,0.6589738435146999
commons-codec,13,fp_repair_frac_0.75,241,7,181,0.06108632266778418,0.5526113376029318,-0.06978459661691797,0.3303081606027138
commons-codec,13,fn_repair_frac_0.75,241,7,5,0.004819558523594674,0.49292369215553,0.11048518811623109,0.6579386947752811
commons-codec,13,fp_repair_frac_1.00,241,7,241,0.0886661709345687,0.5606214223096068,0.11608962425108893,0.6781100324387618
commons-codec,13,fn_repair_frac_1.00,241,7,7,0.0022813191751804036,0.49010914539418854,0.0769727155221361,0.6186941228414033
commons-codec,13,fn_repair_immediate,241,7,7,0.05287699406233224,0.5163628052481883,-0.019987850256848707,0.46256729964304205
commons-codec,13,fn_repair_at_window,241,7,7,0.07662874541223288,0.5629020313976205,0.07405342111300116,0.6121103305604259
commons-codec,21,BSZZ,241,7,0,0.034923486802884006,0.5242505847511595,0.07010640332244114,0.6083373781598977
commons-codec,21,BSZZ_immediate,241,7,0,0.0037145553794919487,0.46533488315991384,-0.0788172035841961,0.3308225177975749
commons-codec,21,BSZZ_at_window,241,7,0,0.1019951063871684,0.5901242505627478,0.09262500130702725,0.6338844147494832
commons-codec,21,fp_repair_matched,241,7,7,0.06834631875344857,0.5626459396814205,0.0833347931503722,0.6288007507916947
commons-codec,21,fp_repair_frac_0.25,241,7,60,-0.015421204735507682,0.4721557683963674,-0.02429233347978008,0.42092131396240867
commons-codec,21,fn_repair_frac_0.25,241,7,2,0.05638594552736987,0.5533877645110652,0.13580863191764372,0.7034112829951574
commons-codec,21,fp_repair_frac_0.50,241,7,120,0.09208679188958606,0.5781909604322161,-0.06618277265149974,0.3778373529394102
commons-codec,21,fn_repair_frac_0.50,241,7,4,0.04240880068157005,0.5317830323477382,0.07707438661283021,0.6198292721188318
commons-codec,21,fp_repair_frac_0.75,241,7,181,0.11843244861660887,0.6146135296002285,-0.019080775476650054,0.45255194889114897
commons-codec,21,fn_repair_frac_0.75,241,7,5,0.042786177039337424,0.5321613456563814,-0.04167657280401681,0.3873517122270034
commons-codec,21,fp_repair_frac_1.00,241,7,241,0.07837961089577838,0.5556517752210983,0.11492912148085874,0.6758853241336952
commons-codec,21,fn_repair_frac_1.00,241,7,7,0.04141660124021751,0.5313432731019763,0.08887660668957374,0.6372459892410539
commons-codec,21,fn_repair_immediate,241,7,7,0.025591014602858647,0.49422203572876244,-0.008475380914640429,0.47657786508845873
commons-codec,21,fn_repair_at_window,241,7,7,0.07743616846995045,0.5625105386503978,-0.06816011356096459,0.3414068418079875
commons-codec,42,BSZZ,241,7,0,-0.001131276411203856,0.48439821311420583,0.10919424912572451,0.6566252239520183
commons-codec,42,BSZZ_immediate,241,7,0,0.017629995816294573,0.45957090962499836,-0.07873057700752657,0.32775217190770073
commons-codec,42,BSZZ_at_window,241,7,0,0.08854430228884666,0.5707450855530629,0.03405601684629174,0.5529513239264824
commons-codec,42,fp_repair_matched,241,7,7,-0.021697089090048662,0.4589793555542481,-0.05125743150940138,0.35941428409299486
commons-codec,42,fp_repair_frac_0.25,241,7,60,0.01517102401812833,0.5057671553832435,-0.07345308606198131,0.3583502408746207
commons-codec,42,fn_repair_frac_0.25,241,7,2,0.004008319717917284,0.4893220878010193,0.0723084155175926,0.612724987530419
commons-codec,42,fp_repair_frac_0.50,241,7,120,0.10499934120737234,0.6086406424389547,0.03621992064902641,0.5425219249039057
commons-codec,42,fn_repair_frac_0.50,241,7,4,0.027429873709304303,0.5226598922980427,0.1298917325268974,0.6978034988907962
commons-codec,42,fp_repair_frac_0.75,241,7,181,0.044953210679466116,0.5218390115719904,-0.052292131764304715,0.34087573813987126
commons-codec,42,fn_repair_frac_0.75,241,7,5,0.036564635421659684,0.5258919495121899,0.08046112758294793,0.624532416511533
commons-codec,42,fp_repair_frac_1.00,241,7,241,0.07046931121194036,0.5381550935348536,0.09089445951839688,0.6412092447951794
commons-codec,42,fn_repair_frac_1.00,241,7,7,0.03587791318675581,0.5250344965741227,0.07440431932903743,0.6161021242112692
commons-codec,42,fn_repair_immediate,241,7,7,0.03371496128453845,0.4782016564714118,-0.05405041370127585,0.360276401976601
commons-codec,42,fn_repair_at_window,241,7,7,0.0484630233887127,0.5183854682281064,-0.060437116160084826,0.27002995586488654
commons-codec,77,BSZZ,241,7,0,0.02632107600224083,0.5173287585127634,0.0724396524803125,0.6129424457785555
commons-codec,77,BSZZ_immediate,241,7,0,-0.008971747465931842,0.4519279772343686,-0.05322181143734558,0.34684815071209857
commons-codec,77,BSZZ_at_window,241,7,0,0.08391618197365172,0.5642421799352403,-0.05431114804129484,0.33793367842334865
commons-codec,77,fp_repair_matched,241,7,7,-0.005088628761870682,0.48017138402707754,0.07431866453052635,0.6151092363370402
commons-codec,77,fp_repair_frac_0.25,241,7,60,0.03206884288122625,0.5144890728365653,0.07439407804238013,0.6163354047984951
commons-codec,77,fn_repair_frac_0.25,241,7,2,0.02699399133443777,0.5224961562457502,0.10047389377950214,0.6554666018972376
commons-codec,77,fp_repair_frac_0.50,241,7,120,0.007150102193923008,0.47329373424645993,-0.1143407895348405,0.23429585514952828
commons-codec,77,fn_repair_frac_0.50,241,7,4,0.015482074224877702,0.5056450563893293,0.0783949432218614,0.6220240102788096
commons-codec,77,fp_repair_frac_0.75,241,7,181,0.08326922870818837,0.5759479578745345,0.05452454313199677,0.5859959513118045
commons-codec,77,fn_repair_frac_0.75,241,7,5,0.038370682259169744,0.5382653132517894,0.1327681632220283,0.7009085030415845
commons-codec,77,fp_repair_frac_1.00,241,7,241,0.07581170876129213,0.5412289740308738,0.08655548710374515,0.6348635713842263
commons-codec,77,fn_repair_frac_1.00,241,7,7,0.0005046670179590261,0.48099875231278205,-0.08538289050390117,0.2918023178627947
commons-codec,77,fn_repair_immediate,241,7,7,0.01678153912566268,0.4707356034283402,-0.06078121431723663,0.3411280516778164
commons-codec,77,fn_repair_at_window,241,7,7,0.07763810644036237,0.5551261137691021,-0.0710160458368383,0.296366389795503
commons-codec,101,BSZZ,241,7,0,0.046896313689199096,0.5370358689947153,0.09808766045747262,0.6469838627876638
commons-codec,101,BSZZ_immediate,241,7,0,0.023021986305116173,0.4908489845159809,-0.013121415425290564,0.47160707875444285
commons-codec,101,BSZZ_at_window,241,7,0,0.03492959601272632,0.5030942637588821,0.032557732149680114,0.5461480768403768
commons-codec,101,fp_repair_matched,241,7,7,0.029360016864609408,0.5115671773819405,0.10026185264767619,0.6472034999055055
commons-codec,101,fp_repair_frac_0.25,241,7,60,-0.021617274957381624,0.4534234884944069,0.04293921801665054,0.5656942835068585
commons-codec,101,fn_repair_frac_0.25,241,7,2,0.01628231296865038,0.4975840971712507,0.06141413240937687,0.5939036054051828
commons-codec,101,fp_repair_frac_0.50,241,7,120,0.03241013053924173,0.5113990391547275,-0.061979256637010004,0.3542825503255899
commons-codec,101,fn_repair_frac_0.50,241,7,4,0.028746559515119292,0.5153886198524008,0.07072598384534128,0.609896270402478
commons-codec,101,fp_repair_frac_0.75,241,7,181,0.1139057245554739,0.6105959322472334,-0.0214611992449113,0.4656121075637716
commons-codec,101,fn_repair_frac_0.75,241,7,5,0.016290961241594903,0.49671139792097885,0.08558749595776273,0.6231133662318205
commons-codec,101,fp_repair_frac_1.00,241,7,241,0.09939419964921038,0.5716498214552513,0.06349941652204374,0.5405017859485632
commons-codec,101,fn_repair_frac_1.00,241,7,7,0.018996577384464367,0.4994752414798021,-0.046691352485601696,0.347963272213089
commons-codec,101,fn_repair_immediate,241,7,7,0.055189946349699745,0.5213590130019059,-0.015398096398246429,0.4688389273711343
commons-codec,101,fn_repair_at_window,241,7,7,0.0519561713562174,0.53506947057444,0.05927270992906777,0.5910473488620775
commons-codec,123,BSZZ,241,7,0,0.04826805203441511,0.5392478964349452,0.07838171843106931,0.621672516551223
commons-codec,123,BSZZ_immediate,241,7,0,0.042289599418572583,0.49204723254580435,-0.0760175686049729,0.3381429633386432
commons-codec,123,BSZZ_at_window,241,7,0,0.09506529091196855,0.571690815470505,0.04595406860819921,0.5660961058760224
commons-codec,123,fp_repair_matched,241,7,7,0.029142417628913935,0.514285263842727,0.07208686630991933,0.6121403328371401
commons-codec,123,fp_repair_frac_0.25,241,7,60,0.021867946806074418,0.4905785465209064,-0.08814069140087624,0.24982345730841105
commons-codec,123,fn_repair_frac_0.25,241,7,2,0.030028335378329815,0.5164249928395119,0.09837782496857976,0.6442529305063316
commons-codec,123,fp_repair_frac_0.50,241,7,120,0.03014021218854422,0.518495521955424,-0.020423379383951862,0.42807733645559304
commons-codec,123,fn_repair_frac_0.50,241,7,4,0.06637868121085504,0.5641802638491583,0.15102645615116675,0.7262554509614538
commons-codec,123,fp_repair_frac_0.75,241,7,181,-0.023997500577092306,0.44153380876616216,-0.05387103293408392,0.38186045657037093
commons-codec,123,fn_repair_frac_0.75,241,7,5,0.00984998822822584,0.48674165993047186,0.0828323108905649,0.6199517294958043
commons-codec,123,fp_repair_frac_1.00,241,7,241,0.08013209128234734,0.565386099071309,-0.044823166563326,0.3718689484009589
commons-codec,123,fn_repair_frac_1.00,241,7,7,0.04321105633766122,0.531934145019398,0.08124149361469013,0.6255807743142766
commons-codec,123,fn_repair_immediate,241,7,7,0.013912644532882556,0.4639842517126797,-0.05771786033404934,0.3412474857138366
commons-codec,123,fn_repair_at_window,241,7,7,0.03066027272680408,0.5041400086444722,0.07181458973077644,0.6093237636741341
commons-codec,202,BSZZ,241,7,0,-0.0015692681728696428,0.4847294711908647,0.06330047051632201,0.5979837188749292
commons-codec,202,BSZZ_immediate,241,7,0,0.0219843644943917,0.4721891288653096,-0.07895194636457951,0.33461806228746066
commons-codec,202,BSZZ_at_window,241,7,0,0.07037552074312525,0.542029881560095,-0.08326991253620321,0.2561232255723619
commons-codec,202,fp_repair_matched,241,7,7,0.0338472959779306,0.527934222566688,0.14535142556236832,0.7128242774681117
commons-codec,202,fp_repair_frac_0.25,241,7,60,0.0588521348772437,0.538050613440988,0.09798477369640234,0.6422179427902309
commons-codec,202,fn_repair_frac_0.25,241,7,2,0.022969906252997118,0.5126789585956907,0.11232884646506824,0.6612982975093692
commons-codec,202,fp_repair_frac_0.50,241,7,120,0.06689516614385183,0.5547714989308593,-0.057755664058408394,0.39072737169255345
commons-codec,202,fn_repair_frac_0.50,241,7,4,0.023369513273224927,0.5130402406796513,0.11367357808093069,0.6626610361142528
commons-codec,202,fp_repair_frac_0.75,241,7,181,0.11596920928165368,0.6177107599229861,0.0050589430679904715,0.4729666750628945
commons-codec,202,fn_repair_frac_0.75,241,7,5,-0.0003737561142708595,0.48378334705824394,-0.05942581224214604,0.3556792442910414
commons-codec,202,fp_repair_frac_1.00,241,7,241,0.08795964778675203,0.559925567318721,0.10868680816593061,0.6668932569334417
commons-codec,202,fn_repair_frac_1.00,241,7,7,-0.0010479694293581954,0.48293148571027705,-0.06361867383967171,0.35146868471021203
commons-codec,202,fn_repair_immediate,241,7,7,0.03639381898883662,0.4997097777073837,-0.01855254514170048,0.463407226329927
commons-codec,202,fn_repair_at_window,241,7,7,0.056836742848160475,0.5299997888510636,-0.07045573333484449,0.2786325559782827
commons-codec,314,BSZZ,241,7,0,0.0013031933978553782,0.4814339830665917,-0.049706986198824576,0.35537056750175616
commons-codec,314,BSZZ_immediate,241,7,0,0.01571743698977421,0.47111411402374564,-0.08172727038016317,0.32422301573794354
commons-codec,314,BSZZ_at_window,241,7,0,0.08642166972496276,0.5724027282445807,0.08391896089350707,0.6215826654082917
commons-codec,314,fp_repair_matched,241,7,7,0.014835950022436177,0.5069077020129952,0.014177436768943456,0.4929977595597448
commons-codec,314,fp_repair_frac_0.25,241,7,60,0.03830982167412036,0.5269935972763283,0.07160071916853253,0.6123140162126676
commons-codec,314,fn_repair_frac_0.25,241,7,2,0.015130230229368257,0.49971503893462105,0.07780706806380812,0.6194058355297918
commons-codec,314,fp_repair_frac_0.50,241,7,120,0.09454089036839734,0.5866628617568623,-0.03613472389158822,0.40030811083763274
commons-codec,314,fn_repair_frac_0.50,241,7,4,0.015381431301744922,0.4998063645068674,0.07266689013957861,0.6125305711976656
commons-codec,314,fp_repair_frac_0.75,241,7,181,0.09907025949055191,0.5984047317081783,0.01928507607156502,0.5250834478685393
commons-codec,314,fn_repair_frac_0.75,241,7,5,0.0011519918895242646,0.47947139933502403,0.059157845905377864,0.590843733165899
commons-codec,314,fp_repair_frac_1.00,241,7,241,0.07654725219876561,0.5425288567818553,0.09462428421802561,0.6464986365347343
commons-codec,314,fn_repair_frac_1.00,241,7,7,0.0035283018990447763,0.4812092754234748,-0.04870868355231773,0.34590012250637714
commons-codec,314,fn_repair_immediate,241,7,7,0.027309093222285814,0.47768996781216494,-0.06495463623690603,0.34128461377698405
commons-codec,314,fn_repair_at_window,241,7,7,0.05095033672690997,0.5172839895062733,-0.08360061362540097,0.25791976592101823
commons-codec,999,BSZZ,241,7,0,0.032763499597823535,0.5261050306536151,0.10740832480077724,0.656127679041674
commons-codec,999,BSZZ_immediate,241,7,0,0.058028214690933416,0.5305466658304064,-0.011865854677114264,0.4759620689979254
commons-codec,999,BSZZ_at_window,241,7,0,0.08927436472219877,0.5714657059320694,0.04314802359253982,0.5657491300846444
commons-codec,999,fp_repair_matched,241,7,7,0.010642588185066658,0.4995666369454558,0.06687701618780123,0.6047028507763232
commons-codec,999,fp_repair_frac_0.25,241,7,60,0.0799556508639026,0.5603037690025942,0.08741919209052462,0.6343247120510036
commons-codec,999,fn_repair_frac_0.25,241,7,2,0.044440476038387286,0.538061498138926,0.11407644264936045,0.6643614873175244
commons-codec,999,fp_repair_frac_0.50,241,7,120,0.09956001939799569,0.5931526862574649,0.07967765333180232,0.6245484561799604
commons-codec,999,fn_repair_frac_0.50,241,7,4,0.017191991559383543,0.5072937780177644,0.09590142663844244,0.6423020950839872
commons-codec,999,fp_repair_frac_0.75,241,7,181,0.04267599763446461,0.5283646457583074,-0.04201691309416495,0.3886574935001252
commons-codec,999,fn_repair_frac_0.75,241,7,5,0.04893939116811764,0.547220579274172,0.1088688781125471,0.6677142463706266
commons-codec,999,fp_repair_frac_1.00,241,7,241,0.08468261198554183,0.5475823080740748,0.025629915659035937,0.46600694237382917
commons-codec,999,fn_repair_frac_1.00,241,7,7,0.0106751882764261,0.49961953988986846,0.06794982985757782,0.6062445440010684
commons-codec,999,fn_repair_immediate,241,7,7,0.03647250779728879,0.4913092946934536,-0.0621484405114017,0.38766723595743446
commons-codec,999,fn_repair_at_window,241,7,7,0.02370919025488473,0.4786387583243738,-0.09229444715614747,0.2173080791253259
commons-collections,7,BSZZ,589,15,0,-0.019173549844865502,0.3422425832034969,-0.039154105735202935,0.4121571803950557
commons-collections,7,BSZZ_immediate,589,15,0,0.07852992723459416,0.5473391583230001,0.1415656175043775,0.7014892938867371
commons-collections,7,BSZZ_at_window,589,15,0,0.07720519842989229,0.5004343953272492,-0.0098524886876329,0.4532311683013247
commons-collections,7,fp_repair_matched,589,15,15,0.0015500151294705541,0.3660017770306236,0.09776283774139144,0.6424517466606335
commons-collections,7,fp_repair_frac_0.25,589,15,147,0.010510809211455856,0.39678053132784585,0.09375344592735979,0.6335793640359909
commons-collections,7,fn_repair_frac_0.25,589,15,4,-0.0014429741101398502,0.36643906761744494,0.05739130126102804,0.5850038392782909
commons-collections,7,fp_repair_frac_0.50,589,15,294,0.01945141725536037,0.4219943124619949,0.15015614281539377,0.7130217092833946
commons-collections,7,fn_repair_frac_0.50,589,15,8,-0.0019378878271317337,0.36504364543287854,0.05333591609781771,0.5790583352625271
commons-collections,7,fp_repair_frac_0.75,589,15,442,-0.0009127407095918366,0.3367344880983486,0.09944688259968093,0.6439510998492716
commons-collections,7,fn_repair_frac_0.75,589,15,11,-0.0025147871689705005,0.36831124028502604,0.011296082290501884,0.5070730369660037
commons-collections,7,fp_repair_frac_1.00,589,15,589,0.04264158174804986,0.380964623559429,0.11306607560480979,0.6284266943698698
commons-collections,7,fn_repair_frac_1.00,589,15,15,0.01197672953973629,0.38085838048005927,0.12645419276082315,0.6691764251420763
commons-collections,7,fn_repair_immediate,589,15,15,0.04973392311000383,0.5122617648351228,0.04432293316807496,0.5558388140847638
commons-collections,7,fn_repair_at_window,589,15,15,0.068207048351876,0.48879756261856144,-0.02584090105711629,0.4349434714623228
commons-collections,13,BSZZ,589,15,0,0.027045534112815125,0.3947160299183673,0.012834275770590826,0.5108210292681427
commons-collections,13,BSZZ_immediate,589,15,0,0.08405609883487086,0.5566124509936101,0.14802096871692894,0.7092877316123357
commons-collections,13,BSZZ_at_window,589,15,0,0.05898683210216118,0.4750170745672378,-0.029475302447575017,0.43204023045482504
commons-collections,13,fp_repair_matched,589,15,15,-0.006501298940839311,0.3466781808908191,0.12666138862765167,0.6820115508196636
commons-collections,13,fp_repair_frac_0.25,589,15,147,0.012897091562566505,0.4240707498914875,0.14684890474824336,0.7078820606235938
commons-collections,13,fn_repair_frac_0.25,589,15,4,0.0033178193747931406,0.3945594522910287,0.07059853557340467,0.6025319874625239
commons-collections,13,fp_repair_frac_0.50,589,15,294,0.030010828636865872,0.39846040177726316,0.025022952854566162,0.5300247538582414
commons-collections,13,fn_repair_frac_0.50,589,15,8,0.011042922292468888,0.40827703573589885,0.017159626039179386,0.5159522963452942
commons-collections,13,fp_repair_frac_0.75,589,15,442,-0.007374058566225127,0.35372785048091165,0.0572708695124264,0.5765008765255496
commons-collections,13,fn_repair_frac_0.75,589,15,11,0.0004285163047847272,0.3917248150544369,0.007083509659859215,0.5028649213800825
commons-collections,13,fp_repair_frac_1.00,589,15,589,0.04870107425619774,0.39351747374632634,0.11599104494795553,0.6306633605454394
commons-collections,13,fn_repair_frac_1.00,589,15,15,0.006640357357389775,0.40164487453196834,0.054261847034516315,0.5803838212200304
commons-collections,13,fn_repair_immediate,589,15,15,0.06787733714983438,0.5383566660920464,0.1233758751547399,0.6772826978931267
commons-collections,13,fn_repair_at_window,589,15,15,0.05177491691221046,0.46169244859908143,-0.033945400846549505,0.42630950522290334
commons-collections,21,BSZZ,589,15,0,-0.026518732150668703,0.32319620965928436,-0.040692237089105986,0.40984976555980146
commons-collections,21,BSZZ_immediate,589,15,0,0.06553078685155322,0.5334158556557885,0.07825114235001997,0.6149888939234229
commons-collections,21,BSZZ_at_window,589,15,0,0.05642574706112361,0.40991832261599287,-0.009489163557167703,0.45366251580907924
commons-collections,21,fp_repair_matched,589,15,15,0.02417523457184649,0.39561797509666075,0.15932676346870775,0.7237703253547241
commons-collections,21,fp_repair_frac_0.25,589,15,147,0.031049676989170515,0.4324952798729959,0.17501859504713765,0.7452401066379253
commons-collections,21,fn_repair_frac_0.25,589,15,4,0.005951066786792058,0.39434695815383203,0.013498005254427993,0.511610275864448
commons-collections,21,fp_repair_frac_0.50,589,15,294,0.01763220119777321,0.37749617896356824,0.17368307073018768,0.7435439388357579
commons-collections,21,fn_repair_frac_0.50,589,15,8,0.004739029741240063,0.3918511428443006,0.10889090784845575,0.6562130907964976
commons-collections,21,fp_repair_frac_0.75,589,15,442,0.034015405654683716,0.46102296848415525,0.09560209247575606,0.6392812723923821
commons-collections,21,fn_repair_frac_0.75,589,15,11,0.001802033952766611,0.3924629495492929,0.11512316818113755,0.6657114951573729
commons-collections,21,fp_repair_frac_1.00,589,15,589,0.042511095911668795,0.38126633144468025,0.11269256744312271,0.6281578793999878
commons-collections,21,fn_repair_frac_1.00,589,15,15,-0.010400441291653614,0.3728859834743564,-0.010323794924658307,0.4809103462479819
commons-collections,21,fn_repair_immediate,589,15,15,0.07398010695353895,0.540937346823322,0.1305724172867045,0.6872655123406782
commons-collections,21,fn_repair_at_window,589,15,15,0.0245667336777074,0.3642843433091299,-0.03054654071431269,0.42873437466225567
commons-collections,42,BSZZ,589,15,0,0.03187862336930731,0.3937040533829011,0.11011542896969755,0.6580959608802625
commons-collections,42,BSZZ_immediate,589,15,0,0.06663762022940276,0.5299923049720052,0.03864200014465459,0.5508383585192665
commons-collections,42,BSZZ_at_window,589,15,0,0.06173519146928052,0.4785508453115712,-0.004577840283495733,0.4562326176986245
commons-collections,42,fp_repair_matched,589,15,15,0.016167797281671795,0.38613169750780707,0.007940999389278645,0.5048448274964265
commons-collections,42,fp_repair_frac_0.25,589,15,147,0.020509921671514733,0.41701511536748653,0.13011388926237907,0.6866383979654921
commons-collections,42,fn_repair_frac_0.25,589,15,4,0.016527574450519097,0.40937005564590073,0.012256138025837927,0.5101145258195151
commons-collections,42,fp_repair_frac_0.50,589,15,294,0.04327060875163677,0.47021319717185023,0.08556117253580318,0.6222179670867849
commons-collections,42,fn_repair_frac_0.50,589,15,8,0.015257498526863738,0.4066990709515604,0.04434812747653109,0.5649039572075161
commons-collections,42,fp_repair_frac_0.75,589,15,442,0.03450503924076472,0.4580171851942158,0.14668456896036242,0.7086487026817164
commons-collections,42,fn_repair_frac_0.75,589,15,11,0.00032192709349613315,0.39368563714176347,0.019952886033243623,0.5211703024816695
commons-collections,42,fp_repair_frac_1.00,589,15,589,0.04255822808575601,0.3815939072508052,0.11171441017947738,0.6274495822414873
commons-collections,42,fn_repair_frac_1.00,589,15,15,0.011640571248746845,0.4060090691145502,-0.03136492917435879,0.4215158172108424
commons-collections,42,fn_repair_immediate,589,15,15,0.06350067748080128,0.5282675750811053,0.07778265762645727,0.6125973826674681
commons-collections,42,fn_repair_at_window,589,15,15,0.05121361478940434,0.4698920951566722,-0.0339876774135925,0.42616623732932857
commons-collections,77,BSZZ,589,15,0,0.0038941695180390373,0.3664844130215516,-0.038811955357061986,0.4125021105358763
commons-collections,77,BSZZ_immediate,589,15,0,0.05601386998185103,0.5233315946056992,0.03794360543035142,0.5497824361810476
commons-collections,77,BSZZ_at_window,589,15,0,0.07972714468272403,0.4995711395030518,-0.007125389037629324,0.4538591140445337
commons-collections,77,fp_repair_matched,589,15,15,0.005613608264915321,0.37223877442727477,0.1717084553504211,0.7408775225306394
commons-collections,77,fp_repair_frac_0.25,589,15,147,0.02621243878666908,0.4348174781543742,-0.01966515746102229,0.4565982083337109
commons-collections,77,fn_repair_frac_0.25,589,15,4,0.007514712720171614,0.4006160674215045,0.10032878793202588,0.642571897593706
commons-collections,77,fp_repair_frac_0.50,589,15,294,0.015726950291122973,0.4369686221912256,0.14623066826979825,0.7061910395949094
commons-collections,77,fn_repair_frac_0.50,589,15,8,0.011784630972324921,0.4051131899244292,0.006070291373697886,0.5025125605893336
commons-collections,77,fp_repair_frac_0.75,589,15,442,0.013547129108881601,0.40875533703252975,0.16880271857260642,0.7372546178880789
commons-collections,77,fn_repair_frac_0.75,589,15,11,0.0077874143365921755,0.4013336800228423,0.091951154364343,0.6284492771735474
commons-collections,77,fp_repair_frac_1.00,589,15,589,0.043533135186581806,0.3823600133120347,0.11658321539681936,0.630913853488096
commons-collections,77,fn_repair_frac_1.00,589,15,15,0.015254704942625328,0.4085365793968621,0.15669804302783802,0.7045422063551963
commons-collections,77,fn_repair_immediate,589,15,15,0.06913263512935035,0.5375602885707566,0.08175212354273206,0.6173662065693539
commons-collections,77,fn_repair_at_window,589,15,15,0.04699544950030684,0.4586815300777226,0.007031593123085819,0.5063734705630769
commons-collections,101,BSZZ,589,15,0,0.03496401232385603,0.4041942275223527,0.1262443967830823,0.6814438954730748
commons-collections,101,BSZZ_immediate,589,15,0,0.0721716075658072,0.5449041012759718,0.08327180029253571,0.61922959564494
commons-collections,101,BSZZ_at_window,589,15,0,0.08042164156403334,0.5035565106962777,-0.004338458875081003,0.4586224550671635
commons-collections,101,fp_repair_matched,589,15,15,0.02424934283144752,0.3911409947117168,-0.004724392493571353,0.47721885531023067
commons-collections,101,fp_repair_frac_0.25,589,15,147,0.029550770176115067,0.4075566779997863,0.16093387727675298,0.7263927241863642
commons-collections,101,fn_repair_frac_0.25,589,15,4,-0.036908750172464394,0.3130652117696347,-0.04282384602522619,0.4075667759451922
commons-collections,101,fp_repair_frac_0.50,589,15,294,0.0066149801795792095,0.4145495565888746,0.08767040290799377,0.6269621058303172
commons-collections,101,fn_repair_frac_0.50,589,15,8,-0.028874161181851935,0.3261710741855938,0.020460219589251875,0.5176938826815071
commons-collections,101,fp_repair_frac_0.75,589,15,442,0.020124505638413052,0.3792493866123505,0.20735099807175347,0.78115673729642
commons-collections,101,fn_repair_frac_0.75,589,15,11,-0.03207283811867041,0.3211315225081288,-0.03459128188082417,0.4161481291126415
commons-collections,101,fp_repair_frac_1.00,589,15,589,0.043794712355731215,0.3823852883487177,0.12000856784164968,0.6332607596896681
commons-collections,101,fn_repair_frac_1.00,589,15,15,-0.023883161249290775,0.3277994039682791,0.16903325413104134,0.7285230671748523
commons-collections,101,fn_repair_immediate,589,15,15,0.05624435211405451,0.5204709552370363,-0.015171730445069484,0.4463362573414134
commons-collections,101,fn_repair_at_window,589,15,15,0.07624236124928421,0.4984182202538427,0.01681151789004414,0.5192403148077134
commons-collections,123,BSZZ,589,15,0,0.010440719078451996,0.3756274390867336,0.010593383535845446,0.5071350490195518
commons-collections,123,BSZZ_immediate,589,15,0,0.07005074357898083,0.5386024351182928,0.08734562161292347,0.6240855593593256
commons-collections,123,BSZZ_at_window,589,15,0,0.07148399611910851,0.49129844334046324,-0.016293510590104514,0.44495412573615734
commons-collections,123,fp_repair_matched,589,15,15,0.0011008401831436665,0.390047322366548,0.07146389334057902,0.6036420664501687
commons-collections,123,fp_repair_frac_0.25,589,15,147,0.027093709295464542,0.44144055533094806,0.16170886550945932,0.7272136240551759
commons-collections,123,fn_repair_frac_0.25,589,15,4,-0.017334183378170318,0.3707096534436237,-0.0366673092394164,0.41400995466267054
commons-collections,123,fp_repair_frac_0.50,589,15,294,0.018109547785756273,0.39116473574269056,0.13998529628247958,0.6969178798743478
commons-collections,123,fn_repair_frac_0.50,589,15,8,-0.004308302703071728,0.38637311176089806,0.11108867180563635,0.6598166461489059
commons-collections,123,fp_repair_frac_0.75,589,15,442,0.03431789741150577,0.42036825485602114,0.030890096629824743,0.5283448590267519
commons-collections,123,fn_repair_frac_0.75,589,15,11,0.004398091652364989,0.39183537309192784,0.03407211117740161,0.5506014309326746
commons-collections,123,fp_repair_frac_1.00,589,15,589,0.03589524258345137,0.36552323196859765,0.11910091018415239,0.6314426163484245
commons-collections,123,fn_repair_frac_1.00,589,15,15,0.005375092124826429,0.39229110343108864,0.09246794174973988,0.6293334881740561
commons-collections,123,fn_repair_immediate,589,15,15,0.07514157123575335,0.5424268916840158,0.13125784862108475,0.6881882652498544
commons-collections,123,fn_repair_at_window,589,15,15,0.06497637355942978,0.4843282180654529,-0.04163805726094966,0.3987710612844807
commons-collections,202,BSZZ,589,15,0,-0.01235119861756993,0.34102251110572795,0.005838060923385871,0.5016581455339109
commons-collections,202,BSZZ_immediate,589,15,0,0.0535691903770463,0.5146268093113239,0.04036099139471553,0.5527972939990727
commons-collections,202,BSZZ_at_window,589,15,0,0.06287013234465537,0.483119935866049,-0.03434392271702467,0.40424746598159084
commons-collections,202,fp_repair_matched,589,15,15,0.004218658890156196,0.3732476558105362,0.005841168439566383,0.501654417182247
commons-collections,202,fp_repair_frac_0.25,589,15,147,0.022073310263775674,0.3933677943460046,0.08001430584084569,0.6170783836007765
commons-collections,202,fn_repair_frac_0.25,589,15,4,-0.03255090890875942,0.3207510960393613,0.007015589283315839,0.5019371421420669
commons-collections,202,fp_repair_frac_0.50,589,15,294,0.040024725018907276,0.4671226855396509,0.04274125725202989,0.5528775018415406
commons-collections,202,fn_repair_frac_0.50,589,15,8,-0.010381717504779222,0.3433993678376072,-0.04164725377467487,0.4107501163812519
commons-collections,202,fp_repair_frac_0.75,589,15,442,0.035279474978859915,0.4004459078707521,0.15952118279559516,0.7204342233872489
commons-collections,202,fn_repair_frac_0.75,589,15,11,-0.011726360646679614,0.34597926104889604,0.09844552028241313,0.6433455326437494
commons-collections,202,fp_repair_frac_1.00,589,15,589,0.04365508130792513,0.3823417833146019,0.11710979253420561,0.6312794297176219
commons-collections,202,fn_repair_frac_1.00,589,15,15,-0.020420275281465852,0.334974263985745,0.016734103582214322,0.513468363082044
commons-collections,202,fn_repair_immediate,589,15,15,0.07414693486514108,0.5386458791802963,0.13360930231388543,0.6913173104396662
commons-collections,202,fn_repair_at_window,589,15,15,0.06339980521736882,0.483171072315932,0.018180502515696008,0.5209197201236926
commons-collections,314,BSZZ,589,15,0,0.01673304581335255,0.4052129854016475,0.057369356222928804,0.5847720174498635
commons-collections,314,BSZZ_immediate,589,15,0,0.06894909859588184,0.5437678634104667,0.05280907532865971,0.5748542605420222
commons-collections,314,BSZZ_at_window,589,15,0,0.06959708627109487,0.4883415615884813,-0.007847216313878209,0.45318796616653123
commons-collections,314,fp_repair_matched,589,15,15,-0.020636298167177363,0.34694478309755866,0.06621107726391857,0.5966867459473123
commons-collections,314,fp_repair_frac_0.25,589,15,147,0.009964375943954235,0.406260498581559,0.1526875644305121,0.7132383591067695
commons-collections,314,fn_repair_frac_0.25,589,15,4,0.003971137471332787,0.36262694872647705,-0.042404895304785306,0.40994255286087644
commons-collections,314,fp_repair_frac_0.50,589,15,294,-0.009428465249106038,0.38337020674050815,0.03818240423844719,0.5386536515120731
commons-collections,314,fn_repair_frac_0.50,589,15,8,0.0014410939351977934,0.36087532647091203,0.008728890017149066,0.5057969996172986
commons-collections,314,fp_repair_frac_0.75,589,15,442,0.024773805535587543,0.3931081902134833,0.058391416963219325,0.5785410561677787
commons-collections,314,fn_repair_frac_0.75,589,15,11,-0.00515377793462158,0.3507255405247409,-0.00012679092008400052,0.4941633354575124
commons-collections,314,fp_repair_frac_1.00,589,15,589,0.043021120631027886,0.38167243032041454,0.11308825487401335,0.628442628313172
commons-collections,314,fn_repair_frac_1.00,589,15,15,-0.008109177500073669,0.34921366963919515,-0.042075515871078197,0.40960727092770743
commons-collections,314,fn_repair_immediate,589,15,15,0.05356110681388544,0.5245498239664788,0.039192011838815655,0.5496359896004674
commons-collections,314,fn_repair_at_window,589,15,15,0.07856597979731067,0.5045815629276063,0.03292977798168227,0.5475618697056874
commons-collections,999,BSZZ,589,15,0,-0.011139649201311885,0.34464512191846536,-0.044313807380187184,0.4066763882439711
commons-collections,999,BSZZ_immediate,589,15,0,0.07889800860852515,0.5556229905959742,0.1374554231451125,0.6963131115945738
commons-collections,999,BSZZ_at_window,589,15,0,0.06516709271845393,0.4819075611363421,-0.00885490333957016,0.4522515426277306
commons-collections,999,fp_repair_matched,589,15,15,0.007959539639038069,0.37338319909770046,0.07101183262100963,0.602806020368984
commons-collections,999,fp_repair_frac_0.25,589,15,147,0.030547428660081127,0.44298177409071166,-0.0057723218385638715,0.4866380734455974
commons-collections,999,fn_repair_frac_0.25,589,15,4,0.003909823789717293,0.39400296805290425,0.18000122727617066,0.7515028351984072
commons-collections,999,fp_repair_frac_0.50,589,15,294,0.03895906133864684,0.4333951791966799,0.10950669378894548,0.6529565714345987
commons-collections,999,fn_repair_frac_0.50,589,15,8,0.0024969400852091353,0.3932793499957857,0.16055545766687104,0.7256755145900292
commons-collections,999,fp_repair_frac_0.75,589,15,442,0.0018576650566026313,0.34422781817246473,0.1422425570636463,0.7027299234331867
commons-collections,999,fn_repair_frac_0.75,589,15,11,0.00040768569698141504,0.3902405823593326,0.1421516279840148,0.7015348024502843
commons-collections,999,fp_repair_frac_1.00,589,15,589,0.041136457406662476,0.3803405273558311,0.11089847129783015,0.6268539483721312
commons-collections,999,fn_repair_frac_1.00,589,15,15,-0.0043351709632101325,0.380178302553911,0.11034111955838956,0.6586844728604494
commons-collections,999,fn_repair_immediate,589,15,15,0.07167435482365273,0.5481074418565705,0.12242232811770729,0.6759204726833785
commons-collections,999,fn_repair_at_window,589,15,15,0.07112345226939355,0.4923630009548617,0.002291472717746046,0.5006402477384777
commons-compress,7,BSZZ,209,104,0,0.03598131940075435,0.5021614338568704,0.17818884834172877,0.7552306399470953
commons-compress,7,BSZZ_immediate,209,104,0,0.06939606162211553,0.4875799083328017,-0.0666346935483737,0.33970668501817697
commons-compress,7,BSZZ_at_window,209,104,0,0.10703067249110391,0.5207096803507328,0.1891655645392947,0.7695677402034463
commons-compress,7,fp_repair_matched,209,104,104,0.08065412267036563,0.5261915017879998,0.11276713704227419,0.65641418093301
commons-compress,7,fp_repair_frac_0.25,209,104,52,0.024962727750323762,0.4883991771300373,0.18107551802073157,0.758763909842398
commons-compress,7,fn_repair_frac_0.25,209,104,26,0.044631555341384584,0.5093964318944194,0.07097945103034412,0.6053847187558012
commons-compress,7,fp_repair_frac_0.50,209,104,104,0.09340672216097698,0.5353070916885833,0.025259671098182456,0.5382552012445744
commons-compress,7,fn_repair_frac_0.50,209,104,52,0.09565653671537994,0.5517988894547042,0.18348329809300712,0.7611079840142293
commons-compress,7,fp_repair_frac_0.75,209,104,157,0.10352557397562197,0.543495091783401,0.0820723816778086,0.6221904000945694
commons-compress,7,fn_repair_frac_0.75,209,104,78,0.019966260172808815,0.49260718463900766,0.07037822183865645,0.6043490044352301
commons-compress,7,fp_repair_frac_1.00,209,104,209,0.14428877513696967,0.5649838870095298,-0.004639238218104905,0.3843852619147269
commons-compress,7,fn_repair_frac_1.00,209,104,104,0.0668034216389572,0.5095726882219456,0.17437762170848742,0.7498246663355647
commons-compress,7,fn_repair_immediate,209,104,104,0.09917293088212757,0.520403926271184,0.15486880315078996,0.7174015084197887
commons-compress,7,fn_repair_at_window,209,104,104,0.047172997529448014,0.46489395414335677,0.07609107126791533,0.6109653915335906
commons-compress,13,BSZZ,209,104,0,0.04554399175723812,0.4995593093079396,0.18694121648918946,0.7667363855479887
commons-compress,13,BSZZ_immediate,209,104,0,0.068008104012684,0.4800349096491861,0.037235683493727176,0.5503732005404398
commons-compress,13,BSZZ_at_window,209,104,0,0.11207458812450477,0.5380333843159797,-0.014985364340333816,0.44033944815044757
commons-compress,13,fp_repair_matched,209,104,104,0.12499052407456482,0.555976348521823,0.026471893498516846,0.5367765201582043
commons-compress,13,fp_repair_frac_0.25,209,104,52,0.07406766178280971,0.5209320284024732,-0.01203235852174097,0.44849899928699427
commons-compress,13,fn_repair_frac_0.25,209,104,26,0.021762672304675237,0.4817179361903718,0.18022154289348086,0.7580386242028636
commons-compress,13,fp_repair_frac_0.50,209,104,104,0.06857247897065974,0.5188223905691028,0.17822773994266994,0.7545368393224658
commons-compress,13,fn_repair_frac_0.50,209,104,52,0.06350550829538144,0.5138822466060671,0.06003391135129706,0.5912588868032271
commons-compress,13,fp_repair_frac_0.75,209,104,157,0.12043063135773094,0.5508558303401773,-0.02021585502215013,0.43378211987320886
commons-compress,13,fn_repair_frac_0.75,209,104,78,0.0697530544831082,0.5037192180542076,0.1265043463739688,0.6780233559872906
commons-compress,13,fp_repair_frac_1.00,209,104,209,0.14785299193471013,0.5686037551775027,-0.0005787538868647931,0.4049070559038731
commons-compress,13,fn_repair_frac_1.00,209,104,104,0.01025669045562597,0.4675006334508055,0.01941236134026701,0.5285942176453687
commons-compress,13,fn_repair_immediate,209,104,104,0.1002501555558564,0.5100065820646688,0.15778348456099545,0.7227409671823378
commons-compress,13,fn_repair_at_window,209,104,104,0.04731089110062932,0.474832719120112,0.1298145229108071,0.6900574524990102
commons-compress,21,BSZZ,209,104,0,0.06013465796910835,0.5133918542177048,0.18381273738506534,0.7626620002367084
commons-compress,21,BSZZ_immediate,209,104,0,0.07429540552981154,0.4847639744397572,-0.06041518445814683,0.35966525855319587
commons-compress,21,BSZZ_at_window,209,104,0,0.10854912504334353,0.5327768858065299,0.19131912109615662,0.7721020096985273
commons-compress,21,fp_repair_matched,209,104,104,0.09849840913561746,0.5332713000194231,0.07079876921984676,0.6039820445587779
commons-compress,21,fp_repair_frac_0.25,209,104,52,0.05346877967638215,0.5014025435563555,0.1414331826355306,0.6965883680859044
commons-compress,21,fn_repair_frac_0.25,209,104,26,0.10798322749744271,0.5425561491112486,0.17448196691763784,0.7498441051405511
commons-compress,21,fp_repair_frac_0.50,209,104,104,0.07650069735094266,0.520234196966064,-0.036048503512442584,0.40784793922778656
commons-compress,21,fn_repair_frac_0.50,209,104,52,0.03173429082924855,0.47828695656141057,0.1618074841435128,0.7339675581480617
commons-compress,21,fp_repair_frac_0.75,209,104,157,0.07200795657132783,0.5187342498893914,0.05850447756866324,0.5885537075365986
commons-compress,21,fn_repair_frac_0.75,209,104,78,0.05151480902252456,0.5022299718643835,0.07515256236688148,0.6114793523239158
commons-compress,21,fp_repair_frac_1.00,209,104,209,0.14799032546347027,0.5726309906524759,0.04884944594195614,0.4964663312695855
commons-compress,21,fn_repair_frac_1.00,209,104,104,0.08443991219327425,0.521255938741663,0.08993357065285763,0.6305814505904159
commons-compress,21,fn_repair_immediate,209,104,104,0.0892058027048149,0.49798812229246286,-0.03232531429371385,0.43040207914543854
commons-compress,21,fn_repair_at_window,209,104,104,0.07761511958169769,0.4921239078323893,0.04888279000405135,0.550524575474951
commons-compress,42,BSZZ,209,104,0,0.03430272037732283,0.49254384814601,0.17830879526534849,0.7554712761465271
commons-compress,42,BSZZ_immediate,209,104,0,0.07316900707274739,0.4975168338388933,-0.05288469512378448,0.3668086036023929
commons-compress,42,BSZZ_at_window,209,104,0,0.108097149135557,0.533565859192989,0.19402234018823372,0.7753905696262448
commons-compress,42,fp_repair_matched,209,104,104,0.09027215044624058,0.5323244461372977,0.05547013776148759,0.5824733252801712
commons-compress,42,fp_repair_frac_0.25,209,104,52,0.07148400461893693,0.5225266693435483,0.17624650684433105,0.7525719822730557
commons-compress,42,fn_repair_frac_0.25,209,104,26,0.027860490166827807,0.4930360021480991,0.17625453189958176,0.7514852863034758
commons-compress,42,fp_repair_frac_0.50,209,104,104,0.09675830748915863,0.5303417543107325,0.020869540640285556,0.5306171266963408
commons-compress,42,fn_repair_frac_0.50,209,104,52,0.039956191441121156,0.49590546843345756,0.03331679002228064,0.5489156831943929
commons-compress,42,fp_repair_frac_0.75,209,104,157,0.07504942105131647,0.5154364315983856,0.12906745793045593,0.6648183805465254
commons-compress,42,fn_repair_frac_0.75,209,104,78,0.08698974261725742,0.5257566937127617,0.1719088527856331,0.7466319987807579
commons-compress,42,fp_repair_frac_1.00,209,104,209,0.14281271671734622,0.5633812450366722,-0.012155491975654555,0.3795853286352439
commons-compress,42,fn_repair_frac_1.00,209,104,104,0.08070657608509942,0.5220941223142117,0.14341665775694934,0.7023859468829524
commons-compress,42,fn_repair_immediate,209,104,104,0.09092253218203597,0.5164014168955567,0.1516071529148364,0.7110544177088426
commons-compress,42,fn_repair_at_window,209,104,104,0.07851782610553681,0.4995090756102334,0.04130937366560855,0.5499947114490762
commons-compress,77,BSZZ,209,104,0,0.017600067176728282,0.4814278942691744,0.18695319689748036,0.7667408174166782
commons-compress,77,BSZZ_immediate,209,104,0,0.07496197251198729,0.5024566893540661,-0.07354880087797211,0.3574042763818823
commons-compress,77,BSZZ_at_window,209,104,0,0.11245523733550684,0.5172443054704091,0.18646698627494349,0.7661179594842418
commons-compress,77,fp_repair_matched,209,104,104,0.09356473492780956,0.5391834076551404,0.1646403974557348,0.7377023092903346
commons-compress,77,fp_repair_frac_0.25,209,104,52,0.07435616871218348,0.5242476673674286,0.14595777748238087,0.7049681381605419
commons-compress,77,fn_repair_frac_0.25,209,104,26,0.01691497614576671,0.48195254598493337,0.15057062862835746,0.7117429624707093
commons-compress,77,fp_repair_frac_0.50,209,104,104,0.09259265233208923,0.5331870995156357,0.019672542130794703,0.5260316501214327
commons-compress,77,fn_repair_frac_0.50,209,104,52,0.07294992021735217,0.5215367615578728,0.12907813712282817,0.6793545690275393
commons-compress,77,fp_repair_frac_0.75,209,104,157,0.08859947488869674,0.5331933213730469,-0.044940279893398424,0.3458579680281983
commons-compress,77,fn_repair_frac_0.75,209,104,78,0.047400015700423494,0.5094682653138657,0.15526491767921577,0.7181963783188339
commons-compress,77,fp_repair_frac_1.00,209,104,209,0.11628214698808048,0.553098371006295,0.01734530122387858,0.41694443671103204
commons-compress,77,fn_repair_frac_1.00,209,104,104,0.07050831053369934,0.5135262734849291,0.14594697487169359,0.7090900197253539
commons-compress,77,fn_repair_immediate,209,104,104,0.0990028595404861,0.5244317277672946,0.14897797891812842,0.7061186424941243
commons-compress,77,fn_repair_at_window,209,104,104,0.06767285306936717,0.48038986909180387,0.0748266792773277,0.6063632235816503
commons-compress,101,BSZZ,209,104,0,0.0398867929221368,0.495101201356336,0.17653571989539102,0.7528202411670406
commons-compress,101,BSZZ_immediate,209,104,0,0.06300901739125657,0.47763753097968126,0.137319965127696,0.7010789976959249
commons-compress,101,BSZZ_at_window,209,104,0,0.11297169594182888,0.5384603690978609,0.0018014616747135089,0.4623599414051432
commons-compress,101,fp_repair_matched,209,104,104,0.09495473025946878,0.5305476057254724,0.11473764408689117,0.6551642273368844
commons-compress,101,fp_repair_frac_0.25,209,104,52,0.05452517239070204,0.5046994013281625,0.1852445591444846,0.7645492796444506
commons-compress,101,fn_repair_frac_0.25,209,104,26,0.01127524872612401,0.46184962674633173,0.03912073820195832,0.5597963248235697
commons-compress,101,fp_repair_frac_0.50,209,104,104,0.1261680388741131,0.5596463245413466,0.0653096909910478,0.5988732972377441
commons-compress,101,fn_repair_frac_0.50,209,104,52,0.025213863664100875,0.48755991419457534,0.1570520766678615,0.7230910853560665
commons-compress,101,fp_repair_frac_0.75,209,104,157,0.10469486093099781,0.5451812405478587,0.04549542781478319,0.5683027018995225
commons-compress,101,fn_repair_frac_0.75,209,104,78,0.05549588035172226,0.49692443783958384,0.11644144618581258,0.6639740934571078
commons-compress,101,fp_repair_frac_1.00,209,104,209,0.14410944304177142,0.5652909150964991,0.005484351213072706,0.40199974216168033
commons-compress,101,fn_repair_frac_1.00,209,104,104,0.04124123241532054,0.4966461454501414,0.17008411154063163,0.7444719402733926
commons-compress,101,fn_repair_immediate,209,104,104,0.08867992089379215,0.501337379772998,0.1494137573843124,0.7070560960569953
commons-compress,101,fn_repair_at_window,209,104,104,0.07918417704696007,0.49994813883686473,0.19794954304777643,0.7763726149716799
commons-compress,123,BSZZ,209,104,0,0.026413949443700846,0.4855063201130491,0.1735757338627665,0.7487886483672199
commons-compress,123,BSZZ_immediate,209,104,0,0.07520063036653732,0.4838519927597599,-0.0624251983616965,0.3430974161091122
commons-compress,123,BSZZ_at_window,209,104,0,0.12191603304292649,0.5385934955940425,0.0019066921780724689,0.45609078572842443
commons-compress,123,fp_repair_matched,209,104,104,0.10834389423180227,0.5534835211930789,0.1837484724587065,0.7622461057312144
commons-compress,123,fp_repair_frac_0.25,209,104,52,0.06420091697505756,0.5155012784047344,0.08162950449689386,0.6208993086210249
commons-compress,123,fn_repair_frac_0.25,209,104,26,0.03478881666820933,0.4884767375049624,0.13284350732440392,0.6802702127594017
commons-compress,123,fp_repair_frac_0.50,209,104,104,0.11984221578289496,0.5588981948721299,0.1514704248504617,0.7118773696251841
commons-compress,123,fn_repair_frac_0.50,209,104,52,0.06897563620258719,0.5133179266406424,0.08000195614712514,0.6186074128565019
commons-compress,123,fp_repair_frac_0.75,209,104,157,0.09120717875078142,0.5337101706150006,-0.026710322742304848,0.43453161730581874
commons-compress,123,fn_repair_frac_0.75,209,104,78,0.07521459263901281,0.5183449864747651,0.06665938189060877,0.5996373420621143
commons-compress,123,fp_repair_frac_1.00,209,104,209,0.11626846446306718,0.5530667889687045,0.019962627246371545,0.41831532256159737
commons-compress,123,fn_repair_frac_1.00,209,104,104,0.09571955705092346,0.5283605997347978,0.16884632755320358,0.7425440646307384
commons-compress,123,fn_repair_immediate,209,104,104,0.11105638936653346,0.5186439531296204,-0.030094294037048004,0.43311629664134793
commons-compress,123,fn_repair_at_window,209,104,104,0.039843491671212004,0.47132562038576187,0.19438026959719798,0.7730304943234182
commons-compress,202,BSZZ,209,104,0,0.04121157430243265,0.5071241881077356,0.1865213768593135,0.7661763645435011
commons-compress,202,BSZZ_immediate,209,104,0,0.056008553842346,0.4827924077719457,-0.06648155683069076,0.33950860685843326
commons-compress,202,BSZZ_at_window,209,104,0,0.10361556514896,0.5299141482597567,-0.013710662392447304,0.441957014872306
commons-compress,202,fp_repair_matched,209,104,104,0.07135744209121846,0.5185011317577416,0.026044621291243204,0.5364792214084513
commons-compress,202,fp_repair_frac_0.25,209,104,52,0.037457279395727724,0.49967247654478697,0.17901164279786877,0.756472395981637
commons-compress,202,fn_repair_frac_0.25,209,104,26,0.09320505370016785,0.5362427307134664,0.13687324680047122,0.6922254521417428
commons-compress,202,fp_repair_frac_0.50,209,104,104,0.06995891413047664,0.5213060514696811,-0.03356579783834312,0.42033135311695113
commons-compress,202,fn_repair_frac_0.50,209,104,52,0.09538439497149077,0.538185792882798,0.12219890636462657,0.6680337605188952
commons-compress,202,fp_repair_frac_0.75,209,104,157,0.13596095831094693,0.5636116818791727,0.021005404913727627,0.5282972334169762
commons-compress,202,fn_repair_frac_0.75,209,104,78,0.020183617919894183,0.4799953256630835,0.14449502391726002,0.7034231433261293
commons-compress,202,fp_repair_frac_1.00,209,104,209,0.14672120789570725,0.5688640010018116,0.005608180430099335,0.4087760266355377
commons-compress,202,fn_repair_frac_1.00,209,104,104,0.07960750462049548,0.5318604572135154,0.13650111672865664,0.6856217998145819
commons-compress,202,fn_repair_immediate,209,104,104,0.09616020337961285,0.5208856282927491,0.15247474365835176,0.7131649392991471
commons-compress,202,fn_repair_at_window,209,104,104,0.0772455972854027,0.5073338666530481,0.19160926675275355,0.7712906392368738
commons-compress,314,BSZZ,209,104,0,0.0365834533052567,0.5031831673660443,0.1875549525700563,0.7675155247529905
commons-compress,314,BSZZ_immediate,209,104,0,0.07861957831115957,0.49368523214633114,-0.06240121107631963,0.34331400266960754
commons-compress,314,BSZZ_at_window,209,104,0,0.1297374851842446,0.5514952130224154,0.17682876513757154,0.7533277703917038
commons-compress,314,fp_repair_matched,209,104,104,0.0684980629599594,0.5145818750281791,0.022173401992362264,0.5305585471284324
commons-compress,314,fp_repair_frac_0.25,209,104,52,0.06110534775603153,0.5137011615410253,0.1761054330368414,0.7527791817351034
commons-compress,314,fn_repair_frac_0.25,209,104,26,0.06351220974806707,0.5189105592549628,0.1833257458482654,0.7620143864258946
commons-compress,314,fp_repair_frac_0.50,209,104,104,0.11132803498410364,0.5500701590288231,0.03183960974817992,0.5465361423495598
commons-compress,314,fn_repair_frac_0.50,209,104,52,0.048346930841993374,0.5016116643830503,0.028957157824903282,0.544423262168642
commons-compress,314,fp_repair_frac_0.75,209,104,157,0.11285067519081868,0.5399126833591273,0.01298226641978303,0.5197443588115912
commons-compress,314,fn_repair_frac_0.75,209,104,78,0.04982013522373168,0.5154160623731449,0.1884406208838244,0.768650702921566
commons-compress,314,fp_repair_frac_1.00,209,104,209,0.14904044113925646,0.5713429312385689,0.007541971717961562,0.41012595141522523
commons-compress,314,fn_repair_frac_1.00,209,104,104,0.026086235229651505,0.49233839184213457,0.062237402412252174,0.594396355401124
commons-compress,314,fn_repair_immediate,209,104,104,0.08436926887930239,0.5155512620811397,0.15108186740765836,0.7099971898382084
commons-compress,314,fn_repair_at_window,209,104,104,0.05792673157163004,0.4746910189527763,0.047961540502835104,0.5489656123867018
commons-compress,999,BSZZ,209,104,0,0.037113589406392145,0.5065065626233455,0.18043476893701793,0.7582177751407445
commons-compress,999,BSZZ_immediate,209,104,0,0.06227879953947951,0.48498781240161953,-0.06174575803201184,0.34405744403049054
commons-compress,999,BSZZ_at_window,209,104,0,0.09383249844627542,0.5061886140151277,-0.019028516141907776,0.4370661312456245
commons-compress,999,fp_repair_matched,209,104,104,0.10431258712688338,0.5456758338703493,0.14328198552638344,0.6994349027213677
commons-compress,999,fp_repair_frac_0.25,209,104,52,0.03330017289280658,0.4935976437732406,0.052313895269011035,0.5794764951985879
commons-compress,999,fn_repair_frac_0.25,209,104,26,0.06234748150897591,0.5276190760939008,0.1348193874021532,0.6848470531175249
commons-compress,999,fp_repair_frac_0.50,209,104,104,0.07793486172445308,0.5247492594368887,0.04715001602400584,0.5715878744047801
commons-compress,999,fn_repair_frac_0.50,209,104,52,0.047841660582367745,0.5015193801814216,0.04019087234851465,0.5610760699180476
commons-compress,999,fp_repair_frac_0.75,209,104,157,0.11291312363209537,0.541054546144076,0.04130883606746567,0.5617764487959988
commons-compress,999,fn_repair_frac_0.75,209,104,78,0.01580174107966544,0.48295458475489106,0.16230823993779336,0.7320840072304649
commons-compress,999,fp_repair_frac_1.00,209,104,209,0.14637971677627357,0.5683111853325625,-0.004412235376883753,0.39849537203426566
commons-compress,999,fn_repair_frac_1.00,209,104,104,0.011952992606967331,0.46955215580992005,0.0452040289753122,0.5649202248887671
commons-compress,999,fn_repair_immediate,209,104,104,0.0667853785183921,0.49611472403725776,-0.034139866042929894,0.42561789438914954
commons-compress,999,fn_repair_at_window,209,104,104,0.051520959414433735,0.46384941232787213,0.1869846023384431,0.7652713493925025
commons-configuration,7,BSZZ,491,47,0,0.0668621473736658,0.523054834334534,-0.10421388910473955,0.1694807558687952
commons-configuration,7,BSZZ_immediate,491,47,0,0.07155473077790207,0.5336256316888365,-0.04593273940479026,0.4028970219733439
commons-configuration,7,BSZZ_at_window,491,47,0,0.09321497727895992,0.5596194962287414,0.033089908672042645,0.5690312613065135
commons-configuration,7,fp_repair_matched,491,47,47,0.035646757494907394,0.49339769878243195,-0.1317865149574256,0.14955634014892957
commons-configuration,7,fp_repair_frac_0.25,491,47,123,0.04095422494513649,0.49985083352320825,-0.08979968206765572,0.17995187688479308
commons-configuration,7,fn_repair_frac_0.25,491,47,12,0.05194173338550167,0.517690422121006,-0.08325931950477078,0.18633176534873894
commons-configuration,7,fp_repair_frac_0.50,491,47,246,0.014855394523036846,0.4799369477038808,-0.10214066283948478,0.17083130222396553
commons-configuration,7,fn_repair_frac_0.50,491,47,24,0.04853719614002165,0.5080101963543475,-0.12294509641128884,0.1573295610323355
commons-configuration,7,fp_repair_frac_0.75,491,47,368,0.07436416281251476,0.5335356016997159,-0.12631159603383715,0.15445241617451966
commons-configuration,7,fn_repair_frac_0.75,491,47,35,0.060459968222666007,0.5283175162043567,0.00691053078565102,0.5148664472416998
commons-configuration,7,fp_repair_frac_1.00,491,47,491,0.05757292644315465,0.5063488176205392,0.08780373437760003,0.6511555174759271
commons-configuration,7,fn_repair_frac_1.00,491,47,47,0.09017821125216748,0.548891220626663,-0.11576320452734605,0.16385345154540476
commons-configuration,7,fn_repair_immediate,491,47,47,0.0910821778175219,0.5411264893047663,-0.010754109010486972,0.4695742362963265
commons-configuration,7,fn_repair_at_window,491,47,47,0.09322329827812276,0.573480392820742,-0.10305269104800391,0.273967275782461
commons-configuration,13,BSZZ,491,47,0,0.04708402253378542,0.5083802282321201,-0.0841456711488687,0.18523138892462657
commons-configuration,13,BSZZ_immediate,491,47,0,0.07557684802689867,0.5339342397950034,-0.04589372687928385,0.4029722568975892
commons-configuration,13,BSZZ_at_window,491,47,0,0.10810793249343623,0.579638886996996,-0.09963940390261244,0.2801204026408703
commons-configuration,13,fp_repair_matched,491,47,47,0.037888512682998886,0.5081205360342552,-0.12936859130305298,0.15394954977456046
commons-configuration,13,fp_repair_frac_0.25,491,47,123,0.06509996690465095,0.5271149561286329,-0.08028093485933087,0.1899706830308478
commons-configuration,13,fn_repair_frac_0.25,491,47,12,0.046787525022267414,0.5088118750475991,-0.07597651019823536,0.19126200936667043
commons-configuration,13,fp_repair_frac_0.50,491,47,246,0.038005495520608196,0.5074271024394315,0.014524205967837656,0.5301110936684016
commons-configuration,13,fn_repair_frac_0.50,491,47,24,0.06444406827311674,0.5173906351463542,-0.12876601193300302,0.15341906783039042
commons-configuration,13,fp_repair_frac_0.75,491,47,368,0.09179733288687746,0.5641378074034946,-0.060021337552369415,0.2434134535523257
commons-configuration,13,fn_repair_frac_0.75,491,47,35,0.07242818493524687,0.5314960047702246,-0.08518097247987223,0.18671809636032083
commons-configuration,13,fp_repair_frac_1.00,491,47,491,0.1175000165914718,0.5839537908304557,0.0825452308164578,0.6507231164375055
commons-configuration,13,fn_repair_frac_1.00,491,47,47,0.06007552933785229,0.5211938459854101,-0.1311925916224316,0.15276892661674552
commons-configuration,13,fn_repair_immediate,491,47,47,0.09160221522731715,0.5382219971891494,-0.011331411652568754,0.4685240301749735
commons-configuration,13,fn_repair_at_window,491,47,47,0.09581684608264877,0.5758769847025494,-0.09614997696901426,0.28264448718335133
commons-configuration,21,BSZZ,491,47,0,0.06008605536338844,0.5172416606646745,-0.09115945303594235,0.18194046193573177
commons-configuration,21,BSZZ_immediate,491,47,0,0.06820497671236189,0.535527561630139,-0.009377518132504894,0.47746348113404824
commons-configuration,21,BSZZ_at_window,491,47,0,0.08580734494937184,0.5567879623238439,0.0394280994955341,0.5835365341325263
commons-configuration,21,fp_repair_matched,491,47,47,0.05701103318872139,0.5139892964700349,-0.11227278736138747,0.16331221854437555
commons-configuration,21,fp_repair_frac_0.25,491,47,123,0.04996389278536019,0.516337487864174,-0.10465585686641303,0.17075137611557295
commons-configuration,21,fn_repair_frac_0.25,491,47,12,0.0559084105737823,0.5154413094464306,-0.1018639841690529,0.17142791000574348
commons-configuration,21,fp_repair_frac_0.50,491,47,246,0.07288637899767421,0.5465302262988339,-0.11086883499050432,0.20253242412314473
commons-configuration,21,fn_repair_frac_0.50,491,47,24,0.07665784357956386,0.5318193821659727,-0.09282936103050253,0.1798173241050627
commons-configuration,21,fp_repair_frac_0.75,491,47,368,0.09705931826165601,0.5845025297893227,0.08102585256119522,0.6462101400651071
commons-configuration,21,fn_repair_frac_0.75,491,47,35,0.07458919863933695,0.5334789289964608,-0.10134893614266903,0.17421662071752042
commons-configuration,21,fp_repair_frac_1.00,491,47,491,0.06476927339231646,0.5172238915408988,0.09090020361931651,0.6543592973799723
commons-configuration,21,fn_repair_frac_1.00,491,47,47,0.06907727937597205,0.547400310712743,-0.012758495454908581,0.4668207463088266
commons-configuration,21,fn_repair_immediate,491,47,47,0.07931981295136087,0.5287745071613198,-0.006329532546606566,0.47751182035676
commons-configuration,21,fn_repair_at_window,491,47,47,0.07718453333336082,0.5546326567284132,-0.10212960488285773,0.27100903213960215
commons-configuration,42,BSZZ,491,47,0,0.051854653218422746,0.5152098433693697,-0.12012137802779811,0.1603090838863122
commons-configuration,42,BSZZ_immediate,491,47,0,0.08211398279374296,0.5302022916379235,-0.021855211088925047,0.44367061692792453
commons-configuration,42,BSZZ_at_window,491,47,0,0.1049047941166786,0.5663380785882715,-0.0987269204701043,0.27867530467999085
commons-configuration,42,fp_repair_matched,491,47,47,0.027522598510608214,0.4886679416281035,-0.12992875880394134,0.13734541569237108
commons-configuration,42,fp_repair_frac_0.25,491,47,123,0.06555822938638264,0.5229536514318498,-0.12308191285273089,0.15665165552257634
commons-configuration,42,fn_repair_frac_0.25,491,47,12,0.07935088408549806,0.5526490840847029,-0.014392117227954014,0.4576136730293168
commons-configuration,42,fp_repair_frac_0.50,491,47,246,0.026902881579535357,0.4961954995506599,-0.09647108723590526,0.17584548728123703
commons-configuration,42,fn_repair_frac_0.50,491,47,24,0.06475407362804035,0.5292016041253144,-0.11253741469850617,0.16534261300618514
commons-configuration,42,fp_repair_frac_0.75,491,47,368,0.08121681150138718,0.5577274868982236,-0.02435982638347967,0.4407246756125021
commons-configuration,42,fn_repair_frac_0.75,491,47,35,0.08472716142162301,0.5671623361260701,-0.002686223363166514,0.49393858694213083
commons-configuration,42,fp_repair_frac_1.00,491,47,491,0.1263530307018481,0.6003246003964352,0.08472766461934349,0.6536822799267438
commons-configuration,42,fn_repair_frac_1.00,491,47,47,0.044363735337627094,0.5076935026939923,-0.011527377553960941,0.47405118936096446
commons-configuration,42,fn_repair_immediate,491,47,47,0.11110501324014524,0.5603766093503231,-0.0021940717429386873,0.48888641332097016
commons-configuration,42,fn_repair_at_window,491,47,47,0.11056722622821422,0.5876465020166383,-0.0951873983823563,0.2918875851589902
commons-configuration,77,BSZZ,491,47,0,0.058247820361987585,0.5169704140319179,-0.07205592429815619,0.19422750742152906
commons-configuration,77,BSZZ_immediate,491,47,0,0.07156908110443445,0.517767153223946,-0.06174139099641559,0.3702875665916413
commons-configuration,77,BSZZ_at_window,491,47,0,0.09314460083074379,0.5750062873597072,0.015274128047498612,0.5178289296120915
commons-configuration,77,fp_repair_matched,491,47,47,0.025671169761629607,0.48348718139741764,-0.09605894224806989,0.17694330045146117
commons-configuration,77,fp_repair_frac_0.25,491,47,123,0.05019505969050917,0.5165130320269167,-0.09725715102513957,0.17626595393321118
commons-configuration,77,fn_repair_frac_0.25,491,47,12,0.06799523772874559,0.5279351219219189,-0.09238087506328624,0.17994549669127596
commons-configuration,77,fp_repair_frac_0.50,491,47,246,0.08982373285685072,0.5674661785009207,0.05475507459875957,0.6062070817761782
commons-configuration,77,fn_repair_frac_0.50,491,47,24,0.08144528286161726,0.5331810896320828,-0.10555673941052,0.1705173265576252
commons-configuration,77,fp_repair_frac_0.75,491,47,368,0.03777533627012068,0.4899065141977667,0.06091905033126697,0.6076357526788483
commons-configuration,77,fn_repair_frac_0.75,491,47,35,0.0796236567470196,0.5548752565790928,-0.1012526701235229,0.23009930450515742
commons-configuration,77,fp_repair_frac_1.00,491,47,491,0.12760509464320777,0.6016568872217324,0.074162690763271,0.6404913223168944
commons-configuration,77,fn_repair_frac_1.00,491,47,47,0.060728634983166836,0.5352183694585507,-0.12950446278670508,0.18781228005672496
commons-configuration,77,fn_repair_immediate,491,47,47,0.10455753168486695,0.5526312177944923,-0.008597529858651535,0.47699579514385715
commons-configuration,77,fn_repair_at_window,491,47,47,0.07773461080472609,0.5550175015771197,-0.10313781762065513,0.2608300937819416
commons-configuration,101,BSZZ,491,47,0,0.061926191868884733,0.5217650784625341,-0.0967045467914036,0.1765160855590827
commons-configuration,101,BSZZ_immediate,491,47,0,0.07488180245681259,0.5237708437857568,-0.06255935233382161,0.37007227909373186
commons-configuration,101,BSZZ_at_window,491,47,0,0.08583857727632838,0.5559414708830012,0.038847813096784756,0.581095546185341
commons-configuration,101,fp_repair_matched,491,47,47,0.07883429593624783,0.5371270580324132,-0.07599846496890683,0.1942722630012699
commons-configuration,101,fp_repair_frac_0.25,491,47,123,0.09145691921342776,0.5611016354642419,-0.061179059496195426,0.2049040529537841
commons-configuration,101,fn_repair_frac_0.25,491,47,12,0.09553678896566462,0.5740959874723692,-0.10927769096925193,0.23020689563100538
commons-configuration,101,fp_repair_frac_0.50,491,47,246,0.0660226455399351,0.5590728227034995,-0.05279860872651001,0.2921508841126081
commons-configuration,101,fn_repair_frac_0.50,491,47,24,0.06124300255471725,0.5191866016838397,-0.0911145289865177,0.18154553758440548
commons-configuration,101,fp_repair_frac_0.75,491,47,368,0.11461581333096921,0.588160512163848,0.033891663250926865,0.5725203001417026
commons-configuration,101,fn_repair_frac_0.75,491,47,35,0.06076244758338121,0.5180347972572067,-0.10071581584215593,0.17489539372808882
commons-configuration,101,fp_repair_frac_1.00,491,47,491,0.11124622603855573,0.5770609854954318,0.08026715466257908,0.6483154816134868
commons-configuration,101,fn_repair_frac_1.00,491,47,47,0.08383449153370184,0.5375904239033195,-0.137435981626543,0.14806671823213033
commons-configuration,101,fn_repair_immediate,491,47,47,0.10073202338232923,0.5507021442228036,-0.016477482139559078,0.46186377459549977
commons-configuration,101,fn_repair_at_window,491,47,47,0.0992753468442692,0.5800822179242706,-0.09592303371140858,0.2832145523357079
commons-configuration,123,BSZZ,491,47,0,0.04490931909844862,0.5085500948590636,-0.08524486098095134,0.18639302086565432
commons-configuration,123,BSZZ_immediate,491,47,0,0.06762817068442781,0.5232190124295496,-0.05301375788218257,0.388462665928624
commons-configuration,123,BSZZ_at_window,491,47,0,0.12236593531525819,0.5924291305305541,-0.10392217062472078,0.2745772776281082
commons-configuration,123,fp_repair_matched,491,47,47,0.05336118297631209,0.5132081264382596,-0.07460088772709103,0.191566903845153
commons-configuration,123,fp_repair_frac_0.25,491,47,123,0.08554229833694998,0.5654214426453933,-0.12652155471473867,0.21302474467077526
commons-configuration,123,fn_repair_frac_0.25,491,47,12,0.05511486555754752,0.5168428859351992,-0.09518731515385613,0.1788114021410027
commons-configuration,123,fp_repair_frac_0.50,491,47,246,0.05465622878464336,0.5357917377700873,0.011842096224946943,0.5230861480754618
commons-configuration,123,fn_repair_frac_0.50,491,47,24,0.043944457649472614,0.5088852278180849,-0.09057438019923471,0.18098743907978931
commons-configuration,123,fp_repair_frac_0.75,491,47,368,0.10528985933578043,0.5976510830608603,0.017156660797885605,0.5246367534402682
commons-configuration,123,fn_repair_frac_0.75,491,47,35,0.027559601261890884,0.4893336883859204,-0.10454527006996191,0.16952580251027913
commons-configuration,123,fp_repair_frac_1.00,491,47,491,0.06570538249282196,0.5165508153567879,0.09040982785345318,0.6538724314477202
commons-configuration,123,fn_repair_frac_1.00,491,47,47,0.07507507224921381,0.5437904452825477,-0.07886628420068377,0.2343742788887558
commons-configuration,123,fn_repair_immediate,491,47,47,0.10050000401151188,0.5522105371530415,-0.009792503841079972,0.4747138274898245
commons-configuration,123,fn_repair_at_window,491,47,47,0.09781081824031174,0.5761984275140484,-0.09497457990379382,0.2921367271480894
commons-configuration,202,BSZZ,491,47,0,0.03356936423337808,0.5033935701420479,-0.08248458907849016,0.1884915425811192
commons-configuration,202,BSZZ_immediate,491,47,0,0.06855666181803231,0.527546136807019,-0.002413193619388066,0.48694625174966105
commons-configuration,202,BSZZ_at_window,491,47,0,0.07200774028499163,0.5479962366441521,0.055665288713746645,0.6177437236890991
commons-configuration,202,fp_repair_matched,491,47,47,0.07533379507596823,0.5366174984557884,-0.08541760369276162,0.185914996147562
commons-configuration,202,fp_repair_frac_0.25,491,47,123,0.05576171357203275,0.516275426132887,-0.10868038984441349,0.16760341302043202
commons-configuration,202,fn_repair_frac_0.25,491,47,12,0.048923652176855216,0.5157410503143407,-0.08790445571152522,0.18378775701214659
commons-configuration,202,fp_repair_frac_0.50,491,47,246,0.07147460134168514,0.5520471106656617,-0.09048019132509488,0.2473793899294817
commons-configuration,202,fn_repair_frac_0.50,491,47,24,0.04999792841639921,0.5158825979393061,-0.10022197455072429,0.17445114380436505
commons-configuration,202,fp_repair_frac_0.75,491,47,368,0.056464039069667515,0.5137492185527337,-0.09521459826304196,0.17595020811136924
commons-configuration,202,fn_repair_frac_0.75,491,47,35,0.0433967188533292,0.5043977382852871,-0.12913158441602976,0.15233621638786113
commons-configuration,202,fp_repair_frac_1.00,491,47,491,0.07049233922032129,0.5240706073396418,0.09018500387748161,0.6536470947886214
commons-configuration,202,fn_repair_frac_1.00,491,47,47,0.058270378965260175,0.5249654400774958,-0.11744507392954112,0.1936932551757054
commons-configuration,202,fn_repair_immediate,491,47,47,0.07669730542597798,0.5288209839093023,-0.02246511888532201,0.4477197783325768
commons-configuration,202,fn_repair_at_window,491,47,47,0.09656224246907084,0.569559944652964,-0.1029011149179722,0.2611095704663136
commons-configuration,314,BSZZ,491,47,0,0.05223069214390299,0.5150886545985403,-0.08809733089331204,0.1846296364106211
commons-configuration,314,BSZZ_immediate,491,47,0,0.06371950755251912,0.5154970744762121,-0.012634333528510394,0.4669816830664931
commons-configuration,314,BSZZ_at_window,491,47,0,0.13025845645603376,0.5997585189250568,-0.0936557387445277,0.28619729016753265
commons-configuration,314,fp_repair_matched,491,47,47,0.0385425611180169,0.5110547254098005,-0.09588027574093155,0.17769523023526
commons-configuration,314,fp_repair_frac_0.25,491,47,123,0.07029784867015546,0.5441102798172356,-0.10913592064788719,0.20316689186158446
commons-configuration,314,fn_repair_frac_0.25,491,47,12,0.0639292103182661,0.5396567691148906,-0.0022948154520917577,0.4781469367225032
commons-configuration,314,fp_repair_frac_0.50,491,47,246,0.03404082763665351,0.49145442330583833,-0.09420777850716561,0.17706658965251743
commons-configuration,314,fn_repair_frac_0.50,491,47,24,0.0734342138884576,0.5315078648433716,-0.08123089864541201,0.19007227019274037
commons-configuration,314,fp_repair_frac_0.75,491,47,368,0.06384000558903721,0.5479429202337762,-0.06402143970623402,0.24973234352704038
commons-configuration,314,fn_repair_frac_0.75,491,47,35,0.06120219029375391,0.5243520850952063,-0.07902890494220856,0.1899364867704079
commons-configuration,314,fp_repair_frac_1.00,491,47,491,0.12693674166969257,0.5940694370867319,0.0856995824063407,0.6548120165925279
commons-configuration,314,fn_repair_frac_1.00,491,47,47,0.06123212658612409,0.5404326040366685,-0.0578378606624561,0.3182891651141004
commons-configuration,314,fn_repair_immediate,491,47,47,0.09190599503893972,0.5379882510489634,-0.021165961806663282,0.4502115299589491
commons-configuration,314,fn_repair_at_window,491,47,47,0.10980146710817507,0.5822294904452431,-0.09471771563420535,0.2847550970695499
commons-configuration,999,BSZZ,491,47,0,0.055946294073169416,0.5140419938218502,-0.07964863125326323,0.18815824262635086
commons-configuration,999,BSZZ_immediate,491,47,0,0.07948604203575928,0.5318841687816301,-0.003690651783923053,0.482149101239091
commons-configuration,999,BSZZ_at_window,491,47,0,0.07003662228156086,0.5442549700845198,-0.10673140760373317,0.2583336138369444
commons-configuration,999,fp_repair_matched,491,47,47,0.06692205008855626,0.5313744507617671,-0.06473727096198321,0.20172471717777107
commons-configuration,999,fp_repair_frac_0.25,491,47,123,0.07887775663610629,0.5536456272001259,-0.12323216417022545,0.17461035503716282
commons-configuration,999,fn_repair_frac_0.25,491,47,12,0.0479196775000705,0.5090899745707306,-0.09842941781379809,0.1746146473346334
commons-configuration,999,fp_repair_frac_0.50,491,47,246,0.04618365960389869,0.5145651670691767,-0.003586294746929969,0.47231785725240705
commons-configuration,999,fn_repair_frac_0.50,491,47,24,0.059692157909600245,0.5226734431843307,-0.09693839957338912,0.17726886146977802
commons-configuration,999,fp_repair_frac_0.75,491,47,368,0.08525110733974499,0.5718779485076589,0.18496495510048663,0.8463649851333352
commons-configuration,999,fn_repair_frac_0.75,491,47,35,0.08471376991828043,0.5386443084948204,-0.08753110782448949,0.1832260171506764
commons-configuration,999,fp_repair_frac_1.00,491,47,491,0.12472016680996274,0.594419480271092,0.08509995476713927,0.6541149371215629
commons-configuration,999,fn_repair_frac_1.00,491,47,47,0.06273396542876057,0.51709474005621,-0.14013872864654736,0.1466670976235161
commons-configuration,999,fn_repair_immediate,491,47,47,0.07555277346298375,0.5183994035553922,-0.010799700483974124,0.46612583996178514
commons-configuration,999,fn_repair_at_window,491,47,47,0.10422822137819923,0.5811381988883679,-0.09987867912598847,0.2780406618589692
commons-dbcp,7,BSZZ,458,5,0,0.061749900158532024,0.5097567250662909,0.024021671421213846,0.4573744784907222
commons-dbcp,7,BSZZ_immediate,458,5,0,0.03915010802732677,0.4808885727314294,0.06307949438015777,0.7401730823301842
commons-dbcp,7,BSZZ_at_window,458,5,0,0.07119292727222683,0.5669102097795051,0.050240935619024846,0.7007324697681554
commons-dbcp,7,fp_repair_matched,458,5,5,0.06330443209720404,0.5156804264263298,0.026639776182167944,0.4830703313431848
commons-dbcp,7,fp_repair_frac_0.25,458,5,114,0.044009932258678254,0.5022083700755188,0.016373077823798186,0.4416467971662696
commons-dbcp,7,fn_repair_frac_0.25,458,5,1,0.05686247742636009,0.50619155640783,0.022096438748375535,0.4579513493668925
commons-dbcp,7,fp_repair_frac_0.50,458,5,229,-0.012467176560588345,0.46004661568269395,0.01074729369110239,0.44722169982387
commons-dbcp,7,fn_repair_frac_0.50,458,5,2,0.0502316259991943,0.5037577589821083,0.024973272179993292,0.46400771568681376
commons-dbcp,7,fp_repair_frac_0.75,458,5,344,0.03606012895157834,0.5110072412230188,0.03505757263210488,0.6274095086752207
commons-dbcp,7,fn_repair_frac_0.75,458,5,4,0.029719720719472105,0.48822895056516785,0.022447074394858456,0.47384079011072433
commons-dbcp,7,fp_repair_frac_1.00,458,5,458,0.08596059109983195,0.5594121750386658,0.014209044793748694,0.5593496339445001
commons-dbcp,7,fn_repair_frac_1.00,458,5,5,0.03354306757042657,0.4865871464941889,0.015446340620628522,0.42687890864495137
commons-dbcp,7,fn_repair_immediate,458,5,5,0.027956997271142713,0.47121776156122697,0.06236609106675,0.7371884964565166
commons-dbcp,7,fn_repair_at_window,458,5,5,0.0510709006353199,0.5507205562857445,0.04089788244545174,0.664322397342229
commons-dbcp,13,BSZZ,458,5,0,0.03311689481918883,0.4888014084734293,0.021512262041947772,0.4496411224819387
commons-dbcp,13,BSZZ_immediate,458,5,0,0.03510542917359219,0.46828584735770107,0.055845988264147606,0.7039837267216295
commons-dbcp,13,BSZZ_at_window,458,5,0,0.06921264744259907,0.5699052675647602,0.05050291732443943,0.70166597527498
commons-dbcp,13,fp_repair_matched,458,5,5,0.06372892440580996,0.5004554915262031,0.025000524392624686,0.43802905737246417
commons-dbcp,13,fp_repair_frac_0.25,458,5,114,0.08174492863292405,0.5318231309758498,0.024185765959354896,0.4801567192181022
commons-dbcp,13,fn_repair_frac_0.25,458,5,1,0.032235767128171756,0.4892767026740907,0.020922187135339818,0.44397265767562755
commons-dbcp,13,fp_repair_frac_0.50,458,5,229,0.007465896040435852,0.46562302338094114,-0.010552549332408389,0.4266337932171454
commons-dbcp,13,fn_repair_frac_0.50,458,5,2,0.0490837695819896,0.49028695245994525,0.021908935217773255,0.42499345716785425
commons-dbcp,13,fp_repair_frac_0.75,458,5,344,0.011489796143049059,0.4900659417466898,0.009421662307053187,0.5332032043332848
commons-dbcp,13,fn_repair_frac_0.75,458,5,4,0.04328739404726413,0.48431330899297187,0.022794903026156096,0.45242671220695196
commons-dbcp,13,fp_repair_frac_1.00,458,5,458,0.09004598006312031,0.559801041958205,0.01476992684099129,0.5617887982264944
commons-dbcp,13,fn_repair_frac_1.00,458,5,5,0.052109534977974416,0.493105689461239,0.02477139089764805,0.4515175171332678
commons-dbcp,13,fn_repair_immediate,458,5,5,0.032265308474795515,0.4663674788699903,0.05600643208495117,0.7048561503308208
commons-dbcp,13,fn_repair_at_window,458,5,5,0.041037252816070416,0.5463680838144548,0.05154923129443768,0.7053376651663346
commons-dbcp,21,BSZZ,458,5,0,0.0336664994796164,0.4787364112419636,0.019401641976302446,0.4230750024122139
commons-dbcp,21,BSZZ_immediate,458,5,0,0.030347085797929937,0.4717895192801988,0.05594690650761029,0.702411423377457
commons-dbcp,21,BSZZ_at_window,458,5,0,0.046116769516731396,0.5462176795073785,0.04456328452505488,0.6777895119085445
commons-dbcp,21,fp_repair_matched,458,5,5,0.06388019685269226,0.5087390257044636,0.026317293485941574,0.4568829550731388
commons-dbcp,21,fp_repair_frac_0.25,458,5,114,0.0351918597902323,0.4960038971623659,0.016686109595304654,0.45542945880898417
commons-dbcp,21,fn_repair_frac_0.25,458,5,1,0.02978988864280562,0.48377816851046934,0.019737936334145327,0.46950232101515227
commons-dbcp,21,fp_repair_frac_0.50,458,5,229,0.03741580912729836,0.5065909741563399,0.013920075588683078,0.43842540193025803
commons-dbcp,21,fn_repair_frac_0.50,458,5,2,0.029490483960264737,0.4796037472135254,0.016697561440456667,0.42725746868939857
commons-dbcp,21,fp_repair_frac_0.75,458,5,344,0.07410228697925925,0.543578679934355,0.02308196642399681,0.5044810617508415
commons-dbcp,21,fn_repair_frac_0.75,458,5,4,0.030668161697132122,0.4860666485776453,0.018958928425450466,0.4653205814647248
commons-dbcp,21,fp_repair_frac_1.00,458,5,458,0.05951334173321937,0.5331272430895706,0.011235052302852384,0.5471781056679178
commons-dbcp,21,fn_repair_frac_1.00,458,5,5,0.03228387011673168,0.49122012499581125,0.016820621517674758,0.44686952483960174
commons-dbcp,21,fn_repair_immediate,458,5,5,0.032580642472164516,0.4683416702832889,0.05801875856541617,0.7145242815622725
commons-dbcp,21,fn_repair_at_window,458,5,5,0.04665320678435466,0.5370810522244547,0.02851106484226509,0.6110538251641385
commons-dbcp,42,BSZZ,458,5,0,0.040123874766631464,0.4957431634272747,0.023454897974825466,0.4633492657439512
commons-dbcp,42,BSZZ_immediate,458,5,0,0.025536200535875388,0.4682811770931152,0.05864675859783712,0.7187968468562342
commons-dbcp,42,BSZZ_at_window,458,5,0,0.04942946993127493,0.5526009845004296,0.04635632525632387,0.6856510234970657
commons-dbcp,42,fp_repair_matched,458,5,5,0.040133150368740704,0.48767053689563944,0.01792192884472538,0.4427316862772814
commons-dbcp,42,fp_repair_frac_0.25,458,5,114,0.04979965289065014,0.5045944171487974,0.022822165783414776,0.45248492025899256
commons-dbcp,42,fn_repair_frac_0.25,458,5,1,0.018297747377663577,0.4760499157439488,0.016250206805411217,0.4441710108552361
commons-dbcp,42,fp_repair_frac_0.50,458,5,229,0.04161865171936761,0.5055730166614506,0.019390871967014722,0.47036642149192864
commons-dbcp,42,fn_repair_frac_0.50,458,5,2,0.043664802952106244,0.4923897841821414,0.02170136974099456,0.4354048227807828
commons-dbcp,42,fp_repair_frac_0.75,458,5,344,0.08682240751721786,0.5630591687629032,0.044736944305826594,0.6650858587335011
commons-dbcp,42,fn_repair_frac_0.75,458,5,4,0.03624402908284982,0.47594172978151844,0.02146528237831753,0.43302164707432916
commons-dbcp,42,fp_repair_frac_1.00,458,5,458,0.06698629788057758,0.5427342317121824,0.01478830054854079,0.5618639144537048
commons-dbcp,42,fn_repair_frac_1.00,458,5,5,0.03630539941207537,0.4764779406686076,0.022086377125553946,0.4392832386884786
commons-dbcp,42,fn_repair_immediate,458,5,5,0.007394731878115486,0.45387420528102373,0.053616901010663756,0.6922646712417475
commons-dbcp,42,fn_repair_at_window,458,5,5,0.055764066243411514,0.5558578484169316,0.04436316696169181,0.6777485901595204
commons-dbcp,77,BSZZ,458,5,0,0.07714888915417001,0.5258930074459701,0.022626547883451545,0.4465473895756437
commons-dbcp,77,BSZZ_immediate,458,5,0,0.031068953992916145,0.4645928793194741,0.058569850615024684,0.7183522832118316
commons-dbcp,77,BSZZ_at_window,458,5,0,0.06315249157330174,0.5691594746918787,0.044727565488380625,0.6802002801454815
commons-dbcp,77,fp_repair_matched,458,5,5,0.042828287611296624,0.48906259083633574,0.021835499475113308,0.43661181291421647
commons-dbcp,77,fp_repair_frac_0.25,458,5,114,0.016626287566789393,0.4743454881306279,0.012483921751399773,0.41221131743078043
commons-dbcp,77,fn_repair_frac_0.25,458,5,1,0.08589037995100578,0.5317474566073607,0.026075644245906998,0.4634877909734024
commons-dbcp,77,fp_repair_frac_0.50,458,5,229,0.009017850562349064,0.4994891041095394,0.023049188567192715,0.5133999513391667
commons-dbcp,77,fn_repair_frac_0.50,458,5,2,0.0790415559073387,0.5182265823877792,0.02083592377822465,0.4229201354763552
commons-dbcp,77,fp_repair_frac_0.75,458,5,344,0.07397879438286005,0.5290967784320825,-0.02917740764704156,0.3394075815232088
commons-dbcp,77,fn_repair_frac_0.75,458,5,4,0.04295626240823897,0.4887214793862393,0.023135544093630174,0.4431577761696337
commons-dbcp,77,fp_repair_frac_1.00,458,5,458,0.0743861472328127,0.5491458932683252,0.011138888003496494,0.546775115146745
commons-dbcp,77,fn_repair_frac_1.00,458,5,5,0.019891371509682534,0.4651441836009831,0.020103585341617027,0.4343015405615481
commons-dbcp,77,fn_repair_immediate,458,5,5,0.02286580008225047,0.4568891602210644,0.053200843275522054,0.6894198635921822
commons-dbcp,77,fn_repair_at_window,458,5,5,0.06313871423398078,0.5683878668796163,0.04679975138675723,0.6877342194623949
commons-dbcp,101,BSZZ,458,5,0,0.011206193366761921,0.4670102124639649,0.01767907406732317,0.4451758014757439
commons-dbcp,101,BSZZ_immediate,458,5,0,0.04568964450913342,0.47792689601121974,0.05842972243838635,0.711258721169832
commons-dbcp,101,BSZZ_at_window,458,5,0,0.046878701022575964,0.5531947924553813,0.051890238430690606,0.7066115456507347
commons-dbcp,101,fp_repair_matched,458,5,5,0.025762693943400607,0.4798337164415561,0.021294854977380748,0.448971821720483
commons-dbcp,101,fp_repair_frac_0.25,458,5,114,0.02848340841786206,0.48803734992581205,0.021454528405750874,0.4801148204806537
commons-dbcp,101,fn_repair_frac_0.25,458,5,1,0.036066351709241454,0.4891512692118412,0.023495195663448133,0.4681321954163407
commons-dbcp,101,fp_repair_frac_0.50,458,5,229,0.005248226580174318,0.47853288475342115,0.0063667212241102986,0.42105661789789395
commons-dbcp,101,fn_repair_frac_0.50,458,5,2,0.025187894252467594,0.480115251485619,0.022462495961090793,0.46899736402212255
commons-dbcp,101,fp_repair_frac_0.75,458,5,344,0.03341270567690913,0.5092772089288996,0.017118070146399406,0.5134234196835359
commons-dbcp,101,fn_repair_frac_0.75,458,5,4,0.005201350166420082,0.465075834656042,0.018132485689129674,0.45651721814342994
commons-dbcp,101,fp_repair_frac_1.00,458,5,458,0.07835651453188289,0.5503383337332176,0.012089855203805636,0.5507372554846285
commons-dbcp,101,fn_repair_frac_1.00,458,5,5,0.0358806020670342,0.48382663408219706,0.01766612400265841,0.42680976869302
commons-dbcp,101,fn_repair_immediate,458,5,5,0.023912996469629823,0.4628631606428109,0.057148375742710984,0.7115737499150669
commons-dbcp,101,fn_repair_at_window,458,5,5,0.05065415276860655,0.5426242402247562,0.04317304451124445,0.6681652221142658
commons-dbcp,123,BSZZ,458,5,0,0.052127136556822294,0.49760740074612425,0.02441816810611023,0.4443583708918436
commons-dbcp,123,BSZZ_immediate,458,5,0,0.03752245346306483,0.4763885724658719,0.0608935118091651,0.7298910668244897
commons-dbcp,123,BSZZ_at_window,458,5,0,0.05357230610056349,0.5558342154850606,0.04555527008601683,0.6824150565482847
commons-dbcp,123,fp_repair_matched,458,5,5,0.08848991670848606,0.5397090395805076,0.0297364273436562,0.5006995088331642
commons-dbcp,123,fp_repair_frac_0.25,458,5,114,-0.010738045236176495,0.4560878465412057,0.02097362887459105,0.4817843101589218
commons-dbcp,123,fn_repair_frac_0.25,458,5,1,0.02595695880223373,0.48872927522768067,0.012519084852626084,0.447435341273119
commons-dbcp,123,fp_repair_frac_0.50,458,5,229,0.06835305915833924,0.5297154145294337,0.018316350316303128,0.4882658360336467
commons-dbcp,123,fn_repair_frac_0.50,458,5,2,0.0656463122878754,0.5249776317401991,0.024943739540252072,0.4652526131808157
commons-dbcp,123,fp_repair_frac_0.75,458,5,344,0.032565153189164135,0.49493480285835256,0.019139717404588127,0.5663586518908466
commons-dbcp,123,fn_repair_frac_0.75,458,5,4,0.023165826613306847,0.4769401619163615,0.013721725180667842,0.42237943515197823
commons-dbcp,123,fp_repair_frac_1.00,458,5,458,0.0809443289644167,0.5519674467196933,0.012324889406004293,0.5517111587374381
commons-dbcp,123,fn_repair_frac_1.00,458,5,5,0.0242618125254353,0.4823592356025371,0.0161362649608352,0.4431897716364463
commons-dbcp,123,fn_repair_immediate,458,5,5,0.02195358513916202,0.4627116318821198,0.057205383914622196,0.7172355128502386
commons-dbcp,123,fn_repair_at_window,458,5,5,0.05170887129083005,0.5508074005098679,0.04167363646957828,0.6678458058281179
commons-dbcp,202,BSZZ,458,5,0,0.06504386254754732,0.5117883954201218,0.022941987301258956,0.43658555282322276
commons-dbcp,202,BSZZ_immediate,458,5,0,0.03937705286682441,0.4753149016423197,0.055409754280444944,0.7015948233688537
commons-dbcp,202,BSZZ_at_window,458,5,0,0.058955669291421854,0.5601757239460355,0.03712892945826911,0.6508617720609113
commons-dbcp,202,fp_repair_matched,458,5,5,0.06045125820706287,0.5093053598354017,0.02918450717018704,0.48661550698431366
commons-dbcp,202,fp_repair_frac_0.25,458,5,114,0.02146183762913965,0.4924784723234443,0.011171703946275797,0.43900102348713876
commons-dbcp,202,fn_repair_frac_0.25,458,5,1,0.05368866391792333,0.5091514678326691,0.02677741003210402,0.4817868776152924
commons-dbcp,202,fp_repair_frac_0.50,458,5,229,0.07958514978232901,0.5508952406275786,0.015406208658774689,0.47606664470983284
commons-dbcp,202,fn_repair_frac_0.50,458,5,2,0.04990636327844456,0.5041117475415078,0.024419739779512076,0.4703426802368653
commons-dbcp,202,fp_repair_frac_0.75,458,5,344,0.08096467032694867,0.5524584241008681,0.03780366983832489,0.6284340037050493
commons-dbcp,202,fn_repair_frac_0.75,458,5,4,0.04396872346117591,0.484813015030257,0.02157699219482002,0.4444326685535178
commons-dbcp,202,fp_repair_frac_1.00,458,5,458,0.08060579730612226,0.5473029673683764,0.010861312842932055,0.5456142526417954
commons-dbcp,202,fn_repair_frac_1.00,458,5,5,0.05701617427207867,0.49767873456375344,0.020588249233680505,0.4227582525240151
commons-dbcp,202,fn_repair_immediate,458,5,5,0.03680796690625446,0.47578213329935987,0.05491902645736886,0.6988778385149013
commons-dbcp,202,fn_repair_at_window,458,5,5,0.043480476678772646,0.5444458803527975,0.03391926520140058,0.6380485682694134
commons-dbcp,314,BSZZ,458,5,0,0.03671545692017,0.48607309567591916,0.018729163218830596,0.42368933864042013
commons-dbcp,314,BSZZ_immediate,458,5,0,0.03119422371335194,0.4655972409208668,0.05959355626336377,0.7235151550994782
commons-dbcp,314,BSZZ_at_window,458,5,0,0.049908698378615224,0.5406553924148007,0.024807649400949938,0.6022613871027284
commons-dbcp,314,fp_repair_matched,458,5,5,0.03813661523060229,0.4904488310226123,0.01929533235241777,0.42917007064335716
commons-dbcp,314,fp_repair_frac_0.25,458,5,114,0.04856584551862785,0.5065967121723365,0.01674540414975303,0.43100945429895376
commons-dbcp,314,fn_repair_frac_0.25,458,5,1,0.032984241787207026,0.48794132510585386,0.02130421387097634,0.44400805932475784
commons-dbcp,314,fp_repair_frac_0.50,458,5,229,0.03228436039658899,0.5094411961611759,0.026812316716821955,0.5313641510664744
commons-dbcp,314,fn_repair_frac_0.50,458,5,2,0.03603306276178359,0.4864113109185872,0.021546251451439753,0.4413382311409092
commons-dbcp,314,fp_repair_frac_0.75,458,5,344,0.027394779357776053,0.505259137864986,0.0009209676758903933,0.4413935790416686
commons-dbcp,314,fn_repair_frac_0.75,458,5,4,0.024210266350920676,0.47208877503261104,0.01838909851403492,0.4314179360698459
commons-dbcp,314,fp_repair_frac_1.00,458,5,458,0.08341800639162127,0.5570923553486212,0.014879178417339914,0.5622495632124671
commons-dbcp,314,fn_repair_frac_1.00,458,5,5,0.034550188643472125,0.4799756447503762,0.023365790920002266,0.4508599150398933
commons-dbcp,314,fn_repair_immediate,458,5,5,0.04323715090448811,0.4765817046498811,0.06448547967416697,0.7424984855939306
commons-dbcp,314,fn_repair_at_window,458,5,5,0.04317498041340298,0.5489009866411813,0.05288334422496918,0.7102042373995027
commons-dbcp,999,BSZZ,458,5,0,0.038778764652551576,0.48209225762530583,0.02056352096219268,0.4270402145970188
commons-dbcp,999,BSZZ_immediate,458,5,0,0.04357770316622414,0.4710217465616023,0.057438279805105116,0.7103029131175861
commons-dbcp,999,BSZZ_at_window,458,5,0,0.0754199458047307,0.5684154642052789,0.03544564847912162,0.6427679580882903
commons-dbcp,999,fp_repair_matched,458,5,5,0.05837939512982749,0.5041853092732305,0.022635291507691144,0.43789797056988755
commons-dbcp,999,fp_repair_frac_0.25,458,5,114,0.05137571969456724,0.5089438218564526,0.03317776982867631,0.540020999991661
commons-dbcp,999,fn_repair_frac_0.25,458,5,1,0.07593243743616568,0.5203522057680307,0.021336252196998817,0.425268777710386
commons-dbcp,999,fp_repair_frac_0.50,458,5,229,0.04983236046477626,0.5080067435635472,0.030443547327423135,0.5303214876253705
commons-dbcp,999,fn_repair_frac_0.50,458,5,2,0.04028224764899561,0.49433015851495876,0.022332835894202565,0.45479565402788924
commons-dbcp,999,fp_repair_frac_0.75,458,5,344,0.02207791432498849,0.4980502795741812,0.0124815041541235,0.4724433190373459
commons-dbcp,999,fn_repair_frac_0.75,458,5,4,0.03816950789562261,0.4888394409360958,0.022525991878889443,0.45665261666964396
commons-dbcp,999,fp_repair_frac_1.00,458,5,458,0.09485881210488584,0.5658764788772859,0.014612037203004804,0.5611117526933767
commons-dbcp,999,fn_repair_frac_1.00,458,5,5,0.0425175677485028,0.5022270573812182,0.023957338547202625,0.45866863309032896
commons-dbcp,999,fn_repair_immediate,458,5,5,0.029978692283377732,0.46328672365774337,0.056593088888535904,0.7080179780602968
commons-dbcp,999,fn_repair_at_window,458,5,5,0.07063315126796019,0.5673118164878195,0.06266560390208695,0.7452905185842578
commons-digester,7,BSZZ,217,5,0,-0.018153676427472752,0.39588326772489146,0.03520244925625362,0.5155439917295163
commons-digester,7,BSZZ_immediate,217,5,0,-0.014395991113120355,0.4634648150359394,0.017537785357500828,0.516308552725267
commons-digester,7,BSZZ_at_window,217,5,0,0.01669430660012032,0.48711504098962605,0.1213258844078423,0.5975272535033662
commons-digester,7,fp_repair_matched,217,5,5,-0.006584020297522707,0.4111361662919059,0.0430009423449642,0.5256366189222303
commons-digester,7,fp_repair_frac_0.25,217,5,54,-0.03383814882780951,0.3799131082381455,0.00886020705442653,0.4968692094277402
commons-digester,7,fn_repair_frac_0.25,217,5,1,-0.017679388124633696,0.39675852919752785,0.04159949328712164,0.52748601289045
commons-digester,7,fp_repair_frac_0.50,217,5,108,-0.03509835538690306,0.35898736666678105,-0.07008405622250616,0.39912339325631635
commons-digester,7,fn_repair_frac_0.50,217,5,2,-0.017169807548826802,0.3988745882020162,0.04251243260707134,0.5297875669760437
commons-digester,7,fp_repair_frac_0.75,217,5,163,-0.0063115088169767315,0.41891371639508773,-0.10738527052651743,0.3375463752058338
commons-digester,7,fn_repair_frac_0.75,217,5,4,-0.0178049966527011,0.39641383091139665,0.0433378884327672,0.5307040670258301
commons-digester,7,fp_repair_frac_1.00,217,5,217,0.028240911795095854,0.41751878124789277,-0.08880380865727412,0.3800541317395631
commons-digester,7,fn_repair_frac_1.00,217,5,5,-0.01743848925257036,0.3982373186362436,0.03815618416061675,0.5217150804780715
commons-digester,7,fn_repair_immediate,217,5,5,-0.024274020790845834,0.4221960019561833,0.014086922864344768,0.5091474482645418
commons-digester,7,fn_repair_at_window,217,5,5,0.01593079944582907,0.48661793008807075,0.06825093299352103,0.5631597228025296
commons-digester,13,BSZZ,217,5,0,-0.030416086143423626,0.37684503422806287,0.025916416429268285,0.5032264938943852
commons-digester,13,BSZZ_immediate,217,5,0,-0.054628182641093696,0.37242894989867037,0.003432612704562321,0.4948078092157114
commons-digester,13,BSZZ_at_window,217,5,0,0.00891794146445723,0.47124263009847744,0.1270047762918244,0.595080530473073
commons-digester,13,fp_repair_matched,217,5,5,-0.016602301610034443,0.39894974238470987,0.036270430003875434,0.5181985582492884
commons-digester,13,fp_repair_frac_0.25,217,5,54,0.009088884483987267,0.44569063706231665,0.043716880537583366,0.5282466708076354
commons-digester,13,fn_repair_frac_0.25,217,5,1,-0.030416086143423626,0.37684503422806287,0.025916416429268285,0.5032264938943852
commons-digester,13,fp_repair_frac_0.50,217,5,108,-0.06596074772592198,0.20650921804144362,-0.09140704993571432,0.3703635827809708
commons-digester,13,fn_repair_frac_0.50,217,5,2,-0.03034615634179892,0.3769920504844098,0.029058164424856127,0.5090490110260645
commons-digester,13,fp_repair_frac_0.75,217,5,163,-0.040247864690353935,0.3591301687444367,-0.11166470578314963,0.3090035249206333
commons-digester,13,fn_repair_frac_0.75,217,5,4,-0.03207746758384104,0.37430444249197553,0.030595165991156803,0.5118877951553088
commons-digester,13,fp_repair_frac_1.00,217,5,217,0.020465252318536034,0.4169101769969192,-0.09072992511273356,0.3779432325411791
commons-digester,13,fn_repair_frac_1.00,217,5,5,-0.03207746758384104,0.37430444249197553,0.030595165991156803,0.5118877951553088
commons-digester,13,fn_repair_immediate,217,5,5,-0.04983000174523445,0.37102504725987423,-0.0009587264766929278,0.4848089712370501
commons-digester,13,fn_repair_at_window,217,5,5,0.00876767510903442,0.4711604116843928,0.09995948177006295,0.5807880681045055
commons-digester,21,BSZZ,217,5,0,-0.02489971415386053,0.38080787275977973,0.02836073706615999,0.5087645787981624
commons-digester,21,BSZZ_immediate,217,5,0,-0.02649628430256452,0.41649262274342985,0.008869090778744025,0.49990114570723243
commons-digester,21,BSZZ_at_window,217,5,0,0.060600760137284264,0.6095442096799095,0.10372426188943913,0.5893073098460578
commons-digester,21,fp_repair_matched,217,5,5,0.002378582247765246,0.42443485723465474,0.03617266338142564,0.5137199809493678
commons-digester,21,fp_repair_frac_0.25,217,5,54,-0.02974127506097248,0.3417368048592129,0.03440761316610961,0.5105935354093297
commons-digester,21,fn_repair_frac_0.25,217,5,1,-0.02489971415386053,0.38080787275977973,0.02836073706615999,0.5087645787981624
commons-digester,21,fp_repair_frac_0.50,217,5,108,-0.0527662333369233,0.3061878256775723,-0.08051476396487471,0.3860135504856305
commons-digester,21,fn_repair_frac_0.50,217,5,2,-0.02489971415386053,0.38080787275977973,0.02836073706615999,0.5087645787981624
commons-digester,21,fp_repair_frac_0.75,217,5,163,-0.031480699268859186,0.3387984364843347,-0.13729876181496448,0.2727403035967893
commons-digester,21,fn_repair_frac_0.75,217,5,4,-0.025016934754323854,0.38060841123357453,0.017624192195571306,0.4888608096423179
commons-digester,21,fp_repair_frac_1.00,217,5,217,0.02588339490172941,0.4187777129923719,-0.08844860173938512,0.3804435923016094
commons-digester,21,fn_repair_frac_1.00,217,5,5,-0.02489971415386053,0.38080787275977973,0.02836073706615999,0.5087645787981624
commons-digester,21,fn_repair_immediate,217,5,5,-0.045053391914309376,0.3800426936995318,0.016602179963830694,0.5131641142249154
commons-digester,21,fn_repair_at_window,217,5,5,0.0610084025569803,0.609762023458645,0.0946560381232828,0.5835825795749459
commons-digester,42,BSZZ,217,5,0,-0.0324324908228544,0.36945414242889235,0.029846152232487183,0.5105052393380091
commons-digester,42,BSZZ_immediate,217,5,0,-0.0062006803047666694,0.458735518319505,0.004512626837663305,0.49279845627334623
commons-digester,42,BSZZ_at_window,217,5,0,0.03238485622507939,0.5355658968469154,0.0927189962914203,0.5732346779160113
commons-digester,42,fp_repair_matched,217,5,5,-0.009539672077383278,0.40406658694868614,0.043596816196230695,0.5267655235279025
commons-digester,42,fp_repair_frac_0.25,217,5,54,-0.013261731721422247,0.37124009768552707,-0.04538336806158747,0.4309811407753153
commons-digester,42,fn_repair_frac_0.25,217,5,1,-0.031587669293664945,0.37145551184494613,0.03417328982552396,0.5184686415323396
commons-digester,42,fp_repair_frac_0.50,217,5,108,-0.029004455720159177,0.3770316400302174,-0.07322870485879043,0.3959519878237099
commons-digester,42,fn_repair_frac_0.50,217,5,2,-0.03250237719269016,0.3693075958099625,0.02670996749552446,0.5046995224112851
commons-digester,42,fp_repair_frac_0.75,217,5,163,-0.01846984734376529,0.3908954768689795,-0.1448710376723461,0.2873900499685956
commons-digester,42,fn_repair_frac_0.75,217,5,4,-0.031587669293664945,0.37145551184494613,0.03417328982552396,0.5184686415323396
commons-digester,42,fp_repair_frac_1.00,217,5,217,0.029978132431859723,0.4173463060616639,-0.09071554726701742,0.3779589831509832
commons-digester,42,fn_repair_frac_1.00,217,5,5,-0.031587669293664945,0.37145551184494613,0.03417328982552396,0.5184686415323396
commons-digester,42,fn_repair_immediate,217,5,5,-0.023806219525986872,0.42299667917990813,0.015167378464699875,0.5108739295514468
commons-digester,42,fn_repair_at_window,217,5,5,0.02738764670104208,0.5253467780498521,0.04219866509568865,0.48368935802862156
commons-digester,77,BSZZ,217,5,0,-0.020455508610225617,0.37438647821819576,0.04113371113956498,0.5320211124819622
commons-digester,77,BSZZ_immediate,217,5,0,-0.007794919182910912,0.4502328461006336,0.008911103142023216,0.4999658949889199
commons-digester,77,BSZZ_at_window,217,5,0,0.006470788249020761,0.4564444154873452,0.1115091576741355,0.5871911290091061
commons-digester,77,fp_repair_matched,217,5,5,-0.04486590966850291,0.321762802492992,0.03433662360672574,0.518771841969376
commons-digester,77,fp_repair_frac_0.25,217,5,54,-0.058842331851067506,0.308061392731649,-0.09774296911040069,0.367143226573092
commons-digester,77,fn_repair_frac_0.25,217,5,1,-0.020455508610225617,0.37438647821819576,0.04113371113956498,0.5320211124819622
commons-digester,77,fp_repair_frac_0.50,217,5,108,0.006393051533079948,0.4546122859140463,0.04241729650696299,0.5350227147156175
commons-digester,77,fn_repair_frac_0.50,217,5,2,-0.020455508610225617,0.37438647821819576,0.04113371113956498,0.5320211124819622
commons-digester,77,fp_repair_frac_0.75,217,5,163,-0.011352120008563596,0.37279794600895594,-0.03616378317184747,0.4357346748934332
commons-digester,77,fn_repair_frac_0.75,217,5,4,-0.016639050798659877,0.37927149088835516,0.045369127949475674,0.5395917131195711
commons-digester,77,fp_repair_frac_1.00,217,5,217,0.02866289873765745,0.41662230629916946,-0.09093444359897054,0.3777191987018579
commons-digester,77,fn_repair_frac_1.00,217,5,5,-0.016639050798659877,0.37927149088835516,0.045369127949475674,0.5395917131195711
commons-digester,77,fn_repair_immediate,217,5,5,-0.02996762695551299,0.4076396160233587,0.011713937494135658,0.505343703988271
commons-digester,77,fn_repair_at_window,217,5,5,0.001342213119196133,0.449261972758487,0.017075356527203933,0.460599629854517
commons-digester,101,BSZZ,217,5,0,-0.0004481916967174386,0.43050592041675706,0.02722767999254001,0.5066704835793989
commons-digester,101,BSZZ_immediate,217,5,0,0.007690910344651967,0.4721756963003045,0.009560443902358195,0.4981889013601933
commons-digester,101,BSZZ_at_window,217,5,0,0.06831508111644695,0.6397179975793104,0.07365656388504432,0.564831914681383
commons-digester,101,fp_repair_matched,217,5,5,-0.04704877591733932,0.3135072999723301,0.02832779939241251,0.5087102496765307
commons-digester,101,fp_repair_frac_0.25,217,5,54,-0.061132683124624214,0.2518583017269172,-0.13727072017810632,0.32623841638101586
commons-digester,101,fn_repair_frac_0.25,217,5,1,-0.0004481916967174386,0.43050592041675706,0.02722767999254001,0.5066704835793989
commons-digester,101,fp_repair_frac_0.50,217,5,108,-0.017367510551230664,0.33984898731594476,-0.05510052688312082,0.42262017234120214
commons-digester,101,fn_repair_frac_0.50,217,5,2,-0.00030365432114659737,0.4308068451146568,0.033407845530971245,0.5180161189035707
commons-digester,101,fp_repair_frac_0.75,217,5,163,-0.014780919961706454,0.3457881221865023,-0.16060187302945106,0.2829341046572806
commons-digester,101,fn_repair_frac_0.75,217,5,4,-0.0008023542496020398,0.4296162537833081,0.027911007869449268,0.5079303571797897
commons-digester,101,fp_repair_frac_1.00,217,5,217,0.02749544884658658,0.41949941632789794,-0.08745216319116982,0.3815363722265842
commons-digester,101,fn_repair_frac_1.00,217,5,5,-0.0008023542496020398,0.4296162537833081,0.027911007869449268,0.5079303571797897
commons-digester,101,fn_repair_immediate,217,5,5,-0.025257026567364498,0.4245618555756251,0.011237690484276357,0.5045784278390278
commons-digester,101,fn_repair_at_window,217,5,5,0.06907903854357023,0.6399711545586738,0.049829690221919194,0.5455809422034812
commons-digester,123,BSZZ,217,5,0,-0.04026753513119122,0.32694639490137584,0.03195421842495088,0.5101095773146995
commons-digester,123,BSZZ_immediate,217,5,0,-0.014362331708494831,0.41932429583771674,0.006832232543652471,0.4936626226805293
commons-digester,123,BSZZ_at_window,217,5,0,0.00926563717036767,0.45408863773936187,0.05372424767605839,0.5441519460377979
commons-digester,123,fp_repair_matched,217,5,5,-0.01943926218637005,0.39309717662356763,0.032371459638984704,0.5108902209015783
commons-digester,123,fp_repair_frac_0.25,217,5,54,-0.004016746312141172,0.4412719992619417,0.0430541103755814,0.5307805460323954
commons-digester,123,fn_repair_frac_0.25,217,5,1,-0.040903879992592845,0.32533422770389686,0.02924795567530077,0.5050072982215374
commons-digester,123,fp_repair_frac_0.50,217,5,108,-0.04112646457866448,0.27741107251709635,0.032928366669218244,0.5171551355372435
commons-digester,123,fn_repair_frac_0.50,217,5,2,-0.040903879992592845,0.32533422770389686,0.02924795567530077,0.5050072982215374
commons-digester,123,fp_repair_frac_0.75,217,5,163,-0.015212346310955875,0.4200767680171495,-0.0466095755826137,0.43775138989408807
commons-digester,123,fn_repair_frac_0.75,217,5,4,-0.040834494648028484,0.3254831684000227,0.032376119406279,0.5109031804699888
commons-digester,123,fp_repair_frac_1.00,217,5,217,0.027085128589512123,0.41362563333598246,-0.09097562844898653,0.3776740866015996
commons-digester,123,fn_repair_frac_1.00,217,5,5,-0.04102232841218701,0.32499684311672516,0.030815315978991037,0.5079647543637564
commons-digester,123,fn_repair_immediate,217,5,5,-0.05020612320171492,0.36407001746485984,0.0008534643643279784,0.4877646672018852
commons-digester,123,fn_repair_at_window,217,5,5,0.006978573797044982,0.45287111056113155,0.045685720047954875,0.5374446729953604
commons-digester,202,BSZZ,217,5,0,-0.03644129973863458,0.32828469094325546,-0.04134715719734437,0.4333138668518372
commons-digester,202,BSZZ_immediate,217,5,0,0.008931000166013631,0.47348900445139147,0.013749201747674147,0.5051123309396622
commons-digester,202,BSZZ_at_window,217,5,0,0.036815308264301794,0.5519862435613101,0.07435132493036406,0.5611651193822208
commons-digester,202,fp_repair_matched,217,5,5,-0.0191395554402471,0.39135435454380396,0.04566940254717944,0.5355888245424586
commons-digester,202,fp_repair_frac_0.25,217,5,54,-0.04233832434147271,0.32899010376299226,0.027152009576434887,0.506541282294374
commons-digester,202,fn_repair_frac_0.25,217,5,1,-0.03602009803896108,0.32904869039752427,-0.04170733203568398,0.4327677526720031
commons-digester,202,fp_repair_frac_0.50,217,5,108,-0.029843214514106844,0.37799783373557044,-0.060903585275875805,0.40958761917087844
commons-digester,202,fn_repair_frac_0.50,217,5,2,-0.023813114818769524,0.38478779820017467,0.03190423875603181,0.5110657511837858
commons-digester,202,fp_repair_frac_0.75,217,5,163,0.005079375983414404,0.39510091054215385,-0.05876746464409719,0.41727734565607144
commons-digester,202,fn_repair_frac_0.75,217,5,4,-0.023813114818769524,0.38478779820017467,0.03190423875603181,0.5110657511837858
commons-digester,202,fp_repair_frac_1.00,217,5,217,0.02522767377362034,0.4184838168278118,-0.09060644815591086,0.37807850224958345
commons-digester,202,fn_repair_frac_1.00,217,5,5,-0.023813114818769524,0.38478779820017467,0.03190423875603181,0.5110657511837858
commons-digester,202,fn_repair_immediate,217,5,5,-0.026628097052675413,0.4174173130026429,0.001754314255493293,0.48922836779444084
commons-digester,202,fn_repair_at_window,217,5,5,0.036514396697934534,0.5516738375083376,0.03850927914722046,0.5322403266890435
commons-digester,314,BSZZ,217,5,0,0.008611339171628943,0.4549912539712294,0.0387733690904643,0.5182724912224855
commons-digester,314,BSZZ_immediate,217,5,0,-0.027031394467880162,0.41063891799543406,0.009257654715522973,0.5005322869643445
commons-digester,314,BSZZ_at_window,217,5,0,0.04383579893390729,0.5758249884034692,0.11777426606453963,0.5923571269234108
commons-digester,314,fp_repair_matched,217,5,5,0.000315309447964978,0.4457001036910399,0.03557667537901032,0.5168952249207086
commons-digester,314,fp_repair_frac_0.25,217,5,54,-0.031633282413213386,0.3748120676969734,0.037463943419590535,0.5244825813550481
commons-digester,314,fn_repair_frac_0.25,217,5,1,0.008611339171628943,0.4549912539712294,0.0387733690904643,0.5182724912224855
commons-digester,314,fp_repair_frac_0.50,217,5,108,-0.04047571371612274,0.3308826211133704,0.039321023558742736,0.5287629242340357
commons-digester,314,fn_repair_frac_0.50,217,5,2,0.008611339171628943,0.4549912539712294,0.0387733690904643,0.5182724912224855
commons-digester,314,fp_repair_frac_0.75,217,5,163,-0.046982560622768885,0.2842071450033306,0.041498164682217356,0.5286764346671446
commons-digester,314,fn_repair_frac_0.75,217,5,4,0.008570555889116031,0.45482061459458584,0.04332175514206587,0.5268986013326638
commons-digester,314,fp_repair_frac_1.00,217,5,217,0.026273167691233675,0.41746474882084833,-0.09068456250085265,0.3779929266335037
commons-digester,314,fn_repair_frac_1.00,217,5,5,0.008570555889116031,0.45482061459458584,0.04332175514206587,0.5268986013326638
commons-digester,314,fn_repair_immediate,217,5,5,-0.05046877052791603,0.3633776897511508,0.010495149552360073,0.5033873468190693
commons-digester,314,fn_repair_at_window,217,5,5,0.044964909517125555,0.5763862002386917,0.08725460652558852,0.5743806467187585
commons-digester,999,BSZZ,217,5,0,-0.03381650844515831,0.3336211604909118,0.02926573299728472,0.5054416299911282
commons-digester,999,BSZZ_immediate,217,5,0,-0.005028330974831921,0.4656560290753142,0.004923180266051436,0.4934691495562661
commons-digester,999,BSZZ_at_window,217,5,0,-0.010603408896692472,0.35186875524259,0.04791186566557018,0.5393337358837678
commons-digester,999,fp_repair_matched,217,5,5,-0.0035752828334533575,0.4507564137655069,0.032399142070753624,0.5109355449171804
commons-digester,999,fp_repair_frac_0.25,217,5,54,-0.02354719708519922,0.3745528607840435,0.042763124245222016,0.5302498049002611
commons-digester,999,fn_repair_frac_0.25,217,5,1,-0.021376782319065327,0.3539900665267694,0.038319888542910435,0.5178198406924215
commons-digester,999,fp_repair_frac_0.50,217,5,108,-0.01594691593921877,0.3994295961448841,-0.061124529406565146,0.40589040899579526
commons-digester,999,fn_repair_frac_0.50,217,5,2,-0.033506633573989045,0.3343778925487374,0.03280209000998729,0.512091870369823
commons-digester,999,fp_repair_frac_0.75,217,5,163,-0.016912638391690313,0.3762873726020274,-0.08112100836357558,0.38479865527590895
commons-digester,999,fn_repair_frac_0.75,217,5,4,-0.02141574981170721,0.3538343952124982,0.04284127949391866,0.5263845720672934
commons-digester,999,fp_repair_frac_1.00,217,5,217,0.03264467534174973,0.42483948691307194,-0.09051328550278294,0.37818056759958196
commons-digester,999,fn_repair_frac_1.00,217,5,5,-0.02134235020419514,0.35399114754449845,0.04583798545539147,0.5320166096801919
commons-digester,999,fn_repair_immediate,217,5,5,-0.042266348467273965,0.4071095703318611,-0.004004936943969988,0.4825989684592365
commons-digester,999,fn_repair_at_window,217,5,5,-0.011954900843162012,0.3510212718630317,0.03465114639888204,0.5276342552164536
commons-io,7,BSZZ,305,14,0,0.08809703017387333,0.588353078720438,0.11081040375638421,0.7976664787124903
commons-io,7,BSZZ_immediate,305,14,0,0.07879781536214799,0.5528665427925132,0.08637676360167969,0.7395893141058384
commons-io,7,BSZZ_at_window,305,14,0,0.08670815940783713,0.5684657556150569,0.005382303993246863,0.4851133874992487
commons-io,7,fp_repair_matched,305,14,14,0.06857424925268545,0.5717842087777412,0.08250579287162334,0.7298724701104317
commons-io,7,fp_repair_frac_0.25,305,14,76,0.0704604298686643,0.5690614839619208,0.10039290259067772,0.7698382670028106
commons-io,7,fn_repair_frac_0.25,305,14,4,0.08371316423786,0.5632639975788978,-0.00010773655315694202,0.48978506950318995
commons-io,7,fp_repair_frac_0.50,305,14,152,0.1082586947274716,0.5890969656988114,0.019210879997781358,0.5293592759660044
commons-io,7,fn_repair_frac_0.50,305,14,7,0.08021759347704574,0.5621942605091513,0.029083213688271166,0.568287528892413
commons-io,7,fp_repair_frac_0.75,305,14,229,0.04252370747376925,0.5082038605852521,-0.02848693725655427,0.3491865147480633
commons-io,7,fn_repair_frac_0.75,305,14,10,0.08849707420171375,0.5800656208629312,0.09203145865597402,0.7528883836238842
commons-io,7,fp_repair_frac_1.00,305,14,305,0.043401677294537304,0.49568354488131616,-0.020447127412136046,0.3446829998203376
commons-io,7,fn_repair_frac_1.00,305,14,14,0.08529608800894567,0.5772767863306045,0.1018601517738606,0.7775766408116012
commons-io,7,fn_repair_immediate,305,14,14,0.08625755673877948,0.5595642281446431,0.08954588387590037,0.7473359840013832
commons-io,7,fn_repair_at_window,305,14,14,0.08233725238535883,0.5463841137018413,-0.030747878689195728,0.3627582516718519
commons-io,13,BSZZ,305,14,0,0.06673201399828795,0.5613277505157692,0.013722956530554577,0.5370633900572863
commons-io,13,BSZZ_immediate,305,14,0,0.04044699615596259,0.5086493877718468,0.0010930492103056308,0.4920923487179209
commons-io,13,BSZZ_at_window,305,14,0,0.045970850892377825,0.5262441299427387,-0.004282513769634518,0.449106628022957
commons-io,13,fp_repair_matched,305,14,14,0.057968261580165596,0.5457251623280517,0.00949613993298729,0.5106080228215546
commons-io,13,fp_repair_frac_0.25,305,14,76,0.07778610959152413,0.5770153884720753,0.08981412211184026,0.7482075009896887
commons-io,13,fn_repair_frac_0.25,305,14,4,0.06842382844105846,0.5699368098477419,0.08602896097079579,0.7339285190870161
commons-io,13,fp_repair_frac_0.50,305,14,152,0.07960630153570869,0.5428328006823157,-0.018178085767842175,0.38164910095807897
commons-io,13,fn_repair_frac_0.50,305,14,7,0.03749662749967999,0.5295035479494992,0.012354321447676186,0.5161217987252725
commons-io,13,fp_repair_frac_0.75,305,14,229,0.08109059186597824,0.5723094620430087,0.056809092082613394,0.6605402903687188
commons-io,13,fn_repair_frac_0.75,305,14,10,0.07049850011302726,0.5735869495881216,0.09544110640461652,0.7618312956529895
commons-io,13,fp_repair_frac_1.00,305,14,305,0.06431229055777075,0.5189272083069512,-0.02455477500357485,0.33899646905227165
commons-io,13,fn_repair_frac_1.00,305,14,14,0.057062100936708327,0.5475621086716708,0.021015973062667375,0.553985409796638
commons-io,13,fn_repair_immediate,305,14,14,0.07910254314754096,0.5554494771973775,0.09724195265020923,0.7640957922835161
commons-io,13,fn_repair_at_window,305,14,14,0.05405714300706286,0.529294615663157,-0.011672752489227948,0.42247455489898267
commons-io,21,BSZZ,305,14,0,0.07624364725843519,0.5682295081171784,0.029852946426089145,0.5743139199814854
commons-io,21,BSZZ_immediate,305,14,0,0.06606168664586962,0.529095517918172,0.003542768628237869,0.5020022528211691
commons-io,21,BSZZ_at_window,305,14,0,0.08856213419391591,0.5643041238330475,-0.0033777235100990242,0.46431410907985077
commons-io,21,fp_repair_matched,305,14,14,0.06322555993070395,0.5542475574131316,0.02364622486779246,0.5599540673504536
commons-io,21,fp_repair_frac_0.25,305,14,76,0.06561377291449579,0.5548454905569087,0.004274682342427663,0.5037827659274203
commons-io,21,fn_repair_frac_0.25,305,14,4,0.07200786207787137,0.5732459985891849,0.08930067948331108,0.7440797210017539
commons-io,21,fp_repair_frac_0.50,305,14,152,0.06300690642698573,0.5479311930860602,0.008851264315168698,0.510283629069789
commons-io,21,fn_repair_frac_0.50,305,14,7,0.04984501074818672,0.5425488967049884,0.02283378755691725,0.5575633387867036
commons-io,21,fp_repair_frac_0.75,305,14,229,0.05251692325209959,0.5429884682227073,0.06741621147841258,0.6907497207728528
commons-io,21,fn_repair_frac_0.75,305,14,10,0.03537464450406773,0.5185226010152627,0.010077620026139504,0.5220024517964656
commons-io,21,fp_repair_frac_1.00,305,14,305,0.025930769580899928,0.48217034219383786,-0.012377319100966217,0.3680722326384727
commons-io,21,fn_repair_frac_1.00,305,14,14,0.0716035192797592,0.5693354456394247,0.08182672694753249,0.7225943400081279
commons-io,21,fn_repair_immediate,305,14,14,0.08361320230326356,0.5593971987161019,0.09168801994568343,0.7520374610002583
commons-io,21,fn_repair_at_window,305,14,14,0.06329827264151823,0.530204371232463,-0.0215546564907103,0.38918534913428904
commons-io,42,BSZZ,305,14,0,0.02988490501586241,0.5166916188534677,0.0006144178663768506,0.48690040539962565
commons-io,42,BSZZ_immediate,305,14,0,0.067802479034543,0.5446166881238887,0.08549991479272732,0.7374632051321313
commons-io,42,BSZZ_at_window,305,14,0,0.07729220026632096,0.5670139855474722,0.06410351072940988,0.6820053848618924
commons-io,42,fp_repair_matched,305,14,14,0.06528769074615882,0.5548762255791907,0.026666398314710172,0.5670772142224944
commons-io,42,fp_repair_frac_0.25,305,14,76,0.11153732555652504,0.6079888650735153,0.08494911604201878,0.7299284085400255
commons-io,42,fn_repair_frac_0.25,305,14,4,0.034387238817502254,0.5258559726663379,0.020622247937629196,0.5500431169700023
commons-io,42,fp_repair_frac_0.50,305,14,152,0.06065850157428512,0.5478379533323998,0.046849868214369386,0.6355065451502246
commons-io,42,fn_repair_frac_0.50,305,14,7,0.05437724935611861,0.54689532251412,0.02494274798811767,0.5657711737549914
commons-io,42,fp_repair_frac_0.75,305,14,229,0.05512433293221232,0.5120829269762478,-0.021179619927526608,0.3588096900319127
commons-io,42,fn_repair_frac_0.75,305,14,10,0.046513697947159933,0.5367618686261965,0.004843320134016838,0.5114658511931196
commons-io,42,fp_repair_frac_1.00,305,14,305,0.028349444846198894,0.4842705556744216,-0.012048494870894612,0.36496181458888494
commons-io,42,fn_repair_frac_1.00,305,14,14,0.056190107037932646,0.5555056805365851,0.09434626835082278,0.7585649677801067
commons-io,42,fn_repair_immediate,305,14,14,0.09993193373036877,0.5769217791830602,0.10383517110859004,0.7794172758810953
commons-io,42,fn_repair_at_window,305,14,14,0.06638259181359835,0.5331637242195228,-0.013905285673200736,0.40617145973560465
commons-io,77,BSZZ,305,14,0,0.06933196444086791,0.5722256726134731,0.08204401900937554,0.728667849494871
commons-io,77,BSZZ_immediate,305,14,0,0.0842919705342118,0.5574082303778257,0.09078745273709103,0.7495444024873135
commons-io,77,BSZZ_at_window,305,14,0,0.06401653825893615,0.5401712186072689,0.0016720772389179172,0.471979916061455
commons-io,77,fp_repair_matched,305,14,14,0.09329532644319766,0.5885908343428569,0.034455003575079454,0.5891637004742611
commons-io,77,fp_repair_frac_0.25,305,14,76,0.08852782537182476,0.5909212561585171,0.10450816368655136,0.7816440896621065
commons-io,77,fn_repair_frac_0.25,305,14,4,0.09504616217847986,0.5950407170309754,0.0922771501631469,0.7521354648230323
commons-io,77,fp_repair_frac_0.50,305,14,152,0.06399153171168248,0.5652347358522304,0.0764149408843041,0.7052512269716831
commons-io,77,fn_repair_frac_0.50,305,14,7,0.05446937949554315,0.5582866416919919,0.09276797774407057,0.7549761723859829
commons-io,77,fp_repair_frac_0.75,305,14,229,0.027545002242884607,0.5077007728470903,-0.0033022043861175338,0.4453410754338109
commons-io,77,fn_repair_frac_0.75,305,14,10,0.05614676652396903,0.5563360953403864,0.08245565762938102,0.722494903358613
commons-io,77,fp_repair_frac_1.00,305,14,305,0.04321309657687318,0.49841615538557643,-0.01976545092965794,0.3469236843707577
commons-io,77,fn_repair_frac_1.00,305,14,14,0.04651460432950673,0.5382587995153653,0.01104493853946777,0.5297688447376313
commons-io,77,fn_repair_immediate,305,14,14,0.07344424974387527,0.5446278696423875,0.08736402510752736,0.7419799418663098
commons-io,77,fn_repair_at_window,305,14,14,0.08281740895328372,0.5386070188849859,-0.04272523899888117,0.3178236337343091
commons-io,101,BSZZ,305,14,0,0.07566118714148272,0.566042391009166,0.01991689385536398,0.5540382362632356
commons-io,101,BSZZ_immediate,305,14,0,0.09820762180388729,0.5669080556397603,0.07944353918035658,0.7168999744431412
commons-io,101,BSZZ_at_window,305,14,0,0.04767127050403216,0.5102922693273266,-0.024815685115735196,0.3643661933288884
commons-io,101,fp_repair_matched,305,14,14,0.06745862379601658,0.5527442722151601,0.004936530902422151,0.5018997662694694
commons-io,101,fp_repair_frac_0.25,305,14,76,0.05727807502924229,0.5630295804043318,0.09911966746933941,0.7702657733739966
commons-io,101,fn_repair_frac_0.25,305,14,4,0.07622012554401392,0.5660234068044889,0.028091569155712294,0.570336859443807
commons-io,101,fp_repair_frac_0.50,305,14,152,0.01686552207626207,0.51574643725744,0.09654348988259766,0.7615448368681819
commons-io,101,fn_repair_frac_0.50,305,14,7,0.07476229156962318,0.5768174893936117,0.10187595157383436,0.7776469332903373
commons-io,101,fp_repair_frac_0.75,305,14,229,0.07525738928354668,0.5570662312506317,0.009265805526973479,0.48457521063854825
commons-io,101,fn_repair_frac_0.75,305,14,10,0.08275996736772655,0.5832945428959145,0.08199169176970662,0.7285071282223218
commons-io,101,fp_repair_frac_1.00,305,14,305,0.049538320864262006,0.5010097968045769,-0.02686754849171347,0.33289594564278824
commons-io,101,fn_repair_frac_1.00,305,14,14,0.04839398636284031,0.53137040818123,0.014296714785321471,0.5286805431854905
commons-io,101,fn_repair_immediate,305,14,14,0.08651100946331287,0.55566738296654,0.09287357010532106,0.7519856518664629
commons-io,101,fn_repair_at_window,305,14,14,0.06169969924117327,0.527794637699964,-0.014695143957434237,0.38911659944414356
commons-io,123,BSZZ,305,14,0,0.06868011986903139,0.5629523391342633,0.031025221034383287,0.5759854914113979
commons-io,123,BSZZ_immediate,305,14,0,0.06581294086167148,0.5538355476246263,0.10596979738375716,0.7863243083578818
commons-io,123,BSZZ_at_window,305,14,0,0.0973931272745443,0.5795521380269885,0.005494609283204464,0.48842428954120337
commons-io,123,fp_repair_matched,305,14,14,0.06045883514848195,0.5551563391848049,0.019846568811944403,0.5515302043024446
commons-io,123,fp_repair_frac_0.25,305,14,76,0.05190640048312273,0.550080053457251,0.07353840147301165,0.7066823909371905
commons-io,123,fn_repair_frac_0.25,305,14,4,0.06654699810030676,0.5581380542118058,0.012739042392809354,0.5342421491928698
commons-io,123,fp_repair_frac_0.50,305,14,152,0.09088171874944583,0.5860492981995021,0.09307556026755741,0.755977486774555
commons-io,123,fn_repair_frac_0.50,305,14,7,0.0459572049092059,0.5405897767222482,0.02329780952433447,0.5590339502119801
commons-io,123,fp_repair_frac_0.75,305,14,229,0.09267449723470762,0.5825340742015422,0.07657085155529542,0.7134039343636995
commons-io,123,fn_repair_frac_0.75,305,14,10,0.05870554188626132,0.5612958869430953,0.09472184410171151,0.7584753591496861
commons-io,123,fp_repair_frac_1.00,305,14,305,0.05272501750420631,0.5108808149427209,-0.011105497001083653,0.3701690329082681
commons-io,123,fn_repair_frac_1.00,305,14,14,0.07388356411223744,0.5795509897751172,0.09492619166436513,0.7591695838850567
commons-io,123,fn_repair_immediate,305,14,14,0.0710866850033672,0.5499357757193089,0.07191077339736598,0.7024527987431435
commons-io,123,fn_repair_at_window,305,14,14,0.0617567652568717,0.521769658127477,-0.029061230822992935,0.34837572257585375
commons-io,202,BSZZ,305,14,0,0.08243906945023767,0.5809276203960184,0.09467099159010897,0.7592351130039917
commons-io,202,BSZZ_immediate,305,14,0,0.10797978111529666,0.5618412511642626,0.012412442211871195,0.5311685504698976
commons-io,202,BSZZ_at_window,305,14,0,0.07108986089395652,0.5487312798057268,-0.003287815483872019,0.451232556860478
commons-io,202,fp_repair_matched,305,14,14,0.07248539985628338,0.5599839410832328,0.018938818409906955,0.5304492787323657
commons-io,202,fp_repair_frac_0.25,305,14,76,0.12534361676191222,0.612563525151419,0.07270018338531432,0.7044771505268309
commons-io,202,fn_repair_frac_0.25,305,14,4,0.06086245625312341,0.5482459971154405,0.022513745170635212,0.5565481915671842
commons-io,202,fp_repair_frac_0.50,305,14,152,0.07506736857243013,0.5601818506284773,0.015380752674803376,0.5295738492550985
commons-io,202,fn_repair_frac_0.50,305,14,7,0.06290012365293461,0.5559799673747085,0.0825800313768148,0.7283540043305924
commons-io,202,fp_repair_frac_0.75,305,14,229,0.08469906508323817,0.5595510573929177,-0.0015619109298964308,0.4621622841942741
commons-io,202,fn_repair_frac_0.75,305,14,10,0.08133135787749819,0.5671539138268709,0.027915498775471934,0.5700918014783477
commons-io,202,fp_repair_frac_1.00,305,14,305,0.009936194089411345,0.4541876766586428,-0.03547768411491363,0.3060193365796667
commons-io,202,fn_repair_frac_1.00,305,14,14,0.10989838832141585,0.6092139844519616,0.11092308572287475,0.7987584695152283
commons-io,202,fn_repair_immediate,305,14,14,0.10355015211435221,0.5674256364517802,0.10148197342139312,0.7744838975511
commons-io,202,fn_repair_at_window,305,14,14,0.08169964828059656,0.5573540049140893,-0.007107772390556161,0.4449090188913072
commons-io,314,BSZZ,305,14,0,0.0852640961387632,0.5734222724965388,0.03185634496371848,0.5783711958615199
commons-io,314,BSZZ_immediate,305,14,0,0.07195918498378112,0.5419015533250234,0.06793399086215482,0.6868371862246642
commons-io,314,BSZZ_at_window,305,14,0,0.07236770947479367,0.5496304283267185,-0.014227418615894617,0.43004735047879944
commons-io,314,fp_repair_matched,305,14,14,0.07251404374337747,0.5709447199539625,0.07629063295383624,0.71364848669587
commons-io,314,fp_repair_frac_0.25,305,14,76,0.07058880781091145,0.5650031367805636,0.0961630029216208,0.7633042443327734
commons-io,314,fn_repair_frac_0.25,305,14,4,0.08398832221358413,0.570153843967856,0.01592074581393449,0.542652278139596
commons-io,314,fp_repair_frac_0.50,305,14,152,0.0957300248704696,0.5734745961316351,0.0007853051340595485,0.4784009106512017
commons-io,314,fn_repair_frac_0.50,305,14,7,0.07757541649050256,0.5699822879349333,0.09236907411709692,0.7537062698121606
commons-io,314,fp_repair_frac_0.75,305,14,229,0.08010137806361847,0.5331883728434555,-0.014532332694585532,0.3631732324557228
commons-io,314,fn_repair_frac_0.75,305,14,10,0.08319603451894508,0.5691455314072764,0.01704943784187589,0.545439029321036
commons-io,314,fp_repair_frac_1.00,305,14,305,0.06130708686196857,0.5151583369663495,-0.0241197333377995,0.3396498694899082
commons-io,314,fn_repair_frac_1.00,305,14,14,0.05753233341360558,0.5510074062322458,0.08683806374966932,0.7406027603752385
commons-io,314,fn_repair_immediate,305,14,14,0.08902413095120018,0.5600163139543024,0.10326435727787149,0.7777743901801277
commons-io,314,fn_repair_at_window,305,14,14,0.07248023451998076,0.5453218501251531,-0.013298549270971186,0.4074974134150875
commons-io,999,BSZZ,305,14,0,0.0767433183062603,0.5645006964316083,0.02057198286208318,0.5535126748044789
commons-io,999,BSZZ_immediate,305,14,0,0.06739659309050883,0.5470991133440191,0.0969754119270858,0.7657910771587623
commons-io,999,BSZZ_at_window,305,14,0,0.07550072375180043,0.560208581262721,0.012916060611060978,0.4982338808196622
commons-io,999,fp_repair_matched,305,14,14,0.07939691650182273,0.578901361598208,0.07744305728010518,0.7169991523464954
commons-io,999,fp_repair_frac_0.25,305,14,76,0.05491404821800704,0.5574964626658855,0.08219928203052752,0.7282444393724489
commons-io,999,fn_repair_frac_0.25,305,14,4,0.07930788245546525,0.5794266478378916,0.10206635918677798,0.778104707726411
commons-io,999,fp_repair_frac_0.50,305,14,152,0.06155673756381177,0.541758986454622,-0.0016640505581157826,0.47173454745864946
commons-io,999,fn_repair_frac_0.50,305,14,7,0.06826960125965803,0.5576792727460309,0.02544578839951921,0.5632424250395057
commons-io,999,fp_repair_frac_0.75,305,14,229,0.07564530670056112,0.5540413724896405,0.07011900369814081,0.6800834211225868
commons-io,999,fn_repair_frac_0.75,305,14,10,0.047823480578969145,0.5328480129550733,0.018662455121887345,0.5406895786929745
commons-io,999,fp_repair_frac_1.00,305,14,305,0.06609135201104689,0.5243346241932892,-0.019952208478750705,0.3497121686006319
commons-io,999,fn_repair_frac_1.00,305,14,14,0.041501220171229536,0.5391904715500425,0.07938827622594312,0.7193360748792855
commons-io,999,fn_repair_immediate,305,14,14,0.07202663044594923,0.5362074641469567,0.011583924636889741,0.5162503750882305
commons-io,999,fn_repair_at_window,305,14,14,0.06244274380573108,0.5348561507925877,-0.01366987996279479,0.40924587886199937
commons-jcs,7,BSZZ,310,11,0,0.03184051576007872,0.4783457838867477,0.13213583862701378,0.612132790800085
commons-jcs,7,BSZZ_immediate,310,11,0,0.054519530317252714,0.49661871826445175,0.15875326172970813,0.6336281936107587
commons-jcs,7,BSZZ_at_window,310,11,0,0.11207079270116813,0.5271871749642423,0.10441817376442467,0.5637387407148842
commons-jcs,7,fp_repair_matched,310,11,11,0.0036480844398043572,0.46917780415076116,0.1332518793332691,0.6135326538052578
commons-jcs,7,fp_repair_frac_0.25,310,11,78,0.000714196720156759,0.4658670503908506,0.12026944870924927,0.6025222347089916
commons-jcs,7,fn_repair_frac_0.25,310,11,3,0.026707808453841974,0.47610823262560487,0.14129060603938293,0.6190999552660671
commons-jcs,7,fp_repair_frac_0.50,310,11,155,0.04711693750773446,0.5152492663180605,0.12765428814101049,0.6073885058142463
commons-jcs,7,fn_repair_frac_0.50,310,11,6,0.02604788100402759,0.47227695676970655,0.11970912282988896,0.6026085386100477
commons-jcs,7,fp_repair_frac_0.75,310,11,232,0.0646271808381725,0.5249691420997344,0.16394393460132034,0.6365500619025554
commons-jcs,7,fn_repair_frac_0.75,310,11,8,0.030165178405653942,0.4752757979246464,0.10055768086058497,0.583933859943601
commons-jcs,7,fp_repair_frac_1.00,310,11,310,0.1869715520616263,0.6194131199527276,0.18866776419042955,0.6291933419306405
commons-jcs,7,fn_repair_frac_1.00,310,11,11,0.015809791885513506,0.4626117930641767,0.14893842529605228,0.6276870514555363
commons-jcs,7,fn_repair_immediate,310,11,11,0.04490461358282256,0.490724318670934,0.15441921608824086,0.6295146251759646
commons-jcs,7,fn_repair_at_window,310,11,11,0.1273017336731507,0.5397799877391563,0.04737542167548233,0.516430827306719
commons-jcs,13,BSZZ,310,11,0,0.04347003664569742,0.492597981791507,0.13955360745100556,0.6187887184243521
commons-jcs,13,BSZZ_immediate,310,11,0,0.09665953639871307,0.5120265659211541,0.1394102919210387,0.6176759335732578
commons-jcs,13,BSZZ_at_window,310,11,0,0.1251975038469479,0.5389015827379076,0.06895215226795284,0.5351955860784156
commons-jcs,13,fp_repair_matched,310,11,11,0.02484881980794257,0.4779939730720251,0.15142795030677808,0.6299156322553486
commons-jcs,13,fp_repair_frac_0.25,310,11,78,0.019204702250469878,0.4721154249471786,0.1285199296428382,0.6081686320521984
commons-jcs,13,fn_repair_frac_0.25,310,11,3,0.04643502184857196,0.4925648981730058,0.14646899625732224,0.624997470379476
commons-jcs,13,fp_repair_frac_0.50,310,11,155,0.11927796321021035,0.5603320435828039,0.14984575598536154,0.6269873358521557
commons-jcs,13,fn_repair_frac_0.50,310,11,6,0.006857374478291897,0.46161797720613734,0.12659109415370243,0.6090622939951184
commons-jcs,13,fp_repair_frac_0.75,310,11,232,0.11448903024975038,0.5727601419180006,0.17866101041440471,0.6491395971135496
commons-jcs,13,fn_repair_frac_0.75,310,11,8,0.014586452460068455,0.4645656631108694,0.16080436519147756,0.6378824930072499
commons-jcs,13,fp_repair_frac_1.00,310,11,310,0.15347766870269045,0.5991022511839612,0.10494738885823643,0.5753580870756341
commons-jcs,13,fn_repair_frac_1.00,310,11,11,0.01984988136631588,0.46893709215634216,0.20651956643850444,0.6753872077168093
commons-jcs,13,fn_repair_immediate,310,11,11,0.07545299103659714,0.5068749923592901,0.1559697005379915,0.630962401986712
commons-jcs,13,fn_repair_at_window,310,11,11,0.1333488915714192,0.5438665309863836,0.06217279090642482,0.5335063014390803
commons-jcs,21,BSZZ,310,11,0,0.03169148872440275,0.48128867302047285,0.12089413232729,0.6030348323466815
commons-jcs,21,BSZZ_immediate,310,11,0,0.06359653149270736,0.500530316218271,0.14599823252708943,0.6255215091591758
commons-jcs,21,BSZZ_at_window,310,11,0,0.15005943378303338,0.5593537869620003,0.08434207604936135,0.5452363531280466
commons-jcs,21,fp_repair_matched,310,11,11,0.04811888386210555,0.4866860352541135,0.14423210544409673,0.6239140013881084
commons-jcs,21,fp_repair_frac_0.25,310,11,78,0.08199343526763674,0.5241530469168819,0.12436923544200483,0.6070822920949636
commons-jcs,21,fn_repair_frac_0.25,310,11,3,0.0620111064625031,0.5001968492906419,0.16723163782120137,0.6430577067636746
commons-jcs,21,fp_repair_frac_0.50,310,11,155,-0.004325679943855886,0.46695482935093113,0.1471661649450578,0.6206478232211797
commons-jcs,21,fn_repair_frac_0.50,310,11,6,0.03964445556288032,0.48775156623560423,0.14185297674128047,0.6210817154844229
commons-jcs,21,fp_repair_frac_0.75,310,11,232,0.05934945786688104,0.5161500667889551,0.17572854886947176,0.6325175241109425
commons-jcs,21,fn_repair_frac_0.75,310,11,8,0.04636560985851706,0.48761581002775906,0.19639716238472457,0.6664438499132472
commons-jcs,21,fp_repair_frac_1.00,310,11,310,0.1710881890264279,0.6143376108452347,0.14434552879262383,0.620825997025105
commons-jcs,21,fn_repair_frac_1.00,310,11,11,0.040310946977845284,0.4820695648480269,0.14228107632900228,0.6217929682606229
commons-jcs,21,fn_repair_immediate,310,11,11,0.08824503741532294,0.5131431133415473,0.15208868089729924,0.6265152705594369
commons-jcs,21,fn_repair_at_window,310,11,11,0.13447370505477946,0.5439648134575187,0.08173479229619966,0.5445783991323249
commons-jcs,42,BSZZ,310,11,0,0.030812092882330097,0.4756096246789295,0.14379289017361013,0.622946846867643
commons-jcs,42,BSZZ_immediate,310,11,0,0.07786186987918493,0.5012182384296577,0.16738649506802533,0.6412631646291035
commons-jcs,42,BSZZ_at_window,310,11,0,0.12581526805698426,0.535445620439086,0.06868886595808305,0.5281232282571279
commons-jcs,42,fp_repair_matched,310,11,11,0.05465225070213879,0.49393516645510505,0.15508203993672803,0.6325072827116122
commons-jcs,42,fp_repair_frac_0.25,310,11,78,0.009292731348109226,0.47272573116051936,0.13658299030953486,0.6145901956053511
commons-jcs,42,fn_repair_frac_0.25,310,11,3,0.02709333272962702,0.4749185711834568,0.1355193092820408,0.6159413339953845
commons-jcs,42,fp_repair_frac_0.50,310,11,155,0.07126568968040448,0.5296935709892778,0.16916431541295113,0.6364464804367129
commons-jcs,42,fn_repair_frac_0.50,310,11,6,0.0161370663931614,0.46584949045849294,0.11797927020870419,0.6012256015445643
commons-jcs,42,fp_repair_frac_0.75,310,11,232,0.08826283190520481,0.548784081746439,0.16406837651003728,0.6304546155655893
commons-jcs,42,fn_repair_frac_0.75,310,11,8,0.027294248170976778,0.47277743727477495,0.1384535147396893,0.6192038911679171
commons-jcs,42,fp_repair_frac_1.00,310,11,310,0.1479383638343547,0.5853916228838881,0.15722756158641643,0.5996234883641399
commons-jcs,42,fn_repair_frac_1.00,310,11,11,0.030298423564191265,0.4744971360401691,0.1359777296041845,0.6167081974228585
commons-jcs,42,fn_repair_immediate,310,11,11,0.07962641897042975,0.502806372680136,0.08437215480449789,0.5714117935273221
commons-jcs,42,fn_repair_at_window,310,11,11,0.11890407276442762,0.5312149352913972,0.06322701984743888,0.5252267234615128
commons-jcs,77,BSZZ,310,11,0,0.02818056976855701,0.4767788921716468,0.1402040800243314,0.620269811205178
commons-jcs,77,BSZZ_immediate,310,11,0,0.07415347565578352,0.5042507459218099,0.15841207553277656,0.633108259145145
commons-jcs,77,BSZZ_at_window,310,11,0,0.1364309087046634,0.5465486341676231,0.08578781509726854,0.5368407458901019
commons-jcs,77,fp_repair_matched,310,11,11,0.034712540110048144,0.48716330590163937,0.14697411188750995,0.62587989482636
commons-jcs,77,fp_repair_frac_0.25,310,11,78,0.0635022965336698,0.5160707904935796,0.13766382984155748,0.6160091319125246
commons-jcs,77,fn_repair_frac_0.25,310,11,3,0.02319405576020639,0.4781163787125636,0.15511675848438608,0.6301093716829779
commons-jcs,77,fp_repair_frac_0.50,310,11,155,0.07663634753901011,0.5380213553508834,0.16274291176855948,0.6225858741095057
commons-jcs,77,fn_repair_frac_0.50,310,11,6,0.04207415027420505,0.48893660459952915,0.15366744210962693,0.6313016037344522
commons-jcs,77,fp_repair_frac_0.75,310,11,232,0.1330777329057451,0.5843256665295744,0.15994976858378915,0.6334951110059384
commons-jcs,77,fn_repair_frac_0.75,310,11,8,0.04157026217107785,0.4885637671986031,0.14343181120878967,0.6232104563333382
commons-jcs,77,fp_repair_frac_1.00,310,11,310,0.1683937533958074,0.6139446367745311,0.12622468307317872,0.6055491178950299
commons-jcs,77,fn_repair_frac_1.00,310,11,11,0.02705209921960332,0.479069225329484,0.1368871693530507,0.6169390572009678
commons-jcs,77,fn_repair_immediate,310,11,11,0.03971192114915811,0.4835516805613627,0.16256616363943946,0.6374908748513404
commons-jcs,77,fn_repair_at_window,310,11,11,0.12883056453343417,0.5357165757748548,0.06385956543268011,0.5321061130407579
commons-jcs,101,BSZZ,310,11,0,0.03391610272379886,0.4877434077287036,0.14677202902453762,0.6259420621561191
commons-jcs,101,BSZZ_immediate,310,11,0,0.10527927825971803,0.5194181610678463,0.1617178533679499,0.6382798584115965
commons-jcs,101,BSZZ_at_window,310,11,0,0.13719524735668806,0.5500036681226631,0.06907833352748342,0.519900551992648
commons-jcs,101,fp_repair_matched,310,11,11,0.03299839235488907,0.4861015438102989,0.13337516118715145,0.6146333703537601
commons-jcs,101,fp_repair_frac_0.25,310,11,78,0.08169310944295843,0.5308950759756466,0.14819356797341993,0.6265756543685715
commons-jcs,101,fn_repair_frac_0.25,310,11,3,0.03732013645786772,0.4845014368447214,0.1688650277208132,0.6439024206034107
commons-jcs,101,fp_repair_frac_0.50,310,11,155,0.05112583540789631,0.5069022366625509,0.1635942717067077,0.6395136252148246
commons-jcs,101,fn_repair_frac_0.50,310,11,6,0.02304109713578546,0.48075279829144024,0.11039738923613436,0.5879622275577745
commons-jcs,101,fp_repair_frac_0.75,310,11,232,0.13064082440125047,0.5739035638844125,0.20634804919947847,0.670318256460951
commons-jcs,101,fn_repair_frac_0.75,310,11,8,0.04413999674044132,0.49264677681470054,0.11008760492406974,0.593000404608258
commons-jcs,101,fp_repair_frac_1.00,310,11,310,0.16935418134571453,0.604825970278481,0.17334681594107662,0.6359254518494305
commons-jcs,101,fn_repair_frac_1.00,310,11,11,0.02195320996231524,0.47397947012172026,0.14016666673633665,0.620003201910764
commons-jcs,101,fn_repair_immediate,310,11,11,0.09852763904210525,0.516469249120235,0.12552172549215124,0.6050313692197595
commons-jcs,101,fn_repair_at_window,310,11,11,0.14034930041940546,0.5518636445900659,0.06798667612441656,0.5240146367729492
commons-jcs,123,BSZZ,310,11,0,0.041984085481137655,0.48867576282617853,0.15668229253220725,0.6336871614753052
commons-jcs,123,BSZZ_immediate,310,11,0,0.09831696431701654,0.5080267086676679,0.1408824400909191,0.6161915905376597
commons-jcs,123,BSZZ_at_window,310,11,0,0.12910259637426053,0.5370799369562843,0.09575208012835275,0.5492679364563282
commons-jcs,123,fp_repair_matched,310,11,11,0.021192162928234694,0.4789987918559277,0.1156859958884742,0.5980043765553363
commons-jcs,123,fp_repair_frac_0.25,310,11,78,-0.0022757094582851766,0.4658232077946903,0.14836696789062145,0.6269625795502896
commons-jcs,123,fn_repair_frac_0.25,310,11,3,0.03262348273555227,0.47855059008616607,0.16154602169381993,0.6382008556053114
commons-jcs,123,fp_repair_frac_0.50,310,11,155,0.06703535520835437,0.5248369504108771,0.1591241211901453,0.630557326398485
commons-jcs,123,fn_repair_frac_0.50,310,11,6,0.060396507731015805,0.4921196623421269,0.10962721651928645,0.5908037028671349
commons-jcs,123,fp_repair_frac_0.75,310,11,232,0.11392813570187374,0.5636096639637863,0.18292017212374287,0.6467583968082192
commons-jcs,123,fn_repair_frac_0.75,310,11,8,0.04029046237766298,0.48361561763155614,0.20649400649619834,0.6746040166180571
commons-jcs,123,fp_repair_frac_1.00,310,11,310,0.15853994498775356,0.5977382225398343,0.21807814996166072,0.6575087811528332
commons-jcs,123,fn_repair_frac_1.00,310,11,11,0.06152568511325075,0.4931109524305577,0.1506368556820726,0.6290816186594876
commons-jcs,123,fn_repair_immediate,310,11,11,0.08177448999988678,0.49483059514679023,0.12029959636537663,0.600282123327357
commons-jcs,123,fn_repair_at_window,310,11,11,0.13518845078938463,0.5448689438872799,0.13107700101012512,0.5898831179234635
commons-jcs,202,BSZZ,310,11,0,0.057052676329597034,0.4944028070275661,0.14468741153945475,0.6236970719674176
commons-jcs,202,BSZZ_immediate,310,11,0,0.0884035276181219,0.5077050656151909,0.1715856871541633,0.6455038215119178
commons-jcs,202,BSZZ_at_window,310,11,0,0.14712331005020057,0.5507489715745411,0.09735932593685488,0.5536985056384478
commons-jcs,202,fp_repair_matched,310,11,11,0.03632774938280442,0.4815498461150755,0.17227674844071264,0.6467311895257546
commons-jcs,202,fp_repair_frac_0.25,310,11,78,0.023751610622395815,0.4772343946125589,0.12915511618982048,0.6081106194018793
commons-jcs,202,fn_repair_frac_0.25,310,11,3,0.05293154077963773,0.49004766947306333,0.10232931900297511,0.5834961502437798
commons-jcs,202,fp_repair_frac_0.50,310,11,155,0.1101324335857441,0.5604751552083265,0.14433808107357102,0.6222640814423414
commons-jcs,202,fn_repair_frac_0.50,310,11,6,0.04221643196977452,0.4844234780627787,0.11404145854641841,0.5981493490293356
commons-jcs,202,fp_repair_frac_0.75,310,11,232,0.04758812063302162,0.4763546216902943,0.15803954153259853,0.6327979942650952
commons-jcs,202,fn_repair_frac_0.75,310,11,8,0.04815599651422659,0.48982239518562465,0.10939208375458079,0.5917185097000122
commons-jcs,202,fp_repair_frac_1.00,310,11,310,0.17377069079554813,0.6070329148186986,0.237901843854946,0.6650255634053732
commons-jcs,202,fn_repair_frac_1.00,310,11,11,0.05104868177733918,0.4897860382389371,0.13771392483670147,0.6185734946049877
commons-jcs,202,fn_repair_immediate,310,11,11,0.11164880483670149,0.5262985037143753,0.15794933884970996,0.6324486474036877
commons-jcs,202,fn_repair_at_window,310,11,11,0.13807652628162648,0.5467513467951771,0.08125024679382582,0.5446473035894568
commons-jcs,314,BSZZ,310,11,0,0.0383501820413457,0.487373522652922,0.14438495920793862,0.6234621170717918
commons-jcs,314,BSZZ_immediate,310,11,0,0.056076227703885165,0.4989577236421481,0.11142492126995507,0.5963936379257959
commons-jcs,314,BSZZ_at_window,310,11,0,0.12204614970189155,0.5335140346980145,0.0742543143247485,0.530447099162386
commons-jcs,314,fp_repair_matched,310,11,11,0.008852022010174885,0.4647687611843132,0.12731444834787817,0.6086882983961199
commons-jcs,314,fp_repair_frac_0.25,310,11,78,0.05074382326958121,0.5069390808599205,0.1819201607253231,0.6525591194305426
commons-jcs,314,fn_repair_frac_0.25,310,11,3,0.048137052327379956,0.48641372728994764,0.16844373723113992,0.6426118802117148
commons-jcs,314,fp_repair_frac_0.50,310,11,155,0.056917457091129685,0.5065143001224586,0.16602073670519496,0.6363094908489565
commons-jcs,314,fn_repair_frac_0.50,310,11,6,0.04725872788303489,0.4857660734432549,0.1535287751610497,0.6312984383222087
commons-jcs,314,fp_repair_frac_0.75,310,11,232,0.0862953341950019,0.5429796351483507,0.13288356391792933,0.6144641036612791
commons-jcs,314,fn_repair_frac_0.75,310,11,8,0.04991528067252448,0.48773988743385127,0.19333265618768544,0.6645894274975127
commons-jcs,314,fp_repair_frac_1.00,310,11,310,0.16022939483247123,0.5935439543206723,0.05483328925541808,0.5406954072483571
commons-jcs,314,fn_repair_frac_1.00,310,11,11,0.023097408687016693,0.47917617643186433,0.18419019854360055,0.6570190101185738
commons-jcs,314,fn_repair_immediate,310,11,11,0.0660782202852563,0.4928586389864075,0.14001935356966805,0.6138517250173721
commons-jcs,314,fn_repair_at_window,310,11,11,0.1344776271782617,0.5424724417423863,0.07003208213970989,0.529105829202724
commons-jcs,999,BSZZ,310,11,0,-0.0011143583098493469,0.461661325228618,0.09809381146342289,0.5848235606103155
commons-jcs,999,BSZZ_immediate,310,11,0,0.0448393505674819,0.47343761154250935,0.16334491154595196,0.6377502255871854
commons-jcs,999,BSZZ_at_window,310,11,0,0.14610997973839981,0.553974194429846,0.10685189547188191,0.5548303565797468
commons-jcs,999,fp_repair_matched,310,11,11,0.04978411822838147,0.49743594032048705,0.15226352951879016,0.6297234433645882
commons-jcs,999,fp_repair_frac_0.25,310,11,78,0.08193606105853302,0.5286323943102271,0.15221445786918186,0.6289828640515402
commons-jcs,999,fn_repair_frac_0.25,310,11,3,0.04310012007438933,0.49308622433606,0.1660957822014112,0.6406094940652598
commons-jcs,999,fp_repair_frac_0.50,310,11,155,0.004654324596185213,0.4717256354424085,0.12192831307330107,0.5980515753741403
commons-jcs,999,fn_repair_frac_0.50,310,11,6,0.03664170444161073,0.48681010421857823,0.1619763295068202,0.6386162145171261
commons-jcs,999,fp_repair_frac_0.75,310,11,232,0.0044237741121778374,0.4765369890377873,0.11634690949056964,0.5930573922385285
commons-jcs,999,fn_repair_frac_0.75,310,11,8,0.04727953144440503,0.5006488117264065,0.14607304108913594,0.6245648035830872
commons-jcs,999,fp_repair_frac_1.00,310,11,310,0.15742208657874654,0.597350080768768,0.19934513230614653,0.6486129910908125
commons-jcs,999,fn_repair_frac_1.00,310,11,11,0.0407391112625471,0.4916847229952054,0.1364003705676807,0.6155862713249635
commons-jcs,999,fn_repair_immediate,310,11,11,0.01793218016701452,0.472137087133505,0.118975980265701,0.6018429295978868
commons-jcs,999,fn_repair_at_window,310,11,11,0.12644696452472953,0.5369794485877489,0.11108064545541708,0.5785432092437801
commons-lang,7,BSZZ,657,65,0,0.04900025822923489,0.5182766196907785,0.03728721226117762,0.6314000990141517
commons-lang,7,BSZZ_immediate,657,65,0,0.06626752175093276,0.5230043778233159,-0.0035662067500933188,0.434723386241254
commons-lang,7,BSZZ_at_window,657,65,0,0.054660841156731095,0.5254869339794491,0.03227229056924007,0.6155457856315878
commons-lang,7,fp_repair_matched,657,65,65,0.0720589921107021,0.5462728339147509,0.029839274114870525,0.6076512513266887
commons-lang,7,fp_repair_frac_0.25,657,65,164,0.0671190263658266,0.5284800608149764,-0.0031681763370472824,0.44286709263820817
commons-lang,7,fn_repair_frac_0.25,657,65,16,0.057744672994898674,0.5304804325184521,0.03648912337740181,0.6296834102746995
commons-lang,7,fp_repair_frac_0.50,657,65,328,0.02165536597649888,0.4778761860119841,-0.006276310259412175,0.42975967899305156
commons-lang,7,fn_repair_frac_0.50,657,65,32,0.05278981931121702,0.526356427237708,0.04244401796325409,0.6468213524786445
commons-lang,7,fp_repair_frac_0.75,657,65,493,0.049722384449947636,0.5166012050947051,0.015619073785178808,0.4842019641763068
commons-lang,7,fn_repair_frac_0.75,657,65,49,0.0831928442206119,0.5547072649652303,-0.009451404773732247,0.43440991016897373
commons-lang,7,fp_repair_frac_1.00,657,65,657,0.046831199940473085,0.48220093546570936,3.7277032833552306e-05,0.41776610918810114
commons-lang,7,fn_repair_frac_1.00,657,65,65,0.062126070206125,0.5319351220801816,-0.010058001390024976,0.42608976180750757
commons-lang,7,fn_repair_immediate,657,65,65,0.07058213827120251,0.5342034502742894,0.015185621951001376,0.521468483599203
commons-lang,7,fn_repair_at_window,657,65,65,0.05298639820515152,0.5125523399519699,-0.008088025337728419,0.39938875170274324
commons-lang,13,BSZZ,657,65,0,0.07870572083877475,0.5557919048012704,0.04313990218034036,0.6477147887518122
commons-lang,13,BSZZ_immediate,657,65,0,0.061804072623439545,0.5169789125680604,-0.027259319220487094,0.3468902356782242
commons-lang,13,BSZZ_at_window,657,65,0,0.07233640211278686,0.5404588909408322,0.030258877691189335,0.608138516048847
commons-lang,13,fp_repair_matched,657,65,65,0.029950207160374175,0.4845577938963423,-0.013329102748614844,0.4101606574647169
commons-lang,13,fp_repair_frac_0.25,657,65,164,0.06282935574665036,0.5334137385789756,0.039025693866450016,0.6345368239222033
commons-lang,13,fn_repair_frac_0.25,657,65,16,0.08070709142056226,0.5550011614108219,0.036666846902314164,0.6294324365495895
commons-lang,13,fp_repair_frac_0.50,657,65,328,0.050926120253376145,0.513673494813613,-0.0008428879169186463,0.4553910834787349
commons-lang,13,fn_repair_frac_0.50,657,65,32,0.048472039512658875,0.5189752394863525,0.04280267187560097,0.6520169348796668
commons-lang,13,fp_repair_frac_0.75,657,65,493,0.0414168636203017,0.5050185698456364,-0.0050708478610432105,0.4465512105825902
commons-lang,13,fn_repair_frac_0.75,657,65,49,0.06780246445455296,0.5386408062376581,0.02516265863730122,0.5853433859491435
commons-lang,13,fp_repair_frac_1.00,657,65,657,0.08212037446897197,0.5215349046163827,0.004204358241986264,0.38361132447574564
commons-lang,13,fn_repair_frac_1.00,657,65,65,0.06914642059926543,0.5413518297346264,-0.00606179624140471,0.4469937180964266
commons-lang,13,fn_repair_immediate,657,65,65,0.053851712812924425,0.5043889659650268,-0.018415422137485236,0.3424634455426135
commons-lang,13,fn_repair_at_window,657,65,65,0.07610564466482594,0.542373900948544,-0.0034253253164012423,0.4594340011175221
commons-lang,21,BSZZ,657,65,0,0.05211288795817415,0.5199895038067007,0.03214934604795601,0.6152582820978008
commons-lang,21,BSZZ_immediate,657,65,0,0.07355101885597298,0.5360007381695414,0.011047390430771504,0.5130999426165125
commons-lang,21,BSZZ_at_window,657,65,0,0.07937528395029333,0.5479522725942546,0.026659929720110557,0.5963657767585435
commons-lang,21,fp_repair_matched,657,65,65,0.0501767226849972,0.514124158092466,0.026842394700544475,0.5954513841261319
commons-lang,21,fp_repair_frac_0.25,657,65,164,0.07724225277760062,0.5542115779596232,0.09092648547681774,0.7464487527260554
commons-lang,21,fn_repair_frac_0.25,657,65,16,0.0625624617373717,0.533061069778632,0.04130101957897295,0.6443185577553677
commons-lang,21,fp_repair_frac_0.50,657,65,328,0.05498645281478824,0.5199369588663606,0.017937543491125352,0.4819241386138344
commons-lang,21,fn_repair_frac_0.50,657,65,32,0.07111766669074229,0.5420793046344238,-0.009379792907586502,0.43036687802216467
commons-lang,21,fp_repair_frac_0.75,657,65,493,0.04701205975353313,0.5047045865189641,-0.02630891031344891,0.31788737765845204
commons-lang,21,fn_repair_frac_0.75,657,65,49,0.04611325169474938,0.5069940665902093,-0.025476480981354833,0.37514101474025513
commons-lang,21,fp_repair_frac_1.00,657,65,657,0.050107228693846505,0.4860091291119707,0.01500362991885717,0.43947003030993487
commons-lang,21,fn_repair_frac_1.00,657,65,65,0.06132457529121763,0.5269136315721676,-0.0217685852244464,0.38116305222353547
commons-lang,21,fn_repair_immediate,657,65,65,0.039885101887281574,0.4918155415302467,-0.011348348295564524,0.38132260652048133
commons-lang,21,fn_repair_at_window,657,65,65,0.05629719034833099,0.5196814550236516,-0.007541945981583868,0.39421554845075935
commons-lang,42,BSZZ,657,65,0,0.07994973371311899,0.5574101605150107,0.039629763659188286,0.6381934290013117
commons-lang,42,BSZZ_immediate,657,65,0,0.07107438968545446,0.534120392992107,0.010484827907062103,0.5015056733571406
commons-lang,42,BSZZ_at_window,657,65,0,0.05175301610977364,0.5219313537238858,0.03221895632463535,0.6143842719050642
commons-lang,42,fp_repair_matched,657,65,65,0.01900003136964064,0.4855569762943771,0.03911053862184279,0.6368802286883442
commons-lang,42,fp_repair_frac_0.25,657,65,164,0.03179005162132823,0.48569431925505036,-0.026663613068705485,0.33072301306645435
commons-lang,42,fn_repair_frac_0.25,657,65,16,0.058012388293900534,0.5331869756291782,0.029950097780192926,0.6071439260831581
commons-lang,42,fp_repair_frac_0.50,657,65,328,0.050791021105855066,0.505835510606758,-0.03006339793316525,0.26787619002088825
commons-lang,42,fn_repair_frac_0.50,657,65,32,0.07197189233096953,0.5487613535508163,0.050351957508523296,0.6662294593710557
commons-lang,42,fp_repair_frac_0.75,657,65,493,0.06059000972663915,0.5239980231490707,0.02620853465252629,0.5836019986610694
commons-lang,42,fn_repair_frac_0.75,657,65,49,0.06787998418687266,0.5457273660464768,0.04053557517972952,0.6444903719090826
commons-lang,42,fp_repair_frac_1.00,657,65,657,0.049589798736714034,0.48581039975979085,0.015238191855667067,0.44001347032076765
commons-lang,42,fn_repair_frac_1.00,657,65,65,0.05948721457402874,0.5321914228936457,0.027555429078645926,0.5984782862370868
commons-lang,42,fn_repair_immediate,657,65,65,0.07387232896966255,0.5293334942741197,-0.006642277651132864,0.4083828857033272
commons-lang,42,fn_repair_at_window,657,65,65,0.05635270641857252,0.5166652732796344,-0.0080795481146353,0.3985113351059484
commons-lang,77,BSZZ,657,65,0,0.048559213009753174,0.5190127048359078,0.04150331971219157,0.6456030783435217
commons-lang,77,BSZZ_immediate,657,65,0,0.06723910020254882,0.5243627332914921,-0.006329639389823109,0.4277164563614256
commons-lang,77,BSZZ_at_window,657,65,0,0.04793169646560645,0.5146010670696163,0.032388603568722446,0.6149362911944474
commons-lang,77,fp_repair_matched,657,65,65,0.06681749362934626,0.5430338532866283,0.0429947453426541,0.6497908773947741
commons-lang,77,fp_repair_frac_0.25,657,65,164,0.043648536973323965,0.5152101840877369,0.026712954946246353,0.5951591784834591
commons-lang,77,fn_repair_frac_0.25,657,65,16,0.0740261343685549,0.5526347895124403,0.049436137762315445,0.6722672171053033
commons-lang,77,fp_repair_frac_0.50,657,65,328,0.041988953116174274,0.5031644569818225,0.012715376427990668,0.4752018457918623
commons-lang,77,fn_repair_frac_0.50,657,65,32,0.07661530607333861,0.5519091063888948,0.05052559848999442,0.6723150279489627
commons-lang,77,fp_repair_frac_0.75,657,65,493,0.017155630596565382,0.4646828243346293,-0.010221458551406732,0.39798598503388777
commons-lang,77,fn_repair_frac_0.75,657,65,49,0.0689258982965331,0.5374469173155055,-0.01723870558348664,0.41529864947977585
commons-lang,77,fp_repair_frac_1.00,657,65,657,0.06694288037075435,0.5049399038793371,0.019285428863412907,0.4358868091691167
commons-lang,77,fn_repair_frac_1.00,657,65,65,0.07086792607231485,0.5462917218964735,0.04301742849210036,0.6485373415073081
commons-lang,77,fn_repair_immediate,657,65,65,0.04840658800382106,0.5037885824993228,0.008171876998504921,0.4763160041815231
commons-lang,77,fn_repair_at_window,657,65,65,0.048058264200612606,0.504151832707513,-0.003993621812863493,0.4239786264585616
commons-lang,101,BSZZ,657,65,0,0.0604335090627132,0.5382281579971292,0.036082464512905046,0.6275594293746044
commons-lang,101,BSZZ_immediate,657,65,0,0.05822388838759263,0.518650967548193,-0.0012150894994753026,0.4814064101069191
commons-lang,101,BSZZ_at_window,657,65,0,0.05835283541006147,0.531794609617845,0.039832668146180875,0.6410149377590442
commons-lang,101,fp_repair_matched,657,65,65,0.08664148636247361,0.5692556920650249,0.04909197876917193,0.6725526104205366
commons-lang,101,fp_repair_frac_0.25,657,65,164,0.04948002666135281,0.5173453905499165,0.07183173863706827,0.6901792330926065
commons-lang,101,fn_repair_frac_0.25,657,65,16,0.0581379740137945,0.5228512436147192,-0.008282636537033396,0.4340300658294944
commons-lang,101,fp_repair_frac_0.50,657,65,328,0.016957110537215825,0.4700861011054092,-0.027994293922699955,0.2743483812304211
commons-lang,101,fn_repair_frac_0.50,657,65,32,0.08991983514012186,0.5640880879803124,-0.009479836303873602,0.43301461169997274
commons-lang,101,fp_repair_frac_0.75,657,65,493,0.0011049513935422978,0.4447635776465928,-0.03873644422324703,0.3050888920763333
commons-lang,101,fn_repair_frac_0.75,657,65,49,0.04066621459483927,0.5073501981716289,0.014551843463830398,0.48809427643300335
commons-lang,101,fp_repair_frac_1.00,657,65,657,0.04992522818596746,0.48849761192814806,0.01849874314411974,0.45704088293039097
commons-lang,101,fn_repair_frac_1.00,657,65,65,0.07084216098646941,0.5532824967906866,0.03690155963491727,0.6312136320545382
commons-lang,101,fn_repair_immediate,657,65,65,0.06705500769624405,0.5260343833037401,0.01953383070711659,0.5277619520693283
commons-lang,101,fn_repair_at_window,657,65,65,0.06910892117190433,0.5420208120768748,0.011359092043137722,0.5027886990394613
commons-lang,123,BSZZ,657,65,0,0.048288390742745844,0.5159807265089605,0.03448317812269086,0.621213115855764
commons-lang,123,BSZZ_immediate,657,65,0,0.05787090095297552,0.5202534257486982,0.011677715047871792,0.5134019824591678
commons-lang,123,BSZZ_at_window,657,65,0,0.05609045561036229,0.5259434276117105,0.033039142847504234,0.6170373216435876
commons-lang,123,fp_repair_matched,657,65,65,0.07929189080485924,0.5549581785742916,0.04344213315716014,0.6533674265519819
commons-lang,123,fp_repair_frac_0.25,657,65,164,0.05254453386022835,0.5226631272209564,0.02157807235970511,0.5756680427121452
commons-lang,123,fn_repair_frac_0.25,657,65,16,0.06647324475602585,0.5342867862335788,-0.004056156519467614,0.4504012891028321
commons-lang,123,fp_repair_frac_0.50,657,65,328,0.06480612855776889,0.5426013032830078,0.03118461779923309,0.6118871477554273
commons-lang,123,fn_repair_frac_0.50,657,65,32,0.07949243821104271,0.5573226165002302,0.04246474020384763,0.6467970326950884
commons-lang,123,fp_repair_frac_0.75,657,65,493,0.07580013367244734,0.5461877085289117,0.016904696497984522,0.5138540671639457
commons-lang,123,fn_repair_frac_0.75,657,65,49,0.06058844653962466,0.5271859187802796,0.002405825369873011,0.4559140785918708
commons-lang,123,fp_repair_frac_1.00,657,65,657,0.05390017022583288,0.49121949657414826,0.010826760128264164,0.4205487308775689
commons-lang,123,fn_repair_frac_1.00,657,65,65,0.10022169593688063,0.5799110465832596,0.039936676900592355,0.6403537408483502
commons-lang,123,fn_repair_immediate,657,65,65,0.054845318236777976,0.5043718799222121,-0.016261694641676573,0.339493529044919
commons-lang,123,fn_repair_at_window,657,65,65,0.05217680418890681,0.518692355652018,0.011675495710066947,0.5029333980567526
commons-lang,202,BSZZ,657,65,0,0.04909249315945539,0.5188286894251177,0.0350633620067589,0.6228430987860136
commons-lang,202,BSZZ_immediate,657,65,0,0.06953234192328663,0.5268936780172774,-0.013866781994838326,0.4122642908353303
commons-lang,202,BSZZ_at_window,657,65,0,0.059458204344127595,0.5257968636498889,0.032361298382138456,0.615595553887661
commons-lang,202,fp_repair_matched,657,65,65,0.06915341676964237,0.5431473652776589,0.0345522891284594,0.6232296715359519
commons-lang,202,fp_repair_frac_0.25,657,65,164,0.07596405522859531,0.5495006783827598,0.03647148744337186,0.6292308234000209
commons-lang,202,fn_repair_frac_0.25,657,65,16,0.0706717273287597,0.5400568909087944,0.04801349610652932,0.6624196792895439
commons-lang,202,fp_repair_frac_0.50,657,65,328,0.0686404883432123,0.538135867337908,0.001451523552939681,0.47992481048560903
commons-lang,202,fn_repair_frac_0.50,657,65,32,0.0576572834577028,0.5245645643151692,-0.014914087099656142,0.4084725448781143
commons-lang,202,fp_repair_frac_0.75,657,65,493,0.04064781908605731,0.4972931441823673,-0.011666012156401335,0.4200889561288388
commons-lang,202,fn_repair_frac_0.75,657,65,49,0.06661973064754649,0.533354663534495,-0.013028391503855092,0.4138295971329138
commons-lang,202,fp_repair_frac_1.00,657,65,657,0.06030767816524677,0.5018874028556404,0.013873218579562675,0.45167536672326897
commons-lang,202,fn_repair_frac_1.00,657,65,65,0.06536220395038922,0.5294776357503124,-0.020194594427002863,0.38768947711300866
commons-lang,202,fn_repair_immediate,657,65,65,0.0708420022622467,0.5290349492279198,0.00038965696030275946,0.4489233774632647
commons-lang,202,fn_repair_at_window,657,65,65,0.06638547190061571,0.5350433893944669,0.008283737945939016,0.4956553194619868
commons-lang,314,BSZZ,657,65,0,0.07625157310750541,0.5527752570690668,0.034972771174184986,0.6242623654621837
commons-lang,314,BSZZ_immediate,657,65,0,0.05943693292687382,0.5217087219353761,-0.005546813856722177,0.46528613752314574
commons-lang,314,BSZZ_at_window,657,65,0,0.04624524155431346,0.5122684806160982,0.0259173745353835,0.5928696394284447
commons-lang,314,fp_repair_matched,657,65,65,0.055874178377104636,0.5305048236100207,0.033973593582202824,0.6213770354495085
commons-lang,314,fp_repair_frac_0.25,657,65,164,0.04938185931723872,0.5099432110384822,-0.011299825129025958,0.4247268955056909
commons-lang,314,fn_repair_frac_0.25,657,65,16,0.06918048954284532,0.5361001527325578,0.008651229120353056,0.4793557113670723
commons-lang,314,fp_repair_frac_0.50,657,65,328,0.03854517002445706,0.4923424748038211,-0.011222848703752729,0.40027356670577047
commons-lang,314,fn_repair_frac_0.50,657,65,32,0.05237374231968253,0.5170532875145398,0.00824758251567648,0.4650371500098128
commons-lang,314,fp_repair_frac_0.75,657,65,493,0.0900476418874119,0.5505493942137802,-0.00854612167385607,0.41676168760553445
commons-lang,314,fn_repair_frac_0.75,657,65,49,0.046853693305507774,0.5095647749107886,-0.004514697514520655,0.45070351618739085
commons-lang,314,fp_repair_frac_1.00,657,65,657,0.0813048284618385,0.5288945463127631,0.02255227253198819,0.4666671893607945
commons-lang,314,fn_repair_frac_1.00,657,65,65,0.08484129454987065,0.5627383411373984,0.03396405418581107,0.6205901736798516
commons-lang,314,fn_repair_immediate,657,65,65,0.07460256650852488,0.5353104379713032,-0.0006983273173018804,0.43950658171634815
commons-lang,314,fn_repair_at_window,657,65,65,0.041934542863874526,0.4992589385426698,-0.012423505457264526,0.3720201412192315
commons-lang,999,BSZZ,657,65,0,0.06861863953920035,0.5440133823154535,0.042609697680743734,0.6488280094257571
commons-lang,999,BSZZ_immediate,657,65,0,0.06878943544364544,0.5305764177395317,0.010768381178379015,0.5089411051527036
commons-lang,999,BSZZ_at_window,657,65,0,0.05258746705056852,0.5233430865819046,0.02797137657119584,0.6001784694410843
commons-lang,999,fp_repair_matched,657,65,65,0.0450246207446501,0.5011222618271631,-0.012307819501377092,0.4130092036966315
commons-lang,999,fp_repair_frac_0.25,657,65,164,0.04740744787660433,0.5151248262643865,0.03961370968123035,0.6383080073875584
commons-lang,999,fn_repair_frac_0.25,657,65,16,0.09203431514783081,0.5681072880815115,0.0365327237237233,0.6297407947208514
commons-lang,999,fp_repair_frac_0.50,657,65,328,0.06924059123515755,0.532396986433321,0.042730405451755764,0.6462254440580573
commons-lang,999,fn_repair_frac_0.50,657,65,32,0.05148613130226283,0.5243610723769854,0.03460678266093548,0.6230862120056974
commons-lang,999,fp_repair_frac_0.75,657,65,493,0.03521733515028212,0.4838703541585352,-0.01780038194679708,0.4046076432444916
commons-lang,999,fn_repair_frac_0.75,657,65,49,0.07122458344524071,0.5342358795589032,-0.016749062367067444,0.39264664259164667
commons-lang,999,fp_repair_frac_1.00,657,65,657,0.0491460504524912,0.48714315652350204,0.012701488461353256,0.43781214410243857
commons-lang,999,fn_repair_frac_1.00,657,65,65,0.0595984812929612,0.53772377012051,0.0396812003188292,0.639385172666411
commons-lang,999,fn_repair_immediate,657,65,65,0.08028902725365519,0.5407447988334841,0.003921900224982732,0.47378420460911247
commons-lang,999,fn_repair_at_window,657,65,65,0.056867543209790324,0.5201378662943679,-0.009233292091550183,0.39193761830184126
commons-math,7,BSZZ,956,91,0,0.07756714908993613,0.534142859835562,0.04980112849636816,0.5783794149466862
commons-math,7,BSZZ_immediate,956,91,0,0.09049763392403551,0.5404099001835726,0.03920855572491847,0.5542565835698322
commons-math,7,BSZZ_at_window,956,91,0,0.14632227195506073,0.6070798542043984,-0.041780186457823346,0.338196708435726
commons-math,7,fp_repair_matched,956,91,91,0.10160215689266124,0.5585651245933931,0.0819738475316341,0.6170299948228778
commons-math,7,fp_repair_frac_0.25,956,91,239,0.09672169357362563,0.554869055339641,-0.08618579609264068,0.2904569255002943
commons-math,7,fn_repair_frac_0.25,956,91,23,0.09085634890921515,0.5544633749246893,0.0467379241119201,0.5750412878748257
commons-math,7,fp_repair_frac_0.50,956,91,478,0.0727529379226521,0.5328532587899111,-0.07570919068086102,0.3050689469133673
commons-math,7,fn_repair_frac_0.50,956,91,46,0.09423929341525357,0.5534925648456275,-0.01147056777468969,0.46355204543695533
commons-math,7,fp_repair_frac_0.75,956,91,717,0.10405086497908832,0.5633789123894251,0.1623157144552548,0.7395454246826781
commons-math,7,fn_repair_frac_0.75,956,91,68,0.08449224062589702,0.5464867017550077,0.040125466498630316,0.5638542327925163
commons-math,7,fp_repair_frac_1.00,956,91,956,0.16178092041603756,0.6006932810607863,0.10778313005749876,0.6455170806292575
commons-math,7,fn_repair_frac_1.00,956,91,91,0.07858216598205596,0.5430982906902062,0.052694830433348334,0.5833633659408903
commons-math,7,fn_repair_immediate,956,91,91,0.11414294792221243,0.5594391948203743,0.07064430693672522,0.6087883159689369
commons-math,7,fn_repair_at_window,956,91,91,0.13830596162191783,0.5982684992438988,0.04832422101503653,0.5744025090773478
commons-math,13,BSZZ,956,91,0,0.09717278418289653,0.5565786186123393,0.054723329579950644,0.5851528099628895
commons-math,13,BSZZ_immediate,956,91,0,0.1083370114350379,0.5572369997969091,0.08072362476704252,0.6233114626176475
commons-math,13,BSZZ_at_window,956,91,0,0.1596717029427484,0.623936395702676,0.08376047218777168,0.6230268055173188
commons-math,13,fp_repair_matched,956,91,91,0.09279929787916939,0.5533935773348839,0.04566480139415888,0.5725639919790455
commons-math,13,fp_repair_frac_0.25,956,91,239,0.08282108875982039,0.5443477515526911,0.05419480261873281,0.5834965022651613
commons-math,13,fn_repair_frac_0.25,956,91,23,0.08858178408779994,0.5510894091590532,0.05539266436397754,0.5879288367174451
commons-math,13,fp_repair_frac_0.50,956,91,478,0.09316839752306204,0.5548054788287037,0.08185074667890878,0.6151356256178707
commons-math,13,fn_repair_frac_0.50,956,91,46,0.08299171190119196,0.5444576045330874,0.04177058970143644,0.5671096552556907
commons-math,13,fp_repair_frac_0.75,956,91,717,0.10894830149367736,0.5649023003293687,0.0500725011489837,0.5776298039168073
commons-math,13,fn_repair_frac_0.75,956,91,68,0.07059724025241966,0.5326130245298233,-0.07311631487791691,0.3138980569934785
commons-math,13,fp_repair_frac_1.00,956,91,956,0.13606514047410873,0.5714219362742912,0.09895272653398873,0.6373509870781615
commons-math,13,fn_repair_frac_1.00,956,91,91,0.06373107402358806,0.5280410444463729,0.038106884578126145,0.5612497427787112
commons-math,13,fn_repair_immediate,956,91,91,0.10264678593565925,0.548152112961309,-0.05049299832870762,0.401050633817919
commons-math,13,fn_repair_at_window,956,91,91,0.13137820124077113,0.5935779810962596,0.08421225677133538,0.6167694509062467
commons-math,21,BSZZ,956,91,0,0.0824447499211043,0.5432361980196286,0.04689555413227415,0.5742021144666276
commons-math,21,BSZZ_immediate,956,91,0,0.09722509192157956,0.5458484058260226,0.012828716958729022,0.5192728663448106
commons-math,21,BSZZ_at_window,956,91,0,0.13390341185043791,0.595160118899901,0.04540878355199153,0.5723780162999127
commons-math,21,fp_repair_matched,956,91,91,0.10033534511596548,0.5605926948446224,0.06467736598837295,0.6001232691316551
commons-math,21,fp_repair_frac_0.25,956,91,239,0.09725282730202031,0.5576548603646561,0.06355317316529464,0.5957368925331182
commons-math,21,fn_repair_frac_0.25,956,91,23,0.08166810669500159,0.5438663889798369,0.09655579060745159,0.6488255750565981
commons-math,21,fp_repair_frac_0.50,956,91,478,0.10688414012973424,0.5673213331491723,0.1558068715184901,0.7271892444383133
commons-math,21,fn_repair_frac_0.50,956,91,46,0.0692565332510508,0.5349372974579347,0.03488757038343122,0.5562586702072585
commons-math,21,fp_repair_frac_0.75,956,91,717,0.08124916766374586,0.5353039041652893,-0.07176560637118312,0.3008204243209089
commons-math,21,fn_repair_frac_0.75,956,91,68,0.06615381131521098,0.5254686768153153,-0.07288544174774111,0.29877347667520066
commons-math,21,fp_repair_frac_1.00,956,91,956,0.1430175832253433,0.5842849837945755,0.11207468076840346,0.6459951430676534
commons-math,21,fn_repair_frac_1.00,956,91,91,0.0783726803597247,0.5365700613772383,-0.06558490407755826,0.30908304220992794
commons-math,21,fn_repair_immediate,956,91,91,0.10388482102356834,0.5509922218910432,0.030890603748581724,0.5473603244118417
commons-math,21,fn_repair_at_window,956,91,91,0.12715318028390746,0.5873185048202169,0.044386280501884166,0.568759683024824
commons-math,42,BSZZ,956,91,0,0.0712765170406175,0.5342873402760215,0.04249471608687102,0.5676440899252171
commons-math,42,BSZZ_immediate,956,91,0,0.10255389173756957,0.5497549124734309,0.04599775159413243,0.5739948265486778
commons-math,42,BSZZ_at_window,956,91,0,0.14383468063857682,0.603913548755362,0.06310226373570044,0.5973100541365757
commons-math,42,fp_repair_matched,956,91,91,0.09828456713567513,0.5604433805716944,0.051606901132612244,0.581299422728283
commons-math,42,fp_repair_frac_0.25,956,91,239,0.09380140422710889,0.5549193612202344,0.047198255262683605,0.574238201028555
commons-math,42,fn_repair_frac_0.25,956,91,23,0.08080366533651964,0.5457705659477187,0.04481836726753944,0.5715690030655336
commons-math,42,fp_repair_frac_0.50,956,91,478,0.08709529614358119,0.5442347810693119,-0.0656986813270104,0.37447694603322895
commons-math,42,fn_repair_frac_0.50,956,91,46,0.10117243761323566,0.5595085471312918,-0.06479332418769163,0.3204782110415406
commons-math,42,fp_repair_frac_0.75,956,91,717,0.1022458623734326,0.5542018111064713,-0.011309130023010828,0.4696419973829769
commons-math,42,fn_repair_frac_0.75,956,91,68,0.07944048229667618,0.5443445370945759,0.05117801465313468,0.5805888756783131
commons-math,42,fp_repair_frac_1.00,956,91,956,0.15124305381013167,0.5894547189129686,0.10976187041977375,0.6472771749600127
commons-math,42,fn_repair_frac_1.00,956,91,91,0.09987106663406825,0.5620745008201642,0.042429421184216935,0.56832500741334
commons-math,42,fn_repair_immediate,956,91,91,0.1179945371418729,0.5621788524392415,0.011869534840452672,0.5187353633004612
commons-math,42,fn_repair_at_window,956,91,91,0.1415409903779442,0.6089404368870195,0.0700803508820505,0.6057463870626324
commons-math,77,BSZZ,956,91,0,0.07084019037003035,0.532829000003739,0.0505408265372603,0.5792044228287505
commons-math,77,BSZZ_immediate,956,91,0,0.09986021283650937,0.5436011905384669,0.02100730535359452,0.5306840203054791
commons-math,77,BSZZ_at_window,956,91,0,0.1512166727404768,0.6142105338542612,0.04862739247843037,0.5773527831278303
commons-math,77,fp_repair_matched,956,91,91,0.07992408664159321,0.537599101108944,0.024708102948867973,0.534385666497275
commons-math,77,fp_repair_frac_0.25,956,91,239,0.10135257103424654,0.5576558970244423,-0.09425735318651435,0.29468050512083865
commons-math,77,fn_repair_frac_0.25,956,91,23,0.08067346230436721,0.5444952564717197,0.05083487208774831,0.5808731915336366
commons-math,77,fp_repair_frac_0.50,956,91,478,0.08900358407341176,0.5457232139630062,0.042706816662170854,0.5673480581814513
commons-math,77,fn_repair_frac_0.50,956,91,46,0.06484490680096472,0.5300881791014185,0.06927079012605446,0.6043480012075839
commons-math,77,fp_repair_frac_0.75,956,91,717,0.130242770790453,0.5844285998987806,0.1740794173445936,0.7585181192535166
commons-math,77,fn_repair_frac_0.75,956,91,68,0.08283630876205632,0.5426172952968085,-0.04791139411672373,0.3485910599283296
commons-math,77,fp_repair_frac_1.00,956,91,956,0.13825553827915826,0.5778352637772255,0.11002331903669105,0.6443003862131231
commons-math,77,fn_repair_frac_1.00,956,91,91,0.06587191294459946,0.5315741204643236,0.08955333739802455,0.6357792725177909
commons-math,77,fn_repair_immediate,956,91,91,0.10480975354605568,0.5522056086708549,0.029525679965235117,0.5446712316975827
commons-math,77,fn_repair_at_window,956,91,91,0.13473086201035508,0.5965328775206371,0.05303134822186476,0.5837353265874968
commons-math,101,BSZZ,956,91,0,0.08356230374263288,0.5425442079357884,0.05011550269656874,0.5785071211115268
commons-math,101,BSZZ_immediate,956,91,0,0.09581225236210066,0.5461912741322981,0.03454196998396563,0.5503234508976966
commons-math,101,BSZZ_at_window,956,91,0,0.1485584692830449,0.6131255780160103,0.06328866542381485,0.5978994150653227
commons-math,101,fp_repair_matched,956,91,91,0.08046751283511382,0.5394767718513488,0.05084886456475187,0.5796192858541682
commons-math,101,fp_repair_frac_0.25,956,91,239,0.10033850803395908,0.5612504311123968,-0.07195369636857435,0.31055971866457477
commons-math,101,fn_repair_frac_0.25,956,91,23,0.07414045523333274,0.5345205183101519,0.05122688660867594,0.5791999564878766
commons-math,101,fp_repair_frac_0.50,956,91,478,0.08119000389087888,0.5390928169238428,0.0006921890453436166,0.5002400840098551
commons-math,101,fn_repair_frac_0.50,956,91,46,0.08491134721095715,0.5486932123754441,0.04787109733601798,0.5760548569384578
commons-math,101,fp_repair_frac_0.75,956,91,717,0.12198623226298452,0.5781554679375054,0.011089688420364197,0.49324515898172544
commons-math,101,fn_repair_frac_0.75,956,91,68,0.07647294865365949,0.5378146802438525,0.046024404551921694,0.5722441828512779
commons-math,101,fp_repair_frac_1.00,956,91,956,0.14801478013713537,0.5837247287000052,0.1171329056520614,0.6563444446982142
commons-math,101,fn_repair_frac_1.00,956,91,91,0.06903507835271692,0.5291060084553417,0.03246964869769072,0.5524510171556282
commons-math,101,fn_repair_immediate,956,91,91,0.09366212632765833,0.5426033804358469,0.01673949556873079,0.5262300550619733
commons-math,101,fn_repair_at_window,956,91,91,0.14508592676583304,0.6053918985791243,0.05446745712470817,0.5841994711822681
commons-math,123,BSZZ,956,91,0,0.07700895115943365,0.5395393769705997,0.05002514406809897,0.5785459424132455
commons-math,123,BSZZ_immediate,956,91,0,0.10430764235824691,0.5521743437347866,0.019249723689508495,0.5286972417260714
commons-math,123,BSZZ_at_window,956,91,0,0.1512242518904208,0.614391095327241,0.0617514687641565,0.5960414558699528
commons-math,123,fp_repair_matched,956,91,91,0.07593658970765602,0.5418616318906877,0.05400581797302148,0.5849098786693377
commons-math,123,fp_repair_frac_0.25,956,91,239,0.08090544782012062,0.5400315717313677,0.07225192075628888,0.6038398753438919
commons-math,123,fn_repair_frac_0.25,956,91,23,0.09930529113223262,0.5607013424203592,0.06127877163423147,0.5963238530794076
commons-math,123,fp_repair_frac_0.50,956,91,478,0.08775697997581741,0.543982956494243,0.09508712098396198,0.6480917522840816
commons-math,123,fn_repair_frac_0.50,956,91,46,0.07334411281145159,0.5409120058951308,0.10888395546537447,0.6689652015097702
commons-math,123,fp_repair_frac_0.75,956,91,717,0.09484830927410373,0.5543411423516463,-0.008644006213554219,0.46106489231259323
commons-math,123,fn_repair_frac_0.75,956,91,68,0.08170165591641732,0.5436742429441679,-0.0024760433596522097,0.47670572479643547
commons-math,123,fp_repair_frac_1.00,956,91,956,0.15979039658163857,0.5996410242402155,0.11664330551018043,0.6535284712887899
commons-math,123,fn_repair_frac_1.00,956,91,91,0.0637321723269452,0.5277916548431802,0.06025703032621869,0.5921393497960253
commons-math,123,fn_repair_immediate,956,91,91,0.11810326540447054,0.5629847033108908,0.01577416333899202,0.5246093979837487
commons-math,123,fn_repair_at_window,956,91,91,0.14176310518472973,0.6007536702376475,0.04720660205373635,0.5730636557175094
commons-math,202,BSZZ,956,91,0,0.08898264292903685,0.5492778558201559,0.043684786166727226,0.5691065913402628
commons-math,202,BSZZ_immediate,956,91,0,0.0978305809664124,0.5465705223064334,0.04661425908559979,0.5665486804986964
commons-math,202,BSZZ_at_window,956,91,0,0.13755400940470167,0.6045129173803171,0.07649473349584665,0.6133002586776546
commons-math,202,fp_repair_matched,956,91,91,0.07329099646102637,0.5296287264652918,0.04826576984209156,0.5767143320860372
commons-math,202,fp_repair_frac_0.25,956,91,239,0.09846104760729178,0.5603252158313303,0.10799772729096825,0.6684032454027438
commons-math,202,fn_repair_frac_0.25,956,91,23,0.08533324454125467,0.5461246116840724,0.02966980433093853,0.54796623363756
commons-math,202,fp_repair_frac_0.50,956,91,478,0.10197311036877887,0.5609051245982171,0.049921463793460435,0.576396718290844
commons-math,202,fn_repair_frac_0.50,956,91,46,0.08622844769131029,0.5464382382502347,0.03932428759650514,0.5625600387169252
commons-math,202,fp_repair_frac_0.75,956,91,717,0.1121641186526216,0.5666082836619001,0.040598402461419145,0.5175197020436159
commons-math,202,fn_repair_frac_0.75,956,91,68,0.07311289705095958,0.534802483383287,0.036974881103912,0.5588439428844543
commons-math,202,fp_repair_frac_1.00,956,91,956,0.13701066820869728,0.5739191321217617,0.09274068674459525,0.6327341585083678
commons-math,202,fn_repair_frac_1.00,956,91,91,0.07222638846618616,0.5377984217913411,0.02821356334504531,0.5456268985579389
commons-math,202,fn_repair_immediate,956,91,91,0.10182204139000334,0.5477293059466325,0.024491671129862082,0.5377900420840408
commons-math,202,fn_repair_at_window,956,91,91,0.15568949565659215,0.6165421332940975,0.0728146312878181,0.6092038251171583
commons-math,314,BSZZ,956,91,0,0.08974658686612058,0.5526247913301099,0.056164136287716916,0.5871756668914482
commons-math,314,BSZZ_immediate,956,91,0,0.0929577661690813,0.5407073226247866,0.017791365250645622,0.5232264693245815
commons-math,314,BSZZ_at_window,956,91,0,0.14367543820791823,0.6057535088455603,0.055600371314756154,0.5872723166989227
commons-math,314,fp_repair_matched,956,91,91,0.07548889705154986,0.5361103730604199,0.055181295288350564,0.5856449574434525
commons-math,314,fp_repair_frac_0.25,956,91,239,0.07139748490045926,0.5374657744631921,0.09684675470004597,0.6506897953881164
commons-math,314,fn_repair_frac_0.25,956,91,23,0.07525853620415465,0.5411033512492015,0.06336594650008945,0.5979688469078285
commons-math,314,fp_repair_frac_0.50,956,91,478,0.09859043486870799,0.5593063793955224,0.16328702486503008,0.7401496193204794
commons-math,314,fn_repair_frac_0.50,956,91,46,0.0726542378862155,0.5346620296271373,0.046158216006680686,0.5730796470766599
commons-math,314,fp_repair_frac_0.75,956,91,717,0.11202361292697793,0.5727937323929767,0.11717088599161887,0.6559143406055673
commons-math,314,fn_repair_frac_0.75,956,91,68,0.08120999066566532,0.5414606938739611,0.038779865214659065,0.561853040517075
commons-math,314,fp_repair_frac_1.00,956,91,956,0.13677885028582223,0.5805612800957706,0.09723387845216297,0.6354440439091126
commons-math,314,fn_repair_frac_1.00,956,91,91,0.07617366432300739,0.5404542024979687,0.0999978402623831,0.6528838577046262
commons-math,314,fn_repair_immediate,956,91,91,0.11051304614624223,0.5554995393274033,0.0046751734478922245,0.5070207318697169
commons-math,314,fn_repair_at_window,956,91,91,0.13950909932086764,0.6025657461153702,0.06514201756443523,0.5961407905375037
commons-math,999,BSZZ,956,91,0,0.09013179053091643,0.5491295689653344,-0.0747190364553907,0.31304735550745866
commons-math,999,BSZZ_immediate,956,91,0,0.09928763189884625,0.5477468619969815,0.03520179783028152,0.5515044446059669
commons-math,999,BSZZ_at_window,956,91,0,0.1334700996902998,0.5965421142869102,0.058840549280487854,0.5917271846845475
commons-math,999,fp_repair_matched,956,91,91,0.0834429181302321,0.5432892293307938,0.04495056137293235,0.5716726477572772
commons-math,999,fp_repair_frac_0.25,956,91,239,0.08698160001538645,0.547825844179829,0.05957051424357934,0.5910320486195545
commons-math,999,fn_repair_frac_0.25,956,91,23,0.07339859377110429,0.5369239046545878,0.033779203059947714,0.5540292220800852
commons-math,999,fp_repair_frac_0.50,956,91,478,0.11345963837897065,0.5693214169547843,0.17966130226451618,0.7669904114974857
commons-math,999,fn_repair_frac_0.50,956,91,46,0.0809299538986506,0.5425887246233235,0.04217971456335386,0.5673574182195771
commons-math,999,fp_repair_frac_0.75,956,91,717,0.13544860077018794,0.5880350280370794,0.1309897139151101,0.6796433099499481
commons-math,999,fn_repair_frac_0.75,956,91,68,0.07937047057908721,0.5444772463155533,0.04432761039084362,0.570975661271274
commons-math,999,fp_repair_frac_1.00,956,91,956,0.14656314025953646,0.5897473271950848,0.04459813025298842,0.5268769201926948
commons-math,999,fn_repair_frac_1.00,956,91,91,0.07930928247253392,0.5465398644782052,0.06000325821265063,0.5935727304513566
commons-math,999,fn_repair_immediate,956,91,91,0.11040869166741644,0.5545423365140696,0.0349239397104321,0.5560164514675241
commons-math,999,fn_repair_at_window,956,91,91,0.13582637200919964,0.5917714016163647,-0.0673013448652966,0.29509617663637744
commons-net,7,BSZZ,139,68,0,0.0418003391661799,0.5092141120511582,-0.00934295239598391,0.4871087374799244
commons-net,7,BSZZ_immediate,139,68,0,0.10396802242678732,0.516604720086024,0.04615417017158862,0.5171909964975157
commons-net,7,BSZZ_at_window,139,68,0,0.04617851793788861,0.5188327009626497,0.04366020630936215,0.48402041183337985
commons-net,7,fp_repair_matched,139,68,68,0.045708507041387535,0.5123976523706603,7.334537747103893e-05,0.44617258178858726
commons-net,7,fp_repair_frac_0.25,139,68,35,0.07440569867686024,0.5347870222422636,0.019984240282347878,0.4963348095465157
commons-net,7,fn_repair_frac_0.25,139,68,17,0.03640771935732982,0.49152294723672096,-0.00615336428409575,0.48388661914463554
commons-net,7,fp_repair_frac_0.50,139,68,70,0.023968215055777186,0.4926543927510915,-0.024832707118010597,0.4280194172084845
commons-net,7,fn_repair_frac_0.50,139,68,34,0.07442583131693019,0.5288405669514463,-0.05411395731916677,0.4303186872891897
commons-net,7,fp_repair_frac_0.75,139,68,104,0.0858702922010591,0.5455484471356877,0.061842243048162646,0.5762687101835291
commons-net,7,fn_repair_frac_0.75,139,68,51,0.01901944035575145,0.49374458008986627,-0.03231382663872005,0.45814123501981197
commons-net,7,fp_repair_frac_1.00,139,68,139,0.11144867903490079,0.5429584025195926,0.048763624086838646,0.5493339018929265
commons-net,7,fn_repair_frac_1.00,139,68,68,0.04581142730043484,0.5251972106162128,-0.013765932470017,0.47544448167215114
commons-net,7,fn_repair_immediate,139,68,68,0.13096928724509352,0.5342270088426108,0.04787700279898915,0.5601233450058722
commons-net,7,fn_repair_at_window,139,68,68,0.0286944158436452,0.4810942498344621,0.13628815513924494,0.6537211247798402
commons-net,13,BSZZ,139,68,0,0.03159945586383544,0.5027831274639695,-0.004630532873593212,0.49282038756960644
commons-net,13,BSZZ_immediate,139,68,0,0.09288604947363116,0.5133934358956045,0.040233946455167785,0.5127849564091268
commons-net,13,BSZZ_at_window,139,68,0,0.05599698705378767,0.5238881264727161,0.04516953457587836,0.4876712619520966
commons-net,13,fp_repair_matched,139,68,68,0.01641797125613601,0.47344803338915725,-0.08018835711353878,0.3624495347481408
commons-net,13,fp_repair_frac_0.25,139,68,35,0.046208568077544705,0.5211641635073022,-0.0014783884757265718,0.49582685479669153
commons-net,13,fn_repair_frac_0.25,139,68,17,0.06480535800712126,0.5395219541681201,0.03758959224808939,0.5483428528968338
commons-net,13,fp_repair_frac_0.50,139,68,70,0.02357408792933845,0.4961208024574505,0.01019502208557055,0.5126210439448643
commons-net,13,fn_repair_frac_0.50,139,68,34,-0.010446710600409411,0.4528999388045164,0.04313957887621435,0.5496117999632977
commons-net,13,fp_repair_frac_0.75,139,68,104,0.057636037671643894,0.5081923469606293,0.031740572766358874,0.4880545772158843
commons-net,13,fn_repair_frac_0.75,139,68,51,0.04402166359424784,0.5182263708309859,0.005214730231808979,0.5060309930736888
commons-net,13,fp_repair_frac_1.00,139,68,139,0.11708939550670464,0.549313598270737,0.05411640377441716,0.5562728027677877
commons-net,13,fn_repair_frac_1.00,139,68,68,0.08419941097933305,0.5465832396014673,-0.0076081632831164385,0.48478702352415265
commons-net,13,fn_repair_immediate,139,68,68,0.09896290331654928,0.5183590855075426,-0.02229396819410661,0.4574285442412124
commons-net,13,fn_repair_at_window,139,68,68,0.04334907460770132,0.49505013668127473,0.14046545110837833,0.6569666694718722
commons-net,21,BSZZ,139,68,0,0.04967516392859802,0.5093429641478925,-0.002632829177947688,0.49521855568406387
commons-net,21,BSZZ_immediate,139,68,0,0.10321495817406512,0.5189329481086099,0.03994679101273438,0.5126035981406548
commons-net,21,BSZZ_at_window,139,68,0,0.06423509600178412,0.535329915433061,0.048194908932253464,0.4919528094273689
commons-net,21,fp_repair_matched,139,68,68,0.0722236568844478,0.5371768497784424,-0.054678541634482325,0.41622124310003816
commons-net,21,fp_repair_frac_0.25,139,68,35,0.03381979870829993,0.5051855237387396,0.020252070976045065,0.47697114100227367
commons-net,21,fn_repair_frac_0.25,139,68,17,0.04479437867965489,0.4943928373272582,0.07926415458095722,0.594892725230777
commons-net,21,fp_repair_frac_0.50,139,68,70,0.06642235556023296,0.5244405137151917,0.0245698932226728,0.5314811152813197
commons-net,21,fn_repair_frac_0.50,139,68,34,0.025970666197311087,0.503415436908959,0.003776917818704477,0.504106900223649
commons-net,21,fp_repair_frac_0.75,139,68,104,0.04512918930837848,0.5164262378015128,-0.021685254061647615,0.4493611795356415
commons-net,21,fn_repair_frac_0.75,139,68,51,0.004562947402459514,0.4796224168601904,0.010974846459179562,0.506068827868109
commons-net,21,fp_repair_frac_1.00,139,68,139,0.10246569092864911,0.530426774999429,0.04230928156785678,0.5425348524054123
commons-net,21,fn_repair_frac_1.00,139,68,68,-0.030485851808061303,0.45704176761410154,-0.07108084187201756,0.4093583436606317
commons-net,21,fn_repair_immediate,139,68,68,0.11040705239298511,0.5488227512132379,-0.01595990712638957,0.46270059823215215
commons-net,21,fn_repair_at_window,139,68,68,0.055828462731977106,0.5018043552683644,0.16359265975935824,0.67306273704274
commons-net,42,BSZZ,139,68,0,0.0411783859675239,0.5031020480810194,-0.010983452759019957,0.48491537024225395
commons-net,42,BSZZ_immediate,139,68,0,0.11959260114731614,0.5297118037175693,0.045775059427500764,0.516891867346525
commons-net,42,BSZZ_at_window,139,68,0,0.04739479802299215,0.5213517171985391,0.031982777825101893,0.48235210907356374
commons-net,42,fp_repair_matched,139,68,68,0.06592652086303653,0.5304602743022625,0.025784013393387484,0.491055396050437
commons-net,42,fp_repair_frac_0.25,139,68,35,0.028679281808991274,0.5101194136671404,0.0020281526365140707,0.4997838375686325
commons-net,42,fn_repair_frac_0.25,139,68,17,0.08169218960988908,0.5472722843116312,0.018052818033548468,0.5217532886982565
commons-net,42,fp_repair_frac_0.50,139,68,70,0.04408737845944517,0.5030258888694222,0.028140880675098564,0.5323700134378166
commons-net,42,fn_repair_frac_0.50,139,68,34,0.06996698219992903,0.5151548183226177,0.024824833363424895,0.5028296209687956
commons-net,42,fp_repair_frac_0.75,139,68,104,0.09961911841993905,0.5579522746363046,0.007789576094505756,0.4750231865730386
commons-net,42,fn_repair_frac_0.75,139,68,51,0.0916381676743216,0.5472845688784876,0.08732316840416086,0.6106418295039561
commons-net,42,fp_repair_frac_1.00,139,68,139,0.11453151167496418,0.5433734829750411,0.050731009004242954,0.5525568160822967
commons-net,42,fn_repair_frac_1.00,139,68,68,0.0022804768219392628,0.4694556467584253,0.058505785737211026,0.5658341907398927
commons-net,42,fn_repair_immediate,139,68,68,0.0864924142397047,0.5252196225803584,-0.027735001796817496,0.45093720138253196
commons-net,42,fn_repair_at_window,139,68,68,0.03652031899492134,0.50941867797634,0.02392952142776688,0.47584270974094584
commons-net,77,BSZZ,139,68,0,0.013802202946149176,0.48570395275975553,-0.0032833870575247107,0.4944224370320544
commons-net,77,BSZZ_immediate,139,68,0,0.08902733123536676,0.5117622545506432,0.050315674822844214,0.519800680458122
commons-net,77,BSZZ_at_window,139,68,0,0.04372804160819301,0.5146906065029054,0.02607081609826098,0.4690331813950919
commons-net,77,fp_repair_matched,139,68,68,0.09352956454296468,0.5313868525911407,0.04658526577444421,0.52555402241716
commons-net,77,fp_repair_frac_0.25,139,68,35,0.05023325873977317,0.5038937640766797,-0.005223711818636138,0.49082733830378206
commons-net,77,fn_repair_frac_0.25,139,68,17,0.03594397837749245,0.5074808945228558,0.04920521969122597,0.5621901565844735
commons-net,77,fp_repair_frac_0.50,139,68,70,0.04455656647328053,0.5016865183105079,0.07493017259789388,0.5953359400647901
commons-net,77,fn_repair_frac_0.50,139,68,34,0.027557946726694312,0.5029090313434248,-0.0479660692811835,0.43726245077097353
commons-net,77,fp_repair_frac_0.75,139,68,104,0.10268736154869898,0.5526171523692649,0.029640759282694662,0.48362978394866823
commons-net,77,fn_repair_frac_0.75,139,68,51,0.06162213303093938,0.5369124320118888,0.03613339818691264,0.5456026790229822
commons-net,77,fp_repair_frac_1.00,139,68,139,0.10572126691812744,0.5392112758513012,0.049480245362560356,0.5505129037086199
commons-net,77,fn_repair_frac_1.00,139,68,68,0.03007696641550183,0.5008438756901977,0.027081318048477167,0.5348855584449705
commons-net,77,fn_repair_immediate,139,68,68,0.11185376583494554,0.5205667971885788,0.05006395431017533,0.5626428698733876
commons-net,77,fn_repair_at_window,139,68,68,0.01885030805407832,0.47520170230395836,0.013902422095857146,0.46464183709232054
commons-net,101,BSZZ,139,68,0,0.029822726752145836,0.4949535806626875,-0.009445161626330571,0.48677794367669774
commons-net,101,BSZZ_immediate,139,68,0,0.09694438485366585,0.5143755794636092,0.04246845514207291,0.514534476303194
commons-net,101,BSZZ_at_window,139,68,0,0.04990368958025896,0.5243208733351231,0.04223691734609016,0.4809967351127493
commons-net,101,fp_repair_matched,139,68,68,0.035594541292794164,0.4996606378008942,-0.07238905865905118,0.39008360374239637
commons-net,101,fp_repair_frac_0.25,139,68,35,0.11963468368174997,0.5869867709442717,0.07895535429468241,0.592344979795325
commons-net,101,fn_repair_frac_0.25,139,68,17,0.028308546321057663,0.494246576728611,-0.031093288177416807,0.4582543869715094
commons-net,101,fp_repair_frac_0.50,139,68,70,0.088308233084432,0.5555915310718071,0.044161736631142846,0.5541105411621773
commons-net,101,fn_repair_frac_0.50,139,68,34,0.07896709358356112,0.5428087292816891,-0.00710668727941897,0.4435605823357565
commons-net,101,fp_repair_frac_0.75,139,68,104,0.12767886253172064,0.5973623739635304,0.10189927878479123,0.6043261116286562
commons-net,101,fn_repair_frac_0.75,139,68,51,-0.03947684322480136,0.43133862644781656,0.018469092480971658,0.5232439908538059
commons-net,101,fp_repair_frac_1.00,139,68,139,0.11265678716308539,0.5376929064691613,0.05452611998258735,0.5618378889248493
commons-net,101,fn_repair_frac_1.00,139,68,68,-0.0048330629920635615,0.4505640141599584,-0.07648624138239662,0.36744829286403885
commons-net,101,fn_repair_immediate,139,68,68,0.09703928968508092,0.5334488437954901,-0.03571053783567923,0.44272346261180134
commons-net,101,fn_repair_at_window,139,68,68,0.043471942653906394,0.5166865601337267,0.12262401347140202,0.6333216080128575
commons-net,123,BSZZ,139,68,0,0.048186256348232905,0.505946560220584,-0.013910872296884858,0.48135291269495856
commons-net,123,BSZZ_immediate,139,68,0,0.09628993556292964,0.5140908650439295,0.04042640013707345,0.5129248637429302
commons-net,123,BSZZ_at_window,139,68,0,0.052425626497779224,0.521592352177333,0.052880576378314635,0.48594613853893476
commons-net,123,fp_repair_matched,139,68,68,0.1344007539156546,0.5992524539077363,0.05131163746693887,0.5142107683166572
commons-net,123,fp_repair_frac_0.25,139,68,35,0.024852728583553554,0.48977775039695354,0.0029492676430949638,0.4985686832154756
commons-net,123,fn_repair_frac_0.25,139,68,17,0.07037729345266368,0.5231804389980201,-0.026199923436813936,0.4122314567635699
commons-net,123,fp_repair_frac_0.50,139,68,70,0.05043629452945547,0.5130603462910617,-0.04703076000251148,0.4353880535376885
commons-net,123,fn_repair_frac_0.50,139,68,34,0.07557902002523219,0.5456992042418398,0.06024415983296385,0.575448433905825
commons-net,123,fp_repair_frac_0.75,139,68,104,0.04472371793997391,0.5272852712906626,-3.398987553589816e-05,0.4973982678541361
commons-net,123,fn_repair_frac_0.75,139,68,51,0.06088290643535734,0.5114856010886821,-0.06284527403453558,0.4188271160620453
commons-net,123,fp_repair_frac_1.00,139,68,139,0.11155524861681494,0.53978135630285,0.05233548056717729,0.5533357291276528
commons-net,123,fn_repair_frac_1.00,139,68,68,0.04796913151706925,0.5084082632258138,0.08791278429591491,0.600551018970944
commons-net,123,fn_repair_immediate,139,68,68,0.0819080507342749,0.5077220812256883,0.049377951503122554,0.5618097774508748
commons-net,123,fn_repair_at_window,139,68,68,0.04920949574185262,0.49711584203126696,0.05447111521858346,0.5119461252463045
commons-net,202,BSZZ,139,68,0,0.04330688990127668,0.5135812558814293,-0.01912964002004761,0.4749157195506682
commons-net,202,BSZZ_immediate,139,68,0,0.09159267093162644,0.5111010282795329,0.049866127434614306,0.5195385446256938
commons-net,202,BSZZ_at_window,139,68,0,0.05076090572591402,0.5179443519823007,0.031002424514695086,0.47126656175366943
commons-net,202,fp_repair_matched,139,68,68,0.05748317601236924,0.5230483874859441,-0.03039798722569214,0.4599921655278883
commons-net,202,fp_repair_frac_0.25,139,68,35,0.04880636908710161,0.5154565786931974,-0.014726354953716101,0.47984841814539614
commons-net,202,fn_repair_frac_0.25,139,68,17,0.050983799681492574,0.5146642697831466,0.13806428663895445,0.6684663968623836
commons-net,202,fp_repair_frac_0.50,139,68,70,0.054907750739607596,0.5185477261688024,-0.026359662534612655,0.4632296892921833
commons-net,202,fn_repair_frac_0.50,139,68,34,0.05836422869471787,0.5086176000444267,0.014682562315745178,0.518940817970741
commons-net,202,fp_repair_frac_0.75,139,68,104,0.07294875493586978,0.5201551963413894,-0.021360955445113006,0.42746078734951676
commons-net,202,fn_repair_frac_0.75,139,68,51,0.04477943347382465,0.507662121811071,-0.010689092479218093,0.48602742186421977
commons-net,202,fp_repair_frac_1.00,139,68,139,0.09362461925937929,0.5388117832614409,0.05636324966091104,0.5575652481316068
commons-net,202,fn_repair_frac_1.00,139,68,68,0.06347264601142676,0.5277668939205807,-0.005367051054442572,0.4887830438773768
commons-net,202,fn_repair_immediate,139,68,68,0.0927211229955217,0.5367193896106011,-0.03349814530155515,0.4450250417076319
commons-net,202,fn_repair_at_window,139,68,68,0.04918085023261678,0.5234189781089944,0.11871648272385237,0.6288734543084061
commons-net,314,BSZZ,139,68,0,0.014482267212834035,0.49238613612863186,-0.009670204855759859,0.4864920535519436
commons-net,314,BSZZ_immediate,139,68,0,0.08854539225530014,0.5096284457454525,0.04467769998814923,0.5159578691187506
commons-net,314,BSZZ_at_window,139,68,0,0.019283404803033054,0.49575762638149734,0.03980475657705339,0.4763916632134295
commons-net,314,fp_repair_matched,139,68,68,0.05457476203744214,0.511183403878888,0.04126567528810831,0.5217723168901747
commons-net,314,fp_repair_frac_0.25,139,68,35,0.05215070505313117,0.4955685255880348,-0.09242975665824026,0.3206814309795028
commons-net,314,fn_repair_frac_0.25,139,68,17,0.021153708801282037,0.5091850483836844,0.022999023368537957,0.5296188656432027
commons-net,314,fp_repair_frac_0.50,139,68,70,0.09035945597433985,0.5524112124733609,-0.004030624198794339,0.4749606650787117
commons-net,314,fn_repair_frac_0.50,139,68,34,0.04624964179878473,0.4958743276487168,0.03281024574981608,0.5150075968362566
commons-net,314,fp_repair_frac_0.75,139,68,104,0.04323241441758683,0.5020030020035817,-0.059880764508385344,0.41672990600340326
commons-net,314,fn_repair_frac_0.75,139,68,51,0.05905311018950065,0.5255977199043781,0.005339689006191518,0.4730280266474045
commons-net,314,fp_repair_frac_1.00,139,68,139,0.11816233433092675,0.5471503172682546,0.056791780117356645,0.5606499598671397
commons-net,314,fn_repair_frac_1.00,139,68,68,0.046007426148646925,0.5024580450199028,-0.06701485769098202,0.41465732551628
commons-net,314,fn_repair_immediate,139,68,68,0.10570734656937848,0.5406967906529814,-0.03668093895665417,0.44172072960539016
commons-net,314,fn_repair_at_window,139,68,68,0.03017563782578921,0.5092114416562109,0.025305019139539517,0.47888465151214493
commons-net,999,BSZZ,139,68,0,0.031989514474308915,0.4996090940470358,-0.0033127830985056213,0.49439980809710743
commons-net,999,BSZZ_immediate,139,68,0,0.10255206391226188,0.5187326313562195,0.045936095012408876,0.5168185713793729
commons-net,999,BSZZ_at_window,139,68,0,0.06771363996144718,0.5459162859521687,0.056336809792344136,0.5014396427448424
commons-net,999,fp_repair_matched,139,68,68,0.07418318878798912,0.5448137505472009,0.057935340240291504,0.5206913163473622
commons-net,999,fp_repair_frac_0.25,139,68,35,-0.007914818489811792,0.44875484413844907,-0.08607480612365494,0.36411988036638687
commons-net,999,fn_repair_frac_0.25,139,68,17,0.02051222534532178,0.4837309248060922,-0.000987096637059782,0.4979742201108274
commons-net,999,fp_repair_frac_0.50,139,68,70,0.04720039533738949,0.49277945014018165,0.061910638219008746,0.5776857279193006
commons-net,999,fn_repair_frac_0.50,139,68,34,0.003505204504401465,0.49071274634177275,-0.007491913443977589,0.48969088167975744
commons-net,999,fp_repair_frac_0.75,139,68,104,0.026993736968110877,0.47732949489958765,-0.05566565135848953,0.39476448652792084
commons-net,999,fn_repair_frac_0.75,139,68,51,0.060095907732231627,0.5316814002293568,0.13994650234678002,0.6709909627704475
commons-net,999,fp_repair_frac_1.00,139,68,139,0.11971227141364675,0.5445555298561026,0.052646464621913275,0.5538495416791338
commons-net,999,fn_repair_frac_1.00,139,68,68,0.03779428939937047,0.48950745060921075,0.11729435710671633,0.6400630483062908
commons-net,999,fn_repair_immediate,139,68,68,0.11743385874301406,0.527094102451031,0.03103904669670881,0.5398371238822247
commons-net,999,fn_repair_at_window,139,68,68,0.052991794156262755,0.505166124375932,0.14010727845483278,0.6590859384077746
commons-scxml,7,BSZZ,143,13,0,0.05459366360249417,0.5364507758900978,0.19896665491291818,0.6713777209598062
commons-scxml,7,BSZZ_immediate,143,13,0,-0.0053165653266090815,0.4333140103307265,0.14864004952929533,0.5908901730785471
commons-scxml,7,BSZZ_at_window,143,13,0,0.127190009543139,0.5444356994555636,0.11940716238509692,0.6011173442351195
commons-scxml,7,fp_repair_matched,143,13,13,0.07120723052069179,0.5547262049515786,0.21088658355518852,0.6854438648130289
commons-scxml,7,fp_repair_frac_0.25,143,13,36,0.05377594557540519,0.5343645920353739,0.1147174083647108,0.6084151777131264
commons-scxml,7,fn_repair_frac_0.25,143,13,3,0.059701333816347,0.5416072096930902,0.21401374631319786,0.6896200255032267
commons-scxml,7,fp_repair_frac_0.50,143,13,72,0.0977997003725782,0.5685222029222478,0.21689626135283774,0.6913347854582159
commons-scxml,7,fn_repair_frac_0.50,143,13,6,0.06563464757713958,0.5483569659817329,0.2201903012150589,0.6967535493516585
commons-scxml,7,fp_repair_frac_0.75,143,13,107,0.011971005811241567,0.4892079057243183,-0.13985347364971865,0.33956418561516183
commons-scxml,7,fn_repair_frac_0.75,143,13,10,0.06494839542070253,0.5504280036475513,0.1748809201397771,0.6584213167034342
commons-scxml,7,fp_repair_frac_1.00,143,13,143,0.09337278821737616,0.5608043356864594,0.170996428170411,0.6553161251811381
commons-scxml,7,fn_repair_frac_1.00,143,13,13,0.01252997458611846,0.5060399538102249,0.2094357913420723,0.6839906111748602
commons-scxml,7,fn_repair_immediate,143,13,13,0.056572982927997915,0.47929570871039606,0.14018499816466254,0.5712203473290478
commons-scxml,7,fn_repair_at_window,143,13,13,0.13217575665686893,0.5450934852921707,0.20710116688125418,0.6735639895071467
commons-scxml,13,BSZZ,143,13,0,0.0842980141595735,0.5598550400734441,0.20738735304719086,0.6810988207145794
commons-scxml,13,BSZZ_immediate,143,13,0,-0.02823221794974587,0.42569121499656454,0.1228344351764211,0.5496856917326047
commons-scxml,13,BSZZ_at_window,143,13,0,0.1309064024198723,0.5376700754177816,0.15318553793522258,0.6186407435502768
commons-scxml,13,fp_repair_matched,143,13,13,0.08436154248853119,0.5631516617054426,0.22440683986649806,0.6994376757109882
commons-scxml,13,fp_repair_frac_0.25,143,13,36,0.0539748102835691,0.5364923730990134,0.11702610180569166,0.6107820931434204
commons-scxml,13,fn_repair_frac_0.25,143,13,3,0.08389788323481545,0.5608359335804617,0.20332018397756765,0.676102010098258
commons-scxml,13,fp_repair_frac_0.50,143,13,72,0.06612635623432836,0.5443673527910635,0.2028689466849734,0.6737237899567734
commons-scxml,13,fn_repair_frac_0.50,143,13,6,0.07124586904848587,0.5563520778925557,0.23256930171535886,0.708119005120558
commons-scxml,13,fp_repair_frac_0.75,143,13,107,0.04982615142591389,0.5295898945979116,0.09475448420561854,0.5873985239269526
commons-scxml,13,fn_repair_frac_0.75,143,13,10,0.059235131357955384,0.5391760249456046,-0.0986591372355781,0.40269954098718574
commons-scxml,13,fp_repair_frac_1.00,143,13,143,0.11726577104239001,0.578602700292189,0.17324259431578323,0.6572158624751062
commons-scxml,13,fn_repair_frac_1.00,143,13,13,0.03403495061135091,0.5183913956292837,0.004406194288490752,0.503330658739236
commons-scxml,13,fn_repair_immediate,143,13,13,0.06076925892496045,0.4835427020205001,0.16870350355633484,0.6179816645119962
commons-scxml,13,fn_repair_at_window,143,13,13,0.14608210312772843,0.5624936586585855,0.1820348760255709,0.6474600257595567
commons-scxml,21,BSZZ,143,13,0,0.07628099244354072,0.5544498066037612,0.1914006628664955,0.6607689353780132
commons-scxml,21,BSZZ_immediate,143,13,0,0.01728241420597612,0.45347289280747266,0.1533685332523603,0.5970313378025426
commons-scxml,21,BSZZ_at_window,143,13,0,0.14713886298057596,0.5588990836347423,0.12517602884290246,0.6077052522729853
commons-scxml,21,fp_repair_matched,143,13,13,0.07786952329240368,0.5568058956654293,0.19759696460535958,0.6687679057925702
commons-scxml,21,fp_repair_frac_0.25,143,13,36,0.13818315654144964,0.6012878237412052,0.22718345170516874,0.702105356404298
commons-scxml,21,fn_repair_frac_0.25,143,13,3,0.07621065349105331,0.5549019299361462,0.19615287610072682,0.6669228750797408
commons-scxml,21,fp_repair_frac_0.50,143,13,72,0.06548992348950292,0.546795456773062,-0.13083451080590114,0.3503026264794346
commons-scxml,21,fn_repair_frac_0.50,143,13,6,0.07636111494508316,0.5553061544429679,0.21177826134768338,0.6862720521544393
commons-scxml,21,fp_repair_frac_0.75,143,13,107,0.037035172340917966,0.5181448382399207,0.1179430271840932,0.6124008163691177
commons-scxml,21,fn_repair_frac_0.75,143,13,10,0.09694203385884818,0.5761106910182942,0.2177953394566184,0.6909964187154864
commons-scxml,21,fp_repair_frac_1.00,143,13,143,0.09854154750089958,0.5642265190499733,0.17281078820400608,0.6566059250986583
commons-scxml,21,fn_repair_frac_1.00,143,13,13,0.09282665429512924,0.5732881360868557,0.2211722835622412,0.695024814526901
commons-scxml,21,fn_repair_immediate,143,13,13,0.08842269342119789,0.4934712578558135,0.20099868650960268,0.6201625508812529
commons-scxml,21,fn_repair_at_window,143,13,13,0.10257130516908126,0.5179763184896422,0.15904275359364425,0.6409034220599054
commons-scxml,42,BSZZ,143,13,0,0.0609505817631314,0.5440488445678637,0.2028105770441232,0.6755707709376809
commons-scxml,42,BSZZ_immediate,143,13,0,-0.015548416317543778,0.4351334109136785,0.1395020806952591,0.5764109148280628
commons-scxml,42,BSZZ_at_window,143,13,0,0.13193222921106718,0.5452414481159673,0.14381953921015803,0.6182747546377615
commons-scxml,42,fp_repair_matched,143,13,13,0.06039829797202792,0.5447644436369097,0.19482048675863325,0.6655143437031217
commons-scxml,42,fp_repair_frac_0.25,143,13,36,0.064499114174953,0.5404683645320854,0.1256349664708177,0.6193176982288797
commons-scxml,42,fn_repair_frac_0.25,143,13,3,0.06240764389923611,0.5464605315013061,0.22058221647013684,0.6967634446440323
commons-scxml,42,fp_repair_frac_0.50,143,13,72,0.06958457591417413,0.5472077431927203,0.22612009704069955,0.7036395385428145
commons-scxml,42,fn_repair_frac_0.50,143,13,6,0.05616605083399139,0.54072667323211,0.1839399290221763,0.6681923225789433
commons-scxml,42,fp_repair_frac_0.75,143,13,107,0.05871520628303632,0.524035895587514,0.11879699734035343,0.6125007945435293
commons-scxml,42,fn_repair_frac_0.75,143,13,10,0.04711027383559596,0.5335633138969689,0.019908595369457348,0.5191946485538862
commons-scxml,42,fp_repair_frac_1.00,143,13,143,0.08393064101654017,0.5533327819833779,0.13067592047275273,0.6236379876918473
commons-scxml,42,fn_repair_frac_1.00,143,13,13,0.06613917971973986,0.5475315650720621,0.009147395556912546,0.5082790913063463
commons-scxml,42,fn_repair_immediate,143,13,13,0.05187264154027857,0.4666091747632343,0.20760743080816607,0.6349202861091626
commons-scxml,42,fn_repair_at_window,143,13,13,0.12730510247944274,0.5448300981314091,0.18974959613985737,0.6615594609614075
commons-scxml,77,BSZZ,143,13,0,0.06522582571429936,0.5443907737957024,0.19447596418192406,0.6654305263126014
commons-scxml,77,BSZZ_immediate,143,13,0,0.01537785801180066,0.44922950671291945,0.12366794537592923,0.5467653573308758
commons-scxml,77,BSZZ_at_window,143,13,0,0.08645901749550972,0.5070279580217774,0.12804645729029873,0.5925621909316356
commons-scxml,77,fp_repair_matched,143,13,13,0.0959477244476844,0.5746672932079702,-0.05623094215355417,0.43901498862050253
commons-scxml,77,fp_repair_frac_0.25,143,13,36,0.08142233946941177,0.5543966681829551,0.21767420462497727,0.6937594950514551
commons-scxml,77,fn_repair_frac_0.25,143,13,3,0.05281611651790358,0.5319587607012662,0.2008558093221181,0.6734966038479288
commons-scxml,77,fp_repair_frac_0.50,143,13,72,0.06730530145798568,0.5449088527368682,0.14077336457171885,0.6335901086301811
commons-scxml,77,fn_repair_frac_0.50,143,13,6,0.05373888607982773,0.5336441748655477,0.21089880833413985,0.6857398372951705
commons-scxml,77,fp_repair_frac_0.75,143,13,107,0.11584621944364015,0.5773853518912797,0.21846614885169102,0.6938512651041396
commons-scxml,77,fn_repair_frac_0.75,143,13,10,0.047747763305078655,0.5360326734800397,0.21751838673208812,0.6923900695917129
commons-scxml,77,fp_repair_frac_1.00,143,13,143,0.09643263075475955,0.562578546189788,0.17881378440192738,0.6607927541208839
commons-scxml,77,fn_repair_frac_1.00,143,13,13,0.020155764843866764,0.5063370726442864,-0.042123216803489794,0.4590929370034639
commons-scxml,77,fn_repair_immediate,143,13,13,0.0536409145911324,0.4720306797049624,0.1408608565861222,0.5723813062827082
commons-scxml,77,fn_repair_at_window,143,13,13,0.09889063133125525,0.5133251331182244,0.15984129900500116,0.6265305088021854
commons-scxml,101,BSZZ,143,13,0,0.07139219742980503,0.549855258360771,0.19623360287489544,0.6676752312452652
commons-scxml,101,BSZZ_immediate,143,13,0,0.0009926615012499067,0.4462096750981384,0.14467667656384267,0.5838829971103751
commons-scxml,101,BSZZ_at_window,143,13,0,0.07386324251872739,0.5027215031457464,0.1427978002121424,0.609832428521777
commons-scxml,101,fp_repair_matched,143,13,13,0.07129705058854008,0.5498060508667699,0.1965568331715353,0.6680861667087317
commons-scxml,101,fp_repair_frac_0.25,143,13,36,0.08551993488709782,0.563119191968922,0.21051510033955131,0.6843446445385024
commons-scxml,101,fn_repair_frac_0.25,143,13,3,0.07349095871252054,0.5501989188643182,0.20991236544931652,0.684561695429396
commons-scxml,101,fp_repair_frac_0.50,143,13,72,0.10061257937773516,0.5821659709512839,0.20072290795288297,0.6837946036363944
commons-scxml,101,fn_repair_frac_0.50,143,13,6,0.06028035743107689,0.5413431139528474,0.13353985954451839,0.6220083058140048
commons-scxml,101,fp_repair_frac_0.75,143,13,107,0.04586443568801661,0.5207285831432509,0.10474344670783244,0.5980908105330335
commons-scxml,101,fn_repair_frac_0.75,143,13,10,0.07584295740437612,0.5563139450885357,0.18595616747386295,0.6702423474384778
commons-scxml,101,fp_repair_frac_1.00,143,13,143,0.09736984238030476,0.5633420829514709,0.17239362939850345,0.6563103801729953
commons-scxml,101,fn_repair_frac_1.00,143,13,13,0.04929253895754438,0.52803208858526,-0.09467576954572351,0.40648545213507453
commons-scxml,101,fn_repair_immediate,143,13,13,0.06004619925948938,0.48318717996016086,0.16575217814041915,0.6133613244516615
commons-scxml,101,fn_repair_at_window,143,13,13,0.11811630089899167,0.5318786334405037,0.15028068801138178,0.6247576550504579
commons-scxml,123,BSZZ,143,13,0,0.04999001984510416,0.5345879079854587,0.21381737587684485,0.6893898780421768
commons-scxml,123,BSZZ_immediate,143,13,0,0.0797108163215755,0.48319644263479933,0.14533259305111002,0.5774458083771303
commons-scxml,123,BSZZ_at_window,143,13,0,0.08346516391263636,0.5084585495606027,0.15045789773091725,0.6161717859465539
commons-scxml,123,fp_repair_matched,143,13,13,0.11183539095722547,0.582507856682574,0.20118501303507177,0.6720685413843686
commons-scxml,123,fp_repair_frac_0.25,143,13,36,0.07561262479248866,0.5436130910272645,0.2003716558374191,0.6733144187919151
commons-scxml,123,fn_repair_frac_0.25,143,13,3,0.05108877028570549,0.5367981464756407,0.2031807728508726,0.6766114650244948
commons-scxml,123,fp_repair_frac_0.50,143,13,72,0.06554772914809134,0.532156488701655,0.08991028988386142,0.5823601003671116
commons-scxml,123,fn_repair_frac_0.50,143,13,6,0.06844641485354679,0.5530006991745476,0.21371535710111644,0.687196882667093
commons-scxml,123,fp_repair_frac_0.75,143,13,107,0.06868951967558065,0.5456807571296056,0.1690829570111351,0.6542293306272281
commons-scxml,123,fn_repair_frac_0.75,143,13,10,0.04747785233727708,0.5355443984351137,0.07930890026605308,0.5761170831061467
commons-scxml,123,fp_repair_frac_1.00,143,13,143,0.10491596332535402,0.5668367279466684,0.17257835857013026,0.6564413294987733
commons-scxml,123,fn_repair_frac_1.00,143,13,13,0.061687975633519694,0.5449595057439813,0.22891858081520589,0.7063430618354787
commons-scxml,123,fn_repair_immediate,143,13,13,0.04993632553183838,0.4725184906787945,0.09265075697092234,0.536932275932807
commons-scxml,123,fn_repair_at_window,143,13,13,0.09767314216813876,0.5195245724608019,0.1422930715262295,0.6118365705323086
commons-scxml,202,BSZZ,143,13,0,0.0793254150037499,0.5578840210788865,0.1973952573652642,0.6685108949576458
commons-scxml,202,BSZZ_immediate,143,13,0,-0.01936895271564895,0.43183439569363447,0.14877765138018062,0.5916669027007977
commons-scxml,202,BSZZ_at_window,143,13,0,0.12941792305408473,0.5415872009447211,0.17270661942781068,0.6427442044541214
commons-scxml,202,fp_repair_matched,143,13,13,0.06427870369654543,0.5363008596301162,0.18812608930533511,0.6583618851521523
commons-scxml,202,fp_repair_frac_0.25,143,13,36,0.08844604500865365,0.565478138033226,-0.007307618140354079,0.49286015350289314
commons-scxml,202,fn_repair_frac_0.25,143,13,3,0.022829269128960824,0.5104576807522408,0.1998371900982339,0.671607107990017
commons-scxml,202,fp_repair_frac_0.50,143,13,72,0.07676798982633747,0.5609110303461287,0.1306025773222003,0.6237005862768756
commons-scxml,202,fn_repair_frac_0.50,143,13,6,0.03168359485619027,0.5194697585018756,0.20193243516516848,0.6725976019398232
commons-scxml,202,fp_repair_frac_0.75,143,13,107,0.04770808492836601,0.5178750412985127,0.16982258015891832,0.652844461643549
commons-scxml,202,fn_repair_frac_0.75,143,13,10,0.04041357512749164,0.5281031754285728,0.10338644989386335,0.596386898279233
commons-scxml,202,fp_repair_frac_1.00,143,13,143,0.08466935163549977,0.5544648617217331,0.13148646345777057,0.6243326815861042
commons-scxml,202,fn_repair_frac_1.00,143,13,13,0.06195581250753612,0.549761276090336,0.22813347876327392,0.7051000403697258
commons-scxml,202,fn_repair_immediate,143,13,13,0.051663257995581316,0.47278505305776974,0.1520377687660205,0.5912187180657367
commons-scxml,202,fn_repair_at_window,143,13,13,0.0977418163629603,0.5150486365809495,0.14425799058993022,0.6175068886625518
commons-scxml,314,BSZZ,143,13,0,0.046846015682856894,0.5324303285760796,0.20227430729240622,0.6754939197946291
commons-scxml,314,BSZZ_immediate,143,13,0,0.0036479159633758546,0.4437280131199377,0.13532203933165113,0.5687672236002677
commons-scxml,314,BSZZ_at_window,143,13,0,0.05638307219408122,0.4807435184732952,0.11326830250950842,0.5814459336270877
commons-scxml,314,fp_repair_matched,143,13,13,0.045607563639138454,0.530669755899302,0.1935180081569276,0.6644654747149847
commons-scxml,314,fp_repair_frac_0.25,143,13,36,0.08284741021611387,0.5630411321056755,0.1408633214078691,0.6336549163062245
commons-scxml,314,fn_repair_frac_0.25,143,13,3,0.10674683614640446,0.584074347973556,0.20382822251268456,0.6731862880147563
commons-scxml,314,fp_repair_frac_0.50,143,13,72,0.10360832703055683,0.5732960952504357,0.13316066660001363,0.6264321741653606
commons-scxml,314,fn_repair_frac_0.50,143,13,6,0.07929404389442145,0.5630594670477962,0.22050047339461387,0.6951593558682746
commons-scxml,314,fp_repair_frac_0.75,143,13,107,0.09777513001089488,0.5613147911714168,-0.14382004276364224,0.33820811462209754
commons-scxml,314,fn_repair_frac_0.75,143,13,10,0.07818596847057271,0.5614935462527542,0.22231145309829448,0.6972721278909054
commons-scxml,314,fp_repair_frac_1.00,143,13,143,0.09593995334253157,0.5625796182327323,0.1717420470274835,0.6558475509387645
commons-scxml,314,fn_repair_frac_1.00,143,13,13,0.055001551118945044,0.5425232459750132,0.03178638288498583,0.5305812065073395
commons-scxml,314,fn_repair_immediate,143,13,13,0.03129119401809894,0.45653111949050273,0.0855058282971425,0.5308341033876656
commons-scxml,314,fn_repair_at_window,143,13,13,0.08849453743008795,0.5077546305199785,0.12517225061846912,0.5951379625126451
commons-scxml,999,BSZZ,143,13,0,0.06672275015266937,0.547046038353171,0.2186257153468008,0.6947863967809196
commons-scxml,999,BSZZ_immediate,143,13,0,0.01938907532073014,0.45499096856353005,0.1291755805396743,0.5564227886288317
commons-scxml,999,BSZZ_at_window,143,13,0,0.07451644355134779,0.5051091126457471,0.1456970154086069,0.6138360590374601
commons-scxml,999,fp_repair_matched,143,13,13,0.0690704245220616,0.5475729804658551,0.19207594256170518,0.6623376991191019
commons-scxml,999,fp_repair_frac_0.25,143,13,36,0.0981309448558531,0.5790854286573243,-0.005407763011994467,0.49468646149688733
commons-scxml,999,fn_repair_frac_0.25,143,13,3,0.03660881775942809,0.5230216748289296,0.2082180778036167,0.6819819275089971
commons-scxml,999,fp_repair_frac_0.50,143,13,72,0.039332335426405206,0.5263975255833994,0.2043255953649794,0.6755140595880786
commons-scxml,999,fn_repair_frac_0.50,143,13,6,0.05724831013036764,0.5431994583937484,0.19745967397836114,0.6685929978225505
commons-scxml,999,fp_repair_frac_0.75,143,13,107,0.04587050267165579,0.5194770632455278,0.1478868442666394,0.6368331876356047
commons-scxml,999,fn_repair_frac_0.75,143,13,10,0.07583510136733099,0.5560895674425529,0.17778938649298445,0.6612239265134994
commons-scxml,999,fp_repair_frac_1.00,143,13,143,0.09573165585794545,0.5619380755493871,0.1778068197044151,0.6600990295892062
commons-scxml,999,fn_repair_frac_1.00,143,13,13,0.05236887930231627,0.5384800710972086,0.2145363584006078,0.6940502181911654
commons-scxml,999,fn_repair_immediate,143,13,13,0.05136119857789075,0.46885131237091127,0.15296015363156504,0.5927421069772628
commons-scxml,999,fn_repair_at_window,143,13,13,0.11996279619742858,0.5394224420350148,0.19441843400896755,0.6527450359933145
commons-validator,7,BSZZ,229,19,0,0.005119775755876434,0.46134335396767334,0.09846286194167657,0.6052410068716346
commons-validator,7,BSZZ_immediate,229,19,0,-0.008127672850396362,0.4261081216893979,0.09195858448345853,0.5926320949073592
commons-validator,7,BSZZ_at_window,229,19,0,-0.005162308309059069,0.4178381438716425,0.1020519603244515,0.5986032355718531
commons-validator,7,fp_repair_matched,229,19,19,0.011312518007485966,0.46961339241790373,0.08282765397546162,0.5889130566475762
commons-validator,7,fp_repair_frac_0.25,229,19,57,-0.02984711828687531,0.4382423399416662,-0.019960741036755526,0.4482447696574444
commons-validator,7,fn_repair_frac_0.25,229,19,5,-0.028444587559315802,0.41253115013781805,0.09248444586940902,0.5932295739411156
commons-validator,7,fp_repair_frac_0.50,229,19,114,0.032173864849877463,0.47391894390391665,0.08959442603980626,0.5913568557315538
commons-validator,7,fn_repair_frac_0.50,229,19,10,0.031269728118275684,0.48592786845542424,0.1306901492869385,0.6380394810525947
commons-validator,7,fp_repair_frac_0.75,229,19,172,0.042892337783633425,0.4978553904832958,0.06486651084139723,0.5698888280478034
commons-validator,7,fn_repair_frac_0.75,229,19,14,0.006424095166384087,0.46286282502637355,0.02858795040283415,0.524466663398937
commons-validator,7,fp_repair_frac_1.00,229,19,229,0.07284550267675044,0.4477360486986725,0.1373454211542363,0.5978893114053476
commons-validator,7,fn_repair_frac_1.00,229,19,19,0.02487412188711541,0.48081728133134166,0.08852707844424255,0.5911035689133068
commons-validator,7,fn_repair_immediate,229,19,19,0.007072832740155435,0.43501426434477575,0.017666576820480017,0.5125033403580264
commons-validator,7,fn_repair_at_window,229,19,19,-0.0008855956968767672,0.418254987942058,0.0634534132799408,0.5448986294747203
commons-validator,13,BSZZ,229,19,0,0.01146664523716644,0.4659431523566174,0.09968209843619542,0.6067105842039376
commons-validator,13,BSZZ_immediate,229,19,0,-0.005847679737722528,0.42634754812614994,0.09902895862954607,0.598988473629649
commons-validator,13,BSZZ_at_window,229,19,0,0.015425751897513135,0.43648696968389905,0.14829282760126603,0.6500858561960808
commons-validator,13,fp_repair_matched,229,19,19,0.015995456236828753,0.47537350111082877,0.08040185525139802,0.5861825770938153
commons-validator,13,fp_repair_frac_0.25,229,19,57,0.025676185384306115,0.48604105941240167,0.03055950308012021,0.5321106449897085
commons-validator,13,fn_repair_frac_0.25,229,19,5,-0.002906535237069547,0.45290468029693776,0.030796944711828787,0.5264590017319392
commons-validator,13,fp_repair_frac_0.50,229,19,114,0.0992268095758528,0.5466789033858612,0.10909204748477494,0.6048963297834519
commons-validator,13,fn_repair_frac_0.50,229,19,10,-0.010856783402693583,0.44649749236983666,0.0492645157193497,0.5531118101626834
commons-validator,13,fp_repair_frac_0.75,229,19,172,0.07611839595810943,0.533232635058806,0.12329960337168627,0.6289159013046917
commons-validator,13,fn_repair_frac_0.75,229,19,14,0.014947429417028974,0.47006017212987616,0.12486315616823028,0.6324658811055835
commons-validator,13,fp_repair_frac_1.00,229,19,229,0.025590124033618357,0.40920609970614696,0.06970044615160749,0.5271333828546909
commons-validator,13,fn_repair_frac_1.00,229,19,19,0.01777031702802537,0.47182241734486674,0.12144364919733826,0.6292464352502047
commons-validator,13,fn_repair_immediate,229,19,19,-0.011719517975449349,0.4213161447710727,0.012279533134191202,0.5122865125949109
commons-validator,13,fn_repair_at_window,229,19,19,0.008591477286147321,0.42797497767660475,0.07604692493858109,0.5583128436293275
commons-validator,21,BSZZ,229,19,0,-0.010873497284965799,0.44672439962170996,0.006841387206152271,0.48696114675376717
commons-validator,21,BSZZ_immediate,229,19,0,-0.02864386826165635,0.4083875714361478,0.06643200051801558,0.5622092925517451
commons-validator,21,BSZZ_at_window,229,19,0,0.026143979586313846,0.44852883744109634,0.12260656921536474,0.6214715901773737
commons-validator,21,fp_repair_matched,229,19,19,0.014703139165261605,0.4696154926735114,0.0949526987107995,0.6018300718883824
commons-validator,21,fp_repair_frac_0.25,229,19,57,0.013341389036134958,0.4721822141146682,0.0902416796181696,0.5961619487617441
commons-validator,21,fn_repair_frac_0.25,229,19,5,0.020612134684306154,0.47484467863374435,0.0627506434718619,0.5499490256053724
commons-validator,21,fp_repair_frac_0.50,229,19,114,0.0752540542954381,0.5387551619472071,0.016259937986392983,0.5173413735396902
commons-validator,21,fn_repair_frac_0.50,229,19,10,0.044469481677223886,0.492929628373072,0.15465285027127257,0.6622906734059454
commons-validator,21,fp_repair_frac_0.75,229,19,172,0.08336500920844721,0.5402729804938711,0.15198089242573135,0.5888614165141484
commons-validator,21,fn_repair_frac_0.75,229,19,14,0.04353553089597793,0.49222397075382684,0.13778159460921485,0.6431305593024075
commons-validator,21,fp_repair_frac_1.00,229,19,229,0.012027485154532344,0.39772881037385344,0.054062488645355136,0.5075166484090785
commons-validator,21,fn_repair_frac_1.00,229,19,19,0.048141228533525246,0.49811106245335224,0.14907138130689931,0.6561249881177157
commons-validator,21,fn_repair_immediate,229,19,19,-0.007197670649716069,0.42632243048303387,0.05703186549401925,0.5583436538212578
commons-validator,21,fn_repair_at_window,229,19,19,0.02598276998404224,0.4448822711890242,0.11908120463578972,0.6108402239906876
commons-validator,42,BSZZ,229,19,0,0.012712962055589451,0.46780307058002923,0.0874769627635194,0.5939086310870516
commons-validator,42,BSZZ_immediate,229,19,0,0.013260987361413427,0.4470542885875766,0.1245276830024431,0.6249385473521079
commons-validator,42,BSZZ_at_window,229,19,0,-0.017219361650955573,0.400022844646201,0.10138201302986342,0.5875426434808794
commons-validator,42,fp_repair_matched,229,19,19,-0.02840455872675642,0.43541053734986407,-0.010903450250646955,0.46137536714404004
commons-validator,42,fp_repair_frac_0.25,229,19,57,0.0030885233484045926,0.47437539926306943,-0.011059300225339781,0.4822193227041889
commons-validator,42,fn_repair_frac_0.25,229,19,5,-0.00118110158899085,0.4509639072051983,0.050459709698509464,0.5386554557181541
commons-validator,42,fp_repair_frac_0.50,229,19,114,0.12237938775979877,0.5596838227160303,0.14544186679244445,0.6469177865407643
commons-validator,42,fn_repair_frac_0.50,229,19,10,0.05161842517659451,0.5025690611469139,0.130086536385348,0.6380925459265225
commons-validator,42,fp_repair_frac_0.75,229,19,172,-0.007067463120421586,0.36237861611072014,0.12340683777911306,0.6249306193633435
commons-validator,42,fn_repair_frac_0.75,229,19,14,0.05626684640602435,0.5036886061337909,0.11074708081975539,0.6175425130741594
commons-validator,42,fp_repair_frac_1.00,229,19,229,0.027812616881036145,0.41614000224200187,0.13689906198729643,0.6274486590140322
commons-validator,42,fn_repair_frac_1.00,229,19,19,0.07448974463886798,0.5179219173470456,0.18136318618485314,0.6887152510155288
commons-validator,42,fn_repair_immediate,229,19,19,0.03217593632927193,0.459465363702396,0.04848433746185817,0.5452165526311596
commons-validator,42,fn_repair_at_window,229,19,19,-0.02283859897156212,0.39357914181271836,0.03602973328538666,0.5169504183799679
commons-validator,77,BSZZ,229,19,0,-0.04335452307480503,0.40434232599593617,0.0691099459677166,0.5743318865182043
commons-validator,77,BSZZ_immediate,229,19,0,-0.01349836593239243,0.41781949116807793,0.09878928026873966,0.5984654656828784
commons-validator,77,BSZZ_at_window,229,19,0,-0.018596712118014537,0.4047414974150767,0.09901156444205184,0.5969112599518697
commons-validator,77,fp_repair_matched,229,19,19,0.003783100100927742,0.4594862664079737,0.08319579386251151,0.5832731866904668
commons-validator,77,fp_repair_frac_0.25,229,19,57,-0.0036019405530998473,0.4609368336218551,0.027516248943021696,0.524284853261933
commons-validator,77,fn_repair_frac_0.25,229,19,5,0.02006791708190584,0.4764372441324156,0.09962628116917296,0.6066535801612152
commons-validator,77,fp_repair_frac_0.50,229,19,114,-0.01923763473356408,0.4385836839134373,-0.005451929099214438,0.448111541597733
commons-validator,77,fn_repair_frac_0.50,229,19,10,0.00709072401092948,0.4649133621529338,0.0641361820704458,0.5681124246401716
commons-validator,77,fp_repair_frac_0.75,229,19,172,0.0826124140144808,0.4946033395042771,0.046953141592800215,0.5507132320548638
commons-validator,77,fn_repair_frac_0.75,229,19,14,0.02116923197609298,0.47522072973600926,0.08739625534513508,0.5904806969200846
commons-validator,77,fp_repair_frac_1.00,229,19,229,0.07040572523745534,0.4459315353793613,0.13363533088512167,0.5960750086954582
commons-validator,77,fn_repair_frac_1.00,229,19,19,0.019018594166299727,0.47693800845007256,0.07593007972596202,0.5810605912005289
commons-validator,77,fn_repair_immediate,229,19,19,-0.005021852824141236,0.4234883850338853,0.049515502361310616,0.5487722442028057
commons-validator,77,fn_repair_at_window,229,19,19,-0.005128724843215889,0.41251959728074183,0.0855376718760862,0.5612543753762732
commons-validator,101,BSZZ,229,19,0,-0.041621125490445596,0.4078228559016941,0.05926403589475616,0.5640417720879197
commons-validator,101,BSZZ_immediate,229,19,0,-0.003134444738050867,0.4299115066260369,0.103982764554921,0.6012296410832426
commons-validator,101,BSZZ_at_window,229,19,0,0.0005348772309189833,0.42630250360389005,0.08734517346045813,0.5706065222208946
commons-validator,101,fp_repair_matched,229,19,19,-0.07030156654328916,0.3710464506278359,-0.02186848095689185,0.44560333156610554
commons-validator,101,fp_repair_frac_0.25,229,19,57,0.0007332444191159111,0.4682524860136076,0.08858836800387059,0.5950543970974798
commons-validator,101,fn_repair_frac_0.25,229,19,5,0.04736999874286834,0.4990446466819282,0.06801891366104593,0.5674206723095676
commons-validator,101,fp_repair_frac_0.50,229,19,114,0.02481815229401432,0.49954982304519246,0.07715094862975272,0.5806210749885851
commons-validator,101,fn_repair_frac_0.50,229,19,10,0.046160573821508614,0.49783981061697874,0.06772540375387791,0.5671659751357097
commons-validator,101,fp_repair_frac_0.75,229,19,172,0.12806690175199764,0.6002549648331109,0.07575553751285614,0.5628808404286555
commons-validator,101,fn_repair_frac_0.75,229,19,14,0.05981307891402994,0.5071324475488956,0.16751203459978858,0.6751702235668697
commons-validator,101,fp_repair_frac_1.00,229,19,229,0.011196245368460832,0.3967095385175916,0.05407742845787995,0.5075248127060233
commons-validator,101,fn_repair_frac_1.00,229,19,19,0.056283363023319516,0.5064332172396357,0.1295505136320464,0.6375110089639925
commons-validator,101,fn_repair_immediate,229,19,19,0.0010652217607083577,0.4307633103756088,0.028472411626488933,0.5273181674667292
commons-validator,101,fn_repair_at_window,229,19,19,-0.0090113710476814,0.4124874014174451,0.046676285834884534,0.5138929594624767
commons-validator,123,BSZZ,229,19,0,-0.04854837410824402,0.3932635632097627,0.07757560453142634,0.5822067887978475
commons-validator,123,BSZZ_immediate,229,19,0,-0.0226768266412898,0.4102987464433648,0.09063901611985524,0.5904905496641537
commons-validator,123,BSZZ_at_window,229,19,0,0.012661595201843128,0.43563396655724135,0.0956404582293538,0.5886412434142705
commons-validator,123,fp_repair_matched,229,19,19,-0.005941134431764293,0.45058328541717363,-0.006131678617484834,0.4766678919277907
commons-validator,123,fp_repair_frac_0.25,229,19,57,0.0029093559056721984,0.4771805519327396,0.0014883088264229943,0.4827779929281695
commons-validator,123,fn_repair_frac_0.25,229,19,5,0.027655492044329242,0.4807951387145566,0.09210753154970105,0.5988496928569328
commons-validator,123,fp_repair_frac_0.50,229,19,114,0.009319355416132007,0.47055586203288935,0.043514676022803414,0.5385650174147766
commons-validator,123,fn_repair_frac_0.50,229,19,10,0.025699005731567522,0.4783986295578609,0.11831983287630277,0.6247412652951788
commons-validator,123,fp_repair_frac_0.75,229,19,172,0.1233125531228336,0.6200292498720379,0.11210912114328134,0.6098404832891171
commons-validator,123,fn_repair_frac_0.75,229,19,14,-0.0006138425297470684,0.45460899025294943,0.027686195128292995,0.5298682380977506
commons-validator,123,fp_repair_frac_1.00,229,19,229,0.01469541029417552,0.3993633586386907,0.05535334866174081,0.5082192007673603
commons-validator,123,fn_repair_frac_1.00,229,19,19,0.0019838145459883496,0.45841842873656435,0.04555196383621855,0.5402933476427279
commons-validator,123,fn_repair_immediate,229,19,19,0.0012772267433681461,0.43172776631293275,0.04684821014527169,0.5462481886963775
commons-validator,123,fn_repair_at_window,229,19,19,0.0011015672232682274,0.41942789422311233,0.07364439017536374,0.5566322718130502
commons-validator,202,BSZZ,229,19,0,-0.02647870847456594,0.4259106462439262,0.0690676423823403,0.574454665893463
commons-validator,202,BSZZ_immediate,229,19,0,-0.0314786845109546,0.3988061347690642,0.05895766182475199,0.5526508536072668
commons-validator,202,BSZZ_at_window,229,19,0,0.013432792718980383,0.43329902938702053,0.1347862244208415,0.6284771027737268
commons-validator,202,fp_repair_matched,229,19,19,-0.0023779396907121384,0.4556963799385993,0.06408948014756229,0.5688083260440489
commons-validator,202,fp_repair_frac_0.25,229,19,57,0.04007485182048233,0.5148302093781483,0.055996803423098034,0.5501303207943584
commons-validator,202,fn_repair_frac_0.25,229,19,5,-0.01895768988661636,0.43172554072085223,0.016907988954974133,0.48401119219312067
commons-validator,202,fp_repair_frac_0.50,229,19,114,0.02414124719061156,0.47846253775882724,0.14772985010302717,0.6475684697232368
commons-validator,202,fn_repair_frac_0.50,229,19,10,-0.008172007608024607,0.4459350356791647,0.08194858557505046,0.5880316910396031
commons-validator,202,fp_repair_frac_0.75,229,19,172,0.09353809828553339,0.5469619068784691,0.030807038064643202,0.5332946227009826
commons-validator,202,fn_repair_frac_0.75,229,19,14,0.004774337616578086,0.4582409633072452,0.08586025790091414,0.5920188709341977
commons-validator,202,fp_repair_frac_1.00,229,19,229,0.012956469522493085,0.39830764324917584,0.055104592580825486,0.5080842672783626
commons-validator,202,fn_repair_frac_1.00,229,19,19,-0.024775179476253635,0.429627366566601,0.05191974875611221,0.5538880020312617
commons-validator,202,fn_repair_immediate,229,19,19,-0.009061619433572133,0.41716564283330027,0.016819848849724248,0.5125261192151708
commons-validator,202,fn_repair_at_window,229,19,19,-0.007962752277762098,0.4068086466712586,0.07173702155212461,0.5569816800754164
commons-validator,314,BSZZ,229,19,0,-0.0044306344301439145,0.45141168055398834,0.09149293740664866,0.5981609622028229
commons-validator,314,BSZZ_immediate,229,19,0,-0.027432013415829282,0.4044663854406449,0.1324847515623842,0.6368170442673581
commons-validator,314,BSZZ_at_window,229,19,0,0.011272317842531038,0.4299695793748478,0.146304986822649,0.6485166559538975
commons-validator,314,fp_repair_matched,229,19,19,0.006227237479875218,0.46107404128015383,0.06178326145336786,0.5660785856753056
commons-validator,314,fp_repair_frac_0.25,229,19,57,0.016999774150025123,0.4872237552540846,0.061949949457849623,0.5649478093060267
commons-validator,314,fn_repair_frac_0.25,229,19,5,0.013453163047029225,0.4696560081570289,0.122978996684585,0.629245121999652
commons-validator,314,fp_repair_frac_0.50,229,19,114,-0.0019301389189257867,0.4402989104024588,0.052005163123750746,0.5329270624882787
commons-validator,314,fn_repair_frac_0.50,229,19,10,0.004105452652048058,0.4619312418212345,0.08115818207506484,0.5820683562556304
commons-validator,314,fp_repair_frac_0.75,229,19,172,0.016375478793389207,0.5051822126120221,0.04061670689740825,0.5032415670392135
commons-validator,314,fn_repair_frac_0.75,229,19,14,0.006555375202885848,0.4633704123122768,0.08881305871117737,0.5953428089072079
commons-validator,314,fp_repair_frac_1.00,229,19,229,0.07794124479684507,0.45094978948887626,0.1387717648080635,0.5985750037972634
commons-validator,314,fn_repair_frac_1.00,229,19,19,0.060849520783594284,0.5021877378910894,0.15073765323179544,0.6530017134915683
commons-validator,314,fn_repair_immediate,229,19,19,-0.010632240864590012,0.4170766162207807,0.03808794209842224,0.5342799696673554
commons-validator,314,fn_repair_at_window,229,19,19,-0.005328291284626194,0.4092096113308222,0.08413157657619004,0.575342808112252
commons-validator,999,BSZZ,229,19,0,0.011942343570035154,0.46908990316956517,0.08851884535583433,0.5950734377726179
commons-validator,999,BSZZ_immediate,229,19,0,-0.0341869444047554,0.39944375761156564,0.09774893865962708,0.5975788939739863
commons-validator,999,BSZZ_at_window,229,19,0,-0.009683160933439482,0.4093792855863067,0.08608927135015011,0.5793015519233682
commons-validator,999,fp_repair_matched,229,19,19,0.035499568046760646,0.4975034039388138,0.09236534522366042,0.5991116301098326
commons-validator,999,fp_repair_frac_0.25,229,19,57,-0.05432118083524455,0.38744710113814856,-0.014279151045924162,0.45429637499934034
commons-validator,999,fn_repair_frac_0.25,229,19,5,0.03367050825394215,0.4897692843208285,0.1025406666598193,0.6096115985609494
commons-validator,999,fp_repair_frac_0.50,229,19,114,0.04856937794962034,0.5303984008584987,0.08238232431361778,0.5856172225993612
commons-validator,999,fn_repair_frac_0.50,229,19,10,0.04811357343562486,0.5030385507004754,0.11680165109662083,0.6236733273002362
commons-validator,999,fp_repair_frac_0.75,229,19,172,0.021448769040627647,0.5023025087891019,0.04575099528110536,0.5418659032201625
commons-validator,999,fn_repair_frac_0.75,229,19,14,0.0647498933522331,0.5181879659083318,0.10773692184096836,0.6132774153772618
commons-validator,999,fp_repair_frac_1.00,229,19,229,0.07882465778651754,0.451912405265764,0.1381621453248291,0.5982827357260273
commons-validator,999,fn_repair_frac_1.00,229,19,19,0.04404728435143249,0.49772832796203986,0.03463162907446221,0.5303006596700821
commons-validator,999,fn_repair_immediate,229,19,19,-0.04007256175280506,0.3932053998936729,0.010321800376972287,0.5064423196570575
commons-validator,999,fn_repair_at_window,229,19,19,0.005335817073169345,0.42331575684944384,0.09155364269891694,0.5870443131793646
commons-vfs,7,BSZZ,358,20,0,0.0663415753419775,0.5323231378924702,-0.03249524312301243,0.43592934521984555
commons-vfs,7,BSZZ_immediate,358,20,0,0.04206924848307583,0.4712038313831132,-0.052456320604190164,0.39344130465446403
commons-vfs,7,BSZZ_at_window,358,20,0,0.1373987746168678,0.5859604420735824,0.0456736472995446,0.568888246546969
commons-vfs,7,fp_repair_matched,358,20,20,0.062198187652265625,0.5399291339798343,-0.023143595040252957,0.45245188561830635
commons-vfs,7,fp_repair_frac_0.25,358,20,90,0.08018174590060681,0.5434913843512928,-0.007316886992485279,0.4850946064466473
commons-vfs,7,fn_repair_frac_0.25,358,20,5,0.0429180526825524,0.5104637445202153,-0.005866044511576177,0.4755202662663078
commons-vfs,7,fp_repair_frac_0.50,358,20,179,0.049878702489808496,0.507301320386683,-0.015123307621819617,0.46600402567220633
commons-vfs,7,fn_repair_frac_0.50,358,20,10,0.06372985594226235,0.5299821007407693,-0.006273534272285774,0.48706057582467094
commons-vfs,7,fp_repair_frac_0.75,358,20,268,0.04333638568709109,0.5188953649456558,0.0032290544147882214,0.5009148756192796
commons-vfs,7,fn_repair_frac_0.75,358,20,15,0.04011972718534256,0.5024804571106565,-0.05031769044351912,0.4006735567641881
commons-vfs,7,fp_repair_frac_1.00,358,20,358,0.10765547241892771,0.5640244213481388,-0.0026568200249057847,0.4934756253529763
commons-vfs,7,fn_repair_frac_1.00,358,20,20,0.04855647623853053,0.5126710903809644,-0.06655659957348335,0.37276541489218984
commons-vfs,7,fn_repair_immediate,358,20,20,0.04286976203497176,0.4653522019197914,-0.03776350600929188,0.42586637661730525
commons-vfs,7,fn_repair_at_window,358,20,20,0.10991659281867668,0.545144681778733,-0.0398049033738926,0.3295623795240275
commons-vfs,13,BSZZ,358,20,0,0.06685951208333785,0.5324679493237104,-0.04981713150876816,0.4035885144453574
commons-vfs,13,BSZZ_immediate,358,20,0,0.04597788068164349,0.466547995066144,-0.05687230559270826,0.3833490476706618
commons-vfs,13,BSZZ_at_window,358,20,0,0.11486774280547069,0.5678584889455963,0.011771715503448922,0.5096842902904829
commons-vfs,13,fp_repair_matched,358,20,20,0.09122372395102175,0.558943895623275,-0.033906565617523705,0.42997424923261374
commons-vfs,13,fp_repair_frac_0.25,358,20,90,0.07423263114082969,0.5426729241517745,0.011939776712902998,0.5079397747079317
commons-vfs,13,fn_repair_frac_0.25,358,20,5,0.047223440055228466,0.510812027686011,-0.03544559629080019,0.42639168142997647
commons-vfs,13,fp_repair_frac_0.50,358,20,179,0.05599942544314269,0.5127976691965188,-0.028620985557097207,0.435724687690509
commons-vfs,13,fn_repair_frac_0.50,358,20,10,0.05803131786643115,0.5293331488300577,-0.026385555444644795,0.44803687184390995
commons-vfs,13,fp_repair_frac_0.75,358,20,268,0.0875846438198304,0.557030299658612,0.08038776075978592,0.653599665157035
commons-vfs,13,fn_repair_frac_0.75,358,20,15,0.07036778566771557,0.5444104379927668,0.06434422537093207,0.6173704747922667
commons-vfs,13,fp_repair_frac_1.00,358,20,358,0.10046290423322866,0.5687333724648952,0.020972447183238076,0.5327259819911818
commons-vfs,13,fn_repair_frac_1.00,358,20,20,0.08194790879500395,0.5450480127435169,-0.03339414339226341,0.43249378609669975
commons-vfs,13,fn_repair_immediate,358,20,20,0.025027805067914983,0.4517397391177456,-0.05069148752901762,0.394495988152792
commons-vfs,13,fn_repair_at_window,358,20,20,0.12371428830714806,0.5814101283107965,0.06851997593718426,0.6243692433464965
commons-vfs,21,BSZZ,358,20,0,0.07815028363452933,0.547526496585188,-0.017842867975073937,0.46260545131641373
commons-vfs,21,BSZZ_immediate,358,20,0,0.051308905818018904,0.48333561533195035,-0.03415854280614611,0.433178056506679
commons-vfs,21,BSZZ_at_window,358,20,0,0.1265389413328609,0.5780408393673241,0.01718569544220811,0.5255792592083314
commons-vfs,21,fp_repair_matched,358,20,20,0.09165505701626135,0.5558417522365664,0.03462720128073815,0.5407180545209078
commons-vfs,21,fp_repair_frac_0.25,358,20,90,0.07829461510906487,0.5544424895370655,-0.011269835813813885,0.4777610053249611
commons-vfs,21,fn_repair_frac_0.25,358,20,5,0.0759969524586962,0.5447665600263447,0.022914752576355207,0.5382505488993635
commons-vfs,21,fp_repair_frac_0.50,358,20,179,0.09126934501057621,0.5404428215658011,0.005506071736692623,0.4796340790457156
commons-vfs,21,fn_repair_frac_0.50,358,20,10,0.07121806680076784,0.5408641660973602,0.032088839639093064,0.5519804184206853
commons-vfs,21,fp_repair_frac_0.75,358,20,268,0.07629160716207066,0.5486944673395977,0.028355354833284458,0.554261551723346
commons-vfs,21,fn_repair_frac_0.75,358,20,15,0.07612682349558743,0.5449142412219798,0.012115696978423993,0.5203598926506428
commons-vfs,21,fp_repair_frac_1.00,358,20,358,0.1047243687929535,0.5629363175918023,-0.010719130328691491,0.47544293872534343
commons-vfs,21,fn_repair_frac_1.00,358,20,20,0.06908499060962607,0.5359039456258853,0.012939857707533232,0.5109510992489565
commons-vfs,21,fn_repair_immediate,358,20,20,0.0484518907684917,0.4741782690403798,0.02676859424635722,0.5359982918021469
commons-vfs,21,fn_repair_at_window,358,20,20,0.14105390031018727,0.5906966028892096,0.029015369355176242,0.5479772752312905
commons-vfs,42,BSZZ,358,20,0,0.06559595450004131,0.5338385396473647,-0.01809036732753229,0.464374060059358
commons-vfs,42,BSZZ_immediate,358,20,0,0.06477504432746581,0.49413647062782295,-0.004677016346988551,0.48612018099849696
commons-vfs,42,BSZZ_at_window,358,20,0,0.12817249204926243,0.5818779101052254,0.04330405721499418,0.567057616034874
commons-vfs,42,fp_repair_matched,358,20,20,0.06530126214985693,0.5355095901651187,0.01082709840019616,0.5180512591626838
commons-vfs,42,fp_repair_frac_0.25,358,20,90,0.031902676072894036,0.5008719688443393,-0.06083838914307695,0.3832258690015804
commons-vfs,42,fn_repair_frac_0.25,358,20,5,0.057475785807916256,0.5225791325327471,-0.012078849202837744,0.4650707758909488
commons-vfs,42,fp_repair_frac_0.50,358,20,179,0.05178669524726364,0.5231545996201287,-0.036459725483848265,0.4285198907520485
commons-vfs,42,fn_repair_frac_0.50,358,20,10,0.05891917807092305,0.5314381018147109,0.015514526978120996,0.525911439046027
commons-vfs,42,fp_repair_frac_0.75,358,20,268,0.06360818745303021,0.5169420299573098,1.3164290967582596e-05,0.49930838314430215
commons-vfs,42,fn_repair_frac_0.75,358,20,15,0.08536337154318979,0.5461840442328284,-0.03464416011756569,0.43168402855676385
commons-vfs,42,fp_repair_frac_1.00,358,20,358,0.14414265121184452,0.5905422107967596,-0.0012742548786717522,0.4896428592242887
commons-vfs,42,fn_repair_frac_1.00,358,20,20,0.024405482257715595,0.4957851021665664,-0.06451397937865495,0.3764526714208528
commons-vfs,42,fn_repair_immediate,358,20,20,0.01497427435168734,0.4422750730948289,-0.05240525786852384,0.3778437349055399
commons-vfs,42,fn_repair_at_window,358,20,20,0.14094644341319765,0.6084283448757982,0.15292198510749197,0.7651654398514637
commons-vfs,77,BSZZ,358,20,0,0.07061875251413059,0.5432051189328962,0.011445506446568797,0.5193367573887036
commons-vfs,77,BSZZ_immediate,358,20,0,0.04788282635875464,0.4718177849683888,-0.042306346983772745,0.4172956448347201
commons-vfs,77,BSZZ_at_window,358,20,0,0.1311952212840285,0.5773072356578118,0.012960293426555348,0.5131621317322251
commons-vfs,77,fp_repair_matched,358,20,20,0.07330359323086505,0.5422023277477572,-0.03304353315899964,0.4348788270258103
commons-vfs,77,fp_repair_frac_0.25,358,20,90,0.04496645097837396,0.5202065461196445,0.015843525272864326,0.5187174396783446
commons-vfs,77,fn_repair_frac_0.25,358,20,5,0.0597430333021267,0.5328410961873626,0.004003287608019024,0.5059926577664308
commons-vfs,77,fp_repair_frac_0.50,358,20,179,0.07927356677358963,0.5421934310707807,0.039506145474136695,0.5686626143034063
commons-vfs,77,fn_repair_frac_0.50,358,20,10,0.05215487581631553,0.5255425031456535,-0.005918937019959854,0.4877415819999222
commons-vfs,77,fp_repair_frac_0.75,358,20,268,0.06162178404276125,0.5212405813639323,-0.017398304804404723,0.46090777272743727
commons-vfs,77,fn_repair_frac_0.75,358,20,15,0.041406830274311746,0.5233087544991464,-0.0018698707952773377,0.4963055435810408
commons-vfs,77,fp_repair_frac_1.00,358,20,358,0.13182864422415688,0.5858703055520413,0.004879485071475846,0.4971383469120552
commons-vfs,77,fn_repair_frac_1.00,358,20,20,0.04294910265892674,0.5168141360785973,0.0414495900487082,0.5785969404755695
commons-vfs,77,fn_repair_immediate,358,20,20,0.05230499696607677,0.469143617644481,-0.03853441821715374,0.4241761793234788
commons-vfs,77,fn_repair_at_window,358,20,20,0.14419035352525386,0.5948256031644311,0.04316147205248133,0.5755351692921032
commons-vfs,101,BSZZ,358,20,0,0.04903798154732419,0.5206406305022474,-0.025542782032239846,0.4497318291716275
commons-vfs,101,BSZZ_immediate,358,20,0,0.05061980471680576,0.4724151152122751,-0.05352058533257444,0.3914072513178269
commons-vfs,101,BSZZ_at_window,358,20,0,0.16283648299455397,0.6226058160392479,0.06310853946757324,0.6189036641480731
commons-vfs,101,fp_repair_matched,358,20,20,0.02921507103941873,0.4988992297271091,-0.023704112902801375,0.4484155841898134
commons-vfs,101,fp_repair_frac_0.25,358,20,90,0.08503497187224647,0.5435082177493666,-0.038173739147575166,0.4241623125975843
commons-vfs,101,fn_repair_frac_0.25,358,20,5,0.07415356795945752,0.5396769162327146,0.013627726335983076,0.5229738308598619
commons-vfs,101,fp_repair_frac_0.50,358,20,179,0.10015213836391222,0.5510666798785555,-0.019920655396946752,0.45309148444631925
commons-vfs,101,fn_repair_frac_0.50,358,20,10,0.028170313794981996,0.5070361510366332,0.007689396370333395,0.5120845785222393
commons-vfs,101,fp_repair_frac_0.75,358,20,268,0.015280091556445894,0.5105386030938976,0.044007648091794714,0.5624587101073293
commons-vfs,101,fn_repair_frac_0.75,358,20,15,0.028296903510873078,0.5004632250904522,-0.04628330773044018,0.40757731638886974
commons-vfs,101,fp_repair_frac_1.00,358,20,358,0.07192036368744681,0.5527234135852971,0.009643376917509664,0.51101367255549
commons-vfs,101,fn_repair_frac_1.00,358,20,20,0.026494614479325412,0.49643206105333665,-0.020242072497540793,0.45182434200001387
commons-vfs,101,fn_repair_immediate,358,20,20,0.07389207868127097,0.4927055938426478,0.03969859708794864,0.5535158531478369
commons-vfs,101,fn_repair_at_window,358,20,20,0.16795118906254047,0.6294603057713891,0.11605673961750092,0.7116508935845429
commons-vfs,123,BSZZ,358,20,0,0.08481876465708184,0.5511718377786063,-0.03125721778467559,0.43557951790039806
commons-vfs,123,BSZZ_immediate,358,20,0,0.02659313061809974,0.45310156632533943,-0.06582115027957172,0.3582957437351729
commons-vfs,123,BSZZ_at_window,358,20,0,0.1315734233766637,0.5610420950431475,-0.04742185663857454,0.32612597741340893
commons-vfs,123,fp_repair_matched,358,20,20,0.09609839976621455,0.5658041805214657,0.011121923416515236,0.5218793366291097
commons-vfs,123,fp_repair_frac_0.25,358,20,90,0.050112950062592435,0.5133401245910971,-0.07268256640927218,0.36246707298668207
commons-vfs,123,fn_repair_frac_0.25,358,20,5,0.03548378766155727,0.5181122118960453,0.0397543588683954,0.555357594357219
commons-vfs,123,fp_repair_frac_0.50,358,20,179,0.06397264364814033,0.5299656572992291,0.024661872974063283,0.5067564357639732
commons-vfs,123,fn_repair_frac_0.50,358,20,10,0.05043482850383846,0.5254534841966144,-0.03649769848894796,0.42795307170031777
commons-vfs,123,fp_repair_frac_0.75,358,20,268,0.0647877228161448,0.5244344797039285,-0.09898317497913584,0.3054865843666812
commons-vfs,123,fn_repair_frac_0.75,358,20,15,0.04349565913507938,0.5233416015651493,0.035550322220232466,0.5444121120194618
commons-vfs,123,fp_repair_frac_1.00,358,20,358,0.10679772614433393,0.5703233195433737,0.00904911602030919,0.5124505776662176
commons-vfs,123,fn_repair_frac_1.00,358,20,20,0.0545367589065206,0.5282314091911839,0.032640057279590656,0.5345561614379454
commons-vfs,123,fn_repair_immediate,358,20,20,0.03505653637951772,0.4603602565022592,-0.039694063739045805,0.42193973480546426
commons-vfs,123,fn_repair_at_window,358,20,20,0.15154659760654512,0.6174351009939129,0.12495694827809209,0.7290929083568766
commons-vfs,202,BSZZ,358,20,0,0.06506369087943126,0.5313637143200273,-0.032543643267667205,0.4358726597637942
commons-vfs,202,BSZZ_immediate,358,20,0,0.03964175501432629,0.46103743927419844,-0.06927517846415372,0.35656399493402263
commons-vfs,202,BSZZ_at_window,358,20,0,0.1152578518912135,0.5691017341297145,0.03628508586309389,0.5430896733327196
commons-vfs,202,fp_repair_matched,358,20,20,0.07887846397453299,0.5424254989477555,-0.030761404057951754,0.4386333418408905
commons-vfs,202,fp_repair_frac_0.25,358,20,90,0.10389013279417034,0.5675123232821442,0.04206453539661511,0.5361990602573473
commons-vfs,202,fn_repair_frac_0.25,358,20,5,0.09095256866621888,0.5547912445097576,-0.003855893114997923,0.4918866537891715
commons-vfs,202,fp_repair_frac_0.50,358,20,179,0.07768991794943483,0.5393134730076171,-0.031008094957765377,0.4389975645659135
commons-vfs,202,fn_repair_frac_0.50,358,20,10,0.059879995485087524,0.5168992346547856,-0.06532982874785334,0.37558768672022436
commons-vfs,202,fp_repair_frac_0.75,358,20,268,0.11143124746417558,0.5654075700015649,-0.018467497302691243,0.4636376429930845
commons-vfs,202,fn_repair_frac_0.75,358,20,15,0.05070628628309892,0.5147186434175346,-0.01361210626799787,0.4632312538922062
commons-vfs,202,fp_repair_frac_1.00,358,20,358,0.11450165102318147,0.5683645270497082,0.0011227182627255882,0.4955779423959252
commons-vfs,202,fn_repair_frac_1.00,358,20,20,0.0699105348155596,0.529705536580724,-0.05089471008189707,0.39981849574065687
commons-vfs,202,fn_repair_immediate,358,20,20,0.029902575750350064,0.4578589430278944,-0.06237767367415884,0.373988480876593
commons-vfs,202,fn_repair_at_window,358,20,20,0.09726139475260469,0.5369596628399065,-0.02446940184662196,0.3443633058894975
commons-vfs,314,BSZZ,358,20,0,0.05010609814598249,0.5216528437589367,-0.03657474445186329,0.42789328748348443
commons-vfs,314,BSZZ_immediate,358,20,0,0.05100140741756321,0.472798876132713,-0.040774421424090074,0.42019788852005713
commons-vfs,314,BSZZ_at_window,358,20,0,0.11966793067706054,0.5698894013326905,0.004538723361132051,0.49866330413631127
commons-vfs,314,fp_repair_matched,358,20,20,0.061452699343012826,0.536832629842563,-0.003988954677104277,0.49141265099213755
commons-vfs,314,fp_repair_frac_0.25,358,20,90,0.061469185299730195,0.5260549363922636,0.0521427032852083,0.5873925560992348
commons-vfs,314,fn_repair_frac_0.25,358,20,5,0.03356286315906677,0.5062651258129832,-0.025962441220307577,0.4421371824532269
commons-vfs,314,fp_repair_frac_0.50,358,20,179,0.0518164440830434,0.5304729631953314,0.0475624462133282,0.5716849039808513
commons-vfs,314,fn_repair_frac_0.50,358,20,10,0.038390526220013925,0.5068990938710171,-0.054024725294394046,0.3923390146745073
commons-vfs,314,fp_repair_frac_0.75,358,20,268,0.05369435766981415,0.5340991456055469,0.011678153730383178,0.49656725784866845
commons-vfs,314,fn_repair_frac_0.75,358,20,15,0.042626850149859036,0.5234435400381422,0.033579180777116205,0.538301409085959
commons-vfs,314,fp_repair_frac_1.00,358,20,358,0.13092473865498433,0.578920870085978,-0.011571820626073656,0.4734392354639791
commons-vfs,314,fn_repair_frac_1.00,358,20,20,0.029574432206480608,0.508489796604374,0.004506085934812612,0.498977443242551
commons-vfs,314,fn_repair_immediate,358,20,20,0.0514091063683481,0.4640673996047789,-0.06469383152799378,0.36157381154325774
commons-vfs,314,fn_repair_at_window,358,20,20,0.1045169610779932,0.5405533681622614,-0.024030026894551724,0.3427968192075417
commons-vfs,999,BSZZ,358,20,0,0.0508649324463072,0.5262744595777323,-0.0136494976388442,0.4730148771690026
commons-vfs,999,BSZZ_immediate,358,20,0,0.052463506217588954,0.4802154363232488,-0.039304534240785234,0.4206277468129737
commons-vfs,999,BSZZ_at_window,358,20,0,0.1285221225335121,0.5806298288421199,0.024958153242005263,0.5400546446624074
commons-vfs,999,fp_repair_matched,358,20,20,0.08170193456771138,0.5472194287515363,-0.034358560704863685,0.4322060942003948
commons-vfs,999,fp_repair_frac_0.25,358,20,90,0.08221249752301249,0.545287008376981,0.028002191961844097,0.5404001520084953
commons-vfs,999,fn_repair_frac_0.25,358,20,5,0.04499848650390254,0.5235426522295967,0.03946286242919953,0.5623804094330346
commons-vfs,999,fp_repair_frac_0.50,358,20,179,0.03852832739750005,0.5010688339301294,-0.03491811981065934,0.4257941107916724
commons-vfs,999,fn_repair_frac_0.50,358,20,10,0.015247121788577673,0.491688083395868,-0.051594022060107235,0.3982738027555021
commons-vfs,999,fp_repair_frac_0.75,358,20,268,0.11155383769777928,0.5570699422183857,0.0030168716642864466,0.489201100966405
commons-vfs,999,fn_repair_frac_0.75,358,20,15,0.04771176225561295,0.5250411290432662,-0.011175971952096584,0.47776028384696767
commons-vfs,999,fp_repair_frac_1.00,358,20,358,0.0710088148217455,0.550293492892537,0.008301715994002508,0.5075365477494315
commons-vfs,999,fn_repair_frac_1.00,358,20,20,0.04265866098484255,0.5184858631124271,0.00032445112049492205,0.48455942299075
commons-vfs,999,fn_repair_immediate,358,20,20,0.029400160652464907,0.4580495624620771,-0.015558059579920182,0.4691464939279053
commons-vfs,999,fn_repair_at_window,358,20,20,0.10764557065596976,0.563460631962333,0.0020432216477761765,0.4833490371609374
giraph,7,BSZZ,130,95,0,0.0879636428613672,0.49031362006267437,0.17890477231802682,0.6485434196840094
giraph,7,BSZZ_immediate,130,95,0,0.22156488172954159,0.5956325397322065,0.08387106210067065,0.5715513089886771
giraph,7,BSZZ_at_window,130,95,0,0.1874156244890405,0.5708875053365745,0.18214604302960422,0.6538080041106625
giraph,7,fp_repair_matched,130,95,95,0.1375113922521131,0.5424762027101216,0.12661428610593103,0.6191505423884383
giraph,7,fp_repair_frac_0.25,130,95,32,0.0952094328760563,0.5112178424082566,0.23586311483883912,0.7133568178272552
giraph,7,fn_repair_frac_0.25,130,95,24,0.1699682606453375,0.5716756857368287,0.20800712690079745,0.6679253137378999
giraph,7,fp_repair_frac_0.50,130,95,65,0.12743855486306802,0.5449054747348044,0.05577057762008046,0.5425134470201517
giraph,7,fn_repair_frac_0.50,130,95,48,0.1367180062491967,0.5566222717554885,0.17880720761129787,0.6640540462537735
giraph,7,fp_repair_frac_0.75,130,95,98,0.08976678503282036,0.49067730808158483,0.03542494119161268,0.4655572837914422
giraph,7,fn_repair_frac_0.75,130,95,71,0.16794047546068194,0.5720808013003653,0.22388493123397035,0.703366658423845
giraph,7,fp_repair_frac_1.00,130,95,130,0.12912642906025798,0.5301871276528192,0.13057375843447938,0.5885292854624967
giraph,7,fn_repair_frac_1.00,130,95,95,0.177703554898424,0.5802145499004447,0.17573707734981778,0.6542122480540586
giraph,7,fn_repair_immediate,130,95,95,0.25015860177857313,0.6096803831003841,0.20377514587538356,0.6799469610466471
giraph,7,fn_repair_at_window,130,95,95,0.2531926164581667,0.6189289359260771,0.1472909117681584,0.6318440220813781
giraph,13,BSZZ,130,95,0,0.08996572702957091,0.4875783348121568,0.07352181806823122,0.5521958520647827
giraph,13,BSZZ_immediate,130,95,0,0.18093262605146282,0.5728929687357547,0.03014140119794862,0.5015363757158063
giraph,13,BSZZ_at_window,130,95,0,0.21968544800395545,0.5860645588183098,0.1999429973869431,0.6663335113912899
giraph,13,fp_repair_matched,130,95,95,0.07000123690819922,0.48404017422520923,0.18528434443363462,0.6480006881843461
giraph,13,fp_repair_frac_0.25,130,95,32,0.07672032107799102,0.49597670843004044,0.1690006057090212,0.6424787703521466
giraph,13,fn_repair_frac_0.25,130,95,24,0.18022290556140164,0.5663452645198054,0.19621955806243258,0.6740478821985363
giraph,13,fp_repair_frac_0.50,130,95,65,0.11642986830874709,0.5133023152779317,0.11028025176250364,0.6012657892669487
giraph,13,fn_repair_frac_0.50,130,95,48,0.18537549588630867,0.5878317429182826,0.255626157040983,0.7327444334609683
giraph,13,fp_repair_frac_0.75,130,95,98,0.061777193141435705,0.47771670225560403,-0.0026697810832269743,0.4372602898182154
giraph,13,fn_repair_frac_0.75,130,95,71,0.15774817312883432,0.5650104248059208,0.14607656996807064,0.6331353432384008
giraph,13,fp_repair_frac_1.00,130,95,130,0.1531600440574437,0.5469753959820993,0.1933103585107011,0.6448644207185856
giraph,13,fn_repair_frac_1.00,130,95,95,0.1605751898571962,0.5624539361430193,0.08234095025268479,0.5626235017525308
giraph,13,fn_repair_immediate,130,95,95,0.23534661850891045,0.6059703419897312,0.17596718242020987,0.6563609075415947
giraph,13,fn_repair_at_window,130,95,95,0.20532720345748046,0.5896469255661778,0.1429241448338986,0.6251050784668921
giraph,21,BSZZ,130,95,0,0.12244537777041327,0.514648242511758,0.2393865112390034,0.6899051023686547
giraph,21,BSZZ_immediate,130,95,0,0.20534680837159125,0.5886318983567354,0.06244577166304975,0.550458891717182
giraph,21,BSZZ_at_window,130,95,0,0.19257509686926755,0.5673159892625164,0.10695659246391642,0.5960756419150159
giraph,21,fp_repair_matched,130,95,95,0.10134874242913246,0.5243647397294087,0.22903953491390866,0.698606434446333
giraph,21,fp_repair_frac_0.25,130,95,32,0.08893992971532287,0.4937107501787922,0.05850266463293545,0.5111123084639237
giraph,21,fn_repair_frac_0.25,130,95,24,0.17968997290517408,0.5740559228571444,0.15241087112690013,0.6361527710152358
giraph,21,fp_repair_frac_0.50,130,95,65,0.1113393722784202,0.5165848872264525,0.2919701917052679,0.7063745608622269
giraph,21,fn_repair_frac_0.50,130,95,48,0.12083945564173927,0.5419420724352567,0.06789432628813297,0.5580103771423753
giraph,21,fp_repair_frac_0.75,130,95,98,0.08387044417435321,0.4903711021093635,0.14232422431899996,0.5623108879060738
giraph,21,fn_repair_frac_0.75,130,95,71,0.17472328073080104,0.5771889611689521,0.12758279137325998,0.6198764455331662
giraph,21,fp_repair_frac_1.00,130,95,130,0.14885900417205966,0.5326876889579146,0.11985591126922493,0.580224922429269
giraph,21,fn_repair_frac_1.00,130,95,95,0.16514038819422838,0.5733872622530283,0.2255920800798053,0.7058388589336936
giraph,21,fn_repair_immediate,130,95,95,0.19488115256894722,0.5813811916523627,0.1768347366589154,0.6536198241895355
giraph,21,fn_repair_at_window,130,95,95,0.22514443945186918,0.6016318822533547,0.16469350209381392,0.6514630587193667
giraph,42,BSZZ,130,95,0,0.110636983090222,0.5006318094968163,0.17573217779944386,0.64412825365554
giraph,42,BSZZ_immediate,130,95,0,0.1957553028469548,0.5803408466671517,0.04100017317132083,0.5295639798631244
giraph,42,BSZZ_at_window,130,95,0,0.19022793793809523,0.5689432470457645,0.20697657763685837,0.6669079386761375
giraph,42,fp_repair_matched,130,95,95,0.06707423976670485,0.481648285277233,0.029177160745658768,0.4562946361615558
giraph,42,fp_repair_frac_0.25,130,95,32,0.05010496657795968,0.4518095577598236,-0.05415604992107086,0.39244531933463167
giraph,42,fn_repair_frac_0.25,130,95,24,0.14216764862893544,0.5538311537883677,0.08531022209179971,0.5683423957348163
giraph,42,fp_repair_frac_0.50,130,95,65,0.06924391503000193,0.4759940346054579,0.06609102416183879,0.4813721611433343
giraph,42,fn_repair_frac_0.50,130,95,48,0.24754301416323016,0.6279515500368013,0.2708365290687524,0.7406575410735844
giraph,42,fp_repair_frac_0.75,130,95,98,0.03845574637775821,0.47094726259158787,0.10123844637802744,0.5632243336859362
giraph,42,fn_repair_frac_0.75,130,95,71,0.17126807761983545,0.5786842383926067,0.24604445076094553,0.7221323452819803
giraph,42,fp_repair_frac_1.00,130,95,130,0.12130401617383874,0.5194411887124285,0.13274689270296716,0.5887576617622251
giraph,42,fn_repair_frac_1.00,130,95,95,0.23607579328518802,0.615697095366596,0.1671858588198536,0.6557714793072773
giraph,42,fn_repair_immediate,130,95,95,0.21601193749744943,0.5933271137190471,0.1571361817525401,0.639057374763089
giraph,42,fn_repair_at_window,130,95,95,0.2177688974642037,0.5969806425388142,0.13830971352824506,0.6230897021678485
giraph,77,BSZZ,130,95,0,0.07993944998090911,0.4832272515006599,0.01044811057438249,0.48630703283635107
giraph,77,BSZZ_immediate,130,95,0,0.21390849012857208,0.597117031203819,0.10861324008972417,0.5984792974231534
giraph,77,BSZZ_at_window,130,95,0,0.16928251011393194,0.5510378148488885,0.07950905094852839,0.5300108765478928
giraph,77,fp_repair_matched,130,95,95,0.07624421726738906,0.5025463033293005,0.19432252119080487,0.648782570409901
giraph,77,fp_repair_frac_0.25,130,95,32,0.09835454585426014,0.5012653033860636,0.009553574512103922,0.4886166123085516
giraph,77,fn_repair_frac_0.25,130,95,24,0.18054030056541656,0.576387981826317,0.17446696698085085,0.6556874478356708
giraph,77,fp_repair_frac_0.50,130,95,65,0.058756170626265924,0.47400193014120257,0.005728686279746172,0.44819928057088315
giraph,77,fn_repair_frac_0.50,130,95,48,0.21966428897428802,0.607868013262556,0.30328632174644515,0.7618110783527409
giraph,77,fp_repair_frac_0.75,130,95,98,0.052172832804022844,0.46896470684765734,0.0662530571597607,0.4909670207556762
giraph,77,fn_repair_frac_0.75,130,95,71,0.14265005319245755,0.5551336990470299,0.13176906503959399,0.6196148680257706
giraph,77,fp_repair_frac_1.00,130,95,130,0.1566798612278828,0.5383999416335183,0.1281801433300549,0.5860784161685815
giraph,77,fn_repair_frac_1.00,130,95,95,0.18833684750169621,0.5892470488625994,0.2521981903228182,0.7274166735642494
giraph,77,fn_repair_immediate,130,95,95,0.23570062503764644,0.6047380811343499,0.1723050105251857,0.6527266643386225
giraph,77,fn_repair_at_window,130,95,95,0.23626129587336256,0.6080990740955466,0.15593719482847226,0.6364351168077935
giraph,101,BSZZ,130,95,0,0.10254537039768229,0.49790338037849946,0.2034655993204025,0.6682254837245191
giraph,101,BSZZ_immediate,130,95,0,0.1960252024132231,0.5873885423386277,0.03932138449104947,0.5315963884530664
giraph,101,BSZZ_at_window,130,95,0,0.1806373334187579,0.5618038757718776,0.1184954953416579,0.6029593032082651
giraph,101,fp_repair_matched,130,95,95,0.06190310049639243,0.4850731710097552,0.1342419533546104,0.593098098446692
giraph,101,fp_repair_frac_0.25,130,95,32,0.13016407962739193,0.5200241126506941,0.27173241018613653,0.7195015246957971
giraph,101,fn_repair_frac_0.25,130,95,24,0.14663142973850815,0.552948204609482,0.09101382763171788,0.56853971055125
giraph,101,fp_repair_frac_0.50,130,95,65,0.1550615779924332,0.5433271514026522,0.06381918715146616,0.5019694641599443
giraph,101,fn_repair_frac_0.50,130,95,48,0.2065256642345245,0.5955678123341861,0.24429501921203095,0.6891963690684432
giraph,101,fp_repair_frac_0.75,130,95,98,0.048864735149572416,0.46833569758616267,0.018237431222473652,0.4943802447824613
giraph,101,fn_repair_frac_0.75,130,95,71,0.22397713523283708,0.6108039016836457,0.26311688258881794,0.7270047784409456
giraph,101,fp_repair_frac_1.00,130,95,130,0.13394004124249131,0.5289536317768511,0.1312224785185222,0.5886525735901531
giraph,101,fn_repair_frac_1.00,130,95,95,0.19439397744236755,0.5929654752617486,0.23892967823116593,0.7126630671923597
giraph,101,fn_repair_immediate,130,95,95,0.2190113395943311,0.6005186135769259,0.1474458337956599,0.636091882966841
giraph,101,fn_repair_at_window,130,95,95,0.2194294740941189,0.5998176314015395,0.1495781840305619,0.6331007833763992
giraph,123,BSZZ,130,95,0,0.13456693672283476,0.5223266918013184,0.19022070686654452,0.6551006326832477
giraph,123,BSZZ_immediate,130,95,0,0.1873426887208172,0.5733933066653313,0.009768567310990316,0.5019901338128877
giraph,123,BSZZ_at_window,130,95,0,0.17800135387006683,0.557085842967256,0.05958757931410343,0.5460178194846764
giraph,123,fp_repair_matched,130,95,95,0.17303879430304417,0.5653905721225507,0.2671930368018332,0.7175448077917088
giraph,123,fp_repair_frac_0.25,130,95,32,0.07915241060245763,0.5019108394760642,0.2329343325658139,0.6892441740520583
giraph,123,fn_repair_frac_0.25,130,95,24,0.1866492632957305,0.5873197894341676,0.17887923861454394,0.6661056012197988
giraph,123,fp_repair_frac_0.50,130,95,65,0.07797983066615519,0.4840077643678743,-0.0215604885342379,0.43336354657239057
giraph,123,fn_repair_frac_0.50,130,95,48,0.13635567686584144,0.5561276471380112,0.15976880907390073,0.6463717618076135
giraph,123,fp_repair_frac_0.75,130,95,98,0.09001957797587029,0.4921254451663325,0.08653546896189722,0.5399487391597096
giraph,123,fn_repair_frac_0.75,130,95,71,0.22066751573996685,0.60619043731416,0.1332948604094285,0.6159008785942786
giraph,123,fp_repair_frac_1.00,130,95,130,0.12443899352087649,0.5286753173732138,0.11009415994169167,0.5904106184951883
giraph,123,fn_repair_frac_1.00,130,95,95,0.21760646561820338,0.6093640294836624,0.28537911234739594,0.7569721180075062
giraph,123,fn_repair_immediate,130,95,95,0.258299280311355,0.6161038441367985,0.1984523531128767,0.6789714110881195
giraph,123,fn_repair_at_window,130,95,95,0.23248598388387506,0.6044001631136522,0.13907377934182724,0.6194623563676828
giraph,202,BSZZ,130,95,0,0.11284401980912091,0.5140483728225386,0.053939709332582096,0.5216211491471481
giraph,202,BSZZ_immediate,130,95,0,0.21996224771051157,0.5910542133801009,0.05158661379679285,0.5403600059220783
giraph,202,BSZZ_at_window,130,95,0,0.17946907913499247,0.5575458222897729,0.14770087946664526,0.6216981416628962
giraph,202,fp_repair_matched,130,95,95,0.04070806883373677,0.4699911981810935,0.05351152782638479,0.5209490442643747
giraph,202,fp_repair_frac_0.25,130,95,32,0.12762188036904945,0.5248395657362442,0.1908630082122436,0.658219897165197
giraph,202,fn_repair_frac_0.25,130,95,24,0.18075552735173236,0.579086757530863,0.08710869002022241,0.5771994040303142
giraph,202,fp_repair_frac_0.50,130,95,65,0.09802662166511326,0.5087113459561825,0.013955913854380999,0.45736290703750054
giraph,202,fn_repair_frac_0.50,130,95,48,0.09027007450244645,0.5226673378112742,0.15256346376539545,0.6407939663810469
giraph,202,fp_repair_frac_0.75,130,95,98,0.09958860389469999,0.49926690368567,0.03413966713796671,0.46936290054323343
giraph,202,fn_repair_frac_0.75,130,95,71,0.18079409382237296,0.5777537506488707,0.14181169167589508,0.6298810207286836
giraph,202,fp_repair_frac_1.00,130,95,130,0.15061580588938753,0.5377582898941883,0.12711623441127634,0.5851909192954519
giraph,202,fn_repair_frac_1.00,130,95,95,0.17361623352150096,0.579320003683528,0.16295462424677076,0.6512152346821006
giraph,202,fn_repair_immediate,130,95,95,0.2227749035317803,0.5915307306480675,0.15480181529571255,0.6398095193899825
giraph,202,fn_repair_at_window,130,95,95,0.22673860231562773,0.6034041095953087,0.16365988758823122,0.6512716409414032
giraph,314,BSZZ,130,95,0,0.07047971229089157,0.47946618106812317,0.03531701253984462,0.4998291497347771
giraph,314,BSZZ_immediate,130,95,0,0.17600164165850443,0.5673571145524119,0.012619905213992815,0.5031241158121319
giraph,314,BSZZ_at_window,130,95,0,0.18720918275191228,0.5657400168444315,0.10730656989307173,0.5977093585685983
giraph,314,fp_repair_matched,130,95,95,0.10054798070864279,0.4941747924263552,0.09845301931745849,0.5586715595920128
giraph,314,fp_repair_frac_0.25,130,95,32,0.07740168796874629,0.46805244827154063,-0.014497434740864958,0.42130733201306847
giraph,314,fn_repair_frac_0.25,130,95,24,0.16400492108641865,0.5623208856778884,0.1770524726104358,0.6613436493813977
giraph,314,fp_repair_frac_0.50,130,95,65,0.11301912405748726,0.5153436063309152,0.05507986852381334,0.49038224756604615
giraph,314,fn_repair_frac_0.50,130,95,48,0.21124626920351394,0.600775523234794,0.16020705978229927,0.6400986498548619
giraph,314,fp_repair_frac_0.75,130,95,98,0.11387587865677318,0.5149098197596416,0.19527199642742263,0.6574082987446315
giraph,314,fn_repair_frac_0.75,130,95,71,0.20655299916793018,0.5985995466581503,0.1940043692157694,0.6755781503289003
giraph,314,fp_repair_frac_1.00,130,95,130,0.13518313157095285,0.5386737051456074,0.12661212885836942,0.6062283333523611
giraph,314,fn_repair_frac_1.00,130,95,95,0.1923007617643349,0.5904047449721674,0.2066092872168446,0.6869232418931756
giraph,314,fn_repair_immediate,130,95,95,0.2414238825590015,0.6086183944789565,0.20873481440990452,0.68606733645251
giraph,314,fn_repair_at_window,130,95,95,0.22742717049755187,0.6037403464981235,0.1502590013537257,0.6325406930255111
giraph,999,BSZZ,130,95,0,0.06847265058976229,0.4691226016086809,0.000945875568312852,0.4739477427111834
giraph,999,BSZZ_immediate,130,95,0,0.19473350551459134,0.5832723005488153,0.09073446968344767,0.5851571807209882
giraph,999,BSZZ_at_window,130,95,0,0.18624769398088115,0.5612745578052303,0.12119418257655629,0.5847047752336193
giraph,999,fp_repair_matched,130,95,95,0.09845114508795638,0.4989651002150434,0.17259550657557401,0.6234945750667323
giraph,999,fp_repair_frac_0.25,130,95,32,0.09207414570839548,0.512045863900572,0.27613103741457756,0.7345097336742675
giraph,999,fn_repair_frac_0.25,130,95,24,0.10465335422325446,0.5244495742964974,0.18469464591810303,0.6667657099535658
giraph,999,fp_repair_frac_0.50,130,95,65,0.12495124964982787,0.5299663345290043,0.07346770114879111,0.5316482527082007
giraph,999,fn_repair_frac_0.50,130,95,48,0.14142453135199,0.5558306640963563,0.21279231723420103,0.6951684920703494
giraph,999,fp_repair_frac_0.75,130,95,98,0.1819879405494391,0.5720223374812926,0.10686914692599978,0.6005886114077996
giraph,999,fn_repair_frac_0.75,130,95,71,0.2086925315054325,0.6013412767503128,0.1655096996946033,0.6489861904529342
giraph,999,fp_repair_frac_1.00,130,95,130,0.15920368346489452,0.5422589275809273,0.13527349258159588,0.589664513246504
giraph,999,fn_repair_frac_1.00,130,95,95,0.20234993888769537,0.598083983069853,0.2640242807643549,0.7370856561819824
giraph,999,fn_repair_immediate,130,95,95,0.21942949994984076,0.5958037937955958,0.17014950263102002,0.6465392953391949
giraph,999,fn_repair_at_window,130,95,95,0.20290883914200586,0.5892813426304823,0.1469107242118951,0.6338145906045003
gora,7,BSZZ,102,12,0,0.013973161139430241,0.44573089660751014,-0.031261250239676554,0.4254007981793299
gora,7,BSZZ_immediate,102,12,0,0.11671328697879298,0.5817615609495489,0.008096551127226749,0.5145186963244328
gora,7,BSZZ_at_window,102,12,0,0.19030338963940005,0.5954171993040981,-0.03668322716153279,0.39717837633188996
gora,7,fp_repair_matched,102,12,12,0.03423038808391221,0.4731681632611788,-0.016741220873331936,0.46296128712844276
gora,7,fp_repair_frac_0.25,102,12,26,0.06385054273368232,0.5114868209237983,0.0314459391205404,0.5609515985517369
gora,7,fn_repair_frac_0.25,102,12,3,0.0010994805423618019,0.44470412322860836,-0.04190319880197757,0.3887012877424454
gora,7,fp_repair_frac_0.50,102,12,51,0.019512769339524918,0.44843644592962456,-0.03527015616882966,0.4177915766624046
gora,7,fn_repair_frac_0.50,102,12,6,0.006493365320478967,0.43375120311550086,-0.08871670992167117,0.27469976083038894
gora,7,fp_repair_frac_0.75,102,12,76,0.05888326408272973,0.44571364266595787,-0.06385314052940803,0.2951904670036247
gora,7,fn_repair_frac_0.75,102,12,9,-0.01686048297901541,0.3772132203898346,-0.09699002267412928,0.1994570515706902
gora,7,fp_repair_frac_1.00,102,12,102,0.1119052036470191,0.5388342385384536,0.04767262423541669,0.6021831179453017
gora,7,fn_repair_frac_1.00,102,12,12,0.022070022063510993,0.46639275442822375,-0.0588817786239147,0.3629305722521417
gora,7,fn_repair_immediate,102,12,12,0.11677568454971489,0.5863041276530646,0.017086310612295867,0.536340987780499
gora,7,fn_repair_at_window,102,12,12,0.0416844679158724,0.4941341308199206,0.006944985097299061,0.512835542937335
gora,13,BSZZ,102,12,0,0.04213751868275606,0.47156496846135837,-0.02857702256913014,0.4332521122882565
gora,13,BSZZ_immediate,102,12,0,0.12694575511099257,0.5928566857390789,0.014208027309464126,0.5291525494921168
gora,13,BSZZ_at_window,102,12,0,0.19411119119775716,0.6442403651923244,0.04853147612763557,0.6042777136620576
gora,13,fp_repair_matched,102,12,12,0.04566738588427017,0.47537087298596253,-0.023326069192747,0.44340717896467846
gora,13,fp_repair_frac_0.25,102,12,26,0.048980893743753,0.48071073843327644,-0.025821504903414078,0.4418494376104941
gora,13,fn_repair_frac_0.25,102,12,3,-0.0006246923858007185,0.41641794860678394,-0.08083032314087474,0.2736510933139602
gora,13,fp_repair_frac_0.50,102,12,51,0.04604779279266682,0.4762054393533447,-0.030313601357068447,0.4298665707947809
gora,13,fn_repair_frac_0.50,102,12,6,0.038186096044819214,0.47516686335601344,-0.06650616167332471,0.345269384340752
gora,13,fp_repair_frac_0.75,102,12,76,0.0370713998252554,0.46715056783814224,-0.01864032489170068,0.43652089064536614
gora,13,fn_repair_frac_0.75,102,12,9,0.003894878100961396,0.4095813065646474,-0.09281725790517736,0.23235137002938788
gora,13,fp_repair_frac_1.00,102,12,102,0.047036291929070426,0.49156763499434714,0.047670242182477174,0.60270106510294
gora,13,fn_repair_frac_1.00,102,12,12,-0.046091813299828276,0.4071443924293152,-0.06463667598981254,0.3458274051930702
gora,13,fn_repair_immediate,102,12,12,0.10984171383151106,0.5770531593472358,0.01577074429200517,0.532186912594536
gora,13,fn_repair_at_window,102,12,12,0.055509290789405565,0.5189432343596503,0.021452608932269697,0.5466300151292783
gora,21,BSZZ,102,12,0,0.03650622516306036,0.45749316503645837,-0.03053219348433896,0.42677853943400235
gora,21,BSZZ_immediate,102,12,0,0.12941143665169963,0.5943216460436991,0.014379001660868557,0.529304362764207
gora,21,BSZZ_at_window,102,12,0,0.10912157542721702,0.5809651313602596,0.0409188868546013,0.5874432476384089
gora,21,fp_repair_matched,102,12,12,0.03463051496166208,0.45497861657990235,-0.03967069803019354,0.4093935002528954
gora,21,fp_repair_frac_0.25,102,12,26,0.03603915359698848,0.457031268032675,-0.04070900501793725,0.4074080596964958
gora,21,fn_repair_frac_0.25,102,12,3,0.03848877148225521,0.46117494927717995,-0.03561739364603392,0.41817004741050257
gora,21,fp_repair_frac_0.50,102,12,51,0.0258748103347417,0.4335517837800848,-0.05268038941056778,0.34505513827259454
gora,21,fn_repair_frac_0.50,102,12,6,-0.010399179549617877,0.3934559981512527,-0.09534360190806065,0.2556244550621034
gora,21,fp_repair_frac_0.75,102,12,76,0.07671843771462705,0.508787217637961,0.014254617062468892,0.5312014716825767
gora,21,fn_repair_frac_0.75,102,12,9,-0.014968985969435451,0.39243815572647045,-0.09866387512366129,0.23081442509498487
gora,21,fp_repair_frac_1.00,102,12,102,0.032180323908195176,0.3966593497236965,-0.07362229840222845,0.2464878124656286
gora,21,fn_repair_frac_1.00,102,12,12,0.0017740174708404438,0.451156148037936,-0.0755624785023222,0.32321222652124704
gora,21,fn_repair_immediate,102,12,12,0.12118261613328196,0.5866736427161771,0.015779490793866743,0.5340090390484462
gora,21,fn_repair_at_window,102,12,12,0.03124969463783023,0.5058540365762559,0.03834825277397614,0.5833413790996407
gora,42,BSZZ,102,12,0,0.013373274530798555,0.4377706161176526,-0.039980829586019985,0.406871534329512
gora,42,BSZZ_immediate,102,12,0,0.11385322269078174,0.5817777673483524,0.015115687109693597,0.5322057063680351
gora,42,BSZZ_at_window,102,12,0,0.15799264153768003,0.6193047686609627,0.05476039389604473,0.6138726371704162
gora,42,fp_repair_matched,102,12,12,0.04566405226060252,0.4841566376277996,0.005950322454160799,0.5127296112360994
gora,42,fp_repair_frac_0.25,102,12,26,0.031650892561718075,0.4640116347194983,-0.02957524374872026,0.4343313317371589
gora,42,fn_repair_frac_0.25,102,12,3,-0.014393440891915629,0.4315835391423478,-0.011739669788169493,0.47398240995324287
gora,42,fp_repair_frac_0.50,102,12,51,0.05637263798610877,0.4951662453175524,0.011671334818991146,0.5257687843645116
gora,42,fn_repair_frac_0.50,102,12,6,-0.011650693603294925,0.43504891835644555,-0.05565105188841588,0.370679141025571
gora,42,fp_repair_frac_0.75,102,12,76,0.056232918202122076,0.49221742254706785,0.03365930519574591,0.570720407035261
gora,42,fn_repair_frac_0.75,102,12,9,-0.08840920712183904,0.3363638384028508,-0.0930459870140268,0.21315991055962977
gora,42,fp_repair_frac_1.00,102,12,102,0.05825627569240091,0.49400855250675213,0.03321800428078219,0.5698982162961573
gora,42,fn_repair_frac_1.00,102,12,12,-0.007777238463488041,0.4306199775389831,-0.04282513874569872,0.39727284950396546
gora,42,fn_repair_immediate,102,12,12,0.155626316074814,0.6163741235743375,0.03273877955869298,0.568031849192932
gora,42,fn_repair_at_window,102,12,12,0.03707010346144392,0.48215062172029777,-0.0505876188515982,0.3591910182194544
gora,77,BSZZ,102,12,0,0.030021850081675513,0.4212641772483002,-0.07787393251340091,0.26553645122491604
gora,77,BSZZ_immediate,102,12,0,0.10474527992713824,0.5755189040047765,0.012680643958375405,0.5263794937006648
gora,77,BSZZ_at_window,102,12,0,0.09255188443093725,0.5629584631633102,0.016528994076441095,0.5365316210750897
gora,77,fp_repair_matched,102,12,12,0.05734653642248864,0.4793684705824887,-0.02413962242851664,0.4418432009526987
gora,77,fp_repair_frac_0.25,102,12,26,0.07035393256786199,0.47931740978780374,-0.034305224603941,0.4076797611118931
gora,77,fn_repair_frac_0.25,102,12,3,0.0026360717561647157,0.41175245299190244,-0.06534681503868492,0.3189458785966978
gora,77,fp_repair_frac_0.50,102,12,51,0.04446938316543972,0.4752795332368471,0.00028956173495385524,0.5002952215778071
gora,77,fn_repair_frac_0.50,102,12,6,0.002711810996491451,0.40010621065413854,-0.08173593346508717,0.2786169075456637
gora,77,fp_repair_frac_0.75,102,12,76,0.004952265416718321,0.40139672209817573,-0.06129988875278044,0.31648532612265673
gora,77,fn_repair_frac_0.75,102,12,9,-0.03883387006107979,0.39576064805025113,-0.07671484519529109,0.3050760445861732
gora,77,fp_repair_frac_1.00,102,12,102,0.03046912643083831,0.43784649554111466,-0.03687106346324865,0.39276735403727064
gora,77,fn_repair_frac_1.00,102,12,12,0.011219238395795342,0.4569060119544064,-0.06949305387190399,0.33423774075091695
gora,77,fn_repair_immediate,102,12,12,0.10181452416229485,0.5713509316630482,0.02208153724786462,0.5449695472729276
gora,77,fn_repair_at_window,102,12,12,0.08615433542642152,0.5584626265301085,0.056672939010092446,0.613899463891222
gora,101,BSZZ,102,12,0,0.008405714843476653,0.4128528764052493,-0.07037815988651265,0.29096286118979836
gora,101,BSZZ_immediate,102,12,0,0.1637038486649495,0.6239228640404682,0.02574240286779743,0.554194189681861
gora,101,BSZZ_at_window,102,12,0,0.18971498511185073,0.6340495436843583,0.043289288725644554,0.593650897085431
gora,101,fp_repair_matched,102,12,12,0.0029522352830950787,0.3993881667386867,-0.08910742199737258,0.24921009024963867
gora,101,fp_repair_frac_0.25,102,12,26,0.02822198372632403,0.4477739623168192,-0.04652874967829105,0.37106932962422184
gora,101,fn_repair_frac_0.25,102,12,3,0.03189189219679989,0.4650424490079454,-0.03057132621931132,0.431698215233016
gora,101,fp_repair_frac_0.50,102,12,51,0.023149586306675587,0.44907666040222016,-0.037068038011809315,0.41521918992485823
gora,101,fn_repair_frac_0.50,102,12,6,0.05539674184542468,0.48704186405869293,-0.06082540177224426,0.3370994433445954
gora,101,fp_repair_frac_0.75,102,12,76,0.03581550348778664,0.4757352600672218,0.01524806157658606,0.5334686593316376
gora,101,fn_repair_frac_0.75,102,12,9,0.04323365351141085,0.47356608563105457,-0.05090642022358161,0.37443457179589856
gora,101,fp_repair_frac_1.00,102,12,102,0.06459440477867329,0.5050630058555009,0.05964571646630099,0.6288363159411591
gora,101,fn_repair_frac_1.00,102,12,12,0.049922748151188336,0.4649312798696965,-0.07342773800105162,0.32306135571099714
gora,101,fn_repair_immediate,102,12,12,0.17970457660824662,0.6301622801539086,0.024151953423899253,0.5493156154419989
gora,101,fn_repair_at_window,102,12,12,-0.01155932618439138,0.44823360726580164,-0.00526344243624687,0.4834857663111257
gora,123,BSZZ,102,12,0,0.03567627849082105,0.443918038770138,-0.06008411892062811,0.33764919161734536
gora,123,BSZZ_immediate,102,12,0,0.17289160083368577,0.6406838098406741,0.05928946645134581,0.6227085808859188
gora,123,BSZZ_at_window,102,12,0,0.1712071324199123,0.6297768800692853,0.05308501467556968,0.6127323545650811
gora,123,fp_repair_matched,102,12,12,0.039395722046256985,0.469289797648091,-0.019445029045771365,0.45412567050408875
gora,123,fp_repair_frac_0.25,102,12,26,0.00991856378964337,0.4023508609210487,-0.08382250948282793,0.25520150195204244
gora,123,fn_repair_frac_0.25,102,12,3,0.0442035594939246,0.46649503139272636,-0.03242953651726805,0.4247893479729339
gora,123,fp_repair_frac_0.50,102,12,51,0.06892671373101764,0.49614937471562004,-0.024682045891587113,0.4455402084125239
gora,123,fn_repair_frac_0.50,102,12,6,0.013380044171892928,0.3969272149413869,-0.08401590131427049,0.24209838435962724
gora,123,fp_repair_frac_0.75,102,12,76,0.0579647600102544,0.4669716510882125,-0.028457951799577573,0.41516674731911685
gora,123,fn_repair_frac_0.75,102,12,9,-0.04166044492533885,0.3831465989286925,-0.038408708789753394,0.41352157778222115
gora,123,fp_repair_frac_1.00,102,12,102,0.04961230879088331,0.47783118080160264,0.004343050260286278,0.5047840415621077
gora,123,fn_repair_frac_1.00,102,12,12,-0.04219549585181179,0.3797223347673912,-0.06630504334768099,0.3054417460937798
gora,123,fn_repair_immediate,102,12,12,0.14563290166768794,0.6024577414776697,0.015022564667842983,0.5313465768261081
gora,123,fn_repair_at_window,102,12,12,0.048335315931216274,0.4937357489970745,-0.0422801774939253,0.37391042518565054
gora,202,BSZZ,102,12,0,0.009532956187141825,0.4366695499962845,-0.03675028023427211,0.4129039535425135
gora,202,BSZZ_immediate,102,12,0,0.13095112623974411,0.5958008494055498,0.021210097454422133,0.5455075996076423
gora,202,BSZZ_at_window,102,12,0,0.18381384437512766,0.6369061956499775,0.05094576588148312,0.6088106293599288
gora,202,fp_repair_matched,102,12,12,0.05236489779016357,0.4888526962706368,0.007105789440283651,0.5153938102539353
gora,202,fp_repair_frac_0.25,102,12,26,0.033500821315598596,0.4643400191936833,-0.015182204515374236,0.46588457555762375
gora,202,fn_repair_frac_0.25,102,12,3,-0.023915817317046503,0.3692303800530279,-0.10722896284347655,0.20993001064929462
gora,202,fp_repair_frac_0.50,102,12,51,0.04755112943481225,0.4619465059879369,-0.04256190727042933,0.3914786229510684
gora,202,fn_repair_frac_0.50,102,12,6,-0.032097932291613174,0.4135027189297063,-0.04714902388969493,0.3893126513470783
gora,202,fp_repair_frac_0.75,102,12,76,0.046133085055250524,0.4825437068354253,0.009463162696259297,0.520920742203272
gora,202,fn_repair_frac_0.75,102,12,9,0.0037167090902102654,0.43754735555309443,-0.04754649822608027,0.39137991505312875
gora,202,fp_repair_frac_1.00,102,12,102,0.06670159513495523,0.4994873515405109,0.03580967282045613,0.5746772187096015
gora,202,fn_repair_frac_1.00,102,12,12,0.0354620330745625,0.4806434006238282,-0.04281732805461657,0.3988198581077737
gora,202,fn_repair_immediate,102,12,12,0.15657452414242934,0.6179307238835952,0.041565862212575334,0.5855054232349405
gora,202,fn_repair_at_window,102,12,12,-0.003311979185015703,0.45869691549943414,-0.005103626648762673,0.4844686948590914
gora,314,BSZZ,102,12,0,0.043943794816888634,0.48272529205919656,-0.009561118262740531,0.47864893905846356
gora,314,BSZZ_immediate,102,12,0,0.1064872951942379,0.576794656498454,0.017222542465210065,0.5367697431991296
gora,314,BSZZ_at_window,102,12,0,0.08527606302982375,0.5459077794647909,0.001584551872391892,0.5032795966968264
gora,314,fp_repair_matched,102,12,12,0.027842184048008603,0.4578729756617469,-0.028860510135256263,0.4311448992401042
gora,314,fp_repair_frac_0.25,102,12,26,0.0463260556165768,0.48637750917347283,-0.005425150619695518,0.4874880490783668
gora,314,fn_repair_frac_0.25,102,12,3,-0.021492465198336287,0.4263236037855465,-0.031157901169056028,0.42654053295249594
gora,314,fp_repair_frac_0.50,102,12,51,0.044625125327299425,0.4833750326281872,0.019114599040907173,0.5418690285484888
gora,314,fn_repair_frac_0.50,102,12,6,-0.023500340440345168,0.3746879994003289,-0.09985871206049339,0.21423497475687514
gora,314,fp_repair_frac_0.75,102,12,76,0.06422665104006088,0.508208772093752,0.012485633100342971,0.5269171504327449
gora,314,fn_repair_frac_0.75,102,12,9,-0.03142780158383032,0.3808000614551895,-0.10294423118912113,0.22020169638248763
gora,314,fp_repair_frac_1.00,102,12,102,0.045178200792247096,0.4515108526897888,-0.031742419953724656,0.4046979912761737
gora,314,fn_repair_frac_1.00,102,12,12,0.021581067333760234,0.44310824049700165,-0.08770017699427905,0.27848230519892025
gora,314,fn_repair_immediate,102,12,12,0.14176204328604766,0.6038360275489183,0.03353693762100899,0.5721689987588965
gora,314,fn_repair_at_window,102,12,12,0.03390303392610137,0.4855757236348542,-0.010984624417153378,0.4735324174504456
gora,999,BSZZ,102,12,0,0.03622709209168343,0.47483400552310717,-0.02077845330269338,0.4522173488326998
gora,999,BSZZ_immediate,102,12,0,0.18313766059153933,0.6460119018736266,0.052320073431420214,0.6031094800935353
gora,999,BSZZ_at_window,102,12,0,0.12027209838666816,0.583603043272639,0.03667328501323122,0.5794225459100301
gora,999,fp_repair_matched,102,12,12,0.04511249088541841,0.49183429323837285,0.00622639763293284,0.5123963050164843
gora,999,fp_repair_frac_0.25,102,12,26,0.006444831024011999,0.42622702242393573,-0.035359214032663934,0.3951731693809698
gora,999,fn_repair_frac_0.25,102,12,3,-0.04281087347679036,0.3459435975221316,-0.09574503664569747,0.20724190461381176
gora,999,fp_repair_frac_0.50,102,12,51,0.04533435152494221,0.46865740180992216,-0.03137701106161328,0.41265178818208875
gora,999,fn_repair_frac_0.50,102,12,6,-0.00836358552380995,0.4359634982997027,-0.06762767303005664,0.3447212402680593
gora,999,fp_repair_frac_0.75,102,12,76,0.045040272592126,0.4641216983023231,-0.03848257231484744,0.4133472746093219
gora,999,fn_repair_frac_0.75,102,12,9,-0.04466318165476861,0.381134867461236,-0.09631829531272747,0.22221803456298128
gora,999,fp_repair_frac_1.00,102,12,102,0.08769165116162898,0.5201334769220356,0.05225511059381332,0.6118957880144749
gora,999,fn_repair_frac_1.00,102,12,12,-0.04712399794549557,0.40743934658498543,-0.07162175242584279,0.31107483684210335
gora,999,fn_repair_immediate,102,12,12,0.11097766591276201,0.5702661735432734,0.00016801233375086797,0.4997420803132322
gora,999,fn_repair_at_window,102,12,12,0.11269429812770307,0.5744303922997774,0.016860485528606937,0.5371815953125437
opennlp,7,BSZZ,55,71,0,0.06560866164746156,0.5022600799196778,0.07413416905388417,0.45889983128457723
opennlp,7,BSZZ_immediate,55,71,0,0.10446452325374457,0.5695328405880292,0.12415947400792204,0.5425203987998047
opennlp,7,BSZZ_at_window,55,71,0,0.09503425873736096,0.49686885194259667,0.0494153702606823,0.4764964652037247
opennlp,7,fp_repair_matched,55,71,55,0.0384193751652503,0.41830831412877073,0.13835071203604732,0.5448188931827919
opennlp,7,fp_repair_frac_0.25,55,71,14,0.11216508288809329,0.5476369113866913,0.148616721316436,0.5932517812052268
opennlp,7,fn_repair_frac_0.25,55,71,18,0.0458045001403545,0.5000076227260556,0.0025622028318520243,0.38795466492162983
opennlp,7,fp_repair_frac_0.50,55,71,28,0.10371912688126726,0.5358569955156932,0.14449180611529297,0.5458128324981572
opennlp,7,fn_repair_frac_0.50,55,71,36,0.11249482361446722,0.5825687008161571,0.10749527226758596,0.6074396506481854
opennlp,7,fp_repair_frac_0.75,55,71,41,0.028200439427181482,0.4215529802323524,0.13932136274460769,0.5747957408599859
opennlp,7,fn_repair_frac_0.75,55,71,53,0.06021184478216681,0.52689726475435,-0.0016974249356534806,0.44944927413070224
opennlp,7,fp_repair_frac_1.00,55,71,55,0.0384193751652503,0.41830831412877073,0.13835071203604732,0.5448188931827919
opennlp,7,fn_repair_frac_1.00,55,71,71,0.1071495288326821,0.5717922263167966,0.005928431933397506,0.5056299636201026
opennlp,7,fn_repair_immediate,55,71,71,0.06542353579138137,0.5413258087936614,0.025242807962031263,0.5248248069268199
opennlp,7,fn_repair_at_window,55,71,71,0.12330104388014008,0.5244905961276435,0.14049795618564215,0.6087431577507734
opennlp,13,BSZZ,55,71,0,0.08208445734902362,0.5076913481190063,-0.03087287729991851,0.26215582545246136
opennlp,13,BSZZ_immediate,55,71,0,0.0798120776569989,0.5549225799436927,0.1249872393297374,0.5685594388436873
opennlp,13,BSZZ_at_window,55,71,0,0.10202597372920441,0.5030904327420019,0.027311331787028582,0.4345412179592779
opennlp,13,fp_repair_matched,55,71,55,0.033234974915163217,0.40376033461296557,0.13577981478092402,0.5440430493480078
opennlp,13,fp_repair_frac_0.25,55,71,14,0.09620601546472893,0.5242178163430603,0.06332865827981278,0.45041959281346633
opennlp,13,fn_repair_frac_0.25,55,71,18,0.08141822821282574,0.5177499339412626,-0.08056019780110019,0.2869888816185189
opennlp,13,fp_repair_frac_0.50,55,71,28,0.057332353481303326,0.5022055890682271,0.12256417594395279,0.564529140316132
opennlp,13,fn_repair_frac_0.50,55,71,36,0.12347939078343151,0.5831765674994965,-0.008834482104601665,0.4654196039937781
opennlp,13,fp_repair_frac_0.75,55,71,41,0.07605478788722804,0.48125568764779214,0.1521194853828568,0.5514666305283199
opennlp,13,fn_repair_frac_0.75,55,71,53,0.11316462983681408,0.5774811393287591,0.05577368387130362,0.5320467480115135
opennlp,13,fp_repair_frac_1.00,55,71,55,0.033234974915163217,0.40376033461296557,0.13577981478092402,0.5440430493480078
opennlp,13,fn_repair_frac_1.00,55,71,71,0.07237131481957856,0.5415066901853481,-0.0020623099494962364,0.4732222339365377
opennlp,13,fn_repair_immediate,55,71,71,0.043013467465517485,0.5258589327582976,0.0980782448722948,0.5976537632698192
opennlp,13,fn_repair_at_window,55,71,71,0.11400976237890371,0.5237608531841881,0.1576491884190972,0.6524744267304606
opennlp,21,BSZZ,55,71,0,0.07017429692247783,0.503493121381818,0.06787160384046327,0.4453405755503662
opennlp,21,BSZZ_immediate,55,71,0,0.0825336852272356,0.5601464920518879,0.1750103152304469,0.6347528888168628
opennlp,21,BSZZ_at_window,55,71,0,0.09833608644096951,0.5024660783758728,0.039692355127365214,0.4644666950836855
opennlp,21,fp_repair_matched,55,71,55,0.040075398189424696,0.42450049446004484,0.13552881969114766,0.5439730700823842
opennlp,21,fp_repair_frac_0.25,55,71,14,0.04063991443075826,0.4896891499340828,0.15789906464140904,0.6281848807450323
opennlp,21,fn_repair_frac_0.25,55,71,18,0.07919017439633265,0.5173709561429141,0.0022322646167554365,0.36711309174426004
opennlp,21,fp_repair_frac_0.50,55,71,28,0.08667793709506566,0.5034347964174287,0.04722707497555823,0.4399904438539591
opennlp,21,fn_repair_frac_0.50,55,71,36,0.10384479502817547,0.5478556165196514,0.08637168505830682,0.5548248513151424
opennlp,21,fp_repair_frac_0.75,55,71,41,0.0289169080566762,0.42581160391579337,-0.03801066167327586,0.3006394421988503
opennlp,21,fn_repair_frac_0.75,55,71,53,0.10332931308554624,0.5457417395355695,-0.06140998389716435,0.3739956593523737
opennlp,21,fp_repair_frac_1.00,55,71,55,0.040075398189424696,0.42450049446004484,0.13552881969114766,0.5439730700823842
opennlp,21,fn_repair_frac_1.00,55,71,71,0.0863717738238605,0.5347488876471583,-0.02042514560100954,0.4657382531354685
opennlp,21,fn_repair_immediate,55,71,71,0.03892343280454917,0.5212114617802479,0.05317640938566711,0.5577689208445946
opennlp,21,fn_repair_at_window,55,71,71,0.11895885675362378,0.526574528687673,0.09155887740289186,0.5658513377304342
opennlp,42,BSZZ,55,71,0,0.06041567984628761,0.4967076741347029,0.06323149320132214,0.44325870893730257
opennlp,42,BSZZ_immediate,55,71,0,0.10182636264226928,0.5639129240118844,0.11675617876322163,0.5371826238762176
opennlp,42,BSZZ_at_window,55,71,0,0.10245699618324558,0.5051140747318376,0.027677707478560166,0.4460274699888576
opennlp,42,fp_repair_matched,55,71,55,0.057921423830884215,0.4441518662857267,0.14391371354630908,0.5464182569606179
opennlp,42,fp_repair_frac_0.25,55,71,14,0.09248029749512654,0.5200971884730597,0.07884237160231206,0.4628277465643821
opennlp,42,fn_repair_frac_0.25,55,71,18,0.06829450641168744,0.528413676740563,-0.05294695580670044,0.3914202568048209
opennlp,42,fp_repair_frac_0.50,55,71,28,0.052234288454000494,0.4678138945595161,0.0788924096333533,0.5230294061187852
opennlp,42,fn_repair_frac_0.50,55,71,36,0.0829724264484319,0.5507776780264535,0.04821340018072056,0.553525341120906
opennlp,42,fp_repair_frac_0.75,55,71,41,0.08888831309404267,0.5072578411832372,0.15334600677338714,0.5790728891356853
opennlp,42,fn_repair_frac_0.75,55,71,53,0.1340382281449546,0.5984516819448681,0.06633134970296199,0.567392650692757
opennlp,42,fp_repair_frac_1.00,55,71,55,0.057921423830884215,0.4441518662857267,0.14391371354630908,0.5464182569606179
opennlp,42,fn_repair_frac_1.00,55,71,71,0.11474617891032426,0.5790606288559078,0.013404888045644915,0.5059213885566212
opennlp,42,fn_repair_immediate,55,71,71,0.01759677192059594,0.4967706347480735,0.10062700891290895,0.6013639419845742
opennlp,42,fn_repair_at_window,55,71,71,0.14305771323636066,0.5489659214874731,0.1833282596659578,0.670481834133557
opennlp,77,BSZZ,55,71,0,0.07602584676484407,0.5105351068353012,0.06530469606303665,0.44825899709033873
opennlp,77,BSZZ_immediate,55,71,0,0.10344897215925562,0.5677285757235028,0.1701597201516174,0.6326093573142625
opennlp,77,BSZZ_at_window,55,71,0,0.09857976783248416,0.5051431634760668,0.07214623532733301,0.5180278661754671
opennlp,77,fp_repair_matched,55,71,55,0.02620488131868233,0.38555235915709524,0.1485627956085735,0.5476754972304069
opennlp,77,fp_repair_frac_0.25,55,71,14,0.054795725106289696,0.4938892192010864,0.023423257038472582,0.4322450161491599
opennlp,77,fn_repair_frac_0.25,55,71,18,0.10266382488883632,0.5437904838750885,0.047880184014646034,0.5285937811819204
opennlp,77,fp_repair_frac_0.50,55,71,28,-0.0010617376625114763,0.4418629663755513,-0.05232806562223319,0.27912847021674264
opennlp,77,fn_repair_frac_0.50,55,71,36,0.08111993377406873,0.5314335875745325,-0.012190923547280144,0.45286927334209315
opennlp,77,fp_repair_frac_0.75,55,71,41,0.061581758485002816,0.5001696122170258,0.10172227319521128,0.5598257744183708
opennlp,77,fn_repair_frac_0.75,55,71,53,0.10375807071240516,0.5545690548119316,0.13153879283621658,0.6457467365951738
opennlp,77,fp_repair_frac_1.00,55,71,55,0.02620488131868233,0.38555235915709524,0.1485627956085735,0.5476754972304069
opennlp,77,fn_repair_frac_1.00,55,71,71,0.10731291957143599,0.5528410159117149,0.034987222424422655,0.5218553207503218
opennlp,77,fn_repair_immediate,55,71,71,0.07395175864058852,0.5485095622554106,0.06270707536617685,0.5684435429940701
opennlp,77,fn_repair_at_window,55,71,71,0.10350948239661674,0.5149492515570576,0.1483482970157897,0.6335725894574379
opennlp,101,BSZZ,55,71,0,0.087350936673612,0.5214980360408721,0.07647126009700553,0.46105549578057275
opennlp,101,BSZZ_immediate,55,71,0,0.10381075092928135,0.5668493078488394,0.11849903814843515,0.5658220583214617
opennlp,101,BSZZ_at_window,55,71,0,0.10880884218815681,0.510172853264612,0.05185028722064726,0.4617212110638485
opennlp,101,fp_repair_matched,55,71,55,0.038706399739367396,0.4242795261981064,0.13832919544403208,0.5448068676263574
opennlp,101,fp_repair_frac_0.25,55,71,14,0.10517036030117485,0.5338475532461815,0.07528167965631494,0.45713692599651984
opennlp,101,fn_repair_frac_0.25,55,71,18,0.10790851344578783,0.5394133440872878,0.032670377432142884,0.44098374973330906
opennlp,101,fp_repair_frac_0.50,55,71,28,0.09769588070380567,0.5273673081228747,0.12378481577285463,0.5852339563264165
opennlp,101,fn_repair_frac_0.50,55,71,36,0.07159946997636693,0.5287072577027514,-0.03149578919170789,0.43233877025636813
opennlp,101,fp_repair_frac_0.75,55,71,41,0.0498743863068,0.45687879992970143,0.14110687588049997,0.5242124333512757
opennlp,101,fn_repair_frac_0.75,55,71,53,0.1183921781769826,0.5864495832668339,0.08883733274527209,0.5935978232687888
opennlp,101,fp_repair_frac_1.00,55,71,55,0.038706399739367396,0.4242795261981064,0.13832919544403208,0.5448068676263574
opennlp,101,fn_repair_frac_1.00,55,71,71,0.0945661094451672,0.5632374951693948,-0.048624675237644056,0.4368393265663399
opennlp,101,fn_repair_immediate,55,71,71,0.07244568562163632,0.5465958370312467,0.10771748588165424,0.6079202895420862
opennlp,101,fn_repair_at_window,55,71,71,0.10745870265993272,0.5227297833754303,0.15861713992495635,0.6551138710262269
opennlp,123,BSZZ,55,71,0,0.07339781509832682,0.501365354135674,-0.03542939137424546,0.25726473466433364
opennlp,123,BSZZ_immediate,55,71,0,0.08719820479247406,0.5532676750839854,0.1561769093764071,0.6061306507926604
opennlp,123,BSZZ_at_window,55,71,0,0.11656747342769742,0.5215635043864064,0.05768820417933325,0.48304657633539927
opennlp,123,fp_repair_matched,55,71,55,0.04236133261694963,0.42480409792765683,0.1440754767470541,0.5464585236916413
opennlp,123,fp_repair_frac_0.25,55,71,14,0.10014406353758612,0.5288970303413937,0.08293828322117483,0.47088683470524406
opennlp,123,fn_repair_frac_0.25,55,71,18,0.08255030777433474,0.52187259976831,0.07425762982192308,0.5162623814481557
opennlp,123,fp_repair_frac_0.50,55,71,28,0.058288254102590246,0.490910448978072,0.09227604363494835,0.5235243031827469
opennlp,123,fn_repair_frac_0.50,55,71,36,0.08459706580982099,0.5328461629524498,0.09489079973430631,0.6051468230244145
opennlp,123,fp_repair_frac_0.75,55,71,41,0.06216652092859615,0.480350195548871,0.13145069101500784,0.5423002872591068
opennlp,123,fn_repair_frac_0.75,55,71,53,0.061605099240407156,0.5076859824737215,-0.010407501187653715,0.47155826266280565
opennlp,123,fp_repair_frac_1.00,55,71,55,0.04236133261694963,0.42480409792765683,0.1440754767470541,0.5464585236916413
opennlp,123,fn_repair_frac_1.00,55,71,71,0.08530146036268486,0.5529627411618514,0.030680868523491625,0.5301802524600921
opennlp,123,fn_repair_immediate,55,71,71,0.0634566276565518,0.53998385389161,0.07742320912486104,0.5701750955764449
opennlp,123,fn_repair_at_window,55,71,71,0.11382493764275223,0.5256430753890879,0.13716589574179874,0.6465072882465988
opennlp,202,BSZZ,55,71,0,0.0643351215323971,0.5010380996412768,0.06923951054095256,0.4573921615787712
opennlp,202,BSZZ_immediate,55,71,0,0.09845792901525587,0.5612053197780397,0.11276883630517431,0.535766949759803
opennlp,202,BSZZ_at_window,55,71,0,0.1068378867713908,0.5106184978062344,0.05281804468839543,0.4806568515890378
opennlp,202,fp_repair_matched,55,71,55,0.053380528568631874,0.4402495877806294,0.1434273425382142,0.5462812926901588
opennlp,202,fp_repair_frac_0.25,55,71,14,0.06576435341568831,0.49610690648770606,0.11892481214705398,0.5350395522378532
opennlp,202,fn_repair_frac_0.25,55,71,18,0.0730681726869557,0.5162975909954954,0.06496248185625744,0.5734456133421202
opennlp,202,fp_repair_frac_0.50,55,71,28,0.03893219896418654,0.4646231968898391,0.018274749656017542,0.4264826030358479
opennlp,202,fn_repair_frac_0.50,55,71,36,0.0766549347748277,0.514480197613213,-0.022213551604525972,0.42976107020980814
opennlp,202,fp_repair_frac_0.75,55,71,41,-0.009389498588706085,0.4380752423439723,0.12650897975831313,0.5673991993543543
opennlp,202,fn_repair_frac_0.75,55,71,53,0.10595315144273403,0.5498409877739845,0.01125900637937142,0.4690283456012776
opennlp,202,fp_repair_frac_1.00,55,71,55,0.053380528568631874,0.4402495877806294,0.1434273425382142,0.5462812926901588
opennlp,202,fn_repair_frac_1.00,55,71,71,0.07426462518196573,0.5445041996306903,0.08052205643265124,0.5828169428600255
opennlp,202,fn_repair_immediate,55,71,71,0.04345309847869479,0.5264366862278999,0.07730673502822397,0.5694416634385798
opennlp,202,fn_repair_at_window,55,71,71,0.12500389090748637,0.5390321054784295,0.12568247937420332,0.6135898480576587
opennlp,314,BSZZ,55,71,0,0.0708236943408094,0.5003999071036968,0.05032436282372555,0.42127098703117044
opennlp,314,BSZZ_immediate,55,71,0,0.09326798332154349,0.5565562985294903,0.11458261223927506,0.5363555492950504
opennlp,314,BSZZ_at_window,55,71,0,0.11500510477061751,0.522510624817864,0.04154169753726118,0.4503150922922324
opennlp,314,fp_repair_matched,55,71,55,0.035108929060139855,0.4174731864917748,0.14097686455883976,0.5455833782247969
opennlp,314,fp_repair_frac_0.25,55,71,14,0.06225870831638657,0.50432503384495,0.0717210746473647,0.416912181854909
opennlp,314,fn_repair_frac_0.25,55,71,18,0.05175453846817737,0.49618193906216895,-0.09617508052716064,0.3130834077256589
opennlp,314,fp_repair_frac_0.50,55,71,28,0.01708946308349098,0.46165219726357026,0.0660231018829168,0.46116682160598305
opennlp,314,fn_repair_frac_0.50,55,71,36,0.10787572737321957,0.5777252261808502,0.06874772903683489,0.5699903244008151
opennlp,314,fp_repair_frac_0.75,55,71,41,0.03213089457519447,0.4718389944458797,0.036640474937729706,0.4391914353586858
opennlp,314,fn_repair_frac_0.75,55,71,53,0.1452062764869003,0.610873010972926,0.07539695299101305,0.5613298510516872
opennlp,314,fp_repair_frac_1.00,55,71,55,0.035108929060139855,0.4174731864917748,0.14097686455883976,0.5455833782247969
opennlp,314,fn_repair_frac_1.00,55,71,71,0.0888991080682546,0.5563674018925204,-0.0460241153068888,0.4317922288824518
opennlp,314,fn_repair_immediate,55,71,71,0.06691669727822883,0.543175507589613,0.04755500017942961,0.5521475344014511
opennlp,314,fn_repair_at_window,55,71,71,0.10577135029993479,0.5228196221989148,0.1048722384483629,0.5934413718019038
opennlp,999,BSZZ,55,71,0,0.08064720670015317,0.5071698043735565,-0.0322414740518567,0.26179096115230177
opennlp,999,BSZZ_immediate,55,71,0,0.08903223680106132,0.5565504243958643,0.09297245161928339,0.5280219703282206
opennlp,999,BSZZ_at_window,55,71,0,0.09813675612051928,0.5015623420926709,0.022877200684040776,0.44352757544248156
opennlp,999,fp_repair_matched,55,71,55,0.03744748600897152,0.42415552706497867,0.1388712515276788,0.5449660458017767
opennlp,999,fp_repair_frac_0.25,55,71,14,0.08412115640883833,0.517935173994331,0.072991765410766,0.5162145908578376
opennlp,999,fn_repair_frac_0.25,55,71,18,0.11328641841148765,0.5518426580632011,0.07578767180551088,0.5265142771396588
opennlp,999,fp_repair_frac_0.50,55,71,28,0.06212985968944265,0.4804930212525259,0.1526293863832332,0.547963859118419
opennlp,999,fn_repair_frac_0.50,55,71,36,0.10698643879811191,0.5736580441530738,0.0440986729901429,0.49424643817322383
opennlp,999,fp_repair_frac_0.75,55,71,41,0.07014279982538875,0.47476465432781784,0.0903962053278901,0.5070776965709463
opennlp,999,fn_repair_frac_0.75,55,71,53,0.07041088924407636,0.5301579070426108,0.046203290655747464,0.538018898887541
opennlp,999,fp_repair_frac_1.00,55,71,55,0.03744748600897152,0.42415552706497867,0.1388712515276788,0.5449660458017767
opennlp,999,fn_repair_frac_1.00,55,71,71,0.035227655016939245,0.5049527067458087,-0.05642692059275879,0.41364160720964505
opennlp,999,fn_repair_immediate,55,71,71,0.06361059182800398,0.5412215687671132,0.02059800358893878,0.5189904048375623
opennlp,999,fn_repair_at_window,55,71,71,0.1170623620704108,0.5300980187545401,0.10593013987309087,0.5944111002891987
parquet-mr,7,BSZZ,244,93,0,0.06489761353451934,0.5064664640241969,0.34384519949109055,0.6898579441585877
parquet-mr,7,BSZZ_immediate,244,93,0,0.08968501247934672,0.5031492905397582,0.44046441210124276,0.7211152688776867
parquet-mr,7,BSZZ_at_window,244,93,0,0.06979280032977274,0.5016868650362556,0.03824271660015998,0.40755122009320477
parquet-mr,7,fp_repair_matched,244,93,93,0.0308401059591914,0.48697989516726614,0.3867452794824277,0.7352294350725581
parquet-mr,7,fp_repair_frac_0.25,244,93,61,-0.0009331635541773028,0.46588355326539954,0.22138988934732468,0.6420718489841973
parquet-mr,7,fn_repair_frac_0.25,244,93,23,0.0621703391662309,0.5047674225583961,0.28204887223995667,0.6632689528496077
parquet-mr,7,fp_repair_frac_0.50,244,93,122,0.04306947761000871,0.4861948043268738,0.09548611785686768,0.5498567381482535
parquet-mr,7,fn_repair_frac_0.50,244,93,46,0.08501489439946221,0.5253426002786211,0.29992070945974986,0.6931920381355592
parquet-mr,7,fp_repair_frac_0.75,244,93,183,0.0939540705115949,0.5348379994583597,0.11104028744369496,0.5763980801506424
parquet-mr,7,fn_repair_frac_0.75,244,93,70,0.0730955814512851,0.516975370572359,0.2829888344750368,0.6852818358148505
parquet-mr,7,fp_repair_frac_1.00,244,93,244,0.08153224933847099,0.5289905012010093,0.09800989111675612,0.5671490016951095
parquet-mr,7,fn_repair_frac_1.00,244,93,93,0.07345972004831822,0.5165961292829456,0.3501819944068093,0.7328524283869504
parquet-mr,7,fn_repair_immediate,244,93,93,0.07293899572204257,0.4930835279507154,0.327339392133912,0.7156987624185553
parquet-mr,7,fn_repair_at_window,244,93,93,0.14422629373347745,0.5346962982360629,0.29066763769814236,0.6815329800244805
parquet-mr,13,BSZZ,244,93,0,0.08619423392236027,0.5175561043200573,0.34721354316654585,0.6973877315159037
parquet-mr,13,BSZZ_immediate,244,93,0,0.054609935106286894,0.47461614580240197,0.13385590041400458,0.4631812449321334
parquet-mr,13,BSZZ_at_window,244,93,0,0.10096610842126953,0.5059003860122642,0.29692874742051034,0.6027968856777388
parquet-mr,13,fp_repair_matched,244,93,93,0.035450221316505603,0.4973903140872892,0.4156468848054766,0.7513177954660657
parquet-mr,13,fp_repair_frac_0.25,244,93,61,0.047165802245087235,0.5035276095109434,0.38656564692766926,0.736406779803822
parquet-mr,13,fn_repair_frac_0.25,244,93,23,0.04793952023525575,0.49843147272988936,0.09760384289467679,0.5509138018344935
parquet-mr,13,fp_repair_frac_0.50,244,93,122,0.016879719904637047,0.4844887004781846,0.2500114666273098,0.6700362438212677
parquet-mr,13,fn_repair_frac_0.50,244,93,46,0.07601901981921969,0.5173905750466049,0.3138309361177935,0.711687962813084
parquet-mr,13,fp_repair_frac_0.75,244,93,183,0.04023910766774886,0.4996354435389182,0.11809471348960265,0.5781445024923878
parquet-mr,13,fn_repair_frac_0.75,244,93,70,0.06434600896762045,0.5136016459280925,0.15930032183919454,0.6028273113018123
parquet-mr,13,fp_repair_frac_1.00,244,93,244,0.052608013107999674,0.5154040419611419,0.0874899358013841,0.5607384983711231
parquet-mr,13,fn_repair_frac_1.00,244,93,93,0.06431825638746229,0.5122701868294322,0.2803117172989297,0.6921761441845284
parquet-mr,13,fn_repair_immediate,244,93,93,0.054701067333407884,0.4848324777026548,0.3492004398684146,0.7288665564151283
parquet-mr,13,fn_repair_at_window,244,93,93,0.13650134345313022,0.5422253775403193,0.2585302143108084,0.652522532622367
parquet-mr,21,BSZZ,244,93,0,0.08394619345817332,0.518545836125744,0.3643007841858898,0.697636692006129
parquet-mr,21,BSZZ_immediate,244,93,0,0.10534224524735858,0.5108387701603013,0.44118897012907315,0.7216226280462291
parquet-mr,21,BSZZ_at_window,244,93,0,0.11812857956679755,0.5384535501317533,0.07574272691154955,0.43761039034811616
parquet-mr,21,fp_repair_matched,244,93,93,0.04332216559919195,0.4971160237738293,0.17609157231967867,0.6103254429345999
parquet-mr,21,fp_repair_frac_0.25,244,93,61,0.08416413105583254,0.5265577636796458,0.4007896528455689,0.7425388447016796
parquet-mr,21,fn_repair_frac_0.25,244,93,23,0.07510858411532306,0.5178120488016674,0.4112093988777113,0.7609946246371811
parquet-mr,21,fp_repair_frac_0.50,244,93,122,0.046488378516584404,0.49759757207587274,0.4014905894407409,0.747582958607223
parquet-mr,21,fn_repair_frac_0.50,244,93,46,0.0804923431998726,0.5162301801095691,0.16997646260888055,0.6005094260799443
parquet-mr,21,fp_repair_frac_0.75,244,93,183,0.08561323417427001,0.5327322655676809,0.1072696965900132,0.5737435850361043
parquet-mr,21,fn_repair_frac_0.75,244,93,70,0.08834886677803418,0.5231621957720963,0.3177824076228903,0.7117650607470208
parquet-mr,21,fp_repair_frac_1.00,244,93,244,0.0523856236842553,0.5145465423397935,0.09457062183032237,0.5662020009217565
parquet-mr,21,fn_repair_frac_1.00,244,93,93,0.08580651520418019,0.5188773120598968,0.37507493537004355,0.7436825517414118
parquet-mr,21,fn_repair_immediate,244,93,93,0.09422513911350609,0.5091699466411375,0.3106245628661582,0.709823872019926
parquet-mr,21,fn_repair_at_window,244,93,93,0.13757982969271423,0.5445389410169437,0.21585655373527257,0.6361207650676501
parquet-mr,42,BSZZ,244,93,0,0.07503187211685386,0.5153453211243072,0.27401867935142205,0.6852476797048815
parquet-mr,42,BSZZ_immediate,244,93,0,0.0911435433715026,0.5122283091219787,0.48124658327107833,0.7290080354140007
parquet-mr,42,BSZZ_at_window,244,93,0,0.1115948107251018,0.5232187095746745,0.09233529658809235,0.5012100556408451
parquet-mr,42,fp_repair_matched,244,93,93,0.028544273063326797,0.48575798475093307,0.18037211422089258,0.6168283525862222
parquet-mr,42,fp_repair_frac_0.25,244,93,61,0.012093025944427366,0.4753864220583127,0.16875033632103123,0.605395120724537
parquet-mr,42,fn_repair_frac_0.25,244,93,23,0.07583233784778812,0.5190203969194602,0.13718093034710857,0.5954041151030716
parquet-mr,42,fp_repair_frac_0.50,244,93,122,0.03782747318073729,0.49665038605817186,0.13946705928158043,0.5941330058766752
parquet-mr,42,fn_repair_frac_0.50,244,93,46,0.08351472187048563,0.522897996959888,0.33774061174441555,0.7165114464790148
parquet-mr,42,fp_repair_frac_0.75,244,93,183,0.09442037934828029,0.5321960410989454,0.35043418407038607,0.7238011161878485
parquet-mr,42,fn_repair_frac_0.75,244,93,70,0.04038739530325948,0.4978927048983037,0.15927162700897832,0.6034291659177441
parquet-mr,42,fp_repair_frac_1.00,244,93,244,0.07884989730429015,0.5336379764984406,0.08480470935768573,0.5588438646856577
parquet-mr,42,fn_repair_frac_1.00,244,93,93,0.07580846852986341,0.5129847670662915,0.27526437504267065,0.6864370941736642
parquet-mr,42,fn_repair_immediate,244,93,93,0.0848668040467255,0.506428699863257,0.32196797237477065,0.7178804087775618
parquet-mr,42,fn_repair_at_window,244,93,93,0.12963199818073315,0.5486029223700807,0.3125147524344604,0.7029741553091314
parquet-mr,77,BSZZ,244,93,0,0.08550721910016584,0.5187720628979968,0.25371700273448566,0.6705655853538801
parquet-mr,77,BSZZ_immediate,244,93,0,0.09733444738289443,0.5032552402249767,0.46695353129636763,0.7270378975643655
parquet-mr,77,BSZZ_at_window,244,93,0,0.11422092060084649,0.5287210491850113,0.2598598228294597,0.6418606742614168
parquet-mr,77,fp_repair_matched,244,93,93,0.03835360464678213,0.49444853690551704,0.41136033355006063,0.7471399217978583
parquet-mr,77,fp_repair_frac_0.25,244,93,61,0.03951321932754745,0.49114165246348407,0.3554233166697038,0.7071130234814185
parquet-mr,77,fn_repair_frac_0.25,244,93,23,0.06894966034380784,0.5107278925530581,0.34092312942239156,0.6984553474313001
parquet-mr,77,fp_repair_frac_0.50,244,93,122,0.02030264187040634,0.4766411959609025,0.39981946066259993,0.7399657063792229
parquet-mr,77,fn_repair_frac_0.50,244,93,46,0.0866101098405136,0.527630557558612,0.3161442402178257,0.7145922673730151
parquet-mr,77,fp_repair_frac_0.75,244,93,183,0.03996555035558576,0.49870001122560675,0.10518353238886928,0.5725136814549543
parquet-mr,77,fn_repair_frac_0.75,244,93,70,0.02615185760232273,0.4775942984037613,0.14157906447874757,0.5951762291114356
parquet-mr,77,fp_repair_frac_1.00,244,93,244,0.06543865055232777,0.5210620080644134,0.07946293264251271,0.5547767922540744
parquet-mr,77,fn_repair_frac_1.00,244,93,93,0.041813452298372564,0.49602489359323565,0.16594249485433182,0.6144348341073387
parquet-mr,77,fn_repair_immediate,244,93,93,0.11424060141931706,0.5248965351658222,0.31767934853846164,0.7141319985516881
parquet-mr,77,fn_repair_at_window,244,93,93,0.13589371003043052,0.5350735283552855,0.2780361631911625,0.6660826452746706
parquet-mr,101,BSZZ,244,93,0,0.06417688816427192,0.5037070892648016,0.3606059223571119,0.7002747591324188
parquet-mr,101,BSZZ_immediate,244,93,0,0.09772808819741854,0.5061820673075091,0.4605224782087862,0.7011817049402355
parquet-mr,101,BSZZ_at_window,244,93,0,0.13085729438688204,0.5467694294418326,0.12365722678479221,0.5100688476770057
parquet-mr,101,fp_repair_matched,244,93,93,0.045466047945081835,0.5002729050799197,0.41790094662780874,0.7529501708648507
parquet-mr,101,fp_repair_frac_0.25,244,93,61,0.06183196738286155,0.5096219658004543,0.3875520903890392,0.7119108703049988
parquet-mr,101,fn_repair_frac_0.25,244,93,23,0.08070204211745888,0.5197662251897388,0.15019729337581528,0.5780900352767585
parquet-mr,101,fp_repair_frac_0.50,244,93,122,0.033900436758289194,0.4954730974507961,0.1890450195837231,0.625306111554435
parquet-mr,101,fn_repair_frac_0.50,244,93,46,0.08670361633038397,0.5265350118792823,0.3598773715998482,0.7385689081794372
parquet-mr,101,fp_repair_frac_0.75,244,93,183,0.06632197773362927,0.5199403874134095,0.1404843360051985,0.5958077707189057
parquet-mr,101,fn_repair_frac_0.75,244,93,70,0.05238929289306447,0.5046244826469289,0.16499454574818095,0.6141545741065795
parquet-mr,101,fp_repair_frac_1.00,244,93,244,0.098250897379825,0.5485710034871464,0.14524169975917367,0.6011344259296167
parquet-mr,101,fn_repair_frac_1.00,244,93,93,0.07585615220107214,0.5202719724532668,0.2852245732291066,0.6888522434346522
parquet-mr,101,fn_repair_immediate,244,93,93,0.05595769498234693,0.48315380833903177,0.30220830272826343,0.706053341396352
parquet-mr,101,fn_repair_at_window,244,93,93,0.12622931385754535,0.5227546845305022,0.35649451044364133,0.729685084969531
parquet-mr,123,BSZZ,244,93,0,0.07494937182546632,0.5103751810105561,0.3383666232358597,0.6869815180865743
parquet-mr,123,BSZZ_immediate,244,93,0,0.12325776935377575,0.5256824300195856,0.45413292170443703,0.7230891500596269
parquet-mr,123,BSZZ_at_window,244,93,0,0.11014087489406264,0.5335575922766799,0.04837366462248192,0.42139196661136874
parquet-mr,123,fp_repair_matched,244,93,93,0.04677159958396639,0.5057494234116842,0.3980389160035741,0.7373556828206103
parquet-mr,123,fp_repair_frac_0.25,244,93,61,0.08974393368981266,0.5118798450687937,0.36961827992545326,0.7023960890659527
parquet-mr,123,fn_repair_frac_0.25,244,93,23,0.06818853152357364,0.5143136703707372,0.14310507780143475,0.5781209906042357
parquet-mr,123,fp_repair_frac_0.50,244,93,122,0.032982934074045206,0.4998496235650592,0.16412344314664243,0.6040632750585618
parquet-mr,123,fn_repair_frac_0.50,244,93,46,0.08895480227408188,0.5277780736934267,0.3094568120722842,0.7030947718661541
parquet-mr,123,fp_repair_frac_0.75,244,93,183,0.06288079746471245,0.5181498410407699,0.3108450681252188,0.6910949763375092
parquet-mr,123,fn_repair_frac_0.75,244,93,70,0.09104132537259015,0.5263169786546222,0.36032191863035395,0.7387556000038504
parquet-mr,123,fp_repair_frac_1.00,244,93,244,0.10434967199562187,0.549117942573258,0.1539429193202289,0.6072905726797662
parquet-mr,123,fn_repair_frac_1.00,244,93,93,0.05018945199952816,0.4988236714413453,0.14963234534957304,0.599245873058274
parquet-mr,123,fn_repair_immediate,244,93,93,0.09524246795994527,0.5102911470938563,0.2682434191372398,0.6825209834819743
parquet-mr,123,fn_repair_at_window,244,93,93,0.10851712839286358,0.5084655595004344,0.313358426464995,0.7001712454509526
parquet-mr,202,BSZZ,244,93,0,0.060344248362221214,0.504490254298926,0.3438433473234467,0.6906313269372831
parquet-mr,202,BSZZ_immediate,244,93,0,0.10243175549309184,0.514773706675049,0.484730098354421,0.7308918120071786
parquet-mr,202,BSZZ_at_window,244,93,0,0.1440933882717977,0.5554646162564394,0.33637662560987647,0.6371343559079536
parquet-mr,202,fp_repair_matched,244,93,93,0.04501212701278222,0.4989709345474281,0.3959674180210751,0.738019665188191
parquet-mr,202,fp_repair_frac_0.25,244,93,61,0.03447284322121255,0.4994543853057808,0.3507453976834115,0.7010617242647456
parquet-mr,202,fn_repair_frac_0.25,244,93,23,0.0824977303400971,0.5240107043111493,0.2897653358064774,0.6957899799140913
parquet-mr,202,fp_repair_frac_0.50,244,93,122,0.06585088387120572,0.5169634312460966,0.3952699138175976,0.7452899699930955
parquet-mr,202,fn_repair_frac_0.50,244,93,46,0.08194400295233713,0.5241707005326743,0.22847910395185378,0.6563390155917983
parquet-mr,202,fp_repair_frac_0.75,244,93,183,0.05555343451298351,0.5160963650690541,0.3662848962989026,0.7347670649188099
parquet-mr,202,fn_repair_frac_0.75,244,93,70,0.06983710034269927,0.5168033460738666,0.31866991170544073,0.710076514733498
parquet-mr,202,fp_repair_frac_1.00,244,93,244,0.07201028713989238,0.5287086451697641,0.08047597008666664,0.5556870964593914
parquet-mr,202,fn_repair_frac_1.00,244,93,93,0.06199697249783161,0.5113697161720049,0.25392378767191365,0.6733245915224869
parquet-mr,202,fn_repair_immediate,244,93,93,0.08358539874398471,0.4980993395008424,0.3474415142717451,0.7281737989803743
parquet-mr,202,fn_repair_at_window,244,93,93,0.16209837334596522,0.5659216725579204,0.32452096026641364,0.7040285091136126
parquet-mr,314,BSZZ,244,93,0,0.0864764544573955,0.5207433501968558,0.37488565250924444,0.7048402423233117
parquet-mr,314,BSZZ_immediate,244,93,0,0.11980480265600701,0.5192291485821997,0.473959794889339,0.728430614387623
parquet-mr,314,BSZZ_at_window,244,93,0,0.1266761620414249,0.5516877780834883,0.1640009845988091,0.5473784785481788
parquet-mr,314,fp_repair_matched,244,93,93,0.0387192033983115,0.49465784404119656,0.407422833136892,0.7503197529223192
parquet-mr,314,fp_repair_frac_0.25,244,93,61,0.04976929313273882,0.5023059225560094,0.36993855156715116,0.7130895650023508
parquet-mr,314,fn_repair_frac_0.25,244,93,23,0.0526599583919927,0.501573343303125,0.3178198785596007,0.6907501667256721
parquet-mr,314,fp_repair_frac_0.50,244,93,122,0.04213078939438389,0.5099038494339528,0.39973668497137693,0.7400429926048379
parquet-mr,314,fn_repair_frac_0.50,244,93,46,0.08013392750623179,0.5124640077505025,0.3537211577687189,0.7142197093477827
parquet-mr,314,fp_repair_frac_0.75,244,93,183,0.07035725870465821,0.5233500260340223,0.09122299392468598,0.56056439111759
parquet-mr,314,fn_repair_frac_0.75,244,93,70,0.06752542473920398,0.5126622932838917,0.33361007402532034,0.7273222701383606
parquet-mr,314,fp_repair_frac_1.00,244,93,244,0.10053701854719672,0.5455275587120533,0.0915185730568196,0.5622298485633962
parquet-mr,314,fn_repair_frac_1.00,244,93,93,0.06125025903045986,0.51127733068464,0.25464401810335274,0.6746525622039838
parquet-mr,314,fn_repair_immediate,244,93,93,0.10506265460887351,0.5153340212391417,0.3275143457784325,0.7209487426822082
parquet-mr,314,fn_repair_at_window,244,93,93,0.16428613382223428,0.5758147933730687,0.29468164560692783,0.6766788114592155
parquet-mr,999,BSZZ,244,93,0,0.07523081986072626,0.5123240250852729,0.2592697141203569,0.6755291075093077
parquet-mr,999,BSZZ_immediate,244,93,0,0.10618434534831794,0.5054163777896716,0.43989300480288795,0.7203868669811515
parquet-mr,999,BSZZ_at_window,244,93,0,0.06521243881509098,0.4813601639208656,0.11619612584625612,0.5226377813658815
parquet-mr,999,fp_repair_matched,244,93,93,0.0498660623764894,0.49904234687025834,0.18711492102091698,0.6175086086068785
parquet-mr,999,fp_repair_frac_0.25,244,93,61,0.03654048626390095,0.4836518450681948,0.1197758332937928,0.5661384907549174
parquet-mr,999,fn_repair_frac_0.25,244,93,23,0.018619121632769634,0.48492795596742827,0.10224415543260935,0.5433848147313367
parquet-mr,999,fp_repair_frac_0.50,244,93,122,0.050370591490400206,0.5005699955610727,0.3840333105186728,0.7416787979090114
parquet-mr,999,fn_repair_frac_0.50,244,93,46,0.023257353329369856,0.4900197613308533,0.35250661601879674,0.7278789661270629
parquet-mr,999,fp_repair_frac_0.75,244,93,183,0.08860638884303143,0.5320600943796668,0.1487487209411265,0.6037766339371611
parquet-mr,999,fn_repair_frac_0.75,244,93,70,0.076059732516243,0.5167363789132516,0.3422558971268135,0.7255330586373916
parquet-mr,999,fp_repair_frac_1.00,244,93,244,0.06590778549460484,0.5275893025285298,0.09448971585529974,0.5652756397489392
parquet-mr,999,fn_repair_frac_1.00,244,93,93,0.07917417804948206,0.5204451179336932,0.19856928108039903,0.6251414409930718
parquet-mr,999,fn_repair_immediate,244,93,93,0.08414453895663661,0.5034094279550382,0.3348012300668165,0.7218445400624635
parquet-mr,999,fn_repair_at_window,244,93,93,0.20079244630701168,0.601849360835899,0.19380983383714828,0.6168767899214112
