project,fix_commit_hash,fix_author_ts
ant-ivy,1b84f2ee7a41e8ab12faa73130187763ee5858ea,1512645955.0
ant-ivy,30c217ec400b9175e9490807748ec3e48fe2ba22,1512471456.0
ant-ivy,4e2846d5f453b1190b1a6fe73e804ec726d072cb,1512468741.0
ant-ivy,d86ae886e0f261171ab9cd73f867d86bfcd84d3e,1512465456.0
ant-ivy,06005610265c342b52051b997a43ad6e963c5a0f,1510336939.0
ant-ivy,ca7f64f016d8354aecd38ef73405e1b3267ca791,1510336865.0
ant-ivy,1f3dd9ff8a4f8302eb4c0bf4072d2bb7d8aeddd9,1510336817.0
ant-ivy,c947676916c99f2feb5e183aef9629a1b21d863f,1510336741.0
ant-ivy,fc8ef4d22c95b13b907ed14b19cea8ff5fd1e653,1505366804.0
ant-ivy,08fc7320de07cc41318fc7505a2f3ccc2a6b04d4,1502122403.0
ant-ivy,b691f81b482175665b45cabc056e58ab0df03ff8,1503682006.0
ant-ivy,463a2c89c3840c35ceadd786a6b1781e0e8fd5a3,1503117877.0
ant-ivy,f4237388ea9b93278db12a43c9db9f18e51b6f7f,1502103838.0
ant-ivy,f0e8d41fc8cc746ba9b66b72646db6bd8b25c6fc,1501211376.0
ant-ivy,40708bdf04dae6aa49bf8f3617f2efc16c83c5f8,1501073811.0
ant-ivy,d4c3cbccaf05beeb11712294ef4dd0af25d9d0f4,1500755700.0
ant-ivy,585a702138f1cc87df3b41509cc42ad34b6acd62,1499846715.0
ant-ivy,d0f7f364ff959a69ab961eda69956bd42bc17815,1499383896.0
ant-ivy,c871265452e473224b3cf4f0f66497691b75d7b7,1499074998.0
ant-ivy,4b6e0bd179c5f728761c953249b6dda4d33fe18a,1499073721.0
ant-ivy,fb3ccf60e9a2d55a1abe8aafe38e45861e7a8eac,1497375337.0
ant-ivy,8b9f2d5177c849b37809ab38035e1d757d963314,1497077804.0
ant-ivy,95a524ea06e546330ec3d95b9c139b7edc599b86,1496455484.0
ant-ivy,2f757454dc41f4d130234aea68b348da4f12a0fa,1495527339.0
ant-ivy,9ea5c69bda2ed1ec0c69c081e91b72dcf6a6e81c,1495118561.0
ant-ivy,36e99429c22af17bcc3ecf6031ed531055aaada2,1495778635.0
ant-ivy,da69323b29fe8e373364b9399bc67523dcf2af62,1495251797.0
ant-ivy,850a888c546bab897542a2d89ff76ca9debce0ee,1495086924.0
ant-ivy,539e1ee1d68c27defd0aaad09a1a0b68e059de96,1492631108.0
ant-ivy,d19212c03ec7eb82e37e11746bac7a064738b686,1481129018.0
ant-ivy,7217b9d270e31fe1e68803c8e25b0a03869f1556,1478652528.0
ant-ivy,7b7b37726fb328a6d796b64f2947689c6a8eb3e9,1478649396.0
ant-ivy,dcde20001063fc25f622e4b1c7775f735a7255f0,1422224710.0
ant-ivy,83fcd3e1e220b9f3aacc63aeb4da0a898684dd0b,1421963459.0
ant-ivy,05b14fd01e43ab8a385bcfb53102a270ef2d9375,1421597934.0
ant-ivy,56c04300e8f05bdaccc2ec60fc751c09d86b7b68,1419688916.0
ant-ivy,3076802a78f14eb1b4f23831d5a1ccec79b26554,1403814414.0
ant-ivy,3e5c9e3cfe8588f85ec8dcab879c1371901b94ba,1400793144.0
ant-ivy,2902a9a3c07e881dd7aeae0a55189facfab1966c,1399356990.0
ant-ivy,8d851390736dcb916646b043a5ed7ff8f212e37c,1399319573.0
ant-ivy,c66b23747627a2b432e0068561d457cab9f97ead,1398622790.0
ant-ivy,9e85ac3f0020165b008c111682e47c1cc135bf7d,1394834697.0
ant-ivy,badca06dd1c70207215c7186a31955901b637661,1389547977.0
ant-ivy,5db07bdcccf727ec50d8d7c85740b52b3c5ae362,1389545620.0
ant-ivy,5d5f09ea371d19fdd9e487a5ce45a26f97fe9b3c,1388918266.0
ant-ivy,198e589e62f687a91d4c27057ebad918e9f9bf3f,1388336796.0
ant-ivy,b7e86cdd772cc47a031d187b79d075af8155c2e0,1388336751.0
ant-ivy,6bce493e47fdac9e64a9ae1cb3c358f31975a43a,1388092885.0
ant-ivy,37787b96ab21fc226ff267aa26ae58a58b2d20f8,1375021522.0
ant-ivy,39ee22556bb13ec9ac64bbbafb94b1a042058432,1375020576.0
ant-ivy,d6a354e203e4901d3eb6a36b3aba620fdb222da7,1374592965.0
ant-ivy,81c40b9820625d3f529b116baf6b4a3d45dd2f75,1371240171.0
ant-ivy,58f50814635aca8626c8628ab49891ba7e2226ec,1362094365.0
ant-ivy,8c5a4a7bafc3685d433ee277fad060e8b046e920,1362091844.0
ant-ivy,64a64f5ef90dfb4b3b862d0943437f11e35db938,1359671900.0
ant-ivy,33753d4afd864c8db0044420c642b8f0c3511756,1356045100.0
ant-ivy,01ecd7c66d6965ad54e0180c822e6a5ba4731c10,1355172965.0
ant-ivy,fdb75911387f77912c37dcee0af4a2f2e0977f3c,1353617071.0
ant-ivy,42f704c86bbc636c314bc6dd6d20947055f3a56c,1351109612.0
ant-ivy,e58b5d453fa5bd658522a2b0355b2bb3597b6320,1350330596.0
ant-ivy,6526a5e83c1fb9644da34e44fdc5a3bb8a357c84,1350314787.0
ant-ivy,ee6ae79be8d0303db4bf48a948bcaee46b329fec,1346324597.0
ant-ivy,2499f70cabfc8d17f2c6de124a81fc0940a70fa9,1346187062.0
ant-ivy,50e133fb2078edc9abe79fda3b721eaf28409ce4,1346166552.0
ant-ivy,d6c57d547c4c0ed26f82bb20966780a136a55ad7,1345760460.0
ant-ivy,7df11e15457e8d8bf4e5730d20ec2412c429e091,1345594447.0
ant-ivy,a759e78d4d486c05044204391b3037b7db052fa7,1345587366.0
ant-ivy,0ff7c091143e8326eb88dabce078ca76778a587b,1345579629.0
ant-ivy,14d6a09601b68f60e6b18142b597a6890e5d581b,1345577645.0
ant-ivy,b9a22fb6f6f460287993d3cf087ae5ff036a6c21,1345577283.0
ant-ivy,ac11ad359369119624b1733fc3d242f03d941a8c,1345575301.0
ant-ivy,1c4f7bde1c8f7d8c0e09484daa626fa4f40e38e6,1345568329.0
ant-ivy,535cbcd9f20b29b3c5a5d69f654cde57969b3788,1345561067.0
ant-ivy,f65e9aa63f8f266023a986507834585a9580c555,1345560586.0
ant-ivy,660431cf4f7e2bda887a0e35ad3a76bdccc14110,1345559424.0
ant-ivy,4be08392978de39ffedf1688041bbf546d7b3a28,1345499313.0
ant-ivy,52811ea2077918a08c10634f3665972378781463,1345443460.0
ant-ivy,d964c73d749538ee7ec7b3cbd96a2ff1dba201b3,1345414615.0
ant-ivy,e80b85d504ae9fb64b8cff4f05bc3a3a4ec8f716,1345414536.0
ant-ivy,f11bd7cbff7ee68afa55dcc6baec97b2adaf43e1,1345413305.0
ant-ivy,0b873b95a840f8cfdb51f4ceea3b524d46d20715,1345412785.0
ant-ivy,423b7ab26233e24cbaf6aa21f2fe97b7671d1341,1345393042.0
ant-ivy,ce8cb2ab13dfe6b68fc1ecbf7ae0f165e51014bd,1345392854.0
ant-ivy,fe96b3bb16be25bf936daac1d004e579f1ca770a,1345391900.0
ant-ivy,a2d367db9446287c22821f6595217ec5180ec959,1345391533.0
ant-ivy,275870d751f909ed771ef6c1dbfc547d7cf106a8,1345390645.0
ant-ivy,371dfcceb69200fd4105b5d60f2e0cfa57f7ca7c,1344892239.0
ant-ivy,46dcd98ceb70720f96d4cfa23b001ff108bdaebe,1343977679.0
ant-ivy,83246a74940203e6c4a45ecf077df3c7c82d02c9,1334523202.0
ant-ivy,3f832070401696af2dde3e4bde4b02a01de0eab4,1334252210.0
ant-ivy,ed1d3ed21c2269267bc6b02ec33024221539a6f7,1333955508.0
ant-ivy,9fcd616fe5790778febb79d50c7b297b056877a6,1332801910.0
ant-ivy,63b85e9c1489baed177698da20ab1cead3065cee,1332544301.0
ant-ivy,65a2a7da3ec5a9c41a6279c55d7b8a2c239bee56,1332541667.0
ant-ivy,07c9c444e32dde52db91af891fdc5249d6bd3318,1331109839.0
ant-ivy,22dd74e245b5ec3a5346b8bd20f73a36f9572bb3,1331072432.0
ant-ivy,5e0edca229ed9f54e3ca25959943c64b4b3d33f5,1331029559.0
ant-ivy,815fa4b995f7ffe7fa789a9ad34b72d32fc417c1,1330843194.0
ant-ivy,2141afadd2b78d6907334d22edd4c5bb59616108,1329953866.0
ant-ivy,58588fd7b8b911478d5e9caa0f078f58cfb7c552,1329548000.0
ant-ivy,1cdfff55e5ac5fd4543f2f4e4df77959e5fdca42,1329430813.0
ant-ivy,49ac3477d6d18eee53d40d0d0488a319f07c634b,1329261531.0
ant-ivy,425c28f75c8a7b7b81cd635ce8a95df4f99cb163,1329259253.0
ant-ivy,82fae244b7e1b29328557e6ad6965b54bb12e4f9,1327276780.0
ant-ivy,935b93acaac2362a760b24cb5a31cf36f1518779,1326654436.0
ant-ivy,bd0aac4761e55f7923a93ed2e085d317378c8af7,1326654241.0
ant-ivy,a4c635e4df33a03128ab571280d5ad241155620a,1326651455.0
ant-ivy,899f9fd0a9690581f33a715bb5f000397f1bafef,1325709670.0
ant-ivy,187236482a6ac872135dc7544cf1423cef5fb1d9,1325462558.0
ant-ivy,84fd1dd099e6d44cdc5a2d6718197022f257dce9,1325427949.0
ant-ivy,701169f0970307654c46511a7cab978ab027d90b,1324838820.0
ant-ivy,d79783b9ce9d041bad4f2264c6f62c4c33f6f218,1324712588.0
ant-ivy,40ad899b1073eaf65d8c7ff4b4d12ea420ea6740,1324711372.0
ant-ivy,965ab18ee1c896884b38b332b6bd26ce98ad04d5,1321214121.0
ant-ivy,f1dab549180cf947cb7560ffa63787647d0403e8,1321213957.0
ant-ivy,a934ba943d444854028898ef166f6843c14feea5,1321101647.0
ant-ivy,0f794328d8da5461546fd8ad4104a49fce2bf7b1,1321100990.0
ant-ivy,15e9953982d2a81d507d37ab1ab6f9f43ff4a2b7,1320490031.0
ant-ivy,069faaa38e39e9877299a35c9af3a0854e20ad26,1315165023.0
ant-ivy,2b720c7df037fc7d9b1b83d3fb6cb12edc6e8ed2,1314738903.0
ant-ivy,e0aedbbca453cb21d3fc847a36e498441d890f0d,1304027490.0
ant-ivy,523d0f70d18b5496008c9063b9f6e9321877d574,1300230676.0
ant-ivy,f46912fffed1e9800d0fb193b37df5f93b1436a0,1298099702.0
ant-ivy,a6fa9d28add20732380326f397051cb89454c55e,1297898453.0
ant-ivy,96b0944fe42f5b3333c17e545b1146136f680cbf,1297777739.0
ant-ivy,0ba051ea68b2f9fb4075b3879c0eb48f9e06f6b6,1294472804.0
ant-ivy,f91eece7131115bbc3ae0a38ef6da5c091a70955,1294426799.0
ant-ivy,3222754b7da18c32492e5678a016bcb7fa8d7faf,1294268107.0
ant-ivy,80729089051c99ba0935026619cb212d92e4339c,1293141552.0
ant-ivy,a61ff9c166ca0a76b7eacec4c35fb6634de13e86,1293056312.0
ant-ivy,9314fbf1967f5cc50ce48ada932a9ce9f7fdb507,1292971794.0
ant-ivy,d3f54f4b01b72367a8bd32de705ea2bd4c8844a6,1292842645.0
ant-ivy,3ea778c10ad16b8eba30a33d08d70dff1fdb20ef,1292370079.0
ant-ivy,800168f43c01b74fbbd203e45b0ef289e4847319,1292368328.0
ant-ivy,de2468ebbf96f10c55271498226024a8b89a4c80,1292251161.0
ant-ivy,9e8b39706331dc4d9c9d4dd55c667b55a7aee842,1290175937.0
ant-ivy,ffd4bc6027a4276a156f6c783158718e9eec88f7,1288195233.0
ant-ivy,9e6d96f9458849508c37159187e214e804bb41bd,1288195196.0
ant-ivy,555f2fffcc41067c05f9869afa4bb20158e0002d,1288195140.0
ant-ivy,6ab9d41e3e9fac941966d877e57f54b49003a8a4,1287438521.0
ant-ivy,2dc3e2207a1dc877cf6c559441dc686ee24a2240,1287306147.0
ant-ivy,9ea96f02662dc2f862211a0c8882daf3a59b0b90,1285711282.0
ant-ivy,8eef77b6fed7879f76ab660adde246417dbce2c5,1285273673.0
ant-ivy,b852c5bca696b7f971b3240ec8244f4e537f90ec,1284674606.0
ant-ivy,f91681674db59ece9b273e369a247d8be7e4f538,1284069894.0
ant-ivy,2bfee6575196aefc235ba48880ccf867542303fe,1281645571.0
ant-ivy,03be6a16ec7561d643c1d3d91eb31e30514c45ad,1281561540.0
ant-ivy,d7bf725a0142468f93f46486f266cb31155daa1f,1281388278.0
ant-ivy,2521f29eb6a72a20f339d3ae0c446bc617345eed,1280702039.0
ant-ivy,6d4b512cb151446b90874d5046ab6833904f5bfe,1279486590.0
ant-ivy,98567abad2dcb89c3e428efc0696323dd0b87319,1278452430.0
ant-ivy,0a000800ef687ed1fa87ecfae1a1c8e5d89aef81,1277588990.0
ant-ivy,75ab5e6bca39e2785f4638365c7fa94a9875f7b6,1276552151.0
ant-ivy,78eed5e04be1f01d7fa2c112ba5a1fd25e4d7241,1276378792.0
ant-ivy,2e96cd40c91e1b40196d0d50a9e9c36e04b8465a,1276118091.0
ant-ivy,c54a68625c1fd6ba7c2928b3989e2fcfd6d13dbe,1276117052.0
ant-ivy,fe1cce3971c9e99da1e690d9221e56e882615bf9,1276115880.0
ant-ivy,7f640b0badf5106821908fcae610400849cdccc5,1276108835.0
ant-ivy,37f373401c3fefa832be0d52f617f0711b0bb831,1275339430.0
ant-ivy,cfe5103aa591a6d61f7410dee26652bf3c91b642,1274997414.0
ant-ivy,a649121829caba9008b56ab2102ca7a0501bb16e,1274646193.0
ant-ivy,1a87d170d4cde56b5a956d29f178d28e1cd398b5,1274393012.0
ant-ivy,a576d13e6bc0a26862a571e670336a86e77906de,1273785784.0
ant-ivy,c4355851dbbc6c232ddd228e7e724a725783fa92,1271886059.0
ant-ivy,b2cc472f73268ac1205e2b90038205ea931b7fd3,1270586131.0
ant-ivy,91cb40361e2cfc7525deb063b48db0e2e877e509,1269979315.0
ant-ivy,b62c3ff93e214fc7487f9bf5d56bb94c5e86c177,1269979173.0
ant-ivy,12f7e823997bbc9c13fee3942cbee3efbbd34c96,1269296044.0
ant-ivy,1662de3263f7c947e83058681c34002f1215b99d,1269293091.0
ant-ivy,32755c5deff7c1076ac9f12e6a5b5172089ee109,1268947502.0
ant-ivy,27671a8bcd25de274c664aabfff6778ebc29af52,1268607120.0
ant-ivy,9221fca35c924f51d9697464da09132d04218579,1267228354.0
ant-ivy,d266b61eeb83d35b7ef3527b6e491be68a7fc4b1,1267227786.0
ant-ivy,c66246c26429180e6a1d1a92499b8d2b637790a5,1266878274.0
ant-ivy,c819598e9fb2ce0f2e7cdfe26b084f582bbee0c6,1265841280.0
ant-ivy,eac471eefed0baa2546d98a089d185b41199d9db,1265839289.0
ant-ivy,7cf7986513f063bd1a7e6aa67864195eb7630f04,1264342508.0
ant-ivy,fc939bf6838f4bf986e0b42fddee3df6712371a5,1263290956.0
ant-ivy,38c1f13e209bb10b10e7a43a8b98196ab03819c9,1261785254.0
ant-ivy,d56d0309fdc03ccd3d7b05e7c32cb3d3202efab4,1261481318.0
ant-ivy,d800c7e47c66b6b80ed19c7fb2b27d0b8b987b40,1261436820.0
ant-ivy,26c458f09bc858537d02b3749868e8318b167a68,1261167888.0
ant-ivy,47e26f11f0901db6f132a3328b64dfbcc459a7a0,1261003393.0
ant-ivy,520727d31d1094579836e641f8bbcca4095f4921,1261002545.0
ant-ivy,82aa33b5464fae8a107b9c72398aad5853e62f30,1260229058.0
ant-ivy,90d67e1a920ab4ca35191bbee14838f68ac04391,1260228985.0
ant-ivy,2509784fe0def992faf31c95bcb680f749f90cb8,1260228877.0
ant-ivy,4bd9a6362a852d8a066c006ae3bc5a1f517ac82f,1259871023.0
ant-ivy,e2330b08a64f5e91e4f6526c940b1d88586d608e,1259788401.0
ant-ivy,beff2feb9d015b7e34102e378f47eaface5c7023,1259620517.0
ant-ivy,3ac3caed42aafd0b82e33cb172e69339bf9e071f,1258928339.0
ant-ivy,46722e306a029ea5264004f5d2b2784757a2ddc7,1257205749.0
ant-ivy,0d7777b3a9549cf48a7c29bb26f5f8b537897d28,1256507056.0
ant-ivy,31fd31d27c662f225c9d0045f4d34a90b4d9a3e3,1256336524.0
ant-ivy,f853d15e317bba494d3ec81ee4bd0414440a6161,1256335760.0
ant-ivy,05712301fc723113436c12d59aafeda4097105a3,1256323360.0
ant-ivy,4d3836de333498e6efdb11088b984ca28430f1a6,1255779172.0
ant-ivy,759457498f6357d36ca4b50aeb515994385445bb,1255643585.0
ant-ivy,827ac04016981e94ec4f42cc3cabc20592ec4d2f,1254683934.0
ant-ivy,9b5d693d74b3ff5612d468e29534601d0bb9c642,1254518197.0
ant-ivy,312c2518aaaa70bf76ccbe2b719c51e93d46bc50,1254437066.0
ant-ivy,771f3bd0fcdde9bb5b7aa760adfead2d5da7a43c,1254434097.0
ant-ivy,8e1addfc56ff9b554bfb00e28ba359db28c075fe,1254433414.0
ant-ivy,d3ecb70f56f0324b490e7d9dd3189c8369e48946,1254432706.0
ant-ivy,8b57b6e537a9f37b70b769ebd9d6d44130c5c0ad,1254262308.0
ant-ivy,3fef1a85b54dac28bdc63dabc84b27be78021cc4,1253915625.0
ant-ivy,8d340a008767c5d954b7539e825b4c90eb15ab9b,1250590490.0
ant-ivy,5f7d5690a97b2ad95bbe381695638f0c7ca2c4ff,1249594193.0
ant-ivy,f7acab1f6c720cf0588fee9aa5f01f6d3000f6c3,1249282750.0
ant-ivy,8af923c22d837f34834fd50d0b05eba8ed0d1a54,1248905714.0
ant-ivy,c9b1f2d6422803573c73c08d94186eb885feaa15,1246427738.0
ant-ivy,53781f3fd876babfacbda0244b7507df53706c27,1246314830.0
ant-ivy,be37ea80c0d982f82b642ca8681c65add307cdca,1246228869.0
ant-ivy,c585c5a536b769af24bbf68d81075c163504c2bd,1246057282.0
ant-ivy,d1e97bc85338c563f4f732bcf917a08b3cbf4792,1245969760.0
ant-ivy,7bedb79cd6928f2bba9159d9a35d462adb8ae9b9,1245969413.0
ant-ivy,a0f5b1b4394a0a1cd2fd0ed8491d138a1cff1e3b,1245749336.0
ant-ivy,2d5b2326b24fc18ac3fbde0bc01ca1def85e1b29,1245362049.0
ant-ivy,79ee424b36cbc489b3bef05f6231e81d05f0b5e0,1245357079.0
ant-ivy,ebb65f0dc2e7ae6099f40837bf7c78f1e12f97de,1244582878.0
ant-ivy,b0caec70e581053c92e81a15d3f130a089d8471d,1243389887.0
ant-ivy,08cf1d1fb517d9778fed6e1857a2b71df5c368be,1243351024.0
ant-ivy,c9e19e298b4855ac4f94a140083bad67176364e6,1243204229.0
ant-ivy,58a6a3d6da7eade179deb2f547e576b2f6db324a,1240229521.0
ant-ivy,d282711600f0af14ee4b165d886d30eb3090a383,1239918750.0
ant-ivy,be2aa80bc371d600ab2230c545051ea6454577f5,1239830837.0
ant-ivy,4fdee25cb29429dbec0a2523253c059df101465a,1239399334.0
ant-ivy,9b5e9fdd591b6d3d628780c2af0ba428b0d6ef63,1236547972.0
ant-ivy,0642a6f1da5e8e6b9d0d44090eee1ee95de4e19c,1236295061.0
ant-ivy,aae0d3d15f12d70aba17b99647642e1cf539b981,1236202739.0
ant-ivy,40aee3954ff7fbb9db6b367ae63e6b05dfa6199c,1236117388.0
ant-ivy,b29a54de898c427355637e3060083255aadade17,1234528751.0
ant-ivy,aeb410f6c22ccdffe0ec7bde2a1b86e7a2e4d2a2,1234525188.0
ant-ivy,5e5049921c71abccdd04cc4b6d97af8c57f3e631,1234306005.0
ant-ivy,67647ddcf1c42762dd7bc6df83ba951edad1ce93,1234303335.0
ant-ivy,8962bc40f7843e109f679f1cf869338566579b58,1233783065.0
ant-ivy,ac5fc2cacdea64878aa0bb9c0c397d45caff9f63,1233781926.0
ant-ivy,d6c20fefe00288ccaf073fb4eb8acdffe71bc6dd,1233184445.0
ant-ivy,79535f59ac3f38f6d03d307c7ecac1d9bcea9fa7,1232805924.0
ant-ivy,0309c6333348d91761617c81f1ee757480eda7c7,1232794840.0
ant-ivy,d6be67b284ad5c950af2b5008d0124207e92434c,1232003787.0
ant-ivy,db2ccbe53689c54303b6498eb63ad8c7d9c66777,1231968121.0
ant-ivy,22cbde0e563f8578c10993fe79d15024277fe39c,1231799876.0
ant-ivy,db841bca384a29d5b8927ad7e8f550d2d7a22225,1228337445.0
ant-ivy,c412664d0c53b4e7d83fb2604722681a46df15be,1227648711.0
ant-ivy,a48f4888bb5b0a124bd2b997d0405fc59469b18e,1227564467.0
ant-ivy,7972f1ac1b85a5174c9f293ad98abc87edfe42e6,1227479675.0
ant-ivy,cc6ce27331c5495748b4e8f57b113a84f2590fe4,1227216097.0
ant-ivy,e20dc6a9b4c38ca97beea0f2d0d977a863931ad7,1225783168.0
ant-ivy,79e8ea94db5f613b1d0d69bffb45eda968a41f04,1225749055.0
ant-ivy,cc06ae9bf7a1fb6cee46c40d2a6388ac05d3f5d1,1225320682.0
ant-ivy,71ea6c7ca9eef1d592312217d3c523f244b2d4a6,1225319585.0
ant-ivy,1804ef88b289afbef3809c91c44fdc7b97a463f3,1224803770.0
ant-ivy,4e52d16c4cf767f488d4e3265019d1fe03fda4dd,1224623037.0
ant-ivy,fffe2ee6cd3b67aabb36f656f47f09591bc355e2,1224617175.0
ant-ivy,959cb4977a82c3e597282c03a85fc7d9cce69844,1224543263.0
ant-ivy,73c4065d785fd25e363077e735b96b02fa64b810,1224542713.0
ant-ivy,abd0b37f0a553de2b64f3d9379058e7747939228,1224541609.0
ant-ivy,c342635a4694995e4eaca74d8e5eff81a7e5d2e7,1224539235.0
ant-ivy,1a0852ffcd26a6ed2345b82a98107c27a1cd0d2a,1224280513.0
ant-ivy,46597c63e3d1f57c72da9c37e012d14bbaa8824c,1224099240.0
ant-ivy,143f014f4f793ca5537db577636d72a20a3a9943,1224012491.0
ant-ivy,fcff7ed74d0482eb60791adb0b82c2ca00e1de59,1223934146.0
ant-ivy,4708138cb7de377a96fe17288a1daba43d7c8357,1223326953.0
ant-ivy,9c831fa54599e7f4465a09a60e487c4ba4127cfb,1222978799.0
ant-ivy,9f70cf9eae15b96483b9f2daffd7d2b0521d56e9,1222934749.0
ant-ivy,def1380280b9be6d166d3938ea4b0254e9b55dc9,1222897931.0
ant-ivy,cd19bdef4200a0d04edd438dafb07f0b29aa6076,1222896071.0
ant-ivy,86b9dbd0254ac20a450c8b42949020074eb8b60a,1222894857.0
ant-ivy,42d6d4f0a8fd700b6c802ea6c0a1915444e8dd64,1222872618.0
ant-ivy,5fe1d584d0be0dfa750259944fe81d43d8f8e095,1222872099.0
ant-ivy,cd9f86bada5c6016badedb214c0b929ebce90271,1222806855.0
ant-ivy,f3539c7eb312b127122084279002d3fd238c9a17,1222728432.0
ant-ivy,a92e3e29b6d5ce11b16c0a0a6437fc246039b7e4,1222460170.0
ant-ivy,ee3e3655ae6fa240777c5a532100279dec0029db,1222292502.0
ant-ivy,821a3ddf69bdbfdab5aa9f3ba9f99b30ea63dcaf,1222203433.0
ant-ivy,8e5ca50b8b5f47f3fb41fab5db07b9d7805628b3,1222200184.0
ant-ivy,f1c7e5c7c49c0ee8440234194aa6c68a6cff50a6,1221595008.0
ant-ivy,e7ed0e61fcd9a53b1ee451f87d834e28e9ee5106,1221593113.0
ant-ivy,48055baa938695fa302fc8aa51a5a2df24c73fe7,1221470233.0
ant-ivy,c919633331c550f5739c9495cc83411c9269cf3c,1221468897.0
ant-ivy,7376c5f6778693e74a3dc17da01ca3f40ec12e23,1221249525.0
ant-ivy,eadc1e3453c249e30932f0be29dc55088eafd48f,1221085506.0
ant-ivy,951b253fc38c09114d0fe273a3758a15c151a8b4,1220733168.0
ant-ivy,8174a5bbf55171a1add30ebdbf922074cb731b6a,1220508480.0
ant-ivy,6e710a1f78a4a733020a4b2d1f07b6fe4c6684f0,1220386418.0
ant-ivy,b1cfd88a8c23302077bda847f4da7f0b5fc59ec1,1220373196.0
ant-ivy,aaa2583f35f67f2a2c8d3381cad144cc7ba39f3e,1220305955.0
ant-ivy,cf0b494e4d528e9e514aba908d68bdfa1f844cc1,1220271009.0
ant-ivy,32038d1bde6ac8ce2a8583264b5d419d0c32aad3,1220027043.0
ant-ivy,cabcc7ce1d2022e9a248d3733ec7868ff6a84946,1219839072.0
ant-ivy,b92aef4035047ad07f94de9f04b0cca2e3b2bbd3,1219838434.0
ant-ivy,720ad4628dc5cee2f9aa19100a43e915240e24a8,1219774767.0
ant-ivy,3ef6097b710c27b8e8cecee4e336fc998d4a11d6,1219760993.0
ant-ivy,2bc0118ad001a976dc400aea89492d196915dbfa,1219755943.0
ant-ivy,b1249fa0c50a9dcfde2ed296b5d478b0cce614cf,1219749203.0
ant-ivy,945313a13f2c721502f4b71dcfdf2d9f22a3e4b1,1219744769.0
ant-ivy,0dc78bdf31634d91d7de227984ec41f8b097508b,1219702194.0
ant-ivy,b88e17ca8fa4eb7ba86886ed8f2a33875c55b223,1219701416.0
ant-ivy,a8e22c5d18eaccc539f266df5e5a8f4ae52ea1ef,1219675886.0
ant-ivy,810b101e8e7701d21e4fd5b152d6de7fa8d42fe8,1219671088.0
ant-ivy,6d6d34af69292a41f77162ab43984daeee54cac0,1219419138.0
ant-ivy,b506d8f19d8ec4bac1fa869c0885ad4364f4d31b,1219271444.0
ant-ivy,c208ca8d43b0c7fbd2ca517763faeadec8a6b7e3,1218062767.0
ant-ivy,d31db960ee61e50c8ea5067a6cf876b426f0e313,1218015572.0
ant-ivy,c9b273ce69ec731fa1d9c816e0fcb3e790fb7aec,1218013807.0
ant-ivy,e4e4441498c8955a042145b0b2357f3034add226,1217976350.0
ant-ivy,28b71bd41d8724575b6ef239890682a923c2cc86,1217972749.0
ant-ivy,d05d80788f787c91d8a603be70d12a2e5c3847d4,1217872630.0
ant-ivy,2ff246110d5505e052d54a2694784367b3962f7b,1217540471.0
ant-ivy,d1df7c94e8ae961d42ff7c6896561abc0c151af5,1217266392.0
ant-ivy,fa4664b01c786933af3d45457a1cd3330b4a6f94,1217265692.0
ant-ivy,20a69c066288c7469006fdcad0a81f76df15c4cc,1217265658.0
ant-ivy,ef6273f86575d6b28443258f8f37fe4375ccaf2b,1217263159.0
ant-ivy,246091e9b84f897ddab6e6f548009401d3e0d5ea,1216850808.0
ant-ivy,1f3f87a67c62b36849c18f367c3f44a1d19ee26a,1216673802.0
ant-ivy,2667a06a316361a0d1bed94a84e18a8920978626,1216548720.0
ant-ivy,71ddda217815019e3d29b8458e9a1a05da3eee55,1215617403.0
ant-ivy,e5cfc6c9de6fc00e8468e06946120d72251c8f99,1215613879.0
ant-ivy,f94ef5f669830850e7b668ae150a436276fa33ee,1215613402.0
ant-ivy,4f0e9a0acb4a7f647a513bff0fff11b85ec2109b,1215589523.0
ant-ivy,33e453a0dcb89751280d6008a960103be5e965db,1215170172.0
ant-ivy,5a8ac6281ab6ef236a8742059aae81cfda0c87be,1215168831.0
ant-ivy,ae6d4c23378e2c2ebf9d72a88278a7e91d1be88a,1215156812.0
ant-ivy,0a870c960df47811493019f64a628493147aa73a,1215156337.0
ant-ivy,11ede92016b75aee50649de6004a2d9a4f46401b,1214412370.0
ant-ivy,48eb7804340aa33c935c665b1f66f49cf7c350bd,1214410267.0
ant-ivy,8bbf8370c328e75d8e926fea9a114178a708db28,1214406991.0
ant-ivy,a08090fced6c930a3b532b5440b14ec8602a8f98,1214400363.0
ant-ivy,484e1ee3f2d162a86b79bb66f7052bb3da2dee1a,1214396725.0
ant-ivy,8d0169c42e5204444fd102e63750013f537c03b4,1214276374.0
ant-ivy,b7a091ad6cdf09a0b007e5fe2c02d811b6d70428,1213391482.0
ant-ivy,51d967fddb09497e0677b835140c32caf9be1dd4,1213309059.0
ant-ivy,29593eb5aecc62d44363578db440336931520ab9,1213289678.0
ant-ivy,7ab2d5be0b4abda6971f50d2002c3c615c770b29,1213266687.0
ant-ivy,1ca42dd87c8af6964d4e4de47657f0dadf0c0356,1213265806.0
ant-ivy,adbef440c89af0e96b5428637c77ebc8cf77a04f,1213117659.0
ant-ivy,82e9af9c68aa353a19c2b005838458563425660e,1213094840.0
ant-ivy,c3b2d57dfb3106db0f7cd21a8e99c3637286de55,1212616748.0
ant-ivy,6c7c02162f1c6437cdfa98b881251827ccb696e5,1212496941.0
ant-ivy,e199007407f260730284c5917a85ca8ac3f57fcd,1212485020.0
ant-ivy,3b753d0c96420a2cc9eb966fa969d3bbee017a67,1212090324.0
ant-ivy,a3660872d9e95162902ee8ad9baf118b67054a67,1212064672.0
ant-ivy,7b8c036868fb2b7a02c19d518a0b8ef7a52e5ff2,1212054926.0
ant-ivy,6eac78a418f52049c5c5c15352a829d1f575294a,1211839289.0
ant-ivy,b08ebfc2aac20bd7129ebb579a5a315f6d0e9e9e,1211831970.0
ant-ivy,a3d7b4843462cfabb8f43a5386a2144b9d054b29,1211492614.0
ant-ivy,c954cd1d77d4707d5948c4e4c7907e61a3dfd7c7,1211410907.0
ant-ivy,86407028627076c2809541966ed76d4cfd6364d7,1211233331.0
ant-ivy,291a576a53a0c1b4e9c3ec7c75d3a548d09847a3,1211149523.0
ant-ivy,622ef485a02246753d05ebaed72e43b82422c8aa,1210803765.0
ant-ivy,797d09c415c7d1feb23aac5c69c855f207e02f98,1210023803.0
ant-ivy,7de1cecb80ba27488731b0676230288ab6213b75,1209158954.0
ant-ivy,72dbe9065eb2c135519ec002f08188d83ae4a231,1208805709.0
ant-ivy,439e0aa3d144cd5d9a7f98a92171ef94a4bd2656,1208436737.0
ant-ivy,4549941cef8e774b865d4bb7e46012b12b0bcc34,1208113167.0
ant-ivy,bcdf93d304e2f2af36e2e21d595b347159a56ee1,1207778929.0
ant-ivy,af68cbb703d67a6cce9b792def8067da3893b2fe,1207607550.0
ant-ivy,8b9280c8ab2b26ca717c5aaa0b82352f8dcf130f,1207385811.0
ant-ivy,56c3991ddafc2ec189b159cdaebabede72040ba4,1207382901.0
ant-ivy,f2710413f0d9d2209d4688ceb421e700fa57a990,1207342582.0
ant-ivy,e3d906cf02833a21e7092cb2bffbb6e26d89553c,1207323696.0
ant-ivy,fe05cf44d3eb2f00fde5c75d60079d34743c9a48,1207314762.0
ant-ivy,6091b1a3cc0c349ae489962535582e93976d959c,1207261186.0
ant-ivy,18cc411f7d3427a390a6e72880ac0f6402bca43f,1207242884.0
ant-ivy,05aad8f60f29be97aae99288775dc6240307bc5c,1207241144.0
ant-ivy,af395c546ec2e331e5ad70ad7601a2711aed962f,1207240574.0
ant-ivy,9b08d0f9d1eb159322e8d456f1ff5e647925c8c7,1207239767.0
ant-ivy,9858e60e24894824bd4450ebb9e68db0ea12c520,1207232787.0
ant-ivy,d688056bad0f50702c89433737b3382885889929,1207226063.0
ant-ivy,cba5ec47a366153c6738899488c54d8f370a5552,1207220058.0
ant-ivy,497892482ea456c82dd3ea2eb24e30f10865ed17,1207090907.0
ant-ivy,bb522d35e58e7ea0809c022d32137eea7c65dfcc,1207087438.0
ant-ivy,31ae115b62411288a8f4cc91f93236b43042fa83,1207086642.0
ant-ivy,030f1a0b11b02d96991bfeeb46c8b07743186817,1207001741.0
ant-ivy,a5a7c6b2a62a8db8b4a6795e8ae87347aed28feb,1206991990.0
ant-ivy,47756f7570b35a1af39e44309cf2750a53beb5c5,1206746678.0
ant-ivy,bf5d8de222878e3dc81a16cc98a28f9a9194b74b,1206742253.0
ant-ivy,bc4d178e961b1b40f3f99c856d7d1168c8238f1c,1206702666.0
ant-ivy,b0d32e4b79ec06ee7d9ef1162540d7f03532fa7e,1206637132.0
ant-ivy,ccf9d5f734dfd1485238f281aecb5476ba089f7a,1206459157.0
ant-ivy,297ac27a4c92416163b4d318f0f2b304495d116d,1206385725.0
ant-ivy,b08c6b0a2ca43ff00b859a2e7aaa0ccf1febbed9,1206385133.0
ant-ivy,c4af057cf8f77666b082418efc91ea201d150469,1206053879.0
ant-ivy,51219169df2367a8cc1b4a612b6c9d569c29173e,1205880811.0
ant-ivy,66310f553103e515ab41aa573aaf2e4101efa635,1205878384.0
ant-ivy,4b9e05f940da94ce9eacb3e89f900dcb40712fc8,1205249835.0
ant-ivy,3e5b60de4f90c3cffc88e3df769bb4531c0dc89e,1205183448.0
ant-ivy,aac02075fbfe75f47e0a8f7b491c7fbcecb79eb9,1205182191.0
ant-ivy,f13e910f90a138f05c3ecbd775701c6a6b51a5d5,1204652950.0
ant-ivy,0dfdcb94d68dcb69f42560751ae739f90f9cdd46,1204534626.0
ant-ivy,458b9ebad9bc8fad876dbb99f6152f316c690b5c,1204479332.0
ant-ivy,85e1d92af672150ae91aa7116f544d1d27cf1345,1204458891.0
ant-ivy,e508899875bcba2872e43b3579683cf6d90d2571,1204455913.0
ant-ivy,4eabbdb232bbec913d70b722f91ef817486bf740,1204455249.0
ant-ivy,c50fff54dd5076acaad7db41876a98e2c681e2e7,1204452880.0
ant-ivy,543e6425fc07a22843d015c747b276392c70ae0a,1204452640.0
ant-ivy,f1ede358cc4301011e6187a9f5c705b0f95fa505,1204452509.0
ant-ivy,a72a7bf769ec963ff66c67465ea1fa6bea7d351c,1204451878.0
ant-ivy,02a0a8ab957240588bbc5117b69e210db373a7d5,1204450412.0
ant-ivy,60e607819556c8a2d074916a8b60406a15208743,1204310660.0
ant-ivy,b44da9ac7e91ecc9e0e2130ca7fef06c4904e68b,1204306343.0
ant-ivy,581d9eb506f3f8270f621cdab8f6bef9b93db902,1204290857.0
ant-ivy,fa41eed5a752d8921076a9edaa50aa02136e798b,1204290333.0
ant-ivy,416bc3ab8fb1771f8d5e0acae7c7c2aa7ac3776f,1204286599.0
ant-ivy,4ca6b16dfea23c346cf0576a4d606b77a272fef5,1204285942.0
ant-ivy,c20a3dda097920b22dfac1310f44ee317f48ac15,1203927557.0
ant-ivy,4f33cc57244ad5712a899811ed95c309091eb28b,1203543302.0
ant-ivy,65479b478722291b54b3dd948621c72f322c1a9f,1203455001.0
ant-ivy,0885d905ba08b85081768a58b0e1b8a6a1309e6f,1203453513.0
ant-ivy,54c75983ede72a788285cf7189f4b561a0608748,1203452571.0
ant-ivy,fed3104bddbcbee6bc4c9f809174745734494e3e,1202632361.0
ant-ivy,474c321dfbf17395ae09889384223f0f74c74057,1202491027.0
ant-ivy,30d4b7bd496feaca6b37d23569fceff1738a643a,1202490010.0
ant-ivy,9a234fafba14479522a7a6b45282b41215c41a01,1202406609.0
ant-ivy,b4bb16127df2e411e8a186b9f127b73b27a6d406,1202404932.0
ant-ivy,02b81d84088e4f7a88fb1a85f76787585c520e0e,1202392701.0
ant-ivy,320a562244c9139a129f83addb7e93e8d4d0fdb0,1202160257.0
ant-ivy,551a84a36c02a30f8f303bb761eb2e71acef38d1,1202142100.0
ant-ivy,3c1c7dd449321c3e8951438b052bdc674e3b2d65,1201347433.0
ant-ivy,c88d4466b154dfb60b76b411761d3df79679b63b,1200905008.0
ant-ivy,ea33beff535a67023a743bbade1127bde66191ee,1200904721.0
ant-ivy,8d926b91655b06fa09c4e7739a1867103dac96a9,1200497037.0
ant-ivy,cc28a242d0042076f20e6e237fba438b572d0a89,1200419665.0
ant-ivy,f1f9a7950e61a457a51aa9c617c99a22917b306a,1199551039.0
ant-ivy,388a0d944f817639f9fed0b81ea185feb722e73e,1199495602.0
ant-ivy,cba75a4c9ffbbdde511c6ac1f0a5f1ff8648d814,1199468448.0
ant-ivy,de0531e538f2c050a7390076373280a7545021bc,1199455031.0
ant-ivy,2a617e6572d47292f26de86cf1ec0b4cc877e50b,1199386286.0
ant-ivy,014136c95ff17bb55b5a3289058a74199fe5115d,1198925996.0
ant-ivy,c9cba3b6792bcea1bda8cd2815847d9086d44451,1198925735.0
ant-ivy,acae06553b031b258e47d585e26909fb5d05009a,1198335714.0
ant-ivy,5e0e08b2b108d7847135abad5498aec9d9441a20,1198084907.0
ant-ivy,188f197aeff9d0f40c20d0db37fc9aac98724bca,1198084564.0
ant-ivy,60689083a880458b5049927c2d2167264d1de3d8,1198084437.0
ant-ivy,7ee4122a747cba81c68297639107f947ae51cd57,1198084205.0
ant-ivy,4e1e7a93bea7e8af109c7d5fdf46b3a94aa42316,1198016456.0
ant-ivy,702cb06790f593e854dde32d55e3c9adf2f02c0a,1197071694.0
ant-ivy,7de83722fc38ed3456a6825ba721d38eba19f1aa,1197069936.0
ant-ivy,9413720aaa78111ecd0f1a786f49d1030cb2a023,1197066504.0
ant-ivy,e49e56f0507c0864181318cc8ba442113c16e0f0,1197066379.0
ant-ivy,25987cad1d8be02b4b321ce06b23ffdf36cf2f5a,1197058430.0
ant-ivy,6e9213054338791936d7211c1049d731f9980ba8,1197016856.0
ant-ivy,27170b5ef294fc8c639249d74bb5b27776a445d6,1196983025.0
ant-ivy,2d240df3638d74df7cde9f99eb724bd043f1989a,1196883982.0
ant-ivy,56e3bfe5bb88a09a564e6f1d05d7544056b12d5b,1196772592.0
ant-ivy,87a4b24ce48c913ff455bb3cc90225105304c8e9,1196766121.0
ant-ivy,119dac77b2930e9ca2ffd3ee8b9054e13f5f2891,1196692392.0
ant-ivy,9086af72ada4eae2eeb6c2c0dd25282e3b340848,1196690136.0
ant-ivy,29dea67ff1d747e21e40ef89c5ade5c6ff222a42,1196689986.0
ant-ivy,960675f49e7a6d8537d9b75d7d9f79f40aafb7bd,1196680343.0
ant-ivy,001e2caa07a1dbfd92fbf86a26f30aaef23be5f5,1196647057.0
ant-ivy,403ef0adfd8063a58bd862bab1c3e60e6b0d994e,1196639321.0
ant-ivy,6d5f4c0f67c2cb0147d9bfb6cd782a82fcfd935e,1196636785.0
ant-ivy,2fd32cfc14b15b8d19fd97ddec47a17e39913169,1196634439.0
ant-ivy,403efd21dcf0a355f82451dc82ddfc39caec2fe8,1196624997.0
ant-ivy,00dfbdab23a7b32691a9ac47711967afb9b9bf2b,1196624907.0
ant-ivy,da7350551914ccbc9c1c652f979faf9a48d6012a,1196603470.0
ant-ivy,7b49b9581f61c1cbbcfaa3040fed7a7bbba8d550,1196540137.0
ant-ivy,f5c047c5826a717bfd356c930e3eb10629f6eca3,1196455102.0
ant-ivy,c9f4fe1774f5744c09a059f708d2b7f9a27ee939,1196450287.0
ant-ivy,9e1c050d0dc887eb06fb711b74f4ca38e3cf7147,1196448771.0
ant-ivy,5b2c8b21b3bb4d885468c744519b1264de0a4255,1196430435.0
ant-ivy,7ad04b22b8e0f9c8f66e39beafde6539e5363d22,1196345725.0
ant-ivy,35abba7752104d87b09486d092d4a5a0d722854b,1196286198.0
ant-ivy,987f6bb4fe33006ddac106499081149f38f07063,1196280605.0
ant-ivy,e2bf6c4139237fc69965b2e27edd9f7f09eb0f1b,1196279935.0
ant-ivy,bfd0c1014863fc69dac3d22aab0a38b6d88eeb06,1196268136.0
ant-ivy,d282731d517899d07734860949b69cde7a04bc0c,1196263118.0
ant-ivy,47314c12d588a02ab51b63cbf67f7104c3ce4d85,1196256148.0
ant-ivy,eeb0c7aa4c12352e19e62ef981784dbd38b4bb14,1196203803.0
ant-ivy,64c03028d149df27f30a60ab3e78087ead8dc2e3,1196198578.0
ant-ivy,920ec78167016b5699ba847ede5cd7616cad8ff5,1195653539.0
ant-ivy,283f77d29ab46c5ae47d312455641a0317c58f58,1195635886.0
ant-ivy,556ccd95c84d75e459d7d21df8c4c10818fad16a,1195635475.0
ant-ivy,5d223336597733a002d6a7a0aa423ebbed320fe3,1195488196.0
ant-ivy,83d5d3aafbdaf9bfcb00b572d41bb3c32bfafa0d,1195487732.0
ant-ivy,56760b9a40bbd9376dd60c11065cb9a76795b8f2,1195457709.0
ant-ivy,b01f391365fcd8fd36486ad376346cb6cd7c6074,1195457506.0
ant-ivy,b7478d6d6fbea1d4d7372829e8598ff5c018fdba,1195229197.0
ant-ivy,420261ccd18479fffcb19dbb6388f626b42007e6,1194997135.0
ant-ivy,7930b8cf42e1aa1b5958268dc3383bd966e28b29,1194952272.0
ant-ivy,24f7524858704327230c6348fcd1ec99b8e59d3b,1194951327.0
ant-ivy,41a824e349b48eed614b70fd66ee6c5a850c2352,1194818767.0
ant-ivy,556f3174c88d4b50c54d02d073c0107a7a76fc2b,1194257886.0
ant-ivy,9924b7bbdcac12b0bb88a767ba10bfa23e5f5279,1193588861.0
ant-ivy,92a36b07c9a924f883fca31c60d55f70dcc5ef3c,1192739832.0
ant-ivy,2e053b28dc1c57c2d90a84253590d676e8d68fd3,1192487505.0
ant-ivy,cc7dab6e43fa189dc2e62ed0425bde14fd5fc1c1,1192051325.0
ant-ivy,0deb1712c73508cfd7b61c041b5fd4ea986bfa5c,1191850216.0
ant-ivy,b22245181c10ec3c01e8e2c8a3d86065d0b175d5,1191534426.0
ant-ivy,432667055624868bcf5e50f562ed79350acadc8b,1190930410.0
ant-ivy,78d8d4e01bc090412e514602ad86477bf766d66b,1190500170.0
ant-ivy,563e233cf21fe5fe47c77ed2b52052cfc32a8487,1190385745.0
ant-ivy,8a4cc1031e46f5d3537fab3bcf5ec89663372539,1190379961.0
ant-ivy,c65f83394f69213c6f105c639a0c49c1216691fd,1190373288.0
ant-ivy,6b79a9678736eb999c8dd694e5397cc941ad7797,1190290140.0
ant-ivy,f6c577b79584be58f879b65d4b6d96d5d9340b43,1189979245.0
ant-ivy,58355c5579816593b2614a01267f9bb611c4b5bc,1189579983.0
ant-ivy,42975faaefc422b1d7345a8ded1042976e25ce34,1189187887.0
ant-ivy,e81026fb1adabf63ec49d0cc791409f92607bd28,1189098451.0
ant-ivy,9bf25f5b4c33634393fedc8f97d6ffd53480f548,1188505217.0
ant-ivy,5d7f94f8d43e127729241c3c4fff42360aa5566c,1188504485.0
ant-ivy,3dae56f75847b83067b592e538ac1643b29ca6ed,1185549024.0
ant-ivy,3d4c5026d5ee0d3d1c5a187ceafc29555437dcdf,1183673051.0
ant-ivy,e897dfdb439f1e783c03328d586dcfb8dc9196d1,1183477170.0
ant-ivy,2742727bf2a3a4bc10b20a54783f19f25fa81cca,1183473167.0
ant-ivy,152229433b57b9d97439dc4394df934f2790221f,1183110207.0
ant-ivy,de4c40a91b9e7a7a46ddd1e78b8a5e55dc9ca698,1183066124.0
ant-ivy,3833dd88b025c6e0f3e869dcebdb122254e37d8d,1183020634.0
ant-ivy,0ce140c892ffdaddc8ef18bc6efd7891972b71a9,1183020486.0
ant-ivy,2e98e319f436e2108f2cc18f39eec9c4e0bfcb3a,1182980871.0
ant-ivy,57b1ea26b954c51182099776c96ba2fbdf696438,1182944610.0
ant-ivy,1000652086b0b944800440c32fa933064ac3fb20,1182944329.0
ant-ivy,38ecb80ecd565c3f95796e9b23ca3532a56e3e52,1181849806.0
ant-ivy,8b877a786d757396a3ae28e346eb48baf68d1297,1181768894.0
ant-ivy,a59e74d9ed4462867a75eba1b1cdc3908e0be13c,1181632053.0
ant-ivy,16e09da969287a932519aefec46bef4be74f3f94,1181596861.0
ant-ivy,ada6121715f664a81605a707691ca37a6c35e39d,1181255095.0
ant-ivy,c1a35ad0116b394b9f5fe930177051b5d96d13a2,1181169595.0
ant-ivy,ea4990ae7a919465f8906b851baa8fddbb35ecf0,1181165831.0
ant-ivy,38326aa020ae46f5cfb542dcfb138c45ef0d0469,1180557559.0
ant-ivy,c27c37bdab64dd7d3bbbbe7eb69dbd4d4926ed20,1180554146.0
ant-ivy,f69b5cbe89479333315764e56d9d658b4882c2d4,1179873715.0
ant-ivy,b7f625aea3e7c19b4b66351be582dbab846022d7,1179783409.0
ant-ivy,2f039bd72de99f79ca8c70e40fae0a81e7c2645e,1179137469.0
ant-ivy,992f1dc9b3a3b8516288278216e6bba643df6a14,1178975476.0
ant-ivy,1a89989477047546285718922b74d1c821e7d153,1178966246.0
ant-ivy,f8a3e4edbe8eb96e428c7ba647f6b14555d9d68f,1178835657.0
ant-ivy,a1514c5cd6342571464ad686d14474101c97960d,1178833130.0
ant-ivy,1b5578ac663ce35ce962dcb5e6e53559a509aa97,1178829872.0
ant-ivy,9d89a073b46ad7ebdfd88963d36b29e920aebcd9,1178019006.0
ant-ivy,7ad46005f354f95c16000ccffd036604bf570106,1178014729.0
ant-ivy,34f4d7a7d73cbbaaf3f0a9e79036a1a8179f27d8,1177974427.0
ant-ivy,4166ccbbb4a9a553b76148bf53380b450d444cbc,1177956132.0
ant-ivy,0e343b35b8eccfcb517580a27db7c7ca9b1d8547,1177796879.0
ant-ivy,129c19711e8f4f9603fcf28496f3ef3a95926415,1177437200.0
ant-ivy,7a90c7ada50de5e8bf7e6587fe5d0910d3511a98,1175722346.0
ant-ivy,cc502dfc9d48fdd01b43869903bebeb7964286d9,1175721189.0
ant-ivy,c2207aa2f1984e5050be9ed62e8b45b27b7ed7bd,1175449159.0
ant-ivy,fc856fc14402b8eaa975691b1a09ccf42770f178,1175379335.0
ant-ivy,06d01a0834070c4c0939d3ebfdcd118a3ab38150,1175276543.0
ant-ivy,1a432cc1d5b32a7de405f696b4a12d8240943047,1175238066.0
ant-ivy,1aa7361ccca3e4663d54954c58f24704be1ba5f0,1175028263.0
ant-ivy,690af97adf76e350576032cbe221f7ee7b32e42e,1174922861.0
ant-ivy,2c932d1af2182f60a8629fc8059c3681e9ede9ac,1174902534.0
ant-ivy,89574baa05c3fde6bcda2ffb6b5dfeba080db0c6,1174692230.0
ant-ivy,413accec848b1ad7b6de3b6c95c63dd751b847ac,1174689889.0
ant-ivy,d8f288a35e63d1e9682c7e188b37c0d7e8e537a7,1174604500.0
ant-ivy,feb0d2f4d8fd3a5e50bb1769c14fc6034aefcdc0,1174602127.0
ant-ivy,0657990e851a8d0a30236cbe0ad5b4b562cfc08d,1174126444.0
ant-ivy,f5631f982122ffaceffaf623e5ae2f6883a16139,1174125903.0
ant-ivy,da682149156ec09dce594f2568c584a9c620d640,1173825744.0
ant-ivy,ae92d0a283ce4ee755a9b66727536ada40ee277d,1173435856.0
ant-ivy,3734d6da5deeda8ef852e0a3947ad436f98ce92f,1173393543.0
ant-ivy,bdf6cd438b812f2c333498200467bf1c62186192,1173367374.0
ant-ivy,e02041fba5531f64c5c899bd39445087e25d12d4,1173359176.0
ant-ivy,7126e673ceb6ff1fbac0ad53f82b268685cee9ff,1173352441.0
ant-ivy,86826f5e5927aff2b3dc73818f5f4a172119387e,1173345474.0
ant-ivy,893234abb5c8b007e04e291add6691cc7224217c,1173339749.0
ant-ivy,5ee76142f917e45e551e979cd77fde63ae7f2e78,1173307370.0
ant-ivy,0ef44fcc258f2e928532ca3af50e6b7b4a50df28,1173307238.0
ant-ivy,301f54bd5023d9aa56738d886ca95efdc0634777,1173307196.0
ant-ivy,0a3263276d71cc0270d4d0073976a8875e9ff047,1173306740.0
ant-ivy,445be68f8bda57b06c632e8c0f569859f8ce72f8,1173304644.0
ant-ivy,40534a46061544a33a2dbeccff4328a2c71a2898,1173288843.0
ant-ivy,c50fea2488e37b02238b34b7297017f8e53ea6d6,1173285842.0
ant-ivy,f5eae18d19c84b2bd6d775822d57dc4bd9921132,1173262020.0
ant-ivy,05897630ec504136fe11d08413cda628f499ddae,1173259882.0
ant-ivy,e2fdd8576922f7784e2809e8b2b3724ffb157f91,1173193380.0
ant-ivy,070d96f02b22a2a280c9a43925a3c9cb9b18b2a9,1172832200.0
ant-ivy,f45aa167dd803b746d8d1522c45c8a957b420654,1172252630.0
ant-ivy,10b00b578d67219dea8bf6b24e37d370dfd263e8,1172224253.0
ant-ivy,2e6870ab9ae5fa2e84dd8ea1167ad0e18c0c0196,1172220769.0
ant-ivy,b3d5380864283c647b238423f8a935756199f582,1172180260.0
ant-ivy,b8b2b2485ea7dedff1d3a2b96dd9bb3f6b2e65a0,1171922029.0
ant-ivy,2835088543bd7015ee20efff08478edf7ce0cc7e,1171492289.0
ant-ivy,9dd0e925fae4a0f7dae5fe06907eac0e1bdeaf8a,1171488446.0
ant-ivy,7d3b13fea1c9b8c80f3c384c48fb89e50849171b,1171319752.0
ant-ivy,4cdc057365d8608dd48858988ba8b9fd6eaca44b,1171227332.0
ant-ivy,33625d900186b4bce99993d22db46d9d5ae2205a,1168988144.0
ant-ivy,0430af408da0da9c1577ff36bb43260bb1577e16,1168623165.0
ant-ivy,69fb66f53fbe62b7185adfb21cb045e754b30f91,1168293859.0
ant-ivy,ef0e3797ad9e410b445e608e7b0e7593fe68a7a5,1168085471.0
ant-ivy,28704041ebe62167281d24100e3e874bf1717d04,1168082409.0
ant-ivy,8bc2bf074a3f448b17069bad07d842f40abd1ff6,1167950329.0
ant-ivy,b196a81fb2bfb58ae7759d85143d92934fc9dd50,1163083383.0
ant-ivy,c9abb5f997860dab1448e21dd5152217bbe85be5,1163016005.0
ant-ivy,7f1e2538b917f4867b762a30febfabc62f2388d3,1163014782.0
ant-ivy,9f5ded018109c851760a08a4c25c96f2f0b7f039,1162481473.0
ant-ivy,87c95a0528fef03240474d89b645ae0993d50ea2,1161937771.0
ant-ivy,9e4c6365feca8b658be0fd2053e77577771e6d95,1161877997.0
ant-ivy,994cebe2a275e0b34c7cf7dd2d78b9fe85885008,1161777201.0
ant-ivy,62df2eba9a9effc160efefc8e7f50c6fa3dc41b5,1161771310.0
ant-ivy,19fbcfcc199442c8b9018b82f2b5a24418d84ce4,1161634701.0
ant-ivy,51fd97589802ae98484dc77ee3cb993ef873908e,1161075659.0
ant-ivy,3c1dedc704313c610cbd3c3431e6afc4fd6daf30,1160768063.0
ant-ivy,b4176eefbab4b4b1290a5f9f4c6ca57a09c5af31,1160762341.0
ant-ivy,5d5190f6f16e42d6be8360fc848fc24352097895,1160581851.0
ant-ivy,23db75ad3c2c5627b43b6c94c0c6a309d7d13b0b,1159341165.0
ant-ivy,371280dad18fd5a496f1d96d890d967f38c200ff,1159208798.0
ant-ivy,6f5090272f1f4129db2adc2d14b07150152224b3,1159194257.0
ant-ivy,587c30d62b740ee751d1004cd6369183957de972,1159020972.0
ant-ivy,b171f483a03d13286107106982dfb4b5ab1a9979,1158636248.0
ant-ivy,9e950760b218e5bbebf8c2761774c2de79deb54a,1158445653.0
ant-ivy,3dda7307074c90e1d7296cf27e3d653ed27d0608,1158323014.0
ant-ivy,ac7b409d4c2977e79e88d8f73e0664bded36d94d,1158199755.0
ant-ivy,2cda0797a5dd539e88cbb4bbf6a392ecdc63c63a,1158199204.0
ant-ivy,4f90aabb2e16bc3ac2daf5da1356a64ab0742ebf,1158144958.0
ant-ivy,b922c60a5348dc1298abc783aecaea05c726fccb,1157898343.0
ant-ivy,1a7a3fd2c9694d301b26f7ad3005b7454b6034ee,1157636959.0
ant-ivy,911126ddebad2b0d44dd71be4f295df968dff652,1157574727.0
ant-ivy,1c28714c8cdce0831ffa79d5c60e59ab019fff97,1157563374.0
ant-ivy,226204eed59c1fc50ad97131b839e1ed513d536c,1157558959.0
ant-ivy,06d37eb1d79845f5a050b5deeda466771ba1c202,1157326307.0
ant-ivy,196a3f29ccfbb60ee08b551383e0e3a1644214ba,1157045952.0
ant-ivy,6d54418d10508962e56a1f1a11042011ea24dfee,1156991130.0
ant-ivy,7e97cea661e1ab9a13b6ffce2c48288cb74eb9b6,1156990071.0
ant-ivy,2fd76a1a31ad87de8b68d18b3563b4881512a12d,1156964208.0
ant-ivy,1936c40d363ed898ff953708f1361939c86e2274,1156959227.0
ant-ivy,cd1f6bb1f4945d8917f1cfb2ca98935efa997314,1156613224.0
ant-ivy,969c1d49a271f7fa04cff16ac5d4b888e5a25f37,1156459604.0
ant-ivy,37a76186b09f2adfe4fc0483c9c520e126088c56,1156294282.0
ant-ivy,ccf05d576073abf34659e8fa6fbaf6c348f8f249,1156219501.0
ant-ivy,1e379e26f5c61272caf8d1ec54409e2737506c4c,1156208568.0
ant-ivy,c9dcc088133f5dcec0187fae3ea6c06fe16972ad,1155672461.0
ant-ivy,a63b33a13a3010cb8fa12574776fec1c32cad53a,1155662721.0
ant-ivy,952216f2be4280cc3749bafd373e3eb67bcfe20a,1155611429.0
ant-ivy,580638ecf307d457f0ac3ea4f79e6638c9fa4a19,1155162088.0
ant-ivy,5b7d62f93ebb31e453909012fea142c7eb8f7b24,1155104272.0
ant-ivy,9204a8ad5d8049a22ab78a7f9135ae8a83994dd3,1155099958.0
ant-ivy,1a895ccf809010bbac70e24dad69988ca84019bd,1155098178.0
ant-ivy,d3f683b865b3d8a1b3a4ff901289ee498050c4c8,1155087608.0
ant-ivy,73ac4d9c27a804b7a019c8754aa7795d6d52949e,1155052447.0
ant-ivy,7049bcf66c42fafc618cbc05cfb38da052c69e31,1154406537.0
ant-ivy,7cb2945d423a80ab17721bc290f9b61c2bda3f23,1154358547.0
ant-ivy,9740c824d5953ed90ab917b46611c5c9d6e04c56,1154329173.0
ant-ivy,e602a4253164f8e7520d155ab5fd418a6110515e,1154070324.0
ant-ivy,e7a919136b5638b4b4c058874d01fdb7ee1ac8f8,1153915539.0
ant-ivy,49ddd733e6c07852b83b381ebd621ad41dd8c09f,1153429360.0
ant-ivy,d3e0aa0951256f53beedff235292976362869188,1153266584.0
ant-ivy,2941a6fabe83312eff63414c740a8a0873a963a1,1153208397.0
ant-ivy,b2498e0a6dc587152f5fd0d2950b9b515ab08b2c,1153163068.0
ant-ivy,040002fb9a3cd7ce67ea4311cf7a7846cc959756,1152278513.0
ant-ivy,e4241930b32676966aab270ba122972ec5eb71ae,1151056020.0
ant-ivy,3e6d586ca441f69a7ed329d12e3b316cc7db89ec,1150923078.0
ant-ivy,962e3c3fd0fbdb6b5da5bbddad47fc25efa2eed5,1150901728.0
ant-ivy,927f3be3cf8b0c10dea0eeadad13a5dd39a86df9,1149705022.0
ant-ivy,04fc4aec072f0809016fb47f6a5c06595405c826,1149236815.0
ant-ivy,91ff7311935be36db522dcf782c25f5815449ed2,1148990723.0
ant-ivy,fd4f4531626cd3666de2eebea952ff498eebf695,1148401800.0
ant-ivy,64d6303154b1c85181c686d0a6e7c0437e5da770,1147419934.0
ant-ivy,26fa85d0af87919a88f2cf3076eedf8fec2b9a47,1146759006.0
ant-ivy,1e250be565879917cc6c369833b5ee64641eeb48,1146667898.0
ant-ivy,264c88b087962db2a6d690f131e074bd609bd39d,1146663227.0
ant-ivy,283a1cfbd20bc5061551d5a829e8ed40ff68c46a,1146659053.0
ant-ivy,b85c23926bea2614325b577150f62cf64c435ec8,1146575140.0
ant-ivy,d6df0ce84312344425d52ce75b90b11f5f964991,1146552662.0
ant-ivy,1d6a986b28d9223721f5923693deeea6c24b7801,1146207257.0
ant-ivy,82747b5070d459647ade2e6afda3956383feb161,1146206565.0
ant-ivy,ed11f0162ca679521fc89003aa8ce2c93cd32593,1146156356.0
ant-ivy,f3f8c34137e0f696be9d9341516728af6e3d1a55,1146151091.0
ant-ivy,1a15f2ddf7ee57bf93b40ffd1a8c16d9cad0a4bb,1146150413.0
ant-ivy,b3cb62487e5f7531a2aa366665720e81cabc9783,1146150401.0
ant-ivy,1c8e6d2b108e3c21c5fbf2a06ef6b257b7b70388,1146149307.0
ant-ivy,e0a18f5cddfebee6e70dde1543b75f7deccb7533,1146122986.0
ant-ivy,a7b86c059d0d91ed9e0d9fe2326e1a13d5232627,1146121331.0
ant-ivy,4c7e7d5c7ceee4845ef663b14a2864b614831c5f,1146062294.0
ant-ivy,c831dabc6ea286e73243a5f7f06885ab1bbebad0,1146062081.0
ant-ivy,d46a68f6940ebac2c35685398ebe702d34f044f1,1146061734.0
ant-ivy,44d305d96488d46ad8a81d0bef9b85d620dec1c3,1145883788.0
ant-ivy,044f73ee5ea8b599c584bd8f8ed81fc0e01bb266,1145024482.0
ant-ivy,e0c1bc856a41eaf712209facb3bdf84d45ef40b8,1144668194.0
ant-ivy,9022687ce91015634e41e1c528654005df450878,1144253753.0
ant-ivy,cebe909c52c8f066eea2829485a2d01502db47ec,1144168883.0
ant-ivy,d27c3f00bcca211f03152f4933f710563b75b821,1143736667.0
ant-ivy,243defb4c96d911683bc5a2c2b1e630770d49121,1143717017.0
ant-ivy,e1f1aac436232d395fe8dc6444259c49fa585b55,1143716469.0
ant-ivy,f3fbd8d68cebc487dc62e8f197440ecb2844124a,1143715709.0
ant-ivy,f453f8c7cef4319b79bcac9d08c2296324987fa0,1143712132.0
ant-ivy,ba93f9a3db44fda15e4afa536701563dc4e67004,1143027662.0
ant-ivy,66e597b4b19e9bf55e2caf2b1ded420fc39d830e,1142878423.0
ant-ivy,ea24e26fb7adbaae8cf668845946f25562386f69,1142859341.0
ant-ivy,4aa07355b0fb7bca5e71c48de08a5aff0e7e748f,1141662890.0
ant-ivy,f002d335494301d96ad22c428126c7b3cf15e09b,1141657441.0
ant-ivy,515ce0a9394dfbb03d78080cdfdb0ba0d3b912fb,1141213278.0
ant-ivy,0727e771b8a6669223fc7e1d5af8722eccf2f733,1141211012.0
ant-ivy,5057a8affbea2a970419bdc24bcf556f5cfa16c7,1141137394.0
ant-ivy,d55ed9283104db6e145dfce0970dd6d5f2a91806,1141135261.0
ant-ivy,64c1a69c4d5ae173e1743a96ddc2f0f42a130302,1141132699.0
ant-ivy,b34fdc404f53efeb27725f8e2017711e0eb9255e,1141128477.0
ant-ivy,7cb328da7dfa751bcaa99dfecafe5933fb53d4be,1141127404.0
ant-ivy,c2e70d2654fcdb0ee59cf3da5508342be3583e59,1141126853.0
ant-ivy,c1b925f1fae99f9fda7e09449b9726fbac99aaa3,1141124775.0
ant-ivy,ff3804849e0badfe6fee032f39dacb577be94c22,1141118346.0
ant-ivy,e31113a8d15200b17d366b7fa637f03ef8be282d,1140453410.0
ant-ivy,d7d9cf45fa1400bb525446708e91dd7514c455e4,1139830273.0
ant-ivy,dffb5a2e3989ba06092e578976839932012c639b,1139574570.0
ant-ivy,bf63299d71d3ae3e1b5a1c426370bea19cc1b554,1139574194.0
ant-ivy,a1304dc84484f467c25edb6c081e72bf8aae004a,1139574107.0
ant-ivy,3f8fe0e329b8765ec62540a497ce6ca3beba2250,1139556726.0
ant-ivy,9ab9779e58abf2a4b12b550a207d5e9280847c27,1139297101.0
ant-ivy,0e7eb17fe72237e6e264d21d4d955a7843ea1d2b,1138866565.0
ant-ivy,4dfab0656fe2e8739aafcdf98cdeb2d10541382c,1138643864.0
ant-ivy,535c0c34334862d47ad339a99d0933e5eba76ae0,1138348389.0
ant-ivy,76b3e400a9328a7cc07c38bf71900a9a529b772a,1138207214.0
ant-ivy,ed940129bfd032da86bd2fdc75e2205ba457a2eb,1138202596.0
ant-ivy,fb780d991df44652c7b6474e278d89298098999e,1138184367.0
ant-ivy,d0780c5be0609451dc9a4037e106d1f015ddca36,1138181302.0
ant-ivy,9431373f8a271d1229b84a36f0e449af6fb9e4ee,1138177465.0
ant-ivy,20751b7500fcca3411a24ee3b15929865c463d4f,1138131716.0
ant-ivy,3ec1bc1210fc98e80c1ed4d7a860319218a6cd44,1138131082.0
ant-ivy,f36652ed2d215164537b9652ad7c2d57143bd307,1138112236.0
ant-ivy,a4d0b2300971d6747c16414b08ed18ecbda74ac1,1138106752.0
ant-ivy,b172846c2918801244e0e4cebc6533e93573fd7b,1138093200.0
ant-ivy,4acc64dedf0a1edca2b023e7413689be8f3ec6dd,1138084288.0
ant-ivy,26aacea29a579e36bc588d29e2a6b1dc58833c4e,1138013462.0
ant-ivy,c411b8d63457c9df7604507b95b89c338ed8b771,1137999574.0
ant-ivy,ce55a5042e9e2413a8e4b8824cfad738e4f574c2,1137773220.0
ant-ivy,658ad63ff222f1e73d9782671fd5b57051e8ab46,1137769776.0
ant-ivy,f1b354bdcf06a8c54c7b3a3e4f64ec463f937f52,1137766335.0
ant-ivy,15449c2d8975402964565b4103664bd39eb5ee41,1137689587.0
ant-ivy,a7ba2b11ed7d4cd6f41de0c5ddf1d4f2fee7bc30,1137679563.0
ant-ivy,c599ff62c94ac03bd4254cc68bc78b10b9b74468,1137674379.0
ant-ivy,815513f7da72c65034e82236d3203c06d5a18772,1137520602.0
ant-ivy,23e7c3b44ddb18eecaed97ef68aa26220a085a37,1137060006.0
ant-ivy,caa9a8ed4fcd65526bd8100afee329eaabd4d56b,1136981952.0
ant-ivy,bd4aa2daab9679328b05a2de021c3a3045a9d04a,1136377286.0
ant-ivy,866ec93bfd5f6331c95c66e19178c9ffc1441ee2,1136296260.0
ant-ivy,5f1ed4448c0617efde6616dd970bcae8fbf4f3fb,1135871251.0
ant-ivy,69f8b7008c804bf0bcf82d254732cf1d9171d101,1135676787.0
ant-ivy,0b5ba610445af6ac4e7570fd6da475874ce4db01,1135595375.0
ant-ivy,75d346b7eef3c336a8278e76e905db98e878d4d7,1135592324.0
ant-ivy,4857531fe0f4cd2435d1aa61661e56066d8689c8,1135590273.0
ant-ivy,8c1397108997eb4a1fc51c1fdb67f1543172825f,1135587448.0
ant-ivy,3e1fe6ac33bc0d98a8bb9dabb02bcf4ce46ea52f,1130940655.0
ant-ivy,72b0e0dc4b9d3ebdf169a1d74ae2fd75de959aee,1130397646.0
ant-ivy,16ef8e71fc764f643e76e4f32554dbb220e66894,1130310397.0
ant-ivy,02f9469044b2a5c8b87dde443839996a730cc3fc,1130224724.0
ant-ivy,782e1d388f47e2afafc891d3425823a750ad00a0,1129792977.0
ant-ivy,64fcdf5322bc67ae880fb042d8c7a70e4168b69c,1129303099.0
ant-ivy,d63734290b8384bbd22f47df353db966bb84bb6a,1128356502.0
ant-ivy,3d5cec1c8711244183b0e1825071f4c709d6dd48,1128355391.0
ant-ivy,32154c0466bcc525bbffd5dd87a73ec21128e8b7,1128095659.0
ant-ivy,a2957640c363e2138970cf95bce17329f4c9d919,1128091913.0
ant-ivy,9c621e90fe8691d5632d2065a732e67033a4004e,1128088501.0
ant-ivy,373f6e1c205d10554531e2b8b4daec838b8048a3,1126632821.0
ant-ivy,65c0bcdd0672a0c82f431bd7d64f8c4dc232a236,1126632738.0
ant-ivy,18727305d2a71c9723f583e368229cba0ad8a09a,1125501595.0
ant-ivy,b1c99fd3e2513072c31c4f3e6a74ec6457f6f48e,1125341995.0
ant-ivy,cda2b6c376fb8a0e0e0de28abe58d11e091a0a90,1124998048.0
ant-ivy,ae5029fff87d0e1686102d882e3dc7534f4af131,1124966034.0
ant-ivy,b1cdd7e326a8913c7ce77d0d0ed40f89e08464aa,1124302269.0
ant-ivy,e30bbf4a37609972d7878491940e00c0bc13541f,1124300767.0
ant-ivy,4471aa88145d8d351c607bebf31a152db3af51e2,1124296142.0
ant-ivy,1a3a2d84a800ee298765cc6aab4acfba7f4a36a2,1121952284.0
ant-ivy,8c02470fb08b4dfec9e98b29f64e844e1452e305,1120501626.0
ant-ivy,f5a532d6065e55a1c1082579baa64c786971219d,1120495166.0
ant-ivy,4884c7e4be5ed2705c51418c92760e1367581571,1120026363.0
ant-ivy,1ab4b852f31d3dd13bb8c690c9531d13a5a8701a,1119981225.0
ant-ivy,17342e87465c92c70b1eee60a14a8398721e27c1,1119243394.0
commons-bcel,45da20f49abafa125ff4f616e8312b89fbd1f139,1549898763.0
commons-bcel,190dee5fa3b5374f95ae8b3673705802789ed0a7,1549897901.0
commons-bcel,3ad7450857297ed609c5b568fb55f77dd469d8b9,1549896798.0
commons-bcel,dc4746b69a3580443310765eba606be998e2da4d,1532793751.0
commons-bcel,9fc8dbcd054fd82e8fde73c50b63832b6359f476,1524130250.0
commons-bcel,69b4784b44ccebceef03b445f420240d07a85062,1512506876.0
commons-bcel,ae57c74449db1d55abea013eb0274fb9a1f636bf,1508480655.0
commons-bcel,4f30fa5358a7712bbaba7e25d97166d9b4a0f0a0,1508186071.0
commons-bcel,d700649c1748cdec25ce871925d80a1356e3147b,1508185958.0
commons-bcel,0d33e877b1642b1bb630415304b8d01de2ce427e,1508185933.0
commons-bcel,7a8ff741e0d60d6430be6f8a25bc1bbeb65832a2,1507529812.0
commons-bcel,a3fc218ad914c8e1de13ec3d5f5fb4a54597bc8d,1467586463.0
commons-bcel,960febe9458e4213133bb7751c8ab9c3c0b88bc8,1467513678.0
commons-bcel,8025b2aacf291bf9197171d9ff1f7a693431726a,1466546020.0
commons-bcel,8e00ac7a927f8ab42cae75fb6c5a54cb2bde8c83,1466540931.0
commons-bcel,25232230d98d47fbb2be4648ce776702089ed13d,1466253407.0
commons-bcel,b24dc73be37f00dc35bb1e41cad90c703c96a13b,1466248084.0
commons-bcel,f1532f0cdd5cfc6c40fdc85bc50d22ef2dba699d,1465892809.0
commons-bcel,475e02f6b0f0e7b650b44929b19cf6d5812ad2de,1465601309.0
commons-bcel,4b46a1595c4c8688644549b3cd762819f4ccfac0,1465560445.0
commons-bcel,227008cff233f9424ab37044b2c0d7b2d178c330,1465339598.0
commons-bcel,100cf21e5b877d160eefebdbe109b331427aff3f,1465338152.0
commons-bcel,38cf22a1846fef0a718386791f029b3ec7f125bf,1441979641.0
commons-bcel,97abbb745f31c635c5e2b9a9a4edd8ec7c15430c,1441927833.0
commons-bcel,2ac8f67206fdaf6563b97baa9ef4cb2bbdfb8c70,1441070417.0
commons-bcel,26b8224b8bd46a3a56d424ae8b9716c495e597d4,1440594813.0
commons-bcel,988802e00cc2ab1eb15f7e6f8a29708bb240c7d5,1440543536.0
commons-bcel,d6698f945e5f5bd9e62756d36302b4a4de39dccc,1440519071.0
commons-bcel,d370705e0596eb7a00a3642cf79707cf3f4174fa,1440348559.0
commons-bcel,6f4eb33bc9090e53b37de4cedfd28723350d04cb,1440347973.0
commons-bcel,7e60e8aad7eb551518e9d4d6221dead87a9b08e1,1440346171.0
commons-bcel,5ca53905fd892619b7bcb9ef3c21602bb7883c8d,1440346043.0
commons-bcel,323c7a3ea9e5a0910e709b4e11336d4b1f2e4833,1440184662.0
commons-bcel,572854cb170091faf4953d8f501be016caafdf97,1440184552.0
commons-bcel,3fb37c7cb54cfb0b867deef9d0da1782570ca665,1440181775.0
commons-bcel,353335014c30e25603fe0a2b9ef500748faa2959,1440181561.0
commons-bcel,26eaf6bac8bab3fdb19a485028f104d8fcd0fc62,1440179754.0
commons-bcel,7ba2d7d344ba697f9d27252ac049acaa15b1f40d,1440179651.0
commons-bcel,d7967546d9d544d4aa14ddf1790540073495ffab,1440174047.0
commons-bcel,1ca90e098692930c9fa429c1dcdccaa03398fe17,1440170326.0
commons-bcel,f71fd151869e4e00454c1928be6aebaf34cae503,1440165777.0
commons-bcel,1ee2799e8a3a2f7ddd7e2055db88601ce3277a91,1440165451.0
commons-bcel,e9b1c00018d79668e0fd747a2c4500cfc15a21f5,1440165128.0
commons-bcel,5fc2d4fc7e8bd75b0a0a79ac94bef5c70999b578,1440165036.0
commons-bcel,13f1429b7b8d0e70443a812aa58d8f30b3a3e632,1440091167.0
commons-bcel,c2f5b0afe28af49f3b0360661545d52df70eac7e,1440073182.0
commons-bcel,af89ae58f914f400e198be73bc43ad556681706c,1440072946.0
commons-bcel,9f307d3947513e9008eda54b9d9dfdcdf76b4031,1439711505.0
commons-bcel,b4d4d168b6077c8c6a35257dee0967fbb85398c5,1439590967.0
commons-bcel,5292a12753c590a62a21f991057db3c4ed5d3775,1439503440.0
commons-bcel,cf39e4cd745289a2adac23354ed4c1b1d82b4c26,1439502862.0
commons-bcel,6c60fdc014de2746c407e3b5c1417db3b2646afa,1439427364.0
commons-bcel,8627a297d18f459902bea7283683a432b1caa0e0,1439427205.0
commons-bcel,66a105eeb194b73ebb656eb0ebe647b37aa3f6c3,1439426860.0
commons-bcel,1256eac20695a0152a10dd14617a7eddc58d8746,1439382654.0
commons-bcel,763333c2572c5ebcb8f1d09c32876da987741c54,1437340246.0
commons-bcel,9a09f41b03df238043e0eda59d5cfa11cdd36523,1425757114.0
commons-bcel,a667105d323cfaa5584b8067bd6840a4a39d2b5e,1425756242.0
commons-bcel,1120dfb0df6256985e85ca0f46ecf52902e0aa76,1425755847.0
commons-bcel,670048bfa4d805a681f49a7f9b8c32b46ef8d031,1425401647.0
commons-bcel,ab6149a3c75a02511879e27f22aef38c8252dc4d,1408978472.0
commons-bcel,f896e6c9eb751b24de5637ab86731068fa0e2096,1406579614.0
commons-bcel,8dd181cb2646b5688676997c8f2725b443d39744,1398261941.0
commons-bcel,fda0378a8b21009210b160b04a95a5b4c649a7fa,1381819565.0
commons-bcel,fccd1a0ce4cd7a3b400fa04a6f0f380af57a2bcb,1368293672.0
commons-bcel,f38936857b7d7d055c9acac74cf75537e70699b1,1338207886.0
commons-bcel,b99842f9b4e3f124d1e7afa8737302e979c5e5a9,1332172798.0
commons-bcel,e34547e8a94b6bb3295d4353e77ab82adc3a7c3c,1332172369.0
commons-bcel,8d35e672c8ebe701aef87db2bf21d1ec857bb0fd,1331478370.0
commons-bcel,ef9e0252cdd3c9b27b0f69bc93424f0ae72fedcf,1326595425.0
commons-bcel,4df7825c2924e165d787bfdf4bc777e30ed8b847,1311309716.0
commons-bcel,5e415a163fa34e02b421620f638b53ebcad1ceda,1300150653.0
commons-bcel,2010565a4152aef7b2a8dd01064a680df8791468,1300041680.0
commons-bcel,fc373557ac4763cd889b3af8662259eaf2303946,1300039533.0
commons-bcel,f2ac82fe94023ff30b294545311a94364d74de89,1295196401.0
commons-bcel,1c4714e9f7600a53dce7c9221c72d77035d56dc8,1279961683.0
commons-bcel,e5585e4468b2462c7387eff52dc06de96d50f893,1279585691.0
commons-bcel,9cb003311e0869cd0a1cb9bb550d0f41c5ab78c4,1274753051.0
commons-bcel,f20b04f1266b1f4aeb8d82a4e9b20dd48e14cbe3,1274746830.0
commons-bcel,dfe6c87fec0ec41129207819bb4b23ac9938df2f,1274746102.0
commons-bcel,39694e84b80295cbb1afab6855ab9331f00ce622,1274745077.0
commons-bcel,b18771dfe8529ac9dea72f77470d056504735feb,1274744388.0
commons-bcel,dcc2927a2579f095657c16760c18c3219201e23b,1274714719.0
commons-bcel,115499dd09fb182589c16521761bdc84ded4fd5d,1273164197.0
commons-bcel,37aaadf64f9d1e1d7ff19311f82f5d9435942cfa,1258380649.0
commons-bcel,b4f1e7721fd3f2f47bd02eef209ddd1a66ac14cc,1201986585.0
commons-bcel,74a823249c66276c50edfeaec4fcadbc35cca2fa,1171960148.0
commons-bcel,6f1fff6c11443cc64669b85264cc5cd40603c5b1,1145366589.0
commons-bcel,38bf6843ce6fc6c878a5b0b55c49c034a3720184,1141995787.0
commons-bcel,fe8fdd95ada8078ce29922f739cad07a7454f700,1141272620.0
commons-bcel,770ceafed9ec829314b8e095e01ff39474566908,1141270367.0
commons-bcel,2e296faf208a8331e24633c85acfbcbeab63de0c,1141265423.0
commons-bcel,2b0c79fc9b37d0c5f4dec23c94aa5ccbbc463e56,1141002677.0
commons-bcel,034c46a950d994454d150c2a272b33ce783d26ef,1138849799.0
commons-bcel,5ac676c3e11b2ff045730c5d5d1d2a922bcae3ba,1128205947.0
commons-bcel,4e56fa6b620e40202a3157b535d82d71fa610e9c,1123800783.0
commons-bcel,f07e2550989955261b915e630df4148f904338e4,1123731392.0
commons-bcel,b9be582d08d95e8ea7d7fd29b446a0bdf677b6d8,1123127847.0
commons-bcel,ed9198fe32dd8ec2b20bd4d3f45ace7695e7f717,1122793658.0
commons-bcel,19c850976b9346c4100ef38b3b2660e855609b14,1122791275.0
commons-bcel,3cd809ae5c56015ccf52fe10aa0c0fc78ad143a1,1121640178.0
commons-bcel,51e30a0ab2d6873bdb7bc048a323dc3967e32015,1121571965.0
commons-bcel,3d2d0d45e7bb3f2ee3f2a35a87dd3e87d7135254,1121562063.0
commons-bcel,d01c03aa83438655a89f5036a31f56e274aecc18,1118450859.0
commons-bcel,34358032ad0c0ec2290366aa3972f1bee21726d4,1113612755.0
commons-bcel,2531956f2049749d3bdb759573c36baba49ea53c,1112929212.0
commons-bcel,8352cec85fd76d0bd0697f7cae6162411c97ac85,1112928459.0
commons-bcel,244a45c01154b9615e131128800f4294e66741ab,1108193610.0
commons-bcel,2d9218029f419a616bb6a757868ed304063d1ac6,1108117416.0
commons-bcel,3c391bc8e78574921bb2ef080ee802a6827b214d,1108092229.0
commons-bcel,da241ba8175bf654bc9871ca346224e1dde19445,1108016318.0
commons-bcel,1e7605ee2bfddc26bfb901998e2a4fa834a88195,1108014984.0
commons-bcel,0acefb111e3f2692f4f5f90bda11497c83901905,1062574051.0
commons-bcel,b4040ff90ffa92408e4a23972c9938daa11fdc28,1059375881.0
commons-bcel,daf982b669bb558944ca5ba0bcb292d0f078ceb4,1055403022.0
commons-bcel,087456a425adcde0f7fada87c57bbdcbfccef8cd,1039363478.0
commons-bcel,ef36f3d6938c8f953da7073406d60affec71bd89,1038469013.0
commons-bcel,8b85720148cc10b0f636e02c2ecf878bb5aa326e,1028743551.0
commons-bcel,6f6e87d76c0297c3dd5db18aa002e407be3754bf,1025970694.0
commons-bcel,002ec56d2ffd405e3fa61370c9b43d03df015575,1025970589.0
commons-bcel,93c105990997b66b1a9f7569b2b24442dda3a240,1025821002.0
commons-bcel,8351625a7710f5e1eb146bef3adbf72e3bdfa0db,1025817154.0
commons-bcel,d9523a7f55f322c81356329fee5672dc8d17f351,1025363683.0
commons-bcel,b409e12863b8a7f4e4478aed810d30929e776765,1021663444.0
commons-bcel,7353b042d83025f3e9d346e35b4215baca604016,1021041956.0
commons-bcel,b45f1b2ba10408547cac0221f4ddcaf54c557fb8,1019860540.0
commons-bcel,f9c55314dd9634dff16db0cabead85d39e7efcdd,1015952643.0
commons-bcel,4ccf2cc0afb02525a3f0b85b7519b9a90170f612,1015925041.0
commons-bcel,3275d508b30dcafefafdc3f70305d473d1e09e19,1015863398.0
commons-bcel,711b255da655f47922bf787d9380d39882c7a704,1015849359.0
commons-bcel,df83ee9665069978f7d3411193fb744b959dfcb1,1015713015.0
commons-bcel,874a8073beebac6a86f2a9758d810618196f3bac,1013424336.0
commons-bcel,10f853464a01d13c4405b9ed325cd1e8ab63a03b,1012813600.0
commons-bcel,ae41631e05a6d4745c0d7c086229e745b4a4aa97,1012812202.0
commons-beanutils,3e26470374ecdfd77ac29a0f1b99c4030abdc6f5,1514203160.0
commons-beanutils,a097839338082366071d8a1e0b68e9762459b634,1474743634.0
commons-beanutils,49eaf68b54f4114a0176ee56790d8415fd64876a,1474466567.0
commons-beanutils,71491e23d68df50555c52db62ae9bfc0a2543b6a,1473689881.0
commons-beanutils,330d5cf99c1eefe3fe86dae260a8873068650866,1464897685.0
commons-beanutils,15c72674ebb4bd99790de97b5645f1531a3a7c00,1464671587.0
commons-beanutils,7c05411f80b6748b6b2197d2014bb98c8b0857c0,1413477073.0
commons-beanutils,295d46aeedf3660d89d6c578b84c410089f9b1b9,1413476468.0
commons-beanutils,430f96525f80fe4909208ee4d2aaff81c312aff5,1413475961.0
commons-beanutils,a653374b2871d67f51cbb4ad2083444e9c3afe1c,1413474058.0
commons-beanutils,47ed0c7cdcb4d516e41769e38a9cd5ef4d01713d,1401029823.0
commons-beanutils,8f77bd63d8b5b2ab593b134fef2bf5e59bed0441,1388777883.0
commons-beanutils,b44b3d95b321cef0281cdf130e8c286bfdcd60af,1388777859.0
commons-beanutils,25ac3249dc2a40bd52ceccc9251c8446b036d197,1386189186.0
commons-beanutils,3866c74f9a5cf7afa7fe5366fd056e92e0551191,1384110244.0
commons-beanutils,31ad1256c66f47e58b7ef40955953e4a1c6bdbf0,1383858298.0
commons-beanutils,643590426ee7255ee5e1e661b9e2ac8a9052dbed,1383858270.0
commons-beanutils,c64d12958fc711d667f26d0173bbaf96157d629a,1383858238.0
commons-beanutils,47b76cc60f7b73188cbb47a0879aabfa0228be31,1383858206.0
commons-beanutils,cae430631d5472394441cc82e142103c3a70dc83,1383858177.0
commons-beanutils,6fb796db3d138b4e97dc1fceadf6bfdad74a3533,1383858143.0
commons-beanutils,a95c1598ef693cbd7d874c33eae82433693b75d4,1383858112.0
commons-beanutils,01f84f2b0d9c13ac82ad471469b6a5692d0f8cbb,1383858081.0
commons-beanutils,3ff71911718c07ca1016ca855aece547061db85e,1383858037.0
commons-beanutils,efb03bdc301d917b746e6716f2a074f54ded723b,1383425378.0
commons-beanutils,eb3f760c1c38fe3910d979e75093da67f685e2f5,1383425356.0
commons-beanutils,b4621118821f29afd3d5ea47eb8a684f4e5ed3ee,1383425333.0
commons-beanutils,3c32e5384eec3142bb017fde824dd1cc0db48876,1383425310.0
commons-beanutils,99d1ccf360643d89b88bdd218fa917d365d95cde,1383425288.0
commons-beanutils,af50960c662e2d006dccd4156ca85ba3b2d3d5b9,1383425265.0
commons-beanutils,3fcfac543d8e54b93695ea5f32b1820c5e5849dd,1383425242.0
commons-beanutils,6868968abdfb03229bb0dd60e57a502db45394bc,1383425219.0
commons-beanutils,bbd32a63be1334620c1f52bcf4494de4b1e6931c,1383425195.0
commons-beanutils,b367c37c2e92ae652e49b361425bdc7ab3390f25,1383425171.0
commons-beanutils,9930786b2d05890fd071332dd1b9d7d7ad0e1b3d,1383425148.0
commons-beanutils,dca231dd1b2629f45e65cf46b6f91803fb448aa2,1383425124.0
commons-beanutils,9818f5ce6f76224f0d5d5c8ad583d854b8cc6872,1383425097.0
commons-beanutils,4e347adfdb1a84535440d6c9f392d134a84969fd,1383425077.0
commons-beanutils,1f0919e28420fbd1568ea1c1fd4cf7b46eca9b04,1383412440.0
commons-beanutils,16d64a96a0a07468bb8b2d3293d374bd4373cd70,1383412358.0
commons-beanutils,10eb628668b39384c50a58b5f4daddb8c1282d3a,1383412287.0
commons-beanutils,fc7a9d362dbd3c03ce32c64520c2678f6712a848,1383412215.0
commons-beanutils,616ff5d88cf082654c75b744a49ed8d34c7afc6d,1383412107.0
commons-beanutils,3b2ee4473258b8fcf5adcff30a940a8f9fe8ef6c,1383164506.0
commons-beanutils,f3200e2cb20caba56a1bd18f2363b97e1dfd1dec,1383164472.0
commons-beanutils,c646312f5c629c887607d34038c6aa5a50c751c1,1383164446.0
commons-beanutils,0d3e56b5de60ae856196741a857a6fc2d72dca90,1383164416.0
commons-beanutils,1650a98917e94fd5f869dba8d93d404b0a2fa6c1,1383164386.0
commons-beanutils,755b7d42fb89b5e77d77c8fd9045cd50963c9829,1383164327.0
commons-beanutils,8f67c1bbb9f09d82ae537aabe76979fd13827d0d,1383164270.0
commons-beanutils,381b4d01fd986b4f2d88d37e067fd44ece842045,1383164163.0
commons-beanutils,7ec880b6e13f64d08074bdab4e3d6055db86a9b6,1382905891.0
commons-beanutils,c7397a9b5590b4f6be614262530a0c416e22ee2e,1382905833.0
commons-beanutils,4e409f4c7828b33b8116374e5e0525356b10bb65,1382867917.0
commons-beanutils,e1dd7362802407cfa0b30af0980c501b9740f680,1382867896.0
commons-beanutils,6cc54e81eb097edb46b0ac8dfe9d66dee1d50c1c,1382816710.0
commons-beanutils,602b66f8b3a4114629b29ce29579b58c8a261e2f,1382816645.0
commons-beanutils,605a90ce6e5f51358eacff3c72baa4ec9c4bb4e1,1382816479.0
commons-beanutils,39a91bcd55f48a11973b1f57b62bc846d710364c,1382732955.0
commons-beanutils,c9897d91f8c487f23cbfc5b622029d666abc5a3b,1382732896.0
commons-beanutils,a5b1fcc4b865936fff2433be035af17d2400934f,1382729837.0
commons-beanutils,b1d296a3acb31bda6b830c3bfcd29dfeec3b2ea3,1382300786.0
commons-beanutils,6c7c464bc28c3780894b734b2ebc7be261ace70b,1367852377.0
commons-beanutils,c4edd22520e8c09579ff1c43bf1022a2e52227f4,1367849383.0
commons-beanutils,61f7dbd1f61ecf216ec364fecdf175c46c558b97,1367849345.0
commons-beanutils,a91678623b7d0964ece79d4d95f01a20bf6dd1dd,1367848847.0
commons-beanutils,8beddb2fa64ebd471535b2cbab7ec04b3cf7b53a,1361706212.0
commons-beanutils,2267a1902e8dfc1c5c43506a979717d94dd3eb44,1361705605.0
commons-beanutils,efbcf1fb211ba95ee72fa8bf1a965fc0909c9cec,1290383292.0
commons-beanutils,3cfa8b28201b0342e8039562f448f7313a789749,1269269849.0
commons-beanutils,00cfb62b905e1c2c9ac5f0d96f484a74219549b8,1259146343.0
commons-beanutils,f65d5883cd0961203b1a4cef8ae0dee0752dd973,1257769612.0
commons-beanutils,a8796fedbf4e35d68a6e7c9b0bc0395338414906,1252335640.0
commons-beanutils,879f3ff6cf279aba49a601b6317fccd09a25ec60,1252335565.0
commons-beanutils,67dae23ac992d38dc0e86fcd0ff04cd9af9ec85e,1249346229.0
commons-beanutils,a1679107f7e8bfe4a55bdbe9c767bd89de7142e1,1249345421.0
commons-beanutils,727bcac61f5c559ef33fd607081ade8413488b93,1244626026.0
commons-beanutils,989135e762d3f00767240e7b42ee9e1cccbe43dd,1219932733.0
commons-beanutils,88555fba0f9d2014e3147e1e8b6b1c65a66672a5,1219186279.0
commons-beanutils,90d142dedc0b051deb7b3bd8b995c58f23b5281b,1219164603.0
commons-beanutils,afadc5ca9a5f7976d0792388cad959be41e0f443,1219163610.0
commons-beanutils,8a404b43d5f349ae7e1239953ca3697f7fb692a5,1211391587.0
commons-beanutils,30117b78f52a32cd9ce0029025e38a0ff7962c47,1208801118.0
commons-beanutils,3b7c125b16fc762a81091fa7ecd0e177a5b7b373,1206314771.0
commons-beanutils,da4aa88d4ebd617b4c527e23189857335858720a,1206307885.0
commons-beanutils,f306335d0f7cbe362cc6dd869642b65376db8b6c,1203106460.0
commons-beanutils,b32ef1172046e4b3e9f496c3e06c363a12f3cbf4,1202115329.0
commons-beanutils,a25f8c10c0ed5e92b3cee2af7e15d1a30d468aa1,1184696846.0
commons-beanutils,1c2dbaec32cb663226ffae7edad13607340c174d,1184395026.0
commons-beanutils,6fa02a6bf320cc156a5bbe7eef50dd0aff5f0bf8,1184393479.0
commons-beanutils,6302964a08b506e64df8aee19d605f968cecfbf7,1184392469.0
commons-beanutils,d378d22b164cc87b517b99af7f14e0c7cbc83faa,1184386761.0
commons-beanutils,7153862be7dfc17134a969a08495566f880481a7,1184295125.0
commons-beanutils,176f126bf127bcbd5636ecebfbfed49dd2734a93,1184249716.0
commons-beanutils,7f241adf69af25938b0944eb8332bbe5997a9ace,1184244599.0
commons-beanutils,876852cb3b06e86994a04df1724ec0e9eb36bc7b,1184135135.0
commons-beanutils,90ebc22a1a31a799a90fe1e8204d12372f9a97d4,1183597825.0
commons-beanutils,c203a56f1fd2ce7eafa07be45fe52e03e23dcafd,1183287866.0
commons-beanutils,84953524792d205ae889401062a697580ac72ab4,1182970832.0
commons-beanutils,4537b0b88a2f58e555f494c45ff4fdcd183a3428,1182922455.0
commons-beanutils,a59c262743f3f2c3fa0bd1f0f667d1d75914aa12,1181655332.0
commons-beanutils,799f674dffd9ac1406c52cb6d9d2077126b5be0d,1181576573.0
commons-beanutils,ebe089b68dc2b5d95ae5e0b5e1e610fb4456e22e,1180034523.0
commons-beanutils,37af225017a0ad14265c5ed61486a8b9c4436589,1180017110.0
commons-beanutils,1255b1ff0cdbd7be75323522ac408d29a173655e,1179790577.0
commons-beanutils,80e8fd2242f2e2d3739a545d71f9e20d42d2daf2,1179699453.0
commons-beanutils,3f71cfdd7617d1f16dd5fb58dfdaf4f30a0e486f,1179695568.0
commons-beanutils,9f61afadc20232d09e2bb404762e25882fd69475,1179676172.0
commons-beanutils,5ff95c71010b6a386e1a8642a8e44f5dc83318ea,1179643620.0
commons-beanutils,a48b4efe54e151eb138f7dfe7220c7bf572daec9,1179637808.0
commons-beanutils,9edbb07dc026fe8c681c3d76d55c1d1914f1bf41,1179503879.0
commons-beanutils,b98993249999b330a1674cce5be256e129e055f2,1169293755.0
commons-beanutils,7ebb8e9167eec4a436316770d97687b06f59f4d1,1163310784.0
commons-beanutils,3bf52ad0dc783a5f640b6eac31f74e1a91822e77,1163260360.0
commons-beanutils,db3d3015f2ff91ef9f3172613e0477959b34820f,1163259554.0
commons-beanutils,59badf3b776c7fc7f44ee6e0284879e21ad3daae,1162810369.0
commons-beanutils,8252efa3a0ba05fd56065bf87c145d6abd4f116e,1162695566.0
commons-beanutils,815a48d2428d1c7bfed1d81f2df07fb9e042c1d8,1162343815.0
commons-beanutils,e0e7ad92e126d733e17bc81247396710e5fef9aa,1162343735.0
commons-beanutils,7c6c01e3f7ca98c4422fd70f753f18a91287d100,1162343649.0
commons-beanutils,2a164a3f1a110f7b66da107f178613196d9d0a31,1162343588.0
commons-beanutils,62e643b79b41cf91ee6cad3f689de2debe9d9a26,1160184014.0
commons-beanutils,de6ce4c143ab4740bd3d3558f2d83532582599d2,1157819384.0
commons-beanutils,137b9ecc857328dccb75a2e733af2327bb14376c,1131718182.0
commons-beanutils,d90ef2f065636d7eb47372619e5ac6840998d1e6,1131702913.0
commons-beanutils,3d034b181f7548976bbc819f0cfc1b761ea76b3e,1131697054.0
commons-beanutils,727693640ff96c502244f74f23a23bb7fc0f923a,1131691839.0
commons-beanutils,3fe9362ddb4d6420671480d40fd7f2f7581af529,1131684238.0
commons-beanutils,e7daf85c7d6ae84991b6f93170b3bcd7963800de,1128544531.0
commons-beanutils,89f742ecea570e8a5dab92291813b3f01f18e50b,1125598339.0
commons-beanutils,c3bab21198bd1286882ad8ba27987165fcbe28bd,1118227935.0
commons-beanutils,38b7eab248915d22562768ceec212aa47ac0d4e1,1117349748.0
commons-beanutils,7c9a982ea372b1e7d8f0a9086120e5d3cc23cc78,1117345527.0
commons-beanutils,99da9674e46a873bee9869993402cdbb857ace2f,1117339804.0
commons-beanutils,cb891cf0d22e177192c542737dc66faef0f55f14,1117248161.0
commons-beanutils,435b039a5ead400c889c512988d50f4a207f1f5d,1117237230.0
commons-beanutils,397bea0f7e43b965e32ea144484adf3b9491eab6,1111534125.0
commons-beanutils,7e894703bf6fee1b1ebd42c4a19e7c56338134e7,1110180073.0
commons-beanutils,0034341f75b86e9482198d06a792c79e1b6900ae,1108760719.0
commons-beanutils,be478f5b42a8e1e0a68587c915b43cdf2618686d,1090413192.0
commons-beanutils,1671189d5b73e7e6e01157358027a62a3b235d12,1089751904.0
commons-beanutils,31cedcb9009dc9ef07738afdc2920e7b1d825db9,1089593745.0
commons-beanutils,98b3413723c6a29e133fadd789b9223bae0d9350,1089292326.0
commons-beanutils,2007f622c2bb6294ec6f5fc122d742a9ce54495d,1086299371.0
commons-beanutils,1d54f3f95e592f2cb6549196c3facfb9b58c1a54,1086298599.0
commons-beanutils,8ed5005c4703761890f9d4ba717d7d41ba8ba41c,1086297416.0
commons-beanutils,3a08220d010216caae97991073d08a60df10c2ff,1078352389.0
commons-beanutils,70035aecca3c971819b9a06993fab14a3945dbfd,1076846395.0
commons-beanutils,d64538bf777b6b53072f6fe132f39fe071d1e582,1076794793.0
commons-beanutils,0faddc4fa100083309dae95fa285153235ea078d,1075861375.0
commons-beanutils,d96b976ba5ea0ba511561577e9be74d1b9d9d2f2,1062026942.0
commons-beanutils,fef40c256307f824118e80bd02db1e45c130d25b,1053510105.0
commons-beanutils,98fef7c612596bc9ba54e1743f2179a523390516,1053096622.0
commons-beanutils,17128f458a8e50c971dbfaae4085679beb4d2f00,1052775776.0
commons-beanutils,56d322b68ee7765114a5dd5426b7de9573016ca3,1052335851.0
commons-beanutils,b6864a1b1b4991db531a6d7f1b63db6e2be8b69d,1050482194.0
commons-beanutils,b17cfecaede2064b66a6fe3a505bc7db4001bda3,1048710280.0
commons-beanutils,977de00cbdb416a01b8bd64edf7ae086eb6bca86,1048708306.0
commons-beanutils,ed650957dc08640827d1eaa772961bff23b89fac,1048630074.0
commons-beanutils,7f5781045f4177cdd9a40da9a245351bcf629c54,1044343694.0
commons-beanutils,2457af962ae0a07337694b1577fe701090efea2c,1044085529.0
commons-beanutils,f17f9fdc5a45936af6bd42740b3ed210a0e2fadb,1042405665.0
commons-beanutils,b8a74c1da967d4ea38adba49263d4c1fafa7b592,1042387496.0
commons-beanutils,5679ba5b584cc199c3d2ae086f4475edc5c9206b,1041626291.0
commons-beanutils,71ee05cd04007642386b5f9aa2fa89841193ea73,1040321120.0
commons-beanutils,28f83d7d569cff94dcb0c1f881063e75791db0f6,1040192441.0
commons-beanutils,cd50c5b5e9f8b6f68441c473f955a4c4c7a54141,1038346126.0
commons-beanutils,36d5a1919953f4eeb41035554a731f8a4a6120f9,1037917261.0
commons-beanutils,680a430de078c3482240e26b209c843b421cda6d,1037742666.0
commons-beanutils,e04d37edff4a94bee722f5ac691ff4cc9b8a2d5c,1037737208.0
commons-beanutils,3345a60bea315990a20220f37ab1bcd826d2fd42,1035737499.0
commons-beanutils,e1bb327cbec31454863e75e3edaf527f6c1e4e09,1035269312.0
commons-beanutils,bd7dc158b4712e1bc18f27248ac04e46efd3b7b1,1035229995.0
commons-beanutils,9509148610ef9b3398805d87d8fd59a105743e8e,1033205515.0
commons-beanutils,188d8749ef1267da12a4394c90eba976d6c3971d,1032893154.0
commons-beanutils,a1bfe9cbc9e1bba3be4a783d5ed4e16154efd47a,1032731135.0
commons-beanutils,97793f949a2bb3020f080dcdb0dee91a132210a7,1026513501.0
commons-beanutils,d88bee9681a123a55b9b8e4c86871438b0857b77,1023309998.0
commons-beanutils,112cf25708274d71ae55e0e6b78d4c31731527b1,1019949083.0
commons-beanutils,f4e24f0b19dbbb002036fce86b8eec1e3ab0ad75,1018139252.0
commons-beanutils,b774009f79cbb25702a2d3455ab2c07992372a07,1018135715.0
commons-beanutils,c2875414b9715e9a726f6ca0387a562ec6784dea,1018018695.0
commons-beanutils,13836e6a1613e8483d2d5e7fa92dd62288b2e7a5,1017532725.0
commons-beanutils,321ff1a6961b7d52cab808be2a89be3a7b7c8610,1016963765.0
commons-beanutils,84355446c6f6b3c77aadb8333ecb916a5931060f,1016961371.0
commons-beanutils,6323fb9618402b2acad1d64b4cf431f388bfc881,1015483397.0
commons-beanutils,921d4c444d957fd7eb259d7df42313a2eb03680c,1013669999.0
commons-beanutils,ca16fd4ac59051bf1e02c6935c884fcbc7041b74,1012104762.0
commons-beanutils,c6384c76e3e5b3efb438d6771cabe580a620c1ef,1011826346.0
commons-beanutils,e674ddd99aa1e2c43e73889bfe0fc0297f3dc397,1011205202.0
commons-beanutils,ccb8dd62d1e5abb4c00f7b26883729728b31dafb,1011062374.0
commons-beanutils,770ca901189b26589b263037f1da895febdd8486,1010868431.0
commons-beanutils,79806504c1e27eea8ff4fac47a599c2981fd05b7,1010296868.0
commons-beanutils,7a7512b829bb7dd60b669cc7478d385012020900,1000530386.0
commons-beanutils,21892745c86fa03b465cdfabb99554e9659b1941,998435108.0
commons-beanutils,b3240c0b4dec02d8a511b831e07eb0d03094f677,989195553.0
commons-beanutils,034be5fcdabeed034bfb562ae7014e021caadd7f,987427606.0
commons-codec,36fccb4325f924bf46babd4d8d60226f8dd3f154,1538174862.0
commons-codec,0fdd249cadaecd32a39d25301f5242f9a92ed351,1509191951.0
commons-codec,29a7e67999568a5c86b32ef513a90d5d090ad2b2,1491004668.0
commons-codec,5ef5bd199a4e3df74479b4b363fa29b0b3092547,1490564616.0
commons-codec,c600de52e107d1fd3d5a9c1aa1bdbbd6754622a7,1463754197.0
commons-codec,27388c817bf558af48568ce724b9de080e80e8f1,1463753983.0
commons-codec,5a5bbc662104afe8f020d89d6e560f2897678984,1463743102.0
commons-codec,7ff71807ce589931a56ae6f1306af43c6b8632e7,1463567277.0
commons-codec,cbea3176308e86c6c5c82dbcb8fde367945ca1a0,1463537470.0
commons-codec,b83e111c619232be9ba0a7bba682ebc141b618b8,1463223200.0
commons-codec,c82fe35c48bd0082c16644d16d82d1be79d6b9d1,1433426475.0
commons-codec,9c881675d214b95fcf861b69b4204bcd7932f66b,1427343043.0
commons-codec,28b7b958d39730fc278fd1919bf335c52133a1a2,1427050132.0
commons-codec,199019d04c26b9aea45c77be6634ba3a49122470,1415626318.0
commons-codec,2b1e98f2744aaa514b75b7f90c0838fc897b4348,1415047044.0
commons-codec,8b3653712323de2d9286f1c5e8453bcdc93aedca,1414364900.0
commons-codec,5dd9e60cb226c571e13832023489e8bc366ce69c,1402526754.0
commons-codec,83881d7331950147503d9ad952a14ed06f3c91ae,1385073456.0
commons-codec,f98699421fe6e66c911559559979f23a50ad0c9d,1384722890.0
commons-codec,4898d123b1d3c11a025e7cc707b85809e3627ef3,1384721552.0
commons-codec,79c4777389b173d15fad261ac5dbc98cf7618d8c,1366050915.0
commons-codec,3cc73baf806ea007dea3e66252dddf2d8350601d,1365442002.0
commons-codec,9ff186bd4faaa784b0ba9bdd8980f9f9d41bd8f8,1365220992.0
commons-codec,b4eba75157d30e86192af55697591e0f2f6ef354,1365220148.0
commons-codec,77ceca23f1e9370daa9866f3cda5e5b758370623,1358956281.0
commons-codec,55a865b17bc1d1de321dd12605edc4ae8308d5b1,1358604592.0
commons-codec,9e2f9e8f0062bce5a31988c8b01d638061b39dc1,1353598755.0
commons-codec,04955ba87e328cd639d7248bf8d72b413613679c,1347321509.0
commons-codec,031beb1467137e9ded0980767e51cea8c7cdfb69,1346698174.0
commons-codec,b0abc067a8a5110211c4aaccc360f5087a78d3d5,1346697441.0
commons-codec,554058f5dca897586217fd9bc30fa9ff266a6584,1346697232.0
commons-codec,f19882640438eea87c8ac66724c1acc1e1459d3b,1346614836.0
commons-codec,ace1dc41eb128bc0de794b376f446d276f80ef72,1346515558.0
commons-codec,f5b26b6aa2b1ab2cb3e7587d0940991b577e1511,1346418085.0
commons-codec,026d5047d108ddd36bd807a3c119dd5057814161,1346358977.0
commons-codec,19478daf74e7a8a33c8705dc742cbc86a27ea91d,1346337863.0
commons-codec,17a88b3a7558387d75d27e22771993a45969944f,1346336173.0
commons-codec,7f7bc85528d7ec75b5c5c49b0bb3f83dc99653d9,1346333472.0
commons-codec,aead18acdf24c7619bd2b63a39603b20ccbafba9,1346276338.0
commons-codec,4541fb80e0558682793a5bd2372a74984d62745f,1346275789.0
commons-codec,36dfa194e6155bbaf8d468403cc3982aceeda3b1,1346275127.0
commons-codec,76c125c3b74a390a39cdcd6666cf7e9cea0e5c1d,1346274167.0
commons-codec,09f58fbc8956b05aec9cdc7ce9d153639917f24d,1346170392.0
commons-codec,4889e27ae37895a859542def1fd5e3f134058017,1345757106.0
commons-codec,79a585cc2945f4f26f0a2d02bd66f58c2182d369,1345752090.0
commons-codec,0f2c16e35f19c1de7a1170cef3451bdc1beca3c9,1345750303.0
commons-codec,536ede39c1bd58ae4aa6138103746b94164287ee,1345236138.0
commons-codec,fefb442fc8beef6b044768ae4d110b4393521c61,1342988859.0
commons-codec,288e3d9372af54555a152b8dd827ca211015d1d8,1340219265.0
commons-codec,b66d41a25fe44847c828bfb188d60cba98117568,1340219048.0
commons-codec,fbefe56c0a41a1742872c9d0f624e5c32710ab4e,1336092289.0
commons-codec,c3c58f29b440392739dcce3c385048649ae735b1,1332513596.0
commons-codec,f0ee4661a5e66274eb513902639f0a16edec1b0a,1332489406.0
commons-codec,86beeafa9acb781ddd7cfd82c60f9bcb94743264,1331248223.0
commons-codec,0980312c6c4a3c29b5612e68c85d5d8056925974,1331248148.0
commons-codec,e84f6f467fdf5a29bbbc14543d4da92deb5dc39a,1331248087.0
commons-codec,dace53f5b2dc2791fc6a0c6981fe2756be405cec,1313432884.0
commons-codec,b472b1742ad55d0cdef007f10f6062990300eaf8,1313348334.0
commons-codec,03af5cc99956ac0b60ba64bfccc0389587b584ff,1313345185.0
commons-codec,800bfcaa98b883574e3f34f0100d55543d2826a8,1313345053.0
commons-codec,c2809b4b7ebbf2153114f0803d6b12e7f35cf5fd,1312852646.0
commons-codec,c714697cb1a79c30ec4a30adc14d8efbdd9933c7,1312381575.0
commons-codec,ae537ccef18ed5d78c89a750f99258e87d409948,1311861175.0
commons-codec,ddc7143ed89a6c92bbafb89bbe8e1fc4937a878c,1311824714.0
commons-codec,cec801e6b0050ab4d8d94872b92473b1a4cf0f2d,1311796068.0
commons-codec,87c482725e50eadf01d7312c8eac1be2e7d50ce9,1311788104.0
commons-codec,16e78c484c6357d288b8f23bad9b038e549cef68,1311772874.0
commons-codec,c6c8ae7a68c4c45f25d1fb11ad62171fffedeb6a,1311772844.0
commons-codec,ce66f92033c01bcbb8ea2b22f59e1e9a5961e8c7,1311772800.0
commons-codec,2d76aa8e140c5c5eba12a7513aad7340ec84bf13,1305723061.0
commons-codec,69e1615c4e56ec6fc8d1a702576240a2885d7765,1298909799.0
commons-codec,70e7d72322c4888627722baca43d672884d4a532,1298406367.0
commons-codec,b9cab09755ac97eee175e7a471e5e18151703b53,1298405249.0
commons-codec,1e81451ba622dc1ec8152f457c9c3e798766ee6b,1298404674.0
commons-codec,b1561e93f4b53cacc2fee7c48750c8882f0b6b93,1298404462.0
commons-codec,49e0d8b05af2fc585b75611ece80cc786f3afbfb,1298347480.0
commons-codec,77dd3dc8a870962e167407838acf3469507151aa,1298346766.0
commons-codec,f8c987f27a0d8ffc13f2eb480f84b76a19fe7635,1298237943.0
commons-codec,7d91ab773cbf5b20f1ca9da78510481851d5c00a,1298237320.0
commons-codec,d6f305d2efd7560634217a25f3bbee59299844dd,1296236419.0
commons-codec,758111e834d688dcb18198b2ee2c5a72a955384e,1296181879.0
commons-codec,56730f9160d3917e180dcbdc2cf133e7a5da0b7f,1296181309.0
commons-codec,0309db6bdcc133c4f6ad871c28fbe468df8f6c55,1296179496.0
commons-codec,effccf34b070dafe36e05a181d90d1969443fc0c,1296177376.0
commons-codec,c86b5e26e0b9195f4928741b5b7dcd3d857f4de5,1296159790.0
commons-codec,4a0babdeb3e17b446f5210467351506aedc3e0c0,1296060580.0
commons-codec,b57a1aec395cff5156812295c9dbaf9b7edbddcf,1295638751.0
commons-codec,d74fc31604c805a47c44d7853f63a3b06ad6c016,1295637591.0
commons-codec,c7d837dc6d545e1f0ba3db5e0ef7e91e07bb7ad4,1279730921.0
commons-codec,bbe1346da2c2cf95a1aea114f6116b37f2ad3d95,1269670728.0
commons-codec,ccafe29e3422fe8986cffd6a8e1fbdfb7ef80c49,1269662448.0
commons-codec,f63e8e9a4cd509e3073a2db90e39e985ac7bcf67,1269659620.0
commons-codec,a5dfe5cbc95d7f3ce0b4829756690c2cb8439f4c,1249253130.0
commons-codec,85daf8002a25291e798e4fb9e7b6e37c2a2ac4ab,1248766369.0
commons-codec,3210069a57d060b1aaec24af66042798c8942ef4,1248478115.0
commons-codec,372c15eb25b6087d13bc4f107e9a048e69a2a478,1248465917.0
commons-codec,fab9e0f107a929697589618995f259992711d263,1248397383.0
commons-codec,b40cb99ccd4407f03d5b8bdf818069c57495b846,1247681675.0
commons-codec,4449af5be0d81e35daef251055eca4cbfffd1d5c,1247525017.0
commons-codec,b8c2d9d9dc9aab45f83cf49ac93cfa8546e4c08e,1247524408.0
commons-codec,cb63f4a959e30de6882b20af10d189c7307a6da2,1237879116.0
commons-codec,d3dee54746095efd4a5e15fdc0bbd066c357aed2,1213922940.0
commons-codec,38dfda04ba5985e228d3f9be61bf9a1fb9481b35,1213920041.0
commons-codec,a0c1b191fa653c664f966bd12bf2fb929a382a53,1213909615.0
commons-codec,de10106801ea43d169a5b58285a9235ff382981c,1204968771.0
commons-codec,751061272644721cd1f27fc6ca2ec3acef36bd47,1204968625.0
commons-codec,a50a203248662d2b4fe6f5b6952d3066ab3ab8ba,1193467706.0
commons-codec,3e7120c8fa69249a264face69d3f69e57b8e9c2b,1101324205.0
commons-codec,82e6bf9700970395ef234de1609e7e93b20e1a94,1093626648.0
commons-codec,ac23124f18d996dbaf32617e2af3209d141274bc,1082324018.0
commons-codec,e203e82bad91eeff6c9f0dda1ddc779f4fa4d14a,1082312553.0
commons-codec,01ca21405950e0fcc2a724cb34885f930c86c5e2,1080153565.0
commons-codec,598c411603b7e1746771f3f536b06593e8b82291,1069632716.0
commons-codec,f095ceb27daa38033f1e8368c90668403a4fb520,1068168107.0
commons-codec,6b0e4534b45d9344d13b71ff5f5369d6dbefb8c9,1068136307.0
commons-codec,124b73fed7492b3118c4ea43c28dc0b1bceda032,1065988573.0
commons-codec,1078329ade725b36e3617dd7c6dd7a714810795c,1065988095.0
commons-codec,21804202745423b5fcd0a34a2c8c94064416ab3a,1065389662.0
commons-codec,83a5ba3fcdcd8b3e39c2414b794fa10cc612f965,1062710402.0
commons-codec,1dcf683da3d9f48ff682e7c9a8a50e02392863b9,1059682161.0
commons-codec,7748f47dcab2b77d0aeceef6af87b13851c3e7f3,1054249409.0
commons-codec,ddafa8f0cf6b44ff6df7ff176caeff84be8c260c,1052880018.0
commons-collections,c4190304baa18d3a376c3c2232f45f63c479a5b8,1530985270.0
commons-collections,641aa1c663ebead0189bf001a06ee56463070ddb,1507942897.0
commons-collections,eed8a7adb3de7441751e846f4a75d110dd205f23,1507761429.0
commons-collections,9ae946c7daa09b20f4089f01202c5e73c5afb471,1505220286.0
commons-collections,55e8eac25d81f07bebb16d812c97edaf1393083f,1505220205.0
commons-collections,a270ff62852e62b5ac0f943a7e57292a72b77271,1470331937.0
commons-collections,52372e8f2b33596c1c5644808d4f7124830e3713,1448100571.0
commons-collections,8ed80d9d68fb4c0219563a99f8026d8f8dd67462,1447715306.0
commons-collections,59c6e94d52eae65060b30fe9210da71bcd14665e,1447599859.0
commons-collections,e58963b51e0f4f04750ebfe3662df4611d89292a,1447581976.0
commons-collections,1642b00d67b96de87cad44223efb9ab5b4fb7be5,1447021197.0
commons-collections,3b691712fd2dc7251907912124de0954f0652f6c,1443433320.0
commons-collections,f8bd75d37ca12c5d49c1b628c33c0b45e2d082eb,1443430424.0
commons-collections,9f363c0dae340911f0e76644f1536bf94e2fa212,1434485593.0
commons-collections,be1e92fa7936b62c044e274f2f44cb7fd43d71d5,1433792306.0
commons-collections,7c99c6234c7b403449420b2688fff3d516662591,1433431436.0
commons-collections,e3edcb934930f79aa7992bf5d4d4073b92a6ad89,1433198456.0
commons-collections,ba72be98b6cfad5268ef8208f21c17027e726973,1432811804.0
commons-collections,c193f6556f7cba0fd7efc000653050457f09b9d3,1432806121.0
commons-collections,32155107dd982360e813d10d0c76f6f7cc2cc7bd,1421075813.0
commons-collections,9dbf8388c5bfa0c7beb15e835b3a5e6fc74ecbf8,1420146646.0
commons-collections,9acc3e824e2efa2e496df8458d207b5fb5722e6d,1420133215.0
commons-collections,67c51ed7ef1d7acc4010e45eaf8088bd91cb702d,1420129799.0
commons-collections,ef70e7408fb01c164fb0f1d4f45e4d9ae2d284cb,1413838858.0
commons-collections,320c0acf89acb5950a10816ca7dd083842ff739c,1399412285.0
commons-collections,62e56cd3884d224e42cc8b449ef631a0909a19a3,1399408944.0
commons-collections,bc85bab7a53a1569b4740c5b142b4dae062062de,1397166929.0
commons-collections,82b547ad25147df44f27a3534a5b618755217378,1396643599.0
commons-collections,2ddd54a7ddfead528f2b1de92dc8dd16be7f5f89,1392239861.0
commons-collections,db058c359ece2c7b7e158840d88cdc458062b06e,1384985765.0
commons-collections,84a844af5d30ea41750071dc8140a56e9e146bc8,1384821079.0
commons-collections,04af9bc8eec8397c0a5c3502145db66eb0c87ecb,1384462622.0
commons-collections,8cc80dd1a449f98924ca9e74970b35f940d43800,1384455659.0
commons-collections,d73ff41fa177ac154aa01c67ee80411c68696790,1384377255.0
commons-collections,90559c49bae582697906598c735385c19daa6da6,1384202166.0
commons-collections,72784c46f6a7d7644398db5c7ac8bd3822c523d4,1384187414.0
commons-collections,ed7710f41c594c030188917cc773adbb6107383d,1383902715.0
commons-collections,c151913ae25d55814c40b7f922886d52c7086787,1378755529.0
commons-collections,4951344fb2ce246e0cc5a2dff90d24cea6eb3a75,1373828965.0
commons-collections,f36d6870f2e1feef7f1d6fffeda056fa72c051f5,1372011993.0
commons-collections,136b96c803ce4353f2cca2b24171ddbe74345fe6,1371404827.0
commons-collections,fbb81a37f80fab1d1e21435782e034eade76114d,1367793051.0
commons-collections,5878adfaf37ce37e6988956e4cd5c833c6ec61be,1367767259.0
commons-collections,cf4d2789901be233792839384ba76b94dbd25888,1367350002.0
commons-collections,c1be92fbfb6c0492edaeccbbdac2639363cb362e,1367192038.0
commons-collections,f2b49b393c8ab160a236af2db6cddd545fe4f941,1367189513.0
commons-collections,feb7b2fe0cb315bc6f0d38dcb3fcf30462055347,1367189288.0
commons-collections,9ea429c9778fb0dd32d605d41317feb6b2dbeccc,1367175170.0
commons-collections,ce86f3f8aa7ecaa12f2c62737a801a73f6e386ab,1367158856.0
commons-collections,696c7687162c70ba9de930af0327639b03680995,1367099293.0
commons-collections,bca5b3c0fffc469faefa71fe61f6a28f3d24bda8,1367073338.0
commons-collections,b591dacd5c8efaf14f467874cd42ea860cee6f1d,1366920555.0
commons-collections,59d26337708a87b1b6a9f4f2fea52fb4383d02ad,1366664805.0
commons-collections,724fa9400f0f3b3333a7f95ad90e3549df36643f,1366577997.0
commons-collections,afae3dd81da5b7518514ffe828428ac0d05d8fe2,1366566914.0
commons-collections,5e01d361f02d8e0d21edcaf8587eff133d5681b3,1366566470.0
commons-collections,f7a557a38ad44c819fb139203f99c188c0e92604,1366222368.0
commons-collections,95ec15aac07f3f32407428e07c36fc211f4c1187,1363642989.0
commons-collections,e7e13dda7ee8b0584f40940cf3498646711f4ef6,1363632356.0
commons-collections,6cf9d485abe2400e69eb403d58e00eb00297a5a0,1363546244.0
commons-collections,b88692f83a938e31fd5f703c99db2a5720cd9f3e,1362428418.0
commons-collections,d1ba17365fd8abbda6d08768da270022915baec9,1362228887.0
commons-collections,8106e483345dc343067d22d33a2e6bbacc141c47,1361830702.0
commons-collections,34b43799deb48882596bf5d2e91a8425b71d74fb,1360259177.0
commons-collections,045fda850a92afb51ab48db9d242aa45676b2d25,1360257324.0
commons-collections,6516216f09ac380163e8e98d77178af81bbae6cc,1359558631.0
commons-collections,4dbcfeffbfef90f72a2cd5439128dd7cd6a89072,1358870928.0
commons-collections,5011f8cabdadf7a125e1a9f6dcf05edd2a667cab,1358869198.0
commons-collections,ebb7cf69cf0516e21ff0001ee9a429ae9f632aae,1358863456.0
commons-collections,6b5042cb52cea6b28c1e626bfb3625db61c637b2,1358800918.0
commons-collections,76d6a4b8e4403a99bb670fdba799f3e03240cdba,1358763102.0
commons-collections,5954027e47cb99c95e672f93e60a712501577bbd,1358761761.0
commons-collections,bac08c04d4bcd15c20979cc9a37749247467a054,1358730951.0
commons-collections,aed4c18c1385ffc77ea04de60423555b62675315,1358718644.0
commons-collections,8747f6eaab8545b18ff530e4c26be8fbc02537f6,1358718538.0
commons-collections,8aa8f5e67f3a4ffc48b3246e0974bf92cf7aa0a9,1358718471.0
commons-collections,1b9d8b4b3e48f41b6e448a8b55c6d84cb13df44d,1358682077.0
commons-collections,f0974d3b28d1049018ad2fbcf4b3284eff6b9f20,1347052378.0
commons-collections,161ea257226ac3ae4b1cb9e80279de9ff885cf8b,1347051189.0
commons-collections,0d9e0821e0101abfa719b042b28a3286377e732e,1347050789.0
commons-collections,02fadfb56855365a2f203644ad5663d2bbfc6307,1347050231.0
commons-collections,66261f908f42e60e112a9853ee72e29dbabc805d,1346009745.0
commons-collections,25ebc315595a490dd6651bff4286806379c77425,1346008876.0
commons-collections,677f9b4e26f98a2f42ca9304e8551c6a21fc3794,1345837480.0
commons-collections,c8b641ee6e722a64ef72f34b14b09d2e4758a075,1344281340.0
commons-collections,614013ae31c57bcd322ce2f2c2f997d94c332d59,1344280889.0
commons-collections,cf940ca4037a412bf9cfb47df8f14f3f14ec2629,1344280291.0
commons-collections,f70c2a72ee7308b51b0140dbc338bf4c216139f3,1344096482.0
commons-collections,230ae8f1f5f9249496924888416eced31f74faad,1344071181.0
commons-collections,dba4df56e4eb2ac4f6a0ca7c736d770382184439,1343975171.0
commons-collections,ab32bf1d78f1f67cb03d590ef167f713d213bfd3,1343766209.0
commons-collections,a9b7c29bc70c3250f7aa3b70673c8cad75a755fd,1343558223.0
commons-collections,d3ebd16c4295917f6b271caf219650a6724a9edc,1343555701.0
commons-collections,4303c163b15bd43cb34626c0cd2c7984e5644297,1343335827.0
commons-collections,30bbfaf6d6920bca647889026339a13dd63d6736,1343332390.0
commons-collections,867e3a47dde845618e46514f59ed6a1705a9094f,1342368825.0
commons-collections,203a81890dab734f6f58c536f3b25dd82aeb736c,1342342252.0
commons-collections,cb9dca74d3deaff6eeedc4cfc9bd248c3cd54e4b,1341350935.0
commons-collections,8ebc1a038c2079a3139e52705dd2921389201779,1340466011.0
commons-collections,b0d4ee92448266211da9d629b737d51db0466a8f,1340464505.0
commons-collections,87d923f0d72c5e81105e6a1f8958e7800b79ef07,1340455565.0
commons-collections,ff9488b31ec4a6056f55c32ad3629de31e987ab7,1340214805.0
commons-collections,2fa3c8c5f00cd98753aaff76118a5cab8733f62d,1334087697.0
commons-collections,970921c2196d804d7c2d8203881cd340a4d0df3e,1333996836.0
commons-collections,028f5281943340ad6afc54bb79d360af88c404b5,1331636602.0
commons-collections,3545b25d595b770bac5586007e7fc54a39d24ad9,1331631668.0
commons-collections,829da75d826e71c7e73188fe67dbbd314929e387,1331631486.0
commons-collections,db21443715ce5b709f07cc6c50c8438c6405929a,1317321446.0
commons-collections,c81f67f5a8b757c3505c682ec2b81a757bc95e51,1287538562.0
commons-collections,d4c9c2c7bf40044db837f1bdf55d87d27c047221,1287428069.0
commons-collections,4675fcd99f34abcbc008713c991aca602db8efa7,1287421244.0
commons-collections,218ba8fd3b62f08f2f74e4be1fe25416b60c7662,1287419137.0
commons-collections,3a00afab89711c0b946fcbb7d70831e0f0a0acfb,1287416847.0
commons-collections,0c73a54d143d873992cb5e6a559be841873c4806,1287415642.0
commons-collections,2d2aefe3613c2b80b24d55331aa806ddbeca6b09,1279739272.0
commons-collections,fb3daab4fdded1c8dd1a4c645e5c864fb61f4d25,1279739177.0
commons-collections,0e4c0880cbc5d23fb6c39a513d73fd9169db26d5,1245281183.0
commons-collections,ab6e5256d88ba65160635fd813d9af63100774f6,1240454237.0
commons-collections,3290bbc85420176f53bad1968611bf53798b2770,1231146595.0
commons-collections,0725e476d4cc66e6331bdceb4e29a54a9ce7f462,1225771117.0
commons-collections,f3eaf2ceae5d49c329ce8675d06b3003eb1ba389,1225757736.0
commons-collections,79ff10494b90ba99c339aadb87f6281c97aea966,1225752069.0
commons-collections,d887c5913fddcecad8483ec9a0cbf407ed08c157,1212128625.0
commons-collections,d72bf81d8bac03ee15c5b6a4a3e0aa289674fcf1,1210459603.0
commons-collections,c34c46965fe08b887814d52640d07a98b0d874d4,1207887367.0
commons-collections,4ee715790b94b02a6f4c22e13ae4938d420a18c5,1207645312.0
commons-collections,0d948ddefd4ae96d5b55109bd4bcc0f9e2370490,1206508725.0
commons-collections,7cf943172b154019d7c6a66f4290272b2144e29a,1205627204.0
commons-collections,d0df8e55b0d1a8e4a838fa522286963383f0b0a7,1188553176.0
commons-collections,1d5610521f5846c1d6f7d0a65f93c384dbf33e8d,1187619107.0
commons-collections,25e63dac01b68cc5a7da2b56a90b3ba8084f98f5,1185740062.0
commons-collections,33703f1b91a7d8bc076640e9f750e7513108e0fc,1178222084.0
commons-collections,f43e0a53c1f4d3335e720131973dfc8e1103f5f9,1177163086.0
commons-collections,66c4b99ddc7daea806c1318a40736d0f5c8fa7bd,1154550242.0
commons-collections,f8aa3e033c1fde4a434864f666315b433498d32c,1153260180.0
commons-collections,f9588d4debbe6651633483f61ea1af607bd097b4,1141326156.0
commons-collections,c56039ade9e9bb21a5e02755e1f215ad097e9895,1139353836.0
commons-collections,22aec774e65a6d14de4acec3a0ceb1fbc49bbaca,1137808161.0
commons-collections,ad2987c5ade6a7fb4f87682e888ef1d521b583f0,1136585227.0
commons-collections,115c961ee4ec4aa47e154c80d242e1995c338f3f,1134932731.0
commons-collections,c67b1d895f02e525c073b018b62198dd986df5b6,1132803642.0
commons-collections,28631ec8adcbbb67553801eb727c18d5635d9087,1132703505.0
commons-collections,298bf03c22a48da5ddffc23fa3935410965d2784,1132698265.0
commons-collections,d29ce53657c0b92b0b90143e12956c2bed503d13,1131901191.0
commons-collections,e76bffaf9634b2f69c1c85fe39b3c26c68cee461,1131895314.0
commons-collections,bd94ccdfa58f51cbb40ae0653c6654f4b4943db4,1131895007.0
commons-collections,8e3968cd11c98e0c8db30b225164474d00d2b32e,1131741553.0
commons-collections,16cd754b197377103f0b9d6d4ed5b32f0c668f2c,1129064955.0
commons-collections,4fd151ac2da59b35c9039cfb0299dca4c91c4933,1128775793.0
commons-collections,93724da6350115a28045ed9ff5b01f99a22641b3,1123283220.0
commons-collections,ee245946f730b5cc1661ac58ee42895ffa96aae8,1122246100.0
commons-collections,b915fdc02a08e70933a27ea300c446346e8aa14b,1121533696.0
commons-collections,2cdf3b0ba885f3b800ae475ebadf551729036c15,1121523582.0
commons-collections,e1c5f7fb49894fd2c839f54289436bbf90fd975d,1121512622.0
commons-collections,2923c2de86cc179c978cd9d6eff4096ebca0fc72,1121382672.0
commons-collections,d90c123f2f93634d3d9afd216369792b3daa2d94,1120781030.0
commons-collections,0fdd5982c32528e4b5d6913e0cd4ce62c0c68bdb,1119717574.0
commons-collections,dc805aee2b7ab57d8c358abc5bc9aa16e903e8b0,1116974391.0
commons-collections,4a6212148d12150d4887d25f440d511edf983d39,1116803084.0
commons-collections,266f67e232635a2da4f642f43473f9acd92a182f,1116789784.0
commons-collections,f9045aedf369299cc82048ff592ab510853ae2b3,1116784136.0
commons-collections,2b68e826ecc92a046e9aa8632626ceb16a93bc57,1116782854.0
commons-collections,9072508ad03b97fe1c34b97b48ccd44360a98b93,1116545146.0
commons-collections,245554d88898209c2de5a6bef686d83ba4e42971,1116541030.0
commons-collections,51c9effb791416299f32d45b84a569d201be9618,1116330996.0
commons-collections,1a806b1f2a8563b50646c2504329f36915ef1074,1116181849.0
commons-collections,2e08f50b6f46b1426e83c6b089e0780a060bced0,1116149775.0
commons-collections,f95865f481e52d438ebd6ea6f1af886333823508,1116148970.0
commons-collections,e52c4c50e16cec8e99055f717a78bede32b29d4b,1115489072.0
commons-collections,d9796b6160167999a85212caa343ce1488eaa7bc,1115486818.0
commons-collections,37b6aedcd013f7f01502e46f0528c9552dc52d96,1115486020.0
commons-collections,74f2c73b6de16f3476fbc2f935132e0c5e7a1891,1111533441.0
commons-collections,d6b6fe90bc9fb53389973d9d11deb21fc63ac3c5,1111529655.0
commons-collections,560c4ee8dbb1d38e3e6a2cd0a94e291a06088dea,1107003072.0
commons-collections,46d73eac817f0e68122443ffa09c82da9d5d2ddb,1106354869.0
commons-collections,0b4f8f99f774accc094eb39d44d5286d4a38f5bc,1105829261.0
commons-collections,7b420d714506687c69236ef5b499856a1b1f8b80,1104797605.0
commons-collections,2e2ac4ba937e08effb258a3ff61fa3c1abac2f5d,1103475391.0
commons-collections,c970798db6cafb6791a5d53cb6788bbe0a494e36,1097965421.0
commons-collections,2a8f6db0cddd3041d78bf13766a993d464f821e4,1097961974.0
commons-collections,a162a7925e68fc661bb6d535d4a6a67ac7fa5fe1,1095896103.0
commons-collections,a324ca7a63e09e3f85029e95e5b98df2f6639c62,1095894230.0
commons-collections,ee2a47a0efda63c01960ea550d0d33c2dcc57b91,1091557241.0
commons-collections,228637706ae170b76f9ea2c205a7892d1e238057,1091140137.0
commons-collections,3ae470ee2816332571c89968c4cf26b60f52e99d,1090100313.0
commons-collections,7da91cadc49d72b97d1c0f1225eaf3e9beedbbbd,1090098485.0
commons-collections,487621cb99343c37f66673879f4af5d8d644e541,1090098167.0
commons-collections,ac06284e5a7c43b27aa5a5346f9e31590e0b82b3,1088026909.0
commons-collections,cbfd9aba68078ebfe1129331b41a447be82ff8c4,1087861165.0
commons-collections,57a6f158f4f804a6fa37b892761062f2c58fa9b0,1087857005.0
commons-collections,b03a47129283461602420aeb3b90090ccecf3e98,1086996457.0
commons-collections,730d3e5569e083fdb3d07bce60bdf669dbf259e5,1086819114.0
commons-collections,27b695d55c3e2dbac19617e4c222b5f62572dd85,1086650080.0
commons-collections,cb39538c27f4fb7a0d8949998861dd2438f2b1cc,1086644532.0
commons-collections,f98c8827f62fa80e73ab196d0bf112b058f87242,1086301612.0
commons-collections,457467bbc430e5b8357a2430b762d4b63db30055,1086300133.0
commons-collections,42b98477bd4866b759bab1dc0e4b7ef8537762f1,1086130514.0
commons-collections,111e7b39de04177a37ab24d90c3fe8010a6ff0c2,1086030554.0
commons-collections,5ca563790b3797560d4107a83dfa01b6fa2f95e9,1084574038.0
commons-collections,c95ade5f5cdc734d1c136e4a3bdc0a935150f87b,1084404285.0
commons-collections,60d03cea8f3bcb80e364099acc0b8d2598d51d11,1084391756.0
commons-collections,2182a43da2f211c7c696cf2f4d2c7d2d9a865c5e,1083597185.0
commons-collections,a249eba720ca2b9430aa23d7091724659dcbbc0b,1083096018.0
commons-collections,845a2177dbabb1fce23183c9d6fffa2c44456758,1082159639.0
commons-collections,07a07686640ff6f1d7c602260cc9555e971c109e,1081771440.0
commons-collections,a32505290cdc661d9caf0c9e5648224dac195bef,1081523069.0
commons-collections,9511ce8dc1a2e95da166ef247038f235e4bdd59f,1081503615.0
commons-collections,ea2aa40945005e09a9ced13e41cdfbc670f9dcb9,1081503511.0
commons-collections,b3c30a8d9790becc24f0e8bf6110f50ffc59e690,1080947554.0
commons-collections,b09e8a2033b4e0602677f28aa0b71b8b634cd904,1080940505.0
commons-collections,199716c53fd6c27a530e2ca3250e8a88b16aafac,1080857892.0
commons-collections,dce4319552e773fb98e794d09c23e8e6bfc0cfb9,1080775136.0
commons-collections,2f9c5a08391102e575b0eab980aad0c3d69b228e,1080770772.0
commons-collections,c324046a543ecb0661d1860404f8218426707e9d,1080769407.0
commons-collections,b31704e939a9baead8c8a1c348f2bff1ec563626,1079557748.0
commons-collections,5bd1ed25de6233520975d9a2aad855bf09d90022,1079198223.0
commons-collections,78238bdc125dfcb77c3342f13ccc32a6d998dfc7,1079195686.0
commons-collections,137114ee9f51c1af4fa20aa20806fd513f51323d,1077841514.0
commons-collections,5c255a657eb7c33e5aea88c03f65b5b7287eb2df,1077841445.0
commons-collections,e97baa4b4aaf468afe1fe44b5d30a374754eceee,1073601451.0
commons-collections,81cf8ee877875e201cb6905dac2a0b05733c4f29,1073600768.0
commons-collections,05b6c75bd3c51ec7092fdc453434f2f80dfb035f,1073338633.0
commons-collections,9b1843b10dbd62adbe29b244da55a39bb04e98a7,1073338308.0
commons-collections,6c12ca3818972ce96847fefa48791989376be47b,1073001411.0
commons-collections,87c879e56fa2db01b09e18dc8f75017a40bbc954,1072721914.0
commons-collections,e6d11cfee8120a83426ec51d63ef8cf3a144b702,1072712154.0
commons-collections,a00293d5083ff52a0c6d721dfe0947f58a03c9d1,1072709781.0
commons-collections,ae60862fd63c00004799e02ca5f1c930e1752970,1072305512.0
commons-collections,7801d453532a694ff4d728b66a409c5ef35a7e6c,1072287101.0
commons-collections,abb9990e0dbf49358d70da7e495824b94882fd09,1072228435.0
commons-collections,d9883f168e2aff7822e58c2227334a446766e7ad,1071418238.0
commons-collections,c45a13dee24e5c2e90cac99548c84e3c3f32b4f5,1071406803.0
commons-collections,f3eec92e788c986c59eaf9741f29f0cd87a98816,1071406778.0
commons-collections,7af9515a22742475bbd42312b1664b4f1e96202a,1070462382.0
commons-collections,ffc9ebb3c629c45e5dd581c1d381f29c8bf28912,1070460169.0
commons-collections,145e6c8a33c68109ce436ddf4da37f8aaf2cbd08,1070402194.0
commons-collections,cb78386402dbc3a6145ae9c53e1d297710cc428e,1070325853.0
commons-collections,d5da5df231ec4cce1e738e2c1d87775ce0898c04,1070325431.0
commons-collections,71488d10223c32949de97d21020e7766e1c2d6a3,1069364801.0
commons-collections,40e444a3e886acc1114f7b7ed24aa92aaa0121a9,1069286291.0
commons-collections,8a93f7c4523002a3e43877ea053b417160383eec,1069198487.0
commons-collections,165f6f675aa8b9bdf1ef3ad70287a6ea0b35543b,1067563390.0
commons-collections,c0968cfcee0cbd37871ffd2f15a2b231df3681dd,1067471358.0
commons-collections,dea6e42a7ca70f5d5c0b0212f032caa3e289bb77,1065820779.0
commons-collections,6526be25d18fdf6009ab75bc51e30489b24bfe36,1065820167.0
commons-collections,ce07bf068f682c58d096ae2b0accd01d3a8c98b3,1065819978.0
commons-collections,29e063ff3f765ce97088a4cf71162855d1f24e3e,1065733133.0
commons-collections,0deed47b72830031ecc3a87ebdf0e98657103568,1065732272.0
commons-collections,0f57fa8e8c9a2f3803987886c21d0624dbb6a09e,1065696499.0
commons-collections,b943acfc64147d49bbb97b4c1903dd4707a96774,1065484037.0
commons-collections,5f31d8200674e2f782b671f1e2deca4ed6f7d481,1065474232.0
commons-collections,a322e63163c669a657473d765daa7fca759d450e,1065386452.0
commons-collections,f8acd98e116824549d77c736a8cf99657b3f7406,1065336068.0
commons-collections,69ebc9f4acf543b4dc2008974aa617ca7f4fb07a,1065228567.0
commons-collections,333541bc3c4935741a6ebd8bfe98909ed03f299b,1065223172.0
commons-collections,54f2a8e85b06925f943f193b7261e036ee1abdd3,1065134084.0
commons-collections,105c1ac930befb218f3b2f27c4e59c7bd5ad293a,1065064268.0
commons-collections,62543d554df8668f4fba169a9cd1272837cb30c7,1065064237.0
commons-collections,b6d03843b25ea61b3fbff5d90ace7e4ceb475c46,1064807772.0
commons-collections,949b9ffcb0c999130a85c96ad72d9f5f759a35f7,1064197256.0
commons-collections,d4b4a8f7bf33bc2020f844d683b529e7fbf6b4bb,1064066637.0
commons-collections,ea5ad586aa575111d47951b655f1ed82fae67c23,1064060039.0
commons-collections,1ad748d9aa088618c0d52c1628461184dd446f7f,1064057217.0
commons-collections,e41abcddc68ea014aac8126b2171f9a58c2aa90a,1063828785.0
commons-collections,fc4c3af2c56b4406d1b6eb58be602274b40391ba,1063144384.0
commons-collections,90e985280f6ae5e4be3f6b7b4cf16417e78a4220,1063142718.0
commons-collections,9547b0caa64373a6494995cfc7eff5e2ffe613ec,1062874749.0
commons-collections,2c106dd4ead8780fe11b0f11cffb030c6b1a0b38,1062728193.0
commons-collections,43b14025a5920c6cf64c66c39e6c2662e35ab9d4,1062352333.0
commons-collections,d4161435036785aa029a54c3b5855de614862445,1062340668.0
commons-collections,8fbc765987448f1f8a3d47d7f7d793b50ec9404d,1062335393.0
commons-collections,858f6564be614446ee78ee6e53df659b9278bad5,1061843920.0
commons-collections,7bbdeabc0539c560e07e2272fb92185e17986587,1061722258.0
commons-collections,084754f692073f308b2a317e333607b3182ba58e,1061718439.0
commons-collections,b4c112216008491b43a090de189bf6ded4ad0bba,1061413396.0
commons-collections,f51f08a1fd745210d8719a36ce53ed3b3e2691e0,1058022686.0
commons-collections,d8b1a452bdb1cd007f2e9d9d5be2db31d05f23b3,1053555744.0
commons-collections,b6b248608d6791e60a8e57a2bd7d60204af484b7,1052581814.0
commons-collections,70a7e6a6a81eb1461a2fcba4b5952c2da2b7a99d,1051352879.0
commons-collections,2429ea3deba637a75efce893b20c163e653cbe6d,1050708564.0
commons-collections,06e3ca2d370c00a8c557b7408c88159c77bd951f,1050707829.0
commons-collections,70598bf5676008a8964e88685d8960800b989b94,1050518289.0
commons-collections,54a201398966d33ad632bf5c495d6e951a4d742f,1050255446.0
commons-collections,45ed5c01f774751ca079dff26cd222230cb1b5cf,1050097815.0
commons-collections,af6d9f164f338b3b2cccaa875b7fcabc3e0e9818,1049659675.0
commons-collections,d7e506ef8ed8449a9a9c2ce06f5eb43dc3e7edf8,1045684452.0
commons-collections,597f6553d0e258fde5f199df8f7d9f6282e426d7,1043499343.0
commons-collections,2d6bc87ba8313c825da5aa75f0395970201aeeab,1043497279.0
commons-collections,5069664f183c2fdbd05df8f649d579d7016b40c8,1043496415.0
commons-collections,0b3070cdc0d445c860b63b7ab0f5da5da8c35053,1042502078.0
commons-collections,ab1cf8de16226ba6bbdd857266c69557b24d9402,1042498354.0
commons-collections,4b47c895c4fc8de988c3fe5807a9d98b739cb9bd,1042497297.0
commons-collections,58e491f4b40ed75fcaba6b0630a507c22a8814e9,1042230085.0
commons-collections,3a44e9291a1435df665b43d9510e7b9f0144f6e8,1042224435.0
commons-collections,c97200ea71f4943a06c8250e0f5b06be0af0f465,1042157709.0
commons-collections,37b1a1287610ae4e92d1ec4b53f3bb0d2a9528a0,1041952695.0
commons-collections,8f77a02066d791c25454a5c19d24e471c4678c20,1041945892.0
commons-collections,4f633bcf7f1cb4b0c6adbc813637dd04f06a0994,1041902968.0
commons-collections,42f142840e78977182632202109e06a8d794fc3a,1041685827.0
commons-collections,4ca0da456acaf415c6076f90e1e13c7f777c5bfd,1039777422.0
commons-collections,f6d8876a41cbe4d7c32e29509983d1054eebc772,1038170915.0
commons-collections,9770d8be10fa92535f0f19f13a3cfb9909b34b4a,1038169489.0
commons-collections,0cad010ce89ae51e0f382536e82b0b22d5c5c4b4,1038166689.0
commons-collections,c8de9e8066bd95b5d3ce7f90364fcfdf571e69fa,1038166608.0
commons-collections,12f98e4bc4a79e0e07f826e294bd8011865b596d,1038159015.0
commons-collections,db708754f61ed6e39e9b4e14aa0c6dab669ab959,1036180467.0
commons-collections,05c0b3a792892ab667261c53738dfa9b63fc8c2f,1036101323.0
commons-collections,9a451b11ca0026c359e90e3b8ef4a0db60e173b8,1034462183.0
commons-collections,9ba0768cf5f073aa54a5e53c996b4ccffa9679e1,1034460921.0
commons-collections,e18f4e691a54a18ebb9e14a00c914155c855522c,1029198412.0
commons-collections,60434941214ae34cee2e1c5c703d9c2ad2f04eaf,1029192673.0
commons-collections,7e650946d4f898b655e152bc86edf1cd01f657c2,1029175246.0
commons-collections,2d1bbdb5aaf2219c8db6b5195cf6c4594eb0d8af,1026309999.0
commons-collections,9f3b7f5f436f9a24c3fe2e0204ffbbe192d0a0bc,1025661428.0
commons-collections,4ab1ffccbe4bdd1a76a3731f131877cb4264e01d,1024629975.0
commons-collections,326f500bb3e288c361bbe80b41c0e22397ba3ab5,1024370915.0
commons-collections,6b825d40c24b28afdd97d48710797b206a5a1103,1024369605.0
commons-collections,10e245918f6e23756cdaa02380a687f0a1aa01ba,1024368672.0
commons-collections,d74c53cd0d72ef2526d877e2347d4ad9d8a080da,1024253779.0
commons-collections,c28176cb140ca51d36abf84476c75925353639ed,1024198780.0
commons-collections,e9f2bdc6a5cccaef012d43372d771dbc96099066,1024113144.0
commons-collections,c1cdfa611ce2cdd186426f73f41e43f344f2da06,1023606854.0
commons-collections,26fbf885776844497e652b2e00065001bdc9367a,1022642562.0
commons-collections,5d8832a059b383b32ff07c3e9930ec9f10fae128,1022212830.0
commons-collections,e2af015a2f9a11cca79daceca7efe61c1c0f0dc8,1021306237.0
commons-collections,6b320e8afe59af6abf51e1eb7c974c7c7125089c,1020914459.0
commons-collections,09e7a4b86e885aaf1e9528416b01c6e84e7f82b8,1020913846.0
commons-collections,f62b8ed90016db2f48658405108b347134379400,1016601384.0
commons-collections,d0d74a4e1a39a0a461efee5322c235a046187d33,1016583937.0
commons-collections,fedb45760005ba58b28548b4396c8109a1ca9213,1016543953.0
commons-collections,25e0dd13fdc98cdab72850e61a54c55b50647158,1016499274.0
commons-collections,09451a1f93fb400c4422ba4885cb0fc0d4b2076d,1016213603.0
commons-collections,fac6539a560330eb621f06b8620b1a07e047e744,1016170641.0
commons-collections,fee42d41886bf903263ba6fbecf28483fb367a72,1016128851.0
commons-collections,33ac6121a5f3925d761586e7c135561805fe465c,1015994178.0
commons-collections,fa43060230d50ff802a9052b6220e4080d63085b,1015992949.0
commons-collections,4d219cfa3040a036deb1637a6c9b493e815ee7f8,1014744711.0
commons-collections,224a627029a7dc3175ebdb4ab5b81b7f2fff5e07,1014744535.0
commons-collections,5e5a18bf2ffb670e429f737b40f98851b2c32ac9,1014683492.0
commons-collections,3c53553bb2efc9d038dbe5b510823d9c67d51f62,1014682417.0
commons-collections,f9c4fd7f26771c1ecdd411144fa6d8f813dbfa35,1014677332.0
commons-collections,32bb853f401e49aa1c0de4c34c66f26765a058d2,1014416510.0
commons-collections,4f2ff1d666b95dd47fe7332484f27edaf74f99bc,1014361982.0
commons-collections,94c4dca82ffb5687398065f3523fc887a61dbabc,1014361230.0
commons-collections,91e030ff08b6ce7012145591081571bbd19f40c6,1014352793.0
commons-collections,95ccabfc7c69813848c52fcb84fddd32b3eb7828,1014344330.0
commons-collections,8dc203d0337ea87a9958c2fd3ca710f5eab93607,1014322095.0
commons-collections,8dddc7ac42a8af6e065acbf2823fc38c4f780dc7,1014321453.0
commons-collections,90646843f9a8969a819763f01a84b4309dbf4fcb,1014299185.0
commons-collections,cd6254ae22c56d648a92d7c149a56a84e6debbed,1014229836.0
commons-collections,b5b971bf9f483f396922d66fcdb64ad9ade9069d,1014154133.0
commons-collections,02bc99224205418ff0c43397662eded1cc5cc893,1013641651.0
commons-collections,5dcc5d87476df4e4e8cce45e024918df8a974fa5,1013639557.0
commons-collections,c5c64c02d3651b54b959e0107c434b057fd0908d,1013634200.0
commons-collections,e71840e0bb7ddb9749fc1b59d4e71c4552ea8917,1013633952.0
commons-collections,a36442f0d08bb1a5b964b4c77d4c64eaf251c3e9,990392610.0
commons-collections,3761b5514470d3f06c9076b0821430d0c2cb2da7,990144765.0
commons-collections,1688a5a2444b3b636741d5675646b0b74820b4fb,989455209.0
commons-collections,3f66e516a7f5833be9c87911952465220acef149,988993937.0
commons-collections,1e8a31f417256b9f555b537a09c13f1135addbf6,988243547.0
commons-compress,f7726c4f727dd78f616374f87ae1e9424b41af67,1536306365.0
commons-compress,72bfc1247553bdd2711d6bb27a7179be86ded4f1,1531327377.0
commons-compress,1fbb16b037e62c6af90ab89ab3ac8d3633c59a90,1531293644.0
commons-compress,9e80104befc54daaa097870b857e1bc334521490,1531129303.0
commons-compress,a080293da69f3fe3d11d5214432e1469ee195870,1529084685.0
commons-compress,446555b160d4221d414710ea97a3140f50f889c6,1525675411.0
commons-compress,e15c80ae3fafe8903f220a6232c37a77b919c60e,1525234574.0
commons-compress,be86c6236d4cbea207f3a4924687a0bbd99af360,1524421053.0
commons-compress,8faba69945721e10b2bea0acda2db53298ffa124,1522332573.0
commons-compress,a123142d947dbf38fc053c29291b555872c91ff2,1515255279.0
commons-compress,334f1de9a3efa31303c2788c209d249d7b33d3aa,1515149871.0
commons-compress,1c382914c0ca52e786937e222d8e7aad17348cfa,1508264567.0
commons-compress,469cf4d886f9a184168ba2d179899a600725d4c4,1507243823.0
commons-compress,661008f8238acb71301b172a6aa9aaa8114d0c9c,1506521236.0
commons-compress,083dd8ca0d298e3f9f9407f3b81a6fbfb11bc5f6,1503085491.0
commons-compress,d5c4ab74ac0c40787bd7194c353746c558b32ec0,1499325684.0
commons-compress,992911d0fcd230497ee3fc50dcf49042b7372a47,1499100581.0
commons-compress,9caad351f30249cc72fb2840f87ad12fe660978f,1498322766.0
commons-compress,6f379134ae1807cd404ed6c9579707e5dc6a6df0,1497641403.0
commons-compress,4d00e14ec8d1e83533a8aeb788437568b417ca88,1497198076.0
commons-compress,0daa8708dfcc5c0c3803ab2e41542dba134d71d0,1494528529.0
commons-compress,4ac67bf326c1494126161b18612bb62975246ab2,1494240146.0
commons-compress,886e924019e35dc28eabe7515f614ba4f6c63a2f,1493785456.0
commons-compress,674886f560b2b1ca051b4cb6346a09a04a3cb628,1492528940.0
commons-compress,5ce60be9d55c62b72262680249ad933850aaa064,1491484680.0
commons-compress,62202d2acd00b43415ce9ed45e1c37f42d6ef616,1491469191.0
commons-compress,cc0039d23ae4ac1124fc64637872a14d5109bedf,1486223641.0
commons-compress,176cd18fb69464d036697cf7c83788eb367ae904,1485369658.0
commons-compress,bd0b4b60676525a5eb6733a6ad27c67319bec59f,1485260739.0
commons-compress,bb763cdd4e62d06ec030d3e5b7b0257cd61e7976,1484498952.0
commons-compress,c59fc43c527610ae18d7596eb191817ce674cb29,1484514439.0
commons-compress,a1f969a4053e1ff69cbbadefd3fde0f998f21808,1484067760.0
commons-compress,d68eccb222545e33b6ef983f345819083ee8f902,1483982640.0
commons-compress,0c73ea7c62d325bde4612d19cc31b542f36c9457,1482240998.0
commons-compress,8705e97fbd1aa9de951456f05dff9ec56c4344b2,1482169114.0
commons-compress,d4c3261cae390d5ff6c46be0cb2dde5a7095cef1,1481255363.0
commons-compress,a61a952522334fb37ebf97bcc971be45ca2bf9a3,1479276055.0
commons-compress,652343fb5c21254532ca94332a85b245f9a81cb9,1477753932.0
commons-compress,658812c85fe762e361c998161cfb61bd477e1b24,1471612122.0
commons-compress,f87a7ce9321b4901a77786387cfe8026f1249721,1465658845.0
commons-compress,8769bb6980ea9d46f8fbec1fa1075128d6f61936,1465563568.0
commons-compress,d04e2a7efac9968cd800686a5aba883f61ffd6c2,1463227520.0
commons-compress,d0501577d37b594c3ff59a39ac211f7a1b170fa7,1461496912.0
commons-compress,73ec9c125fc4cafada4434b02d603d41e092b675,1458207094.0
commons-compress,a2ba6d54852aceda5e3bf9285730da743ef04e77,1458145617.0
commons-compress,32633c39ffe7aa2ba24899877c7425803b10444d,1455447795.0
commons-compress,b4805bb1f3ed74ff260e73f571195102f435f55d,1454701329.0
commons-compress,36335e3face4b866c7bb88b39fa8a99959d0a907,1454693446.0
commons-compress,b67a14697fcf363bc2d7f18407e51b12ca05c1a9,1454509931.0
commons-compress,68db5fa9ed38fb599c59be98d561daefc541d7da,1452868517.0
commons-compress,ce9e0cefd5be63ca46ff45460464d0d391d037db,1452868319.0
commons-compress,1dcab3f854e6fffa16c842b8a10a6fa2163795ea,1439920281.0
commons-compress,f8bf45444c49053a92f6f560c5008d5ac43aa27f,1424449845.0
commons-compress,35bc6b73f2cb856e58f50b411914f21028cbafb0,1424186393.0
commons-compress,2e6967a356de82a7a94ac9e0e7ed1c0e6ff142bd,1424186003.0
commons-compress,d50feb67569fb5881b8a2ff5996f656c5f207c2e,1424128381.0
commons-compress,446ee1ad204e2a12744f70eb10a2453b845b9a28,1421765800.0
commons-compress,33c95771c804abc02223f24a0234343b93ffde56,1421169962.0
commons-compress,7d99a02fc8bed02f6071a928f3828d2c76f8d1e4,1421082129.0
commons-compress,646e03cbab5d0af719efbb22dcf0ee037aa531cc,1420916431.0
commons-compress,09aecce588d736955b803c9df908013960699836,1420906554.0
commons-compress,0b33d56cf025e034927290ec9ee651ddc8acd495,1420374597.0
commons-compress,d5f5da94126ed329c336391e150be81984c78b3e,1420210151.0
commons-compress,ace950bc8268436f2221464897058e3e0924569e,1419615338.0
commons-compress,6fcecd132658e34cb5aa4e70479983dc4b8e7355,1408028259.0
commons-compress,2d3e01686f6dea1d5e5a5a280a32d00ab7e80a1d,1397827952.0
commons-compress,c1ae99e7dd9f1a2ad0623202ea179b1ae8f8d8da,1395983085.0
commons-compress,a5b1eb10cbe405fa4bea4d8d382fde686afabe73,1393892310.0
commons-compress,b6656eb08d9d42838d7bc03d8ea3b6e7e0707b13,1393590365.0
commons-compress,248fd0ca9fbef55f559d375dcf0d1b0457cbf024,1393052695.0
commons-compress,bc741b19e88749d66b03bf8dc292f3ae0fc74156,1392989453.0
commons-compress,9b7b9d8609e364ac64642763822406b1ef472aff,1389959144.0
commons-compress,661db5c4d23221b32c4f22f75d6bf34103025c93,1387751652.0
commons-compress,61c3c6dfaa987457f70d32089a7d8a37bb5b726c,1387712308.0
commons-compress,45e51c2c422294cee05147ac88c53eb87f130ff1,1387695823.0
commons-compress,8caf1f7769d13b756e2c9b832e0368470c3a8260,1387608419.0
commons-compress,2bd0fef07fb81f1333fe0de44d2eda042b1b5e5e,1387561568.0
commons-compress,8bfb8987a3f5c73a38880c2c10cf7eda06ac9ddd,1387443107.0
commons-compress,b4e5f6e26737712ba0ca83f145b613c8b0b71bdc,1386440583.0
commons-compress,0851aed43bcea41dc4e7d2a7cfb95eae4dc65bd4,1386401418.0
commons-compress,2221ee87b406cf1781f0a4f18914812db2256b01,1386307332.0
commons-compress,8c6d38e8b8a165bb0385bfc7a5e6f7a450148095,1384078490.0
commons-compress,5e1dc460591172bbe764f4b072168d2da36eba5c,1384019759.0
commons-compress,8279181284bb61b81beb9719fdb1734013fb097d,1382331851.0
commons-compress,4c71a4793498f6f6c151dfa61ee3b892f32991ce,1375883183.0
commons-compress,a33995a2f3d38135cff872b9a97d9348e4e80403,1370286837.0
commons-compress,b7de910802687688e9d8bceab11b7a8f54db1693,1368768084.0
commons-compress,5273bd5b5a407cb30cddab9abe91c539af69a20e,1368736589.0
commons-compress,d4baeb15bae488bb7cf534457a9ef65922cb3564,1366896969.0
commons-compress,b0d2bd6e3645a73adb0eab0d97e9afac5a40da7d,1360595588.0
commons-compress,2626ec7c0f73e088baff12eb505f8673fa5af4df,1357870130.0
commons-compress,92d8c57a90b7fbdd8c3fd1304db2b513f57bbb02,1357037502.0
commons-compress,e4f645c89fc53128f3e4b35ec208d90cb6eca015,1356644930.0
commons-compress,e185dad52556591d61c8ddf88caafeff10e707fc,1356641417.0
commons-compress,1dffeb0e94e75f7166c9d920c7ae71609746ac46,1351793103.0
commons-compress,db6dda34281d95d495ff4c935b65cf84310bf6be,1342481978.0
commons-compress,8f702469cbf4c451b6dea349290bc4af0f6f76c7,1337539836.0
commons-compress,2ab2fcb356753927afaa731b9d2dcc47d3083408,1337537190.0
commons-compress,0600296ab8f8a0bbdfedd483f51b38005eb8e34e,1337537076.0
commons-compress,c654e04c95fa1b321748e5ff0495598945d4ac1a,1333515110.0
commons-compress,2a36651fbdd822b97efdb1a04788b8fcbfa47cf2,1333218088.0
commons-compress,a08cda7eb618fcf15a4bfa157b4227d6dfd0bf74,1333195103.0
commons-compress,70d0fce30721b1ea616a7ca267e8e3be7e5a0e24,1333192750.0
commons-compress,f206832cf44ec12b510bc61a601ac38000e86322,1333127455.0
commons-compress,b90b1f445d5b2317360b797afae22ecfccbdac94,1330752535.0
commons-compress,432543da69b1667e5d92186551b50b7ab9ec1307,1329960656.0
commons-compress,f51fee1afa05a209d60665ef772504b4f788cad4,1319705480.0
commons-compress,65c2498b3fe2c99e71f79d09454c3091028551ce,1315994402.0
commons-compress,82c16deea66a526b76f939e1d64a829681cda584,1313891545.0
commons-compress,0b26aa586da908f201364558471751af6d532f63,1313552708.0
commons-compress,34e9390434e8cfb851c2a664f21b6de83323e6ad,1313467447.0
commons-compress,07ec353c6066f81e619a7f90039aae0dbcd3b69a,1313464412.0
commons-compress,b64aa8a7bc99fbc4a97e09af83429d5d289fe510,1313300393.0
commons-compress,4aea7b2961fe4526fa49e5f0cec5d27f3e3ac968,1312703779.0
commons-compress,d89c37383183d32b8c20587ba2bf362a1e9f0569,1312448854.0
commons-compress,1e708a040893a987b9d03bcfa422c5a79e09a2e6,1312365353.0
commons-compress,81af6235ee8311376d1c8618651763f7ce58e1ed,1312193494.0
commons-compress,a47f6e5415b01bb77c192f45bedef77f75932f02,1312191206.0
commons-compress,5006259373fb90fa5fb029a6c620a4d2fcdeabfc,1312008038.0
commons-compress,a9bd2e2984b4c6c0cbd094d11d3a9d07640d5667,1311689564.0
commons-compress,c795098bfb82306607300de821cab501e546d19c,1300889717.0
commons-compress,4ca99827695a09065b8b73397d3abde7f7008f47,1275405593.0
commons-compress,2d858d5c7cc30313c9c3c8ef4a5e8d34d67a395e,1274107877.0
commons-compress,5b25f6c3a0bf1a05376392bdb076acdfb35258bf,1273484175.0
commons-compress,05b6eb17a5c495867021ab5435ffffe432ae1172,1273455788.0
commons-compress,33cd35e5d60f03e191ce74f85523b099a3c1944c,1273437500.0
commons-compress,02e2be6c590a474f0db5065c375c5e27d1c8c763,1268841300.0
commons-compress,a48ab3b31fa6a89f87fcb24a046ce8769f9918c4,1268412157.0
commons-compress,62cb9c480ecd71491e6b2452ff8add4d35706290,1268409980.0
commons-compress,8b3e64b10cdd8af048de59c835aa614067a15c42,1267538040.0
commons-compress,2b2099395b165cc549232570213ef63cfcf8c10c,1266568883.0
commons-compress,307bf54277772f95aab1d9e6d32c0e404882c39f,1242063708.0
commons-compress,c304a63cc601678f788e7aa15e20d184ebb523a4,1240864387.0
commons-compress,d17c68da28348187afe2b52d560218917107401f,1240860632.0
commons-compress,7fce030afc06b59a952aef8745eb92f875db1bb3,1240852972.0
commons-compress,e2f8a9b709aefe07993173e3ff904b88f4d03b13,1240553543.0
commons-compress,7c4412737f24df0a1d78da97782bd33cf4c4dc8c,1240499348.0
commons-compress,631c1dd6ca8e4859bef1b7e41e54b198429f4662,1239802428.0
commons-compress,c387c4451ae8a7c6fb8529ceb7ff5b8d27934096,1239799749.0
commons-compress,8d0334f48518b208c0236cc1695cf3c539f772fb,1239705235.0
commons-compress,603116e6fff5d8a3e625e0bc48cac64a9a795c11,1239396311.0
commons-compress,04c4921e077293ebecb50c6ef87d9bffbce72a72,1239269511.0
commons-compress,cbdc8bf4c769d76565610c23714a8f87f65f3f05,1238718943.0
commons-compress,7df097f4103f8a7ed91ffc7ab84b30bc2968cc08,1238496948.0
commons-compress,e124cb4ae76a634b66a5df0afc03ede5a63ec17c,1238461521.0
commons-compress,81eb0beb2be12c1debbe99e7dae121c63b35deaa,1238448816.0
commons-compress,29f1d08cebf3e13af884b6155988c0bf90dc51bf,1238425674.0
commons-compress,dc14c46467f1988468191cd91dddeb448809c56b,1238365100.0
commons-compress,3adb02af2549f19faa999fe2c6eea3f70448d7d0,1238191340.0
commons-compress,c3a8a1c58e4e249aa39dc1ccd0b9b7b49efe5e97,1238188107.0
commons-compress,cd71b5e41d3a001cda232275ade26f2b77fe0854,1238186123.0
commons-compress,db7f5772a0ec79a99a09871a84667145a2865c83,1238099245.0
commons-compress,8143cde00035649ad09e23b00801684cd41d3a08,1237844183.0
commons-compress,cd6b98a0a46b851138434ed2a75d77f4ba8ff3c5,1235680219.0
commons-compress,be64a2d3d552a7efc06ac2437b608cb9bba03451,1235679338.0
commons-compress,ca01ec476d1b2bd659ec7400fd55635d62b64b52,1235064185.0
commons-compress,684f72e44fd17d4226f619b1c33b146ddf055f80,1235048393.0
commons-compress,c3a330520888c81eb87482b1e15c6cb6651b620d,1234794072.0
commons-compress,0a986c62498d7ddacf6d5372f95c971af1176036,1234408390.0
commons-compress,6a66703b80e60ec6f1ee7b729d7050dd5ff14f07,1234284682.0
commons-compress,3f9bcc6928539331f042830387032dc8240a50c0,1234275605.0
commons-compress,5d9f7b42a7f03e7b4028cc9ed3946690ab92fc89,1233838807.0
commons-compress,5e5804c848a660825e853f1aa9da672f9318edfd,1233837923.0
commons-compress,7b879e5f32093cef227f00ed9f0f6db21a0f9948,1231759866.0
commons-compress,890a7e05ef4900f5ca2847060f8ea0e491f5a50d,1231495423.0
commons-compress,10057aac61beacfe42b95e89ec4948b1dd226dc4,1215320498.0
commons-compress,ad978502231579d9ed6b0648b52fd85801376dc0,1215282921.0
commons-compress,2fdb96371d4619deb291979b45c9403d5e09f151,1214070946.0
commons-compress,bfadd034ba782868fc7ab91b7565582d6fd4848a,1213722588.0
commons-compress,2104878fef9b4a597a6b3196cca2052ed207e034,1168334673.0
commons-compress,563521ee41d3e390ab3d67401b2935b5fe6df049,1156745402.0
commons-compress,e1bfd3ce7d6d443a24901a9e62b126140a7293c8,1141821501.0
commons-compress,1df52e29551ae597c7d2343fa29976ebec1811a9,1078983037.0
commons-compress,100b54b43c505ddf5d2eee217f8de6cd5b04b508,1070397305.0
commons-compress,e7a0f70eb2de27343355b1c5e29eff5777dd7543,1069618067.0
commons-configuration,27df5e894a2133e122ca7e78c5de45d26f7210a3,1539109773.0
commons-configuration,76f12abd9d81587eda4c50e7816c75607b4b23ee,1538084327.0
commons-configuration,893a67efdf4fd2b02f5a7b1d6e3a22e10bf969cc,1537129334.0
commons-configuration,ac114d2fc57319200607f7d88033fcb936ef5544,1532789587.0
commons-configuration,55c4afa6abc98c0c9a728a7772c9feef0de3c512,1532633973.0
commons-configuration,4930140ec6fdceb7e15d31afa45243dee7d1e217,1504195386.0
commons-configuration,3644942d2fa6445b6a24b2123fb812d50611915d,1498508476.0
commons-configuration,ef8eb3d269274d2e6e4915875d027ada1efa0470,1491803323.0
commons-configuration,6215969d2a1f8d95667c208af868758c8636c234,1491545059.0
commons-configuration,d7437c79bbeba415523c52488019cca0f5cbb7cd,1482523775.0
commons-configuration,f21a3793d06495214fcc46c081ae0c663c272ae3,1482440637.0
commons-configuration,9720cbf8b2b6595f79e08f2964c53e47c96324f4,1480539144.0
commons-configuration,a3fec41476ade3604519145f929e68a6cbef21ff,1475870441.0
commons-configuration,1c543973e93f01249a7e879cdc3f30c604895462,1475783534.0
commons-configuration,0e1332c0fbc630c9f34ec7ee6f94e8c29d73eaeb,1468350400.0
commons-configuration,19abbba0d95840158ed7804c29a0acbe36dc6249,1467392843.0
commons-configuration,5544b5af78ba07308f17e37915c2c919bb143870,1466783352.0
commons-configuration,cf9cbbdae44b88a7cc982765bed085b434f4816e,1462729714.0
commons-configuration,75b2d209c5ab7d1cf3aec51254fe93056aee2135,1460818922.0
commons-configuration,4bbdb3b88c5f833dea35d6e611e66e43772f21e4,1441117384.0
commons-configuration,6b873e468b5cae08c073f7d7816912a78db40550,1437850391.0
commons-configuration,620a30da02016e54a36e73c3178ce8ed4df494dd,1434570074.0
commons-configuration,bb888c9fe658940fd0f4d0c02d06a279bdf74304,1434308013.0
commons-configuration,0516bc683eff01ab32a09f7b6dab57bc5725579c,1431798694.0
commons-configuration,0e56d20ea9718d9f74598f1f3dfeaa301f71d5e5,1431289346.0
commons-configuration,6dbc989762cd1d0a01c2c56c8e843d21ecd48d37,1431288901.0
commons-configuration,b9b966d59f5942c7e6a4b6beca34f58a8aa1da48,1431288800.0
commons-configuration,46f6defad6eee69a7f1442fc6ae0e75e4fc60b60,1431288504.0
commons-configuration,457104106870b1c1cf99c6b87fd9041eceb8489b,1431288457.0
commons-configuration,ad08eb7ef257615742e8059b514acb2f218e1b84,1431288433.0
commons-configuration,102a2dd7cf9b947100359af15f99d152998d299d,1429384139.0
commons-configuration,13d0cd190180c7af98d81c9ed6457d745e2c7ae4,1429384115.0
commons-configuration,0c6837581dd42a8b972be6a9b2a5c6364ec1d5d5,1429384091.0
commons-configuration,9c3b1ac386c73ec6a99c84958b9ddef9e7d335b3,1429384067.0
commons-configuration,eec9248006dd30d2a52e3ee47b5328399b2debc7,1429384031.0
commons-configuration,4975496a3ec2c152fb48a7b681000447c784d336,1429384010.0
commons-configuration,3af8e6e23b211cd7d564b4d32cd214987131183d,1429383852.0
commons-configuration,997f50595fd7b2df1730c7d4f9a0332ae9aad9f6,1429383828.0
commons-configuration,dcf38a0d2a49b6b96c557aa4475f734a6ab2dc02,1429383791.0
commons-configuration,1f44ef2bec5a7ea3198e0ec0ee9616a3d84400bc,1428784601.0
commons-configuration,321b6255fb626fb72e99c60f40424f20644d7586,1428784576.0
commons-configuration,0f2e465e41e249e105dfb4a30242f1925988d6e3,1428784549.0
commons-configuration,a216362a393976500b515efbe08e7d96c688600a,1410291169.0
commons-configuration,9b63cfe4269c151de0d3c4c2c8d3cb9c229a1bd3,1406403746.0
commons-configuration,16f6dcfac6e126f617f36ea3de1ad2912af2fd06,1406059751.0
commons-configuration,1ce0ae86f4284d340e71def34d2814e59f8d5a08,1406059689.0
commons-configuration,d6d786a181cee72df79c36dc4305cbb16f734088,1406059568.0
commons-configuration,80059048841a8e5058e1e4b249c94b6a4b5c83e1,1405281892.0
commons-configuration,cfce62427386671fb8d29c4810bbf627fe79785f,1405281823.0
commons-configuration,08f67d612fef14178aa5a3617c215eb23e0d98a8,1405181873.0
commons-configuration,4d9e906a21d2f0428b57f95d473ad526edf43a18,1405110412.0
commons-configuration,1370689d55a2b86e1c78a869fe3b38a11ddfbb36,1405110138.0
commons-configuration,911bb2896267c57be1d584bf5057cd5bd1dad471,1405109952.0
commons-configuration,e2b5ec79fcafdaff9f017853620ca2a6ee224fdf,1402687552.0
commons-configuration,5aaa012e40083d0ec59eeefe0e90aa9cec522ea0,1400529357.0
commons-configuration,a515e3a791afb0a2d290a349b9907757d99f993b,1398803715.0
commons-configuration,1b734f6744f1ea778ac8b1bcb0c52fc3ddbde1ff,1398803671.0
commons-configuration,093b4ca3683679fc147b0339ce8b9e48dfb7995d,1398627273.0
commons-configuration,9b444e87f14af09670529fe388c98357cb21f345,1398620084.0
commons-configuration,64e0c0fe372416bc7bd412d88e953f44dadf8a6c,1398617419.0
commons-configuration,c722286d222a13a544aa6e669c08355009e945b1,1398021756.0
commons-configuration,2b67dc48070b3a367e7be75206ea7ad25f26eb25,1397930631.0
commons-configuration,b42fc94949b276c377da3aa95b1b3946f49edcc4,1397930603.0
commons-configuration,006fcd885a981242ba3a737ac3b5912f10de5206,1397506123.0
commons-configuration,c52a50f251e1aa4b64d07cb00c5b7c6238c3fe32,1397405255.0
commons-configuration,c3f8825c6b07812567c37c2901fd13851154ae85,1397405227.0
commons-configuration,8dbd92c8adf4ec97c8d4acc9623303e52e9084c6,1397405068.0
commons-configuration,ff3d35412f81428007e0b7d0f3e38781f5ecdd54,1397405042.0
commons-configuration,249a39f43f38e96a8690d88ef52690f28a2c46b4,1397404908.0
commons-configuration,db857ff9d530157aa4c7816c71117a4ed6784f99,1397404881.0
commons-configuration,51b532b6cd8595fa32de08d1bc8749c2b6d79ec8,1397404678.0
commons-configuration,72725d69fae691e98f3b4df324d9ba723206c71a,1396727439.0
commons-configuration,f5652cb9f7acf381355fbbba1ef423c521db7ccc,1396727301.0
commons-configuration,487366cb0e63ba314f175646eb14d3817691f941,1396727266.0
commons-configuration,9553b0483af5a2b931cc71a23a1cdb5c4ecda1fb,1396727234.0
commons-configuration,fa2e70bd9d8a9bd5635434855a2feab3189bc5a0,1396727196.0
commons-configuration,5b7d3f5f4a40ad6e0ccf8ddde120219ba53cb3e6,1396727174.0
commons-configuration,a8c62dcb87bcbdcf76fb8ddbc0117fc145c68ead,1396726969.0
commons-configuration,04ee466989af2159b920feca9d8f44d42f1b4201,1395693371.0
commons-configuration,c658707339456404cf905ae7e9c78aae46994c93,1395693347.0
commons-configuration,82d1f40a014abd0d6117558f8694610d64de72d0,1395607126.0
commons-configuration,a61899cded655854393cba39d504f77e66d8151c,1395606925.0
commons-configuration,efabddc4dacaf3e371c3cdc5ac081e49d976d82d,1395434015.0
commons-configuration,d7141419497479bcfb130b3872e8b1a641509b50,1394398703.0
commons-configuration,3d12f9e3d103d8098a778f83334a50a3d737d3fd,1393789705.0
commons-configuration,5c34528b4fde9ab3b98f5b271eb8e77594d3672e,1393704931.0
commons-configuration,eb25a7238dabac5401b2230547b9e697a9345b2d,1393704834.0
commons-configuration,b20eedeadeaae74c62fe458e73d2417fa9aaa9cc,1392929325.0
commons-configuration,9dff4402ebe517bc5297e6e75c9f7cc9ab53a7cc,1388594867.0
commons-configuration,5cb0099a249f4609702e707d5846aec761cf49ca,1380485574.0
commons-configuration,82c7256b626610186111bbc8b8f9aeed6bbc27c9,1377201586.0
commons-configuration,c88169a5d00a8a8d9cd3ee80663738d790cee58d,1374352682.0
commons-configuration,ee5885049faf1933fac107065874d54a2c6ceea3,1373743175.0
commons-configuration,95ee5732512aa6b8e548a944d869ba2aff7f765f,1370291178.0
commons-configuration,2d257bd2e7c89ac3067e1b440a9f22645f9e0f82,1370116601.0
commons-configuration,019462f82da92d184c7e6a2b0ca5f8ecb6009e3f,1370116579.0
commons-configuration,3ce34eb67026ad9311bbc014caa85351effb45c8,1370116519.0
commons-configuration,5fab7a143dddba15d8f4eddc4e323956c7fc38ea,1369253567.0
commons-configuration,d3891e97c46ef133be3b3d2d9c3a272c6526910d,1369253493.0
commons-configuration,d115f5554e5e457d5cf60983e060d25d71a28e19,1367785597.0
commons-configuration,11c6fba7f5ec596ef018c6fae1c12b1196117ce8,1367785465.0
commons-configuration,fa619ab65453dc480769d316f4a3823255dc1927,1365870187.0
commons-configuration,ae90d5695b7cb91c082410c39513282f694fbef7,1364929834.0
commons-configuration,514cdf8f1ae0ebff29e600e4888928bb28b18345,1364929556.0
commons-configuration,5d23a96a09f7401ee5fdb9d5b1fa2588e8d6d2b9,1364156142.0
commons-configuration,29df6f68948664686f888ab31d57fbb8db6d7264,1359663489.0
commons-configuration,309cdbc5bb9ab9a8e982cd862e389768581cc1d6,1358889599.0
commons-configuration,857f04aa09b0104b377122f2d52276fb1aa1c55b,1349728632.0
commons-configuration,7d349c9eee02df224e23df88ba9e706141ef90df,1327352949.0
commons-configuration,168c35df2edf03f5fd73a7501951e1dd38acdf4e,1327267861.0
commons-configuration,097e3f33f85a2aad109c25d426b90d59e8855a9a,1325346290.0
commons-configuration,d7360da6fc49c3b5649807fdd6d32fb12e862595,1325345836.0
commons-configuration,da79a88004311919adfe8894f1b5224470c1a680,1325344562.0
commons-configuration,3a92fb427d9c64fe79944375409ce3cee21449b4,1325278487.0
commons-configuration,7eeefc8f5979778216f8d72e0a2ac9c7a7ab2bf6,1325277729.0
commons-configuration,cf10a8533dc9c84279528fea2f2ce5c8332511dd,1325276350.0
commons-configuration,44eb3401adf254af202c9f369b0ec65fab3c3998,1325274964.0
commons-configuration,b4452cbf442fb293787c6b4102f979ee60e3f6cd,1325274384.0
commons-configuration,ce43ccaba38a84acfb1579411a45df0d0e2460d8,1325193063.0
commons-configuration,d951b39b12e408adfcfe0d4c1cde833b74b66bff,1325192786.0
commons-configuration,c133ab23f21908c040661e8a2b3b00064b62d71a,1325192457.0
commons-configuration,24e425bada0bc572816675e7ae9d5787080831ed,1325192107.0
commons-configuration,ebfd74be1f23a4636a44ec6fc2ab75cc492d0dad,1325191056.0
commons-configuration,c1fc5897d96de89c76b4589bb97029d3447a05fa,1325190698.0
commons-configuration,ac45aa1d3b0b8e3f9eb4c4daf0fac0d0fed930ea,1325108219.0
commons-configuration,924ce593370675ff70fc50dfa563e5d6e98ad94d,1325107703.0
commons-configuration,9d6f1726413a857e957193ba6a93c1c939e71688,1325106948.0
commons-configuration,6a6ffcd56d3ba126b492b5092a3fa1c2200bb93a,1325105749.0
commons-configuration,9176b0e21f58c797b54a1c0a10927fa7d9aac5a9,1325021783.0
commons-configuration,3ee90815d196ec0ce045cfafebbe5ceb26c014c8,1325021002.0
commons-configuration,d6b0eeb395f3ae1b3809d20e18737cc6a5320881,1325020734.0
commons-configuration,4cdfac24d9933853e6ee4afaecab9940ba238d29,1325020499.0
commons-configuration,1abd3528a03a31f838ab820dfefa935d01839482,1325019575.0
commons-configuration,a84058a03edf1d020c70de7db67b825727b199d0,1325018773.0
commons-configuration,b04335bd665fe3210b3567121bfe294fef56634a,1324935396.0
commons-configuration,75569229370ffa0f8ec94730d8eb2ab66a073fc1,1324935045.0
commons-configuration,3c5dd6325184084168d1b60ba8c94bdfb18d16d2,1324934298.0
commons-configuration,997667dacdd8c6c393d9fdcb25892538d66f4616,1324934153.0
commons-configuration,80cf8be67aa85cebba782fea6aed9163a3b82579,1324933255.0
commons-configuration,62584ddb56d37543e54394bd4aeaf90feffc25da,1324933025.0
commons-configuration,975ce4fbeddc541b6a1b378b1a6d646facfabcd0,1324919916.0
commons-configuration,817ff3e15912e18befe95aa2347ab5bb2b939db3,1324919689.0
commons-configuration,36a19eaacdb430eb5196791dae290a5efddbc169,1324845574.0
commons-configuration,bf1e7ef635c3b0fae44d7f2f4c806e48146469e0,1324845136.0
commons-configuration,678ac19474a0921e5ed16422b541200384daac46,1324844233.0
commons-configuration,02137d48144c1ae99da922bc68b38c9264f4946f,1324842669.0
commons-configuration,89f799705c6bac077c1391dbea64d99458c0c232,1324842441.0
commons-configuration,6835986ca0082324a7635537ffe643ddf02f98b9,1324842244.0
commons-configuration,93413d8c989b955372a785a2dfe956b1b08aa466,1324841874.0
commons-configuration,03b6561e1a5a896a2928c0c371d8b17f696eaa9e,1324841004.0
commons-configuration,0bda1a81b13231bf85a6d605b35641e9d0ea9830,1324760212.0
commons-configuration,fc3d73b2c39446be38362a25c83a816772c8157e,1324759685.0
commons-configuration,9e45ce2575adbbcde66e4406eac3c73e26f2c912,1324759289.0
commons-configuration,761371dc80741154565f59f0ccfa54fb0c1308e2,1324758645.0
commons-configuration,52364bc38579cb613973af1938b321af06cc4309,1324758096.0
commons-configuration,0cc25788438c1574f2813af0fbf0ffc9a1f111bf,1324757850.0
commons-configuration,dc3cf666cc07662ec2a1c7294d112b331f809885,1324756981.0
commons-configuration,4ea20d3f0d0d58461b6df41c1c559439fa7a72cd,1324673818.0
commons-configuration,c78353c59cbc54c89faa1f9707cfeb8d692d1c8e,1324672642.0
commons-configuration,ab2b5a05bdcce1d2f0641a97302fadc1bbbd3b64,1324672324.0
commons-configuration,1e5f6b004f987b1779aa4b4b0aa78695a4cbcc96,1324670590.0
commons-configuration,60a937eed1ae5a750f833f70f5fce4c1aa2ef015,1324589576.0
commons-configuration,fdb9c943a7bf75bb990043db7885a64f19115129,1324588210.0
commons-configuration,a543725dea0f57a6bb2a38bba798751fae883b32,1324587977.0
commons-configuration,964bf33dfa1e22aa313897ebc60f01a0c04c1764,1324587227.0
commons-configuration,6ab7775fae585b9620743a5decaa4d5ff2d6f79c,1322858864.0
commons-configuration,8a0deb54b0ba05421d97d1ee9b576f16e132638a,1322774183.0
commons-configuration,1130c0d445e2d7a4b8c04ca2f665a273e822909c,1319206868.0
commons-configuration,463d82c085669c9f7617c7c12a74af55071c3afa,1313251119.0
commons-configuration,79046307a3316c0fc4b7e680e36dc971a7fff667,1302376222.0
commons-configuration,ab13a0ef40a9b35be0c63980a9157657d92f8526,1302286354.0
commons-configuration,817b52dc5f79e241998d09d91e4a251f54ad3f51,1302285437.0
commons-configuration,ddd7350dfca8ea5b2ac71cc79fe1748bee90e56c,1298062000.0
commons-configuration,c6b69c51781163d45f76f45ec2ea2be774a24c57,1297027951.0
commons-configuration,453a722377687fe273bc5435185f42bcbdcb26f8,1288451996.0
commons-configuration,49a5ae9554807aee369852394d3143bbb7551ca9,1288211166.0
commons-configuration,13074109e7dc147f524f1ea566f7cc3b336d5562,1264263047.0
commons-configuration,6662bcbf6b789d2c291f9c63cd9c9204f1efd454,1254772974.0
commons-configuration,6c301782443603dc0fe2e670b2b437e80c50484b,1254539261.0
commons-configuration,d067512c2b8efee925a8761f1a43b2dfca4ff0af,1254267532.0
commons-configuration,02a28021041977904fba631de4014db04b1ded37,1254090496.0
commons-configuration,7067a02a7d15601c4476b78067352478322e2afb,1254085087.0
commons-configuration,84c0cf32dcbb7ddcde8b6d5437c3e415a0138d72,1248395969.0
commons-configuration,ed8738d5b3ad58d3ad8b225cda7d9be03d8ade43,1245641558.0
commons-configuration,b1987f221f0655811991852eb57472c4367ec1c8,1245590604.0
commons-configuration,c4dc191cf5d926b5c9959246bacff1117c24017e,1245175062.0
commons-configuration,de460fcac6981f91b8d0b3d0a061c5b83d2b7d24,1241484186.0
commons-configuration,b2d05641ab728879cabbd271f0747bf98db02dba,1240355214.0
commons-configuration,be80820a0104abf78bf1d8dac736c638a07b6702,1239692956.0
commons-configuration,ef4f8d1c935572c1112330df6b760aa396bbf5a9,1239474908.0
commons-configuration,97aa56076211ebeb80e0ed9c8c5dd83e9be67809,1239466557.0
commons-configuration,579763629f074055a4194d0c2c534dd048109627,1239430993.0
commons-configuration,5858ea7556cd9260e5fe194d002bbd45d9070da4,1238650961.0
commons-configuration,111bab6ca4085ff0efdcf25a82c2fa079a994ce4,1238271535.0
commons-configuration,3bdd4b8a4019bbf43d3fd82b532ef428d91198a7,1236536792.0
commons-configuration,f1c5a2c4634864a6c31c5a704e6e37d94d2ea3b6,1229638592.0
commons-configuration,cfb1263cbf338bf78f64b7d7efb928c2b57f3c16,1229584569.0
commons-configuration,32081ef5c59bb7f3124b76cadd245686e0974b12,1229463869.0
commons-configuration,73ac869e704ded44e5abdf55c88594000529dd66,1229376596.0
commons-configuration,008754fe7c221cd842757de29ecb0694cdb51d64,1228722748.0
commons-configuration,3a8af0e75839a44f8a50b430c611dc94d3b00c4e,1223147646.0
commons-configuration,d6c3900bd0c06e311af4902f3fb56c66486cd42d,1209553318.0
commons-configuration,66f4109d462e99a819a8eb4f50e9260503e4ed30,1209553198.0
commons-configuration,0d744de2743b78cfd8481908a5736063ce23fe86,1203338239.0
commons-configuration,28529e053256c9ca94819eae0ea4606c68f6383b,1195072266.0
commons-configuration,9bff58ad6c0dc366eca173517ccde6d69ed4f74b,1194556461.0
commons-configuration,cf033a2e5e157470efd8081126a06eed001f92aa,1193589455.0
commons-configuration,595ec843fbf942552f717d893e0b632c74c93bed,1188417946.0
commons-configuration,6ab5b4c54ce2590dc5e0cd53eb733d21a21610fc,1188316609.0
commons-configuration,ad8a4955cb3ddfed950d2b3c21256ed4b637c5fe,1180006285.0
commons-configuration,08f0beaf018ac4f4dd0325674f17519f306b2746,1179875385.0
commons-configuration,ab8534081cedfc9f3644e4da527516e8ea8fca6f,1177548017.0
commons-configuration,bad272b1b83dfaba0c7de16bb9bb3078535bd699,1177503781.0
commons-configuration,1c720e531623ec940995654afd433769975f6dee,1177501680.0
commons-configuration,62f8f9cf6e8729a5d72304e9f2b035f4d269e7b8,1177102296.0
commons-configuration,a99e640b042b16546da17dffc3e3b96f687afcb5,1177024116.0
commons-configuration,06fbd474c7befe30e52b1bf6e46bbd9d5e1a3f3e,1177007387.0
commons-configuration,0a00676ca6c13ca97a9ca248d375f1e93a8608c6,1176940430.0
commons-configuration,a4d62a8fd97a4516f1d04320608ecef9025c1d03,1176895373.0
commons-configuration,0f544502f8329a4ed2c7804aa593558437a553e0,1176720042.0
commons-configuration,6c9579e8eb46ab760c78bbfdb27fee44e8b3965e,1176499808.0
commons-configuration,d6b9e46cb6fe103899decd462285a44e34a69675,1176467002.0
commons-configuration,8c42aa996c2b964da9f9e664022c7136c18cd03c,1176055517.0
commons-configuration,086e10cf5b25a7df805919e9a5e1f2dee6ef0484,1170618015.0
commons-configuration,9bc5d593758155be36847fc04a8dddb33fd0dea1,1170277024.0
commons-configuration,e78bfbf363447dc9b592040eceae32ae7e674c06,1165694326.0
commons-configuration,ef208629a9979fb46495a7165d031f457b1dc4ca,1165602615.0
commons-configuration,1336752ec477d9c6e89d4913993a207265ad0ac5,1165439497.0
commons-configuration,95266cde0d2cf848ae9c5873bde8c94203c14696,1165084993.0
commons-configuration,76a78917670dfa794fea01ee1d27717295643bed,1165083643.0
commons-configuration,ae0fc6f6ff1090c515409af0a2cff4af57921480,1162502569.0
commons-configuration,620ff7afcf73ec660d0f450d8c86dbb416e6a4ce,1162241459.0
commons-configuration,a31f7779307e722d29258b452e09ee01a735eebb,1162239770.0
commons-configuration,7e4989ff111562d9bc562200d0c5bc5b41af18b9,1162048262.0
commons-configuration,7091bf722e0adbaf059ad262b33f548960ad6df9,1161444225.0
commons-configuration,c671dfd5fe57d837fd966dbe0637198bc5cdbee0,1161030364.0
commons-configuration,94d6e9fc10077249b0a7b7d18050b17f57f05b36,1156965762.0
commons-configuration,7890b7a6b1fce045520c88542c6df016ae0f372a,1156796905.0
commons-configuration,397e97d2b347f4fe326e95f4e90a0dbb0e446a42,1156364043.0
commons-configuration,62bf3b153b00c8d924edfee947c98e827fedf452,1155673757.0
commons-configuration,0da83016cc65932458c5e437d346b1cd9141aaa0,1154880402.0
commons-configuration,b24b7bed9b19eb774d1866dfec176fe505e01b1b,1154184751.0
commons-configuration,3ac9d8b62e59b8a65d289ce607665f5495d15051,1154031434.0
commons-configuration,fe6a1c262d4024c0c631ca4682333aeae0f9f6fa,1154030553.0
commons-configuration,a17317ca414e6c46dd1d0bea0021c1227dfb6f6e,1152216028.0
commons-configuration,e635cd103e1d4659aebd31e6f9ff804339676108,1150922224.0
commons-configuration,7d582ef08f84f2ef7caf8fc18a1831d5de0eb91f,1149191573.0
commons-configuration,b7ecc0fe29faa86a20f019771197b4362a5c322f,1148932159.0
commons-configuration,a6d22a60896474d68f7c3a31204fe1080e5e50db,1144684428.0
commons-configuration,85617629f0d3420c0e1e819d72790d569b7d1f1c,1144603837.0
commons-configuration,46d2c68893529578e8d226d2d8f98d97f36bc034,1143213502.0
commons-configuration,c8fe369e7ce573b7f326f3edd31e4d28b3d0196d,1135801399.0
commons-configuration,ddbb09365e83bffc4e92ccb8187275f231d0d6a9,1134590347.0
commons-configuration,ba56170cdef32565fbab23e81ee88d58dea918c2,1133838627.0
commons-configuration,9ec89325f1805f253c0bea9534b2285238b3f38c,1133831593.0
commons-configuration,4eaedc74cd8656253d1f7ad01f8d932c76b55db2,1131988188.0
commons-configuration,3faf91612fe048c803e347b043fa5df79fcc3a4b,1131727614.0
commons-configuration,0a233ae16ade7e1a4a8c285321f1cffd098101d1,1128964925.0
commons-configuration,74122157336f20ea41143173997df99c707bc3cd,1127083239.0
commons-configuration,a6f36d12f70b995cf97c9e100b07138173468743,1126773985.0
commons-configuration,bf6638251bc1052b152c00d28af67883305114e9,1125933538.0
commons-configuration,4f408815fc9404dd7ff3c8841e3b8043d2fff986,1124883484.0
commons-configuration,c7b5a868ea42d16027634fd3138bdc86b3d729bc,1124881703.0
commons-configuration,af17df840cd2b7c4424b30f0e474a45e7add0173,1124644381.0
commons-configuration,4201f28160bb6d6b36e2c9d26e71625f053d3790,1124561896.0
commons-configuration,97e542e3afed5e1045b64c983ebb428448e78d44,1124557072.0
commons-configuration,df169c8f5bdb19e40dff95899d2be038b40593e6,1124468191.0
commons-configuration,252865b1d459185249669686f17787880f357589,1123923718.0
commons-configuration,ac301177d363629f82d8d19c2da376f4819fd6b6,1122997555.0
commons-configuration,0ad03d786e663d104e20704690aac5b65252efc6,1122994695.0
commons-configuration,568c9e4a02f47b8bf9a9dd746ea58cd91b40ce7c,1122737281.0
commons-configuration,4229631300135440f326699cccbd682852becec6,1122488312.0
commons-configuration,6d0ec6e8c865bfc9be213d7df04f1ab25dc9208d,1122473579.0
commons-configuration,751442fb3ec5aad3fadbf9204da9f87e91b26c48,1122458491.0
commons-configuration,66e3d461bdf5d35b9e6c49bf206f0c765c79e9e2,1122024156.0
commons-configuration,ca77ceff731627aa1cf6679326902133e85a129d,1121884394.0
commons-configuration,60c3b1bac97562acfe382250a3230fdbd9eea824,1121019499.0
commons-configuration,3f506fbdf9a213f96141f5ea79d62a6f77756e50,1119889854.0
commons-configuration,554973bca3a42fa8f6e58f8ad5f4c2b1736aa412,1119015650.0
commons-configuration,4f10fef4c9efbf49256bba7ebfca322178c6249f,1117900452.0
commons-configuration,1f379cafe08d544b14fdf7b8f331e64552958e20,1117894899.0
commons-configuration,0af7347d02bb6f0244a3e49ee04895bc8560c3e2,1117482614.0
commons-configuration,7f482e5c0dbe57d01cef8c10551f9645e8f76259,1116352165.0
commons-configuration,cc745b0057e6ca9aa4322a8063060d317351f364,1113418390.0
commons-configuration,88891299ab4e47a8fef8c93de3bd86e751ae09b5,1112700734.0
commons-configuration,e9840d05c60e7333a1d14d97852c939524312619,1111427936.0
commons-configuration,4844552b45be83e6c764922fac24abbe9d5aacfd,1110372607.0
commons-configuration,6a522b3c80ae6e7a08edaaa089cecb86273b6dfe,1110018382.0
commons-configuration,97fd449d39faad70c78fe75a8425fd7cc80ac688,1109791779.0
commons-configuration,4abcbef832a0769719e3b9edf553751b85f0e512,1108985973.0
commons-configuration,1e87e993d2f5fc09d452499f300fe70f5d70a5bc,1108375415.0
commons-configuration,80833679427d9f042e17e6650f402eacb9f37d2c,1108135192.0
commons-configuration,8d9894e0fac6d578bf5d6489497df85dde0badfd,1106322693.0
commons-configuration,c4de8c6400973f5b2fdb23161400d0b743002951,1104771089.0
commons-configuration,41fd4d44be874bcddc3056637be04f0d7e004930,1104508800.0
commons-configuration,ce4a94f0c86cef33824fed37cdc18081a5e1f5f3,1102175695.0
commons-configuration,a8674c078c6194e3b31fdd33276ffa760e9dd21e,1102175140.0
commons-configuration,ae1b5ef251b44460e818c8c2b8125732c04b7f2b,1100650680.0
commons-configuration,6d55ecfe1dd7047bfa3a92982fd57b514e71fd93,1100650325.0
commons-configuration,864a00382649bcea8f0bf2b7a04495c608922a67,1100456942.0
commons-configuration,beb37272963a9b9ee3185894e358e004606d6bc7,1100365398.0
commons-configuration,86198889839d3c5a2fbc70c41b3188adead4a165,1100365371.0
commons-configuration,3f0abe94efd4f80316c0632c6e088df5adbb5886,1098102726.0
commons-configuration,66a8aed44e2104d21f4043d90df2c1e7227264c2,1098096271.0
commons-configuration,eaf4c7719422b4cabe1cfe656c22d117824b1180,1098094767.0
commons-configuration,8f0b123102181680580e51e5381b1bb3e7520020,1097486229.0
commons-configuration,5d5dfc16948f0a5e3d8dfcf61b00836f61a420eb,1096918545.0
commons-configuration,3f08416285ff17542a4815d014f0cedc644bff2e,1096913699.0
commons-configuration,c479e7234253181b1438a89412524ed5623f2f3d,1096216164.0
commons-configuration,28d5b78594092df5a2dc63514136c6c032a6859c,1095789490.0
commons-configuration,bd9eafd34501517d95e8acaef8d57f579483a8b8,1095787107.0
commons-configuration,e9b9f90c5f8f54381ccebc0fc9311c67a54a18e3,1095673027.0
commons-configuration,8ca0eddb80d51aec7dfb12fcb250cce87073fd76,1095631674.0
commons-configuration,17efdaae57ff150ac600fdc703d1a04f0220c618,1095630886.0
commons-configuration,54b9f4a17a0d334aa19f4a4b5b9887b9ba9709fa,1095374135.0
commons-configuration,3fa8d9c5bd0b4fe2d97c8652e716211b9c46d210,1094823294.0
commons-configuration,0f21978d9740a84f9c095b8e1c4322e3a99cc6ce,1094229381.0
commons-configuration,fed9a14f0f0a7dd4d3caae21989db23f2def724f,1093016967.0
commons-configuration,4dd1d8b7abb23d0f39351dea1daab3a9e242caef,1093010142.0
commons-configuration,a6f3dac88fa825809a86aec7aee5353ce8c57cfa,1092694593.0
commons-configuration,145f466343cb0754c5ed1ec8583c33d5f4e227be,1092483126.0
commons-configuration,7917cd8ade270c9640d39ad2914fc4751f4ccd52,1092482594.0
commons-configuration,96a44d5ecccc4fe0974f64577a82ce35dbdd3c9b,1092482520.0
commons-configuration,f5ca5fd4a1e50043dd4f1dce5523af7b380ffb18,1092482487.0
commons-configuration,792bfa818f4cc1ba059fb8247218884fdb252880,1092325558.0
commons-configuration,714a3313507d99400aa87dd0ef5e4d87eec96853,1092325522.0
commons-configuration,3a73e3a794e8e003c38ebd38ded0a9d81b7da907,1092324636.0
commons-configuration,030dd69e921e20bd0325d57363c5a38ecc3f0ef3,1090686370.0
commons-configuration,bc6092ce982686252885e03bc78e6aef7eb65020,1090684141.0
commons-configuration,7bffe540ca4700d70b8abe17f15a79252b0522ba,1090413536.0
commons-configuration,dbc5ed4740945850b5ec09bfb14d09a0827fd622,1089727727.0
commons-configuration,ef6627d9de7f2d926ee211110bbe46fcad163010,1089643254.0
commons-configuration,20c2c5dee69703a97323043d0e137d28348a6bda,1089643018.0
commons-configuration,5c9627963b0c74ac37f9611ba42afc0310c2ef9a,1089300860.0
commons-configuration,c77b604c4dac18e9a9cd41d1aac5da3ab838356c,1089280312.0
commons-configuration,850951c4859f0ae6b1f0515f4f0543b416ccebfe,1087486229.0
commons-configuration,75585eec3be288050a0f4c4c986fecf670df4e3c,1087399029.0
commons-configuration,35feeb12e5b78cc86a93bd1483090ba0f4c110d5,1086353933.0
commons-configuration,b859de8c36886203de356763b44efcb3f4664154,1086276766.0
commons-configuration,672ce809338de0a6e53987855b74c231263056ba,1086194545.0
commons-configuration,1bf1f1eb18a4d9d194dae3fb147bd8db95563bcb,1086194026.0
commons-configuration,fd4264ed28eba3d731f2a7cbf892df1969a8e907,1083709630.0
commons-configuration,406e9afda7d6f19424570cc99e19ca862daf805e,1083708869.0
commons-configuration,f4a384cf53af96083ff0817336c7d31ad0ac1bed,1080844984.0
commons-configuration,91f74823c5040192f5cd893eb28ae034c1e470fa,1080488063.0
commons-configuration,080833bb90059d4654f333db9fe9c56c22e5b36e,1080484984.0
commons-configuration,2718adf60ed7a86a9726119c5c88d589364e8f72,1079199100.0
commons-configuration,b4c90a1c2e9b68255b322635f05ad9ce7c434059,1079199042.0
commons-configuration,3692c8a0db770a2c7dc8425b7e6c18ae4a55cb3e,1079197444.0
commons-configuration,9a1585ec9bd2d803c1aa227068019bbd110cf5e4,1078788429.0
commons-configuration,b76f502caa6c75ca2d642cac7b1d32d4b11450c6,1076846317.0
commons-configuration,dd93d1af923ed564fc9e55bd57ba1bda033c7b8b,1076789183.0
commons-configuration,5a02b95c716a008e2c4787ecd13f8c7ff6c2c375,1076785842.0
commons-configuration,4594b718e65a428a13e16a14d929289d0fa0b744,1076784861.0
commons-configuration,6775318e1fc17c52db56cefff48ab9f422c9babf,1074856136.0
commons-configuration,ced71cef9fd1e20cc7fc17367be5ca66c38f6df1,1074771683.0
commons-configuration,7e2018414f8a31ae35f9e268e2816e86625499bf,1074274299.0
commons-configuration,f1e46ccc764fec90abb56db9eadaa2e4a8f44aa9,1074274269.0
commons-dbcp,15e3ba0f7bbf0adec8ca93d6acaf5f488582c949,1551363146.0
commons-dbcp,fa10cfda08c3e12c5c187c1880f52f89284eb0e6,1551361928.0
commons-dbcp,db4130171a9fdd567b86b73b8538d3d9d802e60a,1542139789.0
commons-dbcp,3fe15786c11fdcf1808aacc05b8b15d61f7ce23e,1534455702.0
commons-dbcp,04e3fe1d2cfd176784f164413010d87a01f1e5c2,1534453405.0
commons-dbcp,16c46bdb4330287fa64cbb2b71014c76852e5c8b,1534446586.0
commons-dbcp,5bac43f7b775c9c876af614e745f80ccb495f01f,1534445981.0
commons-dbcp,171528a88cca65f5b192be643c2425458d1edfbb,1533913409.0
commons-dbcp,d6819f7cc25aa649682215eeab9d7040b5438560,1531086333.0
commons-dbcp,adece42b0228e45f0fd0b131db25080b9a926611,1531080084.0
commons-dbcp,d815c27f7652dce234403fd95b55278a0423b5b6,1531079752.0
commons-dbcp,76c80ad2819c85f71977e584bd1bfb3704ae6fa1,1529525275.0
commons-dbcp,c50607e7c834422c7fd926a345b1badebd1a2675,1529400539.0
commons-dbcp,7a2d76735fce33b815c9fd674b1c3e3eeb3aebf0,1529399696.0
commons-dbcp,b53521ba1a104bb725b63f5d11c551447b78ea59,1529360982.0
commons-dbcp,87266fdb96e7b98dbf4fd2198ed3b8f245726203,1528654047.0
commons-dbcp,6658eba6826100e9059186809927f398446e33a4,1528652703.0
commons-dbcp,29cf07169ebaf45dc8eab6c7e55c0039b31dfa5a,1528651752.0
commons-dbcp,6b436a0dc1c32095698fa777ea1365f5bbfc672f,1528650658.0
commons-dbcp,bc71c883eec9865f626a77e668f610f1624be43a,1528649818.0
commons-dbcp,80287ea5dcec5dc0fe8903fd94a51fcd7252dade,1528649529.0
commons-dbcp,e45d91d0386a32edde0ed08b57f53ec2cc1de3ea,1528648448.0
commons-dbcp,beb266a7c1a91bea734bebcfcf0768790055e8ce,1528648175.0
commons-dbcp,1a5b367ebabe8dfc3b37481472dca48f115cd261,1493255961.0
commons-dbcp,7b9fba0be5f9ae7daf55d995b980646838f8975e,1512422381.0
commons-dbcp,a27d7746e1d7ee7fe55276e57b9aaca33e4612a1,1512422310.0
commons-dbcp,7dd3b68cce4a731b635b766f745d76ab4b009eec,1507470467.0
commons-dbcp,ab2c8a8865efb483ff898dd2bf82ad21eb494e00,1502837199.0
commons-dbcp,6a6504247671ee1c36f35b24f5a87d75d92b79b1,1478617951.0
commons-dbcp,8408716a7f2909eab4618ac2ab6e9a1565a993d0,1478165889.0
commons-dbcp,6641cc08d9568fcd6a291cab8cb0a7c4860e43b6,1478164121.0
commons-dbcp,861879edc67cdf244d1f7d1ea927f7c1a9399263,1478163695.0
commons-dbcp,e6543480ad73e45c7f02710b0ee15352664e118a,1478163222.0
commons-dbcp,8a1c1118558c8a4ec4d0b972d0c58906eaa3dd87,1478123750.0
commons-dbcp,f740290ca049e11fcb61439469d354a97272dc41,1478122857.0
commons-dbcp,0b5b1be810baf881d835ef2a96d55f54f537a6a5,1478121885.0
commons-dbcp,4475a0022d22d7a0433983546f89e7f58c713382,1458225055.0
commons-dbcp,b19355c40f70c4caeeb5b7c0e804b5f7550b6407,1458223393.0
commons-dbcp,6f80a93eaa51917c14796c96f6a184bb45505e1a,1453301115.0
commons-dbcp,dbce21381ab9bdfdb1ed5285e66c0e8390f67113,1441629609.0
commons-dbcp,27e738871f46f486aa8949e8827e81dd28e29205,1437873818.0
commons-dbcp,a8343e90a681a9e1dd69f21a5094979fabf36f77,1424319089.0
commons-dbcp,e34bdb31770cb14b69d5f308ce470f7263e5b816,1424318733.0
commons-dbcp,aacdf02f8c783ee97bc7278b71c4c7c359c20e99,1423601752.0
commons-dbcp,2b8e29457ac7b2cee97297672d5c6e530ef857b6,1423558747.0
commons-dbcp,c491c2db84c1a62624f110dc177c12433f157f98,1423536594.0
commons-dbcp,d53e67a4a8ab87434b5704eacea37f98d126db15,1422451998.0
commons-dbcp,3f6f7ba9f585052b07f2b6c7a1fa5e5e2b77a67b,1420041701.0
commons-dbcp,76f894a23e5de6bc9fbffacd0edae5c2d8c5a466,1411475914.0
commons-dbcp,0b1f5468e45d5a08f948ff77525d3ff4c44cb68a,1399075967.0
commons-dbcp,617dc66006c88461aac6bb405f493682037677ce,1397692721.0
commons-dbcp,d04cc0936a23031e8f44be22fa240d057062fb55,1393445307.0
commons-dbcp,a58a5ecdb08f10cbd4d1b688183d2ef1ec595f71,1393444186.0
commons-dbcp,7d7423c6fc416d4ff76fec5217fdf19fb21cfacd,1393443687.0
commons-dbcp,00eaf45baa00dd940c5d6933daacc48bce33509c,1393440765.0
commons-dbcp,a54cbde591b5cc9c53437a451d0fd901d0be32d4,1393428628.0
commons-dbcp,e70a767d520d0f8a399cb5645e6dbe68f0899306,1393427894.0
commons-dbcp,327ae28c5f60c15b0c738ac12633fc36d1988a90,1393427499.0
commons-dbcp,322961cd6f5ae07c57809b4f73ed436ddbc24197,1393427114.0
commons-dbcp,ae8b4cfca293288f1404bab12ec126e7eba32e2a,1393426264.0
commons-dbcp,3f4ebf7224a497e0619fe9ad9f7592c68cf553e5,1393420873.0
commons-dbcp,80e76d9108d448640acf94e1cbef6db342270f25,1393417744.0
commons-dbcp,86de67d11f8fc9443138f76e7ca45f365e257584,1393416383.0
commons-dbcp,95e3a92cc2531ea8a26516c566bbfe18b8887cf3,1393414944.0
commons-dbcp,1e0d9448a81dea071d4ed428164f834a5ac9d0c9,1393414015.0
commons-dbcp,78d2132101c4075af5a464effd9ee7e17c92f7b5,1393363542.0
commons-dbcp,0955351dbd9add5696a924585edb9a3dc266486a,1393331164.0
commons-dbcp,1ca86a827680f38fab052b83f4f41423f045b04a,1392643353.0
commons-dbcp,ddf17a1b225773c1385be2d264eb5627876deed5,1392494503.0
commons-dbcp,2a6d2b869641b94aca45103f5848a74ed2546992,1392491708.0
commons-dbcp,de402c6db51add3ffabf6fd55fd06b568c18dbdd,1392378406.0
commons-dbcp,9d84d1920fbc5ae4b94c6fcd16c5ccc695d01006,1392328392.0
commons-dbcp,ee63a260b35259968a326b77612bd73e6b59fad0,1392291939.0
commons-dbcp,9ee9056bac283a3934a79894a1a2d516b1f7e49f,1392281960.0
commons-dbcp,023a972157998f14d94407889b024d915f37fdca,1392132774.0
commons-dbcp,4a68258f8f3271506947ee30b6d6d67ac83a9dc5,1392132465.0
commons-dbcp,c529c2359f6bd92d986b19662eac398ffb51aee7,1392123265.0
commons-dbcp,5c68d489f3813d6e5b8fb15f3304e37e9f21dca2,1392115598.0
commons-dbcp,0d9d58935f73f3e37a8803bab4e18af6496f1010,1392114692.0
commons-dbcp,95793c7aab86868fc1ebb5ba177481a36d91450f,1391784852.0
commons-dbcp,a3cefc2063d220efdc8a42a66164a5ff0bfd690a,1391639436.0
commons-dbcp,1886e00dc914bb2f7d64afac59bcde0fefdc8387,1391630170.0
commons-dbcp,0326677c17051a0e1369327d1f956e7218329c49,1391605688.0
commons-dbcp,ccc4d3451144312fedea301067a76b657aa5fdd2,1391596159.0
commons-dbcp,be40a7e6bff870d36acce4509dc57fc7691e2cfa,1391592667.0
commons-dbcp,feda709428bd80738384d14c7b3488b505601d25,1391541802.0
commons-dbcp,42b0cfd4e0febb6df6c94b621e593cad13736c36,1391521452.0
commons-dbcp,f06f1fd33ca6eefd1266fc87e96c13303c899393,1391477258.0
commons-dbcp,0f548af38e5499da7d72991c2b15b9110560034e,1391469479.0
commons-dbcp,06e777aebe15621a7a8ff6617113abe36824a016,1391464511.0
commons-dbcp,45fe45d2987085e81e913ea902887a8dadca022f,1391438693.0
commons-dbcp,d254cf2bd17588e5111841b0ca0d349a0f4a6fd2,1391376237.0
commons-dbcp,8191d10c39079dedcc75a63b222026e211619b1b,1391373852.0
commons-dbcp,cefa0bd3f5964d6eaec5ab17d64e4e6350bab2cb,1391373482.0
commons-dbcp,f5878668c887a364a3a7283b81f4ef7f0e4edf8f,1391373103.0
commons-dbcp,5a83388b997c23abe711a2f40f7735ee76a561bc,1391372660.0
commons-dbcp,3adf215b297e1fa7296ad59120e4479e50cba328,1391371951.0
commons-dbcp,2280cbd563332a1b9f3ada9de77af40efc6c97b0,1391371415.0
commons-dbcp,a92d32a912e30c63696d18a4d0a5ac9e5f6f5452,1391201096.0
commons-dbcp,ab030a817a2974df8ca7461839549adad6db58f6,1391160521.0
commons-dbcp,8ed212bee495ccd9e885eea54f27d21cfc0a0c6d,1391117991.0
commons-dbcp,e8fa6c252720175fa9466aa017ada4078789c0c8,1391115221.0
commons-dbcp,556da07ac1b9deac6e93bee87426317767ca5c07,1391114839.0
commons-dbcp,fc988390b5de9371388551c20b85782d2ee40f0b,1391114708.0
commons-dbcp,994eb0746802bcdc0887bc00e731f38e772d4e99,1391114553.0
commons-dbcp,263cb30a386189b0ae807b501bacad654360d3d7,1391112982.0
commons-dbcp,9512c33403c4aea7726ed501f1f565c6f18b137d,1391102849.0
commons-dbcp,082822334e584c45fc0786822adf7914c5f29863,1391101541.0
commons-dbcp,4d97847b3aa6c0741eace88aa0ad1a7516e80970,1391089823.0
commons-dbcp,f9bcaff0691550f9e1f938da528ebaae661a7117,1390981404.0
commons-dbcp,80eb8c48f5edbf4baa62b7e866d877a2ccb5f5e5,1389613566.0
commons-dbcp,d4b94a0373abcb99a1fd98c6456baf670024e8ab,1389613396.0
commons-dbcp,fee5cc302a833fca4b78ed86747f2e44756aa7a4,1389612735.0
commons-dbcp,092754e5620d18e0de304d9701a0828026420029,1389554180.0
commons-dbcp,1e05a6793c02ef821de4a8d784925327e404ff95,1389553260.0
commons-dbcp,b0881858671d251d98390b15afa46a76dc355a0c,1389549794.0
commons-dbcp,24b3e31e0b81a4f41d2cb35d60e018706bfec637,1389549767.0
commons-dbcp,fb422594ceef4318424c119e1a993202946ef1b8,1389549712.0
commons-dbcp,be4339902db371f09a33c940ffb1da29376f21f9,1389549675.0
commons-dbcp,75514c5b13e2f022472032af83bd0d9d4e017973,1389468437.0
commons-dbcp,33034e99eae415c35606f77f2f7058221fcef410,1389459395.0
commons-dbcp,0dd2f3bf945eeca63e420269d6471552010e03c4,1386669456.0
commons-dbcp,d45ea140591226bc9b6e495b029c80b32220e707,1386623957.0
commons-dbcp,d81cf0c4a6b34983b0b2cc012891152f84da7c79,1386114345.0
commons-dbcp,c7ef491c85bc2c97411622ee3bc79ba1591ace5c,1386114032.0
commons-dbcp,bf7e1d9f862f4702054c6862c409b670b4602b68,1386112165.0
commons-dbcp,1123524f92f2a685d2674f00b5b7474f1e13145a,1386110056.0
commons-dbcp,ed6243a88978acfe0b38c2594d59ca30cf1777d4,1386109778.0
commons-dbcp,ee1d29a8a991e738456a7c87c2c931b72443f37f,1386109724.0
commons-dbcp,0abb8a5670c818c36c84091dddd690117b7be2c9,1386109558.0
commons-dbcp,73523265bd1b771ef33611dbfda4a6a47625f8ab,1386107024.0
commons-dbcp,17e1a92d72d150baea99c43d2c120c8a0741183d,1386103806.0
commons-dbcp,4f777504341e1e87666649234a7c086de11fc6e9,1386103240.0
commons-dbcp,12d7f3d204a242de56a5a94ea8371bd3f9717504,1386100085.0
commons-dbcp,ec532f14b85750a5ffa34bca3d93d60dc44ea430,1386067014.0
commons-dbcp,154ba8f9f457ab8d19dd8eff7d80b287b7499084,1386065733.0
commons-dbcp,9e7a1ff3e30bd14241c6f6e7602d1220b61ddbff,1386063372.0
commons-dbcp,40a2a13616142e37cb30f61a1f1d7d8400335f23,1386027102.0
commons-dbcp,8eb1ffb921fdce48feac61cd990c96f8271eeb56,1386027025.0
commons-dbcp,5c3f503daef8560f77d251cb8bf59eabd701b53f,1386025795.0
commons-dbcp,e6bc88cf052b100c4930b9d8b2a59cd06db1dc66,1386023928.0
commons-dbcp,a3b4468ca4730682260db2e7be0d9eae4c8657cb,1386015857.0
commons-dbcp,ca028cf07b8aab908c64990e694dcb8b334c516e,1383250015.0
commons-dbcp,b4f31b565d1442ca9344161ec966945b95095194,1383246370.0
commons-dbcp,ade62ec7f112ab37539087f2ee6162d495fcb764,1383245354.0
commons-dbcp,006d0566af0726b8ca5bdb07e28c4065b95238b6,1383244371.0
commons-dbcp,102e231003ae403208218d5e1ad2698874c6fe42,1383243124.0
commons-dbcp,0577106f0e7d9304622963c211daf91a555139a9,1383242831.0
commons-dbcp,308658c6cb18c682f5f3ad90c0e2f4d8c8beca91,1374828832.0
commons-dbcp,ffd4863413cdb91db6f21744ada1d0b4a1559626,1374703137.0
commons-dbcp,666cec26edbfb1929679bcdb19df15b97760f7b3,1374656657.0
commons-dbcp,3a8f202a1d3d649a00a26b01e27d953bf19a8d6b,1374621360.0
commons-dbcp,31d7b213c92d77bc7dfdde2377bbda22f03dbfbf,1312243694.0
commons-dbcp,af76539c8a5a5541eea3f8301b86f5e7ee71dc86,1311109069.0
commons-dbcp,c15f9c52531c4bf01678a18bd36993b7e9a281dc,1310065464.0
commons-dbcp,3c2b1e0ced3c025f54027f568fdf3e0f484b6bcd,1310046739.0
commons-dbcp,90e8cf4802298fd9c278e66e003e5d6228bd3b02,1309039082.0
commons-dbcp,17aaa8f9445975bf1a545936283242edcc086ae5,1307345235.0
commons-dbcp,7c3ec6e29b812717b1419878025605169c66f1de,1307327220.0
commons-dbcp,56f882624803d96b29e264dcef3b9a20aa5c6d3e,1305128480.0
commons-dbcp,8da2e625ba0dd2b72cb453668646f74883721457,1305068342.0
commons-dbcp,ee4a2079fb7f2c55145cc69ac99ae92a0b025e6d,1305068283.0
commons-dbcp,ae96f743eb45c91011bd3cc4756ceaa42acfe1b6,1303755731.0
commons-dbcp,11819bd33f724b5cfb604eb82379b79020983f8c,1300826734.0
commons-dbcp,8b5fa14f36e69f33b02265898385db47374e81ae,1290714614.0
commons-dbcp,cfdd1f297e14c680251a836557f3e0ef00a854ab,1265504849.0
commons-dbcp,daefb4d40bba54175761f92e738680cc33b3bcb4,1263855238.0
commons-dbcp,762139ad5d104c3cc8cb26db3942367bbf54ec79,1263402704.0
commons-dbcp,de6854c8cd580589a805a414e75f55fb5a748ba3,1263371552.0
commons-dbcp,3ddb5bbe058ba7945c949008afb9bdb8dec76c34,1263223602.0
commons-dbcp,536d93e5663439dc3fe210e1bb5d710f311367e7,1263168778.0
commons-dbcp,9cfaea1b5003e151e57b5191537aab483d6525cc,1263165963.0
commons-dbcp,21609760c1c6c9ebcd0a65d73683195e587afed4,1263151633.0
commons-dbcp,bfe146cfa5dcd4966b5c743a8a98fa4d9778b24a,1263046243.0
commons-dbcp,1a3da97f13aa4ea44ad0c9765d9666ba81c415e9,1262953850.0
commons-dbcp,9657891d54264c1725ad2469d460ed192f6687c3,1262863565.0
commons-dbcp,13d5958c79469d6657e614e2bb926ed21e4f4afc,1262775959.0
commons-dbcp,9339073b88491b928553c2351341422a5ad3461d,1262723090.0
commons-dbcp,708fe1ebdc0975f75ca22207dd55e3a86e90c1f4,1262721908.0
commons-dbcp,f5e1ec551fc2b4bfbaff9c81e6855385f4c6b5fb,1262716247.0
commons-dbcp,a5a42670dbfd7a6f953c232b212226715574f080,1262648508.0
commons-dbcp,7e4c9caa37f1ff3e7942d60f987970b689fa5475,1262627314.0
commons-dbcp,d6af3092e55f7d12aa03ca2c41335ab4a203fb5f,1262624640.0
commons-dbcp,1a812d3bc337b13f70f02069b43465d2d9ba233d,1262187392.0
commons-dbcp,5c0fc705aa00f934283f9cae09a733ada906314d,1262185689.0
commons-dbcp,7e85b010fe3c114179ca609b2565f43e12632231,1260922490.0
commons-dbcp,3d603ae0e198a30a04b086be28b6cee5b4bb2384,1260839529.0
commons-dbcp,66dd9512d3a4ddef95a7dbcf307b28552dea8d2a,1258995847.0
commons-dbcp,15b482d6c529010fc38a66d4508204efaac789dc,1258993115.0
commons-dbcp,954bd900c663477cfe1b85b7b5d4c925e2a4f775,1258991541.0
commons-dbcp,d5682eeebb5c172b6c67457a7126a41c006cb4c3,1258991385.0
commons-dbcp,3eefcfa08c94251e85a8864e41190a54a8ab10b3,1258991267.0
commons-dbcp,74ce0d31cb80d691c47a88c7065bf371621e6960,1258990969.0
commons-dbcp,e40e44883ae830cae477e1c44185409c23e5767d,1258990917.0
commons-dbcp,0b3963cf6ffbb9fbbc8c6a35d90c59e20250c76e,1258630514.0
commons-dbcp,3c8660682fb3e0ca5ee248db48df0d1edc5cd180,1258629672.0
commons-dbcp,37d1f284aa969393149b625e2ff48a28268093b2,1257894116.0
commons-dbcp,c0485f0cf1b45168f34d199b088d24da6ab907e0,1256650128.0
commons-dbcp,85feab537401689de799ea95e1273093311b5c98,1256640348.0
commons-dbcp,4b7b4d4beb061b4e85093a5bde49116129db01b3,1256639785.0
commons-dbcp,1ae95cbfc6dc949d520981fa781b8a1fe8d14051,1256506630.0
commons-dbcp,904ce38619cf3005fb50722f9161543d6f7e7d8d,1256505378.0
commons-dbcp,cbc35d5b475fb4f549b849f2145f7fd79c87af1a,1254774824.0
commons-dbcp,ea8497a523840df5f586a072e0f1655be2fab9fa,1252790459.0
commons-dbcp,f3455a36f85a35d7e2fa6b372f5bf962aa21df93,1245602478.0
commons-dbcp,6a8bbe29dfce9b6c31c12c80f05862e9ba1a59ab,1245601638.0
commons-dbcp,40d055368b74508a92b022e51e3c85cb53faf0f8,1237992925.0
commons-dbcp,2300717917767c1c1771b106d0f7427ed05fe180,1237156338.0
commons-dbcp,df42c1b4f8ea0a76526c91114d65c75e66cb34ec,1237155148.0
commons-dbcp,65d90f77397b85c3e6933318cec38946c5c36879,1236969693.0
commons-dbcp,72c81f2872b4c29c8593763563b1942ab0e88aba,1235082110.0
commons-dbcp,67fad6f56906679a713ea2ee263d082487cdd8e6,1235059045.0
commons-dbcp,6c791ff801e8ff827558ea1294b2870f6803f9e6,1235058363.0
commons-dbcp,1f7b2904883e8ee0c3585afc4369f1982fd428dc,1235003306.0
commons-dbcp,0aac9b6640a269539ecaa859e7fc0b496f79bd05,1234981814.0
commons-dbcp,c7223e9589f41d21d137287a66ed1c59fb253f49,1234975596.0
commons-dbcp,05c3f5f50320d673651a5e296aee4c928a8275b5,1234969427.0
commons-dbcp,56c4135a15d5ca86c93e3a30320ca1f64bbf6f03,1232854168.0
commons-dbcp,dadcb7cec6a787648811be5804a09748bb23f853,1232072498.0
commons-dbcp,f96a301ea534a780e332afd69d2fd76744025833,1231981525.0
commons-dbcp,d2d9f2fa54ec7d3052a284f749e63b5da984d88c,1231938264.0
commons-dbcp,c8034fa0290b3690e31e933402ee049af9aa39d0,1213647917.0
commons-dbcp,9ffa96e1f44d348e9dd95fc7200fef34bb83470d,1205044276.0
commons-dbcp,5d491d56a253edd8433244f5671d3f3c64d736ac,1205042842.0
commons-dbcp,e113e61915679ac26740aaa83398594907ae8317,1205020947.0
commons-dbcp,8353df8d8a56e9862d0d3602ff73aa2a04b08fb4,1201573740.0
commons-dbcp,8ec3b806cc637916be27e2c3ece070c659552000,1191092847.0
commons-dbcp,e923d25bc17f729f5af41be44f142b8d300d2545,1186414495.0
commons-dbcp,1103f4b36cc006fe64a410664a89c1583618cb59,1185061384.0
commons-dbcp,9541f72b5f73429af1350ce2922dac2084da7080,1184333231.0
commons-dbcp,4ae50045738561c1c48c31bbad2ece90eaebffb8,1169441085.0
commons-dbcp,2ab5fc76bdf30a6ed19fbf10ab9f2bf15870af95,1167689130.0
commons-dbcp,a439e77ad2d5bdde5ac470aab787d31ab8b61f57,1164485625.0
commons-dbcp,34dc3325635627fc922ec40a1d3329ece1208b9d,1162158482.0
commons-dbcp,d6bafd42dd0f0029cfeb12702d53deb2d071513b,1159161422.0
commons-dbcp,d2d82f3d98f58182af84223171385bf13e27408c,1158213750.0
commons-dbcp,5c2ed5344412a4824f83ddfb84d919568702e820,1154321206.0
commons-dbcp,459422b3eb56f54c14c2bfaced84cdfbad4425ff,1154293766.0
commons-dbcp,9c6f0b6716520d59c7ef5e96709eebab65ad630f,1142141707.0
commons-dbcp,73d0e50d3093a249d0ed621a20311ac620eb52e7,1142118615.0
commons-dbcp,8d89f0752bf89654cd4d96f7296d00e6c6862477,1108160636.0
commons-dbcp,9491d4e4573227821fb15a150322cc166276b98e,1108160207.0
commons-dbcp,1dcdfaa5903817f4b1aa3542102d13c893e2ae73,1105832132.0
commons-dbcp,f2c98a26b6f7ccea3f23d7e80e487b418cd1c6a0,1098305190.0
commons-dbcp,a5e6604ffc74bbcd221c4ab19713ecf81f0297c5,1094083980.0
commons-dbcp,ec2964fd8f529a5d3bf4c47649a39c0f7a6117ea,1093122015.0
commons-dbcp,0ae850dd3bce2b62c2be9b2ee3457939e134d690,1093121439.0
commons-dbcp,41527ac6f5432bcb5006fa3bc5b1008ac3d5efef,1089572990.0
commons-dbcp,04495acfc1dfe5f9809f280878a0d6b292f16a91,1089564694.0
commons-dbcp,733f34686b10daf3e702c7d7d889dc4ef47ccb02,1088540069.0
commons-dbcp,8a2b4190e70a45f7b767a372ca3c050dbe6cea19,1088101973.0
commons-dbcp,0bb2d3d17898412efcb833c001a65b933e0f7300,1086805283.0
commons-dbcp,4d422922cfe79ff8654b4d1e1e253261753311cc,1085058716.0
commons-dbcp,7820b7c9aba9eea1f2ac956733223cd51bbfcc45,1085058512.0
commons-dbcp,1feffed0370c5f44775a0f3c35a9be577b2f1387,1084905676.0
commons-dbcp,39fdf4ebf8042fb5bf8d85fe7b1acae40cb47c2b,1084819184.0
commons-dbcp,41c05c6859e20789c9b79228b3d094ea6fdb66a0,1084819005.0
commons-dbcp,9f6bb4f5a6368a2707680de3a375fcab77b6375d,1083416186.0
commons-dbcp,98d61e8cbfa13f426ed459e951e15e9be7471c32,1083416072.0
commons-dbcp,0047fe0b44f310edf7b6b592966ed536765e3f37,1083415943.0
commons-dbcp,760f188df9677f128e82bbb38a12e3e4c6f8c581,1083415812.0
commons-dbcp,e8462f997ecc27305d0e41312056055177458070,1083415392.0
commons-dbcp,07768b35922ed8499a61f8391bcd808635d85c76,1082889384.0
commons-dbcp,9207b721033ca22f843ace5068acccf313066a49,1082886828.0
commons-dbcp,7837285187e821797921b4b58ca7128d4b03d842,1080409654.0
commons-dbcp,3c3a74f6ac1b637bb96034439b6bb4fe02e38980,1078673346.0
commons-dbcp,76200b39b3bdde229ba57be59671e13c1ff93f07,1078673198.0
commons-dbcp,9c13c8b37cdcd6793b5a6fa8346cc900f4338dac,1078658365.0
commons-dbcp,3b277b1ef96d21a68e361c62c46d46b142d15e63,1078656637.0
commons-dbcp,bb944c671206629661e555082a3136636578a768,1078085905.0
commons-dbcp,3ef9674398d9d4d036e9ad5a62b924c290221941,1078005518.0
commons-dbcp,f39e5d76f587f7d122297140708d18b8351d87a4,1078005119.0
commons-dbcp,5a1fa0ae55e1b25f837eac00ea533c746376c3dd,1077369990.0
commons-dbcp,aa5a96c4ea998316e17c812f490f3c44e99caded,1074467376.0
commons-dbcp,c8372a0e92d4a5464d9eb910d16bf1f1e1b0fdca,1074467325.0
commons-dbcp,722ae77601ac720d9007166bdff677f7a159ce2a,1072453435.0
commons-dbcp,40598253ac308c3f3e1c3c8d390fbdd10326a882,1072445613.0
commons-dbcp,a14515056a88a00350a29dacd3e531508db0dea8,1072444653.0
commons-dbcp,7a8284d453457f834c54b2b910a79a7a9b32efba,1070218893.0
commons-dbcp,015cea4fce3c99053c3ca0cbf224f161477208e2,1070217646.0
commons-dbcp,fd042e0544d89e522a5d73fb67660a05a07872f9,1068475535.0
commons-dbcp,98b72f8272cc35e1ef85187236ed3ab3699a1d33,1068475226.0
commons-dbcp,028e567ae0c8c37948cc806b83658f04e470d3d4,1068474379.0
commons-dbcp,16d4af20fdf10588e06478fee8dc0669e10f2c7c,1067188653.0
commons-dbcp,efb8160c7e97f3efe55fb896f9c632ec1354f30a,1067183067.0
commons-dbcp,3cf31d1b90a51e639289f414efe370cbe031092f,1066606790.0
commons-dbcp,5f6f3853991a17b14ab6e8a8627f29929f926e41,1066247757.0
commons-dbcp,e0894cc692bfb197a9341d25ec9bbfc55d5e6075,1066065827.0
commons-dbcp,7573357153496bcaa9a9141ec8258e1e61782dd5,1064955029.0
commons-dbcp,edac53ccbe80546aaf2fb4c1cbbfc23798b127dc,1064580313.0
commons-dbcp,2c6f62fcb0d6e42f78c02e7f9adc52f727c3912a,1064323770.0
commons-dbcp,86f9e46adcb26bafe6a67d698e067e09056e6b33,1064151773.0
commons-dbcp,3c74c2dc51185bc6cd2decc45885a861d26ae643,1064079098.0
commons-dbcp,5b839a0227d435dca8292491f9746929cf3199a3,1064079065.0
commons-dbcp,4156a5c31fc9ee1c437199de8e606d7818955db5,1064077181.0
commons-dbcp,7c30ffaad3b508ce150f9805faaffe9f556e98bd,1064077155.0
commons-dbcp,b8ab0176b93e3bc9fe668f624f1f3b831a7cc028,1064068199.0
commons-dbcp,016684373bf60680c07442112b197ddc64545b03,1064068134.0
commons-dbcp,173a8de169034689b9e45a201d2aa884d1f05eb8,1063498783.0
commons-dbcp,230cc4db924d666d193f6ca7de9adfb4a11ff45f,1063498547.0
commons-dbcp,2c8cc6d3396cdec43ee5325296782b719d6e3236,1063493072.0
commons-dbcp,f4f9bb51fd5effb6ad66db71a5a058fd225287e3,1063492179.0
commons-dbcp,1e728da082658afa52110cdbe76750f49422bc06,1061999035.0
commons-dbcp,a57d27c3f90b7cd1eb598522767dd31782e7bb94,1061907615.0
commons-dbcp,dc2c5b62aa4f0d7271c6f72804ad5feeb5533a14,1061907568.0
commons-dbcp,fa31a75e608e4ef0502e2f6c786c56f1a4f32c36,1061828331.0
commons-dbcp,62034ad4c41d56d016979219ece00de60cc64b42,1061828265.0
commons-dbcp,d582b144134a0aa86da80c226e40ea80ad28871f,1061492426.0
commons-dbcp,25f3f3155c6a129e866f622951b01a0067e5f7d1,1060790046.0
commons-dbcp,e0d850338627a208127c3b22b18ffaf3d2b7f553,1060789707.0
commons-dbcp,1a91a57ebfd31e256cbd5c6e54cbe2b9529f631b,1060785988.0
commons-dbcp,4de11eec9fa0b4bd5d13567a2b4b22d9f16a1df5,1060647000.0
commons-dbcp,a1b4acfd52f553d13214b6c0a2dc427a4d53bd7f,1060646143.0
commons-dbcp,f4195f7a17ef07ef4c0b1cad34e102b74864dc0c,1060646099.0
commons-dbcp,025b97a2368796a7cd4ef733c3fd284c3f4a40b7,1060645316.0
commons-dbcp,0dfe29ed4a1b81ffd8b80b5515e49b633db81681,1060645193.0
commons-dbcp,6fdd835350f187422eae059357acf809ce35d7a8,1060644892.0
commons-dbcp,46160dc425258a0a4f0e80908a06345a700e83ce,1060644637.0
commons-dbcp,db36150bfa763e98f39b0e9e772ec4394198b422,1060618294.0
commons-dbcp,9aa0b30336f995d44fa0b1c8be7dc6779fb9efd7,1060614127.0
commons-dbcp,5a6c0863abd9bb1a23bd66f9ebac8f075b1a8ad4,1060612632.0
commons-dbcp,af15b7a9981a74a3082fb7d202c35e10ea327d52,1060610919.0
commons-dbcp,c2f01215946fa742eb5d2d1615a9e768a739c6d1,1060604507.0
commons-dbcp,38b53b50f09d5242d665d687d7a0a6f73cf867ee,1054529652.0
commons-dbcp,196d886105354754504713b6d475a8b7974954ce,1050371934.0
commons-dbcp,6717180c34b68f0e5c331878d9183253436d22c5,1050371788.0
commons-dbcp,6725e1e8285d0be36ac374183730c43730cc17a6,1049848416.0
commons-dbcp,cc83b09ce1ad9e9f02b8212e9607d82ee0781475,1049761942.0
commons-dbcp,b35d9da47920af4b568f5734b09df0caca9ac931,1046974417.0
commons-dbcp,6cbb59255415b070706503a12019b32660a3995b,1046964367.0
commons-dbcp,8ce079e7a789035193272838d36fda5d88f5eb14,1046964145.0
commons-dbcp,85d316cdcc1658cf91ebe56802541129fa249950,1046963419.0
commons-dbcp,44b794f3432db094d5565bc3e0563366c6f1645b,1046962722.0
commons-dbcp,42b94f79e9ebb5d3e8454fffbdf535f48629e61b,1036784246.0
commons-dbcp,5a0197aaa279a28eb698c34690f60ef89c0631a6,1036781467.0
commons-dbcp,3079cf810532aac3840e3d6e96932bd6f9661a7a,1036696951.0
commons-dbcp,02c5824deb644b1f319a3c65233ecdb618c95f00,1036165625.0
commons-dbcp,4d319697635e6bbd2bec0e0fbe317538b36be6dc,1036164441.0
commons-dbcp,054a997a65de9afb3c73798d00fcc09f2004db02,1036100510.0
commons-dbcp,641c4b85b57ce80c500107f76224953c58ac2627,1036020419.0
commons-dbcp,d5302dcabbebeb192fcfb94eeca879b00553ef15,1033392672.0
commons-dbcp,abaebc034849ed8db273c54b54c78460f14968d1,1025372197.0
commons-dbcp,c9b275589b55a2eeb6a5f8d1268f1a89c1752672,1025369108.0
commons-dbcp,8c027bf9888dfc9360679498d8226afd97c9dbed,1025278100.0
commons-dbcp,5a8aaa0a181fd08cffc93701df545f19771c88a2,1024868502.0
commons-dbcp,0fa6bb8802f9cc8c44ae802cb552f4b2397477b8,1024696573.0
commons-dbcp,09a4df6e58f8702b485e1c39a99f752ca1af012d,1017837182.0
commons-dbcp,84b04abd85d83b95c6933359264a2d867432d40e,1017835036.0
commons-digester,5b8a1da763d387a7e8e2c7c9c0c2c1744e579601,1352202516.0
commons-digester,8f8e1d75f88de42a4a92b67081ddb397abd24ff1,1347040992.0
commons-digester,55c2ef2fe79d24677becaf2430c6015ffa0ba52c,1331847696.0
commons-digester,007901c19daead0f9b76fda63f4fa67518206d1f,1331842171.0
commons-digester,754f43703ab3e4c9b0541222b5df47fabe148e13,1331841896.0
commons-digester,46641137d0d0925c07541a5af66ce9a29c42ab6b,1331822208.0
commons-digester,909f2c048ab6f46dd9115ae8aad4298f6271844a,1323372214.0
commons-digester,215ac3d7536b9a50e0de482f3b9feb5634910188,1323370444.0
commons-digester,f88cd3b647cae3983ba0ccf6c63b83d9696f702b,1323331551.0
commons-digester,38fc00aa8db401eefa934c9ebe40c0f0b7ae1eb3,1323297351.0
commons-digester,a23b9b9942380dec975758091348657052114425,1323296475.0
commons-digester,760e2d59d84b218746d93ee3212a980ed04e5da5,1323296309.0
commons-digester,5acfcd51b6282e3d8378a49032da149519bd0350,1323119955.0
commons-digester,16697df6cd0170deb51497a8a8969a2c050b1dcf,1319392904.0
commons-digester,613074455600ca29c046f4243b8864c69e52fca6,1319234393.0
commons-digester,c83f5919085272101ef8ba7d53088b53f2dd701f,1319234234.0
commons-digester,05edaae8dede448ec6aaac31adbd39571299027c,1319234123.0
commons-digester,0ce005b856eaec0c086802898ed2bfee884517a4,1319233850.0
commons-digester,09ab989d9d1f545250a32b3a16fcce16a028b3f6,1319233632.0
commons-digester,b8d1e586e865966b0aae29b57dadd139c6542d16,1319233373.0
commons-digester,d8f0cb041e4c49bee724bfb4c51c56b9e88aeac1,1319233080.0
commons-digester,f9d8dc4d24e534a4d50782ba1928961265c32c8d,1319231888.0
commons-digester,25331d1b07599fa48df9d442666db96a69834c40,1309635331.0
commons-digester,c544f26583172d98492e8e9999167a9d9de61b44,1309611157.0
commons-digester,06e772d3cbcb18d4a7ed2f1dcaa8c83b6001fa80,1309555153.0
commons-digester,8e6f40c4d643bf40f533ce0a7cbc95687115e3f7,1309551726.0
commons-digester,48a877cf7201e2903fe932add19998fb8563d986,1309550539.0
commons-digester,894abb412282eccbf43cbafaa2e1dfba2f5e08e1,1309546728.0
commons-digester,fed2743a2e68493965a6bec977d460dff619aa67,1309545822.0
commons-digester,5799116806a415777225a19cee2b48fcdab1b538,1309200193.0
commons-digester,1b7dcd32a50bcf5ee4e1a4219512b8a9534180f2,1309199741.0
commons-digester,3526158533320abd4ff2ebd5993192332628e5da,1309166175.0
commons-digester,5ca7e28fcda1639145c28a136286e26ff66d6856,1309163073.0
commons-digester,ad52331fce912f0dabb893ef529be21798c8466c,1308867594.0
commons-digester,5c66a672f4d268990de569f226eb0c4aec57268d,1308841441.0
commons-digester,53ff1658012cb1605894f739ebe48e598fe81f38,1307108311.0
commons-digester,7a34dae3e818010b6998572a3600a769ed5d6fd7,1307047561.0
commons-digester,167bb9c19d3988e4b0d66e33c6ab7eb4fec69e67,1307046173.0
commons-digester,7d99887c7a94827aa193a1fe87a2900048277592,1307046116.0
commons-digester,e3a9db20570a749bf3c6e14437a0c7bdd8399b01,1307041169.0
commons-digester,704588b2d20d6df6790b4740ff1058c2e60b17f1,1306858578.0
commons-digester,4e3697a9f06cc91aa268e9edbb9212cc898af4af,1306830954.0
commons-digester,3af082d6f24a6b6616e8e76ed8ae4b5fe9d0be2c,1306829622.0
commons-digester,c7467149e1a47379ffdee97e9b2a9fa0048ceef3,1306820911.0
commons-digester,dea2919573d6ef3d0223eac5c51161e019a1a013,1306820128.0
commons-digester,1bd03c0b130cdc4c032deb7ae862c7261a0f7f9c,1306819767.0
commons-digester,02765b64b64891cadd0b498facfa227164449ea9,1306791761.0
commons-digester,ffc3602285619c4d1fe470e10aec7cd25e06ebfe,1306791720.0
commons-digester,4cbc4169d34595b860c7fec0b44cb7577b4f9c02,1306791626.0
commons-digester,909c559dfdae558f76f454334630e21a024007fe,1306791535.0
commons-digester,b2576c5880644f366b1e9f2d3dac4a0f037f6094,1306791499.0
commons-digester,ccd9f6acbcabe67b56b811954183e57d5304db49,1306786379.0
commons-digester,370c99d4680d86786aa0053f49ae5ef7f28c7729,1306785976.0
commons-digester,b4e51d89f5305eb456488a090dace7136bd2357f,1306785850.0
commons-digester,767b67e5791f58f7c41930e9cdae893e710e2d4f,1306761086.0
commons-digester,aa8add13d4a0576f89c0797f2bbcd3ca8e9271d8,1306760329.0
commons-digester,282114769b1900a031b13abe49fe435e07986234,1306750431.0
commons-digester,8b04547fb7fc41c5a270e3219a8c4752d037c200,1306750357.0
commons-digester,2bc240ab1086301198998cecd3af332ca6460ede,1306749503.0
commons-digester,54634819c166a2eba5be1a1398c8d7ec95c77e99,1306748686.0
commons-digester,394aa044f1515b9843b414cfad056a947b3ab275,1306746141.0
commons-digester,87b9cacb7ed009b401f204fba1de0921aeac7b15,1306746090.0
commons-digester,8964d6fd05f23ecf015c613c5ad7a1a2a454f716,1306745470.0
commons-digester,46f788a12df80dcdbea297813a120b9b55874467,1306744047.0
commons-digester,16824036530e250f2d45d990126a4186cd2d5ea6,1306743577.0
commons-digester,ec01d6023efbc0c1aa48324b9d88ab3ef7f76781,1306743494.0
commons-digester,fcdca27a6b3c3f9eff11ac789f9dabdc59f352e4,1306742498.0
commons-digester,2d28a33da2f388ff289dd6a0a34eab9993c7747d,1306740444.0
commons-digester,19d39304c57cb246f9d55ec2b86b6dfd233bc062,1306740055.0
commons-digester,352ecebcd97ba7f24033813e9a5f8e14cc074e4e,1306739976.0
commons-digester,cccdfa3ef1413f14f0ee94a236cbb0f3bbcb13fe,1306739814.0
commons-digester,8d1aab8a7c7d4ca1690d0a04725f7fa033db54ee,1306739771.0
commons-digester,393ee30ff3b9fbc02adccb123d90d850b4b04e74,1306739070.0
commons-digester,ac9ca9195822c744995eca86fd944fcf6a59c81b,1306598938.0
commons-digester,b2fb876301ee3e650df47d6d8a591c54a386fe31,1306597913.0
commons-digester,038c0fad78ce847a2c6e1dffe6f17fa15b004cea,1306597508.0
commons-digester,7c977af45982bd4336d6498eec8f5e7d34260f3d,1306597457.0
commons-digester,932ffa70fd59e4ef56ff217e3e1005979c1b1354,1306596730.0
commons-digester,603046901e6abb843992c5837dde3a3d52891ce8,1306596269.0
commons-digester,83058236fb3ad66930cccbece5f5e1415f4e65e8,1306595865.0
commons-digester,0f06f1367264e74490bc7b66722a3c09a46a2144,1306595540.0
commons-digester,cfefa054b535f568cf80826d0034dcf24e3bcd4a,1306595029.0
commons-digester,d8bd61aa8d03290a060f55ad98665ae3cd2a00ba,1306588557.0
commons-digester,0d4f765fb612428e1a69986917f7639adace6730,1306588290.0
commons-digester,76c0a5da0889283e00734d6944a962f4d700205e,1306587938.0
commons-digester,b9bcd190e43a007f5ccd4a9dec95c5b653b1dd49,1306582547.0
commons-digester,9618ec936e0612c3bdb480676619d3f93fb467ac,1306421872.0
commons-digester,145c359a4857ea6dab8151146167c4aea6aef603,1306414722.0
commons-digester,c9375d14c0003c09012803cd96bef78b746a64ab,1306331024.0
commons-digester,7e49f9f52c0390b2d59324c117770decec4f129e,1306315116.0
commons-digester,9d161a105c385693db2bf5435514e2895dc47bf1,1306251634.0
commons-digester,cc45413b485cabc9244b5becf46cfe75896442fa,1305996788.0
commons-digester,55d17a83c24f69f1fb6357e128dcb3bb40d90370,1305994160.0
commons-digester,e25f6f045fb769c39910312c1bb119f8ced0879a,1305992738.0
commons-digester,94df72d260abf0270f30bbda064f0246b54b06fc,1305878448.0
commons-digester,226df5c5ea3b077d52f6ef9b901994b0baa2a74a,1305578070.0
commons-digester,05b7822a07f827b563dd9ff358282160cfd42071,1305467275.0
commons-digester,502c36905dc0b463ae7108085a314b14f353a7a2,1305097969.0
commons-digester,e1d60c08b0e502718efabb592d7551e0aceea16e,1299339419.0
commons-digester,b1e075caab343ac6b0e95629ec0cff928e31e9cc,1298378247.0
commons-digester,469843ec4718b80f5b89c9059613488e069c52a5,1298365967.0
commons-digester,e31e059731c7cef54e64855bb6bef1727ff5d69c,1298201351.0
commons-digester,07e3cf67ed98af3a207492be276762dc44063140,1298148721.0
commons-digester,c478b95dbbde40c239c857fb6b9d555358e199a7,1297892120.0
commons-digester,6ad7b4815f482791db52a0bb8f3954b0d50db81f,1297803334.0
commons-digester,3677ef953f0e45b730dc856d7b4e78b0a3c73897,1297788520.0
commons-digester,d3cbca8909a87c73b51538f2fd1842fa0dac8d7a,1297560126.0
commons-digester,9525739443012aad87be56298e93ff4a788a9385,1297525245.0
commons-digester,0fd2d9d624b4a0b6f7cc01413a3c6fbe16f15254,1297434819.0
commons-digester,8664dc3cc84cedf3b06e7711e7bffc0119a83566,1297288655.0
commons-digester,63d67cb01ca965109e3c665c3a029f3a4d357484,1297024764.0
commons-digester,6951412958f8a664270e16f3a18c784cd3937132,1297018356.0
commons-digester,6110d802a97bdc7816450ebc6d009a603a24dbac,1296919536.0
commons-digester,493e9de0917564812d2a6ec2674a014ca3ed9e96,1296808286.0
commons-digester,984c7c79792ced47b4f3a0dfbed5cd9dea783339,1296752159.0
commons-digester,29bf09cbd134cea56b3e3e2a496219d65aadc14b,1296562855.0
commons-digester,f00308c13a0c41d660692d2172a8e2b6999771bd,1296506656.0
commons-digester,e3031b1b716e859d678ef67c30f65de44d0a2cdf,1296504893.0
commons-digester,1f157d671453db18468d4c0a8ab89ff8c402d61c,1296341111.0
commons-digester,eccbdc000ff6d6c97c7566640bcc05b2132ff4f8,1296312924.0
commons-digester,232e913cabab56c8295d50b6e068ccf4a7cc5f47,1283459365.0
commons-digester,f0555a0247521edc4a839094af5c5195210d6500,1283459071.0
commons-digester,0d1fcbe933edacfc092998ceea5600db7a634113,1283458498.0
commons-digester,676eaa5bc4d1c99ce78f387fdf49b47368c8a535,1283458152.0
commons-digester,66dfab5b488312756fba042f81cf06b8cb252580,1283457964.0
commons-digester,c153e7fb92072d984e464be199165284589d6e0b,1283457917.0
commons-digester,8a89307d1c57f8c445d279cfa50683df08c543b3,1283457560.0
commons-digester,07c47bcc630f92b3b1ac772ad8bf230ccd605218,1283457492.0
commons-digester,7abbfd232d6a6ff7764e6f38a8aff521cc1ee706,1283457193.0
commons-digester,7e734fcbd9de5a71905ae8644df93e587e960088,1283457137.0
commons-digester,3fde49b7365163939c69476219f2c3766bdfe595,1283457006.0
commons-digester,63735b02d41efe980b8cec0c2e4cb791901ec227,1283456789.0
commons-digester,2e3699b324064e04bd4c02e1de3923b5630baeb6,1283456722.0
commons-digester,f9a2e74af5a1ceafa6c0d91d4775130a47e322b5,1283456605.0
commons-digester,05f076ae6410b3c7f789c238b9b8f8c5a25e4206,1283456281.0
commons-digester,04a0c33f677e143e0aba2865692e550aa9d7a03e,1283456226.0
commons-digester,04e6295f6e218cfaedc30123ffb672e04c24c96c,1283456174.0
commons-digester,25158251f6b7366a78e7318193f60055721ef565,1283455456.0
commons-digester,8c1b80fe7cde693aa33a1ed68e37338032147ba7,1264615653.0
commons-digester,27f27a9b73c3b1847ef64c4cd80037535ef933bb,1264615618.0
commons-digester,ea394425c6658b0e0971312353586540e5408243,1230100432.0
commons-digester,1c6b4761a56cb5a2006064d93d4196e47c432bab,1230013674.0
commons-digester,6d65751686b50fe723c689b3b1ea36aa019a5de2,1230013015.0
commons-digester,c6ed030f22ef9632b6323389c982a672ae0451b6,1213023694.0
commons-digester,41021806a9b0c51dd1a703b863c7b3124a5547a1,1205592304.0
commons-digester,ce2ae1735b3c63fb0947a020a1e058f8789bae70,1187714476.0
commons-digester,bcecdb3ff70cd92000ca3f793bc82d16d67fd030,1163781790.0
commons-digester,0d2259bb2bea63bc9487ab7a02571d0608dc4a42,1163532989.0
commons-digester,a167e9b65472ec4c796e0bb505041414a4c3db36,1163067514.0
commons-digester,ff9d5435fd9e7c0bb56f8dba72d01396b94ff0ec,1163066393.0
commons-digester,6f8bfb8de074c517c05e2b386b9d9cd355ccc29a,1142370562.0
commons-digester,e809cf52717f21e7e51cc60eba785bd8cca7aa88,1142300949.0
commons-digester,b653351e111964a3b64bf1360339d75c8260d866,1142300105.0
commons-digester,c42a929ba7c8fac508fcec3b4c35c1934c395135,1140324645.0
commons-digester,b2541078a6c41c89efb0dd8e6589e9327f1b7ca8,1140237646.0
commons-digester,ba276a6ec1226d4096c60992698abca9a6fa55ae,1129540159.0
commons-digester,a5c5e3b53f48c16dd577e8594fd492c70c68fedb,1129539298.0
commons-digester,d06d6507e6702aae8cd3a45e3f3bbaf03a8ec152,1125867328.0
commons-digester,1b932db7a2278d771caa0f0c553b51219199c1d8,1118046355.0
commons-digester,b08a292e2d95586123f9c86b4e7e0692f550b5e8,1117140034.0
commons-digester,8157ccd69f6eeec479a48dd89ef7db1fc73ca81e,1116986582.0
commons-digester,725cf582de4e3c5ad9dc7a6c65608beed1662f06,1114857321.0
commons-digester,251c4743bb66aaae8506a1cab6f62dd5d0845b71,1113547410.0
commons-digester,b5b5b123711eb759135893667928e00e6ea3e38a,1113547347.0
commons-digester,df49a7363a223512c18d0cd248bc5265f5974328,1110190360.0
commons-digester,d22d6ed93c43d637b5250e105407f09113dd3904,1108529515.0
commons-digester,605513f83c690e42e42f026a662cb8c41e242be1,1105525986.0
commons-digester,bf88d8caa2e88b8d2d15255bd3f634bce75ba118,1101789654.0
commons-digester,9c2d7e63534df692a595d21b6bf0ba188471e31a,1101789406.0
commons-digester,191b9c050d9b00294850b5d4d711954fc522fba1,1101444105.0
commons-digester,2066251911f76764a2456037ebc1e5a3c22a895f,1095501063.0
commons-digester,c9008da3180c94c8269ed6f768b064500abc55a6,1095499871.0
commons-digester,e9789ca9f22e2ae2073439758e1e5ea7cbe6c748,1083892874.0
commons-digester,6d9fa2dc9f2a9b30d092e188cfdd12254d82e676,1082199913.0
commons-digester,67519263209e825299e0ec925571074f421d2fb2,1078125640.0
commons-digester,b218bce174730e0495763bd2312dd37766a8524c,1077693328.0
commons-digester,e656273bd2c1443e37106f3d929ed91b68aee228,1076806934.0
commons-digester,5e3f1fbc10b0a90584f3b76c44f428bcece74662,1076358634.0
commons-digester,e2caf8fed7ff4d9e7dcaea634e842f6c44e8b754,1066078341.0
commons-digester,9da82a0023068e6c6fea6fe18b649761dafcbea0,1064938855.0
commons-digester,3f590ff7bc3d82ce6f428c71e18504b854fb7e4c,1061056976.0
commons-digester,8311ce2669f52383c3ba29130a96a121922f099d,1059492682.0
commons-digester,c3858ef8768365418537f3e835e3acc5360d68a4,1050577697.0
commons-digester,d4f72159e696161f97da211f56dae8f20035ecc4,1050355864.0
commons-digester,d7381f55bbe6edc40cdd6c8e5956174529ee2d4a,1048791330.0
commons-digester,3cf97319a149bb1b67969cdcfb2b7c7cff43df60,1047753534.0
commons-digester,81eb48663a088db9d5baf1c3779a9423b7861a61,1047753471.0
commons-digester,34b06d0d090685a4fc8edfd69a7ca53652104d53,1047507051.0
commons-digester,b6c57427959f99e112da93d036776849291a3d0c,1033415331.0
commons-digester,28723b9202054747237d6f5e4ed61371096b58f7,1032900607.0
commons-digester,6e4297d53697e3aa9501613a19a487d3c6a52cf0,1030110177.0
commons-digester,615d0f8ee095b5c8b763c0587617dbb856b0e806,1029429728.0
commons-digester,e5cbf524ca40f9db27569e8161c5d5f29a4ae4e3,1028972754.0
commons-digester,ae6010436efc8f6901ab1988eb2a94d9ae090312,1028836823.0
commons-digester,8dbda1157d79519e70a06eca779ec8f464b16fcd,1028647766.0
commons-digester,1c50b2e36b906ab55e88861cd7796fe9b8c1b4ee,1028112488.0
commons-digester,e961f67db05da72cb76c75935a14cc918e4c153c,1026854608.0
commons-digester,ccb76b0d4be18921266250ee75f482f1a95ded05,1026324753.0
commons-digester,811fd197de7990ec7f4a4c4808e5b9add7411971,1026163530.0
commons-digester,db940d2ffcdbbf28c54159c04d83ffe80c4b0550,1023312204.0
commons-digester,e056eb80b93258c05b8652d6fb55aec0731a7f53,1019950790.0
commons-digester,72dcabc177d83dfcd26db7d274a7706005669003,1015822914.0
commons-digester,cad615a6d9d87f4b7b034f996701eef266393238,1014833169.0
commons-digester,747536ac96e214e5816b192956c9ca9b8c03f6af,1010712133.0
commons-digester,bceace9043d5f71e30ed57620c7f2f853683a3ad,1010541853.0
commons-digester,9dbd7887eeac4b067ccba10040ca405112c9fcb8,1010191735.0
commons-digester,8bda2b28d87a17f7ed43cb37bd9cc70b84298e7d,1006216645.0
commons-digester,824f08d47f34acc0c668fd57bfdde43b3a379f57,1005770524.0
commons-digester,9f7ae0d45b24cccb06de92cfe33ed98cacac388e,1005770304.0
commons-digester,b76ebdfe18bb3b0c986643d2d3458da00be278bd,1005764221.0
commons-digester,11c5a3e29ebb788ede26227c9e5c9e6082900df6,1005764059.0
commons-digester,758b537f05fd8a482e2718913dc16ab7882c160f,1005763336.0
commons-digester,439f5b3123085f5243cb8990445cccc12c8c4c38,1002760122.0
commons-digester,dad7386767de599295c2845cda7072e048d2e021,998864024.0
commons-digester,e25b6fedefdb1967fee9f64e0d0242d6472ad828,998752859.0
commons-digester,9c24b00d32acfba096d8b3fc12168bbe0ac4ef55,998335122.0
commons-digester,8152cc7a1a7e56e4e4a4e70a1f552301f576857d,998332120.0
commons-digester,7e3c917567dc3163c2228dd01e4ad90dd0b76320,997907743.0
commons-digester,6d1c4002aad95031c84bf3bfa777852492d23fa1,997732174.0
commons-digester,f56aab06534e643ab1e413c36e367fa25e24621f,997729186.0
commons-digester,ec3d2af993826b57cf47446d809db2c8b49c7a77,996962655.0
commons-io,16c983693a235bdc45c6286a1e7b01d8ef58907e,1539730967.0
commons-io,9e801d916c3d163a4cfcc822e50dd75ac7cefcc5,1527759139.0
commons-io,d24dd1a3abc4624be55c0772ae4432686ee18792,1520524295.0
commons-io,e4e03ef4c091f5a35da0d97a6a35224197b8be02,1520524225.0
commons-io,e460f4f93817bea10b2fba8aaddeb892421d2668,1506547372.0
commons-io,c295a589777a35730c90b26f28f7cc938d4053e3,1493720854.0
commons-io,d357d9d563c4a34fa2ab3cdc68221c851a9de4f5,1492965225.0
commons-io,933796e9330ed5043ad8e76d9fa2cb8b1d3a8e3a,1479236095.0
commons-io,6b57d2a14089735cf1c653a2717d05023a3be441,1478811116.0
commons-io,a7bd568249f9ec20b69b2a700da6a0648e93a842,1474745570.0
commons-io,9e2b2c09732ca596331f7ca34ba4e0f03d70093d,1474529965.0
commons-io,d6beaa363bca8324c7a699ce797a89698d49ba54,1469128669.0
commons-io,ab2aa8d6fdcdf5b3d326e7e86ac9d045f4859e98,1467234148.0
commons-io,59bc597a256f0146b5bb05d951ae2d84963cf3df,1462580370.0
commons-io,d9406824aeba0e977c0692971a6dbb2e62823886,1461714915.0
commons-io,1d031d6eb6e6861f38e228bd587ff74e7f6fcce8,1459902185.0
commons-io,76c4ec233c1a61b1f46df6d6847b889c0a7a978a,1459902047.0
commons-io,87c5e5377589c4fbbd499010a27b1e345ec38224,1450784484.0
commons-io,22a39cbc721d5c0391dea1ed10e5350f917c79db,1450782511.0
commons-io,a9159aba0efda305e6985f904072bfe82ee2a1d1,1447964198.0
commons-io,b34408aa82918b6fa8cd4033921d0331d8ef2b5a,1447347206.0
commons-io,76e45d6a50da6228c44b04a565dca96432c4b197,1438863762.0
commons-io,afe78a030b57e3f74825e134d6615ef4878778cc,1438861678.0
commons-io,e191b9ca9486f2b4273ed5effba490c27a096ddc,1435389757.0
commons-io,7c58d8a9919c5c9dbc1485a21d56bb3f37444060,1434912289.0
commons-io,539869352a5f4183028a3e6b33b4e002c5053ba4,1434781899.0
commons-io,56708e632e69a889eec8bf926bb3551ad53ded86,1434779000.0
commons-io,67325cf97946f053da51dd358a9ffca0a9676c03,1434735120.0
commons-io,33a52972db9afbe9baf2be23d8faeeb9bab01ea7,1417468468.0
commons-io,0d3290e74ffdd8be397d14fececadca5516202dd,1368693831.0
commons-io,7705470ba1ca2bf95f6442f06f68f007f33a4aeb,1366964761.0
commons-io,cbc5a146154ada255d491d6509497d0d57bad336,1366762246.0
commons-io,a1f4d43253ac11abe8cf3ed53876dabc885d7b30,1366666255.0
commons-io,b2dbfb9bbec197bf57cca03f47253d9551769bf8,1366653122.0
commons-io,750d338864a92521f4daec993af7ef0aba9d609b,1366581251.0
commons-io,a39385a500fc0e8993d967a8025b931d3337ea04,1366579961.0
commons-io,676aa790441780aeada06499fad9b3321618ebff,1366547528.0
commons-io,6bfff9055ba3db5df39445712f28f3142de2f92d,1366545007.0
commons-io,f4e275e781db855eda690fb3d3b48ceb9476adf1,1366481234.0
commons-io,efc754a67cddd2dfd0015498b2ee5218c6025ef3,1366480885.0
commons-io,db1419aa5f6e97ae6a8e97b3ad4dea6e063d5c23,1366480785.0
commons-io,f98a1ddc19803559812d70b4326db9c70404f0fc,1366480578.0
commons-io,02c9bc67445bb77814ff7aae7872c24f1ab5b072,1366154319.0
commons-io,30a51de13c6f80dbf9e64574f4ee89f5e05a7a36,1366144760.0
commons-io,6832476769432948acafe7c6d27d3ad13a145c60,1359679920.0
commons-io,556dbf37fa14e5ad080e1de982a4809a57ec52e0,1354565373.0
commons-io,ed8284beb3e41940bd1ecdc8607458a97ee8a148,1354289536.0
commons-io,a059d822b4b0e9056862c4000e5275ccbddc1835,1354205973.0
commons-io,b6f7a6a30cb43868e7e9b358d78c99ec273d0cfe,1354205903.0
commons-io,b5d58b76eacac4f06e090038effd782c5151c8dc,1344613656.0
commons-io,fd4e128f5e2f10da63337b1c7bdf03ebc5deb935,1344606935.0
commons-io,6573ce704ba1a14388a7431d48f84d304f9f98b9,1339529362.0
commons-io,e4c65e5424fe7a7c9795348fc855d42a247f0c00,1338907681.0
commons-io,b6aa5a118718a397febe018a6d681b3cf3b8bc91,1334067981.0
commons-io,b123f5b0c0b58a7acbb2fa63da9750ce80b6b474,1333723576.0
commons-io,e7e3907b1343f45b45a3742f0c7a5d103f383a28,1333721224.0
commons-io,f4958dfe7f3caf7ec00c1bff134be507aa6e1aee,1332471574.0
commons-io,a9039dee0f112ea403216b239cd3bb205d0c9ef6,1332458561.0
commons-io,8437c21e2a608eb68221feb2d70c4cf6eb4d9bfa,1332458458.0
commons-io,b04b4f533d82da73e2cd7947a7e6312fe330e1a3,1332440774.0
commons-io,0c7f310735275b001264f62e54accb8c78ef2144,1331658212.0
commons-io,3200c5f8f6ecdf03dbe7d1bc97416986a234ecb7,1331654609.0
commons-io,5db7f804522957c408a9db89b69715d71a0fd8f4,1331603157.0
commons-io,e3daec3bb2ff25c8eb5be128f102d7acccea2cfc,1331066265.0
commons-io,799205251cd03637ab03d35a87f64005e1838875,1331065224.0
commons-io,022490d4748844f26e2621f3aea603d87187454c,1331063293.0
commons-io,56c87a17189ea320ff5799f7d10789ca8d9ce958,1329519843.0
commons-io,aad6359c39d59176c51e0d4e5ee31def1bc10077,1329511779.0
commons-io,e36e518ce959a8fa68be4f35d26d0780a73e13b8,1325901998.0
commons-io,288d6f0a6b2a0beed8378d459cd674186ebc3540,1320978168.0
commons-io,c8e18acab6f019dff888f7a619104ace7de2cfb2,1315364622.0
commons-io,b5fb42a255f47b2765f130faf998552aa3bbb648,1315364586.0
commons-io,0a706bfa15bb33cdc7a0edadcbd7f2496bdd9f24,1315363519.0
commons-io,bdc067102ba6595831ff30ff957f048c42652b39,1304770204.0
commons-io,3e8f98cced56c53c41a0bd1dcb2418bb2a440444,1302393741.0
commons-io,8ff60c3e444c84396c54eb5621c829067954f66d,1299892418.0
commons-io,97191772383bc267d16497c884a1c8b90033911b,1293073929.0
commons-io,6322084e97e79ddbc810123960216227c3283cb1,1293064354.0
commons-io,dccf793eb78ddc93de1f745f39fb58251fc81ad0,1293059000.0
commons-io,5abb5e227907a855e34fd22719836871d370956f,1289089585.0
commons-io,464bb1796d2f95fab4e4a75ceedd5ceab872cbcd,1287106301.0
commons-io,e07acbbff9fa0706298401441a123a01da112cc7,1287017739.0
commons-io,c681da4a8412669e8ce1d8793b8b1443df1d4d61,1286586565.0
commons-io,c17956b11812f6e3825af5142dbceb397e5ba5b0,1286581219.0
commons-io,624ad8570111e173dcad14505f3539741394c506,1286576231.0
commons-io,011e77539e7f0821c11ecac37d237a228f4aefa6,1286560199.0
commons-io,ec8a3410e55e7fcc45102451c439cc86383524d3,1286510577.0
commons-io,f11021dca612e6bc4e9963248c0927225299a857,1286496643.0
commons-io,3f124c68426718bd5870a85930fd075c151ccb33,1286468955.0
commons-io,4b7b166727ea45b2c6edaf77bdc056d3da6350a2,1286331373.0
commons-io,389eebcb50481ac5cb120688175eb946ae295629,1286322837.0
commons-io,b575a8b771ac2140c893ce9c8364bbede89cf7a7,1286219455.0
commons-io,d43262058d2a3530c4d7305ea1a1e03d7001bd1d,1286159616.0
commons-io,94d8c10b757a5f85012916255bb43d49f854a3c8,1286154687.0
commons-io,79c97ab6a11d8c67914982bf2efdc82009de977b,1286153922.0
commons-io,3545c7701ef563309c4cb6dc3a66f68ec61ed980,1285893113.0
commons-io,74b54ab22649c901e787598bffa8565059539d9a,1285875561.0
commons-io,cdc2dadd24ee51a464cae08a98fb2da4f8ab4a76,1285813847.0
commons-io,cc70c4c1647072de7b97af67b6e8351c2d360624,1285810079.0
commons-io,a32a395a621098ce652ee8158e6320fa422f9fa3,1285808936.0
commons-io,a360f974003c5c60c16d019e873314c09d965107,1285808015.0
commons-io,f34187ec9f43d416d4059bb3414476f960be87f2,1285806313.0
commons-io,a8d59e345210ca6fd3fc426ab7fb7b3c2563cb04,1285788610.0
commons-io,f113fe9d2f6ad04047bde353994e4e475f83b409,1285786620.0
commons-io,a8e9eef627d00022fe6a6bbda64a9478c6b89dab,1285783813.0
commons-io,ab42367cc639fa3b18786d13afdc17a3394f229f,1285775028.0
commons-io,ed01f165f9bbb7ccbd48dde7dd3106eb044dd859,1285731841.0
commons-io,bf0850a0e2dff6acf0041de4fde2828082c9195c,1280970586.0
commons-io,ae6f41b4c16bc0e036415d7a808f737cd442009c,1280967098.0
commons-io,9f4951abf0154d24cea4ab14e6df3afeced8b1e1,1280962784.0
commons-io,5a01ecd9dd08efa1113ca1c483c3127120ec59ab,1271809629.0
commons-io,e60ebfedc4eb34553da129dc3185f81f7ff4d2cd,1271271028.0
commons-io,12092391607fac9e0aac136a043914e9d05b2f59,1271260297.0
commons-io,de742346e4b19ea053ff3e36f53caa6b59c838b4,1268444092.0
commons-io,d8cc4c9981d797f55c05e309050d788fa356da01,1267838765.0
commons-io,d7b629b0288bfeaf7d9fbe93d608ebe8ffe6ee0b,1267726050.0
commons-io,b9b0631a0d1c8df7cb0a6c6753975fa33571ad42,1262999145.0
commons-io,3718aace0e233794e765e39b2542251f45ea9452,1262998763.0
commons-io,11abbca78285fa0d3fd91ea64d6fd80686fd4eae,1262955723.0
commons-io,cf02f0f9b4c0ce1687bbf76dd567c18ab6f23bce,1262894622.0
commons-io,8841ea9bd4c4519c95e2ec0c7699c587baae2da4,1262894351.0
commons-io,9c47f241d0eb912c276da809b02f0febb4736f84,1250722991.0
commons-io,9883d20834994141dc976bb3642e18cea2c8eb41,1250721787.0
commons-io,16f2923131b65748c5b6cf5a560f712383b003de,1242675495.0
commons-io,63213c888b3a47036105bfa9caddf63f73cd695d,1228361423.0
commons-io,328a7efc17e8c77853fea42a84808dd1d26c8d5a,1228348974.0
commons-io,e2d0dce6ebd0e02f491cbba324e0cfe0ec649bd3,1228001667.0
commons-io,d55dd62cc0b07e1124369d74dd0095cc2b491dfe,1227923411.0
commons-io,f28c4933e6c92fed61431c7a4024b26c4f06a5e9,1218453947.0
commons-io,7bfef476d8a9e08223ec4bff31054ff23655da4c,1218453698.0
commons-io,5c13fa7579650c2cbcab61c6b18e509951f640aa,1212174721.0
commons-io,ce90015bdc3614f88fbe55a697731a2f5b052ca3,1212145567.0
commons-io,409139cbeed713f64b6e61ea53726aca4a53c2ad,1211391747.0
commons-io,860ee374e9b290e52cc48b772145d18816886134,1208884501.0
commons-io,9a4e82eaf99a38a898591f2faa9cd7c21b41e022,1208391413.0
commons-io,6512f64a02c7d7c6b7c247a0f538e135132c9aae,1207642588.0
commons-io,08a504135565a4ee0f0360d0c41c814d6b7f0ffd,1204851056.0
commons-io,efe745c047c6f63eb85ee0b2b4d93c3544c31e97,1204851016.0
commons-io,a4c20307d1a166bcd702511b5c987639d1997cd9,1202396909.0
commons-io,ded863b7710703cf27f42248a8dc467419ca3af9,1199899775.0
commons-io,9666d74ab32fb942ecdce00cdbf94be374a7bb31,1192196013.0
commons-io,6bc05de06fffc5a2f2a67e4e8526bc6d7d0939b4,1179531479.0
commons-io,6040c8542dee335267d8a3f76c92d3a8a0b57d43,1167527829.0
commons-io,d6f6b4edfd2f23592abc95d07c38007b8215af14,1167182743.0
commons-io,09a6cbfe4abf8693528dbc6588b4c3ba0a2836da,1167182443.0
commons-io,740afb04f70a27cee28eb8ade5d1b819be71c502,1165364598.0
commons-io,a354d0a5ebbb00a9758f93e72d51078177576918,1165364419.0
commons-io,f732c9a50cbaf0675e8b1846c8d3480c06f297a2,1165277578.0
commons-io,bf78bafa9586d847996d6d8e426d765026641645,1165275354.0
commons-io,7df4f8c850e512ec7de15ecbf5df78d7f9d44449,1160670846.0
commons-io,45a0b1fdfa0dec0ba60dc941e768a4898b8f070a,1160584224.0
commons-io,1cd7e93ab1fbd610a3b552d8295d8e565adeecb2,1160343345.0
commons-io,b4b470096a39bfa51d33782f442505383ecc5e79,1160222185.0
commons-io,0a03609ddc6380dd7c9053eb8cb04072baa476a1,1156550888.0
commons-io,eaa8e0c698f694b7e5fdded5dbb9024c8cf15c4e,1156541946.0
commons-io,8847edc67390b817f611b22f9c211c423983d3d4,1156140276.0
commons-io,eff391033a01a092d943db90513412b08bb01525,1151869339.0
commons-io,1cd1bbf035513dec715b4f4938545ab278ed33af,1142289424.0
commons-io,521dd575eb0f484f5f23d449c49d69e7e14c8475,1142176425.0
commons-io,819f49d6b89c447afa144abaaecd6a6416106b55,1142176279.0
commons-io,f38ef9b7478354cbecaa57fa9282e968e7ab8aee,1142101020.0
commons-io,2f1f824c7821b12bf88fb9d16d3f7e011dcda6f4,1141514689.0
commons-io,69faa8fc52bf4a8125e882d48208355a8a5ebeb8,1141508290.0
commons-io,0875f4bddeaae2c8d4b44280f54151d0ed5eeee1,1141499644.0
commons-io,8290adf40fa6b2dc7b16f50d841c44aece902cef,1137257758.0
commons-io,9a91b208cd1c02d4faf782655109bb6fba96465e,1129389207.0
commons-io,e5cc89dec2c72e8af821a0536c768af316cb9b55,1127948539.0
commons-io,361dd615a081d3292b24e109d6db0786b85a070d,1127772520.0
commons-io,b39e430b27a666ec6195d9f77b09b3ae2c21f011,1126039666.0
commons-io,1bff1d39fe1d9b6be5d7e6c6c821849eeb3391fe,1125437023.0
commons-io,4cd33ce31d4245281432320a7f4f4cf6b541c690,1125161462.0
commons-io,2c88ec5304d1a7687c98e65778618c3b38397a02,1119717184.0
commons-io,f1d5bd46189049da24493a971e0e420a1345191c,1119618304.0
commons-io,ad4841a819b6282d0dbca5119887236dfbdb1a8c,1112831899.0
commons-io,022d817508d62f983b40686cdfb04a5bbc49fe5f,1111556424.0
commons-io,1ead1cc51d537700eb72e3fa991e1d68162029d5,1109985765.0
commons-io,dcb61e575021a61d9e1694ccdf300f5d028f5b1f,1108930291.0
commons-io,4a92373a2418adac401cc25e1316a059e9c3233b,1108924419.0
commons-io,64320f1c02f6173874ffcd7d5261a0f193c206a0,1108923234.0
commons-io,d7ab0e88337d961f47be82db20718dd7e1d1a06e,1108914981.0
commons-io,a9aa579061aeda71e18217fc80acee6ce9fe0467,1108911998.0
commons-io,5affae5074e97e34d0ac1627f7600ff5f4909da8,1108296593.0
commons-io,e3962ee60f0a2e4db4b23c7563eb3b12fa5fba50,1108294542.0
commons-io,3323d0a8d6167f47aac9b30c36979cd4daf610c8,1101518525.0
commons-io,2e16d85893141e996eef35892ddabc3c2bf19ccc,1101496708.0
commons-io,5964ce6decf3d7ab3efb7e1a9852b2f85a03ec6d,1101168269.0
commons-io,f93f8bebb4fc714a6b60e1d2a4452d6ff6d3df5c,1101085915.0
commons-io,dfb79b3263d2a1f2c77e4d307e7af4e4341e604a,1098744806.0
commons-io,ba53c60b33b398532ae8d1a3bdad9c914b76b381,1098655124.0
commons-io,7a9d4bbfa43b602c62e5e4652e2e74da677c616e,1098642863.0
commons-io,e47d347ce4255b8964e384bf0df170281c78d070,1098591607.0
commons-io,5ed7321a99212eb47f1e6561826dd229b3cebbac,1098576605.0
commons-io,bf190d699ef669c058ee62a8f7ab7220b6684b78,1097468987.0
commons-io,400e99de58edf0d46a2b22818c37384a3ec9d122,1095826338.0
commons-io,1d40fcea1b4b48076b0b880ad4db78e8a8d05fc5,1095818661.0
commons-io,0720518d0a128c823b93b8b8449e47921859098f,1093374792.0
commons-io,ac55decc7490e4d016c948023a94e5a7bcaae6a0,1090658460.0
commons-io,f0bd3788ad59aaf70fb170a2cb753afea15bf382,1089882977.0
commons-io,006bedae9b3b77925279bfb3929660a013a99c20,1088853889.0
commons-io,2d69b93c5c834715422bbcab1748b56972abe1c2,1088853645.0
commons-io,4127f8592e1e43b72626998fdee07f1e3c0ec928,1082760459.0
commons-io,25211d6141de186b0adecae5081f443275197116,1079259747.0
commons-io,8d33a71d3c6ef9e1a55d7013841adb1614ec3c26,1079128759.0
commons-io,e7c586cd1f15b912c85d0ce48054d21d23b9a4d2,1073030026.0
commons-io,a330996bf5514705e476d491069b1a4a65794023,1072703692.0
commons-io,65b3c8a113786f6fb9ab9a387d9631012395fcf0,1072350359.0
commons-io,c594f49b9ee462420e1b26fc8e69f04a60d78f83,1069535201.0
commons-io,9d18fa2121851958b078e57a0bfa31054db2d766,1069531703.0
commons-io,ffe318486dba0a7dd2d14ee638059109acd01590,1069531287.0
commons-io,d3b1bac788bcef2487065bd699ab727bbd320f41,1069531206.0
commons-io,d9224439fc7c437a665ae4b5d9f91e3676b90496,1066421778.0
commons-io,1db3dd9683694300ba27e6c1247f9dc721d1b65f,1061492172.0
commons-io,6a1bb4d53562a50bbaad48ee2c94971649e24cf5,1061491248.0
commons-io,41669d5e6724f1e1d31d85f02adda2d923ca4393,1059484059.0
commons-io,7748ed36401ea37104ae313be804f81f2526cd6d,1059119486.0
commons-io,7a0867f54cd6036e9ec2243595207b035c436161,1046166988.0
commons-io,7ab815749af053b524a820f30ae5361739597aff,1046165978.0
commons-io,e5d4220d2635a31283bada96a769ccb674a9195e,1046163830.0
commons-io,0ec666a40d878b0dd2bc83ce27fcf494f953ce8b,1039292859.0
commons-io,d3d4c5940a05ec914f5d0256483e0d643af7ea0c,1035613455.0
commons-io,885a192916263ecadd9efcbdfef51a0a1c7a2f03,1034978493.0
commons-io,cbf6d9b66682a8ee5cebb2281f622b93f43f48bc,1026575605.0
commons-io,359b9bcac4dbb0617903612251590c89348856bf,1026230410.0
commons-io,7e0a9f6790af02c81bbb93f9d7f912c8300a3c69,1026226532.0
commons-jcs,c321cc96e9b3666035524af0c17767ed8e865bbe,1504374505.0
commons-jcs,c73f626405dc91058ce5cbf4f87acb23384188b1,1504280467.0
commons-jcs,02852f48243245666c0ccf4d0b8dd455d2747fd3,1498232184.0
commons-jcs,0a4b1c3b316335a1ee22ea86c28c1cd58b1bb583,1497459454.0
commons-jcs,49acf7f8a5caad67560c82043cc1f755c0eee826,1497458570.0
commons-jcs,82c95c5f951ec316a717d72a46e9f1f7792dc818,1497004377.0
commons-jcs,feecf333cacd2edfa06028db62e5d209f57f0dad,1485461960.0
commons-jcs,2badad205dd69a9f82edbe150ca5437b0ac0d16b,1485183289.0
commons-jcs,a6d1cd29574818dc220a3751a9c160633f2998a6,1485183221.0
commons-jcs,cd31d7a1e4ced0ec0700275441563b235c236f95,1484822794.0
commons-jcs,267fc4ed3f2d9f63921f07cb5c12527eadacf73f,1476368704.0
commons-jcs,7b7341a69bd379484d8e073d979b3f9acb465902,1462795652.0
commons-jcs,33f3cfdbd24c4714f8d6a7841430127b33c89118,1455109570.0
commons-jcs,0ff845a477db67a485e7a8c1cd8265e520bc8c05,1454844557.0
commons-jcs,f11bea50aa42035f426343e1d0e5058e75e0d928,1454781382.0
commons-jcs,41fe91b0d099ec15c7d4e7e24e598e853ed65f67,1454780359.0
commons-jcs,b829f1e92cf347184d6d184d3c17babda68abc79,1454780214.0
commons-jcs,80fced6db6c15d7833e2c06fac4098640ff4c742,1454167472.0
commons-jcs,2b6f5d7ed93f9975b11ba631eb2f974078c7155e,1453198623.0
commons-jcs,7cec158bc9faa1d2aa267ddd6a02790ac1f2c3ec,1453045687.0
commons-jcs,50ebba3d096b49c3d6856f9cda1664be55c222fa,1453044774.0
commons-jcs,d1c0b0c922855436f3ff54feb822349e97229d78,1449840840.0
commons-jcs,345e06a95754c7babd443ab8332dad39dc738bc6,1449829735.0
commons-jcs,ad76167a8ceade7e58ce0ed8658bdf22ea248904,1449829704.0
commons-jcs,ddcb014f074dde2f0e442d6493ec7d834df5bbf4,1449760050.0
commons-jcs,965aa7f4fafe59c4f0d09f96f98bb83adc2187fc,1449673936.0
commons-jcs,c0bfa13cc0d139245c58ad39728ef0a10bd99ab7,1449227604.0
commons-jcs,3a2e35c85c92588b1219e2b9df8dcd516f5f2dec,1449223915.0
commons-jcs,18af885b3cf4605812a35fb656daef176fe233a6,1449160909.0
commons-jcs,b6c2d3fd1f70e51aa88f8d12aff006f6b390deb4,1448624959.0
commons-jcs,7f1ab60f7c1a30eb09cb06f23d6f010e3a187274,1441983539.0
commons-jcs,40b6fd273de1cccf752fb7e5d1a8470eb5257a9d,1428332031.0
commons-jcs,875e98d3fb54def645b0339fb43ddc26a72e14cc,1428328899.0
commons-jcs,d2d23c8aa02960549451c58ed3f0e84fd5ab3821,1427902192.0
commons-jcs,6912f621d22ce66e8b94710f0decdcae3354ca76,1427901890.0
commons-jcs,5b1e314826a40490ce38b532c4ad36fb01afd37e,1427901531.0
commons-jcs,8f5c5e892b907ba7d05c2cf5f4dc7adb2dd2702b,1427901324.0
commons-jcs,6c0db77156cd67b5efb0e00dced7e2daf055ddec,1421098606.0
commons-jcs,a6c881f8c42433b49eb378881b9bdd63a1a52202,1413465336.0
commons-jcs,6c7b45bfb6af71c0cd821938d9b4e4fb1c1436b1,1413395308.0
commons-jcs,2468492a1aef370c66a6636f976543212371405a,1411398701.0
commons-jcs,89fee834756bbe6d9e060376f95188d66789b1f7,1404063898.0
commons-jcs,ee8a2c9ded95d5c77e4e43a2307ac15322d96d3c,1404060855.0
commons-jcs,60431261912586b5fe0cc5c8b4206e711cb0639a,1404059469.0
commons-jcs,cf5e503db4274fd2c060571c982a0fba8b00c09c,1404059429.0
commons-jcs,3b700639ef337839c69f45ebeea59dcd061d09ca,1404056383.0
commons-jcs,e72f3e2239eb7b72e30737039e88f37e538f33d7,1404044775.0
commons-jcs,90a29e2f30de15eec5c864566a6e8870f1dea028,1403308550.0
commons-jcs,e25521c7482657965447c373ef2d9f966e79c8e8,1402062661.0
commons-jcs,4c445215f4a4ed0f297d5408c42ae1bdcfafa5c5,1401470657.0
commons-jcs,3c6ec374e928b4081c32eaa956aadcb2614c70bf,1400000589.0
commons-jcs,8bfb54fb832e34b60d72a94be398e6ab136189de,1399914918.0
commons-jcs,ef6b7a9b0c1f1c5c2b86b9da3077fd169a0ae577,1399825249.0
commons-jcs,4d561133ca105888da78c2c162745260b8c95a47,1399151445.0
commons-jcs,cf5c6e685e62b7e8af3a82db194de17c192acb1b,1399041035.0
commons-jcs,605642c42f81806fd8476f276efbde1b927da714,1399040659.0
commons-jcs,b6749ac5c5bc6eb854ed161c28b76b6d0efc1ddd,1398929801.0
commons-jcs,403618e1e97cc03ac6bc0689bc740bb0113c429a,1398808943.0
commons-jcs,7ef58af3097815045202aade4196108124fa0bf1,1398800714.0
commons-jcs,8a4343f0b522ab76f3cb2a245034687d544fcfca,1398667731.0
commons-jcs,9b97db61233a3bd976fa3128e62e55df7ab51af3,1398642536.0
commons-jcs,67b4a9bd6fd031897da2dc2de61ae0346f985531,1397220829.0
commons-jcs,007d275d19c7a4203bd1197b57f7fb72de044b5f,1396898521.0
commons-jcs,72a086e58422fe9c7268805a32ea92a49578938e,1396895025.0
commons-jcs,26c4c6cd92d7719ca7a7e7487f518dee85245777,1396867489.0
commons-jcs,07ce1a4cd875150035be56ef3b1de45cfff54439,1396832000.0
commons-jcs,0dfa32e5e36878765360bb046244bef5a95bda7e,1396827666.0
commons-jcs,53dcb99f81f77c78f83125eb9ee8a97273fab46a,1396571514.0
commons-jcs,7ef328c7dfdcd614f86bc50d4a4c1a7d0e8077e1,1396570205.0
commons-jcs,322f96f360d7d6fcc9035394a5b3b16cc79d6b79,1396567716.0
commons-jcs,ce2799a5384000e034250c4cbfa3286b52d79c77,1396564743.0
commons-jcs,c06c07e76af2d3d452764042db89ebe36109db4f,1396564473.0
commons-jcs,b164df7d133e2c80ed390f2ee49667c2b2100c4c,1396453260.0
commons-jcs,c0015cca546522e378e49a3a796937859777d440,1396452176.0
commons-jcs,c4d0159386a9b7e7302eae3441375c817b84aea5,1396434965.0
commons-jcs,076cf8dcf0ac43ee1629f5029326de0cc44152af,1396428856.0
commons-jcs,fb07c730916abf2d21553dd4d0c3af0672972704,1396428149.0
commons-jcs,befbfd3a6da0b2d256164614907e3e252948675f,1396129085.0
commons-jcs,a798c1854ce06e2c6bb9cc216c3624b08dd6f422,1396129046.0
commons-jcs,f4ca51420a23cc86d2887fe2d8708770509804f9,1396128984.0
commons-jcs,e4d60a1317e28fd76f2927e143dea2ad2c31ebbb,1395781437.0
commons-jcs,0262f93906b4bbb146ecf4520794e7821935fc7b,1393154147.0
commons-jcs,eb440247d609756de0d96cbd9569eca14ca584a2,1377428621.0
commons-jcs,ca02907169268cad1636b9b2ee42f645ed16a345,1377425750.0
commons-jcs,8199845229b0fa9b60e861309e19a8e64e93bdf6,1352658931.0
commons-jcs,77bd1a6720db04ab02c19cb50985b16cc2167c95,1352649643.0
commons-jcs,80f8f1cbc9e19d2893ebe6d10aa932a29e60fc85,1352494098.0
commons-jcs,8362904047a636575455b38765803a18b13d55d5,1344092396.0
commons-jcs,3bd92c07c56e886b02cc65ff019ef38887f65089,1344090216.0
commons-jcs,52eb967def3a49e305ecc3c33605a896e4799cdd,1344090094.0
commons-jcs,0726c6cacb0263530315699375ac4c876dfadaab,1344090034.0
commons-jcs,22502adc5dabd52342ca94c3e6c156e41c948875,1344089948.0
commons-jcs,0baf917b85f2cb67b167269b10846aaa220cc37b,1338426445.0
commons-jcs,488844581b00acac6dff3873ac7f1a1b82f7dc3b,1336942187.0
commons-jcs,963280467994b51b6fea8a7e3bbb9db68f60fd55,1335251118.0
commons-jcs,f5284eb4e9f1b7676bce89243d92f9d9253d6ea2,1333221529.0
commons-jcs,d2a54557bffc8e917d0790bd77b327171661da89,1333220581.0
commons-jcs,01c89ddda86bb854e09c68e0811cc762e4adb715,1333219396.0
commons-jcs,b971d051925c384993a4265a83081fae9f6a18df,1320518477.0
commons-jcs,9902a11ce7bc5d27bfaa745de53d74ce438d0a74,1320010922.0
commons-jcs,35045d3421d3e476da97c20bd2f1deacfd5e40fc,1320010150.0
commons-jcs,9f11f8b3aa2ecefc825aa0ca61524e26db13ad3b,1320008542.0
commons-jcs,27f58b5c5e6923b977fb03af4201d8eaa973d277,1320007639.0
commons-jcs,60ce96626c5f678671271980094a0e71b04efffa,1320003152.0
commons-jcs,fa5b9b5ff53123bb7f0258aa9e6dc3334102efd3,1320003117.0
commons-jcs,f66b0593a5fd31d5513bab28d3b2650d55d7d777,1319999649.0
commons-jcs,0bb6ccba911b835e670164c90edf84508398f485,1319997894.0
commons-jcs,0f652ed9c32b0dd68cf822a451e520d7a94c4d26,1313443875.0
commons-jcs,be4dd0953cfa0304a467b758b214bf088937f978,1313345595.0
commons-jcs,7c5fabd7bec0e75d451bd8c1b606365207aa1cc2,1313345384.0
commons-jcs,df1ec5a6cb12a5539163a68d75a433f5429715b8,1313345274.0
commons-jcs,6721b1b587dae83c9e682829524b3b21b24a1315,1313008212.0
commons-jcs,0cdcc483e77d08e232417ff00aec0fc8b2d429a2,1313006802.0
commons-jcs,074774f89d15e10e1cb98c5d41ae0874e2b35e44,1312999177.0
commons-jcs,ed11c655c24d6015b4db6bceb7a5494eabb2412b,1312057626.0
commons-jcs,e8a443faa2a3d7065f3b5292138ea0fd860f3622,1259940624.0
commons-jcs,85eac97fbf8673f6e6346aca023372bbfedc8cce,1250113304.0
commons-jcs,f055009ddb930d7e1906780f6ba23546a2141bef,1250087466.0
commons-jcs,0b360cf01caa48abc802f8b1092ffd4698f03e7d,1250010938.0
commons-jcs,09fd8cd01cc5274fd83fe14988e0271a68cd95c1,1248376789.0
commons-jcs,1d7e61f3597f48ae9bcbe381608d4cb6de320c8f,1247146736.0
commons-jcs,298ba52429291b581dcf6422e56b637963292b94,1245861316.0
commons-jcs,247d47432fd2cef894a3786c13915b6b3d4b78b2,1243891397.0
commons-jcs,f26adcd6539562eb3cd0b5109f4c4d2dcc3ae787,1243891383.0
commons-jcs,34b6fbf15d17f204c2d0e2d05e772f358783efc9,1243886509.0
commons-jcs,187e8200589a9b16c5c7d811097ab6499446d79f,1243022487.0
commons-jcs,ea1a180e3c865f10b54672a17303222b5efe0039,1238444284.0
commons-jcs,45785a251524fb51de03cf52b848de93571bf2ee,1229471522.0
commons-jcs,6dcf1b5ae7df88500cda955e9cac3569e84322e2,1229464133.0
commons-jcs,fa168c6b29a090cf078beb2ff9b8a9ec0073b87b,1228507958.0
commons-jcs,fd55bdcc212b13a3d7c55660711a24ababdc08b7,1228507759.0
commons-jcs,c9279e8368de21fe51e67b0e32fb93ea4e06e08b,1228507585.0
commons-jcs,17ee3923739a1db0b5fa55400e0a5ef7f62d31c7,1228323649.0
commons-jcs,6149d6fdbed63519c54e4fffdaa7ea52aa5a20dc,1228151241.0
commons-jcs,1b0fbdc64463e027ca0ece28230a87998eccdbbe,1224260728.0
commons-jcs,bca44c42ba29a0ddd55264d806c982283ad4d978,1219864326.0
commons-jcs,02e43158171cf0e76aae61ea411c958cf5c54dcd,1207942822.0
commons-jcs,a20839bbeffc365bb3b9eb74325a6732fe700b2c,1201298235.0
commons-jcs,d8a58ac64a6320e97b98034563b2732388a17541,1200508093.0
commons-jcs,9a9623f92f5218346c2e30a56583ad3579611c80,1179246790.0
commons-jcs,4d8c5888ee94b423498ecd55ee6937230150a32a,1179246057.0
commons-jcs,c56eedd7733db2eaec1d30d626b46fdcf928285f,1174310302.0
commons-jcs,3b97e3dc2c910fe7af64cf7099244542d47f49a5,1174271315.0
commons-jcs,6791a1a28ea0795e683c25f9fa0126fb2805fd46,1174265731.0
commons-jcs,7ae20658fa168ce6723619b0d89a6b2b97fa3f6c,1174255925.0
commons-jcs,3ab92ea8ce6f6a57fed01111a5a8994e8535daeb,1171760884.0
commons-jcs,7ba907996d120a75ebf1e50f42b04e6859f94e9e,1163776104.0
commons-jcs,27b498cecd284e36d31898b38df4ca276e4ce3f1,1163775790.0
commons-jcs,002950b9585919ff48e70f9feacf0969e684d2aa,1158949734.0
commons-jcs,a99e882ef3563083914e53c3bfc9f124d5f431b7,1158949625.0
commons-jcs,fa61d10371546887e45c620bf53038a5dfd89c54,1158948543.0
commons-jcs,ea121a5929ea447d1655445a78c8e3a392d576f8,1156661157.0
commons-jcs,38cceb67bbbaba6fc50b51f0c8f62a15f9a3191e,1156480162.0
commons-jcs,b676c3858697e9191893a573b8ccb9398eda6602,1156258703.0
commons-jcs,aa95108443a552b40b5cb513d696abd917a1b5cb,1156050393.0
commons-jcs,72873f5416a3054e744dbc96168ba127fcbf7afd,1156050028.0
commons-jcs,c50c29690786690793d53e5284f996e56e400c21,1156029832.0
commons-jcs,9174ee6ffa83551341be687d6cf6da54db4345f2,1155761966.0
commons-jcs,89dc31902574bde4de36708b4e5c68fbb9c27298,1155312688.0
commons-jcs,fb1a575261669d39ca22b5f40711803bcc8c8a4f,1152649339.0
commons-jcs,4a425263109c020a4e7fcc19dcb85b8ddd314269,1150812048.0
commons-jcs,24676b95dc65dfdea345dccfbc56ddcd4724741c,1150753155.0
commons-jcs,d6a43de2804ecdb236814c6dd76412bf8e695996,1149799872.0
commons-jcs,75e2c97cfd5b553f4393a5268a29474cbd82f713,1149515023.0
commons-jcs,a3e7f060e52ed8b844e451123e5d25842b963c68,1146695824.0
commons-jcs,5257cb7dc7277d272c624eede2b1a067faa80e3c,1146672826.0
commons-jcs,08019ff2128283d4f4042f26e546da24bd1b6d6c,1142554600.0
commons-jcs,ea10a90368a9d13cc265790720d4908182a29ec5,1142535909.0
commons-jcs,c0cd82030ebed7cf253089fb79e7c77d4b82c388,1142535819.0
commons-jcs,65220bcf01a82c497ae7fa0251ae0c089bdb9cf3,1140470471.0
commons-jcs,b412b776f00fed673e7e2bc82a46459bdca228cf,1140100764.0
commons-jcs,42fa85ca2e702a7429f1ade972db0e5e6c21295f,1140044850.0
commons-jcs,6cb97c1b70f01672e406abef89fa745535ef3502,1139940097.0
commons-jcs,402e3eefcf0556423cbe285434439d55754555d4,1139007303.0
commons-jcs,28c9d6fea47886afd2e8777e065f37d7aace1256,1139006230.0
commons-jcs,1d3eb1ff5cac5c69cdb2bfaa13ed9bf59ad4914b,1138997482.0
commons-jcs,383a8674a26a5478b9f4f849dda9cc47233b5f72,1133577621.0
commons-jcs,246ec3e78fcb1e1906109e2b5cd38e4ea6f294b0,1131586928.0
commons-jcs,09a68c546727961646ed92e918c519c3482b7007,1128472802.0
commons-jcs,fe8f0c323c95e32a609ddc224858ea621dd2d954,1125364234.0
commons-jcs,dffe501f9ff96509708d326ff5243e8fd4982587,1125060479.0
commons-jcs,1f5e3bd1fc4c200f3f8a2a5727e17f27af842e79,1118450127.0
commons-jcs,033a604f95cc432f6fa1e51017e91ed2813ce138,1118067035.0
commons-jcs,76b824932855082a361292a7c8d1a2e9bf57309e,1110799691.0
commons-jcs,2cbea816445dad8c726640268dd29c69dca5f054,1110798110.0
commons-jcs,fda1b3c280cfdf3cec9df7b3a8d0360cbec88559,1109913653.0
commons-jcs,2ffc6c5e4ef1f8f5748c2aab20c8b86edad4fab9,1107233665.0
commons-jcs,eb8892c0345e7219223bf500845a649cb0f397a4,1107216119.0
commons-jcs,fa2203b89f95839c00bdde2c25fa16192d27559d,1107082278.0
commons-jcs,77e2d83fa38a272a6f9e9af421bb4a1a8ec13ad3,1107005481.0
commons-jcs,4e10bf2ffac3db3ca325fdf3c3d5c83465676dd9,1106959202.0
commons-jcs,1cb9f7828d2044243628eaf40ebc52ea29a3f3c4,1106865911.0
commons-jcs,7e24e11cc18f10416cc006cdb21f3feb773f421e,1106824000.0
commons-jcs,7f45474da8b92734494d4385cc19542490839438,1106823696.0
commons-jcs,c07a7f266e66c86b2eb9a5fbeec6fa7a1c757215,1106823297.0
commons-jcs,5c356c65286c4ac4aeaeb941523915bcb6e2031a,1106430086.0
commons-jcs,775bef81b137bd049d07852540d8bda04fc89ad2,1105666443.0
commons-jcs,ceeb2053985f3b9a826454cc6053b77b071eda02,1105607578.0
commons-jcs,91f290c6290c23b13f8661545ff7e24de17b3746,1104986668.0
commons-jcs,2445d3795cfa1208954cd1b63661b10140742ae1,1104974864.0
commons-jcs,a9e34ad03f07d5bc6e4e5a5c3a4e0474961b27c9,1104974464.0
commons-jcs,f0338d0d0f7fc29abd504ba4f05069b4adf9ca60,1104974307.0
commons-jcs,063fed74b5a869b52e0d3147c10f7494ced647f2,1104873233.0
commons-jcs,752d0cb742ee402ecdaff445c647bd1e68f85ccd,1104873141.0
commons-jcs,e0fa4b58e332eb6f942b26e190de378297b7e693,1100590610.0
commons-jcs,02bad7e719292e0007200ab1d7728e5ce78ff28a,1090586220.0
commons-jcs,282dec7a700cd8310aa9200b3d74f2c64475e09b,1089941302.0
commons-jcs,791db84b30f3a686751c97984a368dc12aa8d9d7,1089941262.0
commons-jcs,4423dfa18edf70b24e34fbe0a54d24b0969c859a,1089687073.0
commons-jcs,accae83fc2e426f799e5e870089eede9369435a4,1089684876.0
commons-jcs,9d681facdde50a589b6cb7ac07002cdbb13d9f38,1089684705.0
commons-jcs,6beb9dd6ce732e1a33b94f46a71622bda7e1780a,1089247904.0
commons-jcs,2ca379b067a0a122cb54db4eef2b37ea3ab7bb57,1089247725.0
commons-jcs,7402520db61b29ad0838d1036cb58922bf75cbf5,1084151726.0
commons-jcs,52ab8b7876c222a5acb8169a1184b9b54224a68c,1083100104.0
commons-jcs,36abefebae9f9bddde401f83fac6ae80bf55f014,1082010096.0
commons-jcs,127272e11fbd09991f591a7fb59801ecf924556b,1081967570.0
commons-jcs,22ef37c4b213fc62270e23312c00c4427688b513,1081962372.0
commons-jcs,43e95c312515240f7efc5b102758afd56ed091cd,1081923858.0
commons-jcs,6747967df8dcf340d8f64ae9d25046fa592643cf,1069105768.0
commons-jcs,ff742e5f8cae8e70f4d11b5f21f8a20742e30ae1,1044910279.0
commons-jcs,7fa2ee5ca521a2c976e6c845c684f08317931e9a,1044909865.0
commons-jcs,33cbdff87b6e613968eede35c845586e9fac24ee,1021413848.0
commons-jcs,526b4d22d762197bfde95888134ade3cf20980a7,1021410922.0
commons-jcs,887722c607e7ae49bbe3d2e6f18fa139632d7a8e,1021409080.0
commons-jcs,3e95754b44446d1f352283f5e878ecb370ea1a4f,1021408563.0
commons-jcs,0bc5aeb20726f9fcf5af85028ca9fcf5b3e220fc,1021407703.0
commons-jcs,68575d27a372f60ea94e6c3203522a0e3d369b94,1021405224.0
commons-jcs,fd203b721751b341847f7ad1b11ccd02280f932b,1021404492.0
commons-jcs,1e6a05f7299e6739a164ff1f6b8835ca6b407e55,1021394753.0
commons-jcs,91fe98f56096e7c11b2192c7c2bc14c842192197,1021389822.0
commons-jcs,f52c5343bf76427085384263698a9410836ca56c,1021389643.0
commons-jcs,621ab6b135b4b998f78e5062d40d17fa2bd955fc,1020980831.0
commons-jcs,9681e4bf6fb08a4cba644fd669a2d4f1e345f4a5,1020140129.0
commons-jcs,0bc288beebaeff6605d739397eefc0991a588bec,1019837477.0
commons-jcs,396c3d67a0b43ad38a2f4ff3dd066e3ae2bed2c2,1018670493.0
commons-jcs,852aefc9b2e9b06329c033e91e235ff26f2dc0b4,1018577966.0
commons-lang,ce178d8e87ff6f9a12aea4b217c1e09254936236,1534936004.0
commons-lang,e51bd89201477092c32c180e4f8d00569db17ac1,1522815028.0
commons-lang,1415c9a2a6317dbdca6f1fbb530db1f558d9bef5,1522814840.0
commons-lang,aff0fae2ec3a7d74356776c183c6986eb9eed520,1522814289.0
commons-lang,6dfc3e64037f10b84fe203415e79e2435acff558,1513871250.0
commons-lang,49a876cb1c2a49583b9184ab58a579ac75525986,1513871190.0
commons-lang,7d061e33e59e23dc4b03378f35f50a7d70f033b3,1511376263.0
commons-lang,fc409b5791ef8145a791cf7bd9b35d68a4ad3305,1509806488.0
commons-lang,a618b844c5a261ced37385ab3947de6e215d46f7,1509730414.0
commons-lang,a26c66a8edcf029ca5f94354cee0db267e9ccc20,1509729266.0
commons-lang,c1ffdbab58712cca8463b3edc88f9d5a09b0ca9c,1508912502.0
commons-lang,7c19a1ff4c217f03c0be62baf1169d689f566825,1495455389.0
commons-lang,7587431987258e94748d5f2fda1e6ca049a21600,1495226668.0
commons-lang,9f7d03f09172afcf0a7be40e3262d151ef053b3c,1491038212.0
commons-lang,5a52446090a67b9b04b67a0b7aec94e73bd21930,1492548741.0
commons-lang,b5f5449cf338376d12404d0190054525987f4276,1488687404.0
commons-lang,c79e6fb8f95bb07d2394221b29b75fcc016f4900,1488316671.0
commons-lang,98fa164cd88d126d0f137f5bcb4a1d180e0c2fc4,1488224103.0
commons-lang,a64153a3710c5035988690f0acf57dd61b711cf4,1487411769.0
commons-lang,30c85ad05363767deeefee577063c2c432b971d4,1487271541.0
commons-lang,ab25f67348d4885620df86497889c1826f013a73,1485950478.0
commons-lang,e8d861359ade336badcac3211e5aa447097479a6,1483645981.0
commons-lang,f643b4fa939e89348618ddffae20a804f4461363,1481696707.0
commons-lang,a08ec31dbf212a033953dc6916a743dccbb93e37,1480620508.0
commons-lang,aa75c23b2e51c8d42730c8b410e6a7148a7bb094,1479854518.0
commons-lang,dfd69e038cc7035031d1807c4ade870d2a7e2ece,1479505124.0
commons-lang,f55530a2ffd3c481f6554d98e9d73f2e8c62ec8d,1479504969.0
commons-lang,9dcd87f9c46786f3da54af7ac1ba4696840dffa8,1479501022.0
commons-lang,c0771cbc3c445a9d1d2a43ac4ce3c0edbc806957,1479342354.0
commons-lang,d0f6be9886afaee6080cd4b7cd5d165c767b71f0,1474825848.0
commons-lang,ab60f735c721103ac888d8d7b801055921336687,1473602792.0
commons-lang,c049aeeffd41dd9fb8075e719320846c83e5ea91,1465338964.0
commons-lang,17e65488113a2dbe9894f824f4321a06ee009e02,1464439352.0
commons-lang,34a5e7fa91aa7ec9e75a16eb6f3d859d794d399e,1463934039.0
commons-lang,3eddcccba7e0361d6e833407320908187b16ac8d,1463933630.0
commons-lang,ac1c341558ae3139a5c1eb07bf148230192d6f57,1461457874.0
commons-lang,c158713b66856745427f793f14a5dd1fcaf941ee,1461113742.0
commons-lang,ff902c15612f2d771483ce6bb06e55609247c34e,1460581798.0
commons-lang,69e97c8b42b9ad0880618132a613466f4e4779d3,1456462333.0
commons-lang,1002c9e243883654f9c1e6beae643fb4e72fc172,1450363962.0
commons-lang,5556026ed1dc17e70946a4a030842ade3a33baeb,1447997045.0
commons-lang,6849dfc8a660bf8c95354520a2fa1283c9b3aa43,1439242941.0
commons-lang,fad946a1d79486c5118a596e8ac67ef7d5189070,1437793575.0
commons-lang,612236c8a77d5d8c4755e287f682cf06d773a902,1433682515.0
commons-lang,ff3492b06299c0a38c029c8d7a524d0027de357f,1432006014.0
commons-lang,71d7c3264239c55b6e2daf89c44c5685085f26dd,1431214856.0
commons-lang,18b3437c15d78c54510964728486831822809d9c,1431024592.0
commons-lang,6bb871786e563ed82e2b8d26314c22772808fe5d,1431014808.0
commons-lang,39380da86acc717f419da48f070f8cf7d9f9ec94,1430883783.0
commons-lang,7af67bdd16a4f103bbe6334c5a865436c900adfe,1430845121.0
commons-lang,8d0214a7417addf790713440f10855dc279876fa,1430844893.0
commons-lang,6a99050166c945a226d5f8275ce4a9dca3518285,1430467664.0
commons-lang,6d23e85570fe1139cf5ef3bc9b4e57ea73680b6e,1430387459.0
commons-lang,fb7335ab163588fe6ee67ef26d3b3edad5cf4bd5,1430276759.0
commons-lang,e2c0ea4374c02539ad9bc6c4328b74f25eb72405,1430251641.0
commons-lang,1b9d938d66a172b200fd90d4a61707852bdb4b8f,1429789311.0
commons-lang,20c733229df741e57b8ac205788ece2d563b2f3d,1428460745.0
commons-lang,86c76dd5ea04d1881a52d79113d6dbb1d57c38a6,1428459542.0
commons-lang,319588b45c847356a07b19e9e7323a46e319e3ae,1428343126.0
commons-lang,06d724599d57c585f537dc7b5d73af90c16a4100,1427861263.0
commons-lang,e29f33c36677fa77d2ab66f412988875ef6edfa5,1427555104.0
commons-lang,2b7e1959359443485c175b7183100d7eb362f910,1427542825.0
commons-lang,4a2cc4f5da0fbf9552d2b35aa457de64c47626b9,1418581326.0
commons-lang,092d6da56691fbd7212229c5a0a09bdac80d1510,1408786212.0
commons-lang,3fa5334ac08fc7ce1a86d5b34fbcd8cfea85ed23,1405855877.0
commons-lang,68a6fd6125302169a5a0687e795d26b5cbd97303,1400015584.0
commons-lang,6f688e40bacd89ff3bbd9dedfcf593d1e43843d0,1400015551.0
commons-lang,0e2e37bb83cc11b87a578c013c14d22a91a54931,1396306497.0
commons-lang,cf03e6173b70ad64337704402bea51600cddd1ba,1395976227.0
commons-lang,77f5fe29e317c634bced62e54f6ead8a1c85c238,1393882327.0
commons-lang,5feaa5fe2c79f1f2e81bdf4730f5cab831024dae,1391997966.0
commons-lang,1837ea77829fe9045deacdd51769ac6c409916ad,1390839595.0
commons-lang,fc52f1c7f8f7f25db0ef6b79bfd70006c76ab2ef,1390497348.0
commons-lang,8cd2339a9788cf2c6e44b6761d3a19259fbe1df3,1390378762.0
commons-lang,5d10a4a6aa62d96f314a9bc29e5e5b06b967a55b,1390243064.0
commons-lang,9a5706719c08d143548877affcc0f8b5413c66ab,1389551559.0
commons-lang,7692a9d575394d661e3df3d452819ac0b5b83fc7,1389551393.0
commons-lang,28daf04ae265d03b49f4ae7b05a16b075a105e4a,1389469161.0
commons-lang,cf171ddc98b2d19c7da8d92e101608b4adae9c04,1387546522.0
commons-lang,9a6bce82ec204a56ec1ba48da572f8cf66e50837,1385209548.0
commons-lang,d27df61ab595efe853044e608aba75d8fa249544,1383070589.0
commons-lang,2550d4cfa283603a23283c5495bfab75deff02dc,1382755539.0
commons-lang,70b3504b9fe03f267ce0f97c6ff21de5f5fbd2f3,1382689169.0
commons-lang,be370cd0ef134bb44fde733e4ee91661a012dae5,1382648074.0
commons-lang,aadbea734d78e8d535d3a5837643336ca1384bd2,1381861900.0
commons-lang,188933345a7ebad94f74ba0fb6e8bc6eb99552a6,1381490728.0
commons-lang,960608021348739df69ec64ebd7fbe2455fed269,1381437288.0
commons-lang,62f2412f14b500b10eb8619edec69198a98c7b84,1377681467.0
commons-lang,dcde57852a97a9ac8021d2440b3de5be4870ecf6,1369951961.0
commons-lang,64cfee77e333d0c31a0fde0abe6dac3d97b0f078,1368747276.0
commons-lang,9e529c7c6a44a2ce8abde19487c1a504de0e7825,1367521475.0
commons-lang,640da9075b5a09aad2a80b726f2a3b820df64097,1367451815.0
commons-lang,d49d8093e2497013c4d78b11d1462a33f451dfda,1366471088.0
commons-lang,d80be57d6eecc99411a77ab9575e1991bb616abc,1364401765.0
commons-lang,a1d5af129787caeaa596e4588d005071d73cd2ae,1364400595.0
commons-lang,0b58bbef337cf6cc0ddfa6fe8a9bdb2572fe474e,1364400365.0
commons-lang,f1d2999aa20933ecbba1da6dc554cda624184e98,1364400038.0
commons-lang,fca46212ac8cbc4f981d33fa66eba898975fd5b8,1363174500.0
commons-lang,0c9622b749f3d49798059c74ad66a51f3c782b5a,1353722180.0
commons-lang,cbb9aed860389f11d50d4222babc86be2c71ef46,1352734305.0
commons-lang,641aa249c3dfec45cb46f5ed15b0c59bd66069f4,1351039852.0
commons-lang,307c280caf4a0a60b4212f7dd0f854a32a3497e4,1349810939.0
commons-lang,9dabaeeb9672066467b04aa630e0a62d44615e49,1348713181.0
commons-lang,e5681016174b15ffa0f60e3ddc28e3391536e9ce,1348684651.0
commons-lang,e582456625cc8a7056cc9354d2a75913f4ceb393,1348611134.0
commons-lang,6d06d0a1c0a9b35525c134f32dfe3d5d90dab2fd,1348582067.0
commons-lang,246ecda5e2b3a532925211002c549a3f057c27f1,1348506107.0
commons-lang,b219a449bb6642f8df03eeb53acc444f4695a608,1348317676.0
commons-lang,37fd0adafb3301ae66773817431b74e32e494efd,1348317205.0
commons-lang,59702fcddc612a08b1fea2fe28b592298c0b2ff9,1348156753.0
commons-lang,8cb5f67c584cbcadd50fb4eead2f6b8983f19951,1348014713.0
commons-lang,c7ef0b7eb707160fcfbac023be28a22b56921599,1345785875.0
commons-lang,f1ba9c252d99b3adf2bb3750339b895b2c097bd2,1331867496.0
commons-lang,2a691eb9b13b20f16b06bc3e4d925ee9fe4cc414,1331174484.0
commons-lang,42e974c43c22a57f8f1f2e07d250cd2812bf9c74,1330966202.0
commons-lang,8c4baca0e2bcddeaaa868822ea9ce2b2ca6894da,1330949187.0
commons-lang,9260ac9efa5af0215e3387b4419e60cfde316fd7,1330532246.0
commons-lang,58d279ce5e362e7f485b2b98e02c5e448b309476,1329643566.0
commons-lang,9d9a50eef1e5079133a05a6f7074307a9879df14,1328986639.0
commons-lang,cf6c0e72ba1d43d2fc46c74502adbfb97013facf,1322393975.0
commons-lang,c71d0f03dab384f98ef2c0ba0050822fba22a063,1321574376.0
commons-lang,e6a1d017b1aeca6986c5e8486c9f8ce6360872d4,1321574311.0
commons-lang,d487814aba405447ee3358e11af3c8f2e3991c7e,1321574181.0
commons-lang,679090a612fa7dde2c98c44388232e4a23f3b1ac,1321554415.0
commons-lang,1db449142ae9b9e1a8b40429edc904ff0f4b6a59,1315503004.0
commons-lang,8b9dba531504aa1217f3983683557a344d29e625,1315322207.0
commons-lang,8e57642b794b02f1257d04da872932710981aab8,1313641497.0
commons-lang,b0e216a2081d8febe70bffe3849437b9624ec24e,1312781172.0
commons-lang,9c96f2a222f49853d7d8ac56ea78d56e24acd71d,1312780551.0
commons-lang,31bd69942fad13707fc03e4601a5aa024f9ea369,1312552732.0
commons-lang,2b5f7a79b0fc561a0dee8dddc46e31c2c8bf6818,1312310992.0
commons-lang,a7fe1f5018c53ed3af8af0d404a346117aefb958,1311746526.0
commons-lang,5997452fe756861b9362f143c24fd4965ffcef3e,1311052203.0
commons-lang,137d5f6753af78dcb14a83912a4628e9faa9539a,1310855314.0
commons-lang,c04611f260fc57a6cb00aae0db8c4d7a4b9bcd3c,1310746370.0
commons-lang,2c1b5be146585dc8b27aedebca959f92da19094e,1310669391.0
commons-lang,a80f11cf9d02d2517c7f230f24949cbebaafc0c2,1309676678.0
commons-lang,734d218eb55e68a5ee42ec4f5940205e66f4b142,1307530287.0
commons-lang,61cba9d9a443c6121b00ffb862804c2763646131,1307156310.0
commons-lang,3513ecb0b751620e07004960e88ee232e8b4d926,1306337371.0
commons-lang,3933e63c7c38ab549cd52815fbe0a4b49cffacdd,1306334142.0
commons-lang,ad9769189189fe6129eb1bf7ce8fcc7186e2e691,1304281636.0
commons-lang,8d01b77e2e4c604164966b1e6b5e82976023aa0d,1302451147.0
commons-lang,0d01e050fa6666e7aad8fa657a84ae2ec3210daa,1302209828.0
commons-lang,6623901d3f9fbdb49538eade71ba29837b62da9c,1302209743.0
commons-lang,5a7b17cf3e0b816f1bce4100c512772d4fb80707,1302150875.0
commons-lang,edcfd40d71568a47b7b3dd857265517f8a5c3df0,1300247602.0
commons-lang,685075984b0fcc39e577be865df94446729c35b8,1299601440.0
commons-lang,bbc7fd046a8a8076cc5bf9fd513ded2c503b0351,1299243605.0
commons-lang,79cddd4ea5b4fad17f74878e40b3dcd0c54d9cf6,1299243258.0
commons-lang,b9c088ac8ded50f0d4ca194b0fdd678a07e76b9c,1299174504.0
commons-lang,3c4f60d71bc4bee0158d713be93c2151411d2e98,1298961101.0
commons-lang,03cf8fd714e9b9963bf328dfb274cf343f3b375e,1296378077.0
commons-lang,209b28c49a398f277653e26999b17c97371454cd,1296369912.0
commons-lang,2be456f665e193c6fa7eefb838da858b57935c58,1295808106.0
commons-lang,9c6d3ea78fa936c8eedbd72236fe3f6e217c2b96,1295760303.0
commons-lang,2270d830fda743de1ce8a61e33b9542cb39a0f4b,1295238605.0
commons-lang,8e2f4ddb9a1ecd7a1bf7d752c2c891d630287036,1293865019.0
commons-lang,bebf1a53f744bd591c692ef2b721bd28078bb029,1291187896.0
commons-lang,ea623e575eb48564459e840a3ec130d65e370339,1289690209.0
commons-lang,dd5f8ea30755268dc43bbf2cd5024412674eb1b0,1289666147.0
commons-lang,c8c7a0c491f3b18f086f10809ffb11ab7f02db52,1289665032.0
commons-lang,80a39fba9b1df6b208e57f4dea84c0f24e311a82,1289114100.0
commons-lang,cccbf94e72fcdfadcaad5800acc8f871e4ef3246,1286735688.0
commons-lang,857cf0714dd8736796b829ca48da8d6b88ec11ab,1284416207.0
commons-lang,14a0cc2a9baf84a97348263975082ef3857daf97,1283926197.0
commons-lang,37dba589f77b73f4cc642b65f7d024667eef9ffb,1281595663.0
commons-lang,731c0040fe325d143d2edc24606d20791c8e2748,1279649434.0
commons-lang,5e9fd18a887eb071a42983a8c6df1ae3062f3a88,1278117046.0
commons-lang,bef3eb6ed060d5ae14da6ce5a1909675b8cf5650,1277188458.0
commons-lang,590867417dd3fb1e33ccbf40ad7a941dc4bf0861,1277186538.0
commons-lang,eb79f7c6f37d0d9c4d9252b1020bc19a617a4d23,1275064403.0
commons-lang,b24ecd60fe9517bef1d6342e479e9bc3d85ef692,1275041524.0
commons-lang,2241a1abc9615c7b92206afb5026ef21d405175a,1274424017.0
commons-lang,2621b9b3d68198a504bcf36cad8b5a0a420b4bc0,1270625528.0
commons-lang,a22c0543d8bd216112ea1ffbb0dae5bbc06473ef,1269238609.0
commons-lang,6505531d5c81b879be9fd5406e1351570f354e83,1268678857.0
commons-lang,022d08cfd31475073c664da109ad50bfe9539d82,1268673115.0
commons-lang,5b7817cc3f5260b9c40d4da118cbed5f579dcdc0,1268588003.0
commons-lang,8e4147b75c4aafd3d6086a4653b16257e1720856,1267570522.0
commons-lang,6c53b134b66d9670114247b022b25a60969900e9,1265182697.0
commons-lang,8ea4582e2c0f6175bc23e3b37cf42dd9e41fdf3d,1264540747.0
commons-lang,d0b2568ee1f3e3ad2316f20b651698eaa22afe22,1264447928.0
commons-lang,1da401f2634d8c32b86d75ab0757241ae7f83241,1263485300.0
commons-lang,a7b7e114617d2e6bda2efdce17a01e78d2629579,1263483073.0
commons-lang,e5ccf096569244af25820f7d8d94893fff00ce8c,1261120870.0
commons-lang,8fdfbff87c84f2005eb8fed6939e5fa835315113,1261112651.0
commons-lang,ed3d84438bd4a2fed15926c31ef23f63df977cf4,1261112622.0
commons-lang,1b85d8ba9e7bea6e4c7742b57bf71c38f1bf0a27,1261034485.0
commons-lang,aa5d2162e5b25aa3c21f5dce168266d58b501938,1260813266.0
commons-lang,db9b110a7e968bbd585380e4d9289ab56f965fd0,1260803174.0
commons-lang,62a047cc697cfc6aa2c832565500cb7b8ece3103,1260798867.0
commons-lang,7a8356e0fb88a0ab3cdba3b5e31f1f4d988968ad,1260798846.0
commons-lang,128b94d1d9db41d61ddba195a9362d79238d5e39,1260798797.0
commons-lang,56550bf2779990da78d2bac1d8287c8a693c6e4b,1260777065.0
commons-lang,ea3f8ad7740a3e09ce1d969553487441439f6302,1259699260.0
commons-lang,63e4b09f235705a309f4d52f89c962ef26beefef,1258909390.0
commons-lang,37239c934bd34944b1285f509450ee0339db5b8c,1258830352.0
commons-lang,229f41046f46e12fd54956b41be2059866408f2c,1258827067.0
commons-lang,55559050cf261290f665477f0b6992cd8ab32961,1258826835.0
commons-lang,5839d3e01167a794c347091a6b56d028a8c24613,1258648821.0
commons-lang,34b9c73a6d4a1c91c92b59e3f0d188b9a74a607c,1258450241.0
commons-lang,89af393b32ee96a21aa17656c336c021cd09fec2,1257886756.0
commons-lang,da7e4f3840f7883029ec8a0963eb3d7bca5bd6d1,1257507938.0
commons-lang,bd900f6be75973168a9fead159ad20cf95b705be,1257504435.0
commons-lang,b1cf6305e5ce1375cce9f5c88ce8cecd71c97d2c,1256471155.0
commons-lang,ebb466c417e4d58c83eb4ce2d4784fc7f0d52f3e,1256471088.0
commons-lang,7072a549e5b2eca9158c2d6126fb9d8c05b93bdf,1256471055.0
commons-lang,f4ace74c760ac651d38323caa0a369a1fdae979d,1256469984.0
commons-lang,c21e66257be11b82d3ab7dee71f865f54d2127bd,1256469469.0
commons-lang,14cde02867a6e43a20368b95c984d26004ed2fdc,1256468935.0
commons-lang,5ca6b02849420c3ce729b61cd692d576c910fa07,1256468877.0
commons-lang,64712a4fd3c7231d0b7d54e8c6390a11205fb81e,1256468828.0
commons-lang,f61c229c74bcf6e7f7adff9672198bc3c99d57dc,1256401033.0
commons-lang,96dea6c4f6a23cc31a724aea232e49b4514c00d7,1256400262.0
commons-lang,835085d912e6ce9e8ad236256448776c641bd79e,1256399290.0
commons-lang,6fea27514a4c648944ed2a921b717b4a7d75f9c3,1256394395.0
commons-lang,823e75f9b32506dbeef2cb4232ec3bedc766c485,1256393708.0
commons-lang,6622091f9baa46aa099026c57c1a49cefcd8f272,1256391791.0
commons-lang,fdb8010676661124227542be2b18ace2b65d490f,1256391466.0
commons-lang,14224204d9670518034e129a73f54bfb115576ce,1256384647.0
commons-lang,d68da319fab22faa695e0164c5a2180dee07d301,1256012198.0
commons-lang,826adcfbaf9bc1a6df0c5b62cb30b566359e9b13,1254168876.0
commons-lang,7bd9b8ada16d265de6e36002cf9367ac0c6d0f87,1249841218.0
commons-lang,f957d81625a3aa70385f50d87f036ebe2c54613f,1248134130.0
commons-lang,a2773b230e17d71022791d0ad50fafe0f6a856d1,1248133602.0
commons-lang,0bfa6b451ea7fc307904d0d27f853354a60bd4ba,1248028874.0
commons-lang,df0d0cc96a57b432669f38cbdd67f2e7dcfa98cf,1246340768.0
commons-lang,bda5d16000ab6750d2e071cfac08702868baf39b,1245905839.0
commons-lang,05107d64743adfe0854e373e72616be79fdffd60,1245905552.0
commons-lang,bb7775388fe1e5f0c4f6d367f09217786311b126,1242445587.0
commons-lang,07c1324202bfa5a60de6ab41777186d0050e3cd7,1237597221.0
commons-lang,e8512544ed84787dec4340dc2cfcff86ec24da3b,1237323292.0
commons-lang,f26a785f20f00d998284be5f88b84f3283709976,1237073362.0
commons-lang,d165a84e9ee0d24d5fca4edf2efa53a2c758fa43,1237038037.0
commons-lang,8328a95adb2f3729cf62664b78a1cb8c85aba280,1237037841.0
commons-lang,c653a71c1e6d1c99e175eb283567fb9d167891f0,1237033370.0
commons-lang,798b3306f8673c0b2d015b0fc69f63cf457a94e9,1237022802.0
commons-lang,eca2cde607bfbea781d5303dee57c3afce3bee27,1236478822.0
commons-lang,c0683957931ffa3df218ff68ca31e257174a6466,1235940880.0
commons-lang,a38e2e942d622c1a84ed35bedb9aba045db7ab79,1231538714.0
commons-lang,b1e8a26177324ece7c786da8cd063076bc131ea1,1226003777.0
commons-lang,a6a2d04877d91a4c7cfff889bb64e2627ca60994,1225904443.0
commons-lang,0d0061f247b9c28b59b1af7e7a10def74718ac94,1225902805.0
commons-lang,db5c7106a44107b94332ee6844514b003f538a51,1212995844.0
commons-lang,08c4a79f5cc33936af98b96dff9ce63bdaa89677,1212995750.0
commons-lang,98de18758dbc1806ecbe4b62be80650fad98ba6d,1210487174.0
commons-lang,8fc1df022706e6e4530ef4d0bc3cf05433c8323a,1210487141.0
commons-lang,4342bd5d69d122a16c735416039b4b2ca27897ad,1210483082.0
commons-lang,bb8b6f4b0c54f25024b17d1f2abcd4bb98289983,1206430632.0
commons-lang,dcf024f3aaf8ba051bfa5a1a2bb904051093452c,1205388690.0
commons-lang,c4e8add68006baa007cf2d40d7cbd67773576dff,1204929639.0
commons-lang,65e3778b9ee924318cad305d8b89757b735c0014,1204670814.0
commons-lang,1fe5439baf32af2114958e3cfc3512bd72c84773,1202881486.0
commons-lang,9fc5424a6eecd4d95ef7a915a0abdcf6a211fdde,1201585184.0
commons-lang,bee5b923c54e59f877d392e35cb04ab62484c723,1199663939.0
commons-lang,11575edd7ece0e005e24191fc713cdaeb0059615,1195695091.0
commons-lang,70e7930e89b2a0fffecd2e155ba321e66ba36baa,1194962745.0
commons-lang,62a9fa68116f8b0bdcb632192aa6bcdd6c96e6aa,1194921193.0
commons-lang,127e6e338f088b82eea1967d31c1abf8d51a364f,1193803132.0
commons-lang,796b898281af571a510d96487dcd95699ac1e435,1193461665.0
commons-lang,c22d9d59e5b86c33f91d7fa93d71cdc514c2edd9,1193378934.0
commons-lang,16d447606804712462d41c364e73da7a8988685f,1192048721.0
commons-lang,050fe8e916507c9716983868284d64e58c1b56d2,1186619099.0
commons-lang,75d931a3264b73caa9cdd7d3373375cc33008ddf,1178063401.0
commons-lang,1138f35555d0d456380741ab32225a25c7386122,1172290564.0
commons-lang,1b19377446a14622ac5d05c3f8d7dd9c8e5ef15b,1171701680.0
commons-lang,b16235ad108c4fcdb7117493394d26d2f0faeace,1170802190.0
commons-lang,3e718fdb1bbca377d6b698d49b1e70ee9834aebb,1170195998.0
commons-lang,aac29e97eeec9af428f1236adaa2d78c9961d85c,1169882039.0
commons-lang,87ee821a5d73b836d89203e15cec2ea86cbe2992,1169006193.0
commons-lang,801f084e8e61722924395f9cac3868e9b2f6ede3,1168157741.0
commons-lang,abb136d51f7de5f24580c727367dab107cf78e59,1167975004.0
commons-lang,e9e167f9ebc7a73c5847745688ae127ecff6e2b1,1167170747.0
commons-lang,cf20d13c64da51becd1351befe02a06144fd6fc1,1166819677.0
commons-lang,848a8144bc42fddbbc466a38a897f5c09f0d49e2,1166817079.0
commons-lang,5a4594cd372b7564de8f55faef20306326449ff8,1166815888.0
commons-lang,37875137e960277858ca39b676f6e19fec36a50a,1166815793.0
commons-lang,4f514d5eb3e80703012df9be190ae42d35d25bdc,1166595026.0
commons-lang,381ed0c0f6016993a81563edc857d3235daafea3,1166572851.0
commons-lang,15360774099b2a7230e020751acdf6979b6e3f58,1166565004.0
commons-lang,dd23ae863a8910581362b69c660b26d8e8f699b7,1165993764.0
commons-lang,9b0b19a9162ae8d217b06716962b982703ab4d1b,1165962879.0
commons-lang,5fb6521ab990c0c9ec655ca71d8c77060aedb0e5,1165807989.0
commons-lang,11a49755807dd794151b404f4fc584c4c464516c,1163563915.0
commons-lang,1a158281aa058ee2dc9cfae3b56012a9f92f3b2b,1162335654.0
commons-lang,8e52e2169b20f7bc3c6c520d4f0c98e5bf06b076,1162332900.0
commons-lang,d8b6f5b5c6b92adff8965ab634b672e7b333f583,1162330443.0
commons-lang,1d5c03fac601d6ce291c3fe3e5e51a11881e2fc0,1160180562.0
commons-lang,116463ba4f988ad7dda289bf6e2ff53c6570f0ef,1158700856.0
commons-lang,4b25008ec5afc550231c4b0032bd9a581d51ee36,1158653882.0
commons-lang,ba57d261f1dfa1926e6bea34726e396865b0411c,1158074971.0
commons-lang,462a89b82ee3e5fd5d6f69289297f77df83f689a,1156962132.0
commons-lang,95e3fccc98cd91215d67ad1e1b915e301a2d2a7c,1156225605.0
commons-lang,07b7795b336b301def8a7dc6059c8e616ce5582e,1155939707.0
commons-lang,9cbf70d82285d7ebdd190f7cd59f2a9d82a09c61,1153460827.0
commons-lang,00d021f30e0c2202c3a942b0f93cc9d9285010fc,1152142963.0
commons-lang,4a453bd132aa147607c14a036d23fc1fe524006f,1152080053.0
commons-lang,81340ea32f313fba0f0d5ebba9a600d96af17cc9,1151954474.0
commons-lang,1cdf7916ec909c1a7ab82e11b7eb17adda3889b9,1151837212.0
commons-lang,b01434196523fc67daa5d9379c4465b68961fd53,1151368123.0
commons-lang,1aed55020d4caf163592f593a0e76f106ae8e105,1149571417.0
commons-lang,80e957ecc44a5f0404baeb0f36484e4d560e7bce,1149536239.0
commons-lang,26d2f4a4a2f1dcb1e556cdaa5ad256786bbdf675,1146632349.0
commons-lang,c803367cd0b3339c0aa3a687e90d51ca6c10624e,1146547260.0
commons-lang,79c3898c900ccab9e5ac8f0b85f004720317b610,1146461563.0
commons-lang,2f4408d33c1de88bceff83d7ea03e47b3aadacaf,1146006905.0
commons-lang,8393f10b791c4fd28a1031f0a6427a2c9af04977,1145862000.0
commons-lang,fc9b4cc1d839079cd37380ea6566a7575d9f4900,1145428214.0
commons-lang,2330a3343cbd0a531afd118451bef83b4a8d49d2,1145344982.0
commons-lang,fc55439441b6a61d00a4e43fbe91c2bc87b990c6,1145254702.0
commons-lang,0e85c6e6f1b1bea8725f46dce37825253e5f8aa5,1145254687.0
commons-lang,a9f5a6b1886992b35795fe5a3388bcaa53a1df5a,1143670073.0
commons-lang,e905b7993bf3f61943e997fa00f3c12dcdb322f8,1141771419.0
commons-lang,cf56a79ee7c50b7240cd272e547801fab92fe913,1141630197.0
commons-lang,0eeb7c904c84d44bab0101d568e22bfa8177c34c,1136140230.0
commons-lang,72c7bbe974fa00a5915284b9faa66a34da780079,1134959458.0
commons-lang,c79adcc3f0b99cb838155909a989fbd7bd71e600,1126346861.0
commons-lang,b0082bc60670ee42eaa135e8d89be2eb696103b2,1126346112.0
commons-lang,7c818a9f2236088580c8b963c662e6c541f71b0e,1126344588.0
commons-lang,7ea69942ef82e8ad565a4c68d5ac926a4385d7ef,1125150014.0
commons-lang,44e2825d742d14c801e6cf8874e59c77252de7f0,1125138413.0
commons-lang,0d0b5165e966355e7fca976e7261456c8ec5e4fb,1124661421.0
commons-lang,ee2eef5316ecabd672a2798dfe6aa3f288bcc1fb,1124568908.0
commons-lang,554b667e9fb6a3f198cdbc9b497189c1570332c0,1124535406.0
commons-lang,810e69f7a470eb9dce71de314f0a98c0f7840a24,1124055947.0
commons-lang,2f6b0b2c69b626d6a669aa8add3223417b3b274e,1123542904.0
commons-lang,e6f6b0dbfaf10ef4428f8277fe2d21558d1edd17,1123537857.0
commons-lang,5346b0d03c5c943c883f7c6ef111d2de3ba12794,1123527538.0
commons-lang,5f0e40893da5bfb8e630db76b224d2ccffaae7b5,1123459521.0
commons-lang,707e1a4a0b4b06ee89a7ec9e6b2154769e40b360,1123354437.0
commons-lang,097438b3b1c6968eaff37b4eee93a8d041561024,1123037453.0
commons-lang,ee5b770b08f6d77d273d815343d97150a1f7a09d,1122954895.0
commons-lang,93b5f2a7ace971ae12bb5f7726067272689e780a,1122944625.0
commons-lang,159999da0c2dcee4bd0b46a749de794db37cdbc8,1122924859.0
commons-lang,66f83099a50eef67909e4d371dc72d67590e7670,1121378888.0
commons-lang,421ba4c94c641efc0262099ced7b537e3f05e5da,1121368907.0
commons-lang,f9e986558f3ef45a6afab2ddc264131d9e78513a,1115075087.0
commons-lang,bc218db61cce03a5facfc1e7130af8579367bba7,1115058709.0
commons-lang,308009b9a1833813d3c735349ab3e18097e96221,1109826044.0
commons-lang,aef69406ea3a67bb89aa2fb96361c2a41d209781,1109277773.0
commons-lang,9c273aa6098ed7b79bb08d8da86f3b65534fc5d6,1109276766.0
commons-lang,228957a0e4558d572d3b8c2f24083bd45ebbb7c5,1107487018.0
commons-lang,e3f46b722e3e08da78d2742cd188a68a473a7faa,1105904074.0
commons-lang,cd9922ef8b2c57ed6aa1390f89f94c1c40cdc67c,1104275583.0
commons-lang,bee437f63a626036c2a52f97ce9db47e21b0419c,1104006616.0
commons-lang,57b94c34eaf9f0158679060c635188b44a27c5c3,1103828148.0
commons-lang,167c031371b4a0bcc6cf976492ba0b85ce20bc36,1100220521.0
commons-lang,ac517f7c0dcb2c597b48d613eeefe98781247ac0,1097960778.0
commons-lang,e08b9b890ff9ce8555589f927d05bf20ceb112b3,1097952741.0
commons-lang,d19d4a852154ef1d38a842d88c34cac6505e5f01,1097948585.0
commons-lang,61cccd3e0a4cc51c0956ca90310c8b76d4f6fdeb,1097946522.0
commons-lang,5111ae7db08a70323a51a21df0bbaf46f21e072e,1097881891.0
commons-lang,275aab5d863982d464aa5c3392cd99d03e436a80,1097881833.0
commons-lang,f4f34dc60ac7fb90d99da0b73285ecfdb76e3f37,1097322951.0
commons-lang,657eac934788180b8fbae3537e349543b127641e,1097318724.0
commons-lang,fbaf1c371ad64089b31ec77e08f4a05fe3bcf097,1097316244.0
commons-lang,5fdb8a39db7461d6e6a1d7517f2d537a3a690677,1096527805.0
commons-lang,2a041e277885fec3729a1d382d23264cd866938a,1096525300.0
commons-lang,f80cb56da1316d5cb977c07937c2794efc87a522,1096260547.0
commons-lang,a453bf410b8ebf12ad8c009115e3e7dd94995e73,1096255919.0
commons-lang,3aab5ae02692d3ceac2618ec0b4514787f4b17d7,1094965406.0
commons-lang,f010588d53d517fda710eb148e4a2797a7d371c6,1094965326.0
commons-lang,ad4bde97cd40bb1df614c65206902e887a0a1b09,1093900792.0
commons-lang,b03921d36548c7ae05ee9a27095ef4cf346cfc36,1093751062.0
commons-lang,067a1cabd30cb9392bd20fecedcc87c3b689adf8,1093750968.0
commons-lang,a88c31825151f37d6627eacc3820679f2f0bf316,1093750908.0
commons-lang,f0ef6dffb7ad04676e9eb619dad489c20d019780,1093693579.0
commons-lang,b0213e869e39206ab0fdbe340479ddfb853542bc,1093499205.0
commons-lang,ccf4e93bb7f7699d4a87db07a9822c05031af73e,1093468815.0
commons-lang,8b6499b3955199b5af488831547a8a173640f6a4,1091553428.0
commons-lang,9d566ec1e446d03a34cc3e719eaf6cd6f45eb247,1090740696.0
commons-lang,13ae992c23f9e693903f32c77e018de27f66442c,1089588017.0
commons-lang,4301e384b8773c427609fdd2b38b8db2c78e10d6,1089067060.0
commons-lang,c4df48e565253ed75b1a3070b1f01f1d58087a1f,1089050088.0
commons-lang,cddc22f28c80f47674e363d04dadf9089411f9d8,1088916685.0
commons-lang,18baf613e51d3eefff7ddbfcd7db27b4e73ec379,1088911497.0
commons-lang,14164d88eb1b96a8168daef59e9fcb2dbfc12cab,1088620438.0
commons-lang,2b47976319955adcafcb9f2e117e97ed0aa3b526,1088313827.0
commons-lang,2358ca2953b371aa011e7a2d06400a50858b6022,1086124527.0
commons-lang,eaf7441da082e717f8c7bb69c14aaa1230de35bd,1086124128.0
commons-lang,aa1e8866bb64e4b5f68fd0fcb0010c66745d849e,1086123297.0
commons-lang,694d1de4a912dcb1baade3edfecbe6e152c12e24,1078962888.0
commons-lang,5e7cf0ed0e5a457e6e180e83ffbafa0b582e2759,1078359218.0
commons-lang,a80c77930fc36b348b02cf035e2981b8cf2fcfa9,1077154478.0
commons-lang,20393e09aa9d55017b024151d744f0b306efb32e,1076721320.0
commons-lang,7ba2d8aa0db459bd007dfdaf3d3900fbddc6885a,1076719700.0
commons-lang,c8f42adee295e7305dc8f9ac090e505c36f2d6b7,1075920779.0
commons-lang,11bd2237bf4e50799e091f3bfa9aba5e50c8de70,1075846464.0
commons-lang,79a860193f63ea1af5ed8dc907bf5bd2161cc9e7,1074549006.0
commons-lang,2e82cc4a153f1479aceb37b6961c10843eb1ca57,1074548503.0
commons-lang,cd7aa49c161861fbf07f9006f1a01e25f9a1221f,1070118234.0
commons-lang,55a8a1e34c8e943b8c4d7fb7421820adc1cada7b,1070113954.0
commons-lang,4db13907864a7f69b9edcc2f43bc64e878e8d93f,1069721635.0
commons-lang,9ebdce7348a1ba1b53bd54f030b1c29f284fb71c,1069620279.0
commons-lang,866d054e1def0bcb30e2595858036e8abdce4e55,1066943024.0
commons-lang,fd3bd5bdd2ef9f6dd184a2d3c587d1a73e19334c,1062945155.0
commons-lang,b25c0aff6ce89649592fc67cd26f02c933de3367,1061038934.0
commons-lang,443e9b36965228f281b3fa3212baca04a486b35f,1061037683.0
commons-lang,1a99abf1cfed6a6fff901d3b2e54068ce84192f6,1060818499.0
commons-lang,3e2d12ad711331abb7b3560c8e51a828dc79ffff,1060818137.0
commons-lang,f325bbd0d3f8488112c75e2ceb37ad91721dd19d,1060522233.0
commons-lang,70d01514525b49e6e6d8780676a7e4eb713e587e,1060043042.0
commons-lang,8b1992ee2ffefeaf763477216241a02a80e0522e,1060041147.0
commons-lang,cf7f46f6546b4f7c978584ffca3e18ab97dac0cb,1060026660.0
commons-lang,d43b3199020157f47f230f97d626f70846e1e3dc,1059958214.0
commons-lang,d35d966e65b1d81b7a9822432b0d12e10645743d,1059953359.0
commons-lang,e356710ae4bda1ddcb7ba8ac3882fe4059cec7cc,1059849516.0
commons-lang,43db5237ab2a2dbc3a79daed10499bb4dbf92a4e,1059693875.0
commons-lang,4926914ecbaec6a092f2398af3f5e8468f5f53b5,1059687167.0
commons-lang,35b8cc4ce3f71d4c130e2a9cf13d2b77ef73ff9e,1059603469.0
commons-lang,3a8907682bcc0b41d62600cff739bea24677d18b,1059523718.0
commons-lang,3b19309d76817dfacb40299b474ecbc27a471e11,1059246750.0
commons-lang,89e735ed4e6d76aa28209dd046d278a2291361c8,1059230089.0
commons-lang,9345b31d1511906438eeb796b26ee65dbe964561,1059229341.0
commons-lang,98732b58ca9f67150193697e068c986cd3132734,1059174418.0
commons-lang,247c97f507c7ce3556f040624b6af28e911e6dfb,1059173629.0
commons-lang,e758deb5e8e188f565d76b93ad8dfc4e575b4a4f,1058917000.0
commons-lang,2d17989e282e67c9c37153adc4074082d3a38b1c,1058830361.0
commons-lang,dbe97c09cad3ba2c7473c15778773fa4d071e7de,1058829277.0
commons-lang,6a0ce20988be77b95529476ce3265ceccc07e16a,1058828271.0
commons-lang,d381baaf330178e08595a7ac72e4c97729fef4c7,1058745446.0
commons-lang,af6aba957f4dc4d19d5f295172b4ddc941ca1681,1058717001.0
commons-lang,6c009fd7820c74bac251565bfee7999bb831ba38,1058638173.0
commons-lang,59b77af292918b2f69a94afce014786c25228940,1058572663.0
commons-lang,90d076139e9e33795c9c45c57b7b1d820988f4cd,1058493984.0
commons-lang,00dc5a868458255839d2ddcda567bdeb21dac367,1058221728.0
commons-lang,eadb45d1a7b8b16164171c7caa171fd9f911a414,1058221506.0
commons-lang,99a9ac4d5e67a0448bc3ed8a00b999301a3d2410,1058221366.0
commons-lang,1dc0785f8e5f1f6cc3f1629cec8f80c51636ae52,1058221271.0
commons-lang,55be165435e580d169f6b4e9bc54f3da9cfc4f64,1056825724.0
commons-lang,9cfd4409f9231736b3db262fa11229ff1a77fc5d,1056824163.0
commons-lang,48cea59f38754b3837c50f9b87e89bf6ead8dd53,1056823279.0
commons-lang,008d16ed5bf041603ee562e48696e5b0f92a4089,1056822593.0
commons-lang,a5c0361ee5f851c59b152d90b31acabd7b4c28cb,1056584027.0
commons-lang,2878a430c1edfedfc9bb856580a83a0536bdc033,1056583928.0
commons-lang,feac7d3bc7a3246bfa110fba17d1bf8830a629e5,1056234296.0
commons-lang,8f45918465c1c992d55fe08f2d7e49689b722b38,1055194563.0
commons-lang,4920a1da320677108c98bc191bdbffe7169983ba,1055081641.0
commons-lang,268de4eadfdd3b73efa2048aa010e1eed0270bbc,1054883052.0
commons-lang,b3bf5606280fd607f2e30df32b0b0a290e321a72,1054673399.0
commons-lang,bd3497be7934b20bebed04879b012a8bac838294,1053789662.0
commons-lang,82c5dada6f7b369b69c383aa995f45578325e139,1052881153.0
commons-lang,9d8cc76413c7d0463eccce41a46153aae4946710,1052880643.0
commons-lang,9f2efa84a2db851d30fe889fae85250742399ce2,1052880086.0
commons-lang,d129fa0e4a0ebfb2ce4cc5f11dfff471f7b7a8a5,1052713766.0
commons-lang,fb2548b304f9279ac2ff3df9620424adae91e065,1050416921.0
commons-lang,6af3b80369a62de8f2ee501998d1bda4585758fd,1049913929.0
commons-lang,2e862e0c473cd2e72b05254b89366ec64af7cdea,1049909429.0
commons-lang,3ac32dd142df1d1e0a5a36f224dcc73b1fa066e5,1049897583.0
commons-lang,edb0e8d284c8f80f743c09d5e0b78d1fede26e6d,1048755322.0
commons-lang,bdf11dfa919d33977cc1a0f1e6572b082e48336f,1048442744.0
commons-lang,f64ecf1cd76a70dcb78b225e7db3913c9eca559c,1048398651.0
commons-lang,8e54ccc4be5fe3c1c6739a7b670f5c9de24b606e,1048397183.0
commons-lang,2ba51c13fbbaa539c8db5448fc0ca2429d65c239,1048138415.0
commons-lang,4ecadc12ba1ef7a91b8621c967c362bab495c202,1048138331.0
commons-lang,ff33134d11ba92f32939a460d295be942e83dfc7,1047964248.0
commons-lang,2023467c0595f2561be7e5874e2bcaae972c37bc,1044397173.0
commons-lang,751c151c49a24cccf989ed6abd0eff0b3b915e03,1044396728.0
commons-lang,4c63a720535736560ec6ff4fe7a55f789dd15fc4,1044396384.0
commons-lang,bdbde6db66fe96223f7d4e5f3375def53a35793c,1044384170.0
commons-lang,c23e693049fb65e9c247c0094f85d8fce0e69886,1043499698.0
commons-lang,984bc76cd36138514e8c3c2cd494cd952d22dd13,1043002145.0
commons-lang,c2d07cc3f0eb7db5e45c21b1c698715e27fcb64e,1043000138.0
commons-lang,5a173ea8e912c8d5901ac52555a4b9ce3fb5343b,1042664040.0
commons-lang,2f50297e5eb582ed50e87e6801917abe5a30b3c1,1041374379.0
commons-lang,6c4d516563eec37cfbf0e1cca768888c7188f2a9,1041373943.0
commons-lang,891b71ff2c20e4846eb5569c3b1103f2243c831a,1041365873.0
commons-lang,0018fa8273ae8acb92ec4adb804ab5781cb8be85,1040480531.0
commons-lang,f682f4b0f04379e726f14d03e76605f7dda106b4,1038437669.0
commons-lang,8846220cf52b01e6c52b17f82924f102f62cfd9a,1038437628.0
commons-lang,21ff810b471af9e1a47d85823354bf4e4c353d53,1038245757.0
commons-lang,28f37f2b4d357656f16b1bf1b5ec36cb90d63d87,1038012864.0
commons-lang,de74831603fc57cc566022384a8e5efbea903ef0,1038012694.0
commons-lang,9d3dc97c25fa0a2f16a26d934b61fae3f7197a04,1038012079.0
commons-lang,e19abe9bc3b3edaefc76341657fbdd31e56a0adc,1038008014.0
commons-lang,dd1a5f5d69f4c2e820802094abc487191403d5fb,1038007965.0
commons-lang,b991b3f9738b6668c0a1697eb7b83ebb304f4773,1037660496.0
commons-lang,0363b6f7d3bf82365fc18d4c454ebe77f9beb3d7,1037660426.0
commons-lang,ce3c7cc62f8f69c3e514e09d8275b9306a27113b,1037312965.0
commons-lang,dfac194424d186246c87a85e556dce6b5657686a,1037070065.0
commons-lang,1cb025f0c01395fea1fb98e61dc7d683e8865457,1036688384.0
commons-lang,b0d8436ce85d7d681e5f90215e6a6aac9657a013,1036243026.0
commons-lang,f44c297fa295f4303c9aefd57e8eeb3c2c8a928a,1036242990.0
commons-lang,778d8d5828dbd797fc68be5062a891843aa98cab,1036015098.0
commons-lang,b759cf0bc6671d25008f7e375a308c2ad142c7f0,1034531830.0
commons-lang,5d1ca3e44936f54752d4e281c8ed311ed021a9e8,1033283712.0
commons-lang,58299f340538d4e43f1eb9e02d7559e17d6ba427,1033209891.0
commons-lang,031ff96cd3a9e319689e7df5a0b6272c16202256,1033209294.0
commons-lang,0e07b8e599e0d59c259dcc8501167a80d030179b,1032686313.0
commons-lang,8d12cf6b9cc902806bb10d1a1c2e1200851a0648,1031868000.0
commons-math,1b80dc49658ce86375c6c3fd089d7dcd176f4ad8,1494406388.0
commons-math,9df5e9419d83c11b4a2c3421c5ff7ea1f544366b,1494175634.0
commons-math,35e0ba449325e759e04203fcaa71920cf473baef,1493857373.0
commons-math,827d9644c864336fa84f15744375ba7412da047c,1470430970.0
commons-math,819318486d9cfb430749ee33d3c5c4ec4417babc,1470409389.0
commons-math,83b70a377f79ba90f846b3a720e6c402c63bccc5,1470403063.0
commons-math,540564e190662e6617d8c8974854ded6ff2b365a,1470402333.0
commons-math,c64856ff7f49c1c2e3098a36e5951f6e3a6cc366,1470402008.0
commons-math,66a775c9feb7dcf00c28a16b7a365af4372886f8,1465668512.0
commons-math,a3677db89ef3863e8ac7cf578df499f85d970b76,1464032730.0
commons-math,7c1a59fa7ab58f5f7cdc124ff2667cc501570a4f,1462024304.0
commons-math,f16d5b1722eb55c2d55eb623999f16799b088b98,1461288833.0
commons-math,84143c462986417ccfc5e8c05481e983cf668e2c,1461286893.0
commons-math,3066a8085f86b743da14a161427c403a7038e8b0,1459165542.0
commons-math,3ab3653e48f65bc273c1fb2522cd814ceed8e396,1459036918.0
commons-math,7a8dc00b8be18a9271e2d9c2444ba91077ffafa5,1458142565.0
commons-math,050dfa6f0850174fdf958ce6751d2f06900201f8,1455556965.0
commons-math,2df0a3be66f6fa1067d976d7a05500beff7eda53,1452510129.0
commons-math,6e4265d61c22aa0a5b627e8bb4814fff382a7170,1452083996.0
commons-math,1d4d89e9fb191af54a8f2eac924a2fcb285f760b,1452083412.0
commons-math,49747dc1d34a48e966ceb424f40f0b7994d1cea7,1452083392.0
commons-math,277321564dd18c68fce97594652d5aea50ff221c,1452080500.0
commons-math,7a1c10a162fd6e0043f523af98d57549573c1982,1452080499.0
commons-math,73b76598e776bbe7962e18cea087bdca1d560769,1452080498.0
commons-math,60afd02a508bf721734eba66d1ddf412fb6d0970,1452080497.0
commons-math,53af14730cd52af888a37c35c326d735f54c76c3,1452080496.0
commons-math,7a5431ecb6efd9ae83c3469f040817d01cdef1c3,1452080485.0
commons-math,084ab518eecbac7b9b9a711d21021bd7df13dda8,1452080484.0
commons-math,9e2307974840d5d20e4a590bbad9fc0514ac425d,1452080483.0
commons-math,c23335bae449d804f21e949b220aa03c2f24f460,1452080481.0
commons-math,b5c1893a7069b3771855a58c6feb8a32cc2d3cd8,1452080479.0
commons-math,5246aa0529add36a2fba243dc23a8edb0ff61094,1452080471.0
commons-math,548dfd8bead389790d1c438d54afaa1f060f0eba,1452080470.0
commons-math,ba1ce9b9aaef27b78415acdc4e84aae0ad31075a,1452080462.0
commons-math,1f14ff6ce8909f28fa7d5f0af3299e9a2cdb0d79,1452080454.0
commons-math,aab178594f3a908061ab2ffd1e6cd5d27304cf80,1452080422.0
commons-math,f8fa8259db335fc3221f011dea926bc716918efb,1452079439.0
commons-math,7bf9d3dbc5998608e85f165b6c93bb7fc98e66fc,1452079385.0
commons-math,7398af480396894c5f246f233b98fa3a3efa0b74,1452079190.0
commons-math,66608db56c41e91ee34fdc1e6157d69b69893fad,1451692470.0
commons-math,8a8ca83f25bffb9927f67469f2230ed0067d1256,1451686628.0
commons-math,564345179f3f33d249daca36f0054773996d5782,1451220137.0
commons-math,4ebd5b61720a680e8507f0a4f1eebf0d654e8e09,1451060311.0
commons-math,dd9cb37df54a3016e8efb283732012ae14bea1cf,1451046143.0
commons-math,bf803b119be94bfd71902ea5db06075aada82672,1450995601.0
commons-math,487ac1980148522d628e1d2aab50b107c372798b,1448316790.0
commons-math,1130658baf7ec92ba5ea309244c8bde74f385ba9,1446544662.0
commons-math,026fce5c5f01d7b712dc06db738e9e2699c9b118,1446473383.0
commons-math,bf7e9d505a75728fd69a51b1bee30e645c813c27,1446473281.0
commons-math,ad12d97cbb4c35017d55c4105174671f1c38b36a,1446468189.0
commons-math,9e0c5ad4b3148f42f3940faf7d67b305e34bef0d,1445545607.0
commons-math,2aa4681cb82f5b3eee09b2b491a16ceadf52bd27,1442827508.0
commons-math,4025b62c7d8e0cdc7ebca856ccafc6365183fb87,1442827283.0
commons-math,f36090e3141cd3cd6fd58f1f46a30af2582559be,1442667111.0
commons-math,26e878ab3a5b0844e09ce305fa07eb2d0ad93d41,1441871345.0
commons-math,2091cfbabc4e4940f70c2628cadc08da0baaedc8,1441563433.0
commons-math,7b9df59a96adfce979c8c564dc5eaa6a29b7f25f,1440800803.0
commons-math,10dc13c80752b0489d291b54440212ca54c59fee,1440799383.0
commons-math,392323e2d44bacdac605c1a4f037f06e21dcc239,1440798159.0
commons-math,f70741c9b216d3836d047c542847920d4778cf9d,1440068321.0
commons-math,4f73871cf40b6dd05c8872d39246c67f798ed915,1439501557.0
commons-math,09fe956a62e19c160d0093f8fecf254c2bb6f0cb,1437698125.0
commons-math,9c545d44a4a703c88d417a6fa43298a80ee67735,1437341208.0
commons-math,cf4416a84203ff9d360d4398da3b166e6d0c72b9,1437158813.0
commons-math,32d33210a92b1197a6c5a07f19aa25426af72723,1436554558.0
commons-math,088d0f9222337a1b3be44b99523094ff0af06cde,1436083854.0
commons-math,5cfd99f0dcd0d10689e480f0854e859079f125d0,1435485499.0
commons-math,8f35fcb8f7b17c7201a31f157e7d77bf3e6fe2b5,1434023404.0
commons-math,5f5937fcc2dcf3bf49c1776d341189c557b2f01f,1433149199.0
commons-math,c44bfe000cd84d0b48401f8c7107bc37c09ec622,1432034312.0
commons-math,0c0455fd66eed4113bf53829cfdb501901cc70f9,1431436087.0
commons-math,c5b90dc474fbc86b57631123e1f4519d758cd4b3,1431027887.0
commons-math,a675ca7802065f459a96bdbd593d8dc491180cbf,1431027350.0
commons-math,51cb31ef21f879220b8fa20e37bae15bfb2c4d21,1431008931.0
commons-math,9e1b0acab5721a6805743e291f56d6d0ee8ba851,1431005704.0
commons-math,e4b3ac8597a186ec8aafeda561031b95fe969d57,1431004985.0
commons-math,6571233ed2e9c926b07d752992a96532714ae9af,1430752799.0
commons-math,c771c0080b08abd80418c4e88f1be3efec828f0a,1430739807.0
commons-math,c8cb7524317761af98958753fcf38da1586126a4,1430730069.0
commons-math,b313ae68888445f4c08521bbc8d19f39310c6890,1430685705.0
commons-math,35f4fbeeb6feff2fd364f79d845449417d84cc74,1430411735.0
commons-math,a6abb8b00355db97486ab5023305c3f4e9e19ad3,1430074517.0
commons-math,8d210b4f84b85e3d67933be3079e1ce51b60eeaa,1428694564.0
commons-math,a06a15846544681467c040d471d9a2daa281a866,1428676638.0
commons-math,b8e4612d484cbc5d1bb36b397b96a791a1a04928,1428676423.0
commons-math,0a499402d707bc8cf775d7f9b3840780a7401f7d,1428583062.0
commons-math,c768ed307d08484cd61ad8ac3faac330d22c8775,1428507384.0
commons-math,a1c5a582760c7f65572d0883fbcedc843332d7eb,1426714860.0
commons-math,093e3bb2e3cd9992f3f0d14373d406bb9b2ed36e,1426537761.0
commons-math,bfb3cf8bba6aab198c4644e236bbc9f3807111d0,1426108137.0
commons-math,ce2badf02e266a84e2485f1793f13bf722c29306,1425929877.0
commons-math,d41364faa4f73fc885dcc9e99a838e8fa4c95998,1425861965.0
commons-math,ccd0fd51a5712ef1d85110eb61130c906fe4db13,1424854862.0
commons-math,a56d4998cf16ff08f5593fb7d4dda66ca05dc269,1424376988.0
commons-math,f3e1598dfded2857a8734ecabf7b46bfb676655d,1422264067.0
commons-math,e7bf6afe5052d30a2c448ae958058dd83410d076,1422264038.0
commons-math,f7e42d2ccf949a5893a439227c8c6bafd2598f26,1422145581.0
commons-math,15bdcc3be2b84f68ddcd822da52ef045ed89e57b,1421797336.0
commons-math,0f36265123605cac6af05b7b8c8f4036b58f4da4,1421141466.0
commons-math,b262c2359c9ed53dae3ce2ce7a0092273f4eec65,1421139109.0
commons-math,9a9e7268162f9fed146c74a8acbd234d9bc2ed84,1421114447.0
commons-math,b4abfb93676fb0abbab1d9bac40ba2714a3872f5,1421112231.0
commons-math,dc5f850d1d9b0b952b7f0dabd6778cf0f7675cba,1421096874.0
commons-math,bae46709ecb13f80aaad0d279b3618ab83d09275,1421093324.0
commons-math,1325e114108136eea3fe77a4a270a2da7eff98e2,1421091520.0
commons-math,85a20aad64be04127106f492e26f6ad6d6c228c8,1421089501.0
commons-math,a14acdf6395f588dda7597bb4c7810dacaa503d2,1421087814.0
commons-math,b8e9475505fee98aae2819c03a33c7aa3db843d3,1421086801.0
commons-math,540aa2e7ed7c0c0add1daad7fb548e156435e0a2,1418687339.0
commons-math,2fb2221d487d925fd5d716173a80c798986aadf0,1418651093.0
commons-math,d21d3a94abdbcf5a890fb1b5de28f1060e9e584d,1417555137.0
commons-math,e6aae3a8bffb981b8dce19642cc1ab831a428cae,1417554546.0
commons-math,c29e3d681f2a46cc3288dc4f38925efbcf30c233,1417344027.0
commons-math,c53f2106109153eda10c47a6960a5a579d1530b8,1417441894.0
commons-math,046e3a2f58decdc3eb9f69e14fc0f5c3a9e6b4c3,1416774726.0
commons-math,301ad592142079d36f4d33f5309c103c7f4f5dfb,1415790973.0
commons-math,596ccd59a11ad5e9fda19ccd0f4fc714d8d3394d,1415310979.0
commons-math,cd28a018fb327d38a30c502bedca66cffb26f271,1415045768.0
commons-math,f44d4852ab758cdf0011efa028c85c68b8b36bee,1413534203.0
commons-math,a516976947341e0e18bcc0858d85d34cd0c02cdb,1413404563.0
commons-math,69273dca6188a3d7d629d0d32dcf9cdb5b6c1036,1412771105.0
commons-math,4080feff61e8dc1cd4af2361990c33c9f1014147,1412007954.0
commons-math,2a59e0ef4b8e70742a21bca76a629853aedbbd09,1411498664.0
commons-math,e875e6d59875be86fb8de8df7642c370b652eb76,1411402074.0
commons-math,e9464c0a6db34576fa390d041e702b1f03c74b37,1411046112.0
commons-math,30b9f935e7ea56026e5c5347e897df52a3ad18a7,1410863759.0
commons-math,76f154179b8dc6940355d7fe7db468314ca39e84,1410623198.0
commons-math,2bc9e7ea86a8cc1c3b2436c46115c87080228004,1410622603.0
commons-math,cc4ab51ee9e001a0a999a2a43ad5bd323494b800,1405106538.0
commons-math,a7363a2ae67b585790896de45f57154474480fc9,1405028393.0
commons-math,fca88f8e3d44d743e82ef2fb3ce880f8b98149a3,1403986096.0
commons-math,e31a222cef8ef08f4dafb01f41b6a2d6c26d64fc,1403460237.0
commons-math,d4f978ddd58fc47f472d0dbac79b4b96ca1453df,1403022635.0
commons-math,ba62c59dae2385b279a0810b2f133f0d9664583b,1402669205.0
commons-math,a197ba858ecf364f9ddf2fe56f3611cf97b4c3b1,1400511603.0
commons-math,99abe75d485722a7fa48204a18f4eb5d9f9a1d19,1399017783.0
commons-math,6abd9f7508c121fada3fdf2c188a68097bb50b12,1398952082.0
commons-math,9bab875f03ffea0aacd1d92fbbecc96d491c1201,1398946454.0
commons-math,2a6c6409a919c1091ef3af778cc9738c57d67575,1398533794.0
commons-math,cbc32459f8f36e5c57a9db74709e813e5f77bb5e,1398004182.0
commons-math,7f162008a2eea123a43f241e5e214dadf6b9e88e,1398000311.0
commons-math,7f31bc04bdf8821cf24754bfdc9bd4c0e8660228,1397836727.0
commons-math,5929846a208518582a7783d8715c401ea1e2acf2,1393845106.0
commons-math,007a701755f318562b0cbf2005d84299733d9b45,1393790083.0
commons-math,e2dc384d7bbe3414047049a67ca48b4885eba493,1393768970.0
commons-math,a6f963066692aabd04aad9114e6ea1ccb32cbb5c,1393768941.0
commons-math,1358d274dbb7b94bf81e37c88883a68b54a88c84,1393324015.0
commons-math,b122db9edab9a5b2f93c79a5fd880e9d33671c9a,1393253887.0
commons-math,9ac2b15e4a56be293b6f2b9f2b8d8b1e945ee998,1393253864.0
commons-math,a573059d0504418f5437db4a600672a52cb4d8cc,1393164048.0
commons-math,dcdfd7ed9e8c34637a54e52ffe1eae6692d05e01,1393164020.0
commons-math,1a6879a0023a2892323221622e0d1e759613c68f,1392841907.0
commons-math,499101c88c8158844e7bbdcba35b8fe91bed8314,1392830399.0
commons-math,613a83c56a439a0c0f4a2363881653838e4b6bc2,1392734029.0
commons-math,b01933b17f1978c9da0a252ff6791671e01bdcae,1392734021.0
commons-math,9a012f530ea7d938e3d64ad6786b0f1c67f19df8,1392734013.0
commons-math,c12ae52424b3b93bb8f2ca39a3daa8392caa1348,1392734000.0
commons-math,46b2ce2ee046ec3c35919ce72ce67262dfc37c5b,1392733994.0
commons-math,fc9cb0ce163e54e4bba232d2bbf2f79dc495585d,1392733926.0
commons-math,4158f9746365df20b45f8c2b5c0d1436dc1756dc,1392733919.0
commons-math,06d490a4bd763fb634596f2755b436f7f8fbbad8,1392733913.0
commons-math,7460c082a39251193108da52ce05e63f3e3796d1,1392733894.0
commons-math,996c0c164a083c3dc2fbf2768750e3b3a81d77e0,1391944888.0
commons-math,19c1c3bb9bc175f9c19b026e7cda1d0fe47ade90,1391374369.0
commons-math,7897aa6a83a5e63da487e72c2735fb042259f6e4,1391363773.0
commons-math,7bbba6995a12412cd7cbe1ca693057c5299ab4cb,1391117285.0
commons-math,796c8329d6db90687d7340cf947fce29a5191f40,1391115898.0
commons-math,faf997271b36b80d9a342bb1a5a666e8a7a1fb56,1391099468.0
commons-math,2a3b56daa03253a8abccf5d895a310831ef0275a,1391026760.0
commons-math,7cfbc0da48c8cc8939e97427d8ee5b22c5e55f28,1390579424.0
commons-math,43ef84b729332ccdfe95ffae4067a415c2b37a85,1390326553.0
commons-math,01e1ca4bfd51741bf7d905266d24ffc86345b711,1390232081.0
commons-math,2c9438da238f61f9e952d301cf22fbe70c5a9405,1389804505.0
commons-math,9b3a46e20540dd07cef3e996cc498e5fd6bd4996,1389723992.0
commons-math,0f13370f354da824b97a8004f4b8dd9d23500241,1389559294.0
commons-math,bb2dc86de1fd207c0a4a8b649536364179fb2ab5,1389538564.0
commons-math,638def643f318731ae058597f5e89231896fcc4b,1389525185.0
commons-math,f2db15c31f0910316316698d1b7cd3922513d677,1389023143.0
commons-math,aaa0eafa092993a067583283b26b76e79f1f65be,1388772442.0
commons-math,bb014c3ebfe20bf7a7fce5e7a8124121de695350,1388756855.0
commons-math,3491906594b069a042f38e7526ca67f46efac2f4,1388748124.0
commons-math,ed73c356c7a7987c78b8f6ee6dd7ec1e5f9b3e67,1388597268.0
commons-math,7ebbaea90e8002f5542e22bbe92075ffb5383d2a,1386713594.0
commons-math,8e5867eda8328e4cb2e103d098d0c9f3c2fab50e,1386114614.0
commons-math,78504bde01522101a21e175f724d83f1d36e687d,1384106621.0
commons-math,d252a811a239387fdbce0f6fe70be9507d9f2e26,1383953269.0
commons-math,c5b943fe263f052be9d3815fdfb99aaee302d523,1383923986.0
commons-math,73558cace6dd8f512d33917c9763fa36b0467e3a,1383842091.0
commons-math,12afe72d2052d2558574626655ed2edc3fe9e54b,1383837533.0
commons-math,534dd690699b768f17ecdcbac24492b9b85c10b4,1383482920.0
commons-math,bda25b40295b13782c488fd94f0abd091da296bd,1383249975.0
commons-math,a4ffd393334bb3d825738581add321c94f47983f,1383061384.0
commons-math,a6be244e7f31e259f9b2d16da2593af967bdc3ae,1382884756.0
commons-math,81961ba841a953952272891224d581d7a1d6bfaa,1382248150.0
commons-math,c2801940ef84c3399f3288972dcd0244062e6d40,1381527549.0
commons-math,dcaca39d00f9359e11811ff3d4427fd71173f47e,1381524440.0
commons-math,a6925e3e8af52bbe7d92769e19e6be848f572e67,1379274144.0
commons-math,86545dab3ed57872ad98b23e46924d67ddad03fc,1377978182.0
commons-math,cf4805081b84624a904af4c510b8467d3beddae9,1377454746.0
commons-math,f1467e45ab538789090f968f549f88bd0b8c26c7,1376096268.0
commons-math,6d0394d27d570fe3586d5d25ec159e602496b1aa,1376056549.0
commons-math,f228eb6233e4a764fd2135fdfc1018de85ac32b0,1375364937.0
commons-math,24f20dc6e3e3de32ed5d911cbda5c7e2d6bbb6c1,1374568659.0
commons-math,630a53d5e48e9244b24da19af847ebef593fcdf5,1373220400.0
commons-math,2e5610586783c5a9462c4162fa0949f1dea6d5e1,1373217608.0
commons-math,237fe2a651c52389e1e57375b9588c1839ce3d5f,1372962351.0
commons-math,232b96ceb131ff8cb58fbbdd021c22f7e5160239,1372795247.0
commons-math,d0cce453d768c4b5e8537d75b78e58e271845ef2,1372794970.0
commons-math,d302ce0a9518456cd337cd8d4aaa6add261703ef,1370286031.0
commons-math,e68422227f5bbae188511bdfddd8df39e896c4bb,1370261436.0
commons-math,d270055e874148a2742604be36ab977eec030fba,1370243700.0
commons-math,1fc99654bdd1ddbfd75c90cbfc3f1f08acf929b8,1370011246.0
commons-math,92846a67918af5b975391595531334376a8c527a,1370000175.0
commons-math,47949e9b95761db19ef2c37321b1f6249c57ec19,1369996968.0
commons-math,07f6ec88e97227cf14ef98478e847dda018616e7,1369754585.0
commons-math,03df648a2de0aa16162bc91dfe7d909619c0fcd7,1369169758.0
commons-math,fda2af92473092ad96353c4d3173f7372666810f,1365432092.0
commons-math,5b5f84db290450f81cc6b93cad7e7900ef9a6cf2,1364929453.0
commons-math,2e7d1278b18930e4f175c320e82a0f4db697a77e,1364929375.0
commons-math,9ab4dbf42d86386cd16460924379aec94293ae93,1364572247.0
commons-math,6500be3b99f32ba5a8d2cd5aa837f52fa363d63f,1364572137.0
commons-math,8a25d709f50ce97d50c653dbb5897c01e6b5d9cb,1364572107.0
commons-math,9aabf587ca8e613deae405d9de33a7f432a9ac50,1364466030.0
commons-math,e4c91be8c9c6d26087081f246e66549208fe0ba5,1364310678.0
commons-math,16e0a6d47b6498555b9691a190960bd72ea32e56,1364226451.0
commons-math,724795b5513651e1e34fae3904d1b58229ce9c17,1363978558.0
commons-math,0864279db2f62b455b9a20183ae708d280cd132b,1363904508.0
commons-math,bd95671403a7307078ca2ebac2b56886f178c7d0,1363901085.0
commons-math,2993a89b06cc00a1a28f25a887f5bea4cb4b52ba,1363850132.0
commons-math,9fd53fafa1db3d809333f38186f8f6c7cfdf3fa8,1363723991.0
commons-math,424cbd201ca5969181d68cff99d8b9b77a41cefe,1363702148.0
commons-math,c75c9e40923d63486df8db26da94d0ed10784d4d,1363350875.0
commons-math,53039d5d04fb5fbf2298e5b090bda97f602e2bda,1363347554.0
commons-math,8e14f3716935eb4cfb9e622c6227b80ac180cb88,1363212127.0
commons-math,6422f76a759f4e0f281ee542c65a502d8184afd7,1363122741.0
commons-math,8586637471cf529e66355a9185f5afbdf6b49f7a,1363121294.0
commons-math,a51119c0135dd24dd6d1a4d952b8329c2c7dfb1d,1362942174.0
commons-math,55a655ca2bf64e8f916c96d4a891608f97df310a,1362933668.0
commons-math,fd8a0da6b976746c34b7e1b0d7697e73399bbd7d,1362920828.0
commons-math,0d057fc6dc9fac9e16c01e3647c2201281310a6a,1362916860.0
commons-math,2405474275ce519d94dda81b5b3af65bd773896c,1362761819.0
commons-math,408fa3a6afc6c9c843f690d7b837d6328aeec243,1362567573.0
commons-math,73605560b9f0205ac641ec602145756305a41f79,1362560008.0
commons-math,ccdf6bd680322457022efcaafa0fba729c0969a7,1361802833.0
commons-math,48dde3784e22e6cf886521e7ae17a327a461688e,1360916411.0
commons-math,3e53d407946ad1f88ee128406e3671ae63a3d756,1360229284.0
commons-math,0c0822d658b003cbc5ff0b2048290f1dbb5590b9,1358676285.0
commons-math,cedf0d27f9e9341a9e9fa8a192735a0c2e11be40,1358252150.0
commons-math,c7cfb66633dcadefb316b0df4cef98fa5d147089,1356545970.0
commons-math,fec55788a38dd9ff3ea7b7fad59334529e22aa46,1355670072.0
commons-math,0d31f273862dcc983a650275a23a869ba85c8259,1355601951.0
commons-math,2f332839813214a5ca7d9a606bd9d87fd699ae9c,1355502503.0
commons-math,610b5d26c96471469c9b28bbfa5d92dc55552b30,1355500412.0
commons-math,7521e5af345c0e3c1bf567794e332cfce018881e,1355427957.0
commons-math,77910da210dd4349c83d3455968ce14a2635845d,1355405396.0
commons-math,f25ba664ed4855435bde1ca8ce15588611287668,1355401923.0
commons-math,63623c9236ec410b0f919a5392ba6f4544327de3,1355319635.0
commons-math,6c048df1471e789042548ba72b13e4157790b62c,1355206208.0
commons-math,6844aba987aaf32c85a4eb3fba3f6ccf9d7c8db6,1353970949.0
commons-math,04c63b16302b3efdc6dcf799d2c7047a5611ff14,1353626269.0
commons-math,0073facaf9f32999a63482acc602d65ea711ee92,1353446034.0
commons-math,ce126bdbc6d3dbc8a3e83e1884999afadee76866,1353278885.0
commons-math,32d47dd08750c603eac2f41ace3b13c79cec3c4a,1352825593.0
commons-math,16acabd53f938735aae79bf7428359b68afea88b,1352567691.0
commons-math,c61b08e546703881350346490ecd887266220ba4,1352105018.0
commons-math,6e40b488fd09b4aaec33c3add6df90b740dac77d,1352062281.0
commons-math,2a9cbbab467052a523d3d59e3d66cf1ef527fb68,1350933696.0
commons-math,b25f448d2f934c08fc4de4ed11b654c87b218bab,1350850112.0
commons-math,bea6d09158d8d332860a0b8d052757d5d546177e,1350837150.0
commons-math,bfbb156dfb67cc4b6ad718151323418a9352ce43,1348957098.0
commons-math,329cf9e8e643160e4da6fd8622aa5a3b3905fb69,1348937898.0
commons-math,678377a1e84797e74daf1f5eb835882af9b172dc,1348841179.0
commons-math,6129654bc2ea25e171e8bc1be534046ca35ed572,1348838922.0
commons-math,ad252a8ca3f08b2de70b039a302f3814524141a8,1348428842.0
commons-math,abe53a537b4d19a878e8de3735393e0c4e85aa7e,1348237057.0
commons-math,5259df5f9195dce373d73e7084254e19cccd7446,1347959274.0
commons-math,dae4cf5da15517eee16a9a337d42b7e9677f060e,1347833475.0
commons-math,51f446bf0c09a0d051341ccec6ae50a0daa1728b,1347659746.0
commons-math,8bac3361f2aaab7f2086e04f8ae03a973d521915,1347653765.0
commons-math,621bbb8fc7ef562d86e18bbc28c5d4f25a68b442,1347549183.0
commons-math,d2f23bba39b7633c973e32b313be1f36ce757023,1347440113.0
commons-math,acaf4d9caaee8770481249c2f2e1fc3b83296c70,1345152914.0
commons-math,4e72620a3785ff59f69346c861ae45357a1ac9f0,1345055418.0
commons-math,c90de5a469b7190391fa0d1b05252aec762ddfb5,1345055065.0
commons-math,9b5b8d7d455149cd16f9568ed4aed8019e568602,1344981726.0
commons-math,1ec0b8d52767b2451d63c239d74d22015968d0f6,1344812134.0
commons-math,746c998e1a2a380f6bd844886bca6d0b3a76b1e7,1344599686.0
commons-math,13f4032d6c103bfaaabe89f2cd36dffaff5a10b6,1344435496.0
commons-math,1a44ba4b6152cdafe636c867fd973e8cd1348078,1344196111.0
commons-math,c2811e767df538f8ff25d9922d1bcb53792f9b46,1344175887.0
commons-math,efb3e07afe66351f9879601d4bb3dd4b6d89f059,1344175233.0
commons-math,d880dddc55707fcfa4a59b5a8ff3b0b49bd5c4ba,1344159166.0
commons-math,4104b213685843ad6644fd02b4f4d92ec537ab8f,1344134235.0
commons-math,0ed64edde5e0d61a02750536ed5ac19a6a216c80,1343497472.0
commons-math,574c9abbf2b9311e8678ac4c857241c6328d89b6,1343493460.0
commons-math,f51a7ca5fef18c31078d80cff428c1e365e562c7,1342997115.0
commons-math,463896f1cceea99ecd1743d34706143eba00ac93,1342987272.0
commons-math,5e76de1cc99591e9e82358f6bf568716364d8c80,1342978022.0
commons-math,e42f60b937623c5374caa1bcc3287676512dea99,1342971045.0
commons-math,d8f4cbb53936ce7dfbe287605bc57f177840b992,1342894466.0
commons-math,4ca1aec24cbaea5204f9b5199ca9825d320203af,1342699265.0
commons-math,a201eaf582c1eef82851ebf6083647f8b6641490,1342395758.0
commons-math,d607d9323cb01890feac071dab2934864422243c,1342178442.0
commons-math,52eb62e4dd78d7f75b44e37c245061d6506c93ae,1340014420.0
commons-math,a9889607c1a94c5c24b80214ee84ce0358bdde25,1339268384.0
commons-math,118e94b5e981f6e1fd4ccdf41c80677fd972d030,1338920762.0
commons-math,a567246d1e41cbd2eeef1cd795c8d46cc51a7ffe,1338507286.0
commons-math,03d011748df3bdcadf4468a380c76f86e0d5a2dd,1338175348.0
commons-math,c268d99c5a184e542ae5e3cdb6afb41b28e1cd30,1338144348.0
commons-math,dd6cefb0ccb596d0597e2a9991766e109153ab25,1336924316.0
commons-math,bf6aa3118ef1921ac50e29aa36018dd81d2675d0,1336686823.0
commons-math,ada3793d40dae7f77cd50bee8e13f4f74f93953d,1336314812.0
commons-math,2ba27ad9dff805a17843c1db32068c613606d91f,1335403694.0
commons-math,ebadb558aaac32dd82e1355a915d42c521a3e740,1334255573.0
commons-math,371b7ce0330c5abbbd19fa82ce59c9bdedc53ed8,1333565040.0
commons-math,4142992080eb8aa75dcfae34808e66c4ce39760c,1333298761.0
commons-math,20fa2579ec2d60a65fa405260e977f27e1967380,1332489051.0
commons-math,97826e417774d9081b9b01e6f158e023a90fab76,1332487544.0
commons-math,ab55ca079968e8cab3f9b3b617ce1993931a275e,1330885844.0
commons-math,b04ac1468fbb6c0dfd49942b5c985f936ccca27b,1330641026.0
commons-math,89e65efc1ebf87df44f7e98eac4fe06e8ac7501f,1330633570.0
commons-math,eea1a7d14eecdd41f38eb47f5309116340838ab5,1330612383.0
commons-math,9d8f2c0506ee7d0c274aff565289067e9b38e4a2,1330609741.0
commons-math,6afb7fa54f2401f5b62238d2bc127b63a73b62be,1329609682.0
commons-math,a1fcf167b2cf064bc82edcc52ee9d935a8d68cff,1329521158.0
commons-math,470f0a8726ff2dbc5f836a3c5cbf7a2f65d2c61a,1329403638.0
commons-math,86c44f1b88d178ce9884d9982550293ad69e9dc7,1329338749.0
commons-math,8a83581eaf0fb46000ffe3093b8b4152dcc18b91,1329225417.0
commons-math,57a0248da2129e0a2244385a4574d7434682f3f0,1329217584.0
commons-math,6a63df5151501f0130920e4783115bd504749b6d,1328743870.0
commons-math,72827394225ce8406c37b8d951b1584034088058,1328476404.0
commons-math,bd92c7300934b4d4e95eb7ae99ed623237807860,1328297329.0
commons-math,109e91c742edd2e712024438530c3bd5d1bc5913,1328293456.0
commons-math,6512d468efaefa4049c688b42954bc7744f24fdb,1328290682.0
commons-math,ab3935c4c94b1228e5453196e020f92fa5198d64,1328213994.0
commons-math,271bbc9eb6edb21e91c7f0adad8b4d900987ed68,1327829970.0
commons-math,58133c861282c9107e9b62ca41bf97b93af4c8b7,1327400233.0
commons-math,5191e1ddc8305ce1f23c88f90c33f062396022b3,1327231166.0
commons-math,37a8044ddf0b28a27cbdde6e9e2dcf4abb5b6f96,1324419349.0
commons-math,9c8bb93443a6e5c2e1261dc5780ebb3f20bcbd58,1324415278.0
commons-math,0093f7b0a2a9e06ec5b5e1e551676269171c3e3d,1324387829.0
commons-math,fe1b30b58958ff95d01bc56e64c0f81294c36ac8,1323653474.0
commons-math,faa7785779c79578e38336853cb9de5abfae4813,1322781876.0
commons-math,3f645310b52358ebdd36e8afa0f8ee98aadfabdd,1322634244.0
commons-math,d8e892a21f149beaa31f7b29760a3b8a0e3b02cc,1322595340.0
commons-math,f656676e3a9a9611c368d1da462ed0ce5c93308d,1322511388.0
commons-math,399249653d7a5dd0a0ca3f1c615c0b44f7601a01,1322477790.0
commons-math,118f0cc0856afa4c61113fe5a742d11bc35a34d1,1322371209.0
commons-math,5d699563b14402c410e32bc4b175419c18993918,1321602132.0
commons-math,3ad3a1fa41d3973b21b6c01525b24c7b9f489022,1321054774.0
commons-math,3d866e964d95665e71bfec24c5600ce0945695c9,1320940487.0
commons-math,3a1a95ff3c394af7dc4afd2f6709024ab9b23f41,1320402194.0
commons-math,9824f20965e3aebb9abc9de9ea0d0c16ef29c968,1320226574.0
commons-math,d8e1809529ef78737dbbe4080622330970866793,1319887170.0
commons-math,7980a24266d463bacc8f1271a83865a7d5638891,1319620102.0
commons-math,bf6a142540c15ad8ba37f4d7712395fcebec45c6,1319288467.0
commons-math,e0f684748b88a85917f2345a3e9b9189c7c72997,1318979534.0
commons-math,5e6389761c6575f815a5ac91a22c4ecc48596729,1318276563.0
commons-math,1ae0c809503336c2acea20581af782c560148ec0,1318050234.0
commons-math,0eee4b6f141432fa4d6f0b630f4a524e587817ef,1318020846.0
commons-math,732f83c0b57840c521664d8b9fdbf014dae975ca,1317972801.0
commons-math,13943e731b48a6650e2817dc4de838540a05f8ea,1317972617.0
commons-math,db0ac031e78b2c2c63fe1a03512f4657a4eb35f5,1317957639.0
commons-math,8fcbe82ab69c4d307fe735366baab97e077cbc64,1317737668.0
commons-math,c733f8c42294f3b7d90469b7bb8a5f8f2531bbf8,1317737626.0
commons-math,3ae07f34ab51300614bfb0202443bbb4d2c5acd8,1317584597.0
commons-math,cea840d31b4383e486ae60d53246b401b8e7605e,1317550303.0
commons-math,a0b1c747b514f6648166bccf8e209f6dcf31b247,1315752950.0
commons-math,6bba078367af56318eb7468017a6ca117cacee47,1315577059.0
commons-math,7de255581cc32877e644533ef6d5cb7f2905d332,1315482774.0
commons-math,1607b9c7ed42e72f3a5877842deee7d2ae88051e,1315475784.0
commons-math,67480f06e848657b66c20743afecb3d0af3e34bb,1315314355.0
commons-math,13baf529444e9ccca1cd8fbf9701b08c22d42650,1315291123.0
commons-math,e79fcea6cfa46ae58d80e38bd56bfba87080e17d,1315132143.0
commons-math,f9ea0c63a020a33e255d69f9ba470c542e58e7dd,1314201796.0
commons-math,c5f349b12a6800dc1664317024269596e8b0305f,1314138906.0
commons-math,69138ab18de0b84e0a8ec4a194cd116b7cc4e1ad,1313961514.0
commons-math,7bf24af9d2a21d9ad056a13e4c45f84eefcc5b58,1313440309.0
commons-math,8b41800046f1d336865b48ea4bc65522ebb3e6ea,1312556733.0
commons-math,98556fedcce9e7e4375f994cc171d4803e6c0ee9,1312344983.0
commons-math,b468defc676cddd3af2953f5e033f449d9cc661d,1312314498.0
commons-math,d2d9d32f794586fc5f1307f5afb9a0f399725869,1312156065.0
commons-math,89bf9e4d9a2103a775798ee9df654b7f097af2c6,1312033851.0
commons-math,a3053da744783002b7d51f89be9f869126924c8e,1311971292.0
commons-math,e99ab8489c03c04a8cf7ceba711fe3692c1b9ffa,1311422966.0
commons-math,b44d8ee8c88f87a7a3410d7aa3266056034c16f2,1311280655.0
commons-math,2123f7805b1b7aa7f6651f96342e7ef188ff763e,1310623685.0
commons-math,d171e7dd17441b60b00960eef69f09f3b0ca89c3,1310551856.0
commons-math,fecbf23419bf46c12e4f41baf5680329f25bee3d,1310500637.0
commons-math,9867b821b754f9071791a4d9bd9c676ab230f376,1310297311.0
commons-math,e41aa31c439eb75391e708e7637c351deab8e227,1309512759.0
commons-math,3cd15839efe8c92132939fc4893f9f6db271c25d,1309511924.0
commons-math,0a150a6718153f7f72900b0896bfa9f58fed130c,1309115586.0
commons-math,d803dbac0e6de9f451cb9ba2f3ba146868ae4c02,1309107740.0
commons-math,c005c8d4da25a68f51691d8d5be818e8566c4ceb,1308993088.0
commons-math,6d291937d09390360f96f2cc357bd9f33368789c,1308606168.0
commons-math,e84687da98058d7be1acf47dc18b2bb7d9b871ca,1307831332.0
commons-math,6e9f1d394532f0fe84b289fe4e5c6e779982b991,1307298244.0
commons-math,9dfd54ef0fbab9965e7c141f7a543c6430d39a5f,1307289566.0
commons-math,8a5f904b366d9aa02524283a4c01eb5989c52cae,1307129036.0
commons-math,dbb142bc5a4019bdff411a007b75decd753016eb,1305670794.0
commons-math,e401d4ac0696c2dc62aa960044d9fd07bfc01ef9,1305471633.0
commons-math,d84695d151239d1425883c43364bc7c8170c29c0,1305050947.0
commons-math,ec6dbad43a1f82f61ec6dbd43fd7766e92762e52,1304624488.0
commons-math,556576e645e124337afc4814f2f3ed9853da1cb6,1304097359.0
commons-math,133cbc2dbfe596eeca203ecc43c81035c05ee684,1302376847.0
commons-math,a3c552e3245b1211f60f4b8f08a259054b768c6a,1302186788.0
commons-math,ba0cf0e41b9d170d649f567fe8c65895eac182c8,1301841180.0
commons-math,368f17d194d3d03c73cc459f1af6fcc1a1b7d598,1301652618.0
commons-math,87a82127044cfd379c81b769fc588984328d6731,1301243521.0
commons-math,3c4a3dbd7c34ee09b414400fb57477563359962a,1301238167.0
commons-math,ff21663c8e410c8b968438892892654e8f7783ee,1300890054.0
commons-math,97ca946c8450b4909ae73eeef97517a28086c77a,1300889085.0
commons-math,4ab2c3dddb8002704175600a139f4c44b26e2410,1300700363.0
commons-math,b6bf8f418ade5fc981f66109c0a2e5af512ac9c0,1300191302.0
commons-math,e3fe16402e3182868db82b771ac7f9611f10d5b5,1299591736.0
commons-math,96ed605cce82f5d877ccbb55bd6bb8c26250d72c,1298761507.0
commons-math,745bc49dafbedd40a9b0029576191eca086262b0,1298582373.0
commons-math,ae6762b2a7b369527f9b817347537607d945172c,1298565336.0
commons-math,a44563d2024bd6869e005a8b42d85e06cbc12f23,1298474119.0
commons-math,6c1c1143ada70c46a5046b58f21ab996333017bf,1298372933.0
commons-math,5a2bf9c6570a96383386039cd4ab7aa0c8a0b7eb,1297693195.0
commons-math,26c1c29575499d622fc026fcbf40fde3c210d6d9,1297372073.0
commons-math,84074bf247e8c73806f7491a48403c75f50c92a4,1296611832.0
commons-math,eb221effa33711ad69bc3266df8a90985369c1fe,1296611005.0
commons-math,b8152e7e414532affb7d84b2177bd829595d8d02,1296610669.0
commons-math,a5f5a9384163811b6309d42cfe1272ca0c7b34d6,1296609831.0
commons-math,a3f6c210e341c24f721f1d4eba7b7a2ad1d91661,1295896413.0
commons-math,fa0d87fd628b9ac0a330aac226adb2979da334cb,1295892468.0
commons-math,4bab7135216ed1ea661a29d57971aebf8f5dafbd,1295875192.0
commons-math,97e89cdd7acc6f330240e2cf9c9007af4311be4b,1295873243.0
commons-math,4e017170f557e1ff213bb0480ed5ba669662a344,1295780784.0
commons-math,3729cef21aa0bf41df1f39d2cc9cf6dd90144cc8,1295713326.0
commons-math,e4caa054a07dbc5c166698ef2a33f6559bd705c2,1295646373.0
commons-math,6e8eb2db36d2d3efd522c22ad9f0ebdee34d3686,1295646329.0
commons-math,a28aac9aa8e7288673200c10f33184455937f298,1295614263.0
commons-math,c9f2d87527d653359d740615b4a7ca8673edf5e5,1295584725.0
commons-math,81ba9842e5d85aca7bc7b26b01626407899654ac,1295580254.0
commons-math,9b08855c247eb7522fc4b25b8aaece2a0d58d990,1295577952.0
commons-math,9f30f389807157eb96591cf05a6fbe1362ede7be,1295562836.0
commons-math,05d16ea5e03ca7f0908aba0c087e66b5a5eee21b,1295534712.0
commons-math,0089ff79b81e25af35613832543475e16db10050,1295464651.0
commons-math,3719af9ea288f76cfbaf0c9b6d9b0b04faddc146,1295463938.0
commons-math,fa4135a04857ed0fca64f27cb5e2a8b88b70c7c3,1294422704.0
commons-math,7578f0f6a0f083eda45613fca4440a8a40eb816f,1294343010.0
commons-math,3be3e7c290f032971c9d9ed0544d3bfebc18a3f4,1293932782.0
commons-math,c10e1c8419fc8c96295842276dd936fde5d5e23f,1293922202.0
commons-math,d19ccac2a9dfbf908d34bedd3ff2048719a9aa48,1293918335.0
commons-math,57d660e718219f64b599ff217c7274c6b590445d,1293917742.0
commons-math,c369824de7d0e93da55c8b64fb9f903bff3b2bfb,1293915989.0
commons-math,3728db280af2069945209b1857693e21486861cc,1293912927.0
commons-math,794f28c200a140985c74ea0a1e14f5aff42b0bb0,1293702720.0
commons-math,38155d7ef378e3c4107717e5c987166c4a69a40c,1293527033.0
commons-math,0f004b25f755c6f334cec6ae27383c88ba34b9c1,1293443516.0
commons-math,ae78e16c8b232a252e29f53cf33cd61899e0b80d,1290785068.0
commons-math,183ad3388d0d80bb144ce6cab79e0080d785eee6,1289747171.0
commons-math,07f166332003e7f0857954ffc5bd3e85ca762f69,1289399016.0
commons-math,53ccce4ac16015b47a54a8989bea99efd6a0f044,1287862279.0
commons-math,daa37ac393c6201ceea11c732da5d5b31dfcee2b,1285952182.0
commons-math,08c4e822e575ed419d5b16e3a1ad364946fdd30d,1285948794.0
commons-math,bba2526326133d771b6c0b1810af06d459ff2533,1285948119.0
commons-math,cb1c8dc9862aba08edcc97de7765a70b021567f9,1285943292.0
commons-math,5e5ba778cbf359e965f3c5a5c37093a63868fc18,1285942108.0
commons-math,4ed729fc5945ce4dccbc7da01c748f3e7310a878,1285940535.0
commons-math,172a818945db3c9ad9be3c82a052e3dd023d3e8e,1285658383.0
commons-math,1e7592fd599c25babce3bb019de14e640eb5f785,1284225594.0
commons-math,742f3cd33ed13937f73e5fa1327ab482333b5670,1284154279.0
commons-math,75b2bab091c122ed456e8041b444746b0892abe4,1284154086.0
commons-math,5cb711fd8e3e336f61435179ab77fc68a98e36dd,1283944961.0
commons-math,7584e481bffc5a5ffb8673b0cb869b56c73d3b87,1283909091.0
commons-math,80384009b319d3bcc8b1dae2bf73343d2514843a,1283715768.0
commons-math,c2134b3a905bae03e87b0fab17f6b5cccf3cbc02,1283714825.0
commons-math,e945ddcd4e1fdb5294d57361f79a0deb4edbcff7,1283714795.0
commons-math,99b17c9ce1a626a6de9c70ff422aaec4b76e1632,1283713784.0
commons-math,cca4fb2733301e665c0e8656ac8293ab9bd396df,1283676476.0
commons-math,bb38a224ebd20c62d01ca12f2156d1c3c33a8ee2,1282813173.0
commons-math,f119c3a5472f2d998bb5eac12cdc6b4afba2b811,1282699400.0
commons-math,173735d2df7894572018c15e45a0839059f5fa4c,1281001908.0
commons-math,c640932de203b33683679879cdf4b1b637d473d3,1280998080.0
commons-math,c64ed9d119fd0d9d25fbd8913048249aa54f85bc,1280679475.0
commons-math,accccd996a2ca8f450e7206cb1c9e4c64e53f1cd,1280674890.0
commons-math,e24bdc331ceff54b479a0ca78a19dfeb791a6184,1280527384.0
commons-math,58f407fc8a3329bd2d38451ad4c992dc71441097,1280146665.0
commons-math,d4b02f6a3a90cb468731d6156d571d284bd070b1,1280060983.0
commons-math,e3f28223adf26c639a158662019ca9cf63c90230,1276649165.0
commons-math,4039a1446040821a29d0f267b65d379cd1b782d2,1276080086.0
commons-math,eb452bcb1dfa621cd91d433725c266a98d975d87,1275373536.0
commons-math,c98ff85082ca15c7474934d10924f8436373a3a3,1275257251.0
commons-math,24218a5278ca3d99c209efc990d16048e29c8536,1275156950.0
commons-math,bb005b56ca0739c4c212804ba7a483c8164e78f1,1274053687.0
commons-math,3a15d8cef20bdea0fd76e4a5464f9584aff9eff3,1273453895.0
commons-math,f4a4464beea8118386b84bace4b08e6c16443dab,1272912147.0
commons-math,4334cc933997adbf0d45e6a06316a2dd43dbd69e,1269479211.0
commons-math,061f50175cf7047856a934f9a827dbe6fd818334,1269468711.0
commons-math,09a4643e101e9b42537806eea6601eb2f389f4b9,1268089052.0
commons-math,70586e476ef114613f6d3c7941fe3f2e745b4670,1267911037.0
commons-math,4e13f9660ba3efceafe34d04be5c27643a74cabd,1267807082.0
commons-math,81e8b4f0d1c7dc174f7bbceac6c0478f8c3859fd,1267806956.0
commons-math,21c37897f0ebfac2d3607a43e2b05134e82715d3,1267735249.0
commons-math,57c45aca3df1cca64fcbe8f60803302a8f454a8b,1267472314.0
commons-math,46abbb40e1a36bb8d3100fa4af0bf10b9bcdccaf,1267463267.0
commons-math,5340f4c3358ff83fb3eb3ffebf1aafb827eb639d,1267386289.0
commons-math,3a028a2a94d6a18d920e80f076ddbad2d27f1ee5,1267386191.0
commons-math,a0b4b4b79865987b93cea23a9a81a63d6a020351,1266959365.0
commons-math,f6dd42b4fc01d1bef5392b6f19b6bcbafee27637,1266958898.0
commons-math,05361c5a3409a9ca8e4e3438eb87d1cd55b713a8,1266788772.0
commons-math,95627968c1d078f49d5b7feaab84e050130769ab,1266318775.0
commons-math,5e879a5b150c0b87d0cc60c6f83ad52034e67276,1265231994.0
commons-math,1e52e71b14602a89878d42cd3a874de3a801cdee,1264784908.0
commons-math,8dd2239074e3e1bbadc9f6ce55cd2c2b02a7c9fc,1264690915.0
commons-math,acdd9f280588c8fee7efa9284f312262b43739a9,1264446557.0
commons-math,517f665a549e4187332ff9988d6eaab791f10788,1264185678.0
commons-math,dcc3a769f6b5e77073175b82faf524898695b1c9,1264185655.0
commons-math,42a5482d7a265fe3c1cb538dfb7465588aeadaa6,1264184861.0
commons-math,6dd3724b9b5e29a9bd9f404d28d0cf6d43ccfe95,1263672077.0
commons-math,b2f3f6db411099f91a5436a4f88344ccc1f8d166,1262281936.0
commons-math,c06cc933b6814a76ecf2c6aef459b61d0bc25fb2,1262215021.0
commons-math,ce185345fa26d4f96979cbebfbb0e9def817305f,1262089498.0
commons-math,9f547049c3dd9a768833ee2770a4889d4fc19401,1262013660.0
commons-math,6f74aee73d3f42735dda44761ed6bfca4ce30525,1261947981.0
commons-math,95f2dd6f5fb1e1bd53999df9bf9953c646463d0b,1261510210.0
commons-math,204990415d62e4d0f6aa3818ccae3f0b7ad67b00,1260999853.0
commons-math,1778991834acf2526bb7d5907be596d74e70b591,1260513500.0
commons-math,f7c0b403d2585912e40b471cf83ac1d72cdd459b,1260140695.0
commons-math,335572b99ea84b7b0665e6a818cba41e34f97203,1259531616.0
commons-math,9a324dc5463ea6329e0b2e59bb46073117d68168,1259529710.0
commons-math,ef9b639afc3dd8d1c35eab23cc9cb6b3a6a2c858,1259358338.0
commons-math,cab28ac04447e70019e82e5ba54a762b989e732d,1259355814.0
commons-math,713a4fdd734d40cca1cb7ef6798ed3110ea282b8,1257623822.0
commons-math,83f18d5299fbadf91ec792c95ee96bcd916ca9af,1257520317.0
commons-math,c78a0e3b003ac36d57a3c895fc8240ef66546a56,1257285848.0
commons-math,0596e3145c1a8a9c42185fe688c42b0830b64516,1256956218.0
commons-math,2741a781e98a46217b800c4cd3e7abd64f04cec4,1256766815.0
commons-math,becc8d97041ffca775df85b42523504e2be438d8,1255908577.0
commons-math,ddc55543534fb5c67f05a38f7f876c3412c92b27,1255778714.0
commons-math,88885e7a1c9409e22f4fd4c19378eb5bebcd228f,1255704447.0
commons-math,50e9a948aabe6ef1bb5d3a413fb9d8ca3cd9cf4b,1255441732.0
commons-math,798518841b0802ace365eba80520172de7bf298c,1254855237.0
commons-math,340943f1f5a189e49caad23ce2500e5bc9a25332,1254825285.0
commons-math,d98e430b04e9ff44764651318ec41dc9f07d8149,1253903614.0
commons-math,e9771d7eb526a7c24512aaaee48cc74a357c5082,1253496653.0
commons-math,59a0da9c4cf83c6cd76a9d1a5b2e69ac50d6a9c5,1252570828.0
commons-math,3c6d5dff6e6d5448b1dafe4447eb2ad5d6ebe222,1252491075.0
commons-math,53a9ee3979ff84349a9fe789aebe3ad2e7eb4d99,1252332496.0
commons-math,514680c03eb3792a9dccd870008a00cef76175e6,1252226339.0
commons-math,abb6fb94bd529c8c5f7888045c0ad5c250d49a3f,1252057494.0
commons-math,b22b39f46beadf531abc0bdfb3f2bec2bcb64b93,1251276882.0
commons-math,b01fcc31b9581676aeff2faae06738fa240657bc,1251276207.0
commons-math,38983e820763c882e778c7d5c68b673fb45a210e,1251223633.0
commons-math,dbdff0758b40601238e88b2cffbf7ceb58ed8977,1250896062.0
commons-math,253c7d3b9425681d61b781ecd388c9ec198c310b,1249071066.0
commons-math,4e2dd4df1f8648b1ee6233332463ea9157a7d381,1248538345.0
commons-math,b6d4e8649ab2f99fad70dba0d4e3eff47b76d657,1248125232.0
commons-math,f71a6ee1e98b2c97bff44651a8692c694f26c75d,1248028606.0
commons-math,56a4d632c590ac56f34e245daafdaf146810d5e5,1247756942.0
commons-math,88a8df3f9dc8848e69c77141b6320ebb9b64fbfd,1247709272.0
commons-math,b9d8c68e2f5f7f3a13773140a7ee4bf62972f17c,1246958386.0
commons-math,4eb0c8f29e899df241e5f66069fa25d74ad17c96,1246952692.0
commons-math,5129af7587df5cc37156b86b047b04aabcfc2e8a,1246481299.0
commons-math,121f832ef93ed34b9c7da7b59e7da5d93e9b7eac,1246480310.0
commons-math,63d0a79ce2a1a8f7857f3a0ce78f3698b66e1fc1,1246464208.0
commons-math,879518c3419c55def111485b4f41aaf1f63dcb31,1246288822.0
commons-math,3cb90658a42ddf53d0c159e2c109dc9b0543a24d,1246226180.0
commons-math,e1f4ed50ad124bf24ac3c20c0c0889c70de1f1b0,1246225438.0
commons-math,0c9be1c546c70d8e48d3fc6f63a154e2843e9607,1245696131.0
commons-math,de64808c29448232c8eb5a4867c319928e6d9962,1245673237.0
commons-math,18b2ddb24bda92077add94bb80d35af272236848,1245604047.0
commons-math,7f8175d4f690fc249515279acb47ca15a44927b6,1245536256.0
commons-math,a4ef3f9941d802e0ecaa2087aa2e84ea420cda12,1245524250.0
commons-math,e81ef196cd9dd3c7989b96f648f96ec138faa25b,1245412994.0
commons-math,b63d261b5442856d96112bbadf060de5b7e3d228,1244667509.0
commons-math,aaf87073b58d8795704fb108e574242d7b3a7ec8,1244402375.0
commons-math,6b547ba222e6d70b0351cfd354e1d3497da9e24f,1244146049.0
commons-math,59434c2dce49e0104b4c7d51b7502e4eae7d2773,1244019968.0
commons-math,1cdc029378f3b7d8031152990215911460c02644,1243975439.0
commons-math,b2fa57cbfe860f7c31c5979333dde38b64cfc5d4,1243975335.0
commons-math,ebd8043beef235f592c0b49f3e96dd58a8079a95,1243975181.0
commons-math,ed813abf79e11a2c7ab7f2368acf8f3174db80e5,1243971450.0
commons-math,2e4082e52f45bd423df6c47fa19b6c5da8b9c009,1243933586.0
commons-math,b507b231f06fc00631677e15e2e0c9ec76114d39,1243869055.0
commons-math,f930f13e4eddc79e017295059f7d7b702188ec52,1243862659.0
commons-math,542632042db6dc26305f3d9d772bf658b912c280,1243807012.0
commons-math,1745726d15a5998f7ff8b3d642befc1571860820,1243806960.0
commons-math,af79797eaaac647cdb7f90c1387a918a0073d752,1243257607.0
commons-math,51cf37b6312fd45dffc08f06ecb5b1c4f248e63b,1241433736.0
commons-math,ecaeaadb713204009c13c0df988ad80c34da20a3,1241368128.0
commons-math,97bbb9cf251190fbf50a330360a7f353febbac3c,1240678759.0
commons-math,e1452ca6eabace8dfb50e8d775adaab62d66f0fc,1240459767.0
commons-math,60d921afe9b1f13874545e9a9a30e1666b92bae6,1240261113.0
commons-math,514f67b19b3f3128fc08b85df391c5d9f01ea8b0,1240261053.0
commons-math,4853917da19ae8d3e8a9172ddf3fc1c80079d296,1240159796.0
commons-math,9b4adf4df94f8cfaf66d389cb2617c7036959fdc,1240067832.0
commons-math,53b912cb49f970243167deb33bf5eba7f7ed75fc,1239465423.0
commons-math,f6e3a9545fefb4435dc1c74692dd73546ccaecb1,1238956712.0
commons-math,4e5126c676b27bcac127609c794a1d7406225d1a,1238953861.0
commons-math,7822849ae5d6f780483b1987220eb96a4e3f852a,1238945586.0
commons-math,48fcbcf982e2046395d4f9f0615538b7c13d1a86,1238944563.0
commons-math,58a3d3b28e2a2bcc16a4c814a999372c34c4279b,1238686239.0
commons-math,3c50c4d885455f61f9ba1220b881c157bcfc57f9,1238663156.0
commons-math,99b46033f5ac900f7771305f6f0b0fe8c259e318,1238345508.0
commons-math,e449af6e513b90e33c179c0a74f08ae0fee88d2f,1238140564.0
commons-math,61e775706d77d6ce6385075f5b3385cdb28fed68,1238109930.0
commons-math,b2db570b31da97121c17880a0f3ac3c5c6fb80cb,1238108427.0
commons-math,31e9c848f2dbb3619bb15a694c111834eb792d39,1237727945.0
commons-math,39647f7f304a1e35999d28304f4bf485aee9bddd,1237152938.0
commons-math,c1b97f87d579f43f70461c65395017bf48830194,1235246579.0
commons-math,8bf548c5e83e067503d10f304d9f855ced1a449c,1235224465.0
commons-math,0992284ca53aa9404f7b7d809e1f654183b2b768,1234725351.0
commons-math,59e6743960f0de3cb03096bc6ef26b7b0237b471,1234723231.0
commons-math,63e1a2c76c3eb0492ed20fb0a5864dfe0e1d711c,1234680375.0
commons-math,e01294b1587ed698bea02e9e2b90cda36d0bf28b,1234535928.0
commons-math,117175bc83968ef40e2e6ace39d598c9d87b2faa,1233542427.0
commons-math,6a965532e6fa5cb6c12ec3192ee0b8f0ec7a46f0,1233522415.0
commons-math,e8bb7ce9376b552201c6f95580038f791970c858,1233448087.0
commons-math,5a589042b9e1bf186618bedba4cc8254187b0d66,1233120031.0
commons-math,944446a1a8a3004ddd81298e0e922e4d47b99997,1232409122.0
commons-math,e4886c0a39944ba9fb7a2175cb2d1026747910e1,1232394181.0
commons-math,2e405f1724a9f9ad62a26b361adb05d277c916cf,1232297849.0
commons-math,dabf3a5beb9ab697d570154b9961078a8586c787,1232147192.0
commons-math,d27f56a6d4fada29683873cfb9b21f7a8cbae92f,1231092498.0
commons-math,728e7b227d2bf168f2af72ba0873f4f21bba77e1,1231085674.0
commons-math,effa1be80ddd97010b2d1d79af25c0c712b56f32,1231072804.0
commons-math,7e2fad01b3c5c44b489fa6de5004625c4f04970e,1230544578.0
commons-math,17a35b2e8c60c64121c0254f8f6012072b1c209f,1230115673.0
commons-math,4bd8d8bc1386600b43b018be4b7e8f3c6b7c51bc,1229942052.0
commons-math,d1fc13cef34e167f7ff721767772f0f476327ae7,1229896413.0
commons-math,6387a1f0a320525ad56b4db18a9b30708c11b2e2,1229894598.0
commons-math,c060390793b574af9a865b26711e73a868eebbfb,1229893487.0
commons-math,24763714084204f277b9d9f53e04c1144861ee1a,1228681065.0
commons-math,2924cfdf77b9a9793e34945d890616653f276376,1227864338.0
commons-math,9b8d0da71a15cb334e76e581508ca34a09a7144a,1227452264.0
commons-math,448759e46e4b2102d1fded445f5182c6564c418b,1226073950.0
commons-math,223168ee503389190e95b978aa1118d0697708bb,1224163952.0
commons-math,58e8113ee04996a35cca9ad914df9d4f612ee4e9,1222619493.0
commons-math,a83b792eb0182f7e3b58d321d5a100db6cfa6c1c,1222619330.0
commons-math,dbd8ffb54f72f45acc644f1f16709dd549d0cfc9,1222458673.0
commons-math,57e0c33a52a0f1e641161e6bf1278e63ee6384cc,1222398593.0
commons-math,e1e21f2f6895333304f6efe8272549d32ede20be,1221598828.0
commons-math,f4c984a31bffd7e1d6d88dd3b603f9b19a998ef2,1221127031.0
commons-math,c1f2e60e81b5d7ff81d3753de1eea8b969859075,1220026653.0
commons-math,f745b46abf40339fcb165c2ac7c9a82bb91a85db,1216122803.0
commons-math,a28698bb0c9a48853478026602077fcb222e294a,1216048482.0
commons-math,0c125f71ed4126f4bd9095598ca00adf53932116,1216048356.0
commons-math,e1306edb51b2b9ce1fcedda38eb797523ad36161,1216048131.0
commons-math,87d350f022e7f3b49cff044c36604c6340576d87,1216047537.0
commons-math,77cd728359169c5d69c9f452391c3a03bf8be55d,1216047093.0
commons-math,1c3e5de60bd8ce3e705d60603589b5b34a5b6958,1215942901.0
commons-math,22e5ce38849aa60f5b5201d6c1128b28b3b19221,1215693750.0
commons-math,b0b7c6ef38a23246938bef934e4c1592adf19540,1215693644.0
commons-math,f8a38cb73e08c7a0f7620117e74806ef348dab24,1215111116.0
commons-math,f11d7217fd977897eb3ef6c443770795f947599c,1214228806.0
commons-math,60042cfcd27e86d8a81e6b76204a0ae22647ad8a,1213959573.0
commons-math,6f4e48d42aa880e7ba49ff651aa701313e1aec31,1213729776.0
commons-math,71174b56028e7fc6e0df61ea8c4018d5871ca568,1213125684.0
commons-math,1786844fd7162f89f8ec31a3a0b1a7bdeacf983d,1213021041.0
commons-math,0a2cd04fef1f00ffc18ad426f1452c96447c1508,1211142083.0
commons-math,de2965f24ca34e9ea3d5780d56a82ee973f817b4,1207445108.0
commons-math,2c443ab8b0efce5485f63eed62213091a188c993,1206734814.0
commons-math,faead6c3fbe343ba97e70f8eda74a488c916b29a,1206279363.0
commons-math,f1f69b2d783bd8b016b3deb44885a5e7b0611a41,1205034860.0
commons-math,651cae899162cd838308bf2a5186a11b74a9e15d,1203071508.0
commons-math,79325e1f4e73b47f3ffcc3786b72a11b51229eb6,1203070565.0
commons-math,8eba63863c102b144fe43d008baf719997599fc9,1202691888.0
commons-math,1c27da8a9880d99291e2f5ce3c0171f92484acee,1202505398.0
commons-math,a0c17a75ef12455696feb509281270ba9ef5d9ae,1202079337.0
commons-math,821bca564f332731a68a4ce18e109ba1c2a3fc2e,1202078633.0
commons-math,4bfee0420d54e2ca4ad5a07f1b209948ac91f68b,1201975670.0
commons-math,20cc568180065a7b3ebf3ff664ca029ddf69da80,1201544353.0
commons-math,09e2f3940c9f2a31627cee0dfece24ea6895c55a,1201035500.0
commons-math,ab1f56eacbed70a75acb1a0be572208e8b912512,1200845210.0
commons-math,d2f1bf4cd6f25b7d18ab0b9f3dc0d72d9ba14f22,1200774520.0
commons-math,8c432e4b5750a992f98512b814f16d5e3732964f,1200177932.0
commons-math,bf393abf7032fff17ae1a2af5305f9fa48877aac,1200175776.0
commons-math,925880307d7ab32fed54199c559fd742a9156c4b,1200174736.0
commons-math,69c6e7d5f460cf46d1bdf11cabd83032b73ae425,1200173795.0
commons-math,9ce7a64492c6e00f77250558da1e83d500df4301,1200173519.0
commons-math,7092368cf1dbee5e95f081be847f4c44fc7b70cb,1200171949.0
commons-math,00f7b063b362cdaf8b451de4f589fe971fef43c1,1191791954.0
commons-math,67b86d4ccf71bed11a401818b058dcd24d9635e8,1191171530.0
commons-math,02a39b20780af8e893d27889f52c0b54e1e97fac,1189435183.0
commons-math,5ae04469dcd665fe73761aabad90d51294aa5ae0,1189373893.0
commons-math,22b8f2abbd0321153af5ba54ead5f613323820c5,1187640539.0
commons-math,d784ea2eb6de7278fb76cc3c2fc326deff27d002,1187540102.0
commons-math,90eb6a4425081ad344ecf4410f5c26e5624d7133,1187368005.0
commons-math,399b104b96d9d2cd6c386b12aa7eed978d803a44,1187297024.0
commons-math,282cd1de7d51db4b1cea2684ee4b17d9e27e7853,1187296828.0
commons-math,ea14dd91da80af2c40adea9ac2a35969732c3d09,1187296593.0
commons-math,1340aa1c11a1f748e103f777fe3f2e1b2dbd7e39,1186579126.0
commons-math,2a4219105eb7abc98bc393ebae4422cbcad11b1e,1172418528.0
commons-math,c768f73cf16e95bba48313c1ae03074e760510f2,1171309069.0
commons-math,f3a8579c4f6500829e90f68df0bc01f40b2eb38d,1164784954.0
commons-math,47f3a2fd9e89dec2b41b764657ba5db7652d2c33,1164784099.0
commons-math,3b405923090ff6a6fc41f85568824338a998c0db,1154585968.0
commons-math,86fa786c16d80930fdfd155e6c8b28dcc4afe75e,1129433354.0
commons-math,b494c9f537f62c37d857909deb32cd1d043aa9c5,1124921212.0
commons-math,71fb92ebd4599c9e13d61f8e56cf1d9e473bb7f6,1124740737.0
commons-math,cb85a3bc905b040333afcafa6870f6bdeb891572,1122708326.0
commons-math,98b8a03a7ce4dbf45c6853b626f74d320f335102,1120343099.0
commons-math,66f5351b0b3abfa5693d2e5873393e8b5c629546,1116739544.0
commons-math,6a82146702f0f420879108d5d4d40a9297a03d4a,1115010889.0
commons-math,56305e9807251882b664682da86b4d38a7c9946c,1109279005.0
commons-math,a39153784e4e8cbd02a6932e0c152b326fef7d11,1102193266.0
commons-math,691be295d1b3feac90fafd63c9cc8afdf142a56c,1098670402.0
commons-math,72857df1fed9910a688064d88f62ec38049fc0ff,1098654436.0
commons-math,b8dafee10a1e215a3b6593867866627d0e696fbd,1098599401.0
commons-math,c1bf641db0091148488a990ae40a2c835fed84db,1098599234.0
commons-math,4fe1f135a368aa3ad0cf57dc9e97e474c86954da,1097431233.0
commons-math,355e29867de8bf9f91661e422c536d98184b3305,1095735754.0
commons-math,9ffd5866c4dfcf8cb435e03f8bd2e57dbf3221f4,1095634047.0
commons-math,61c175d0efade12b6bc18892028e881ddfb15e58,1092324819.0
commons-math,078e590d852d89a99e9cc665c23d268ad17b5921,1090463361.0
commons-math,0def426df9b72aec18fbec1f0ec28f434ec59450,1088523555.0
commons-math,c24f331cb6d67118b6e1335d3ebcf95123e87fa8,1088520621.0
commons-math,2559dc40dbad3207c671dad9ae6a0e1ae01761d8,1088489173.0
commons-math,328e70e3198a528b5a3eea4692978ed180903f17,1087696218.0
commons-math,2b28400f98a129dddbe51fc875bd4cb55169f136,1087565461.0
commons-math,45224a8ead4295f0941720322a744b5f5318506a,1087249293.0
commons-math,b98f50b1c93e159b1b701984a8fb2692d272404a,1084979204.0
commons-math,631377f86befb652e2927757de52944d3d2d6a61,1083626199.0
commons-math,d522e47b8e07862d3a01944ad26314fc7eae5d8a,1083594745.0
commons-math,c415dd79aeccea246fe39881cda0b1404d5c33c0,1083084154.0
commons-math,4952dd85d66701c5e079303f163baba5a2fe5ce0,1083040679.0
commons-math,7c918e3c65901e63bfa9a3c1a42cb42c34797ba9,1082921897.0
commons-math,c82f497b9abd8ca3b94b1679ae571fe949686bcd,1082744166.0
commons-math,75d34c629d81bf8e3d36c414a6a9f3f381ada7b1,1081771241.0
commons-math,c51d98d8bdbe29eb2d5218b83437214b6a686c46,1081716153.0
commons-math,60c2400e71e43a2380827f172f17e4bd6e56f3dd,1081715116.0
commons-math,b6d8e5669e5b7ac2cda5e02a6a26e6eede6d0d05,1081710045.0
commons-math,95af96d82157f84fa8f7c92e5f27b5a17772c7b2,1081136869.0
commons-math,70b35ebdcc7f30d72e0ce38c31b6b58b96a9250f,1081030684.0
commons-math,36fcb5c54de400e93e244338156ae5f8f065a6ca,1080940581.0
commons-math,2adb974fd0825011da4623ccde2da4660eb01526,1079843214.0
commons-math,6ac0ed2d8b91f8ef333c7d61b30891de80f23fba,1078719732.0
commons-math,e10e6db2e3c26e9e0f3534bfe6cf5e475375ef68,1078677164.0
commons-math,3de23df528e4b027c20d0634d5083d560bd98913,1078620871.0
commons-math,70106770ea61a5fe845653a0b793f4934cc00144,1077077058.0
commons-math,9267ae3bb27364ebba95cc615c2bf0308e6cb32e,1076915044.0
commons-math,98e2fabf90bc621fa4a4d7799cb61886825c87e7,1073854211.0
commons-math,0810e249acb6be925e4ddb3172707928d94fa88f,1069168032.0
commons-math,8864381a96434d7559b6b373363dce63ec572019,1068922351.0
commons-math,609917a77cd495b8955122c9bbf2b5858168579f,1064604633.0
commons-math,5ba1bde434614cc8f73425146638ecaac30a4005,1059602797.0
commons-math,233420ee6bbf318859e04b0dc5d7a47b66008c02,1059602291.0
commons-math,2ab38de23239bacee1c924c325179968b5ac0f4a,1057939154.0
commons-math,512f698edd6594ca851ae7aeaf5676fd3cd2fb40,1057597053.0
commons-math,bc5950acb5ea6dbb421e29a37194a869b9667fcc,1057462067.0
commons-math,62577ea18b61fd9af1cf3c54615d3613e12ed948,1056747508.0
commons-math,5acc48ef8d050cf9230ad4b2a34eb7e16ff4eb5c,1055890538.0
commons-math,431f30388985869e8a41c2b8c0d44ec822671316,1055302385.0
commons-math,546eeaf21921cad98f1785c34006823b7bcda43b,1054529913.0
commons-math,60314410e2f21760aa5627cf5c2d33a28c5da973,1054527952.0
commons-math,3cb56af4e4e75c766a9f444121a908cd6aca6f95,1054236956.0
commons-math,703fbafa34601e0689430d4d45ab53aac9eb73c7,1054236878.0
commons-math,03e996b075a65e4db72b2839860d0192c61a4837,1053970820.0
commons-math,ca304541d80a5042d55ece0efde6fc9c1206e81f,1053616772.0
commons-math,5d9efdbcd43d7f56c382694103d5ac70a266801f,1053496105.0
commons-math,d6f7028269df96a72cccf7b72a41b89aaa820e9f,1053213861.0
commons-math,7651a6b14d5be6151432e7d709efd884d9ec3a6c,1053057334.0
commons-net,fb7aae4c64f7d2bf6dced00c49c3ffc428b2d572,1538768200.0
commons-net,a4ae7b2374bfab3729937f8e293f3621d3b07654,1538767396.0
commons-net,d08c40e1af3570b58733be06dc5bd227b44e30fd,1508428909.0
commons-net,de2bea7643c2a1324a90c9e6931ee37a1d9e0f4c,1490386841.0
commons-net,d13cf6f856458e50e8e4528b5be87505fece74ee,1490380927.0
commons-net,cf9cc619ffdc632b9fca6add307da0243d34bc20,1490380853.0
commons-net,e6ba4903c70f15a22637d21a49fe49baa8370dc1,1490380833.0
commons-net,5c76214e780ded02c42788f7031c36864352dd62,1490380788.0
commons-net,c93eb599030a1b151300fab3aff28a1bdff5905e,1490380725.0
commons-net,1f53268e6c72cb65abecb04826c5e4243418789a,1490372378.0
commons-net,5cf11219eed630818a4ec33da3aa78486e02ee5b,1490370974.0
commons-net,d8f9af13ba04b2b483f6d441d1c4071174726988,1490313061.0
commons-net,e759649cdd49383c850d9d38eba21d0aab4df930,1489666733.0
commons-net,bd93ccda0479075258d18c1596d1c6408ab854f2,1489329550.0
commons-net,43a4141d3eab58255bd74a0e433fe54fbeee5ec4,1489250029.0
commons-net,76036954547d0ead559f4e7b258019b3355d05a4,1489188820.0
commons-net,d969913836215396e8f586ffe6e0151c47d057c5,1488494075.0
commons-net,108c5edc91122f913d6962d557e497da18a66067,1486597654.0
commons-net,6697e685dd8d3bb7a41c65a013276e79910203f5,1486509816.0
commons-net,fa4642768201907dad2d4e37009bf73cc2890ba2,1468839106.0
commons-net,bec3eaa55584966aeab7ad00cb16b07656b82553,1468503979.0
commons-net,0af2fc75f2a7a9e6f5021c68c7d503feb596bd52,1465811531.0
commons-net,208e8af1160c871a98547aa02a2be048a8d18530,1462047248.0
commons-net,f42e49c710e732f9be1efe22568f72d6db699192,1462047097.0
commons-net,92dd4eb80de367ec8df62ee8aa4fcaf40f3eb16e,1462023189.0
commons-net,7e3ba40585f473071bb3b05d155d3474f39d7575,1462020261.0
commons-net,02ae1898a1bc9eb7fe541072b6bd1ac0dbf6a915,1460747224.0
commons-net,f3eae24d5955de2a2b98b677718f29edbadd7b97,1453389027.0
commons-net,2586f75769dc9c82de31c47412f3b41076a9c55b,1453386137.0
commons-net,e8d76ef9c72325b773b9141a8566ce1147c1ebc6,1440425986.0
commons-net,cd2d049fac6301077e0e5f441edb55bd71930448,1421616401.0
commons-net,5e34e05fd8e4ce1204e19eaf34e55aa95df4c5c0,1420563841.0
commons-net,e0aba3e6ccb8166991907ec82e38a58378af9b12,1419881938.0
commons-net,b01fe9bf2a54859d6e2d908d04aa760cf37b4674,1419787603.0
commons-net,c422412d32e14e8afa259124b75f864b4c8833be,1418221630.0
commons-net,b8f3226deacb7b4f969875c88670af85884dc531,1417804701.0
commons-net,752a551c95abe091bd69a4c68c8f9d900e5e3b67,1417803198.0
commons-net,5555226cf8d009ee9fdb9164a919e96d768c529e,1407451831.0
commons-net,061d70dd783a9150601fc884cc93831d39efd751,1397415052.0
commons-net,616cad1f99efc4d4bbb2220225e7169355197b3f,1397413259.0
commons-net,41dd3db34ae2c03f5b5148bcca84653055c0e3eb,1394038742.0
commons-net,7ac3c66369d7214ee6ad5d722cd430deb14a662a,1393987735.0
commons-net,aa4da9ef9ee2eaf452b35eb87b144e7b689f728a,1390745980.0
commons-net,cb17db7ce76142641138ac7000821324550a69a4,1389489181.0
commons-net,a8ee23ca86892199ab1c4c4b3555a56602bb9568,1389488784.0
commons-net,717068898a67d03b7c2435e9f16bb65aced68048,1388447269.0
commons-net,0418328f09106fccf4e83079468c2364c78e9dca,1370381191.0
commons-net,39995ca8c7f0efd8aff209a03ecc84e1a6184e5d,1370380680.0
commons-net,8df5082f4479bdc08d38c7d7f96be9c520f2a2ce,1370379698.0
commons-net,d695c27afe2cf39ac4c0a7188ddbcccd9e607ca7,1370379475.0
commons-net,2fe4a2e0c0ac3c0ad1a43a4da97d1fe109c96491,1358976135.0
commons-net,e75b2edd53d840e1163e9eb1715ef304596f69c6,1358901255.0
commons-net,aec7c943a7f797fa0c28a525a98964593bec89ae,1357736664.0
commons-net,564bd1ee8e227972fa62c14fac730770c8133847,1354070439.0
commons-net,1f696bb27bd7045f6361f4ab6f131e60a7d52ee2,1353926090.0
commons-net,783fea7e5484a7c4fa1d918fc10db3cf151b1e36,1353504616.0
commons-net,4593db5c235bf26cd90f4595b6c82ff16ae99149,1330477642.0
commons-net,4f21d978fbfa17f550d1b5e47c9c83c24e7f34fa,1328583324.0
commons-net,60de42750746ab7aa387e2946accd62bcc88a626,1326223490.0
commons-net,31ca60623ff48b6b4563ee81901486277610c34b,1325801057.0
commons-net,ba75ed23264fdc913f7007323d6ca728bc3a712e,1325789703.0
commons-net,2e69b70d9c65ea5dfe6f2e92a52deb7e0dc1fbe7,1320161029.0
commons-net,432510450e21779226669b40d0b3531baaf8e27b,1314715695.0
commons-net,cac55bddf3d2f98d8625f20d67b3eb47231bd056,1304457226.0
commons-net,6858072e1ee0bfc7c9865bffade4df0bb1696a72,1302652160.0
commons-net,ea50e462cd6ddc80256a847550a97b7f726f69f5,1302052179.0
commons-net,7af355d7e5830d118c1c0807091204e0d25b4eb7,1301739900.0
commons-net,461a77e1995068348d27cb27e7216ff6e820dc3f,1301360875.0
commons-net,0167d71ef5c88173d2cea54a3afb152f342c0e97,1301280022.0
commons-net,c2ceeda2055ecfa02ff7dd44ee2db0625fba246f,1301244126.0
commons-net,5129f619ec3884f80637ae10bdde3d4590f37fd5,1301011955.0
commons-net,3097e3a539b5ddcd0ba8d3c8b1bcd296d10b41c6,1300896651.0
commons-net,c55f56d6459fc8c8a9a0df19cba54b3f8ca93de4,1300814568.0
commons-net,ed1dc3161c91f05a6f9a42ac838de996f21cae95,1300680947.0
commons-net,654041ab91173273c19ddba25e3fc9bffc5c8f3b,1300634814.0
commons-net,9502e426da6c989b7d3aba8b579333f1af98cebc,1300594652.0
commons-net,cde2efc78463a4ffeefb92974c573b540f0e421e,1300551623.0
commons-net,285f8dd4bd50f350e1590d41b6efafbd28c0e378,1300487180.0
commons-net,5b470174edcf743bf152b66e208592289f559c10,1300375002.0
commons-net,59bc4b860928befc6d1c7bd5fd58bd6d4697b5a4,1300330343.0
commons-net,3866a4412c0ce98490a002fb3e53d7c3de6c8ccb,1299895782.0
commons-net,c8a59bff0bb7b4c826de95a3a0c14ae1168608ab,1299871733.0
commons-net,b3231dce618c4be9b0821e86d30ad2e08f212b39,1299871384.0
commons-net,b90978e398f439cc7dde074c09830a3335b634ff,1299866151.0
commons-net,8701b165e5adbad70d2e44e2d4b5012cbdb0b6c0,1299865448.0
commons-net,18b15845967cc3ba7e93a58dd5326b0ec3b4bd4a,1299865359.0
commons-net,f7f24e57b918744a807c880d21310b058bb420b2,1299858602.0
commons-net,c5da682c24f811eeb549496aab363546855ac6ad,1299858356.0
commons-net,848066f18feb98ec0b5f6410de7a551f906ef52e,1299855825.0
commons-net,fe1234086a20b2d6bc96b681d63113a88621a317,1299855648.0
commons-net,8dbb4478ddaae61c259b9e0a2328f3d0416eaf67,1299633362.0
commons-net,4e9bd7f4681f6cd5efcb00f0360c0c3c2a5e8a91,1299622785.0
commons-net,6986685e30874e009b537da8db5cceeee831020e,1299358555.0
commons-net,b9b9bae63e08432f620abd1c0e35abf662a6008d,1296498055.0
commons-net,67ae3620fb00a020198884e189b2dee20b215091,1289304910.0
commons-net,e771cac9982f083e3d9c2d4c827f6f03e88f67aa,1279711931.0
commons-net,045baf90953dda495c94258b5d3b2c835e9950e1,1278951588.0
commons-net,41bab7886c48607fe8a83c8ca1980f2a1e200ec9,1278807735.0
commons-net,61537329d74bf2275332c38e85f8386910ad8b8d,1271941845.0
commons-net,ce7d1e157bbfd00cb9d48a80cdde0bf9ab6ea2c7,1271863583.0
commons-net,6d6ab6d5df774861ea227281e0fa96f2d95db301,1270692454.0
commons-net,5da07e27ef1bf17c39c642c437b23be9ff83d0c7,1269373892.0
commons-net,8ab9563f472ea43bf6a6a56d397560a53c2a7b07,1268574709.0
commons-net,f7124894fa92c65537f5ba7567f653ce35107d0b,1268553916.0
commons-net,62fae6d4717fa7f868a8860f048ea14757cdc2ce,1268217109.0
commons-net,a0ae3ae65e5762b66f79fe433db83896bbf21fb0,1268043527.0
commons-net,1382c2c056507a001a189872ea72b47ccb70f5df,1268043463.0
commons-net,88fd980936f1cc9b8f4ce7d373b852244a9edd68,1268038818.0
commons-net,af63187f263d9926c564078d15eac90feae0159d,1268038414.0
commons-net,cc8870db1014308fb6f426aa72ae697e25a6a199,1268028886.0
commons-net,5e68290386c9a2e5aef3b0442d12d6616010904d,1252888512.0
commons-net,a8da84c614ba6e6e87c6c91e0c426ddfec2766a2,1252888424.0
commons-net,cb64f2d8a6198c301e263ca41f56c79240cbf4dc,1243990525.0
commons-net,b1147fde1076f89b396403cc3a22b4871cb1f5ed,1241524445.0
commons-net,d0030deefaaadacb16fd05c8211ad364c341f236,1238883298.0
commons-net,80852c26ff492e9ed7ce54f723064e8dba1349f9,1237757161.0
commons-net,be5af473dca0fd652be1637d824d0baebb492947,1225153176.0
commons-net,8601927a7abd8a549d737024575fa97cf0643b2e,1210978911.0
commons-net,46c188e2a222fe567926cd5c9291855238622ee5,1210959087.0
commons-net,0d84e07a916e35eae53961dcf43522ec89e8a2e6,1207562868.0
commons-net,84a574e82115eeeeed3d115f2a09d0a080b8c7c5,1207522539.0
commons-net,3687d9331a0002f7735dddf93fc0bc19939bf94a,1207522489.0
commons-net,2ff4c4686bd5f50f0304eaeeb58231d1b8257047,1205355827.0
commons-net,f4545a9819bd02a08c8b510bd4ec1f6d6ccbe2d1,1205347554.0
commons-net,f67e84f14ef74212c9168ecc63e38fd7ef3d1ab5,1205196483.0
commons-net,98b3ea94e70512d81008dbdb563ff7b096d00e4b,1205196409.0
commons-net,6af5849865fb193727a996d894a32160fcfcd047,1205150873.0
commons-net,2749ce0e8faaf8434b72c56bab946b0e03a5285f,1205150835.0
commons-net,be17a6d191362ff5363ec7d9092e19a6bc29b79f,1205114533.0
commons-net,91a8b14869510c2008236cc7f8ed8f56b29eed67,1205114421.0
commons-net,30f5293c15477339ca1f6e5ba60a17da24e08000,1205005793.0
commons-net,09348fb06810a9683835cf626fdbcb8510410e7d,1204047669.0
commons-net,131631c83ba063c63945b87d7fee95e7199897cb,1204043427.0
commons-net,3f0ede898db6d25d9b395367a0464c7784a7f59c,1204042912.0
commons-net,52d8d739a6ba7e623ba72855597fc0ba5ba77ad3,1203635061.0
commons-net,4b9305a6ccaa1e4210277c978d226c0810695d1e,1203592834.0
commons-net,a02430dbd4636baa43cd3d496a94c33c29cbedd4,1203529590.0
commons-net,42424fdb6948b948ca64c333b136a0ccf79c619f,1203463885.0
commons-net,eacb4eb812111f8cb8315b291e9b8e8115849270,1203460206.0
commons-net,3ce24369a167c7ae2de2bf50c3f8fc59f2a54446,1203332591.0
commons-net,41fcf52a10bf31693aae21df5776d051f282002b,1203293274.0
commons-net,a425d6f5925bdde09018e72ded45b5a8e28b0735,1167823348.0
commons-net,a1d712291913f2210b3d5307add2235e554d588d,1167767537.0
commons-net,dd17a2d97f3a1965886fb8bc16e14ebbe0cfbbda,1166617483.0
commons-net,948baf14a67ffdc6a16e3b1bc23e1f1ad22c66b3,1166483588.0
commons-net,15d6f2e24f749940e4ae97ca71b2cfeb4e261537,1163262457.0
commons-net,32f967514cec204357ffb43a4566ddb285c33318,1156967634.0
commons-net,1d9680147c35a81cc1925b467f640a575462135a,1156925149.0
commons-net,00f771359d6b1a09e660fbcad4e3ced0296c3e59,1156595744.0
commons-net,950131d1876bf994194ca2400dcee9750d1f28ec,1145811589.0
commons-net,8a9331e0b34fbdaa1113a28c4df4ccf40e8a8e08,1138457669.0
commons-net,927a15def0fa262faa355db80629e8408500e759,1136348800.0
commons-net,1d5499a5f07a5cb001a9bd9d40c28517d05e2a38,1118809023.0
commons-net,5e67ea11692ba43b6f223792dbc20e5e6d2c20da,1118099751.0
commons-net,8caac5c5d24c01534ee50024693fe55226ac2146,1113660693.0
commons-net,ad69abcb86e365dcb7e79f88c83e184ed485f9a5,1113574883.0
commons-net,8b894fddfaaa187f97820f4a4b8b7b83e57cceaf,1113574810.0
commons-net,4255137ba665d6010482e321a475ba3fe2db3b7d,1113573613.0
commons-net,a8bd4d8a8f2f9cbe40e4f3e5b2e40f31b96f3710,1112985740.0
commons-net,bd937a5b686c09b7f12225e131cc50d3138c146d,1111520544.0
commons-net,6c03eeff209e549b54fdb1067e62a9a780b521f5,1107980476.0
commons-net,e22148d057d0059c1da5d92dbfff8a85ce4fd4ae,1107609448.0
commons-net,cb89d87864394169354cddfed1cf33d71cb97814,1107569082.0
commons-net,b4c62fe4cb2e2c1520e1f4acb5cede22f3b0fceb,1105501892.0
commons-net,8f07073e9635c4140c4589f31d9b5fb30b27c910,1102936585.0
commons-net,f49423ac9427951b3775ab1bf301353ebf25576d,1101462092.0
commons-net,f636eda790b6ce99ea39188f5492bcdf5b5563bb,1101306972.0
commons-net,8aedc3a2956c5b7aaf4ea43725ecb45e02e5949e,1101214340.0
commons-net,9ae56b86433e209c8b0d43cab1ba419825cea391,1096002181.0
commons-net,aa15730a1563b241d61400d2564dc53cabca0c97,1091101116.0
commons-net,ff3d695958ef16b7d1c1f183e2c6424146f62b02,1090990907.0
commons-net,40e38a6e72cc290ff90af422f50e4d1413b1d4c4,1087428619.0
commons-net,d5108d7b1ab6f529d671f305b73254d16add8624,1082081280.0
commons-net,d56083c4e884f1f6b66ccbaf49bd802483393972,1079617622.0
commons-net,b425789a43f03afb4faf1e48540a85ad09dc2349,1078889836.0
commons-net,9c50b9ff95cdc9e9f7266431fb3372977dbadb8b,1077157039.0
commons-net,c2d2e97a72d457cb8bfd3ab6bbe0f03ec765e4c5,1074373461.0
commons-net,f755c2763b5dc7e0eb622f7a2a36b3c423acf438,1073749001.0
commons-net,f7881d9623af58f20e91520b1be585d9cb16cb81,1073639223.0
commons-net,912684d1fd96f18cd9310aa6d623d6692e1e135d,1073168123.0
commons-net,5ab01d476a61a803da0766a2b0122f26ac2845a2,1072747024.0
commons-net,80644cdc6e261792dd77631f677a33f24913d610,1072131086.0
commons-net,fbfa44845e218d4408f511e7f36c0bde90a5909f,1061876636.0
commons-net,e270c8e2b469b6f085773c352c4f1b932432b8b7,1060113998.0
commons-net,5728ff6b835db16dbc3f299f6b47fdbcd4a8f924,1060109802.0
commons-net,a42babc12533b73ee2ff1d51046f63a8933d8746,1060107186.0
commons-net,bb1340e9b76fc1e84599a59b1062f1bc6d617ffe,1059505148.0
commons-net,3ac1e43e80b3e5572345f0a9534d428d03e5f32d,1059446135.0
commons-net,3b5c227430258d71dd388520f1e0119a03077d91,1054467308.0
commons-net,3d66e27a335aa95c30243a05e8e2a6a79dc7dd12,1053231581.0
commons-net,7ff8c399dcf729ca74615be65cc27e9f2f873e0e,1046921316.0
commons-net,5b79201e660fd48cfc8d9a659fb252e56d9bfff3,1046628924.0
commons-net,ecd741889d152da60eb793db2adfd5bb0a32ba1a,1034140279.0
commons-net,3330b3724e740a8d621db655a10c995782e0ed81,1032454498.0
commons-net,6e8b80597865492bbd92e813227abdaf01787372,1028836901.0
commons-net,03e9d4353d65c29bdc858434e4021aa37930c600,1028744779.0
commons-net,c06a8097f8f1bab9709f7c212c0b4e04bacdc0cf,1028665925.0
commons-scxml,c2656e9926477da08cd26d60e55691ba26ee6b9f,1539816771.0
commons-scxml,a59d8f1b4504e30b36c7a22ef2e087cbd98a7553,1539189510.0
commons-scxml,05e94b8229535800e57c82a04dea764714cd4ef0,1515338770.0
commons-scxml,1cc51f55d6513baeb9948a53e23911ba68dc62ba,1513551087.0
commons-scxml,144d205df2fcceacd3898e9d9afe7cbcd5ed8340,1512926542.0
commons-scxml,b39a4adf6f31875e375435ca720a8d2e06ebcc53,1512925481.0
commons-scxml,8233b90eb074a0d04c503bc0e23376d4cddf02a4,1512876259.0
commons-scxml,a61c3c544a5d116f1a6503af08f010f33ead500b,1512866690.0
commons-scxml,35e75829ef4a2cb124718e9a01301621d82ede8b,1512863066.0
commons-scxml,49768f8bed23fe42100474423a6699580b972a16,1512861773.0
commons-scxml,321fd426406b6e60b6ea1bf9bf60857d6484f0f4,1512854764.0
commons-scxml,251bf6b18f83b8391ef3dfe83157ef5c51148fea,1451743941.0
commons-scxml,e3c841e10f951fc54b51e7949d7a65f996c73b8d,1437855943.0
commons-scxml,6eb761413871082d2ea128d8e132dd5ac06bbf4f,1436647603.0
commons-scxml,757057addf72d587387055dd964ecb2a562a2cc3,1409586270.0
commons-scxml,7fe80fef1aeaab9803925c0f0267b59844b65b1f,1390233992.0
commons-scxml,25a478317b8f2d24152ce42c6de7f1f0d0dcce44,1390231500.0
commons-scxml,088f64f4c6050dd94078d99ad951259b5aa94d1f,1390230748.0
commons-scxml,ab86ed0e68624a3d13e9eeb0351e9aac10ea3663,1389974488.0
commons-scxml,dd37ad7575b889c92eab736703f8ba409b2ec4ca,1381973841.0
commons-scxml,2e4735c8b63fed1e34d1dfb11c665544494320d8,1307400545.0
commons-scxml,ac979de2d67c998203f016dd24c7f562b4372fce,1307400429.0
commons-scxml,f12d2e224b29380b880888451c803f90f2a99b68,1231349290.0
commons-scxml,3c7d73b03060b9e6b1729f03243e634a45c8dce6,1231196407.0
commons-scxml,338c512bc18d44582aa8c5d21cd0f0ea9d3dbff6,1231196339.0
commons-scxml,940516641fe5383d359955aea30298666e0a951c,1231158599.0
commons-scxml,b7a1baa272f576e33435bf54d6686016fad2eac0,1229465726.0
commons-scxml,f821370ff09465fbbb5eeb1554dd6d9f453c022f,1227301126.0
commons-scxml,c82797194895e8aa6e94fbaceed79b8c6b4e569b,1227301028.0
commons-scxml,1a3c14c57dff0c6f5a926d53ae428e76147c2f23,1226706416.0
commons-scxml,51f590b5f7bb15439d2baf70a4c3778f063966f6,1226706196.0
commons-scxml,ad649b041ec958ebc835dbf944ad2e0c78c9114c,1226703808.0
commons-scxml,04958fbd867b019cb4c3d375523b9af2c6a1b586,1226703597.0
commons-scxml,f52b3a4009da04ef6fd8859882b389536acf9bad,1211483022.0
commons-scxml,8604e34be2e827cbe201ce2302bbe230ad91ff9f,1199396674.0
commons-scxml,f8afac0430f4c0c3959fb19bed7c6ea7db3a33b5,1199396333.0
commons-scxml,71d6ebefe2dde74c4d2c24a787f0afc764501b12,1199394342.0
commons-scxml,5d0d0774e79ab9afbcc708d2c452a243ecafeea6,1181943090.0
commons-scxml,b88a42e310ddf4d545bd9d6e22fc3e4d6406589d,1174758834.0
commons-scxml,a8e7df311a770240c5c88a451d6d4895dafb53e2,1173730563.0
commons-scxml,c5b152cb5cddb5fd2f8caff2c0986ac325c21b9a,1173305343.0
commons-scxml,a19182fabfb150b7c7e0a9f8b6f6779120e6fcee,1166047426.0
commons-scxml,3ccfb2d22f1e2f9e9e3afc298e715d7a02e89c3a,1166047092.0
commons-scxml,f0af9e781427873c9a28e3c9920330eef2a27b4f,1165527161.0
commons-scxml,db1e09c815847d5d11d063bb925af61e1784ac40,1161104875.0
commons-scxml,a55ed3b8a6fc5b78070f77704f6bce7ce7862c75,1147914990.0
commons-scxml,1e2b0517fd89e12f1246924a4ca979fbe85b27e0,1145559790.0
commons-scxml,615d2958e7da5dccec5fc5b16b8354fe2288a672,1139549316.0
commons-scxml,1ee556d70b16d2bf8baa5ca404e4ae8a41c27bec,1136654175.0
commons-scxml,839cbd1e87fa88e8a3cf3427384459ebe81df897,1130093463.0
commons-scxml,7472ee0d8db0e898b3033f4d31f9065df1285f13,1130093142.0
commons-scxml,908dc923b6359c10fe402819a7e83daed0b01f85,1125110447.0
commons-scxml,c7b49d0d9f497e6543e1646eef5ef90bfbb538ac,1125110264.0
commons-scxml,72a2a1999d830cba08b9a7d65c8c2a01e6a60f40,1125108459.0
commons-scxml,87d0a4e0a0c461303cfdbe1ed1ff75b8076a5223,1124304910.0
commons-validator,342b4b2ebeae12c774a3f325411fe19eb6df3d07,1524072992.0
commons-validator,ac09c383d90fc2dd702e111699ab733c6e28dbba,1486986866.0
commons-validator,c22ca8c6de19ec24e3c2c5ef929c81a22f3d61a1,1486214135.0
commons-validator,c247c6e361bc1ea677526418cbbc2eb5ab2d54b9,1462207516.0
commons-validator,0110a996fdf2e25217ff5c3c54cbcc625e3f0f20,1460584214.0
commons-validator,700dd81e5bc3e30586b168dca6b8f54f0e81005c,1452205970.0
commons-validator,69d178919b0d9d1b015c8d80ed2c6e338fb1c5e0,1448384518.0
commons-validator,5120797447ee6b029f483049db56cc4aac673e50,1448058441.0
commons-validator,6557ab539177a1a130ab33c0ffb7c3ed3a9c6c4b,1446767147.0
commons-validator,452c628c21466ec4f68d90921c8ebeab362fa17d,1446749148.0
commons-validator,c2319cbf65acfc6c42a1594cd98ff5628205afcb,1422257242.0
commons-validator,0798c75fe3b08ce4128bf161622988c5b107c181,1421265231.0
commons-validator,98c3617e2b7960f82f4de25b42242e57175f18d6,1421188228.0
commons-validator,279f3461b310661bac99cf13791feab3f9b22c61,1420511829.0
commons-validator,222bb7c86571971626f6eab3adf9c13fc4155dfc,1420418527.0
commons-validator,27ee44fb05078102402c2b7be6ab7864063dccf6,1420344374.0
commons-validator,b22cb42d0640715726158f554ba0dbc97dbdf13c,1420341189.0
commons-validator,848f7c0f88f2d92cd8d2f63404f2564a1bd7697c,1420253856.0
commons-validator,a1e12a1004bc437f2a959ac11acba52331f70e5b,1420246333.0
commons-validator,557975a604a26e8b1cf651c1fc0db00e39bf62bb,1420165356.0
commons-validator,67989159c8bd9f174ae12151b89adf65fd622c58,1419946474.0
commons-validator,e9ee891889c3f8e2ea13be7588e97192a0fc901f,1419946205.0
commons-validator,32097961de8e4f9a0e6f579de6b395bdc30b77e3,1419813885.0
commons-validator,c6e75535b2f622a82ece6831d08b02a4054f3a37,1419813802.0
commons-validator,97dfbef102792bada5ce921e0104814591a9b0df,1391009015.0
commons-validator,3462b7a316fda78c327e217e873ac57183c73fae,1359767734.0
commons-validator,82942ebcf46922fc51b7e67afefe19e10aff3f0b,1325785551.0
commons-validator,f7319bc07504b58c290debd649d17e9f873c60a9,1325783719.0
commons-validator,6e69664686543fe9d5fa13fd80952debbf640027,1325783453.0
commons-validator,a155e51684164644e14fdc41a7418d9d7f52c794,1325783256.0
commons-validator,f573cb3b22817eaad0c55e62f9c45f3f7157a8d5,1325782960.0
commons-validator,d44674e16169ab7c20062e7c75ea3f815ea97d17,1325782730.0
commons-validator,963e1d4918dd19b18c3449754bc376d0a29ed4e2,1320032767.0
commons-validator,068d522e96a3a7becc0929ebef4e138dd9432656,1306516640.0
commons-validator,1ed5b4f9b1ae9136b2749fd0ef33f2efefc6762f,1306513105.0
commons-validator,0234c09cd6ae6bccfcbddffaf0e13d11b4eb5783,1303160235.0
commons-validator,42ddee8c05780bcc4ee1f62ad6b01f7b73fdffa4,1303154583.0
commons-validator,43d4469e267cf6594fd56c47ec116d9fa6c34e94,1265899497.0
commons-validator,839797c8b7af0ebe9b7b8c79e680225fb1750e04,1211391858.0
commons-validator,8649b5329358cf366f9ef5912bf9288dff1bca7a,1195061291.0
commons-validator,dc1a309d08fa48692ff28c273597b13ee695a67c,1195016145.0
commons-validator,feda05bd8ef0cdc7dd8beb9c975dc90def81f4c1,1193725849.0
commons-validator,6179dd43d96705628d8f303ff7f3167b80a9c993,1193708395.0
commons-validator,206b98d9b246b36cfa941d1c4f6679d4058364e2,1172509957.0
commons-validator,72d34215a7b8112361abe87eea6f2b7b4ff48e20,1166173803.0
commons-validator,58156c57c1b3d6dee2c90e06d87e49b69e9b50a0,1166031323.0
commons-validator,6b2c125a1eaae44d432902cc2efbde67754725a9,1164317783.0
commons-validator,7f6d2217fe853ff3c0085395aa724b1e5bb8e9c5,1164239469.0
commons-validator,6c455e0d54cb9d09836920d48a996bf6022e2e2f,1164234319.0
commons-validator,3d4da77caca0a1916dc3b06b74bab91e6579dcbc,1160072949.0
commons-validator,675b1f5b4f7a4fe26fa5aacb7827ed16fd029662,1155909765.0
commons-validator,cd20d69f5369dd661c8eed5e7f9f924aeaf11ee4,1149010911.0
commons-validator,a15a28563b02bb0ab01f8a5f85e7ff4e21c7fea2,1146716859.0
commons-validator,9139dacc6458178107b7557e9cbb3ddafeab6a97,1142914110.0
commons-validator,1d69b94e009787adb50bcbcc561cfaba42a8253d,1141977323.0
commons-validator,d0340dc03e648a1d09b02d8d97ccd767d64d3e88,1141070989.0
commons-validator,a39a3787fa4885b67100c430c0ebbec5b474052e,1136853598.0
commons-validator,ece8625d3d0d0a48ce900a1a02dc8c7db4ff4418,1136789235.0
commons-validator,f98039ee01b12f9d776461e66c126eef1cf9aa07,1136773163.0
commons-validator,43df8e5c5e4019ead4ee29643db5cf07ba44db1b,1136761525.0
commons-validator,5180cc7fdb03f373f0d361e30cac82524be5ad06,1136674261.0
commons-validator,a9dd15472bc9328029e060f286f8301521aaf71f,1136656514.0
commons-validator,5889c8baee33faccd55bd62012ff1ce377f29e16,1130771570.0
commons-validator,42b9c8e70bed6417eb2318d1d21ebd367b175caf,1128409652.0
commons-validator,75714c7c3f9dd0596bc066aa44c0acffcda3490e,1128394783.0
commons-validator,c448920363ffb5281db117563fc3d771444d76f5,1126766447.0
commons-validator,17243d18115b9d9d4b57bcc5b63bc328e019d4b4,1126763313.0
commons-validator,5d46fcddc58dbab0d0e064fb48fac589d7298328,1126673770.0
commons-validator,a8087c013f9b33f1e80198160d3c8ededd5c190d,1126317752.0
commons-validator,6b1f9713918b1dfe363929e1dced340301eb4f4b,1108338612.0
commons-validator,59d7da66e172dc8fa13a9b05d1ebf0980a206645,1101504919.0
commons-validator,297adf4497eef005dd71cde18209c356c2c4a5cc,1100275372.0
commons-validator,e5fcb8b76d451fbf73743370375742b4d61c32a3,1100175505.0
commons-validator,2f0e99cff314458e1dd66ca2588ac2b4919b26aa,1081630919.0
commons-validator,e9912b0421180cec62bd96bdb9e5b1665843641a,1081086805.0
commons-validator,33071f3fa46cb015492d517805518f1dc70d0151,1080614526.0
commons-validator,93cacfc0fa57de25183330a4c1e658b6243d4f24,1074375440.0
commons-validator,a867f0f348c775c83fb9c52e24b78280101a22a1,1074360927.0
commons-validator,2d59cfcb52829122e45d168f4b33cc028bf6f009,1074360748.0
commons-validator,9f40dd538e71172b2c019f32935b3f12645a3c55,1069040090.0
commons-validator,11434c59cb87d0221353f42b672bee92b544c457,1065372448.0
commons-validator,1f40a4550861eb02b85060039d81ef52d47235b6,1062825479.0
commons-validator,72a71405d3a8429b7ab704a1cd675df1f283999a,1061914261.0
commons-validator,6ca966104ba0082beee83717bc4f0632a99c7ee6,1061911136.0
commons-validator,47fb744fd291c8fa0df8415dbf90cf3856b8a9ed,1061502186.0
commons-validator,7050011baa2d28a3068c06bd15c65cff42fc1ebc,1061094065.0
commons-validator,0dd28d756d57bab84d7ab3d643a66722f8d1bbea,1060645831.0
commons-validator,32f010d15a450a3c119719eef09dd1865c55bc8a,1055379851.0
commons-validator,1cb0e1324a7925a4aed152a95be6308ef6dcd483,1055109218.0
commons-validator,ef23a182e28af0f9eb4fca031ea592dea58cfc87,1055056285.0
commons-validator,ab5bc149507aa28b9bbd61ab68699bdc8d3c7ed1,1055010678.0
commons-validator,31c6291b50b2e7db420081838decde25b313c214,1054775863.0
commons-validator,ce0b20abb3adf485bb2dac94923267006f86e87b,1053396333.0
commons-validator,387ab9b266af1c27070733378673e1bae25823ec,1053396024.0
commons-validator,0bc0961781f2518769532d14c3bb20f2292f0db2,1051994343.0
commons-validator,e4af0c5ef6a7864807a4e3670ca5ba8380a8df03,1051993363.0
commons-validator,813d3cfccd478db2de2ff290f408fdb8a66a7916,1051756822.0
commons-validator,34734112892a1260a3ad1a0c5ea191c053cc4ec1,1047522385.0
commons-validator,0e7a34c49fa69c83b35ca1ab22b0244e6d4bd011,1043045426.0
commons-validator,2fd6f231b63e9767edf1bdaef4d4177b30ab07b1,1043044117.0
commons-validator,c1f24f3ea99bd30e92a2f20ffb3bdb7a8ee7a78b,1043043306.0
commons-validator,be98aaaacf9935f934489b7d96be6eb3cd684f22,1039985937.0
commons-validator,20c284c5c6a1fa94e58bc713a88f9cd2f83b2a58,1039037041.0
commons-validator,a8fa331964555b287092b6ba1a1830dc2f4dc2a9,1038893462.0
commons-validator,f7ec4cd2c0fee6141cfbd20cdaf378b1378b4a34,1037152976.0
commons-validator,a1f6a2e7ac1a8451c73b75fab9562a3a7ef82703,1035516175.0
commons-validator,f18a1af075b5de4f33c0625491c34951ec437f5c,1035345722.0
commons-validator,573d038752ceca89cfb91cec2b6b2a13496e3123,1034809221.0
commons-validator,ba0f001c84a2306fde156e782964980fee920f14,1034806651.0
commons-validator,badc942ac22aa3943d3569d6e38e57a1a571648d,1034806412.0
commons-validator,27c5f7429413549b62d32179ea6b2dce54cb9e2f,1034794088.0
commons-validator,3ddb8d45af29ef46600e5752c37df693f9cbb41c,1034367485.0
commons-validator,b038a798ef39145418fc5d65b93d30f410660e3f,1034300973.0
commons-validator,8acfb50ea2b51530756e4ec6b0e2822dbd38d75f,1034298997.0
commons-validator,15a6eca245e4234328a6ec1f13d59283f5c094e2,1032899015.0
commons-validator,6bf36fe1e7684cae8247ec298fcbc9e129acb626,1032456327.0
commons-validator,c774420270b9b48e67434410ae0b23e155735df3,1032455506.0
commons-validator,2833384701b0fae54bdc4f0675d22cf29ae91529,1027048146.0
commons-validator,7c9cf76a703a988f24c47d02d22ad3afa56e8c62,1016324855.0
commons-validator,9ac8d2b8797bcd5beb9e8514b2858d9024b4673d,1011240862.0
commons-vfs,cef7edb3028a11c60be8f9dd676587e97fab7e3d,1541113906.0
commons-vfs,252254380c6b9ea99fc978b6abc1b3b4fccf9cf9,1518984401.0
commons-vfs,71a07dcf9ad6211b83810ec187b617d005b818e7,1518983727.0
commons-vfs,2ff50c9e620032456165037fe00f3edb99711d53,1518983688.0
commons-vfs,7c0f14aa7c14e9397e6cd68683bdab77218a5d92,1508368081.0
commons-vfs,af46d68230bed03777625577374204b2cbe22e9d,1505759179.0
commons-vfs,a9bf61161b4343011d51724a505e82339fd9992d,1505321288.0
commons-vfs,00f44612507728a678f64d8bc3144cb7ec49d0ad,1505319548.0
commons-vfs,2579c0909256b6feacc87fb9944c50198fed02ae,1500509182.0
commons-vfs,d645125364e998b3f0648c6909d1afe62791f836,1461899019.0
commons-vfs,7af83ae82144e9f7223a24ff96e544ddd1700bd3,1443798996.0
commons-vfs,15aca89b0c1308137f66f4e1fa479a4673287335,1443798795.0
commons-vfs,87e18b1cdd76581940c6c5e1d1eaef6e64eb02fc,1443462121.0
commons-vfs,0ac6c73dbdb75e156a3e5c06ea443f371749e144,1443035900.0
commons-vfs,d6cf5ed96ae5c3d6264057c129353858ea7aadb4,1443027968.0
commons-vfs,eb09aeba4946d6027af23c2d2470dd452d8ed772,1422931724.0
commons-vfs,f070d7c0174e3588c5f1f1347a7baa839c97262c,1420940138.0
commons-vfs,72f1d8a48a261bb0a15bd879a51559ca059a24dc,1420834355.0
commons-vfs,bd85cec8ed32e384b8d2e13246b12cf818310f25,1419038270.0
commons-vfs,cd639652a35026e9e890b3a74dcdd138c3e1f395,1418860906.0
commons-vfs,47bc6d9f42c91c7a32c3e4451f381e47a65ec93d,1416370569.0
commons-vfs,bd2d4a000c4d5b4377e9a28bb225d3f61d45de31,1416369389.0
commons-vfs,b4bf3478b454c4c6ce6d9f859904c0d901beab4e,1416121104.0
commons-vfs,0b2102cfc42afb2629973a3c0f2b9d614f33be7e,1414974242.0
commons-vfs,dd9ed3fa5cd6dec0ab5573e464b2cc5258066695,1392417844.0
commons-vfs,904616201f705118eaa565658034d0d8432717e0,1384275869.0
commons-vfs,05cf5add4877cab893d308461ba6bab3ef033d38,1376399879.0
commons-vfs,b8edfdabbcae176292b3cefad74806007f8c4fee,1375925445.0
commons-vfs,8c74826806497d2e04d9474e68dbcdbe6b4a113f,1362503453.0
commons-vfs,99e1cbd0b3dc9ec2157fb0757a4cc7955162570a,1361957126.0
commons-vfs,d4831ac0784f34fe2479792fe5caedc7077eeb7b,1361438737.0
commons-vfs,02a245476e85016c6a43d047d302a13b980ad9e2,1361385136.0
commons-vfs,4e0183c373e51dfa57972a562114cc1fe2c31ad1,1359548938.0
commons-vfs,039d4c96d4f14c2eab63907bd976ce36fca4c0f8,1359545843.0
commons-vfs,d2cabb3883e5847f39f41ad8cc7ce5adf8c6959d,1358213875.0
commons-vfs,eba881a613e11c4ae9bf218543b5cc5dc620635c,1351526866.0
commons-vfs,19c3f2a342a05384273da2eaa37c9effa72270cc,1351522712.0
commons-vfs,a709f4c4b92b3a3d92fb8f1cc09f9a89535abd5c,1345465454.0
commons-vfs,f5ebaa8b78649c6e0c12a463df9bdfed0575becf,1343737932.0
commons-vfs,309a8c52f5e2c1071263117c81e9cc9ea3d7a92a,1343022576.0
commons-vfs,ae8503b2f59b771d72432b8e2ee296e123b185a7,1343022501.0
commons-vfs,e4db686c6b2ab75b253bbdffbdb67d7f718c8b82,1343022469.0
commons-vfs,59a1c8474b4c1a32e46f34f9de621cdecd1b3aa3,1342821817.0
commons-vfs,cb9e25b10b59a44e3efc1b4ebff655e0fc0bcfe5,1342454484.0
commons-vfs,5f0c0ebbece398668e475f9f7af72e94097ef035,1342453638.0
commons-vfs,af7fe3bfe5c9f6941bf535d0fc1c4c2a63a44c28,1342453345.0
commons-vfs,3487ddd33af5dcbe77548ba9bf84f9a56eeff265,1342453301.0
commons-vfs,41635b5bd595861b8b22c07819c8dce46cbd4c0f,1342453230.0
commons-vfs,62a986aef386eba1ab4ec75bb3acba445123524a,1342453174.0
commons-vfs,f67428dd9338157dc0df5bf51d27de3b9104c6c7,1342453011.0
commons-vfs,2db86c752d9f7a7c97b511ea9d0f86c7512b92df,1342452682.0
commons-vfs,bff93d2bcf438cd94b5825b8f87ffbfb094d0902,1342452247.0
commons-vfs,60713794c3044c180cf91a4587a8b98eb26c052c,1342451836.0
commons-vfs,7cc897256414b5cb3bf6ef58e18fae0e13318c4f,1342451704.0
commons-vfs,f52940e17f34a43ee30c6d2c54e0cc3b7e010eb4,1342451645.0
commons-vfs,ccc650b3ceb8002aa76f4dd3dfe197b1adaad3c2,1340885427.0
commons-vfs,f9034791870bc3202dd294bba5959f4bc7896733,1340720680.0
commons-vfs,c0624a8586ddca06a05923993bedee4d36277466,1340215511.0
commons-vfs,929d2a902e6d7a370231d94821decec39b669b31,1340214509.0
commons-vfs,26d5cc25a290db9a7251c5cc2ad1edda67836721,1340214413.0
commons-vfs,a7485e8fcc7ad9e3e0e80f418cef7a08ca72b386,1339770979.0
commons-vfs,68540af56de4c74913bc0db15fca156b484d948c,1336855719.0
commons-vfs,5e4a2b77f7f86fb8fe1d90031da6440bc67af4f2,1335383014.0
commons-vfs,7e4f26b59f27e8e1a0874e28fa40d9908a5929e1,1335372414.0
commons-vfs,483b14f8a723174a5744d6be1735e8f568d77e13,1333306039.0
commons-vfs,30179c868502fada7f7d0c38ed93f94bccf86d22,1332424023.0
commons-vfs,a83318f03e4a34f431a0669e423177df417bcdbb,1329424684.0
commons-vfs,d2596e58acba233b582739d1af3e14bdd1eefeaa,1329406687.0
commons-vfs,6322cd019c486b6b98cd3f94ad9097245be3447d,1329340547.0
commons-vfs,836f239702e25e72ef7efb334821feebaec6da68,1328827520.0
commons-vfs,f16f890de11c411513bb0d9b552ab09e9bb5b9ea,1324646673.0
commons-vfs,03feb5666a30c0e055ae516633bcdf4a88ea37f3,1321889114.0
commons-vfs,3a8869e65d0ff1880cc9797fc2a130780844defb,1320878741.0
commons-vfs,0ba32e5486bb35dfd4dd0eba0725738ec14118de,1320678934.0
commons-vfs,147648918872aac6fe4bdcb3dd033433b4f2d01d,1320670938.0
commons-vfs,d3ad29726997010c9c1979d2407656da28703591,1320638720.0
commons-vfs,5e70da571087f95732851e15d8898f2ca980f717,1320272675.0
commons-vfs,48039955e2eb9b6430f7cf2e6160437c0d7c750d,1320238565.0
commons-vfs,8ee25661ceb8dba7cd1f8e2f04d87d7e40ee4e81,1319689943.0
commons-vfs,27d03d6ff6af8c8b4516a558ca21deec3fc4f3fc,1316996186.0
commons-vfs,5fadda0b684403742e4f41ca811e925a81a246d4,1316991128.0
commons-vfs,731116c9300c8bfe19dac5d39fc3c60a839a2967,1316935898.0
commons-vfs,6ca3a1f3d8988fd4ede27cb037e26ab9ed634c39,1316931383.0
commons-vfs,0f185981a74abdcc54466e01d3f8422708c4b85c,1316848832.0
commons-vfs,8f1dfab21389ccde1fb1a605cfe8af6f221caf9f,1313133296.0
commons-vfs,101a12f5506b2da0b50cdcc223dd778dae842942,1311496328.0
commons-vfs,cd1b3780d41b7deeb937e82a409317b1c185d996,1294336152.0
commons-vfs,271688ab46814e397198a63ef88ba0829eeec2c0,1290860964.0
commons-vfs,ad5b6e2154bbffdf0a439ec45357f4fc180bdba1,1290850070.0
commons-vfs,30347fa15e8ec8ea9fded8eef759b7383976e858,1290472055.0
commons-vfs,8e282fb7b9a1e8975a3544d7ca8f7a742919d62d,1290060609.0
commons-vfs,bb107fe71c2a607172397c49282fba4ae1c81165,1290044567.0
commons-vfs,9cadf07a080949987dc0edffc02c2a43ef93ae2d,1289784302.0
commons-vfs,ebc8751e00ec8eba984da7a87cdbb2161f56fe81,1289721963.0
commons-vfs,8de5db4a28e67ffdbf578cb5b578608b31e197e1,1289407468.0
commons-vfs,7d25398f49c4959bcd108e61cd905f6c020761c3,1289407418.0
commons-vfs,6b5128d13d1b8603193cd07607a8f0c76bebfe8a,1289407167.0
commons-vfs,dd18684b82d8a0d135b4ae62f5b959f27bb76233,1289407028.0
commons-vfs,13948103899001ce8a5c62bd06f13b582bfe4035,1289406569.0
commons-vfs,eb1972e482070bc23fe675cc11fc8f2ce85700da,1289322230.0
commons-vfs,8f812ccb6eeafecb5cac96dfddd76cdbab9d7b51,1289180511.0
commons-vfs,412c53c6bc9d1a0a34444d79638601858f10710b,1289180313.0
commons-vfs,f6e7bb7075a69c02793b3d9b57139375cabe5b8d,1289180291.0
commons-vfs,b1ff564d4a62f2eba6f03bc6ac6291c48b11786a,1289179595.0
commons-vfs,0b3d9261fc1af6257ff770ac0bd8774211446b16,1289174855.0
commons-vfs,7b7c5eaaeefc5ac931d725926ad2e27875a809e3,1289174838.0
commons-vfs,145d236ecc1fda82a32a44f209cce5b2e39d2c7f,1289172314.0
commons-vfs,6007fb22e41468b446b257bac13660cb2664e45a,1289171611.0
commons-vfs,1f930934933ce0da64f1ea78f6ec4bd1bdb878e6,1289171524.0
commons-vfs,beeb70c8eb3f94fdd111cab8143edb824462e18a,1289163269.0
commons-vfs,137fd53562c0859b2d4ffc56f2117c84f8fa51c0,1289161094.0
commons-vfs,86d07099553bb3f8eb8d907b7d50d9faf40b4ae3,1289161070.0
commons-vfs,b87ba478a390a8dadd681bda54d0e2e21811cb1f,1289158617.0
commons-vfs,62653b9101f80a2e6832ca5fb6830b7750612313,1288724471.0
commons-vfs,5dc348c29371be6517be6ad10044755d2062012e,1288708248.0
commons-vfs,ba7e414ebe6d2e9039201ec55c897871ddd2fe0e,1288706622.0
commons-vfs,169834089c1ce41bebee2c9696122bcf3ca09644,1288672401.0
commons-vfs,b8b8fe3f01257e6738c94390450203fccaa74ee8,1288640814.0
commons-vfs,201262015f8697ee6cfa08f85442700ffa4d7456,1262462549.0
commons-vfs,e289a536e3ba5a37116d47474f75b6445d1d4109,1257529025.0
commons-vfs,15fe9a9eb6966237dc42dac1223ac0689fd13495,1250597048.0
commons-vfs,527e61a62509259f5f232162719985a7e43468b7,1250494729.0
commons-vfs,8c690b0ad261a878f0d3b3d7b08444978d5560f3,1250409735.0
commons-vfs,c8e203b3650a0c8d5a2eeed3f1aeceb98be17c94,1250388752.0
commons-vfs,74907279bff32e210cc1870f081bb9240bcd8ad9,1250265412.0
commons-vfs,17dcffaee50485131da1e045f74d25741d045cdf,1249547351.0
commons-vfs,5622e3b551f907100995de30bb4350f97064d90f,1244474711.0
commons-vfs,0874e439c254e22865162166b3fee0722788f7ac,1241882879.0
commons-vfs,4b1f710ae10bb4ced8e9d068d6b2365c2147dbcb,1240380152.0
commons-vfs,e2f1604cedef626835fc7ab1c282005cb2874d25,1237308585.0
commons-vfs,b9938e323d0fbc9bfb3b5a25746a7c741ed19a94,1237306012.0
commons-vfs,7582917b49add6265465930d40b033121253ad47,1235889902.0
commons-vfs,242f9d1cbd463d7ec12356db9bc14d4fd3bccf11,1234111052.0
commons-vfs,470f5b639066d437bb1c899a2f8bddc4e6ee960f,1231571242.0
commons-vfs,507d9d2061d4ea8c4ed4c26a5aad4f18aa493e67,1231334928.0
commons-vfs,ebefe8ac1af81c8415e76304779171e9c91af80e,1182930233.0
commons-vfs,3a8b3576eabfde2f2f862da6be9ba240accd2016,1163676622.0
commons-vfs,a224eb6a5ec13b0376058b118c9683be87506a27,1163322552.0
commons-vfs,aad3450ec9a4db5c76ce3014ce02697f7243c2c5,1163198404.0
commons-vfs,9573cf208c73ce4c21a8d5fa4ecac2c38a70bd17,1159897674.0
commons-vfs,b4f618ceb729b993dfea5bc4163727af3ffd8d28,1154004397.0
commons-vfs,842c75bbbb8478bdfbcad0348b21dab5ec5a9f76,1153492925.0
commons-vfs,be0a1927a4cdd6b1a2560a3310a470ebf90217bf,1151316871.0
commons-vfs,e04c5845ac3b0d69cad3e749ccc28bdccafbced1,1149232544.0
commons-vfs,24e8b99fa1773f06dfb5ac7964224007cffcafd9,1146062735.0
commons-vfs,0ad02e21961446751a96ee7f1b6a1dc2da6e317b,1146061174.0
commons-vfs,447d546d88147baf2eb188e109b13b6b1b6f68e9,1143613793.0
commons-vfs,a1316c799e971d7c8db1a1f032a1b756ad81aa35,1132096004.0
commons-vfs,b279f677f4356b548392488e2be8355e0afda851,1130998764.0
commons-vfs,feba55b38ebc0f939cac4fad45ffe802647e6f86,1130958213.0
commons-vfs,0421de0aa53e8a3f8b3da1a075782c133a23d0f6,1130078391.0
commons-vfs,9306f3047857b3219ccfde47d2d300b9835a2ee4,1126284160.0
commons-vfs,1ccef6b7131b12d09c53b5437617e43065462117,1126032670.0
commons-vfs,a770b737a2f95442ef96ccae362df87f319f1fac,1125990631.0
commons-vfs,232668be7901352b9ecb2f681cb5353255ce79de,1125914141.0
commons-vfs,5029fce4c50765535b8a25b01b289064837f00d4,1125914078.0
commons-vfs,b53662db63b5090ccba8b92a2bda9dfd0df49284,1125671891.0
commons-vfs,a97f775c5771c00d42cf5db70475a471d3619055,1124344655.0
commons-vfs,993494f11df223915fa16fc5c719a2fd9dedea6c,1123912315.0
commons-vfs,25aa5ec442366666e245127417a0b1d14a6bd9c9,1123227796.0
commons-vfs,67d0b8000d312a492ea73cc196649ca9922fe537,1120677877.0
commons-vfs,2e0c82394534856da49b57f1136f9ba77b52f97c,1120154592.0
commons-vfs,eccfd71193c1c28586cb4ccf5bace83a9bfe24b0,1120051467.0
commons-vfs,513fc549aa948f324bfa0ead7b6e0fd2f15421b5,1119552121.0
commons-vfs,c5451d949d67c415863565dcb56a6b2608a3aad0,1119470383.0
commons-vfs,dbbab3b5febe421564cfa81798a71339e1eed51a,1117709995.0
commons-vfs,41a2df84d023415d6c767dbe636372f6c54bec9f,1117693390.0
commons-vfs,bd6efd6f97ecfcdb0532a647329c84aca5a4698c,1115930111.0
commons-vfs,477c02fe6fe7390ccf1ad3fbf3619c939cdde484,1115928546.0
commons-vfs,1d728a687538303b05fb269e4592b6f9fafd8683,1108581931.0
commons-vfs,d52af416a388e4ce8eb47b729ce1c462d6a11c9d,1097586983.0
commons-vfs,ae791f1270f5cde27d9c9ab58f01f57c5a5c6fc7,1091731197.0
commons-vfs,b7a00939b4583ea6b1893d094fb27bfd04d64900,1087500340.0
commons-vfs,25d39f56acb487207d6a783199239539f2798a23,1085429408.0
commons-vfs,0773ec6c8f2282aebfc1d45e12ca183d62330eca,1085257924.0
commons-vfs,0da079616dbd021da7f6a2e7bd1f8e96283f54b1,1084816595.0
commons-vfs,60350c54ec1dfc27816b7bf62e3cecf74b1b8ade,1084816388.0
commons-vfs,fe36678abe315b45f03ff9b1aeace1b273134a0f,1084612511.0
commons-vfs,dca0217e9cc2c82360bea8f912eeb2ef9169aa64,1083435269.0
commons-vfs,3eac41a0135246657e0121b5056b8f60fbe22feb,1078297535.0
commons-vfs,40aaee4ede9908b39fbef1b6fe61b0fe1ace8650,1072482666.0
commons-vfs,f3332eb6faa3747d5344f0806e046f8b38ab7540,1072481703.0
commons-vfs,11e4560df5ae9036accaebecf427c8caea88d7d8,1070240528.0
commons-vfs,44886b80060debe2a1373d33acf144dfebe9b00a,1056798993.0
commons-vfs,db36a0df9853868ae68cfe3c7f84bdd7faf38f6a,1047891980.0
commons-vfs,c0c4ba80eb6df4c787454976741f9e7bf4ea5006,1046070953.0
commons-vfs,f6f9be5dacbb76199d1f9f7bfadb357b549b2cf9,1045704873.0
commons-vfs,e15b646fe2161040b15d23be1858a6e5e7ac1751,1043296545.0
commons-vfs,11dd92b8e97c1066af1220d04ffff06c76e19e50,1043193504.0
commons-vfs,f09cf877cc06408f1104fb8db5da83efba2be711,1043193084.0
commons-vfs,7b38e1dcf0f35fd4dec3bdb54c91758c36262cec,1043117097.0
commons-vfs,4c892105cc8e156ec7f38919001d8885d04ec7ad,1038202725.0
commons-vfs,d3a428d94e3fa0ca220cbf47f7bc350af803bef3,1038009718.0
commons-vfs,586a4c298869b36935f7990c3cde4fefbab1b39d,1036120858.0
commons-vfs,4dafb43dff43dc35fc69e0ee887893d2303af53b,1035378550.0
commons-vfs,c6a9858c454a409cf7fd833f84b953ca6d42b2e7,1035287491.0
commons-vfs,ddeae60cbba0895248225ffc6fa3541309d0946c,1035168761.0
commons-vfs,e28106eaf46a3364fd1be450efc80977a31a7db7,1035161259.0
commons-vfs,7ab4c9449c188702c46409e8d77a1d5f087bf854,1029913213.0
commons-vfs,d3f66d4612ce69dfa074b63eb53660d7db8d0f39,1029894045.0
commons-vfs,06b8631ddbb9d7cb18df26982f0d41f6324208b7,1026901424.0
giraph,36ea4c00124e0a44cc32c9c2d11ff3f77a2da541,1539901311.0
giraph,843cd6eea60431ae527164f8fe9b0e054c7f9157,1537563762.0
giraph,e354e067ea6b5d099db609aff76a199a81e92d12,1490931810.0
giraph,8cb309da868afdc03f0dbddbdd18bbc0a6a1eb90,1485545646.0
giraph,f892342140c4dd4e852eebf3279723fe6ef6519c,1479153539.0
giraph,b2c982294b90f03d507e3078b0b3bf0a359a29c6,1475705158.0
giraph,d3c8c564ceef470411821b5a6c82db17782ea3b2,1469035236.0
giraph,daf6bd54af7149e06961607f36e3034aec1e70ef,1468888204.0
giraph,07dfe0f23c3aabdb4dd47d2a7a26bbd75934da5f,1468445882.0
giraph,8a2ec5ebd9afa8a299cfdd5d3cd359898346588a,1468433148.0
giraph,b0262f8c81c352c0cf3ac11e1e98646aa9587944,1468348418.0
giraph,fd61fdad30c073f5b2576d1dc65452c5e4dac657,1461948449.0
giraph,fafecee712bc9b2ce8ef081d8170cdf99c48288b,1458063620.0
giraph,f183402ea3aa777fd7fe822eb794837a8e0b3478,1441753529.0
giraph,6cb6acb44a1cff4136125faf763e67525ea696b1,1436989702.0
giraph,1a4756b66bbd219943dce80a95dd46f44f46cbeb,1436204393.0
giraph,ffed230ba8958ba3bc27310b71b0c6df589c3e63,1434671542.0
giraph,bad44d4723e42dd74e0052378d32faa463842d2e,1417464070.0
giraph,39237cf7fbf0742a8d7200db4039e5b43a58eca8,1414533368.0
giraph,d32c429a1d475b322b3fe44738f0cc8f30a97b48,1413823855.0
giraph,da3c7b2d648fa270b997e514933dfc081ae7810b,1412296643.0
giraph,d455270e2a8d5ec34d63d20ccb0f99d3629efa5e,1407185211.0
giraph,24309fea666a7c82b79e17395523ad1b8ee87528,1406938559.0
giraph,b218d72cedc52467e691c6002e596e482d8583e4,1403144192.0
giraph,17fac729227197a3577d2a1c179c6cc5368165d3,1393572729.0
giraph,a95066cd06bdf4ed238e0bef304f28856817d9c9,1374219553.0
giraph,185b9ffc8621f4b47944d6c93b94fbdbb7c5af2e,1365569467.0
giraph,0e0414784b2ecd7b63dced8cf69aa0854106116d,1364581674.0
giraph,1d9c7d3144d33c6248ae2cb4ec7d6f6349241e6b,1363062600.0
giraph,89258478e6bff13c0915ab17bc9c8a0d6c2fef98,1352760248.0
giraph,ae6bc82c39e137df78a9bfdaee2bc28e46ea5dd7,1348219309.0
giraph,fb6987035225208e79345c6b3f338b6190964348,1345061252.0
giraph,568d82fa900790aac68d39858b6c3c46d6143b4f,1344504308.0
giraph,1c89d3ec1bd15f095186fcdd1382c6226c275149,1344300441.0
giraph,27c3bfb325d7ca7da89aef1a11a3f4803b85f3cd,1336591633.0
giraph,dfc210bf549d618124d4b9195bf7de37c4533c78,1315507639.0
giraph,759c1532dc7d4180fc136678f68a5953c89d04ed,1313188042.0
giraph,231c5a3c24c37ba90935a66c194643afc94e3ac8,1312872731.0
giraph,13e034ddc9180974eb96e9c312afbaee7a24c6eb,1312417801.0
giraph,b46a71ae5c6fa016a2cef9cb72bc0b13607e6f9e,1312406392.0
giraph,d3a3745435c0157f6dc4ea5f49b3300d2829dacd,1312316935.0
giraph,8cf047c71ebbf2bd72c324b2733f3ec8e7e77d9c,1311297727.0
giraph,7fc6783ee689472a614df5b354b9494559a93a36,1311290808.0
giraph,bdf0ca1e0b7aa48234dcd0241ba95036030a5d0c,1311211224.0
giraph,5041f04409079e8823313eb885139edfcdae21ae,1311191543.0
giraph,9112ab1c1c8a1fa4a5896e341b6a9a119383d5c2,1311031872.0
giraph,54f4654a8298aae874044c94ecb1db5e800720e9,1310514531.0
giraph,9341781624ac9adda74d5bb9a6d2a4ddf58a2730,1310415588.0
giraph,0085f978d15b2cce81a1bc95ac8b8977375d9239,1310371047.0
giraph,828c61581c9f63529664ae4648948d786e52c79a,1310369756.0
giraph,4c3842bc6a4f383683f792e9b1148f42bb7fc41d,1309888870.0
giraph,d25497a3612c07ac0b355d30f0f663535dde2a96,1309888213.0
giraph,0990ee01b83a71cf07232d704d8d7bb9f29f1a73,1309883730.0
giraph,692341d8ae8142302acd0c7315794ace4a659e08,1309711966.0
giraph,2b3ed7f36ec79aa70637737cb84edb0ceb21710a,1309662169.0
giraph,959be9fa510a390e177442f647f80c83d82e6ada,1309333617.0
giraph,092fba02e06639507e420af7481ffd0ba92a5d7d,1309328850.0
giraph,40169f816c5671850cac535d71b0c8e849d5d2c9,1309322243.0
giraph,594798dc176216f10fc08aa21b324e08027bd56f,1309311957.0
giraph,135aaa6fdf968827e72e95ddaaf47e128b2ccba4,1309247013.0
giraph,767ef9c1d9c4c3e3806674ea24e1cfa92e9a02cf,1309243124.0
giraph,3023be9d79b40f0e1cd1c59bab5128f989f49c6a,1309242491.0
giraph,d2e6f8b61fd410227e50f8ba98d7633e780b943b,1308262427.0
giraph,52ffec9114f264da2f9a04e20a948cfe59577f0a,1308123094.0
giraph,298302e63283c77a99803de0971a50fd6286ddf7,1306877563.0
giraph,64d1772115943514281c3a1460c329b0ae03b37e,1306191639.0
giraph,cfe104b77430640cea5eadd0f5561ee4fdc80fe5,1306190893.0
giraph,0b2ae8ac61188435d68defd2df2e85f15b87e12a,1306183407.0
giraph,02712b5c5313b244d633b245a86db86396a20921,1306183222.0
giraph,cf8218adfd75ec77f3c503a89a723c5e1b8060e2,1306182891.0
giraph,7a9158c416ede7ee7fe8fe0ae1feeb9203f16204,1306182022.0
giraph,5292c383572442f772705ccb47a40f9c1e132061,1305929255.0
giraph,7029c40c451c0a44ac25375c1027f3517555baef,1305704859.0
giraph,3645af5c33ee74588ba395c0de76a0633d7505c4,1305658262.0
giraph,fb921be550516573b79da5c57d559d08800d354f,1305157496.0
giraph,ef7865d50d28487172e4357531dee1b8ef9641f6,1301181704.0
giraph,ae04021c1c7c173e85e009e425556b63023290d4,1300485290.0
giraph,083662a120778820dca5d6f7c30a514c080b3dd1,1300474583.0
giraph,a3c275fc6d299f7f03b4615877ac1b43a1e0b6ce,1300219291.0
giraph,467358e8f191748521c6c4057874c06d2253fdd0,1300132492.0
giraph,73614f3091fad6fa7a90ed3d81d2116b18207a63,1298439090.0
giraph,277d8be7087ee7c889c562d832eeb6e82ed479f3,1298428111.0
giraph,78b69b7284d01b158ba115d17ac619349e662eee,1297895743.0
giraph,bf5d00836e1926eac6b052cc785455e6612ba9ac,1297886651.0
giraph,599eb6e7924947bf4a51e30b74d339ae4cf6bf4d,1297884495.0
giraph,c1337f2fac308ac34e2cd9bf9f776b927a10db71,1297731472.0
giraph,6046590933f7484ebc79be98ebfb4f0a5243f14d,1297119603.0
giraph,33ebdedd889667cbbeec6bcab8072f1babd3b53d,1297118315.0
giraph,7aa3db4f2c0faf87acac71b984ece2bfcce85cc8,1296510329.0
giraph,fb284bb86acac6b467a0094a55c88e248980d0e3,1296447134.0
giraph,b1c245e36b797d6d3d515a46fdc5101e8ef806dd,1296429285.0
giraph,7a287df9212439f896cafc8cf48e5692ab1ec191,1296086242.0
giraph,2ee8562cda6ecf832424075444ef375ebee9c8e1,1296086057.0
giraph,2a378903d878eaa0d7b1253f285decd9aacde071,1296005829.0
giraph,e0e3bd77e65f653d6392b682a622d05a3a9f1b4f,1295908212.0
giraph,7f19e47843d43aabd192683269b1d066784e907b,1295891178.0
giraph,66b98781a2bf48ec6c71cf9e880531698fb4e540,1295844745.0
giraph,3659e9ab52b7f6470830d07c535a025837e0e7ac,1295396069.0
giraph,53526155e5995dfc023cc791935071af3c112a6f,1294714803.0
giraph,c51001b0afd2764a9d08638f1f801f3ac7553bf9,1293165853.0
giraph,e08b8f97d3776f8c80ed3efdd8062b09fc50b5f2,1293145336.0
giraph,5b03ce3abefe99f7e2d8533fc4fa5134080ef1e7,1293137344.0
giraph,7c162fff0837d77c9f981be0f10c8e15551e5dbd,1293134053.0
giraph,a8c64fe62b8e4ae1f9393c9f66789eac6ea8ab56,1292974243.0
giraph,2932af3b95acfee04e04befbf137983af22344a5,1292896764.0
giraph,9249661c91077205bdc2dc7808df9ea10b97b889,1292281060.0
giraph,51499677db577eadf772dfcbe994913a19096105,1291774697.0
giraph,07048640b08c4655cb3d3e94a246fc770a9f8440,1291433795.0
giraph,29b4f4d5d4173ab0288e42b6dd5a06a2392d486e,1291420818.0
giraph,ef1f504ac1d53746f8abaf1ce7b3e53b022e9863,1291410555.0
giraph,6a88ba8bcf988f4ed3b26eece530bf24ce82e751,1291247104.0
giraph,b391321fbb36f60b37fb4821d9548d23d2cedcd0,1291152621.0
giraph,6383eaf79b511997acdc1ba69119b9c90156a7db,1291149806.0
giraph,4f92d5e097ae75da60b7e96695fb92438d4c0717,1290536677.0
giraph,1f19e8c99625f5326197032444dcbbcfd394d758,1290459547.0
giraph,9de7ce118f3ac0de74799018f23ee69aaa1422f7,1290386590.0
giraph,edec3a8a77bc39d1d364a22eb45e0c21e952a5fe,1289871907.0
giraph,6b653c71f2fc8e408edeca4e9081df3fb7463329,1288387216.0
gora,e6e6c2d91e0e8b6549b5eda8973e5f3c150a7774,1554059349.0
gora,9b4f29d41a71f58e2a0a31d03f1bb8117a9e8d60,1553437431.0
gora,6e552cf090053ecbb1ab4251528754373d0dd511,1553175908.0
gora,6a8f225173324e4bf593b3ec2bd60015e80d3f08,1552862106.0
gora,fb4b3552a497ea082cec27c69512e7f91dbca619,1525635026.0
gora,5578e731d97d974902d923da646650228a2a1446,1525370773.0
gora,3dada3ae68d58491197deb8a3c1cc3f5504a48f8,1525290502.0
gora,8d99c0554f4dcd620489eefd7963bce4d0a89dab,1525153773.0
gora,6d40006563f96442c039b9541355e3c18390ddab,1522879130.0
gora,eb4937418e700af5f8518f66e3d29bfc4d110798,1521921226.0
gora,e66d8cd80c0fd29925050aec9ff96095617dd076,1515663620.0
gora,1d5ce0051975f0aca46258ba1efe714768589b2d,1506051263.0
gora,31af406eb992beebcb8c0f6908df8031ef179aeb,1503329146.0
gora,683d902dc66c21b2353292880a00e0e149e548d4,1503242449.0
gora,bebc7a8a524e19739f6128437bab06212a35e75b,1503239547.0
gora,0de528effcfa595ff9f9c5cb3d0c7eaf18392554,1502619763.0
gora,99894b82ae77290ff43d84eeffe638c3ed55d2d9,1501213157.0
gora,7a56d2484badfbceff130dab0c128f1a581827c0,1501179652.0
gora,c5352b0e077ad1bebe6f3536e7fd1efe2fef5cfa,1501178821.0
gora,9c384099633c80249316af35922c99a70cbbc5be,1501116778.0
gora,c72f418ec98b259673c695ed60fa7290708a1d55,1498482354.0
gora,05b791a62c03a35bdfbf156f795ff00edc61e4a1,1498159621.0
gora,c506f44f53f474b0ed7f1ffad47d087dace680a1,1496074855.0
gora,b9b91ae68d5ecc7a94d9aa14f3a93bb892c5da38,1495974986.0
gora,e6eab433cf5584bac1f418dbc0caa5427408a209,1495393490.0
gora,976a5c1db12d61ac2345f5aa6afcda8c1f3f4ed8,1494440066.0
gora,b0cd1950c978181890213e1c85e437e44421405e,1487757194.0
gora,76c86b960ea4e4d40e49b9c48fe865ca8e826e8e,1487255312.0
gora,5664dc6791d97116f7613e9bb8407583b411b457,1487255080.0
gora,33bab4a3e4711028adc30766b0cc797dab4604ba,1485585840.0
gora,ac6c42b37385fd05fa9776e53d6de41320a202c4,1474216272.0
gora,e943b5a036644c850227d8de8d665eed45510f59,1472351043.0
gora,498c783eb56b2ba3476f4e93f2f27149b63f6e41,1472328847.0
gora,2a3ecfbc951e3d2032b2df7e9fb9198a3ae8ebf7,1472315849.0
gora,6406e124a1d1361629b5265c611e5a4504ffbb02,1471976315.0
gora,d6c820b227ee1eea298126414e2e133096f7698a,1463642194.0
gora,2f065e8669fb8699b6a08c157fb9ffc2c3254130,1471248833.0
gora,ee6b6c058efc7194610f3b5b3e7b7d17564ff324,1471204242.0
gora,ed80810818c47d67668f26f3469e90ac10c97bb2,1470943818.0
gora,f5a6d842d45bb592153b616085634b8fa3664d2d,1463827085.0
gora,8a7101781ea18d8e3ca2a8e37978110337fe2373,1463584485.0
gora,049555130980de6663674923968795de99edfe1c,1462813466.0
gora,b0d69051961c797200ec92b37a1557f1be1c2c58,1461852938.0
gora,b7fb9eea768a6daac93d1835726c737153f45ef4,1461590518.0
gora,d46a96f4125cc0abf024226d7f43e6a6e614a1ec,1456705815.0
gora,4f98503c014c359b6ab018f43920d454b0344160,1454570431.0
gora,b79fc898f83994ebf61a2065a69055d0513bbdb5,1446692695.0
gora,7cf4ec1d5f0ec50bb205d7fd786cfa9062aa9d8f,1441374809.0
gora,5389d0b335f078a57bc2d6c7f51f57a0e6def65d,1441369873.0
gora,d5023d5e998a1aa883a0faf778438d3db22b06b8,1441280490.0
gora,2df96a1db3908539321d61971ab581e21fcf16e9,1440704428.0
gora,e817a7f0eeb2efb98937efb92701705ec80891b9,1440253917.0
gora,445edb12c35f867e7b81919ddfb509dd8c179ba3,1435534001.0
gora,bb09d8916736e3e572eef2cb5e79fe11c80ad1de,1433968394.0
gora,b90f5c88c4c91f6f3d1f9d2abd1bcb0dce128d03,1411926136.0
gora,d48708eca5035fb576983e99e13f89045c1006b6,1411607720.0
gora,89c025d2f9e4ba19378eb15537104c8775bf2474,1407285704.0
gora,d61a1735e3fdaeff00c4ecad85905e335651bafa,1404061196.0
gora,7eb27927f2fdfdf2b6fb997f56297823f9920860,1400968566.0
gora,17cbe64a3d3a2baee11c4a051fca6f56d242b49d,1387157532.0
gora,5594f27bf034e6eeb4961ca8a694e10328f2be20,1377037407.0
gora,0b00d1e50c6a796fd3f9d1e58740ca12ef9bfabb,1375742237.0
gora,f1917c4293090a208b55072e17634bbf83892542,1374258970.0
gora,3a36e94a1b46b86a20dd1b6bab5f143bccedd6e9,1374258970.0
gora,8a9ea8ebc323c7351319dbd0dc3456384097b403,1373655596.0
gora,ebed85fe78156be2d21596c9c0e6fbbddf2d54f2,1364582098.0
gora,e7bb428cfa979ad49f355f8bc85ba98b50eb34f3,1364582098.0
gora,f8e78a238106d57d12c687c21aff35615db2b1e0,1364576893.0
gora,f03c7fc7305c40c5fe91360a3ec0535fd37a7c2d,1364576893.0
gora,fbef7c92d61673aaf70090e622b1c71d0bf64ff3,1356648894.0
gora,ad8af60311592ad36256ea4746b3b7d81f2ca3c9,1356648894.0
gora,44ff082465653250edae51964e8372210cb9327b,1342767612.0
gora,36dfd5b95a854d36845621fd8f98228ab8d18064,1342767612.0
gora,08d2d760ca0995da8b55c448a660cfc403c6ff8a,1342763626.0
gora,83487fe9ae50303258038b2c8b4a4ddb5ed56c25,1342763626.0
gora,3a2d7f0eb6561c557fc512932643458af4c7343a,1342763291.0
gora,b4be1b3811786a7cba1be1d370989afc03078286,1342763291.0
gora,085c000ad03cc988cd8c26c68dcb8d115d6887ed,1342625286.0
gora,6962d3fc7ad347f791497543ff9776d2eb68f752,1342625286.0
gora,c52078487987b6191eda45ae00187452190107a4,1342198335.0
gora,f979d9db1051b2ff055f3bb2df4567663575e04e,1342198335.0
gora,519e3b2cc60d26c4371ee76a917da521bb6f84db,1341839465.0
gora,f545363eb34a5e007d7f18490987e1a5e8a6b4b8,1341839465.0
gora,76294f7cdbdd7e00b294d009d8f5e0b3a1218c76,1325697806.0
gora,4207ddd67b427e308d75cdef250c1a28237125e9,1289195492.0
opennlp,bc6032121f27c3c7d4ace97615162546aa202dda,1485111656.0
opennlp,7d1123a9cccaf3c22e0c2b3428c45728c3c2387e,1482161315.0
opennlp,92e541c93ea3b709de470df9d3c38c6acfa83387,1478543174.0
opennlp,426944c524a7b9e0d4bd6c1c6b73fc893057c7de,1477601896.0
opennlp,131c9ee378df0ae9b9913ca67837101a410043de,1477599306.0
opennlp,6072a303bb94e3827253076fa41eab1402230960,1477593226.0
opennlp,627bce60263992cea28d5e19192ffe44c1dc26bb,1476913930.0
opennlp,d1fab8cd4215ddf65ce98ef6aae2bc06720be742,1468005534.0
opennlp,3ceb5540ced842875c010bb81169afcb544f203e,1467949934.0
opennlp,2a2d83840cb4bbf360a3f70be308ffa231f06919,1461746105.0
opennlp,cd7bcd1992342a187af0f2958fc32d4bc097a826,1446647664.0
opennlp,ce40dc79f59688d738c04e9079bf0e36ad258375,1438158361.0
opennlp,072f72a58c628f1033b1d2335ba3ad4d141a1e2d,1432820571.0
opennlp,4130591c2d36a03f541bca22e97eacbfb5e4f581,1422658815.0
opennlp,c0c2dd5cea98bd0343e45e3de226cfd498d772d3,1422529918.0
opennlp,321f19d89724cd17a8f3ca07c00373297dd65de5,1414451585.0
opennlp,0b03dcf4725e47e11b80bd4333cfb02ffad89f91,1414052491.0
opennlp,12b7ccc61c3e24854c39d41d85736e951b17d86b,1413491631.0
opennlp,e3821676546611aab36cb96eeac13708785c6eed,1412944887.0
opennlp,f25896558d8c9dd5b1c001b98f499339bf896c37,1412785351.0
opennlp,9b59f153072a9eb330b67b125de9cc55a6a8ff74,1407210415.0
opennlp,412d32a088437ef74936ae815295d495ab557860,1397666380.0
opennlp,94d3499ded2bbd451be8adec6cc2bb2513a955e0,1396604187.0
opennlp,328a3c3dbb130cd476c3fb9c0f725fe266292426,1396514723.0
opennlp,567ac1d16dc139aa27c2521bb8cba4a33eaa2b62,1395800695.0
opennlp,112d32ee8ac7db428dca0a967d54b1944ba83297,1394486966.0
opennlp,5428488dfd3dd5dae9250dca54e137cdda3e0636,1393599351.0
opennlp,eb8e0ac8a0b360b0ce5da49f7d5b00fa893aa476,1393590330.0
opennlp,f9602f568f623fa916f9841a20398676d1130692,1393490941.0
opennlp,1f55a4888bca3ef8fd5b8cf1fd5cb35813ebbce5,1393232313.0
opennlp,a1526a93b98d89b3577d1382ce80438b29416922,1391518250.0
opennlp,b49830a947b33ad1212e0f0f7a14e9ab765e63e2,1391128311.0
opennlp,c36bc9806d643d86402f495da7fcc52cc7627248,1391091596.0
opennlp,4ad7f875461d5f1b4a3b98ba85f8c0ddb9818a4d,1390824362.0
opennlp,b85aff7a2560ad9702dccfefcaf8834e67db60c7,1390735806.0
opennlp,7197b5c68d36f1bdd2d926dadf2f774656d64f58,1390566683.0
opennlp,c5494d9b2bad7aebf031f316a9708c9ed8d9febe,1382034040.0
opennlp,d46c62141af8a3cde57aee746be62901944f40d9,1381008053.0
opennlp,a508aea2c9ada099cc5f5caee9aca9f7d51d41b1,1379346081.0
opennlp,d28ea74b86b2df6d117401bcfdc7eca9c2726b6e,1379344818.0
opennlp,fbbc592f9237fd34b9660b55aaada6670e4c887a,1379328906.0
opennlp,2c0ea7ccec9a12438b4f18635f1462fcf51bfa84,1379003467.0
opennlp,21294f94c250ff29389975860fb1bac6db60d6af,1349361714.0
opennlp,7671cc478ca624900f5ff1739c435a4fa7ee7e1f,1336396122.0
opennlp,a959ea2e8db907313de5e5d51e891468d6a7a0bf,1336394726.0
opennlp,d84ceaa606198c0883d2c1ba74f1c84b7d770e43,1336390114.0
opennlp,d26f73260d0229e69293d88bf0cb9686a33120a6,1336383610.0
opennlp,5a602634c3a5a8a99ed8f9f2ee30edfbceb11fd4,1336383521.0
opennlp,83c2b313b771ea28a24e465535fcb5c2efe41f07,1335269447.0
opennlp,9fea3631df4fef62856718d84dad3be9fa8dd371,1333547456.0
opennlp,a4b8d09065dbd47a363460df677dd86345be3882,1333464398.0
opennlp,9dc11bb9e24c0aedc758c28f79d9bb0df9c1df12,1333441857.0
opennlp,33775ece5edb7e3792872ce0199988aec3521fd2,1333441596.0
opennlp,1c49731dc3a32828b4a91a2e387310191fcac7c1,1332748107.0
opennlp,273c850db5c80cf96301dff33bb7bcf9f26e8f51,1331823321.0
opennlp,d256c648b54f30d85e8073224a1e443af628e19a,1329752953.0
opennlp,cf96535806c9fd6ed6f048b865ead9dbc184d4ce,1328694710.0
opennlp,be2f3a79087baeeca48e28515adf5dcae1fd4ec0,1322647180.0
opennlp,08be2c3fff394561e07181a340c0de34fcab0392,1321961003.0
opennlp,41e3094efe5e90b03e429b63883d3f245bab5554,1320828936.0
opennlp,6ab3d3eb322c8a134aad347b7eeac1659d02ce8e,1320691705.0
opennlp,e0c62b2a3409cee1f463706cbe7db7edf667efe5,1320691585.0
opennlp,ffa9307d9f7e2cc080921c539c1b37c4b6593464,1320107948.0
opennlp,db1b3f66fca5249c2baa7e4aad9c3000e84439a4,1317212938.0
opennlp,6a51e7fc2cfd9f4e0a8e3591bbf586da2bee42cc,1315473368.0
opennlp,7fbb65dee198f7e777b338cbc7e5acb83d172190,1314550764.0
opennlp,e8748c59ff068f605be9e1c205ca2fa1232a4325,1314181051.0
opennlp,1e1c1118c52a870d74a96abe6f2bf7e64bf5e19c,1314074235.0
opennlp,29b9d37f2fef9e23a6da1fe1a16deb3ee5a37fae,1313816890.0
opennlp,38cb92e4ca97b912424d44f48a82ee60bf03ef1a,1313717426.0
opennlp,8f9ff7f6df2cde103445b9c7df37a754dcdf7033,1313599080.0
opennlp,cd3bd12e4b544e178a1191865573f8cf28a338b3,1308915308.0
opennlp,da6c2090d86aaf9484de6d7ebf2b4c380340b569,1306853988.0
opennlp,08a21a7b0085c1c03e28621dd8fdbe929b034e2b,1306315880.0
opennlp,968f5c67fced4bb91bce14976783edba7771eb8f,1306249184.0
opennlp,bc03462787825d956204fff6d56a5c8a9e9838f6,1306243902.0
opennlp,4f12bc9512155a94e0503a0309f523d433da323e,1306142801.0
opennlp,250d26588132895285f27df31cf1ec8d7840dbe9,1305888163.0
opennlp,da3bc9faef80e45273992c4c6ac3abc04503cf13,1302752316.0
opennlp,77611e5e80319a48e957f75f22050b40f27eab0a,1302025857.0
opennlp,d274f42c5a77011be9c01874bc6efd438cf59010,1301581267.0
opennlp,efee85ae8aa91536ac650ba816d3edcc8bd8e7e1,1295997798.0
opennlp,531d06b7bda233e093ee7d3bcac135f6ee30ab4f,1294424181.0
parquet-mr,e6da0f682436e1387ad68e86edf7418c0f7cb368,1475698900.0
parquet-mr,3f36b7b50bdda3eeca632ad5440bb82b8e34cb40,1440103976.0
parquet-mr,77826fda8751bd5c0acbca5d0c3887e9a6b10f65,1426195513.0
parquet-mr,b7a82a918f0a595a96047f7eef2672fd95d5626c,1418335287.0
parquet-mr,f8b06df7a56f92f4bc7dd564ad7ec026e3b4f3da,1409783820.0
parquet-mr,4a07b3f545aaf60f0b1d6bba91ee22d214dfaff8,1406122175.0
parquet-mr,4ad7303dc25c998fbb23dacb5bcf950f89ef6a6f,1405033728.0
parquet-mr,4fee0a7cb53e37d6866f5dc52c51b09ccea330a9,1400713395.0
parquet-mr,7e4346b2120d13a958aa93df26dfc265a8756b2b,1400706249.0
parquet-mr,8091a1b511aa66ff3775644a757bd30a8c869faf,1400653893.0
parquet-mr,24076a4a44ab08534e4528ff4b08e8eec60ddcb7,1400627727.0
parquet-mr,70bb0ea0009f25f7ff432c177f94aa40dbd0ebe4,1400286241.0
parquet-mr,041146e6b0eb0dca699cf66991a19d3991bfe3e6,1399856119.0
parquet-mr,0189ff1757a3b3f0c9c268ed68cee6387d3e5187,1397861086.0
parquet-mr,9ef22e630907eeb85600ab3ef53257fb575a0f8e,1397498268.0
parquet-mr,a1d7260a4ace24a8d6f514149271ad998019eb5e,1397251954.0
parquet-mr,9a38aecccf96ceee20779d838aa395262270ea36,1398811965.0
parquet-mr,dd8c32a41670e831a09558bf3f2697f54fb5fcfa,1397780770.0
parquet-mr,3321b67329a895171d47e321279901d0dc346aad,1397758341.0
parquet-mr,3fad81609562f2819639f4fdb02d6d6481a7165b,1397602826.0
parquet-mr,110fe216e493ebe52eea32275a7fc0896552ab3c,1397598055.0
parquet-mr,6417baede9f9e9b4cb711d7120ee31499a19b5ea,1397176523.0
parquet-mr,67c1e11364455dfa8b48dcc013398657d080376e,1397093755.0
parquet-mr,16d38e2d32f1d09bd10a8455bdcf11905f8cdd72,1396898965.0
parquet-mr,30810ff61f5bd033b0bf90bbccd574c331b62d2f,1396653997.0
parquet-mr,9899e5ba66d3c9d0a8611b9dc914ed79ca7d70f0,1395337300.0
parquet-mr,603c0dc927c2b1aa46dba6675b24a375cfb3fc1c,1393356101.0
parquet-mr,a5d2de14fda5215cece2b25ab2dd1e73396ec25e,1393270658.0
parquet-mr,2403257ff4c412465e4bfc4af5f0e745b5d96565,1392400265.0
parquet-mr,d7c7395b44144d05ff4dcb464bdcc4e90056c3c6,1392397725.0
parquet-mr,6b2eef9d99600f4fc48a9ba40e15fea3e5e748ad,1392397623.0
parquet-mr,ed08077daa9c780a8dfea360a638bcab50269bbc,1392835223.0
parquet-mr,712e6d796c41a44a751dcf441f0db4dae87eb693,1392753241.0
parquet-mr,555837ad2df87cf19d269919e6dbb809c3b060bb,1390390574.0
parquet-mr,808de5d963b4186d69b2ae39c00ed5f5bb08b2cc,1390390574.0
parquet-mr,1be4d6c9ac35c133d5e257839c65aa83155a4455,1392101386.0
parquet-mr,aadaae5be5d207f73b54b89e11d73ea06fa45171,1391531298.0
parquet-mr,f2f8e42e95f4d1851f5bcc6dc82e03a159f8abd1,1387217081.0
parquet-mr,8ecb0b22d80cae8f962b0de573fd276bbcac3385,1391104157.0
parquet-mr,40f9b24c036733e2d02afcb1b8c78c3feb28a5f9,1389161178.0
parquet-mr,46b1ad00a8169943d9d8b4096cdd21260a55b73a,1389159944.0
parquet-mr,09914752a40cc7f950695b66395d1fe783a97224,1389037274.0
parquet-mr,b9e272aecbcbfb500245720eec41566fd918a18a,1388116770.0
parquet-mr,96f230019ae8e91f0eacf1490481a73161b4d8a2,1388071331.0
parquet-mr,5051acc8d2ba103a7b544383f275c18ad913df7f,1387578803.0
parquet-mr,ea9fd2049243400cd8b75943b3fda56a95295367,1387277668.0
parquet-mr,e29c2dfa1b92c4daacf242f7003ca5e0bd583aad,1387219800.0
parquet-mr,564f370e84e3ac920a5f5d2bb160293d64609e73,1387142824.0
parquet-mr,a39ad4cdf231adaf7ce18c10bce406eea529fc16,1386358687.0
parquet-mr,92a47b2d9eb76ca3ee0756a934e807b8aa72b49a,1386343083.0
parquet-mr,407a52d538c31f65e3ba313c1d7be4fb5f9831b8,1386198034.0
parquet-mr,b297c73c1082728ad9626d17ce0f7abe6abaa36b,1386100495.0
parquet-mr,f18bc49046d51e1700d419e401ad49093322771d,1385507415.0
parquet-mr,6b5d2d1399c62c5d58436befd72a09491e29904b,1384983036.0
parquet-mr,8af5a22fd64699fe6c7063870a82704c81dd8bff,1384392775.0
parquet-mr,402e96dfb58077cdf3e6bf2e496bdca6bad11743,1384033436.0
parquet-mr,7427a895ef33a8b8703e8c7af9a17ffb15fe2bb2,1383343817.0
parquet-mr,d33aa40c7e9e9f577bfe05f0a15eb9687ad22cba,1383254003.0
parquet-mr,1afdf14faa875b268aca616e323957040a9695f8,1383174385.0
parquet-mr,be6a4aeed809a0a78cbf0c156ace3ed8c1a12af9,1383083811.0
parquet-mr,11f30faffbc095068d23e8173fb3387e99b1a341,1383080332.0
parquet-mr,3b63d13250862534a1ae6532750e3a343987ce36,1382632962.0
parquet-mr,943591829c87898788558ec323a38c6946b7eb6e,1382547596.0
parquet-mr,0a76cc29b703fc95949736910a5a63ce9c1c0814,1382117812.0
parquet-mr,4bdaec06595f35d4b7bb4c1baf35ca0d16b25619,1381417057.0
parquet-mr,256a3a1eb328e6f02eebc82eb37d91ad69e475d5,1381879037.0
parquet-mr,73c86295a70e6ce98ed22ab213aafb105365e475,1381790602.0
parquet-mr,763dfde36cd67c9f539cbd0db54b4dcdf3d15b77,1380731311.0
parquet-mr,0a36e35cf6c52a9e79fdfbbb8584a8adc3a17b6c,1381166240.0
parquet-mr,cfd63fd61cb8b05a61b65fbd8021f19d6d19a493,1380849830.0
parquet-mr,b3b0bbb67490d9a2a15c5307fec60c831e94de60,1380823550.0
parquet-mr,2ed9b5037a1a4b9e5ad704d9d0b5c783b9882ec1,1380761635.0
parquet-mr,6f0f23627674edcef5cd4d816dbe2816a5ce0edf,1380757284.0
parquet-mr,64b2f7268878cc19d246383f62900c8c2a275e27,1380755446.0
parquet-mr,bd311f54b0c7b043a4164413e35d014e3cc41683,1380754337.0
parquet-mr,d24f4a7add1855675a3c2d19f7c9ab435ccfb028,1380748662.0
parquet-mr,9aad6416a4c7448727bcb71db739d7a1bc8a392f,1380663764.0
parquet-mr,753473cdc63a4105e0f74cd8b747a1a705710dff,1380661653.0
parquet-mr,49f3ad17a066dde80e9d7f84fc859a1afb791c02,1380144118.0
parquet-mr,a79eab750d002eb91efbe4cc02abb009b9db1ee9,1380106719.0
parquet-mr,1b326b7fee6616cb63016dbce2a07daf2b0213b1,1379935741.0
parquet-mr,3b7359b347edb1d3ed780e7872f6bdf3efc2e2c7,1379914170.0
parquet-mr,e6fab0681a31aa60af07136aba65b3e69c8f45e3,1379723617.0
parquet-mr,e37cd2b70fcc8471451f134e37d2b25a5b36464f,1379652150.0
parquet-mr,cc59cb82675499870e9b0433c350f01a3522c2c9,1379638467.0
parquet-mr,6da759455251c47813202cfac29056a8e3f6e834,1379635634.0
parquet-mr,310e55170d1cea2846fcdc5ecd56c394b70c799c,1379614201.0
parquet-mr,a48f56f85ab758796ba072b8140fed6f712dd8fb,1379597033.0
parquet-mr,8305bdb1937a24bc7e778ec497ceafb8b883be42,1379584884.0
parquet-mr,562e8111552be8fbbe701c02dddfa3a3496a5f47,1379528019.0
parquet-mr,08b45b0c1c5a8b7766544ba01dd9861d8b0fbfb4,1379499248.0
parquet-mr,4f1493b0aa663111871404b026064ea35a5234e2,1379466270.0
parquet-mr,f8ac0f01deb15cf7b54ec9355dd57f6b96471b0d,1379454069.0
parquet-mr,4e82ab632d39b236d302ff4283cae0a94f7cdbc0,1379415586.0
parquet-mr,b11e2a005014ecd827855dde9ce4d50b1f58aa4b,1379383338.0
parquet-mr,b4c45d3a5fa2972a0fbb214179350c55a7051927,1379352719.0
parquet-mr,3803d2d478ef73e1bccc2d887daad4b30647d854,1379335629.0
parquet-mr,e2d3bb299a29b7df44cef06a555bd1e5c5b775f5,1379097188.0
parquet-mr,5ca767137557e8a54040f35481a3041245783417,1378862830.0
parquet-mr,d7b00834098a7f3b705656e9c0e12b077084e8c0,1378854734.0
parquet-mr,073e20295c0620c3cb7374bc822c267e34296300,1378852944.0
parquet-mr,8aadc0ac6ef8e229baee584385002c488c042207,1378848339.0
parquet-mr,b4a8eb1e95ca30db1c14eb17e08bf2ca8fd200cf,1378837531.0
parquet-mr,6f374b74e3766da468e1b481247070cd7c7593d1,1378836886.0
parquet-mr,b3efce20048307c7b7dd6aec2dcb08529c62320f,1378775387.0
parquet-mr,47116ad7ac86c001c2e68bca0e3f75f51488c462,1378767318.0
parquet-mr,12d1ac423bc3ae4b8270c4732601262f5296c553,1378765850.0
parquet-mr,e5cb3c8fec0991942a12d3d97ef9e60329a5eba3,1378741045.0
parquet-mr,147a3f023f68a321dad8fb55bc8b09d4f9b088ae,1378693591.0
parquet-mr,7387a615dd3b9ae89a63e052f11e36e91244728e,1378693318.0
parquet-mr,60a3468f8266eeca965c4dd3906afca7f3001300,1378581579.0
parquet-mr,0cedaf25e758c223ad54429c1e7bc991eb846c0a,1378515119.0
parquet-mr,50feb3363f202dabde35e749367e00348b3af3ee,1378458579.0
parquet-mr,d20e5f2c01cd770babbca030f9bec5b2549c78b2,1378328608.0
parquet-mr,30359b46fd6873defd71d5d3a224cb8675b67339,1377818364.0
parquet-mr,69ef1f447b4fbebcc528eab9cb782272eff9cb30,1377712347.0
parquet-mr,91c17112f18ecae914c7f670439a81dcd4041456,1377712279.0
parquet-mr,e5b767ab75e8cb09fe18d2e83d061a0a285f54c8,1376991167.0
parquet-mr,fb670693ff737e2914f47943181f97ad11a12d5f,1376939332.0
parquet-mr,42ad7014390491ace28ac2fc3a36ed6959ee4dbc,1376930776.0
parquet-mr,3bebb9a160a3e181445f425a0b04f01f7818c649,1376687040.0
parquet-mr,f8e2658581d8291281969aac53793b921ba49476,1376673289.0
parquet-mr,9394c097b9c19070fffd8143dcdcb4c60765be2d,1376607347.0
parquet-mr,43ad5e5257e03e8fb6ad738d61bf1e4ae132b6fc,1376593479.0
parquet-mr,af45d9cc20d31f5fd103dac3de8b850d00b18f17,1376527296.0
parquet-mr,28da58cd571f5c23397f3865333c24d434e7aa89,1375841760.0
parquet-mr,a9e2c7d5fc862fe422624e29b7bcb6a8dafdb2da,1375943628.0
parquet-mr,1fc0698ed64514c9e30de7892c3a1d142f3f5469,1375834485.0
parquet-mr,a54414c908d68125994c9d3199f95000dc53db02,1375915308.0
parquet-mr,86ae4f87c4254a74006f807aed8199d3138cc4ad,1375913568.0
parquet-mr,7a4b5626cbdfad9b4429e47fc4b6da37516a09b9,1374806852.0
parquet-mr,4bc24334231a0565fcd6bc1126c6f1f7e16c3f3f,1374776517.0
parquet-mr,0ec089dcaa6246e08b069a1770484e52b1e05357,1371550735.0
parquet-mr,bb6e2ff89644690e363a31078e94b17e76b590a9,1371546919.0
parquet-mr,543cdc2c1027a858f6d431293a496014adf53bbe,1371477215.0
parquet-mr,3ee49a5e6c52b374431dfdeeb7b01546625bbfdd,1370968450.0
parquet-mr,174c26ae4648ca2554942008905c303be851d5b3,1370873205.0
parquet-mr,cee774c357a4af5f404249eaf1681efa0f5e085e,1370865588.0
parquet-mr,cc6754ceb89421859afa0e9ab8e7bc9d9ad7dd10,1370607322.0
parquet-mr,41981533138c845508fe05253f81c78d90083b03,1370359560.0
parquet-mr,6c219a5f1c5a18f1d7391db20245a1981c5587c6,1366734317.0
parquet-mr,f7d098778fbb7b484e1f0c20f14b2260ec625a72,1374302747.0
parquet-mr,02d5ed256de093ccd8a6c3705dfae6cff9ae22c6,1374085493.0
parquet-mr,39217427aefa710e4543cd6e5310b84d14246453,1373933390.0
parquet-mr,5214a653c0aad2bd2dea023a2aaf9b5fc1295bc3,1373584159.0
parquet-mr,4de27444249d45f9fd4e57297f04025b66609ea1,1373565240.0
parquet-mr,806b548153532021d80de45741e51e0d2622f3e3,1373421536.0
parquet-mr,992a47e512a077ac95fcb265e7ee05236a788f6e,1372869099.0
parquet-mr,efc59829cfbf19de248c9fdadb39486382c2a457,1372814768.0
parquet-mr,94afb195dfae10fc40699f3c0efc31bb8f23f51a,1372805593.0
parquet-mr,1d7a5c33c935710ac8e5fa722d77e23fe55d5c5e,1372637165.0
parquet-mr,7b742900d565271408c87df6b995d9157b9c4354,1372456517.0
parquet-mr,8285b62ceafe3fe096ebe1836142445acf0a9586,1371993192.0
parquet-mr,f3ed65beddc41314fc19fa2a237d3379d1bdf557,1371940320.0
parquet-mr,6e6516622b26450d2030442c9a794e3d021e262f,1370511760.0
parquet-mr,7cf85cb4e0ea7d25223b9a2773c7a8d629830ea5,1370383720.0
parquet-mr,63ed7191384053817b91910a428a028fe1ad0336,1370033403.0
parquet-mr,05f103b33abc8c8191a2aeb59f688ddd5c41d319,1368941081.0
parquet-mr,c7ebfbb14a1147b8c34d176821000140d2ec8bfc,1367433340.0
parquet-mr,88690f97f3aba9112b25337512d1e82e9034793d,1367427513.0
parquet-mr,634cb777c22ee7d4b03b3c35c85f3d198e7c1691,1367334488.0
parquet-mr,74157a052de90b429000a16809db73f1edaa82b1,1367236227.0
parquet-mr,5e82439eb8f99d20a5bbc55fdeaa0840b0cac90f,1367191206.0
parquet-mr,d3c1a34f3297146695c6cf30a67e56e8b8fbdbc7,1366796361.0
parquet-mr,64c45cbe585d6be1fdc0c4f87e4ac977b5df5eb7,1366630257.0
parquet-mr,58d8c52e91ae45252e388747f0bf17ebc859930e,1366196635.0
parquet-mr,e47f3b13a69672bebecb6928360dcd38aa8657b6,1366195925.0
parquet-mr,61d5170844aaf611555a0dd63c5e24af08acf1c8,1366415278.0
parquet-mr,b0e9609e4850fcf8e0e79a427aa0f079aaf04b10,1366133466.0
parquet-mr,08c8f82011925d3ba083f8b23b8f1c0af29c0d7e,1365460610.0
parquet-mr,827a5bc4a7a00c624dd6062804ae7f4f42be16a8,1365002468.0
parquet-mr,8246e0bbb229f54bf8fcb03f6133d7c5f8f4036c,1364495173.0
parquet-mr,1b2694e462abaff27a134a2ebaed837f8a306aef,1364433415.0
parquet-mr,cf5ba492d2c4acc00305c880dddc661909e66ff4,1364432941.0
parquet-mr,071b8f4626f125c81a01a5c07111d4d52102dbdf,1363716896.0
parquet-mr,4828f1dcf1dc1fa2d1b33617469885acf632af69,1363620836.0
parquet-mr,e93e35cfe4e102b9b98deb171065509fe6668ba9,1363379205.0
parquet-mr,65364a46bc72bb99fbdc4f19cb51a0db2ab8030e,1363284738.0
parquet-mr,de8bc0d11b0834aca31f65159c641e4051844ac1,1363148358.0
parquet-mr,5a52fe124ab877876f5c884ee295d14d6573bd7d,1362794203.0
parquet-mr,6e33c3d317965c8a26a98b79e6595a6b2062beb4,1362782112.0
parquet-mr,668d74df8addad24ad0bd2e53a23a4ad07e5ad47,1362704107.0
parquet-mr,5daf06892b533a06fa0d80c83006f84b74e429f8,1362619756.0
parquet-mr,b9463550d01f4b0118f725ed957e6e4354b0e4ba,1362612727.0
parquet-mr,25b755958b1906dd3d4f6767a2008d8566746062,1362423725.0
parquet-mr,af20471a423684375533774320b874a49195d4f8,1362184366.0
parquet-mr,a62af63205961bffb3d9559454b9c289808333e6,1361319630.0
parquet-mr,372b9f3e6a61054528393bb4c4e7630fb17abeab,1360887859.0
parquet-mr,4b060586ee79815e4cec5923ec211db9dda3e8bb,1360859184.0
parquet-mr,d8a18ce3cf48509ffda49f4838603037118894ba,1360722294.0
parquet-mr,18d5082bb927a3f55717a2ffeafa304e0d921386,1360630743.0
parquet-mr,867e24b84c57f768949aa385553c76f442993dda,1360368369.0
parquet-mr,8ec8a9dae12484273453a57defba7cac80b82f58,1360019968.0
parquet-mr,f25dfdcc0302f29349e6ad85ea4341320268b86d,1360003705.0
parquet-mr,e5dec2bf0ca372aa7d4053482cf29c79ed23df7e,1357717715.0
parquet-mr,faf756e88f6faef5526f8b2bf736ec0ba8d0b488,1357588272.0
parquet-mr,e186b7dcde95264a2dfdd2b179a23e1e2e4861f5,1354296057.0
parquet-mr,c73105c4c37bef5618c255b5988ebc29166c7737,1353537235.0
parquet-mr,48ef66b4dfbdae93218f3886894f3ce4ccb7fc99,1353536720.0
parquet-mr,bce0f0d01c5ca92ac1f76d741e60701ef87bb12d,1353532772.0
parquet-mr,bdc5a6e184f02ae130bbd345e8fd69b287a42957,1353525224.0
parquet-mr,1a0284da7ab5fb84644d4066b376bec6f3f582bc,1351814236.0
parquet-mr,da419bfe8ddb40261da15a88d5dad6520ed91ec2,1351552754.0
parquet-mr,e12b27f08595a0696ac182a81623c78fd8deb8d7,1351122433.0
parquet-mr,00257682aed55ab3ba05ee798cf38b56d51ecf62,1350018437.0
parquet-mr,cf5ba988c56a2b5166dfeaf13743b9a99fb4a552,1348851191.0
parquet-mr,f689f90b485b23c0cc5076088093ec6977358d09,1347635448.0
parquet-mr,c4109e21cac4743062f15d800dbec8366201e98b,1347635378.0
